ISO-10303-21;
HEADER;
/* Generated by software containing ST-Developer
 * from STEP Tools, Inc. (www.steptools.com) 
 */

FILE_DESCRIPTION(
/* description */ (''),
/* implementation_level */ '2;1');

FILE_NAME(
/* name */ 'Base_addon1.step',
/* time_stamp */ '2025-11-07T15:07:11+08:00',
/* author */ (''),
/* organization */ (''),
/* preprocessor_version */ 'ST-DEVELOPER v20.1',
/* originating_system */ 'Autodesk Translation Framework v14.17.0.0',
/* authorisation */ '');

FILE_SCHEMA (('AUTOMOTIVE_DESIGN { 1 0 10303 214 3 1 1 }'));
ENDSEC;

DATA;
#10=MECHANICAL_DESIGN_GEOMETRIC_PRESENTATION_REPRESENTATION('',(#13),#7519);
#11=SHAPE_REPRESENTATION_RELATIONSHIP('SRR','None',#7526,#12);
#12=ADVANCED_BREP_SHAPE_REPRESENTATION('',(#14),#7518);
#13=STYLED_ITEM('',(#7535),#14);
#14=MANIFOLD_SOLID_BREP('Body1',#2089);
#15=SPHERICAL_SURFACE('',#2242,1.);
#16=SPHERICAL_SURFACE('',#2244,1.);
#17=TOROIDAL_SURFACE('',#2160,4.,1.);
#18=TOROIDAL_SURFACE('',#2170,24.,1.);
#19=TOROIDAL_SURFACE('',#2235,24.,1.);
#20=FACE_BOUND('',#451,.T.);
#21=FACE_BOUND('',#452,.T.);
#22=FACE_BOUND('',#453,.T.);
#23=FACE_BOUND('',#454,.T.);
#24=FACE_BOUND('',#498,.T.);
#25=FACE_BOUND('',#499,.T.);
#26=FACE_BOUND('',#500,.T.);
#27=FACE_BOUND('',#501,.T.);
#28=FACE_BOUND('',#502,.T.);
#29=PLANE('',#2121);
#30=PLANE('',#2144);
#31=PLANE('',#2147);
#32=PLANE('',#2150);
#33=PLANE('',#2153);
#34=PLANE('',#2165);
#35=PLANE('',#2181);
#36=PLANE('',#2183);
#37=PLANE('',#2192);
#38=PLANE('',#2193);
#39=PLANE('',#2196);
#40=PLANE('',#2199);
#41=PLANE('',#2200);
#42=PLANE('',#2206);
#43=PLANE('',#2225);
#44=PLANE('',#2228);
#45=PLANE('',#2230);
#46=PLANE('',#2246);
#47=PLANE('',#2262);
#48=PLANE('',#2265);
#49=PLANE('',#2269);
#50=PLANE('',#2272);
#51=PLANE('',#2273);
#52=CYLINDRICAL_SURFACE('',#2117,4.37193635082777);
#53=CYLINDRICAL_SURFACE('',#2142,10.);
#54=CYLINDRICAL_SURFACE('',#2145,10.);
#55=CYLINDRICAL_SURFACE('',#2148,10.);
#56=CYLINDRICAL_SURFACE('',#2151,10.);
#57=CYLINDRICAL_SURFACE('',#2156,1.);
#58=CYLINDRICAL_SURFACE('',#2159,1.);
#59=CYLINDRICAL_SURFACE('',#2163,1.);
#60=CYLINDRICAL_SURFACE('',#2164,5.);
#61=CYLINDRICAL_SURFACE('',#2168,1.);
#62=CYLINDRICAL_SURFACE('',#2169,1.);
#63=CYLINDRICAL_SURFACE('',#2174,1.);
#64=CYLINDRICAL_SURFACE('',#2175,1.);
#65=CYLINDRICAL_SURFACE('',#2176,23.);
#66=CYLINDRICAL_SURFACE('',#2180,5.);
#67=CYLINDRICAL_SURFACE('',#2182,5.);
#68=CYLINDRICAL_SURFACE('',#2184,1.5);
#69=CYLINDRICAL_SURFACE('',#2186,1.5);
#70=CYLINDRICAL_SURFACE('',#2188,1.5);
#71=CYLINDRICAL_SURFACE('',#2190,1.5);
#72=CYLINDRICAL_SURFACE('',#2194,2.);
#73=CYLINDRICAL_SURFACE('',#2197,20.);
#74=CYLINDRICAL_SURFACE('',#2204,2.);
#75=CYLINDRICAL_SURFACE('',#2211,1.);
#76=CYLINDRICAL_SURFACE('',#2216,1.);
#77=CYLINDRICAL_SURFACE('',#2219,1.);
#78=CYLINDRICAL_SURFACE('',#2224,1.);
#79=CYLINDRICAL_SURFACE('',#2226,1.99999999999998);
#80=CYLINDRICAL_SURFACE('',#2229,2.);
#81=CYLINDRICAL_SURFACE('',#2233,1.);
#82=CYLINDRICAL_SURFACE('',#2250,1.);
#83=CYLINDRICAL_SURFACE('',#2254,1.);
#84=CYLINDRICAL_SURFACE('',#2259,1.);
#85=CYLINDRICAL_SURFACE('',#2263,2.);
#86=CYLINDRICAL_SURFACE('',#2266,2.);
#87=CYLINDRICAL_SURFACE('',#2267,2.);
#88=CYLINDRICAL_SURFACE('',#2270,20.);
#89=LINE('',#5087,#194);
#90=LINE('',#5109,#195);
#91=LINE('',#5158,#196);
#92=LINE('',#5175,#197);
#93=LINE('',#5183,#198);
#94=LINE('',#5187,#199);
#95=LINE('',#5191,#200);
#96=LINE('',#5195,#201);
#97=LINE('',#5197,#202);
#98=LINE('',#5205,#203);
#99=LINE('',#5209,#204);
#100=LINE('',#5226,#205);
#101=LINE('',#5229,#206);
#102=LINE('',#5251,#207);
#103=LINE('',#5255,#208);
#104=LINE('',#5258,#209);
#105=LINE('',#5269,#210);
#106=LINE('',#5272,#211);
#107=LINE('',#5279,#212);
#108=LINE('',#5282,#213);
#109=LINE('',#5285,#214);
#110=LINE('',#5288,#215);
#111=LINE('',#5289,#216);
#112=LINE('',#5292,#217);
#113=LINE('',#5296,#218);
#114=LINE('',#5297,#219);
#115=LINE('',#5300,#220);
#116=LINE('',#5303,#221);
#117=LINE('',#5353,#222);
#118=LINE('',#5354,#223);
#119=LINE('',#5404,#224);
#120=LINE('',#5405,#225);
#121=LINE('',#5410,#226);
#122=LINE('',#5411,#227);
#123=LINE('',#5770,#228);
#124=LINE('',#5771,#229);
#125=LINE('',#5773,#230);
#126=LINE('',#5774,#231);
#127=LINE('',#5810,#232);
#128=LINE('',#5811,#233);
#129=LINE('',#5813,#234);
#130=LINE('',#5814,#235);
#131=LINE('',#5817,#236);
#132=LINE('',#5834,#237);
#133=LINE('',#5888,#238);
#134=LINE('',#5892,#239);
#135=LINE('',#5896,#240);
#136=LINE('',#5900,#241);
#137=LINE('',#5904,#242);
#138=LINE('',#5905,#243);
#139=LINE('',#5963,#244);
#140=LINE('',#5969,#245);
#141=LINE('',#5972,#246);
#142=LINE('',#5974,#247);
#143=LINE('',#5975,#248);
#144=LINE('',#5978,#249);
#145=LINE('',#5982,#250);
#146=LINE('',#5984,#251);
#147=LINE('',#5991,#252);
#148=LINE('',#5998,#253);
#149=LINE('',#6000,#254);
#150=LINE('',#6001,#255);
#151=LINE('',#6004,#256);
#152=LINE('',#6008,#257);
#153=LINE('',#6010,#258);
#154=LINE('',#6011,#259);
#155=LINE('',#6024,#260);
#156=LINE('',#6028,#261);
#157=LINE('',#6064,#262);
#158=LINE('',#6065,#263);
#159=LINE('',#6068,#264);
#160=LINE('',#6070,#265);
#161=LINE('',#6072,#266);
#162=LINE('',#6073,#267);
#163=LINE('',#6099,#268);
#164=LINE('',#6124,#269);
#165=LINE('',#6125,#270);
#166=LINE('',#6269,#271);
#167=LINE('',#6270,#272);
#168=LINE('',#6286,#273);
#169=LINE('',#6287,#274);
#170=LINE('',#6290,#275);
#171=LINE('',#6292,#276);
#172=LINE('',#6293,#277);
#173=LINE('',#6296,#278);
#174=LINE('',#6299,#279);
#175=LINE('',#6300,#280);
#176=LINE('',#6404,#281);
#177=LINE('',#6548,#282);
#178=LINE('',#6672,#283);
#179=LINE('',#6688,#284);
#180=LINE('',#6707,#285);
#181=LINE('',#6708,#286);
#182=LINE('',#6916,#287);
#183=LINE('',#6922,#288);
#184=LINE('',#7183,#289);
#185=LINE('',#7274,#290);
#186=LINE('',#7278,#291);
#187=LINE('',#7279,#292);
#188=LINE('',#7321,#293);
#189=LINE('',#7322,#294);
#190=LINE('',#7366,#295);
#191=LINE('',#7474,#296);
#192=LINE('',#7513,#297);
#193=LINE('',#7514,#298);
#194=VECTOR('',#2304,10.);
#195=VECTOR('',#2305,10.);
#196=VECTOR('',#2306,10.);
#197=VECTOR('',#2307,10.);
#198=VECTOR('',#2318,10.);
#199=VECTOR('',#2321,10.);
#200=VECTOR('',#2324,10.);
#201=VECTOR('',#2327,10.);
#202=VECTOR('',#2328,10.);
#203=VECTOR('',#2335,10.);
#204=VECTOR('',#2338,10.);
#205=VECTOR('',#2347,10.);
#206=VECTOR('',#2350,10.);
#207=VECTOR('',#2355,10.);
#208=VECTOR('',#2358,10.);
#209=VECTOR('',#2361,10.);
#210=VECTOR('',#2372,10.);
#211=VECTOR('',#2375,10.);
#212=VECTOR('',#2378,10.);
#213=VECTOR('',#2381,10.);
#214=VECTOR('',#2384,10.);
#215=VECTOR('',#2387,10.);
#216=VECTOR('',#2388,10.);
#217=VECTOR('',#2391,10.);
#218=VECTOR('',#2396,10.);
#219=VECTOR('',#2397,10.);
#220=VECTOR('',#2400,10.);
#221=VECTOR('',#2405,10.);
#222=VECTOR('',#2412,10.);
#223=VECTOR('',#2413,10.);
#224=VECTOR('',#2420,10.);
#225=VECTOR('',#2421,10.);
#226=VECTOR('',#2430,10.);
#227=VECTOR('',#2431,10.);
#228=VECTOR('',#2442,10.);
#229=VECTOR('',#2443,10.);
#230=VECTOR('',#2446,10.);
#231=VECTOR('',#2447,10.);
#232=VECTOR('',#2458,10.);
#233=VECTOR('',#2459,10.);
#234=VECTOR('',#2462,10.);
#235=VECTOR('',#2463,10.);
#236=VECTOR('',#2466,10.);
#237=VECTOR('',#2473,10.);
#238=VECTOR('',#2484,1.5);
#239=VECTOR('',#2489,1.5);
#240=VECTOR('',#2494,1.5);
#241=VECTOR('',#2499,1.5);
#242=VECTOR('',#2504,10.);
#243=VECTOR('',#2505,10.);
#244=VECTOR('',#2506,10.);
#245=VECTOR('',#2507,10.);
#246=VECTOR('',#2510,10.);
#247=VECTOR('',#2511,10.);
#248=VECTOR('',#2512,10.);
#249=VECTOR('',#2515,10.);
#250=VECTOR('',#2520,10.);
#251=VECTOR('',#2521,10.);
#252=VECTOR('',#2522,10.);
#253=VECTOR('',#2523,10.);
#254=VECTOR('',#2524,2.);
#255=VECTOR('',#2525,10.);
#256=VECTOR('',#2528,10.);
#257=VECTOR('',#2533,10.);
#258=VECTOR('',#2534,10.);
#259=VECTOR('',#2535,10.);
#260=VECTOR('',#2538,10.);
#261=VECTOR('',#2541,10.);
#262=VECTOR('',#2550,2.);
#263=VECTOR('',#2551,2.);
#264=VECTOR('',#2554,10.);
#265=VECTOR('',#2555,10.);
#266=VECTOR('',#2556,10.);
#267=VECTOR('',#2557,10.);
#268=VECTOR('',#2570,10.);
#269=VECTOR('',#2581,10.);
#270=VECTOR('',#2582,10.);
#271=VECTOR('',#2589,10.);
#272=VECTOR('',#2590,10.);
#273=VECTOR('',#2599,10.);
#274=VECTOR('',#2600,10.);
#275=VECTOR('',#2603,10.);
#276=VECTOR('',#2604,10.);
#277=VECTOR('',#2605,10.);
#278=VECTOR('',#2608,10.);
#279=VECTOR('',#2613,10.);
#280=VECTOR('',#2614,10.);
#281=VECTOR('',#2627,10.);
#282=VECTOR('',#2650,10.);
#283=VECTOR('',#2663,10.);
#284=VECTOR('',#2672,10.);
#285=VECTOR('',#2683,10.);
#286=VECTOR('',#2684,10.);
#287=VECTOR('',#2689,10.);
#288=VECTOR('',#2690,10.);
#289=VECTOR('',#2691,10.);
#290=VECTOR('',#2702,10.);
#291=VECTOR('',#2707,10.);
#292=VECTOR('',#2708,10.);
#293=VECTOR('',#2713,10.);
#294=VECTOR('',#2714,10.);
#295=VECTOR('',#2715,10.);
#296=VECTOR('',#2718,10.);
#297=VECTOR('',#2719,10.);
#298=VECTOR('',#2720,10.);
#299=(
BOUNDED_CURVE()
B_SPLINE_CURVE(5,(#5066,#5067,#5068,#5069,#5070,#5071,#5072,#5073,#5074,
#5075,#5076,#5077,#5078,#5079,#5080,#5081,#5082,#5083,#5084,#5085),
 .UNSPECIFIED.,.F.,.F.)
B_SPLINE_CURVE_WITH_KNOTS((6,1,1,1,1,1,1,1,1,1,1,1,1,1,1,6),(0.,0.0666666666666667,
0.133333333333333,0.2,0.266666666666667,0.333333333333333,0.4,0.466666666666667,
0.533333333333333,0.6,0.666666666666667,0.733333333333333,0.8,0.866666666666667,
0.933333333333333,1.),.UNSPECIFIED.)
CURVE()
GEOMETRIC_REPRESENTATION_ITEM()
RATIONAL_B_SPLINE_CURVE((1.,1.,1.,1.,1.,1.,1.,1.,1.,1.,1.,1.,1.,1.,1.,1.,
1.,1.,1.,1.))
REPRESENTATION_ITEM('')
);
#300=(
BOUNDED_CURVE()
B_SPLINE_CURVE(5,(#5089,#5090,#5091,#5092,#5093,#5094,#5095,#5096,#5097,
#5098,#5099,#5100,#5101,#5102,#5103,#5104,#5105,#5106,#5107,#5108),
 .UNSPECIFIED.,.F.,.F.)
B_SPLINE_CURVE_WITH_KNOTS((6,1,1,1,1,1,1,1,1,1,1,1,1,1,1,6),(-1.,-0.933333333333333,
-0.866666666666667,-0.8,-0.733333333333333,-0.666666666666667,-0.6,-0.533333333333333,
-0.466666666666667,-0.4,-0.333333333333333,-0.266666666666667,-0.2,-0.133333333333333,
-0.0666666666666667,0.),.UNSPECIFIED.)
CURVE()
GEOMETRIC_REPRESENTATION_ITEM()
RATIONAL_B_SPLINE_CURVE((1.,1.,1.,1.,1.,1.,1.,1.,1.,1.,1.,1.,1.,1.,1.,1.,
1.,1.,1.,1.))
REPRESENTATION_ITEM('')
);
#301=(
BOUNDED_CURVE()
B_SPLINE_CURVE(5,(#5142,#5143,#5144,#5145,#5146,#5147,#5148,#5149,#5150,
#5151,#5152,#5153,#5154,#5155,#5156),.UNSPECIFIED.,.F.,.F.)
B_SPLINE_CURVE_WITH_KNOTS((6,1,1,1,1,1,1,1,1,1,6),(-1.,-0.9,-0.8,-0.7,-0.6,
-0.5,-0.4,-0.3,-0.2,-0.1,0.),.UNSPECIFIED.)
CURVE()
GEOMETRIC_REPRESENTATION_ITEM()
RATIONAL_B_SPLINE_CURVE((1.,1.,1.,1.,1.,1.,1.,1.,1.,1.,1.,1.,1.,1.,1.))
REPRESENTATION_ITEM('')
);
#302=(
BOUNDED_CURVE()
B_SPLINE_CURVE(5,(#5160,#5161,#5162,#5163,#5164,#5165,#5166,#5167,#5168,
#5169,#5170,#5171,#5172,#5173,#5174),.UNSPECIFIED.,.F.,.F.)
B_SPLINE_CURVE_WITH_KNOTS((6,1,1,1,1,1,1,1,1,1,6),(0.,0.1,0.2,0.3,0.4,0.5,
0.6,0.7,0.8,0.9,1.),.UNSPECIFIED.)
CURVE()
GEOMETRIC_REPRESENTATION_ITEM()
RATIONAL_B_SPLINE_CURVE((1.,1.,1.,1.,1.,1.,1.,1.,1.,1.,1.,1.,1.,1.,1.))
REPRESENTATION_ITEM('')
);
#303=(
BOUNDED_CURVE()
B_SPLINE_CURVE(5,(#5865,#5866,#5867,#5868,#5869,#5870,#5871),
 .UNSPECIFIED.,.F.,.F.)
B_SPLINE_CURVE_WITH_KNOTS((6,1,6),(-1.,-0.9,-0.812261049599123),
 .UNSPECIFIED.)
CURVE()
GEOMETRIC_REPRESENTATION_ITEM()
RATIONAL_B_SPLINE_CURVE((1.,1.,1.,1.,1.,1.,1.))
REPRESENTATION_ITEM('')
);
#304=(
BOUNDED_CURVE()
B_SPLINE_CURVE(5,(#6014,#6015,#6016,#6017,#6018,#6019,#6020,#6021,#6022),
 .UNSPECIFIED.,.F.,.F.)
B_SPLINE_CURVE_WITH_KNOTS((6,1,1,1,6),(0.625687446808091,0.7,0.8,0.9,1.),
 .UNSPECIFIED.)
CURVE()
GEOMETRIC_REPRESENTATION_ITEM()
RATIONAL_B_SPLINE_CURVE((1.,1.,1.,1.,1.,1.,1.,1.,1.))
REPRESENTATION_ITEM('')
);
#305=(
BOUNDED_CURVE()
B_SPLINE_CURVE(5,(#7391,#7392,#7393,#7394,#7395,#7396,#7397,#7398,#7399,
#7400,#7401,#7402,#7403,#7404,#7405),.UNSPECIFIED.,.F.,.F.)
B_SPLINE_CURVE_WITH_KNOTS((6,1,1,1,1,1,1,1,1,1,6),(-1.,-0.9,-0.8,-0.7,-0.6,
-0.5,-0.4,-0.3,-0.2,-0.1,0.),.UNSPECIFIED.)
CURVE()
GEOMETRIC_REPRESENTATION_ITEM()
RATIONAL_B_SPLINE_CURVE((1.,1.,1.,1.,1.,1.,1.,1.,1.,1.,1.,1.,1.,1.,1.))
REPRESENTATION_ITEM('')
);
#306=(
BOUNDED_SURFACE()
B_SPLINE_SURFACE(5,1,((#5024,#5025),(#5026,#5027),(#5028,#5029),(#5030,
#5031),(#5032,#5033),(#5034,#5035),(#5036,#5037),(#5038,#5039),(#5040,#5041),
(#5042,#5043),(#5044,#5045),(#5046,#5047),(#5048,#5049),(#5050,#5051),(#5052,
#5053),(#5054,#5055),(#5056,#5057),(#5058,#5059),(#5060,#5061),(#5062,#5063)),
 .UNSPECIFIED.,.F.,.F.,.F.)
B_SPLINE_SURFACE_WITH_KNOTS((6,1,1,1,1,1,1,1,1,1,1,1,1,1,1,6),(2,2),(-1.,
-0.933333333333333,-0.866666666666667,-0.8,-0.733333333333333,-0.666666666666667,
-0.6,-0.533333333333333,-0.466666666666667,-0.4,-0.333333333333333,-0.266666666666667,
-0.2,-0.133333333333333,-0.0666666666666667,0.),(0.,1.4),.UNSPECIFIED.)
GEOMETRIC_REPRESENTATION_ITEM()
RATIONAL_B_SPLINE_SURFACE(((1.,1.),(1.,1.),(1.,1.),(1.,1.),(1.,1.),(1.,
1.),(1.,1.),(1.,1.),(1.,1.),(1.,1.),(1.,1.),(1.,1.),(1.,1.),(1.,1.),(1.,
1.),(1.,1.),(1.,1.),(1.,1.),(1.,1.),(1.,1.)))
REPRESENTATION_ITEM('')
SURFACE()
);
#307=(
BOUNDED_SURFACE()
B_SPLINE_SURFACE(5,1,((#5110,#5111),(#5112,#5113),(#5114,#5115),(#5116,
#5117),(#5118,#5119),(#5120,#5121),(#5122,#5123),(#5124,#5125),(#5126,#5127),
(#5128,#5129),(#5130,#5131),(#5132,#5133),(#5134,#5135),(#5136,#5137),(#5138,
#5139)),.UNSPECIFIED.,.F.,.F.,.F.)
B_SPLINE_SURFACE_WITH_KNOTS((6,1,1,1,1,1,1,1,1,1,6),(2,2),(0.,0.1,0.2,0.3,
0.4,0.5,0.6,0.7,0.8,0.9,1.),(0.,1.4),.UNSPECIFIED.)
GEOMETRIC_REPRESENTATION_ITEM()
RATIONAL_B_SPLINE_SURFACE(((1.,1.),(1.,1.),(1.,1.),(1.,1.),(1.,1.),(1.,
1.),(1.,1.),(1.,1.),(1.,1.),(1.,1.),(1.,1.),(1.,1.),(1.,1.),(1.,1.),(1.,
1.)))
REPRESENTATION_ITEM('')
SURFACE()
);
#308=(
BOUNDED_SURFACE()
B_SPLINE_SURFACE(5,1,((#5835,#5836),(#5837,#5838),(#5839,#5840),(#5841,
#5842),(#5843,#5844),(#5845,#5846),(#5847,#5848),(#5849,#5850),(#5851,#5852),
(#5853,#5854),(#5855,#5856),(#5857,#5858),(#5859,#5860),(#5861,#5862),(#5863,
#5864)),.UNSPECIFIED.,.F.,.F.,.F.)
B_SPLINE_SURFACE_WITH_KNOTS((6,1,1,1,1,1,1,1,1,1,6),(2,2),(-1.,-0.9,-0.8,
-0.7,-0.6,-0.5,-0.4,-0.3,-0.2,-0.1,0.),(0.,1.9),.UNSPECIFIED.)
GEOMETRIC_REPRESENTATION_ITEM()
RATIONAL_B_SPLINE_SURFACE(((1.,1.),(1.,1.),(1.,1.),(1.,1.),(1.,1.),(1.,
1.),(1.,1.),(1.,1.),(1.,1.),(1.,1.),(1.,1.),(1.,1.),(1.,1.),(1.,1.),(1.,
1.)))
REPRESENTATION_ITEM('')
SURFACE()
);
#309=(
BOUNDED_SURFACE()
B_SPLINE_SURFACE(2,2,((#6074,#6075,#6076,#6077,#6078),(#6079,#6080,#6081,
#6082,#6083),(#6084,#6085,#6086,#6087,#6088)),.UNSPECIFIED.,.F.,.F.,.F.)
B_SPLINE_SURFACE_WITH_KNOTS((3,3),(3,2,3),(-1.5707963267949,0.),(-0.139626340159622,
0.715584993317637,1.5707963267949),.UNSPECIFIED.)
GEOMETRIC_REPRESENTATION_ITEM()
RATIONAL_B_SPLINE_SURFACE(((1.,0.909961270876535,1.,0.909961270876535,1.),
(0.707106781186552,0.643439785253932,0.707106781186552,0.643439785253932,
0.707106781186552),(1.,0.909961270876535,1.,0.909961270876535,1.)))
REPRESENTATION_ITEM('')
SURFACE()
);
#310=(
BOUNDED_SURFACE()
B_SPLINE_SURFACE(2,2,((#6100,#6101,#6102,#6103,#6104),(#6105,#6106,#6107,
#6108,#6109),(#6110,#6111,#6112,#6113,#6114)),.UNSPECIFIED.,.F.,.F.,.F.)
B_SPLINE_SURFACE_WITH_KNOTS((3,3),(3,2,3),(-1.5707963267949,1.82076576038527E-13),
(-0.837060470858511,0.,0.837060470858511),.UNSPECIFIED.)
GEOMETRIC_REPRESENTATION_ITEM()
RATIONAL_B_SPLINE_SURFACE(((1.,0.913687265733002,1.,0.913687265733002,1.),
(0.707106781186458,0.646074461483519,0.707106781186458,0.646074461483519,
0.707106781186458),(1.,0.913687265733002,1.,0.913687265733002,1.)))
REPRESENTATION_ITEM('')
SURFACE()
);
#311=(
BOUNDED_SURFACE()
B_SPLINE_SURFACE(2,2,((#6271,#6272,#6273),(#6274,#6275,#6276),(#6277,#6278,
#6279)),.UNSPECIFIED.,.F.,.F.,.F.)
B_SPLINE_SURFACE_WITH_KNOTS((3,3),(3,3),(0.,1.5707963267949),(-3.00196631343018,
-1.5707963267949),.UNSPECIFIED.)
GEOMETRIC_REPRESENTATION_ITEM()
RATIONAL_B_SPLINE_SURFACE(((1.,0.754709580222794,1.),(0.707106781186545,
0.533660262001988,0.707106781186545),(1.,0.754709580222794,1.)))
REPRESENTATION_ITEM('')
SURFACE()
);
#312=(
BOUNDED_SURFACE()
B_SPLINE_SURFACE(2,2,((#6640,#6641,#6642),(#6643,#6644,#6645),(#6646,#6647,
#6648)),.UNSPECIFIED.,.F.,.F.,.F.)
B_SPLINE_SURFACE_WITH_KNOTS((3,3),(3,3),(-1.5707963267949,1.3766765505352E-13),
(2.72980136797054,3.14159265358979),.UNSPECIFIED.)
GEOMETRIC_REPRESENTATION_ITEM()
RATIONAL_B_SPLINE_SURFACE(((1.,0.97887826839123,1.),(0.707106781186486,
0.692171461535523,0.707106781186486),(1.,0.97887826839123,1.)))
REPRESENTATION_ITEM('')
SURFACE()
);
#313=(
BOUNDED_SURFACE()
B_SPLINE_SURFACE(2,2,((#6673,#6674,#6675),(#6676,#6677,#6678),(#6679,#6680,
#6681)),.UNSPECIFIED.,.F.,.F.,.F.)
B_SPLINE_SURFACE_WITH_KNOTS((3,3),(3,3),(-1.5707963267949,3.28626015289049E-13),
(-3.14159265358979,-1.5707963267949),.UNSPECIFIED.)
GEOMETRIC_REPRESENTATION_ITEM()
RATIONAL_B_SPLINE_SURFACE(((1.,0.707106781186548,1.),(0.707106781186423,
0.499999999999912,0.707106781186423),(1.,0.707106781186548,1.)))
REPRESENTATION_ITEM('')
SURFACE()
);
#314=(
BOUNDED_SURFACE()
B_SPLINE_SURFACE(2,2,((#6689,#6690,#6691),(#6692,#6693,#6694),(#6695,#6696,
#6697)),.UNSPECIFIED.,.F.,.F.,.F.)
B_SPLINE_SURFACE_WITH_KNOTS((3,3),(3,3),(-1.5707963267949,0.),(-1.5707963267949,
0.),.UNSPECIFIED.)
GEOMETRIC_REPRESENTATION_ITEM()
RATIONAL_B_SPLINE_SURFACE(((1.,0.707106781186548,1.),(0.707106781186552,
0.500000000000004,0.707106781186552),(1.,0.707106781186548,1.)))
REPRESENTATION_ITEM('')
SURFACE()
);
#315=(
BOUNDED_SURFACE()
B_SPLINE_SURFACE(5,1,((#7406,#7407),(#7408,#7409),(#7410,#7411),(#7412,
#7413),(#7414,#7415),(#7416,#7417),(#7418,#7419),(#7420,#7421),(#7422,#7423),
(#7424,#7425),(#7426,#7427),(#7428,#7429),(#7430,#7431),(#7432,#7433),(#7434,
#7435)),.UNSPECIFIED.,.F.,.F.,.F.)
B_SPLINE_SURFACE_WITH_KNOTS((6,1,1,1,1,1,1,1,1,1,6),(2,2),(-1.,-0.9,-0.8,
-0.7,-0.6,-0.5,-0.4,-0.3,-0.2,-0.1,0.),(0.,2.4),.UNSPECIFIED.)
GEOMETRIC_REPRESENTATION_ITEM()
RATIONAL_B_SPLINE_SURFACE(((1.,1.),(1.,1.),(1.,1.),(1.,1.),(1.,1.),(1.,
1.),(1.,1.),(1.,1.),(1.,1.),(1.,1.),(1.,1.),(1.,1.),(1.,1.),(1.,1.),(1.,
1.)))
REPRESENTATION_ITEM('')
SURFACE()
);
#316=FACE_OUTER_BOUND('',#433,.T.);
#317=FACE_OUTER_BOUND('',#434,.T.);
#318=FACE_OUTER_BOUND('',#435,.T.);
#319=FACE_OUTER_BOUND('',#436,.T.);
#320=FACE_OUTER_BOUND('',#437,.T.);
#321=FACE_OUTER_BOUND('',#438,.T.);
#322=FACE_OUTER_BOUND('',#439,.T.);
#323=FACE_OUTER_BOUND('',#440,.T.);
#324=FACE_OUTER_BOUND('',#441,.T.);
#325=FACE_OUTER_BOUND('',#442,.T.);
#326=FACE_OUTER_BOUND('',#443,.T.);
#327=FACE_OUTER_BOUND('',#444,.T.);
#328=FACE_OUTER_BOUND('',#445,.T.);
#329=FACE_OUTER_BOUND('',#446,.T.);
#330=FACE_OUTER_BOUND('',#447,.T.);
#331=FACE_OUTER_BOUND('',#448,.T.);
#332=FACE_OUTER_BOUND('',#449,.T.);
#333=FACE_OUTER_BOUND('',#450,.T.);
#334=FACE_OUTER_BOUND('',#455,.T.);
#335=FACE_OUTER_BOUND('',#456,.T.);
#336=FACE_OUTER_BOUND('',#457,.T.);
#337=FACE_OUTER_BOUND('',#458,.T.);
#338=FACE_OUTER_BOUND('',#459,.T.);
#339=FACE_OUTER_BOUND('',#460,.T.);
#340=FACE_OUTER_BOUND('',#461,.T.);
#341=FACE_OUTER_BOUND('',#462,.T.);
#342=FACE_OUTER_BOUND('',#463,.T.);
#343=FACE_OUTER_BOUND('',#464,.T.);
#344=FACE_OUTER_BOUND('',#465,.T.);
#345=FACE_OUTER_BOUND('',#466,.T.);
#346=FACE_OUTER_BOUND('',#467,.T.);
#347=FACE_OUTER_BOUND('',#468,.T.);
#348=FACE_OUTER_BOUND('',#469,.T.);
#349=FACE_OUTER_BOUND('',#470,.T.);
#350=FACE_OUTER_BOUND('',#471,.T.);
#351=FACE_OUTER_BOUND('',#472,.T.);
#352=FACE_OUTER_BOUND('',#473,.T.);
#353=FACE_OUTER_BOUND('',#474,.T.);
#354=FACE_OUTER_BOUND('',#475,.T.);
#355=FACE_OUTER_BOUND('',#476,.T.);
#356=FACE_OUTER_BOUND('',#477,.T.);
#357=FACE_OUTER_BOUND('',#478,.T.);
#358=FACE_OUTER_BOUND('',#479,.T.);
#359=FACE_OUTER_BOUND('',#480,.T.);
#360=FACE_OUTER_BOUND('',#481,.T.);
#361=FACE_OUTER_BOUND('',#482,.T.);
#362=FACE_OUTER_BOUND('',#483,.T.);
#363=FACE_OUTER_BOUND('',#484,.T.);
#364=FACE_OUTER_BOUND('',#485,.T.);
#365=FACE_OUTER_BOUND('',#486,.T.);
#366=FACE_OUTER_BOUND('',#487,.T.);
#367=FACE_OUTER_BOUND('',#488,.T.);
#368=FACE_OUTER_BOUND('',#489,.T.);
#369=FACE_OUTER_BOUND('',#490,.T.);
#370=FACE_OUTER_BOUND('',#491,.T.);
#371=FACE_OUTER_BOUND('',#492,.T.);
#372=FACE_OUTER_BOUND('',#493,.T.);
#373=FACE_OUTER_BOUND('',#494,.T.);
#374=FACE_OUTER_BOUND('',#495,.T.);
#375=FACE_OUTER_BOUND('',#496,.T.);
#376=FACE_OUTER_BOUND('',#497,.T.);
#377=FACE_OUTER_BOUND('',#503,.T.);
#378=FACE_OUTER_BOUND('',#504,.T.);
#379=FACE_OUTER_BOUND('',#505,.T.);
#380=FACE_OUTER_BOUND('',#506,.T.);
#381=FACE_OUTER_BOUND('',#507,.T.);
#382=FACE_OUTER_BOUND('',#508,.T.);
#383=FACE_OUTER_BOUND('',#509,.T.);
#384=FACE_OUTER_BOUND('',#510,.T.);
#385=FACE_OUTER_BOUND('',#511,.T.);
#386=FACE_OUTER_BOUND('',#512,.T.);
#387=FACE_OUTER_BOUND('',#513,.T.);
#388=FACE_OUTER_BOUND('',#514,.T.);
#389=FACE_OUTER_BOUND('',#515,.T.);
#390=FACE_OUTER_BOUND('',#516,.T.);
#391=FACE_OUTER_BOUND('',#517,.T.);
#392=FACE_OUTER_BOUND('',#518,.T.);
#393=FACE_OUTER_BOUND('',#519,.T.);
#394=FACE_OUTER_BOUND('',#520,.T.);
#395=FACE_OUTER_BOUND('',#521,.T.);
#396=FACE_OUTER_BOUND('',#522,.T.);
#397=FACE_OUTER_BOUND('',#523,.T.);
#398=FACE_OUTER_BOUND('',#524,.T.);
#399=FACE_OUTER_BOUND('',#525,.T.);
#400=FACE_OUTER_BOUND('',#526,.T.);
#401=FACE_OUTER_BOUND('',#527,.T.);
#402=FACE_OUTER_BOUND('',#528,.T.);
#403=FACE_OUTER_BOUND('',#529,.T.);
#404=FACE_OUTER_BOUND('',#530,.T.);
#405=FACE_OUTER_BOUND('',#531,.T.);
#406=FACE_OUTER_BOUND('',#532,.T.);
#407=FACE_OUTER_BOUND('',#533,.T.);
#408=FACE_OUTER_BOUND('',#534,.T.);
#409=FACE_OUTER_BOUND('',#535,.T.);
#410=FACE_OUTER_BOUND('',#536,.T.);
#411=FACE_OUTER_BOUND('',#537,.T.);
#412=FACE_OUTER_BOUND('',#538,.T.);
#413=FACE_OUTER_BOUND('',#539,.T.);
#414=FACE_OUTER_BOUND('',#540,.T.);
#415=FACE_OUTER_BOUND('',#541,.T.);
#416=FACE_OUTER_BOUND('',#542,.T.);
#417=FACE_OUTER_BOUND('',#543,.T.);
#418=FACE_OUTER_BOUND('',#544,.T.);
#419=FACE_OUTER_BOUND('',#545,.T.);
#420=FACE_OUTER_BOUND('',#546,.T.);
#421=FACE_OUTER_BOUND('',#547,.T.);
#422=FACE_OUTER_BOUND('',#548,.T.);
#423=FACE_OUTER_BOUND('',#549,.T.);
#424=FACE_OUTER_BOUND('',#550,.T.);
#425=FACE_OUTER_BOUND('',#551,.T.);
#426=FACE_OUTER_BOUND('',#552,.T.);
#427=FACE_OUTER_BOUND('',#553,.T.);
#428=FACE_OUTER_BOUND('',#554,.T.);
#429=FACE_OUTER_BOUND('',#555,.T.);
#430=FACE_OUTER_BOUND('',#556,.T.);
#431=FACE_OUTER_BOUND('',#557,.T.);
#432=FACE_OUTER_BOUND('',#558,.T.);
#433=EDGE_LOOP('',(#1288,#1289,#1290,#1291));
#434=EDGE_LOOP('',(#1292,#1293,#1294,#1295));
#435=EDGE_LOOP('',(#1296,#1297,#1298,#1299));
#436=EDGE_LOOP('',(#1300,#1301,#1302,#1303));
#437=EDGE_LOOP('',(#1304,#1305,#1306,#1307));
#438=EDGE_LOOP('',(#1308,#1309,#1310,#1311));
#439=EDGE_LOOP('',(#1312,#1313,#1314,#1315));
#440=EDGE_LOOP('',(#1316,#1317,#1318,#1319));
#441=EDGE_LOOP('',(#1320,#1321,#1322,#1323));
#442=EDGE_LOOP('',(#1324,#1325,#1326,#1327));
#443=EDGE_LOOP('',(#1328,#1329,#1330,#1331));
#444=EDGE_LOOP('',(#1332,#1333,#1334,#1335));
#445=EDGE_LOOP('',(#1336,#1337,#1338,#1339));
#446=EDGE_LOOP('',(#1340,#1341,#1342,#1343));
#447=EDGE_LOOP('',(#1344,#1345,#1346,#1347));
#448=EDGE_LOOP('',(#1348,#1349,#1350,#1351));
#449=EDGE_LOOP('',(#1352,#1353,#1354,#1355,#1356));
#450=EDGE_LOOP('',(#1357,#1358,#1359,#1360,#1361,#1362,#1363,#1364,#1365,
#1366,#1367,#1368,#1369,#1370,#1371,#1372,#1373,#1374,#1375,#1376,#1377,
#1378,#1379,#1380,#1381,#1382,#1383,#1384,#1385,#1386,#1387,#1388,#1389,
#1390,#1391));
#451=EDGE_LOOP('',(#1392));
#452=EDGE_LOOP('',(#1393));
#453=EDGE_LOOP('',(#1394));
#454=EDGE_LOOP('',(#1395));
#455=EDGE_LOOP('',(#1396,#1397,#1398,#1399));
#456=EDGE_LOOP('',(#1400,#1401,#1402,#1403));
#457=EDGE_LOOP('',(#1404,#1405,#1406,#1407));
#458=EDGE_LOOP('',(#1408,#1409,#1410,#1411));
#459=EDGE_LOOP('',(#1412,#1413,#1414,#1415));
#460=EDGE_LOOP('',(#1416,#1417,#1418,#1419));
#461=EDGE_LOOP('',(#1420,#1421,#1422,#1423));
#462=EDGE_LOOP('',(#1424,#1425,#1426,#1427,#1428));
#463=EDGE_LOOP('',(#1429,#1430,#1431,#1432));
#464=EDGE_LOOP('',(#1433,#1434,#1435,#1436));
#465=EDGE_LOOP('',(#1437,#1438,#1439,#1440));
#466=EDGE_LOOP('',(#1441,#1442,#1443,#1444));
#467=EDGE_LOOP('',(#1445,#1446,#1447,#1448));
#468=EDGE_LOOP('',(#1449,#1450,#1451,#1452));
#469=EDGE_LOOP('',(#1453,#1454,#1455,#1456));
#470=EDGE_LOOP('',(#1457,#1458));
#471=EDGE_LOOP('',(#1459,#1460,#1461,#1462));
#472=EDGE_LOOP('',(#1463,#1464,#1465,#1466,#1467));
#473=EDGE_LOOP('',(#1468,#1469,#1470,#1471));
#474=EDGE_LOOP('',(#1472,#1473,#1474,#1475,#1476));
#475=EDGE_LOOP('',(#1477,#1478,#1479,#1480,#1481,#1482));
#476=EDGE_LOOP('',(#1483,#1484,#1485,#1486,#1487));
#477=EDGE_LOOP('',(#1488,#1489,#1490,#1491,#1492));
#478=EDGE_LOOP('',(#1493,#1494,#1495,#1496,#1497));
#479=EDGE_LOOP('',(#1498,#1499,#1500,#1501,#1502));
#480=EDGE_LOOP('',(#1503,#1504,#1505,#1506,#1507,#1508,#1509,#1510,#1511,
#1512,#1513,#1514));
#481=EDGE_LOOP('',(#1515,#1516,#1517,#1518,#1519,#1520,#1521,#1522));
#482=EDGE_LOOP('',(#1523,#1524,#1525,#1526,#1527));
#483=EDGE_LOOP('',(#1528,#1529,#1530,#1531,#1532,#1533,#1534));
#484=EDGE_LOOP('',(#1535,#1536,#1537,#1538,#1539));
#485=EDGE_LOOP('',(#1540,#1541));
#486=EDGE_LOOP('',(#1542,#1543,#1544,#1545));
#487=EDGE_LOOP('',(#1546,#1547,#1548,#1549));
#488=EDGE_LOOP('',(#1550,#1551,#1552,#1553));
#489=EDGE_LOOP('',(#1554,#1555,#1556,#1557));
#490=EDGE_LOOP('',(#1558,#1559,#1560,#1561));
#491=EDGE_LOOP('',(#1562,#1563,#1564,#1565));
#492=EDGE_LOOP('',(#1566,#1567,#1568,#1569));
#493=EDGE_LOOP('',(#1570,#1571,#1572,#1573));
#494=EDGE_LOOP('',(#1574,#1575,#1576,#1577,#1578,#1579,#1580,#1581,#1582,
#1583,#1584,#1585,#1586,#1587,#1588,#1589,#1590,#1591));
#495=EDGE_LOOP('',(#1592,#1593,#1594,#1595));
#496=EDGE_LOOP('',(#1596,#1597,#1598,#1599,#1600,#1601,#1602,#1603,#1604,
#1605,#1606,#1607));
#497=EDGE_LOOP('',(#1608,#1609,#1610,#1611,#1612,#1613,#1614,#1615,#1616,
#1617,#1618,#1619,#1620,#1621,#1622,#1623));
#498=EDGE_LOOP('',(#1624));
#499=EDGE_LOOP('',(#1625));
#500=EDGE_LOOP('',(#1626));
#501=EDGE_LOOP('',(#1627));
#502=EDGE_LOOP('',(#1628,#1629,#1630,#1631,#1632,#1633));
#503=EDGE_LOOP('',(#1634,#1635,#1636,#1637));
#504=EDGE_LOOP('',(#1638,#1639,#1640,#1641,#1642,#1643));
#505=EDGE_LOOP('',(#1644,#1645,#1646,#1647));
#506=EDGE_LOOP('',(#1648,#1649,#1650,#1651));
#507=EDGE_LOOP('',(#1652,#1653,#1654,#1655));
#508=EDGE_LOOP('',(#1656,#1657,#1658,#1659));
#509=EDGE_LOOP('',(#1660,#1661,#1662,#1663));
#510=EDGE_LOOP('',(#1664,#1665,#1666,#1667));
#511=EDGE_LOOP('',(#1668,#1669,#1670,#1671));
#512=EDGE_LOOP('',(#1672,#1673,#1674,#1675));
#513=EDGE_LOOP('',(#1676,#1677,#1678,#1679));
#514=EDGE_LOOP('',(#1680,#1681,#1682,#1683));
#515=EDGE_LOOP('',(#1684,#1685,#1686,#1687,#1688));
#516=EDGE_LOOP('',(#1689,#1690,#1691,#1692));
#517=EDGE_LOOP('',(#1693,#1694,#1695,#1696,#1697,#1698,#1699,#1700));
#518=EDGE_LOOP('',(#1701,#1702,#1703,#1704));
#519=EDGE_LOOP('',(#1705,#1706,#1707,#1708));
#520=EDGE_LOOP('',(#1709,#1710,#1711,#1712));
#521=EDGE_LOOP('',(#1713,#1714,#1715,#1716));
#522=EDGE_LOOP('',(#1717,#1718,#1719,#1720));
#523=EDGE_LOOP('',(#1721,#1722,#1723,#1724));
#524=EDGE_LOOP('',(#1725,#1726,#1727,#1728));
#525=EDGE_LOOP('',(#1729,#1730,#1731));
#526=EDGE_LOOP('',(#1732,#1733,#1734));
#527=EDGE_LOOP('',(#1735,#1736,#1737,#1738,#1739));
#528=EDGE_LOOP('',(#1740,#1741,#1742,#1743));
#529=EDGE_LOOP('',(#1744,#1745,#1746,#1747));
#530=EDGE_LOOP('',(#1748,#1749,#1750,#1751));
#531=EDGE_LOOP('',(#1752,#1753,#1754,#1755,#1756,#1757,#1758));
#532=EDGE_LOOP('',(#1759,#1760,#1761,#1762));
#533=EDGE_LOOP('',(#1763,#1764,#1765,#1766));
#534=EDGE_LOOP('',(#1767,#1768,#1769,#1770));
#535=EDGE_LOOP('',(#1771,#1772,#1773,#1774));
#536=EDGE_LOOP('',(#1775,#1776,#1777,#1778));
#537=EDGE_LOOP('',(#1779,#1780,#1781,#1782));
#538=EDGE_LOOP('',(#1783,#1784,#1785,#1786));
#539=EDGE_LOOP('',(#1787,#1788,#1789,#1790));
#540=EDGE_LOOP('',(#1791,#1792,#1793,#1794,#1795,#1796));
#541=EDGE_LOOP('',(#1797,#1798,#1799,#1800));
#542=EDGE_LOOP('',(#1801,#1802,#1803,#1804,#1805,#1806,#1807,#1808,#1809,
#1810,#1811,#1812,#1813));
#543=EDGE_LOOP('',(#1814,#1815,#1816,#1817));
#544=EDGE_LOOP('',(#1818,#1819,#1820,#1821,#1822,#1823,#1824,#1825));
#545=EDGE_LOOP('',(#1826,#1827,#1828,#1829));
#546=EDGE_LOOP('',(#1830,#1831,#1832,#1833));
#547=EDGE_LOOP('',(#1834,#1835,#1836,#1837));
#548=EDGE_LOOP('',(#1838,#1839,#1840,#1841));
#549=EDGE_LOOP('',(#1842,#1843,#1844,#1845));
#550=EDGE_LOOP('',(#1846,#1847,#1848,#1849));
#551=EDGE_LOOP('',(#1850,#1851,#1852,#1853));
#552=EDGE_LOOP('',(#1854,#1855,#1856,#1857));
#553=EDGE_LOOP('',(#1858,#1859,#1860,#1861));
#554=EDGE_LOOP('',(#1862,#1863,#1864,#1865,#1866,#1867,#1868,#1869,#1870,
#1871,#1872,#1873,#1874,#1875,#1876,#1877,#1878,#1879,#1880,#1881,#1882,
#1883,#1884));
#555=EDGE_LOOP('',(#1885,#1886,#1887,#1888,#1889,#1890));
#556=EDGE_LOOP('',(#1891,#1892,#1893,#1894));
#557=EDGE_LOOP('',(#1895,#1896,#1897,#1898,#1899,#1900,#1901,#1902,#1903,
#1904,#1905,#1906,#1907,#1908,#1909));
#558=EDGE_LOOP('',(#1910,#1911,#1912,#1913,#1914,#1915,#1916,#1917,#1918,
#1919,#1920,#1921,#1922,#1923,#1924,#1925,#1926,#1927,#1928,#1929));
#559=CIRCLE('',#2103,1.);
#560=CIRCLE('',#2104,0.999999999999721);
#561=CIRCLE('',#2105,0.999999999999721);
#562=CIRCLE('',#2106,0.999999999999997);
#563=CIRCLE('',#2107,0.999999999999997);
#564=CIRCLE('',#2108,1.00000000000001);
#565=CIRCLE('',#2109,1.00000000000001);
#566=CIRCLE('',#2110,1.);
#567=CIRCLE('',#2111,1.);
#568=CIRCLE('',#2112,1.);
#569=CIRCLE('',#2113,1.);
#570=CIRCLE('',#2114,1.);
#571=CIRCLE('',#2115,1.00000000000001);
#572=CIRCLE('',#2116,1.00000000000001);
#573=CIRCLE('',#2118,4.37193635082777);
#574=CIRCLE('',#2119,4.37193635082777);
#575=CIRCLE('',#2120,4.37193635082777);
#576=CIRCLE('',#2122,10.);
#577=CIRCLE('',#2123,10.);
#578=CIRCLE('',#2124,10.);
#579=CIRCLE('',#2125,1.);
#580=CIRCLE('',#2126,5.);
#581=CIRCLE('',#2127,1.);
#582=CIRCLE('',#2128,20.);
#583=CIRCLE('',#2129,1.);
#584=CIRCLE('',#2130,5.);
#585=CIRCLE('',#2131,1.);
#586=CIRCLE('',#2132,23.);
#587=CIRCLE('',#2133,10.);
#588=CIRCLE('',#2134,5.);
#589=CIRCLE('',#2135,1.);
#590=CIRCLE('',#2136,2.);
#591=CIRCLE('',#2137,2.);
#592=CIRCLE('',#2138,1.5);
#593=CIRCLE('',#2139,1.5);
#594=CIRCLE('',#2140,1.5);
#595=CIRCLE('',#2141,1.5);
#596=CIRCLE('',#2143,10.);
#597=CIRCLE('',#2146,10.);
#598=CIRCLE('',#2149,10.);
#599=CIRCLE('',#2152,10.);
#600=CIRCLE('',#2154,0.999999999999998);
#601=CIRCLE('',#2155,0.999999999999999);
#602=CIRCLE('',#2157,0.999999999999999);
#603=CIRCLE('',#2158,0.999999999999998);
#604=CIRCLE('',#2161,5.);
#605=CIRCLE('',#2162,4.);
#606=CIRCLE('',#2166,1.);
#607=CIRCLE('',#2167,1.);
#608=CIRCLE('',#2171,0.999999999999208);
#609=CIRCLE('',#2172,23.);
#610=CIRCLE('',#2173,24.);
#611=CIRCLE('',#2177,23.);
#612=CIRCLE('',#2178,23.);
#613=CIRCLE('',#2179,23.);
#614=CIRCLE('',#2185,1.5);
#615=CIRCLE('',#2187,1.5);
#616=CIRCLE('',#2189,1.5);
#617=CIRCLE('',#2191,1.5);
#618=CIRCLE('',#2195,2.);
#619=CIRCLE('',#2198,20.);
#620=CIRCLE('',#2201,2.);
#621=CIRCLE('',#2202,2.);
#622=CIRCLE('',#2203,20.);
#623=CIRCLE('',#2205,2.);
#624=CIRCLE('',#2207,1.);
#625=CIRCLE('',#2208,1.);
#626=CIRCLE('',#2209,1.00000000000019);
#627=CIRCLE('',#2210,2.);
#628=CIRCLE('',#2212,1.);
#629=CIRCLE('',#2213,0.99999999999993);
#630=CIRCLE('',#2214,2.);
#631=CIRCLE('',#2215,1.);
#632=CIRCLE('',#2217,1.);
#633=CIRCLE('',#2218,1.);
#634=CIRCLE('',#2220,1.);
#635=CIRCLE('',#2221,1.00000000000007);
#636=CIRCLE('',#2222,1.99999999999998);
#637=CIRCLE('',#2223,0.999999999999975);
#638=CIRCLE('',#2227,1.99999999999998);
#639=CIRCLE('',#2231,1.);
#640=CIRCLE('',#2232,1.);
#641=CIRCLE('',#2234,1.);
#642=CIRCLE('',#2236,1.00000000000001);
#643=CIRCLE('',#2237,1.);
#644=CIRCLE('',#2238,24.);
#645=CIRCLE('',#2239,1.);
#646=CIRCLE('',#2240,1.);
#647=CIRCLE('',#2241,0.999999999999996);
#648=CIRCLE('',#2243,0.999999999999988);
#649=CIRCLE('',#2245,1.);
#650=CIRCLE('',#2247,1.);
#651=CIRCLE('',#2248,0.999999999999961);
#652=CIRCLE('',#2249,2.);
#653=CIRCLE('',#2251,1.);
#654=CIRCLE('',#2252,0.999999999999641);
#655=CIRCLE('',#2253,1.);
#656=CIRCLE('',#2255,1.);
#657=CIRCLE('',#2256,1.00000000000004);
#658=CIRCLE('',#2257,2.);
#659=CIRCLE('',#2258,1.);
#660=CIRCLE('',#2260,1.);
#661=CIRCLE('',#2261,1.);
#662=CIRCLE('',#2264,2.);
#663=CIRCLE('',#2268,2.);
#664=CIRCLE('',#2271,20.);
#665=B_SPLINE_CURVE_WITH_KNOTS('',3,(#2838,#2839,#2840,#2841,#2842,#2843,
#2844,#2845,#2846,#2847,#2848,#2849,#2850,#2851),.UNSPECIFIED.,.F.,.F.,
(4,1,1,1,1,1,1,1,1,1,1,4),(0.,0.0909090909090909,0.181818181818182,0.272727272727273,
0.363636363636364,0.454545454545455,0.545454545454545,0.636363636363636,
0.727272727272727,0.818181818181818,0.909090909090909,1.),.UNSPECIFIED.);
#666=B_SPLINE_CURVE_WITH_KNOTS('',3,(#2853,#2854,#2855,#2856,#2857,#2858,
#2859,#2860),.UNSPECIFIED.,.F.,.F.,(4,1,1,1,1,4),(0.,0.2,0.4,0.6,0.8,1.),
 .UNSPECIFIED.);
#667=B_SPLINE_CURVE_WITH_KNOTS('',3,(#2862,#2863,#2864,#2865,#2866,#2867,
#2868,#2869,#2870,#2871,#2872,#2873,#2874,#2875,#2876,#2877,#2878,#2879,
#2880,#2881,#2882,#2883,#2884,#2885,#2886,#2887,#2888,#2889,#2890,#2891,
#2892,#2893,#2894,#2895,#2896,#2897,#2898,#2899,#2900,#2901,#2902,#2903,
#2904,#2905,#2906,#2907,#2908,#2909,#2910,#2911,#2912,#2913,#2914,#2915,
#2916,#2917,#2918,#2919,#2920,#2921,#2922),.UNSPECIFIED.,.F.,.F.,(4,3,3,
3,3,3,3,3,3,3,3,3,3,3,3,3,3,3,3,3,4),(0.499999999999999,0.536113955260767,
0.567353059056035,0.598556083474486,0.631534255055003,0.671206373561031,
0.712305576865902,0.748267379757664,0.779733957287956,0.807267212626962,
0.828453014180697,0.860566206549704,0.880458531314073,0.898810554190665,
0.915070990084544,0.933624515661953,0.954189117243082,0.97026899347117,
0.985134496735585,0.998501570417997,1.),.UNSPECIFIED.);
#668=B_SPLINE_CURVE_WITH_KNOTS('',3,(#3021,#3022,#3023,#3024,#3025,#3026,
#3027,#3028,#3029,#3030,#3031,#3032),.UNSPECIFIED.,.F.,.F.,(4,1,1,1,1,1,
1,1,1,4),(0.,0.111111111111111,0.222222222222222,0.333333333333333,0.444444444444444,
0.555555555555556,0.666666666666667,0.777777777777778,0.888888888888889,
1.),.UNSPECIFIED.);
#669=B_SPLINE_CURVE_WITH_KNOTS('',3,(#3035,#3036,#3037,#3038,#3039,#3040,
#3041,#3042,#3043,#3044,#3045,#3046,#3047,#3048,#3049,#3050,#3051,#3052,
#3053,#3054,#3055,#3056,#3057,#3058,#3059,#3060,#3061,#3062,#3063,#3064,
#3065,#3066,#3067,#3068,#3069,#3070,#3071,#3072,#3073,#3074,#3075,#3076,
#3077,#3078,#3079,#3080,#3081,#3082,#3083,#3084,#3085,#3086),
 .UNSPECIFIED.,.F.,.F.,(4,3,3,3,3,3,3,3,3,3,3,3,3,3,3,3,3,4),(0.,0.0210945370436381,
0.0434180471597702,0.0675527290913383,0.0952162654860556,0.132526720694855,
0.158918093957496,0.183140665545048,0.209120915455957,0.236344403417303,
0.266880151181643,0.310124345975667,0.341788076509405,0.370165480196169,
0.400518147955413,0.432784376146842,0.469746612998847,0.499999999999999),
 .UNSPECIFIED.);
#670=B_SPLINE_CURVE_WITH_KNOTS('',3,(#3184,#3185,#3186,#3187,#3188,#3189,
#3190,#3191),.UNSPECIFIED.,.F.,.F.,(4,1,1,1,1,4),(0.,0.2,0.4,0.6,0.8,1.),
 .UNSPECIFIED.);
#671=B_SPLINE_CURVE_WITH_KNOTS('',3,(#3193,#3194,#3195,#3196,#3197,#3198,
#3199,#3200,#3201,#3202,#3203,#3204,#3205,#3206,#3207,#3208,#3209,#3210,
#3211,#3212,#3213,#3214,#3215,#3216,#3217,#3218,#3219,#3220,#3221,#3222,
#3223,#3224,#3225,#3226,#3227,#3228,#3229,#3230,#3231,#3232,#3233,#3234,
#3235,#3236,#3237,#3238,#3239,#3240,#3241,#3242,#3243,#3244,#3245,#3246,
#3247,#3248,#3249,#3250),.UNSPECIFIED.,.F.,.F.,(4,3,3,3,3,3,3,3,3,3,3,3,
3,3,3,3,3,3,3,4),(0.499999999999999,0.544165036788566,0.585378270658061,
0.632944790276306,0.674253263237607,0.711776044007661,0.747804038506703,
0.780475108999657,0.812064824534623,0.842764783401873,0.869792373977095,
0.895513189462479,0.914535315286249,0.931391123504685,0.944170946349155,
0.960257833055356,0.974005002751953,0.985780027140742,0.996324817384913,
1.),.UNSPECIFIED.);
#672=B_SPLINE_CURVE_WITH_KNOTS('',3,(#3349,#3350,#3351,#3352,#3353,#3354,
#3355,#3356,#3357,#3358,#3359,#3360),.UNSPECIFIED.,.F.,.F.,(4,1,1,1,1,1,
1,1,1,4),(0.,0.111111111111111,0.222222222222222,0.333333333333333,0.444444444444444,
0.555555555555556,0.666666666666667,0.777777777777778,0.888888888888889,
1.),.UNSPECIFIED.);
#673=B_SPLINE_CURVE_WITH_KNOTS('',3,(#3363,#3364,#3365,#3366,#3367,#3368,
#3369,#3370,#3371,#3372,#3373,#3374,#3375,#3376,#3377,#3378,#3379,#3380,
#3381,#3382,#3383,#3384,#3385,#3386,#3387,#3388,#3389,#3390,#3391,#3392,
#3393,#3394,#3395,#3396,#3397,#3398,#3399,#3400,#3401,#3402,#3403,#3404,
#3405,#3406,#3407,#3408,#3409,#3410,#3411,#3412,#3413,#3414,#3415,#3416,
#3417,#3418,#3419,#3420),.UNSPECIFIED.,.F.,.F.,(4,3,3,3,3,3,3,3,3,3,3,3,
3,3,3,3,3,3,3,4),(0.,0.0159148143051557,0.0326857169115021,0.0506776939811042,
0.0706835497913013,0.0959236663938059,0.121178437244193,0.140544010887936,
0.158577817425052,0.181570489079837,0.206429165494434,0.234489913613693,
0.267770645051046,0.296799314419665,0.325701254798877,0.362933796727426,
0.403904732777835,0.447825783874412,0.495434341791338,0.499999999999999),
 .UNSPECIFIED.);
#674=B_SPLINE_CURVE_WITH_KNOTS('',3,(#3518,#3519,#3520,#3521,#3522,#3523,
#3524,#3525),.UNSPECIFIED.,.F.,.F.,(4,1,1,1,1,4),(3.40145943529546E-10,
0.2,0.4,0.6,0.8,1.),.UNSPECIFIED.);
#675=B_SPLINE_CURVE_WITH_KNOTS('',3,(#3527,#3528,#3529,#3530,#3531,#3532,
#3533,#3534,#3535,#3536,#3537,#3538,#3539,#3540,#3541,#3542,#3543,#3544,
#3545,#3546,#3547,#3548,#3549,#3550,#3551,#3552,#3553,#3554,#3555,#3556,
#3557,#3558,#3559,#3560,#3561,#3562,#3563,#3564,#3565,#3566,#3567,#3568,
#3569,#3570,#3571,#3572,#3573,#3574,#3575,#3576,#3577,#3578,#3579,#3580,
#3581,#3582,#3583,#3584,#3585,#3586,#3587),.UNSPECIFIED.,.F.,.F.,(4,3,3,
3,3,3,3,3,3,3,3,3,3,3,3,3,3,3,3,3,4),(0.499999999999999,0.531249999999999,
0.55771156081306,0.586182957275395,0.614499852718898,0.645823552818814,
0.690095608716462,0.720880223720033,0.747818823296661,0.772752450331049,
0.795146694671717,0.819381987831131,0.846623131592435,0.867459668015529,
0.88674473631362,0.905324280110885,0.926990487086299,0.95146773904141,0.970360998957833,
0.986762470146498,1.),.UNSPECIFIED.);
#676=B_SPLINE_CURVE_WITH_KNOTS('',3,(#3662,#3663,#3664,#3665,#3666,#3667,
#3668,#3669,#3670),.UNSPECIFIED.,.F.,.F.,(4,1,1,1,1,1,4),(0.,0.166666666666667,
0.333333333333333,0.5,0.666666666666667,0.833333333333333,1.),
 .UNSPECIFIED.);
#677=B_SPLINE_CURVE_WITH_KNOTS('',3,(#3673,#3674,#3675,#3676,#3677,#3678,
#3679,#3680,#3681,#3682,#3683,#3684,#3685,#3686,#3687,#3688,#3689,#3690,
#3691,#3692,#3693,#3694,#3695,#3696,#3697,#3698,#3699,#3700,#3701,#3702,
#3703,#3704,#3705,#3706,#3707,#3708,#3709,#3710,#3711,#3712,#3713,#3714,
#3715,#3716,#3717,#3718,#3719,#3720,#3721,#3722,#3723,#3724,#3725,#3726,
#3727,#3728,#3729,#3730,#3731,#3732,#3733),.UNSPECIFIED.,.F.,.F.,(4,3,3,
3,3,3,3,3,3,3,3,3,3,3,3,3,3,3,3,3,4),(0.,0.0181620929647918,0.0372714854663813,
0.0577190100116366,0.0803394052445729,0.108714255581432,0.134864483952596,
0.157685453705558,0.178211518280732,0.201194759686793,0.224276713678502,
0.249667999158159,0.281702573579394,0.312660770736804,0.337847793552552,
0.36188892877898,0.389502894655857,0.415401123395056,0.445429819765792,
0.4892054228816,0.499999999999999),.UNSPECIFIED.);
#678=B_SPLINE_CURVE_WITH_KNOTS('',3,(#3807,#3808,#3809,#3810,#3811,#3812,
#3813,#3814),.UNSPECIFIED.,.F.,.F.,(4,1,1,1,1,4),(0.,0.2,0.4,0.6,0.8,1.),
 .UNSPECIFIED.);
#679=B_SPLINE_CURVE_WITH_KNOTS('',3,(#3816,#3817,#3818,#3819,#3820,#3821,
#3822,#3823,#3824,#3825,#3826,#3827,#3828,#3829,#3830,#3831,#3832,#3833,
#3834,#3835,#3836,#3837,#3838,#3839,#3840,#3841,#3842,#3843,#3844,#3845,
#3846,#3847,#3848,#3849,#3850,#3851,#3852,#3853,#3854,#3855,#3856,#3857,
#3858),.UNSPECIFIED.,.F.,.F.,(4,3,3,3,3,3,3,3,3,3,3,3,3,3,4),(0.499999999999997,
0.549805836100623,0.597149756036423,0.643023981698536,0.684579692813791,
0.724007231212067,0.760021756779525,0.794791444882586,0.829021490012084,
0.863827531620205,0.897870648715153,0.925362857956567,0.957168812224887,
0.981527937544472,1.),.UNSPECIFIED.);
#680=B_SPLINE_CURVE_WITH_KNOTS('',3,(#3953,#3954,#3955,#3956,#3957,#3958,
#3959,#3960,#3961,#3962,#3963,#3964,#3965),.UNSPECIFIED.,.F.,.F.,(4,1,1,
1,1,1,1,1,1,1,4),(0.,0.1,0.2,0.3,0.4,0.5,0.6,0.7,0.8,0.9,1.),
 .UNSPECIFIED.);
#681=B_SPLINE_CURVE_WITH_KNOTS('',3,(#3967,#3968,#3969,#3970,#3971,#3972,
#3973),.UNSPECIFIED.,.F.,.F.,(4,1,1,1,4),(0.,0.25,0.5,0.75,1.),
 .UNSPECIFIED.);
#682=B_SPLINE_CURVE_WITH_KNOTS('',3,(#3975,#3976,#3977,#3978,#3979,#3980,
#3981,#3982,#3983,#3984,#3985,#3986,#3987,#3988,#3989,#3990,#3991,#3992,
#3993,#3994,#3995,#3996,#3997,#3998,#3999,#4000,#4001,#4002,#4003,#4004,
#4005,#4006,#4007,#4008,#4009,#4010,#4011,#4012,#4013,#4014,#4015,#4016,
#4017,#4018,#4019,#4020,#4021,#4022,#4023,#4024,#4025,#4026,#4027,#4028,
#4029,#4030,#4031,#4032,#4033,#4034,#4035,#4036,#4037,#4038),
 .UNSPECIFIED.,.F.,.F.,(4,3,3,3,3,3,3,3,3,3,3,3,3,3,3,3,3,3,3,3,3,4),(0.5,
0.53125,0.560546875,0.586184177838541,0.61253244788449,0.639893970308241,
0.670425470435295,0.711622286630883,0.741058505736676,0.766832335786456,
0.79066741315191,0.816833986507921,0.836114932669433,0.869704089929149,
0.887883518424129,0.905626753113789,0.921922571916626,0.943068518038319,
0.961554121714383,0.977238202663855,0.991163076005863,1.),.UNSPECIFIED.);
#683=B_SPLINE_CURVE_WITH_KNOTS('',3,(#4132,#4133,#4134,#4135,#4136,#4137,
#4138,#4139,#4140,#4141,#4142,#4143,#4144),.UNSPECIFIED.,.F.,.F.,(4,1,1,
1,1,1,1,1,1,1,4),(0.,0.1,0.2,0.3,0.4,0.5,0.6,0.7,0.8,0.9,1.),
 .UNSPECIFIED.);
#684=B_SPLINE_CURVE_WITH_KNOTS('',3,(#4147,#4148,#4149,#4150,#4151,#4152,
#4153,#4154,#4155,#4156,#4157,#4158,#4159,#4160,#4161,#4162,#4163,#4164,
#4165,#4166,#4167,#4168,#4169,#4170,#4171,#4172,#4173,#4174,#4175,#4176,
#4177,#4178,#4179,#4180,#4181,#4182,#4183,#4184,#4185,#4186,#4187,#4188,
#4189,#4190,#4191,#4192,#4193,#4194,#4195,#4196,#4197,#4198,#4199,#4200,
#4201),.UNSPECIFIED.,.F.,.F.,(4,3,3,3,3,3,3,3,3,3,3,3,3,3,3,3,3,3,4),(0.,
0.0201485518978292,0.0414286384483,0.0643539840147094,0.0902438684096074,
0.130748751047137,0.156091213086001,0.180041694030603,0.206227862100267,
0.231121624911299,0.258625955861896,0.293362241666323,0.32596649101176,
0.35279331431154,0.377689012956203,0.403379854519625,0.431463365241746,
0.462798336281228,0.5),.UNSPECIFIED.);
#685=B_SPLINE_CURVE_WITH_KNOTS('',3,(#4294,#4295,#4296,#4297,#4298,#4299,
#4300),.UNSPECIFIED.,.F.,.F.,(4,1,1,1,4),(0.,0.25,0.5,0.75,1.),
 .UNSPECIFIED.);
#686=B_SPLINE_CURVE_WITH_KNOTS('',3,(#4302,#4303,#4304,#4305,#4306,#4307,
#4308,#4309,#4310,#4311,#4312,#4313,#4314,#4315,#4316,#4317,#4318,#4319,
#4320,#4321,#4322,#4323,#4324,#4325,#4326,#4327,#4328,#4329,#4330,#4331,
#4332,#4333,#4334,#4335,#4336,#4337,#4338,#4339,#4340,#4341,#4342,#4343,
#4344,#4345,#4346,#4347,#4348,#4349,#4350,#4351,#4352,#4353,#4354,#4355,
#4356),.UNSPECIFIED.,.F.,.F.,(4,3,3,3,3,3,3,3,3,3,3,3,3,3,3,3,3,3,4),(0.499999999999999,
0.545084233789418,0.586758314448934,0.634282315851943,0.675795571521515,
0.71363820355677,0.749433428112174,0.782518722524076,0.814518813644609,
0.845624112188006,0.873518601004879,0.905138950753659,0.922946600182185,
0.942209950136639,0.956550612691173,0.971594583994976,0.983660897254274,
0.994255236528222,1.),.UNSPECIFIED.);
#687=B_SPLINE_CURVE_WITH_KNOTS('',3,(#4450,#4451,#4452,#4453,#4454,#4455,
#4456,#4457,#4458,#4459,#4460,#4461,#4462),.UNSPECIFIED.,.F.,.F.,(4,1,1,
1,1,1,1,1,1,1,4),(0.,0.1,0.2,0.3,0.4,0.5,0.6,0.7,0.8,0.9,1.),
 .UNSPECIFIED.);
#688=B_SPLINE_CURVE_WITH_KNOTS('',3,(#4465,#4466,#4467,#4468,#4469,#4470,
#4471,#4472,#4473,#4474,#4475,#4476,#4477,#4478,#4479,#4480,#4481,#4482,
#4483,#4484,#4485,#4486,#4487,#4488,#4489,#4490,#4491,#4492,#4493,#4494,
#4495,#4496,#4497,#4498,#4499,#4500,#4501,#4502,#4503,#4504,#4505,#4506,
#4507,#4508,#4509,#4510,#4511,#4512,#4513,#4514,#4515,#4516,#4517,#4518,
#4519),.UNSPECIFIED.,.F.,.F.,(4,3,3,3,3,3,3,3,3,3,3,3,3,3,3,3,3,3,4),(0.,
0.0160879995457235,0.0330516918174334,0.0512703205112054,0.0715782464107934,
0.0974885000045633,0.122645468754278,0.14204660597804,0.160325894900636,
0.183696892290495,0.209053903767714,0.237911425072857,0.27067249693875,
0.299338434821406,0.332890284421674,0.370960922610892,0.412966784155073,
0.460483046660547,0.499999999999999),.UNSPECIFIED.);
#689=B_SPLINE_CURVE_WITH_KNOTS('',3,(#4612,#4613,#4614,#4615,#4616,#4617,
#4618),.UNSPECIFIED.,.F.,.F.,(4,1,1,1,4),(0.,0.25,0.5,0.75,0.999999989989246),
 .UNSPECIFIED.);
#690=B_SPLINE_CURVE_WITH_KNOTS('',3,(#4620,#4621,#4622,#4623,#4624,#4625,
#4626,#4627,#4628,#4629,#4630,#4631,#4632,#4633,#4634,#4635,#4636,#4637,
#4638,#4639,#4640,#4641,#4642,#4643,#4644,#4645,#4646,#4647,#4648,#4649,
#4650,#4651,#4652,#4653,#4654,#4655,#4656,#4657,#4658,#4659,#4660,#4661,
#4662,#4663,#4664,#4665,#4666,#4667,#4668,#4669,#4670,#4671,#4672,#4673,
#4674,#4675,#4676,#4677,#4678,#4679,#4680),.UNSPECIFIED.,.F.,.F.,(4,3,3,
3,3,3,3,3,3,3,3,3,3,3,3,3,3,3,3,3,4),(0.500000000000001,0.532256874087244,
0.561490819456792,0.586948498687512,0.617398819728233,0.645236775884038,
0.678114479285528,0.718350169374837,0.748437673792379,0.774786717546998,
0.799080543946024,0.821200691855425,0.84411744427136,0.869058968133628,
0.888297747350403,0.906455020291158,0.924250039868243,0.949761990378282,
0.969072229863187,0.984931773182701,1.),.UNSPECIFIED.);
#691=B_SPLINE_CURVE_WITH_KNOTS('',3,(#4774,#4775,#4776,#4777,#4778,#4779,
#4780,#4781,#4782,#4783,#4784,#4785,#4786),.UNSPECIFIED.,.F.,.F.,(4,1,1,
1,1,1,1,1,1,1,4),(0.,0.1,0.2,0.3,0.4,0.5,0.6,0.7,0.8,0.9,1.),
 .UNSPECIFIED.);
#692=B_SPLINE_CURVE_WITH_KNOTS('',3,(#4789,#4790,#4791,#4792,#4793,#4794,
#4795,#4796,#4797,#4798,#4799,#4800,#4801,#4802,#4803,#4804,#4805,#4806,
#4807,#4808,#4809,#4810,#4811,#4812,#4813,#4814,#4815,#4816,#4817,#4818,
#4819,#4820,#4821,#4822,#4823,#4824,#4825,#4826,#4827,#4828,#4829,#4830,
#4831,#4832,#4833,#4834,#4835,#4836,#4837,#4838,#4839,#4840,#4841,#4842,
#4843,#4844,#4845,#4846,#4847,#4848,#4849),.UNSPECIFIED.,.F.,.F.,(4,3,3,
3,3,3,3,3,3,3,3,3,3,3,3,3,3,3,3,3,4),(0.,0.0184133472729681,0.0377184153799495,
0.0582492324198309,0.0806686971166842,0.107496479534148,0.138204847063416,
0.16128406739587,0.182475405559208,0.204208091989478,0.226551793152396,
0.250535113479515,0.277260185771883,0.315962809701374,0.344615364841827,
0.369358681722158,0.393298741014629,0.418255933290194,0.444384674737257,
0.4732678714696,0.500000000000001),.UNSPECIFIED.);
#693=B_SPLINE_CURVE_WITH_KNOTS('',3,(#4942,#4943,#4944,#4945,#4946,#4947,
#4948),.UNSPECIFIED.,.F.,.F.,(4,1,1,1,4),(0.,0.25,0.5,0.75,1.),
 .UNSPECIFIED.);
#694=B_SPLINE_CURVE_WITH_KNOTS('',3,(#4950,#4951,#4952,#4953,#4954,#4955,
#4956,#4957,#4958,#4959,#4960,#4961,#4962,#4963,#4964,#4965,#4966,#4967,
#4968,#4969,#4970,#4971,#4972,#4973,#4974,#4975,#4976,#4977,#4978,#4979,
#4980,#4981,#4982,#4983,#4984,#4985,#4986,#4987,#4988,#4989,#4990,#4991,
#4992,#4993,#4994,#4995,#4996,#4997,#4998,#4999,#5000,#5001,#5002,#5003,
#5004,#5005,#5006,#5007,#5008,#5009,#5010,#5011,#5012,#5013,#5014,#5015,
#5016,#5017,#5018,#5019,#5020,#5021,#5022),.UNSPECIFIED.,.F.,.F.,(4,3,3,
3,3,3,3,3,3,3,3,3,3,3,3,3,3,3,3,3,3,3,3,3,4),(0.500000000000002,0.551845998184933,
0.596761244210811,0.629559461484053,0.663953092739406,0.690203700200441,
0.709536694611405,0.738919467838432,0.756868523383559,0.774559711563637,
0.791228731624483,0.810771973003098,0.834425476377711,0.852211566310599,
0.867881618420769,0.882703620395669,0.895570006658114,0.908897721479167,
0.924891711556413,0.94366878366731,0.957751587750482,0.970264802188354,
0.982091757781595,0.993194895893666,1.),.UNSPECIFIED.);
#695=B_SPLINE_CURVE_WITH_KNOTS('',3,(#5219,#5220,#5221,#5222,#5223,#5224),
 .UNSPECIFIED.,.F.,.F.,(4,2,4),(-3.31438047038493,-1.30630696660816,0.),
 .UNSPECIFIED.);
#696=B_SPLINE_CURVE_WITH_KNOTS('',3,(#5231,#5232,#5233,#5234),
 .UNSPECIFIED.,.F.,.F.,(4,4),(-2.29743720754347,-2.25647889054642),
 .UNSPECIFIED.);
#697=B_SPLINE_CURVE_WITH_KNOTS('',3,(#5236,#5237,#5238,#5239,#5240,#5241,
#5242,#5243,#5244,#5245),.UNSPECIFIED.,.F.,.F.,(4,3,3,4),(0.,0.089891980792996,
0.149819967988327,0.209747955183657),.UNSPECIFIED.);
#698=B_SPLINE_CURVE_WITH_KNOTS('',3,(#5275,#5276,#5277,#5278),
 .UNSPECIFIED.,.F.,.F.,(4,4),(-0.55,-0.05),.UNSPECIFIED.);
#699=B_SPLINE_CURVE_WITH_KNOTS('',3,(#5336,#5337,#5338,#5339,#5340,#5341),
 .UNSPECIFIED.,.F.,.F.,(4,1,1,4),(4.51028103753971E-16,0.17467485931474,
0.291124765524566,0.407574671734392),.UNSPECIFIED.);
#700=B_SPLINE_CURVE_WITH_KNOTS('',3,(#5345,#5346,#5347,#5348,#5349,#5350),
 .UNSPECIFIED.,.F.,.F.,(4,1,1,4),(-0.407574671734392,-0.291124765524566,
-0.17467485931474,-4.51028103753971E-16),.UNSPECIFIED.);
#701=B_SPLINE_CURVE_WITH_KNOTS('',3,(#5387,#5388,#5389,#5390,#5391,#5392),
 .UNSPECIFIED.,.F.,.F.,(4,1,1,4),(-0.407560571264793,-0.232891755008453,
-0.116445877504227,-1.57944340625074E-16),.UNSPECIFIED.);
#702=B_SPLINE_CURVE_WITH_KNOTS('',3,(#5396,#5397,#5398,#5399,#5400,#5401),
 .UNSPECIFIED.,.F.,.F.,(4,1,1,4),(1.57944340625074E-16,0.116445877504227,
0.232891755008453,0.407560571264793),.UNSPECIFIED.);
#703=B_SPLINE_CURVE_WITH_KNOTS('',3,(#5507,#5508,#5509,#5510,#5511,#5512,
#5513,#5514,#5515,#5516,#5517,#5518,#5519,#5520,#5521,#5522,#5523,#5524,
#5525,#5526,#5527,#5528,#5529,#5530,#5531,#5532,#5533,#5534,#5535,#5536,
#5537,#5538,#5539,#5540,#5541,#5542,#5543,#5544,#5545,#5546,#5547,#5548,
#5549),.UNSPECIFIED.,.F.,.F.,(4,3,3,3,3,3,3,3,3,3,3,3,3,3,4),(0.,0.0301302523551102,
0.064898450749507,0.0983238051904157,0.128251415029071,0.156586122976935,
0.191678000804984,0.230218250704361,0.264626596985721,0.297377479045829,
0.343651090059953,0.390095622698718,0.42871975938119,0.464685696227823,
0.500000000000002),.UNSPECIFIED.);
#704=B_SPLINE_CURVE_WITH_KNOTS('',3,(#5574,#5575,#5576,#5577),
 .UNSPECIFIED.,.F.,.F.,(4,4),(-1.4,-0.49825833423327),.UNSPECIFIED.);
#705=B_SPLINE_CURVE_WITH_KNOTS('',3,(#5578,#5579,#5580,#5581),
 .UNSPECIFIED.,.F.,.F.,(4,4),(0.49825833423327,1.4),.UNSPECIFIED.);
#706=B_SPLINE_CURVE_WITH_KNOTS('',3,(#5696,#5697,#5698,#5699,#5700,#5701,
#5702,#5703,#5704,#5705,#5706,#5707,#5708,#5709,#5710,#5711,#5712,#5713,
#5714,#5715,#5716,#5717,#5718,#5719,#5720,#5721,#5722,#5723,#5724,#5725,
#5726,#5727,#5728,#5729,#5730,#5731,#5732,#5733,#5734,#5735,#5736,#5737,
#5738,#5739,#5740,#5741,#5742,#5743,#5744,#5745,#5746,#5747,#5748,#5749,
#5750,#5751,#5752,#5753,#5754,#5755,#5756,#5757,#5758,#5759,#5760,#5761,
#5762,#5763,#5764,#5765,#5766,#5767,#5768),.UNSPECIFIED.,.F.,.F.,(4,3,3,
3,3,3,3,3,3,3,3,3,3,3,3,3,3,3,3,3,3,3,3,3,4),(0.,0.00911822982500653,0.0188452651229134,
0.0295359678475196,0.0420523236544757,0.0563631885402733,0.0677650881176596,
0.0778779396822293,0.0896094314769396,0.102283358014837,0.11741032314088,
0.136421007052234,0.149714175034949,0.171607039095265,0.189029523733187,
0.21167673203933,0.231176793321344,0.248952285084909,0.273124279136669,
0.304738874964725,0.334223511521165,0.376167936426631,0.422044441252148,
0.480985083321155,0.499999999999997),.UNSPECIFIED.);
#707=B_SPLINE_CURVE_WITH_KNOTS('',3,(#5801,#5802,#5803,#5804),
 .UNSPECIFIED.,.F.,.F.,(4,4),(-0.325602952166474,0.),.UNSPECIFIED.);
#708=B_SPLINE_CURVE_WITH_KNOTS('',3,(#5805,#5806,#5807,#5808),
 .UNSPECIFIED.,.F.,.F.,(4,4),(0.,0.325602952166474),.UNSPECIFIED.);
#709=B_SPLINE_CURVE_WITH_KNOTS('',3,(#5821,#5822,#5823,#5824),
 .UNSPECIFIED.,.F.,.F.,(4,4),(-2.00000000000016,6.66133814775094E-16),
 .UNSPECIFIED.);
#710=B_SPLINE_CURVE_WITH_KNOTS('',3,(#5828,#5829,#5830,#5831),
 .UNSPECIFIED.,.F.,.F.,(4,4),(-2.9491597502879E-14,1.5),.UNSPECIFIED.);
#711=B_SPLINE_CURVE_WITH_KNOTS('',3,(#5878,#5879,#5880,#5881),
 .UNSPECIFIED.,.F.,.F.,(4,4),(-1.57066721542895,-1.43813208987268),
 .UNSPECIFIED.);
#712=B_SPLINE_CURVE_WITH_KNOTS('',3,(#5882,#5883,#5884,#5885),
 .UNSPECIFIED.,.F.,.F.,(4,4),(-0.252042998253231,0.),.UNSPECIFIED.);
#713=B_SPLINE_CURVE_WITH_KNOTS('',3,(#5965,#5966,#5967,#5968),
 .UNSPECIFIED.,.F.,.F.,(4,4),(-0.329733597320894,-1.98884141701926E-16),
 .UNSPECIFIED.);
#714=B_SPLINE_CURVE_WITH_KNOTS('',3,(#5986,#5987,#5988,#5989),
 .UNSPECIFIED.,.F.,.F.,(4,4),(0.0999999999999998,1.60000000000004),
 .UNSPECIFIED.);
#715=B_SPLINE_CURVE_WITH_KNOTS('',3,(#5993,#5994,#5995,#5996),
 .UNSPECIFIED.,.F.,.F.,(4,4),(-2.86980883384561E-15,2.00000000000016),
 .UNSPECIFIED.);
#716=B_SPLINE_CURVE_WITH_KNOTS('',3,(#6034,#6035,#6036,#6037),
 .UNSPECIFIED.,.F.,.F.,(4,4),(0.,0.092744811664692),.UNSPECIFIED.);
#717=B_SPLINE_CURVE_WITH_KNOTS('',3,(#6039,#6040,#6041,#6042),
 .UNSPECIFIED.,.F.,.F.,(4,4),(0.092744811664692,0.241136510328199),
 .UNSPECIFIED.);
#718=B_SPLINE_CURVE_WITH_KNOTS('',3,(#6044,#6045,#6046,#6047),
 .UNSPECIFIED.,.F.,.F.,(4,4),(0.241136510328199,0.434045718590759),
 .UNSPECIFIED.);
#719=B_SPLINE_CURVE_WITH_KNOTS('',3,(#6048,#6049,#6050,#6051),
 .UNSPECIFIED.,.F.,.F.,(4,4),(0.241136510328199,0.434045718590759),
 .UNSPECIFIED.);
#720=B_SPLINE_CURVE_WITH_KNOTS('',3,(#6052,#6053,#6054,#6055),
 .UNSPECIFIED.,.F.,.F.,(4,4),(0.092744811664692,0.241136510328199),
 .UNSPECIFIED.);
#721=B_SPLINE_CURVE_WITH_KNOTS('',3,(#6056,#6057,#6058,#6059),
 .UNSPECIFIED.,.F.,.F.,(4,4),(0.,0.092744811664692),.UNSPECIFIED.);
#722=B_SPLINE_CURVE_WITH_KNOTS('',3,(#6229,#6230,#6231,#6232,#6233,#6234,
#6235,#6236,#6237,#6238,#6239,#6240,#6241,#6242,#6243,#6244,#6245),
 .UNSPECIFIED.,.F.,.F.,(4,1,2,1,2,1,2,2,2,4),(6.83014685729065E-17,0.0138847929275063,
0.0277695858550125,0.0434897515554442,0.0552798758307679,0.0744507395173089,
0.0936216032038499,0.118076567238631,0.135113153767035,0.145909446908186),
 .UNSPECIFIED.);
#723=B_SPLINE_CURVE_WITH_KNOTS('',3,(#6248,#6249,#6250,#6251,#6252,#6253,
#6254,#6255,#6256,#6257,#6258,#6259,#6260,#6261,#6262,#6263,#6264),
 .UNSPECIFIED.,.F.,.F.,(4,2,2,2,1,2,1,2,1,4),(-0.145909446908186,-0.135113153767035,
-0.118076567238631,-0.0936216032038499,-0.0744507395173089,-0.0552798758307679,
-0.0434897515554442,-0.0277695858550125,-0.0138847929275063,-6.83014685729065E-17),
 .UNSPECIFIED.);
#724=B_SPLINE_CURVE_WITH_KNOTS('',3,(#6335,#6336,#6337,#6338,#6339,#6340,
#6341),.UNSPECIFIED.,.F.,.F.,(4,3,4),(0.,0.57142860942455,1.00000006640464),
 .UNSPECIFIED.);
#725=B_SPLINE_CURVE_WITH_KNOTS('',3,(#6343,#6344,#6345,#6346,#6347,#6348),
 .UNSPECIFIED.,.F.,.F.,(4,2,4),(0.000364430076386345,0.0196120854415081,
0.104616359181546),.UNSPECIFIED.);
#726=B_SPLINE_CURVE_WITH_KNOTS('',3,(#6351,#6352,#6353,#6354,#6355,#6356),
 .UNSPECIFIED.,.F.,.F.,(4,2,4),(-0.104616359181546,-0.0196120854415081,
-2.06967556129112E-14),.UNSPECIFIED.);
#727=B_SPLINE_CURVE_WITH_KNOTS('',3,(#6389,#6390,#6391,#6392,#6393,#6394),
 .UNSPECIFIED.,.F.,.F.,(4,1,1,4),(-0.185123453118059,-0.132231037941471,
-0.0793386227648824,0.),.UNSPECIFIED.);
#728=B_SPLINE_CURVE_WITH_KNOTS('',3,(#6395,#6396,#6397,#6398,#6399,#6400),
 .UNSPECIFIED.,.F.,.F.,(4,1,1,4),(0.,0.0793386227648824,0.132231037941471,
0.185123453118059),.UNSPECIFIED.);
#729=B_SPLINE_CURVE_WITH_KNOTS('',3,(#6439,#6440,#6441,#6442,#6443),
 .UNSPECIFIED.,.F.,.F.,(4,1,4),(-0.17210098650174,-0.0737575656436028,0.),
 .UNSPECIFIED.);
#730=B_SPLINE_CURVE_WITH_KNOTS('',3,(#6444,#6445,#6446,#6447,#6448),
 .UNSPECIFIED.,.F.,.F.,(4,1,4),(0.,0.0737575656436028,0.17210098650174),
 .UNSPECIFIED.);
#731=B_SPLINE_CURVE_WITH_KNOTS('',3,(#6469,#6470,#6471,#6472),
 .UNSPECIFIED.,.F.,.F.,(4,4),(2.69960784412757E-14,0.0908201593097949),
 .UNSPECIFIED.);
#732=B_SPLINE_CURVE_WITH_KNOTS('',3,(#6473,#6474,#6475,#6476),
 .UNSPECIFIED.,.F.,.F.,(4,4),(-0.0908201593097949,-0.000364440470568933),
 .UNSPECIFIED.);
#733=B_SPLINE_CURVE_WITH_KNOTS('',3,(#6499,#6500,#6501,#6502),
 .UNSPECIFIED.,.F.,.F.,(4,4),(-0.076793649734,0.),.UNSPECIFIED.);
#734=B_SPLINE_CURVE_WITH_KNOTS('',3,(#6505,#6506,#6507,#6508),
 .UNSPECIFIED.,.F.,.F.,(4,4),(0.,0.076793649734),.UNSPECIFIED.);
#735=B_SPLINE_CURVE_WITH_KNOTS('',3,(#6534,#6535,#6536,#6537),
 .UNSPECIFIED.,.F.,.F.,(4,4),(-1.60000000000004,-0.0999999999999998),
 .UNSPECIFIED.);
#736=B_SPLINE_CURVE_WITH_KNOTS('',3,(#6539,#6540,#6541,#6542),
 .UNSPECIFIED.,.F.,.F.,(4,4),(-0.108330123777696,-0.0203435531925617),
 .UNSPECIFIED.);
#737=B_SPLINE_CURVE_WITH_KNOTS('',3,(#6544,#6545,#6546,#6547),
 .UNSPECIFIED.,.F.,.F.,(4,4),(0.0400566039322889,0.0630977287173036),
 .UNSPECIFIED.);
#738=B_SPLINE_CURVE_WITH_KNOTS('',3,(#6573,#6574,#6575,#6576,#6577,#6578,
#6579,#6580,#6581,#6582),.UNSPECIFIED.,.F.,.F.,(4,3,3,4),(0.,0.10609391275738,
0.21218782551476,0.371328694650829),.UNSPECIFIED.);
#739=B_SPLINE_CURVE_WITH_KNOTS('',3,(#6608,#6609,#6610,#6611),
 .UNSPECIFIED.,.F.,.F.,(4,4),(-2.00000000000016,2.86980883384561E-15),
 .UNSPECIFIED.);
#740=B_SPLINE_CURVE_WITH_KNOTS('',3,(#6612,#6613,#6614,#6615,#6616,#6617,
#6618,#6619,#6620,#6621),.UNSPECIFIED.,.F.,.F.,(4,3,3,4),(0.,0.0540368485299834,
0.108073697059967,0.189128969854942),.UNSPECIFIED.);
#741=B_SPLINE_CURVE_WITH_KNOTS('',3,(#6631,#6632,#6633,#6634),
 .UNSPECIFIED.,.F.,.F.,(4,4),(-6.66133814775094E-16,2.00000000000016),
 .UNSPECIFIED.);
#742=B_SPLINE_CURVE_WITH_KNOTS('',3,(#6635,#6636,#6637,#6638),
 .UNSPECIFIED.,.F.,.F.,(4,4),(-0.212733394530193,-0.139130641396695),
 .UNSPECIFIED.);
#743=B_SPLINE_CURVE_WITH_KNOTS('',3,(#6655,#6656,#6657,#6658,#6659,#6660,
#6661,#6662,#6663,#6664,#6665,#6666,#6667,#6668),.UNSPECIFIED.,.F.,.F.,
(4,2,2,2,2,2,4),(-0.000524691493148271,0.,0.0261639268328162,0.0513688433561274,
0.091881617567491,0.129753649748008,0.166543229419651),.UNSPECIFIED.);
#744=B_SPLINE_CURVE_WITH_KNOTS('',3,(#6737,#6738,#6739,#6740,#6741),
 .UNSPECIFIED.,.F.,.F.,(4,1,4),(-0.11271791459922,-0.05635895729961,-3.88578058618515E-17),
 .UNSPECIFIED.);
#745=B_SPLINE_CURVE_WITH_KNOTS('',3,(#6742,#6743,#6744,#6745,#6746),
 .UNSPECIFIED.,.F.,.F.,(4,1,4),(3.88578058618515E-17,0.05635895729961,0.11271791459922),
 .UNSPECIFIED.);
#746=B_SPLINE_CURVE_WITH_KNOTS('',3,(#6867,#6868,#6869,#6870,#6871,#6872,
#6873,#6874,#6875,#6876,#6877,#6878,#6879,#6880,#6881,#6882,#6883,#6884,
#6885,#6886,#6887,#6888,#6889,#6890),.UNSPECIFIED.,.F.,.F.,(4,2,2,2,2,2,
1,1,1,2,1,1,1,2,4),(-1.52749519728858,-1.29525394498386,-0.942222263337681,
-0.570423856863903,-0.326711740026871,-0.251571472062458,-0.23803998507332,
-0.232453231270473,-0.229018993747228,-0.219998002421137,-0.194604312792917,
-0.184937086806054,-0.169210623164698,-0.131120088722369,-1.33668462446256E-12),
 .UNSPECIFIED.);
#747=B_SPLINE_CURVE_WITH_KNOTS('',3,(#6891,#6892,#6893,#6894,#6895,#6896,
#6897,#6898,#6899,#6900,#6901,#6902,#6903,#6904,#6905,#6906,#6907,#6908,
#6909,#6910,#6911,#6912,#6913,#6914),.UNSPECIFIED.,.F.,.F.,(4,2,1,1,1,2,
1,1,1,2,2,2,2,2,4),(1.33668462446256E-12,0.131120088722369,0.169210623164698,
0.184937086806054,0.194604312792917,0.219998002421137,0.229018993747228,
0.232453231270473,0.23803998507332,0.251571472062458,0.326711740026871,
0.570423856863903,0.942222263337681,1.29525394498386,1.48175931174793),
 .UNSPECIFIED.);
#748=B_SPLINE_CURVE_WITH_KNOTS('',3,(#6918,#6919,#6920,#6921),
 .UNSPECIFIED.,.F.,.F.,(4,4),(1.89999999999998,3.09999999999997),
 .UNSPECIFIED.);
#749=B_SPLINE_CURVE_WITH_KNOTS('',3,(#6944,#6945,#6946,#6947),
 .UNSPECIFIED.,.F.,.F.,(4,4),(-3.09999999999997,-1.89999999999998),
 .UNSPECIFIED.);
#750=B_SPLINE_CURVE_WITH_KNOTS('',3,(#6948,#6949,#6950,#6951,#6952,#6953,
#6954),.UNSPECIFIED.,.F.,.F.,(4,3,4),(0.,0.113053770677441,0.226107541354882),
 .UNSPECIFIED.);
#751=B_SPLINE_CURVE_WITH_KNOTS('',3,(#7012,#7013,#7014,#7015,#7016,#7017,
#7018),.UNSPECIFIED.,.F.,.F.,(4,3,4),(-1.43813208987948,-1.33312850426438,
-1.1321761291024),.UNSPECIFIED.);
#752=B_SPLINE_CURVE_WITH_KNOTS('',3,(#7020,#7021,#7022,#7023,#7024,#7025,
#7026,#7027,#7028,#7029,#7030,#7031,#7032,#7033,#7034,#7035,#7036,#7037,
#7038,#7039,#7040,#7041,#7042,#7043,#7044,#7045,#7046,#7047,#7048,#7049,
#7050,#7051,#7052,#7053,#7054,#7055,#7056),.UNSPECIFIED.,.F.,.F.,(4,3,3,
3,3,3,3,3,3,3,3,3,4),(-1.1321761291024,-0.963135927890808,-0.878615827285015,
-0.836355776982118,-0.81522575183067,-0.804660739254946,-0.799378232967084,
-0.796736979823153,-0.795416353251187,-0.79469777068192,-0.794298505529436,
-0.794121832939857,-0.794095726679221),.UNSPECIFIED.);
#753=B_SPLINE_CURVE_WITH_KNOTS('',3,(#7058,#7059,#7060,#7061,#7062,#7063,
#7064,#7065,#7066,#7067,#7068,#7069,#7070,#7071,#7072,#7073,#7074,#7075,
#7076,#7077,#7078,#7079,#7080,#7081,#7082,#7083,#7084,#7085,#7086,#7087,
#7088,#7089,#7090,#7091,#7092,#7093,#7094,#7095,#7096,#7097,#7098,#7099,
#7100),.UNSPECIFIED.,.F.,.F.,(4,3,3,3,3,3,3,3,3,3,3,3,3,3,4),(-0.794095726679221,
-0.664650885922767,-0.59992846554454,-0.567567255355426,-0.551386650260869,
-0.543296347713591,-0.539251196439952,-0.537228620803132,-0.536217332984722,
-0.535711689075517,-0.535458867120915,-0.535309287617598,-0.535232880663659,
-0.53521318771814,-0.535206045166313),.UNSPECIFIED.);
#754=B_SPLINE_CURVE_WITH_KNOTS('',3,(#7102,#7103,#7104,#7105),
 .UNSPECIFIED.,.F.,.F.,(4,4),(-1.62617542831605,-1.55835206551139),
 .UNSPECIFIED.);
#755=B_SPLINE_CURVE_WITH_KNOTS('',3,(#7107,#7108,#7109,#7110,#7111,#7112,
#7113,#7114,#7115,#7116,#7117,#7118,#7119,#7120,#7121,#7122,#7123,#7124,
#7125,#7126,#7127,#7128,#7129,#7130,#7131,#7132,#7133,#7134,#7135,#7136,
#7137,#7138,#7139,#7140,#7141,#7142,#7143),.UNSPECIFIED.,.F.,.F.,(4,3,3,
3,3,3,3,3,3,3,3,3,4),(-0.438475424413766,-0.401862440576973,-0.383555948658576,
-0.374402702699377,-0.369826079719778,-0.367537768229978,-0.366393612485079,
-0.365821534612629,-0.365535495676404,-0.365378470490834,-0.365292181763934,
-0.365254544285182,-0.365249456740179),.UNSPECIFIED.);
#756=B_SPLINE_CURVE_WITH_KNOTS('',3,(#7145,#7146,#7147,#7148,#7149,#7150,
#7151,#7152,#7153,#7154,#7155,#7156,#7157,#7158,#7159,#7160,#7161,#7162,
#7163,#7164,#7165,#7166,#7167,#7168,#7169,#7170,#7171,#7172,#7173,#7174,
#7175,#7176,#7177,#7178),.UNSPECIFIED.,.F.,.F.,(4,3,3,3,3,3,3,3,3,3,3,4),
(-0.365249456740179,-0.296942545494631,-0.262789089871857,-0.245712362060469,
-0.237173998154776,-0.232904816201929,-0.230770225225506,-0.229655679177875,
-0.229022673079382,-0.228718634058654,-0.228651113013564,-0.228635634249082),
 .UNSPECIFIED.);
#757=B_SPLINE_CURVE_WITH_KNOTS('',3,(#7179,#7180,#7181,#7182),
 .UNSPECIFIED.,.F.,.F.,(4,4),(-0.228635634249082,-0.112099592538844),
 .UNSPECIFIED.);
#758=B_SPLINE_CURVE_WITH_KNOTS('',3,(#7207,#7208,#7209,#7210,#7211,#7212,
#7213),.UNSPECIFIED.,.F.,.F.,(4,3,4),(0.,0.059846006205147,0.119692012410294),
 .UNSPECIFIED.);
#759=B_SPLINE_CURVE_WITH_KNOTS('',3,(#7239,#7240,#7241,#7242),
 .UNSPECIFIED.,.F.,.F.,(4,4),(-1.5,2.9491597502879E-14),.UNSPECIFIED.);
#760=B_SPLINE_CURVE_WITH_KNOTS('',3,(#7243,#7244,#7245,#7246,#7247,#7248,
#7249,#7250,#7251,#7252),.UNSPECIFIED.,.F.,.F.,(4,3,3,4),(0.,0.0986073783067976,
0.197214756613595,0.345125824073792),.UNSPECIFIED.);
#761=B_SPLINE_CURVE_WITH_KNOTS('',3,(#7267,#7268,#7269,#7270),
 .UNSPECIFIED.,.F.,.F.,(4,4),(-0.614412149172503,-0.564189031900419),
 .UNSPECIFIED.);
#762=B_SPLINE_CURVE_WITH_KNOTS('',3,(#7323,#7324,#7325,#7326),
 .UNSPECIFIED.,.F.,.F.,(4,4),(-0.092744811664692,0.),.UNSPECIFIED.);
#763=B_SPLINE_CURVE_WITH_KNOTS('',3,(#7367,#7368,#7369,#7370),
 .UNSPECIFIED.,.F.,.F.,(4,4),(-0.241136510328199,-0.092744811664692),
 .UNSPECIFIED.);
#764=B_SPLINE_CURVE_WITH_KNOTS('',3,(#7373,#7374,#7375,#7376),
 .UNSPECIFIED.,.F.,.F.,(4,4),(-0.0385710902038451,0.),.UNSPECIFIED.);
#765=B_SPLINE_CURVE_WITH_KNOTS('',3,(#7378,#7379,#7380,#7381),
 .UNSPECIFIED.,.F.,.F.,(4,4),(-0.0657922493240973,-0.0385710902038451),
 .UNSPECIFIED.);
#766=B_SPLINE_CURVE_WITH_KNOTS('',3,(#7383,#7384,#7385,#7386),
 .UNSPECIFIED.,.F.,.F.,(4,4),(-0.102732718491492,-0.0657922493240973),
 .UNSPECIFIED.);
#767=B_SPLINE_CURVE_WITH_KNOTS('',3,(#7387,#7388,#7389,#7390),
 .UNSPECIFIED.,.F.,.F.,(4,4),(-0.434045718590759,-0.241136510328199),
 .UNSPECIFIED.);
#768=VERTEX_POINT('',#2836);
#769=VERTEX_POINT('',#2837);
#770=VERTEX_POINT('',#2852);
#771=VERTEX_POINT('',#2861);
#772=VERTEX_POINT('',#3020);
#773=VERTEX_POINT('',#3033);
#774=VERTEX_POINT('',#3183);
#775=VERTEX_POINT('',#3192);
#776=VERTEX_POINT('',#3348);
#777=VERTEX_POINT('',#3361);
#778=VERTEX_POINT('',#3517);
#779=VERTEX_POINT('',#3526);
#780=VERTEX_POINT('',#3661);
#781=VERTEX_POINT('',#3671);
#782=VERTEX_POINT('',#3806);
#783=VERTEX_POINT('',#3815);
#784=VERTEX_POINT('',#3951);
#785=VERTEX_POINT('',#3952);
#786=VERTEX_POINT('',#3966);
#787=VERTEX_POINT('',#3974);
#788=VERTEX_POINT('',#4131);
#789=VERTEX_POINT('',#4145);
#790=VERTEX_POINT('',#4293);
#791=VERTEX_POINT('',#4301);
#792=VERTEX_POINT('',#4449);
#793=VERTEX_POINT('',#4463);
#794=VERTEX_POINT('',#4611);
#795=VERTEX_POINT('',#4619);
#796=VERTEX_POINT('',#4773);
#797=VERTEX_POINT('',#4787);
#798=VERTEX_POINT('',#4941);
#799=VERTEX_POINT('',#4949);
#800=VERTEX_POINT('',#5064);
#801=VERTEX_POINT('',#5065);
#802=VERTEX_POINT('',#5086);
#803=VERTEX_POINT('',#5088);
#804=VERTEX_POINT('',#5140);
#805=VERTEX_POINT('',#5141);
#806=VERTEX_POINT('',#5157);
#807=VERTEX_POINT('',#5159);
#808=VERTEX_POINT('',#5177);
#809=VERTEX_POINT('',#5182);
#810=VERTEX_POINT('',#5184);
#811=VERTEX_POINT('',#5186);
#812=VERTEX_POINT('',#5188);
#813=VERTEX_POINT('',#5190);
#814=VERTEX_POINT('',#5192);
#815=VERTEX_POINT('',#5194);
#816=VERTEX_POINT('',#5196);
#817=VERTEX_POINT('',#5198);
#818=VERTEX_POINT('',#5200);
#819=VERTEX_POINT('',#5202);
#820=VERTEX_POINT('',#5204);
#821=VERTEX_POINT('',#5206);
#822=VERTEX_POINT('',#5208);
#823=VERTEX_POINT('',#5210);
#824=VERTEX_POINT('',#5212);
#825=VERTEX_POINT('',#5214);
#826=VERTEX_POINT('',#5216);
#827=VERTEX_POINT('',#5218);
#828=VERTEX_POINT('',#5225);
#829=VERTEX_POINT('',#5227);
#830=VERTEX_POINT('',#5230);
#831=VERTEX_POINT('',#5235);
#832=VERTEX_POINT('',#5246);
#833=VERTEX_POINT('',#5248);
#834=VERTEX_POINT('',#5250);
#835=VERTEX_POINT('',#5252);
#836=VERTEX_POINT('',#5254);
#837=VERTEX_POINT('',#5256);
#838=VERTEX_POINT('',#5259);
#839=VERTEX_POINT('',#5261);
#840=VERTEX_POINT('',#5263);
#841=VERTEX_POINT('',#5265);
#842=VERTEX_POINT('',#5268);
#843=VERTEX_POINT('',#5270);
#844=VERTEX_POINT('',#5274);
#845=VERTEX_POINT('',#5281);
#846=VERTEX_POINT('',#5283);
#847=VERTEX_POINT('',#5287);
#848=VERTEX_POINT('',#5291);
#849=VERTEX_POINT('',#5295);
#850=VERTEX_POINT('',#5299);
#851=VERTEX_POINT('',#5334);
#852=VERTEX_POINT('',#5335);
#853=VERTEX_POINT('',#5342);
#854=VERTEX_POINT('',#5344);
#855=VERTEX_POINT('',#5385);
#856=VERTEX_POINT('',#5386);
#857=VERTEX_POINT('',#5393);
#858=VERTEX_POINT('',#5395);
#859=VERTEX_POINT('',#5505);
#860=VERTEX_POINT('',#5694);
#861=VERTEX_POINT('',#5776);
#862=VERTEX_POINT('',#5777);
#863=VERTEX_POINT('',#5816);
#864=VERTEX_POINT('',#5818);
#865=VERTEX_POINT('',#5820);
#866=VERTEX_POINT('',#5825);
#867=VERTEX_POINT('',#5827);
#868=VERTEX_POINT('',#5832);
#869=VERTEX_POINT('',#5876);
#870=VERTEX_POINT('',#5877);
#871=VERTEX_POINT('',#5887);
#872=VERTEX_POINT('',#5891);
#873=VERTEX_POINT('',#5895);
#874=VERTEX_POINT('',#5899);
#875=VERTEX_POINT('',#5903);
#876=VERTEX_POINT('',#5962);
#877=VERTEX_POINT('',#5964);
#878=VERTEX_POINT('',#5971);
#879=VERTEX_POINT('',#5973);
#880=VERTEX_POINT('',#5977);
#881=VERTEX_POINT('',#5981);
#882=VERTEX_POINT('',#5983);
#883=VERTEX_POINT('',#5985);
#884=VERTEX_POINT('',#5990);
#885=VERTEX_POINT('',#5992);
#886=VERTEX_POINT('',#5997);
#887=VERTEX_POINT('',#5999);
#888=VERTEX_POINT('',#6003);
#889=VERTEX_POINT('',#6007);
#890=VERTEX_POINT('',#6009);
#891=VERTEX_POINT('',#6013);
#892=VERTEX_POINT('',#6023);
#893=VERTEX_POINT('',#6025);
#894=VERTEX_POINT('',#6027);
#895=VERTEX_POINT('',#6029);
#896=VERTEX_POINT('',#6032);
#897=VERTEX_POINT('',#6033);
#898=VERTEX_POINT('',#6038);
#899=VERTEX_POINT('',#6043);
#900=VERTEX_POINT('',#6061);
#901=VERTEX_POINT('',#6062);
#902=VERTEX_POINT('',#6067);
#903=VERTEX_POINT('',#6069);
#904=VERTEX_POINT('',#6071);
#905=VERTEX_POINT('',#6089);
#906=VERTEX_POINT('',#6090);
#907=VERTEX_POINT('',#6092);
#908=VERTEX_POINT('',#6097);
#909=VERTEX_POINT('',#6115);
#910=VERTEX_POINT('',#6116);
#911=VERTEX_POINT('',#6121);
#912=VERTEX_POINT('',#6122);
#913=VERTEX_POINT('',#6228);
#914=VERTEX_POINT('',#6246);
#915=VERTEX_POINT('',#6266);
#916=VERTEX_POINT('',#6267);
#917=VERTEX_POINT('',#6280);
#918=VERTEX_POINT('',#6281);
#919=VERTEX_POINT('',#6289);
#920=VERTEX_POINT('',#6291);
#921=VERTEX_POINT('',#6295);
#922=VERTEX_POINT('',#6333);
#923=VERTEX_POINT('',#6334);
#924=VERTEX_POINT('',#6342);
#925=VERTEX_POINT('',#6349);
#926=VERTEX_POINT('',#6387);
#927=VERTEX_POINT('',#6402);
#928=VERTEX_POINT('',#6406);
#929=VERTEX_POINT('',#6408);
#930=VERTEX_POINT('',#6436);
#931=VERTEX_POINT('',#6437);
#932=VERTEX_POINT('',#6497);
#933=VERTEX_POINT('',#6503);
#934=VERTEX_POINT('',#6533);
#935=VERTEX_POINT('',#6538);
#936=VERTEX_POINT('',#6543);
#937=VERTEX_POINT('',#6607);
#938=VERTEX_POINT('',#6630);
#939=VERTEX_POINT('',#6649);
#940=VERTEX_POINT('',#6650);
#941=VERTEX_POINT('',#6653);
#942=VERTEX_POINT('',#6670);
#943=VERTEX_POINT('',#6682);
#944=VERTEX_POINT('',#6686);
#945=VERTEX_POINT('',#6698);
#946=VERTEX_POINT('',#6699);
#947=VERTEX_POINT('',#6704);
#948=VERTEX_POINT('',#6705);
#949=VERTEX_POINT('',#6734);
#950=VERTEX_POINT('',#6735);
#951=VERTEX_POINT('',#6917);
#952=VERTEX_POINT('',#6943);
#953=VERTEX_POINT('',#7011);
#954=VERTEX_POINT('',#7019);
#955=VERTEX_POINT('',#7057);
#956=VERTEX_POINT('',#7101);
#957=VERTEX_POINT('',#7106);
#958=VERTEX_POINT('',#7144);
#959=VERTEX_POINT('',#7238);
#960=VERTEX_POINT('',#7273);
#961=VERTEX_POINT('',#7277);
#962=VERTEX_POINT('',#7320);
#963=VERTEX_POINT('',#7365);
#964=VERTEX_POINT('',#7372);
#965=VERTEX_POINT('',#7377);
#966=VERTEX_POINT('',#7382);
#967=EDGE_CURVE('',#768,#769,#665,.T.);
#968=EDGE_CURVE('',#768,#770,#666,.T.);
#969=EDGE_CURVE('',#770,#771,#667,.T.);
#970=EDGE_CURVE('',#769,#771,#559,.T.);
#971=EDGE_CURVE('',#768,#772,#668,.T.);
#972=EDGE_CURVE('',#773,#772,#560,.T.);
#973=EDGE_CURVE('',#773,#770,#669,.T.);
#974=EDGE_CURVE('',#768,#774,#670,.T.);
#975=EDGE_CURVE('',#774,#775,#671,.T.);
#976=EDGE_CURVE('',#772,#775,#561,.T.);
#977=EDGE_CURVE('',#768,#776,#672,.T.);
#978=EDGE_CURVE('',#777,#776,#562,.T.);
#979=EDGE_CURVE('',#777,#774,#673,.T.);
#980=EDGE_CURVE('',#768,#778,#674,.T.);
#981=EDGE_CURVE('',#778,#779,#675,.T.);
#982=EDGE_CURVE('',#776,#779,#563,.T.);
#983=EDGE_CURVE('',#768,#780,#676,.T.);
#984=EDGE_CURVE('',#781,#780,#564,.T.);
#985=EDGE_CURVE('',#781,#778,#677,.T.);
#986=EDGE_CURVE('',#768,#782,#678,.T.);
#987=EDGE_CURVE('',#782,#783,#679,.T.);
#988=EDGE_CURVE('',#780,#783,#565,.T.);
#989=EDGE_CURVE('',#784,#785,#680,.T.);
#990=EDGE_CURVE('',#784,#786,#681,.T.);
#991=EDGE_CURVE('',#786,#787,#682,.T.);
#992=EDGE_CURVE('',#785,#787,#566,.T.);
#993=EDGE_CURVE('',#784,#788,#683,.T.);
#994=EDGE_CURVE('',#789,#788,#567,.T.);
#995=EDGE_CURVE('',#789,#786,#684,.T.);
#996=EDGE_CURVE('',#784,#790,#685,.T.);
#997=EDGE_CURVE('',#790,#791,#686,.T.);
#998=EDGE_CURVE('',#788,#791,#568,.T.);
#999=EDGE_CURVE('',#784,#792,#687,.T.);
#1000=EDGE_CURVE('',#793,#792,#569,.T.);
#1001=EDGE_CURVE('',#793,#790,#688,.T.);
#1002=EDGE_CURVE('',#784,#794,#689,.T.);
#1003=EDGE_CURVE('',#794,#795,#690,.T.);
#1004=EDGE_CURVE('',#792,#795,#570,.T.);
#1005=EDGE_CURVE('',#784,#796,#691,.T.);
#1006=EDGE_CURVE('',#797,#796,#571,.T.);
#1007=EDGE_CURVE('',#797,#794,#692,.T.);
#1008=EDGE_CURVE('',#784,#798,#693,.T.);
#1009=EDGE_CURVE('',#798,#799,#694,.T.);
#1010=EDGE_CURVE('',#796,#799,#572,.T.);
#1011=EDGE_CURVE('',#800,#801,#299,.T.);
#1012=EDGE_CURVE('',#800,#802,#89,.T.);
#1013=EDGE_CURVE('',#803,#802,#300,.T.);
#1014=EDGE_CURVE('',#801,#803,#90,.T.);
#1015=EDGE_CURVE('',#804,#805,#301,.T.);
#1016=EDGE_CURVE('',#804,#806,#91,.T.);
#1017=EDGE_CURVE('',#807,#806,#302,.T.);
#1018=EDGE_CURVE('',#805,#807,#92,.T.);
#1019=EDGE_CURVE('',#808,#800,#573,.T.);
#1020=EDGE_CURVE('',#805,#808,#574,.T.);
#1021=EDGE_CURVE('',#802,#807,#575,.T.);
#1022=EDGE_CURVE('',#808,#809,#93,.T.);
#1023=EDGE_CURVE('',#810,#809,#576,.T.);
#1024=EDGE_CURVE('',#810,#811,#94,.T.);
#1025=EDGE_CURVE('',#812,#811,#577,.T.);
#1026=EDGE_CURVE('',#812,#813,#95,.T.);
#1027=EDGE_CURVE('',#814,#813,#578,.T.);
#1028=EDGE_CURVE('',#814,#815,#96,.T.);
#1029=EDGE_CURVE('',#816,#815,#97,.T.);
#1030=EDGE_CURVE('',#817,#816,#579,.F.);
#1031=EDGE_CURVE('',#817,#818,#580,.T.);
#1032=EDGE_CURVE('',#819,#818,#581,.F.);
#1033=EDGE_CURVE('',#820,#819,#98,.T.);
#1034=EDGE_CURVE('',#821,#820,#582,.T.);
#1035=EDGE_CURVE('',#822,#821,#99,.T.);
#1036=EDGE_CURVE('',#823,#822,#583,.F.);
#1037=EDGE_CURVE('',#823,#824,#584,.T.);
#1038=EDGE_CURVE('',#825,#824,#585,.F.);
#1039=EDGE_CURVE('',#826,#825,#586,.T.);
#1040=EDGE_CURVE('',#827,#826,#695,.T.);
#1041=EDGE_CURVE('',#827,#828,#100,.T.);
#1042=EDGE_CURVE('',#829,#828,#587,.T.);
#1043=EDGE_CURVE('',#829,#808,#101,.T.);
#1044=EDGE_CURVE('',#830,#801,#696,.T.);
#1045=EDGE_CURVE('',#831,#830,#697,.F.);
#1046=EDGE_CURVE('',#831,#832,#588,.T.);
#1047=EDGE_CURVE('',#833,#832,#589,.F.);
#1048=EDGE_CURVE('',#834,#833,#102,.T.);
#1049=EDGE_CURVE('',#835,#834,#590,.T.);
#1050=EDGE_CURVE('',#836,#835,#103,.T.);
#1051=EDGE_CURVE('',#837,#836,#591,.T.);
#1052=EDGE_CURVE('',#804,#837,#104,.T.);
#1053=EDGE_CURVE('',#838,#838,#592,.T.);
#1054=EDGE_CURVE('',#839,#839,#593,.T.);
#1055=EDGE_CURVE('',#840,#840,#594,.T.);
#1056=EDGE_CURVE('',#841,#841,#595,.T.);
#1057=EDGE_CURVE('',#828,#842,#105,.T.);
#1058=EDGE_CURVE('',#842,#843,#596,.T.);
#1059=EDGE_CURVE('',#843,#829,#106,.T.);
#1060=EDGE_CURVE('',#844,#827,#698,.T.);
#1061=EDGE_CURVE('',#842,#844,#107,.T.);
#1062=EDGE_CURVE('',#813,#845,#108,.T.);
#1063=EDGE_CURVE('',#845,#846,#597,.T.);
#1064=EDGE_CURVE('',#846,#814,#109,.T.);
#1065=EDGE_CURVE('',#847,#812,#110,.T.);
#1066=EDGE_CURVE('',#845,#847,#111,.T.);
#1067=EDGE_CURVE('',#811,#848,#112,.T.);
#1068=EDGE_CURVE('',#848,#847,#598,.T.);
#1069=EDGE_CURVE('',#849,#810,#113,.T.);
#1070=EDGE_CURVE('',#848,#849,#114,.T.);
#1071=EDGE_CURVE('',#809,#850,#115,.T.);
#1072=EDGE_CURVE('',#850,#849,#599,.T.);
#1073=EDGE_CURVE('',#850,#843,#116,.T.);
#1074=EDGE_CURVE('',#851,#852,#699,.F.);
#1075=EDGE_CURVE('',#853,#851,#600,.T.);
#1076=EDGE_CURVE('',#853,#854,#700,.T.);
#1077=EDGE_CURVE('',#852,#854,#601,.T.);
#1078=EDGE_CURVE('',#816,#853,#117,.T.);
#1079=EDGE_CURVE('',#851,#817,#118,.T.);
#1080=EDGE_CURVE('',#855,#856,#701,.T.);
#1081=EDGE_CURVE('',#857,#856,#602,.T.);
#1082=EDGE_CURVE('',#858,#857,#702,.F.);
#1083=EDGE_CURVE('',#855,#858,#603,.T.);
#1084=EDGE_CURVE('',#818,#857,#119,.T.);
#1085=EDGE_CURVE('',#856,#819,#120,.T.);
#1086=EDGE_CURVE('',#857,#851,#604,.T.);
#1087=EDGE_CURVE('',#852,#858,#605,.T.);
#1088=EDGE_CURVE('',#854,#855,#121,.T.);
#1089=EDGE_CURVE('',#858,#852,#122,.T.);
#1090=EDGE_CURVE('',#859,#785,#606,.T.);
#1091=EDGE_CURVE('',#859,#798,#703,.T.);
#1092=EDGE_CURVE('',#830,#789,#704,.T.);
#1093=EDGE_CURVE('',#791,#831,#705,.T.);
#1094=EDGE_CURVE('',#860,#769,#607,.T.);
#1095=EDGE_CURVE('',#860,#782,#706,.T.);
#1096=EDGE_CURVE('',#822,#773,#123,.T.);
#1097=EDGE_CURVE('',#775,#823,#124,.T.);
#1098=EDGE_CURVE('',#771,#797,#125,.T.);
#1099=EDGE_CURVE('',#799,#860,#126,.T.);
#1100=EDGE_CURVE('',#861,#862,#608,.T.);
#1101=EDGE_CURVE('',#862,#781,#609,.T.);
#1102=EDGE_CURVE('',#783,#861,#610,.T.);
#1103=EDGE_CURVE('',#787,#862,#707,.T.);
#1104=EDGE_CURVE('',#861,#859,#708,.T.);
#1105=EDGE_CURVE('',#824,#777,#127,.T.);
#1106=EDGE_CURVE('',#779,#825,#128,.T.);
#1107=EDGE_CURVE('',#832,#793,#129,.T.);
#1108=EDGE_CURVE('',#795,#833,#130,.T.);
#1109=EDGE_CURVE('',#862,#863,#131,.T.);
#1110=EDGE_CURVE('',#864,#863,#611,.T.);
#1111=EDGE_CURVE('',#865,#864,#709,.T.);
#1112=EDGE_CURVE('',#866,#865,#612,.T.);
#1113=EDGE_CURVE('',#867,#866,#710,.T.);
#1114=EDGE_CURVE('',#868,#867,#613,.T.);
#1115=EDGE_CURVE('',#826,#868,#132,.T.);
#1116=EDGE_CURVE('',#863,#803,#303,.T.);
#1117=EDGE_CURVE('',#869,#870,#711,.T.);
#1118=EDGE_CURVE('',#870,#869,#712,.T.);
#1119=EDGE_CURVE('',#840,#871,#133,.T.);
#1120=EDGE_CURVE('',#871,#871,#614,.T.);
#1121=EDGE_CURVE('',#838,#872,#134,.T.);
#1122=EDGE_CURVE('',#872,#872,#615,.T.);
#1123=EDGE_CURVE('',#839,#873,#135,.T.);
#1124=EDGE_CURVE('',#873,#873,#616,.T.);
#1125=EDGE_CURVE('',#841,#874,#136,.T.);
#1126=EDGE_CURVE('',#874,#874,#617,.T.);
#1127=EDGE_CURVE('',#875,#846,#137,.T.);
#1128=EDGE_CURVE('',#815,#875,#138,.T.);
#1129=EDGE_CURVE('',#869,#876,#139,.T.);
#1130=EDGE_CURVE('',#877,#876,#713,.T.);
#1131=EDGE_CURVE('',#870,#877,#140,.T.);
#1132=EDGE_CURVE('',#878,#835,#141,.T.);
#1133=EDGE_CURVE('',#879,#878,#142,.T.);
#1134=EDGE_CURVE('',#836,#879,#143,.T.);
#1135=EDGE_CURVE('',#834,#880,#144,.T.);
#1136=EDGE_CURVE('',#878,#880,#618,.T.);
#1137=EDGE_CURVE('',#881,#821,#145,.T.);
#1138=EDGE_CURVE('',#882,#881,#146,.T.);
#1139=EDGE_CURVE('',#883,#882,#714,.T.);
#1140=EDGE_CURVE('',#884,#883,#147,.T.);
#1141=EDGE_CURVE('',#885,#884,#715,.T.);
#1142=EDGE_CURVE('',#886,#885,#148,.T.);
#1143=EDGE_CURVE('',#887,#886,#149,.T.);
#1144=EDGE_CURVE('',#880,#887,#150,.T.);
#1145=EDGE_CURVE('',#820,#888,#151,.T.);
#1146=EDGE_CURVE('',#881,#888,#619,.T.);
#1147=EDGE_CURVE('',#875,#889,#152,.T.);
#1148=EDGE_CURVE('',#890,#889,#153,.T.);
#1149=EDGE_CURVE('',#888,#890,#154,.T.);
#1150=EDGE_CURVE('',#844,#891,#304,.T.);
#1151=EDGE_CURVE('',#892,#891,#155,.T.);
#1152=EDGE_CURVE('',#893,#892,#620,.T.);
#1153=EDGE_CURVE('',#894,#893,#156,.T.);
#1154=EDGE_CURVE('',#895,#894,#621,.T.);
#1155=EDGE_CURVE('',#889,#895,#622,.T.);
#1156=EDGE_CURVE('',#896,#897,#716,.T.);
#1157=EDGE_CURVE('',#897,#898,#717,.T.);
#1158=EDGE_CURVE('',#898,#899,#718,.T.);
#1159=EDGE_CURVE('',#898,#899,#719,.T.);
#1160=EDGE_CURVE('',#897,#898,#720,.T.);
#1161=EDGE_CURVE('',#896,#897,#721,.T.);
#1162=EDGE_CURVE('',#900,#901,#623,.T.);
#1163=EDGE_CURVE('',#901,#895,#157,.T.);
#1164=EDGE_CURVE('',#894,#900,#158,.T.);
#1165=EDGE_CURVE('',#902,#893,#159,.T.);
#1166=EDGE_CURVE('',#903,#902,#160,.T.);
#1167=EDGE_CURVE('',#904,#903,#161,.T.);
#1168=EDGE_CURVE('',#900,#904,#162,.T.);
#1169=EDGE_CURVE('',#905,#906,#624,.T.);
#1170=EDGE_CURVE('',#906,#907,#625,.T.);
#1171=EDGE_CURVE('',#907,#902,#626,.T.);
#1172=EDGE_CURVE('',#902,#905,#627,.T.);
#1173=EDGE_CURVE('',#908,#903,#628,.T.);
#1174=EDGE_CURVE('',#907,#908,#163,.T.);
#1175=EDGE_CURVE('',#909,#910,#629,.T.);
#1176=EDGE_CURVE('',#910,#903,#630,.T.);
#1177=EDGE_CURVE('',#908,#909,#631,.T.);
#1178=EDGE_CURVE('',#911,#912,#632,.T.);
#1179=EDGE_CURVE('',#912,#910,#164,.T.);
#1180=EDGE_CURVE('',#909,#911,#165,.T.);
#1181=EDGE_CURVE('',#911,#913,#722,.T.);
#1182=EDGE_CURVE('',#913,#914,#633,.T.);
#1183=EDGE_CURVE('',#914,#912,#723,.T.);
#1184=EDGE_CURVE('',#915,#916,#634,.T.);
#1185=EDGE_CURVE('',#916,#914,#166,.T.);
#1186=EDGE_CURVE('',#913,#915,#167,.T.);
#1187=EDGE_CURVE('',#917,#918,#635,.T.);
#1188=EDGE_CURVE('',#918,#916,#636,.T.);
#1189=EDGE_CURVE('',#915,#917,#637,.T.);
#1190=EDGE_CURVE('',#917,#906,#168,.T.);
#1191=EDGE_CURVE('',#905,#918,#169,.T.);
#1192=EDGE_CURVE('',#919,#916,#170,.T.);
#1193=EDGE_CURVE('',#919,#920,#171,.T.);
#1194=EDGE_CURVE('',#920,#914,#172,.T.);
#1195=EDGE_CURVE('',#921,#918,#173,.T.);
#1196=EDGE_CURVE('',#921,#919,#638,.T.);
#1197=EDGE_CURVE('',#892,#905,#174,.T.);
#1198=EDGE_CURVE('',#891,#921,#175,.T.);
#1199=EDGE_CURVE('',#922,#923,#724,.T.);
#1200=EDGE_CURVE('',#923,#924,#725,.T.);
#1201=EDGE_CURVE('',#924,#925,#639,.T.);
#1202=EDGE_CURVE('',#925,#922,#726,.T.);
#1203=EDGE_CURVE('',#926,#883,#640,.T.);
#1204=EDGE_CURVE('',#883,#925,#727,.T.);
#1205=EDGE_CURVE('',#924,#926,#728,.T.);
#1206=EDGE_CURVE('',#927,#884,#641,.T.);
#1207=EDGE_CURVE('',#926,#927,#176,.T.);
#1208=EDGE_CURVE('',#928,#866,#642,.T.);
#1209=EDGE_CURVE('',#865,#929,#643,.T.);
#1210=EDGE_CURVE('',#929,#928,#644,.T.);
#1211=EDGE_CURVE('',#930,#931,#645,.T.);
#1212=EDGE_CURVE('',#931,#866,#729,.T.);
#1213=EDGE_CURVE('',#928,#930,#730,.T.);
#1214=EDGE_CURVE('',#922,#931,#731,.T.);
#1215=EDGE_CURVE('',#930,#923,#732,.T.);
#1216=EDGE_CURVE('',#932,#927,#646,.T.);
#1217=EDGE_CURVE('',#927,#929,#733,.T.);
#1218=EDGE_CURVE('',#929,#933,#647,.T.);
#1219=EDGE_CURVE('',#933,#932,#734,.T.);
#1220=EDGE_CURVE('',#932,#884,#648,.T.);
#1221=EDGE_CURVE('',#865,#933,#649,.T.);
#1222=EDGE_CURVE('',#934,#925,#735,.T.);
#1223=EDGE_CURVE('',#934,#935,#736,.T.);
#1224=EDGE_CURVE('',#936,#935,#737,.T.);
#1225=EDGE_CURVE('',#936,#922,#177,.T.);
#1226=EDGE_CURVE('',#882,#934,#738,.F.);
#1227=EDGE_CURVE('',#932,#937,#739,.T.);
#1228=EDGE_CURVE('',#937,#885,#740,.F.);
#1229=EDGE_CURVE('',#938,#933,#741,.T.);
#1230=EDGE_CURVE('',#938,#937,#742,.T.);
#1231=EDGE_CURVE('',#939,#940,#650,.T.);
#1232=EDGE_CURVE('',#940,#887,#651,.T.);
#1233=EDGE_CURVE('',#887,#941,#652,.T.);
#1234=EDGE_CURVE('',#939,#941,#743,.T.);
#1235=EDGE_CURVE('',#942,#880,#653,.T.);
#1236=EDGE_CURVE('',#940,#942,#178,.T.);
#1237=EDGE_CURVE('',#943,#878,#654,.T.);
#1238=EDGE_CURVE('',#942,#943,#655,.T.);
#1239=EDGE_CURVE('',#944,#879,#656,.T.);
#1240=EDGE_CURVE('',#943,#944,#179,.T.);
#1241=EDGE_CURVE('',#945,#946,#657,.T.);
#1242=EDGE_CURVE('',#946,#879,#658,.T.);
#1243=EDGE_CURVE('',#944,#945,#659,.T.);
#1244=EDGE_CURVE('',#947,#948,#660,.T.);
#1245=EDGE_CURVE('',#948,#946,#180,.T.);
#1246=EDGE_CURVE('',#945,#947,#181,.T.);
#1247=EDGE_CURVE('',#949,#950,#661,.T.);
#1248=EDGE_CURVE('',#950,#948,#744,.T.);
#1249=EDGE_CURVE('',#947,#949,#745,.T.);
#1250=EDGE_CURVE('',#941,#950,#746,.T.);
#1251=EDGE_CURVE('',#949,#939,#747,.T.);
#1252=EDGE_CURVE('',#946,#837,#182,.T.);
#1253=EDGE_CURVE('',#951,#948,#748,.T.);
#1254=EDGE_CURVE('',#806,#951,#183,.T.);
#1255=EDGE_CURVE('',#950,#952,#749,.T.);
#1256=EDGE_CURVE('',#951,#952,#750,.T.);
#1257=EDGE_CURVE('',#877,#953,#751,.T.);
#1258=EDGE_CURVE('',#953,#954,#752,.T.);
#1259=EDGE_CURVE('',#954,#955,#753,.T.);
#1260=EDGE_CURVE('',#956,#955,#754,.T.);
#1261=EDGE_CURVE('',#956,#957,#755,.T.);
#1262=EDGE_CURVE('',#957,#958,#756,.T.);
#1263=EDGE_CURVE('',#958,#952,#757,.T.);
#1264=EDGE_CURVE('',#876,#941,#184,.T.);
#1265=EDGE_CURVE('',#886,#876,#662,.F.);
#1266=EDGE_CURVE('',#864,#938,#758,.F.);
#1267=EDGE_CURVE('',#931,#959,#759,.T.);
#1268=EDGE_CURVE('',#867,#959,#760,.T.);
#1269=EDGE_CURVE('',#959,#936,#761,.T.);
#1270=EDGE_CURVE('',#910,#960,#185,.T.);
#1271=EDGE_CURVE('',#904,#960,#663,.T.);
#1272=EDGE_CURVE('',#961,#912,#186,.T.);
#1273=EDGE_CURVE('',#961,#960,#187,.T.);
#1274=EDGE_CURVE('',#901,#890,#664,.T.);
#1275=EDGE_CURVE('',#897,#962,#188,.T.);
#1276=EDGE_CURVE('',#896,#920,#189,.T.);
#1277=EDGE_CURVE('',#962,#920,#762,.T.);
#1278=EDGE_CURVE('',#898,#963,#190,.T.);
#1279=EDGE_CURVE('',#963,#962,#763,.T.);
#1280=EDGE_CURVE('',#964,#961,#764,.T.);
#1281=EDGE_CURVE('',#965,#964,#765,.T.);
#1282=EDGE_CURVE('',#966,#965,#766,.T.);
#1283=EDGE_CURVE('',#966,#963,#767,.T.);
#1284=EDGE_CURVE('',#921,#868,#305,.T.);
#1285=EDGE_CURVE('',#899,#966,#191,.T.);
#1286=EDGE_CURVE('',#897,#962,#192,.T.);
#1287=EDGE_CURVE('',#898,#963,#193,.T.);
#1288=ORIENTED_EDGE('',*,*,#967,.F.);
#1289=ORIENTED_EDGE('',*,*,#968,.T.);
#1290=ORIENTED_EDGE('',*,*,#969,.T.);
#1291=ORIENTED_EDGE('',*,*,#970,.F.);
#1292=ORIENTED_EDGE('',*,*,#968,.F.);
#1293=ORIENTED_EDGE('',*,*,#971,.T.);
#1294=ORIENTED_EDGE('',*,*,#972,.F.);
#1295=ORIENTED_EDGE('',*,*,#973,.T.);
#1296=ORIENTED_EDGE('',*,*,#971,.F.);
#1297=ORIENTED_EDGE('',*,*,#974,.T.);
#1298=ORIENTED_EDGE('',*,*,#975,.T.);
#1299=ORIENTED_EDGE('',*,*,#976,.F.);
#1300=ORIENTED_EDGE('',*,*,#974,.F.);
#1301=ORIENTED_EDGE('',*,*,#977,.T.);
#1302=ORIENTED_EDGE('',*,*,#978,.F.);
#1303=ORIENTED_EDGE('',*,*,#979,.T.);
#1304=ORIENTED_EDGE('',*,*,#977,.F.);
#1305=ORIENTED_EDGE('',*,*,#980,.T.);
#1306=ORIENTED_EDGE('',*,*,#981,.T.);
#1307=ORIENTED_EDGE('',*,*,#982,.F.);
#1308=ORIENTED_EDGE('',*,*,#980,.F.);
#1309=ORIENTED_EDGE('',*,*,#983,.T.);
#1310=ORIENTED_EDGE('',*,*,#984,.F.);
#1311=ORIENTED_EDGE('',*,*,#985,.T.);
#1312=ORIENTED_EDGE('',*,*,#983,.F.);
#1313=ORIENTED_EDGE('',*,*,#986,.T.);
#1314=ORIENTED_EDGE('',*,*,#987,.T.);
#1315=ORIENTED_EDGE('',*,*,#988,.F.);
#1316=ORIENTED_EDGE('',*,*,#989,.F.);
#1317=ORIENTED_EDGE('',*,*,#990,.T.);
#1318=ORIENTED_EDGE('',*,*,#991,.T.);
#1319=ORIENTED_EDGE('',*,*,#992,.F.);
#1320=ORIENTED_EDGE('',*,*,#990,.F.);
#1321=ORIENTED_EDGE('',*,*,#993,.T.);
#1322=ORIENTED_EDGE('',*,*,#994,.F.);
#1323=ORIENTED_EDGE('',*,*,#995,.T.);
#1324=ORIENTED_EDGE('',*,*,#993,.F.);
#1325=ORIENTED_EDGE('',*,*,#996,.T.);
#1326=ORIENTED_EDGE('',*,*,#997,.T.);
#1327=ORIENTED_EDGE('',*,*,#998,.F.);
#1328=ORIENTED_EDGE('',*,*,#996,.F.);
#1329=ORIENTED_EDGE('',*,*,#999,.T.);
#1330=ORIENTED_EDGE('',*,*,#1000,.F.);
#1331=ORIENTED_EDGE('',*,*,#1001,.T.);
#1332=ORIENTED_EDGE('',*,*,#999,.F.);
#1333=ORIENTED_EDGE('',*,*,#1002,.T.);
#1334=ORIENTED_EDGE('',*,*,#1003,.T.);
#1335=ORIENTED_EDGE('',*,*,#1004,.F.);
#1336=ORIENTED_EDGE('',*,*,#1002,.F.);
#1337=ORIENTED_EDGE('',*,*,#1005,.T.);
#1338=ORIENTED_EDGE('',*,*,#1006,.F.);
#1339=ORIENTED_EDGE('',*,*,#1007,.T.);
#1340=ORIENTED_EDGE('',*,*,#1005,.F.);
#1341=ORIENTED_EDGE('',*,*,#1008,.T.);
#1342=ORIENTED_EDGE('',*,*,#1009,.T.);
#1343=ORIENTED_EDGE('',*,*,#1010,.F.);
#1344=ORIENTED_EDGE('',*,*,#1011,.F.);
#1345=ORIENTED_EDGE('',*,*,#1012,.T.);
#1346=ORIENTED_EDGE('',*,*,#1013,.F.);
#1347=ORIENTED_EDGE('',*,*,#1014,.F.);
#1348=ORIENTED_EDGE('',*,*,#1015,.F.);
#1349=ORIENTED_EDGE('',*,*,#1016,.T.);
#1350=ORIENTED_EDGE('',*,*,#1017,.F.);
#1351=ORIENTED_EDGE('',*,*,#1018,.F.);
#1352=ORIENTED_EDGE('',*,*,#1019,.F.);
#1353=ORIENTED_EDGE('',*,*,#1020,.F.);
#1354=ORIENTED_EDGE('',*,*,#1018,.T.);
#1355=ORIENTED_EDGE('',*,*,#1021,.F.);
#1356=ORIENTED_EDGE('',*,*,#1012,.F.);
#1357=ORIENTED_EDGE('',*,*,#1015,.T.);
#1358=ORIENTED_EDGE('',*,*,#1020,.T.);
#1359=ORIENTED_EDGE('',*,*,#1022,.T.);
#1360=ORIENTED_EDGE('',*,*,#1023,.F.);
#1361=ORIENTED_EDGE('',*,*,#1024,.T.);
#1362=ORIENTED_EDGE('',*,*,#1025,.F.);
#1363=ORIENTED_EDGE('',*,*,#1026,.T.);
#1364=ORIENTED_EDGE('',*,*,#1027,.F.);
#1365=ORIENTED_EDGE('',*,*,#1028,.T.);
#1366=ORIENTED_EDGE('',*,*,#1029,.F.);
#1367=ORIENTED_EDGE('',*,*,#1030,.F.);
#1368=ORIENTED_EDGE('',*,*,#1031,.T.);
#1369=ORIENTED_EDGE('',*,*,#1032,.F.);
#1370=ORIENTED_EDGE('',*,*,#1033,.F.);
#1371=ORIENTED_EDGE('',*,*,#1034,.F.);
#1372=ORIENTED_EDGE('',*,*,#1035,.F.);
#1373=ORIENTED_EDGE('',*,*,#1036,.F.);
#1374=ORIENTED_EDGE('',*,*,#1037,.T.);
#1375=ORIENTED_EDGE('',*,*,#1038,.F.);
#1376=ORIENTED_EDGE('',*,*,#1039,.F.);
#1377=ORIENTED_EDGE('',*,*,#1040,.F.);
#1378=ORIENTED_EDGE('',*,*,#1041,.T.);
#1379=ORIENTED_EDGE('',*,*,#1042,.F.);
#1380=ORIENTED_EDGE('',*,*,#1043,.T.);
#1381=ORIENTED_EDGE('',*,*,#1019,.T.);
#1382=ORIENTED_EDGE('',*,*,#1011,.T.);
#1383=ORIENTED_EDGE('',*,*,#1044,.F.);
#1384=ORIENTED_EDGE('',*,*,#1045,.F.);
#1385=ORIENTED_EDGE('',*,*,#1046,.T.);
#1386=ORIENTED_EDGE('',*,*,#1047,.F.);
#1387=ORIENTED_EDGE('',*,*,#1048,.F.);
#1388=ORIENTED_EDGE('',*,*,#1049,.F.);
#1389=ORIENTED_EDGE('',*,*,#1050,.F.);
#1390=ORIENTED_EDGE('',*,*,#1051,.F.);
#1391=ORIENTED_EDGE('',*,*,#1052,.F.);
#1392=ORIENTED_EDGE('',*,*,#1053,.T.);
#1393=ORIENTED_EDGE('',*,*,#1054,.T.);
#1394=ORIENTED_EDGE('',*,*,#1055,.T.);
#1395=ORIENTED_EDGE('',*,*,#1056,.T.);
#1396=ORIENTED_EDGE('',*,*,#1042,.T.);
#1397=ORIENTED_EDGE('',*,*,#1057,.T.);
#1398=ORIENTED_EDGE('',*,*,#1058,.T.);
#1399=ORIENTED_EDGE('',*,*,#1059,.T.);
#1400=ORIENTED_EDGE('',*,*,#1057,.F.);
#1401=ORIENTED_EDGE('',*,*,#1041,.F.);
#1402=ORIENTED_EDGE('',*,*,#1060,.F.);
#1403=ORIENTED_EDGE('',*,*,#1061,.F.);
#1404=ORIENTED_EDGE('',*,*,#1027,.T.);
#1405=ORIENTED_EDGE('',*,*,#1062,.T.);
#1406=ORIENTED_EDGE('',*,*,#1063,.T.);
#1407=ORIENTED_EDGE('',*,*,#1064,.T.);
#1408=ORIENTED_EDGE('',*,*,#1062,.F.);
#1409=ORIENTED_EDGE('',*,*,#1026,.F.);
#1410=ORIENTED_EDGE('',*,*,#1065,.F.);
#1411=ORIENTED_EDGE('',*,*,#1066,.F.);
#1412=ORIENTED_EDGE('',*,*,#1025,.T.);
#1413=ORIENTED_EDGE('',*,*,#1067,.T.);
#1414=ORIENTED_EDGE('',*,*,#1068,.T.);
#1415=ORIENTED_EDGE('',*,*,#1065,.T.);
#1416=ORIENTED_EDGE('',*,*,#1067,.F.);
#1417=ORIENTED_EDGE('',*,*,#1024,.F.);
#1418=ORIENTED_EDGE('',*,*,#1069,.F.);
#1419=ORIENTED_EDGE('',*,*,#1070,.F.);
#1420=ORIENTED_EDGE('',*,*,#1023,.T.);
#1421=ORIENTED_EDGE('',*,*,#1071,.T.);
#1422=ORIENTED_EDGE('',*,*,#1072,.T.);
#1423=ORIENTED_EDGE('',*,*,#1069,.T.);
#1424=ORIENTED_EDGE('',*,*,#1059,.F.);
#1425=ORIENTED_EDGE('',*,*,#1073,.F.);
#1426=ORIENTED_EDGE('',*,*,#1071,.F.);
#1427=ORIENTED_EDGE('',*,*,#1022,.F.);
#1428=ORIENTED_EDGE('',*,*,#1043,.F.);
#1429=ORIENTED_EDGE('',*,*,#1074,.F.);
#1430=ORIENTED_EDGE('',*,*,#1075,.F.);
#1431=ORIENTED_EDGE('',*,*,#1076,.T.);
#1432=ORIENTED_EDGE('',*,*,#1077,.F.);
#1433=ORIENTED_EDGE('',*,*,#1030,.T.);
#1434=ORIENTED_EDGE('',*,*,#1078,.T.);
#1435=ORIENTED_EDGE('',*,*,#1075,.T.);
#1436=ORIENTED_EDGE('',*,*,#1079,.T.);
#1437=ORIENTED_EDGE('',*,*,#1080,.T.);
#1438=ORIENTED_EDGE('',*,*,#1081,.F.);
#1439=ORIENTED_EDGE('',*,*,#1082,.F.);
#1440=ORIENTED_EDGE('',*,*,#1083,.F.);
#1441=ORIENTED_EDGE('',*,*,#1032,.T.);
#1442=ORIENTED_EDGE('',*,*,#1084,.T.);
#1443=ORIENTED_EDGE('',*,*,#1081,.T.);
#1444=ORIENTED_EDGE('',*,*,#1085,.T.);
#1445=ORIENTED_EDGE('',*,*,#1082,.T.);
#1446=ORIENTED_EDGE('',*,*,#1086,.T.);
#1447=ORIENTED_EDGE('',*,*,#1074,.T.);
#1448=ORIENTED_EDGE('',*,*,#1087,.T.);
#1449=ORIENTED_EDGE('',*,*,#1077,.T.);
#1450=ORIENTED_EDGE('',*,*,#1088,.T.);
#1451=ORIENTED_EDGE('',*,*,#1083,.T.);
#1452=ORIENTED_EDGE('',*,*,#1089,.T.);
#1453=ORIENTED_EDGE('',*,*,#1079,.F.);
#1454=ORIENTED_EDGE('',*,*,#1086,.F.);
#1455=ORIENTED_EDGE('',*,*,#1084,.F.);
#1456=ORIENTED_EDGE('',*,*,#1031,.F.);
#1457=ORIENTED_EDGE('',*,*,#1087,.F.);
#1458=ORIENTED_EDGE('',*,*,#1089,.F.);
#1459=ORIENTED_EDGE('',*,*,#989,.T.);
#1460=ORIENTED_EDGE('',*,*,#1090,.F.);
#1461=ORIENTED_EDGE('',*,*,#1091,.T.);
#1462=ORIENTED_EDGE('',*,*,#1008,.F.);
#1463=ORIENTED_EDGE('',*,*,#1045,.T.);
#1464=ORIENTED_EDGE('',*,*,#1092,.T.);
#1465=ORIENTED_EDGE('',*,*,#994,.T.);
#1466=ORIENTED_EDGE('',*,*,#998,.T.);
#1467=ORIENTED_EDGE('',*,*,#1093,.T.);
#1468=ORIENTED_EDGE('',*,*,#967,.T.);
#1469=ORIENTED_EDGE('',*,*,#1094,.F.);
#1470=ORIENTED_EDGE('',*,*,#1095,.T.);
#1471=ORIENTED_EDGE('',*,*,#986,.F.);
#1472=ORIENTED_EDGE('',*,*,#1036,.T.);
#1473=ORIENTED_EDGE('',*,*,#1096,.T.);
#1474=ORIENTED_EDGE('',*,*,#972,.T.);
#1475=ORIENTED_EDGE('',*,*,#976,.T.);
#1476=ORIENTED_EDGE('',*,*,#1097,.T.);
#1477=ORIENTED_EDGE('',*,*,#1094,.T.);
#1478=ORIENTED_EDGE('',*,*,#970,.T.);
#1479=ORIENTED_EDGE('',*,*,#1098,.T.);
#1480=ORIENTED_EDGE('',*,*,#1006,.T.);
#1481=ORIENTED_EDGE('',*,*,#1010,.T.);
#1482=ORIENTED_EDGE('',*,*,#1099,.T.);
#1483=ORIENTED_EDGE('',*,*,#1100,.T.);
#1484=ORIENTED_EDGE('',*,*,#1101,.T.);
#1485=ORIENTED_EDGE('',*,*,#984,.T.);
#1486=ORIENTED_EDGE('',*,*,#988,.T.);
#1487=ORIENTED_EDGE('',*,*,#1102,.T.);
#1488=ORIENTED_EDGE('',*,*,#1090,.T.);
#1489=ORIENTED_EDGE('',*,*,#992,.T.);
#1490=ORIENTED_EDGE('',*,*,#1103,.T.);
#1491=ORIENTED_EDGE('',*,*,#1100,.F.);
#1492=ORIENTED_EDGE('',*,*,#1104,.T.);
#1493=ORIENTED_EDGE('',*,*,#1038,.T.);
#1494=ORIENTED_EDGE('',*,*,#1105,.T.);
#1495=ORIENTED_EDGE('',*,*,#978,.T.);
#1496=ORIENTED_EDGE('',*,*,#982,.T.);
#1497=ORIENTED_EDGE('',*,*,#1106,.T.);
#1498=ORIENTED_EDGE('',*,*,#1047,.T.);
#1499=ORIENTED_EDGE('',*,*,#1107,.T.);
#1500=ORIENTED_EDGE('',*,*,#1000,.T.);
#1501=ORIENTED_EDGE('',*,*,#1004,.T.);
#1502=ORIENTED_EDGE('',*,*,#1108,.T.);
#1503=ORIENTED_EDGE('',*,*,#1106,.F.);
#1504=ORIENTED_EDGE('',*,*,#981,.F.);
#1505=ORIENTED_EDGE('',*,*,#985,.F.);
#1506=ORIENTED_EDGE('',*,*,#1101,.F.);
#1507=ORIENTED_EDGE('',*,*,#1109,.T.);
#1508=ORIENTED_EDGE('',*,*,#1110,.F.);
#1509=ORIENTED_EDGE('',*,*,#1111,.F.);
#1510=ORIENTED_EDGE('',*,*,#1112,.F.);
#1511=ORIENTED_EDGE('',*,*,#1113,.F.);
#1512=ORIENTED_EDGE('',*,*,#1114,.F.);
#1513=ORIENTED_EDGE('',*,*,#1115,.F.);
#1514=ORIENTED_EDGE('',*,*,#1039,.T.);
#1515=ORIENTED_EDGE('',*,*,#1014,.T.);
#1516=ORIENTED_EDGE('',*,*,#1116,.F.);
#1517=ORIENTED_EDGE('',*,*,#1109,.F.);
#1518=ORIENTED_EDGE('',*,*,#1103,.F.);
#1519=ORIENTED_EDGE('',*,*,#991,.F.);
#1520=ORIENTED_EDGE('',*,*,#995,.F.);
#1521=ORIENTED_EDGE('',*,*,#1092,.F.);
#1522=ORIENTED_EDGE('',*,*,#1044,.T.);
#1523=ORIENTED_EDGE('',*,*,#1093,.F.);
#1524=ORIENTED_EDGE('',*,*,#997,.F.);
#1525=ORIENTED_EDGE('',*,*,#1001,.F.);
#1526=ORIENTED_EDGE('',*,*,#1107,.F.);
#1527=ORIENTED_EDGE('',*,*,#1046,.F.);
#1528=ORIENTED_EDGE('',*,*,#1095,.F.);
#1529=ORIENTED_EDGE('',*,*,#1099,.F.);
#1530=ORIENTED_EDGE('',*,*,#1009,.F.);
#1531=ORIENTED_EDGE('',*,*,#1091,.F.);
#1532=ORIENTED_EDGE('',*,*,#1104,.F.);
#1533=ORIENTED_EDGE('',*,*,#1102,.F.);
#1534=ORIENTED_EDGE('',*,*,#987,.F.);
#1535=ORIENTED_EDGE('',*,*,#1105,.F.);
#1536=ORIENTED_EDGE('',*,*,#1037,.F.);
#1537=ORIENTED_EDGE('',*,*,#1097,.F.);
#1538=ORIENTED_EDGE('',*,*,#975,.F.);
#1539=ORIENTED_EDGE('',*,*,#979,.F.);
#1540=ORIENTED_EDGE('',*,*,#1117,.F.);
#1541=ORIENTED_EDGE('',*,*,#1118,.F.);
#1542=ORIENTED_EDGE('',*,*,#1055,.F.);
#1543=ORIENTED_EDGE('',*,*,#1119,.T.);
#1544=ORIENTED_EDGE('',*,*,#1120,.T.);
#1545=ORIENTED_EDGE('',*,*,#1119,.F.);
#1546=ORIENTED_EDGE('',*,*,#1053,.F.);
#1547=ORIENTED_EDGE('',*,*,#1121,.T.);
#1548=ORIENTED_EDGE('',*,*,#1122,.T.);
#1549=ORIENTED_EDGE('',*,*,#1121,.F.);
#1550=ORIENTED_EDGE('',*,*,#1054,.F.);
#1551=ORIENTED_EDGE('',*,*,#1123,.T.);
#1552=ORIENTED_EDGE('',*,*,#1124,.T.);
#1553=ORIENTED_EDGE('',*,*,#1123,.F.);
#1554=ORIENTED_EDGE('',*,*,#1056,.F.);
#1555=ORIENTED_EDGE('',*,*,#1125,.T.);
#1556=ORIENTED_EDGE('',*,*,#1126,.T.);
#1557=ORIENTED_EDGE('',*,*,#1125,.F.);
#1558=ORIENTED_EDGE('',*,*,#1064,.F.);
#1559=ORIENTED_EDGE('',*,*,#1127,.F.);
#1560=ORIENTED_EDGE('',*,*,#1128,.F.);
#1561=ORIENTED_EDGE('',*,*,#1028,.F.);
#1562=ORIENTED_EDGE('',*,*,#1118,.T.);
#1563=ORIENTED_EDGE('',*,*,#1129,.T.);
#1564=ORIENTED_EDGE('',*,*,#1130,.F.);
#1565=ORIENTED_EDGE('',*,*,#1131,.F.);
#1566=ORIENTED_EDGE('',*,*,#1050,.T.);
#1567=ORIENTED_EDGE('',*,*,#1132,.F.);
#1568=ORIENTED_EDGE('',*,*,#1133,.F.);
#1569=ORIENTED_EDGE('',*,*,#1134,.F.);
#1570=ORIENTED_EDGE('',*,*,#1049,.T.);
#1571=ORIENTED_EDGE('',*,*,#1135,.T.);
#1572=ORIENTED_EDGE('',*,*,#1136,.F.);
#1573=ORIENTED_EDGE('',*,*,#1132,.T.);
#1574=ORIENTED_EDGE('',*,*,#1096,.F.);
#1575=ORIENTED_EDGE('',*,*,#1035,.T.);
#1576=ORIENTED_EDGE('',*,*,#1137,.F.);
#1577=ORIENTED_EDGE('',*,*,#1138,.F.);
#1578=ORIENTED_EDGE('',*,*,#1139,.F.);
#1579=ORIENTED_EDGE('',*,*,#1140,.F.);
#1580=ORIENTED_EDGE('',*,*,#1141,.F.);
#1581=ORIENTED_EDGE('',*,*,#1142,.F.);
#1582=ORIENTED_EDGE('',*,*,#1143,.F.);
#1583=ORIENTED_EDGE('',*,*,#1144,.F.);
#1584=ORIENTED_EDGE('',*,*,#1135,.F.);
#1585=ORIENTED_EDGE('',*,*,#1048,.T.);
#1586=ORIENTED_EDGE('',*,*,#1108,.F.);
#1587=ORIENTED_EDGE('',*,*,#1003,.F.);
#1588=ORIENTED_EDGE('',*,*,#1007,.F.);
#1589=ORIENTED_EDGE('',*,*,#1098,.F.);
#1590=ORIENTED_EDGE('',*,*,#969,.F.);
#1591=ORIENTED_EDGE('',*,*,#973,.F.);
#1592=ORIENTED_EDGE('',*,*,#1034,.T.);
#1593=ORIENTED_EDGE('',*,*,#1145,.T.);
#1594=ORIENTED_EDGE('',*,*,#1146,.F.);
#1595=ORIENTED_EDGE('',*,*,#1137,.T.);
#1596=ORIENTED_EDGE('',*,*,#1078,.F.);
#1597=ORIENTED_EDGE('',*,*,#1029,.T.);
#1598=ORIENTED_EDGE('',*,*,#1128,.T.);
#1599=ORIENTED_EDGE('',*,*,#1147,.T.);
#1600=ORIENTED_EDGE('',*,*,#1148,.F.);
#1601=ORIENTED_EDGE('',*,*,#1149,.F.);
#1602=ORIENTED_EDGE('',*,*,#1145,.F.);
#1603=ORIENTED_EDGE('',*,*,#1033,.T.);
#1604=ORIENTED_EDGE('',*,*,#1085,.F.);
#1605=ORIENTED_EDGE('',*,*,#1080,.F.);
#1606=ORIENTED_EDGE('',*,*,#1088,.F.);
#1607=ORIENTED_EDGE('',*,*,#1076,.F.);
#1608=ORIENTED_EDGE('',*,*,#1058,.F.);
#1609=ORIENTED_EDGE('',*,*,#1061,.T.);
#1610=ORIENTED_EDGE('',*,*,#1150,.T.);
#1611=ORIENTED_EDGE('',*,*,#1151,.F.);
#1612=ORIENTED_EDGE('',*,*,#1152,.F.);
#1613=ORIENTED_EDGE('',*,*,#1153,.F.);
#1614=ORIENTED_EDGE('',*,*,#1154,.F.);
#1615=ORIENTED_EDGE('',*,*,#1155,.F.);
#1616=ORIENTED_EDGE('',*,*,#1147,.F.);
#1617=ORIENTED_EDGE('',*,*,#1127,.T.);
#1618=ORIENTED_EDGE('',*,*,#1063,.F.);
#1619=ORIENTED_EDGE('',*,*,#1066,.T.);
#1620=ORIENTED_EDGE('',*,*,#1068,.F.);
#1621=ORIENTED_EDGE('',*,*,#1070,.T.);
#1622=ORIENTED_EDGE('',*,*,#1072,.F.);
#1623=ORIENTED_EDGE('',*,*,#1073,.T.);
#1624=ORIENTED_EDGE('',*,*,#1120,.F.);
#1625=ORIENTED_EDGE('',*,*,#1122,.F.);
#1626=ORIENTED_EDGE('',*,*,#1124,.F.);
#1627=ORIENTED_EDGE('',*,*,#1126,.F.);
#1628=ORIENTED_EDGE('',*,*,#1156,.T.);
#1629=ORIENTED_EDGE('',*,*,#1157,.T.);
#1630=ORIENTED_EDGE('',*,*,#1158,.T.);
#1631=ORIENTED_EDGE('',*,*,#1159,.F.);
#1632=ORIENTED_EDGE('',*,*,#1160,.F.);
#1633=ORIENTED_EDGE('',*,*,#1161,.F.);
#1634=ORIENTED_EDGE('',*,*,#1162,.T.);
#1635=ORIENTED_EDGE('',*,*,#1163,.T.);
#1636=ORIENTED_EDGE('',*,*,#1154,.T.);
#1637=ORIENTED_EDGE('',*,*,#1164,.T.);
#1638=ORIENTED_EDGE('',*,*,#1164,.F.);
#1639=ORIENTED_EDGE('',*,*,#1153,.T.);
#1640=ORIENTED_EDGE('',*,*,#1165,.F.);
#1641=ORIENTED_EDGE('',*,*,#1166,.F.);
#1642=ORIENTED_EDGE('',*,*,#1167,.F.);
#1643=ORIENTED_EDGE('',*,*,#1168,.F.);
#1644=ORIENTED_EDGE('',*,*,#1169,.T.);
#1645=ORIENTED_EDGE('',*,*,#1170,.T.);
#1646=ORIENTED_EDGE('',*,*,#1171,.T.);
#1647=ORIENTED_EDGE('',*,*,#1172,.T.);
#1648=ORIENTED_EDGE('',*,*,#1173,.T.);
#1649=ORIENTED_EDGE('',*,*,#1166,.T.);
#1650=ORIENTED_EDGE('',*,*,#1171,.F.);
#1651=ORIENTED_EDGE('',*,*,#1174,.T.);
#1652=ORIENTED_EDGE('',*,*,#1175,.T.);
#1653=ORIENTED_EDGE('',*,*,#1176,.T.);
#1654=ORIENTED_EDGE('',*,*,#1173,.F.);
#1655=ORIENTED_EDGE('',*,*,#1177,.T.);
#1656=ORIENTED_EDGE('',*,*,#1178,.T.);
#1657=ORIENTED_EDGE('',*,*,#1179,.T.);
#1658=ORIENTED_EDGE('',*,*,#1175,.F.);
#1659=ORIENTED_EDGE('',*,*,#1180,.T.);
#1660=ORIENTED_EDGE('',*,*,#1178,.F.);
#1661=ORIENTED_EDGE('',*,*,#1181,.T.);
#1662=ORIENTED_EDGE('',*,*,#1182,.T.);
#1663=ORIENTED_EDGE('',*,*,#1183,.T.);
#1664=ORIENTED_EDGE('',*,*,#1184,.T.);
#1665=ORIENTED_EDGE('',*,*,#1185,.T.);
#1666=ORIENTED_EDGE('',*,*,#1182,.F.);
#1667=ORIENTED_EDGE('',*,*,#1186,.T.);
#1668=ORIENTED_EDGE('',*,*,#1187,.T.);
#1669=ORIENTED_EDGE('',*,*,#1188,.T.);
#1670=ORIENTED_EDGE('',*,*,#1184,.F.);
#1671=ORIENTED_EDGE('',*,*,#1189,.T.);
#1672=ORIENTED_EDGE('',*,*,#1187,.F.);
#1673=ORIENTED_EDGE('',*,*,#1190,.T.);
#1674=ORIENTED_EDGE('',*,*,#1169,.F.);
#1675=ORIENTED_EDGE('',*,*,#1191,.T.);
#1676=ORIENTED_EDGE('',*,*,#1185,.F.);
#1677=ORIENTED_EDGE('',*,*,#1192,.F.);
#1678=ORIENTED_EDGE('',*,*,#1193,.T.);
#1679=ORIENTED_EDGE('',*,*,#1194,.T.);
#1680=ORIENTED_EDGE('',*,*,#1188,.F.);
#1681=ORIENTED_EDGE('',*,*,#1195,.F.);
#1682=ORIENTED_EDGE('',*,*,#1196,.T.);
#1683=ORIENTED_EDGE('',*,*,#1192,.T.);
#1684=ORIENTED_EDGE('',*,*,#1191,.F.);
#1685=ORIENTED_EDGE('',*,*,#1197,.F.);
#1686=ORIENTED_EDGE('',*,*,#1151,.T.);
#1687=ORIENTED_EDGE('',*,*,#1198,.T.);
#1688=ORIENTED_EDGE('',*,*,#1195,.T.);
#1689=ORIENTED_EDGE('',*,*,#1172,.F.);
#1690=ORIENTED_EDGE('',*,*,#1165,.T.);
#1691=ORIENTED_EDGE('',*,*,#1152,.T.);
#1692=ORIENTED_EDGE('',*,*,#1197,.T.);
#1693=ORIENTED_EDGE('',*,*,#1170,.F.);
#1694=ORIENTED_EDGE('',*,*,#1190,.F.);
#1695=ORIENTED_EDGE('',*,*,#1189,.F.);
#1696=ORIENTED_EDGE('',*,*,#1186,.F.);
#1697=ORIENTED_EDGE('',*,*,#1181,.F.);
#1698=ORIENTED_EDGE('',*,*,#1180,.F.);
#1699=ORIENTED_EDGE('',*,*,#1177,.F.);
#1700=ORIENTED_EDGE('',*,*,#1174,.F.);
#1701=ORIENTED_EDGE('',*,*,#1199,.T.);
#1702=ORIENTED_EDGE('',*,*,#1200,.T.);
#1703=ORIENTED_EDGE('',*,*,#1201,.T.);
#1704=ORIENTED_EDGE('',*,*,#1202,.T.);
#1705=ORIENTED_EDGE('',*,*,#1203,.T.);
#1706=ORIENTED_EDGE('',*,*,#1204,.T.);
#1707=ORIENTED_EDGE('',*,*,#1201,.F.);
#1708=ORIENTED_EDGE('',*,*,#1205,.T.);
#1709=ORIENTED_EDGE('',*,*,#1206,.T.);
#1710=ORIENTED_EDGE('',*,*,#1140,.T.);
#1711=ORIENTED_EDGE('',*,*,#1203,.F.);
#1712=ORIENTED_EDGE('',*,*,#1207,.T.);
#1713=ORIENTED_EDGE('',*,*,#1208,.T.);
#1714=ORIENTED_EDGE('',*,*,#1112,.T.);
#1715=ORIENTED_EDGE('',*,*,#1209,.T.);
#1716=ORIENTED_EDGE('',*,*,#1210,.T.);
#1717=ORIENTED_EDGE('',*,*,#1211,.T.);
#1718=ORIENTED_EDGE('',*,*,#1212,.T.);
#1719=ORIENTED_EDGE('',*,*,#1208,.F.);
#1720=ORIENTED_EDGE('',*,*,#1213,.T.);
#1721=ORIENTED_EDGE('',*,*,#1199,.F.);
#1722=ORIENTED_EDGE('',*,*,#1214,.T.);
#1723=ORIENTED_EDGE('',*,*,#1211,.F.);
#1724=ORIENTED_EDGE('',*,*,#1215,.T.);
#1725=ORIENTED_EDGE('',*,*,#1216,.T.);
#1726=ORIENTED_EDGE('',*,*,#1217,.T.);
#1727=ORIENTED_EDGE('',*,*,#1218,.T.);
#1728=ORIENTED_EDGE('',*,*,#1219,.T.);
#1729=ORIENTED_EDGE('',*,*,#1216,.F.);
#1730=ORIENTED_EDGE('',*,*,#1220,.T.);
#1731=ORIENTED_EDGE('',*,*,#1206,.F.);
#1732=ORIENTED_EDGE('',*,*,#1209,.F.);
#1733=ORIENTED_EDGE('',*,*,#1221,.T.);
#1734=ORIENTED_EDGE('',*,*,#1218,.F.);
#1735=ORIENTED_EDGE('',*,*,#1202,.F.);
#1736=ORIENTED_EDGE('',*,*,#1222,.F.);
#1737=ORIENTED_EDGE('',*,*,#1223,.T.);
#1738=ORIENTED_EDGE('',*,*,#1224,.F.);
#1739=ORIENTED_EDGE('',*,*,#1225,.T.);
#1740=ORIENTED_EDGE('',*,*,#1204,.F.);
#1741=ORIENTED_EDGE('',*,*,#1139,.T.);
#1742=ORIENTED_EDGE('',*,*,#1226,.T.);
#1743=ORIENTED_EDGE('',*,*,#1222,.T.);
#1744=ORIENTED_EDGE('',*,*,#1220,.F.);
#1745=ORIENTED_EDGE('',*,*,#1227,.T.);
#1746=ORIENTED_EDGE('',*,*,#1228,.T.);
#1747=ORIENTED_EDGE('',*,*,#1141,.T.);
#1748=ORIENTED_EDGE('',*,*,#1219,.F.);
#1749=ORIENTED_EDGE('',*,*,#1229,.F.);
#1750=ORIENTED_EDGE('',*,*,#1230,.T.);
#1751=ORIENTED_EDGE('',*,*,#1227,.F.);
#1752=ORIENTED_EDGE('',*,*,#1210,.F.);
#1753=ORIENTED_EDGE('',*,*,#1217,.F.);
#1754=ORIENTED_EDGE('',*,*,#1207,.F.);
#1755=ORIENTED_EDGE('',*,*,#1205,.F.);
#1756=ORIENTED_EDGE('',*,*,#1200,.F.);
#1757=ORIENTED_EDGE('',*,*,#1215,.F.);
#1758=ORIENTED_EDGE('',*,*,#1213,.F.);
#1759=ORIENTED_EDGE('',*,*,#1231,.T.);
#1760=ORIENTED_EDGE('',*,*,#1232,.T.);
#1761=ORIENTED_EDGE('',*,*,#1233,.T.);
#1762=ORIENTED_EDGE('',*,*,#1234,.F.);
#1763=ORIENTED_EDGE('',*,*,#1235,.T.);
#1764=ORIENTED_EDGE('',*,*,#1144,.T.);
#1765=ORIENTED_EDGE('',*,*,#1232,.F.);
#1766=ORIENTED_EDGE('',*,*,#1236,.T.);
#1767=ORIENTED_EDGE('',*,*,#1237,.T.);
#1768=ORIENTED_EDGE('',*,*,#1136,.T.);
#1769=ORIENTED_EDGE('',*,*,#1235,.F.);
#1770=ORIENTED_EDGE('',*,*,#1238,.T.);
#1771=ORIENTED_EDGE('',*,*,#1239,.T.);
#1772=ORIENTED_EDGE('',*,*,#1133,.T.);
#1773=ORIENTED_EDGE('',*,*,#1237,.F.);
#1774=ORIENTED_EDGE('',*,*,#1240,.T.);
#1775=ORIENTED_EDGE('',*,*,#1241,.T.);
#1776=ORIENTED_EDGE('',*,*,#1242,.T.);
#1777=ORIENTED_EDGE('',*,*,#1239,.F.);
#1778=ORIENTED_EDGE('',*,*,#1243,.T.);
#1779=ORIENTED_EDGE('',*,*,#1244,.T.);
#1780=ORIENTED_EDGE('',*,*,#1245,.T.);
#1781=ORIENTED_EDGE('',*,*,#1241,.F.);
#1782=ORIENTED_EDGE('',*,*,#1246,.T.);
#1783=ORIENTED_EDGE('',*,*,#1247,.T.);
#1784=ORIENTED_EDGE('',*,*,#1248,.T.);
#1785=ORIENTED_EDGE('',*,*,#1244,.F.);
#1786=ORIENTED_EDGE('',*,*,#1249,.T.);
#1787=ORIENTED_EDGE('',*,*,#1250,.T.);
#1788=ORIENTED_EDGE('',*,*,#1247,.F.);
#1789=ORIENTED_EDGE('',*,*,#1251,.T.);
#1790=ORIENTED_EDGE('',*,*,#1234,.T.);
#1791=ORIENTED_EDGE('',*,*,#1052,.T.);
#1792=ORIENTED_EDGE('',*,*,#1252,.F.);
#1793=ORIENTED_EDGE('',*,*,#1245,.F.);
#1794=ORIENTED_EDGE('',*,*,#1253,.F.);
#1795=ORIENTED_EDGE('',*,*,#1254,.F.);
#1796=ORIENTED_EDGE('',*,*,#1016,.F.);
#1797=ORIENTED_EDGE('',*,*,#1248,.F.);
#1798=ORIENTED_EDGE('',*,*,#1255,.T.);
#1799=ORIENTED_EDGE('',*,*,#1256,.F.);
#1800=ORIENTED_EDGE('',*,*,#1253,.T.);
#1801=ORIENTED_EDGE('',*,*,#1117,.T.);
#1802=ORIENTED_EDGE('',*,*,#1131,.T.);
#1803=ORIENTED_EDGE('',*,*,#1257,.T.);
#1804=ORIENTED_EDGE('',*,*,#1258,.T.);
#1805=ORIENTED_EDGE('',*,*,#1259,.T.);
#1806=ORIENTED_EDGE('',*,*,#1260,.F.);
#1807=ORIENTED_EDGE('',*,*,#1261,.T.);
#1808=ORIENTED_EDGE('',*,*,#1262,.T.);
#1809=ORIENTED_EDGE('',*,*,#1263,.T.);
#1810=ORIENTED_EDGE('',*,*,#1255,.F.);
#1811=ORIENTED_EDGE('',*,*,#1250,.F.);
#1812=ORIENTED_EDGE('',*,*,#1264,.F.);
#1813=ORIENTED_EDGE('',*,*,#1129,.F.);
#1814=ORIENTED_EDGE('',*,*,#1233,.F.);
#1815=ORIENTED_EDGE('',*,*,#1143,.T.);
#1816=ORIENTED_EDGE('',*,*,#1265,.T.);
#1817=ORIENTED_EDGE('',*,*,#1264,.T.);
#1818=ORIENTED_EDGE('',*,*,#1231,.F.);
#1819=ORIENTED_EDGE('',*,*,#1251,.F.);
#1820=ORIENTED_EDGE('',*,*,#1249,.F.);
#1821=ORIENTED_EDGE('',*,*,#1246,.F.);
#1822=ORIENTED_EDGE('',*,*,#1243,.F.);
#1823=ORIENTED_EDGE('',*,*,#1240,.F.);
#1824=ORIENTED_EDGE('',*,*,#1238,.F.);
#1825=ORIENTED_EDGE('',*,*,#1236,.F.);
#1826=ORIENTED_EDGE('',*,*,#1221,.F.);
#1827=ORIENTED_EDGE('',*,*,#1111,.T.);
#1828=ORIENTED_EDGE('',*,*,#1266,.T.);
#1829=ORIENTED_EDGE('',*,*,#1229,.T.);
#1830=ORIENTED_EDGE('',*,*,#1212,.F.);
#1831=ORIENTED_EDGE('',*,*,#1267,.T.);
#1832=ORIENTED_EDGE('',*,*,#1268,.F.);
#1833=ORIENTED_EDGE('',*,*,#1113,.T.);
#1834=ORIENTED_EDGE('',*,*,#1214,.F.);
#1835=ORIENTED_EDGE('',*,*,#1225,.F.);
#1836=ORIENTED_EDGE('',*,*,#1269,.F.);
#1837=ORIENTED_EDGE('',*,*,#1267,.F.);
#1838=ORIENTED_EDGE('',*,*,#1051,.T.);
#1839=ORIENTED_EDGE('',*,*,#1134,.T.);
#1840=ORIENTED_EDGE('',*,*,#1242,.F.);
#1841=ORIENTED_EDGE('',*,*,#1252,.T.);
#1842=ORIENTED_EDGE('',*,*,#1176,.F.);
#1843=ORIENTED_EDGE('',*,*,#1270,.T.);
#1844=ORIENTED_EDGE('',*,*,#1271,.F.);
#1845=ORIENTED_EDGE('',*,*,#1167,.T.);
#1846=ORIENTED_EDGE('',*,*,#1179,.F.);
#1847=ORIENTED_EDGE('',*,*,#1272,.F.);
#1848=ORIENTED_EDGE('',*,*,#1273,.T.);
#1849=ORIENTED_EDGE('',*,*,#1270,.F.);
#1850=ORIENTED_EDGE('',*,*,#1163,.F.);
#1851=ORIENTED_EDGE('',*,*,#1274,.T.);
#1852=ORIENTED_EDGE('',*,*,#1148,.T.);
#1853=ORIENTED_EDGE('',*,*,#1155,.T.);
#1854=ORIENTED_EDGE('',*,*,#1275,.F.);
#1855=ORIENTED_EDGE('',*,*,#1156,.F.);
#1856=ORIENTED_EDGE('',*,*,#1276,.T.);
#1857=ORIENTED_EDGE('',*,*,#1277,.F.);
#1858=ORIENTED_EDGE('',*,*,#1278,.F.);
#1859=ORIENTED_EDGE('',*,*,#1157,.F.);
#1860=ORIENTED_EDGE('',*,*,#1275,.T.);
#1861=ORIENTED_EDGE('',*,*,#1279,.F.);
#1862=ORIENTED_EDGE('',*,*,#1162,.F.);
#1863=ORIENTED_EDGE('',*,*,#1168,.T.);
#1864=ORIENTED_EDGE('',*,*,#1271,.T.);
#1865=ORIENTED_EDGE('',*,*,#1273,.F.);
#1866=ORIENTED_EDGE('',*,*,#1280,.F.);
#1867=ORIENTED_EDGE('',*,*,#1281,.F.);
#1868=ORIENTED_EDGE('',*,*,#1282,.F.);
#1869=ORIENTED_EDGE('',*,*,#1283,.T.);
#1870=ORIENTED_EDGE('',*,*,#1279,.T.);
#1871=ORIENTED_EDGE('',*,*,#1277,.T.);
#1872=ORIENTED_EDGE('',*,*,#1193,.F.);
#1873=ORIENTED_EDGE('',*,*,#1196,.F.);
#1874=ORIENTED_EDGE('',*,*,#1284,.T.);
#1875=ORIENTED_EDGE('',*,*,#1114,.T.);
#1876=ORIENTED_EDGE('',*,*,#1268,.T.);
#1877=ORIENTED_EDGE('',*,*,#1269,.T.);
#1878=ORIENTED_EDGE('',*,*,#1224,.T.);
#1879=ORIENTED_EDGE('',*,*,#1223,.F.);
#1880=ORIENTED_EDGE('',*,*,#1226,.F.);
#1881=ORIENTED_EDGE('',*,*,#1138,.T.);
#1882=ORIENTED_EDGE('',*,*,#1146,.T.);
#1883=ORIENTED_EDGE('',*,*,#1149,.T.);
#1884=ORIENTED_EDGE('',*,*,#1274,.F.);
#1885=ORIENTED_EDGE('',*,*,#1040,.T.);
#1886=ORIENTED_EDGE('',*,*,#1115,.T.);
#1887=ORIENTED_EDGE('',*,*,#1284,.F.);
#1888=ORIENTED_EDGE('',*,*,#1198,.F.);
#1889=ORIENTED_EDGE('',*,*,#1150,.F.);
#1890=ORIENTED_EDGE('',*,*,#1060,.T.);
#1891=ORIENTED_EDGE('',*,*,#1278,.T.);
#1892=ORIENTED_EDGE('',*,*,#1283,.F.);
#1893=ORIENTED_EDGE('',*,*,#1285,.F.);
#1894=ORIENTED_EDGE('',*,*,#1158,.F.);
#1895=ORIENTED_EDGE('',*,*,#1183,.F.);
#1896=ORIENTED_EDGE('',*,*,#1194,.F.);
#1897=ORIENTED_EDGE('',*,*,#1276,.F.);
#1898=ORIENTED_EDGE('',*,*,#1161,.T.);
#1899=ORIENTED_EDGE('',*,*,#1286,.T.);
#1900=ORIENTED_EDGE('',*,*,#1286,.F.);
#1901=ORIENTED_EDGE('',*,*,#1160,.T.);
#1902=ORIENTED_EDGE('',*,*,#1287,.T.);
#1903=ORIENTED_EDGE('',*,*,#1287,.F.);
#1904=ORIENTED_EDGE('',*,*,#1159,.T.);
#1905=ORIENTED_EDGE('',*,*,#1285,.T.);
#1906=ORIENTED_EDGE('',*,*,#1282,.T.);
#1907=ORIENTED_EDGE('',*,*,#1281,.T.);
#1908=ORIENTED_EDGE('',*,*,#1280,.T.);
#1909=ORIENTED_EDGE('',*,*,#1272,.T.);
#1910=ORIENTED_EDGE('',*,*,#1257,.F.);
#1911=ORIENTED_EDGE('',*,*,#1130,.T.);
#1912=ORIENTED_EDGE('',*,*,#1265,.F.);
#1913=ORIENTED_EDGE('',*,*,#1142,.T.);
#1914=ORIENTED_EDGE('',*,*,#1228,.F.);
#1915=ORIENTED_EDGE('',*,*,#1230,.F.);
#1916=ORIENTED_EDGE('',*,*,#1266,.F.);
#1917=ORIENTED_EDGE('',*,*,#1110,.T.);
#1918=ORIENTED_EDGE('',*,*,#1116,.T.);
#1919=ORIENTED_EDGE('',*,*,#1013,.T.);
#1920=ORIENTED_EDGE('',*,*,#1021,.T.);
#1921=ORIENTED_EDGE('',*,*,#1017,.T.);
#1922=ORIENTED_EDGE('',*,*,#1254,.T.);
#1923=ORIENTED_EDGE('',*,*,#1256,.T.);
#1924=ORIENTED_EDGE('',*,*,#1263,.F.);
#1925=ORIENTED_EDGE('',*,*,#1262,.F.);
#1926=ORIENTED_EDGE('',*,*,#1261,.F.);
#1927=ORIENTED_EDGE('',*,*,#1260,.T.);
#1928=ORIENTED_EDGE('',*,*,#1259,.F.);
#1929=ORIENTED_EDGE('',*,*,#1258,.F.);
#1930=B_SPLINE_SURFACE_WITH_KNOTS('',3,3,((#2724,#2725,#2726,#2727,#2728,
#2729,#2730,#2731,#2732,#2733,#2734,#2735,#2736,#2737),(#2738,#2739,#2740,
#2741,#2742,#2743,#2744,#2745,#2746,#2747,#2748,#2749,#2750,#2751),(#2752,
#2753,#2754,#2755,#2756,#2757,#2758,#2759,#2760,#2761,#2762,#2763,#2764,
#2765),(#2766,#2767,#2768,#2769,#2770,#2771,#2772,#2773,#2774,#2775,#2776,
#2777,#2778,#2779),(#2780,#2781,#2782,#2783,#2784,#2785,#2786,#2787,#2788,
#2789,#2790,#2791,#2792,#2793),(#2794,#2795,#2796,#2797,#2798,#2799,#2800,
#2801,#2802,#2803,#2804,#2805,#2806,#2807),(#2808,#2809,#2810,#2811,#2812,
#2813,#2814,#2815,#2816,#2817,#2818,#2819,#2820,#2821),(#2822,#2823,#2824,
#2825,#2826,#2827,#2828,#2829,#2830,#2831,#2832,#2833,#2834,#2835)),
 .UNSPECIFIED.,.F.,.F.,.F.,(4,1,1,1,1,4),(4,1,1,1,1,1,1,1,1,1,1,4),(0.,
0.2,0.4,0.6,0.8,1.),(0.,0.0909090909090909,0.181818181818182,0.272727272727273,
0.363636363636364,0.454545454545455,0.545454545454545,0.636363636363636,
0.727272727272727,0.818181818181818,0.909090909090909,1.),.UNSPECIFIED.);
#1931=B_SPLINE_SURFACE_WITH_KNOTS('',3,3,((#2924,#2925,#2926,#2927,#2928,
#2929,#2930,#2931),(#2932,#2933,#2934,#2935,#2936,#2937,#2938,#2939),(#2940,
#2941,#2942,#2943,#2944,#2945,#2946,#2947),(#2948,#2949,#2950,#2951,#2952,
#2953,#2954,#2955),(#2956,#2957,#2958,#2959,#2960,#2961,#2962,#2963),(#2964,
#2965,#2966,#2967,#2968,#2969,#2970,#2971),(#2972,#2973,#2974,#2975,#2976,
#2977,#2978,#2979),(#2980,#2981,#2982,#2983,#2984,#2985,#2986,#2987),(#2988,
#2989,#2990,#2991,#2992,#2993,#2994,#2995),(#2996,#2997,#2998,#2999,#3000,
#3001,#3002,#3003),(#3004,#3005,#3006,#3007,#3008,#3009,#3010,#3011),(#3012,
#3013,#3014,#3015,#3016,#3017,#3018,#3019)),.UNSPECIFIED.,.F.,.F.,.F.,(4,
1,1,1,1,1,1,1,1,4),(4,1,1,1,1,4),(0.,0.111111111111111,0.222222222222222,
0.333333333333333,0.444444444444444,0.555555555555556,0.666666666666667,
0.777777777777778,0.888888888888889,1.),(0.,0.2,0.4,0.6,0.8,1.),
 .UNSPECIFIED.);
#1932=B_SPLINE_SURFACE_WITH_KNOTS('',3,3,((#3087,#3088,#3089,#3090,#3091,
#3092,#3093,#3094,#3095,#3096,#3097,#3098),(#3099,#3100,#3101,#3102,#3103,
#3104,#3105,#3106,#3107,#3108,#3109,#3110),(#3111,#3112,#3113,#3114,#3115,
#3116,#3117,#3118,#3119,#3120,#3121,#3122),(#3123,#3124,#3125,#3126,#3127,
#3128,#3129,#3130,#3131,#3132,#3133,#3134),(#3135,#3136,#3137,#3138,#3139,
#3140,#3141,#3142,#3143,#3144,#3145,#3146),(#3147,#3148,#3149,#3150,#3151,
#3152,#3153,#3154,#3155,#3156,#3157,#3158),(#3159,#3160,#3161,#3162,#3163,
#3164,#3165,#3166,#3167,#3168,#3169,#3170),(#3171,#3172,#3173,#3174,#3175,
#3176,#3177,#3178,#3179,#3180,#3181,#3182)),.UNSPECIFIED.,.F.,.F.,.F.,(4,
1,1,1,1,4),(4,1,1,1,1,1,1,1,1,4),(0.,0.2,0.4,0.6,0.8,1.),(0.,0.111111111111111,
0.222222222222222,0.333333333333333,0.444444444444444,0.555555555555556,
0.666666666666667,0.777777777777778,0.888888888888889,1.),.UNSPECIFIED.);
#1933=B_SPLINE_SURFACE_WITH_KNOTS('',3,3,((#3252,#3253,#3254,#3255,#3256,
#3257,#3258,#3259),(#3260,#3261,#3262,#3263,#3264,#3265,#3266,#3267),(#3268,
#3269,#3270,#3271,#3272,#3273,#3274,#3275),(#3276,#3277,#3278,#3279,#3280,
#3281,#3282,#3283),(#3284,#3285,#3286,#3287,#3288,#3289,#3290,#3291),(#3292,
#3293,#3294,#3295,#3296,#3297,#3298,#3299),(#3300,#3301,#3302,#3303,#3304,
#3305,#3306,#3307),(#3308,#3309,#3310,#3311,#3312,#3313,#3314,#3315),(#3316,
#3317,#3318,#3319,#3320,#3321,#3322,#3323),(#3324,#3325,#3326,#3327,#3328,
#3329,#3330,#3331),(#3332,#3333,#3334,#3335,#3336,#3337,#3338,#3339),(#3340,
#3341,#3342,#3343,#3344,#3345,#3346,#3347)),.UNSPECIFIED.,.F.,.F.,.F.,(4,
1,1,1,1,1,1,1,1,4),(4,1,1,1,1,4),(0.,0.111111111111111,0.222222222222222,
0.333333333333333,0.444444444444444,0.555555555555556,0.666666666666667,
0.777777777777778,0.888888888888889,1.),(0.,0.2,0.4,0.6,0.8,1.),
 .UNSPECIFIED.);
#1934=B_SPLINE_SURFACE_WITH_KNOTS('',3,3,((#3421,#3422,#3423,#3424,#3425,
#3426,#3427,#3428,#3429,#3430,#3431,#3432),(#3433,#3434,#3435,#3436,#3437,
#3438,#3439,#3440,#3441,#3442,#3443,#3444),(#3445,#3446,#3447,#3448,#3449,
#3450,#3451,#3452,#3453,#3454,#3455,#3456),(#3457,#3458,#3459,#3460,#3461,
#3462,#3463,#3464,#3465,#3466,#3467,#3468),(#3469,#3470,#3471,#3472,#3473,
#3474,#3475,#3476,#3477,#3478,#3479,#3480),(#3481,#3482,#3483,#3484,#3485,
#3486,#3487,#3488,#3489,#3490,#3491,#3492),(#3493,#3494,#3495,#3496,#3497,
#3498,#3499,#3500,#3501,#3502,#3503,#3504),(#3505,#3506,#3507,#3508,#3509,
#3510,#3511,#3512,#3513,#3514,#3515,#3516)),.UNSPECIFIED.,.F.,.F.,.F.,(4,
1,1,1,1,4),(4,1,1,1,1,1,1,1,1,4),(0.,0.2,0.4,0.6,0.8,1.),(0.,0.111111111111111,
0.222222222222222,0.333333333333333,0.444444444444444,0.555555555555556,
0.666666666666667,0.777777777777778,0.888888888888889,1.),.UNSPECIFIED.);
#1935=B_SPLINE_SURFACE_WITH_KNOTS('',3,3,((#3589,#3590,#3591,#3592,#3593,
#3594,#3595,#3596),(#3597,#3598,#3599,#3600,#3601,#3602,#3603,#3604),(#3605,
#3606,#3607,#3608,#3609,#3610,#3611,#3612),(#3613,#3614,#3615,#3616,#3617,
#3618,#3619,#3620),(#3621,#3622,#3623,#3624,#3625,#3626,#3627,#3628),(#3629,
#3630,#3631,#3632,#3633,#3634,#3635,#3636),(#3637,#3638,#3639,#3640,#3641,
#3642,#3643,#3644),(#3645,#3646,#3647,#3648,#3649,#3650,#3651,#3652),(#3653,
#3654,#3655,#3656,#3657,#3658,#3659,#3660)),.UNSPECIFIED.,.F.,.F.,.F.,(4,
1,1,1,1,1,4),(4,1,1,1,1,4),(0.,0.166666666666667,0.333333333333333,0.5,
0.666666666666667,0.833333333333333,1.),(0.,0.2,0.4,0.6,0.8,1.),
 .UNSPECIFIED.);
#1936=B_SPLINE_SURFACE_WITH_KNOTS('',3,3,((#3734,#3735,#3736,#3737,#3738,
#3739,#3740,#3741,#3742),(#3743,#3744,#3745,#3746,#3747,#3748,#3749,#3750,
#3751),(#3752,#3753,#3754,#3755,#3756,#3757,#3758,#3759,#3760),(#3761,#3762,
#3763,#3764,#3765,#3766,#3767,#3768,#3769),(#3770,#3771,#3772,#3773,#3774,
#3775,#3776,#3777,#3778),(#3779,#3780,#3781,#3782,#3783,#3784,#3785,#3786,
#3787),(#3788,#3789,#3790,#3791,#3792,#3793,#3794,#3795,#3796),(#3797,#3798,
#3799,#3800,#3801,#3802,#3803,#3804,#3805)),.UNSPECIFIED.,.F.,.F.,.F.,(4,
1,1,1,1,4),(4,1,1,1,1,1,4),(0.,0.2,0.4,0.6,0.8,1.),(0.,0.166666666666667,
0.333333333333333,0.5,0.666666666666667,0.833333333333333,1.),
 .UNSPECIFIED.);
#1937=B_SPLINE_SURFACE_WITH_KNOTS('',3,3,((#3860,#3861,#3862,#3863,#3864,
#3865,#3866,#3867,#3868,#3869,#3870,#3871,#3872),(#3873,#3874,#3875,#3876,
#3877,#3878,#3879,#3880,#3881,#3882,#3883,#3884,#3885),(#3886,#3887,#3888,
#3889,#3890,#3891,#3892,#3893,#3894,#3895,#3896,#3897,#3898),(#3899,#3900,
#3901,#3902,#3903,#3904,#3905,#3906,#3907,#3908,#3909,#3910,#3911),(#3912,
#3913,#3914,#3915,#3916,#3917,#3918,#3919,#3920,#3921,#3922,#3923,#3924),
(#3925,#3926,#3927,#3928,#3929,#3930,#3931,#3932,#3933,#3934,#3935,#3936,
#3937),(#3938,#3939,#3940,#3941,#3942,#3943,#3944,#3945,#3946,#3947,#3948,
#3949,#3950)),.UNSPECIFIED.,.F.,.F.,.F.,(4,1,1,1,4),(4,1,1,1,1,1,1,1,1,
1,4),(0.,0.25,0.5,0.75,1.),(0.,0.1,0.2,0.3,0.4,0.5,0.6,0.7,0.8,0.9,1.),
 .UNSPECIFIED.);
#1938=B_SPLINE_SURFACE_WITH_KNOTS('',3,3,((#4040,#4041,#4042,#4043,#4044,
#4045,#4046),(#4047,#4048,#4049,#4050,#4051,#4052,#4053),(#4054,#4055,#4056,
#4057,#4058,#4059,#4060),(#4061,#4062,#4063,#4064,#4065,#4066,#4067),(#4068,
#4069,#4070,#4071,#4072,#4073,#4074),(#4075,#4076,#4077,#4078,#4079,#4080,
#4081),(#4082,#4083,#4084,#4085,#4086,#4087,#4088),(#4089,#4090,#4091,#4092,
#4093,#4094,#4095),(#4096,#4097,#4098,#4099,#4100,#4101,#4102),(#4103,#4104,
#4105,#4106,#4107,#4108,#4109),(#4110,#4111,#4112,#4113,#4114,#4115,#4116),
(#4117,#4118,#4119,#4120,#4121,#4122,#4123),(#4124,#4125,#4126,#4127,#4128,
#4129,#4130)),.UNSPECIFIED.,.F.,.F.,.F.,(4,1,1,1,1,1,1,1,1,1,4),(4,1,1,
1,4),(0.,0.1,0.2,0.3,0.4,0.5,0.6,0.7,0.8,0.9,1.),(0.,0.25,0.5,0.75,1.),
 .UNSPECIFIED.);
#1939=B_SPLINE_SURFACE_WITH_KNOTS('',3,3,((#4202,#4203,#4204,#4205,#4206,
#4207,#4208,#4209,#4210,#4211,#4212,#4213,#4214),(#4215,#4216,#4217,#4218,
#4219,#4220,#4221,#4222,#4223,#4224,#4225,#4226,#4227),(#4228,#4229,#4230,
#4231,#4232,#4233,#4234,#4235,#4236,#4237,#4238,#4239,#4240),(#4241,#4242,
#4243,#4244,#4245,#4246,#4247,#4248,#4249,#4250,#4251,#4252,#4253),(#4254,
#4255,#4256,#4257,#4258,#4259,#4260,#4261,#4262,#4263,#4264,#4265,#4266),
(#4267,#4268,#4269,#4270,#4271,#4272,#4273,#4274,#4275,#4276,#4277,#4278,
#4279),(#4280,#4281,#4282,#4283,#4284,#4285,#4286,#4287,#4288,#4289,#4290,
#4291,#4292)),.UNSPECIFIED.,.F.,.F.,.F.,(4,1,1,1,4),(4,1,1,1,1,1,1,1,1,
1,4),(0.,0.25,0.5,0.75,1.),(0.,0.1,0.2,0.3,0.4,0.5,0.6,0.7,0.8,0.9,1.),
 .UNSPECIFIED.);
#1940=B_SPLINE_SURFACE_WITH_KNOTS('',3,3,((#4358,#4359,#4360,#4361,#4362,
#4363,#4364),(#4365,#4366,#4367,#4368,#4369,#4370,#4371),(#4372,#4373,#4374,
#4375,#4376,#4377,#4378),(#4379,#4380,#4381,#4382,#4383,#4384,#4385),(#4386,
#4387,#4388,#4389,#4390,#4391,#4392),(#4393,#4394,#4395,#4396,#4397,#4398,
#4399),(#4400,#4401,#4402,#4403,#4404,#4405,#4406),(#4407,#4408,#4409,#4410,
#4411,#4412,#4413),(#4414,#4415,#4416,#4417,#4418,#4419,#4420),(#4421,#4422,
#4423,#4424,#4425,#4426,#4427),(#4428,#4429,#4430,#4431,#4432,#4433,#4434),
(#4435,#4436,#4437,#4438,#4439,#4440,#4441),(#4442,#4443,#4444,#4445,#4446,
#4447,#4448)),.UNSPECIFIED.,.F.,.F.,.F.,(4,1,1,1,1,1,1,1,1,1,4),(4,1,1,
1,4),(0.,0.1,0.2,0.3,0.4,0.5,0.6,0.7,0.8,0.9,1.),(0.,0.25,0.5,0.75,1.),
 .UNSPECIFIED.);
#1941=B_SPLINE_SURFACE_WITH_KNOTS('',3,3,((#4520,#4521,#4522,#4523,#4524,
#4525,#4526,#4527,#4528,#4529,#4530,#4531,#4532),(#4533,#4534,#4535,#4536,
#4537,#4538,#4539,#4540,#4541,#4542,#4543,#4544,#4545),(#4546,#4547,#4548,
#4549,#4550,#4551,#4552,#4553,#4554,#4555,#4556,#4557,#4558),(#4559,#4560,
#4561,#4562,#4563,#4564,#4565,#4566,#4567,#4568,#4569,#4570,#4571),(#4572,
#4573,#4574,#4575,#4576,#4577,#4578,#4579,#4580,#4581,#4582,#4583,#4584),
(#4585,#4586,#4587,#4588,#4589,#4590,#4591,#4592,#4593,#4594,#4595,#4596,
#4597),(#4598,#4599,#4600,#4601,#4602,#4603,#4604,#4605,#4606,#4607,#4608,
#4609,#4610)),.UNSPECIFIED.,.F.,.F.,.F.,(4,1,1,1,4),(4,1,1,1,1,1,1,1,1,
1,4),(0.,0.25,0.5,0.75,1.),(0.,0.1,0.2,0.3,0.4,0.5,0.6,0.7,0.8,0.9,1.),
 .UNSPECIFIED.);
#1942=B_SPLINE_SURFACE_WITH_KNOTS('',3,3,((#4682,#4683,#4684,#4685,#4686,
#4687,#4688),(#4689,#4690,#4691,#4692,#4693,#4694,#4695),(#4696,#4697,#4698,
#4699,#4700,#4701,#4702),(#4703,#4704,#4705,#4706,#4707,#4708,#4709),(#4710,
#4711,#4712,#4713,#4714,#4715,#4716),(#4717,#4718,#4719,#4720,#4721,#4722,
#4723),(#4724,#4725,#4726,#4727,#4728,#4729,#4730),(#4731,#4732,#4733,#4734,
#4735,#4736,#4737),(#4738,#4739,#4740,#4741,#4742,#4743,#4744),(#4745,#4746,
#4747,#4748,#4749,#4750,#4751),(#4752,#4753,#4754,#4755,#4756,#4757,#4758),
(#4759,#4760,#4761,#4762,#4763,#4764,#4765),(#4766,#4767,#4768,#4769,#4770,
#4771,#4772)),.UNSPECIFIED.,.F.,.F.,.F.,(4,1,1,1,1,1,1,1,1,1,4),(4,1,1,
1,4),(0.,0.1,0.2,0.3,0.4,0.5,0.6,0.7,0.8,0.9,1.),(0.,0.25,0.5,0.75,1.),
 .UNSPECIFIED.);
#1943=B_SPLINE_SURFACE_WITH_KNOTS('',3,3,((#4850,#4851,#4852,#4853,#4854,
#4855,#4856,#4857,#4858,#4859,#4860,#4861,#4862),(#4863,#4864,#4865,#4866,
#4867,#4868,#4869,#4870,#4871,#4872,#4873,#4874,#4875),(#4876,#4877,#4878,
#4879,#4880,#4881,#4882,#4883,#4884,#4885,#4886,#4887,#4888),(#4889,#4890,
#4891,#4892,#4893,#4894,#4895,#4896,#4897,#4898,#4899,#4900,#4901),(#4902,
#4903,#4904,#4905,#4906,#4907,#4908,#4909,#4910,#4911,#4912,#4913,#4914),
(#4915,#4916,#4917,#4918,#4919,#4920,#4921,#4922,#4923,#4924,#4925,#4926,
#4927),(#4928,#4929,#4930,#4931,#4932,#4933,#4934,#4935,#4936,#4937,#4938,
#4939,#4940)),.UNSPECIFIED.,.F.,.F.,.F.,(4,1,1,1,4),(4,1,1,1,1,1,1,1,1,
1,4),(0.,0.25,0.5,0.75,1.),(0.,0.1,0.2,0.3,0.4,0.5,0.6,0.7,0.8,0.9,1.),
 .UNSPECIFIED.);
#1944=B_SPLINE_SURFACE_WITH_KNOTS('',3,3,((#5304,#5305,#5306,#5307,#5308,
#5309),(#5310,#5311,#5312,#5313,#5314,#5315),(#5316,#5317,#5318,#5319,#5320,
#5321),(#5322,#5323,#5324,#5325,#5326,#5327),(#5328,#5329,#5330,#5331,#5332,
#5333)),.UNSPECIFIED.,.F.,.F.,.F.,(4,1,4),(4,1,1,4),(0.,0.571428571428571,
1.),(4.51028103753971E-16,0.17467485931474,0.291124765524566,0.407574671734392),
 .UNSPECIFIED.);
#1945=B_SPLINE_SURFACE_WITH_KNOTS('',3,3,((#5355,#5356,#5357,#5358,#5359,
#5360),(#5361,#5362,#5363,#5364,#5365,#5366),(#5367,#5368,#5369,#5370,#5371,
#5372),(#5373,#5374,#5375,#5376,#5377,#5378),(#5379,#5380,#5381,#5382,#5383,
#5384)),.UNSPECIFIED.,.F.,.F.,.F.,(4,1,4),(4,1,1,4),(0.,0.571428571428571,
1.),(1.57944340625074E-16,0.116445877504227,0.232891755008453,0.407560571264793),
 .UNSPECIFIED.);
#1946=B_SPLINE_SURFACE_WITH_KNOTS('',3,3,((#5414,#5415,#5416,#5417,#5418,
#5419,#5420),(#5421,#5422,#5423,#5424,#5425,#5426,#5427),(#5428,#5429,#5430,
#5431,#5432,#5433,#5434),(#5435,#5436,#5437,#5438,#5439,#5440,#5441),(#5442,
#5443,#5444,#5445,#5446,#5447,#5448),(#5449,#5450,#5451,#5452,#5453,#5454,
#5455),(#5456,#5457,#5458,#5459,#5460,#5461,#5462),(#5463,#5464,#5465,#5466,
#5467,#5468,#5469),(#5470,#5471,#5472,#5473,#5474,#5475,#5476),(#5477,#5478,
#5479,#5480,#5481,#5482,#5483),(#5484,#5485,#5486,#5487,#5488,#5489,#5490),
(#5491,#5492,#5493,#5494,#5495,#5496,#5497),(#5498,#5499,#5500,#5501,#5502,
#5503,#5504)),.UNSPECIFIED.,.F.,.F.,.F.,(4,1,1,1,1,1,1,1,1,1,4),(4,1,1,
1,4),(0.,0.1,0.2,0.3,0.4,0.5,0.6,0.7,0.8,0.9,1.),(0.,0.25,0.5,0.75,1.),
 .UNSPECIFIED.);
#1947=B_SPLINE_SURFACE_WITH_KNOTS('',3,3,((#5550,#5551,#5552,#5553),(#5554,
#5555,#5556,#5557),(#5558,#5559,#5560,#5561),(#5562,#5563,#5564,#5565),
(#5566,#5567,#5568,#5569),(#5570,#5571,#5572,#5573)),.UNSPECIFIED.,.F.,
 .F.,.F.,(4,1,1,4),(4,4),(0.,0.285714285714286,0.571428571428571,1.),(0.49825833423327,
1.4),.UNSPECIFIED.);
#1948=B_SPLINE_SURFACE_WITH_KNOTS('',3,3,((#5582,#5583,#5584,#5585,#5586,
#5587,#5588,#5589),(#5590,#5591,#5592,#5593,#5594,#5595,#5596,#5597),(#5598,
#5599,#5600,#5601,#5602,#5603,#5604,#5605),(#5606,#5607,#5608,#5609,#5610,
#5611,#5612,#5613),(#5614,#5615,#5616,#5617,#5618,#5619,#5620,#5621),(#5622,
#5623,#5624,#5625,#5626,#5627,#5628,#5629),(#5630,#5631,#5632,#5633,#5634,
#5635,#5636,#5637),(#5638,#5639,#5640,#5641,#5642,#5643,#5644,#5645),(#5646,
#5647,#5648,#5649,#5650,#5651,#5652,#5653),(#5654,#5655,#5656,#5657,#5658,
#5659,#5660,#5661),(#5662,#5663,#5664,#5665,#5666,#5667,#5668,#5669),(#5670,
#5671,#5672,#5673,#5674,#5675,#5676,#5677),(#5678,#5679,#5680,#5681,#5682,
#5683,#5684,#5685),(#5686,#5687,#5688,#5689,#5690,#5691,#5692,#5693)),
 .UNSPECIFIED.,.F.,.F.,.F.,(4,1,1,1,1,1,1,1,1,1,1,4),(4,1,1,1,1,4),(0.,
0.0909090909090909,0.181818181818182,0.272727272727273,0.363636363636364,
0.454545454545455,0.545454545454545,0.636363636363636,0.727272727272727,
0.818181818181818,0.909090909090909,1.),(0.,0.2,0.4,0.6,0.8,1.),
 .UNSPECIFIED.);
#1949=B_SPLINE_SURFACE_WITH_KNOTS('',3,3,((#5781,#5782,#5783,#5784),(#5785,
#5786,#5787,#5788),(#5789,#5790,#5791,#5792),(#5793,#5794,#5795,#5796),
(#5797,#5798,#5799,#5800)),.UNSPECIFIED.,.F.,.F.,.F.,(4,1,4),(4,4),(0.,
0.571428571428571,1.),(0.,0.325602952166474),.UNSPECIFIED.);
#1950=B_SPLINE_SURFACE_WITH_KNOTS('',3,1,((#5906,#5907),(#5908,#5909),(#5910,
#5911),(#5912,#5913),(#5914,#5915),(#5916,#5917),(#5918,#5919),(#5920,#5921),
(#5922,#5923),(#5924,#5925),(#5926,#5927),(#5928,#5929),(#5930,#5931),(#5932,
#5933),(#5934,#5935),(#5936,#5937),(#5938,#5939),(#5940,#5941),(#5942,#5943),
(#5944,#5945),(#5946,#5947),(#5948,#5949),(#5950,#5951),(#5952,#5953),(#5954,
#5955),(#5956,#5957),(#5958,#5959),(#5960,#5961)),.UNSPECIFIED.,.F.,.F.,
 .F.,(4,3,3,3,3,3,3,3,3,4),(2,2),(-2.09999986176123,-2.01710555840681,-1.82964551673003,
-1.69399879112071,-1.62617542831605,-1.55835206551139,-1.28705861429276,
-0.821725146908335,-0.329733597320894,-1.98884141701926E-16),(0.,1.9),
 .UNSPECIFIED.);
#1951=B_SPLINE_SURFACE_WITH_KNOTS('',3,3,((#6126,#6127,#6128,#6129,#6130,
#6131,#6132,#6133,#6134,#6135,#6136,#6137,#6138,#6139,#6140,#6141,#6142),
(#6143,#6144,#6145,#6146,#6147,#6148,#6149,#6150,#6151,#6152,#6153,#6154,
#6155,#6156,#6157,#6158,#6159),(#6160,#6161,#6162,#6163,#6164,#6165,#6166,
#6167,#6168,#6169,#6170,#6171,#6172,#6173,#6174,#6175,#6176),(#6177,#6178,
#6179,#6180,#6181,#6182,#6183,#6184,#6185,#6186,#6187,#6188,#6189,#6190,
#6191,#6192,#6193),(#6194,#6195,#6196,#6197,#6198,#6199,#6200,#6201,#6202,
#6203,#6204,#6205,#6206,#6207,#6208,#6209,#6210),(#6211,#6212,#6213,#6214,
#6215,#6216,#6217,#6218,#6219,#6220,#6221,#6222,#6223,#6224,#6225,#6226,
#6227)),.UNSPECIFIED.,.F.,.F.,.F.,(4,1,1,4),(4,2,2,2,1,2,1,2,1,4),(0.,0.285714285714286,
0.571428571428571,1.),(-0.145909446908186,-0.135113153767035,-0.118076567238631,
-0.0936216032038499,-0.0744507395173089,-0.0552798758307679,-0.0434897515554442,
-0.0277695858550125,-0.0138847929275063,-6.83014685729065E-17),
 .UNSPECIFIED.);
#1952=B_SPLINE_SURFACE_WITH_KNOTS('',3,3,((#6303,#6304,#6305,#6306,#6307,
#6308),(#6309,#6310,#6311,#6312,#6313,#6314),(#6315,#6316,#6317,#6318,#6319,
#6320),(#6321,#6322,#6323,#6324,#6325,#6326),(#6327,#6328,#6329,#6330,#6331,
#6332)),.UNSPECIFIED.,.F.,.F.,.F.,(4,1,4),(4,2,4),(0.,0.571428571428571,
1.),(-0.104616359181546,-0.0196120854415081,-2.06967556129112E-14),
 .UNSPECIFIED.);
#1953=B_SPLINE_SURFACE_WITH_KNOTS('',3,3,((#6357,#6358,#6359,#6360,#6361,
#6362),(#6363,#6364,#6365,#6366,#6367,#6368),(#6369,#6370,#6371,#6372,#6373,
#6374),(#6375,#6376,#6377,#6378,#6379,#6380),(#6381,#6382,#6383,#6384,#6385,
#6386)),.UNSPECIFIED.,.F.,.F.,.F.,(4,1,4),(4,1,1,4),(0.,0.571428571428571,
1.),(0.,0.0793386227648824,0.132231037941471,0.185123453118059),
 .UNSPECIFIED.);
#1954=B_SPLINE_SURFACE_WITH_KNOTS('',3,3,((#6411,#6412,#6413,#6414,#6415),
(#6416,#6417,#6418,#6419,#6420),(#6421,#6422,#6423,#6424,#6425),(#6426,
#6427,#6428,#6429,#6430),(#6431,#6432,#6433,#6434,#6435)),.UNSPECIFIED.,
 .F.,.F.,.F.,(4,1,4),(4,1,4),(0.,0.571428571428571,1.),(0.,0.0737575656436028,
0.17210098650174),.UNSPECIFIED.);
#1955=B_SPLINE_SURFACE_WITH_KNOTS('',3,3,((#6449,#6450,#6451,#6452),(#6453,
#6454,#6455,#6456),(#6457,#6458,#6459,#6460),(#6461,#6462,#6463,#6464),
(#6465,#6466,#6467,#6468)),.UNSPECIFIED.,.F.,.F.,.F.,(4,1,4),(4,4),(0.,
0.571428571428571,1.),(-0.000121895293869458,0.0908201593097949),
 .UNSPECIFIED.);
#1956=B_SPLINE_SURFACE_WITH_KNOTS('',3,3,((#6477,#6478,#6479,#6480),(#6481,
#6482,#6483,#6484),(#6485,#6486,#6487,#6488),(#6489,#6490,#6491,#6492),
(#6493,#6494,#6495,#6496)),.UNSPECIFIED.,.F.,.F.,.F.,(4,1,4),(4,4),(0.,
0.571428571428571,1.),(0.,0.076793649734),.UNSPECIFIED.);
#1957=B_SPLINE_SURFACE_WITH_KNOTS('',3,1,((#6513,#6514),(#6515,#6516),(#6517,
#6518),(#6519,#6520),(#6521,#6522),(#6523,#6524),(#6525,#6526),(#6527,#6528),
(#6529,#6530),(#6531,#6532)),.UNSPECIFIED.,.F.,.F.,.F.,(4,3,3,4),(2,2),
(-0.477030168797038,-0.320496309981308,-0.063097240763444,-0.0400566039322889),
(-4.50849461867131E-5,4.00004508494619),.UNSPECIFIED.);
#1958=B_SPLINE_SURFACE_WITH_KNOTS('',3,3,((#6549,#6550,#6551,#6552),(#6553,
#6554,#6555,#6556),(#6557,#6558,#6559,#6560),(#6561,#6562,#6563,#6564),
(#6565,#6566,#6567,#6568),(#6569,#6570,#6571,#6572)),.UNSPECIFIED.,.F.,
 .F.,.F.,(4,1,1,4),(4,4),(0.,0.285714285714286,0.571428571428571,1.),(-1.60000000000004,
-0.0999999999999998),.UNSPECIFIED.);
#1959=B_SPLINE_SURFACE_WITH_KNOTS('',3,3,((#6583,#6584,#6585,#6586),(#6587,
#6588,#6589,#6590),(#6591,#6592,#6593,#6594),(#6595,#6596,#6597,#6598),
(#6599,#6600,#6601,#6602),(#6603,#6604,#6605,#6606)),.UNSPECIFIED.,.F.,
 .F.,.F.,(4,1,1,4),(4,4),(0.,0.285714285714286,0.571428571428571,1.),(-2.86980883384561E-15,
2.00000000000016),.UNSPECIFIED.);
#1960=B_SPLINE_SURFACE_WITH_KNOTS('',3,1,((#6622,#6623),(#6624,#6625),(#6626,
#6627),(#6628,#6629)),.UNSPECIFIED.,.F.,.F.,.F.,(4,4),(2,2),(0.392665455109673,
0.626220346640968),(-0.00139941899225715,4.00139941899226),
 .UNSPECIFIED.);
#1961=B_SPLINE_SURFACE_WITH_KNOTS('',3,3,((#6709,#6710,#6711,#6712,#6713),
(#6714,#6715,#6716,#6717,#6718),(#6719,#6720,#6721,#6722,#6723),(#6724,
#6725,#6726,#6727,#6728),(#6729,#6730,#6731,#6732,#6733)),.UNSPECIFIED.,
 .F.,.F.,.F.,(4,1,4),(4,1,4),(0.,0.571428571428571,1.),(3.88578058618515E-17,
0.05635895729961,0.11271791459922),.UNSPECIFIED.);
#1962=B_SPLINE_SURFACE_WITH_KNOTS('',3,3,((#6747,#6748,#6749,#6750,#6751,
#6752,#6753,#6754,#6755,#6756,#6757,#6758,#6759,#6760,#6761,#6762,#6763,
#6764,#6765,#6766,#6767,#6768,#6769,#6770),(#6771,#6772,#6773,#6774,#6775,
#6776,#6777,#6778,#6779,#6780,#6781,#6782,#6783,#6784,#6785,#6786,#6787,
#6788,#6789,#6790,#6791,#6792,#6793,#6794),(#6795,#6796,#6797,#6798,#6799,
#6800,#6801,#6802,#6803,#6804,#6805,#6806,#6807,#6808,#6809,#6810,#6811,
#6812,#6813,#6814,#6815,#6816,#6817,#6818),(#6819,#6820,#6821,#6822,#6823,
#6824,#6825,#6826,#6827,#6828,#6829,#6830,#6831,#6832,#6833,#6834,#6835,
#6836,#6837,#6838,#6839,#6840,#6841,#6842),(#6843,#6844,#6845,#6846,#6847,
#6848,#6849,#6850,#6851,#6852,#6853,#6854,#6855,#6856,#6857,#6858,#6859,
#6860,#6861,#6862,#6863,#6864,#6865,#6866)),.UNSPECIFIED.,.F.,.F.,.F.,(4,
1,4),(4,2,2,2,2,2,1,1,1,2,1,1,1,2,4),(0.,0.571428571428571,1.),(-1.52749519728858,
-1.29525394498386,-0.942222263337681,-0.570423856863903,-0.326711740026871,
-0.251571472062458,-0.23803998507332,-0.232453231270473,-0.229018993747228,
-0.219998002421137,-0.194604312792917,-0.184937086806054,-0.169210623164698,
-0.131120088722369,-1.33668462446256E-12),.UNSPECIFIED.);
#1963=B_SPLINE_SURFACE_WITH_KNOTS('',3,3,((#6923,#6924,#6925,#6926),(#6927,
#6928,#6929,#6930),(#6931,#6932,#6933,#6934),(#6935,#6936,#6937,#6938),
(#6939,#6940,#6941,#6942)),.UNSPECIFIED.,.F.,.F.,.F.,(4,1,4),(4,4),(0.,
0.5,1.),(1.89999999999998,3.09999999999997),.UNSPECIFIED.);
#1964=B_SPLINE_SURFACE_WITH_KNOTS('',3,1,((#6955,#6956),(#6957,#6958),(#6959,
#6960),(#6961,#6962),(#6963,#6964),(#6965,#6966),(#6967,#6968),(#6969,#6970),
(#6971,#6972),(#6973,#6974),(#6975,#6976),(#6977,#6978),(#6979,#6980),(#6981,
#6982),(#6983,#6984),(#6985,#6986),(#6987,#6988),(#6989,#6990),(#6991,#6992),
(#6993,#6994),(#6995,#6996),(#6997,#6998),(#6999,#7000),(#7001,#7002),(#7003,
#7004),(#7005,#7006),(#7007,#7008),(#7009,#7010)),.UNSPECIFIED.,.F.,.F.,
 .F.,(4,3,3,3,3,3,3,3,3,4),(2,2),(1.98884141701926E-16,0.32973358954063,
0.821725127519233,1.28705858392383,1.55835202874113,1.62617538994546,1.69399875114978,
1.82964547355843,2.01710551081199,2.09999986176123),(0.,3.2),
 .UNSPECIFIED.);
#1965=B_SPLINE_SURFACE_WITH_KNOTS('',3,3,((#7187,#7188,#7189,#7190),(#7191,
#7192,#7193,#7194),(#7195,#7196,#7197,#7198),(#7199,#7200,#7201,#7202),
(#7203,#7204,#7205,#7206)),.UNSPECIFIED.,.F.,.F.,.F.,(4,1,4),(4,4),(0.,
0.5,1.),(-6.66133814775094E-16,2.00000000000016),.UNSPECIFIED.);
#1966=B_SPLINE_SURFACE_WITH_KNOTS('',3,3,((#7214,#7215,#7216,#7217),(#7218,
#7219,#7220,#7221),(#7222,#7223,#7224,#7225),(#7226,#7227,#7228,#7229),
(#7230,#7231,#7232,#7233),(#7234,#7235,#7236,#7237)),.UNSPECIFIED.,.F.,
 .F.,.F.,(4,1,1,4),(4,4),(0.,0.285714285714286,0.571428571428571,1.),(-2.9491597502879E-14,
1.5),.UNSPECIFIED.);
#1967=B_SPLINE_SURFACE_WITH_KNOTS('',3,1,((#7253,#7254),(#7255,#7256),(#7257,
#7258),(#7259,#7260),(#7261,#7262),(#7263,#7264),(#7265,#7266)),
 .UNSPECIFIED.,.F.,.F.,.F.,(4,3,4),(2,2),(0.564189031900419,0.615378006673986,
0.743505291245549),(-0.000401622524329737,4.00040162252433),
 .UNSPECIFIED.);
#1968=B_SPLINE_SURFACE_WITH_KNOTS('',3,1,((#7282,#7283),(#7284,#7285),(#7286,
#7287),(#7288,#7289),(#7290,#7291),(#7292,#7293),(#7294,#7295),(#7296,#7297),
(#7298,#7299),(#7300,#7301),(#7302,#7303),(#7304,#7305),(#7306,#7307),(#7308,
#7309),(#7310,#7311),(#7312,#7313),(#7314,#7315),(#7316,#7317),(#7318,#7319)),
 .UNSPECIFIED.,.F.,.F.,.F.,(4,3,3,3,3,3,4),(2,2),(-1.,-0.842416532599406,
-0.684827689332086,-0.434045718590759,-0.241136510328199,-0.092744811664692,
0.),(0.,2.4),.UNSPECIFIED.);
#1969=B_SPLINE_SURFACE_WITH_KNOTS('',3,1,((#7327,#7328),(#7329,#7330),(#7331,
#7332),(#7333,#7334),(#7335,#7336),(#7337,#7338),(#7339,#7340),(#7341,#7342),
(#7343,#7344),(#7345,#7346),(#7347,#7348),(#7349,#7350),(#7351,#7352),(#7353,
#7354),(#7355,#7356),(#7357,#7358),(#7359,#7360),(#7361,#7362),(#7363,#7364)),
 .UNSPECIFIED.,.F.,.F.,.F.,(4,3,3,3,3,3,4),(2,2),(-1.,-0.842416532599406,
-0.684827689332086,-0.434045718590759,-0.241136510328199,-0.092744811664692,
0.),(0.,2.4),.UNSPECIFIED.);
#1970=B_SPLINE_SURFACE_WITH_KNOTS('',3,1,((#7436,#7437),(#7438,#7439),(#7440,
#7441),(#7442,#7443),(#7444,#7445),(#7446,#7447),(#7448,#7449),(#7450,#7451),
(#7452,#7453),(#7454,#7455),(#7456,#7457),(#7458,#7459),(#7460,#7461),(#7462,
#7463),(#7464,#7465),(#7466,#7467),(#7468,#7469),(#7470,#7471),(#7472,#7473)),
 .UNSPECIFIED.,.F.,.F.,.F.,(4,3,3,3,3,3,4),(2,2),(-1.,-0.842416532599406,
-0.684827689332086,-0.434045718590759,-0.241136510328199,-0.092744811664692,
0.),(0.,2.4),.UNSPECIFIED.);
#1971=B_SPLINE_SURFACE_WITH_KNOTS('',3,1,((#7475,#7476),(#7477,#7478),(#7479,
#7480),(#7481,#7482),(#7483,#7484),(#7485,#7486),(#7487,#7488),(#7489,#7490),
(#7491,#7492),(#7493,#7494),(#7495,#7496),(#7497,#7498),(#7499,#7500),(#7501,
#7502),(#7503,#7504),(#7505,#7506),(#7507,#7508),(#7509,#7510),(#7511,#7512)),
 .UNSPECIFIED.,.F.,.F.,.F.,(4,3,3,3,3,3,4),(2,2),(0.,0.092744811664692,
0.241136510328199,0.434045718590759,0.684827689332086,0.842416532599406,
1.),(-0.000412936499758043,4.00041293649976),.UNSPECIFIED.);
#1972=ADVANCED_FACE('',(#316),#1930,.T.);
#1973=ADVANCED_FACE('',(#317),#1931,.T.);
#1974=ADVANCED_FACE('',(#318),#1932,.T.);
#1975=ADVANCED_FACE('',(#319),#1933,.T.);
#1976=ADVANCED_FACE('',(#320),#1934,.T.);
#1977=ADVANCED_FACE('',(#321),#1935,.T.);
#1978=ADVANCED_FACE('',(#322),#1936,.T.);
#1979=ADVANCED_FACE('',(#323),#1937,.T.);
#1980=ADVANCED_FACE('',(#324),#1938,.T.);
#1981=ADVANCED_FACE('',(#325),#1939,.T.);
#1982=ADVANCED_FACE('',(#326),#1940,.T.);
#1983=ADVANCED_FACE('',(#327),#1941,.T.);
#1984=ADVANCED_FACE('',(#328),#1942,.T.);
#1985=ADVANCED_FACE('',(#329),#1943,.T.);
#1986=ADVANCED_FACE('',(#330),#306,.T.);
#1987=ADVANCED_FACE('',(#331),#307,.T.);
#1988=ADVANCED_FACE('',(#332),#52,.T.);
#1989=ADVANCED_FACE('',(#333,#20,#21,#22,#23),#29,.T.);
#1990=ADVANCED_FACE('',(#334),#53,.T.);
#1991=ADVANCED_FACE('',(#335),#30,.T.);
#1992=ADVANCED_FACE('',(#336),#54,.T.);
#1993=ADVANCED_FACE('',(#337),#31,.T.);
#1994=ADVANCED_FACE('',(#338),#55,.T.);
#1995=ADVANCED_FACE('',(#339),#32,.T.);
#1996=ADVANCED_FACE('',(#340),#56,.T.);
#1997=ADVANCED_FACE('',(#341),#33,.T.);
#1998=ADVANCED_FACE('',(#342),#1944,.F.);
#1999=ADVANCED_FACE('',(#343),#57,.T.);
#2000=ADVANCED_FACE('',(#344),#1945,.F.);
#2001=ADVANCED_FACE('',(#345),#58,.T.);
#2002=ADVANCED_FACE('',(#346),#17,.F.);
#2003=ADVANCED_FACE('',(#347),#59,.T.);
#2004=ADVANCED_FACE('',(#348),#60,.F.);
#2005=ADVANCED_FACE('',(#349),#34,.F.);
#2006=ADVANCED_FACE('',(#350),#1946,.T.);
#2007=ADVANCED_FACE('',(#351),#1947,.F.);
#2008=ADVANCED_FACE('',(#352),#1948,.T.);
#2009=ADVANCED_FACE('',(#353),#61,.T.);
#2010=ADVANCED_FACE('',(#354),#62,.T.);
#2011=ADVANCED_FACE('',(#355),#18,.T.);
#2012=ADVANCED_FACE('',(#356),#1949,.F.);
#2013=ADVANCED_FACE('',(#357),#63,.T.);
#2014=ADVANCED_FACE('',(#358),#64,.T.);
#2015=ADVANCED_FACE('',(#359),#65,.F.);
#2016=ADVANCED_FACE('',(#360),#308,.T.);
#2017=ADVANCED_FACE('',(#361),#66,.F.);
#2018=ADVANCED_FACE('',(#362),#35,.F.);
#2019=ADVANCED_FACE('',(#363),#67,.F.);
#2020=ADVANCED_FACE('',(#364),#36,.T.);
#2021=ADVANCED_FACE('',(#365),#68,.F.);
#2022=ADVANCED_FACE('',(#366),#69,.F.);
#2023=ADVANCED_FACE('',(#367),#70,.F.);
#2024=ADVANCED_FACE('',(#368),#71,.F.);
#2025=ADVANCED_FACE('',(#369),#37,.T.);
#2026=ADVANCED_FACE('',(#370),#1950,.T.);
#2027=ADVANCED_FACE('',(#371),#38,.T.);
#2028=ADVANCED_FACE('',(#372),#72,.T.);
#2029=ADVANCED_FACE('',(#373),#39,.T.);
#2030=ADVANCED_FACE('',(#374),#73,.T.);
#2031=ADVANCED_FACE('',(#375),#40,.T.);
#2032=ADVANCED_FACE('',(#376,#24,#25,#26,#27,#28),#41,.F.);
#2033=ADVANCED_FACE('',(#377),#74,.T.);
#2034=ADVANCED_FACE('',(#378),#42,.T.);
#2035=ADVANCED_FACE('',(#379),#309,.F.);
#2036=ADVANCED_FACE('',(#380),#75,.T.);
#2037=ADVANCED_FACE('',(#381),#310,.F.);
#2038=ADVANCED_FACE('',(#382),#76,.T.);
#2039=ADVANCED_FACE('',(#383),#1951,.F.);
#2040=ADVANCED_FACE('',(#384),#77,.T.);
#2041=ADVANCED_FACE('',(#385),#311,.F.);
#2042=ADVANCED_FACE('',(#386),#78,.T.);
#2043=ADVANCED_FACE('',(#387),#43,.T.);
#2044=ADVANCED_FACE('',(#388),#79,.T.);
#2045=ADVANCED_FACE('',(#389),#44,.T.);
#2046=ADVANCED_FACE('',(#390),#80,.T.);
#2047=ADVANCED_FACE('',(#391),#45,.T.);
#2048=ADVANCED_FACE('',(#392),#1952,.F.);
#2049=ADVANCED_FACE('',(#393),#1953,.F.);
#2050=ADVANCED_FACE('',(#394),#81,.T.);
#2051=ADVANCED_FACE('',(#395),#19,.T.);
#2052=ADVANCED_FACE('',(#396),#1954,.F.);
#2053=ADVANCED_FACE('',(#397),#1955,.F.);
#2054=ADVANCED_FACE('',(#398),#1956,.F.);
#2055=ADVANCED_FACE('',(#399),#15,.T.);
#2056=ADVANCED_FACE('',(#400),#16,.T.);
#2057=ADVANCED_FACE('',(#401),#1957,.T.);
#2058=ADVANCED_FACE('',(#402),#1958,.F.);
#2059=ADVANCED_FACE('',(#403),#1959,.F.);
#2060=ADVANCED_FACE('',(#404),#1960,.T.);
#2061=ADVANCED_FACE('',(#405),#46,.T.);
#2062=ADVANCED_FACE('',(#406),#312,.F.);
#2063=ADVANCED_FACE('',(#407),#82,.T.);
#2064=ADVANCED_FACE('',(#408),#313,.F.);
#2065=ADVANCED_FACE('',(#409),#83,.T.);
#2066=ADVANCED_FACE('',(#410),#314,.F.);
#2067=ADVANCED_FACE('',(#411),#84,.T.);
#2068=ADVANCED_FACE('',(#412),#1961,.F.);
#2069=ADVANCED_FACE('',(#413),#1962,.F.);
#2070=ADVANCED_FACE('',(#414),#47,.T.);
#2071=ADVANCED_FACE('',(#415),#1963,.F.);
#2072=ADVANCED_FACE('',(#416),#1964,.T.);
#2073=ADVANCED_FACE('',(#417),#85,.T.);
#2074=ADVANCED_FACE('',(#418),#48,.T.);
#2075=ADVANCED_FACE('',(#419),#1965,.F.);
#2076=ADVANCED_FACE('',(#420),#1966,.F.);
#2077=ADVANCED_FACE('',(#421),#1967,.T.);
#2078=ADVANCED_FACE('',(#422),#86,.T.);
#2079=ADVANCED_FACE('',(#423),#87,.T.);
#2080=ADVANCED_FACE('',(#424),#49,.T.);
#2081=ADVANCED_FACE('',(#425),#88,.F.);
#2082=ADVANCED_FACE('',(#426),#1968,.T.);
#2083=ADVANCED_FACE('',(#427),#1969,.T.);
#2084=ADVANCED_FACE('',(#428),#50,.T.);
#2085=ADVANCED_FACE('',(#429),#315,.T.);
#2086=ADVANCED_FACE('',(#430),#1970,.T.);
#2087=ADVANCED_FACE('',(#431),#1971,.T.);
#2088=ADVANCED_FACE('',(#432),#51,.T.);
#2089=CLOSED_SHELL('',(#1972,#1973,#1974,#1975,#1976,#1977,#1978,#1979,
#1980,#1981,#1982,#1983,#1984,#1985,#1986,#1987,#1988,#1989,#1990,#1991,
#1992,#1993,#1994,#1995,#1996,#1997,#1998,#1999,#2000,#2001,#2002,#2003,
#2004,#2005,#2006,#2007,#2008,#2009,#2010,#2011,#2012,#2013,#2014,#2015,
#2016,#2017,#2018,#2019,#2020,#2021,#2022,#2023,#2024,#2025,#2026,#2027,
#2028,#2029,#2030,#2031,#2032,#2033,#2034,#2035,#2036,#2037,#2038,#2039,
#2040,#2041,#2042,#2043,#2044,#2045,#2046,#2047,#2048,#2049,#2050,#2051,
#2052,#2053,#2054,#2055,#2056,#2057,#2058,#2059,#2060,#2061,#2062,#2063,
#2064,#2065,#2066,#2067,#2068,#2069,#2070,#2071,#2072,#2073,#2074,#2075,
#2076,#2077,#2078,#2079,#2080,#2081,#2082,#2083,#2084,#2085,#2086,#2087,
#2088));
#2090=DERIVED_UNIT_ELEMENT(#2092,1.);
#2091=DERIVED_UNIT_ELEMENT(#7521,-3.);
#2092=(
MASS_UNIT()
NAMED_UNIT(*)
SI_UNIT(.KILO.,.GRAM.)
);
#2093=DERIVED_UNIT((#2090,#2091));
#2094=MEASURE_REPRESENTATION_ITEM('density measure',
POSITIVE_RATIO_MEASURE(7850.),#2093);
#2095=PROPERTY_DEFINITION_REPRESENTATION(#2100,#2097);
#2096=PROPERTY_DEFINITION_REPRESENTATION(#2101,#2098);
#2097=REPRESENTATION('material name',(#2099),#7518);
#2098=REPRESENTATION('density',(#2094),#7518);
#2099=DESCRIPTIVE_REPRESENTATION_ITEM('Steel','Steel');
#2100=PROPERTY_DEFINITION('material property','material name',#7528);
#2101=PROPERTY_DEFINITION('material property','density of part',#7528);
#2102=AXIS2_PLACEMENT_3D('',#2723,#2274,#2275);
#2103=AXIS2_PLACEMENT_3D('',#2923,#2276,#2277);
#2104=AXIS2_PLACEMENT_3D('',#3034,#2278,#2279);
#2105=AXIS2_PLACEMENT_3D('',#3251,#2280,#2281);
#2106=AXIS2_PLACEMENT_3D('',#3362,#2282,#2283);
#2107=AXIS2_PLACEMENT_3D('',#3588,#2284,#2285);
#2108=AXIS2_PLACEMENT_3D('',#3672,#2286,#2287);
#2109=AXIS2_PLACEMENT_3D('',#3859,#2288,#2289);
#2110=AXIS2_PLACEMENT_3D('',#4039,#2290,#2291);
#2111=AXIS2_PLACEMENT_3D('',#4146,#2292,#2293);
#2112=AXIS2_PLACEMENT_3D('',#4357,#2294,#2295);
#2113=AXIS2_PLACEMENT_3D('',#4464,#2296,#2297);
#2114=AXIS2_PLACEMENT_3D('',#4681,#2298,#2299);
#2115=AXIS2_PLACEMENT_3D('',#4788,#2300,#2301);
#2116=AXIS2_PLACEMENT_3D('',#5023,#2302,#2303);
#2117=AXIS2_PLACEMENT_3D('',#5176,#2308,#2309);
#2118=AXIS2_PLACEMENT_3D('',#5178,#2310,#2311);
#2119=AXIS2_PLACEMENT_3D('',#5179,#2312,#2313);
#2120=AXIS2_PLACEMENT_3D('',#5180,#2314,#2315);
#2121=AXIS2_PLACEMENT_3D('',#5181,#2316,#2317);
#2122=AXIS2_PLACEMENT_3D('',#5185,#2319,#2320);
#2123=AXIS2_PLACEMENT_3D('',#5189,#2322,#2323);
#2124=AXIS2_PLACEMENT_3D('',#5193,#2325,#2326);
#2125=AXIS2_PLACEMENT_3D('',#5199,#2329,#2330);
#2126=AXIS2_PLACEMENT_3D('',#5201,#2331,#2332);
#2127=AXIS2_PLACEMENT_3D('',#5203,#2333,#2334);
#2128=AXIS2_PLACEMENT_3D('',#5207,#2336,#2337);
#2129=AXIS2_PLACEMENT_3D('',#5211,#2339,#2340);
#2130=AXIS2_PLACEMENT_3D('',#5213,#2341,#2342);
#2131=AXIS2_PLACEMENT_3D('',#5215,#2343,#2344);
#2132=AXIS2_PLACEMENT_3D('',#5217,#2345,#2346);
#2133=AXIS2_PLACEMENT_3D('',#5228,#2348,#2349);
#2134=AXIS2_PLACEMENT_3D('',#5247,#2351,#2352);
#2135=AXIS2_PLACEMENT_3D('',#5249,#2353,#2354);
#2136=AXIS2_PLACEMENT_3D('',#5253,#2356,#2357);
#2137=AXIS2_PLACEMENT_3D('',#5257,#2359,#2360);
#2138=AXIS2_PLACEMENT_3D('',#5260,#2362,#2363);
#2139=AXIS2_PLACEMENT_3D('',#5262,#2364,#2365);
#2140=AXIS2_PLACEMENT_3D('',#5264,#2366,#2367);
#2141=AXIS2_PLACEMENT_3D('',#5266,#2368,#2369);
#2142=AXIS2_PLACEMENT_3D('',#5267,#2370,#2371);
#2143=AXIS2_PLACEMENT_3D('',#5271,#2373,#2374);
#2144=AXIS2_PLACEMENT_3D('',#5273,#2376,#2377);
#2145=AXIS2_PLACEMENT_3D('',#5280,#2379,#2380);
#2146=AXIS2_PLACEMENT_3D('',#5284,#2382,#2383);
#2147=AXIS2_PLACEMENT_3D('',#5286,#2385,#2386);
#2148=AXIS2_PLACEMENT_3D('',#5290,#2389,#2390);
#2149=AXIS2_PLACEMENT_3D('',#5293,#2392,#2393);
#2150=AXIS2_PLACEMENT_3D('',#5294,#2394,#2395);
#2151=AXIS2_PLACEMENT_3D('',#5298,#2398,#2399);
#2152=AXIS2_PLACEMENT_3D('',#5301,#2401,#2402);
#2153=AXIS2_PLACEMENT_3D('',#5302,#2403,#2404);
#2154=AXIS2_PLACEMENT_3D('',#5343,#2406,#2407);
#2155=AXIS2_PLACEMENT_3D('',#5351,#2408,#2409);
#2156=AXIS2_PLACEMENT_3D('',#5352,#2410,#2411);
#2157=AXIS2_PLACEMENT_3D('',#5394,#2414,#2415);
#2158=AXIS2_PLACEMENT_3D('',#5402,#2416,#2417);
#2159=AXIS2_PLACEMENT_3D('',#5403,#2418,#2419);
#2160=AXIS2_PLACEMENT_3D('',#5406,#2422,#2423);
#2161=AXIS2_PLACEMENT_3D('',#5407,#2424,#2425);
#2162=AXIS2_PLACEMENT_3D('',#5408,#2426,#2427);
#2163=AXIS2_PLACEMENT_3D('',#5409,#2428,#2429);
#2164=AXIS2_PLACEMENT_3D('',#5412,#2432,#2433);
#2165=AXIS2_PLACEMENT_3D('',#5413,#2434,#2435);
#2166=AXIS2_PLACEMENT_3D('',#5506,#2436,#2437);
#2167=AXIS2_PLACEMENT_3D('',#5695,#2438,#2439);
#2168=AXIS2_PLACEMENT_3D('',#5769,#2440,#2441);
#2169=AXIS2_PLACEMENT_3D('',#5772,#2444,#2445);
#2170=AXIS2_PLACEMENT_3D('',#5775,#2448,#2449);
#2171=AXIS2_PLACEMENT_3D('',#5778,#2450,#2451);
#2172=AXIS2_PLACEMENT_3D('',#5779,#2452,#2453);
#2173=AXIS2_PLACEMENT_3D('',#5780,#2454,#2455);
#2174=AXIS2_PLACEMENT_3D('',#5809,#2456,#2457);
#2175=AXIS2_PLACEMENT_3D('',#5812,#2460,#2461);
#2176=AXIS2_PLACEMENT_3D('',#5815,#2464,#2465);
#2177=AXIS2_PLACEMENT_3D('',#5819,#2467,#2468);
#2178=AXIS2_PLACEMENT_3D('',#5826,#2469,#2470);
#2179=AXIS2_PLACEMENT_3D('',#5833,#2471,#2472);
#2180=AXIS2_PLACEMENT_3D('',#5872,#2474,#2475);
#2181=AXIS2_PLACEMENT_3D('',#5873,#2476,#2477);
#2182=AXIS2_PLACEMENT_3D('',#5874,#2478,#2479);
#2183=AXIS2_PLACEMENT_3D('',#5875,#2480,#2481);
#2184=AXIS2_PLACEMENT_3D('',#5886,#2482,#2483);
#2185=AXIS2_PLACEMENT_3D('',#5889,#2485,#2486);
#2186=AXIS2_PLACEMENT_3D('',#5890,#2487,#2488);
#2187=AXIS2_PLACEMENT_3D('',#5893,#2490,#2491);
#2188=AXIS2_PLACEMENT_3D('',#5894,#2492,#2493);
#2189=AXIS2_PLACEMENT_3D('',#5897,#2495,#2496);
#2190=AXIS2_PLACEMENT_3D('',#5898,#2497,#2498);
#2191=AXIS2_PLACEMENT_3D('',#5901,#2500,#2501);
#2192=AXIS2_PLACEMENT_3D('',#5902,#2502,#2503);
#2193=AXIS2_PLACEMENT_3D('',#5970,#2508,#2509);
#2194=AXIS2_PLACEMENT_3D('',#5976,#2513,#2514);
#2195=AXIS2_PLACEMENT_3D('',#5979,#2516,#2517);
#2196=AXIS2_PLACEMENT_3D('',#5980,#2518,#2519);
#2197=AXIS2_PLACEMENT_3D('',#6002,#2526,#2527);
#2198=AXIS2_PLACEMENT_3D('',#6005,#2529,#2530);
#2199=AXIS2_PLACEMENT_3D('',#6006,#2531,#2532);
#2200=AXIS2_PLACEMENT_3D('',#6012,#2536,#2537);
#2201=AXIS2_PLACEMENT_3D('',#6026,#2539,#2540);
#2202=AXIS2_PLACEMENT_3D('',#6030,#2542,#2543);
#2203=AXIS2_PLACEMENT_3D('',#6031,#2544,#2545);
#2204=AXIS2_PLACEMENT_3D('',#6060,#2546,#2547);
#2205=AXIS2_PLACEMENT_3D('',#6063,#2548,#2549);
#2206=AXIS2_PLACEMENT_3D('',#6066,#2552,#2553);
#2207=AXIS2_PLACEMENT_3D('',#6091,#2558,#2559);
#2208=AXIS2_PLACEMENT_3D('',#6093,#2560,#2561);
#2209=AXIS2_PLACEMENT_3D('',#6094,#2562,#2563);
#2210=AXIS2_PLACEMENT_3D('',#6095,#2564,#2565);
#2211=AXIS2_PLACEMENT_3D('',#6096,#2566,#2567);
#2212=AXIS2_PLACEMENT_3D('',#6098,#2568,#2569);
#2213=AXIS2_PLACEMENT_3D('',#6117,#2571,#2572);
#2214=AXIS2_PLACEMENT_3D('',#6118,#2573,#2574);
#2215=AXIS2_PLACEMENT_3D('',#6119,#2575,#2576);
#2216=AXIS2_PLACEMENT_3D('',#6120,#2577,#2578);
#2217=AXIS2_PLACEMENT_3D('',#6123,#2579,#2580);
#2218=AXIS2_PLACEMENT_3D('',#6247,#2583,#2584);
#2219=AXIS2_PLACEMENT_3D('',#6265,#2585,#2586);
#2220=AXIS2_PLACEMENT_3D('',#6268,#2587,#2588);
#2221=AXIS2_PLACEMENT_3D('',#6282,#2591,#2592);
#2222=AXIS2_PLACEMENT_3D('',#6283,#2593,#2594);
#2223=AXIS2_PLACEMENT_3D('',#6284,#2595,#2596);
#2224=AXIS2_PLACEMENT_3D('',#6285,#2597,#2598);
#2225=AXIS2_PLACEMENT_3D('',#6288,#2601,#2602);
#2226=AXIS2_PLACEMENT_3D('',#6294,#2606,#2607);
#2227=AXIS2_PLACEMENT_3D('',#6297,#2609,#2610);
#2228=AXIS2_PLACEMENT_3D('',#6298,#2611,#2612);
#2229=AXIS2_PLACEMENT_3D('',#6301,#2615,#2616);
#2230=AXIS2_PLACEMENT_3D('',#6302,#2617,#2618);
#2231=AXIS2_PLACEMENT_3D('',#6350,#2619,#2620);
#2232=AXIS2_PLACEMENT_3D('',#6388,#2621,#2622);
#2233=AXIS2_PLACEMENT_3D('',#6401,#2623,#2624);
#2234=AXIS2_PLACEMENT_3D('',#6403,#2625,#2626);
#2235=AXIS2_PLACEMENT_3D('',#6405,#2628,#2629);
#2236=AXIS2_PLACEMENT_3D('',#6407,#2630,#2631);
#2237=AXIS2_PLACEMENT_3D('',#6409,#2632,#2633);
#2238=AXIS2_PLACEMENT_3D('',#6410,#2634,#2635);
#2239=AXIS2_PLACEMENT_3D('',#6438,#2636,#2637);
#2240=AXIS2_PLACEMENT_3D('',#6498,#2638,#2639);
#2241=AXIS2_PLACEMENT_3D('',#6504,#2640,#2641);
#2242=AXIS2_PLACEMENT_3D('',#6509,#2642,#2643);
#2243=AXIS2_PLACEMENT_3D('',#6510,#2644,#2645);
#2244=AXIS2_PLACEMENT_3D('',#6511,#2646,#2647);
#2245=AXIS2_PLACEMENT_3D('',#6512,#2648,#2649);
#2246=AXIS2_PLACEMENT_3D('',#6639,#2651,#2652);
#2247=AXIS2_PLACEMENT_3D('',#6651,#2653,#2654);
#2248=AXIS2_PLACEMENT_3D('',#6652,#2655,#2656);
#2249=AXIS2_PLACEMENT_3D('',#6654,#2657,#2658);
#2250=AXIS2_PLACEMENT_3D('',#6669,#2659,#2660);
#2251=AXIS2_PLACEMENT_3D('',#6671,#2661,#2662);
#2252=AXIS2_PLACEMENT_3D('',#6683,#2664,#2665);
#2253=AXIS2_PLACEMENT_3D('',#6684,#2666,#2667);
#2254=AXIS2_PLACEMENT_3D('',#6685,#2668,#2669);
#2255=AXIS2_PLACEMENT_3D('',#6687,#2670,#2671);
#2256=AXIS2_PLACEMENT_3D('',#6700,#2673,#2674);
#2257=AXIS2_PLACEMENT_3D('',#6701,#2675,#2676);
#2258=AXIS2_PLACEMENT_3D('',#6702,#2677,#2678);
#2259=AXIS2_PLACEMENT_3D('',#6703,#2679,#2680);
#2260=AXIS2_PLACEMENT_3D('',#6706,#2681,#2682);
#2261=AXIS2_PLACEMENT_3D('',#6736,#2685,#2686);
#2262=AXIS2_PLACEMENT_3D('',#6915,#2687,#2688);
#2263=AXIS2_PLACEMENT_3D('',#7184,#2692,#2693);
#2264=AXIS2_PLACEMENT_3D('',#7185,#2694,#2695);
#2265=AXIS2_PLACEMENT_3D('',#7186,#2696,#2697);
#2266=AXIS2_PLACEMENT_3D('',#7271,#2698,#2699);
#2267=AXIS2_PLACEMENT_3D('',#7272,#2700,#2701);
#2268=AXIS2_PLACEMENT_3D('',#7275,#2703,#2704);
#2269=AXIS2_PLACEMENT_3D('',#7276,#2705,#2706);
#2270=AXIS2_PLACEMENT_3D('',#7280,#2709,#2710);
#2271=AXIS2_PLACEMENT_3D('',#7281,#2711,#2712);
#2272=AXIS2_PLACEMENT_3D('',#7371,#2716,#2717);
#2273=AXIS2_PLACEMENT_3D('',#7515,#2721,#2722);
#2274=DIRECTION('axis',(0.,0.,1.));
#2275=DIRECTION('refdir',(1.,0.,0.));
#2276=DIRECTION('center_axis',(0.,-1.,0.));
#2277=DIRECTION('ref_axis',(0.,0.,-1.));
#2278=DIRECTION('center_axis',(3.05311331772003E-14,1.76271579585221E-14,
-1.));
#2279=DIRECTION('ref_axis',(1.,0.,3.05311331772003E-14));
#2280=DIRECTION('center_axis',(3.05311331772003E-14,1.76271579585221E-14,
-1.));
#2281=DIRECTION('ref_axis',(1.,0.,3.05311331772003E-14));
#2282=DIRECTION('center_axis',(5.68912133987798E-15,5.38541812019058E-15,
-1.));
#2283=DIRECTION('ref_axis',(0.687456948057232,-0.726225133528051,0.));
#2284=DIRECTION('center_axis',(5.68912133987798E-15,5.38541812019058E-15,
-1.));
#2285=DIRECTION('ref_axis',(0.687456948057232,-0.726225133528051,0.));
#2286=DIRECTION('center_axis',(0.110322702901674,-0.993895820106146,0.));
#2287=DIRECTION('ref_axis',(-0.993895820106146,-0.110322702901674,0.));
#2288=DIRECTION('center_axis',(0.110322702901674,-0.993895820106146,0.));
#2289=DIRECTION('ref_axis',(-0.993895820106146,-0.110322702901674,0.));
#2290=DIRECTION('center_axis',(0.0986428864349987,0.995122897413064,0.));
#2291=DIRECTION('ref_axis',(0.,0.,-1.));
#2292=DIRECTION('center_axis',(0.,0.,-1.));
#2293=DIRECTION('ref_axis',(-0.974287214011882,0.225309619441702,0.));
#2294=DIRECTION('center_axis',(0.,0.,-1.));
#2295=DIRECTION('ref_axis',(-0.974287214011882,0.225309619441702,0.));
#2296=DIRECTION('center_axis',(3.05311331772003E-14,-1.7627157958522E-14,
-1.));
#2297=DIRECTION('ref_axis',(0.500000000000024,0.866025403784425,0.));
#2298=DIRECTION('center_axis',(3.05311331772003E-14,-1.7627157958522E-14,
-1.));
#2299=DIRECTION('ref_axis',(0.500000000000024,0.866025403784425,0.));
#2300=DIRECTION('center_axis',(0.,1.,0.));
#2301=DIRECTION('ref_axis',(1.,0.,3.10862446895042E-14));
#2302=DIRECTION('center_axis',(0.,1.,0.));
#2303=DIRECTION('ref_axis',(1.,0.,3.10862446895042E-14));
#2304=DIRECTION('',(0.,0.,1.));
#2305=DIRECTION('',(0.,0.,1.));
#2306=DIRECTION('',(-3.08086889333481E-14,1.1671219546372E-13,1.));
#2307=DIRECTION('',(0.,0.,1.));
#2308=DIRECTION('center_axis',(0.,0.,1.));
#2309=DIRECTION('ref_axis',(-1.,0.,0.));
#2310=DIRECTION('center_axis',(0.,0.,-1.));
#2311=DIRECTION('ref_axis',(-1.,0.,0.));
#2312=DIRECTION('center_axis',(0.,0.,-1.));
#2313=DIRECTION('ref_axis',(-1.,0.,0.));
#2314=DIRECTION('center_axis',(0.,0.,1.));
#2315=DIRECTION('ref_axis',(-1.,0.,0.));
#2316=DIRECTION('center_axis',(0.,0.,1.));
#2317=DIRECTION('ref_axis',(-1.,0.,0.));
#2318=DIRECTION('',(-1.50538715203411E-16,-1.,0.));
#2319=DIRECTION('center_axis',(0.,0.,-1.));
#2320=DIRECTION('ref_axis',(-0.707106781186547,-0.707106781186547,0.));
#2321=DIRECTION('',(1.,0.,0.));
#2322=DIRECTION('center_axis',(0.,0.,-1.));
#2323=DIRECTION('ref_axis',(0.707106781186547,-0.707106781186547,0.));
#2324=DIRECTION('',(0.,1.,0.));
#2325=DIRECTION('center_axis',(0.,0.,-1.));
#2326=DIRECTION('ref_axis',(0.707106781186547,0.707106781186547,0.));
#2327=DIRECTION('',(-1.,0.,0.));
#2328=DIRECTION('',(-0.0978876787290385,0.995197469024636,0.));
#2329=DIRECTION('center_axis',(0.,0.,-1.));
#2330=DIRECTION('ref_axis',(0.933784713829342,-0.357835308792542,0.));
#2331=DIRECTION('center_axis',(0.,0.,1.));
#2332=DIRECTION('ref_axis',(-1.,0.,0.));
#2333=DIRECTION('center_axis',(0.,0.,-1.));
#2334=DIRECTION('ref_axis',(0.846170775396677,0.532911830291453,0.));
#2335=DIRECTION('',(-0.0978876787290385,0.995197469024636,0.));
#2336=DIRECTION('center_axis',(0.,0.,1.));
#2337=DIRECTION('ref_axis',(0.998798645629998,0.049002708983098,1.53395059223006E-14));
#2338=DIRECTION('',(0.,1.,0.));
#2339=DIRECTION('center_axis',(0.,0.,-1.));
#2340=DIRECTION('ref_axis',(0.866025403784445,-0.499999999999989,0.));
#2341=DIRECTION('center_axis',(0.,0.,1.));
#2342=DIRECTION('ref_axis',(-1.,0.,0.));
#2343=DIRECTION('center_axis',(0.,0.,-1.));
#2344=DIRECTION('ref_axis',(-0.299824524424651,-0.953994368198016,0.));
#2345=DIRECTION('center_axis',(0.,0.,-1.));
#2346=DIRECTION('ref_axis',(-0.758069381485334,-0.652173913043478,5.2761525451392E-14));
#2347=DIRECTION('',(-1.,0.,0.));
#2348=DIRECTION('center_axis',(0.,0.,-1.));
#2349=DIRECTION('ref_axis',(-0.707106781186547,0.707106781186547,0.));
#2350=DIRECTION('',(-1.50538715203411E-16,-1.,0.));
#2351=DIRECTION('center_axis',(0.,0.,1.));
#2352=DIRECTION('ref_axis',(-1.,0.,0.));
#2353=DIRECTION('center_axis',(0.,0.,-1.));
#2354=DIRECTION('ref_axis',(0.866025403784445,0.49999999999999,0.));
#2355=DIRECTION('',(0.,1.,0.));
#2356=DIRECTION('center_axis',(0.,0.,1.));
#2357=DIRECTION('ref_axis',(0.707106781186546,-0.707106781186549,1.05196194731813E-13));
#2358=DIRECTION('',(1.,-1.0449157878825E-15,0.));
#2359=DIRECTION('center_axis',(0.,0.,1.));
#2360=DIRECTION('ref_axis',(-0.707106781186546,-0.707106781186549,5.96635134299835E-14));
#2361=DIRECTION('',(0.,-1.,0.));
#2362=DIRECTION('center_axis',(0.,0.,-1.));
#2363=DIRECTION('ref_axis',(-1.,0.,0.));
#2364=DIRECTION('center_axis',(0.,0.,-1.));
#2365=DIRECTION('ref_axis',(-1.,0.,0.));
#2366=DIRECTION('center_axis',(0.,0.,-1.));
#2367=DIRECTION('ref_axis',(-1.,0.,0.));
#2368=DIRECTION('center_axis',(0.,0.,-1.));
#2369=DIRECTION('ref_axis',(-1.,0.,0.));
#2370=DIRECTION('center_axis',(0.,0.,1.));
#2371=DIRECTION('ref_axis',(-0.707106781186547,0.707106781186547,0.));
#2372=DIRECTION('',(0.,0.,-1.));
#2373=DIRECTION('center_axis',(0.,0.,1.));
#2374=DIRECTION('ref_axis',(-0.707106781186547,0.707106781186547,0.));
#2375=DIRECTION('',(0.,0.,1.));
#2376=DIRECTION('center_axis',(0.,1.,0.));
#2377=DIRECTION('ref_axis',(-1.,0.,0.));
#2378=DIRECTION('',(1.,0.,0.));
#2379=DIRECTION('center_axis',(0.,0.,1.));
#2380=DIRECTION('ref_axis',(0.707106781186547,0.707106781186547,0.));
#2381=DIRECTION('',(0.,0.,-1.));
#2382=DIRECTION('center_axis',(0.,0.,1.));
#2383=DIRECTION('ref_axis',(0.707106781186547,0.707106781186547,0.));
#2384=DIRECTION('',(0.,0.,1.));
#2385=DIRECTION('center_axis',(1.,0.,0.));
#2386=DIRECTION('ref_axis',(0.,1.,0.));
#2387=DIRECTION('',(0.,0.,1.));
#2388=DIRECTION('',(0.,-1.,0.));
#2389=DIRECTION('center_axis',(0.,0.,1.));
#2390=DIRECTION('ref_axis',(0.707106781186547,-0.707106781186547,0.));
#2391=DIRECTION('',(0.,0.,-1.));
#2392=DIRECTION('center_axis',(0.,0.,1.));
#2393=DIRECTION('ref_axis',(0.707106781186547,-0.707106781186547,0.));
#2394=DIRECTION('center_axis',(0.,-1.,0.));
#2395=DIRECTION('ref_axis',(1.,0.,0.));
#2396=DIRECTION('',(0.,0.,1.));
#2397=DIRECTION('',(-1.,0.,0.));
#2398=DIRECTION('center_axis',(0.,0.,1.));
#2399=DIRECTION('ref_axis',(-0.707106781186547,-0.707106781186547,0.));
#2400=DIRECTION('',(0.,0.,-1.));
#2401=DIRECTION('center_axis',(0.,0.,1.));
#2402=DIRECTION('ref_axis',(-0.707106781186547,-0.707106781186547,0.));
#2403=DIRECTION('center_axis',(-1.,1.50538715203411E-16,0.));
#2404=DIRECTION('ref_axis',(-1.50538715203411E-16,-1.,0.));
#2405=DIRECTION('',(1.50538715203411E-16,1.,0.));
#2406=DIRECTION('center_axis',(0.,0.,-1.));
#2407=DIRECTION('ref_axis',(0.995197469024636,0.0978876787290386,0.));
#2408=DIRECTION('center_axis',(0.0978876787290386,-0.995197469024636,0.));
#2409=DIRECTION('ref_axis',(0.,0.,-1.));
#2410=DIRECTION('center_axis',(0.,0.,-1.));
#2411=DIRECTION('ref_axis',(0.933784713829342,-0.357835308792542,0.));
#2412=DIRECTION('',(0.,0.,1.));
#2413=DIRECTION('',(0.,0.,-1.));
#2414=DIRECTION('center_axis',(0.,0.,-1.));
#2415=DIRECTION('ref_axis',(0.518217067656304,0.855249127909349,0.));
#2416=DIRECTION('center_axis',(-0.0978876787290386,0.995197469024636,0.));
#2417=DIRECTION('ref_axis',(0.995197469024636,0.0978876787290386,0.));
#2418=DIRECTION('center_axis',(0.,0.,1.));
#2419=DIRECTION('ref_axis',(0.846170775396677,0.532911830291453,0.));
#2420=DIRECTION('',(0.,0.,1.));
#2421=DIRECTION('',(0.,0.,-1.));
#2422=DIRECTION('center_axis',(0.,0.,1.));
#2423=DIRECTION('ref_axis',(-0.995197469024636,-0.0978876787290383,0.));
#2424=DIRECTION('center_axis',(0.,0.,-1.));
#2425=DIRECTION('ref_axis',(-0.995197469024636,-0.0978876787290384,0.));
#2426=DIRECTION('center_axis',(0.,0.,1.));
#2427=DIRECTION('ref_axis',(-0.995197469024636,-0.0978876787290384,0.));
#2428=DIRECTION('center_axis',(-0.0978876787290385,0.995197469024636,0.));
#2429=DIRECTION('ref_axis',(0.703710878967005,0.0692170414239167,-0.707106781186551));
#2430=DIRECTION('',(0.0978876787290385,-0.995197469024636,0.));
#2431=DIRECTION('',(-0.0978876787290385,0.995197469024636,0.));
#2432=DIRECTION('center_axis',(0.,0.,1.));
#2433=DIRECTION('ref_axis',(-1.,0.,0.));
#2434=DIRECTION('center_axis',(0.,0.,1.));
#2435=DIRECTION('ref_axis',(-1.,0.,0.));
#2436=DIRECTION('center_axis',(0.0986428864349987,0.995122897413064,0.));
#2437=DIRECTION('ref_axis',(0.,0.,-1.));
#2438=DIRECTION('center_axis',(0.,-1.,0.));
#2439=DIRECTION('ref_axis',(0.,0.,-1.));
#2440=DIRECTION('center_axis',(0.,0.,-1.));
#2441=DIRECTION('ref_axis',(0.866025403784445,-0.499999999999989,0.));
#2442=DIRECTION('',(-3.08086889333481E-14,0.,1.));
#2443=DIRECTION('',(0.,0.,-1.));
#2444=DIRECTION('center_axis',(0.,1.,0.));
#2445=DIRECTION('ref_axis',(0.707106781186558,0.,-0.707106781186537));
#2446=DIRECTION('',(0.,-1.,0.));
#2447=DIRECTION('',(0.,1.,0.));
#2448=DIRECTION('center_axis',(0.,0.,-1.));
#2449=DIRECTION('ref_axis',(-1.,0.,0.));
#2450=DIRECTION('center_axis',(-0.0639884175379364,0.997950641274903,0.));
#2451=DIRECTION('ref_axis',(0.,0.,-1.));
#2452=DIRECTION('center_axis',(0.,0.,1.));
#2453=DIRECTION('ref_axis',(0.996929538265631,0.0783038679343243,0.));
#2454=DIRECTION('center_axis',(0.,0.,-1.));
#2455=DIRECTION('ref_axis',(0.996929538265631,0.0783038679343243,0.));
#2456=DIRECTION('center_axis',(0.,0.,1.));
#2457=DIRECTION('ref_axis',(-0.299824524424651,-0.953994368198016,0.));
#2458=DIRECTION('',(0.,0.,1.));
#2459=DIRECTION('',(3.08086889333481E-14,-1.1671219546372E-13,-1.));
#2460=DIRECTION('center_axis',(0.,0.,1.));
#2461=DIRECTION('ref_axis',(0.866025403784445,0.49999999999999,0.));
#2462=DIRECTION('',(0.,0.,1.));
#2463=DIRECTION('',(3.08086889333481E-14,0.,-1.));
#2464=DIRECTION('center_axis',(-3.08086889333481E-14,1.1671219546372E-13,
1.));
#2465=DIRECTION('ref_axis',(-0.758069381485334,-0.652173913043478,5.2761525451392E-14));
#2466=DIRECTION('',(-3.08086889333481E-14,1.1671219546372E-13,1.));
#2467=DIRECTION('center_axis',(0.,0.,-1.));
#2468=DIRECTION('ref_axis',(-0.758069381485334,-0.652173913043478,5.2761525451392E-14));
#2469=DIRECTION('center_axis',(3.06861165635799E-14,-1.16717661408199E-13,
-1.));
#2470=DIRECTION('ref_axis',(0.955153610882071,0.296110755662372,-5.24942408382547E-15));
#2471=DIRECTION('center_axis',(0.,0.,-1.));
#2472=DIRECTION('ref_axis',(-0.758069381485334,-0.652173913043478,5.2761525451392E-14));
#2473=DIRECTION('',(-3.08086889333481E-14,1.1671219546372E-13,1.));
#2474=DIRECTION('center_axis',(0.,0.,1.));
#2475=DIRECTION('ref_axis',(-1.,0.,0.));
#2476=DIRECTION('center_axis',(0.,0.,1.));
#2477=DIRECTION('ref_axis',(-1.,0.,0.));
#2478=DIRECTION('center_axis',(0.,0.,1.));
#2479=DIRECTION('ref_axis',(-1.,0.,0.));
#2480=DIRECTION('center_axis',(0.,0.,1.));
#2481=DIRECTION('ref_axis',(-1.,0.,0.));
#2482=DIRECTION('center_axis',(0.,0.,1.));
#2483=DIRECTION('ref_axis',(-1.,0.,0.));
#2484=DIRECTION('',(0.,0.,-1.));
#2485=DIRECTION('center_axis',(0.,0.,-1.));
#2486=DIRECTION('ref_axis',(-1.,0.,0.));
#2487=DIRECTION('center_axis',(0.,0.,1.));
#2488=DIRECTION('ref_axis',(-1.,0.,0.));
#2489=DIRECTION('',(0.,0.,-1.));
#2490=DIRECTION('center_axis',(0.,0.,-1.));
#2491=DIRECTION('ref_axis',(-1.,0.,0.));
#2492=DIRECTION('center_axis',(0.,0.,1.));
#2493=DIRECTION('ref_axis',(-1.,0.,0.));
#2494=DIRECTION('',(0.,0.,-1.));
#2495=DIRECTION('center_axis',(0.,0.,-1.));
#2496=DIRECTION('ref_axis',(-1.,0.,0.));
#2497=DIRECTION('center_axis',(0.,0.,1.));
#2498=DIRECTION('ref_axis',(-1.,0.,0.));
#2499=DIRECTION('',(0.,0.,-1.));
#2500=DIRECTION('center_axis',(0.,0.,-1.));
#2501=DIRECTION('ref_axis',(-1.,0.,0.));
#2502=DIRECTION('center_axis',(0.,1.,0.));
#2503=DIRECTION('ref_axis',(-1.,0.,0.));
#2504=DIRECTION('',(1.,0.,0.));
#2505=DIRECTION('',(0.,0.,-1.));
#2506=DIRECTION('',(-3.08086889333481E-14,1.1671219546372E-13,1.));
#2507=DIRECTION('',(0.,0.,1.));
#2508=DIRECTION('center_axis',(-1.0449157878825E-15,-1.,1.1671219546372E-13));
#2509=DIRECTION('ref_axis',(1.,-1.0449157878825E-15,0.));
#2510=DIRECTION('',(3.08086889333481E-14,-1.1671219546372E-13,-1.));
#2511=DIRECTION('',(1.,-1.0449157878825E-15,0.));
#2512=DIRECTION('',(-3.08086889333481E-14,1.1671219546372E-13,1.));
#2513=DIRECTION('center_axis',(-3.08086889333481E-14,1.1671219546372E-13,
1.));
#2514=DIRECTION('ref_axis',(0.707106781186546,-0.707106781186549,1.05196194731813E-13));
#2515=DIRECTION('',(-3.08086889333481E-14,1.1671219546372E-13,1.));
#2516=DIRECTION('center_axis',(0.,0.,1.));
#2517=DIRECTION('ref_axis',(0.707106781186569,-0.707106781186526,0.));
#2518=DIRECTION('center_axis',(1.,0.,3.08086889333481E-14));
#2519=DIRECTION('ref_axis',(0.,1.,0.));
#2520=DIRECTION('',(3.08086889333481E-14,-3.13223580827847E-13,-1.));
#2521=DIRECTION('',(0.,1.,0.));
#2522=DIRECTION('',(3.59591812335304E-27,1.,-1.16717661408199E-13));
#2523=DIRECTION('',(0.,1.,0.));
#2524=DIRECTION('',(3.08086889333481E-14,-1.1671219546372E-13,-1.));
#2525=DIRECTION('',(0.,1.,0.));
#2526=DIRECTION('center_axis',(-3.08086889333481E-14,3.13223580827847E-13,
1.));
#2527=DIRECTION('ref_axis',(0.998798645629998,0.049002708983098,1.53395059223006E-14));
#2528=DIRECTION('',(-3.08086889333481E-14,3.13223580827847E-13,1.));
#2529=DIRECTION('center_axis',(0.,0.,1.));
#2530=DIRECTION('ref_axis',(0.998798645629998,0.049002708983098,1.53395059223006E-14));
#2531=DIRECTION('center_axis',(0.995197469024636,0.0978876787290385,0.));
#2532=DIRECTION('ref_axis',(-0.0978876787290385,0.995197469024636,0.));
#2533=DIRECTION('',(-0.0978876787290385,0.995197469024636,0.));
#2534=DIRECTION('',(2.08961363852727E-14,-2.12445348720358E-13,-1.));
#2535=DIRECTION('',(-0.0978876787290385,0.995197469024636,0.));
#2536=DIRECTION('center_axis',(0.,0.,1.));
#2537=DIRECTION('ref_axis',(-1.,0.,0.));
#2538=DIRECTION('',(0.139173100960134,-0.990268068741561,0.));
#2539=DIRECTION('center_axis',(0.,0.,1.));
#2540=DIRECTION('ref_axis',(-0.754709580222795,0.656059028990481,-1.00689521896901E-13));
#2541=DIRECTION('',(-1.,0.,0.));
#2542=DIRECTION('center_axis',(0.,0.,1.));
#2543=DIRECTION('ref_axis',(0.,-1.,1.16573417585641E-13));
#2544=DIRECTION('center_axis',(0.,0.,-1.));
#2545=DIRECTION('ref_axis',(-0.999996515292213,0.0026399627706361,-2.14247861620987E-14));
#2546=DIRECTION('center_axis',(2.66774026229068E-14,-1.16573417585641E-13,
-1.));
#2547=DIRECTION('ref_axis',(0.,-1.,1.16573417585641E-13));
#2548=DIRECTION('center_axis',(0.,0.,-1.));
#2549=DIRECTION('ref_axis',(0.,-1.,1.16573417585641E-13));
#2550=DIRECTION('',(2.66774026229068E-14,-1.16573417585641E-13,-1.));
#2551=DIRECTION('',(-2.66774026229068E-14,1.16573417585641E-13,1.));
#2552=DIRECTION('center_axis',(0.,1.,-1.16850973341798E-13));
#2553=DIRECTION('ref_axis',(-1.,0.,0.));
#2554=DIRECTION('',(3.08086889333481E-14,-1.16850973341798E-13,-1.));
#2555=DIRECTION('',(-1.,0.,0.));
#2556=DIRECTION('',(-3.08086889333481E-14,1.16850973341798E-13,1.));
#2557=DIRECTION('',(-1.,0.,0.));
#2558=DIRECTION('center_axis',(-0.13917310096013,0.990268068741561,0.));
#2559=DIRECTION('ref_axis',(-0.990268068741561,-0.13917310096013,0.));
#2560=DIRECTION('center_axis',(0.,0.,-1.));
#2561=DIRECTION('ref_axis',(-0.754709580222774,0.656059028990505,0.));
#2562=DIRECTION('center_axis',(-1.,0.,0.));
#2563=DIRECTION('ref_axis',(0.,0.,1.));
#2564=DIRECTION('center_axis',(0.,0.,1.));
#2565=DIRECTION('ref_axis',(-0.754709580222774,0.656059028990505,0.));
#2566=DIRECTION('center_axis',(-1.,0.,0.));
#2567=DIRECTION('ref_axis',(0.,0.707106781186588,0.707106781186507));
#2568=DIRECTION('center_axis',(-1.,0.,0.));
#2569=DIRECTION('ref_axis',(0.,0.,1.));
#2570=DIRECTION('',(1.,0.,0.));
#2571=DIRECTION('center_axis',(0.103140864516264,0.994666759305265,0.));
#2572=DIRECTION('ref_axis',(0.,0.,1.));
#2573=DIRECTION('center_axis',(0.,0.,1.));
#2574=DIRECTION('ref_axis',(0.742677879203412,0.669648839125344,0.));
#2575=DIRECTION('center_axis',(0.,0.,-1.));
#2576=DIRECTION('ref_axis',(0.742677879203412,0.669648839125344,0.));
#2577=DIRECTION('center_axis',(0.103140864516268,0.994666759305264,0.));
#2578=DIRECTION('ref_axis',(0.703335610525582,-0.0729316047168863,0.707106781186566));
#2579=DIRECTION('center_axis',(0.103140864516265,0.994666759305265,0.));
#2580=DIRECTION('ref_axis',(0.,0.,1.));
#2581=DIRECTION('',(0.103140864516268,0.994666759305264,0.));
#2582=DIRECTION('',(-0.103140864516268,-0.994666759305264,0.));
#2583=DIRECTION('center_axis',(1.,1.59872115546032E-13,0.));
#2584=DIRECTION('ref_axis',(0.,0.,1.));
#2585=DIRECTION('center_axis',(1.,0.,0.));
#2586=DIRECTION('ref_axis',(0.,-0.707106781186507,0.707106781186588));
#2587=DIRECTION('center_axis',(1.,0.,0.));
#2588=DIRECTION('ref_axis',(0.,0.,1.));
#2589=DIRECTION('',(1.,0.,0.));
#2590=DIRECTION('',(-1.,0.,0.));
#2591=DIRECTION('center_axis',(0.13917310096013,-0.990268068741561,0.));
#2592=DIRECTION('ref_axis',(0.,0.,1.));
#2593=DIRECTION('center_axis',(0.,0.,1.));
#2594=DIRECTION('ref_axis',(-0.656059028990514,-0.754709580222766,0.));
#2595=DIRECTION('center_axis',(0.,0.,-1.));
#2596=DIRECTION('ref_axis',(-0.656059028990514,-0.754709580222766,0.));
#2597=DIRECTION('center_axis',(0.139173100960134,-0.990268068741561,0.));
#2598=DIRECTION('ref_axis',(-0.700225266599672,-0.0984102434476622,0.70710678118654));
#2599=DIRECTION('',(-0.139173100960134,0.990268068741561,0.));
#2600=DIRECTION('',(0.139173100960134,-0.990268068741561,0.));
#2601=DIRECTION('center_axis',(0.,-1.,1.16850973341798E-13));
#2602=DIRECTION('ref_axis',(1.,0.,0.));
#2603=DIRECTION('',(-3.08086889333481E-14,1.16850973341798E-13,1.));
#2604=DIRECTION('',(1.,0.,0.));
#2605=DIRECTION('',(-3.08086889333481E-14,1.16850973341798E-13,1.));
#2606=DIRECTION('center_axis',(-3.08086889333481E-14,1.16850973341798E-13,
1.));
#2607=DIRECTION('ref_axis',(-0.990268068741561,-0.139173100960132,-1.42463485802984E-14));
#2608=DIRECTION('',(-3.08086889333481E-14,1.16850973341798E-13,1.));
#2609=DIRECTION('center_axis',(0.,0.,1.));
#2610=DIRECTION('ref_axis',(-0.990268068741561,-0.139173100960132,-1.42463485802984E-14));
#2611=DIRECTION('center_axis',(-0.990268068741561,-0.139173100960134,-1.42463485802982E-14));
#2612=DIRECTION('ref_axis',(0.139173100960134,-0.990268068741561,0.));
#2613=DIRECTION('',(-3.08086889333481E-14,1.16850973341798E-13,1.));
#2614=DIRECTION('',(-3.08086889333481E-14,1.16850973341798E-13,1.));
#2615=DIRECTION('center_axis',(-3.08086889333481E-14,1.16850973341798E-13,
1.));
#2616=DIRECTION('ref_axis',(-0.754709580222795,0.656059028990481,-1.00689521896901E-13));
#2617=DIRECTION('center_axis',(0.,0.,1.));
#2618=DIRECTION('ref_axis',(-1.,0.,0.));
#2619=DIRECTION('center_axis',(-0.960913481454733,-0.276848841714292,6.36197315203902E-15));
#2620=DIRECTION('ref_axis',(-2.66453525910037E-14,1.15463194561016E-13,
1.));
#2621=DIRECTION('center_axis',(3.58931711875558E-27,1.,-1.15463194561016E-13));
#2622=DIRECTION('ref_axis',(-2.66453525910037E-14,1.15463194561016E-13,
1.));
#2623=DIRECTION('center_axis',(3.59591812335304E-27,1.,-1.16717661408199E-13));
#2624=DIRECTION('ref_axis',(0.707106781186529,8.24298540808978E-14,0.707106781186566));
#2625=DIRECTION('center_axis',(3.65834244796248E-27,1.,-1.17683640610266E-13));
#2626=DIRECTION('ref_axis',(-2.66453525910037E-14,1.17683640610266E-13,
1.));
#2627=DIRECTION('',(-3.59591812335304E-27,-1.,1.16717661408199E-13));
#2628=DIRECTION('center_axis',(3.06861165635799E-14,-1.16717661408199E-13,
-1.));
#2629=DIRECTION('ref_axis',(-1.,0.,-3.06954461848363E-14));
#2630=DIRECTION('center_axis',(0.485833720315734,-0.874051254906812,1.09550890620546E-13));
#2631=DIRECTION('ref_axis',(-1.77635683940024E-14,1.15463194561016E-13,
1.));
#2632=DIRECTION('center_axis',(-0.0937816468185245,0.995592789608284,-1.16620220667449E-13));
#2633=DIRECTION('ref_axis',(-0.995592789608284,-0.0937816468185245,-2.2204460492503E-14));
#2634=DIRECTION('center_axis',(-3.06861165635799E-14,1.16717661408199E-13,
1.));
#2635=DIRECTION('ref_axis',(0.955153610882071,0.296110755662372,-5.25139987907501E-15));
#2636=DIRECTION('center_axis',(-0.936935171496957,-0.349503196569027,1.53897875856977E-14));
#2637=DIRECTION('ref_axis',(-2.66453525910037E-14,1.15463194561016E-13,
1.));
#2638=DIRECTION('center_axis',(-0.950828236602422,0.309718686035456,-6.17839761554346E-14));
#2639=DIRECTION('ref_axis',(-0.309718686035456,-0.950828236602422,9.76996261670136E-14));
#2640=DIRECTION('center_axis',(0.960283065506224,-0.279027658310014,5.84240715284634E-14));
#2641=DIRECTION('ref_axis',(-2.66453525910039E-14,1.17683640610267E-13,
1.));
#2642=DIRECTION('center_axis',(-0.350084899208483,-0.787544672761142,-0.507162648222178));
#2643=DIRECTION('ref_axis',(0.447390040015052,-0.616257566611192,0.648127120007936));
#2644=DIRECTION('center_axis',(-3.08086889333481E-14,1.1671219546372E-13,
1.));
#2645=DIRECTION('ref_axis',(1.,0.,3.10862446895048E-14));
#2646=DIRECTION('center_axis',(-0.398712008060784,-0.329720316948729,-0.85575302933695));
#2647=DIRECTION('ref_axis',(-0.659468902479885,-0.545356776689669,0.51738453086716));
#2648=DIRECTION('center_axis',(-3.08086889333481E-14,1.1671219546372E-13,
1.));
#2649=DIRECTION('ref_axis',(-0.279027658310022,-0.960283065506221,1.02140518265514E-13));
#2650=DIRECTION('',(-3.08086889333481E-14,1.1671219546372E-13,1.));
#2651=DIRECTION('center_axis',(-3.06861165635799E-14,1.16717661408199E-13,
1.));
#2652=DIRECTION('ref_axis',(-1.,0.,-3.06861165635799E-14));
#2653=DIRECTION('center_axis',(0.,0.,-1.));
#2654=DIRECTION('ref_axis',(0.978878268391218,0.204443967070224,0.));
#2655=DIRECTION('center_axis',(0.,1.,0.));
#2656=DIRECTION('ref_axis',(0.,0.,1.));
#2657=DIRECTION('center_axis',(0.,0.,1.));
#2658=DIRECTION('ref_axis',(0.978878268391218,0.204443967070224,0.));
#2659=DIRECTION('center_axis',(0.,1.,0.));
#2660=DIRECTION('ref_axis',(0.707106781186535,0.,0.70710678118656));
#2661=DIRECTION('center_axis',(0.,1.,0.));
#2662=DIRECTION('ref_axis',(0.,0.,1.));
#2663=DIRECTION('',(0.,-1.,0.));
#2664=DIRECTION('center_axis',(1.,0.,0.));
#2665=DIRECTION('ref_axis',(0.,0.,1.));
#2666=DIRECTION('center_axis',(0.,0.,-1.));
#2667=DIRECTION('ref_axis',(0.707106781186569,-0.707106781186526,0.));
#2668=DIRECTION('center_axis',(1.,-1.0449157878825E-15,0.));
#2669=DIRECTION('ref_axis',(0.,-0.707106781186508,0.707106781186587));
#2670=DIRECTION('center_axis',(1.,0.,0.));
#2671=DIRECTION('ref_axis',(0.,0.,1.));
#2672=DIRECTION('',(-1.,1.0449157878825E-15,0.));
#2673=DIRECTION('center_axis',(0.,-1.,0.));
#2674=DIRECTION('ref_axis',(0.,0.,1.));
#2675=DIRECTION('center_axis',(0.,0.,1.));
#2676=DIRECTION('ref_axis',(-0.707106781186585,-0.70710678118651,0.));
#2677=DIRECTION('center_axis',(0.,0.,-1.));
#2678=DIRECTION('ref_axis',(-0.707106781186585,-0.70710678118651,0.));
#2679=DIRECTION('center_axis',(0.,-1.,0.));
#2680=DIRECTION('ref_axis',(-0.707106781186557,0.,0.707106781186538));
#2681=DIRECTION('center_axis',(0.,-1.,0.));
#2682=DIRECTION('ref_axis',(0.,0.,1.));
#2683=DIRECTION('',(0.,-1.,0.));
#2684=DIRECTION('',(0.,1.,0.));
#2685=DIRECTION('center_axis',(-0.903225187608056,-0.429166937764773,0.));
#2686=DIRECTION('ref_axis',(0.,0.,1.));
#2687=DIRECTION('center_axis',(-1.,0.,-3.08086889333481E-14));
#2688=DIRECTION('ref_axis',(0.,-1.,0.));
#2689=DIRECTION('',(3.08086889333481E-14,-1.1671219546372E-13,-1.));
#2690=DIRECTION('',(0.,-1.,0.));
#2691=DIRECTION('',(-3.08086889333481E-14,1.1671219546372E-13,1.));
#2692=DIRECTION('center_axis',(3.08086889333481E-14,-1.1671219546372E-13,
-1.));
#2693=DIRECTION('ref_axis',(0.916405328657226,0.400251512937355,-1.88737914186277E-14));
#2694=DIRECTION('center_axis',(0.,0.,-1.));
#2695=DIRECTION('ref_axis',(0.916405328657226,0.400251512937355,-1.88737914186277E-14));
#2696=DIRECTION('center_axis',(0.,0.,1.));
#2697=DIRECTION('ref_axis',(-1.,0.,0.));
#2698=DIRECTION('center_axis',(-3.08086889333481E-14,1.1671219546372E-13,
1.));
#2699=DIRECTION('ref_axis',(-0.707106781186546,-0.707106781186549,5.96635134299835E-14));
#2700=DIRECTION('center_axis',(-3.08086889333481E-14,1.16850973341798E-13,
1.));
#2701=DIRECTION('ref_axis',(0.742677879203449,0.669648839125304,-5.63692201521044E-14));
#2702=DIRECTION('',(3.08086889333481E-14,-1.16850973341798E-13,-1.));
#2703=DIRECTION('center_axis',(0.,0.,-1.));
#2704=DIRECTION('ref_axis',(0.742677879203449,0.669648839125304,-5.63692201521044E-14));
#2705=DIRECTION('center_axis',(0.994666759305264,-0.103140864516268,4.26964891898177E-14));
#2706=DIRECTION('ref_axis',(0.103140864516268,0.994666759305264,0.));
#2707=DIRECTION('',(-3.08086889333481E-14,1.16850973341798E-13,1.));
#2708=DIRECTION('',(0.103140864516268,0.994666759305264,0.));
#2709=DIRECTION('center_axis',(-2.08961363852727E-14,2.12445348720358E-13,
1.));
#2710=DIRECTION('ref_axis',(-0.999996515292213,0.0026399627706361,-2.14247861620987E-14));
#2711=DIRECTION('center_axis',(0.,0.,1.));
#2712=DIRECTION('ref_axis',(-0.999996515292213,0.0026399627706361,-2.14247861620987E-14));
#2713=DIRECTION('',(0.,0.,1.));
#2714=DIRECTION('',(-3.08086889333481E-14,1.16850973341798E-13,1.));
#2715=DIRECTION('',(0.,0.,1.));
#2716=DIRECTION('center_axis',(0.,0.,1.));
#2717=DIRECTION('ref_axis',(-1.,0.,0.));
#2718=DIRECTION('',(0.,0.,1.));
#2719=DIRECTION('',(0.,0.,1.));
#2720=DIRECTION('',(0.,0.,1.));
#2721=DIRECTION('center_axis',(0.,0.,1.));
#2722=DIRECTION('ref_axis',(-1.,0.,0.));
#2723=CARTESIAN_POINT('',(0.,0.,0.));
#2724=CARTESIAN_POINT('Ctrl Pts',(71.595563848065,14.4629350755987,5.29810512328054));
#2725=CARTESIAN_POINT('Ctrl Pts',(71.6265916037069,14.467135946499,5.3029176554475));
#2726=CARTESIAN_POINT('Ctrl Pts',(71.6888824200704,14.4729979987016,5.31128435751338));
#2727=CARTESIAN_POINT('Ctrl Pts',(71.7852192841751,14.4736915289291,5.32106807674956));
#2728=CARTESIAN_POINT('Ctrl Pts',(71.886819341497,14.4649430624482,5.32855942623853));
#2729=CARTESIAN_POINT('Ctrl Pts',(71.9962507428162,14.4443520161334,5.33370438976359));
#2730=CARTESIAN_POINT('Ctrl Pts',(72.1161310716381,14.4080595037758,5.33595066391254));
#2731=CARTESIAN_POINT('Ctrl Pts',(72.2482738314012,14.3506407897772,5.33424023081842));
#2732=CARTESIAN_POINT('Ctrl Pts',(72.3912556306827,14.264717937556,5.32744971176857));
#2733=CARTESIAN_POINT('Ctrl Pts',(72.53421434956,14.1428818921426,5.31575609251058));
#2734=CARTESIAN_POINT('Ctrl Pts',(72.6501701304063,13.9789830469891,5.30292236748209));
#2735=CARTESIAN_POINT('Ctrl Pts',(72.7066812873205,13.7759706325105,5.29502693808288));
#2736=CARTESIAN_POINT('Ctrl Pts',(72.7071067811861,13.6102939748772,5.29289321881346));
#2737=CARTESIAN_POINT('Ctrl Pts',(72.7071067811861,13.5145184533947,5.29289321881346));
#2738=CARTESIAN_POINT('Ctrl Pts',(71.7014190159698,14.5059260595769,5.29808734203851));
#2739=CARTESIAN_POINT('Ctrl Pts',(71.7300159137836,14.509030438597,5.30308137660449));
#2740=CARTESIAN_POINT('Ctrl Pts',(71.7878759431576,14.5126948226222,5.31222325362178));
#2741=CARTESIAN_POINT('Ctrl Pts',(71.8785500677867,14.5098411914025,5.3240157489335));
#2742=CARTESIAN_POINT('Ctrl Pts',(71.9751637642792,14.4971063776985,5.33408693684476));
#2743=CARTESIAN_POINT('Ctrl Pts',(72.0799082929819,14.4719420388916,5.34218542566644));
#2744=CARTESIAN_POINT('Ctrl Pts',(72.1948512836089,14.4303883407731,5.34762734052835));
#2745=CARTESIAN_POINT('Ctrl Pts',(72.3208825959189,14.3671776412548,5.34929194616809));
#2746=CARTESIAN_POINT('Ctrl Pts',(72.4553609722241,14.2751604087408,5.34612153336008));
#2747=CARTESIAN_POINT('Ctrl Pts',(72.5861260265674,14.1483094964366,5.33851528833251));
#2748=CARTESIAN_POINT('Ctrl Pts',(72.6888792201602,13.9808620449845,5.33032380628556));
#2749=CARTESIAN_POINT('Ctrl Pts',(72.7388362591051,13.7755736706271,5.32706938417108));
#2750=CARTESIAN_POINT('Ctrl Pts',(72.7422155340566,13.6093632116514,5.32800197168404));
#2751=CARTESIAN_POINT('Ctrl Pts',(72.7441308056707,13.5145184533947,5.32991724329812));
#2752=CARTESIAN_POINT('Ctrl Pts',(71.9109294591393,14.5932980645664,5.3005975506769));
#2753=CARTESIAN_POINT('Ctrl Pts',(71.9354647399389,14.5938257438572,5.3064343485055));
#2754=CARTESIAN_POINT('Ctrl Pts',(71.9857854202718,14.5923572327389,5.31785403722889));
#2755=CARTESIAN_POINT('Ctrl Pts',(72.0664450573527,14.5813504602222,5.33437810902002));
#2756=CARTESIAN_POINT('Ctrl Pts',(72.1537716086956,14.5596373250404,5.35011234617587));
#2757=CARTESIAN_POINT('Ctrl Pts',(72.2491441173229,14.5244081364894,5.36448233083783));
#2758=CARTESIAN_POINT('Ctrl Pts',(72.3533265194661,14.4717693584762,5.37656107009785));
#2759=CARTESIAN_POINT('Ctrl Pts',(72.4654850201679,14.3963629243683,5.38511744520369));
#2760=CARTESIAN_POINT('Ctrl Pts',(72.5802735490805,14.292978553725,5.38928340491144));
#2761=CARTESIAN_POINT('Ctrl Pts',(72.6852850426478,14.1564804891238,5.38995378196598));
#2762=CARTESIAN_POINT('Ctrl Pts',(72.7626610680567,13.9837619580479,5.39109134929476));
#2763=CARTESIAN_POINT('Ctrl Pts',(72.8010066622912,13.7743319069591,5.39711955016794));
#2764=CARTESIAN_POINT('Ctrl Pts',(72.8079842093354,13.6077061755824,5.40421881764027));
#2765=CARTESIAN_POINT('Ctrl Pts',(72.8123507314985,13.5145184533947,5.40979254357045));
#2766=CARTESIAN_POINT('Ctrl Pts',(72.2349616498224,14.7341307814682,5.31600948978413));
#2767=CARTESIAN_POINT('Ctrl Pts',(72.2542619537544,14.7299388407972,5.32479860876399));
#2768=CARTESIAN_POINT('Ctrl Pts',(72.2945372422521,14.7188629682909,5.34263273007106));
#2769=CARTESIAN_POINT('Ctrl Pts',(72.3605540363414,14.6924977956614,5.36977925046794));
#2770=CARTESIAN_POINT('Ctrl Pts',(72.4324576563995,14.6541766814993,5.39654591451539));
#2771=CARTESIAN_POINT('Ctrl Pts',(72.5099884584848,14.6009439994838,5.4218205541229));
#2772=CARTESIAN_POINT('Ctrl Pts',(72.5918573703523,14.5290279457411,5.44434417344485));
#2773=CARTESIAN_POINT('Ctrl Pts',(72.674750256854,14.4347205733667,5.46296605492001));
#2774=CARTESIAN_POINT('Ctrl Pts',(72.7527840997438,14.3136046207228,5.47754788435563));
#2775=CARTESIAN_POINT('Ctrl Pts',(72.8175406946503,14.1628151854017,5.48987495459451));
#2776=CARTESIAN_POINT('Ctrl Pts',(72.8607721879249,13.9800825441191,5.50361337928389));
#2777=CARTESIAN_POINT('Ctrl Pts',(72.8828547858573,13.7663342309878,5.52104390967637));
#2778=CARTESIAN_POINT('Ctrl Pts',(72.8899080243798,13.6024055230518,5.53496486154805));
#2779=CARTESIAN_POINT('Ctrl Pts',(72.894678197496,13.5145184533947,5.5441387188015));
#2780=CARTESIAN_POINT('Ctrl Pts',(72.5793648109185,14.8999935606924,5.35419946866637));
#2781=CARTESIAN_POINT('Ctrl Pts',(72.593853500453,14.8901517542241,5.36836805569057));
#2782=CARTESIAN_POINT('Ctrl Pts',(72.6240356990001,14.8670833193369,5.39675377223197));
#2783=CARTESIAN_POINT('Ctrl Pts',(72.6720707747047,14.8204033526265,5.43833453351362));
#2784=CARTESIAN_POINT('Ctrl Pts',(72.7217586824065,14.7595001977682,5.47752480936719));
#2785=CARTESIAN_POINT('Ctrl Pts',(72.7716267335999,14.6816632511028,5.51311844917217));
#2786=CARTESIAN_POINT('Ctrl Pts',(72.8196788034808,14.5837897906756,5.54438597243017));
#2787=CARTESIAN_POINT('Ctrl Pts',(72.8632470406625,14.4630306867323,5.5713208602233));
#2788=CARTESIAN_POINT('Ctrl Pts',(72.8990462118665,14.3178808450435,5.59506223821237));
#2789=CARTESIAN_POINT('Ctrl Pts',(72.9242938844701,14.1486357499131,5.61747010610471));
#2790=CARTESIAN_POINT('Ctrl Pts',(72.9392262092939,13.9546718294302,5.64036218997443));
#2791=CARTESIAN_POINT('Ctrl Pts',(72.9463817978221,13.7435855127869,5.66347657050508));
#2792=CARTESIAN_POINT('Ctrl Pts',(72.9518617487292,13.5921079565606,5.67984966435497));
#2793=CARTESIAN_POINT('Ctrl Pts',(72.9549756236449,13.5145184533947,5.68970958278638));
#2794=CARTESIAN_POINT('Ctrl Pts',(72.9373178300105,15.0942167772212,5.43280092426736));
#2795=CARTESIAN_POINT('Ctrl Pts',(72.9409261098622,15.0718890518304,5.45255221927266));
#2796=CARTESIAN_POINT('Ctrl Pts',(72.9481243582772,15.0228227720526,5.49101766800688));
#2797=CARTESIAN_POINT('Ctrl Pts',(72.9584140527825,14.9350232947212,5.54470641830346));
#2798=CARTESIAN_POINT('Ctrl Pts',(72.9677438540539,14.8319038475564,5.59374360641276));
#2799=CARTESIAN_POINT('Ctrl Pts',(72.9756224067942,14.7119582277628,5.63827752513468));
#2800=CARTESIAN_POINT('Ctrl Pts',(72.98154244125,14.5747112594041,5.67871535459742));
#2801=CARTESIAN_POINT('Ctrl Pts',(72.98515522021,14.4212660211798,5.71543786296295));
#2802=CARTESIAN_POINT('Ctrl Pts',(72.9865943761583,14.2543326988194,5.74851308772126));
#2803=CARTESIAN_POINT('Ctrl Pts',(72.9867294826871,14.0764322246063,5.77760762330709));
#2804=CARTESIAN_POINT('Ctrl Pts',(72.9867145581609,13.8913656203457,5.80251664978556));
#2805=CARTESIAN_POINT('Ctrl Pts',(72.9890726546094,13.7027843162543,5.82329117120074));
#2806=CARTESIAN_POINT('Ctrl Pts',(72.9909047837225,13.5771344589904,5.83589216697003));
#2807=CARTESIAN_POINT('Ctrl Pts',(72.9917584056925,13.5145184533947,5.84292098380343));
#2808=CARTESIAN_POINT('Ctrl Pts',(72.9999999999995,15.1099839544287,5.47048569996584));
#2809=CARTESIAN_POINT('Ctrl Pts',(72.9999999999995,15.0771508828187,5.49816075838096));
#2810=CARTESIAN_POINT('Ctrl Pts',(72.9999999999995,15.0069959779574,5.55179543846798));
#2811=CARTESIAN_POINT('Ctrl Pts',(72.9999999999995,14.8890767704219,5.62608524361574));
#2812=CARTESIAN_POINT('Ctrl Pts',(72.9999999999995,14.7591866569567,5.69352564406935));
#2813=CARTESIAN_POINT('Ctrl Pts',(72.9999999999995,14.6180645570224,5.75390659694049));
#2814=CARTESIAN_POINT('Ctrl Pts',(72.9999999999995,14.4678950363798,5.80654116268482));
#2815=CARTESIAN_POINT('Ctrl Pts',(72.9999999999995,14.3114379363135,5.85060698327198));
#2816=CARTESIAN_POINT('Ctrl Pts',(72.9999999999995,14.151727783826,5.88542797001005));
#2817=CARTESIAN_POINT('Ctrl Pts',(72.9999999999995,13.9890100329386,5.91126297455856));
#2818=CARTESIAN_POINT('Ctrl Pts',(72.9999999999995,13.8280978178464,5.92887121810029));
#2819=CARTESIAN_POINT('Ctrl Pts',(72.9999999999995,13.6681650631019,5.93988436378969));
#2820=CARTESIAN_POINT('Ctrl Pts',(72.9999999999995,13.5653905707685,5.94493151934794));
#2821=CARTESIAN_POINT('Ctrl Pts',(72.9999999999995,13.5145184533947,5.9476401224402));
#2822=CARTESIAN_POINT('Ctrl Pts',(72.9999999999995,15.1088972301952,5.49044934158035));
#2823=CARTESIAN_POINT('Ctrl Pts',(72.9999999999995,15.067685435219,5.52673776388795));
#2824=CARTESIAN_POINT('Ctrl Pts',(72.9999999999995,14.981818722156,5.5960114109976));
#2825=CARTESIAN_POINT('Ctrl Pts',(72.9999999999995,14.8447085286092,5.68840828336428));
#2826=CARTESIAN_POINT('Ctrl Pts',(72.9999999999995,14.7005254642377,5.76867240328264));
#2827=CARTESIAN_POINT('Ctrl Pts',(72.9999999999995,14.5506626077885,5.83671254162264));
#2828=CARTESIAN_POINT('Ctrl Pts',(72.9999999999995,14.3975976420245,5.89218752742083));
#2829=CARTESIAN_POINT('Ctrl Pts',(72.9999999999995,14.2438086150079,5.93501261509256));
#2830=CARTESIAN_POINT('Ctrl Pts',(72.9999999999995,14.091153666896,5.96563800904852));
#2831=CARTESIAN_POINT('Ctrl Pts',(72.9999999999995,13.9396155008874,5.98547379878791));
#2832=CARTESIAN_POINT('Ctrl Pts',(72.9999999999995,13.7932601260396,5.99613478687281));
#2833=CARTESIAN_POINT('Ctrl Pts',(72.9999999999995,13.6497865910869,5.99996532077328));
#2834=CARTESIAN_POINT('Ctrl Pts',(72.9999999999995,13.5592132755002,6.00000000000003));
#2835=CARTESIAN_POINT('Ctrl Pts',(72.9999999999995,13.5145184533947,6.00000000000003));
#2836=CARTESIAN_POINT('',(71.595563848065,14.4629350755987,5.29810512328054));
#2837=CARTESIAN_POINT('',(72.7071067811861,13.5145184533947,5.29289321881346));
#2838=CARTESIAN_POINT('Ctrl Pts',(71.595563848065,14.4629350755987,5.29810512328054));
#2839=CARTESIAN_POINT('Ctrl Pts',(71.6265916037069,14.467135946499,5.3029176554475));
#2840=CARTESIAN_POINT('Ctrl Pts',(71.6888824200704,14.4729979987016,5.31128435751338));
#2841=CARTESIAN_POINT('Ctrl Pts',(71.7852192841751,14.4736915289291,5.32106807674956));
#2842=CARTESIAN_POINT('Ctrl Pts',(71.886819341497,14.4649430624482,5.32855942623853));
#2843=CARTESIAN_POINT('Ctrl Pts',(71.9962507428162,14.4443520161334,5.33370438976359));
#2844=CARTESIAN_POINT('Ctrl Pts',(72.1161310716381,14.4080595037758,5.33595066391254));
#2845=CARTESIAN_POINT('Ctrl Pts',(72.2482738314012,14.3506407897772,5.33424023081842));
#2846=CARTESIAN_POINT('Ctrl Pts',(72.3912556306827,14.264717937556,5.32744971176857));
#2847=CARTESIAN_POINT('Ctrl Pts',(72.53421434956,14.1428818921426,5.31575609251058));
#2848=CARTESIAN_POINT('Ctrl Pts',(72.6501701304063,13.9789830469891,5.30292236748209));
#2849=CARTESIAN_POINT('Ctrl Pts',(72.7066812873205,13.7759706325105,5.29502693808288));
#2850=CARTESIAN_POINT('Ctrl Pts',(72.7071067811861,13.6102939748772,5.29289321881346));
#2851=CARTESIAN_POINT('Ctrl Pts',(72.7071067811861,13.5145184533947,5.29289321881346));
#2852=CARTESIAN_POINT('',(72.9999999999995,15.1088972301952,5.49044934158035));
#2853=CARTESIAN_POINT('Ctrl Pts',(71.5955638541127,14.4629350794272,5.29810512249245));
#2854=CARTESIAN_POINT('Ctrl Pts',(71.7014190215969,14.5059260633405,5.29808734131687));
#2855=CARTESIAN_POINT('Ctrl Pts',(71.9109294640288,14.5932980682672,5.30059754998595));
#2856=CARTESIAN_POINT('Ctrl Pts',(72.2349616536847,14.7341307853367,5.31600948889707));
#2857=CARTESIAN_POINT('Ctrl Pts',(72.5793648137468,14.899993565086,5.35419946728313));
#2858=CARTESIAN_POINT('Ctrl Pts',(72.9373178307865,15.0942167814698,5.43280092156165));
#2859=CARTESIAN_POINT('Ctrl Pts',(72.9999999999995,15.109983959785,5.47048569558435));
#2860=CARTESIAN_POINT('Ctrl Pts',(72.9999999999995,15.108897236928,5.49044933565194));
#2861=CARTESIAN_POINT('',(72.9999999999995,13.5145184533947,6.00000000000003));
#2862=CARTESIAN_POINT('Ctrl Pts',(72.9999999999995,15.1088972301952,5.49044934158035));
#2863=CARTESIAN_POINT('Ctrl Pts',(72.9999999999995,15.0761541699555,5.51928074769376));
#2864=CARTESIAN_POINT('Ctrl Pts',(72.9999999999995,15.0423259626844,5.54706927418873));
#2865=CARTESIAN_POINT('Ctrl Pts',(72.9999999999995,15.0075779192353,5.57368111896353));
#2866=CARTESIAN_POINT('Ctrl Pts',(72.9999999999995,14.9775203492972,5.59670075708128));
#2867=CARTESIAN_POINT('Ctrl Pts',(72.9999999999995,14.9467752865815,5.61883935965295));
#2868=CARTESIAN_POINT('Ctrl Pts',(72.9999999999995,14.9154313272239,5.64003888991262));
#2869=CARTESIAN_POINT('Ctrl Pts',(72.9999999999995,14.8841235683453,5.66121393592827));
#2870=CARTESIAN_POINT('Ctrl Pts',(72.9999999999995,14.8522190089255,5.68145122177155));
#2871=CARTESIAN_POINT('Ctrl Pts',(72.9999999999995,14.8197741761474,5.70073524250821));
#2872=CARTESIAN_POINT('Ctrl Pts',(72.9999999999995,14.785483549447,5.72111633557429));
#2873=CARTESIAN_POINT('Ctrl Pts',(72.9999999999995,14.750582423332,5.74043733974745));
#2874=CARTESIAN_POINT('Ctrl Pts',(72.9999999999995,14.715169072275,5.7586867203487));
#2875=CARTESIAN_POINT('Ctrl Pts',(72.9999999999995,14.6725674787817,5.78064038106354));
#2876=CARTESIAN_POINT('Ctrl Pts',(72.9999999999995,14.6292257663921,5.80104211183045));
#2877=CARTESIAN_POINT('Ctrl Pts',(72.9999999999995,14.5853975861982,5.81985909852498));
#2878=CARTESIAN_POINT('Ctrl Pts',(72.9999999999995,14.5399928194223,5.8393529695575));
#2879=CARTESIAN_POINT('Ctrl Pts',(72.9999999999995,14.4940709205783,5.85714377008353));
#2880=CARTESIAN_POINT('Ctrl Pts',(72.9999999999995,14.447942150044,5.87321056365422));
#2881=CARTESIAN_POINT('Ctrl Pts',(72.9999999999995,14.4075794758266,5.88726900802858));
#2882=CARTESIAN_POINT('Ctrl Pts',(72.9999999999995,14.3670611001624,5.90000679044962));
#2883=CARTESIAN_POINT('Ctrl Pts',(72.9999999999995,14.3265644553342,5.91144036477527));
#2884=CARTESIAN_POINT('Ctrl Pts',(72.9999999999995,14.2911298911095,5.92144474231021));
#2885=CARTESIAN_POINT('Ctrl Pts',(72.9999999999995,14.2557126634831,5.93045053475178));
#2886=CARTESIAN_POINT('Ctrl Pts',(72.9999999999995,14.2203875574351,5.93849775741063));
#2887=CARTESIAN_POINT('Ctrl Pts',(72.9999999999995,14.1894780896431,5.94553907723713));
#2888=CARTESIAN_POINT('Ctrl Pts',(72.9999999999995,14.1586391134453,5.95184665248402));
#2889=CARTESIAN_POINT('Ctrl Pts',(72.9999999999995,14.1278814255463,5.95746999173677));
#2890=CARTESIAN_POINT('Ctrl Pts',(72.9999999999995,14.1042145447487,5.96179693920489));
#2891=CARTESIAN_POINT('Ctrl Pts',(72.9999999999995,14.0805886621138,5.9657201424477));
#2892=CARTESIAN_POINT('Ctrl Pts',(72.9999999999995,14.0570280536473,5.96926684083368));
#2893=CARTESIAN_POINT('Ctrl Pts',(72.9999999999995,14.0213151564932,5.97464288512707));
#2894=CARTESIAN_POINT('Ctrl Pts',(72.9999999999995,13.9857584931117,5.97915271314925));
#2895=CARTESIAN_POINT('Ctrl Pts',(72.9999999999995,13.950563623223,5.98289290508524));
#2896=CARTESIAN_POINT('Ctrl Pts',(72.9999999999995,13.9287623717679,5.98520974458898));
#2897=CARTESIAN_POINT('Ctrl Pts',(72.9999999999995,13.9071021760982,5.98723135870648));
#2898=CARTESIAN_POINT('Ctrl Pts',(72.9999999999995,13.8856080035623,5.98898528266992));
#2899=CARTESIAN_POINT('Ctrl Pts',(72.9999999999995,13.8657781671421,5.99060339684622));
#2900=CARTESIAN_POINT('Ctrl Pts',(72.9999999999995,13.8460906436198,5.9919936119657));
#2901=CARTESIAN_POINT('Ctrl Pts',(72.9999999999995,13.826523708689,5.9931824098948));
#2902=CARTESIAN_POINT('Ctrl Pts',(72.9999999999995,13.8091868247268,5.99423572007466));
#2903=CARTESIAN_POINT('Ctrl Pts',(72.9999999999995,13.7919385094111,5.99513113728257));
#2904=CARTESIAN_POINT('Ctrl Pts',(72.9999999999995,13.7747491110364,5.99589037202453));
#2905=CARTESIAN_POINT('Ctrl Pts',(72.9999999999995,13.7551356182317,5.9967566760582));
#2906=CARTESIAN_POINT('Ctrl Pts',(72.9999999999995,13.735599529418,5.99744564219907));
#2907=CARTESIAN_POINT('Ctrl Pts',(72.9999999999995,13.7161809840926,5.99799063374036));
#2908=CARTESIAN_POINT('Ctrl Pts',(72.9999999999995,13.6946576005052,5.99859469865864));
#2909=CARTESIAN_POINT('Ctrl Pts',(72.9999999999995,13.673284707541,5.99902173330284));
#2910=CARTESIAN_POINT('Ctrl Pts',(72.9999999999995,13.6521537544256,5.99932016986028));
#2911=CARTESIAN_POINT('Ctrl Pts',(72.9999999999995,13.6356310365244,5.99955352341622));
#2912=CARTESIAN_POINT('Ctrl Pts',(72.9999999999995,13.6192582770384,5.99970829502852));
#2913=CARTESIAN_POINT('Ctrl Pts',(72.9999999999995,13.6030507398403,5.99980967798839));
#2914=CARTESIAN_POINT('Ctrl Pts',(72.9999999999995,13.5880672167268,5.99990340437654));
#2915=CARTESIAN_POINT('Ctrl Pts',(72.9999999999995,13.5732259990962,5.99995149912845));
#2916=CARTESIAN_POINT('Ctrl Pts',(72.9999999999995,13.5584926855536,5.99997565396748));
#2917=CARTESIAN_POINT('Ctrl Pts',(72.9999999999995,13.545244476986,5.9999973740201));
#2918=CARTESIAN_POINT('Ctrl Pts',(72.9999999999995,13.5320837064589,5.99999974743237));
#2919=CARTESIAN_POINT('Ctrl Pts',(72.9999999999995,13.5189387541841,5.99999997452269));
#2920=CARTESIAN_POINT('Ctrl Pts',(72.9999999999995,13.5174652240899,5.99999999997919));
#2921=CARTESIAN_POINT('Ctrl Pts',(72.9999999999995,13.515991838354,6.00000000000003));
#2922=CARTESIAN_POINT('Ctrl Pts',(72.9999999999995,13.5145184533947,6.00000000000003));
#2923=CARTESIAN_POINT('Origin',(71.9999999999995,13.5145184533947,6.));
#2924=CARTESIAN_POINT('Ctrl Pts',(71.595563848065,14.4629350755987,5.29810512328054));
#2925=CARTESIAN_POINT('Ctrl Pts',(71.7014190159698,14.5059260595769,5.29808734203851));
#2926=CARTESIAN_POINT('Ctrl Pts',(71.9109294591393,14.5932980645664,5.3005975506769));
#2927=CARTESIAN_POINT('Ctrl Pts',(72.2349616498224,14.7341307814682,5.31600948978413));
#2928=CARTESIAN_POINT('Ctrl Pts',(72.5793648109185,14.8999935606924,5.35419946866637));
#2929=CARTESIAN_POINT('Ctrl Pts',(72.9373178300105,15.0942167772212,5.43280092426736));
#2930=CARTESIAN_POINT('Ctrl Pts',(72.9999999999995,15.1099839544287,5.47048569996584));
#2931=CARTESIAN_POINT('Ctrl Pts',(72.9999999999995,15.1088972301952,5.49044934158035));
#2932=CARTESIAN_POINT('Ctrl Pts',(71.6408087101128,14.4915775848326,5.2922091692578));
#2933=CARTESIAN_POINT('Ctrl Pts',(71.7435172444764,14.5340830569396,5.29268851277069));
#2934=CARTESIAN_POINT('Ctrl Pts',(71.9475094595995,14.6209851298676,5.29542829560644));
#2935=CARTESIAN_POINT('Ctrl Pts',(72.2638572593802,14.7630718842425,5.30937305581832));
#2936=CARTESIAN_POINT('Ctrl Pts',(72.6005244647028,14.9328635338603,5.34385100541521));
#2937=CARTESIAN_POINT('Ctrl Pts',(72.9431230904005,15.1260018334824,5.41255859726271));
#2938=CARTESIAN_POINT('Ctrl Pts',(72.9999999999995,15.150056343428,5.43770628978164));
#2939=CARTESIAN_POINT('Ctrl Pts',(72.9999999999995,15.1592672018328,5.44609682542662));
#2940=CARTESIAN_POINT('Ctrl Pts',(71.7317105931683,14.548610595083,5.27843427177314));
#2941=CARTESIAN_POINT('Ctrl Pts',(71.8286005686864,14.5907882434497,5.27943492230597));
#2942=CARTESIAN_POINT('Ctrl Pts',(72.0222215424564,14.6776909523443,5.28192572135722));
#2943=CARTESIAN_POINT('Ctrl Pts',(72.3236374999488,14.8229755952683,5.29188897257692));
#2944=CARTESIAN_POINT('Ctrl Pts',(72.6440939443514,14.9992165186039,5.31769879420476));
#2945=CARTESIAN_POINT('Ctrl Pts',(72.9543848514221,15.1878924826686,5.3655146609488));
#2946=CARTESIAN_POINT('Ctrl Pts',(72.9999999999995,15.2275084867622,5.36541131890514));
#2947=CARTESIAN_POINT('Ctrl Pts',(72.9999999999995,15.2548641850195,5.35244945636895));
#2948=CARTESIAN_POINT('Ctrl Pts',(71.8731847872262,14.6375248297698,5.24863171337809));
#2949=CARTESIAN_POINT('Ctrl Pts',(71.962325096059,14.6801823350403,5.24901762297668));
#2950=CARTESIAN_POINT('Ctrl Pts',(72.1415731221409,14.7685048797823,5.24875929094766));
#2951=CARTESIAN_POINT('Ctrl Pts',(72.4203086879179,14.9183263470305,5.24946359297441));
#2952=CARTESIAN_POINT('Ctrl Pts',(72.7117891846167,15.0974998782312,5.25911822532868));
#2953=CARTESIAN_POINT('Ctrl Pts',(72.9695362315257,15.2737060509204,5.27378288988217));
#2954=CARTESIAN_POINT('Ctrl Pts',(72.9999999999995,15.3329811085399,5.23803854516467));
#2955=CARTESIAN_POINT('Ctrl Pts',(72.9999999999995,15.3792001633147,5.20056407497409));
#2956=CARTESIAN_POINT('Ctrl Pts',(72.0240833374603,14.7327878031949,5.20476288918482));
#2957=CARTESIAN_POINT('Ctrl Pts',(72.1059335314758,14.7760783329292,5.20315988306866));
#2958=CARTESIAN_POINT('Ctrl Pts',(72.2708759888664,14.8657427719349,5.19765946721363));
#2959=CARTESIAN_POINT('Ctrl Pts',(72.524237091,15.0170613942978,5.18615654720694));
#2960=CARTESIAN_POINT('Ctrl Pts',(72.7798108213094,15.1906004597179,5.17766280755784));
#2961=CARTESIAN_POINT('Ctrl Pts',(72.982125580346,15.3504749635296,5.15913087018041));
#2962=CARTESIAN_POINT('Ctrl Pts',(72.9999999999996,15.4254188865657,5.09311902706926));
#2963=CARTESIAN_POINT('Ctrl Pts',(72.9999999999996,15.4826536921032,5.03906884687128));
#2964=CARTESIAN_POINT('Ctrl Pts',(72.1891400635221,14.8359214395832,5.13914502644661));
#2965=CARTESIAN_POINT('Ctrl Pts',(72.2633429635311,14.8791645361201,5.13421590607894));
#2966=CARTESIAN_POINT('Ctrl Pts',(72.4121197122152,14.9683110584493,5.12115152617863));
#2967=CARTESIAN_POINT('Ctrl Pts',(72.6340309723786,15.115227047978,5.09546109506434));
#2968=CARTESIAN_POINT('Ctrl Pts',(72.8450401350241,15.2745242632007,5.0682231047989));
#2969=CARTESIAN_POINT('Ctrl Pts',(72.9911645975533,15.4175642033323,5.01854140720858));
#2970=CARTESIAN_POINT('Ctrl Pts',(72.9999999999995,15.5039548334774,4.93130456330008));
#2971=CARTESIAN_POINT('Ctrl Pts',(72.9999999999995,15.5651614435704,4.86943000621066));
#2972=CARTESIAN_POINT('Ctrl Pts',(72.3721449475692,14.946123947549,5.03944842566724));
#2973=CARTESIAN_POINT('Ctrl Pts',(72.4368061789488,14.9876609775646,5.03015836245931));
#2974=CARTESIAN_POINT('Ctrl Pts',(72.5642925299244,15.0723712128847,5.00811324164489));
#2975=CARTESIAN_POINT('Ctrl Pts',(72.7447139216575,15.2069474656199,4.9687317220925));
#2976=CARTESIAN_POINT('Ctrl Pts',(72.9025451465248,15.3459097700595,4.92495806971681));
#2977=CARTESIAN_POINT('Ctrl Pts',(72.9958201075807,15.4744989927001,4.85188560649937));
#2978=CARTESIAN_POINT('Ctrl Pts',(72.9999999999996,15.5666844701921,4.75723062878492));
#2979=CARTESIAN_POINT('Ctrl Pts',(72.9999999999996,15.6260548257175,4.69647813606049));
#2980=CARTESIAN_POINT('Ctrl Pts',(72.5699704780621,15.0572427506822,4.88786376574057));
#2981=CARTESIAN_POINT('Ctrl Pts',(72.6207324889412,15.0943201421331,4.87444513169525));
#2982=CARTESIAN_POINT('Ctrl Pts',(72.7174559212683,15.1688208558086,4.84522138244181));
#2983=CARTESIAN_POINT('Ctrl Pts',(72.8447149766549,15.2839559863689,4.79827538836389));
#2984=CARTESIAN_POINT('Ctrl Pts',(72.9456634814107,15.4018665276795,4.74581446249729));
#2985=CARTESIAN_POINT('Ctrl Pts',(72.9963826778476,15.5198957377553,4.66444479753943));
#2986=CARTESIAN_POINT('Ctrl Pts',(72.9999999999996,15.611804562326,4.57675773122327));
#2987=CARTESIAN_POINT('Ctrl Pts',(72.9999999999996,15.665871798128,4.52372006460261));
#2988=CARTESIAN_POINT('Ctrl Pts',(72.755489143289,15.1512024625224,4.66662749582182));
#2989=CARTESIAN_POINT('Ctrl Pts',(72.7865061234942,15.18107371855,4.65287856737719));
#2990=CARTESIAN_POINT('Ctrl Pts',(72.8438202815539,15.2415681578205,4.62514891461766));
#2991=CARTESIAN_POINT('Ctrl Pts',(72.9160868494849,15.3379612646262,4.58308168579874));
#2992=CARTESIAN_POINT('Ctrl Pts',(72.9697819466715,15.4414774813435,4.53317762080658));
#2993=CARTESIAN_POINT('Ctrl Pts',(72.9944749549109,15.5528109011557,4.45999126478767));
#2994=CARTESIAN_POINT('Ctrl Pts',(72.9999999999996,15.640245748485,4.38976036104862));
#2995=CARTESIAN_POINT('Ctrl Pts',(72.9999999999996,15.6878009697053,4.34991110686726));
#2996=CARTESIAN_POINT('Ctrl Pts',(72.8636812144068,15.1989328703338,4.37407156311415));
#2997=CARTESIAN_POINT('Ctrl Pts',(72.8789983718995,15.2244856060385,4.3657196103717));
#2998=CARTESIAN_POINT('Ctrl Pts',(72.908674393698,15.2784607396295,4.34903878160679));
#2999=CARTESIAN_POINT('Ctrl Pts',(72.9476609523731,15.3685673301227,4.32187131640918));
#3000=CARTESIAN_POINT('Ctrl Pts',(72.9761942066979,15.4671322085624,4.28751368655464));
#3001=CARTESIAN_POINT('Ctrl Pts',(72.994536538432,15.5755139515126,4.23994803592477));
#3002=CARTESIAN_POINT('Ctrl Pts',(72.9999999999996,15.6549587752616,4.20020510331105));
#3003=CARTESIAN_POINT('Ctrl Pts',(72.9999999999996,15.6960694725481,4.17881638815105));
#3004=CARTESIAN_POINT('Ctrl Pts',(72.8660254037841,15.1961524227066,4.14591904152149));
#3005=CARTESIAN_POINT('Ctrl Pts',(72.8823751913405,15.2244710854473,4.14227176001083));
#3006=CARTESIAN_POINT('Ctrl Pts',(72.9127508615384,15.2834750222504,4.13523257521928));
#3007=CARTESIAN_POINT('Ctrl Pts',(72.9501554694093,15.3785921356665,4.12346431344318));
#3008=CARTESIAN_POINT('Ctrl Pts',(72.9782350813901,15.4796307957446,4.10872836969583));
#3009=CARTESIAN_POINT('Ctrl Pts',(72.9958783650543,15.585699393046,4.09051914360241));
#3010=CARTESIAN_POINT('Ctrl Pts',(72.9999999999996,15.6590388277397,4.07656226080275));
#3011=CARTESIAN_POINT('Ctrl Pts',(72.9999999999996,15.6961524227066,4.06914545819069));
#3012=CARTESIAN_POINT('Ctrl Pts',(72.8660254037841,15.1961524227066,4.01451845339508));
#3013=CARTESIAN_POINT('Ctrl Pts',(72.8834786963041,15.2263824121105,4.01451845339508));
#3014=CARTESIAN_POINT('Ctrl Pts',(72.9152166697925,15.2886716960203,4.01451845339509));
#3015=CARTESIAN_POINT('Ctrl Pts',(72.9527963571236,15.3865701235479,4.01451845339507));
#3016=CARTESIAN_POINT('Ctrl Pts',(72.9799369994816,15.487860379778,4.01451845339509));
#3017=CARTESIAN_POINT('Ctrl Pts',(72.9963412493503,15.591432748673,4.01451845339508));
#3018=CARTESIAN_POINT('Ctrl Pts',(72.9999999999996,15.6612458376667,4.0145184533951));
#3019=CARTESIAN_POINT('Ctrl Pts',(72.9999999999996,15.6961524227066,4.0145184533951));
#3020=CARTESIAN_POINT('',(72.8660254037841,15.1961524227066,4.01451845339508));
#3021=CARTESIAN_POINT('Ctrl Pts',(71.595563848065,14.4629350755987,5.29810512328054));
#3022=CARTESIAN_POINT('Ctrl Pts',(71.6408087101128,14.4915775848326,5.2922091692578));
#3023=CARTESIAN_POINT('Ctrl Pts',(71.7317105931683,14.548610595083,5.27843427177314));
#3024=CARTESIAN_POINT('Ctrl Pts',(71.8731847872262,14.6375248297698,5.24863171337809));
#3025=CARTESIAN_POINT('Ctrl Pts',(72.0240833374603,14.7327878031949,5.20476288918482));
#3026=CARTESIAN_POINT('Ctrl Pts',(72.1891400635221,14.8359214395832,5.13914502644661));
#3027=CARTESIAN_POINT('Ctrl Pts',(72.3721449475692,14.946123947549,5.03944842566724));
#3028=CARTESIAN_POINT('Ctrl Pts',(72.5699704780621,15.0572427506822,4.88786376574057));
#3029=CARTESIAN_POINT('Ctrl Pts',(72.755489143289,15.1512024625224,4.66662749582182));
#3030=CARTESIAN_POINT('Ctrl Pts',(72.8636812144068,15.1989328703338,4.37407156311415));
#3031=CARTESIAN_POINT('Ctrl Pts',(72.8660254037841,15.1961524227066,4.14591904152149));
#3032=CARTESIAN_POINT('Ctrl Pts',(72.8660254037841,15.1961524227066,4.01451845339508));
#3033=CARTESIAN_POINT('',(72.9999999999996,15.6961524227065,4.01451845339509));
#3034=CARTESIAN_POINT('Origin',(71.9999999999999,15.6961524227065,4.01451845339506));
#3035=CARTESIAN_POINT('Ctrl Pts',(72.9999999999996,15.6961524227065,4.01451845339509));
#3036=CARTESIAN_POINT('Ctrl Pts',(72.9999999999996,15.6961524227065,4.03526041816748));
#3037=CARTESIAN_POINT('Ctrl Pts',(72.9999999999996,15.69615153062,4.05600695074153));
#3038=CARTESIAN_POINT('Ctrl Pts',(72.9999999999996,15.696069364373,4.07684821430882));
#3039=CARTESIAN_POINT('Ctrl Pts',(72.9999999999996,15.6959824110997,4.09890369517171));
#3040=CARTESIAN_POINT('Ctrl Pts',(72.9999999999996,15.6958044235406,4.12106491812144));
#3041=CARTESIAN_POINT('Ctrl Pts',(72.9999999999996,15.6954522915279,4.14338009178234));
#3042=CARTESIAN_POINT('Ctrl Pts',(72.9999999999996,15.6950715900128,4.16750576089762));
#3043=CARTESIAN_POINT('Ctrl Pts',(72.9999999999996,15.6944873002242,4.19181085751789));
#3044=CARTESIAN_POINT('Ctrl Pts',(72.9999999999996,15.6936087289328,4.21629616396149));
#3045=CARTESIAN_POINT('Ctrl Pts',(72.9999999999996,15.6926016972691,4.24436159145951));
#3046=CARTESIAN_POINT('Ctrl Pts',(72.9999999999996,15.6912078605699,4.27266286535514));
#3047=CARTESIAN_POINT('Ctrl Pts',(72.9999999999996,15.6893108337319,4.30113544860666));
#3048=CARTESIAN_POINT('Ctrl Pts',(72.9999999999996,15.6867522694956,4.33953708413607));
#3049=CARTESIAN_POINT('Ctrl Pts',(72.9999999999996,15.6832772235058,4.37824515960341));
#3050=CARTESIAN_POINT('Ctrl Pts',(72.9999999999996,15.6786480320601,4.4170289480612));
#3051=CARTESIAN_POINT('Ctrl Pts',(72.9999999999996,15.6753735954802,4.444462476599));
#3052=CARTESIAN_POINT('Ctrl Pts',(72.9999999999996,15.6715229120364,4.47193152077442));
#3053=CARTESIAN_POINT('Ctrl Pts',(72.9999999999996,15.6670232585106,4.49937686614072));
#3054=CARTESIAN_POINT('Ctrl Pts',(72.9999999999996,15.6628933794565,4.52456679605701));
#3055=CARTESIAN_POINT('Ctrl Pts',(72.9999999999995,15.6582170517351,4.54973572037343));
#3056=CARTESIAN_POINT('Ctrl Pts',(72.9999999999995,15.6529420542924,4.57487886760207));
#3057=CARTESIAN_POINT('Ctrl Pts',(72.9999999999995,15.6472842837562,4.60184649348712));
#3058=CARTESIAN_POINT('Ctrl Pts',(72.9999999999995,15.6409360993542,4.62879232561861));
#3059=CARTESIAN_POINT('Ctrl Pts',(72.9999999999995,15.6338434105574,4.65574171443236));
#3060=CARTESIAN_POINT('Ctrl Pts',(72.9999999999995,15.6264113139173,4.68398071769264));
#3061=CARTESIAN_POINT('Ctrl Pts',(72.9999999999995,15.6181619289895,4.71222319483467));
#3062=CARTESIAN_POINT('Ctrl Pts',(72.9999999999995,15.6090614065545,4.74044227028674));
#3063=CARTESIAN_POINT('Ctrl Pts',(72.9999999999995,15.5988536309017,4.77209473786808));
#3064=CARTESIAN_POINT('Ctrl Pts',(72.9999999999995,15.5875751403138,4.80371692008651));
#3065=CARTESIAN_POINT('Ctrl Pts',(72.9999999999995,15.5752108327121,4.83521247167663));
#3066=CARTESIAN_POINT('Ctrl Pts',(72.9999999999995,15.5577007153719,4.87981592395229));
#3067=CARTESIAN_POINT('Ctrl Pts',(72.9999999999995,15.538012515227,4.92416167192238));
#3068=CARTESIAN_POINT('Ctrl Pts',(72.9999999999995,15.5161735207719,4.96789031896563));
#3069=CARTESIAN_POINT('Ctrl Pts',(72.9999999999995,15.5001828418185,4.99990876914553));
#3070=CARTESIAN_POINT('Ctrl Pts',(72.9999999999995,15.4830412066682,5.03159314233392));
#3071=CARTESIAN_POINT('Ctrl Pts',(72.9999999999995,15.4647665320972,5.06282239806776));
#3072=CARTESIAN_POINT('Ctrl Pts',(72.9999999999995,15.4483885561354,5.09081042038407));
#3073=CARTESIAN_POINT('Ctrl Pts',(72.9999999999995,15.4311010943494,5.11843184916712));
#3074=CARTESIAN_POINT('Ctrl Pts',(72.9999999999995,15.4129098201698,5.14564083233573));
#3075=CARTESIAN_POINT('Ctrl Pts',(72.9999999999995,15.3934523071645,5.17474374940665));
#3076=CARTESIAN_POINT('Ctrl Pts',(72.9999999999995,15.3729565278228,5.20338173939073));
#3077=CARTESIAN_POINT('Ctrl Pts',(72.9999999999995,15.3514324711296,5.23153529357731));
#3078=CARTESIAN_POINT('Ctrl Pts',(72.9999999999995,15.3285514469516,5.261463766784));
#3079=CARTESIAN_POINT('Ctrl Pts',(72.9999999999995,15.3045087808357,5.29084444163938));
#3080=CARTESIAN_POINT('Ctrl Pts',(72.9999999999995,15.2793678753285,5.31960930648928));
#3081=CARTESIAN_POINT('Ctrl Pts',(72.9999999999995,15.2505679766072,5.35256059355297));
#3082=CARTESIAN_POINT('Ctrl Pts',(72.9999999999995,15.2203275948332,5.38470271598258));
#3083=CARTESIAN_POINT('Ctrl Pts',(72.9999999999995,15.1887993071912,5.41588837840478));
#3084=CARTESIAN_POINT('Ctrl Pts',(72.9999999999995,15.162993577648,5.44141367109537));
#3085=CARTESIAN_POINT('Ctrl Pts',(72.9999999999995,15.1363267506086,5.46629669253822));
#3086=CARTESIAN_POINT('Ctrl Pts',(72.9999999999995,15.1088972301952,5.49044934158035));
#3087=CARTESIAN_POINT('Ctrl Pts',(71.595563848065,14.4629350755987,5.29810512328054));
#3088=CARTESIAN_POINT('Ctrl Pts',(71.6408087101128,14.4915775848326,5.2922091692578));
#3089=CARTESIAN_POINT('Ctrl Pts',(71.7317105931683,14.548610595083,5.27843427177314));
#3090=CARTESIAN_POINT('Ctrl Pts',(71.8731847872262,14.6375248297698,5.24863171337809));
#3091=CARTESIAN_POINT('Ctrl Pts',(72.0240833374603,14.7327878031949,5.20476288918482));
#3092=CARTESIAN_POINT('Ctrl Pts',(72.1891400635221,14.8359214395832,5.13914502644661));
#3093=CARTESIAN_POINT('Ctrl Pts',(72.3721449475692,14.946123947549,5.03944842566724));
#3094=CARTESIAN_POINT('Ctrl Pts',(72.5699704780621,15.0572427506822,4.88786376574057));
#3095=CARTESIAN_POINT('Ctrl Pts',(72.755489143289,15.1512024625224,4.66662749582182));
#3096=CARTESIAN_POINT('Ctrl Pts',(72.8636812144068,15.1989328703338,4.37407156311415));
#3097=CARTESIAN_POINT('Ctrl Pts',(72.8660254037841,15.1961524227066,4.14591904152149));
#3098=CARTESIAN_POINT('Ctrl Pts',(72.8660254037841,15.1961524227066,4.01451845339508));
#3099=CARTESIAN_POINT('Ctrl Pts',(71.6048832957244,14.4928560166546,5.28311425586681));
#3100=CARTESIAN_POINT('Ctrl Pts',(71.6493642868527,14.5190441070148,5.27556241602637));
#3101=CARTESIAN_POINT('Ctrl Pts',(71.739247140071,14.5718858833331,5.25861371159004));
#3102=CARTESIAN_POINT('Ctrl Pts',(71.8803142211225,14.6555876452025,5.22416089646304));
#3103=CARTESIAN_POINT('Ctrl Pts',(72.0315927642854,14.745804209033,5.17563271807537));
#3104=CARTESIAN_POINT('Ctrl Pts',(72.1973775297697,14.8433990891499,5.10524137730018));
#3105=CARTESIAN_POINT('Ctrl Pts',(72.3804563509555,14.9470342949611,5.00099922934144));
#3106=CARTESIAN_POINT('Ctrl Pts',(72.5754026558404,15.0499141165597,4.84695169789325));
#3107=CARTESIAN_POINT('Ctrl Pts',(72.7519244797946,15.1340301414672,4.62922380998501));
#3108=CARTESIAN_POINT('Ctrl Pts',(72.8495651669805,15.1733133833967,4.3508311849356));
#3109=CARTESIAN_POINT('Ctrl Pts',(72.8496756162277,15.1678337599659,4.13717775677667));
#3110=CARTESIAN_POINT('Ctrl Pts',(72.8485721112642,15.1659224333027,4.01451845339508));
#3111=CARTESIAN_POINT('Ctrl Pts',(71.6281133645334,14.5376886862174,5.23800708091776));
#3112=CARTESIAN_POINT('Ctrl Pts',(71.6717569268437,14.5599485167406,5.22827970321654));
#3113=CARTESIAN_POINT('Ctrl Pts',(71.7606768743161,14.6059626901783,5.20691545249928));
#3114=CARTESIAN_POINT('Ctrl Pts',(71.9019475427643,14.6808847813477,5.1654561373021));
#3115=CARTESIAN_POINT('Ctrl Pts',(72.0545418372002,14.7625394245053,5.10928159179514));
#3116=CARTESIAN_POINT('Ctrl Pts',(72.2216685149332,14.8507423101542,5.03075611618131));
#3117=CARTESIAN_POINT('Ctrl Pts',(72.4033944460469,14.9428138280736,4.91952929610068));
#3118=CARTESIAN_POINT('Ctrl Pts',(72.5888202689436,15.0306713327697,4.7637295037136));
#3119=CARTESIAN_POINT('Ctrl Pts',(72.7433219091023,15.0969472816284,4.55654074683409));
#3120=CARTESIAN_POINT('Ctrl Pts',(72.8187551999603,15.1216706064756,4.30834958261113));
#3121=CARTESIAN_POINT('Ctrl Pts',(72.8137645431319,15.1120256895159,4.12140725918304));
#3122=CARTESIAN_POINT('Ctrl Pts',(72.810496995759,15.1072919000421,4.01451845339508));
#3123=CARTESIAN_POINT('Ctrl Pts',(71.6843384105651,14.5570113637129,5.12836042850762));
#3124=CARTESIAN_POINT('Ctrl Pts',(71.7280679515794,14.5770287391632,5.11740930730546));
#3125=CARTESIAN_POINT('Ctrl Pts',(71.817670642549,14.6191576177809,5.09300457609438));
#3126=CARTESIAN_POINT('Ctrl Pts',(71.9608120369331,14.6885663020749,5.04532616200472));
#3127=CARTESIAN_POINT('Ctrl Pts',(72.1146536648584,14.7636062021181,4.98194061112837));
#3128=CARTESIAN_POINT('Ctrl Pts',(72.2792303047642,14.8425377455874,4.89678520018711));
#3129=CARTESIAN_POINT('Ctrl Pts',(72.448839482503,14.9209781230759,4.78289279536498));
#3130=CARTESIAN_POINT('Ctrl Pts',(72.6058767899864,14.9896194001399,4.63523716499445));
#3131=CARTESIAN_POINT('Ctrl Pts',(72.7186647225675,15.0341545514233,4.45590504576321));
#3132=CARTESIAN_POINT('Ctrl Pts',(72.7611279720948,15.0439819163713,4.2548876163757));
#3133=CARTESIAN_POINT('Ctrl Pts',(72.7500930105144,15.032073792173,4.10182256249122));
#3134=CARTESIAN_POINT('Ctrl Pts',(72.7445043141952,15.0257977223832,4.01451845339507));
#3135=CARTESIAN_POINT('Ctrl Pts',(71.7707241657047,14.5312496678625,4.97212692698025));
#3136=CARTESIAN_POINT('Ctrl Pts',(71.8152834743646,14.5530606479435,4.96129934078113));
#3137=CARTESIAN_POINT('Ctrl Pts',(71.9064807496109,14.5983751754799,4.93644997099114));
#3138=CARTESIAN_POINT('Ctrl Pts',(72.0501638896079,14.6704997897297,4.88703033706354));
#3139=CARTESIAN_POINT('Ctrl Pts',(72.199750159304,14.7451151565679,4.82233177027792));
#3140=CARTESIAN_POINT('Ctrl Pts',(72.3506769484235,14.8189711525355,4.7389205218416));
#3141=CARTESIAN_POINT('Ctrl Pts',(72.492044371878,14.886096189321,4.63440214861252));
#3142=CARTESIAN_POINT('Ctrl Pts',(72.605674259298,14.9377049843306,4.50950771270013));
#3143=CARTESIAN_POINT('Ctrl Pts',(72.672908018345,14.9653963492808,4.36773720559337));
#3144=CARTESIAN_POINT('Ctrl Pts',(72.6882229725133,14.9673794843463,4.20995983433184));
#3145=CARTESIAN_POINT('Ctrl Pts',(72.6766307701129,14.9572368048303,4.08466867503525));
#3146=CARTESIAN_POINT('Ctrl Pts',(72.6703547003231,14.9516481085111,4.01451845339507));
#3147=CARTESIAN_POINT('Ctrl Pts',(71.9030032634669,14.4808513117017,4.75380493069242));
#3148=CARTESIAN_POINT('Ctrl Pts',(71.9462814424794,14.5085627716979,4.74666860078802));
#3149=CARTESIAN_POINT('Ctrl Pts',(72.0335535574647,14.5641067679818,4.72879505396705));
#3150=CARTESIAN_POINT('Ctrl Pts',(72.1645271900543,14.6455423614541,4.68998800185249));
#3151=CARTESIAN_POINT('Ctrl Pts',(72.2910798037611,14.7218367008594,4.63799177365223));
#3152=CARTESIAN_POINT('Ctrl Pts',(72.4058663079199,14.7886954862063,4.572051724709));
#3153=CARTESIAN_POINT('Ctrl Pts',(72.4994448850093,14.8413730550623,4.49243547560937));
#3154=CARTESIAN_POINT('Ctrl Pts',(72.5637396246289,14.8763874451129,4.39957979691864));
#3155=CARTESIAN_POINT('Ctrl Pts',(72.5958418636802,14.8931005098528,4.29272045063038));
#3156=CARTESIAN_POINT('Ctrl Pts',(72.6016883821856,14.8947556488935,4.16735172206878));
#3157=CARTESIAN_POINT('Ctrl Pts',(72.5935943121382,14.8889229743201,4.06825954193129));
#3158=CARTESIAN_POINT('Ctrl Pts',(72.5888605226643,14.8856554269473,4.01451845339507));
#3159=CARTESIAN_POINT('Ctrl Pts',(71.9823643717755,14.4868719856538,4.60036084258848));
#3160=CARTESIAN_POINT('Ctrl Pts',(72.0198857483292,14.5152141987727,4.59757969258752));
#3161=CARTESIAN_POINT('Ctrl Pts',(72.0950016397707,14.5703084672358,4.58791618336894));
#3162=CARTESIAN_POINT('Ctrl Pts',(72.2034789337313,14.645444129587,4.56133300350153));
#3163=CARTESIAN_POINT('Ctrl Pts',(72.3030614463947,14.7107871828835,4.52257741669088));
#3164=CARTESIAN_POINT('Ctrl Pts',(72.3889187738255,14.7644580014853,4.47141648742715));
#3165=CARTESIAN_POINT('Ctrl Pts',(72.4566663080265,14.805131894062,4.40769182275402));
#3166=CARTESIAN_POINT('Ctrl Pts',(72.5033884939064,14.8323455576403,4.33100633137435));
#3167=CARTESIAN_POINT('Ctrl Pts',(72.5286374418071,14.8467642963653,4.2412956413477));
#3168=CARTESIAN_POINT('Ctrl Pts',(72.5355901665797,14.8506741711442,4.13687691204638));
#3169=CARTESIAN_POINT('Ctrl Pts',(72.532141316067,14.8486838164056,4.0571399293129));
#3170=CARTESIAN_POINT('Ctrl Pts',(72.5302299894038,14.8475803114421,4.01451845339506));
#3171=CARTESIAN_POINT('Ctrl Pts',(72.0109663608455,14.5082013302731,4.51367591704709));
#3172=CARTESIAN_POINT('Ctrl Pts',(72.043514275573,14.5324732677304,4.51360457088997));
#3173=CARTESIAN_POINT('Ctrl Pts',(72.1091695837577,14.5801803417413,4.50941867538417));
#3174=CARTESIAN_POINT('Ctrl Pts',(72.2044449935919,14.6459587368914,4.49119626618944));
#3175=CARTESIAN_POINT('Ctrl Pts',(72.2918429832761,14.703454952587,4.46069099604455));
#3176=CARTESIAN_POINT('Ctrl Pts',(72.3669232230259,14.7507634556953,4.41761598737229));
#3177=CARTESIAN_POINT('Ctrl Pts',(72.4260649088313,14.7867212562235,4.36197059449951));
#3178=CARTESIAN_POINT('Ctrl Pts',(72.4672408994546,14.8110982820753,4.29383126497119));
#3179=CARTESIAN_POINT('Ctrl Pts',(72.4907936834678,14.8248093771449,4.21387492748157));
#3180=CARTESIAN_POINT('Ctrl Pts',(72.4999172308771,14.830079248744,4.12128574612262));
#3181=CARTESIAN_POINT('Ctrl Pts',(72.4999999999999,14.8301270189221,4.05147920449854));
#3182=CARTESIAN_POINT('Ctrl Pts',(72.4999999999999,14.8301270189221,4.01451845339506));
#3183=CARTESIAN_POINT('',(72.0109663608455,14.5082013302731,4.51367591704709));
#3184=CARTESIAN_POINT('Ctrl Pts',(71.595563848065,14.4629350755987,5.29810512328054));
#3185=CARTESIAN_POINT('Ctrl Pts',(71.6048832957244,14.4928560166546,5.28311425586681));
#3186=CARTESIAN_POINT('Ctrl Pts',(71.6281133645334,14.5376886862174,5.23800708091776));
#3187=CARTESIAN_POINT('Ctrl Pts',(71.6843384105651,14.5570113637129,5.12836042850762));
#3188=CARTESIAN_POINT('Ctrl Pts',(71.7707241657047,14.5312496678625,4.97212692698025));
#3189=CARTESIAN_POINT('Ctrl Pts',(71.9030032634669,14.4808513117017,4.75380493069242));
#3190=CARTESIAN_POINT('Ctrl Pts',(71.9823643717755,14.4868719856538,4.60036084258848));
#3191=CARTESIAN_POINT('Ctrl Pts',(72.0109663608455,14.5082013302731,4.51367591704709));
#3192=CARTESIAN_POINT('',(72.4999999999999,14.8301270189221,4.01451845339506));
#3193=CARTESIAN_POINT('Ctrl Pts',(72.0109663608455,14.5082013302731,4.51367591704708));
#3194=CARTESIAN_POINT('Ctrl Pts',(72.0368409981695,14.5274968084663,4.51361919894532));
#3195=CARTESIAN_POINT('Ctrl Pts',(72.0628917625974,14.5465298428453,4.51228440727169));
#3196=CARTESIAN_POINT('Ctrl Pts',(72.0887111086229,14.5650211550427,4.50968853303251));
#3197=CARTESIAN_POINT('Ctrl Pts',(72.1128047995486,14.5822765867044,4.50726615596924));
#3198=CARTESIAN_POINT('Ctrl Pts',(72.1366956929262,14.5990601695694,4.50374641530517));
#3199=CARTESIAN_POINT('Ctrl Pts',(72.1600593368307,14.6151837176094,4.49911987348031));
#3200=CARTESIAN_POINT('Ctrl Pts',(72.1870246370945,14.6337928145462,4.49378012040067));
#3201=CARTESIAN_POINT('Ctrl Pts',(72.2132890492613,14.6515235332999,4.4869612923859));
#3202=CARTESIAN_POINT('Ctrl Pts',(72.238375192398,14.6681444819053,4.47862398735801));
#3203=CARTESIAN_POINT('Ctrl Pts',(72.2601608995253,14.6825787102567,4.47138357241745));
#3204=CARTESIAN_POINT('Ctrl Pts',(72.2810562240821,14.6961760152402,4.46299829929184));
#3205=CARTESIAN_POINT('Ctrl Pts',(72.3007687304306,14.7088181896322,4.45345498007441));
#3206=CARTESIAN_POINT('Ctrl Pts',(72.3186746950213,14.7203017789338,4.44478625307621));
#3207=CARTESIAN_POINT('Ctrl Pts',(72.3356039101249,14.7309974061549,4.43516217996706));
#3208=CARTESIAN_POINT('Ctrl Pts',(72.3513710638878,14.7408448166361,4.42458077759432));
#3209=CARTESIAN_POINT('Ctrl Pts',(72.3665101052216,14.7502999381214,4.41442090408138));
#3210=CARTESIAN_POINT('Ctrl Pts',(72.3805771049542,14.7589730342447,4.40337852524105));
#3211=CARTESIAN_POINT('Ctrl Pts',(72.3934516337885,14.7668378941085,4.39145799695969));
#3212=CARTESIAN_POINT('Ctrl Pts',(72.4051265728174,14.773969942245,4.38064816906865));
#3213=CARTESIAN_POINT('Ctrl Pts',(72.4158209273605,14.7804375496327,4.3691162983344));
#3214=CARTESIAN_POINT('Ctrl Pts',(72.4254852690677,14.7862423986766,4.35686962190957));
#3215=CARTESIAN_POINT('Ctrl Pts',(72.434829738066,14.7918551174291,4.34502828892991));
#3216=CARTESIAN_POINT('Ctrl Pts',(72.4432109955021,14.7968481807283,4.33251871675094));
#3217=CARTESIAN_POINT('Ctrl Pts',(72.4506262065742,14.8012432227664,4.31935060740297));
#3218=CARTESIAN_POINT('Ctrl Pts',(72.4578325606376,14.8055144739475,4.30655339133135));
#3219=CARTESIAN_POINT('Ctrl Pts',(72.4641263299545,14.8092208402548,4.29313423707775));
#3220=CARTESIAN_POINT('Ctrl Pts',(72.4695483432223,14.8124023945721,4.27910468146227));
#3221=CARTESIAN_POINT('Ctrl Pts',(72.4743217683375,14.8152033672982,4.26675335920914));
#3222=CARTESIAN_POINT('Ctrl Pts',(72.4784199943239,14.8175977716688,4.2539289919195));
#3223=CARTESIAN_POINT('Ctrl Pts',(72.4819018332698,14.8196274865676,4.24064096582108));
#3224=CARTESIAN_POINT('Ctrl Pts',(72.485215326451,14.8215590654204,4.22799541140174));
#3225=CARTESIAN_POINT('Ctrl Pts',(72.4879722085211,14.8231612554684,4.21493586098867));
#3226=CARTESIAN_POINT('Ctrl Pts',(72.4902384893399,14.8244765185637,4.20141272762825));
#3227=CARTESIAN_POINT('Ctrl Pts',(72.4919145434647,14.8254492365596,4.19141153834015));
#3228=CARTESIAN_POINT('Ctrl Pts',(72.4933222619042,14.8262649651919,4.1811523598304));
#3229=CARTESIAN_POINT('Ctrl Pts',(72.4944934853331,14.8269431594327,4.1706298393068));
#3230=CARTESIAN_POINT('Ctrl Pts',(72.4955313250405,14.8275441181355,4.16130566652171));
#3231=CARTESIAN_POINT('Ctrl Pts',(72.4963834494436,14.8280370619182,4.15177348459636));
#3232=CARTESIAN_POINT('Ctrl Pts',(72.4970768415305,14.8284380165133,4.14207210152549));
#3233=CARTESIAN_POINT('Ctrl Pts',(72.4976025610877,14.8287420143179,4.13471665731389));
#3234=CARTESIAN_POINT('Ctrl Pts',(72.4980371712417,14.8289932055648,4.12727080628276));
#3235=CARTESIAN_POINT('Ctrl Pts',(72.4983944966836,14.8291996842115,4.11974868991782));
#3236=CARTESIAN_POINT('Ctrl Pts',(72.4988442880439,14.8294595938078,4.11028005837055));
#3237=CARTESIAN_POINT('Ctrl Pts',(72.4991715122927,14.8296485941665,4.10068797595592));
#3238=CARTESIAN_POINT('Ctrl Pts',(72.4994069128137,14.8297845457154,4.09090729155011));
#3239=CARTESIAN_POINT('Ctrl Pts',(72.4996080760945,14.8299007241312,4.08254913432982));
#3240=CARTESIAN_POINT('Ctrl Pts',(72.4997422392432,14.8299781916542,4.07404834848534));
#3241=CARTESIAN_POINT('Ctrl Pts',(72.4998306644756,14.8300292485967,4.06537070305661));
#3242=CARTESIAN_POINT('Ctrl Pts',(72.4999064043762,14.8300729809981,4.05793793770812));
#3243=CARTESIAN_POINT('Ctrl Pts',(72.4999486183006,14.8300973533606,4.0503741587412));
#3244=CARTESIAN_POINT('Ctrl Pts',(72.4999718058153,14.8301107408797,4.04269638600479));
#3245=CARTESIAN_POINT('Ctrl Pts',(72.4999925707386,14.830122729694,4.03582077365999));
#3246=CARTESIAN_POINT('Ctrl Pts',(72.4999980905391,14.8301259164942,4.02885333263478));
#3247=CARTESIAN_POINT('Ctrl Pts',(72.4999995058559,14.8301267336279,4.02184955902257));
#3248=CARTESIAN_POINT('Ctrl Pts',(72.4999999991372,14.8301270184241,4.01940852924165));
#3249=CARTESIAN_POINT('Ctrl Pts',(72.4999999999999,14.8301270189221,4.01696352857319));
#3250=CARTESIAN_POINT('Ctrl Pts',(72.4999999999999,14.8301270189221,4.01451845339506));
#3251=CARTESIAN_POINT('Origin',(71.9999999999999,15.6961524227065,4.01451845339506));
#3252=CARTESIAN_POINT('Ctrl Pts',(71.595563848065,14.4629350755987,5.29810512328054));
#3253=CARTESIAN_POINT('Ctrl Pts',(71.6048832957244,14.4928560166546,5.28311425586681));
#3254=CARTESIAN_POINT('Ctrl Pts',(71.6281133645334,14.5376886862174,5.23800708091776));
#3255=CARTESIAN_POINT('Ctrl Pts',(71.6843384105651,14.5570113637129,5.12836042850762));
#3256=CARTESIAN_POINT('Ctrl Pts',(71.7707241657047,14.5312496678625,4.97212692698025));
#3257=CARTESIAN_POINT('Ctrl Pts',(71.9030032634669,14.4808513117017,4.75380493069242));
#3258=CARTESIAN_POINT('Ctrl Pts',(71.9823643717755,14.4868719856538,4.60036084258848));
#3259=CARTESIAN_POINT('Ctrl Pts',(72.0109663608455,14.5082013302731,4.51367591704709));
#3260=CARTESIAN_POINT('Ctrl Pts',(71.5576410356137,14.4578006778316,5.29222313952093));
#3261=CARTESIAN_POINT('Ctrl Pts',(71.5684666165371,14.4846961201012,5.27562595079297));
#3262=CARTESIAN_POINT('Ctrl Pts',(71.5940861126802,14.5236610651418,5.2285022564559));
#3263=CARTESIAN_POINT('Ctrl Pts',(71.6520221421419,14.5355460034046,5.11787595109222));
#3264=CARTESIAN_POINT('Ctrl Pts',(71.7383821226162,14.5041014701023,4.9623041016508));
#3265=CARTESIAN_POINT('Ctrl Pts',(71.8671512091642,14.4522339589941,4.74829081704439));
#3266=CARTESIAN_POINT('Ctrl Pts',(71.9463411182165,14.4596469669214,4.59860158528003));
#3267=CARTESIAN_POINT('Ctrl Pts',(71.978418446118,14.4839293928157,4.5137472632042));
#3268=CARTESIAN_POINT('Ctrl Pts',(71.4821475113828,14.4437539958405,5.27859278751415));
#3269=CARTESIAN_POINT('Ctrl Pts',(71.4954444501476,14.4648316739298,5.25895060158057));
#3270=CARTESIAN_POINT('Ctrl Pts',(71.5250833224892,14.4923588367608,5.20776125304813));
#3271=CARTESIAN_POINT('Ctrl Pts',(71.5859304935542,14.489585110284,5.09459573371196));
#3272=CARTESIAN_POINT('Ctrl Pts',(71.6722988092833,14.4471218038485,4.93975017161718));
#3273=CARTESIAN_POINT('Ctrl Pts',(71.7948687091829,14.3933789243754,4.73365520662612));
#3274=CARTESIAN_POINT('Ctrl Pts',(71.8751914071345,14.4043337513858,4.59084466474153));
#3275=CARTESIAN_POINT('Ctrl Pts',(71.9138876155107,14.4345526009764,4.50983989488345));
#3276=CARTESIAN_POINT('Ctrl Pts',(71.366123644278,14.4106215142195,5.2495187793909));
#3277=CARTESIAN_POINT('Ctrl Pts',(71.3821308549157,14.4229788233033,5.22549956500391));
#3278=CARTESIAN_POINT('Ctrl Pts',(71.4163726706075,14.4335245698146,5.16761153207789));
#3279=CARTESIAN_POINT('Ctrl Pts',(71.4811768865646,14.4091054772552,5.04940684943359));
#3280=CARTESIAN_POINT('Ctrl Pts',(71.5687410902235,14.3529269170777,4.89442156376218));
#3281=CARTESIAN_POINT('Ctrl Pts',(71.6871161019238,14.3016651541937,4.69912054891444));
#3282=CARTESIAN_POINT('Ctrl Pts',(71.775514653477,14.3225104809254,4.56604020441955));
#3283=CARTESIAN_POINT('Ctrl Pts',(71.8234399548763,14.361810939636,4.49151935199901));
#3284=CARTESIAN_POINT('Ctrl Pts',(71.2434731527617,14.362943844826,5.2069511177754));
#3285=CARTESIAN_POINT('Ctrl Pts',(71.2617289635248,14.3662779408819,5.17844865368284));
#3286=CARTESIAN_POINT('Ctrl Pts',(71.3000549436716,14.3595748577074,5.11330897844633));
#3287=CARTESIAN_POINT('Ctrl Pts',(71.3698538017068,14.3149092437955,4.98938516063646));
#3288=CARTESIAN_POINT('Ctrl Pts',(71.4617168665949,14.2506805643544,4.83406865707885));
#3289=CARTESIAN_POINT('Ctrl Pts',(71.58450064265,14.2099699100429,4.65029052885558));
#3290=CARTESIAN_POINT('Ctrl Pts',(71.6871427507504,14.246242361895,4.52786584581495));
#3291=CARTESIAN_POINT('Ctrl Pts',(71.7433804865409,14.2944126219908,4.46056947885889));
#3292=CARTESIAN_POINT('Ctrl Pts',(71.1103501067966,14.2967264255679,5.14307785051711));
#3293=CARTESIAN_POINT('Ctrl Pts',(71.1310000267601,14.2907039443686,5.11003358207421));
#3294=CARTESIAN_POINT('Ctrl Pts',(71.1741643787303,14.2667815379981,5.03773053313435));
#3295=CARTESIAN_POINT('Ctrl Pts',(71.25242163921,14.2065271421638,4.90837737565385));
#3296=CARTESIAN_POINT('Ctrl Pts',(71.3550197510538,14.1439087069366,4.75467807094387));
#3297=CARTESIAN_POINT('Ctrl Pts',(71.4937275476141,14.1243018182088,4.58595426777247));
#3298=CARTESIAN_POINT('Ctrl Pts',(71.6138250004052,14.1801424650326,4.4766662426964));
#3299=CARTESIAN_POINT('Ctrl Pts',(71.6768439517326,14.2361338911794,4.41773098462302));
#3300=CARTESIAN_POINT('Ctrl Pts',(70.9640003587031,14.2071068743277,5.04569616287592));
#3301=CARTESIAN_POINT('Ctrl Pts',(70.9881650246028,14.1920961454597,5.00860363100705));
#3302=CARTESIAN_POINT('Ctrl Pts',(71.0391760676797,14.153649503955,4.9303851422262));
#3303=CARTESIAN_POINT('Ctrl Pts',(71.1335577066043,14.088245031296,4.79874550945917));
#3304=CARTESIAN_POINT('Ctrl Pts',(71.2574553846004,14.0410158653344,4.6531997396839));
#3305=CARTESIAN_POINT('Ctrl Pts',(71.42284442728,14.0527735598343,4.50712168966362));
#3306=CARTESIAN_POINT('Ctrl Pts',(71.5583321271127,14.1283004707233,4.41371274817882));
#3307=CARTESIAN_POINT('Ctrl Pts',(71.6257310693429,14.18990921165,4.36330613112139));
#3308=CARTESIAN_POINT('Ctrl Pts',(70.8072844611892,14.0933801377443,4.89822511427234));
#3309=CARTESIAN_POINT('Ctrl Pts',(70.8378960506349,14.0721544389254,4.85917299934253));
#3310=CARTESIAN_POINT('Ctrl Pts',(70.9038929024616,14.0277644852423,4.77942189207899));
#3311=CARTESIAN_POINT('Ctrl Pts',(71.0271077190135,13.9742604912654,4.65469008338401));
#3312=CARTESIAN_POINT('Ctrl Pts',(71.1837729186173,13.9560120693793,4.53025015609221));
#3313=CARTESIAN_POINT('Ctrl Pts',(71.3782823791319,14.002928693082,4.41295526517739));
#3314=CARTESIAN_POINT('Ctrl Pts',(71.5217119987505,14.0931565095922,4.3353392090407));
#3315=CARTESIAN_POINT('Ctrl Pts',(71.5903928106327,14.1571887855398,4.29390980312304));
#3316=CARTESIAN_POINT('Ctrl Pts',(70.6612864544114,13.97446148785,4.67758753451187));
#3317=CARTESIAN_POINT('Ctrl Pts',(70.7035849792091,13.9538073088302,4.64142543288925));
#3318=CARTESIAN_POINT('Ctrl Pts',(70.7950702469643,13.9171411249494,4.57121476212183));
#3319=CARTESIAN_POINT('Ctrl Pts',(70.958102680597,13.8888030833353,4.47300529335225));
#3320=CARTESIAN_POINT('Ctrl Pts',(71.1491207349767,13.9034419201748,4.38211056117014));
#3321=CARTESIAN_POINT('Ctrl Pts',(71.3618616652379,13.9783850832413,4.29930366000144));
#3322=CARTESIAN_POINT('Ctrl Pts',(71.5036194429843,14.0754323914927,4.24278266048459));
#3323=CARTESIAN_POINT('Ctrl Pts',(71.5701959271742,14.1382052261984,4.21365562455189));
#3324=CARTESIAN_POINT('Ctrl Pts',(70.5763343172344,13.9054492257008,4.38231077686837));
#3325=CARTESIAN_POINT('Ctrl Pts',(70.6326955501539,13.8872135202762,4.36049287142533));
#3326=CARTESIAN_POINT('Ctrl Pts',(70.7520208453428,13.859199679625,4.32014436284871));
#3327=CARTESIAN_POINT('Ctrl Pts',(70.9493598250072,13.8521597047467,4.26731045413692));
#3328=CARTESIAN_POINT('Ctrl Pts',(71.15970121662,13.8897618348987,4.2205195747184));
#3329=CARTESIAN_POINT('Ctrl Pts',(71.3706133374913,13.9779953215597,4.1742105171028));
#3330=CARTESIAN_POINT('Ctrl Pts',(71.5020377101153,14.0736840898308,4.14104264853434));
#3331=CARTESIAN_POINT('Ctrl Pts',(71.5627534717909,14.1311616241786,4.12409259500708));
#3332=CARTESIAN_POINT('Ctrl Pts',(70.575433787232,13.9033564329706,4.14836883805949));
#3333=CARTESIAN_POINT('Ctrl Pts',(70.6387353203266,13.8834618165156,4.14019955830635));
#3334=CARTESIAN_POINT('Ctrl Pts',(70.7710401973353,13.8557110564802,4.12523643409472));
#3335=CARTESIAN_POINT('Ctrl Pts',(70.979303481469,13.85522877194,4.10557442454494));
#3336=CARTESIAN_POINT('Ctrl Pts',(71.1884382283331,13.8993504328726,4.08729121675827));
#3337=CARTESIAN_POINT('Ctrl Pts',(71.3882673057888,13.9894305021852,4.06937639978668));
#3338=CARTESIAN_POINT('Ctrl Pts',(71.5080224031653,14.0793524880744,4.05744182566155));
#3339=CARTESIAN_POINT('Ctrl Pts',(71.5627152597138,14.1311256676403,4.05147920449854));
#3340=CARTESIAN_POINT('Ctrl Pts',(70.575433787232,13.9033564329705,4.01451845339506));
#3341=CARTESIAN_POINT('Ctrl Pts',(70.6430077645848,13.8821190585177,4.01451845339506));
#3342=CARTESIAN_POINT('Ctrl Pts',(70.7826829554087,13.8540585942625,4.01451845339505));
#3343=CARTESIAN_POINT('Ctrl Pts',(70.9963624742709,13.857101117725,4.01451845339506));
#3344=CARTESIAN_POINT('Ctrl Pts',(71.2045933440531,13.9051406962716,4.01451845339505));
#3345=CARTESIAN_POINT('Ctrl Pts',(71.3980094164829,13.9960165272505,4.01451845339506));
#3346=CARTESIAN_POINT('Ctrl Pts',(71.5112747875664,14.0824312499501,4.01451845339506));
#3347=CARTESIAN_POINT('Ctrl Pts',(71.5627152597138,14.1311256676403,4.01451845339506));
#3348=CARTESIAN_POINT('',(70.575433787232,13.9033564329705,4.01451845339506));
#3349=CARTESIAN_POINT('Ctrl Pts',(71.595563848065,14.4629350755987,5.29810512328054));
#3350=CARTESIAN_POINT('Ctrl Pts',(71.5576410356137,14.4578006778316,5.29222313952093));
#3351=CARTESIAN_POINT('Ctrl Pts',(71.4821475113828,14.4437539958405,5.27859278751415));
#3352=CARTESIAN_POINT('Ctrl Pts',(71.366123644278,14.4106215142195,5.2495187793909));
#3353=CARTESIAN_POINT('Ctrl Pts',(71.2434731527617,14.362943844826,5.2069511177754));
#3354=CARTESIAN_POINT('Ctrl Pts',(71.1103501067966,14.2967264255679,5.14307785051711));
#3355=CARTESIAN_POINT('Ctrl Pts',(70.9640003587031,14.2071068743277,5.04569616287592));
#3356=CARTESIAN_POINT('Ctrl Pts',(70.8072844611892,14.0933801377443,4.89822511427234));
#3357=CARTESIAN_POINT('Ctrl Pts',(70.6612864544114,13.97446148785,4.67758753451187));
#3358=CARTESIAN_POINT('Ctrl Pts',(70.5763343172344,13.9054492257008,4.38231077686837));
#3359=CARTESIAN_POINT('Ctrl Pts',(70.575433787232,13.9033564329706,4.14836883805949));
#3360=CARTESIAN_POINT('Ctrl Pts',(70.575433787232,13.9033564329705,4.01451845339506));
#3361=CARTESIAN_POINT('',(71.5627152597138,14.1311256676403,4.01451845339506));
#3362=CARTESIAN_POINT('Origin',(70.8752583116566,14.8573508011683,4.01451845339506));
#3363=CARTESIAN_POINT('Ctrl Pts',(71.5627152597138,14.1311256676403,4.01451845339506));
#3364=CARTESIAN_POINT('Ctrl Pts',(71.5627152597138,14.1311256676403,4.0251064762221));
#3365=CARTESIAN_POINT('Ctrl Pts',(71.5627153733797,14.1311257754836,4.03568966373872));
#3366=CARTESIAN_POINT('Ctrl Pts',(71.5627460319234,14.1311547968851,4.04614296309729));
#3367=CARTESIAN_POINT('Ctrl Pts',(71.5627783396489,14.1311853794033,4.05715856542202));
#3368=CARTESIAN_POINT('Ctrl Pts',(71.562844605454,14.1312481088154,4.06803021926006));
#3369=CARTESIAN_POINT('Ctrl Pts',(71.5629785873599,14.1313749199241,4.07867375506963));
#3370=CARTESIAN_POINT('Ctrl Pts',(71.5631223243689,14.1315109640364,4.09009223723009));
#3371=CARTESIAN_POINT('Ctrl Pts',(71.5633440604174,14.1317208276655,4.10124857672363));
#3372=CARTESIAN_POINT('Ctrl Pts',(71.5636825755336,14.1320411008562,4.1121034023536));
#3373=CARTESIAN_POINT('Ctrl Pts',(71.5640589813381,14.1323972228792,4.12417323078645));
#3374=CARTESIAN_POINT('Ctrl Pts',(71.5645799051137,14.1328899977921,4.13587093667569));
#3375=CARTESIAN_POINT('Ctrl Pts',(71.5652935677908,14.1335646030503,4.147211674393));
#3376=CARTESIAN_POINT('Ctrl Pts',(71.5661939506264,14.1344157096234,4.16151956229637));
#3377=CARTESIAN_POINT('Ctrl Pts',(71.5674017372942,14.1355569026139,4.17526108102144));
#3378=CARTESIAN_POINT('Ctrl Pts',(71.5689996092497,14.137064244507,4.18855605988448));
#3379=CARTESIAN_POINT('Ctrl Pts',(71.5705984089192,14.1385724615529,4.20185875772596));
#3380=CARTESIAN_POINT('Ctrl Pts',(71.5725879296968,14.1404474670715,4.21472123814157));
#3381=CARTESIAN_POINT('Ctrl Pts',(71.5750326620141,14.1427460429914,4.22726722524683));
#3382=CARTESIAN_POINT('Ctrl Pts',(71.576907303602,14.1445086106075,4.23688759514287));
#3383=CARTESIAN_POINT('Ctrl Pts',(71.5790492625774,14.1465198669792,4.2463227905094));
#3384=CARTESIAN_POINT('Ctrl Pts',(71.5814792784471,14.148796524378,4.25559202293419));
#3385=CARTESIAN_POINT('Ctrl Pts',(71.5837421825512,14.1509166164465,4.26422381186909));
#3386=CARTESIAN_POINT('Ctrl Pts',(71.5862548507088,14.1532668172296,4.27271249353524));
#3387=CARTESIAN_POINT('Ctrl Pts',(71.5890277315084,14.1558539609209,4.28102615207675));
#3388=CARTESIAN_POINT('Ctrl Pts',(71.5925630881526,14.1591525071981,4.29162586771091));
#3389=CARTESIAN_POINT('Ctrl Pts',(71.5965209544142,14.1628358254819,4.30192878946273));
#3390=CARTESIAN_POINT('Ctrl Pts',(71.6009150177322,14.1669089548722,4.31185379077897));
#3391=CARTESIAN_POINT('Ctrl Pts',(71.6056656878504,14.1713126451882,4.32258427046567));
#3392=CARTESIAN_POINT('Ctrl Pts',(71.6109263475605,14.1761721180765,4.33287351441557));
#3393=CARTESIAN_POINT('Ctrl Pts',(71.616708197027,14.1814856479329,4.34268487555638));
#3394=CARTESIAN_POINT('Ctrl Pts',(71.6232348124766,14.1874836190412,4.35376004822799));
#3395=CARTESIAN_POINT('Ctrl Pts',(71.6304258280149,14.1940604573987,4.36422727793922));
#3396=CARTESIAN_POINT('Ctrl Pts',(71.6382864459544,14.2012000730231,4.37410358825018));
#3397=CARTESIAN_POINT('Ctrl Pts',(71.6476093304857,14.2096678312294,4.38581713307993));
#3398=CARTESIAN_POINT('Ctrl Pts',(71.6578749621992,14.2189280011413,4.39670300210021));
#3399=CARTESIAN_POINT('Ctrl Pts',(71.669067853931,14.2289262580915,4.40684751646543));
#3400=CARTESIAN_POINT('Ctrl Pts',(71.6788307028628,14.2376471029389,4.41569593237141));
#3401=CARTESIAN_POINT('Ctrl Pts',(71.6892987463803,14.2469290366849,4.42398396962811));
#3402=CARTESIAN_POINT('Ctrl Pts',(71.7004428857358,14.2567170308273,4.4317528855521));
#3403=CARTESIAN_POINT('Ctrl Pts',(71.7115383736873,14.2664622940202,4.43948788511392));
#3404=CARTESIAN_POINT('Ctrl Pts',(71.7233041198277,14.276709091522,4.44670971890296));
#3405=CARTESIAN_POINT('Ctrl Pts',(71.7356918974433,14.2873859866117,4.45340010342063));
#3406=CARTESIAN_POINT('Ctrl Pts',(71.7516502878982,14.3011403553108,4.46201890267093));
#3407=CARTESIAN_POINT('Ctrl Pts',(71.7686416762784,14.3156085156336,4.46974858398047));
#3408=CARTESIAN_POINT('Ctrl Pts',(71.7865263407963,14.3306118364569,4.47654937237875));
#3409=CARTESIAN_POINT('Ctrl Pts',(71.8062067442361,14.3471215901872,4.48403300503249));
#3410=CARTESIAN_POINT('Ctrl Pts',(71.826969064958,14.3642786456014,4.49039208739855));
#3411=CARTESIAN_POINT('Ctrl Pts',(71.8485788682485,14.3818223620292,4.49561063967067));
#3412=CARTESIAN_POINT('Ctrl Pts',(71.8717446868996,14.4006293149556,4.50120495415526));
#3413=CARTESIAN_POINT('Ctrl Pts',(71.895884153487,14.4198792587727,4.50548940246341));
#3414=CARTESIAN_POINT('Ctrl Pts',(71.9206555981274,14.4392433352937,4.50847619495566));
#3415=CARTESIAN_POINT('Ctrl Pts',(71.9475067942486,14.4602331735498,4.51171375143034));
#3416=CARTESIAN_POINT('Ctrl Pts',(71.9750996057198,14.4813550492719,4.5134281227878));
#3417=CARTESIAN_POINT('Ctrl Pts',(72.0029478929556,14.5022092233741,4.51365245582394));
#3418=CARTESIAN_POINT('Ctrl Pts',(72.0056185422417,14.5042091375773,4.51367396935035));
#3419=CARTESIAN_POINT('Ctrl Pts',(72.0082915130726,14.5062066176042,4.51368178040611));
#3420=CARTESIAN_POINT('Ctrl Pts',(72.0109663608455,14.5082013302731,4.51367591704708));
#3421=CARTESIAN_POINT('Ctrl Pts',(71.595563848065,14.4629350755987,5.29810512328054));
#3422=CARTESIAN_POINT('Ctrl Pts',(71.5576410356137,14.4578006778316,5.29222313952093));
#3423=CARTESIAN_POINT('Ctrl Pts',(71.4821475113828,14.4437539958405,5.27859278751415));
#3424=CARTESIAN_POINT('Ctrl Pts',(71.366123644278,14.4106215142195,5.2495187793909));
#3425=CARTESIAN_POINT('Ctrl Pts',(71.2434731527617,14.362943844826,5.2069511177754));
#3426=CARTESIAN_POINT('Ctrl Pts',(71.1103501067966,14.2967264255679,5.14307785051711));
#3427=CARTESIAN_POINT('Ctrl Pts',(70.9640003587031,14.2071068743277,5.04569616287592));
#3428=CARTESIAN_POINT('Ctrl Pts',(70.8072844611892,14.0933801377443,4.89822511427234));
#3429=CARTESIAN_POINT('Ctrl Pts',(70.6612864544114,13.97446148785,4.67758753451187));
#3430=CARTESIAN_POINT('Ctrl Pts',(70.5763343172344,13.9054492257008,4.38231077686837));
#3431=CARTESIAN_POINT('Ctrl Pts',(70.575433787232,13.9033564329706,4.14836883805949));
#3432=CARTESIAN_POINT('Ctrl Pts',(70.575433787232,13.9033564329705,4.01451845339506));
#3433=CARTESIAN_POINT('Ctrl Pts',(71.4897086801601,14.4199440916205,5.29812290452257));
#3434=CARTESIAN_POINT('Ctrl Pts',(71.4541571380691,14.415072172338,5.29278706444864));
#3435=CARTESIAN_POINT('Ctrl Pts',(71.3827801040191,14.4020653235106,5.27976531639656));
#3436=CARTESIAN_POINT('Ctrl Pts',(71.2715787148856,14.3715062587033,5.25015556230302));
#3437=CARTESIAN_POINT('Ctrl Pts',(71.1528917708279,14.3272633380422,5.20559223377019));
#3438=CARTESIAN_POINT('Ctrl Pts',(71.0235109358267,14.2656280731242,5.13824578156001));
#3439=CARTESIAN_POINT('Ctrl Pts',(70.8817931532733,14.1826922379273,5.03621603494682));
#3440=CARTESIAN_POINT('Ctrl Pts',(70.7323905602465,14.0796550567351,4.88413552904087));
#3441=CARTESIAN_POINT('Ctrl Pts',(70.5973893364689,13.977122509815,4.66163193140148));
#3442=CARTESIAN_POINT('Ctrl Pts',(70.5191565235657,13.9231228476574,4.37239770995331));
#3443=CARTESIAN_POINT('Ctrl Pts',(70.5121322541374,13.9232510494255,4.14391858252455));
#3444=CARTESIAN_POINT('Ctrl Pts',(70.5078598098792,13.9245938074234,4.01451845339506));
#3445=CARTESIAN_POINT('Ctrl Pts',(71.275993556787,14.3354217580139,5.30069895691656));
#3446=CARTESIAN_POINT('Ctrl Pts',(71.2444185482295,14.3316704145942,5.29562838926407));
#3447=CARTESIAN_POINT('Ctrl Pts',(71.1800557096853,14.3216536826094,5.28240844210855));
#3448=CARTESIAN_POINT('Ctrl Pts',(71.0773758594018,14.2974093698546,5.25006011179029));
#3449=CARTESIAN_POINT('Ctrl Pts',(70.9661680318425,14.2613965281922,5.20012097756854));
#3450=CARTESIAN_POINT('Ctrl Pts',(70.8447203617884,14.210777970859,5.12475974821872));
#3451=CARTESIAN_POINT('Ctrl Pts',(70.7139543261595,14.1437610945308,5.0132398319006));
#3452=CARTESIAN_POINT('Ctrl Pts',(70.5818897630564,14.0649911724069,4.85223047809731));
#3453=CARTESIAN_POINT('Ctrl Pts',(70.469934113299,13.9959881132658,4.62899333549447));
#3454=CARTESIAN_POINT('Ctrl Pts',(70.4038522095561,13.969750512753,4.35247764774834));
#3455=CARTESIAN_POINT('Ctrl Pts',(70.3877392534415,13.9761761525498,4.13534772769428));
#3456=CARTESIAN_POINT('Ctrl Pts',(70.3772444303783,13.9814811629938,4.01451845339505));
#3457=CARTESIAN_POINT('Ctrl Pts',(70.9302067430401,14.2149120683252,5.3150414556002));
#3458=CARTESIAN_POINT('Ctrl Pts',(70.9036351085957,14.2152955923249,5.30844091693769));
#3459=CARTESIAN_POINT('Ctrl Pts',(70.8484203325639,14.2143862080375,5.2911015664616));
#3460=CARTESIAN_POINT('Ctrl Pts',(70.7583868478379,14.206361933673,5.24922887577989));
#3461=CARTESIAN_POINT('Ctrl Pts',(70.6610405866202,14.1897717768199,5.1865275607643));
#3462=CARTESIAN_POINT('Ctrl Pts',(70.5578523246212,14.1634315559732,5.09581999047284));
#3463=CARTESIAN_POINT('Ctrl Pts',(70.4533803068164,14.1283081372569,4.96857032723375));
#3464=CARTESIAN_POINT('Ctrl Pts',(70.3571611875524,14.0915579664035,4.79792838540337));
#3465=CARTESIAN_POINT('Ctrl Pts',(70.2825203017382,14.0701973013556,4.58007908007959));
#3466=CARTESIAN_POINT('Ctrl Pts',(70.2360476051091,14.0779376210182,4.32092064012832));
#3467=CARTESIAN_POINT('Ctrl Pts',(70.2166436225642,14.0949200501248,4.12218874536771));
#3468=CARTESIAN_POINT('Ctrl Pts',(70.2037227549223,14.1062145662072,4.01451845339507));
#3469=CARTESIAN_POINT('Ctrl Pts',(70.5419816380924,14.1106275085484,5.34960525026968));
#3470=CARTESIAN_POINT('Ctrl Pts',(70.5195922274094,14.1187353135965,5.33908896468837));
#3471=CARTESIAN_POINT('Ctrl Pts',(70.4732602498791,14.1339073563721,5.3126658386092));
#3472=CARTESIAN_POINT('Ctrl Pts',(70.401011572982,14.1517413199635,5.25399093743329));
#3473=CARTESIAN_POINT('Ctrl Pts',(70.3284995007109,14.163416315544,5.17190284459635));
#3474=CARTESIAN_POINT('Ctrl Pts',(70.2589310586036,14.169441055493,5.06095303554787));
#3475=CARTESIAN_POINT('Ctrl Pts',(70.1966005881813,14.1726821477461,4.91682183608639));
#3476=CARTESIAN_POINT('Ctrl Pts',(70.1464192348976,14.1793666356613,4.73905544519244));
#3477=CARTESIAN_POINT('Ctrl Pts',(70.1104484977391,14.1978411531323,4.52540587577893));
#3478=CARTESIAN_POINT('Ctrl Pts',(70.0867540107585,14.2280492225544,4.28486909769419));
#3479=CARTESIAN_POINT('Ctrl Pts',(70.0703494228225,14.250747103076,4.10718568028092));
#3480=CARTESIAN_POINT('Ctrl Pts',(70.0604112157254,14.2647380627947,4.01451845339505));
#3481=CARTESIAN_POINT('Ctrl Pts',(70.1078255260406,14.0424636460744,5.42264202086032));
#3482=CARTESIAN_POINT('Ctrl Pts',(70.0981160401965,14.0642291382289,5.40217161800206));
#3483=CARTESIAN_POINT('Ctrl Pts',(70.0791629975422,14.1062042232173,5.35486730068348));
#3484=CARTESIAN_POINT('Ctrl Pts',(70.0532885658977,14.1626933664283,5.26345592086424));
#3485=CARTESIAN_POINT('Ctrl Pts',(70.0306854022494,14.2134759688257,5.14826113493534));
#3486=CARTESIAN_POINT('Ctrl Pts',(70.011865496166,14.2605320898248,5.00724226916768));
#3487=CARTESIAN_POINT('Ctrl Pts',(69.9971862125376,14.3051980219399,4.84216517003751));
#3488=CARTESIAN_POINT('Ctrl Pts',(69.9861589376649,14.3473213212246,4.65718969448514));
#3489=CARTESIAN_POINT('Ctrl Pts',(69.97713175813,14.3868304886754,4.45297733935568));
#3490=CARTESIAN_POINT('Ctrl Pts',(69.9663401395616,14.4197339617273,4.23838021616856));
#3491=CARTESIAN_POINT('Ctrl Pts',(69.9579788814593,14.4389463074258,4.0894495443688));
#3492=CARTESIAN_POINT('Ctrl Pts',(69.9537559133428,14.4499213239281,4.01451845339506));
#3493=CARTESIAN_POINT('Ctrl Pts',(70.0101103680371,14.0637153983649,5.46477275013356));
#3494=CARTESIAN_POINT('Ctrl Pts',(70.0037100886214,14.0994567944377,5.4317906496698));
#3495=CARTESIAN_POINT('Ctrl Pts',(69.9912370348019,14.1682469814737,5.35942354344091));
#3496=CARTESIAN_POINT('Ctrl Pts',(69.9739640084632,14.2613327914041,5.232549731969));
#3497=CARTESIAN_POINT('Ctrl Pts',(69.9581072983971,14.3449220947135,5.08666584342807));
#3498=CARTESIAN_POINT('Ctrl Pts',(69.9439716950391,14.4178812730109,4.92468010626608));
#3499=CARTESIAN_POINT('Ctrl Pts',(69.9322077725506,14.4774665682944,4.75246104968655));
#3500=CARTESIAN_POINT('Ctrl Pts',(69.9231781197009,14.5225102719242,4.57186626536767));
#3501=CARTESIAN_POINT('Ctrl Pts',(69.9167833640486,14.5540181941321,4.38602601446342));
#3502=CARTESIAN_POINT('Ctrl Pts',(69.9128760548667,14.573076939144,4.19938616609949));
#3503=CARTESIAN_POINT('Ctrl Pts',(69.9111954265728,14.5812085836722,4.07588560491999));
#3504=CARTESIAN_POINT('Ctrl Pts',(69.9102890288154,14.585594381443,4.01451845339505));
#3505=CARTESIAN_POINT('Ctrl Pts',(70.0053866736082,14.089856536141,5.48755301876661));
#3506=CARTESIAN_POINT('Ctrl Pts',(69.9965723168102,14.1386355837564,5.44306312073267));
#3507=CARTESIAN_POINT('Ctrl Pts',(69.979595973922,14.2307707419509,5.34955915073506));
#3508=CARTESIAN_POINT('Ctrl Pts',(69.957001666097,14.3495905427983,5.1979071447742));
#3509=CARTESIAN_POINT('Ctrl Pts',(69.9374888091604,14.449566108279,5.03511374910114));
#3510=CARTESIAN_POINT('Ctrl Pts',(69.921585715219,14.5293418862551,4.86538223842243));
#3511=CARTESIAN_POINT('Ctrl Pts',(69.9097950408281,14.5875589254435,4.69376902779866));
#3512=CARTESIAN_POINT('Ctrl Pts',(69.9019477808089,14.6258908712305,4.51986422244509));
#3513=CARTESIAN_POINT('Ctrl Pts',(69.8975651027804,14.6471609155909,4.34771935280565));
#3514=CARTESIAN_POINT('Ctrl Pts',(69.89597426158,14.6548593151682,4.17818448755587));
#3515=CARTESIAN_POINT('Ctrl Pts',(69.8959532299551,14.6549611844539,4.06863160228698));
#3516=CARTESIAN_POINT('Ctrl Pts',(69.8959532299551,14.6549611844539,4.01451845339506));
#3517=CARTESIAN_POINT('',(70.0053866736082,14.089856536141,5.48755301876661));
#3518=CARTESIAN_POINT('Ctrl Pts',(71.5955638475249,14.4629350753793,5.29810512328063));
#3519=CARTESIAN_POINT('Ctrl Pts',(71.4897086797967,14.4199440914768,5.29812290452695));
#3520=CARTESIAN_POINT('Ctrl Pts',(71.275993556591,14.3354217579455,5.30069895692469));
#3521=CARTESIAN_POINT('Ctrl Pts',(70.9302067430401,14.2149120683252,5.3150414556002));
#3522=CARTESIAN_POINT('Ctrl Pts',(70.5419816380924,14.1106275085484,5.34960525026968));
#3523=CARTESIAN_POINT('Ctrl Pts',(70.1078255260406,14.0424636460744,5.42264202086032));
#3524=CARTESIAN_POINT('Ctrl Pts',(70.0101103680371,14.0637153983649,5.46477275013356));
#3525=CARTESIAN_POINT('Ctrl Pts',(70.0053866736082,14.089856536141,5.48755301876661));
#3526=CARTESIAN_POINT('',(69.8959532299551,14.6549611844539,4.01451845339506));
#3527=CARTESIAN_POINT('Ctrl Pts',(70.0053866736082,14.089856536141,5.48755301876661));
#3528=CARTESIAN_POINT('Ctrl Pts',(70.0004285979093,14.1172947504247,5.46252745112252));
#3529=CARTESIAN_POINT('Ctrl Pts',(69.9955714752654,14.1438886267972,5.43677379580926));
#3530=CARTESIAN_POINT('Ctrl Pts',(69.9908469815406,14.1695181831732,5.41038080535088));
#3531=CARTESIAN_POINT('Ctrl Pts',(69.9868464222443,14.1912205212423,5.38803201424518));
#3532=CARTESIAN_POINT('Ctrl Pts',(69.9829410811732,14.2122310970807,5.36522507997777));
#3533=CARTESIAN_POINT('Ctrl Pts',(69.9791441042242,14.2325119721934,5.3419887479377));
#3534=CARTESIAN_POINT('Ctrl Pts',(69.9750587353815,14.254333241166,5.31698754613721));
#3535=CARTESIAN_POINT('Ctrl Pts',(69.9710990368662,14.2753089076992,5.29148941276697));
#3536=CARTESIAN_POINT('Ctrl Pts',(69.9672699529864,14.2954510132401,5.265488450453));
#3537=CARTESIAN_POINT('Ctrl Pts',(69.9634616477629,14.3154838169478,5.2396285832614));
#3538=CARTESIAN_POINT('Ctrl Pts',(69.9597816459266,14.3346967285477,5.21326653785757));
#3539=CARTESIAN_POINT('Ctrl Pts',(69.9562367641154,14.3530879663019,5.1864384694412));
#3540=CARTESIAN_POINT('Ctrl Pts',(69.9523154721445,14.373432061474,5.15676168615784));
#3541=CARTESIAN_POINT('Ctrl Pts',(69.9485596520695,14.3927699603339,5.12651577033715));
#3542=CARTESIAN_POINT('Ctrl Pts',(69.9449839408424,14.411068181169,5.09581208897247));
#3543=CARTESIAN_POINT('Ctrl Pts',(69.9399301289742,14.4369303830498,5.05241635049635));
#3544=CARTESIAN_POINT('Ctrl Pts',(69.935236904609,14.4607120573975,5.00811055037478));
#3545=CARTESIAN_POINT('Ctrl Pts',(69.9309497667475,14.4822888907719,4.96329551796759));
#3546=CARTESIAN_POINT('Ctrl Pts',(69.9279687014716,14.4972923618093,4.93213334374606));
#3547=CARTESIAN_POINT('Ctrl Pts',(69.9251841663541,14.5112287282476,4.90072758344745));
#3548=CARTESIAN_POINT('Ctrl Pts',(69.9226069818067,14.5240749433548,4.86919339055064));
#3549=CARTESIAN_POINT('Ctrl Pts',(69.9203517727502,14.5353162418024,4.841598860123));
#3550=CARTESIAN_POINT('Ctrl Pts',(69.9182553985481,14.545722484208,4.81390660872742));
#3551=CARTESIAN_POINT('Ctrl Pts',(69.9163198571937,14.5553015616839,4.78616055487307));
#3552=CARTESIAN_POINT('Ctrl Pts',(69.9145283733379,14.5641676923986,4.7604795703619));
#3553=CARTESIAN_POINT('Ctrl Pts',(69.9128747124991,14.5723250131052,4.7347528767977));
#3554=CARTESIAN_POINT('Ctrl Pts',(69.9113549783874,14.5798043551666,4.70897815263319));
#3555=CARTESIAN_POINT('Ctrl Pts',(69.9099900226598,14.5865219584018,4.68582847328821));
#3556=CARTESIAN_POINT('Ctrl Pts',(69.9087327767574,14.5926942286996,4.66263506937351));
#3557=CARTESIAN_POINT('Ctrl Pts',(69.907576951592,14.5983586977499,4.63938262273453));
#3558=CARTESIAN_POINT('Ctrl Pts',(69.9063261051111,14.6044888473517,4.61421857377638));
#3559=CARTESIAN_POINT('Ctrl Pts',(69.905194028461,14.610024321348,4.58898593316271));
#3560=CARTESIAN_POINT('Ctrl Pts',(69.9041746430628,14.6150013588216,4.56374264580888));
#3561=CARTESIAN_POINT('Ctrl Pts',(69.9030288255149,14.6205956874081,4.53536848852966));
#3562=CARTESIAN_POINT('Ctrl Pts',(69.9020256344606,14.6254832740288,4.50698651415436));
#3563=CARTESIAN_POINT('Ctrl Pts',(69.9011564170974,14.6297130802653,4.47871646329816));
#3564=CARTESIAN_POINT('Ctrl Pts',(69.9004915595787,14.6329484257589,4.45709292393766));
#3565=CARTESIAN_POINT('Ctrl Pts',(69.8999051235531,14.6357986860874,4.43553664322422));
#3566=CARTESIAN_POINT('Ctrl Pts',(69.8993916563789,14.6382925151807,4.41407705389848));
#3567=CARTESIAN_POINT('Ctrl Pts',(69.8989164214684,14.6406006561985,4.39421532460756));
#3568=CARTESIAN_POINT('Ctrl Pts',(69.898503726516,14.6426032982775,4.374437387525));
#3569=CARTESIAN_POINT('Ctrl Pts',(69.8981472452032,14.6443323246844,4.35472655410188));
#3570=CARTESIAN_POINT('Ctrl Pts',(69.8978038053946,14.6459980964286,4.33573682136126));
#3571=CARTESIAN_POINT('Ctrl Pts',(69.897512391557,14.6474106255518,4.31680176873173));
#3572=CARTESIAN_POINT('Ctrl Pts',(69.8972657486769,14.6486057606963,4.29789252108164));
#3573=CARTESIAN_POINT('Ctrl Pts',(69.8969781304368,14.6499994464447,4.27584183577922));
#3574=CARTESIAN_POINT('Ctrl Pts',(69.8967514224418,14.6510973715835,4.25382738512363));
#3575=CARTESIAN_POINT('Ctrl Pts',(69.8965738974842,14.6519569421631,4.2318874776877));
#3576=CARTESIAN_POINT('Ctrl Pts',(69.8963733398545,14.6529280362579,4.20710101447379));
#3577=CARTESIAN_POINT('Ctrl Pts',(69.8962356444659,14.6535944754421,4.18241606098904));
#3578=CARTESIAN_POINT('Ctrl Pts',(69.8961426370631,14.6540446039012,4.15792462777084));
#3579=CARTESIAN_POINT('Ctrl Pts',(69.896070847426,14.6543920446183,4.13902042176088));
#3580=CARTESIAN_POINT('Ctrl Pts',(69.8960256666358,14.6546106724941,4.12023351290904));
#3581=CARTESIAN_POINT('Ctrl Pts',(69.8959977639419,14.6547456921132,4.10157580664502));
#3582=CARTESIAN_POINT('Ctrl Pts',(69.8959735412704,14.6548629043044,4.08537882247767));
#3583=CARTESIAN_POINT('Ctrl Pts',(69.8959623346566,14.6549171292734,4.06927965556776));
#3584=CARTESIAN_POINT('Ctrl Pts',(69.8959573143875,14.6549414210181,4.05324765443589));
#3585=CARTESIAN_POINT('Ctrl Pts',(69.8959532625581,14.6549610267407,4.04030832166791));
#3586=CARTESIAN_POINT('Ctrl Pts',(69.8959532299551,14.6549611844539,4.02741229302568));
#3587=CARTESIAN_POINT('Ctrl Pts',(69.8959532299551,14.6549611844539,4.01451845339506));
#3588=CARTESIAN_POINT('Origin',(70.8752583116566,14.8573508011683,4.01451845339506));
#3589=CARTESIAN_POINT('Ctrl Pts',(71.595563848065,14.4629350755987,5.29810512328054));
#3590=CARTESIAN_POINT('Ctrl Pts',(71.4897086801601,14.4199440916205,5.29812290452257));
#3591=CARTESIAN_POINT('Ctrl Pts',(71.275993556787,14.3354217580139,5.30069895691656));
#3592=CARTESIAN_POINT('Ctrl Pts',(70.9302067430401,14.2149120683252,5.3150414556002));
#3593=CARTESIAN_POINT('Ctrl Pts',(70.5419816380924,14.1106275085484,5.34960525026968));
#3594=CARTESIAN_POINT('Ctrl Pts',(70.1078255260406,14.0424636460744,5.42264202086032));
#3595=CARTESIAN_POINT('Ctrl Pts',(70.0101103680371,14.0637153983649,5.46477275013356));
#3596=CARTESIAN_POINT('Ctrl Pts',(70.0053866736082,14.089856536141,5.48755301876661));
#3597=CARTESIAN_POINT('Ctrl Pts',(71.5276965549932,14.4199713117479,5.30694905431466));
#3598=CARTESIAN_POINT('Ctrl Pts',(71.4257414934512,14.3806034885227,5.30722326750614));
#3599=CARTESIAN_POINT('Ctrl Pts',(71.2189655233537,14.3020573695839,5.31112267975777));
#3600=CARTESIAN_POINT('Ctrl Pts',(70.8834340664768,14.1877048034696,5.33056184366172));
#3601=CARTESIAN_POINT('Ctrl Pts',(70.5068380862099,14.0849120967056,5.37484964815081));
#3602=CARTESIAN_POINT('Ctrl Pts',(70.1012348929172,14.0100311317302,5.45941719713007));
#3603=CARTESIAN_POINT('Ctrl Pts',(70.0193396586758,14.0121571460101,5.51603568776562));
#3604=CARTESIAN_POINT('Ctrl Pts',(70.0186082088053,14.0166879647179,5.55428786581752));
#3605=CARTESIAN_POINT('Ctrl Pts',(71.3929285602265,14.3335527002551,5.32026739501713));
#3606=CARTESIAN_POINT('Ctrl Pts',(71.297725117032,14.2996464563302,5.32243650338755));
#3607=CARTESIAN_POINT('Ctrl Pts',(71.1033417478251,14.2302208902668,5.33105196865121));
#3608=CARTESIAN_POINT('Ctrl Pts',(70.787586969114,14.1238614984529,5.36263698273664));
#3609=CARTESIAN_POINT('Ctrl Pts',(70.4367463313263,14.0193681177062,5.42625633398969));
#3610=CARTESIAN_POINT('Ctrl Pts',(70.0928494495945,13.9280741979073,5.5303344525173));
#3611=CARTESIAN_POINT('Ctrl Pts',(70.0406857547997,13.8912892821666,5.61355062674529));
#3612=CARTESIAN_POINT('Ctrl Pts',(70.0464412798832,13.8584721587071,5.67734038094957));
#3613=CARTESIAN_POINT('Ctrl Pts',(71.1808222294228,14.1838219396979,5.33239400451253));
#3614=CARTESIAN_POINT('Ctrl Pts',(71.0942999969909,14.1536432369954,5.33947342690954));
#3615=CARTESIAN_POINT('Ctrl Pts',(70.9172847524371,14.0898771494904,5.35874721966923));
#3616=CARTESIAN_POINT('Ctrl Pts',(70.6351175592203,13.9840275236373,5.41099406756464));
#3617=CARTESIAN_POINT('Ctrl Pts',(70.3385718556691,13.8694582521783,5.49794750775537));
#3618=CARTESIAN_POINT('Ctrl Pts',(70.0960569465701,13.7530095108282,5.6209887354274));
#3619=CARTESIAN_POINT('Ctrl Pts',(70.0782754114572,13.6671141715575,5.73534874102894));
#3620=CARTESIAN_POINT('Ctrl Pts',(70.0888081840356,13.6011991949424,5.81896884668791));
#3621=CARTESIAN_POINT('Ctrl Pts',(70.9465821780861,13.984227096691,5.33571453203145));
#3622=CARTESIAN_POINT('Ctrl Pts',(70.8695632834644,13.9542871858068,5.34869850668227));
#3623=CARTESIAN_POINT('Ctrl Pts',(70.7137128703655,13.8892061852452,5.38027451757742));
#3624=CARTESIAN_POINT('Ctrl Pts',(70.4794121438686,13.7757737813932,5.45211212572872));
#3625=CARTESIAN_POINT('Ctrl Pts',(70.2595714224562,13.6500143423367,5.55574974746291));
#3626=CARTESIAN_POINT('Ctrl Pts',(70.1188407362564,13.512512565405,5.69640893595365));
#3627=CARTESIAN_POINT('Ctrl Pts',(70.1201744407357,13.3985023295938,5.83229095350766));
#3628=CARTESIAN_POINT('Ctrl Pts',(70.1310058455793,13.3242405059348,5.91972285776427));
#3629=CARTESIAN_POINT('Ctrl Pts',(70.6826829331966,13.6797975642117,5.32409658963318));
#3630=CARTESIAN_POINT('Ctrl Pts',(70.6215421327987,13.6465439580091,5.34368470306406));
#3631=CARTESIAN_POINT('Ctrl Pts',(70.5041053982743,13.5756873430661,5.3888007921227));
#3632=CARTESIAN_POINT('Ctrl Pts',(70.3468729659859,13.4616516496875,5.48026699116752));
#3633=CARTESIAN_POINT('Ctrl Pts',(70.220648456447,13.3435460372339,5.60156747495467));
#3634=CARTESIAN_POINT('Ctrl Pts',(70.1589383855402,13.2172560664534,5.7600315008023));
#3635=CARTESIAN_POINT('Ctrl Pts',(70.1608385687805,13.114262123262,5.89839165506756));
#3636=CARTESIAN_POINT('Ctrl Pts',(70.1688859609653,13.0535391536029,5.97725291336536));
#3637=CARTESIAN_POINT('Ctrl Pts',(70.4681332100586,13.1821437347755,5.29880032368014));
#3638=CARTESIAN_POINT('Ctrl Pts',(70.4369295630152,13.1583568963154,5.32711867449561));
#3639=CARTESIAN_POINT('Ctrl Pts',(70.3770885838528,13.1111920383963,5.38967215854886));
#3640=CARTESIAN_POINT('Ctrl Pts',(70.2975098317784,13.0411542778615,5.50483585928622));
#3641=CARTESIAN_POINT('Ctrl Pts',(70.2375043920966,12.9681665280266,5.6440030270559));
#3642=CARTESIAN_POINT('Ctrl Pts',(70.2052914896255,12.8854956820695,5.80758612612645));
#3643=CARTESIAN_POINT('Ctrl Pts',(70.199308737441,12.8179503146868,5.93332813662609));
#3644=CARTESIAN_POINT('Ctrl Pts',(70.2034129638756,12.7832966499516,5.99951755663227));
#3645=CARTESIAN_POINT('Ctrl Pts',(70.4983758044344,12.7883808485896,5.29289321881306));
#3646=CARTESIAN_POINT('Ctrl Pts',(70.465841719214,12.7777103170519,5.32640591200519));
#3647=CARTESIAN_POINT('Ctrl Pts',(70.4041038977625,12.7562731718159,5.39957404603123));
#3648=CARTESIAN_POINT('Ctrl Pts',(70.3256889548393,12.7231779416521,5.52731998050282));
#3649=CARTESIAN_POINT('Ctrl Pts',(70.2657957308181,12.6886759965197,5.67163306566134));
#3650=CARTESIAN_POINT('Ctrl Pts',(70.2285553653253,12.6532024683218,5.83003481960806));
#3651=CARTESIAN_POINT('Ctrl Pts',(70.2212944050042,12.6297265224148,5.94267435010357));
#3652=CARTESIAN_POINT('Ctrl Pts',(70.2225853499965,12.6180964154826,5.99999999999921));
#3653=CARTESIAN_POINT('Ctrl Pts',(70.5226455591851,12.569734938299,5.29289321881306));
#3654=CARTESIAN_POINT('Ctrl Pts',(70.4858475360063,12.5656503478456,5.32991724329765));
#3655=CARTESIAN_POINT('Ctrl Pts',(70.418044036878,12.5581241412365,5.40979254356987));
#3656=CARTESIAN_POINT('Ctrl Pts',(70.3362191125433,12.5490415526646,5.54413871880079));
#3657=CARTESIAN_POINT('Ctrl Pts',(70.2762897527307,12.5423893776339,5.68970958278558));
#3658=CARTESIAN_POINT('Ctrl Pts',(70.2397314994017,12.5383314016981,5.84292098380264));
#3659=CARTESIAN_POINT('Ctrl Pts',(70.2315402132689,12.537422166738,5.94764012243938));
#3660=CARTESIAN_POINT('Ctrl Pts',(70.2315402132689,12.537422166738,5.99999999999921));
#3661=CARTESIAN_POINT('',(70.5226455591851,12.569734938299,5.29289321881306));
#3662=CARTESIAN_POINT('Ctrl Pts',(71.595563848065,14.4629350755987,5.29810512328054));
#3663=CARTESIAN_POINT('Ctrl Pts',(71.5276965549932,14.4199713117479,5.30694905431466));
#3664=CARTESIAN_POINT('Ctrl Pts',(71.3929285602265,14.3335527002551,5.32026739501713));
#3665=CARTESIAN_POINT('Ctrl Pts',(71.1808222294228,14.1838219396979,5.33239400451253));
#3666=CARTESIAN_POINT('Ctrl Pts',(70.9465821780861,13.984227096691,5.33571453203145));
#3667=CARTESIAN_POINT('Ctrl Pts',(70.6826829331966,13.6797975642117,5.32409658963318));
#3668=CARTESIAN_POINT('Ctrl Pts',(70.4681332100586,13.1821437347755,5.29880032368014));
#3669=CARTESIAN_POINT('Ctrl Pts',(70.4983758044344,12.7883808485896,5.29289321881306));
#3670=CARTESIAN_POINT('Ctrl Pts',(70.5226455591851,12.569734938299,5.29289321881306));
#3671=CARTESIAN_POINT('',(70.2315402132689,12.537422166738,5.99999999999921));
#3672=CARTESIAN_POINT('Origin',(71.2254360333751,12.6477448696396,5.99999999999921));
#3673=CARTESIAN_POINT('Ctrl Pts',(70.2315402132689,12.537422166738,5.99999999999921));
#3674=CARTESIAN_POINT('Ctrl Pts',(70.229588544558,12.5550047252047,5.99999999999921));
#3675=CARTESIAN_POINT('Ctrl Pts',(70.2276161576087,12.5725897052601,5.99999946220281));
#3676=CARTESIAN_POINT('Ctrl Pts',(70.2256102934275,12.5902871125275,5.99995259397772));
#3677=CARTESIAN_POINT('Ctrl Pts',(70.2234998072617,12.6089075822272,5.99990328119692));
#3678=CARTESIAN_POINT('Ctrl Pts',(70.2213522566784,12.6276522201748,5.99980268779844));
#3679=CARTESIAN_POINT('Ctrl Pts',(70.219158601472,12.6465893957416,5.9996045661198));
#3680=CARTESIAN_POINT('Ctrl Pts',(70.2168113359234,12.6668526438898,5.99939257100343));
#3681=CARTESIAN_POINT('Ctrl Pts',(70.2144112860863,12.6873359338699,5.99906891751168));
#3682=CARTESIAN_POINT('Ctrl Pts',(70.2119539229323,12.70806154028,5.99858477421328));
#3683=CARTESIAN_POINT('Ctrl Pts',(70.2092354263411,12.7309895679443,5.99804918308414));
#3684=CARTESIAN_POINT('Ctrl Pts',(70.2064468066095,12.754213491341,5.99731717714056));
#3685=CARTESIAN_POINT('Ctrl Pts',(70.2035896158596,12.7776985411214,5.99633197510706));
#3686=CARTESIAN_POINT('Ctrl Pts',(70.2000055776906,12.8071580074929,5.99509614523035));
#3687=CARTESIAN_POINT('Ctrl Pts',(70.1963136959514,12.8370267408546,5.99346175480396));
#3688=CARTESIAN_POINT('Ctrl Pts',(70.1925286611484,12.867153048953,5.99133262734279));
#3689=CARTESIAN_POINT('Ctrl Pts',(70.1890403775693,12.8949174187172,5.98937042600322));
#3690=CARTESIAN_POINT('Ctrl Pts',(70.1854735734217,12.92289588343,5.98698852974604));
#3691=CARTESIAN_POINT('Ctrl Pts',(70.181842465125,12.9509630727835,5.98411953932438));
#3692=CARTESIAN_POINT('Ctrl Pts',(70.1786736433682,12.9754569498616,5.98161580808713));
#3693=CARTESIAN_POINT('Ctrl Pts',(70.1754561332084,13.0000166864314,5.97874136862927));
#3694=CARTESIAN_POINT('Ctrl Pts',(70.1721960421915,13.0245922049693,5.97545291530857));
#3695=CARTESIAN_POINT('Ctrl Pts',(70.1692637899928,13.0466963787155,5.97249515295474));
#3696=CARTESIAN_POINT('Ctrl Pts',(70.1662972220361,13.068812708019,5.96920256319949));
#3697=CARTESIAN_POINT('Ctrl Pts',(70.1632953075588,13.0909475740338,5.96554273871176));
#3698=CARTESIAN_POINT('Ctrl Pts',(70.1599340336594,13.1157322066283,5.96144479634208));
#3699=CARTESIAN_POINT('Ctrl Pts',(70.1565277095031,13.1405459353428,5.95688521459723));
#3700=CARTESIAN_POINT('Ctrl Pts',(70.1530673683295,13.1654493462077,5.95182058999013));
#3701=CARTESIAN_POINT('Ctrl Pts',(70.1495921650562,13.1904597167496,5.94673421291646));
#3702=CARTESIAN_POINT('Ctrl Pts',(70.146062364952,13.2155609117963,5.94113853508367));
#3703=CARTESIAN_POINT('Ctrl Pts',(70.1424764465438,13.2407566630919,5.93500933012438));
#3704=CARTESIAN_POINT('Ctrl Pts',(70.1385317597967,13.2684732296465,5.92826690299101));
#3705=CARTESIAN_POINT('Ctrl Pts',(70.1345191731186,13.2963036074216,5.92087900706973));
#3706=CARTESIAN_POINT('Ctrl Pts',(70.1304460578729,13.3241895123957,5.91283474650467));
#3707=CARTESIAN_POINT('Ctrl Pts',(70.1253072667088,13.3593713900093,5.90268581316525));
#3708=CARTESIAN_POINT('Ctrl Pts',(70.12007209658,13.3946404751719,5.89149232616531));
#3709=CARTESIAN_POINT('Ctrl Pts',(70.1147707017053,13.4297938259507,5.879263423446));
#3710=CARTESIAN_POINT('Ctrl Pts',(70.109647436274,13.4637660070649,5.86744541779919));
#3711=CARTESIAN_POINT('Ctrl Pts',(70.1044631027878,13.4976249280113,5.85466202759116));
#3712=CARTESIAN_POINT('Ctrl Pts',(70.0992506411186,13.5311733390377,5.84093040232143));
#3713=CARTESIAN_POINT('Ctrl Pts',(70.0950098776683,13.5584677124683,5.82975860322708));
#3714=CARTESIAN_POINT('Ctrl Pts',(70.0907508077185,13.5855552085858,5.81795965334456));
#3715=CARTESIAN_POINT('Ctrl Pts',(70.0864885138349,13.6123565762552,5.80553665302217));
#3716=CARTESIAN_POINT('Ctrl Pts',(70.0824201336861,13.6379386114607,5.79367883906562));
#3717=CARTESIAN_POINT('Ctrl Pts',(70.0783490522984,13.6632588536013,5.78125282288965));
#3718=CARTESIAN_POINT('Ctrl Pts',(70.0742820931946,13.6882919887157,5.76824948582309));
#3719=CARTESIAN_POINT('Ctrl Pts',(70.0696107301805,13.7170453787835,5.75331368089294));
#3720=CARTESIAN_POINT('Ctrl Pts',(70.0649439592643,13.745425643372,5.73761295571226));
#3721=CARTESIAN_POINT('Ctrl Pts',(70.0602816519953,13.7734582937903,5.72112218017642));
#3722=CARTESIAN_POINT('Ctrl Pts',(70.0559090276268,13.7997491929656,5.70565602515841));
#3723=CARTESIAN_POINT('Ctrl Pts',(70.0515402762845,13.8257342986685,5.68949540442833));
#3724=CARTESIAN_POINT('Ctrl Pts',(70.0471828641667,13.8513887831921,5.67265553299201));
#3725=CARTESIAN_POINT('Ctrl Pts',(70.0421304952666,13.881134860967,5.65312989703537));
#3726=CARTESIAN_POINT('Ctrl Pts',(70.0370933468898,13.910436105764,5.63269128617823));
#3727=CARTESIAN_POINT('Ctrl Pts',(70.0320935891022,13.9391971182801,5.61140656487401));
#3728=CARTESIAN_POINT('Ctrl Pts',(70.0248049805696,13.9811247016013,5.58037786150505));
#3729=CARTESIAN_POINT('Ctrl Pts',(70.0175958633005,14.0219017192655,5.54755260739635));
#3730=CARTESIAN_POINT('Ctrl Pts',(70.0105591375222,14.0611277155179,5.51322071608547));
#3731=CARTESIAN_POINT('Ctrl Pts',(70.0088239591655,14.0708004101572,5.50475485332179));
#3732=CARTESIAN_POINT('Ctrl Pts',(70.0070993241839,14.0803786506986,5.49619751220232));
#3733=CARTESIAN_POINT('Ctrl Pts',(70.0053866736082,14.089856536141,5.48755301876661));
#3734=CARTESIAN_POINT('Ctrl Pts',(71.595563848065,14.4629350755987,5.29810512328054));
#3735=CARTESIAN_POINT('Ctrl Pts',(71.5276965549932,14.4199713117479,5.30694905431466));
#3736=CARTESIAN_POINT('Ctrl Pts',(71.3929285602265,14.3335527002551,5.32026739501713));
#3737=CARTESIAN_POINT('Ctrl Pts',(71.1808222294228,14.1838219396979,5.33239400451253));
#3738=CARTESIAN_POINT('Ctrl Pts',(70.9465821780861,13.984227096691,5.33571453203145));
#3739=CARTESIAN_POINT('Ctrl Pts',(70.6826829331966,13.6797975642117,5.32409658963318));
#3740=CARTESIAN_POINT('Ctrl Pts',(70.4681332100586,13.1821437347755,5.29880032368014));
#3741=CARTESIAN_POINT('Ctrl Pts',(70.4983758044344,12.7883808485896,5.29289321881306));
#3742=CARTESIAN_POINT('Ctrl Pts',(70.5226455591851,12.569734938299,5.29289321881306));
#3743=CARTESIAN_POINT('Ctrl Pts',(71.5862444004055,14.4330141345428,5.31309599069428));
#3744=CARTESIAN_POINT('Ctrl Pts',(71.521408423787,14.3901186388257,5.31827772055637));
#3745=CARTESIAN_POINT('Ctrl Pts',(71.3912157886466,14.3027407191012,5.32527800838531));
#3746=CARTESIAN_POINT('Ctrl Pts',(71.1831743535526,14.149065561102,5.3281911564691));
#3747=CARTESIAN_POINT('Ctrl Pts',(70.9519875619656,13.9433334374457,5.32149653235393));
#3748=CARTESIAN_POINT('Ctrl Pts',(70.6939585165996,13.6329344766823,5.29991173932181));
#3749=CARTESIAN_POINT('Ctrl Pts',(70.4983715424047,13.1479951425179,5.26906531509067));
#3750=CARTESIAN_POINT('Ctrl Pts',(70.5331980640764,12.7784372460146,5.25938052562092));
#3751=CARTESIAN_POINT('Ctrl Pts',(70.5594435823639,12.5738195287525,5.25586919432846));
#3752=CARTESIAN_POINT('Ctrl Pts',(71.5722214160405,14.3584173745443,5.32773667472556));
#3753=CARTESIAN_POINT('Ctrl Pts',(71.5116888018529,14.3161465733152,5.32622124418453));
#3754=CARTESIAN_POINT('Ctrl Pts',(71.3879581536319,14.2280907228262,5.32113204585196));
#3755=CARTESIAN_POINT('Ctrl Pts',(71.1857660734769,14.0680678836526,5.30644290975134));
#3756=CARTESIAN_POINT('Ctrl Pts',(70.9601070241299,13.8510837806347,5.2824562519259));
#3757=CARTESIAN_POINT('Ctrl Pts',(70.7179612407166,13.5349388320214,5.24613055667022));
#3758=CARTESIAN_POINT('Ctrl Pts',(70.563993969267,13.0833185989291,5.21014869067708));
#3759=CARTESIAN_POINT('Ctrl Pts',(70.6087886092273,12.7606621844241,5.19565455913305));
#3760=CARTESIAN_POINT('Ctrl Pts',(70.6388313094342,12.5826315877736,5.18764926850079));
#3761=CARTESIAN_POINT('Ctrl Pts',(71.5604358123659,14.2028159199835,5.29341871162509));
#3762=CARTESIAN_POINT('Ctrl Pts',(71.5024808415635,14.1620036601219,5.28490680280098));
#3763=CARTESIAN_POINT('Ctrl Pts',(71.3825619287553,14.0735071253184,5.26690192200389));
#3764=CARTESIAN_POINT('Ctrl Pts',(71.1859736207021,13.9057380053422,5.23505965696897));
#3765=CARTESIAN_POINT('Ctrl Pts',(70.9731684766751,13.6829221679449,5.19751370205423));
#3766=CARTESIAN_POINT('Ctrl Pts',(70.7724387488127,13.3789545708796,5.15817860635576));
#3767=CARTESIAN_POINT('Ctrl Pts',(70.6843291109185,12.9991970813763,5.1282293020598));
#3768=CARTESIAN_POINT('Ctrl Pts',(70.7396252690063,12.7398860908465,5.11406711988301));
#3769=CARTESIAN_POINT('Ctrl Pts',(70.7723574114437,12.5974530209496,5.10532180250343));
#3770=CARTESIAN_POINT('Ctrl Pts',(71.5561423748223,13.9933457492306,5.19621342491683));
#3771=CARTESIAN_POINT('Ctrl Pts',(71.4981325476979,13.9538167358147,5.18484940483101));
#3772=CARTESIAN_POINT('Ctrl Pts',(71.3786155519483,13.8664458691785,5.16209847277023));
#3773=CARTESIAN_POINT('Ctrl Pts',(71.1893710129617,13.7014094251092,5.12868894354754));
#3774=CARTESIAN_POINT('Ctrl Pts',(71.0023207875752,13.4901476643701,5.0984056614126));
#3775=CARTESIAN_POINT('Ctrl Pts',(70.8611352586073,13.2253738149548,5.0751043525727));
#3776=CARTESIAN_POINT('Ctrl Pts',(70.8326033531626,12.930331130346,5.05996778460654));
#3777=CARTESIAN_POINT('Ctrl Pts',(70.8865777889891,12.7240923316243,5.05073314703338));
#3778=CARTESIAN_POINT('Ctrl Pts',(70.9170396846874,12.6135127921281,5.04502437635461));
#3779=CARTESIAN_POINT('Ctrl Pts',(71.5606254190222,13.7331068177521,5.04326328854195));
#3780=CARTESIAN_POINT('Ctrl Pts',(71.5018611877488,13.7012601423447,5.03887626287012));
#3781=CARTESIAN_POINT('Ctrl Pts',(71.3837289124649,13.6277229403259,5.03130587266518));
#3782=CARTESIAN_POINT('Ctrl Pts',(71.2148170840081,13.4835662565984,5.02339647868664));
#3783=CARTESIAN_POINT('Ctrl Pts',(71.0777771790436,13.3036757314137,5.0186204562735));
#3784=CARTESIAN_POINT('Ctrl Pts',(71.0048096635496,13.0959411903716,5.01590794276706));
#3785=CARTESIAN_POINT('Ctrl Pts',(71.0082558697357,12.8723796432238,5.01318390775921));
#3786=CARTESIAN_POINT('Ctrl Pts',(71.047300728913,12.7119452014004,5.00980656791869));
#3787=CARTESIAN_POINT('Ctrl Pts',(71.0693158557509,12.6304154880037,5.00824159430701));
#3788=CARTESIAN_POINT('Ctrl Pts',(71.5707027751986,13.6189430541411,5.));
#3789=CARTESIAN_POINT('Ctrl Pts',(71.5174730221145,13.5852798579172,5.));
#3790=CARTESIAN_POINT('Ctrl Pts',(71.4138053601885,13.5073854513583,5.));
#3791=CARTESIAN_POINT('Ctrl Pts',(71.2815758356724,13.3625671156192,5.));
#3792=CARTESIAN_POINT('Ctrl Pts',(71.1867864687101,13.1960827788789,5.));
#3793=CARTESIAN_POINT('Ctrl Pts',(71.139140428391,13.0167323849786,5.));
#3794=CARTESIAN_POINT('Ctrl Pts',(71.1386567304321,12.8310328421457,5.));
#3795=CARTESIAN_POINT('Ctrl Pts',(71.1613597465307,12.7053894305472,5.));
#3796=CARTESIAN_POINT('Ctrl Pts',(71.1733957699271,12.6419683864236,5.));
#3797=CARTESIAN_POINT('Ctrl Pts',(71.5765897589063,13.5583952486557,5.));
#3798=CARTESIAN_POINT('Ctrl Pts',(71.533482138394,13.5201988163278,5.));
#3799=CARTESIAN_POINT('Ctrl Pts',(71.4481886512214,13.4353910841239,5.));
#3800=CARTESIAN_POINT('Ctrl Pts',(71.337875974011,13.2904311365087,5.));
#3801=CARTESIAN_POINT('Ctrl Pts',(71.2574667647296,13.1343926790652,5.));
#3802=CARTESIAN_POINT('Ctrl Pts',(71.2142900570833,12.9735346328428,5.));
#3803=CARTESIAN_POINT('Ctrl Pts',(71.2073680960619,12.8109430238409,5.));
#3804=CARTESIAN_POINT('Ctrl Pts',(71.2193705738134,12.7023885172915,5.));
#3805=CARTESIAN_POINT('Ctrl Pts',(71.2254360333751,12.6477448696396,5.));
#3806=CARTESIAN_POINT('',(71.5765897589063,13.5583952486557,5.));
#3807=CARTESIAN_POINT('Ctrl Pts',(71.595563848065,14.4629350755987,5.29810512328054));
#3808=CARTESIAN_POINT('Ctrl Pts',(71.5862444004055,14.4330141345428,5.31309599069428));
#3809=CARTESIAN_POINT('Ctrl Pts',(71.5722214160405,14.3584173745443,5.32773667472556));
#3810=CARTESIAN_POINT('Ctrl Pts',(71.5604358123659,14.2028159199835,5.29341871162509));
#3811=CARTESIAN_POINT('Ctrl Pts',(71.5561423748223,13.9933457492306,5.19621342491683));
#3812=CARTESIAN_POINT('Ctrl Pts',(71.5606254190222,13.7331068177521,5.04326328854195));
#3813=CARTESIAN_POINT('Ctrl Pts',(71.5707027751986,13.6189430541411,5.));
#3814=CARTESIAN_POINT('Ctrl Pts',(71.5765897589063,13.5583952486557,5.));
#3815=CARTESIAN_POINT('',(71.2254360333751,12.6477448696396,5.));
#3816=CARTESIAN_POINT('Ctrl Pts',(71.5765897589063,13.5583952486557,5.));
#3817=CARTESIAN_POINT('Ctrl Pts',(71.5508256259232,13.5355663856778,5.));
#3818=CARTESIAN_POINT('Ctrl Pts',(71.5252203530755,13.5112238802321,5.));
#3819=CARTESIAN_POINT('Ctrl Pts',(71.500315744172,13.4856565295096,5.));
#3820=CARTESIAN_POINT('Ctrl Pts',(71.4766421769302,13.4613529799591,5.));
#3821=CARTESIAN_POINT('Ctrl Pts',(71.4536032388029,13.435943380562,5.));
#3822=CARTESIAN_POINT('Ctrl Pts',(71.4316246776457,13.409636025128,5.));
#3823=CARTESIAN_POINT('Ctrl Pts',(71.4103283955546,13.3841453272434,5.));
#3824=CARTESIAN_POINT('Ctrl Pts',(71.3900280352945,13.3578093272096,5.));
#3825=CARTESIAN_POINT('Ctrl Pts',(71.3710680415458,13.330816596802,5.));
#3826=CARTESIAN_POINT('Ctrl Pts',(71.3538929064542,13.3063649119868,5.));
#3827=CARTESIAN_POINT('Ctrl Pts',(71.3378181250406,13.281375056101,5.));
#3828=CARTESIAN_POINT('Ctrl Pts',(71.3230550541425,13.2559850880903,5.));
#3829=CARTESIAN_POINT('Ctrl Pts',(71.3090480373189,13.2318954043426,5.));
#3830=CARTESIAN_POINT('Ctrl Pts',(71.2962222680534,13.2074460003776,5.));
#3831=CARTESIAN_POINT('Ctrl Pts',(71.2847093879272,13.1827447421275,5.));
#3832=CARTESIAN_POINT('Ctrl Pts',(71.2741931109162,13.1601817282308,5.));
#3833=CARTESIAN_POINT('Ctrl Pts',(71.2647721735339,13.1374087474828,5.));
#3834=CARTESIAN_POINT('Ctrl Pts',(71.2565033184593,13.1144953722148,5.));
#3835=CARTESIAN_POINT('Ctrl Pts',(71.2485202753016,13.0923739948288,5.));
#3836=CARTESIAN_POINT('Ctrl Pts',(71.2416112475144,13.0701219566596,5.));
#3837=CARTESIAN_POINT('Ctrl Pts',(71.2357834512893,13.0477868314789,5.));
#3838=CARTESIAN_POINT('Ctrl Pts',(71.2300461053805,13.0257983586274,5.));
#3839=CARTESIAN_POINT('Ctrl Pts',(71.2253569796115,13.0037295674128,5.));
#3840=CARTESIAN_POINT('Ctrl Pts',(71.2216759296078,12.9816079999484,5.));
#3841=CARTESIAN_POINT('Ctrl Pts',(71.2179329377683,12.9591141880154,5.));
#3842=CARTESIAN_POINT('Ctrl Pts',(71.2152322180539,12.9365642485334,5.));
#3843=CARTESIAN_POINT('Ctrl Pts',(71.2134790303058,12.9139751438567,5.));
#3844=CARTESIAN_POINT('Ctrl Pts',(71.2117642712283,12.8918811768311,5.));
#3845=CARTESIAN_POINT('Ctrl Pts',(71.2109558586105,12.8697489590036,5.));
#3846=CARTESIAN_POINT('Ctrl Pts',(71.210916460144,12.8475997548324,5.));
#3847=CARTESIAN_POINT('Ctrl Pts',(71.2108846431139,12.8297127160542,5.));
#3848=CARTESIAN_POINT('Ctrl Pts',(71.2113539098879,12.8118159759045,5.));
#3849=CARTESIAN_POINT('Ctrl Pts',(71.2122269395873,12.7939235696808,5.));
#3850=CARTESIAN_POINT('Ctrl Pts',(71.21323695455,12.7732237034349,5.));
#3851=CARTESIAN_POINT('Ctrl Pts',(71.2147882221631,12.7525291957896,5.));
#3852=CARTESIAN_POINT('Ctrl Pts',(71.2166676900509,12.7317928731967,5.));
#3853=CARTESIAN_POINT('Ctrl Pts',(71.2181071121613,12.7159116115799,5.));
#3854=CARTESIAN_POINT('Ctrl Pts',(71.219737090182,12.7000023984904,5.));
#3855=CARTESIAN_POINT('Ctrl Pts',(71.2214487929908,12.6840585214915,5.));
#3856=CARTESIAN_POINT('Ctrl Pts',(71.2227468150164,12.6719679276035,5.));
#3857=CARTESIAN_POINT('Ctrl Pts',(71.2240915348009,12.6598574401063,5.));
#3858=CARTESIAN_POINT('Ctrl Pts',(71.2254360333751,12.6477448696396,5.));
#3859=CARTESIAN_POINT('Origin',(71.2254360333751,12.6477448696396,5.99999999999921));
#3860=CARTESIAN_POINT('Ctrl Pts',(71.6233772446315,6.52482569989797,5.29022247045126));
#3861=CARTESIAN_POINT('Ctrl Pts',(71.5835936743379,6.55000256290292,5.29570353808242));
#3862=CARTESIAN_POINT('Ctrl Pts',(71.5043758132657,6.60045375571986,5.30508580817612));
#3863=CARTESIAN_POINT('Ctrl Pts',(71.3839496074869,6.68006150229682,5.3157771833367));
#3864=CARTESIAN_POINT('Ctrl Pts',(71.2592731753242,6.76822793373075,5.32366455074807));
#3865=CARTESIAN_POINT('Ctrl Pts',(71.1276856414569,6.87135611260211,5.32862785549811));
#3866=CARTESIAN_POINT('Ctrl Pts',(70.9870672870882,6.9988360894287,5.32996730140444));
#3867=CARTESIAN_POINT('Ctrl Pts',(70.8380086327949,7.1637427874841,5.32633844748497));
#3868=CARTESIAN_POINT('Ctrl Pts',(70.6902926827933,7.38175651755063,5.31682864858767));
#3869=CARTESIAN_POINT('Ctrl Pts',(70.5740333059324,7.66366738438849,5.3038003975889));
#3870=CARTESIAN_POINT('Ctrl Pts',(70.533793278816,7.99545109062079,5.29533930130742));
#3871=CARTESIAN_POINT('Ctrl Pts',(70.5574872283001,8.22743189594969,5.29289321881345));
#3872=CARTESIAN_POINT('Ctrl Pts',(70.5700881615584,8.35455182995901,5.29289321881345));
#3873=CARTESIAN_POINT('Ctrl Pts',(71.4939641672388,6.57632767968973,5.29000323428247));
#3874=CARTESIAN_POINT('Ctrl Pts',(71.4570338973688,6.59876583547909,5.29572936949704));
#3875=CARTESIAN_POINT('Ctrl Pts',(71.3830470474804,6.64454259094869,5.3062265379613));
#3876=CARTESIAN_POINT('Ctrl Pts',(71.2695324837943,6.71924909651804,5.31982382276575));
#3877=CARTESIAN_POINT('Ctrl Pts',(71.151296931714,6.80437854208699,5.33141452233786));
#3878=CARTESIAN_POINT('Ctrl Pts',(71.0262697211693,6.90621853791509,5.34059691816828));
#3879=CARTESIAN_POINT('Ctrl Pts',(70.8933332525697,7.03403631889052,5.34651564306778));
#3880=CARTESIAN_POINT('Ctrl Pts',(70.7548641464241,7.20013568523522,5.34779789098755));
#3881=CARTESIAN_POINT('Ctrl Pts',(70.6226693659303,7.41793597258034,5.34372464288884));
#3882=CARTESIAN_POINT('Ctrl Pts',(70.5253080666891,7.69377215235458,5.33692381861952));
#3883=CARTESIAN_POINT('Ctrl Pts',(70.495409383888,8.0122948724439,5.3348583296154));
#3884=CARTESIAN_POINT('Ctrl Pts',(70.5145171203003,8.23641372721606,5.33653975094991));
#3885=CARTESIAN_POINT('Ctrl Pts',(70.5240338434095,8.35911702576226,5.33917324941927));
#3886=CARTESIAN_POINT('Ctrl Pts',(71.2296246321847,6.67695755252693,5.2943870012541));
#3887=CARTESIAN_POINT('Ctrl Pts',(71.1978332213257,6.69508298408213,5.30128830218439));
#3888=CARTESIAN_POINT('Ctrl Pts',(71.1335604832173,6.73337745036897,5.3149551310468));
#3889=CARTESIAN_POINT('Ctrl Pts',(71.0335688348766,6.80030773144687,5.33517212677506));
#3890=CARTESIAN_POINT('Ctrl Pts',(70.9286473488548,6.88113790427911,5.3547459628466));
#3891=CARTESIAN_POINT('Ctrl Pts',(70.8182237872294,6.98214061558088,5.37287288224496));
#3892=CARTESIAN_POINT('Ctrl Pts',(70.7037780510249,7.11190859039593,5.38838904219468));
#3893=CARTESIAN_POINT('Ctrl Pts',(70.5911797760303,7.28048743849262,5.39981195390274));
#3894=CARTESIAN_POINT('Ctrl Pts',(70.4941076050684,7.49541782124521,5.40680044867924));
#3895=CARTESIAN_POINT('Ctrl Pts',(70.4336483730662,7.75496773050541,5.41251492633974));
#3896=CARTESIAN_POINT('Ctrl Pts',(70.4214940465359,8.04654643966942,5.42324328192835));
#3897=CARTESIAN_POINT('Ctrl Pts',(70.4353395609866,8.25431213510807,5.43325150320919));
#3898=CARTESIAN_POINT('Ctrl Pts',(70.4409983642076,8.36734802855226,5.44084829473309));
#3899=CARTESIAN_POINT('Ctrl Pts',(70.7991679177431,6.81373486455635,5.31786204045153));
#3900=CARTESIAN_POINT('Ctrl Pts',(70.773906527603,6.82814973202581,5.32993836944175));
#3901=CARTESIAN_POINT('Ctrl Pts',(70.7226290142935,6.86105649377429,5.35468694419468));
#3902=CARTESIAN_POINT('Ctrl Pts',(70.6440251407335,6.92544524206179,5.39253545659499));
#3903=CARTESIAN_POINT('Ctrl Pts',(70.5650639248203,7.00820970771409,5.42935025065816));
#3904=CARTESIAN_POINT('Ctrl Pts',(70.4883743889967,7.11430006859851,5.46336001397715));
#3905=CARTESIAN_POINT('Ctrl Pts',(70.4184368122741,7.24953317125153,5.49317723822356));
#3906=CARTESIAN_POINT('Ctrl Pts',(70.3619695892683,7.41817832520543,5.51827320462863));
#3907=CARTESIAN_POINT('Ctrl Pts',(70.3268373594702,7.61901514852239,5.53991911730665));
#3908=CARTESIAN_POINT('Ctrl Pts',(70.3178520627997,7.84916764033596,5.5616859218883));
#3909=CARTESIAN_POINT('Ctrl Pts',(70.3309503084335,8.10093261415082,5.58606557882313));
#3910=CARTESIAN_POINT('Ctrl Pts',(70.3437284159394,8.28162227068548,5.60358371513717));
#3911=CARTESIAN_POINT('Ctrl Pts',(70.3484461245255,8.37652239293679,5.61484969618764));
#3912=CARTESIAN_POINT('Ctrl Pts',(70.2406579589901,6.9186247928537,5.39842794952209));
#3913=CARTESIAN_POINT('Ctrl Pts',(70.2312087680469,6.93491074363724,5.41889109599352));
#3914=CARTESIAN_POINT('Ctrl Pts',(70.214027036542,6.97289666343338,5.45894632100035));
#3915=CARTESIAN_POINT('Ctrl Pts',(70.1944536925233,7.0473839329463,5.51467774787981));
#3916=CARTESIAN_POINT('Ctrl Pts',(70.1822492021116,7.14147822252804,5.56474284151803));
#3917=CARTESIAN_POINT('Ctrl Pts',(70.1789210911923,7.2591236329128,5.60967451053154));
#3918=CARTESIAN_POINT('Ctrl Pts',(70.1854110772632,7.40198357128067,5.65042073743473));
#3919=CARTESIAN_POINT('Ctrl Pts',(70.2013315730817,7.56802772503732,5.68773941316553));
#3920=CARTESIAN_POINT('Ctrl Pts',(70.2240751938813,7.75096205329511,5.72128429947042));
#3921=CARTESIAN_POINT('Ctrl Pts',(70.2504048615564,7.95203924801363,5.75177950695324));
#3922=CARTESIAN_POINT('Ctrl Pts',(70.2739137059278,8.16336321114412,5.77809966954309));
#3923=CARTESIAN_POINT('Ctrl Pts',(70.285715250033,8.3093948862902,5.79437807382543));
#3924=CARTESIAN_POINT('Ctrl Pts',(70.2914529367696,8.38217191880137,5.80365232632579));
#3925=CARTESIAN_POINT('Ctrl Pts',(70.0655297142644,6.90552115664185,5.45605120325236));
#3926=CARTESIAN_POINT('Ctrl Pts',(70.0705752548663,6.93206882507829,5.48473606497872));
#3927=CARTESIAN_POINT('Ctrl Pts',(70.0817986214273,6.99151671822527,5.54055231064914));
#3928=CARTESIAN_POINT('Ctrl Pts',(70.1014650322266,7.09889338086479,5.61793613933837));
#3929=CARTESIAN_POINT('Ctrl Pts',(70.1235181019135,7.22446731639307,5.68821671905364));
#3930=CARTESIAN_POINT('Ctrl Pts',(70.1474656826556,7.3682574560578,5.75162412823828));
#3931=CARTESIAN_POINT('Ctrl Pts',(70.1721441673335,7.52608278975707,5.80670857240302));
#3932=CARTESIAN_POINT('Ctrl Pts',(70.1963060114453,7.69184097551844,5.85147440862541));
#3933=CARTESIAN_POINT('Ctrl Pts',(70.2194287174817,7.8628541077027,5.88504160990646));
#3934=CARTESIAN_POINT('Ctrl Pts',(70.241344171562,8.03891180337301,5.90894008725242));
#3935=CARTESIAN_POINT('Ctrl Pts',(70.2612253554833,8.21339208217502,5.92391783377398));
#3936=CARTESIAN_POINT('Ctrl Pts',(70.2730462067659,8.32718004482172,5.93082582379836));
#3937=CARTESIAN_POINT('Ctrl Pts',(70.2786234130201,8.38344366248002,5.93455015305021));
#3938=CARTESIAN_POINT('Ctrl Pts',(70.0591917273934,6.87277752925078,5.48465583362464));
#3939=CARTESIAN_POINT('Ctrl Pts',(70.0673890415369,6.91512690696107,5.52497586878878));
#3940=CARTESIAN_POINT('Ctrl Pts',(70.0841669201531,7.0036887986857,5.60162977498357));
#3941=CARTESIAN_POINT('Ctrl Pts',(70.1096938136922,7.14524630919229,5.7019767109263));
#3942=CARTESIAN_POINT('Ctrl Pts',(70.13535129198,7.29546833548075,5.78756230040293));
#3943=CARTESIAN_POINT('Ctrl Pts',(70.1606784956448,7.45294540571087,5.85867199775534));
#3944=CARTESIAN_POINT('Ctrl Pts',(70.1848305524244,7.61327228007385,5.91445806114744));
#3945=CARTESIAN_POINT('Ctrl Pts',(70.207180920629,7.77217640860118,5.95451903352825));
#3946=CARTESIAN_POINT('Ctrl Pts',(70.2279375844946,7.93076143046459,5.9804761292079));
#3947=CARTESIAN_POINT('Ctrl Pts',(70.2468893339014,8.08702387132146,5.9948457277577));
#3948=CARTESIAN_POINT('Ctrl Pts',(70.2639049663468,8.23894789715914,5.99993662931427));
#3949=CARTESIAN_POINT('Ctrl Pts',(70.2738961874653,8.33575476609017,6.));
#3950=CARTESIAN_POINT('Ctrl Pts',(70.2786234130201,8.38344366248002,6.));
#3951=CARTESIAN_POINT('',(71.6233772446315,6.52482569989797,5.29022247045126));
#3952=CARTESIAN_POINT('',(70.5700881615584,8.35455182995901,5.29289321881346));
#3953=CARTESIAN_POINT('Ctrl Pts',(71.6233772446315,6.52482569989797,5.29022247045126));
#3954=CARTESIAN_POINT('Ctrl Pts',(71.5835936743379,6.55000256290292,5.29570353808242));
#3955=CARTESIAN_POINT('Ctrl Pts',(71.5043758132657,6.60045375571986,5.30508580817612));
#3956=CARTESIAN_POINT('Ctrl Pts',(71.3839496074869,6.68006150229682,5.3157771833367));
#3957=CARTESIAN_POINT('Ctrl Pts',(71.2592731753242,6.76822793373075,5.32366455074807));
#3958=CARTESIAN_POINT('Ctrl Pts',(71.1276856414569,6.87135611260211,5.32862785549811));
#3959=CARTESIAN_POINT('Ctrl Pts',(70.9870672870882,6.9988360894287,5.32996730140444));
#3960=CARTESIAN_POINT('Ctrl Pts',(70.8380086327949,7.1637427874841,5.32633844748497));
#3961=CARTESIAN_POINT('Ctrl Pts',(70.6902926827933,7.38175651755063,5.31682864858767));
#3962=CARTESIAN_POINT('Ctrl Pts',(70.5740333059324,7.66366738438849,5.3038003975889));
#3963=CARTESIAN_POINT('Ctrl Pts',(70.533793278816,7.99545109062079,5.29533930130742));
#3964=CARTESIAN_POINT('Ctrl Pts',(70.5574872283001,8.22743189594969,5.29289321881345));
#3965=CARTESIAN_POINT('Ctrl Pts',(70.5700881615584,8.35455182995901,5.29289321881345));
#3966=CARTESIAN_POINT('',(70.0591917273934,6.87277752925078,5.48465583362464));
#3967=CARTESIAN_POINT('Ctrl Pts',(71.6233772446315,6.52482569989797,5.29022247045126));
#3968=CARTESIAN_POINT('Ctrl Pts',(71.4939641672388,6.57632767968973,5.29000323428247));
#3969=CARTESIAN_POINT('Ctrl Pts',(71.2296246321847,6.67695755252693,5.2943870012541));
#3970=CARTESIAN_POINT('Ctrl Pts',(70.7991679177431,6.81373486455635,5.31786204045153));
#3971=CARTESIAN_POINT('Ctrl Pts',(70.2406579589901,6.9186247928537,5.39842794952209));
#3972=CARTESIAN_POINT('Ctrl Pts',(70.0655297142644,6.90552115664185,5.45605120325236));
#3973=CARTESIAN_POINT('Ctrl Pts',(70.0591917273934,6.87277752925078,5.48465583362464));
#3974=CARTESIAN_POINT('',(70.2786234130201,8.38344366248,6.));
#3975=CARTESIAN_POINT('Ctrl Pts',(70.0591917273934,6.87277752925079,5.48465583362465));
#3976=CARTESIAN_POINT('Ctrl Pts',(70.0643150487331,6.89924589031972,5.50985585560223));
#3977=CARTESIAN_POINT('Ctrl Pts',(70.0695134689831,6.92646776576091,5.5342777346563));
#3978=CARTESIAN_POINT('Ctrl Pts',(70.0747539554005,6.95432635133526,5.55781010820102));
#3979=CARTESIAN_POINT('Ctrl Pts',(70.0796669114168,6.98044377531121,5.5798717083992));
#3980=CARTESIAN_POINT('Ctrl Pts',(70.084616665947,7.00711955919633,5.60115036666122));
#3981=CARTESIAN_POINT('Ctrl Pts',(70.089583254523,7.0342880004738,5.6215848456574));
#3982=CARTESIAN_POINT('Ctrl Pts',(70.0939294496512,7.0580627394752,5.63946678447759));
#3983=CARTESIAN_POINT('Ctrl Pts',(70.0982885718753,7.08221458299087,5.65670215770468));
#3984=CARTESIAN_POINT('Ctrl Pts',(70.1026535656557,7.10673149722704,5.67328098322871));
#3985=CARTESIAN_POINT('Ctrl Pts',(70.1071396083412,7.13192830833686,5.69031956855505));
#3986=CARTESIAN_POINT('Ctrl Pts',(70.1116326822415,7.15751515443728,5.70666715110693));
#3987=CARTESIAN_POINT('Ctrl Pts',(70.1161293406003,7.18350350955873,5.72234343752358));
#3988=CARTESIAN_POINT('Ctrl Pts',(70.120798923017,7.2104912761245,5.73862257317697));
#3989=CARTESIAN_POINT('Ctrl Pts',(70.1254723502721,7.23791254181534,5.7541782694476));
#3990=CARTESIAN_POINT('Ctrl Pts',(70.1301351668639,7.2657173055233,5.76901108376074));
#3991=CARTESIAN_POINT('Ctrl Pts',(70.1353381955243,7.2967433987916,5.78556235839642));
#3992=CARTESIAN_POINT('Ctrl Pts',(70.1405276454194,7.32824580340802,5.80121294427224));
#3993=CARTESIAN_POINT('Ctrl Pts',(70.1456745419832,7.36008835137335,5.81594147614827));
#3994=CARTESIAN_POINT('Ctrl Pts',(70.1526193612954,7.40305419289008,5.83581500407853));
#3995=CARTESIAN_POINT('Ctrl Pts',(70.1594852501521,7.44663423386477,5.85400694051865));
#3996=CARTESIAN_POINT('Ctrl Pts',(70.1661999404137,7.49042016707574,5.87045127010281));
#3997=CARTESIAN_POINT('Ctrl Pts',(70.1709977649065,7.52170637904005,5.88220118025094));
#3998=CARTESIAN_POINT('Ctrl Pts',(70.1757183299327,7.55309514479549,5.8930582167186));
#3999=CARTESIAN_POINT('Ctrl Pts',(70.1803428226183,7.58446066138603,5.90301378240756));
#4000=CARTESIAN_POINT('Ctrl Pts',(70.1843919461868,7.61192375000901,5.91173069870699));
#4001=CARTESIAN_POINT('Ctrl Pts',(70.1883674283108,7.63936835527836,5.91975632335002));
#4002=CARTESIAN_POINT('Ctrl Pts',(70.192263524771,7.66674666263204,5.92710287894886));
#4003=CARTESIAN_POINT('Ctrl Pts',(70.1958665500247,7.69206552570554,5.9338968137552));
#4004=CARTESIAN_POINT('Ctrl Pts',(70.1994016997246,7.71732728169798,5.94010987171736));
#4005=CARTESIAN_POINT('Ctrl Pts',(70.2028705518907,7.74253470493105,5.94577029269529));
#4006=CARTESIAN_POINT('Ctrl Pts',(70.2066787197131,7.77020786407507,5.95198440387579));
#4007=CARTESIAN_POINT('Ctrl Pts',(70.2104070027639,7.79781482402242,5.95753187187966));
#4008=CARTESIAN_POINT('Ctrl Pts',(70.2140660435504,7.82542709457738,5.96248109678892));
#4009=CARTESIAN_POINT('Ctrl Pts',(70.2167622226582,7.84577330860868,5.96612795332296));
#4010=CARTESIAN_POINT('Ctrl Pts',(70.2194213154424,7.86612692630954,5.96945147596754));
#4011=CARTESIAN_POINT('Ctrl Pts',(70.2220410754315,7.88646902289898,5.97247465977829));
#4012=CARTESIAN_POINT('Ctrl Pts',(70.2266049349807,7.92190680046506,5.97774132022086));
#4013=CARTESIAN_POINT('Ctrl Pts',(70.2310480839446,7.95730352288626,5.98209519717995));
#4014=CARTESIAN_POINT('Ctrl Pts',(70.2353379788264,7.99236273327322,5.98563185779423));
#4015=CARTESIAN_POINT('Ctrl Pts',(70.2376597946628,8.01133779726164,5.98754600134511));
#4016=CARTESIAN_POINT('Ctrl Pts',(70.2399366300163,8.03021197647658,5.98922054949908));
#4017=CARTESIAN_POINT('Ctrl Pts',(70.2421671455056,8.04896340848091,5.99067528113302));
#4018=CARTESIAN_POINT('Ctrl Pts',(70.2443441424236,8.06726492213476,5.99209510820836));
#4019=CARTESIAN_POINT('Ctrl Pts',(70.2464768823008,8.08544792252264,5.99330529941301));
#4020=CARTESIAN_POINT('Ctrl Pts',(70.2485699467387,8.1035416028335,5.99433236558398));
#4021=CARTESIAN_POINT('Ctrl Pts',(70.2504922680865,8.12015927942851,5.99527564816539));
#4022=CARTESIAN_POINT('Ctrl Pts',(70.2523822316345,8.13671133289638,5.99606525501405));
#4023=CARTESIAN_POINT('Ctrl Pts',(70.2542418389683,8.15320975741657,5.99672523424852));
#4024=CARTESIAN_POINT('Ctrl Pts',(70.2566549215489,8.17461861082968,5.99758164321467));
#4025=CARTESIAN_POINT('Ctrl Pts',(70.2590165582979,8.19593521026076,5.99821962549668));
#4026=CARTESIAN_POINT('Ctrl Pts',(70.2613203498556,8.21708666620551,5.99869153015555));
#4027=CARTESIAN_POINT('Ctrl Pts',(70.2633343045607,8.23557708652135,5.99910406513726));
#4028=CARTESIAN_POINT('Ctrl Pts',(70.2653034989985,8.25393604966714,5.99938957899018));
#4029=CARTESIAN_POINT('Ctrl Pts',(70.267224322626,8.27211446467264,5.99958485827859));
#4030=CARTESIAN_POINT('Ctrl Pts',(70.2688540423686,8.28753791188463,5.99975054267933));
#4031=CARTESIAN_POINT('Ctrl Pts',(70.2704488402106,8.30283002026241,5.99985126119495));
#4032=CARTESIAN_POINT('Ctrl Pts',(70.2720104485089,8.3179966872623,5.9999114408941));
#4033=CARTESIAN_POINT('Ctrl Pts',(70.2733968987468,8.33146218247839,5.99996487052706));
#4034=CARTESIAN_POINT('Ctrl Pts',(70.2747571769258,8.34482840196314,5.99998634690838));
#4035=CARTESIAN_POINT('Ctrl Pts',(70.2760964558943,8.35814033832163,5.99999468097615));
#4036=CARTESIAN_POINT('Ctrl Pts',(70.2769463815031,8.36658828373022,5.99999996989489));
#4037=CARTESIAN_POINT('Ctrl Pts',(70.2777879303614,8.37501519942477,6.));
#4038=CARTESIAN_POINT('Ctrl Pts',(70.2786234130201,8.38344366248,6.));
#4039=CARTESIAN_POINT('Origin',(71.2737463104331,8.284800776045,6.));
#4040=CARTESIAN_POINT('Ctrl Pts',(71.6233772446315,6.52482569989797,5.29022247045126));
#4041=CARTESIAN_POINT('Ctrl Pts',(71.4939641672388,6.57632767968973,5.29000323428247));
#4042=CARTESIAN_POINT('Ctrl Pts',(71.2296246321847,6.67695755252693,5.2943870012541));
#4043=CARTESIAN_POINT('Ctrl Pts',(70.7991679177431,6.81373486455635,5.31786204045153));
#4044=CARTESIAN_POINT('Ctrl Pts',(70.2406579589901,6.9186247928537,5.39842794952209));
#4045=CARTESIAN_POINT('Ctrl Pts',(70.0655297142644,6.90552115664185,5.45605120325236));
#4046=CARTESIAN_POINT('Ctrl Pts',(70.0591917273934,6.87277752925078,5.48465583362464));
#4047=CARTESIAN_POINT('Ctrl Pts',(71.5899537232463,6.52878275621725,5.2846173841148));
#4048=CARTESIAN_POINT('Ctrl Pts',(71.4631136205532,6.58002442606415,5.2850512749328));
#4049=CARTESIAN_POINT('Ctrl Pts',(71.2031170333685,6.67930534738985,5.28956393413686));
#4050=CARTESIAN_POINT('Ctrl Pts',(70.776616907434,6.81077043652606,5.31081796763782));
#4051=CARTESIAN_POINT('Ctrl Pts',(70.2282112055413,6.90352855188773,5.38324275374245));
#4052=CARTESIAN_POINT('Ctrl Pts',(70.0601853980961,6.87742993880749,5.4287147767333));
#4053=CARTESIAN_POINT('Ctrl Pts',(70.0509944132499,6.8304281515405,5.44433579846051));
#4054=CARTESIAN_POINT('Ctrl Pts',(71.5233521391659,6.53974837525442,5.27187152588776));
#4055=CARTESIAN_POINT('Ctrl Pts',(71.4010395206961,6.58994374286026,5.27312302021196));
#4056=CARTESIAN_POINT('Ctrl Pts',(71.1488978786501,6.68584145269032,5.27722031850924));
#4057=CARTESIAN_POINT('Ctrl Pts',(70.7296125056608,6.80578163552337,5.2928115572754));
#4058=CARTESIAN_POINT('Ctrl Pts',(70.2035971571198,6.87428222222343,5.3477956536785));
#4059=CARTESIAN_POINT('Ctrl Pts',(70.0496301281131,6.82258478685369,5.36829135260163));
#4060=CARTESIAN_POINT('Ctrl Pts',(70.0349836427499,6.74959232787639,5.35971104991958));
#4061=CARTESIAN_POINT('Ctrl Pts',(71.4214759982356,6.56570481209904,5.24600291139991));
#4062=CARTESIAN_POINT('Ctrl Pts',(71.3045760920429,6.6132414131422,5.24702900223445));
#4063=CARTESIAN_POINT('Ctrl Pts',(71.0622295961979,6.70229881416262,5.24817538081069));
#4064=CARTESIAN_POINT('Ctrl Pts',(70.6538157486259,6.80213505993667,5.25163160776651));
#4065=CARTESIAN_POINT('Ctrl Pts',(70.1689784952948,6.83451223831906,5.27810978915722));
#4066=CARTESIAN_POINT('Ctrl Pts',(70.0344495128851,6.74562765314208,5.26128231144724));
#4067=CARTESIAN_POINT('Ctrl Pts',(70.013049700432,6.64305454088861,5.2239006318942));
#4068=CARTESIAN_POINT('Ctrl Pts',(71.3149326620952,6.60268040545038,5.21018228413863));
#4069=CARTESIAN_POINT('Ctrl Pts',(71.2024921960591,6.64669379192121,5.20954800671317));
#4070=CARTESIAN_POINT('Ctrl Pts',(70.9686608652951,6.72708985542089,5.20518227427346));
#4071=CARTESIAN_POINT('Ctrl Pts',(70.5739694795592,6.80380262416,5.19341772205175));
#4072=CARTESIAN_POINT('Ctrl Pts',(70.1380185372807,6.79973817026412,5.19031889410347));
#4073=CARTESIAN_POINT('Ctrl Pts',(70.0202590603781,6.67549894923607,5.13917199630916));
#4074=CARTESIAN_POINT('Ctrl Pts',(69.9938444195498,6.55274443140386,5.08067831320989));
#4075=CARTESIAN_POINT('Ctrl Pts',(71.2010188176972,6.65342337232429,5.15963833995085));
#4076=CARTESIAN_POINT('Ctrl Pts',(71.0925917916258,6.69297900570128,5.15590053082862));
#4077=CARTESIAN_POINT('Ctrl Pts',(70.8672335276412,6.76230128326481,5.14342446396486));
#4078=CARTESIAN_POINT('Ctrl Pts',(70.4923267886535,6.81201963281742,5.1143375679831));
#4079=CARTESIAN_POINT('Ctrl Pts',(70.111728169182,6.76898581770903,5.08152115577071));
#4080=CARTESIAN_POINT('Ctrl Pts',(70.0070365946713,6.61181012590391,5.00121933766826));
#4081=CARTESIAN_POINT('Ctrl Pts',(69.9774932490242,6.4778739903381,4.92994544487681));
#4082=CARTESIAN_POINT('Ctrl Pts',(71.0773455531886,6.72134061833411,5.08675177174126));
#4083=CARTESIAN_POINT('Ctrl Pts',(70.9733036260974,6.75490067288817,5.07850240428939));
#4084=CARTESIAN_POINT('Ctrl Pts',(70.7584245060737,6.80918180333537,5.05562598488534));
#4085=CARTESIAN_POINT('Ctrl Pts',(70.4123857388161,6.82581644164556,5.00880501136202));
#4086=CARTESIAN_POINT('Ctrl Pts',(70.0905605677412,6.73908885626571,4.94878450675988));
#4087=CARTESIAN_POINT('Ctrl Pts',(69.9950058480928,6.55532162997581,4.8499232072849));
#4088=CARTESIAN_POINT('Ctrl Pts',(69.9643373740171,6.4189077319078,4.77521775494792));
#4089=CARTESIAN_POINT('Ctrl Pts',(70.9435023360399,6.80877010262651,4.98027583478961));
#4090=CARTESIAN_POINT('Ctrl Pts',(70.8455875211536,6.83345173730268,4.96664806365183));
#4091=CARTESIAN_POINT('Ctrl Pts',(70.6461694684324,6.86605095043309,4.93293686544223));
#4092=CARTESIAN_POINT('Ctrl Pts',(70.3393042023364,6.8410554805954,4.8721142762655));
#4093=CARTESIAN_POINT('Ctrl Pts',(70.0744940109483,6.70755144360595,4.79338399023111));
#4094=CARTESIAN_POINT('Ctrl Pts',(69.9847139727259,6.50811103002299,4.6905310500609));
#4095=CARTESIAN_POINT('Ctrl Pts',(69.9546793297049,6.37630294493371,4.62063710202166));
#4096=CARTESIAN_POINT('Ctrl Pts',(70.8059342169579,6.91151475438645,4.82592995344057));
#4097=CARTESIAN_POINT('Ctrl Pts',(70.7175813447586,6.92245212230912,4.80795960496453));
#4098=CARTESIAN_POINT('Ctrl Pts',(70.540750158111,6.92409787312664,4.76786146036446));
#4099=CARTESIAN_POINT('Ctrl Pts',(70.2792107074685,6.84995514479894,4.70336525640242));
#4100=CARTESIAN_POINT('Ctrl Pts',(70.0625320084747,6.67422154171003,4.62068414220979));
#4101=CARTESIAN_POINT('Ctrl Pts',(69.9766223180112,6.471702863521,4.52647685947971));
#4102=CARTESIAN_POINT('Ctrl Pts',(69.9483959407178,6.3488790708074,4.46655897435039));
#4103=CARTESIAN_POINT('Ctrl Pts',(70.6874975951027,7.00750273492647,4.61274896086168));
#4104=CARTESIAN_POINT('Ctrl Pts',(70.6112384331845,7.00002339510726,4.59536942957724));
#4105=CARTESIAN_POINT('Ctrl Pts',(70.4585550868156,6.96540727168095,4.55980046923975));
#4106=CARTESIAN_POINT('Ctrl Pts',(70.2356683277226,6.84468961291487,4.50424124250269));
#4107=CARTESIAN_POINT('Ctrl Pts',(70.0525772032224,6.64050854225254,4.43104291600668));
#4108=CARTESIAN_POINT('Ctrl Pts',(69.9706130758201,6.44509010002388,4.35609309321782));
#4109=CARTESIAN_POINT('Ctrl Pts',(69.9449116764386,6.33376687052954,4.31210144584691));
#4110=CARTESIAN_POINT('Ctrl Pts',(70.6248955630102,7.05717048086167,4.34220611431253));
#4111=CARTESIAN_POINT('Ctrl Pts',(70.5534830665732,7.03540482216181,4.3313197763425));
#4112=CARTESIAN_POINT('Ctrl Pts',(70.4092964224504,6.97459713314861,4.30947841399511));
#4113=CARTESIAN_POINT('Ctrl Pts',(70.2066146705033,6.82338336158601,4.2741003366864));
#4114=CARTESIAN_POINT('Ctrl Pts',(70.0407370487523,6.60882344094536,4.22711335056612));
#4115=CARTESIAN_POINT('Ctrl Pts',(69.9664124346427,6.42673893611888,4.18478801017273));
#4116=CARTESIAN_POINT('Ctrl Pts',(69.9435954073553,6.32807425292077,4.16152391684134));
#4117=CARTESIAN_POINT('Ctrl Pts',(70.6246000266438,7.05873486174385,4.13500467570709));
#4118=CARTESIAN_POINT('Ctrl Pts',(70.5460162372062,7.03462874534498,4.13036759844267));
#4119=CARTESIAN_POINT('Ctrl Pts',(70.3923564948577,6.96625373300402,4.12144799538787));
#4120=CARTESIAN_POINT('Ctrl Pts',(70.1890722725188,6.8042557865389,4.1066962610692));
#4121=CARTESIAN_POINT('Ctrl Pts',(70.0301436101931,6.5889981346059,4.08821993303617));
#4122=CARTESIAN_POINT('Ctrl Pts',(69.9643364723511,6.41776304720372,4.07338487059695));
#4123=CARTESIAN_POINT('Ctrl Pts',(69.9435815831356,6.32801444596318,4.06533927759074));
#4124=CARTESIAN_POINT('Ctrl Pts',(70.6246000266438,7.05873486174385,4.0174166576673));
#4125=CARTESIAN_POINT('Ctrl Pts',(70.5412747313162,7.0331742558923,4.0174166576673));
#4126=CARTESIAN_POINT('Ctrl Pts',(70.3813532473758,6.96014357110483,4.0174166576673));
#4127=CARTESIAN_POINT('Ctrl Pts',(70.1779371358302,6.79230798719738,4.0174166576673));
#4128=CARTESIAN_POINT('Ctrl Pts',(70.024822382484,6.57759243124096,4.0174166576673));
#4129=CARTESIAN_POINT('Ctrl Pts',(69.9632190316345,6.41293099340464,4.01741665766729));
#4130=CARTESIAN_POINT('Ctrl Pts',(69.9435815831356,6.32801444596318,4.01741665766729));
#4131=CARTESIAN_POINT('',(70.6246000266438,7.05873486174385,4.0174166576673));
#4132=CARTESIAN_POINT('Ctrl Pts',(71.6233772446315,6.52482569989797,5.29022247045126));
#4133=CARTESIAN_POINT('Ctrl Pts',(71.5899537232463,6.52878275621725,5.2846173841148));
#4134=CARTESIAN_POINT('Ctrl Pts',(71.5233521391659,6.53974837525442,5.27187152588776));
#4135=CARTESIAN_POINT('Ctrl Pts',(71.4214759982356,6.56570481209904,5.24600291139991));
#4136=CARTESIAN_POINT('Ctrl Pts',(71.3149326620952,6.60268040545038,5.21018228413863));
#4137=CARTESIAN_POINT('Ctrl Pts',(71.2010188176972,6.65342337232429,5.15963833995085));
#4138=CARTESIAN_POINT('Ctrl Pts',(71.0773455531886,6.72134061833411,5.08675177174126));
#4139=CARTESIAN_POINT('Ctrl Pts',(70.9435023360399,6.80877010262651,4.98027583478961));
#4140=CARTESIAN_POINT('Ctrl Pts',(70.8059342169579,6.91151475438645,4.82592995344057));
#4141=CARTESIAN_POINT('Ctrl Pts',(70.6874975951027,7.00750273492647,4.61274896086168));
#4142=CARTESIAN_POINT('Ctrl Pts',(70.6248955630102,7.05717048086167,4.34220611431253));
#4143=CARTESIAN_POINT('Ctrl Pts',(70.6246000266438,7.05873486174385,4.13500467570709));
#4144=CARTESIAN_POINT('Ctrl Pts',(70.6246000266438,7.05873486174385,4.0174166576673));
#4145=CARTESIAN_POINT('',(69.9435815831356,6.32801444596318,4.0174166576673));
#4146=CARTESIAN_POINT('Origin',(70.9178687971474,6.10270482652147,4.0174166576673));
#4147=CARTESIAN_POINT('Ctrl Pts',(69.9435815831355,6.32801444596318,4.0174166576673));
#4148=CARTESIAN_POINT('Ctrl Pts',(69.9435815831355,6.32801444596318,4.03672808555945));
#4149=CARTESIAN_POINT('Ctrl Pts',(69.9435817687457,6.32801524787575,4.0560441151897));
#4150=CARTESIAN_POINT('Ctrl Pts',(69.943597411713,6.32808289285625,4.07546116511622));
#4151=CARTESIAN_POINT('Ctrl Pts',(69.9436139331832,6.32815433675192,4.09596866883592));
#4152=CARTESIAN_POINT('Ctrl Pts',(69.943647697003,6.32830033638017,4.11658853180837));
#4153=CARTESIAN_POINT('Ctrl Pts',(69.9437142028735,6.32858797293575,4.1373753156101));
#4154=CARTESIAN_POINT('Ctrl Pts',(69.9437858506114,6.32889784796461,4.15976921897786));
#4155=CARTESIAN_POINT('Ctrl Pts',(69.9438955032173,6.32937211029726,4.18235638012391));
#4156=CARTESIAN_POINT('Ctrl Pts',(69.9440596754763,6.3300824794773,4.20514433156761));
#4157=CARTESIAN_POINT('Ctrl Pts',(69.9442450772969,6.33088470842935,4.23087905503184));
#4158=CARTESIAN_POINT('Ctrl Pts',(69.94450003198,6.3319881076096,4.25686904462313));
#4159=CARTESIAN_POINT('Ctrl Pts',(69.9448445455146,6.33348037312346,4.28305989318539));
#4160=CARTESIAN_POINT('Ctrl Pts',(69.9453835390488,6.33581503165577,4.3240356361053));
#4161=CARTESIAN_POINT('Ctrl Pts',(69.9461423146787,6.33910340723931,4.36549845160417));
#4162=CARTESIAN_POINT('Ctrl Pts',(69.9471828375198,6.34362459991329,4.40710529725861));
#4163=CARTESIAN_POINT('Ctrl Pts',(69.9478338555919,6.34645334909734,4.4331372182986));
#4164=CARTESIAN_POINT('Ctrl Pts',(69.9485948235263,6.34976337774248,4.45922276155209));
#4165=CARTESIAN_POINT('Ctrl Pts',(69.9494786645357,6.35361566966682,4.48529874081421));
#4166=CARTESIAN_POINT('Ctrl Pts',(69.9503139589605,6.35725636740902,4.50994244920654));
#4167=CARTESIAN_POINT('Ctrl Pts',(69.951258949955,6.36138116891122,4.53457623669791));
#4168=CARTESIAN_POINT('Ctrl Pts',(69.9523238781614,6.36604067617835,4.55919151966715));
#4169=CARTESIAN_POINT('Ctrl Pts',(69.953488213402,6.37113513088683,4.58610454652476));
#4170=CARTESIAN_POINT('Ctrl Pts',(69.9547962499496,6.37687012239921,4.61299971704099));
#4171=CARTESIAN_POINT('Ctrl Pts',(69.9562598657553,6.38330856554023,4.63993094271379));
#4172=CARTESIAN_POINT('Ctrl Pts',(69.9576512455332,6.3894292425327,4.66553299118172));
#4173=CARTESIAN_POINT('Ctrl Pts',(69.9591831855453,6.39618551410715,4.69116863194148));
#4174=CARTESIAN_POINT('Ctrl Pts',(69.9608592867182,6.40360557960808,4.7168319496394));
#4175=CARTESIAN_POINT('Ctrl Pts',(69.9627111578763,6.41180377522687,4.74518653743764));
#4176=CARTESIAN_POINT('Ctrl Pts',(69.9647389658215,6.42081206918201,4.77357425669835));
#4177=CARTESIAN_POINT('Ctrl Pts',(69.9669402960692,6.43064035721755,4.80192747008114));
#4178=CARTESIAN_POINT('Ctrl Pts',(69.9697204413768,6.44305288318605,4.83773584241739));
#4179=CARTESIAN_POINT('Ctrl Pts',(69.9727773018786,6.45677291982282,4.87348755296405));
#4180=CARTESIAN_POINT('Ctrl Pts',(69.97609528824,6.47178060839783,4.90897001976879));
#4181=CARTESIAN_POINT('Ctrl Pts',(69.979209623931,6.48586715821358,4.94227465117372));
#4182=CARTESIAN_POINT('Ctrl Pts',(69.9825535219759,6.50108606695643,4.97533727911302));
#4183=CARTESIAN_POINT('Ctrl Pts',(69.9861109495144,6.51741260621629,5.00797948689979));
#4184=CARTESIAN_POINT('Ctrl Pts',(69.9890380060144,6.53084610622362,5.03483754245974));
#4185=CARTESIAN_POINT('Ctrl Pts',(69.9921094761111,6.54502887383216,5.06140985110977));
#4186=CARTESIAN_POINT('Ctrl Pts',(69.9953178403198,6.55995638102906,5.08762760051816));
#4187=CARTESIAN_POINT('Ctrl Pts',(69.9982952509357,6.57380933396863,5.11195806935969));
#4188=CARTESIAN_POINT('Ctrl Pts',(70.001390490594,6.58830332118721,5.13598245718322));
#4189=CARTESIAN_POINT('Ctrl Pts',(70.0046001919245,6.60344946845284,5.15968671261274));
#4190=CARTESIAN_POINT('Ctrl Pts',(70.0079124078026,6.61907936802912,5.18414805749446));
#4191=CARTESIAN_POINT('Ctrl Pts',(70.0113475031489,6.63540840369151,5.20827544457517));
#4192=CARTESIAN_POINT('Ctrl Pts',(70.0149007398597,6.65244729674901,5.23207590442159));
#4193=CARTESIAN_POINT('Ctrl Pts',(70.01878490072,6.67107307569408,5.2580929762111));
#4194=CARTESIAN_POINT('Ctrl Pts',(70.0228101375858,6.69054688868519,5.28371920258236));
#4195=CARTESIAN_POINT('Ctrl Pts',(70.0269594692303,6.71083359791789,5.30891730999039));
#4196=CARTESIAN_POINT('Ctrl Pts',(70.0315892033188,6.73346906727152,5.33703281070869));
#4197=CARTESIAN_POINT('Ctrl Pts',(70.0363731792219,6.75711579929452,5.36461453252794));
#4198=CARTESIAN_POINT('Ctrl Pts',(70.0412777392299,6.78167393374098,5.39156313238056));
#4199=CARTESIAN_POINT('Ctrl Pts',(70.0471005559121,6.81082996704596,5.42355718618535));
#4200=CARTESIAN_POINT('Ctrl Pts',(70.0530926529101,6.84126818308524,5.45465638583855));
#4201=CARTESIAN_POINT('Ctrl Pts',(70.0591917273934,6.87277752925079,5.48465583362465));
#4202=CARTESIAN_POINT('Ctrl Pts',(71.6233772446315,6.52482569989797,5.29022247045126));
#4203=CARTESIAN_POINT('Ctrl Pts',(71.5899537232463,6.52878275621725,5.2846173841148));
#4204=CARTESIAN_POINT('Ctrl Pts',(71.5233521391659,6.53974837525442,5.27187152588776));
#4205=CARTESIAN_POINT('Ctrl Pts',(71.4214759982356,6.56570481209904,5.24600291139991));
#4206=CARTESIAN_POINT('Ctrl Pts',(71.3149326620952,6.60268040545038,5.21018228413863));
#4207=CARTESIAN_POINT('Ctrl Pts',(71.2010188176972,6.65342337232429,5.15963833995085));
#4208=CARTESIAN_POINT('Ctrl Pts',(71.0773455531886,6.72134061833411,5.08675177174126));
#4209=CARTESIAN_POINT('Ctrl Pts',(70.9435023360399,6.80877010262651,4.98027583478961));
#4210=CARTESIAN_POINT('Ctrl Pts',(70.8059342169579,6.91151475438645,4.82592995344057));
#4211=CARTESIAN_POINT('Ctrl Pts',(70.6874975951027,7.00750273492647,4.61274896086168));
#4212=CARTESIAN_POINT('Ctrl Pts',(70.6248955630102,7.05717048086167,4.34220611431253));
#4213=CARTESIAN_POINT('Ctrl Pts',(70.6246000266438,7.05873486174385,4.13500467570709));
#4214=CARTESIAN_POINT('Ctrl Pts',(70.6246000266438,7.05873486174385,4.0174166576673));
#4215=CARTESIAN_POINT('Ctrl Pts',(71.6346203289111,6.4873140268907,5.2706247338318));
#4216=CARTESIAN_POINT('Ctrl Pts',(71.6028554280441,6.49469744873395,5.26318953167898));
#4217=CARTESIAN_POINT('Ctrl Pts',(71.5390514949868,6.51224986162257,5.24695995619243));
#4218=CARTESIAN_POINT('Ctrl Pts',(71.4403692651579,6.54792918996182,5.2161145315532));
#4219=CARTESIAN_POINT('Ctrl Pts',(71.3365163086513,6.59493057302311,5.17542673668008));
#4220=CARTESIAN_POINT('Ctrl Pts',(71.2252888479973,6.65610321058778,5.11998929014261));
#4221=CARTESIAN_POINT('Ctrl Pts',(71.1049396698907,6.73425484643214,5.04212951203387));
#4222=CARTESIAN_POINT('Ctrl Pts',(70.9762677732669,6.83039736646978,4.93170146874316));
#4223=CARTESIAN_POINT('Ctrl Pts',(70.847724942075,6.93757644262289,4.77694816081034));
#4224=CARTESIAN_POINT('Ctrl Pts',(70.7433968862996,7.03160236159624,4.57033838661631));
#4225=CARTESIAN_POINT('Ctrl Pts',(70.6957413314929,7.07931833262637,4.31717367392184));
#4226=CARTESIAN_POINT('Ctrl Pts',(70.7031838160814,7.08284097814273,4.1257838721478));
#4227=CARTESIAN_POINT('Ctrl Pts',(70.7079253219714,7.08429546759541,4.0174166576673));
#4228=CARTESIAN_POINT('Ctrl Pts',(71.6647186356947,6.43577765012181,5.2072047298788));
#4229=CARTESIAN_POINT('Ctrl Pts',(71.635396578732,6.44968791044923,5.19788948836176));
#4230=CARTESIAN_POINT('Ctrl Pts',(71.5758145900859,6.47999577593665,5.17780725044856));
#4231=CARTESIAN_POINT('Ctrl Pts',(71.4822206680384,6.53469931687828,5.1406353928434));
#4232=CARTESIAN_POINT('Ctrl Pts',(71.382953213579,6.60082128757003,5.09277674329996));
#4233=CARTESIAN_POINT('Ctrl Pts',(71.2767544313565,6.68066559022813,5.0294097724953));
#4234=CARTESIAN_POINT('Ctrl Pts',(71.1635504874371,6.77557807364904,4.94433827819199));
#4235=CARTESIAN_POINT('Ctrl Pts',(71.0470650024136,6.88258575016012,4.82970794919547));
#4236=CARTESIAN_POINT('Ctrl Pts',(70.9397752285734,6.98927471680768,4.67854804352252));
#4237=CARTESIAN_POINT('Ctrl Pts',(70.8657346644903,7.07145821706654,4.48920878572493));
#4238=CARTESIAN_POINT('Ctrl Pts',(70.847225811805,7.11010575666432,4.27217620977187));
#4239=CARTESIAN_POINT('Ctrl Pts',(70.8687531807604,7.11239168390449,4.10930781954942));
#4240=CARTESIAN_POINT('Ctrl Pts',(70.8812899831003,7.11350259374412,4.0174166576673));
#4241=CARTESIAN_POINT('Ctrl Pts',(71.7434209094942,6.43258751832915,5.04975878609426));
#4242=CARTESIAN_POINT('Ctrl Pts',(71.7155500536727,6.45432230955866,5.03971584357799));
#4243=CARTESIAN_POINT('Ctrl Pts',(71.6586546366522,6.500078644606,5.01747768501855));
#4244=CARTESIAN_POINT('Ctrl Pts',(71.5692071369607,6.57683119274063,4.97555828351605));
#4245=CARTESIAN_POINT('Ctrl Pts',(71.4752500402964,6.66252370022765,4.92242460970862));
#4246=CARTESIAN_POINT('Ctrl Pts',(71.3774107980764,6.75672056263606,4.85463853810699));
#4247=CARTESIAN_POINT('Ctrl Pts',(71.2789793045266,6.8561632615468,4.76819937612589));
#4248=CARTESIAN_POINT('Ctrl Pts',(71.1882225688418,6.95276968193469,4.65983278301169));
#4249=CARTESIAN_POINT('Ctrl Pts',(71.11938184226,7.03300899335108,4.52916922724155));
#4250=CARTESIAN_POINT('Ctrl Pts',(71.0878498553228,7.08301930653325,4.38021129266615));
#4251=CARTESIAN_POINT('Ctrl Pts',(71.0993938392903,7.09831476165268,4.215562195807));
#4252=CARTESIAN_POINT('Ctrl Pts',(71.1279097894453,7.09225063413557,4.0882958384326));
#4253=CARTESIAN_POINT('Ctrl Pts',(71.1438292349516,7.08860201344376,4.0174166576673));
#4254=CARTESIAN_POINT('Ctrl Pts',(71.889053935958,6.49593955455788,4.79410752541769));
#4255=CARTESIAN_POINT('Ctrl Pts',(71.8588079749316,6.52108867002656,4.78729562470587));
#4256=CARTESIAN_POINT('Ctrl Pts',(71.7974058807945,6.57285457554934,4.77108822140559));
#4257=CARTESIAN_POINT('Ctrl Pts',(71.7034860371275,6.65446656199688,4.73766701215329));
#4258=CARTESIAN_POINT('Ctrl Pts',(71.6101410606706,6.73832705807872,4.69358324481566));
#4259=CARTESIAN_POINT('Ctrl Pts',(71.5217261324902,6.8208861575413,4.63733386892943));
#4260=CARTESIAN_POINT('Ctrl Pts',(71.4447445398685,6.89639314459584,4.56814931337865));
#4261=CARTESIAN_POINT('Ctrl Pts',(71.3867402467549,6.95765022862404,4.48634651361424));
#4262=CARTESIAN_POINT('Ctrl Pts',(71.3535014577425,6.99847837648471,4.39263547477083));
#4263=CARTESIAN_POINT('Ctrl Pts',(71.3463044562441,7.01636031441725,4.28652868036211));
#4264=CARTESIAN_POINT('Ctrl Pts',(71.3606908512451,7.0141813167834,4.16420605843643));
#4265=CARTESIAN_POINT('Ctrl Pts',(71.3802058244376,7.00313897860441,4.06869993758114));
#4266=CARTESIAN_POINT('Ctrl Pts',(71.3910074507571,6.9966790712958,4.0174166576673));
#4267=CARTESIAN_POINT('Ctrl Pts',(71.9955003643944,6.50314466820165,4.6025522335974));
#4268=CARTESIAN_POINT('Ctrl Pts',(71.9632874489025,6.52730300412564,4.60041019958231));
#4269=CARTESIAN_POINT('Ctrl Pts',(71.8996791812617,6.57621731634191,4.5927707276325));
#4270=CARTESIAN_POINT('Ctrl Pts',(71.8097203949124,6.64881761061252,4.57120420386085));
#4271=CARTESIAN_POINT('Ctrl Pts',(71.7281447510697,6.71768530447875,4.53946420282712));
#4272=CARTESIAN_POINT('Ctrl Pts',(71.657677217907,6.77962812489642,4.49738120465038));
#4273=CARTESIAN_POINT('Ctrl Pts',(71.6007247041659,6.83145027064668,4.44489866442344));
#4274=CARTESIAN_POINT('Ctrl Pts',(71.558983062308,6.87050694499189,4.38198851761926));
#4275=CARTESIAN_POINT('Ctrl Pts',(71.533102028171,6.89526170679237,4.3084072878568));
#4276=CARTESIAN_POINT('Ctrl Pts',(71.5222999469607,6.90585245780828,4.22430444561516));
#4277=CARTESIAN_POINT('Ctrl Pts',(71.5239784722285,6.90451332747514,4.1280262901556));
#4278=CARTESIAN_POINT('Ctrl Pts',(71.5307129178328,6.89825976528582,4.05576209763574));
#4279=CARTESIAN_POINT('Ctrl Pts',(71.5343477061757,6.89488549034523,4.01741665766729));
#4280=CARTESIAN_POINT('Ctrl Pts',(72.0302957491484,6.4774564436822,4.49593971178477));
#4281=CARTESIAN_POINT('Ctrl Pts',(72.0021126509279,6.4982630466228,4.49587765334012));
#4282=CARTESIAN_POINT('Ctrl Pts',(71.9462184531485,6.54045520317695,4.49260646468325));
#4283=CARTESIAN_POINT('Ctrl Pts',(71.8670106322123,6.60288031614038,4.47841287438886));
#4284=CARTESIAN_POINT('Ctrl Pts',(71.7951581588315,6.66182950726095,4.45475164018562));
#4285=CARTESIAN_POINT('Ctrl Pts',(71.7329571841667,6.71472663859327,4.42138144211566));
#4286=CARTESIAN_POINT('Ctrl Pts',(71.6821977304554,6.75922976189464,4.37823879944497));
#4287=CARTESIAN_POINT('Ctrl Pts',(71.6439037611715,6.79362402443568,4.3253955300654));
#4288=CARTESIAN_POINT('Ctrl Pts',(71.6181467540572,6.81716190797111,4.26295697230075));
#4289=CARTESIAN_POINT('Ctrl Pts',(71.6037423654984,6.83046582156699,4.19139344240728));
#4290=CARTESIAN_POINT('Ctrl Pts',(71.598266659515,6.83554776249535,4.10993878487598));
#4291=CARTESIAN_POINT('Ctrl Pts',(71.5982239976229,6.83558735543456,4.04930573951053));
#4292=CARTESIAN_POINT('Ctrl Pts',(71.5982239976229,6.83558735543456,4.01741665766729));
#4293=CARTESIAN_POINT('',(72.0302957491484,6.4774564436822,4.49593971178477));
#4294=CARTESIAN_POINT('Ctrl Pts',(71.6233772446315,6.52482569989797,5.29022247045126));
#4295=CARTESIAN_POINT('Ctrl Pts',(71.6346203289111,6.4873140268907,5.2706247338318));
#4296=CARTESIAN_POINT('Ctrl Pts',(71.6647186356947,6.43577765012181,5.2072047298788));
#4297=CARTESIAN_POINT('Ctrl Pts',(71.7434209094942,6.43258751832915,5.04975878609426));
#4298=CARTESIAN_POINT('Ctrl Pts',(71.889053935958,6.49593955455788,4.79410752541769));
#4299=CARTESIAN_POINT('Ctrl Pts',(71.9955003643944,6.50314466820165,4.6025522335974));
#4300=CARTESIAN_POINT('Ctrl Pts',(72.0302957491484,6.4774564436822,4.49593971178477));
#4301=CARTESIAN_POINT('',(71.5982239976229,6.83558735543456,4.0174166576673));
#4302=CARTESIAN_POINT('Ctrl Pts',(72.0302957491484,6.4774564436822,4.49593971178477));
#4303=CARTESIAN_POINT('Ctrl Pts',(72.0048834813667,6.49621743870895,4.49588375463622));
#4304=CARTESIAN_POINT('Ctrl Pts',(71.9796628643919,6.51521289880674,4.49454894696172));
#4305=CARTESIAN_POINT('Ctrl Pts',(71.9550277464093,6.53412758968937,4.4919528903146));
#4306=CARTESIAN_POINT('Ctrl Pts',(71.9322560187437,6.55161158103709,4.48955319833771));
#4307=CARTESIAN_POINT('Ctrl Pts',(71.9099850169075,6.56902535927183,4.48607660232044));
#4308=CARTESIAN_POINT('Ctrl Pts',(71.8884875389022,6.58611571396991,4.48151432797744));
#4309=CARTESIAN_POINT('Ctrl Pts',(71.8639723928279,6.60560509508631,4.47631163294863));
#4310=CARTESIAN_POINT('Ctrl Pts',(71.8404622209073,6.62467468575673,4.46969254073962));
#4311=CARTESIAN_POINT('Ctrl Pts',(71.8183015766766,6.64295512820739,4.46162012255706));
#4312=CARTESIAN_POINT('Ctrl Pts',(71.7989437687777,6.65892349490218,4.45456868854496));
#4313=CARTESIAN_POINT('Ctrl Pts',(71.7806161232341,6.67428816158814,4.44640867888444));
#4314=CARTESIAN_POINT('Ctrl Pts',(71.7635104533993,6.68881443449096,4.43712826317095));
#4315=CARTESIAN_POINT('Ctrl Pts',(71.7479172757785,6.70205628679667,4.42866842663643));
#4316=CARTESIAN_POINT('Ctrl Pts',(71.7333396446201,6.71460069796537,4.41927774643976));
#4317=CARTESIAN_POINT('Ctrl Pts',(71.7198859062117,6.72629472113533,4.40895502469711));
#4318=CARTESIAN_POINT('Ctrl Pts',(71.7071600580996,6.73735606023391,4.3991907952308));
#4319=CARTESIAN_POINT('Ctrl Pts',(71.6954399155362,6.7476560118538,4.38859274528167));
#4320=CARTESIAN_POINT('Ctrl Pts',(71.6847806645846,6.7570972817761,4.37716527808704));
#4321=CARTESIAN_POINT('Ctrl Pts',(71.6749283879102,6.7658237864672,4.36660294411057));
#4322=CARTESIAN_POINT('Ctrl Pts',(71.6659823599941,6.77381658008565,4.35533210318783));
#4323=CARTESIAN_POINT('Ctrl Pts',(71.6579541160587,6.78103114968257,4.34335976697874));
#4324=CARTESIAN_POINT('Ctrl Pts',(71.6501891998917,6.78800908016802,4.33178012543629));
#4325=CARTESIAN_POINT('Ctrl Pts',(71.6432829662794,6.79425877780869,4.31954429190547));
#4326=CARTESIAN_POINT('Ctrl Pts',(71.6372141303446,6.79977416975048,4.30666125628594));
#4327=CARTESIAN_POINT('Ctrl Pts',(71.6313149923436,6.80513533926363,4.29413845853573));
#4328=CARTESIAN_POINT('Ctrl Pts',(71.6262072074278,6.80980253903512,4.28100417808412));
#4329=CARTESIAN_POINT('Ctrl Pts',(71.6218389118404,6.8138058023967,4.2672687078462));
#4330=CARTESIAN_POINT('Ctrl Pts',(71.6179215286897,6.81739583336571,4.25495106619387));
#4331=CARTESIAN_POINT('Ctrl Pts',(71.6145985842655,6.82045224869326,4.2421499879218));
#4332=CARTESIAN_POINT('Ctrl Pts',(71.6118079744959,6.82302368809504,4.22887403958305));
#4333=CARTESIAN_POINT('Ctrl Pts',(71.6086446235735,6.8259385941102,4.21382482565145));
#4334=CARTESIAN_POINT('Ctrl Pts',(71.6061636953649,6.82823177340897,4.19817483511349));
#4335=CARTESIAN_POINT('Ctrl Pts',(71.6042535366193,6.82999918849638,4.18183085950302));
#4336=CARTESIAN_POINT('Ctrl Pts',(71.6031777914879,6.83099454460475,4.17262641394021));
#4337=CARTESIAN_POINT('Ctrl Pts',(71.6022829012271,6.83182340548071,4.1631987216181));
#4338=CARTESIAN_POINT('Ctrl Pts',(71.6015450611957,6.8325071194457,4.15355727224608));
#4339=CARTESIAN_POINT('Ctrl Pts',(71.6007469058415,6.83324672415485,4.1431276748943));
#4340=CARTESIAN_POINT('Ctrl Pts',(71.600132744705,6.83381628229343,4.13244780449307));
#4341=CARTESIAN_POINT('Ctrl Pts',(71.5996658229849,6.83424939683244,4.12160132396271));
#4342=CARTESIAN_POINT('Ctrl Pts',(71.5993182216154,6.83457183033783,4.11352662680162));
#4343=CARTESIAN_POINT('Ctrl Pts',(71.599052034568,6.83481882951152,4.10536154775902));
#4344=CARTESIAN_POINT('Ctrl Pts',(71.5988498553438,6.83500645382489,4.09707291346225));
#4345=CARTESIAN_POINT('Ctrl Pts',(71.5986377606491,6.83520327979269,4.08837777988429));
#4346=CARTESIAN_POINT('Ctrl Pts',(71.5984961276695,6.8353347461534,4.07954069226309));
#4347=CARTESIAN_POINT('Ctrl Pts',(71.5984027569515,6.83542141630382,4.07050606147421));
#4348=CARTESIAN_POINT('Ctrl Pts',(71.5983278671295,6.83549093180368,4.06325965804261));
#4349=CARTESIAN_POINT('Ctrl Pts',(71.598283985046,6.83553166819479,4.05588448829582));
#4350=CARTESIAN_POINT('Ctrl Pts',(71.5982586185971,6.83555521612735,4.04838607366949));
#4351=CARTESIAN_POINT('Ctrl Pts',(71.5982363466107,6.83557589143897,4.04180239339691));
#4352=CARTESIAN_POINT('Ctrl Pts',(71.5982283354169,6.83558332854266,4.03512325955848));
#4353=CARTESIAN_POINT('Ctrl Pts',(71.5982255254917,6.83558593707209,4.02839332145504));
#4354=CARTESIAN_POINT('Ctrl Pts',(71.5982240018142,6.83558735154299,4.02474402331721));
#4355=CARTESIAN_POINT('Ctrl Pts',(71.5982239976229,6.83558735543456,4.02108056231773));
#4356=CARTESIAN_POINT('Ctrl Pts',(71.5982239976229,6.83558735543456,4.0174166576673));
#4357=CARTESIAN_POINT('Origin',(70.9178687971474,6.10270482652147,4.0174166576673));
#4358=CARTESIAN_POINT('Ctrl Pts',(71.6233772446315,6.52482569989797,5.29022247045126));
#4359=CARTESIAN_POINT('Ctrl Pts',(71.6346203289111,6.4873140268907,5.2706247338318));
#4360=CARTESIAN_POINT('Ctrl Pts',(71.6647186356947,6.43577765012181,5.2072047298788));
#4361=CARTESIAN_POINT('Ctrl Pts',(71.7434209094942,6.43258751832915,5.04975878609426));
#4362=CARTESIAN_POINT('Ctrl Pts',(71.889053935958,6.49593955455788,4.79410752541769));
#4363=CARTESIAN_POINT('Ctrl Pts',(71.9955003643944,6.50314466820165,4.6025522335974));
#4364=CARTESIAN_POINT('Ctrl Pts',(72.0302957491484,6.4774564436822,4.49593971178477));
#4365=CARTESIAN_POINT('Ctrl Pts',(71.6631608149252,6.49964883689301,5.2847414028201));
#4366=CARTESIAN_POINT('Ctrl Pts',(71.6735963630512,6.46482323182476,5.26328387973909));
#4367=CARTESIAN_POINT('Ctrl Pts',(71.7029947185777,6.41741945225982,5.19789450029937));
#4368=CARTESIAN_POINT('Ctrl Pts',(71.7822735718041,6.41527194108995,5.03942483398104));
#4369=CARTESIAN_POINT('Ctrl Pts',(71.9282195825207,6.47334761041541,4.78625951267594));
#4370=CARTESIAN_POINT('Ctrl Pts',(72.0293535500538,6.4777753777607,4.59966850513695));
#4371=CARTESIAN_POINT('Ctrl Pts',(72.0584788473689,6.4566498407416,4.49600177022942));
#4372=CARTESIAN_POINT('Ctrl Pts',(71.7430753669333,6.44939402507304,5.27220142923696));
#4373=CARTESIAN_POINT('Ctrl Pts',(71.7523875765417,6.41926930812042,5.24718716421926));
#4374=CARTESIAN_POINT('Ctrl Pts',(71.7809976863248,6.37927855420924,5.17773182009057));
#4375=CARTESIAN_POINT('Ctrl Pts',(71.8617850224736,6.37897284399556,5.01643389276487));
#4376=CARTESIAN_POINT('Ctrl Pts',(72.0075032804136,6.42742178963309,4.76789170638248));
#4377=CARTESIAN_POINT('Ctrl Pts',(72.0969930299607,6.42839326627576,4.59067497797946));
#4378=CARTESIAN_POINT('Ctrl Pts',(72.1153146637831,6.41561741175308,4.4929773807295));
#4379=CARTESIAN_POINT('Ctrl Pts',(71.8667476495331,6.37143353574708,5.24644989410442));
#4380=CARTESIAN_POINT('Ctrl Pts',(71.8754905225088,6.34733364452006,5.21629228408879));
#4381=CARTESIAN_POINT('Ctrl Pts',(71.904386064399,6.31701678606381,5.13998537012482));
#4382=CARTESIAN_POINT('Ctrl Pts',(71.987748854946,6.3198926398792,4.9727353855269));
#4383=CARTESIAN_POINT('Ctrl Pts',(72.128505143935,6.3575910793351,4.73097606744742));
#4384=CARTESIAN_POINT('Ctrl Pts',(72.1952434564425,6.36023190828517,4.56737709867823));
#4385=CARTESIAN_POINT('Ctrl Pts',(72.1984923767232,6.35817275492729,4.47876832330201));
#4386=CARTESIAN_POINT('Ctrl Pts',(71.9972302066434,6.28876647468114,5.21045554406217));
#4387=CARTESIAN_POINT('Ctrl Pts',(72.0062225264455,6.27047878311248,5.17518318104517));
#4388=CARTESIAN_POINT('Ctrl Pts',(72.0364387090082,6.24925116779767,5.09096631684405));
#4389=CARTESIAN_POINT('Ctrl Pts',(72.1211924768203,6.25683335317849,4.91700405650332));
#4390=CARTESIAN_POINT('Ctrl Pts',(72.2490161013989,6.28896377524599,4.68332772235052));
#4391=CARTESIAN_POINT('Ctrl Pts',(72.2868597414385,6.29969942813035,4.53427875677221));
#4392=CARTESIAN_POINT('Ctrl Pts',(72.2760801447327,6.30681228135946,4.45478212180548));
#4393=CARTESIAN_POINT('Ctrl Pts',(72.1378214547707,6.2001054515199,5.15923016968108));
#4394=CARTESIAN_POINT('Ctrl Pts',(72.147533951227,6.18788783274408,5.1186199802174));
#4395=CARTESIAN_POINT('Ctrl Pts',(72.1792728895287,6.17623194935869,5.02581541050705));
#4396=CARTESIAN_POINT('Ctrl Pts',(72.2613027269295,6.19115860505507,4.84581390597186));
#4397=CARTESIAN_POINT('Ctrl Pts',(72.3640328336659,6.22475325528205,4.62408507091328));
#4398=CARTESIAN_POINT('Ctrl Pts',(72.3682737510734,6.24825804577001,4.49142076298185));
#4399=CARTESIAN_POINT('Ctrl Pts',(72.3448270942816,6.26303096914078,4.42125448610093));
#4400=CARTESIAN_POINT('Ctrl Pts',(72.2916394939529,6.10517110934399,5.08503654692557));
#4401=CARTESIAN_POINT('Ctrl Pts',(72.3018874057361,6.09975178883426,5.03905604881811));
#4402=CARTESIAN_POINT('Ctrl Pts',(72.3334383073617,6.09952379568302,4.938267762588));
#4403=CARTESIAN_POINT('Ctrl Pts',(72.403684627392,6.12576475032616,4.75567186112451));
#4404=CARTESIAN_POINT('Ctrl Pts',(72.4660623818795,6.16911375083994,4.55337925032907));
#4405=CARTESIAN_POINT('Ctrl Pts',(72.4361343301714,6.20700977956144,4.43980065615854));
#4406=CARTESIAN_POINT('Ctrl Pts',(72.4020496094476,6.22778540219704,4.37897217763969));
#4407=CARTESIAN_POINT('Ctrl Pts',(72.4594724752051,6.00622222159205,4.97687949086325));
#4408=CARTESIAN_POINT('Ctrl Pts',(72.4686063591491,6.0089968213253,4.92659776293639));
#4409=CARTESIAN_POINT('Ctrl Pts',(72.4943542655792,6.0231695383436,4.82089571204069));
#4410=CARTESIAN_POINT('Ctrl Pts',(72.5377404988409,6.06613979009586,4.64482301535135));
#4411=CARTESIAN_POINT('Ctrl Pts',(72.5464785576017,6.12635513784583,4.47319204978042));
#4412=CARTESIAN_POINT('Ctrl Pts',(72.4880094521007,6.17645023936959,4.37877251805683));
#4413=CARTESIAN_POINT('Ctrl Pts',(72.4461274975799,6.20135525564819,4.32651988280221));
#4414=CARTESIAN_POINT('Ctrl Pts',(72.6333570908093,5.91091035911078,4.8218506460606));
#4415=CARTESIAN_POINT('Ctrl Pts',(72.6370755064613,5.92377635195878,4.77089950524884));
#4416=CARTESIAN_POINT('Ctrl Pts',(72.646084752487,5.95596048658906,4.66827524001019));
#4417=CARTESIAN_POINT('Ctrl Pts',(72.6460046728569,6.02039135067117,4.5145575185933));
#4418=CARTESIAN_POINT('Ctrl Pts',(72.5992007134373,6.0992101308043,4.38210901180858));
#4419=CARTESIAN_POINT('Ctrl Pts',(72.5228986264651,6.1563689343265,4.30483355294534));
#4420=CARTESIAN_POINT('Ctrl Pts',(72.4765672091264,6.18345940912682,4.26250570665929));
#4421=CARTESIAN_POINT('Ctrl Pts',(72.7843259137652,5.83603208312254,4.60697206697289));
#4422=CARTESIAN_POINT('Ctrl Pts',(72.7768028002155,5.85982830169747,4.56232074723537));
#4423=CARTESIAN_POINT('Ctrl Pts',(72.7588642801049,5.91095261191546,4.47743958932905));
#4424=CARTESIAN_POINT('Ctrl Pts',(72.7110614208957,5.9964090287925,4.36627477429125));
#4425=CARTESIAN_POINT('Ctrl Pts',(72.6234676624848,6.0876165875232,4.27744274553735));
#4426=CARTESIAN_POINT('Ctrl Pts',(72.5408229790811,6.14621556414377,4.22192165780633));
#4427=CARTESIAN_POINT('Ctrl Pts',(72.4937188710576,6.17350015697392,4.19191299457991));
#4428=CARTESIAN_POINT('Ctrl Pts',(72.8649030307312,5.80107813894318,4.34077475445425));
#4429=CARTESIAN_POINT('Ctrl Pts',(72.8467325617603,5.83369149631911,4.31438455045889));
#4430=CARTESIAN_POINT('Ctrl Pts',(72.8063202417274,5.89920648990719,4.26700135493101));
#4431=CARTESIAN_POINT('Ctrl Pts',(72.7264024964073,5.99644636129794,4.21058150535119));
#4432=CARTESIAN_POINT('Ctrl Pts',(72.624228699075,6.08918281941106,4.16363144129939));
#4433=CARTESIAN_POINT('Ctrl Pts',(72.5439427035922,6.14450375046301,4.12988461123533));
#4434=CARTESIAN_POINT('Ctrl Pts',(72.4999716623521,6.16988942191638,4.11224853148808));
#4435=CARTESIAN_POINT('Ctrl Pts',(72.8660254037841,5.80384757729343,4.13418103542945));
#4436=CARTESIAN_POINT('Ctrl Pts',(72.8454502312182,5.8394848215522,4.12416461328266));
#4437=CARTESIAN_POINT('Ctrl Pts',(72.7992845650159,5.90930930928164,4.10659411588443));
#4438=CARTESIAN_POINT('Ctrl Pts',(72.7148537693404,6.00725184152815,4.08581084698883));
#4439=CARTESIAN_POINT('Ctrl Pts',(72.615543026373,6.09580749385336,4.06758103963093));
#4440=CARTESIAN_POINT('Ctrl Pts',(72.5399377292509,6.14681492234399,4.05547614342248));
#4441=CARTESIAN_POINT('Ctrl Pts',(72.4999999999999,6.16987298107787,4.04930573951053));
#4442=CARTESIAN_POINT('Ctrl Pts',(72.8660254037841,5.80384757729343,4.01741665766731));
#4443=CARTESIAN_POINT('Ctrl Pts',(72.8442087881342,5.84163506404831,4.01741665766731));
#4444=CARTESIAN_POINT('Ctrl Pts',(72.7956222407878,5.9143499564741,4.0174166576673));
#4445=CARTESIAN_POINT('Ctrl Pts',(72.7091290167875,6.01297659408108,4.0174166576673));
#4446=CARTESIAN_POINT('Ctrl Pts',(72.6105023791805,6.09946981808143,4.01741665766731));
#4447=CARTESIAN_POINT('Ctrl Pts',(72.5377874867548,6.14805636542794,4.0174166576673));
#4448=CARTESIAN_POINT('Ctrl Pts',(72.4999999999999,6.16987298107787,4.0174166576673));
#4449=CARTESIAN_POINT('',(72.8660254037841,5.80384757729343,4.01741665766731));
#4450=CARTESIAN_POINT('Ctrl Pts',(71.6233772446315,6.52482569989797,5.29022247045126));
#4451=CARTESIAN_POINT('Ctrl Pts',(71.6631608149252,6.49964883689301,5.2847414028201));
#4452=CARTESIAN_POINT('Ctrl Pts',(71.7430753669333,6.44939402507304,5.27220142923696));
#4453=CARTESIAN_POINT('Ctrl Pts',(71.8667476495331,6.37143353574708,5.24644989410442));
#4454=CARTESIAN_POINT('Ctrl Pts',(71.9972302066434,6.28876647468114,5.21045554406217));
#4455=CARTESIAN_POINT('Ctrl Pts',(72.1378214547707,6.2001054515199,5.15923016968108));
#4456=CARTESIAN_POINT('Ctrl Pts',(72.2916394939529,6.10517110934399,5.08503654692557));
#4457=CARTESIAN_POINT('Ctrl Pts',(72.4594724752051,6.00622222159205,4.97687949086325));
#4458=CARTESIAN_POINT('Ctrl Pts',(72.6333570908093,5.91091035911078,4.8218506460606));
#4459=CARTESIAN_POINT('Ctrl Pts',(72.7843259137652,5.83603208312254,4.60697206697289));
#4460=CARTESIAN_POINT('Ctrl Pts',(72.8649030307312,5.80107813894318,4.34077475445425));
#4461=CARTESIAN_POINT('Ctrl Pts',(72.8660254037841,5.80384757729343,4.13418103542945));
#4462=CARTESIAN_POINT('Ctrl Pts',(72.8660254037841,5.80384757729343,4.01741665766731));
#4463=CARTESIAN_POINT('',(72.4999999999999,6.16987298107787,4.0174166576673));
#4464=CARTESIAN_POINT('Origin',(71.9999999999999,5.30384757729345,4.0174166576673));
#4465=CARTESIAN_POINT('Ctrl Pts',(72.4999999999999,6.16987298107787,4.0174166576673));
#4466=CARTESIAN_POINT('Ctrl Pts',(72.4999999999999,6.16987298107787,4.02767728835145));
#4467=CARTESIAN_POINT('Ctrl Pts',(72.4999998629092,6.16987306002506,4.03793308769825));
#4468=CARTESIAN_POINT('Ctrl Pts',(72.4999636276842,6.16989398084778,4.04806057183658));
#4469=CARTESIAN_POINT('Ctrl Pts',(72.4999254201244,6.16991604042067,4.05873930935898));
#4470=CARTESIAN_POINT('Ctrl Pts',(72.4998470284439,6.16996129898249,4.06927567653274));
#4471=CARTESIAN_POINT('Ctrl Pts',(72.4996885495402,6.17005281201957,4.07958707037836));
#4472=CARTESIAN_POINT('Ctrl Pts',(72.4995183467178,6.17015109498867,4.0906612783267));
#4473=CARTESIAN_POINT('Ctrl Pts',(72.4992556851021,6.17030277202771,4.10147640698186));
#4474=CARTESIAN_POINT('Ctrl Pts',(72.4988547430498,6.17053439745322,4.11199471463688));
#4475=CARTESIAN_POINT('Ctrl Pts',(72.498407821296,6.17079258549014,4.12371925307705));
#4476=CARTESIAN_POINT('Ctrl Pts',(72.4977889023534,6.17115020102859,4.13507567876329));
#4477=CARTESIAN_POINT('Ctrl Pts',(72.496941056226,6.17164050430267,4.14608115429695));
#4478=CARTESIAN_POINT('Ctrl Pts',(72.4958593156151,6.17226606706236,4.16012269962301));
#4479=CARTESIAN_POINT('Ctrl Pts',(72.4944040211205,6.17310807213517,4.17359496640174));
#4480=CARTESIAN_POINT('Ctrl Pts',(72.4924762978482,6.17422551637893,4.1866244245702));
#4481=CARTESIAN_POINT('Ctrl Pts',(72.4906046189801,6.17531047333692,4.19927507929202));
#4482=CARTESIAN_POINT('Ctrl Pts',(72.4882874467762,6.17665514088399,4.21151501248958));
#4483=CARTESIAN_POINT('Ctrl Pts',(72.4854573624108,6.17830180094146,4.22345845008578));
#4484=CARTESIAN_POINT('Ctrl Pts',(72.4832747920194,6.17957171060561,4.23266926852868));
#4485=CARTESIAN_POINT('Ctrl Pts',(72.4807875924157,6.18102101737208,4.24170454895419));
#4486=CARTESIAN_POINT('Ctrl Pts',(72.4779754307977,6.18266377585206,4.25057923870403));
#4487=CARTESIAN_POINT('Ctrl Pts',(72.4753258791699,6.1842115437246,4.25894075979244));
#4488=CARTESIAN_POINT('Ctrl Pts',(72.4723879063108,6.18593101874109,4.26716048799194));
#4489=CARTESIAN_POINT('Ctrl Pts',(72.4691527755755,6.18782974285304,4.27520204293768));
#4490=CARTESIAN_POINT('Ctrl Pts',(72.4650164969549,6.19025735786873,4.28548357852931));
#4491=CARTESIAN_POINT('Ctrl Pts',(72.4603949055507,6.19297767884949,4.29546262192212));
#4492=CARTESIAN_POINT('Ctrl Pts',(72.4552797968949,6.19600196469505,4.30506269006798));
#4493=CARTESIAN_POINT('Ctrl Pts',(72.4497300179647,6.19928324745834,4.31547855012291));
#4494=CARTESIAN_POINT('Ctrl Pts',(72.4435991074097,6.20292243477878,4.32544883551677));
#4495=CARTESIAN_POINT('Ctrl Pts',(72.4368862417025,6.20693025190293,4.3349420393947));
#4496=CARTESIAN_POINT('Ctrl Pts',(72.4292466716634,6.21149134413382,4.34574577048136));
#4497=CARTESIAN_POINT('Ctrl Pts',(72.4208529554701,6.2165300931619,4.35593270100023));
#4498=CARTESIAN_POINT('Ctrl Pts',(72.4117209672969,6.2220552073607,4.36552667484696));
#4499=CARTESIAN_POINT('Ctrl Pts',(72.4013536970918,6.22832770254213,4.37641842342608));
#4500=CARTESIAN_POINT('Ctrl Pts',(72.3900341820389,6.23522751564634,4.38654980336123));
#4501=CARTESIAN_POINT('Ctrl Pts',(72.3778161287262,6.24275303215431,4.39600118298231));
#4502=CARTESIAN_POINT('Ctrl Pts',(72.3671253320775,6.24933785909878,4.40427114015075));
#4503=CARTESIAN_POINT('Ctrl Pts',(72.3557470280629,6.2564016309032,4.41202361569924));
#4504=CARTESIAN_POINT('Ctrl Pts',(72.3437387549164,6.26393151638609,4.41929286346277));
#4505=CARTESIAN_POINT('Ctrl Pts',(72.3296837543015,6.27274481899854,4.42780110445135));
#4506=CARTESIAN_POINT('Ctrl Pts',(72.314765275625,6.28219719152676,4.43564836725321));
#4507=CARTESIAN_POINT('Ctrl Pts',(72.2991102552925,6.29224589752037,4.44279971061995));
#4508=CARTESIAN_POINT('Ctrl Pts',(72.2813468049307,6.30364797086984,4.45091420234324));
#4509=CARTESIAN_POINT('Ctrl Pts',(72.2626353942398,6.31581813580224,4.45812833706258));
#4510=CARTESIAN_POINT('Ctrl Pts',(72.2431975515347,6.32866445126551,4.46440699085556));
#4511=CARTESIAN_POINT('Ctrl Pts',(72.2217504897511,6.34283864361872,4.47133464624713));
#4512=CARTESIAN_POINT('Ctrl Pts',(72.199419751347,6.35783643039205,4.47712371855042));
#4513=CARTESIAN_POINT('Ctrl Pts',(72.1765369195727,6.37349345893358,4.48176332807956));
#4514=CARTESIAN_POINT('Ctrl Pts',(72.1506522786801,6.39120440333242,4.48701156954408));
#4515=CARTESIAN_POINT('Ctrl Pts',(72.1240628365917,6.40975940493309,4.49078982891994));
#4516=CARTESIAN_POINT('Ctrl Pts',(72.0972712409191,6.42886186046157,4.49311801583092));
#4517=CARTESIAN_POINT('Ctrl Pts',(72.0749899801409,6.44474843916082,4.49505425510302));
#4518=CARTESIAN_POINT('Ctrl Pts',(72.0525699526952,6.46101217253108,4.495988758998));
#4519=CARTESIAN_POINT('Ctrl Pts',(72.0302957491484,6.4774564436822,4.49593971178477));
#4520=CARTESIAN_POINT('Ctrl Pts',(71.6233772446315,6.52482569989797,5.29022247045126));
#4521=CARTESIAN_POINT('Ctrl Pts',(71.6631608149252,6.49964883689301,5.2847414028201));
#4522=CARTESIAN_POINT('Ctrl Pts',(71.7430753669333,6.44939402507304,5.27220142923696));
#4523=CARTESIAN_POINT('Ctrl Pts',(71.8667476495331,6.37143353574708,5.24644989410442));
#4524=CARTESIAN_POINT('Ctrl Pts',(71.9972302066434,6.28876647468114,5.21045554406217));
#4525=CARTESIAN_POINT('Ctrl Pts',(72.1378214547707,6.2001054515199,5.15923016968108));
#4526=CARTESIAN_POINT('Ctrl Pts',(72.2916394939529,6.10517110934399,5.08503654692557));
#4527=CARTESIAN_POINT('Ctrl Pts',(72.4594724752051,6.00622222159205,4.97687949086325));
#4528=CARTESIAN_POINT('Ctrl Pts',(72.6333570908093,5.91091035911078,4.8218506460606));
#4529=CARTESIAN_POINT('Ctrl Pts',(72.7843259137652,5.83603208312254,4.60697206697289));
#4530=CARTESIAN_POINT('Ctrl Pts',(72.8649030307312,5.80107813894318,4.34077475445425));
#4531=CARTESIAN_POINT('Ctrl Pts',(72.8660254037841,5.80384757729343,4.13418103542945));
#4532=CARTESIAN_POINT('Ctrl Pts',(72.8660254037841,5.80384757729343,4.01741665766731));
#4533=CARTESIAN_POINT('Ctrl Pts',(71.7527903220242,6.4733237201062,5.29044170662005));
#4534=CARTESIAN_POINT('Ctrl Pts',(71.789107066892,6.44856843747268,5.28557804129085));
#4535=CARTESIAN_POINT('Ctrl Pts',(71.8625657367494,6.39853739282164,5.27378902233352));
#4536=CARTESIAN_POINT('Ctrl Pts',(71.9775823256297,6.31989528877974,5.24772564578918));
#4537=CARTESIAN_POINT('Ctrl Pts',(72.0999813063956,6.23626858639576,5.21001058378333));
#4538=CARTESIAN_POINT('Ctrl Pts',(72.2324098411479,6.1470948597793,5.15570478335706));
#4539=CARTESIAN_POINT('Ctrl Pts',(72.3769017553334,6.05287801772519,5.07719753751149));
#4540=CARTESIAN_POINT('Ctrl Pts',(72.5324210724087,5.95685353187786,4.9643227009799));
#4541=CARTESIAN_POINT('Ctrl Pts',(72.6887845036851,5.86749019552255,4.80565509543263));
#4542=CARTESIAN_POINT('Ctrl Pts',(72.8179824545361,5.80031792082057,4.59164038104692));
#4543=CARTESIAN_POINT('Ctrl Pts',(72.883911776575,5.76874563010378,4.33226778841395));
#4544=CARTESIAN_POINT('Ctrl Pts',(72.8866005763501,5.76821033303466,4.13043664369012));
#4545=CARTESIAN_POINT('Ctrl Pts',(72.887842019434,5.76606009053855,4.01741665766731));
#4546=CARTESIAN_POINT('Ctrl Pts',(72.0100054686091,6.36646613097923,5.29572720121213));
#4547=CARTESIAN_POINT('Ctrl Pts',(72.0402968663639,6.34210912643623,5.29093493559282));
#4548=CARTESIAN_POINT('Ctrl Pts',(72.102278696335,6.2920144012166,5.27861748212917));
#4549=CARTESIAN_POINT('Ctrl Pts',(72.2011702734568,6.21177979599352,5.24949481786437));
#4550=CARTESIAN_POINT('Ctrl Pts',(72.3076404510908,6.12630938524203,5.20635184637154));
#4551=CARTESIAN_POINT('Ctrl Pts',(72.4228514199369,6.03652632491032,5.14433579418334));
#4552=CARTESIAN_POINT('Ctrl Pts',(72.5463565484039,5.94472691255812,5.05650549197377));
#4553=CARTESIAN_POINT('Ctrl Pts',(72.6735850587118,5.85616646402194,4.93422695620935));
#4554=CARTESIAN_POINT('Ctrl Pts',(72.7917841229446,5.7800216095533,4.7696957636218));
#4555=CARTESIAN_POINT('Ctrl Pts',(72.879240968296,5.72694491546546,4.56146518781069));
#4556=CARTESIAN_POINT('Ctrl Pts',(72.9205025612731,5.69952941482333,4.31470815390834));
#4557=CARTESIAN_POINT('Ctrl Pts',(72.9239875234288,5.69331744945605,4.12315711437871));
#4558=CARTESIAN_POINT('Ctrl Pts',(72.926521689835,5.68762546004141,4.01741665766732));
#4559=CARTESIAN_POINT('Ctrl Pts',(72.4054593318722,6.1933690158328,5.32175041403583));
#4560=CARTESIAN_POINT('Ctrl Pts',(72.4283189995245,6.16526654843418,5.31495065982829));
#4561=CARTESIAN_POINT('Ctrl Pts',(72.475670762602,6.10748012512191,5.29749040676376));
#4562=CARTESIAN_POINT('Ctrl Pts',(72.5513425281495,6.01785035316621,5.25736717507242));
#4563=CARTESIAN_POINT('Ctrl Pts',(72.6307913255497,5.92814141751463,5.20046935473379));
#4564=CARTESIAN_POINT('Ctrl Pts',(72.7121768521099,5.84177237490102,5.12259550842521));
#4565=CARTESIAN_POINT('Ctrl Pts',(72.7919542190308,5.76236801813059,5.01818786115647));
#4566=CARTESIAN_POINT('Ctrl Pts',(72.8639893027115,5.69430247124164,4.88248960768025));
#4567=CARTESIAN_POINT('Ctrl Pts',(72.9198339569826,5.64168318045335,4.71452640455152));
#4568=CARTESIAN_POINT('Ctrl Pts',(72.9530725920742,5.60528987097354,4.51354150656421));
#4569=CARTESIAN_POINT('Ctrl Pts',(72.9645764674769,5.58220507420819,4.28256481371726));
#4570=CARTESIAN_POINT('Ctrl Pts',(72.9665928466274,5.5712269694161,4.10934807011891));
#4571=CARTESIAN_POINT('Ctrl Pts',(72.9686882514922,5.56340681199841,4.01741665766733));
#4572=CARTESIAN_POINT('Ctrl Pts',(72.8780401575034,5.93486981369781,5.41223919025547));
#4573=CARTESIAN_POINT('Ctrl Pts',(72.8872809805751,5.90595325041223,5.39749653303453));
#4574=CARTESIAN_POINT('Ctrl Pts',(72.9054897804588,5.84941336809461,5.36295169081783));
#4575=CARTESIAN_POINT('Ctrl Pts',(72.930996315071,5.77058698586792,5.2946024356211));
#4576=CARTESIAN_POINT('Ctrl Pts',(72.9536606765781,5.69979638625151,5.20791046759257));
#4577=CARTESIAN_POINT('Ctrl Pts',(72.9722815082652,5.63729705623936,5.0992889442392));
#4578=CARTESIAN_POINT('Ctrl Pts',(72.9855686058927,5.58285704688551,4.96638181816855));
#4579=CARTESIAN_POINT('Ctrl Pts',(72.9926618584418,5.53686186390926,4.81009969767693));
#4580=CARTESIAN_POINT('Ctrl Pts',(72.9941702814202,5.50034769221128,4.63500274822546));
#4581=CARTESIAN_POINT('Ctrl Pts',(72.9924034290154,5.47229400924616,4.44056753542546));
#4582=CARTESIAN_POINT('Ctrl Pts',(72.9917363000732,5.45191931381185,4.23475404068128));
#4583=CARTESIAN_POINT('Ctrl Pts',(72.993628919706,5.44094351697496,4.0903273120697));
#4584=CARTESIAN_POINT('Ctrl Pts',(72.9942802619282,5.43474702634073,4.0174166576673));
#4585=CARTESIAN_POINT('Ctrl Pts',(72.9999999999995,5.88941222950775,5.46615601909609));
#4586=CARTESIAN_POINT('Ctrl Pts',(72.9999999999995,5.85556166893389,5.43922549282773));
#4587=CARTESIAN_POINT('Ctrl Pts',(72.9999999999995,5.78948518480512,5.37958549103813));
#4588=CARTESIAN_POINT('Ctrl Pts',(72.9999999999995,5.69770179055125,5.27372198238505));
#4589=CARTESIAN_POINT('Ctrl Pts',(72.9999999999995,5.61509245797317,5.15201900889438));
#4590=CARTESIAN_POINT('Ctrl Pts',(72.9999999999995,5.54142236286475,5.01389926825773));
#4591=CARTESIAN_POINT('Ctrl Pts',(72.9999999999996,5.47826799534422,4.8623101457358));
#4592=CARTESIAN_POINT('Ctrl Pts',(72.9999999999995,5.42794884473544,4.70209872319407));
#4593=CARTESIAN_POINT('Ctrl Pts',(72.9999999999996,5.39157156588421,4.53547439736609));
#4594=CARTESIAN_POINT('Ctrl Pts',(72.9999999999996,5.36755485128506,4.36316952287834));
#4595=CARTESIAN_POINT('Ctrl Pts',(72.9999999999996,5.35456388855373,4.1901779608223));
#4596=CARTESIAN_POINT('Ctrl Pts',(72.9999999999996,5.34996369476121,4.07484478297144));
#4597=CARTESIAN_POINT('Ctrl Pts',(72.9999999999996,5.3474808085933,4.01741665766733));
#4598=CARTESIAN_POINT('Ctrl Pts',(72.9999999999995,5.89070756298946,5.49117474556946));
#4599=CARTESIAN_POINT('Ctrl Pts',(72.9999999999995,5.8452594789505,5.4512198026481));
#4600=CARTESIAN_POINT('Ctrl Pts',(72.9999999999995,5.75845640562958,5.36736938561069));
#4601=CARTESIAN_POINT('Ctrl Pts',(72.9999999999995,5.64428206226388,5.23278821850957));
#4602=CARTESIAN_POINT('Ctrl Pts',(72.9999999999995,5.54704738971339,5.08998983932105));
#4603=CARTESIAN_POINT('Ctrl Pts',(72.9999999999995,5.46607751281926,4.93950064543861));
#4604=CARTESIAN_POINT('Ctrl Pts',(72.9999999999996,5.40227830774264,4.78482588101035));
#4605=CARTESIAN_POINT('Ctrl Pts',(72.9999999999995,5.35620614037383,4.62961944682248));
#4606=CARTESIAN_POINT('Ctrl Pts',(72.9999999999996,5.32629324578591,4.47341248458805));
#4607=CARTESIAN_POINT('Ctrl Pts',(72.9999999999996,5.30981100023345,4.31833545447651));
#4608=CARTESIAN_POINT('Ctrl Pts',(72.9999999999996,5.30391864191651,4.16575588274584));
#4609=CARTESIAN_POINT('Ctrl Pts',(72.9999999999996,5.30384757729345,4.06651272631272));
#4610=CARTESIAN_POINT('Ctrl Pts',(72.9999999999996,5.30384757729345,4.01741665766733));
#4611=CARTESIAN_POINT('',(72.9999999999995,5.89070756298946,5.49117474556946));
#4612=CARTESIAN_POINT('Ctrl Pts',(71.6233772446315,6.52482569989797,5.29022247045126));
#4613=CARTESIAN_POINT('Ctrl Pts',(71.7527903220242,6.4733237201062,5.29044170662005));
#4614=CARTESIAN_POINT('Ctrl Pts',(72.0100054686091,6.36646613097923,5.29572720121213));
#4615=CARTESIAN_POINT('Ctrl Pts',(72.4054593318722,6.1933690158328,5.32175041403583));
#4616=CARTESIAN_POINT('Ctrl Pts',(72.8780401511956,5.93486981714817,5.41223918904766));
#4617=CARTESIAN_POINT('Ctrl Pts',(72.9999999951159,5.88941223132801,5.4661560169371));
#4618=CARTESIAN_POINT('Ctrl Pts',(72.9999999999995,5.89070756283385,5.49117474256398));
#4619=CARTESIAN_POINT('',(72.9999999999996,5.30384757729345,4.01741665766733));
#4620=CARTESIAN_POINT('Ctrl Pts',(72.9999999999995,5.89070756298946,5.49117474556946));
#4621=CARTESIAN_POINT('Ctrl Pts',(72.9999999999995,5.86138730050244,5.46539831430992));
#4622=CARTESIAN_POINT('Ctrl Pts',(72.9999999999995,5.83292072910478,5.43880448706459));
#4623=CARTESIAN_POINT('Ctrl Pts',(72.9999999999995,5.8054734082349,5.41152424012001));
#4624=CARTESIAN_POINT('Ctrl Pts',(72.9999999999995,5.78059829241678,5.38680054101983));
#4625=CARTESIAN_POINT('Ctrl Pts',(72.9999999999995,5.75656208955979,5.36151442157302));
#4626=CARTESIAN_POINT('Ctrl Pts',(72.9999999999995,5.73345884987241,5.3357404491234));
#4627=CARTESIAN_POINT('Ctrl Pts',(72.9999999999995,5.71333994844747,5.31329580421389));
#4628=CARTESIAN_POINT('Ctrl Pts',(72.9999999999995,5.69392888559466,5.29048146691537));
#4629=CARTESIAN_POINT('Ctrl Pts',(72.9999999999995,5.67525283681746,5.26731923617716));
#4630=CARTESIAN_POINT('Ctrl Pts',(72.9999999999995,5.65291412809685,5.23961453632586));
#4631=CARTESIAN_POINT('Ctrl Pts',(72.9999999999995,5.63162767874148,5.21141129696594));
#4632=CARTESIAN_POINT('Ctrl Pts',(72.9999999999995,5.61136158168432,5.18268996309709));
#4633=CARTESIAN_POINT('Ctrl Pts',(72.9999999999995,5.59283413428657,5.15643266249562));
#4634=CARTESIAN_POINT('Ctrl Pts',(72.9999999999995,5.57515645026926,5.12973975019497));
#4635=CARTESIAN_POINT('Ctrl Pts',(72.9999999999995,5.55832405595546,5.10264861666522));
#4636=CARTESIAN_POINT('Ctrl Pts',(72.9999999999995,5.53844434694634,5.07065293968317));
#4637=CARTESIAN_POINT('Ctrl Pts',(72.9999999999995,5.51974435655547,5.0381026265924));
#4638=CARTESIAN_POINT('Ctrl Pts',(72.9999999999995,5.50225208150351,5.00513589124153));
#4639=CARTESIAN_POINT('Ctrl Pts',(72.9999999999995,5.48084505835008,4.96479124396991));
#4640=CARTESIAN_POINT('Ctrl Pts',(72.9999999999995,5.46125042595529,4.92382840849305));
#4641=CARTESIAN_POINT('Ctrl Pts',(72.9999999999995,5.4435353899925,4.88255953692729));
#4642=CARTESIAN_POINT('Ctrl Pts',(72.9999999999995,5.43028841394699,4.85169943852247));
#4643=CARTESIAN_POINT('Ctrl Pts',(72.9999999999995,5.41809340011663,4.8206705626389));
#4644=CARTESIAN_POINT('Ctrl Pts',(72.9999999999995,5.40695878831002,4.78958087550426));
#4645=CARTESIAN_POINT('Ctrl Pts',(72.9999999999995,5.39720768467537,4.76235417317429));
#4646=CARTESIAN_POINT('Ctrl Pts',(72.9999999999995,5.38827009252208,4.73508144076515));
#4647=CARTESIAN_POINT('Ctrl Pts',(72.9999999999995,5.38012823312753,4.70780023988704));
#4648=CARTESIAN_POINT('Ctrl Pts',(72.9999999999995,5.37262143627605,4.68264696433512));
#4649=CARTESIAN_POINT('Ctrl Pts',(72.9999999999995,5.36579123688859,4.65748683481546));
#4650=CARTESIAN_POINT('Ctrl Pts',(72.9999999999995,5.35959962815404,4.63231125955062));
#4651=CARTESIAN_POINT('Ctrl Pts',(72.9999999999995,5.35396201064761,4.60938825683315));
#4652=CARTESIAN_POINT('Ctrl Pts',(72.9999999999995,5.34885247627995,4.58644777208575));
#4653=CARTESIAN_POINT('Ctrl Pts',(72.9999999999995,5.34422580990703,4.56346596947273));
#4654=CARTESIAN_POINT('Ctrl Pts',(72.9999999999995,5.33943252515082,4.53965653190876));
#4655=CARTESIAN_POINT('Ctrl Pts',(72.9999999999996,5.33515734285074,4.51580330633512));
#4656=CARTESIAN_POINT('Ctrl Pts',(72.9999999999996,5.33136100459554,4.49195892922761));
#4657=CARTESIAN_POINT('Ctrl Pts',(72.9999999999996,5.32722924720414,4.46600782194093));
#4658=CARTESIAN_POINT('Ctrl Pts',(72.9999999999996,5.32366580061144,4.44007310293829));
#4659=CARTESIAN_POINT('Ctrl Pts',(72.9999999999996,5.32062219823528,4.41425179368485));
#4660=CARTESIAN_POINT('Ctrl Pts',(72.9999999999996,5.31827449909461,4.39433438725219));
#4661=CARTESIAN_POINT('Ctrl Pts',(72.9999999999996,5.31623632786606,4.37448606888053));
#4662=CARTESIAN_POINT('Ctrl Pts',(72.9999999999996,5.31447919233762,4.35472425756892));
#4663=CARTESIAN_POINT('Ctrl Pts',(72.9999999999996,5.31282083402786,4.33607335473639));
#4664=CARTESIAN_POINT('Ctrl Pts',(72.9999999999996,5.31141299615613,4.31750059652366));
#4665=CARTESIAN_POINT('Ctrl Pts',(72.9999999999996,5.31022265373165,4.29897591261494));
#4666=CARTESIAN_POINT('Ctrl Pts',(72.9999999999996,5.30905605967227,4.28082081223777));
#4667=CARTESIAN_POINT('Ctrl Pts',(72.9999999999996,5.30809749991336,4.26270291865944));
#4668=CARTESIAN_POINT('Ctrl Pts',(72.9999999999996,5.30731205640666,4.24461349093964));
#4669=CARTESIAN_POINT('Ctrl Pts',(72.9999999999996,5.30618599999606,4.21867946019899));
#4670=CARTESIAN_POINT('Ctrl Pts',(72.9999999999996,5.30541626895905,4.19280650243619));
#4671=CARTESIAN_POINT('Ctrl Pts',(72.9999999999996,5.30489739255818,4.16709460431677));
#4672=CARTESIAN_POINT('Ctrl Pts',(72.9999999999996,5.30450465004483,4.14763302257286));
#4673=CARTESIAN_POINT('Ctrl Pts',(72.9999999999996,5.30425564503647,4.12826866534921));
#4674=CARTESIAN_POINT('Ctrl Pts',(72.9999999999996,5.3041005362118,4.10903173376868));
#4675=CARTESIAN_POINT('Ctrl Pts',(72.9999999999996,5.30397314498364,4.09323239839667));
#4676=CARTESIAN_POINT('Ctrl Pts',(72.9999999999996,5.30390905975199,4.07751961671115));
#4677=CARTESIAN_POINT('Ctrl Pts',(72.9999999999996,5.30387767490776,4.06187585145237));
#4678=CARTESIAN_POINT('Ctrl Pts',(72.9999999999996,5.3038478560194,4.04701263638704));
#4679=CARTESIAN_POINT('Ctrl Pts',(72.9999999999996,5.30384757729345,4.03221247163106));
#4680=CARTESIAN_POINT('Ctrl Pts',(72.9999999999996,5.30384757729345,4.01741665766733));
#4681=CARTESIAN_POINT('Origin',(71.9999999999999,5.30384757729345,4.0174166576673));
#4682=CARTESIAN_POINT('Ctrl Pts',(71.6233772446315,6.52482569989797,5.29022247045126));
#4683=CARTESIAN_POINT('Ctrl Pts',(71.7527903220242,6.4733237201062,5.29044170662005));
#4684=CARTESIAN_POINT('Ctrl Pts',(72.0100054686091,6.36646613097923,5.29572720121213));
#4685=CARTESIAN_POINT('Ctrl Pts',(72.4054593318722,6.1933690158328,5.32175041403583));
#4686=CARTESIAN_POINT('Ctrl Pts',(72.8780401575034,5.93486981369781,5.41223919025547));
#4687=CARTESIAN_POINT('Ctrl Pts',(72.9999999999995,5.88941222950775,5.46615601909609));
#4688=CARTESIAN_POINT('Ctrl Pts',(72.9999999999995,5.89070756298946,5.49117474556946));
#4689=CARTESIAN_POINT('Ctrl Pts',(71.6568007660167,6.52086864357869,5.29582755678773));
#4690=CARTESIAN_POINT('Ctrl Pts',(71.782905762012,6.47080171947573,5.29630691544053));
#4691=CARTESIAN_POINT('Ctrl Pts',(72.0346729271128,6.36760078681718,5.30280161709296));
#4692=CARTESIAN_POINT('Ctrl Pts',(72.4243381433888,6.20039776614507,5.33428147190974));
#4693=CARTESIAN_POINT('Ctrl Pts',(72.8855267732158,5.95488027619238,5.43241262146272));
#4694=CARTESIAN_POINT('Ctrl Pts',(72.9999999999995,5.92332385268753,5.49426593944086));
#4695=CARTESIAN_POINT('Ctrl Pts',(72.9999999999995,5.93615564702842,5.53112968849082));
#4696=CARTESIAN_POINT('Ctrl Pts',(71.7238915134933,6.51600638435293,5.30550089882321));
#4697=CARTESIAN_POINT('Ctrl Pts',(71.8440268730975,6.46882449061072,5.30712026350945));
#4698=CARTESIAN_POINT('Ctrl Pts',(72.0856832814051,6.37290342152643,5.31685742890347));
#4699=CARTESIAN_POINT('Ctrl Pts',(72.4641978584879,6.21794301218435,5.35987354263353));
#4700=CARTESIAN_POINT('Ctrl Pts',(72.9005778067174,5.99997750717907,5.47170936730177));
#4701=CARTESIAN_POINT('Ctrl Pts',(72.9999999999995,5.99686555595326,5.54894350251502));
#4702=CARTESIAN_POINT('Ctrl Pts',(72.9999999999995,6.0311532137616,5.60710433326569));
#4703=CARTESIAN_POINT('Ctrl Pts',(71.8281027368255,6.51861838351672,5.31670849577113));
#4704=CARTESIAN_POINT('Ctrl Pts',(71.9407330854824,6.47614321155036,5.32126095562827));
#4705=CARTESIAN_POINT('Ctrl Pts',(72.168978457741,6.39179005810715,5.33772451633802));
#4706=CARTESIAN_POINT('Ctrl Pts',(72.5299281110319,6.25711047898231,5.39862672889605));
#4707=CARTESIAN_POINT('Ctrl Pts',(72.9222426512856,6.08448887532072,5.52581413558106));
#4708=CARTESIAN_POINT('Ctrl Pts',(72.9999999999995,6.12292081336527,5.62467086275127));
#4709=CARTESIAN_POINT('Ctrl Pts',(72.9999999999995,6.1822791202359,5.70641350607091));
#4710=CARTESIAN_POINT('Ctrl Pts',(71.9390006755501,6.53309878074966,5.32512847492931));
#4711=CARTESIAN_POINT('Ctrl Pts',(72.0450962912835,6.4959683490729,5.33339243033692));
#4712=CARTESIAN_POINT('Ctrl Pts',(72.2607374678437,6.42435222961788,5.357894186838));
#4713=CARTESIAN_POINT('Ctrl Pts',(72.6006609197779,6.31204577119617,5.43578627081788));
#4714=CARTESIAN_POINT('Ctrl Pts',(72.9418731346741,6.18791794383791,5.57374385017168));
#4715=CARTESIAN_POINT('Ctrl Pts',(72.9999999999995,6.2643364448247,5.69315096627613));
#4716=CARTESIAN_POINT('Ctrl Pts',(72.9999999999995,6.34193371282884,5.79079105610379));
#4717=CARTESIAN_POINT('Ctrl Pts',(72.0599812716445,6.56305202863716,5.33051483265321));
#4718=CARTESIAN_POINT('Ctrl Pts',(72.1597889428771,6.53212403109912,5.34296640868292));
#4719=CARTESIAN_POINT('Ctrl Pts',(72.3622982430699,6.47492480953469,5.37634786519928));
#4720=CARTESIAN_POINT('Ctrl Pts',(72.6745604420015,6.38728543132305,5.46938078648078));
#4721=CARTESIAN_POINT('Ctrl Pts',(72.958277495925,6.31464443988093,5.61622249653544));
#4722=CARTESIAN_POINT('Ctrl Pts',(72.9999999999995,6.42212219607655,5.75499239864866));
#4723=CARTESIAN_POINT('Ctrl Pts',(72.9999999999995,6.50927663104759,5.8609228371323));
#4724=CARTESIAN_POINT('Ctrl Pts',(72.1942750925267,6.61478769888983,5.33206770469493));
#4725=CARTESIAN_POINT('Ctrl Pts',(72.2870964893654,6.59116849757788,5.34902073957032));
#4726=CARTESIAN_POINT('Ctrl Pts',(72.4730348206902,6.54940331045042,5.39179931181906));
#4727=CARTESIAN_POINT('Ctrl Pts',(72.748132718879,6.48848746331942,5.49813532971396));
#4728=CARTESIAN_POINT('Ctrl Pts',(72.9703033732925,6.46684167630998,5.65469171956315));
#4729=CARTESIAN_POINT('Ctrl Pts',(72.9999999999995,6.59185885075235,5.80887280213857));
#4730=CARTESIAN_POINT('Ctrl Pts',(72.9999999999995,6.67890633203805,5.91592604001204));
#4731=CARTESIAN_POINT('Ctrl Pts',(72.3429349625321,6.69659178976731,5.32833837922735));
#4732=CARTESIAN_POINT('Ctrl Pts',(72.4260222466781,6.68076037317965,5.35007679447345));
#4733=CARTESIAN_POINT('Ctrl Pts',(72.5895097268753,6.65548751504043,5.40266969656426));
#4734=CARTESIAN_POINT('Ctrl Pts',(72.8151097138897,6.6196134448001,5.5217056639067));
#4735=CARTESIAN_POINT('Ctrl Pts',(72.9774004883448,6.64216658106015,5.69010782371394));
#4736=CARTESIAN_POINT('Ctrl Pts',(72.9999999999995,6.76680921740959,5.8526578485115));
#4737=CARTESIAN_POINT('Ctrl Pts',(72.9999999999995,6.8459046410296,5.9552931245469));
#4738=CARTESIAN_POINT('Ctrl Pts',(72.4990275002544,6.81862165671892,5.31830284457988));
#4739=CARTESIAN_POINT('Ctrl Pts',(72.5681014701313,6.81008522306008,5.34532797216297));
#4740=CARTESIAN_POINT('Ctrl Pts',(72.6986769055444,6.79563909754137,5.40862968041471));
#4741=CARTESIAN_POINT('Ctrl Pts',(72.8682670072023,6.7832867046471,5.54169303691281));
#4742=CARTESIAN_POINT('Ctrl Pts',(72.9800796992662,6.83347178492502,5.72225059753699));
#4743=CARTESIAN_POINT('Ctrl Pts',(72.9999999999995,6.94491782843511,5.88540454359625));
#4744=CARTESIAN_POINT('Ctrl Pts',(72.9999999999995,7.01174938736953,5.98057829142118));
#4745=CARTESIAN_POINT('Ctrl Pts',(72.6349676016061,6.98517439685116,5.30434004705643));
#4746=CARTESIAN_POINT('Ctrl Pts',(72.6853746673183,6.98113490789495,5.33746821933328));
#4747=CARTESIAN_POINT('Ctrl Pts',(72.7806005576058,6.97642563277628,5.4130267004484));
#4748=CARTESIAN_POINT('Ctrl Pts',(72.9024351678289,6.98153936527428,5.56191414217061));
#4749=CARTESIAN_POINT('Ctrl Pts',(72.9803290945746,7.0428999044517,5.75159794197537));
#4750=CARTESIAN_POINT('Ctrl Pts',(72.9999999999995,7.12875611443799,5.90865960853992));
#4751=CARTESIAN_POINT('Ctrl Pts',(72.9999999999995,7.17681720611047,5.99460237868555));
#4752=CARTESIAN_POINT('Ctrl Pts',(72.7064793709213,7.20494598427749,5.29518615822804));
#4753=CARTESIAN_POINT('Ctrl Pts',(72.7463510768087,7.20400023927815,5.33468774367354));
#4754=CARTESIAN_POINT('Ctrl Pts',(72.8229886966436,7.20270668055335,5.4230393932141));
#4755=CARTESIAN_POINT('Ctrl Pts',(72.9183378084896,7.21766906453244,5.58587172543534));
#4756=CARTESIAN_POINT('Ctrl Pts',(72.9821654257391,7.26401270311391,5.77802534717859));
#4757=CARTESIAN_POINT('Ctrl Pts',(72.9999999999995,7.31008735110582,5.92390893942427));
#4758=CARTESIAN_POINT('Ctrl Pts',(72.9999999999995,7.33480466525049,5.99993785147949));
#4759=CARTESIAN_POINT('Ctrl Pts',(72.7071067811861,7.37950609910317,5.29289321881346));
#4760=CARTESIAN_POINT('Ctrl Pts',(72.7507533133225,7.38021071854572,5.33653975094992));
#4761=CARTESIAN_POINT('Ctrl Pts',(72.8313102661739,7.38154270730883,5.43325150320921));
#4762=CARTESIAN_POINT('Ctrl Pts',(72.9251685648709,7.3904926562188,5.60358371513718));
#4763=CARTESIAN_POINT('Ctrl Pts',(72.985638365583,7.40899946364176,5.79437807382546));
#4764=CARTESIAN_POINT('Ctrl Pts',(72.9999999999995,7.42500530221878,5.93082582379839));
#4765=CARTESIAN_POINT('Ctrl Pts',(72.9999999999995,7.43348727368768,6.00000000000003));
#4766=CARTESIAN_POINT('Ctrl Pts',(72.7071067811861,7.48258334233307,5.29289321881346));
#4767=CARTESIAN_POINT('Ctrl Pts',(72.7533868117919,7.48258334233307,5.33917324941928));
#4768=CARTESIAN_POINT('Ctrl Pts',(72.8368292483169,7.48258334233307,5.44084829473313));
#4769=CARTESIAN_POINT('Ctrl Pts',(72.9298350870154,7.48258334233306,5.61484969618766));
#4770=CARTESIAN_POINT('Ctrl Pts',(72.9871075986862,7.48258334233307,5.80365232632582));
#4771=CARTESIAN_POINT('Ctrl Pts',(72.9999999999995,7.48258334233307,5.93455015305024));
#4772=CARTESIAN_POINT('Ctrl Pts',(72.9999999999995,7.48258334233307,6.00000000000003));
#4773=CARTESIAN_POINT('',(72.7071067811861,7.48258334233307,5.29289321881346));
#4774=CARTESIAN_POINT('Ctrl Pts',(71.6233772446315,6.52482569989797,5.29022247045126));
#4775=CARTESIAN_POINT('Ctrl Pts',(71.6568007660167,6.52086864357869,5.29582755678773));
#4776=CARTESIAN_POINT('Ctrl Pts',(71.7238915134933,6.51600638435293,5.30550089882321));
#4777=CARTESIAN_POINT('Ctrl Pts',(71.8281027368255,6.51861838351672,5.31670849577113));
#4778=CARTESIAN_POINT('Ctrl Pts',(71.9390006755501,6.53309878074966,5.32512847492931));
#4779=CARTESIAN_POINT('Ctrl Pts',(72.0599812716445,6.56305202863716,5.33051483265321));
#4780=CARTESIAN_POINT('Ctrl Pts',(72.1942750925267,6.61478769888983,5.33206770469493));
#4781=CARTESIAN_POINT('Ctrl Pts',(72.3429349625321,6.69659178976731,5.32833837922735));
#4782=CARTESIAN_POINT('Ctrl Pts',(72.4990275002544,6.81862165671892,5.31830284457988));
#4783=CARTESIAN_POINT('Ctrl Pts',(72.6349676016061,6.98517439685116,5.30434004705643));
#4784=CARTESIAN_POINT('Ctrl Pts',(72.7064793709213,7.20494598427749,5.29518615822804));
#4785=CARTESIAN_POINT('Ctrl Pts',(72.7071067811861,7.37950609910317,5.29289321881346));
#4786=CARTESIAN_POINT('Ctrl Pts',(72.7071067811861,7.48258334233307,5.29289321881346));
#4787=CARTESIAN_POINT('',(72.9999999999995,7.48258334233307,6.00000000000003));
#4788=CARTESIAN_POINT('Origin',(71.9999999999995,7.48258334233307,6.));
#4789=CARTESIAN_POINT('Ctrl Pts',(72.9999999999995,7.48258334233307,6.00000000000003));
#4790=CARTESIAN_POINT('Ctrl Pts',(72.9999999999995,7.46450288309897,6.00000000000003));
#4791=CARTESIAN_POINT('Ctrl Pts',(72.9999999999995,7.4464177695245,5.99999941663973));
#4792=CARTESIAN_POINT('Ctrl Pts',(72.9999999999995,7.42821193718269,5.9999503890752));
#4793=CARTESIAN_POINT('Ctrl Pts',(72.9999999999995,7.40912443353153,5.99989898720577));
#4794=CARTESIAN_POINT('Ctrl Pts',(72.9999999999995,7.38990450687958,5.9997943475373));
#4795=CARTESIAN_POINT('Ctrl Pts',(72.9999999999995,7.37047762593992,5.99958892484048));
#4796=CARTESIAN_POINT('Ctrl Pts',(72.9999999999995,7.34981726172791,5.99937045911008));
#4797=CARTESIAN_POINT('Ctrl Pts',(72.9999999999995,7.32892319378101,5.99903801803291));
#4798=CARTESIAN_POINT('Ctrl Pts',(72.9999999999995,7.30776641619305,5.99854266221524));
#4799=CARTESIAN_POINT('Ctrl Pts',(72.9999999999995,7.28466340829468,5.9980017381865));
#4800=CARTESIAN_POINT('Ctrl Pts',(72.9999999999995,7.26124769381365,5.99726655555508));
#4801=CARTESIAN_POINT('Ctrl Pts',(72.9999999999995,7.23754475345897,5.99628284143924));
#4802=CARTESIAN_POINT('Ctrl Pts',(72.9999999999995,7.20918112680293,5.99510570056556));
#4803=CARTESIAN_POINT('Ctrl Pts',(72.9999999999995,7.18040725443585,5.99357260565658));
#4804=CARTESIAN_POINT('Ctrl Pts',(72.9999999999995,7.15134298736098,5.99160445753053));
#4805=CARTESIAN_POINT('Ctrl Pts',(72.9999999999995,7.11807463213818,5.98935162071137));
#4806=CARTESIAN_POINT('Ctrl Pts',(72.9999999999995,7.08443155698575,5.9865290898099));
#4807=CARTESIAN_POINT('Ctrl Pts',(72.9999999999995,7.05063006548464,5.98303315685322));
#4808=CARTESIAN_POINT('Ctrl Pts',(72.9999999999995,7.02522617290792,5.98040574896846));
#4809=CARTESIAN_POINT('Ctrl Pts',(72.9999999999995,6.99973444676689,5.97739838238913));
#4810=CARTESIAN_POINT('Ctrl Pts',(72.9999999999995,6.97422190310137,5.97396912881511));
#4811=CARTESIAN_POINT('Ctrl Pts',(72.9999999999995,6.95079628765877,5.97082038847258));
#4812=CARTESIAN_POINT('Ctrl Pts',(72.9999999999995,6.92735396471832,5.96731608367833));
#4813=CARTESIAN_POINT('Ctrl Pts',(72.9999999999995,6.90390821120116,5.96342287589425));
#4814=CARTESIAN_POINT('Ctrl Pts',(72.9999999999995,6.87986351872434,5.95943021326354));
#4815=CARTESIAN_POINT('Ctrl Pts',(72.9999999999995,6.85581633310147,5.95502857943444));
#4816=CARTESIAN_POINT('Ctrl Pts',(72.9999999999995,6.83172113812199,5.95017933181581));
#4817=CARTESIAN_POINT('Ctrl Pts',(72.9999999999995,6.80694850645442,5.94519374754378));
#4818=CARTESIAN_POINT('Ctrl Pts',(72.9999999999995,6.78211686509386,5.93973356117473));
#4819=CARTESIAN_POINT('Ctrl Pts',(72.9999999999995,6.75719631214933,5.93377014415402));
#4820=CARTESIAN_POINT('Ctrl Pts',(72.9999999999995,6.73044704623139,5.92736912135081));
#4821=CARTESIAN_POINT('Ctrl Pts',(72.9999999999995,6.7035957723008,5.92038843626521));
#4822=CARTESIAN_POINT('Ctrl Pts',(72.9999999999995,6.67666526684246,5.91281389777434));
#4823=CARTESIAN_POINT('Ctrl Pts',(72.9999999999995,6.6466560898216,5.90437344474329));
#4824=CARTESIAN_POINT('Ctrl Pts',(72.9999999999995,6.6165492635997,5.89519582092178));
#4825=CARTESIAN_POINT('Ctrl Pts',(72.9999999999995,6.58643934456511,5.88528424121238));
#4826=CARTESIAN_POINT('Ctrl Pts',(72.9999999999995,6.54283486483931,5.87093052355566));
#4827=CARTESIAN_POINT('Ctrl Pts',(72.9999999999995,6.49922604848788,5.85503795515843));
#4828=CARTESIAN_POINT('Ctrl Pts',(72.9999999999995,6.45601657738729,5.83766173921558));
#4829=CARTESIAN_POINT('Ctrl Pts',(72.9999999999995,6.42402748652991,5.82479767639798));
#4830=CARTESIAN_POINT('Ctrl Pts',(72.9999999999995,6.39226152469716,5.81112203839879));
#4831=CARTESIAN_POINT('Ctrl Pts',(72.9999999999995,6.36087182059135,5.79665615806961));
#4832=CARTESIAN_POINT('Ctrl Pts',(72.9999999999995,6.33376480023443,5.78416394370397));
#4833=CARTESIAN_POINT('Ctrl Pts',(72.9999999999995,6.30693928267107,5.771082753756));
#4834=CARTESIAN_POINT('Ctrl Pts',(72.9999999999995,6.28045965378886,5.75741605765451));
#4835=CARTESIAN_POINT('Ctrl Pts',(72.9999999999995,6.25483964946412,5.74419303195492));
#4836=CARTESIAN_POINT('Ctrl Pts',(72.9999999999995,6.22954445680255,5.7304222476186));
#4837=CARTESIAN_POINT('Ctrl Pts',(72.9999999999995,6.20458411520524,5.71609160577398));
#4838=CARTESIAN_POINT('Ctrl Pts',(72.9999999999995,6.17856329224497,5.70115210292735));
#4839=CARTESIAN_POINT('Ctrl Pts',(72.9999999999995,6.1528985817308,5.68559998576828));
#4840=CARTESIAN_POINT('Ctrl Pts',(72.9999999999995,6.12756880196036,5.66941878138445));
#4841=CARTESIAN_POINT('Ctrl Pts',(72.9999999999995,6.10104998288708,5.65247799329502));
#4842=CARTESIAN_POINT('Ctrl Pts',(72.9999999999995,6.07489861488991,5.6348480175714));
#4843=CARTESIAN_POINT('Ctrl Pts',(72.9999999999995,6.04914190105216,5.61655069696669));
#4844=CARTESIAN_POINT('Ctrl Pts',(72.9999999999995,6.02066995055804,5.59632449848058));
#4845=CARTESIAN_POINT('Ctrl Pts',(72.9999999999995,5.9926809878985,5.57528341913413));
#4846=CARTESIAN_POINT('Ctrl Pts',(72.9999999999995,5.96526417036907,5.5534981462103));
#4847=CARTESIAN_POINT('Ctrl Pts',(72.9999999999995,5.93988921285024,5.53333532554795));
#4848=CARTESIAN_POINT('Ctrl Pts',(72.9999999999995,5.91500604346926,5.51253635896144));
#4849=CARTESIAN_POINT('Ctrl Pts',(72.9999999999995,5.89070756298946,5.49117474556946));
#4850=CARTESIAN_POINT('Ctrl Pts',(71.6233772446315,6.52482569989797,5.29022247045126));
#4851=CARTESIAN_POINT('Ctrl Pts',(71.6568007660167,6.52086864357869,5.29582755678773));
#4852=CARTESIAN_POINT('Ctrl Pts',(71.7238915134933,6.51600638435293,5.30550089882321));
#4853=CARTESIAN_POINT('Ctrl Pts',(71.8281027368255,6.51861838351672,5.31670849577113));
#4854=CARTESIAN_POINT('Ctrl Pts',(71.9390006755501,6.53309878074966,5.32512847492931));
#4855=CARTESIAN_POINT('Ctrl Pts',(72.0599812716445,6.56305202863716,5.33051483265321));
#4856=CARTESIAN_POINT('Ctrl Pts',(72.1942750925267,6.61478769888983,5.33206770469493));
#4857=CARTESIAN_POINT('Ctrl Pts',(72.3429349625321,6.69659178976731,5.32833837922735));
#4858=CARTESIAN_POINT('Ctrl Pts',(72.4990275002544,6.81862165671892,5.31830284457988));
#4859=CARTESIAN_POINT('Ctrl Pts',(72.6349676016061,6.98517439685116,5.30434004705643));
#4860=CARTESIAN_POINT('Ctrl Pts',(72.7064793709213,7.20494598427749,5.29518615822804));
#4861=CARTESIAN_POINT('Ctrl Pts',(72.7071067811861,7.37950609910317,5.29289321881346));
#4862=CARTESIAN_POINT('Ctrl Pts',(72.7071067811861,7.48258334233307,5.29289321881346));
#4863=CARTESIAN_POINT('Ctrl Pts',(71.612134160352,6.56233737290524,5.30982020707073));
#4864=CARTESIAN_POINT('Ctrl Pts',(71.6452193588115,6.56104400359523,5.3126670505744));
#4865=CARTESIAN_POINT('Ctrl Pts',(71.7120116168759,6.56085810824365,5.31723164774097));
#4866=CARTESIAN_POINT('Ctrl Pts',(71.8166199871533,6.56919848498771,5.32128519044413));
#4867=CARTESIAN_POINT('Ctrl Pts',(71.9284749586502,6.58850241414198,5.32251588167511));
#4868=CARTESIAN_POINT('Ctrl Pts',(72.0506023160021,6.62279681079538,5.3205027871873));
#4869=CARTESIAN_POINT('Ctrl Pts',(72.1855860284079,6.67806952958982,5.31442520371149));
#4870=CARTESIAN_POINT('Ctrl Pts',(72.3330151821644,6.7611924678457,5.3031113529522));
#4871=CARTESIAN_POINT('Ctrl Pts',(72.4835346646477,6.87997599674943,5.28651514387646));
#4872=CARTESIAN_POINT('Ctrl Pts',(72.6076997633899,7.03655667376664,5.26834401995871));
#4873=CARTESIAN_POINT('Ctrl Pts',(72.6673449802354,7.2357599850224,5.25529797145016));
#4874=CARTESIAN_POINT('Ctrl Pts',(72.6634602490496,7.39094924927294,5.249246686677));
#4875=CARTESIAN_POINT('Ctrl Pts',(72.6608267505803,7.48258334233307,5.24661318820764));
#4876=CARTESIAN_POINT('Ctrl Pts',(71.5967471707578,6.66037105258144,5.32365378280199));
#4877=CARTESIAN_POINT('Ctrl Pts',(71.6293772395076,6.66213562611637,5.32157632220263));
#4878=CARTESIAN_POINT('Ctrl Pts',(71.695917304977,6.66752973944497,5.31685335442266));
#4879=CARTESIAN_POINT('Ctrl Pts',(71.8015862189552,6.68336670650934,5.3078272148379));
#4880=CARTESIAN_POINT('Ctrl Pts',(71.9153442302918,6.70973605783832,5.29635561112279));
#4881=CARTESIAN_POINT('Ctrl Pts',(72.0392409969824,6.74992378449123,5.28166624817775));
#4882=CARTESIAN_POINT('Ctrl Pts',(72.174006251125,6.80826363392063,5.26306176838023));
#4883=CARTESIAN_POINT('Ctrl Pts',(72.3153218182149,6.88925990740469,5.24076318398727));
#4884=CARTESIAN_POINT('Ctrl Pts',(72.4490742199777,6.99772177841382,5.21685410894733));
#4885=CARTESIAN_POINT('Ctrl Pts',(72.5453100503757,7.13080872834532,5.19561785097772));
#4886=CARTESIAN_POINT('Ctrl Pts',(72.5802131057636,7.28807957690195,5.17869992897845));
#4887=CARTESIAN_POINT('Ctrl Pts',(72.5667484967903,7.40978655546901,5.1686897338256));
#4888=CARTESIAN_POINT('Ctrl Pts',(72.5591517052664,7.48258334233305,5.16317075168263));
#4889=CARTESIAN_POINT('Ctrl Pts',(71.5871455002711,6.87466299537174,5.25794264507759));
#4890=CARTESIAN_POINT('Ctrl Pts',(71.6204142232803,6.87798135828865,5.25126734891655));
#4891=CARTESIAN_POINT('Ctrl Pts',(71.6885410823435,6.88636465792333,5.23766250879835));
#4892=CARTESIAN_POINT('Ctrl Pts',(71.7966362626471,6.90535897869021,5.21622501241053));
#4893=CARTESIAN_POINT('Ctrl Pts',(71.9115560000052,6.93232811661481,5.19375005879483));
#4894=CARTESIAN_POINT('Ctrl Pts',(72.0327459192622,6.96922151074238,5.17063988763828));
#4895=CARTESIAN_POINT('Ctrl Pts',(72.1565323863274,7.01838218659254,5.14782309684406));
#4896=CARTESIAN_POINT('Ctrl Pts',(72.2723802935611,7.08028073517345,5.12675715888817));
#4897=CARTESIAN_POINT('Ctrl Pts',(72.3652496502723,7.15508080222017,5.1089925291732));
#4898=CARTESIAN_POINT('Ctrl Pts',(72.4142943570375,7.2367945520798,5.09480859665463));
#4899=CARTESIAN_POINT('Ctrl Pts',(72.4172781773909,7.33758777581777,5.08299082767105));
#4900=CARTESIAN_POINT('Ctrl Pts',(72.3964162848623,7.42694712104397,5.07483143512864));
#4901=CARTESIAN_POINT('Ctrl Pts',(72.3851503038119,7.48258334233307,5.07016491298409));
#4902=CARTESIAN_POINT('Ctrl Pts',(71.5890238181115,7.20528676447142,5.07577989342969));
#4903=CARTESIAN_POINT('Ctrl Pts',(71.6237699615487,7.20090442275076,5.07129438775264));
#4904=CARTESIAN_POINT('Ctrl Pts',(71.6943195702621,7.19327439084673,5.06285017715672));
#4905=CARTESIAN_POINT('Ctrl Pts',(71.8026313735437,7.18615492361937,5.05189885837667));
#4906=CARTESIAN_POINT('Ctrl Pts',(71.9111494982081,7.18432958597342,5.04279491237222));
#4907=CARTESIAN_POINT('Ctrl Pts',(72.0145563404421,7.18855693851656,5.03561659554918));
#4908=CARTESIAN_POINT('Ctrl Pts',(72.105849786275,7.19974801335033,5.03030508111371));
#4909=CARTESIAN_POINT('Ctrl Pts',(72.1750892661873,7.21841898778835,5.0265423893284));
#4910=CARTESIAN_POINT('Ctrl Pts',(72.2185032872001,7.24654568561199,5.02366068933564));
#4911=CARTESIAN_POINT('Ctrl Pts',(72.230922599822,7.29244983252315,5.02091346428036));
#4912=CARTESIAN_POINT('Ctrl Pts',(72.2225541611985,7.36434653903049,5.01741141743627));
#4913=CARTESIAN_POINT('Ctrl Pts',(72.2056219261741,7.43865645535068,5.01436163441657));
#4914=CARTESIAN_POINT('Ctrl Pts',(72.1963476736737,7.48258334233307,5.01289240131329));
#4915=CARTESIAN_POINT('Ctrl Pts',(71.5995577879838,7.36202782727727,5.));
#4916=CARTESIAN_POINT('Ctrl Pts',(71.6317689051672,7.34757141070269,5.));
#4917=CARTESIAN_POINT('Ctrl Pts',(71.6954790898065,7.32070485221516,5.));
#4918=CARTESIAN_POINT('Ctrl Pts',(71.7861584525726,7.28721060006977,5.));
#4919=CARTESIAN_POINT('Ctrl Pts',(71.8687972110615,7.26125966508919,5.));
#4920=CARTESIAN_POINT('Ctrl Pts',(71.9405262927433,7.24498709182383,5.));
#4921=CARTESIAN_POINT('Ctrl Pts',(71.997617565423,7.23906274128127,5.));
#4922=CARTESIAN_POINT('Ctrl Pts',(72.0410173332924,7.24891131091707,5.));
#4923=CARTESIAN_POINT('Ctrl Pts',(72.066713672609,7.27036404395726,5.));
#4924=CARTESIAN_POINT('Ctrl Pts',(72.077891444486,7.31946510328678,5.));
#4925=CARTESIAN_POINT('Ctrl Pts',(72.0764098806172,7.38241755491445,5.));
#4926=CARTESIAN_POINT('Ctrl Pts',(72.0691741762011,7.44704777921714,5.));
#4927=CARTESIAN_POINT('Ctrl Pts',(72.0654498469493,7.48258334233306,5.));
#4928=CARTESIAN_POINT('Ctrl Pts',(71.606021292628,7.43721018429695,5.));
#4929=CARTESIAN_POINT('Ctrl Pts',(71.6301218534178,7.41604487600138,5.));
#4930=CARTESIAN_POINT('Ctrl Pts',(71.6785174686251,7.3766500159602,5.));
#4931=CARTESIAN_POINT('Ctrl Pts',(71.7489449717275,7.32784336287596,5.));
#4932=CARTESIAN_POINT('Ctrl Pts',(71.8141230663826,7.29073221797546,5.));
#4933=CARTESIAN_POINT('Ctrl Pts',(71.8715845861202,7.26727760685705,5.));
#4934=CARTESIAN_POINT('Ctrl Pts',(71.9186184347174,7.25833254358988,5.));
#4935=CARTESIAN_POINT('Ctrl Pts',(71.9560231174671,7.26624171686631,5.));
#4936=CARTESIAN_POINT('Ctrl Pts',(71.9800922277257,7.28879240972751,5.));
#4937=CARTESIAN_POINT('Ctrl Pts',(71.9948110822034,7.33623429458981,5.));
#4938=CARTESIAN_POINT('Ctrl Pts',(72.0001682906,7.39401831470306,5.));
#4939=CARTESIAN_POINT('Ctrl Pts',(71.9999999999995,7.45185903856808,5.));
#4940=CARTESIAN_POINT('Ctrl Pts',(71.9999999999995,7.48258334233306,5.));
#4941=CARTESIAN_POINT('',(71.606021292628,7.43721018429695,5.));
#4942=CARTESIAN_POINT('Ctrl Pts',(71.6233772446315,6.52482569989797,5.29022247045126));
#4943=CARTESIAN_POINT('Ctrl Pts',(71.612134160352,6.56233737290524,5.30982020707073));
#4944=CARTESIAN_POINT('Ctrl Pts',(71.5967471707578,6.66037105258144,5.32365378280199));
#4945=CARTESIAN_POINT('Ctrl Pts',(71.5871455002711,6.87466299537174,5.25794264507759));
#4946=CARTESIAN_POINT('Ctrl Pts',(71.5890238181115,7.20528676447142,5.07577989342969));
#4947=CARTESIAN_POINT('Ctrl Pts',(71.5995577879838,7.36202782727727,5.));
#4948=CARTESIAN_POINT('Ctrl Pts',(71.606021292628,7.43721018429695,5.));
#4949=CARTESIAN_POINT('',(71.9999999999995,7.48258334233307,5.));
#4950=CARTESIAN_POINT('Ctrl Pts',(71.606021292628,7.43721018429695,5.));
#4951=CARTESIAN_POINT('Ctrl Pts',(71.6310116452472,7.41526345358743,5.));
#4952=CARTESIAN_POINT('Ctrl Pts',(71.6561119656066,7.39489478540073,5.));
#4953=CARTESIAN_POINT('Ctrl Pts',(71.6807945382219,7.37637953214841,5.));
#4954=CARTESIAN_POINT('Ctrl Pts',(71.7021775544695,7.3603393904948,5.));
#4955=CARTESIAN_POINT('Ctrl Pts',(71.7232515448337,7.34568694147969,5.));
#4956=CARTESIAN_POINT('Ctrl Pts',(71.7436647107082,7.33259928379506,5.));
#4957=CARTESIAN_POINT('Ctrl Pts',(71.7585709064619,7.32304235428184,5.));
#4958=CARTESIAN_POINT('Ctrl Pts',(71.7731209558491,7.31431931514803,5.));
#4959=CARTESIAN_POINT('Ctrl Pts',(71.7871706062059,7.30651258970081,5.));
#4960=CARTESIAN_POINT('Ctrl Pts',(71.801903678117,7.29832611925618,5.));
#4961=CARTESIAN_POINT('Ctrl Pts',(71.8160903112801,7.29115149865306,5.));
#4962=CARTESIAN_POINT('Ctrl Pts',(71.8296217695634,7.28508417086618,5.));
#4963=CARTESIAN_POINT('Ctrl Pts',(71.8399495246391,7.28045334142895,5.));
#4964=CARTESIAN_POINT('Ctrl Pts',(71.8498981872977,7.27646827581424,5.));
#4965=CARTESIAN_POINT('Ctrl Pts',(71.8594005321903,7.27314357714067,5.));
#4966=CARTESIAN_POINT('Ctrl Pts',(71.8663987999817,7.27069500977058,5.));
#4967=CARTESIAN_POINT('Ctrl Pts',(71.8731495162672,7.26859990709674,5.));
#4968=CARTESIAN_POINT('Ctrl Pts',(71.8796353831931,7.26687092261749,5.));
#4969=CARTESIAN_POINT('Ctrl Pts',(71.88949276757,7.26424316833448,5.));
#4970=CARTESIAN_POINT('Ctrl Pts',(71.8987418327515,7.2624669913056,5.));
#4971=CARTESIAN_POINT('Ctrl Pts',(71.9074270275135,7.26165205835847,5.));
#4972=CARTESIAN_POINT('Ctrl Pts',(71.9127325526931,7.26115424024509,5.));
#4973=CARTESIAN_POINT('Ctrl Pts',(71.9178295857263,7.26101609613611,5.));
#4974=CARTESIAN_POINT('Ctrl Pts',(71.9227157572431,7.26124066865245,5.));
#4975=CARTESIAN_POINT('Ctrl Pts',(71.9275317309621,7.26146201481947,5.));
#4976=CARTESIAN_POINT('Ctrl Pts',(71.9321440080321,7.26203681727642,5.));
#4977=CARTESIAN_POINT('Ctrl Pts',(71.9365176804031,7.26292834176165,5.));
#4978=CARTESIAN_POINT('Ctrl Pts',(71.9406386490882,7.26376835541012,5.));
#4979=CARTESIAN_POINT('Ctrl Pts',(71.944542921802,7.26488232958329,5.));
#4980=CARTESIAN_POINT('Ctrl Pts',(71.9482092670797,7.26626610374184,5.));
#4981=CARTESIAN_POINT('Ctrl Pts',(71.9525077963561,7.26788848059994,5.));
#4982=CARTESIAN_POINT('Ctrl Pts',(71.9564793109509,7.26988297408629,5.));
#4983=CARTESIAN_POINT('Ctrl Pts',(71.9601306077893,7.27231351846684,5.));
#4984=CARTESIAN_POINT('Ctrl Pts',(71.9645498318277,7.27525524592105,5.));
#4985=CARTESIAN_POINT('Ctrl Pts',(71.9685011995372,7.27884207638059,5.));
#4986=CARTESIAN_POINT('Ctrl Pts',(71.9720442138662,7.28322438389849,5.));
#4987=CARTESIAN_POINT('Ctrl Pts',(71.9747083592357,7.28651963003571,5.));
#4988=CARTESIAN_POINT('Ctrl Pts',(71.9771430589705,7.29026657303161,5.));
#4989=CARTESIAN_POINT('Ctrl Pts',(71.9793763410415,7.29449669509939,5.));
#4990=CARTESIAN_POINT('Ctrl Pts',(71.9813439261915,7.29822355319381,5.));
#4991=CARTESIAN_POINT('Ctrl Pts',(71.9831555424234,7.30232602902318,5.));
#4992=CARTESIAN_POINT('Ctrl Pts',(71.9848234622061,7.3067837036936,5.));
#4993=CARTESIAN_POINT('Ctrl Pts',(71.9864011155629,7.31100013273314,5.));
#4994=CARTESIAN_POINT('Ctrl Pts',(71.9878504601548,7.31553492096643,5.));
#4995=CARTESIAN_POINT('Ctrl Pts',(71.9891710639097,7.3203227025904,5.));
#4996=CARTESIAN_POINT('Ctrl Pts',(71.9903174271364,7.32447878405757,5.));
#4997=CARTESIAN_POINT('Ctrl Pts',(71.9913656044894,7.32881862907508,5.));
#4998=CARTESIAN_POINT('Ctrl Pts',(71.9923108498633,7.33329066593881,5.));
#4999=CARTESIAN_POINT('Ctrl Pts',(71.9932899873244,7.33792304917162,5.));
#5000=CARTESIAN_POINT('Ctrl Pts',(71.9941586695901,7.34269797554584,5.));
#5001=CARTESIAN_POINT('Ctrl Pts',(71.9949198191553,7.347619557314,5.));
#5002=CARTESIAN_POINT('Ctrl Pts',(71.9958332404549,7.35352572585237,5.));
#5003=CARTESIAN_POINT('Ctrl Pts',(71.9965916800348,7.35964412436265,5.));
#5004=CARTESIAN_POINT('Ctrl Pts',(71.9972129037258,7.36605562804275,5.));
#5005=CARTESIAN_POINT('Ctrl Pts',(71.9979422253014,7.37358278457836,5.));
#5006=CARTESIAN_POINT('Ctrl Pts',(71.9984825528106,7.38152010970597,5.));
#5007=CARTESIAN_POINT('Ctrl Pts',(71.9988790389872,7.39003440459629,5.));
#5008=CARTESIAN_POINT('Ctrl Pts',(71.9991764036197,7.39642012576403,5.));
#5009=CARTESIAN_POINT('Ctrl Pts',(71.9993932923076,7.40313213231058,5.));
#5010=CARTESIAN_POINT('Ctrl Pts',(71.9995520073674,7.41021168634571,5.));
#5011=CARTESIAN_POINT('Ctrl Pts',(71.9996930329448,7.41650219335291,5.));
#5012=CARTESIAN_POINT('Ctrl Pts',(71.9997882391878,7.42308347541094,5.));
#5013=CARTESIAN_POINT('Ctrl Pts',(71.9998534233916,7.42994554815836,5.));
#5014=CARTESIAN_POINT('Ctrl Pts',(71.9999150327156,7.43643128610078,5.));
#5015=CARTESIAN_POINT('Ctrl Pts',(71.9999498858618,7.44316838951463,5.));
#5016=CARTESIAN_POINT('Ctrl Pts',(71.9999703236719,7.45010361850209,5.));
#5017=CARTESIAN_POINT('Ctrl Pts',(71.9999895106745,7.45661440690233,5.));
#5018=CARTESIAN_POINT('Ctrl Pts',(71.9999960292909,7.46330002635189,5.));
#5019=CARTESIAN_POINT('Ctrl Pts',(71.9999985096914,7.4700708828326,5.));
#5020=CARTESIAN_POINT('Ctrl Pts',(72.0000000299268,7.47422073513338,5.));
#5021=CARTESIAN_POINT('Ctrl Pts',(71.9999999999995,7.47840170061876,5.));
#5022=CARTESIAN_POINT('Ctrl Pts',(71.9999999999995,7.48258334233307,5.));
#5023=CARTESIAN_POINT('Origin',(71.9999999999995,7.48258334233307,6.));
#5024=CARTESIAN_POINT('Ctrl Pts',(69.8057305905688,5.77937723026104,-5.));
#5025=CARTESIAN_POINT('Ctrl Pts',(69.8057305905688,5.77937723026104,9.));
#5026=CARTESIAN_POINT('Ctrl Pts',(69.6854793490054,5.33681423261175,-5.));
#5027=CARTESIAN_POINT('Ctrl Pts',(69.6854793490054,5.33681423261175,9.));
#5028=CARTESIAN_POINT('Ctrl Pts',(69.3936795781354,4.50485088820592,-5.));
#5029=CARTESIAN_POINT('Ctrl Pts',(69.3936795781354,4.50485088820592,9.));
#5030=CARTESIAN_POINT('Ctrl Pts',(68.8020888987947,3.41639114728272,-5.));
#5031=CARTESIAN_POINT('Ctrl Pts',(68.8020888987947,3.41639114728272,9.));
#5032=CARTESIAN_POINT('Ctrl Pts',(67.7267393543267,2.28285439266711,-5.));
#5033=CARTESIAN_POINT('Ctrl Pts',(67.7267393543267,2.28285439266711,9.));
#5034=CARTESIAN_POINT('Ctrl Pts',(66.0281899725248,1.38522605665965,-5.));
#5035=CARTESIAN_POINT('Ctrl Pts',(66.0281899725248,1.38522605665965,9.));
#5036=CARTESIAN_POINT('Ctrl Pts',(64.136050251752,0.987231683055346,-5.));
#5037=CARTESIAN_POINT('Ctrl Pts',(64.136050251752,0.987231683055346,9.));
#5038=CARTESIAN_POINT('Ctrl Pts',(62.2164888269732,1.05553637543507,-5.));
#5039=CARTESIAN_POINT('Ctrl Pts',(62.2164888269732,1.05553637543507,9.));
#5040=CARTESIAN_POINT('Ctrl Pts',(60.412162236817,1.53870771771355,-5.));
#5041=CARTESIAN_POINT('Ctrl Pts',(60.412162236817,1.53870771771355,9.));
#5042=CARTESIAN_POINT('Ctrl Pts',(58.8061880327447,2.35772706939886,-5.));
#5043=CARTESIAN_POINT('Ctrl Pts',(58.8061880327447,2.35772706939886,9.));
#5044=CARTESIAN_POINT('Ctrl Pts',(57.4276967700085,3.41736891809633,-5.));
#5045=CARTESIAN_POINT('Ctrl Pts',(57.4276967700085,3.41736891809633,9.));
#5046=CARTESIAN_POINT('Ctrl Pts',(56.2671674644589,4.62199844584998,-5.));
#5047=CARTESIAN_POINT('Ctrl Pts',(56.2671674644589,4.62199844584998,9.));
#5048=CARTESIAN_POINT('Ctrl Pts',(55.2865149190372,5.88951440202496,-5.));
#5049=CARTESIAN_POINT('Ctrl Pts',(55.2865149190372,5.88951440202496,9.));
#5050=CARTESIAN_POINT('Ctrl Pts',(54.429627586769,7.16429456401388,-5.));
#5051=CARTESIAN_POINT('Ctrl Pts',(54.429627586769,7.16429456401388,9.));
#5052=CARTESIAN_POINT('Ctrl Pts',(53.6314398817786,8.43470740987011,-5.));
#5053=CARTESIAN_POINT('Ctrl Pts',(53.6314398817786,8.43470740987011,9.));
#5054=CARTESIAN_POINT('Ctrl Pts',(52.8264049936503,9.7218391174178,-5.));
#5055=CARTESIAN_POINT('Ctrl Pts',(52.8264049936503,9.7218391174178,9.));
#5056=CARTESIAN_POINT('Ctrl Pts',(52.1305462272138,10.7933529363915,-5.));
#5057=CARTESIAN_POINT('Ctrl Pts',(52.1305462272138,10.7933529363915,9.));
#5058=CARTESIAN_POINT('Ctrl Pts',(51.5606051866883,11.6360985188454,-5.));
#5059=CARTESIAN_POINT('Ctrl Pts',(51.5606051866883,11.6360985188454,9.));
#5060=CARTESIAN_POINT('Ctrl Pts',(51.1569968541488,12.2175902095895,-5.));
#5061=CARTESIAN_POINT('Ctrl Pts',(51.1569968541488,12.2175902095895,9.));
#5062=CARTESIAN_POINT('Ctrl Pts',(50.949280628969,12.5132519514227,-5.));
#5063=CARTESIAN_POINT('Ctrl Pts',(50.949280628969,12.5132519514227,9.));
#5064=CARTESIAN_POINT('',(50.949280628969,12.5132519514227,-5.));
#5065=CARTESIAN_POINT('',(69.8057305905688,5.77937723026104,-5.));
#5066=CARTESIAN_POINT('Ctrl Pts',(50.949280628969,12.5132519514227,-5.));
#5067=CARTESIAN_POINT('Ctrl Pts',(51.1569968541488,12.2175902095895,-5.));
#5068=CARTESIAN_POINT('Ctrl Pts',(51.5606051866883,11.6360985188454,-5.));
#5069=CARTESIAN_POINT('Ctrl Pts',(52.1305462272138,10.7933529363915,-5.));
#5070=CARTESIAN_POINT('Ctrl Pts',(52.8264049936503,9.7218391174178,-5.));
#5071=CARTESIAN_POINT('Ctrl Pts',(53.6314398817786,8.43470740987011,-5.));
#5072=CARTESIAN_POINT('Ctrl Pts',(54.429627586769,7.16429456401388,-5.));
#5073=CARTESIAN_POINT('Ctrl Pts',(55.2865149190372,5.88951440202496,-5.));
#5074=CARTESIAN_POINT('Ctrl Pts',(56.2671674644589,4.62199844584998,-5.));
#5075=CARTESIAN_POINT('Ctrl Pts',(57.4276967700085,3.41736891809633,-5.));
#5076=CARTESIAN_POINT('Ctrl Pts',(58.8061880327447,2.35772706939886,-5.));
#5077=CARTESIAN_POINT('Ctrl Pts',(60.412162236817,1.53870771771355,-5.));
#5078=CARTESIAN_POINT('Ctrl Pts',(62.2164888269732,1.05553637543507,-5.));
#5079=CARTESIAN_POINT('Ctrl Pts',(64.136050251752,0.987231683055346,-5.));
#5080=CARTESIAN_POINT('Ctrl Pts',(66.0281899725248,1.38522605665965,-5.));
#5081=CARTESIAN_POINT('Ctrl Pts',(67.7267393543267,2.28285439266711,-5.));
#5082=CARTESIAN_POINT('Ctrl Pts',(68.8020888987947,3.41639114728272,-5.));
#5083=CARTESIAN_POINT('Ctrl Pts',(69.3936795781354,4.50485088820592,-5.));
#5084=CARTESIAN_POINT('Ctrl Pts',(69.6854793490054,5.33681423261175,-5.));
#5085=CARTESIAN_POINT('Ctrl Pts',(69.8057305905688,5.77937723026104,-5.));
#5086=CARTESIAN_POINT('',(50.949280628969,12.5132519514227,9.));
#5087=CARTESIAN_POINT('',(50.949280628969,12.5132519514227,-5.));
#5088=CARTESIAN_POINT('',(69.8057305905688,5.77937723026104,9.));
#5089=CARTESIAN_POINT('Ctrl Pts',(69.8057305905688,5.77937723026104,9.));
#5090=CARTESIAN_POINT('Ctrl Pts',(69.6854793490054,5.33681423261175,9.));
#5091=CARTESIAN_POINT('Ctrl Pts',(69.3936795781354,4.50485088820592,9.));
#5092=CARTESIAN_POINT('Ctrl Pts',(68.8020888987947,3.41639114728272,9.));
#5093=CARTESIAN_POINT('Ctrl Pts',(67.7267393543267,2.28285439266711,9.));
#5094=CARTESIAN_POINT('Ctrl Pts',(66.0281899725248,1.38522605665965,9.));
#5095=CARTESIAN_POINT('Ctrl Pts',(64.136050251752,0.987231683055346,9.));
#5096=CARTESIAN_POINT('Ctrl Pts',(62.2164888269732,1.05553637543507,9.));
#5097=CARTESIAN_POINT('Ctrl Pts',(60.412162236817,1.53870771771355,9.));
#5098=CARTESIAN_POINT('Ctrl Pts',(58.8061880327447,2.35772706939886,9.));
#5099=CARTESIAN_POINT('Ctrl Pts',(57.4276967700085,3.41736891809633,9.));
#5100=CARTESIAN_POINT('Ctrl Pts',(56.2671674644589,4.62199844584998,9.));
#5101=CARTESIAN_POINT('Ctrl Pts',(55.2865149190372,5.88951440202496,9.));
#5102=CARTESIAN_POINT('Ctrl Pts',(54.429627586769,7.16429456401388,9.));
#5103=CARTESIAN_POINT('Ctrl Pts',(53.6314398817786,8.43470740987011,9.));
#5104=CARTESIAN_POINT('Ctrl Pts',(52.8264049936503,9.7218391174178,9.));
#5105=CARTESIAN_POINT('Ctrl Pts',(52.1305462272138,10.7933529363915,9.));
#5106=CARTESIAN_POINT('Ctrl Pts',(51.5606051866883,11.6360985188454,9.));
#5107=CARTESIAN_POINT('Ctrl Pts',(51.1569968541488,12.2175902095895,9.));
#5108=CARTESIAN_POINT('Ctrl Pts',(50.949280628969,12.5132519514227,9.));
#5109=CARTESIAN_POINT('',(69.8057305905688,5.77937723026104,-5.));
#5110=CARTESIAN_POINT('Ctrl Pts',(44.9923368725803,6.33239399896504,-5.));
#5111=CARTESIAN_POINT('Ctrl Pts',(44.9923368725803,6.33239399896504,9.));
#5112=CARTESIAN_POINT('Ctrl Pts',(45.4086878085644,6.06225907450573,-5.));
#5113=CARTESIAN_POINT('Ctrl Pts',(45.4086878085644,6.06225907450573,9.));
#5114=CARTESIAN_POINT('Ctrl Pts',(46.2324963213477,5.52352235691744,-5.));
#5115=CARTESIAN_POINT('Ctrl Pts',(46.2324963213477,5.52352235691744,9.));
#5116=CARTESIAN_POINT('Ctrl Pts',(47.4415310091641,4.72001642631634,-5.));
#5117=CARTESIAN_POINT('Ctrl Pts',(47.4415310091641,4.72001642631634,9.));
#5118=CARTESIAN_POINT('Ctrl Pts',(48.9916308915592,3.65315154574578,-5.));
#5119=CARTESIAN_POINT('Ctrl Pts',(48.9916308915592,3.65315154574578,9.));
#5120=CARTESIAN_POINT('Ctrl Pts',(50.7767708469682,2.29966707061378,-5.));
#5121=CARTESIAN_POINT('Ctrl Pts',(50.7767708469682,2.29966707061378,9.));
#5122=CARTESIAN_POINT('Ctrl Pts',(52.3468455103943,0.890338130972823,-5.));
#5123=CARTESIAN_POINT('Ctrl Pts',(52.3468455103943,0.890338130972823,9.));
#5124=CARTESIAN_POINT('Ctrl Pts',(53.643063059489,-0.612039677891786,-5.));
#5125=CARTESIAN_POINT('Ctrl Pts',(53.643063059489,-0.612039677891786,9.));
#5126=CARTESIAN_POINT('Ctrl Pts',(54.6272622554715,-2.23908053205553,-5.));
#5127=CARTESIAN_POINT('Ctrl Pts',(54.6272622554715,-2.23908053205553,9.));
#5128=CARTESIAN_POINT('Ctrl Pts',(55.3111633532186,-4.00572829968178,-5.));
#5129=CARTESIAN_POINT('Ctrl Pts',(55.3111633532186,-4.00572829968178,9.));
#5130=CARTESIAN_POINT('Ctrl Pts',(55.7396606455187,-5.91508119402319,-5.));
#5131=CARTESIAN_POINT('Ctrl Pts',(55.7396606455187,-5.91508119402319,9.));
#5132=CARTESIAN_POINT('Ctrl Pts',(55.9206726672312,-7.55552010867138,-5.));
#5133=CARTESIAN_POINT('Ctrl Pts',(55.9206726672312,-7.55552010867138,9.));
#5134=CARTESIAN_POINT('Ctrl Pts',(55.9855776824949,-8.84826278075158,-5.));
#5135=CARTESIAN_POINT('Ctrl Pts',(55.9855776824949,-8.84826278075158,9.));
#5136=CARTESIAN_POINT('Ctrl Pts',(55.9999999999999,-9.73769808834007,-5.));
#5137=CARTESIAN_POINT('Ctrl Pts',(55.9999999999999,-9.73769808834007,9.));
#5138=CARTESIAN_POINT('Ctrl Pts',(55.9999999999999,-10.1893174528975,-5.));
#5139=CARTESIAN_POINT('Ctrl Pts',(55.9999999999999,-10.1893174528975,9.));
#5140=CARTESIAN_POINT('',(55.9999999999999,-10.1893174528975,-5.));
#5141=CARTESIAN_POINT('',(44.9923368725803,6.33239399896504,-5.));
#5142=CARTESIAN_POINT('Ctrl Pts',(55.9999999999999,-10.1893174528975,-5.));
#5143=CARTESIAN_POINT('Ctrl Pts',(55.9999999999999,-9.73769808834007,-5.));
#5144=CARTESIAN_POINT('Ctrl Pts',(55.9855776824949,-8.84826278075158,-5.));
#5145=CARTESIAN_POINT('Ctrl Pts',(55.9206726672312,-7.55552010867138,-5.));
#5146=CARTESIAN_POINT('Ctrl Pts',(55.7396606455187,-5.91508119402319,-5.));
#5147=CARTESIAN_POINT('Ctrl Pts',(55.3111633532186,-4.00572829968178,-5.));
#5148=CARTESIAN_POINT('Ctrl Pts',(54.6272622554715,-2.23908053205553,-5.));
#5149=CARTESIAN_POINT('Ctrl Pts',(53.643063059489,-0.612039677891786,-5.));
#5150=CARTESIAN_POINT('Ctrl Pts',(52.3468455103943,0.890338130972823,-5.));
#5151=CARTESIAN_POINT('Ctrl Pts',(50.7767708469682,2.29966707061378,-5.));
#5152=CARTESIAN_POINT('Ctrl Pts',(48.9916308915592,3.65315154574578,-5.));
#5153=CARTESIAN_POINT('Ctrl Pts',(47.4415310091641,4.72001642631634,-5.));
#5154=CARTESIAN_POINT('Ctrl Pts',(46.2324963213477,5.52352235691744,-5.));
#5155=CARTESIAN_POINT('Ctrl Pts',(45.4086878085644,6.06225907450573,-5.));
#5156=CARTESIAN_POINT('Ctrl Pts',(44.9923368725803,6.33239399896504,-5.));
#5157=CARTESIAN_POINT('',(56.,-10.1893174528981,9.));
#5158=CARTESIAN_POINT('',(56.,-10.1893174528981,-10.));
#5159=CARTESIAN_POINT('',(44.9923368725803,6.33239399896504,9.));
#5160=CARTESIAN_POINT('Ctrl Pts',(44.9923368725803,6.33239399896504,9.));
#5161=CARTESIAN_POINT('Ctrl Pts',(45.4086878085644,6.06225907450573,9.));
#5162=CARTESIAN_POINT('Ctrl Pts',(46.2324963213477,5.52352235691744,9.));
#5163=CARTESIAN_POINT('Ctrl Pts',(47.4415310091641,4.72001642631634,9.));
#5164=CARTESIAN_POINT('Ctrl Pts',(48.9916308915592,3.65315154574578,9.));
#5165=CARTESIAN_POINT('Ctrl Pts',(50.7767708469682,2.29966707061378,9.));
#5166=CARTESIAN_POINT('Ctrl Pts',(52.3468455103943,0.890338130972823,9.));
#5167=CARTESIAN_POINT('Ctrl Pts',(53.643063059489,-0.612039677891786,9.));
#5168=CARTESIAN_POINT('Ctrl Pts',(54.6272622554715,-2.23908053205553,9.));
#5169=CARTESIAN_POINT('Ctrl Pts',(55.3111633532186,-4.00572829968178,9.));
#5170=CARTESIAN_POINT('Ctrl Pts',(55.7396606455187,-5.91508119402319,9.));
#5171=CARTESIAN_POINT('Ctrl Pts',(55.9206726672312,-7.55552010867138,9.));
#5172=CARTESIAN_POINT('Ctrl Pts',(55.9855776824949,-8.84826278075158,9.));
#5173=CARTESIAN_POINT('Ctrl Pts',(55.9999999999999,-9.73769808834007,9.));
#5174=CARTESIAN_POINT('Ctrl Pts',(55.9999999999999,-10.1893174528975,9.));
#5175=CARTESIAN_POINT('',(44.9923368725803,6.33239399896504,-5.));
#5176=CARTESIAN_POINT('Origin',(47.3719363508278,9.99999999999811,-5.));
#5177=CARTESIAN_POINT('',(43.,9.99999999999811,-5.));
#5178=CARTESIAN_POINT('Origin',(47.3719363508278,9.99999999999811,-5.));
#5179=CARTESIAN_POINT('Origin',(47.3719363508278,9.99999999999811,-5.));
#5180=CARTESIAN_POINT('Origin',(47.3719363508278,9.99999999999811,9.));
#5181=CARTESIAN_POINT('Origin',(63.,10.5,-5.));
#5182=CARTESIAN_POINT('',(43.,-9.,-5.));
#5183=CARTESIAN_POINT('',(43.,-19.,-5.));
#5184=CARTESIAN_POINT('',(53.,-19.,-5.));
#5185=CARTESIAN_POINT('Origin',(53.,-9.,-5.));
#5186=CARTESIAN_POINT('',(73.,-19.,-5.));
#5187=CARTESIAN_POINT('',(83.,-19.,-5.));
#5188=CARTESIAN_POINT('',(83.,-8.99999999999999,-5.));
#5189=CARTESIAN_POINT('Origin',(73.,-9.,-5.));
#5190=CARTESIAN_POINT('',(83.,30.,-5.));
#5191=CARTESIAN_POINT('',(83.,40.,-5.));
#5192=CARTESIAN_POINT('',(73.,40.,-5.));
#5193=CARTESIAN_POINT('Origin',(73.,30.,-5.));
#5194=CARTESIAN_POINT('',(71.5547287127094,40.,-5.));
#5195=CARTESIAN_POINT('',(43.,40.,-5.));
#5196=CARTESIAN_POINT('',(71.9456862171051,36.0252411343024,-5.));
#5197=CARTESIAN_POINT('',(73.6732878202847,18.4611843981489,-5.));
#5198=CARTESIAN_POINT('',(71.6254072900671,35.1894612129778,-5.));
#5199=CARTESIAN_POINT('Origin',(70.9504887480805,35.9273534555733,-5.));
#5200=CARTESIAN_POINT('',(72.4089146617185,27.2237543604532,-5.));
#5201=CARTESIAN_POINT('Origin',(75.,31.5,-5.));
#5202=CARTESIAN_POINT('',(72.8858950630868,26.4663929112729,-5.));
#5203=CARTESIAN_POINT('Origin',(71.8906975940622,26.3685052325439,-5.));
#5204=CARTESIAN_POINT('',(72.9039493804926,26.2828395650248,-5.));
#5205=CARTESIAN_POINT('',(73.6732878202847,18.4611843981489,-5.));
#5206=CARTESIAN_POINT('',(72.9999999999998,24.325085990444,-5.));
#5207=CARTESIAN_POINT('Origin',(52.9999999999999,24.325085990444,-5.00000000000464));
#5208=CARTESIAN_POINT('',(72.9999999999998,15.6961524227065,-5.));
#5209=CARTESIAN_POINT('',(72.9999999999998,-1.75,-5.));
#5210=CARTESIAN_POINT('',(72.4999999999999,14.8301270189221,-5.));
#5211=CARTESIAN_POINT('Origin',(71.9999999999999,15.6961524227065,-5.));
#5212=CARTESIAN_POINT('',(71.5627152597138,14.1311256676403,-5.));
#5213=CARTESIAN_POINT('Origin',(75.,10.5,-5.));
#5214=CARTESIAN_POINT('',(69.8959532299554,14.6549611844529,-5.00000000000042));
#5215=CARTESIAN_POINT('Origin',(70.8752583116566,14.8573508011683,-5.));
#5216=CARTESIAN_POINT('',(66.311796046565,23.049203604272,-5.));
#5217=CARTESIAN_POINT('Origin',(47.3719363508279,9.99999999999815,-5.00000000000042));
#5218=CARTESIAN_POINT('',(59.7150564529168,40.,-5.));
#5219=CARTESIAN_POINT('Ctrl Pts',(59.7150564529168,40.,-5.));
#5220=CARTESIAN_POINT('Ctrl Pts',(60.1814343013072,36.7377750490291,-5.));
#5221=CARTESIAN_POINT('Ctrl Pts',(60.7862540914382,33.9464715123344,-5.));
#5222=CARTESIAN_POINT('Ctrl Pts',(62.6043805474413,29.2841964056553,-5.));
#5223=CARTESIAN_POINT('Ctrl Pts',(63.8413227745432,26.6348950053037,-5.));
#5224=CARTESIAN_POINT('Ctrl Pts',(66.3117960465651,23.0492036042714,-5.));
#5225=CARTESIAN_POINT('',(53.,40.,-5.));
#5226=CARTESIAN_POINT('',(43.,40.,-5.));
#5227=CARTESIAN_POINT('',(43.,30.,-5.));
#5228=CARTESIAN_POINT('Origin',(53.,30.,-5.));
#5229=CARTESIAN_POINT('',(43.,-19.,-5.));
#5230=CARTESIAN_POINT('',(69.9435815831356,6.32801444596317,-5.));
#5231=CARTESIAN_POINT('Ctrl Pts',(69.9435815831355,6.32801444596316,-5.));
#5232=CARTESIAN_POINT('Ctrl Pts',(69.9009031846724,6.14346387932443,-5.));
#5233=CARTESIAN_POINT('Ctrl Pts',(69.854958270035,5.96054610651794,-5.));
#5234=CARTESIAN_POINT('Ctrl Pts',(69.8057340324544,5.77937629509313,-5.));
#5235=CARTESIAN_POINT('',(71.5982239976229,6.83558735543456,-5.));
#5236=CARTESIAN_POINT('Ctrl Pts',(69.9435815831356,6.32801444596317,-5.));
#5237=CARTESIAN_POINT('Ctrl Pts',(70.0109099779891,6.61915689433391,-5.));
#5238=CARTESIAN_POINT('Ctrl Pts',(70.2174058682913,6.87458027439106,-5.));
#5239=CARTESIAN_POINT('Ctrl Pts',(70.4858930445806,7.00415534426723,-5.));
#5240=CARTESIAN_POINT('Ctrl Pts',(70.6648844954402,7.09053872418467,-5.));
#5241=CARTESIAN_POINT('Ctrl Pts',(70.8714276289607,7.12098952179946,-5.));
#5242=CARTESIAN_POINT('Ctrl Pts',(71.0682617665365,7.09113632813232,-5.));
#5243=CARTESIAN_POINT('Ctrl Pts',(71.2650959041124,7.06128313446517,-5.));
#5244=CARTESIAN_POINT('Ctrl Pts',(71.4522210457436,6.97112594951609,-5.));
#5245=CARTESIAN_POINT('Ctrl Pts',(71.5982239976229,6.83558735543456,-5.));
#5246=CARTESIAN_POINT('',(72.4999999999999,6.16987298107787,-5.));
#5247=CARTESIAN_POINT('Origin',(75.,10.5,-5.));
#5248=CARTESIAN_POINT('',(72.9999999999998,5.30384757729345,-5.));
#5249=CARTESIAN_POINT('Origin',(71.9999999999999,5.30384757729345,-5.));
#5250=CARTESIAN_POINT('',(72.9999999999998,-11.9999999999994,-5.));
#5251=CARTESIAN_POINT('',(72.9999999999998,-1.75,-5.));
#5252=CARTESIAN_POINT('',(70.9999999999998,-13.9999999999994,-5.));
#5253=CARTESIAN_POINT('Origin',(70.9999999999998,-11.9999999999994,-4.99999999999713));
#5254=CARTESIAN_POINT('',(57.9999999999998,-13.9999999999994,-5.));
#5255=CARTESIAN_POINT('',(59.5,-13.9999999999994,-5.));
#5256=CARTESIAN_POINT('',(55.9999999999998,-11.9999999999994,-5.));
#5257=CARTESIAN_POINT('Origin',(57.9999999999998,-11.9999999999994,-4.99999999999753));
#5258=CARTESIAN_POINT('',(55.9999999999998,0.155341273550951,-5.));
#5259=CARTESIAN_POINT('',(52.5,31.5,-5.));
#5260=CARTESIAN_POINT('Origin',(51.,31.5,-5.));
#5261=CARTESIAN_POINT('',(52.5,-10.5,-5.));
#5262=CARTESIAN_POINT('Origin',(51.,-10.5,-5.));
#5263=CARTESIAN_POINT('',(76.5,31.5,-5.));
#5264=CARTESIAN_POINT('Origin',(75.,31.5,-5.));
#5265=CARTESIAN_POINT('',(76.5,10.5,-5.));
#5266=CARTESIAN_POINT('Origin',(75.,10.5,-5.));
#5267=CARTESIAN_POINT('Origin',(53.,30.,-10.));
#5268=CARTESIAN_POINT('',(53.,40.,-10.));
#5269=CARTESIAN_POINT('',(53.,40.,-10.));
#5270=CARTESIAN_POINT('',(43.,30.,-10.));
#5271=CARTESIAN_POINT('Origin',(53.,30.,-10.0000000000001));
#5272=CARTESIAN_POINT('',(43.,30.,-10.));
#5273=CARTESIAN_POINT('Origin',(83.,40.,-10.));
#5274=CARTESIAN_POINT('',(59.7150564529168,40.,-10.));
#5275=CARTESIAN_POINT('Ctrl Pts',(59.7150564529168,40.,-10.));
#5276=CARTESIAN_POINT('Ctrl Pts',(59.7150564529168,40.,-8.33333333333333));
#5277=CARTESIAN_POINT('Ctrl Pts',(59.7150564529168,40.,-6.66666666666667));
#5278=CARTESIAN_POINT('Ctrl Pts',(59.7150564529168,40.,-5.));
#5279=CARTESIAN_POINT('',(43.,40.,-10.));
#5280=CARTESIAN_POINT('Origin',(73.,30.,-10.));
#5281=CARTESIAN_POINT('',(83.,30.,-10.));
#5282=CARTESIAN_POINT('',(83.,30.,-10.));
#5283=CARTESIAN_POINT('',(73.,40.,-10.));
#5284=CARTESIAN_POINT('Origin',(73.,30.,-10.0000000000001));
#5285=CARTESIAN_POINT('',(73.,40.,-10.));
#5286=CARTESIAN_POINT('Origin',(83.,-19.,-10.));
#5287=CARTESIAN_POINT('',(83.,-8.99999999999999,-10.));
#5288=CARTESIAN_POINT('',(83.,-9.,-10.));
#5289=CARTESIAN_POINT('',(83.,40.,-10.));
#5290=CARTESIAN_POINT('Origin',(73.,-9.,-10.));
#5291=CARTESIAN_POINT('',(73.,-19.,-10.));
#5292=CARTESIAN_POINT('',(73.,-19.,-10.));
#5293=CARTESIAN_POINT('Origin',(73.,-9.,-10.0000000000001));
#5294=CARTESIAN_POINT('Origin',(43.,-19.,-10.));
#5295=CARTESIAN_POINT('',(53.,-19.,-10.));
#5296=CARTESIAN_POINT('',(53.,-19.,-10.));
#5297=CARTESIAN_POINT('',(83.,-19.,-10.));
#5298=CARTESIAN_POINT('Origin',(53.,-9.,-10.));
#5299=CARTESIAN_POINT('',(43.,-9.,-10.));
#5300=CARTESIAN_POINT('',(43.,-9.,-10.));
#5301=CARTESIAN_POINT('Origin',(53.,-9.,-10.0000000000001));
#5302=CARTESIAN_POINT('Origin',(43.,40.,-10.));
#5303=CARTESIAN_POINT('',(43.,-19.,-10.));
#5304=CARTESIAN_POINT('Ctrl Pts',(71.249250778254,32.8899209601887,5.));
#5305=CARTESIAN_POINT('Ctrl Pts',(71.3117133808171,33.4251066102574,5.));
#5306=CARTESIAN_POINT('Ctrl Pts',(71.4598769955344,34.2109772657403,4.95935965709434));
#5307=CARTESIAN_POINT('Ctrl Pts',(71.5963516352669,35.0002343806207,4.57630839484218));
#5308=CARTESIAN_POINT('Ctrl Pts',(71.6254072900671,35.1894612129778,4.19408317701638));
#5309=CARTESIAN_POINT('Ctrl Pts',(71.6254072900671,35.1894612129778,4.));
#5310=CARTESIAN_POINT('Ctrl Pts',(71.5470131646882,32.9192088851765,5.));
#5311=CARTESIAN_POINT('Ctrl Pts',(71.5876725030948,33.4520709419224,5.03532110772357));
#5312=CARTESIAN_POINT('Ctrl Pts',(71.6795278743893,34.2478356762712,5.04794288039501));
#5313=CARTESIAN_POINT('Ctrl Pts',(71.7438977614704,35.0984728198517,4.65258274840437));
#5314=CARTESIAN_POINT('Ctrl Pts',(71.755836659928,35.3087593910276,4.21971025314917));
#5315=CARTESIAN_POINT('Ctrl Pts',(71.755836659928,35.3087593910276,4.));
#5316=CARTESIAN_POINT('Ctrl Pts',(72.0623588159692,32.9698983122672,5.25126925567051));
#5317=CARTESIAN_POINT('Ctrl Pts',(72.0372113708679,33.5105862601197,5.30573335147779));
#5318=CARTESIAN_POINT('Ctrl Pts',(72.001024835389,34.3584843884122,5.33509832553874));
#5319=CARTESIAN_POINT('Ctrl Pts',(71.9432881329992,35.3322772253203,4.83275320182784));
#5320=CARTESIAN_POINT('Ctrl Pts',(71.9270334175275,35.5792908899887,4.28101139054947));
#5321=CARTESIAN_POINT('Ctrl Pts',(71.9270334175275,35.5792908899887,4.));
#5322=CARTESIAN_POINT('Ctrl Pts',(72.2444482472787,32.9878086389177,5.77560052474359));
#5323=CARTESIAN_POINT('Ctrl Pts',(72.1883812971544,33.5548086092104,5.79182312370793));
#5324=CARTESIAN_POINT('Ctrl Pts',(72.0959839225998,34.4955619666611,5.74368110675179));
#5325=CARTESIAN_POINT('Ctrl Pts',(71.9864477100543,35.6082958393019,5.05661314581264));
#5326=CARTESIAN_POINT('Ctrl Pts',(71.9586631406145,35.8933082741105,4.35603121110088));
#5327=CARTESIAN_POINT('Ctrl Pts',(71.9586631406145,35.8933082741105,4.));
#5328=CARTESIAN_POINT('Ctrl Pts',(72.2444482472787,32.9878086389177,6.));
#5329=CARTESIAN_POINT('Ctrl Pts',(72.1874531922432,33.5672618985586,6.));
#5330=CARTESIAN_POINT('Ctrl Pts',(72.0908182228928,34.5497234112376,5.91871931418854));
#5331=CARTESIAN_POINT('Ctrl Pts',(71.9753531073412,35.723625911017,5.15261678968429));
#5332=CARTESIAN_POINT('Ctrl Pts',(71.9456862171051,36.0252411343024,4.38816635403251));
#5333=CARTESIAN_POINT('Ctrl Pts',(71.9456862171051,36.0252411343024,4.));
#5334=CARTESIAN_POINT('',(71.6254072900671,35.1894612129778,4.));
#5335=CARTESIAN_POINT('',(71.249250778254,32.8899209601887,5.));
#5336=CARTESIAN_POINT('Ctrl Pts',(71.249250778254,32.8899209601887,5.));
#5337=CARTESIAN_POINT('Ctrl Pts',(71.3117133808171,33.4251066102574,5.));
#5338=CARTESIAN_POINT('Ctrl Pts',(71.4598769955344,34.2109772657403,4.95935965709434));
#5339=CARTESIAN_POINT('Ctrl Pts',(71.5963516352669,35.0002343806207,4.57630839484218));
#5340=CARTESIAN_POINT('Ctrl Pts',(71.6254072900671,35.1894612129778,4.19408317701638));
#5341=CARTESIAN_POINT('Ctrl Pts',(71.6254072900671,35.1894612129778,4.));
#5342=CARTESIAN_POINT('',(71.9456862171051,36.0252411343024,4.));
#5343=CARTESIAN_POINT('Origin',(70.9504887480805,35.9273534555733,4.));
#5344=CARTESIAN_POINT('',(72.2444482472787,32.9878086389177,6.));
#5345=CARTESIAN_POINT('Ctrl Pts',(71.9456862171051,36.0252411343024,4.));
#5346=CARTESIAN_POINT('Ctrl Pts',(71.9456862171051,36.0252411343024,4.38816635403251));
#5347=CARTESIAN_POINT('Ctrl Pts',(71.9753531073412,35.723625911017,5.15261678968429));
#5348=CARTESIAN_POINT('Ctrl Pts',(72.0908182228928,34.5497234112376,5.91871931418854));
#5349=CARTESIAN_POINT('Ctrl Pts',(72.1874531922432,33.5672618985586,6.));
#5350=CARTESIAN_POINT('Ctrl Pts',(72.2444482472787,32.9878086389177,6.));
#5351=CARTESIAN_POINT('Origin',(71.249250778254,32.8899209601887,6.));
#5352=CARTESIAN_POINT('Origin',(70.9504887480805,35.9273534555733,-5.));
#5353=CARTESIAN_POINT('',(71.9456862171051,36.0252411343024,-5.));
#5354=CARTESIAN_POINT('',(71.6254072900671,35.1894612129778,-5.));
#5355=CARTESIAN_POINT('Ctrl Pts',(72.4089146617185,27.2237543604533,4.));
#5356=CARTESIAN_POINT('Ctrl Pts',(72.4089146617185,27.2237543604533,4.19407646250704));
#5357=CARTESIAN_POINT('Ctrl Pts',(72.3435201945541,27.4037670856148,4.57629742574298));
#5358=CARTESIAN_POINT('Ctrl Pts',(72.0559155264968,28.1512430654554,4.95933317594204));
#5359=CARTESIAN_POINT('Ctrl Pts',(71.7574683776376,28.8931960225154,5.));
#5360=CARTESIAN_POINT('Ctrl Pts',(71.5919355638887,29.4059377279285,5.));
#5361=CARTESIAN_POINT('Ctrl Pts',(72.5600879609998,27.1321546366944,4.));
#5362=CARTESIAN_POINT('Ctrl Pts',(72.5600879609998,27.1321546366944,4.21970265204454));
#5363=CARTESIAN_POINT('Ctrl Pts',(72.5073840629287,27.3361602523343,4.65256393469784));
#5364=CARTESIAN_POINT('Ctrl Pts',(72.2785369761007,28.1578829182871,5.04791104021656));
#5365=CARTESIAN_POINT('Ctrl Pts',(72.0333933754494,28.9205150375838,5.03531988575312));
#5366=CARTESIAN_POINT('Ctrl Pts',(71.8896979503228,29.4352256529164,5.));
#5367=CARTESIAN_POINT('Ctrl Pts',(72.7807135309107,26.9001630732567,4.));
#5368=CARTESIAN_POINT('Ctrl Pts',(72.7807135309107,26.9001630732567,4.28100166866833));
#5369=CARTESIAN_POINT('Ctrl Pts',(72.7485185829838,27.145691977491,4.83272811105777));
#5370=CARTESIAN_POINT('Ctrl Pts',(72.6154323581576,28.1119881300288,5.33505746739698));
#5371=CARTESIAN_POINT('Ctrl Pts',(72.4857242354329,28.9507081709399,5.30572817398793));
#5372=CARTESIAN_POINT('Ctrl Pts',(72.4050475340599,29.4859154668037,5.25126596242269));
#5373=CARTESIAN_POINT('Ctrl Pts',(72.8729181395774,26.5983257714648,4.));
#5374=CARTESIAN_POINT('Ctrl Pts',(72.8729181395774,26.5983257714648,4.35601889383111));
#5375=CARTESIAN_POINT('Ctrl Pts',(72.8446311371796,26.8833802926172,5.05659068256127));
#5376=CARTESIAN_POINT('Ctrl Pts',(72.7352783682238,27.9960324920852,5.74363224792274));
#5377=CARTESIAN_POINT('Ctrl Pts',(72.6426101489303,28.9367872269911,5.79182256247025));
#5378=CARTESIAN_POINT('Ctrl Pts',(72.5871330329133,29.5038254066576,5.77560052474359));
#5379=CARTESIAN_POINT('Ctrl Pts',(72.8858950630868,26.4663929112729,4.));
#5380=CARTESIAN_POINT('Ctrl Pts',(72.8858950630868,26.4663929112729,4.38815292501408));
#5381=CARTESIAN_POINT('Ctrl Pts',(72.8562189146187,26.7681022604915,5.15259485148596));
#5382=CARTESIAN_POINT('Ctrl Pts',(72.7407641166472,27.9418998642338,5.91866635188408));
#5383=CARTESIAN_POINT('Ctrl Pts',(72.6441261161456,28.9243921938048,6.));
#5384=CARTESIAN_POINT('Ctrl Pts',(72.5871330329133,29.5038254066576,6.));
#5385=CARTESIAN_POINT('',(72.5871330329133,29.5038254066576,6.));
#5386=CARTESIAN_POINT('',(72.8858950630868,26.4663929112729,4.));
#5387=CARTESIAN_POINT('Ctrl Pts',(72.5871330329133,29.5038254066576,6.));
#5388=CARTESIAN_POINT('Ctrl Pts',(72.6441261161456,28.9243921938048,6.));
#5389=CARTESIAN_POINT('Ctrl Pts',(72.7407641166472,27.9418998642338,5.91866635188408));
#5390=CARTESIAN_POINT('Ctrl Pts',(72.8562189146187,26.7681022604915,5.15259485148596));
#5391=CARTESIAN_POINT('Ctrl Pts',(72.8858950630868,26.4663929112729,4.38815292501408));
#5392=CARTESIAN_POINT('Ctrl Pts',(72.8858950630868,26.4663929112729,4.));
#5393=CARTESIAN_POINT('',(72.4089146617185,27.2237543604533,4.));
#5394=CARTESIAN_POINT('Origin',(71.8906975940622,26.3685052325439,4.));
#5395=CARTESIAN_POINT('',(71.5919355638887,29.4059377279286,5.));
#5396=CARTESIAN_POINT('Ctrl Pts',(72.4089146617185,27.2237543604533,4.));
#5397=CARTESIAN_POINT('Ctrl Pts',(72.4089146617185,27.2237543604533,4.19407646250704));
#5398=CARTESIAN_POINT('Ctrl Pts',(72.3435201945541,27.4037670856148,4.57629742574298));
#5399=CARTESIAN_POINT('Ctrl Pts',(72.0559155264968,28.1512430654554,4.95933317594204));
#5400=CARTESIAN_POINT('Ctrl Pts',(71.7574683776376,28.8931960225154,5.));
#5401=CARTESIAN_POINT('Ctrl Pts',(71.5919355638887,29.4059377279285,5.));
#5402=CARTESIAN_POINT('Origin',(71.5919355638887,29.4059377279286,6.));
#5403=CARTESIAN_POINT('Origin',(71.8906975940622,26.3685052325439,-5.));
#5404=CARTESIAN_POINT('',(72.4089146617185,27.2237543604532,-5.));
#5405=CARTESIAN_POINT('',(72.8858950630868,26.4663929112729,-5.));
#5406=CARTESIAN_POINT('Origin',(75.,31.5,4.));
#5407=CARTESIAN_POINT('Origin',(75.,31.5,4.));
#5408=CARTESIAN_POINT('Origin',(75.,31.5,5.));
#5409=CARTESIAN_POINT('Origin',(71.7126978508835,28.1781803234078,6.));
#5410=CARTESIAN_POINT('',(72.7078953199082,28.2760680021368,6.));
#5411=CARTESIAN_POINT('',(71.7126978508835,28.1781803234078,5.));
#5412=CARTESIAN_POINT('Origin',(75.,31.5,-5.));
#5413=CARTESIAN_POINT('Origin',(75.,31.5,5.));
#5414=CARTESIAN_POINT('Ctrl Pts',(71.6233772446315,6.52482569989797,5.29022247045126));
#5415=CARTESIAN_POINT('Ctrl Pts',(71.612134160352,6.56233737290524,5.30982020707073));
#5416=CARTESIAN_POINT('Ctrl Pts',(71.5967471707578,6.66037105258145,5.32365378280199));
#5417=CARTESIAN_POINT('Ctrl Pts',(71.5871455002712,6.87466299537173,5.25794264507759));
#5418=CARTESIAN_POINT('Ctrl Pts',(71.5890238181114,7.20528676447143,5.07577989342969));
#5419=CARTESIAN_POINT('Ctrl Pts',(71.5995577879838,7.36202782727727,5.));
#5420=CARTESIAN_POINT('Ctrl Pts',(71.606021292628,7.43721018429696,5.));
#5421=CARTESIAN_POINT('Ctrl Pts',(71.5835936743379,6.55000256290292,5.29570353808242));
#5422=CARTESIAN_POINT('Ctrl Pts',(71.5746000055,6.5874263479163,5.31252192292886));
#5423=CARTESIAN_POINT('Ctrl Pts',(71.5621134679739,6.6846647786847,5.32143074137911));
#5424=CARTESIAN_POINT('Ctrl Pts',(71.5536695900109,6.89867696396756,5.25119753453823));
#5425=CARTESIAN_POINT('Ctrl Pts',(71.5549202578716,7.2244939156108,5.0712911942979));
#5426=CARTESIAN_POINT('Ctrl Pts',(71.5676513633314,7.38002837415013,5.));
#5427=CARTESIAN_POINT('Ctrl Pts',(71.5819207318383,7.45837549259253,5.));
#5428=CARTESIAN_POINT('Ctrl Pts',(71.5043758132656,6.60045375571986,5.30508580817612));
#5429=CARTESIAN_POINT('Ctrl Pts',(71.4992223156064,6.63815086993903,5.31677767510063));
#5430=CARTESIAN_POINT('Ctrl Pts',(71.491695556556,6.73480941409935,5.31643954471898));
#5431=CARTESIAN_POINT('Ctrl Pts',(71.4853227785211,6.94947281347974,5.23747133685023));
#5432=CARTESIAN_POINT('Ctrl Pts',(71.4860105833078,7.26595005598469,5.06284387120833));
#5433=CARTESIAN_POINT('Ctrl Pts',(71.5049582059722,7.41986759410128,5.));
#5434=CARTESIAN_POINT('Ctrl Pts',(71.5339062932364,7.50365387120443,5.));
#5435=CARTESIAN_POINT('Ctrl Pts',(71.3839496074869,6.68006150229682,5.3157771833367));
#5436=CARTESIAN_POINT('Ctrl Pts',(71.3830806226572,6.71946676017151,5.3203514362079));
#5437=CARTESIAN_POINT('Ctrl Pts',(71.3811066698716,6.81823612265087,5.30709900582642));
#5438=CARTESIAN_POINT('Ctrl Pts',(71.3779415003391,7.03608324570809,5.21590973146257));
#5439=CARTESIAN_POINT('Ctrl Pts',(71.3815902683367,7.33849752312612,5.05189651963566));
#5440=CARTESIAN_POINT('Ctrl Pts',(71.4174595464506,7.49053244052056,5.));
#5441=CARTESIAN_POINT('Ctrl Pts',(71.4658365867806,7.57848103459153,5.));
#5442=CARTESIAN_POINT('Ctrl Pts',(71.2592731753242,6.76822793373075,5.32366455074807));
#5443=CARTESIAN_POINT('Ctrl Pts',(71.2616268268361,6.81049894912252,5.32115461246338));
#5444=CARTESIAN_POINT('Ctrl Pts',(71.2640223053762,6.91413490315873,5.29540396415011));
#5445=CARTESIAN_POINT('Ctrl Pts',(71.2654801969496,7.13572312176028,5.1933792616982));
#5446=CARTESIAN_POINT('Ctrl Pts',(71.2789648476485,7.42274373082225,5.04280006836124));
#5447=CARTESIAN_POINT('Ctrl Pts',(71.3397177538643,7.57114311802774,5.));
#5448=CARTESIAN_POINT('Ctrl Pts',(71.4045767514343,7.65884196634077,5.));
#5449=CARTESIAN_POINT('Ctrl Pts',(71.127685641457,6.87135611260211,5.32862785549811));
#5450=CARTESIAN_POINT('Ctrl Pts',(71.1326775000605,6.9176630157561,5.31887414139854));
#5451=CARTESIAN_POINT('Ctrl Pts',(71.1391713555644,7.02784209249154,5.28058639262917));
#5452=CARTESIAN_POINT('Ctrl Pts',(71.149089222294,7.25182622523567,5.17029124155877));
#5453=CARTESIAN_POINT('Ctrl Pts',(71.1831634192352,7.51986891547242,5.03562803424829));
#5454=CARTESIAN_POINT('Ctrl Pts',(71.2744042586805,7.66077258703884,5.));
#5455=CARTESIAN_POINT('Ctrl Pts',(71.3523168477977,7.74367589556192,5.));
#5456=CARTESIAN_POINT('Ctrl Pts',(70.9870672870881,6.9988360894287,5.32996730140444));
#5457=CARTESIAN_POINT('Ctrl Pts',(70.9947671611058,7.04976115814814,5.31269452150399));
#5458=CARTESIAN_POINT('Ctrl Pts',(71.0068879358831,7.16644936570995,5.26201720900692));
#5459=CARTESIAN_POINT('Ctrl Pts',(71.0331837707273,7.38824640921815,5.14755930561461));
#5460=CARTESIAN_POINT('Ctrl Pts',(71.1015151455932,7.63007345324641,5.03032000400063));
#5461=CARTESIAN_POINT('Ctrl Pts',(71.2241007448001,7.75743753447406,5.));
#5462=CARTESIAN_POINT('Ctrl Pts',(71.3111957189082,7.83122254714806,5.));
#5463=CARTESIAN_POINT('Ctrl Pts',(70.8380086327949,7.16374278748409,5.32633844748496));
#5464=CARTESIAN_POINT('Ctrl Pts',(70.8498114615764,7.21848671855706,5.30155046175308));
#5465=CARTESIAN_POINT('Ctrl Pts',(70.8726100449642,7.33842887863791,5.23995477373934));
#5466=CARTESIAN_POINT('Ctrl Pts',(70.9282506889558,7.54734450000297,5.12660748631313));
#5467=CARTESIAN_POINT('Ctrl Pts',(71.042881937821,7.75092874845414,5.0265563345873));
#5468=CARTESIAN_POINT('Ctrl Pts',(71.1906569948034,7.85901348761897,5.));
#5469=CARTESIAN_POINT('Ctrl Pts',(71.2823649172767,7.92051775360659,5.));
#5470=CARTESIAN_POINT('Ctrl Pts',(70.6902926827933,7.38175651755063,5.31682864858767));
#5471=CARTESIAN_POINT('Ctrl Pts',(70.7098648359887,7.4362711250997,5.28545119466226));
#5472=CARTESIAN_POINT('Ctrl Pts',(70.7529376992831,7.54988313267002,5.21641321633849));
#5473=CARTESIAN_POINT('Ctrl Pts',(70.8515441387318,7.72699182011405,5.10897202009321));
#5474=CARTESIAN_POINT('Ctrl Pts',(71.0133870226124,7.87965887047648,5.02366050501196));
#5475=CARTESIAN_POINT('Ctrl Pts',(71.1742060827523,7.96455454989515,5.));
#5476=CARTESIAN_POINT('Ctrl Pts',(71.2657776347541,8.01124307018897,5.));
#5477=CARTESIAN_POINT('Ctrl Pts',(70.5740333059324,7.66366738438851,5.3038003975889));
#5478=CARTESIAN_POINT('Ctrl Pts',(70.6059974867289,7.70941883627308,5.26805427914556));
#5479=CARTESIAN_POINT('Ctrl Pts',(70.6771102330976,7.79856886794127,5.19561601169401));
#5480=CARTESIAN_POINT('Ctrl Pts',(70.8196021246022,7.9191556459533,5.09480248959017));
#5481=CARTESIAN_POINT('Ctrl Pts',(71.0134217191983,8.01472107990539,5.02091770987224));
#5482=CARTESIAN_POINT('Ctrl Pts',(71.1738377527281,8.07231165180132,5.));
#5483=CARTESIAN_POINT('Ctrl Pts',(71.2606629042961,8.10220763202122,5.));
#5484=CARTESIAN_POINT('Ctrl Pts',(70.533793278816,7.99545109062078,5.29533930130742));
#5485=CARTESIAN_POINT('Ctrl Pts',(70.5758928545787,8.01926417465254,5.2553902427653));
#5486=CARTESIAN_POINT('Ctrl Pts',(70.66824319529,8.06277950427987,5.17869937344718));
#5487=CARTESIAN_POINT('Ctrl Pts',(70.837648276503,8.11507447021837,5.08299533865524));
#5488=CARTESIAN_POINT('Ctrl Pts',(71.0377233888017,8.15513084182859,5.01740992715193));
#5489=CARTESIAN_POINT('Ctrl Pts',(71.1869458605147,8.18095104321894,5.));
#5490=CARTESIAN_POINT('Ctrl Pts',(71.264669930426,8.19314344847596,5.));
#5491=CARTESIAN_POINT('Ctrl Pts',(70.5574872283001,8.2274318959497,5.29289321881346));
#5492=CARTESIAN_POINT('Ctrl Pts',(70.6019423705259,8.233431292577,5.249246686677));
#5493=CARTESIAN_POINT('Ctrl Pts',(70.7000860905312,8.24309555514882,5.16868973382559));
#5494=CARTESIAN_POINT('Ctrl Pts',(70.8720531511619,8.25116656498309,5.07483143512863));
#5495=CARTESIAN_POINT('Ctrl Pts',(71.064089761515,8.25426531266439,5.01436163441657));
#5496=CARTESIAN_POINT('Ctrl Pts',(71.2012215305547,8.25441953930825,5.));
#5497=CARTESIAN_POINT('Ctrl Pts',(71.2707155764261,8.2542263178614,5.));
#5498=CARTESIAN_POINT('Ctrl Pts',(70.5700881615584,8.35455182995901,5.29289321881346));
#5499=CARTESIAN_POINT('Ctrl Pts',(70.6161424797072,8.34998663415576,5.24661318820764));
#5500=CARTESIAN_POINT('Ctrl Pts',(70.7173216453945,8.33995711420759,5.16317075168263));
#5501=CARTESIAN_POINT('Ctrl Pts',(70.8904744241639,8.32279311372437,5.07016491298409));
#5502=CARTESIAN_POINT('Ctrl Pts',(71.0783562445061,8.30416907732103,5.01289240131329));
#5503=CARTESIAN_POINT('Ctrl Pts',(71.2086156691012,8.29125693786486,5.));
#5504=CARTESIAN_POINT('Ctrl Pts',(71.2737463104331,8.284800776045,5.));
#5505=CARTESIAN_POINT('',(71.2737463104331,8.284800776045,5.));
#5506=CARTESIAN_POINT('Origin',(71.2737463104331,8.284800776045,6.));
#5507=CARTESIAN_POINT('Ctrl Pts',(71.2737463104331,8.284800776045,5.));
#5508=CARTESIAN_POINT('Ctrl Pts',(71.271919974824,8.26637645323115,5.));
#5509=CARTESIAN_POINT('Ctrl Pts',(71.2700946396547,8.24795658853295,5.));
#5510=CARTESIAN_POINT('Ctrl Pts',(71.2684575135295,8.22957567535553,5.));
#5511=CARTESIAN_POINT('Ctrl Pts',(71.2665683847812,8.20836539047339,5.));
#5512=CARTESIAN_POINT('Ctrl Pts',(71.2649313782839,8.18720575249354,5.));
#5513=CARTESIAN_POINT('Ctrl Pts',(71.2638057808606,8.16608654470783,5.));
#5514=CARTESIAN_POINT('Ctrl Pts',(71.2627236571221,8.14578301911986,5.));
#5515=CARTESIAN_POINT('Ctrl Pts',(71.2621148788264,8.12551391937538,5.));
#5516=CARTESIAN_POINT('Ctrl Pts',(71.2621699177282,8.10525116607819,5.));
#5517=CARTESIAN_POINT('Ctrl Pts',(71.2622191971691,8.08710877731139,5.));
#5518=CARTESIAN_POINT('Ctrl Pts',(71.2628005498681,8.06896993718586,5.));
#5519=CARTESIAN_POINT('Ctrl Pts',(71.2640151673447,8.05082834997973,5.));
#5520=CARTESIAN_POINT('Ctrl Pts',(71.2651651366091,8.03365235169694,5.));
#5521=CARTESIAN_POINT('Ctrl Pts',(71.2668828564393,8.01647291158446,5.));
#5522=CARTESIAN_POINT('Ctrl Pts',(71.2692200116143,7.99931476885705,5.));
#5523=CARTESIAN_POINT('Ctrl Pts',(71.272114524027,7.97806480752149,5.));
#5524=CARTESIAN_POINT('Ctrl Pts',(71.2759567065822,7.95685676329036,5.));
#5525=CARTESIAN_POINT('Ctrl Pts',(71.2807951242084,7.93575288994568,5.));
#5526=CARTESIAN_POINT('Ctrl Pts',(71.2861089984145,7.91257520317342,5.));
#5527=CARTESIAN_POINT('Ctrl Pts',(71.2926258970974,7.88952101176395,5.));
#5528=CARTESIAN_POINT('Ctrl Pts',(71.30036556563,7.86662990289974,5.));
#5529=CARTESIAN_POINT('Ctrl Pts',(71.3072754636111,7.84619295185193,5.));
#5530=CARTESIAN_POINT('Ctrl Pts',(71.3151597658921,7.8258838287137,5.));
#5531=CARTESIAN_POINT('Ctrl Pts',(71.323993339531,7.8057309425017,5.));
#5532=CARTESIAN_POINT('Ctrl Pts',(71.3324013962871,7.78654882912424,5.));
#5533=CARTESIAN_POINT('Ctrl Pts',(71.3416695501253,7.76750693155149,5.));
#5534=CARTESIAN_POINT('Ctrl Pts',(71.351739057658,7.74865338330431,5.));
#5535=CARTESIAN_POINT('Ctrl Pts',(71.3659662309541,7.72201526845216,5.));
#5536=CARTESIAN_POINT('Ctrl Pts',(71.3817924162003,7.69575730774628,5.));
#5537=CARTESIAN_POINT('Ctrl Pts',(71.3989432509846,7.67010970780596,5.));
#5538=CARTESIAN_POINT('Ctrl Pts',(71.4161574360993,7.64436737288918,5.));
#5539=CARTESIAN_POINT('Ctrl Pts',(71.4347071712871,7.61923786597467,5.));
#5540=CARTESIAN_POINT('Ctrl Pts',(71.4542989741815,7.59488002772116,5.));
#5541=CARTESIAN_POINT('Ctrl Pts',(71.4705918816531,7.57462359665077,5.));
#5542=CARTESIAN_POINT('Ctrl Pts',(71.4876062758566,7.55489752911459,5.));
#5543=CARTESIAN_POINT('Ctrl Pts',(71.5051433979374,7.53579384483627,5.));
#5544=CARTESIAN_POINT('Ctrl Pts',(71.5214735758885,7.51800491901663,5.));
#5545=CARTESIAN_POINT('Ctrl Pts',(71.5382576006038,7.50075408865643,5.));
#5546=CARTESIAN_POINT('Ctrl Pts',(71.5552972536311,7.48414650658551,5.));
#5547=CARTESIAN_POINT('Ctrl Pts',(71.572028181168,7.46783982171657,5.));
#5548=CARTESIAN_POINT('Ctrl Pts',(71.5889994021319,7.45215894682859,5.));
#5549=CARTESIAN_POINT('Ctrl Pts',(71.606021292628,7.43721018429695,5.));
#5550=CARTESIAN_POINT('Ctrl Pts',(71.5982239976229,6.83558735543456,4.0174166576673));
#5551=CARTESIAN_POINT('Ctrl Pts',(71.5982239976229,6.83558735543456,1.01161110511153));
#5552=CARTESIAN_POINT('Ctrl Pts',(71.5982239976229,6.83558735543456,-1.99419444744424));
#5553=CARTESIAN_POINT('Ctrl Pts',(71.5982239976229,6.83558735543456,-5.));
#5554=CARTESIAN_POINT('Ctrl Pts',(71.4522210457436,6.97112594951609,4.0174166576673));
#5555=CARTESIAN_POINT('Ctrl Pts',(71.4522210457436,6.97112594951609,1.01161110511152));
#5556=CARTESIAN_POINT('Ctrl Pts',(71.4522210457436,6.97112594951609,-1.99419444744423));
#5557=CARTESIAN_POINT('Ctrl Pts',(71.4522210457436,6.97112594951609,-5.));
#5558=CARTESIAN_POINT('Ctrl Pts',(71.0779707624812,7.15144031941425,4.0174166576673));
#5559=CARTESIAN_POINT('Ctrl Pts',(71.0779707624812,7.15144031941425,1.01161110511154));
#5560=CARTESIAN_POINT('Ctrl Pts',(71.0779707624812,7.15144031941425,-1.99419444744424));
#5561=CARTESIAN_POINT('Ctrl Pts',(71.0779707624812,7.15144031941425,-5.));
#5562=CARTESIAN_POINT('Ctrl Pts',(70.3550697951594,7.04486252776249,4.0174166576673));
#5563=CARTESIAN_POINT('Ctrl Pts',(70.3550697951594,7.04486252776249,1.01161110511152));
#5564=CARTESIAN_POINT('Ctrl Pts',(70.3550697951594,7.04486252776249,-1.99419444744424));
#5565=CARTESIAN_POINT('Ctrl Pts',(70.3550697951594,7.04486252776249,-5.00000000000001));
#5566=CARTESIAN_POINT('Ctrl Pts',(70.0109099779891,6.61915689433391,4.0174166576673));
#5567=CARTESIAN_POINT('Ctrl Pts',(70.0109099779891,6.61915689433391,1.01161110511154));
#5568=CARTESIAN_POINT('Ctrl Pts',(70.0109099779891,6.61915689433391,-1.99419444744424));
#5569=CARTESIAN_POINT('Ctrl Pts',(70.0109099779891,6.61915689433391,-5.));
#5570=CARTESIAN_POINT('Ctrl Pts',(69.9435815831356,6.32801444596317,4.0174166576673));
#5571=CARTESIAN_POINT('Ctrl Pts',(69.9435815831356,6.32801444596317,1.01161110511153));
#5572=CARTESIAN_POINT('Ctrl Pts',(69.9435815831356,6.32801444596317,-1.99419444744424));
#5573=CARTESIAN_POINT('Ctrl Pts',(69.9435815831356,6.32801444596317,-5.));
#5574=CARTESIAN_POINT('Ctrl Pts',(69.9435815831356,6.32801444596317,-5.));
#5575=CARTESIAN_POINT('Ctrl Pts',(69.9435815831356,6.32801444596317,-1.99419444744424));
#5576=CARTESIAN_POINT('Ctrl Pts',(69.9435815831356,6.32801444596317,1.01161110511153));
#5577=CARTESIAN_POINT('Ctrl Pts',(69.9435815831356,6.32801444596317,4.0174166576673));
#5578=CARTESIAN_POINT('Ctrl Pts',(71.5982239976229,6.83558735543456,4.0174166576673));
#5579=CARTESIAN_POINT('Ctrl Pts',(71.5982239976229,6.83558735543456,1.01161110511153));
#5580=CARTESIAN_POINT('Ctrl Pts',(71.5982239976229,6.83558735543456,-1.99419444744424));
#5581=CARTESIAN_POINT('Ctrl Pts',(71.5982239976229,6.83558735543456,-5.));
#5582=CARTESIAN_POINT('Ctrl Pts',(71.595563848065,14.4629350755987,5.29810512328054));
#5583=CARTESIAN_POINT('Ctrl Pts',(71.5862444004055,14.4330141345428,5.31309599069428));
#5584=CARTESIAN_POINT('Ctrl Pts',(71.5722214160405,14.3584173745443,5.32773667472556));
#5585=CARTESIAN_POINT('Ctrl Pts',(71.5604358123658,14.2028159199835,5.29341871162509));
#5586=CARTESIAN_POINT('Ctrl Pts',(71.5561423748223,13.9933457492306,5.19621342491682));
#5587=CARTESIAN_POINT('Ctrl Pts',(71.5606254190221,13.7331068177521,5.04326328854195));
#5588=CARTESIAN_POINT('Ctrl Pts',(71.5707027751986,13.6189430541411,5.));
#5589=CARTESIAN_POINT('Ctrl Pts',(71.5765897589063,13.5583952486557,5.));
#5590=CARTESIAN_POINT('Ctrl Pts',(71.6265916037069,14.467135946499,5.3029176554475));
#5591=CARTESIAN_POINT('Ctrl Pts',(71.6170247853106,14.4352587205357,5.31595214263452));
#5592=CARTESIAN_POINT('Ctrl Pts',(71.6026416126672,14.3580444630508,5.32696677157125));
#5593=CARTESIAN_POINT('Ctrl Pts',(71.5911323290242,14.2012211692862,5.28885763368493));
#5594=CARTESIAN_POINT('Ctrl Pts',(71.5878621868968,13.9930964890221,5.19005096641734));
#5595=CARTESIAN_POINT('Ctrl Pts',(71.5932774370254,13.7415779418257,5.04087513289502));
#5596=CARTESIAN_POINT('Ctrl Pts',(71.599989472402,13.6347100239696,5.));
#5597=CARTESIAN_POINT('Ctrl Pts',(71.6001030064585,13.5792296662891,5.));
#5598=CARTESIAN_POINT('Ctrl Pts',(71.6888824200704,14.4729979987015,5.31128435751338));
#5599=CARTESIAN_POINT('Ctrl Pts',(71.6790841881071,14.4376603658221,5.32067229306572));
#5600=CARTESIAN_POINT('Ctrl Pts',(71.6644413415383,14.3557152667,5.32480639686894));
#5601=CARTESIAN_POINT('Ctrl Pts',(71.6538891986646,14.1965938815785,5.27944414434518));
#5602=CARTESIAN_POINT('Ctrl Pts',(71.6526130383755,13.9914202218476,5.17771381323231));
#5603=CARTESIAN_POINT('Ctrl Pts',(71.6591337066387,13.7573516315738,5.03645671127941));
#5604=CARTESIAN_POINT('Ctrl Pts',(71.658236758689,13.6643470265268,5.));
#5605=CARTESIAN_POINT('Ctrl Pts',(71.6473910454716,13.6183735684548,5.));
#5606=CARTESIAN_POINT('Ctrl Pts',(71.7852192841751,14.4736915289291,5.32106807674956));
#5607=CARTESIAN_POINT('Ctrl Pts',(71.7756815425265,14.4340869079753,5.32534961472088));
#5608=CARTESIAN_POINT('Ctrl Pts',(71.7617132097369,14.3460947384682,5.31971976129464));
#5609=CARTESIAN_POINT('Ctrl Pts',(71.7532619482173,14.1841194758181,5.26409320718249));
#5610=CARTESIAN_POINT('Ctrl Pts',(71.7540826801776,13.9845964715642,5.15925607004814));
#5611=CARTESIAN_POINT('Ctrl Pts',(71.7584765078343,13.7767117497749,5.03087379605359));
#5612=CARTESIAN_POINT('Ctrl Pts',(71.7422367667662,13.7023103836724,5.));
#5613=CARTESIAN_POINT('Ctrl Pts',(71.7165767909923,13.6681112592091,5.));
#5614=CARTESIAN_POINT('Ctrl Pts',(71.886819341497,14.4649430624482,5.32855942623853));
#5615=CARTESIAN_POINT('Ctrl Pts',(71.87797202047,14.4217288429703,5.32776318001396));
#5616=CARTESIAN_POINT('Ctrl Pts',(71.8654029989006,14.3284509853462,5.31255411122745));
#5617=CARTESIAN_POINT('Ctrl Pts',(71.8589680345567,14.1645473317175,5.24719072110512));
#5618=CARTESIAN_POINT('Ctrl Pts',(71.8597788921394,13.9724101509041,5.14106546019527));
#5619=CARTESIAN_POINT('Ctrl Pts',(71.856207194422,13.7908970014525,5.02630057738146));
#5620=CARTESIAN_POINT('Ctrl Pts',(71.8203650710783,13.7327937334033,5.));
#5621=CARTESIAN_POINT('Ctrl Pts',(71.7815862993298,13.7074889576751,5.));
#5622=CARTESIAN_POINT('Ctrl Pts',(71.9962507428162,14.4443520161334,5.33370438976359));
#5623=CARTESIAN_POINT('Ctrl Pts',(71.9883155496498,14.3980176315715,5.32766268619883));
#5624=CARTESIAN_POINT('Ctrl Pts',(71.9773960016473,14.3002668109062,5.3028236915196));
#5625=CARTESIAN_POINT('Ctrl Pts',(71.9716457273468,14.1358778714098,5.22856680174387));
#5626=CARTESIAN_POINT('Ctrl Pts',(71.968409051115,13.9536364478663,5.12349905003269));
#5627=CARTESIAN_POINT('Ctrl Pts',(71.9488846157475,13.798997002866,5.02268810431168));
#5628=CARTESIAN_POINT('Ctrl Pts',(71.890206561848,13.7545456002562,5.));
#5629=CARTESIAN_POINT('Ctrl Pts',(71.8402086158862,13.7353546055302,5.));
#5630=CARTESIAN_POINT('Ctrl Pts',(72.1161310716381,14.4080595037758,5.33595066391254));
#5631=CARTESIAN_POINT('Ctrl Pts',(72.1090054242496,14.3591467020275,5.32442003615303));
#5632=CARTESIAN_POINT('Ctrl Pts',(72.0991254970621,14.2581709126803,5.28991752207069));
#5633=CARTESIAN_POINT('Ctrl Pts',(72.0906071619547,14.0956527298205,5.20835025139188));
#5634=CARTESIAN_POINT('Ctrl Pts',(72.0766068552682,13.9271087043405,5.10705254429208));
#5635=CARTESIAN_POINT('Ctrl Pts',(72.031776102132,13.800388178234,5.01995136296734));
#5636=CARTESIAN_POINT('Ctrl Pts',(71.9494708923082,13.7666350644355,5.));
#5637=CARTESIAN_POINT('Ctrl Pts',(71.8907141719818,13.7505942599467,5.));
#5638=CARTESIAN_POINT('Ctrl Pts',(72.2482738314012,14.3506407897772,5.33424023081842));
#5639=CARTESIAN_POINT('Ctrl Pts',(72.2412080424574,14.3001042809004,5.3170893240633));
#5640=CARTESIAN_POINT('Ctrl Pts',(72.2300400464192,14.1980087572172,5.27345204350924));
#5641=CARTESIAN_POINT('Ctrl Pts',(72.212024594716,14.0416530753363,5.18715835676279));
#5642=CARTESIAN_POINT('Ctrl Pts',(72.1778477029638,13.8923622242405,5.09232347270927));
#5643=CARTESIAN_POINT('Ctrl Pts',(72.0999301591984,13.7936221095011,5.0179299464493));
#5644=CARTESIAN_POINT('Ctrl Pts',(71.9970839882314,13.7662166607064,5.));
#5645=CARTESIAN_POINT('Ctrl Pts',(71.931995031307,13.7517237820214,5.));
#5646=CARTESIAN_POINT('Ctrl Pts',(72.3912556306827,14.264717937556,5.32744971176858));
#5647=CARTESIAN_POINT('Ctrl Pts',(72.3822960117471,14.2143036158053,5.30503595179262));
#5648=CARTESIAN_POINT('Ctrl Pts',(72.3647068283627,14.1149666093092,5.25386318213047));
#5649=CARTESIAN_POINT('Ctrl Pts',(72.3271055310442,13.9717538567834,5.16627144148539));
#5650=CARTESIAN_POINT('Ctrl Pts',(72.2629064129488,13.8486331291866,5.07982728738382));
#5651=CARTESIAN_POINT('Ctrl Pts',(72.1488693866487,13.7772232566839,5.01636904117435));
#5652=CARTESIAN_POINT('Ctrl Pts',(72.0308666335916,13.7536026153028,5.));
#5653=CARTESIAN_POINT('Ctrl Pts',(71.9626731857436,13.738467268055,5.));
#5654=CARTESIAN_POINT('Ctrl Pts',(72.5342143495599,14.1428818921426,5.31575609251058));
#5655=CARTESIAN_POINT('Ctrl Pts',(72.5196849239156,14.0960292150597,5.28919296351601));
#5656=CARTESIAN_POINT('Ctrl Pts',(72.4875634425359,14.0063251945239,5.23317960877019));
#5657=CARTESIAN_POINT('Ctrl Pts',(72.4196998643788,13.8871308746265,5.14743895373632));
#5658=CARTESIAN_POINT('Ctrl Pts',(72.3202883276192,13.7967332642111,5.06968430546418));
#5659=CARTESIAN_POINT('Ctrl Pts',(72.1766543263319,13.7463596497616,5.01492481048396));
#5660=CARTESIAN_POINT('Ctrl Pts',(72.052550069006,13.7225953861614,5.));
#5661=CARTESIAN_POINT('Ctrl Pts',(71.9840874394089,13.7082578836471,5.));
#5662=CARTESIAN_POINT('Ctrl Pts',(72.6501701304063,13.9789830469891,5.30292236748208));
#5663=CARTESIAN_POINT('Ctrl Pts',(72.626563169235,13.9410314785359,5.27360419613806));
#5664=CARTESIAN_POINT('Ctrl Pts',(72.5742146200361,13.8714877619419,5.21485149641916));
#5665=CARTESIAN_POINT('Ctrl Pts',(72.473875908454,13.7882827908211,5.13173017850661));
#5666=CARTESIAN_POINT('Ctrl Pts',(72.3451454489159,13.7315645700696,5.06135537136403));
#5667=CARTESIAN_POINT('Ctrl Pts',(72.184732661342,13.6988286170728,5.01326541779102));
#5668=CARTESIAN_POINT('Ctrl Pts',(72.0610990817534,13.6766505469476,5.));
#5669=CARTESIAN_POINT('Ctrl Pts',(71.9954474311098,13.6625315123745,5.));
#5670=CARTESIAN_POINT('Ctrl Pts',(72.7066812873205,13.7759706325105,5.29502693808288));
#5671=CARTESIAN_POINT('Ctrl Pts',(72.6748319178856,13.753826809863,5.26266300269955));
#5672=CARTESIAN_POINT('Ctrl Pts',(72.6053889374405,13.7147113342415,5.20033114410911));
#5673=CARTESIAN_POINT('Ctrl Pts',(72.4817924739362,13.672168540302,5.11854720365101));
#5674=CARTESIAN_POINT('Ctrl Pts',(72.3377986501983,13.6447536281861,5.05389442357386));
#5675=CARTESIAN_POINT('Ctrl Pts',(72.1769955705056,13.623648801392,5.01083690620708));
#5676=CARTESIAN_POINT('Ctrl Pts',(72.0602551474977,13.6080184922076,5.));
#5677=CARTESIAN_POINT('Ctrl Pts',(72.0000922462609,13.5991397870958,5.));
#5678=CARTESIAN_POINT('Ctrl Pts',(72.7071067811861,13.6102939748772,5.29289321881346));
#5679=CARTESIAN_POINT('Ctrl Pts',(72.6719980283155,13.6021949353415,5.25778446594288));
#5680=CARTESIAN_POINT('Ctrl Pts',(72.5957811823592,13.5882934990706,5.19201579066409));
#5681=CARTESIAN_POINT('Ctrl Pts',(72.4650351384515,13.5738942254977,5.11009197561968));
#5682=CARTESIAN_POINT('Ctrl Pts',(72.3201503356446,13.5638093630883,5.04813825127033));
#5683=CARTESIAN_POINT('Ctrl Pts',(72.1641078330295,13.554931773611,5.00909521627701));
#5684=CARTESIAN_POINT('Ctrl Pts',(72.0550684806516,13.5482354893561,5.));
#5685=CARTESIAN_POINT('Ctrl Pts',(71.9999999999995,13.5445071356982,5.));
#5686=CARTESIAN_POINT('Ctrl Pts',(72.7071067811861,13.5145184533947,5.29289321881346));
#5687=CARTESIAN_POINT('Ctrl Pts',(72.6700827567014,13.5145184533947,5.2558691943288));
#5688=CARTESIAN_POINT('Ctrl Pts',(72.5902074564291,13.5145184533947,5.18764926850103));
#5689=CARTESIAN_POINT('Ctrl Pts',(72.455861281198,13.5145184533947,5.10532180250354));
#5690=CARTESIAN_POINT('Ctrl Pts',(72.3102904172132,13.5145184533947,5.04502437635464));
#5691=CARTESIAN_POINT('Ctrl Pts',(72.1570790161961,13.5145184533947,5.00824159430701));
#5692=CARTESIAN_POINT('Ctrl Pts',(72.0523598775593,13.5145184533947,5.));
#5693=CARTESIAN_POINT('Ctrl Pts',(71.9999999999995,13.5145184533947,5.));
#5694=CARTESIAN_POINT('',(71.9999999999995,13.5145184533947,5.));
#5695=CARTESIAN_POINT('Origin',(71.9999999999995,13.5145184533947,6.));
#5696=CARTESIAN_POINT('Ctrl Pts',(71.9999999999995,13.5145184533947,5.));
#5697=CARTESIAN_POINT('Ctrl Pts',(71.9999999999995,13.5205342147373,5.));
#5698=CARTESIAN_POINT('Ctrl Pts',(72.0000000930993,13.5265451736765,5.));
#5699=CARTESIAN_POINT('Ctrl Pts',(71.9999950870443,13.5324497885235,5.));
#5700=CARTESIAN_POINT('Ctrl Pts',(71.9999897467453,13.5387486423734,5.));
#5701=CARTESIAN_POINT('Ctrl Pts',(71.9999785794722,13.5449268306026,5.));
#5702=CARTESIAN_POINT('Ctrl Pts',(71.9999542089512,13.5509239996467,5.));
#5703=CARTESIAN_POINT('Ctrl Pts',(71.9999274240175,13.557515314418,5.));
#5704=CARTESIAN_POINT('Ctrl Pts',(71.9998846466427,13.5638885097684,5.));
#5705=CARTESIAN_POINT('Ctrl Pts',(71.9998153623656,13.5700304891495,5.));
#5706=CARTESIAN_POINT('Ctrl Pts',(71.9997342464009,13.5772213353711,5.));
#5707=CARTESIAN_POINT('Ctrl Pts',(71.9996166794264,13.5840965613837,5.));
#5708=CARTESIAN_POINT('Ctrl Pts',(71.9994461413727,13.5907097525124,5.));
#5709=CARTESIAN_POINT('Ctrl Pts',(71.9992511527449,13.598271097537,5.));
#5710=CARTESIAN_POINT('Ctrl Pts',(71.9989866124932,13.6054954602049,5.));
#5711=CARTESIAN_POINT('Ctrl Pts',(71.9986317327609,13.6124977696605,5.));
#5712=CARTESIAN_POINT('Ctrl Pts',(71.9983489893276,13.6180767217266,5.));
#5713=CARTESIAN_POINT('Ctrl Pts',(71.9980089274041,13.6235169607003,5.));
#5714=CARTESIAN_POINT('Ctrl Pts',(71.9976045738665,13.628846464137,5.));
#5715=CARTESIAN_POINT('Ctrl Pts',(71.9972459347399,13.6335734376384,5.));
#5716=CARTESIAN_POINT('Ctrl Pts',(71.9968367251647,13.6382140110998,5.));
#5717=CARTESIAN_POINT('Ctrl Pts',(71.9963750329017,13.6427448002588,5.));
#5718=CARTESIAN_POINT('Ctrl Pts',(71.9958394432156,13.6480007773196,5.));
#5719=CARTESIAN_POINT('Ctrl Pts',(71.9952341072666,13.6530987907694,5.));
#5720=CARTESIAN_POINT('Ctrl Pts',(71.9945562272992,13.657974798987,5.));
#5721=CARTESIAN_POINT('Ctrl Pts',(71.9938238906911,13.6632425152356,5.));
#5722=CARTESIAN_POINT('Ctrl Pts',(71.9930067454551,13.6682517246852,5.));
#5723=CARTESIAN_POINT('Ctrl Pts',(71.9920946080159,13.6729830097666,5.));
#5724=CARTESIAN_POINT('Ctrl Pts',(71.9910059263677,13.6786300351153,5.));
#5725=CARTESIAN_POINT('Ctrl Pts',(71.9897815971714,13.6838820763878,5.));
#5726=CARTESIAN_POINT('Ctrl Pts',(71.9883987342082,13.6887799198677,5.));
#5727=CARTESIAN_POINT('Ctrl Pts',(71.9866608330188,13.6949352427277,5.));
#5728=CARTESIAN_POINT('Ctrl Pts',(71.9846708930764,13.7005380356044,5.));
#5729=CARTESIAN_POINT('Ctrl Pts',(71.9823910969505,13.7057186330225,5.));
#5730=CARTESIAN_POINT('Ctrl Pts',(71.9807969558343,13.7093411513943,5.));
#5731=CARTESIAN_POINT('Ctrl Pts',(71.9790611999663,13.7127587965941,5.));
#5732=CARTESIAN_POINT('Ctrl Pts',(71.9771804696136,13.7159883255764,5.));
#5733=CARTESIAN_POINT('Ctrl Pts',(71.9740830458844,13.7213071208462,5.));
#5734=CARTESIAN_POINT('Ctrl Pts',(71.9705938242637,13.7261147946935,5.));
#5735=CARTESIAN_POINT('Ctrl Pts',(71.9667469511928,13.7302647027826,5.));
#5736=CARTESIAN_POINT('Ctrl Pts',(71.9636855844023,13.7335672268256,5.));
#5737=CARTESIAN_POINT('Ctrl Pts',(71.9603969804045,13.7364539857369,5.));
#5738=CARTESIAN_POINT('Ctrl Pts',(71.9568778903389,13.7389152282565,5.));
#5739=CARTESIAN_POINT('Ctrl Pts',(71.9523034816126,13.7421145579268,5.));
#5740=CARTESIAN_POINT('Ctrl Pts',(71.9473385337317,13.7445963944861,5.));
#5741=CARTESIAN_POINT('Ctrl Pts',(71.9419546886543,13.7464294753273,5.));
#5742=CARTESIAN_POINT('Ctrl Pts',(71.9373190043121,13.7480078238925,5.));
#5743=CARTESIAN_POINT('Ctrl Pts',(71.9323713171291,13.7491095814067,5.));
#5744=CARTESIAN_POINT('Ctrl Pts',(71.9271010522967,13.749782319833,5.));
#5745=CARTESIAN_POINT('Ctrl Pts',(71.9222968853885,13.7503955618216,5.));
#5746=CARTESIAN_POINT('Ctrl Pts',(71.917224091398,13.7506541041723,5.));
#5747=CARTESIAN_POINT('Ctrl Pts',(71.9118939979905,13.75055909547,5.));
#5748=CARTESIAN_POINT('Ctrl Pts',(71.9046458729961,13.7504298979311,5.));
#5749=CARTESIAN_POINT('Ctrl Pts',(71.8969268136311,13.7496354727715,5.));
#5750=CARTESIAN_POINT('Ctrl Pts',(71.8887754331211,13.7481709491085,5.));
#5751=CARTESIAN_POINT('Ctrl Pts',(71.8781142274418,13.7462554958949,5.));
#5752=CARTESIAN_POINT('Ctrl Pts',(71.8667123205312,13.7431953621827,5.));
#5753=CARTESIAN_POINT('Ctrl Pts',(71.8546310019452,13.7390738535543,5.));
#5754=CARTESIAN_POINT('Ctrl Pts',(71.8433636338736,13.7352300219066,5.));
#5755=CARTESIAN_POINT('Ctrl Pts',(71.8315029911859,13.7304690752154,5.));
#5756=CARTESIAN_POINT('Ctrl Pts',(71.8191100235675,13.7248599317469,5.));
#5757=CARTESIAN_POINT('Ctrl Pts',(71.8014799639726,13.7168804439704,5.));
#5758=CARTESIAN_POINT('Ctrl Pts',(71.7827736220462,13.7071728721403,5.));
#5759=CARTESIAN_POINT('Ctrl Pts',(71.7632441939224,13.6958696202396,5.));
#5760=CARTESIAN_POINT('Ctrl Pts',(71.7418839796489,13.6835067450414,5.));
#5761=CARTESIAN_POINT('Ctrl Pts',(71.719539783426,13.6692356427333,5.));
#5762=CARTESIAN_POINT('Ctrl Pts',(71.6965996596957,13.653270957477,5.));
#5763=CARTESIAN_POINT('Ctrl Pts',(71.6671269344533,13.6327600488319,5.));
#5764=CARTESIAN_POINT('Ctrl Pts',(71.6366717526591,13.609455292919,5.));
#5765=CARTESIAN_POINT('Ctrl Pts',(71.6061362208366,13.5838621502453,5.));
#5766=CARTESIAN_POINT('Ctrl Pts',(71.5962851134688,13.5756055134255,5.));
#5767=CARTESIAN_POINT('Ctrl Pts',(71.5864260126535,13.5671108723934,5.));
#5768=CARTESIAN_POINT('Ctrl Pts',(71.5765897589063,13.5583952486557,5.));
#5769=CARTESIAN_POINT('Origin',(71.9999999999999,15.6961524227065,-5.));
#5770=CARTESIAN_POINT('',(72.9999999999998,15.6961524227065,-4.99999999999997));
#5771=CARTESIAN_POINT('',(72.4999999999999,14.8301270189221,-5.));
#5772=CARTESIAN_POINT('Origin',(71.9999999999995,-1.75000000000001,6.));
#5773=CARTESIAN_POINT('',(72.9999999999995,-1.75000000000001,6.00000000000003));
#5774=CARTESIAN_POINT('',(71.9999999999995,-1.75000000000001,5.));
#5775=CARTESIAN_POINT('Origin',(47.3719363508276,9.99999999999943,5.99999999999921));
#5776=CARTESIAN_POINT('',(71.3227517414252,11.5357220209099,5.));
#5777=CARTESIAN_POINT('',(70.3248011001504,11.471733603372,5.99999999999921));
#5778=CARTESIAN_POINT('Origin',(71.3227517414252,11.5357220209099,5.99999999999921));
#5779=CARTESIAN_POINT('Origin',(47.3719363508276,9.99999999999943,5.99999999999921));
#5780=CARTESIAN_POINT('Origin',(47.3719363508276,9.99999999999943,5.));
#5781=CARTESIAN_POINT('Ctrl Pts',(71.3227517414258,11.5357220209081,5.));
#5782=CARTESIAN_POINT('Ctrl Pts',(71.3922011336085,10.4526031045229,5.));
#5783=CARTESIAN_POINT('Ctrl Pts',(71.380824546028,9.3650206267205,5.));
#5784=CARTESIAN_POINT('Ctrl Pts',(71.2737463104331,8.284800776045,5.));
#5785=CARTESIAN_POINT('Ctrl Pts',(71.0241656077806,11.5165767311507,5.));
#5786=CARTESIAN_POINT('Ctrl Pts',(71.0926568134855,10.4484015006195,5.));
#5787=CARTESIAN_POINT('Ctrl Pts',(71.0813314321087,9.37684961009074,5.));
#5788=CARTESIAN_POINT('Ctrl Pts',(70.976006235773,8.31431465865006,5.));
#5789=CARTESIAN_POINT('Ctrl Pts',(70.5073687596411,11.4834398092096,5.25124794731214));
#5790=CARTESIAN_POINT('Ctrl Pts',(70.5742140830474,10.4409334318643,5.25124794731214));
#5791=CARTESIAN_POINT('Ctrl Pts',(70.5629877487152,9.39755517950702,5.25124794731214));
#5792=CARTESIAN_POINT('Ctrl Pts',(70.4606737577683,8.36539767888426,5.25124794731214));
#5793=CARTESIAN_POINT('Ctrl Pts',(70.3248011001509,11.4717336033701,5.77560052474359));
#5794=CARTESIAN_POINT('Ctrl Pts',(70.3910592142319,10.4383852259452,5.77560052474359));
#5795=CARTESIAN_POINT('Ctrl Pts',(70.3798630817714,9.40476325421153,5.77560052474359));
#5796=CARTESIAN_POINT('Ctrl Pts',(70.2786234130201,8.38344366248,5.77560052474359));
#5797=CARTESIAN_POINT('Ctrl Pts',(70.3248011001509,11.4717336033701,6.));
#5798=CARTESIAN_POINT('Ctrl Pts',(70.3910618058194,10.4383448080612,6.));
#5799=CARTESIAN_POINT('Ctrl Pts',(70.3798678231812,9.40481108619974,6.));
#5800=CARTESIAN_POINT('Ctrl Pts',(70.2786234130201,8.38344366248,6.));
#5801=CARTESIAN_POINT('Ctrl Pts',(70.2786234130201,8.38344366248,6.));
#5802=CARTESIAN_POINT('Ctrl Pts',(70.3798678231812,9.40481108619974,6.));
#5803=CARTESIAN_POINT('Ctrl Pts',(70.3910618058194,10.4383448080612,6.));
#5804=CARTESIAN_POINT('Ctrl Pts',(70.3248011001509,11.4717336033701,6.));
#5805=CARTESIAN_POINT('Ctrl Pts',(71.3227517414258,11.5357220209081,5.));
#5806=CARTESIAN_POINT('Ctrl Pts',(71.3922011336085,10.4526031045229,5.));
#5807=CARTESIAN_POINT('Ctrl Pts',(71.380824546028,9.3650206267205,5.));
#5808=CARTESIAN_POINT('Ctrl Pts',(71.2737463104331,8.284800776045,5.));
#5809=CARTESIAN_POINT('Origin',(70.8752583116566,14.8573508011683,-5.));
#5810=CARTESIAN_POINT('',(71.5627152597138,14.1311256676403,-5.));
#5811=CARTESIAN_POINT('',(69.8959532299554,14.6549611844529,-5.00000000000001));
#5812=CARTESIAN_POINT('Origin',(71.9999999999999,5.30384757729345,-5.));
#5813=CARTESIAN_POINT('',(72.4999999999999,6.16987298107787,-5.));
#5814=CARTESIAN_POINT('',(72.9999999999998,5.30384757729345,-4.99999999999997));
#5815=CARTESIAN_POINT('Origin',(47.3719363508281,9.99999999999756,-10.));
#5816=CARTESIAN_POINT('',(70.3248011001509,11.4717336033701,9.));
#5817=CARTESIAN_POINT('',(70.3248011001509,11.4717336033701,-10.));
#5818=CARTESIAN_POINT('',(70.270570511818,12.1569778768258,8.99999999999994));
#5819=CARTESIAN_POINT('Origin',(47.3719363508275,9.99999999999978,8.99999999999838));
#5820=CARTESIAN_POINT('',(70.2705705118174,12.1569778768281,29.0000000000014));
#5821=CARTESIAN_POINT('Ctrl Pts',(70.2705705118174,12.1569778768281,29.0000000000014));
#5822=CARTESIAN_POINT('Ctrl Pts',(70.2705705118176,12.1569778768274,22.3333333333343));
#5823=CARTESIAN_POINT('Ctrl Pts',(70.2705705118178,12.1569778768266,15.6666666666671));
#5824=CARTESIAN_POINT('Ctrl Pts',(70.270570511818,12.1569778768258,8.99999999999988));
#5825=CARTESIAN_POINT('',(67.4751152136836,21.1741755672639,29.0000000000003));
#5826=CARTESIAN_POINT('Origin',(47.3719363508269,10.0000000000021,29.000000000001));
#5827=CARTESIAN_POINT('',(67.475115213684,21.1741755672622,14.0000000000001));
#5828=CARTESIAN_POINT('Ctrl Pts',(67.475115213684,21.1741755672622,14.));
#5829=CARTESIAN_POINT('Ctrl Pts',(67.4751152136839,21.1741755672627,19.0000000000001));
#5830=CARTESIAN_POINT('Ctrl Pts',(67.4751152136837,21.1741755672633,24.0000000000002));
#5831=CARTESIAN_POINT('Ctrl Pts',(67.4751152136836,21.1741755672639,29.0000000000003));
#5832=CARTESIAN_POINT('',(66.3117960465651,23.0492036042714,14.));
#5833=CARTESIAN_POINT('Origin',(47.3719363508273,10.0000000000004,14.0000000000027));
#5834=CARTESIAN_POINT('',(66.3117960465651,23.0492036042714,-10.));
#5835=CARTESIAN_POINT('Ctrl Pts',(70.3248011001509,11.4717336033701,-10.));
#5836=CARTESIAN_POINT('Ctrl Pts',(70.3248011001509,11.4717336033701,9.));
#5837=CARTESIAN_POINT('Ctrl Pts',(70.3659491515021,10.8299967732819,-10.));
#5838=CARTESIAN_POINT('Ctrl Pts',(70.3659491515021,10.8299967732819,9.));
#5839=CARTESIAN_POINT('Ctrl Pts',(70.3973327747564,9.56306225562308,-10.));
#5840=CARTESIAN_POINT('Ctrl Pts',(70.3973327747564,9.56306225562308,9.));
#5841=CARTESIAN_POINT('Ctrl Pts',(70.2916823442782,7.71227227874942,-10.));
#5842=CARTESIAN_POINT('Ctrl Pts',(70.2916823442782,7.71227227874942,9.));
#5843=CARTESIAN_POINT('Ctrl Pts',(69.8408973639318,5.36275678528314,-10.));
#5844=CARTESIAN_POINT('Ctrl Pts',(69.8408973639318,5.36275678528314,9.));
#5845=CARTESIAN_POINT('Ctrl Pts',(68.7448552584836,2.71900751829672,-10.));
#5846=CARTESIAN_POINT('Ctrl Pts',(68.7448552584836,2.71900751829672,9.));
#5847=CARTESIAN_POINT('Ctrl Pts',(67.1172435263412,0.468887275378231,-10.));
#5848=CARTESIAN_POINT('Ctrl Pts',(67.1172435263412,0.468887275378231,9.));
#5849=CARTESIAN_POINT('Ctrl Pts',(65.0086939956149,-1.33446013992915,-10.));
#5850=CARTESIAN_POINT('Ctrl Pts',(65.0086939956149,-1.33446013992915,9.));
#5851=CARTESIAN_POINT('Ctrl Pts',(62.5539741450923,-2.73542219413352,-10.));
#5852=CARTESIAN_POINT('Ctrl Pts',(62.5539741450923,-2.73542219413352,9.));
#5853=CARTESIAN_POINT('Ctrl Pts',(60.0345441279681,-3.95833539640389,-10.));
#5854=CARTESIAN_POINT('Ctrl Pts',(60.0345441279681,-3.95833539640389,9.));
#5855=CARTESIAN_POINT('Ctrl Pts',(57.8192182865055,-5.34098221253787,-10.));
#5856=CARTESIAN_POINT('Ctrl Pts',(57.8192182865055,-5.34098221253787,9.));
#5857=CARTESIAN_POINT('Ctrl Pts',(56.5890260476693,-6.86113971545614,-10.));
#5858=CARTESIAN_POINT('Ctrl Pts',(56.5890260476693,-6.86113971545614,9.));
#5859=CARTESIAN_POINT('Ctrl Pts',(56.1071019624555,-8.36711082450938,-10.));
#5860=CARTESIAN_POINT('Ctrl Pts',(56.1071019624555,-8.36711082450938,9.));
#5861=CARTESIAN_POINT('Ctrl Pts',(56.,-9.5517942693423,-10.));
#5862=CARTESIAN_POINT('Ctrl Pts',(56.,-9.5517942693423,9.));
#5863=CARTESIAN_POINT('Ctrl Pts',(56.,-10.1893174528981,-10.));
#5864=CARTESIAN_POINT('Ctrl Pts',(56.,-10.1893174528981,9.));
#5865=CARTESIAN_POINT('Ctrl Pts',(70.3248011001509,11.4717336033701,9.));
#5866=CARTESIAN_POINT('Ctrl Pts',(70.3659491515021,10.8299967732819,9.));
#5867=CARTESIAN_POINT('Ctrl Pts',(70.3954087939498,9.64073199042235,9.));
#5868=CARTESIAN_POINT('Ctrl Pts',(70.3351523924089,8.48061076085742,9.));
#5869=CARTESIAN_POINT('Ctrl Pts',(70.1839486252518,7.35486629476721,9.));
#5870=CARTESIAN_POINT('Ctrl Pts',(69.9400623984117,6.27377185966955,9.));
#5871=CARTESIAN_POINT('Ctrl Pts',(69.8057340324544,5.77937629509312,9.));
#5872=CARTESIAN_POINT('Origin',(75.,10.5,-5.));
#5873=CARTESIAN_POINT('Origin',(75.,10.5,5.));
#5874=CARTESIAN_POINT('Origin',(75.,10.5,-5.));
#5875=CARTESIAN_POINT('Origin',(63.,10.5,-5.));
#5876=CARTESIAN_POINT('',(72.8328106573143,-8.39838834139349,-5.));
#5877=CARTESIAN_POINT('',(70.4562647824332,-7.5737824128293,-5.));
#5878=CARTESIAN_POINT('Ctrl Pts',(72.8328106573143,-8.3983883413935,-5.));
#5879=CARTESIAN_POINT('Ctrl Pts',(71.9106578050728,-7.97607980858377,-5.));
#5880=CARTESIAN_POINT('Ctrl Pts',(71.0980314615928,-7.72730080180296,-5.));
#5881=CARTESIAN_POINT('Ctrl Pts',(70.4562647824333,-7.57378241282878,-5.));
#5882=CARTESIAN_POINT('Ctrl Pts',(70.4562647824319,-7.57378241282898,-5.));
#5883=CARTESIAN_POINT('Ctrl Pts',(71.2636230101706,-7.76691231263894,-5.));
#5884=CARTESIAN_POINT('Ctrl Pts',(72.0578424907294,-8.04348441347232,-5.));
#5885=CARTESIAN_POINT('Ctrl Pts',(72.8328106573145,-8.39838834139408,-5.));
#5886=CARTESIAN_POINT('Origin',(75.,31.5,-10.));
#5887=CARTESIAN_POINT('',(76.5,31.5,-10.));
#5888=CARTESIAN_POINT('',(76.5,31.5,-10.));
#5889=CARTESIAN_POINT('Origin',(75.,31.5,-10.));
#5890=CARTESIAN_POINT('Origin',(51.,31.5,-10.));
#5891=CARTESIAN_POINT('',(52.5,31.5,-10.));
#5892=CARTESIAN_POINT('',(52.5,31.5,-10.));
#5893=CARTESIAN_POINT('Origin',(51.,31.5,-10.));
#5894=CARTESIAN_POINT('Origin',(51.,-10.5,-10.));
#5895=CARTESIAN_POINT('',(52.5,-10.5,-10.));
#5896=CARTESIAN_POINT('',(52.5,-10.5,-10.));
#5897=CARTESIAN_POINT('Origin',(51.,-10.5,-10.));
#5898=CARTESIAN_POINT('Origin',(75.,10.5,-10.));
#5899=CARTESIAN_POINT('',(76.5,10.5,-10.));
#5900=CARTESIAN_POINT('',(76.5,10.5,-10.));
#5901=CARTESIAN_POINT('Origin',(75.,10.5,-10.));
#5902=CARTESIAN_POINT('Origin',(83.,40.,-10.));
#5903=CARTESIAN_POINT('',(71.5547287127094,40.,-10.));
#5904=CARTESIAN_POINT('',(43.,40.,-10.));
#5905=CARTESIAN_POINT('',(71.5547287127094,40.,-10.));
#5906=CARTESIAN_POINT('Ctrl Pts',(56.,-10.1893174528981,-10.));
#5907=CARTESIAN_POINT('Ctrl Pts',(56.,-10.1893174528981,9.));
#5908=CARTESIAN_POINT('Ctrl Pts',(56.2448143317672,-10.0711090969715,-10.));
#5909=CARTESIAN_POINT('Ctrl Pts',(56.2448143317672,-10.0711090969715,9.));
#5910=CARTESIAN_POINT('Ctrl Pts',(56.4890969480764,-9.95364927196673,-10.));
#5911=CARTESIAN_POINT('Ctrl Pts',(56.4890969480764,-9.95364927196673,9.));
#5912=CARTESIAN_POINT('Ctrl Pts',(56.7328643679347,-9.83707862450384,-10.));
#5913=CARTESIAN_POINT('Ctrl Pts',(56.7328643679347,-9.83707862450384,9.));
#5914=CARTESIAN_POINT('Ctrl Pts',(57.2872221514285,-9.571982305293,-10.));
#5915=CARTESIAN_POINT('Ctrl Pts',(57.2872221514285,-9.571982305293,9.));
#5916=CARTESIAN_POINT('Ctrl Pts',(57.8295647675261,-9.31492068883348,-10.));
#5917=CARTESIAN_POINT('Ctrl Pts',(57.8295647675261,-9.31492068883348,9.));
#5918=CARTESIAN_POINT('Ctrl Pts',(58.3515472303421,-9.07923621427575,-10.));
#5919=CARTESIAN_POINT('Ctrl Pts',(58.3515472303421,-9.07923621427575,9.));
#5920=CARTESIAN_POINT('Ctrl Pts',(58.7367106029982,-8.90532802085947,-10.));
#5921=CARTESIAN_POINT('Ctrl Pts',(58.7367106029982,-8.90532802085947,9.));
#5922=CARTESIAN_POINT('Ctrl Pts',(59.0716315270778,-8.76362461322502,-10.));
#5923=CARTESIAN_POINT('Ctrl Pts',(59.0716315270778,-8.76362461322502,9.));
#5924=CARTESIAN_POINT('Ctrl Pts',(59.2631427258704,-8.69780398981226,-10.));
#5925=CARTESIAN_POINT('Ctrl Pts',(59.2631427258704,-8.69780398981226,9.));
#5926=CARTESIAN_POINT('Ctrl Pts',(59.3354757674809,-8.67294379405265,-10.));
#5927=CARTESIAN_POINT('Ctrl Pts',(59.3354757674809,-8.67294379405265,9.));
#5928=CARTESIAN_POINT('Ctrl Pts',(59.4387274546418,-8.6427310316404,-10.));
#5929=CARTESIAN_POINT('Ctrl Pts',(59.4387274546418,-8.6427310316404,9.));
#5930=CARTESIAN_POINT('Ctrl Pts',(59.6393304157735,-8.58964738124927,-10.));
#5931=CARTESIAN_POINT('Ctrl Pts',(59.6393304157735,-8.58964738124927,9.));
#5932=CARTESIAN_POINT('Ctrl Pts',(59.8731029105298,-8.52778639319254,-10.));
#5933=CARTESIAN_POINT('Ctrl Pts',(59.8731029105298,-8.52778639319254,9.));
#5934=CARTESIAN_POINT('Ctrl Pts',(60.1184578494446,-8.46092616083885,-10.));
#5935=CARTESIAN_POINT('Ctrl Pts',(60.1184578494446,-8.46092616083885,9.));
#5936=CARTESIAN_POINT('Ctrl Pts',(60.3558715322033,-8.394121911513,-10.));
#5937=CARTESIAN_POINT('Ctrl Pts',(60.3558715322033,-8.394121911513,9.));
#5938=CARTESIAN_POINT('Ctrl Pts',(61.235607252743,-8.14657895723636,-10.));
#5939=CARTESIAN_POINT('Ctrl Pts',(61.235607252743,-8.14657895723636,9.));
#5940=CARTESIAN_POINT('Ctrl Pts',(62.0224904468034,-7.92810532309465,-10.));
#5941=CARTESIAN_POINT('Ctrl Pts',(62.0224904468034,-7.92810532309465,9.));
#5942=CARTESIAN_POINT('Ctrl Pts',(62.7789700847754,-7.75754923171794,-10.));
#5943=CARTESIAN_POINT('Ctrl Pts',(62.7789700847754,-7.75754923171794,9.));
#5944=CARTESIAN_POINT('Ctrl Pts',(64.1009955571279,-7.45948503283303,-10.));
#5945=CARTESIAN_POINT('Ctrl Pts',(64.1009955571279,-7.45948503283303,9.));
#5946=CARTESIAN_POINT('Ctrl Pts',(65.3991139137139,-7.26998518404962,-10.));
#5947=CARTESIAN_POINT('Ctrl Pts',(65.3991139137139,-7.26998518404962,9.));
#5948=CARTESIAN_POINT('Ctrl Pts',(66.652269779549,-7.22315432266319,-10.));
#5949=CARTESIAN_POINT('Ctrl Pts',(66.652269779549,-7.22315432266319,9.));
#5950=CARTESIAN_POINT('Ctrl Pts',(67.971702568289,-7.17384667010153,-10.));
#5951=CARTESIAN_POINT('Ctrl Pts',(67.971702568289,-7.17384667010153,9.));
#5952=CARTESIAN_POINT('Ctrl Pts',(69.2530350563976,-7.28595523964409,-10.));
#5953=CARTESIAN_POINT('Ctrl Pts',(69.2530350563976,-7.28595523964409,9.));
#5954=CARTESIAN_POINT('Ctrl Pts',(70.4562647824345,-7.57378241282962,-10.));
#5955=CARTESIAN_POINT('Ctrl Pts',(70.4562647824345,-7.57378241282962,9.));
#5956=CARTESIAN_POINT('Ctrl Pts',(71.2636230101724,-7.76691231263955,-10.));
#5957=CARTESIAN_POINT('Ctrl Pts',(71.2636230101724,-7.76691231263955,9.));
#5958=CARTESIAN_POINT('Ctrl Pts',(72.0578424907303,-8.04348441347271,-10.));
#5959=CARTESIAN_POINT('Ctrl Pts',(72.0578424907303,-8.04348441347271,9.));
#5960=CARTESIAN_POINT('Ctrl Pts',(72.8328106573145,-8.39838834139408,-10.));
#5961=CARTESIAN_POINT('Ctrl Pts',(72.8328106573145,-8.39838834139408,9.));
#5962=CARTESIAN_POINT('',(72.8328106573145,-8.39838834139408,9.));
#5963=CARTESIAN_POINT('',(72.8328106573145,-8.39838834139408,-10.));
#5964=CARTESIAN_POINT('',(70.4562647824345,-7.57378241282962,9.));
#5965=CARTESIAN_POINT('Ctrl Pts',(70.4562647824345,-7.57378241282962,9.));
#5966=CARTESIAN_POINT('Ctrl Pts',(71.2636230101724,-7.76691231263955,9.));
#5967=CARTESIAN_POINT('Ctrl Pts',(72.0578424907303,-8.04348441347271,9.));
#5968=CARTESIAN_POINT('Ctrl Pts',(72.8328106573145,-8.39838834139408,9.));
#5969=CARTESIAN_POINT('',(70.4562647824332,-7.5737824128293,-10.));
#5970=CARTESIAN_POINT('Origin',(56.,-14.,-10.0000000000001));
#5971=CARTESIAN_POINT('',(70.999999999999,-13.9999999999964,21.0000000000002));
#5972=CARTESIAN_POINT('',(71.,-14.,-9.99999999999994));
#5973=CARTESIAN_POINT('',(57.999999999999,-13.9999999999964,21.));
#5974=CARTESIAN_POINT('',(60.2511374456789,-13.9999999999964,21.));
#5975=CARTESIAN_POINT('',(58.,-14.,-9.99999999999986));
#5976=CARTESIAN_POINT('Origin',(71.,-12.,-10.0000000000002));
#5977=CARTESIAN_POINT('',(72.999999999999,-11.9999999999964,20.9999999999999));
#5978=CARTESIAN_POINT('',(73.,-12.,-10.0000000000001));
#5979=CARTESIAN_POINT('Origin',(70.999999999999,-11.9999999999964,21.0000000000002));
#5980=CARTESIAN_POINT('Origin',(73.,-14.,-10.0000000000001));
#5981=CARTESIAN_POINT('',(72.9999999999993,24.32508599045,14.));
#5982=CARTESIAN_POINT('',(73.,24.3250859904424,-10.0000000000059));
#5983=CARTESIAN_POINT('',(72.9999999999993,22.7291801475903,13.9999999999999));
#5984=CARTESIAN_POINT('',(72.9999999999993,11.9607304688091,14.));
#5985=CARTESIAN_POINT('',(72.9999999999988,22.7291801475921,29.0000000000003));
#5986=CARTESIAN_POINT('Ctrl Pts',(72.9999999999988,22.7291801475921,29.0000000000003));
#5987=CARTESIAN_POINT('Ctrl Pts',(72.9999999999989,22.7291801475915,24.0000000000002));
#5988=CARTESIAN_POINT('Ctrl Pts',(72.9999999999991,22.7291801475909,19.));
#5989=CARTESIAN_POINT('Ctrl Pts',(72.9999999999992,22.7291801475903,13.9999999999999));
#5990=CARTESIAN_POINT('',(72.9999999999988,12.0245749220198,29.0000000000015));
#5991=CARTESIAN_POINT('',(72.9999999999988,1.97628069712481,29.0000000000027));
#5992=CARTESIAN_POINT('',(72.9999999999994,12.0245749220175,8.99999999999993));
#5993=CARTESIAN_POINT('Ctrl Pts',(72.9999999999994,12.0245749220175,8.99999999999991));
#5994=CARTESIAN_POINT('Ctrl Pts',(72.9999999999992,12.0245749220183,15.6666666666671));
#5995=CARTESIAN_POINT('Ctrl Pts',(72.999999999999,12.024574922019,22.3333333333343));
#5996=CARTESIAN_POINT('Ctrl Pts',(72.9999999999988,12.0245749220198,29.0000000000015));
#5997=CARTESIAN_POINT('',(72.9999999999994,-9.19889136726657,9.));
#5998=CARTESIAN_POINT('',(72.9999999999994,-6.679395962382,9.));
#5999=CARTESIAN_POINT('',(72.999999999999,-9.19889136726517,20.9999999999999));
#6000=CARTESIAN_POINT('',(73.,-9.19889136726879,-9.9999999999999));
#6001=CARTESIAN_POINT('',(72.999999999999,-12.2928498394627,20.9999999999999));
#6002=CARTESIAN_POINT('Origin',(53.,24.3250859904424,-10.0000000000065));
#6003=CARTESIAN_POINT('',(72.903949380492,26.2828395650307,14.));
#6004=CARTESIAN_POINT('',(72.9039493804927,26.2828395650232,-10.0000000000065));
#6005=CARTESIAN_POINT('Origin',(52.9999999999993,24.32508599045,14.0000000000039));
#6006=CARTESIAN_POINT('Origin',(72.9999999997203,25.306318981486,-10.));
#6007=CARTESIAN_POINT('',(70.4941223917927,50.7828966823248,-10.));
#6008=CARTESIAN_POINT('',(72.9999999997203,25.306318981486,-10.));
#6009=CARTESIAN_POINT('',(70.4941223917922,50.7828966823299,14.));
#6010=CARTESIAN_POINT('',(70.4941223917927,50.7828966823248,-10.0000000000025));
#6011=CARTESIAN_POINT('',(72.9999999997203,25.306318981486,14.));
#6012=CARTESIAN_POINT('Origin',(64.5022748913589,-10.5856996789291,-10.0000000000001));
#6013=CARTESIAN_POINT('',(58.181241639204,52.7216537980773,-10.));
#6014=CARTESIAN_POINT('Ctrl Pts',(59.7150564529168,40.,-10.));
#6015=CARTESIAN_POINT('Ctrl Pts',(59.6469327103498,40.4765127107186,-10.));
#6016=CARTESIAN_POINT('Ctrl Pts',(59.494204875883,41.6053149182549,-10.));
#6017=CARTESIAN_POINT('Ctrl Pts',(59.2758592179755,43.4196758492069,-10.));
#6018=CARTESIAN_POINT('Ctrl Pts',(59.0037698840168,45.9605131070825,-10.));
#6019=CARTESIAN_POINT('Ctrl Pts',(58.7221788049361,48.5505849610158,-10.));
#6020=CARTESIAN_POINT('Ctrl Pts',(58.4662232831024,50.6353394942101,-10.));
#6021=CARTESIAN_POINT('Ctrl Pts',(58.2789999903742,52.0260669860509,-10.));
#6022=CARTESIAN_POINT('Ctrl Pts',(58.181241639204,52.7216537980773,-10.));
#6023=CARTESIAN_POINT('',(58.0407008045012,53.7216537980797,-10.));
#6024=CARTESIAN_POINT('',(54.4721257338718,79.1133848076787,-10.));
#6025=CARTESIAN_POINT('',(60.0212369419843,56.,-10.0000000000001));
#6026=CARTESIAN_POINT('Origin',(60.0212369419843,54.,-10.0000000000078));
#6027=CARTESIAN_POINT('',(68.4341459341169,56.,-10.0000000000001));
#6028=CARTESIAN_POINT('',(73.,56.,-10.0000000000001));
#6029=CARTESIAN_POINT('',(70.4308664648595,53.8855136597187,-10.0000000000131));
#6030=CARTESIAN_POINT('Origin',(68.4341459341169,54.,-10.0000000000076));
#6031=CARTESIAN_POINT('Origin',(90.3980717722854,52.7406502569056,-10.0000000000131));
#6032=CARTESIAN_POINT('',(68.3070043492292,50.9999999999976,-10.));
#6033=CARTESIAN_POINT('',(68.5233303156259,51.0117336505709,-10.));
#6034=CARTESIAN_POINT('Ctrl Pts',(68.3070043492292,50.9999999999976,-10.));
#6035=CARTESIAN_POINT('Ctrl Pts',(68.3828920558546,50.9999999999976,-10.));
#6036=CARTESIAN_POINT('Ctrl Pts',(68.4508894806621,51.0038519934499,-10.));
#6037=CARTESIAN_POINT('Ctrl Pts',(68.5233303156441,51.0117336505729,-10.));
#6038=CARTESIAN_POINT('',(68.8597753236018,51.0779062848288,-10.));
#6039=CARTESIAN_POINT('Ctrl Pts',(68.5233303156441,51.0117336505729,-10.));
#6040=CARTESIAN_POINT('Ctrl Pts',(68.642218513511,51.0246688412259,-10.));
#6041=CARTESIAN_POINT('Ctrl Pts',(68.7413732348728,51.0438552718954,-10.));
#6042=CARTESIAN_POINT('Ctrl Pts',(68.8597753236018,51.0779062848288,-10.));
#6043=CARTESIAN_POINT('',(69.3104019938112,51.2699152717697,-10.));
#6044=CARTESIAN_POINT('Ctrl Pts',(68.8597753236018,51.0779062848288,-10.));
#6045=CARTESIAN_POINT('Ctrl Pts',(69.0133159287041,51.1220627113435,-10.));
#6046=CARTESIAN_POINT('Ctrl Pts',(69.1506163219411,51.1772443382735,-10.));
#6047=CARTESIAN_POINT('Ctrl Pts',(69.3104019938113,51.2699152717698,-10.));
#6048=CARTESIAN_POINT('Ctrl Pts',(68.8597753236018,51.0779062848288,-10.));
#6049=CARTESIAN_POINT('Ctrl Pts',(69.0133159287041,51.1220627113435,-10.));
#6050=CARTESIAN_POINT('Ctrl Pts',(69.1506163219411,51.1772443382735,-10.));
#6051=CARTESIAN_POINT('Ctrl Pts',(69.3104019938113,51.2699152717698,-10.));
#6052=CARTESIAN_POINT('Ctrl Pts',(68.5233303156441,51.0117336505729,-10.));
#6053=CARTESIAN_POINT('Ctrl Pts',(68.642218513511,51.0246688412259,-10.));
#6054=CARTESIAN_POINT('Ctrl Pts',(68.7413732348728,51.0438552718954,-10.));
#6055=CARTESIAN_POINT('Ctrl Pts',(68.8597753236018,51.0779062848288,-10.));
#6056=CARTESIAN_POINT('Ctrl Pts',(68.3070043492292,50.9999999999976,-10.));
#6057=CARTESIAN_POINT('Ctrl Pts',(68.3828920558546,50.9999999999976,-10.));
#6058=CARTESIAN_POINT('Ctrl Pts',(68.4508894806621,51.0038519934499,-10.));
#6059=CARTESIAN_POINT('Ctrl Pts',(68.5233303156441,51.0117336505729,-10.));
#6060=CARTESIAN_POINT('Origin',(68.4341459341169,54.,-10.0000000000031));
#6061=CARTESIAN_POINT('',(68.4341459341162,56.0000000000028,14.));
#6062=CARTESIAN_POINT('',(70.4308664648589,53.8855136597215,13.9999999999974));
#6063=CARTESIAN_POINT('Origin',(68.4341459341162,54.0000000000028,13.9999999999982));
#6064=CARTESIAN_POINT('',(70.4308664648595,53.8855136597187,-10.0000000000031));
#6065=CARTESIAN_POINT('',(68.4341459341169,56.,-10.0000000000034));
#6066=CARTESIAN_POINT('Origin',(70.6288096895043,56.,-10.0000000000001));
#6067=CARTESIAN_POINT('',(60.0212369419831,56.0000000000046,28.9999999999997));
#6068=CARTESIAN_POINT('',(60.0212369419843,56.,-10.0000000000002));
#6069=CARTESIAN_POINT('',(68.4106982382131,56.0000000000046,28.9999999999997));
#6070=CARTESIAN_POINT('',(67.4017322990131,56.0000000000046,28.9999999999997));
#6071=CARTESIAN_POINT('',(68.4106982382135,56.0000000000028,14.));
#6072=CARTESIAN_POINT('',(68.4106982382143,56.,-10.0000000000003));
#6073=CARTESIAN_POINT('',(68.1097152544832,56.0000000000028,14.));
#6074=CARTESIAN_POINT('Ctrl Pts',(59.0309688732416,53.8608268990444,29.9999999999997));
#6075=CARTESIAN_POINT('Ctrl Pts',(58.9675440370701,54.3121180579855,29.9999999999997));
#6076=CARTESIAN_POINT('Ctrl Pts',(59.2665273617603,54.656059028995,29.9999999999997));
#6077=CARTESIAN_POINT('Ctrl Pts',(59.5655106864505,55.0000000000045,29.9999999999997));
#6078=CARTESIAN_POINT('Ctrl Pts',(60.0212369419831,55.0000000000045,29.9999999999997));
#6079=CARTESIAN_POINT('Ctrl Pts',(58.0407008045,53.7216537980843,29.9999999999997));
#6080=CARTESIAN_POINT('Ctrl Pts',(57.9138511321572,54.6242361159665,29.9999999999997));
#6081=CARTESIAN_POINT('Ctrl Pts',(58.5118177815375,55.3121180579855,29.9999999999997));
#6082=CARTESIAN_POINT('Ctrl Pts',(59.1097844309179,56.0000000000045,29.9999999999997));
#6083=CARTESIAN_POINT('Ctrl Pts',(60.0212369419831,56.0000000000045,29.9999999999997));
#6084=CARTESIAN_POINT('Ctrl Pts',(58.0407008045,53.7216537980843,28.9999999999997));
#6085=CARTESIAN_POINT('Ctrl Pts',(57.9138511321572,54.6242361159665,28.9999999999997));
#6086=CARTESIAN_POINT('Ctrl Pts',(58.5118177815375,55.3121180579855,28.9999999999997));
#6087=CARTESIAN_POINT('Ctrl Pts',(59.1097844309179,56.0000000000045,28.9999999999997));
#6088=CARTESIAN_POINT('Ctrl Pts',(60.0212369419831,56.0000000000045,28.9999999999997));
#6089=CARTESIAN_POINT('',(58.0407008045,53.7216537980843,28.9999999999997));
#6090=CARTESIAN_POINT('',(59.0309688732416,53.8608268990444,29.9999999999999));
#6091=CARTESIAN_POINT('Origin',(59.0309688732416,53.8608268990444,28.9999999999997));
#6092=CARTESIAN_POINT('',(60.0212369419831,55.0000000000045,29.9999999999999));
#6093=CARTESIAN_POINT('Origin',(60.0212369419831,54.0000000000045,29.9999999999999));
#6094=CARTESIAN_POINT('Origin',(60.0212369419831,55.0000000000045,28.9999999999997));
#6095=CARTESIAN_POINT('Origin',(60.0212369419831,54.0000000000045,28.9999999999997));
#6096=CARTESIAN_POINT('Origin',(67.4017322990131,55.0000000000046,28.9999999999999));
#6097=CARTESIAN_POINT('',(68.4106982382131,55.0000000000046,29.9999999999999));
#6098=CARTESIAN_POINT('Origin',(68.4106982382131,55.0000000000046,28.9999999999999));
#6099=CARTESIAN_POINT('',(67.4017322990131,55.0000000000046,29.9999999999999));
#6100=CARTESIAN_POINT('Ctrl Pts',(68.4106982382131,55.0000000000046,29.9999999999999));
#6101=CARTESIAN_POINT('Ctrl Pts',(68.8555090641784,55.0000000000046,29.9999999999999));
#6102=CARTESIAN_POINT('Ctrl Pts',(69.1533761174165,54.6696488391299,29.9999999999999));
#6103=CARTESIAN_POINT('Ctrl Pts',(69.4512431706546,54.3392976782552,29.9999999999999));
#6104=CARTESIAN_POINT('Ctrl Pts',(69.4053649975183,53.8968591354883,29.9999999999999));
#6105=CARTESIAN_POINT('Ctrl Pts',(68.4106982382131,56.0000000000047,29.9999999999999));
#6106=CARTESIAN_POINT('Ctrl Pts',(69.3003198901439,56.0000000000047,29.9999999999999));
#6107=CARTESIAN_POINT('Ctrl Pts',(69.8960539966201,55.3392976782553,29.9999999999999));
#6108=CARTESIAN_POINT('Ctrl Pts',(70.4917881030963,54.6785953565058,29.9999999999999));
#6109=CARTESIAN_POINT('Ctrl Pts',(70.4000317568238,53.793718270972,29.9999999999999));
#6110=CARTESIAN_POINT('Ctrl Pts',(68.4106982382131,56.0000000000046,28.9999999999997));
#6111=CARTESIAN_POINT('Ctrl Pts',(69.3003198901438,56.0000000000046,28.9999999999997));
#6112=CARTESIAN_POINT('Ctrl Pts',(69.89605399662,55.3392976782552,28.9999999999997));
#6113=CARTESIAN_POINT('Ctrl Pts',(70.4917881030961,54.6785953565058,28.9999999999997));
#6114=CARTESIAN_POINT('Ctrl Pts',(70.4000317568236,53.793718270972,28.9999999999997));
#6115=CARTESIAN_POINT('',(69.4053649975183,53.8968591354883,29.9999999999999));
#6116=CARTESIAN_POINT('',(70.4000317568236,53.793718270972,28.9999999999999));
#6117=CARTESIAN_POINT('Origin',(69.4053649975183,53.8968591354883,28.9999999999999));
#6118=CARTESIAN_POINT('Origin',(68.4106982382131,54.0000000000045,28.9999999999999));
#6119=CARTESIAN_POINT('Origin',(68.4106982382131,54.0000000000045,29.9999999999999));
#6120=CARTESIAN_POINT('Origin',(69.3052858064947,52.9317184506951,28.9999999999999));
#6121=CARTESIAN_POINT('',(69.3016711085333,52.8968591354859,29.9999999999999));
#6122=CARTESIAN_POINT('',(70.2963378678385,52.7937182709696,28.9999999999999));
#6123=CARTESIAN_POINT('Origin',(69.3016711085333,52.8968591354859,28.9999999999999));
#6124=CARTESIAN_POINT('',(70.2999525657999,52.8285775861788,28.9999999999999));
#6125=CARTESIAN_POINT('',(69.3052858064947,52.9317184506951,29.9999999999999));
#6126=CARTESIAN_POINT('Ctrl Pts',(68.3070043492278,51.0000000000021,29.));
#6127=CARTESIAN_POINT('Ctrl Pts',(68.3762348624839,51.0000000000021,29.));
#6128=CARTESIAN_POINT('Ctrl Pts',(68.4541759315922,51.0042095635928,29.));
#6129=CARTESIAN_POINT('Ctrl Pts',(68.6283462117819,51.0231595167486,29.));
#6130=CARTESIAN_POINT('Ctrl Pts',(68.7580887049343,51.0486624395218,29.));
#6131=CARTESIAN_POINT('Ctrl Pts',(69.0062761091634,51.1200381441402,29.));
#6132=CARTESIAN_POINT('Ctrl Pts',(69.1772270662252,51.1926777778667,29.));
#6133=CARTESIAN_POINT('Ctrl Pts',(69.4277419804935,51.3379689713027,29.));
#6134=CARTESIAN_POINT('Ctrl Pts',(69.6277881576356,51.4833741224634,29.));
#6135=CARTESIAN_POINT('Ctrl Pts',(69.8073785339282,51.6710942489185,29.));
#6136=CARTESIAN_POINT('Ctrl Pts',(69.9409338257088,51.8433377290167,29.));
#6137=CARTESIAN_POINT('Ctrl Pts',(70.0399478389143,51.9921856157331,28.9999999999999));
#6138=CARTESIAN_POINT('Ctrl Pts',(70.1193911774341,52.1465756215254,28.9999999999999));
#6139=CARTESIAN_POINT('Ctrl Pts',(70.2023266532003,52.3524450384874,28.9999999999999));
#6140=CARTESIAN_POINT('Ctrl Pts',(70.2523125310185,52.5195579246244,28.9999999999999));
#6141=CARTESIAN_POINT('Ctrl Pts',(70.285123085044,52.6855654868049,28.9999999999999));
#6142=CARTESIAN_POINT('Ctrl Pts',(70.2963378678385,52.7937182709696,28.9999999999999));
#6143=CARTESIAN_POINT('Ctrl Pts',(68.3070043492278,51.0000000000021,29.1495996501709));
#6144=CARTESIAN_POINT('Ctrl Pts',(68.3762348624839,51.0000000000022,29.1495996501709));
#6145=CARTESIAN_POINT('Ctrl Pts',(68.4541759315922,51.0042095635929,29.1495996501709));
#6146=CARTESIAN_POINT('Ctrl Pts',(68.6283462117819,51.0231595167486,29.1495996501709));
#6147=CARTESIAN_POINT('Ctrl Pts',(68.7580887049343,51.0486624395218,29.1495996501709));
#6148=CARTESIAN_POINT('Ctrl Pts',(69.0062761091634,51.1200381441402,29.1495996501709));
#6149=CARTESIAN_POINT('Ctrl Pts',(69.1772270662252,51.1926777778667,29.1495996501709));
#6150=CARTESIAN_POINT('Ctrl Pts',(69.4277419804935,51.3379689713027,29.1495996501709));
#6151=CARTESIAN_POINT('Ctrl Pts',(69.6277881576356,51.4833741224635,29.1495996501709));
#6152=CARTESIAN_POINT('Ctrl Pts',(69.8073785339282,51.6710942489185,29.1495996501709));
#6153=CARTESIAN_POINT('Ctrl Pts',(69.9409338257088,51.8433377290168,29.1495996501709));
#6154=CARTESIAN_POINT('Ctrl Pts',(70.0399478389143,51.9921856157331,29.1495996501709));
#6155=CARTESIAN_POINT('Ctrl Pts',(70.1193911774341,52.1465756215254,29.1495996501709));
#6156=CARTESIAN_POINT('Ctrl Pts',(70.2023266532003,52.3524450384874,29.1495996501709));
#6157=CARTESIAN_POINT('Ctrl Pts',(70.2523125310185,52.5195579246244,29.1495996501709));
#6158=CARTESIAN_POINT('Ctrl Pts',(70.2851230850439,52.6855654868049,29.1495996501708));
#6159=CARTESIAN_POINT('Ctrl Pts',(70.2963378678385,52.7937182709696,29.1495996501708));
#6160=CARTESIAN_POINT('Ctrl Pts',(68.3070043492278,51.0684554798274,29.4482223996725));
#6161=CARTESIAN_POINT('Ctrl Pts',(68.3738742389421,51.0684145860915,29.4482223996725));
#6162=CARTESIAN_POINT('Ctrl Pts',(68.4490785861458,51.07247386418,29.4482223996725));
#6163=CARTESIAN_POINT('Ctrl Pts',(68.6173376062914,51.0906111196619,29.4482223996725));
#6164=CARTESIAN_POINT('Ctrl Pts',(68.7428352396039,51.1152862392275,29.4482223996725));
#6165=CARTESIAN_POINT('Ctrl Pts',(68.9826225451511,51.1840928557243,29.4482223996725));
#6166=CARTESIAN_POINT('Ctrl Pts',(69.1477522894045,51.2542936779192,29.4482223996725));
#6167=CARTESIAN_POINT('Ctrl Pts',(69.3887782933591,51.394643661765,29.4482223996725));
#6168=CARTESIAN_POINT('Ctrl Pts',(69.582778245047,51.5354119631398,29.4482223996725));
#6169=CARTESIAN_POINT('Ctrl Pts',(69.7560065677503,51.7165024530116,29.4482223996725));
#6170=CARTESIAN_POINT('Ctrl Pts',(69.8846182074388,51.8824598766868,29.4482223996725));
#6171=CARTESIAN_POINT('Ctrl Pts',(69.9806221579176,52.026584188082,29.4482223996725));
#6172=CARTESIAN_POINT('Ctrl Pts',(70.0574926876571,52.1763391256657,29.4482223996725));
#6173=CARTESIAN_POINT('Ctrl Pts',(70.1368785894296,52.3733696566775,29.4482223996725));
#6174=CARTESIAN_POINT('Ctrl Pts',(70.1857572314666,52.5357829481266,29.4482223996725));
#6175=CARTESIAN_POINT('Ctrl Pts',(70.2174931184795,52.6980517760791,29.4482223996725));
#6176=CARTESIAN_POINT('Ctrl Pts',(70.2282474775641,52.8007788283397,29.4482223996725));
#6177=CARTESIAN_POINT('Ctrl Pts',(68.3070043492277,51.4030048602863,29.8687795756734));
#6178=CARTESIAN_POINT('Ctrl Pts',(68.3628397523138,51.4030057881115,29.8687795756734));
#6179=CARTESIAN_POINT('Ctrl Pts',(68.4239382458335,51.4063037569938,29.8687795756734));
#6180=CARTESIAN_POINT('Ctrl Pts',(68.5653475721357,51.4216931224817,29.8687795756734));
#6181=CARTESIAN_POINT('Ctrl Pts',(68.6655521080623,51.4413944622583,29.8687795756734));
#6182=CARTESIAN_POINT('Ctrl Pts',(68.8676072970157,51.499506576715,29.8687795756734));
#6183=CARTESIAN_POINT('Ctrl Pts',(69.00006104773,51.5558151594566,29.8687795756734));
#6184=CARTESIAN_POINT('Ctrl Pts',(69.2007231917332,51.6721804772926,29.8687795756734));
#6185=CARTESIAN_POINT('Ctrl Pts',(69.3622279176055,51.7894342614594,29.8687795756734));
#6186=CARTESIAN_POINT('Ctrl Pts',(69.5052789679052,51.939169179493,29.8687795756734));
#6187=CARTESIAN_POINT('Ctrl Pts',(69.610732346873,52.0751681730599,29.8687795756734));
#6188=CARTESIAN_POINT('Ctrl Pts',(69.6906684985597,52.1950118930061,29.8687795756734));
#6189=CARTESIAN_POINT('Ctrl Pts',(69.7548526220937,52.3201805568642,29.8687795756734));
#6190=CARTESIAN_POINT('Ctrl Pts',(69.8193437486108,52.4802664895617,29.8687795756734));
#6191=CARTESIAN_POINT('Ctrl Pts',(69.86035043973,52.6160872653456,29.8687795756734));
#6192=CARTESIAN_POINT('Ctrl Pts',(69.8868629195897,52.7521385755344,29.8687795756734));
#6193=CARTESIAN_POINT('Ctrl Pts',(69.8954823294755,52.8352845406636,29.8687795756734));
#6194=CARTESIAN_POINT('Ctrl Pts',(68.3070043492277,51.7756005247457,29.9999999999999));
#6195=CARTESIAN_POINT('Ctrl Pts',(68.3503850587353,51.7755684627772,29.9999999999999));
#6196=CARTESIAN_POINT('Ctrl Pts',(68.3960142602384,51.7780273825202,29.9999999999999));
#6197=CARTESIAN_POINT('Ctrl Pts',(68.5068490371737,51.7899534219977,29.9999999999999));
#6198=CARTESIAN_POINT('Ctrl Pts',(68.5803814073211,51.8044209451099,29.9999999999999));
#6199=CARTESIAN_POINT('Ctrl Pts',(68.7393203466494,51.8500096589613,29.9999999999999));
#6200=CARTESIAN_POINT('Ctrl Pts',(68.8367737675419,51.8914958677994,29.9999999999998));
#6201=CARTESIAN_POINT('Ctrl Pts',(68.9905031821242,51.9810950374672,29.9999999999999));
#6202=CARTESIAN_POINT('Ctrl Pts',(69.116787341324,52.0724412172758,29.9999999999999));
#6203=CARTESIAN_POINT('Ctrl Pts',(69.225928063614,52.1869109013888,29.9999999999999));
#6204=CARTESIAN_POINT('Ctrl Pts',(69.3052596701462,52.2892935263246,29.9999999999999));
#6205=CARTESIAN_POINT('Ctrl Pts',(69.367747598219,52.3824891231428,29.9999999999999));
#6206=CARTESIAN_POINT('Ctrl Pts',(69.4178397079651,52.4809122681738,29.9999999999999));
#6207=CARTESIAN_POINT('Ctrl Pts',(69.4649347568905,52.5977937383966,29.9999999999999));
#6208=CARTESIAN_POINT('Ctrl Pts',(69.4979844391951,52.7051912973034,29.9999999999999));
#6209=CARTESIAN_POINT('Ctrl Pts',(69.5186700667045,52.8146596043166,29.9999999999999));
#6210=CARTESIAN_POINT('Ctrl Pts',(69.5248738073764,52.873714379611,29.9999999999999));
#6211=CARTESIAN_POINT('Ctrl Pts',(68.3070043492277,52.0000000000021,29.9999999999999));
#6212=CARTESIAN_POINT('Ctrl Pts',(68.3429919930315,52.0000000000021,29.9999999999999));
#6213=CARTESIAN_POINT('Ctrl Pts',(68.3791475402607,52.0019478250238,29.9999999999999));
#6214=CARTESIAN_POINT('Ctrl Pts',(68.4720066844332,52.0120510207598,29.9999999999999));
#6215=CARTESIAN_POINT('Ctrl Pts',(68.5284982082025,52.0231669720702,29.9999999999999));
#6216=CARTESIAN_POINT('Ctrl Pts',(68.6621833665319,52.0616132115255,29.9999999999999));
#6217=CARTESIAN_POINT('Ctrl Pts',(68.7376491778015,52.0937484345288,29.9999999999998));
#6218=CARTESIAN_POINT('Ctrl Pts',(68.8644041909934,52.167262569184,29.9999999999999));
#6219=CARTESIAN_POINT('Ctrl Pts',(68.9688432369637,52.2428221870361,29.9999999999999));
#6220=CARTESIAN_POINT('Ctrl Pts',(69.057757689539,52.33627740267,29.9999999999999));
#6221=CARTESIAN_POINT('Ctrl Pts',(69.1215724842145,52.4185780151738,29.9999999999999));
#6222=CARTESIAN_POINT('Ctrl Pts',(69.1732603916578,52.495467525896,29.9999999999999));
#6223=CARTESIAN_POINT('Ctrl Pts',(69.2148412044501,52.577367298605,29.9999999999999));
#6224=CARTESIAN_POINT('Ctrl Pts',(69.2519862539546,52.6695718662386,29.9999999999999));
#6225=CARTESIAN_POINT('Ctrl Pts',(69.2797149823345,52.7590723061358,29.9999999999999));
#6226=CARTESIAN_POINT('Ctrl Pts',(69.2968974767127,52.8508233288698,29.9999999999999));
#6227=CARTESIAN_POINT('Ctrl Pts',(69.3016711085333,52.8968591354859,29.9999999999999));
#6228=CARTESIAN_POINT('',(68.3070043492277,52.0000000000021,29.9999999999999));
#6229=CARTESIAN_POINT('Ctrl Pts',(69.3016711085333,52.8968591354859,29.9999999999999));
#6230=CARTESIAN_POINT('Ctrl Pts',(69.2968974767127,52.8508233288698,29.9999999999999));
#6231=CARTESIAN_POINT('Ctrl Pts',(69.2797149823345,52.7590723061358,29.9999999999999));
#6232=CARTESIAN_POINT('Ctrl Pts',(69.2519862539546,52.6695718662386,29.9999999999999));
#6233=CARTESIAN_POINT('Ctrl Pts',(69.2148412044501,52.577367298605,29.9999999999999));
#6234=CARTESIAN_POINT('Ctrl Pts',(69.1732603916578,52.495467525896,29.9999999999999));
#6235=CARTESIAN_POINT('Ctrl Pts',(69.1215724842145,52.4185780151738,29.9999999999999));
#6236=CARTESIAN_POINT('Ctrl Pts',(69.057757689539,52.33627740267,29.9999999999999));
#6237=CARTESIAN_POINT('Ctrl Pts',(68.9688432369637,52.2428221870361,29.9999999999999));
#6238=CARTESIAN_POINT('Ctrl Pts',(68.8644041909934,52.167262569184,29.9999999999999));
#6239=CARTESIAN_POINT('Ctrl Pts',(68.7376491778015,52.0937484345288,29.9999999999998));
#6240=CARTESIAN_POINT('Ctrl Pts',(68.6621833665319,52.0616132115255,29.9999999999999));
#6241=CARTESIAN_POINT('Ctrl Pts',(68.5284982082025,52.0231669720702,29.9999999999999));
#6242=CARTESIAN_POINT('Ctrl Pts',(68.4720066844332,52.0120510207598,29.9999999999999));
#6243=CARTESIAN_POINT('Ctrl Pts',(68.3791475402607,52.0019478250238,29.9999999999999));
#6244=CARTESIAN_POINT('Ctrl Pts',(68.3429919930315,52.0000000000021,29.9999999999999));
#6245=CARTESIAN_POINT('Ctrl Pts',(68.3070043492277,52.0000000000021,29.9999999999999));
#6246=CARTESIAN_POINT('',(68.3070043492278,51.0000000000022,29.));
#6247=CARTESIAN_POINT('Origin',(68.3070043492277,52.0000000000021,28.9999999999999));
#6248=CARTESIAN_POINT('Ctrl Pts',(68.3070043492278,51.0000000000021,29.));
#6249=CARTESIAN_POINT('Ctrl Pts',(68.3762348624839,51.0000000000021,29.));
#6250=CARTESIAN_POINT('Ctrl Pts',(68.4541759315922,51.0042095635928,29.));
#6251=CARTESIAN_POINT('Ctrl Pts',(68.6283462117819,51.0231595167486,29.));
#6252=CARTESIAN_POINT('Ctrl Pts',(68.7580887049343,51.0486624395218,29.));
#6253=CARTESIAN_POINT('Ctrl Pts',(69.0062761091634,51.1200381441402,29.));
#6254=CARTESIAN_POINT('Ctrl Pts',(69.1772270662252,51.1926777778667,29.));
#6255=CARTESIAN_POINT('Ctrl Pts',(69.4277419804935,51.3379689713027,29.));
#6256=CARTESIAN_POINT('Ctrl Pts',(69.6277881576356,51.4833741224634,29.));
#6257=CARTESIAN_POINT('Ctrl Pts',(69.8073785339282,51.6710942489185,29.));
#6258=CARTESIAN_POINT('Ctrl Pts',(69.9409338257088,51.8433377290167,29.));
#6259=CARTESIAN_POINT('Ctrl Pts',(70.0399478389143,51.9921856157331,28.9999999999999));
#6260=CARTESIAN_POINT('Ctrl Pts',(70.1193911774341,52.1465756215254,28.9999999999999));
#6261=CARTESIAN_POINT('Ctrl Pts',(70.2023266532003,52.3524450384874,28.9999999999999));
#6262=CARTESIAN_POINT('Ctrl Pts',(70.2523125310185,52.5195579246244,28.9999999999999));
#6263=CARTESIAN_POINT('Ctrl Pts',(70.285123085044,52.6855654868049,28.9999999999999));
#6264=CARTESIAN_POINT('Ctrl Pts',(70.2963378678385,52.7937182709696,28.9999999999999));
#6265=CARTESIAN_POINT('Origin',(62.1682163426046,52.0000000000021,28.9999999999999));
#6266=CARTESIAN_POINT('',(60.1617777766859,52.0000000000021,29.9999999999999));
#6267=CARTESIAN_POINT('',(60.1617777766859,51.0000000000021,29.));
#6268=CARTESIAN_POINT('Origin',(60.1617777766859,52.0000000000021,28.9999999999999));
#6269=CARTESIAN_POINT('',(62.1682163426046,51.0000000000021,29.));
#6270=CARTESIAN_POINT('',(62.1682163426046,52.0000000000021,29.9999999999999));
#6271=CARTESIAN_POINT('Ctrl Pts',(58.1812416392028,52.7216537980819,28.9999999999998));
#6272=CARTESIAN_POINT('Ctrl Pts',(58.4232043010536,51.0000000000021,28.9999999999998));
#6273=CARTESIAN_POINT('Ctrl Pts',(60.1617777766859,51.0000000000021,28.9999999999998));
#6274=CARTESIAN_POINT('Ctrl Pts',(58.1812416392028,52.7216537980819,29.9999999999998));
#6275=CARTESIAN_POINT('Ctrl Pts',(58.4232043010536,51.0000000000021,29.9999999999998));
#6276=CARTESIAN_POINT('Ctrl Pts',(60.1617777766859,51.0000000000021,29.9999999999998));
#6277=CARTESIAN_POINT('Ctrl Pts',(59.1715097079444,52.860826899042,29.9999999999998));
#6278=CARTESIAN_POINT('Ctrl Pts',(59.2924910388698,52.0000000000021,29.9999999999998));
#6279=CARTESIAN_POINT('Ctrl Pts',(60.1617777766859,52.0000000000021,29.9999999999998));
#6280=CARTESIAN_POINT('',(59.1715097079444,52.860826899042,29.9999999999999));
#6281=CARTESIAN_POINT('',(58.1812416392028,52.7216537980819,28.9999999999998));
#6282=CARTESIAN_POINT('Origin',(59.1715097079444,52.860826899042,28.9999999999998));
#6283=CARTESIAN_POINT('Origin',(60.1617777766859,53.0000000000021,28.9999999999998));
#6284=CARTESIAN_POINT('Origin',(60.1617777766859,53.0000000000021,29.9999999999999));
#6285=CARTESIAN_POINT('Origin',(58.9456184342134,54.468126828697,28.9999999999999));
#6286=CARTESIAN_POINT('',(58.9456184342134,54.468126828697,29.9999999999999));
#6287=CARTESIAN_POINT('',(57.9553503654719,54.3289537277369,28.9999999999998));
#6288=CARTESIAN_POINT('Origin',(60.1617777766871,50.9999999999976,-10.));
#6289=CARTESIAN_POINT('',(60.1617777766871,50.9999999999976,14.));
#6290=CARTESIAN_POINT('',(60.1617777766871,50.9999999999976,-10.));
#6291=CARTESIAN_POINT('',(68.3070043492292,50.9999999999976,14.));
#6292=CARTESIAN_POINT('',(62.8761992980746,51.0000000000004,14.));
#6293=CARTESIAN_POINT('',(68.3070043492292,50.9999999999976,-10.));
#6294=CARTESIAN_POINT('Origin',(60.1617777766871,52.9999999999976,-10.));
#6295=CARTESIAN_POINT('',(58.181241639204,52.7216537980773,14.));
#6296=CARTESIAN_POINT('',(58.181241639204,52.7216537980773,-10.));
#6297=CARTESIAN_POINT('Origin',(60.1617777766864,53.0000000000004,13.9999999999981));
#6298=CARTESIAN_POINT('Origin',(57.7205001275421,56.,-10.));
#6299=CARTESIAN_POINT('',(58.0407008045012,53.7216537980797,-9.99999999999999));
#6300=CARTESIAN_POINT('',(58.181241639204,52.7216537980773,-10.));
#6301=CARTESIAN_POINT('Origin',(60.0212369419843,54.,-9.99999999999997));
#6302=CARTESIAN_POINT('Origin',(64.174654908522,53.4989676587541,29.9999999999999));
#6303=CARTESIAN_POINT('Ctrl Pts',(70.4463023165703,24.6510071105015,29.));
#6304=CARTESIAN_POINT('Ctrl Pts',(70.1659584870455,24.5702372326888,29.));
#6305=CARTESIAN_POINT('Ctrl Pts',(69.8856236043247,24.4856675155963,29.));
#6306=CARTESIAN_POINT('Ctrl Pts',(69.5409734825346,24.375654187153,29.));
#6307=CARTESIAN_POINT('Ctrl Pts',(69.4764436395594,24.35480248558,29.));
#6308=CARTESIAN_POINT('Ctrl Pts',(69.4119413016193,24.3336923348198,29.));
#6309=CARTESIAN_POINT('Ctrl Pts',(70.4463023165702,24.6510071105016,29.2991993003419));
#6310=CARTESIAN_POINT('Ctrl Pts',(70.1659584870455,24.5702372326889,29.2991993003419));
#6311=CARTESIAN_POINT('Ctrl Pts',(69.8856236043247,24.4856675155963,29.2991993003419));
#6312=CARTESIAN_POINT('Ctrl Pts',(69.5409734825346,24.375654187153,29.2991993003419));
#6313=CARTESIAN_POINT('Ctrl Pts',(69.4764436395594,24.35480248558,29.2991993003419));
#6314=CARTESIAN_POINT('Ctrl Pts',(69.4119413016193,24.3336923348198,29.2991993003419));
#6315=CARTESIAN_POINT('Ctrl Pts',(70.5158679786481,24.4095519462936,29.817022931869));
#6316=CARTESIAN_POINT('Ctrl Pts',(70.2375512311575,24.3293657380932,29.817022931869));
#6317=CARTESIAN_POINT('Ctrl Pts',(69.9594779270438,24.2454740717555,29.817022931869));
#6318=CARTESIAN_POINT('Ctrl Pts',(69.61795209222,24.1364583947861,29.817022931869));
#6319=CARTESIAN_POINT('Ctrl Pts',(69.5540055890065,24.1157951337627,29.817022931869));
#6320=CARTESIAN_POINT('Ctrl Pts',(69.490099154425,24.0948800074415,29.817022931869));
#6321=CARTESIAN_POINT('Ctrl Pts',(70.6610264234785,23.9057221100522,30.0000000000001));
#6322=CARTESIAN_POINT('Ctrl Pts',(70.3869420445437,23.8267554181857,30.0000000000001));
#6323=CARTESIAN_POINT('Ctrl Pts',(70.1135880086207,23.744278771769,30.0000000000001));
#6324=CARTESIAN_POINT('Ctrl Pts',(69.7785786718321,23.6373430455799,30.0000000000001));
#6325=CARTESIAN_POINT('Ctrl Pts',(69.715849388942,23.6170729920614,30.0000000000001));
#6326=CARTESIAN_POINT('Ctrl Pts',(69.6531864021518,23.596564818408,30.0000000000001));
#6327=CARTESIAN_POINT('Ctrl Pts',(70.7231511582845,23.6900936290469,30.0000000000001));
#6328=CARTESIAN_POINT('Ctrl Pts',(70.4508786495576,23.6116491799613,30.0000000000001));
#6329=CARTESIAN_POINT('Ctrl Pts',(70.1795443935414,23.5297781659184,30.0000000000001));
#6330=CARTESIAN_POINT('Ctrl Pts',(69.8473234375985,23.4237322636218,30.0000000000001));
#6331=CARTESIAN_POINT('Ctrl Pts',(69.7851150993103,23.4036304945827,30.0000000000001));
#6332=CARTESIAN_POINT('Ctrl Pts',(69.7229842842324,23.3832964894127,30.0000000000001));
#6333=CARTESIAN_POINT('',(69.4119413016189,24.3336923348196,29.));
#6334=CARTESIAN_POINT('',(69.7264478927642,23.3844297832271,30.0000000000001));
#6335=CARTESIAN_POINT('Ctrl Pts',(69.4119413016193,24.3336923348198,29.));
#6336=CARTESIAN_POINT('Ctrl Pts',(69.4126262026871,24.3339164873894,29.2991993003419));
#6337=CARTESIAN_POINT('Ctrl Pts',(69.4579713647026,24.1976759742705,29.5950985183574));
#6338=CARTESIAN_POINT('Ctrl Pts',(69.5310228986523,23.9766914017133,29.7816600830191));
#6339=CARTESIAN_POINT('Ctrl Pts',(69.5858115491032,23.8109529723296,29.9215812564865));
#6340=CARTESIAN_POINT('Ctrl Pts',(69.6561848527714,23.5975459505126,29.9999999999678));
#6341=CARTESIAN_POINT('Ctrl Pts',(69.7264478927644,23.3844297832272,30.0000000000001));
#6342=CARTESIAN_POINT('',(70.7231511582845,23.6900936290469,30.0000000000001));
#6343=CARTESIAN_POINT('Ctrl Pts',(69.7264478928058,23.3844297830948,30.0000000000001));
#6344=CARTESIAN_POINT('Ctrl Pts',(69.787427024112,23.4043774767046,30.0000000000001));
#6345=CARTESIAN_POINT('Ctrl Pts',(69.8484807260885,23.4241016734977,30.0000000000001));
#6346=CARTESIAN_POINT('Ctrl Pts',(70.1795443935414,23.5297781659184,30.0000000000001));
#6347=CARTESIAN_POINT('Ctrl Pts',(70.4508786495576,23.6116491799613,30.0000000000001));
#6348=CARTESIAN_POINT('Ctrl Pts',(70.7231511582845,23.6900936290469,30.0000000000001));
#6349=CARTESIAN_POINT('',(70.4463023165702,24.6510071105015,29.));
#6350=CARTESIAN_POINT('Origin',(70.7231511582845,23.6900936290468,29.0000000000001));
#6351=CARTESIAN_POINT('Ctrl Pts',(70.4463023165703,24.6510071105015,29.));
#6352=CARTESIAN_POINT('Ctrl Pts',(70.1659584870455,24.5702372326888,29.));
#6353=CARTESIAN_POINT('Ctrl Pts',(69.8856236043247,24.4856675155963,29.));
#6354=CARTESIAN_POINT('Ctrl Pts',(69.5409734825346,24.375654187153,29.));
#6355=CARTESIAN_POINT('Ctrl Pts',(69.4764436395594,24.35480248558,29.));
#6356=CARTESIAN_POINT('Ctrl Pts',(69.4119413016193,24.3336923348198,29.));
#6357=CARTESIAN_POINT('Ctrl Pts',(70.7231511582845,23.6900936290469,30.0000000000001));
#6358=CARTESIAN_POINT('Ctrl Pts',(70.977276332334,23.7633096484325,30.0000000000001));
#6359=CARTESIAN_POINT('Ctrl Pts',(71.448991380781,23.7064982727586,30.0000000000001));
#6360=CARTESIAN_POINT('Ctrl Pts',(71.904489318881,23.2570342428296,30.0000000000002));
#6361=CARTESIAN_POINT('Ctrl Pts',(71.9999999999988,22.9054881981808,30.0000000000002));
#6362=CARTESIAN_POINT('Ctrl Pts',(71.9999999999988,22.7291801475922,30.0000000000003));
#6363=CARTESIAN_POINT('Ctrl Pts',(70.6403181785432,23.9775982703873,30.0000000000001));
#6364=CARTESIAN_POINT('Ctrl Pts',(70.9708068660198,24.0728153862811,30.0000000000001));
#6365=CARTESIAN_POINT('Ctrl Pts',(71.5833634195299,23.9996047487487,30.0000000000001));
#6366=CARTESIAN_POINT('Ctrl Pts',(72.1755582695008,23.4152145253355,30.0000000000002));
#6367=CARTESIAN_POINT('Ctrl Pts',(72.2991993003407,22.9584680032669,30.0000000000003));
#6368=CARTESIAN_POINT('Ctrl Pts',(72.2991993003407,22.7291801475922,30.0000000000003));
#6369=CARTESIAN_POINT('Ctrl Pts',(70.4969595402937,24.4751811655291,29.748722599081));
#6370=CARTESIAN_POINT('Ctrl Pts',(70.9586182640039,24.6081896885576,29.748722599081));
#6371=CARTESIAN_POINT('Ctrl Pts',(71.8158176891139,24.504794380761,29.748722599081));
#6372=CARTESIAN_POINT('Ctrl Pts',(72.6433519642912,23.6882335534973,29.7487225990811));
#6373=CARTESIAN_POINT('Ctrl Pts',(72.8170220853729,23.0494717122491,29.7487225990812));
#6374=CARTESIAN_POINT('Ctrl Pts',(72.8170220853729,22.7291801475922,29.7487225990813));
#6375=CARTESIAN_POINT('Ctrl Pts',(70.4463023165703,24.6510071105016,29.2243994752564));
#6376=CARTESIAN_POINT('Ctrl Pts',(70.9547592035127,24.7974986551915,29.2243994752564));
#6377=CARTESIAN_POINT('Ctrl Pts',(71.8980041601555,24.6842512294734,29.2243994752564));
#6378=CARTESIAN_POINT('Ctrl Pts',(72.8092584911222,23.7850430084548,29.2243994752566));
#6379=CARTESIAN_POINT('Ctrl Pts',(72.9999999999988,23.0819395421741,29.2243994752567));
#6380=CARTESIAN_POINT('Ctrl Pts',(72.9999999999988,22.7291801475921,29.2243994752567));
#6381=CARTESIAN_POINT('Ctrl Pts',(70.4463023165703,24.6510071105015,29.));
#6382=CARTESIAN_POINT('Ctrl Pts',(70.954552664667,24.797439149272,29.));
#6383=CARTESIAN_POINT('Ctrl Pts',(71.897982761563,24.6838163979251,29.));
#6384=CARTESIAN_POINT('Ctrl Pts',(72.8089786377627,23.7848883380669,29.0000000000002));
#6385=CARTESIAN_POINT('Ctrl Pts',(72.9999999999988,23.08179624877,29.0000000000003));
#6386=CARTESIAN_POINT('Ctrl Pts',(72.9999999999988,22.7291801475921,29.0000000000003));
#6387=CARTESIAN_POINT('',(71.9999999999988,22.7291801475922,30.0000000000003));
#6388=CARTESIAN_POINT('Origin',(71.9999999999988,22.7291801475921,29.0000000000003));
#6389=CARTESIAN_POINT('Ctrl Pts',(72.9999999999988,22.7291801475921,29.0000000000003));
#6390=CARTESIAN_POINT('Ctrl Pts',(72.9999999999988,23.08179624877,29.0000000000003));
#6391=CARTESIAN_POINT('Ctrl Pts',(72.8089786377627,23.7848883380669,29.0000000000002));
#6392=CARTESIAN_POINT('Ctrl Pts',(71.897982761563,24.6838163979251,29.));
#6393=CARTESIAN_POINT('Ctrl Pts',(70.954552664667,24.797439149272,29.));
#6394=CARTESIAN_POINT('Ctrl Pts',(70.4463023165703,24.6510071105015,29.));
#6395=CARTESIAN_POINT('Ctrl Pts',(70.7231511582845,23.6900936290469,30.0000000000001));
#6396=CARTESIAN_POINT('Ctrl Pts',(70.977276332334,23.7633096484325,30.0000000000001));
#6397=CARTESIAN_POINT('Ctrl Pts',(71.448991380781,23.7064982727586,30.0000000000001));
#6398=CARTESIAN_POINT('Ctrl Pts',(71.904489318881,23.2570342428296,30.0000000000002));
#6399=CARTESIAN_POINT('Ctrl Pts',(71.9999999999988,22.9054881981808,30.0000000000002));
#6400=CARTESIAN_POINT('Ctrl Pts',(71.9999999999988,22.7291801475922,30.0000000000003));
#6401=CARTESIAN_POINT('Origin',(71.9999999999988,1.97628069712481,29.0000000000027));
#6402=CARTESIAN_POINT('',(71.9999999999988,12.0245749220199,30.0000000000015));
#6403=CARTESIAN_POINT('Origin',(71.9999999999988,12.0245749220198,29.0000000000015));
#6404=CARTESIAN_POINT('',(71.9999999999988,1.97628069712492,30.0000000000027));
#6405=CARTESIAN_POINT('Origin',(47.3719363508269,10.0000000000021,29.000000000001));
#6406=CARTESIAN_POINT('',(68.3491664685904,21.6600092875797,30.0000000000003));
#6407=CARTESIAN_POINT('Origin',(68.3491664685904,21.6600092875796,29.0000000000003));
#6408=CARTESIAN_POINT('',(71.2661633014256,12.2507595236468,30.0000000000015));
#6409=CARTESIAN_POINT('Origin',(71.2661633014257,12.2507595236467,29.0000000000015));
#6410=CARTESIAN_POINT('Origin',(47.3719363508268,10.0000000000022,30.000000000001));
#6411=CARTESIAN_POINT('Ctrl Pts',(68.3491664685904,21.6600092875797,30.0000000000003));
#6412=CARTESIAN_POINT('Ctrl Pts',(68.2297200935301,21.874902263612,30.0000000000003));
#6413=CARTESIAN_POINT('Ctrl Pts',(68.1444245083872,22.4848434184648,30.0000000000002));
#6414=CARTESIAN_POINT('Ctrl Pts',(68.5665764939703,22.9682070462209,30.0000000000001));
#6415=CARTESIAN_POINT('Ctrl Pts',(68.8737145269282,23.0827781793924,30.0000000000001));
#6416=CARTESIAN_POINT('Ctrl Pts',(68.0876509446593,21.5146481783788,30.0000000000003));
#6417=CARTESIAN_POINT('Ctrl Pts',(67.9323114515718,21.7941155623666,30.0000000000003));
#6418=CARTESIAN_POINT('Ctrl Pts',(67.8211534866466,22.5866918795727,30.0000000000002));
#6419=CARTESIAN_POINT('Ctrl Pts',(68.3697117343167,23.2141092650297,30.0000000000001));
#6420=CARTESIAN_POINT('Ctrl Pts',(68.7691434150474,23.36310852717,30.0000000000001));
#6421=CARTESIAN_POINT('Ctrl Pts',(67.6350450197488,21.2630711465951,29.7487247634286));
#6422=CARTESIAN_POINT('Ctrl Pts',(67.4180517160799,21.6534583540844,29.7487247634285));
#6423=CARTESIAN_POINT('Ctrl Pts',(67.2631640681379,22.7616966322892,29.7487247634284));
#6424=CARTESIAN_POINT('Ctrl Pts',(68.0301967905243,23.6401406874253,29.7487247634283));
#6425=CARTESIAN_POINT('Ctrl Pts',(68.5881617887935,23.8482773402069,29.7487247634283));
#6426=CARTESIAN_POINT('Ctrl Pts',(67.4751152136836,21.1741755672639,29.2243994752567));
#6427=CARTESIAN_POINT('Ctrl Pts',(67.2361253841744,21.6041361724207,29.2243994752567));
#6428=CARTESIAN_POINT('Ctrl Pts',(67.0653197998942,22.82410700339,29.2243994752565));
#6429=CARTESIAN_POINT('Ctrl Pts',(67.9096856396866,23.7904779674842,29.2243994752564));
#6430=CARTESIAN_POINT('Ctrl Pts',(68.5242113303591,24.0197133508893,29.2243994752564));
#6431=CARTESIAN_POINT('Ctrl Pts',(67.4751152136836,21.1741755672639,29.0000000000003));
#6432=CARTESIAN_POINT('Ctrl Pts',(67.2362224635626,21.6039615193294,29.0000000000003));
#6433=CARTESIAN_POINT('Ctrl Pts',(67.0656312932773,22.8238438290341,29.0000000000001));
#6434=CARTESIAN_POINT('Ctrl Pts',(67.9099352644435,23.7905710845462,29.));
#6435=CARTESIAN_POINT('Ctrl Pts',(68.5242113303592,24.0197133508892,29.));
#6436=CARTESIAN_POINT('',(68.8737145269282,23.0827781793924,30.0000000000001));
#6437=CARTESIAN_POINT('',(68.5242113303592,24.0197133508893,29.));
#6438=CARTESIAN_POINT('Origin',(68.8737145269282,23.0827781793923,29.0000000000001));
#6439=CARTESIAN_POINT('Ctrl Pts',(68.5242113303592,24.0197133508892,29.));
#6440=CARTESIAN_POINT('Ctrl Pts',(67.9099352644435,23.7905710845462,29.));
#6441=CARTESIAN_POINT('Ctrl Pts',(67.0656312932773,22.8238438290341,29.0000000000001));
#6442=CARTESIAN_POINT('Ctrl Pts',(67.2362224635626,21.6039615193294,29.0000000000003));
#6443=CARTESIAN_POINT('Ctrl Pts',(67.4751152136836,21.1741755672639,29.0000000000003));
#6444=CARTESIAN_POINT('Ctrl Pts',(68.3491664685904,21.6600092875797,30.0000000000003));
#6445=CARTESIAN_POINT('Ctrl Pts',(68.2297200935301,21.874902263612,30.0000000000003));
#6446=CARTESIAN_POINT('Ctrl Pts',(68.1444245083872,22.4848434184648,30.0000000000002));
#6447=CARTESIAN_POINT('Ctrl Pts',(68.5665764939703,22.9682070462209,30.0000000000001));
#6448=CARTESIAN_POINT('Ctrl Pts',(68.8737145269282,23.0827781793924,30.0000000000001));
#6449=CARTESIAN_POINT('Ctrl Pts',(69.4131369612083,24.3340932904845,29.));
#6450=CARTESIAN_POINT('Ctrl Pts',(69.1157882361,24.2343865490457,29.));
#6451=CARTESIAN_POINT('Ctrl Pts',(68.8194340198801,24.1298397255054,29.));
#6452=CARTESIAN_POINT('Ctrl Pts',(68.5242113303595,24.0197133508894,29.));
#6453=CARTESIAN_POINT('Ctrl Pts',(69.4131369612083,24.3340932904846,29.2991993003419));
#6454=CARTESIAN_POINT('Ctrl Pts',(69.1157564809704,24.2343759009406,29.2991993003419));
#6455=CARTESIAN_POINT('Ctrl Pts',(68.8194698132926,24.129853077456,29.2991993003419));
#6456=CARTESIAN_POINT('Ctrl Pts',(68.5242113303595,24.0197133508895,29.2991993003419));
#6457=CARTESIAN_POINT('Ctrl Pts',(69.493023064496,24.0958543246564,29.8170238470701));
#6458=CARTESIAN_POINT('Ctrl Pts',(69.1981788806088,23.9969874040168,29.8170238470702));
#6459=CARTESIAN_POINT('Ctrl Pts',(68.9044327191792,23.8933573921513,29.8170238470701));
#6460=CARTESIAN_POINT('Ctrl Pts',(68.6120330720473,23.7842840918236,29.8170238470702));
#6461=CARTESIAN_POINT('Ctrl Pts',(69.6597172961102,23.5987333021646,30.0000000000001));
#6462=CARTESIAN_POINT('Ctrl Pts',(69.3700797983855,23.5016122834479,30.0000000000001));
#6463=CARTESIAN_POINT('Ctrl Pts',(69.0818170224927,23.3999100063421,30.0000000000001));
#6464=CARTESIAN_POINT('Ctrl Pts',(68.795286193018,23.2930259402258,30.0000000000001));
#6465=CARTESIAN_POINT('Ctrl Pts',(69.7310587869877,23.3859763606215,30.0000000000001));
#6466=CARTESIAN_POINT('Ctrl Pts',(69.443646448062,23.2896014804093,30.0000000000001));
#6467=CARTESIAN_POINT('Ctrl Pts',(69.1577372253497,23.1887266420143,30.0000000000001));
#6468=CARTESIAN_POINT('Ctrl Pts',(68.8737145269285,23.0827781793926,30.0000000000001));
#6469=CARTESIAN_POINT('Ctrl Pts',(69.4119413015798,24.3336923349492,29.));
#6470=CARTESIAN_POINT('Ctrl Pts',(69.1149937941445,24.2341062777974,29.));
#6471=CARTESIAN_POINT('Ctrl Pts',(68.8190383145416,24.1296921162738,29.));
#6472=CARTESIAN_POINT('Ctrl Pts',(68.5242113303595,24.0197133508894,29.));
#6473=CARTESIAN_POINT('Ctrl Pts',(68.8737145269285,23.0827781793926,30.0000000000001));
#6474=CARTESIAN_POINT('Ctrl Pts',(69.1562183417402,23.1881600556667,30.0000000000001));
#6475=CARTESIAN_POINT('Ctrl Pts',(69.4405885574578,23.2885224276078,30.0000000000001));
#6476=CARTESIAN_POINT('Ctrl Pts',(69.7264478842844,23.384429806915,30.0000000000001));
#6477=CARTESIAN_POINT('Ctrl Pts',(70.9871356431156,11.2904764581404,29.0000000000016));
#6478=CARTESIAN_POINT('Ctrl Pts',(71.2223939569222,11.2221178889254,29.0000000000016));
#6479=CARTESIAN_POINT('Ctrl Pts',(71.4567938458059,11.1498018855678,29.0000000000016));
#6480=CARTESIAN_POINT('Ctrl Pts',(71.6902813139634,11.0737466854174,29.0000000000016));
#6481=CARTESIAN_POINT('Ctrl Pts',(70.9871356431156,11.2904764581405,29.2991993003435));
#6482=CARTESIAN_POINT('Ctrl Pts',(71.2223602285579,11.2221276893133,29.2991993003435));
#6483=CARTESIAN_POINT('Ctrl Pts',(71.4568254988204,11.1497915750515,29.2991993003435));
#6484=CARTESIAN_POINT('Ctrl Pts',(71.6902813139634,11.0737466854174,29.2991993003435));
#6485=CARTESIAN_POINT('Ctrl Pts',(71.0572469621046,11.5317669192124,29.8170307965018));
#6486=CARTESIAN_POINT('Ctrl Pts',(71.29516544703,11.4626353890397,29.8170307965018));
#6487=CARTESIAN_POINT('Ctrl Pts',(71.5321204162948,11.389529825467,29.8170307965018));
#6488=CARTESIAN_POINT('Ctrl Pts',(71.76810437181,11.3126614302995,29.8170307965019));
#6489=CARTESIAN_POINT('Ctrl Pts',(71.2035496413188,12.0352725076496,30.0000000000015));
#6490=CARTESIAN_POINT('Ctrl Pts',(71.4469983511165,11.9645340703559,30.0000000000015));
#6491=CARTESIAN_POINT('Ctrl Pts',(71.6893253908594,11.8897685094683,30.0000000000015));
#6492=CARTESIAN_POINT('Ctrl Pts',(71.9304992893753,11.8112095646674,30.0000000000015));
#6493=CARTESIAN_POINT('Ctrl Pts',(71.2661633014256,12.2507595236468,30.0000000000015));
#6494=CARTESIAN_POINT('Ctrl Pts',(71.5119754393522,12.1793343494522,30.0000000000015));
#6495=CARTESIAN_POINT('Ctrl Pts',(71.756608098136,12.1038563496582,30.0000000000015));
#6496=CARTESIAN_POINT('Ctrl Pts',(71.9999999999988,12.0245749220199,30.0000000000015));
#6497=CARTESIAN_POINT('',(71.6902813139634,11.0737466854174,29.0000000000016));
#6498=CARTESIAN_POINT('Origin',(71.9999999999988,12.0245749220198,29.0000000000015));
#6499=CARTESIAN_POINT('Ctrl Pts',(71.9999999999988,12.0245749220199,30.0000000000015));
#6500=CARTESIAN_POINT('Ctrl Pts',(71.756608098136,12.1038563496582,30.0000000000015));
#6501=CARTESIAN_POINT('Ctrl Pts',(71.5119754393522,12.1793343494522,30.0000000000015));
#6502=CARTESIAN_POINT('Ctrl Pts',(71.2661633014256,12.2507595236468,30.0000000000015));
#6503=CARTESIAN_POINT('',(70.9871356431156,11.2904764581404,29.0000000000016));
#6504=CARTESIAN_POINT('Origin',(71.2661633014257,12.2507595236467,29.0000000000015));
#6505=CARTESIAN_POINT('Ctrl Pts',(70.9871356431156,11.2904764581404,29.0000000000016));
#6506=CARTESIAN_POINT('Ctrl Pts',(71.2223939569222,11.2221178889254,29.0000000000016));
#6507=CARTESIAN_POINT('Ctrl Pts',(71.4567938458059,11.1498018855678,29.0000000000016));
#6508=CARTESIAN_POINT('Ctrl Pts',(71.6902813139634,11.0737466854174,29.0000000000016));
#6509=CARTESIAN_POINT('Origin',(71.9999999999988,12.0245749220198,29.0000000000015));
#6510=CARTESIAN_POINT('Origin',(71.9999999999988,12.0245749220198,29.0000000000015));
#6511=CARTESIAN_POINT('Origin',(71.2661633014257,12.2507595236467,29.0000000000015));
#6512=CARTESIAN_POINT('Origin',(71.2661633014257,12.2507595236467,29.0000000000015));
#6513=CARTESIAN_POINT('Ctrl Pts',(72.9999999997203,25.306318981486,-10.0004508494619));
#6514=CARTESIAN_POINT('Ctrl Pts',(72.9999999997191,25.3063189814907,30.0004508494619));
#6515=CARTESIAN_POINT('Ctrl Pts',(72.6072375723292,25.2139743102267,-10.0004508494619));
#6516=CARTESIAN_POINT('Ctrl Pts',(72.6072375723279,25.2139743102314,30.0004508494619));
#6517=CARTESIAN_POINT('Ctrl Pts',(72.188259585444,25.1134263910747,-10.0004508494619));
#6518=CARTESIAN_POINT('Ctrl Pts',(72.1882595854428,25.1134263910793,30.0004508494619));
#6519=CARTESIAN_POINT('Ctrl Pts',(71.7613258004073,25.0053047215555,-10.0004508494619));
#6520=CARTESIAN_POINT('Ctrl Pts',(71.7613258004061,25.0053047215601,30.0004508494619));
#6521=CARTESIAN_POINT('Ctrl Pts',(71.0604280812445,24.8278012439341,-10.0004508494619));
#6522=CARTESIAN_POINT('Ctrl Pts',(71.0604280812433,24.8278012439387,30.0004508494619));
#6523=CARTESIAN_POINT('Ctrl Pts',(70.3243047430489,24.6256958200808,-10.0004508494619));
#6524=CARTESIAN_POINT('Ctrl Pts',(70.3243047430477,24.6256958200855,30.0004508494619));
#6525=CARTESIAN_POINT('Ctrl Pts',(69.605516954812,24.3962566525633,-10.0004508494619));
#6526=CARTESIAN_POINT('Ctrl Pts',(69.6055169548107,24.3962566525679,30.0004508494619));
#6527=CARTESIAN_POINT('Ctrl Pts',(69.5409610125411,24.3756502066896,-10.0004508494619));
#6528=CARTESIAN_POINT('Ctrl Pts',(69.5409610125399,24.3756502066943,30.0004508494619));
#6529=CARTESIAN_POINT('Ctrl Pts',(69.476454408882,24.3548060101298,-10.0004508494619));
#6530=CARTESIAN_POINT('Ctrl Pts',(69.4764544088808,24.3548060101345,30.0004508494619));
#6531=CARTESIAN_POINT('Ctrl Pts',(69.4119413016203,24.3336923348151,-10.0004508494619));
#6532=CARTESIAN_POINT('Ctrl Pts',(69.4119413016191,24.3336923348198,30.0004508494619));
#6533=CARTESIAN_POINT('',(70.4463023165707,24.6510071104998,14.));
#6534=CARTESIAN_POINT('Ctrl Pts',(70.4463023165707,24.6510071104998,13.9999999999996));
#6535=CARTESIAN_POINT('Ctrl Pts',(70.4463023165706,24.6510071105004,18.9999999999997));
#6536=CARTESIAN_POINT('Ctrl Pts',(70.4463023165704,24.651007110501,23.9999999999999));
#6537=CARTESIAN_POINT('Ctrl Pts',(70.4463023165702,24.6510071105015,29.));
#6538=CARTESIAN_POINT('',(69.605516954812,24.3962566525633,14.));
#6539=CARTESIAN_POINT('Ctrl Pts',(70.4463023165707,24.6510071104998,14.));
#6540=CARTESIAN_POINT('Ctrl Pts',(70.1655829479568,24.5701290360972,14.));
#6541=CARTESIAN_POINT('Ctrl Pts',(69.8849023015913,24.485437273649,14.));
#6542=CARTESIAN_POINT('Ctrl Pts',(69.6055169548111,24.396256652566,14.));
#6543=CARTESIAN_POINT('',(69.4119413016203,24.3336923348151,14.));
#6544=CARTESIAN_POINT('Ctrl Pts',(69.4119413016203,24.3336923348151,14.));
#6545=CARTESIAN_POINT('Ctrl Pts',(69.476454408882,24.3548060101298,14.));
#6546=CARTESIAN_POINT('Ctrl Pts',(69.5409610125411,24.3756502066896,14.));
#6547=CARTESIAN_POINT('Ctrl Pts',(69.605516954812,24.3962566525633,14.));
#6548=CARTESIAN_POINT('',(69.41194130162,24.3336923348158,-10.));
#6549=CARTESIAN_POINT('Ctrl Pts',(70.4463023165707,24.6510071104998,13.9999999999996));
#6550=CARTESIAN_POINT('Ctrl Pts',(70.4463023165706,24.6510071105004,18.9999999999997));
#6551=CARTESIAN_POINT('Ctrl Pts',(70.4463023165704,24.651007110501,23.9999999999999));
#6552=CARTESIAN_POINT('Ctrl Pts',(70.4463023165702,24.6510071105015,29.));
#6553=CARTESIAN_POINT('Ctrl Pts',(70.7851496115338,24.748632425306,13.9999999999996));
#6554=CARTESIAN_POINT('Ctrl Pts',(70.7851496115336,24.7486324253066,18.9999999999997));
#6555=CARTESIAN_POINT('Ctrl Pts',(70.7851496115335,24.7486324253072,23.9999999999999));
#6556=CARTESIAN_POINT('Ctrl Pts',(70.7851496115333,24.7486324253078,29.));
#6557=CARTESIAN_POINT('Ctrl Pts',(71.5137589051375,24.759786229395,13.9999999999996));
#6558=CARTESIAN_POINT('Ctrl Pts',(71.5137589051373,24.7597862293956,18.9999999999997));
#6559=CARTESIAN_POINT('Ctrl Pts',(71.5137589051371,24.7597862293962,23.9999999999999));
#6560=CARTESIAN_POINT('Ctrl Pts',(71.513758905137,24.7597862293968,29.));
#6561=CARTESIAN_POINT('Ctrl Pts',(72.6298586201367,24.1332971259951,13.9999999999997));
#6562=CARTESIAN_POINT('Ctrl Pts',(72.6298586201365,24.1332971259957,18.9999999999999));
#6563=CARTESIAN_POINT('Ctrl Pts',(72.6298586201363,24.1332971259963,24.));
#6564=CARTESIAN_POINT('Ctrl Pts',(72.6298586201362,24.1332971259969,29.0000000000001));
#6565=CARTESIAN_POINT('Ctrl Pts',(72.9999999999992,23.2581257314062,13.9999999999998));
#6566=CARTESIAN_POINT('Ctrl Pts',(72.9999999999991,23.2581257314068,19.));
#6567=CARTESIAN_POINT('Ctrl Pts',(72.9999999999989,23.2581257314074,24.0000000000001));
#6568=CARTESIAN_POINT('Ctrl Pts',(72.9999999999988,23.2581257314079,29.0000000000002));
#6569=CARTESIAN_POINT('Ctrl Pts',(72.9999999999992,22.7291801475903,13.9999999999999));
#6570=CARTESIAN_POINT('Ctrl Pts',(72.9999999999991,22.7291801475909,19.));
#6571=CARTESIAN_POINT('Ctrl Pts',(72.9999999999989,22.7291801475915,24.0000000000002));
#6572=CARTESIAN_POINT('Ctrl Pts',(72.9999999999988,22.7291801475921,29.0000000000003));
#6573=CARTESIAN_POINT('Ctrl Pts',(70.4463023165707,24.6510071104998,14.));
#6574=CARTESIAN_POINT('Ctrl Pts',(70.7851496115338,24.748632425306,14.));
#6575=CARTESIAN_POINT('Ctrl Pts',(71.1494542583356,24.7542093273505,14.));
#6576=CARTESIAN_POINT('Ctrl Pts',(71.491049398165,24.6674993350299,14.));
#6577=CARTESIAN_POINT('Ctrl Pts',(71.8326445379944,24.5807893427093,14.0000000000001));
#6578=CARTESIAN_POINT('Ctrl Pts',(72.1515301708513,24.4017924560236,14.0000000000001));
#6579=CARTESIAN_POINT('Ctrl Pts',(72.4020841713435,24.154366900878,14.0000000000001));
#6580=CARTESIAN_POINT('Ctrl Pts',(72.7779151720817,23.7832285681595,14.0000000000002));
#6581=CARTESIAN_POINT('Ctrl Pts',(72.9999999999992,23.2581257314062,14.0000000000002));
#6582=CARTESIAN_POINT('Ctrl Pts',(72.9999999999992,22.7291801475903,14.0000000000003));
#6583=CARTESIAN_POINT('Ctrl Pts',(72.9999999999994,12.0245749220175,8.99999999999991));
#6584=CARTESIAN_POINT('Ctrl Pts',(72.9999999999992,12.0245749220183,15.6666666666671));
#6585=CARTESIAN_POINT('Ctrl Pts',(72.999999999999,12.024574922019,22.3333333333343));
#6586=CARTESIAN_POINT('Ctrl Pts',(72.9999999999988,12.0245749220198,29.0000000000015));
#6587=CARTESIAN_POINT('Ctrl Pts',(72.9999999999994,11.8449850664983,8.99999999999993));
#6588=CARTESIAN_POINT('Ctrl Pts',(72.9999999999992,11.8449850664991,15.6666666666671));
#6589=CARTESIAN_POINT('Ctrl Pts',(72.999999999999,11.8449850664998,22.3333333333344));
#6590=CARTESIAN_POINT('Ctrl Pts',(72.9999999999988,11.8449850665006,29.0000000000016));
#6591=CARTESIAN_POINT('Ctrl Pts',(72.9006752135411,11.4869881284061,8.99999999999997));
#6592=CARTESIAN_POINT('Ctrl Pts',(72.9006752135409,11.4869881284068,15.6666666666672));
#6593=CARTESIAN_POINT('Ctrl Pts',(72.9006752135407,11.4869881284076,22.3333333333344));
#6594=CARTESIAN_POINT('Ctrl Pts',(72.9006752135405,11.4869881284084,29.0000000000016));
#6595=CARTESIAN_POINT('Ctrl Pts',(72.42963204042,11.03502575908,9.00000000000001));
#6596=CARTESIAN_POINT('Ctrl Pts',(72.4296320404198,11.0350257590808,15.6666666666672));
#6597=CARTESIAN_POINT('Ctrl Pts',(72.4296320404196,11.0350257590816,22.3333333333345));
#6598=CARTESIAN_POINT('Ctrl Pts',(72.4296320404194,11.0350257590824,29.0000000000017));
#6599=CARTESIAN_POINT('Ctrl Pts',(71.9464199724165,10.9903131843,9.));
#6600=CARTESIAN_POINT('Ctrl Pts',(71.9464199724163,10.9903131843008,15.6666666666672));
#6601=CARTESIAN_POINT('Ctrl Pts',(71.9464199724161,10.9903131843016,22.3333333333344));
#6602=CARTESIAN_POINT('Ctrl Pts',(71.9464199724159,10.9903131843023,29.0000000000016));
#6603=CARTESIAN_POINT('Ctrl Pts',(71.690281313964,11.0737466854151,8.99999999999998));
#6604=CARTESIAN_POINT('Ctrl Pts',(71.6902813139638,11.0737466854158,15.6666666666672));
#6605=CARTESIAN_POINT('Ctrl Pts',(71.6902813139636,11.0737466854166,22.3333333333344));
#6606=CARTESIAN_POINT('Ctrl Pts',(71.6902813139634,11.0737466854174,29.0000000000016));
#6607=CARTESIAN_POINT('',(71.690281313964,11.0737466854151,9.));
#6608=CARTESIAN_POINT('Ctrl Pts',(71.6902813139634,11.0737466854174,29.0000000000016));
#6609=CARTESIAN_POINT('Ctrl Pts',(71.6902813139636,11.0737466854166,22.3333333333344));
#6610=CARTESIAN_POINT('Ctrl Pts',(71.6902813139638,11.0737466854158,15.6666666666672));
#6611=CARTESIAN_POINT('Ctrl Pts',(71.690281313964,11.0737466854151,8.99999999999998));
#6612=CARTESIAN_POINT('Ctrl Pts',(72.9999999999994,12.0245749220175,9.));
#6613=CARTESIAN_POINT('Ctrl Pts',(72.9999999999994,11.8449850664983,9.00000000000002));
#6614=CARTESIAN_POINT('Ctrl Pts',(72.9503376067703,11.6659865974522,9.00000000000004));
#6615=CARTESIAN_POINT('Ctrl Pts',(72.8582145282812,11.5119213101683,9.00000000000006));
#6616=CARTESIAN_POINT('Ctrl Pts',(72.7660914497922,11.3578560228843,9.00000000000007));
#6617=CARTESIAN_POINT('Ctrl Pts',(72.6315076860433,11.2287239173626,9.00000000000009));
#6618=CARTESIAN_POINT('Ctrl Pts',(72.4734434969135,11.1440906420848,9.00000000000009));
#6619=CARTESIAN_POINT('Ctrl Pts',(72.2363472132186,11.017140729168,9.0000000000001));
#6620=CARTESIAN_POINT('Ctrl Pts',(71.9464199724165,10.9903131843,9.00000000000009));
#6621=CARTESIAN_POINT('Ctrl Pts',(71.690281313964,11.0737466854151,9.00000000000007));
#6622=CARTESIAN_POINT('Ctrl Pts',(70.3248011001509,11.4717336033701,-10.0139941899226));
#6623=CARTESIAN_POINT('Ctrl Pts',(70.3248011001496,11.4717336033748,30.0139941899226));
#6624=CARTESIAN_POINT('Ctrl Pts',(71.2529110232573,11.2335476026553,-10.0139941899226));
#6625=CARTESIAN_POINT('Ctrl Pts',(71.2529110232561,11.23354760266,30.0139941899226));
#6626=CARTESIAN_POINT('Ctrl Pts',(72.1448468906826,10.9378533531613,-10.0139941899226));
#6627=CARTESIAN_POINT('Ctrl Pts',(72.1448468906814,10.9378533531659,30.0139941899226));
#6628=CARTESIAN_POINT('Ctrl Pts',(72.9999999997818,10.6055754772444,-10.0139941899226));
#6629=CARTESIAN_POINT('Ctrl Pts',(72.9999999997806,10.6055754772491,30.0139941899226));
#6630=CARTESIAN_POINT('',(70.9871356431163,11.2904764581381,9.));
#6631=CARTESIAN_POINT('Ctrl Pts',(70.9871356431163,11.2904764581381,9.));
#6632=CARTESIAN_POINT('Ctrl Pts',(70.9871356431161,11.2904764581389,15.6666666666672));
#6633=CARTESIAN_POINT('Ctrl Pts',(70.9871356431159,11.2904764581397,22.3333333333344));
#6634=CARTESIAN_POINT('Ctrl Pts',(70.9871356431156,11.2904764581404,29.0000000000016));
#6635=CARTESIAN_POINT('Ctrl Pts',(70.9869524457721,11.2905416957849,9.));
#6636=CARTESIAN_POINT('Ctrl Pts',(71.2237783120501,11.2217357258342,9.));
#6637=CARTESIAN_POINT('Ctrl Pts',(71.4581480606261,11.1493805060592,9.));
#6638=CARTESIAN_POINT('Ctrl Pts',(71.6900509872337,11.0738440038715,9.));
#6639=CARTESIAN_POINT('Origin',(69.6583925144512,17.9525613942452,30.0000000000008));
#6640=CARTESIAN_POINT('Ctrl Pts',(71.9164053286563,-8.79863985432781,21.9999999999999));
#6641=CARTESIAN_POINT('Ctrl Pts',(71.999999999999,-8.99003601346702,21.9999999999999));
#6642=CARTESIAN_POINT('Ctrl Pts',(71.999999999999,-9.19889136726517,21.9999999999999));
#6643=CARTESIAN_POINT('Ctrl Pts',(72.8328106573136,-8.3983883413904,21.9999999999999));
#6644=CARTESIAN_POINT('Ctrl Pts',(72.9999999999992,-8.78118065966885,21.9999999999999));
#6645=CARTESIAN_POINT('Ctrl Pts',(72.9999999999992,-9.19889136726517,21.9999999999999));
#6646=CARTESIAN_POINT('Ctrl Pts',(72.8328106573135,-8.39838834139046,20.9999999999998));
#6647=CARTESIAN_POINT('Ctrl Pts',(72.999999999999,-8.78118065966888,20.9999999999998));
#6648=CARTESIAN_POINT('Ctrl Pts',(72.999999999999,-9.19889136726517,20.9999999999998));
#6649=CARTESIAN_POINT('',(71.9972452498902,-9.1247164957152,21.9999999999999));
#6650=CARTESIAN_POINT('',(71.999999999999,-9.19889136726517,21.9999999999999));
#6651=CARTESIAN_POINT('Origin',(70.999999999999,-9.19889136726517,21.9999999999999));
#6652=CARTESIAN_POINT('Origin',(71.999999999999,-9.19889136726517,20.9999999999999));
#6653=CARTESIAN_POINT('',(72.8328106573135,-8.39838834139046,20.9999999999998));
#6654=CARTESIAN_POINT('Origin',(70.999999999999,-9.19889136726517,20.9999999999999));
#6655=CARTESIAN_POINT('Ctrl Pts',(71.9972452498902,-9.1247164957152,21.9999999999999));
#6656=CARTESIAN_POINT('Ctrl Pts',(71.9986625990431,-9.12369178932318,21.9999999999999));
#6657=CARTESIAN_POINT('Ctrl Pts',(72.0000792967094,-9.12266618962084,21.9999966723019));
#6658=CARTESIAN_POINT('Ctrl Pts',(72.0721070199766,-9.07045373441939,21.9996576803426));
#6659=CARTESIAN_POINT('Ctrl Pts',(72.1408384425327,-9.01728197048962,21.9910235477035));
#6660=CARTESIAN_POINT('Ctrl Pts',(72.2711218214942,-8.91195282689043,21.956054963901));
#6661=CARTESIAN_POINT('Ctrl Pts',(72.3323515070676,-8.86022179024853,21.9305075453742));
#6662=CARTESIAN_POINT('Ctrl Pts',(72.4830925361896,-8.72910161240431,21.8411799232913));
#6663=CARTESIAN_POINT('Ctrl Pts',(72.5655896038967,-8.65344724749908,21.7645482478725));
#6664=CARTESIAN_POINT('Ctrl Pts',(72.6981738398324,-8.52919247845867,21.5777917857464));
#6665=CARTESIAN_POINT('Ctrl Pts',(72.7485131269101,-8.48057525207611,21.4722323033326));
#6666=CARTESIAN_POINT('Ctrl Pts',(72.8157819591319,-8.41520738315423,21.2427348850014));
#6667=CARTESIAN_POINT('Ctrl Pts',(72.8328106573135,-8.39838834139045,21.1221206598687));
#6668=CARTESIAN_POINT('Ctrl Pts',(72.8328106573135,-8.39838834139046,20.9999999999998));
#6669=CARTESIAN_POINT('Origin',(71.999999999999,-12.2928498394627,20.9999999999999));
#6670=CARTESIAN_POINT('',(71.999999999999,-11.9999999999964,21.9999999999999));
#6671=CARTESIAN_POINT('Origin',(71.999999999999,-11.9999999999964,20.9999999999999));
#6672=CARTESIAN_POINT('',(71.999999999999,-12.2928498394627,21.9999999999999));
#6673=CARTESIAN_POINT('Ctrl Pts',(71.999999999999,-11.9999999999964,22.0000000000002));
#6674=CARTESIAN_POINT('Ctrl Pts',(71.999999999999,-12.9999999999964,22.0000000000002));
#6675=CARTESIAN_POINT('Ctrl Pts',(70.999999999999,-12.9999999999964,22.0000000000002));
#6676=CARTESIAN_POINT('Ctrl Pts',(72.9999999999994,-11.9999999999964,22.0000000000002));
#6677=CARTESIAN_POINT('Ctrl Pts',(72.9999999999994,-13.9999999999967,22.0000000000002));
#6678=CARTESIAN_POINT('Ctrl Pts',(70.999999999999,-13.9999999999967,22.0000000000002));
#6679=CARTESIAN_POINT('Ctrl Pts',(72.999999999999,-11.9999999999964,20.9999999999999));
#6680=CARTESIAN_POINT('Ctrl Pts',(72.999999999999,-13.9999999999964,20.9999999999999));
#6681=CARTESIAN_POINT('Ctrl Pts',(70.999999999999,-13.9999999999964,20.9999999999999));
#6682=CARTESIAN_POINT('',(70.999999999999,-12.9999999999964,21.9999999999999));
#6683=CARTESIAN_POINT('Origin',(70.999999999999,-12.9999999999964,21.0000000000002));
#6684=CARTESIAN_POINT('Origin',(70.999999999999,-11.9999999999964,21.9999999999999));
#6685=CARTESIAN_POINT('Origin',(60.2511374456789,-12.9999999999964,20.9999999999999));
#6686=CARTESIAN_POINT('',(57.999999999999,-12.9999999999964,21.9999999999999));
#6687=CARTESIAN_POINT('Origin',(57.999999999999,-12.9999999999964,20.9999999999999));
#6688=CARTESIAN_POINT('',(60.2511374456789,-12.9999999999964,21.9999999999999));
#6689=CARTESIAN_POINT('Ctrl Pts',(57.999999999999,-12.9999999999964,21.9999999999998));
#6690=CARTESIAN_POINT('Ctrl Pts',(56.999999999999,-12.9999999999964,21.9999999999998));
#6691=CARTESIAN_POINT('Ctrl Pts',(56.999999999999,-11.9999999999964,21.9999999999998));
#6692=CARTESIAN_POINT('Ctrl Pts',(57.999999999999,-13.9999999999964,21.9999999999998));
#6693=CARTESIAN_POINT('Ctrl Pts',(55.999999999999,-13.9999999999964,21.9999999999998));
#6694=CARTESIAN_POINT('Ctrl Pts',(55.999999999999,-11.9999999999964,21.9999999999998));
#6695=CARTESIAN_POINT('Ctrl Pts',(57.999999999999,-13.9999999999964,20.9999999999998));
#6696=CARTESIAN_POINT('Ctrl Pts',(55.999999999999,-13.9999999999964,20.9999999999998));
#6697=CARTESIAN_POINT('Ctrl Pts',(55.999999999999,-11.9999999999964,20.9999999999998));
#6698=CARTESIAN_POINT('',(56.999999999999,-11.9999999999964,21.9999999999999));
#6699=CARTESIAN_POINT('',(55.999999999999,-11.9999999999964,20.9999999999998));
#6700=CARTESIAN_POINT('Origin',(56.999999999999,-11.9999999999964,20.9999999999998));
#6701=CARTESIAN_POINT('Origin',(57.999999999999,-11.9999999999964,20.9999999999998));
#6702=CARTESIAN_POINT('Origin',(57.999999999999,-11.9999999999964,21.9999999999999));
#6703=CARTESIAN_POINT('Origin',(56.999999999999,-10.3875085659117,20.9999999999999));
#6704=CARTESIAN_POINT('',(56.999999999999,-11.4485831122774,21.9999999999999));
#6705=CARTESIAN_POINT('',(55.999999999999,-11.4485831122774,20.9999999999998));
#6706=CARTESIAN_POINT('Origin',(56.999999999999,-11.4485831122774,20.9999999999999));
#6707=CARTESIAN_POINT('',(55.999999999999,-10.3875085659117,20.9999999999998));
#6708=CARTESIAN_POINT('',(56.999999999999,-10.3875085659117,21.9999999999999));
#6709=CARTESIAN_POINT('Ctrl Pts',(56.999999999999,-11.4485831122774,21.9999999999999));
#6710=CARTESIAN_POINT('Ctrl Pts',(56.999999999999,-11.2607199212787,21.9999999999999));
#6711=CARTESIAN_POINT('Ctrl Pts',(57.1089089552854,-10.8854147657488,21.9999999999999));
#6712=CARTESIAN_POINT('Ctrl Pts',(57.4011502962998,-10.6259825950689,21.9999999999999));
#6713=CARTESIAN_POINT('Ctrl Pts',(57.5708330622343,-10.5453579246693,21.9999999999999));
#6714=CARTESIAN_POINT('Ctrl Pts',(56.7008006996571,-11.4485831122774,21.9999999999999));
#6715=CARTESIAN_POINT('Ctrl Pts',(56.7008006996571,-11.2042678465792,21.9999999999999));
#6716=CARTESIAN_POINT('Ctrl Pts',(56.8420688176025,-10.7167721520786,21.9999999999999));
#6717=CARTESIAN_POINT('Ctrl Pts',(57.2217549130294,-10.3799656149146,21.9999999999999));
#6718=CARTESIAN_POINT('Ctrl Pts',(57.4424266147252,-10.2751135804858,21.9999999999999));
#6719=CARTESIAN_POINT('Ctrl Pts',(56.1829458224258,-11.4485831122774,21.7487493457235));
#6720=CARTESIAN_POINT('Ctrl Pts',(56.1829458224257,-11.1072998005655,21.7487493457235));
#6721=CARTESIAN_POINT('Ctrl Pts',(56.3809083268271,-10.4253193450704,21.7487493457235));
#6722=CARTESIAN_POINT('Ctrl Pts',(56.9119247396085,-9.95384152564237,21.7487493457235));
#6723=CARTESIAN_POINT('Ctrl Pts',(57.2201804228572,-9.80737401184465,21.7487493457235));
#6724=CARTESIAN_POINT('Ctrl Pts',(55.999999999999,-11.4485831122774,21.2243994752562));
#6725=CARTESIAN_POINT('Ctrl Pts',(55.999999999999,-11.0727040454984,21.2243994752562));
#6726=CARTESIAN_POINT('Ctrl Pts',(56.2176760209767,-10.3221567426028,21.2243994752562));
#6727=CARTESIAN_POINT('Ctrl Pts',(56.8021626838599,-9.80344760512072,21.2243994752562));
#6728=CARTESIAN_POINT('Ctrl Pts',(57.1416661244695,-9.64213273706119,21.2243994752562));
#6729=CARTESIAN_POINT('Ctrl Pts',(55.999999999999,-11.4485831122774,20.9999999999998));
#6730=CARTESIAN_POINT('Ctrl Pts',(55.999999999999,-11.0728567302797,20.9999999999998));
#6731=CARTESIAN_POINT('Ctrl Pts',(56.2178179105716,-10.3222464192204,20.9999999999998));
#6732=CARTESIAN_POINT('Ctrl Pts',(56.8023005926001,-9.80338207786072,20.9999999999997));
#6733=CARTESIAN_POINT('Ctrl Pts',(57.1416661244695,-9.64213273706122,20.9999999999997));
#6734=CARTESIAN_POINT('',(57.5708330622343,-10.5453579246693,21.9999999999999));
#6735=CARTESIAN_POINT('',(57.1416661244695,-9.64213273706123,20.9999999999997));
#6736=CARTESIAN_POINT('Origin',(57.5708330622343,-10.5453579246693,20.9999999999999));
#6737=CARTESIAN_POINT('Ctrl Pts',(57.1416661244695,-9.64213273706122,20.9999999999997));
#6738=CARTESIAN_POINT('Ctrl Pts',(56.8023005926001,-9.80338207786072,20.9999999999997));
#6739=CARTESIAN_POINT('Ctrl Pts',(56.2178179105716,-10.3222464192204,20.9999999999998));
#6740=CARTESIAN_POINT('Ctrl Pts',(55.999999999999,-11.0728567302797,20.9999999999998));
#6741=CARTESIAN_POINT('Ctrl Pts',(55.999999999999,-11.4485831122774,20.9999999999998));
#6742=CARTESIAN_POINT('Ctrl Pts',(56.999999999999,-11.4485831122774,21.9999999999999));
#6743=CARTESIAN_POINT('Ctrl Pts',(56.999999999999,-11.2607199212787,21.9999999999999));
#6744=CARTESIAN_POINT('Ctrl Pts',(57.1089089552854,-10.8854147657488,21.9999999999999));
#6745=CARTESIAN_POINT('Ctrl Pts',(57.4011502962998,-10.6259825950689,21.9999999999999));
#6746=CARTESIAN_POINT('Ctrl Pts',(57.5708330622343,-10.5453579246693,21.9999999999999));
#6747=CARTESIAN_POINT('Ctrl Pts',(72.8328106573135,-8.39838834139046,20.9999999999998));
#6748=CARTESIAN_POINT('Ctrl Pts',(72.0737291848488,-8.0507598737884,20.9999999999998));
#6749=CARTESIAN_POINT('Ctrl Pts',(71.2791030959744,-7.77061533728776,20.9999999999998));
#6750=CARTESIAN_POINT('Ctrl Pts',(69.2047950511717,-7.27441564413523,20.9999999999997));
#6751=CARTESIAN_POINT('Ctrl Pts',(67.912348526208,-7.17606475085957,20.9999999999997));
#6752=CARTESIAN_POINT('Ctrl Pts',(65.3275215591995,-7.27266061471025,20.9999999999997));
#6753=CARTESIAN_POINT('Ctrl Pts',(64.0408059262027,-7.47305540231003,20.9999999999997));
#6754=CARTESIAN_POINT('Ctrl Pts',(61.9458152692314,-7.94539252810714,20.9999999999997));
#6755=CARTESIAN_POINT('Ctrl Pts',(61.1449001891977,-8.17210241156032,20.9999999999997));
#6756=CARTESIAN_POINT('Ctrl Pts',(60.1184596209019,-8.46092566237645,20.9999999999997));
#6757=CARTESIAN_POINT('Ctrl Pts',(59.8790303661842,-8.52621786707172,20.9999999999997));
#6758=CARTESIAN_POINT('Ctrl Pts',(59.5938711101316,-8.60167684419103,20.9999999999997));
#6759=CARTESIAN_POINT('Ctrl Pts',(59.5297430990682,-8.61843072747701,20.9999999999997));
#6760=CARTESIAN_POINT('Ctrl Pts',(59.4462065869714,-8.64170990360089,20.9999999999997));
#6761=CARTESIAN_POINT('Ctrl Pts',(59.3754303654485,-8.66190642870308,20.9999999999997));
#6762=CARTESIAN_POINT('Ctrl Pts',(59.3222403211115,-8.67749269425229,20.9999999999997));
#6763=CARTESIAN_POINT('Ctrl Pts',(59.1465985507084,-8.73785914226232,20.9999999999997));
#6764=CARTESIAN_POINT('Ctrl Pts',(59.0224131834123,-8.78723446051124,20.9999999999997));
#6765=CARTESIAN_POINT('Ctrl Pts',(58.8482855791777,-8.85964243377503,20.9999999999997));
#6766=CARTESIAN_POINT('Ctrl Pts',(58.6365501845582,-8.95035326130067,20.9999999999997));
#6767=CARTESIAN_POINT('Ctrl Pts',(58.4697717597819,-9.02585571188753,20.9999999999997));
#6768=CARTESIAN_POINT('Ctrl Pts',(57.9417147690388,-9.2642829451099,20.9999999999997));
#6769=CARTESIAN_POINT('Ctrl Pts',(57.5394694444439,-9.45311671424839,20.9999999999997));
#6770=CARTESIAN_POINT('Ctrl Pts',(57.1416661244695,-9.64213273706123,20.9999999999997));
#6771=CARTESIAN_POINT('Ctrl Pts',(72.8328106573135,-8.39838834139044,21.2991993003417));
#6772=CARTESIAN_POINT('Ctrl Pts',(72.0737291848489,-8.05075987378837,21.2991993003417));
#6773=CARTESIAN_POINT('Ctrl Pts',(71.2791030959744,-7.77061533728773,21.2991993003417));
#6774=CARTESIAN_POINT('Ctrl Pts',(69.2047950511717,-7.2744156441352,21.2991993003417));
#6775=CARTESIAN_POINT('Ctrl Pts',(67.912348526208,-7.17606475085954,21.2991993003416));
#6776=CARTESIAN_POINT('Ctrl Pts',(65.3275215591995,-7.27266061471022,21.2991993003416));
#6777=CARTESIAN_POINT('Ctrl Pts',(64.0408059262027,-7.47305540230999,21.2991993003416));
#6778=CARTESIAN_POINT('Ctrl Pts',(61.9458152692314,-7.9453925281071,21.2991993003416));
#6779=CARTESIAN_POINT('Ctrl Pts',(61.1449001891977,-8.17210241156029,21.2991993003416));
#6780=CARTESIAN_POINT('Ctrl Pts',(60.1184596209019,-8.46092566237641,21.2991993003416));
#6781=CARTESIAN_POINT('Ctrl Pts',(59.8790303661842,-8.52621786707168,21.2991993003416));
#6782=CARTESIAN_POINT('Ctrl Pts',(59.5938711101316,-8.601676844191,21.2991993003416));
#6783=CARTESIAN_POINT('Ctrl Pts',(59.5297430990682,-8.61843072747698,21.2991993003416));
#6784=CARTESIAN_POINT('Ctrl Pts',(59.4462065869714,-8.64170990360086,21.2991993003416));
#6785=CARTESIAN_POINT('Ctrl Pts',(59.3754303654485,-8.66190642870304,21.2991993003416));
#6786=CARTESIAN_POINT('Ctrl Pts',(59.3222403211115,-8.67749269425226,21.2991993003416));
#6787=CARTESIAN_POINT('Ctrl Pts',(59.1465985507084,-8.73785914226228,21.2991993003416));
#6788=CARTESIAN_POINT('Ctrl Pts',(59.0224131834122,-8.78723446051121,21.2991993003416));
#6789=CARTESIAN_POINT('Ctrl Pts',(58.8482855791776,-8.85964243377499,21.2991993003416));
#6790=CARTESIAN_POINT('Ctrl Pts',(58.6365501845582,-8.95035326130064,21.2991993003416));
#6791=CARTESIAN_POINT('Ctrl Pts',(58.4697717597819,-9.02585571188749,21.2991993003416));
#6792=CARTESIAN_POINT('Ctrl Pts',(57.9417147690387,-9.26428294510987,21.2991993003416));
#6793=CARTESIAN_POINT('Ctrl Pts',(57.5394694444439,-9.45311671424836,21.2991993003416));
#6794=CARTESIAN_POINT('Ctrl Pts',(57.1416661244695,-9.64213273706119,21.2991993003416));
#6795=CARTESIAN_POINT('Ctrl Pts',(72.7281915127415,-8.6268346906136,21.8170398307186));
#6796=CARTESIAN_POINT('Ctrl Pts',(71.9829822686458,-8.28555939288517,21.8170398307186));
#6797=CARTESIAN_POINT('Ctrl Pts',(71.2037965101662,-8.01095286263365,21.8170398307186));
#6798=CARTESIAN_POINT('Ctrl Pts',(69.172021245402,-7.52497263998226,21.8170398307186));
#6799=CARTESIAN_POINT('Ctrl Pts',(67.9023590703638,-7.42790698684137,21.8170398307186));
#6800=CARTESIAN_POINT('Ctrl Pts',(65.3567010652922,-7.52307054011638,21.8170398307186));
#6801=CARTESIAN_POINT('Ctrl Pts',(64.0846135967998,-7.72080513547948,21.8170398307186));
#6802=CARTESIAN_POINT('Ctrl Pts',(62.0100112249995,-8.18854410206136,21.8170398307186));
#6803=CARTESIAN_POINT('Ctrl Pts',(61.2126428792674,-8.41410587575675,21.8170398307186));
#6804=CARTESIAN_POINT('Ctrl Pts',(60.1851252462113,-8.70318811163318,21.8170398307186));
#6805=CARTESIAN_POINT('Ctrl Pts',(59.9446127536519,-8.76877521940389,21.8170398307186));
#6806=CARTESIAN_POINT('Ctrl Pts',(59.6584135647735,-8.84452100666514,21.8170398307186));
#6807=CARTESIAN_POINT('Ctrl Pts',(59.594452007605,-8.86136454963224,21.8170398307186));
#6808=CARTESIAN_POINT('Ctrl Pts',(59.5136420291543,-8.88382806449326,21.8170398307186));
#6809=CARTESIAN_POINT('Ctrl Pts',(59.4459420652825,-8.90315713055226,21.8170398307186));
#6810=CARTESIAN_POINT('Ctrl Pts',(59.3956936179152,-8.9180175496712,21.8170398307186));
#6811=CARTESIAN_POINT('Ctrl Pts',(59.2388564422868,-8.97192978458721,21.8170398307186));
#6812=CARTESIAN_POINT('Ctrl Pts',(59.1174098847872,-9.01999920178436,21.8170398307186));
#6813=CARTESIAN_POINT('Ctrl Pts',(58.947339389013,-9.09069684805882,21.8170398307186));
#6814=CARTESIAN_POINT('Ctrl Pts',(58.7398955636623,-9.17965759847176,21.8170398307186));
#6815=CARTESIAN_POINT('Ctrl Pts',(58.5728374170511,-9.25502693327378,21.8170398307186));
#6816=CARTESIAN_POINT('Ctrl Pts',(58.0474146708015,-9.49224730713973,21.8170398307186));
#6817=CARTESIAN_POINT('Ctrl Pts',(57.6465479954328,-9.68042406158201,21.8170398307186));
#6818=CARTESIAN_POINT('Ctrl Pts',(57.2494997299761,-9.86907945637615,21.8170398307186));
#6819=CARTESIAN_POINT('Ctrl Pts',(72.5098709927999,-9.103559346939,21.9999999999999));
#6820=CARTESIAN_POINT('Ctrl Pts',(71.7936291785165,-8.77554986686606,21.9999999999999));
#6821=CARTESIAN_POINT('Ctrl Pts',(71.0466388437026,-8.512489939044,21.9999999999999));
#6822=CARTESIAN_POINT('Ctrl Pts',(69.1038837321619,-8.04778871912858,21.9999999999999));
#6823=CARTESIAN_POINT('Ctrl Pts',(67.8817063127304,-7.95337194009725,21.9999999999999));
#6824=CARTESIAN_POINT('Ctrl Pts',(65.4174494924827,-8.04548255946822,21.9999999999999));
#6825=CARTESIAN_POINT('Ctrl Pts',(64.1759663712128,-8.23768825420554,21.9999999999999));
#6826=CARTESIAN_POINT('Ctrl Pts',(62.1442375558834,-8.69576142898919,21.9999999999999));
#6827=CARTESIAN_POINT('Ctrl Pts',(61.354126508576,-8.91897928465842,21.9999999999999));
#6828=CARTESIAN_POINT('Ctrl Pts',(60.3242511823136,-9.20874027751148,21.9999999999999));
#6829=CARTESIAN_POINT('Ctrl Pts',(60.0814632518383,-9.27494692880457,21.9999999999999));
#6830=CARTESIAN_POINT('Ctrl Pts',(59.7932868396823,-9.35121188500197,21.9999999999999));
#6831=CARTESIAN_POINT('Ctrl Pts',(59.7303785644464,-9.36789703608006,21.9999999999999));
#6832=CARTESIAN_POINT('Ctrl Pts',(59.6549086704859,-9.38882596197448,21.9999999999999));
#6833=CARTESIAN_POINT('Ctrl Pts',(59.5936775039289,-9.4063180098436,21.9999999999999));
#6834=CARTESIAN_POINT('Ctrl Pts',(59.5503694237723,-9.41927050323821,21.9999999999999));
#6835=CARTESIAN_POINT('Ctrl Pts',(59.4275032939352,-9.46150415894951,21.9999999999999));
#6836=CARTESIAN_POINT('Ctrl Pts',(59.3139845699379,-9.50621400524266,21.9999999999999));
#6837=CARTESIAN_POINT('Ctrl Pts',(59.1526276397232,-9.57327179481525,21.9999999999999));
#6838=CARTESIAN_POINT('Ctrl Pts',(58.9533396504734,-9.65881020967492,21.9999999999999));
#6839=CARTESIAN_POINT('Ctrl Pts',(58.7876131309798,-9.733353536237,21.9999999999999));
#6840=CARTESIAN_POINT('Ctrl Pts',(58.2679702129426,-9.96797028668218,21.9999999999999));
#6841=CARTESIAN_POINT('Ctrl Pts',(57.8699834667925,-10.1547755479962,21.9999999999999));
#6842=CARTESIAN_POINT('Ctrl Pts',(57.4745282266025,-10.3426746665316,21.9999999999999));
#6843=CARTESIAN_POINT('Ctrl Pts',(72.416436951764,-9.3075819056698,21.9999999999999));
#6844=CARTESIAN_POINT('Ctrl Pts',(71.7125961119119,-8.98525140299123,21.9999999999999));
#6845=CARTESIAN_POINT('Ctrl Pts',(70.9793790662425,-8.72713094062817,21.9999999999999));
#6846=CARTESIAN_POINT('Ctrl Pts',(69.0747758453098,-8.27152670374927,21.9999999999999));
#6847=CARTESIAN_POINT('Ctrl Pts',(67.8729075577432,-8.17823670083288,21.9999999999999));
#6848=CARTESIAN_POINT('Ctrl Pts',(65.443418137609,-8.26902754766683,21.9999999999999));
#6849=CARTESIAN_POINT('Ctrl Pts',(64.2150488145151,-8.45887168616717,21.9999999999999));
#6850=CARTESIAN_POINT('Ctrl Pts',(62.2017360455996,-8.91279369457124,21.9999999999999));
#6851=CARTESIAN_POINT('Ctrl Pts',(61.4147011188291,-9.1350191676276,21.9999999999999));
#6852=CARTESIAN_POINT('Ctrl Pts',(60.3837940377079,-9.42509922063363,21.9999999999999));
#6853=CARTESIAN_POINT('Ctrl Pts',(60.1400292108834,-9.49157187084146,21.9999999999999));
#6854=CARTESIAN_POINT('Ctrl Pts',(59.8510464705275,-9.56804262018429,21.9999999999999));
#6855=CARTESIAN_POINT('Ctrl Pts',(59.7887348135293,-9.58458860345588,21.9999999999999));
#6856=CARTESIAN_POINT('Ctrl Pts',(59.7154780552079,-9.60489539084033,21.9999999999999));
#6857=CARTESIAN_POINT('Ctrl Pts',(59.6570254924631,-9.62159571922331,21.9999999999999));
#6858=CARTESIAN_POINT('Ctrl Pts',(59.6168533203614,-9.63365044116262,21.9999999999999));
#6859=CARTESIAN_POINT('Ctrl Pts',(59.5074367470126,-9.67125590295761,21.9999999999999));
#6860=CARTESIAN_POINT('Ctrl Pts',(59.3977679819011,-9.71439689192826,21.9999999999999));
#6861=CARTESIAN_POINT('Ctrl Pts',(59.2401912336297,-9.77988232964032,21.9999999999999));
#6862=CARTESIAN_POINT('Ctrl Pts',(59.0442284189403,-9.86400356389696,21.9999999999999));
#6863=CARTESIAN_POINT('Ctrl Pts',(58.8794675157036,-9.93808012035879,21.9999999999999));
#6864=CARTESIAN_POINT('Ctrl Pts',(58.3623565731256,-10.1715650158705,21.9999999999999));
#6865=CARTESIAN_POINT('Ctrl Pts',(57.9656029513484,-10.3577832348164,21.9999999999999));
#6866=CARTESIAN_POINT('Ctrl Pts',(57.5708330622343,-10.5453579246693,21.9999999999999));
#6867=CARTESIAN_POINT('Ctrl Pts',(72.8328106573135,-8.39838834139046,20.9999999999998));
#6868=CARTESIAN_POINT('Ctrl Pts',(72.0737291848488,-8.0507598737884,20.9999999999998));
#6869=CARTESIAN_POINT('Ctrl Pts',(71.2791030959744,-7.77061533728776,20.9999999999998));
#6870=CARTESIAN_POINT('Ctrl Pts',(69.2047950511717,-7.27441564413523,20.9999999999997));
#6871=CARTESIAN_POINT('Ctrl Pts',(67.912348526208,-7.17606475085957,20.9999999999997));
#6872=CARTESIAN_POINT('Ctrl Pts',(65.3275215591995,-7.27266061471025,20.9999999999997));
#6873=CARTESIAN_POINT('Ctrl Pts',(64.0408059262027,-7.47305540231003,20.9999999999997));
#6874=CARTESIAN_POINT('Ctrl Pts',(61.9458152692314,-7.94539252810714,20.9999999999997));
#6875=CARTESIAN_POINT('Ctrl Pts',(61.1449001891977,-8.17210241156032,20.9999999999997));
#6876=CARTESIAN_POINT('Ctrl Pts',(60.1184596209019,-8.46092566237645,20.9999999999997));
#6877=CARTESIAN_POINT('Ctrl Pts',(59.8790303661842,-8.52621786707172,20.9999999999997));
#6878=CARTESIAN_POINT('Ctrl Pts',(59.5938711101316,-8.60167684419103,20.9999999999997));
#6879=CARTESIAN_POINT('Ctrl Pts',(59.5297430990682,-8.61843072747701,20.9999999999997));
#6880=CARTESIAN_POINT('Ctrl Pts',(59.4462065869714,-8.64170990360089,20.9999999999997));
#6881=CARTESIAN_POINT('Ctrl Pts',(59.3754303654485,-8.66190642870308,20.9999999999997));
#6882=CARTESIAN_POINT('Ctrl Pts',(59.3222403211115,-8.67749269425229,20.9999999999997));
#6883=CARTESIAN_POINT('Ctrl Pts',(59.1465985507084,-8.73785914226232,20.9999999999997));
#6884=CARTESIAN_POINT('Ctrl Pts',(59.0224131834123,-8.78723446051124,20.9999999999997));
#6885=CARTESIAN_POINT('Ctrl Pts',(58.8482855791777,-8.85964243377503,20.9999999999997));
#6886=CARTESIAN_POINT('Ctrl Pts',(58.6365501845582,-8.95035326130067,20.9999999999997));
#6887=CARTESIAN_POINT('Ctrl Pts',(58.4697717597819,-9.02585571188753,20.9999999999997));
#6888=CARTESIAN_POINT('Ctrl Pts',(57.9417147690388,-9.2642829451099,20.9999999999997));
#6889=CARTESIAN_POINT('Ctrl Pts',(57.5394694444439,-9.45311671424839,20.9999999999997));
#6890=CARTESIAN_POINT('Ctrl Pts',(57.1416661244695,-9.64213273706123,20.9999999999997));
#6891=CARTESIAN_POINT('Ctrl Pts',(57.5708330622343,-10.5453579246693,21.9999999999999));
#6892=CARTESIAN_POINT('Ctrl Pts',(57.9656029513484,-10.3577832348164,21.9999999999999));
#6893=CARTESIAN_POINT('Ctrl Pts',(58.3623565731256,-10.1715650158705,21.9999999999999));
#6894=CARTESIAN_POINT('Ctrl Pts',(58.8794675157036,-9.93808012035879,21.9999999999999));
#6895=CARTESIAN_POINT('Ctrl Pts',(59.0442284189403,-9.86400356389696,21.9999999999999));
#6896=CARTESIAN_POINT('Ctrl Pts',(59.2401912336297,-9.77988232964032,21.9999999999999));
#6897=CARTESIAN_POINT('Ctrl Pts',(59.3977679819011,-9.71439689192826,21.9999999999999));
#6898=CARTESIAN_POINT('Ctrl Pts',(59.5074367470126,-9.67125590295761,21.9999999999999));
#6899=CARTESIAN_POINT('Ctrl Pts',(59.6168533203614,-9.63365044116262,21.9999999999999));
#6900=CARTESIAN_POINT('Ctrl Pts',(59.6570254924631,-9.62159571922331,21.9999999999999));
#6901=CARTESIAN_POINT('Ctrl Pts',(59.7154780552079,-9.60489539084033,21.9999999999999));
#6902=CARTESIAN_POINT('Ctrl Pts',(59.7887348135293,-9.58458860345588,21.9999999999999));
#6903=CARTESIAN_POINT('Ctrl Pts',(59.8510464705275,-9.56804262018429,21.9999999999999));
#6904=CARTESIAN_POINT('Ctrl Pts',(60.1400292108834,-9.49157187084146,21.9999999999999));
#6905=CARTESIAN_POINT('Ctrl Pts',(60.3837940377079,-9.42509922063363,21.9999999999999));
#6906=CARTESIAN_POINT('Ctrl Pts',(61.4147011188291,-9.1350191676276,21.9999999999999));
#6907=CARTESIAN_POINT('Ctrl Pts',(62.2017360455996,-8.91279369457124,21.9999999999999));
#6908=CARTESIAN_POINT('Ctrl Pts',(64.2150488145151,-8.45887168616717,21.9999999999999));
#6909=CARTESIAN_POINT('Ctrl Pts',(65.443418137609,-8.26902754766683,21.9999999999999));
#6910=CARTESIAN_POINT('Ctrl Pts',(67.8729075577432,-8.17823670083288,21.9999999999999));
#6911=CARTESIAN_POINT('Ctrl Pts',(69.0747758453098,-8.27152670374927,21.9999999999999));
#6912=CARTESIAN_POINT('Ctrl Pts',(70.830544719291,-8.69152795607007,21.9999999999999));
#6913=CARTESIAN_POINT('Ctrl Pts',(71.4229329833475,-8.88658586773306,21.9999999999999));
#6914=CARTESIAN_POINT('Ctrl Pts',(71.9972435472537,-9.12472060187766,21.9999999999999));
#6915=CARTESIAN_POINT('Origin',(56.,-10.1893174528981,-10.0000000000001));
#6916=CARTESIAN_POINT('',(56.,-12.,-10.0000000000002));
#6917=CARTESIAN_POINT('',(55.9999999999994,-11.4485831122788,9.));
#6918=CARTESIAN_POINT('Ctrl Pts',(55.9999999999994,-11.4485831122788,9.));
#6919=CARTESIAN_POINT('Ctrl Pts',(55.9999999999993,-11.4485831122783,13.));
#6920=CARTESIAN_POINT('Ctrl Pts',(55.9999999999992,-11.4485831122778,17.));
#6921=CARTESIAN_POINT('Ctrl Pts',(55.999999999999,-11.4485831122774,20.9999999999999));
#6922=CARTESIAN_POINT('',(55.9999999999994,-4.77405468883105,9.));
#6923=CARTESIAN_POINT('Ctrl Pts',(55.9999999999994,-11.4485831122788,9.));
#6924=CARTESIAN_POINT('Ctrl Pts',(55.9999999999993,-11.4485831122783,13.));
#6925=CARTESIAN_POINT('Ctrl Pts',(55.9999999999992,-11.4485831122778,17.));
#6926=CARTESIAN_POINT('Ctrl Pts',(55.999999999999,-11.4485831122774,20.9999999999999));
#6927=CARTESIAN_POINT('Ctrl Pts',(55.9999999999994,-11.0728410883747,8.99999999999995));
#6928=CARTESIAN_POINT('Ctrl Pts',(55.9999999999993,-11.0728410883742,12.9999999999999));
#6929=CARTESIAN_POINT('Ctrl Pts',(55.9999999999992,-11.0728410883737,16.9999999999999));
#6930=CARTESIAN_POINT('Ctrl Pts',(55.999999999999,-11.0728410883733,20.9999999999999));
#6931=CARTESIAN_POINT('Ctrl Pts',(56.2177043195963,-10.3221826143615,8.99999999999988));
#6932=CARTESIAN_POINT('Ctrl Pts',(56.2177043195962,-10.322182614361,12.9999999999998));
#6933=CARTESIAN_POINT('Ctrl Pts',(56.2177043195961,-10.3221826143605,16.9999999999998));
#6934=CARTESIAN_POINT('Ctrl Pts',(56.217704319596,-10.3221826143601,20.9999999999998));
#6935=CARTESIAN_POINT('Ctrl Pts',(56.8022864644369,-9.80338879085109,8.99999999999983));
#6936=CARTESIAN_POINT('Ctrl Pts',(56.8022864644367,-9.80338879085062,12.9999999999998));
#6937=CARTESIAN_POINT('Ctrl Pts',(56.8022864644366,-9.80338879085015,16.9999999999998));
#6938=CARTESIAN_POINT('Ctrl Pts',(56.8022864644365,-9.80338879084968,20.9999999999998));
#6939=CARTESIAN_POINT('Ctrl Pts',(57.1416661244699,-9.64213273706263,8.99999999999982));
#6940=CARTESIAN_POINT('Ctrl Pts',(57.1416661244698,-9.64213273706216,12.9999999999998));
#6941=CARTESIAN_POINT('Ctrl Pts',(57.1416661244696,-9.64213273706169,16.9999999999998));
#6942=CARTESIAN_POINT('Ctrl Pts',(57.1416661244695,-9.64213273706122,20.9999999999997));
#6943=CARTESIAN_POINT('',(57.1416661244699,-9.64213273706264,9.));
#6944=CARTESIAN_POINT('Ctrl Pts',(57.1416661244695,-9.64213273706122,20.9999999999997));
#6945=CARTESIAN_POINT('Ctrl Pts',(57.1416661244696,-9.64213273706169,16.9999999999998));
#6946=CARTESIAN_POINT('Ctrl Pts',(57.1416661244698,-9.64213273706216,12.9999999999998));
#6947=CARTESIAN_POINT('Ctrl Pts',(57.1416661244699,-9.64213273706263,8.99999999999982));
#6948=CARTESIAN_POINT('Ctrl Pts',(55.9999999999994,-11.4485831122788,9.));
#6949=CARTESIAN_POINT('Ctrl Pts',(55.9999999999994,-11.0728410883747,8.99999999999995));
#6950=CARTESIAN_POINT('Ctrl Pts',(56.1088521597979,-10.6975118513681,8.99999999999991));
#6951=CARTESIAN_POINT('Ctrl Pts',(56.3094237759072,-10.3801487769872,8.99999999999988));
#6952=CARTESIAN_POINT('Ctrl Pts',(56.5099953920166,-10.0627857026063,8.99999999999985));
#6953=CARTESIAN_POINT('Ctrl Pts',(56.8022864644369,-9.80338879085109,8.99999999999983));
#6954=CARTESIAN_POINT('Ctrl Pts',(57.1416661244699,-9.64213273706263,8.99999999999982));
#6955=CARTESIAN_POINT('Ctrl Pts',(72.8328106573145,-8.39838834139408,-10.));
#6956=CARTESIAN_POINT('Ctrl Pts',(72.8328106573135,-8.39838834139034,22.));
#6957=CARTESIAN_POINT('Ctrl Pts',(72.0578424907303,-8.04348441347271,-10.));
#6958=CARTESIAN_POINT('Ctrl Pts',(72.0578424907293,-8.04348441346897,22.));
#6959=CARTESIAN_POINT('Ctrl Pts',(71.2636230101724,-7.76691231263955,-10.));
#6960=CARTESIAN_POINT('Ctrl Pts',(71.2636230101714,-7.76691231263582,22.));
#6961=CARTESIAN_POINT('Ctrl Pts',(70.4562647824345,-7.57378241282962,-10.));
#6962=CARTESIAN_POINT('Ctrl Pts',(70.4562647824335,-7.57378241282588,22.));
#6963=CARTESIAN_POINT('Ctrl Pts',(69.2530350563976,-7.28595523964409,-10.));
#6964=CARTESIAN_POINT('Ctrl Pts',(69.2530350563966,-7.28595523964035,22.));
#6965=CARTESIAN_POINT('Ctrl Pts',(67.971702568289,-7.17384667010153,-10.));
#6966=CARTESIAN_POINT('Ctrl Pts',(67.971702568288,-7.1738466700978,22.));
#6967=CARTESIAN_POINT('Ctrl Pts',(66.652269779549,-7.22315432266319,-10.));
#6968=CARTESIAN_POINT('Ctrl Pts',(66.652269779548,-7.22315432265945,22.));
#6969=CARTESIAN_POINT('Ctrl Pts',(65.3991139137139,-7.26998518404962,-10.));
#6970=CARTESIAN_POINT('Ctrl Pts',(65.3991139137129,-7.26998518404588,22.));
#6971=CARTESIAN_POINT('Ctrl Pts',(64.1009955571279,-7.45948503283303,-10.));
#6972=CARTESIAN_POINT('Ctrl Pts',(64.1009955571269,-7.4594850328293,22.));
#6973=CARTESIAN_POINT('Ctrl Pts',(62.7789700847754,-7.75754923171794,-10.));
#6974=CARTESIAN_POINT('Ctrl Pts',(62.7789700847744,-7.75754923171421,22.));
#6975=CARTESIAN_POINT('Ctrl Pts',(62.0224904468034,-7.92810532309465,-10.));
#6976=CARTESIAN_POINT('Ctrl Pts',(62.0224904468024,-7.92810532309091,22.));
#6977=CARTESIAN_POINT('Ctrl Pts',(61.235607252743,-8.14657895723636,-10.));
#6978=CARTESIAN_POINT('Ctrl Pts',(61.235607252742,-8.14657895723263,22.));
#6979=CARTESIAN_POINT('Ctrl Pts',(60.3558715322033,-8.394121911513,-10.));
#6980=CARTESIAN_POINT('Ctrl Pts',(60.3558715322023,-8.39412191150927,22.));
#6981=CARTESIAN_POINT('Ctrl Pts',(60.1184578494446,-8.46092616083885,-10.));
#6982=CARTESIAN_POINT('Ctrl Pts',(60.1184578494436,-8.46092616083511,22.));
#6983=CARTESIAN_POINT('Ctrl Pts',(59.8731029105298,-8.52778639319254,-10.));
#6984=CARTESIAN_POINT('Ctrl Pts',(59.8731029105288,-8.5277863931888,22.));
#6985=CARTESIAN_POINT('Ctrl Pts',(59.6393304157735,-8.58964738124927,-10.));
#6986=CARTESIAN_POINT('Ctrl Pts',(59.6393304157725,-8.58964738124553,22.));
#6987=CARTESIAN_POINT('Ctrl Pts',(59.4387274546418,-8.6427310316404,-10.));
#6988=CARTESIAN_POINT('Ctrl Pts',(59.4387274546409,-8.64273103163667,22.));
#6989=CARTESIAN_POINT('Ctrl Pts',(59.3354757674809,-8.67294379405265,-10.));
#6990=CARTESIAN_POINT('Ctrl Pts',(59.3354757674799,-8.67294379404891,22.));
#6991=CARTESIAN_POINT('Ctrl Pts',(59.2631427258704,-8.69780398981226,-10.));
#6992=CARTESIAN_POINT('Ctrl Pts',(59.2631427258694,-8.69780398980853,22.));
#6993=CARTESIAN_POINT('Ctrl Pts',(59.0716315270778,-8.76362461322502,-10.));
#6994=CARTESIAN_POINT('Ctrl Pts',(59.0716315270768,-8.76362461322129,22.));
#6995=CARTESIAN_POINT('Ctrl Pts',(58.7367106029982,-8.90532802085947,-10.));
#6996=CARTESIAN_POINT('Ctrl Pts',(58.7367106029972,-8.90532802085573,22.));
#6997=CARTESIAN_POINT('Ctrl Pts',(58.3515472303421,-9.07923621427575,-10.));
#6998=CARTESIAN_POINT('Ctrl Pts',(58.3515472303411,-9.07923621427201,22.));
#6999=CARTESIAN_POINT('Ctrl Pts',(57.8295647675261,-9.31492068883348,-10.));
#7000=CARTESIAN_POINT('Ctrl Pts',(57.8295647675251,-9.31492068882974,22.));
#7001=CARTESIAN_POINT('Ctrl Pts',(57.2872221514285,-9.571982305293,-10.));
#7002=CARTESIAN_POINT('Ctrl Pts',(57.2872221514276,-9.57198230528926,22.));
#7003=CARTESIAN_POINT('Ctrl Pts',(56.7328643679347,-9.83707862450384,-10.));
#7004=CARTESIAN_POINT('Ctrl Pts',(56.7328643679337,-9.8370786245001,22.));
#7005=CARTESIAN_POINT('Ctrl Pts',(56.4890968023623,-9.95364934164782,-10.));
#7006=CARTESIAN_POINT('Ctrl Pts',(56.4890968023613,-9.95364934164408,22.));
#7007=CARTESIAN_POINT('Ctrl Pts',(56.2448144789734,-10.0711090258931,-10.));
#7008=CARTESIAN_POINT('Ctrl Pts',(56.2448144789724,-10.0711090258893,22.));
#7009=CARTESIAN_POINT('Ctrl Pts',(56.,-10.1893174528981,-10.));
#7010=CARTESIAN_POINT('Ctrl Pts',(55.999999999999,-10.1893174528944,22.));
#7011=CARTESIAN_POINT('',(66.652269779549,-7.22315432266319,9.));
#7012=CARTESIAN_POINT('Ctrl Pts',(70.456264782435,-7.57378241282765,9.));
#7013=CARTESIAN_POINT('Ctrl Pts',(69.9478123841983,-7.45215442000374,9.));
#7014=CARTESIAN_POINT('Ctrl Pts',(69.5596024036241,-7.38668530140457,9.));
#7015=CARTESIAN_POINT('Ctrl Pts',(69.1307204962108,-7.3307893125039,9.));
#7016=CARTESIAN_POINT('Ctrl Pts',(68.3099405442327,-7.2238174251553,9.));
#7017=CARTESIAN_POINT('Ctrl Pts',(67.4761266591753,-7.19236651055882,9.));
#7018=CARTESIAN_POINT('Ctrl Pts',(66.6522697795489,-7.22315432266095,9.));
#7019=CARTESIAN_POINT('',(62.7789700846858,-7.75754923173815,9.));
#7020=CARTESIAN_POINT('Ctrl Pts',(66.6522696227843,-7.2231543285193,9.));
#7021=CARTESIAN_POINT('Ctrl Pts',(66.0256916732104,-7.24656976571398,9.));
#7022=CARTESIAN_POINT('Ctrl Pts',(65.387873100638,-7.30565245108521,9.));
#7023=CARTESIAN_POINT('Ctrl Pts',(64.7414458271264,-7.39613930466935,9.));
#7024=CARTESIAN_POINT('Ctrl Pts',(64.4182321903705,-7.44138273146142,9.));
#7025=CARTESIAN_POINT('Ctrl Pts',(64.0928663783799,-7.49447720030672,9.));
#7026=CARTESIAN_POINT('Ctrl Pts',(63.7656773814118,-7.55488982620979,9.));
#7027=CARTESIAN_POINT('Ctrl Pts',(63.6020828829278,-7.58509613916132,9.));
#7028=CARTESIAN_POINT('Ctrl Pts',(63.4380325881994,-7.6171319913773,9.));
#7029=CARTESIAN_POINT('Ctrl Pts',(63.2735676210088,-7.65093077223329,9.));
#7030=CARTESIAN_POINT('Ctrl Pts',(63.1913351374136,-7.66783016266128,9.));
#7031=CARTESIAN_POINT('Ctrl Pts',(63.1089989857027,-7.68517028524928,9.));
#7032=CARTESIAN_POINT('Ctrl Pts',(63.0265643063492,-7.70294281366922,9.));
#7033=CARTESIAN_POINT('Ctrl Pts',(62.9853469666724,-7.71182907787919,9.));
#7034=CARTESIAN_POINT('Ctrl Pts',(62.9441049950849,-7.72082344354715,9.));
#7035=CARTESIAN_POINT('Ctrl Pts',(62.9028390341458,-7.72992486988209,9.));
#7036=CARTESIAN_POINT('Ctrl Pts',(62.8822060536762,-7.73447558304956,9.));
#7037=CARTESIAN_POINT('Ctrl Pts',(62.8615670758688,-7.73905306138378,9.));
#7038=CARTESIAN_POINT('Ctrl Pts',(62.8409221810434,-7.74365717478586,9.));
#7039=CARTESIAN_POINT('Ctrl Pts',(62.8305997336306,-7.74595923148691,9.));
#7040=CARTESIAN_POINT('Ctrl Pts',(62.8202758069634,-7.74826794695492,9.));
#7041=CARTESIAN_POINT('Ctrl Pts',(62.8099504110817,-7.75058330492753,9.));
#7042=CARTESIAN_POINT('Ctrl Pts',(62.8047877131408,-7.75174098391384,9.));
#7043=CARTESIAN_POINT('Ctrl Pts',(62.7996246478963,-7.7529003235263,9.));
#7044=CARTESIAN_POINT('Ctrl Pts',(62.7944612166031,-7.75406132173212,9.));
#7045=CARTESIAN_POINT('Ctrl Pts',(62.7916516777043,-7.7546930469233,9.));
#7046=CARTESIAN_POINT('Ctrl Pts',(62.7888420304296,-7.75532526317296,9.));
#7047=CARTESIAN_POINT('Ctrl Pts',(62.7860322749814,-7.75595797015362,9.));
#7048=CARTESIAN_POINT('Ctrl Pts',(62.7844710940045,-7.75630952035803,9.));
#7049=CARTESIAN_POINT('Ctrl Pts',(62.7829098796319,-7.75666122206255,9.));
#7050=CARTESIAN_POINT('Ctrl Pts',(62.7813486318983,-7.75701307521101,9.));
#7051=CARTESIAN_POINT('Ctrl Pts',(62.7806577885368,-7.75716876825485,9.));
#7052=CARTESIAN_POINT('Ctrl Pts',(62.7799669386432,-7.75732449095161,9.));
#7053=CARTESIAN_POINT('Ctrl Pts',(62.7792760822204,-7.75748024329642,9.));
#7054=CARTESIAN_POINT('Ctrl Pts',(62.7791739969004,-7.7575032582492,9.));
#7055=CARTESIAN_POINT('Ctrl Pts',(62.7790700258259,-7.75752669897973,9.));
#7056=CARTESIAN_POINT('Ctrl Pts',(62.7789698306279,-7.75754928901576,9.));
#7057=CARTESIAN_POINT('',(60.3558715322126,-8.39412191151039,9.));
#7058=CARTESIAN_POINT('Ctrl Pts',(62.7789698306279,-7.75754928901576,9.));
#7059=CARTESIAN_POINT('Ctrl Pts',(62.4007299993289,-7.84282734207868,9.));
#7060=CARTESIAN_POINT('Ctrl Pts',(62.0148892769014,-7.94008478086944,9.));
#7061=CARTESIAN_POINT('Ctrl Pts',(61.613641541495,-8.04696557739281,9.));
#7062=CARTESIAN_POINT('Ctrl Pts',(61.4130176737918,-8.1004059756545,9.));
#7063=CARTESIAN_POINT('Ctrl Pts',(61.2085420528439,-8.15625221334934,9.));
#7064=CARTESIAN_POINT('Ctrl Pts',(60.99923891342,-8.21420978697793,9.));
#7065=CARTESIAN_POINT('Ctrl Pts',(60.894587343708,-8.24318857379222,9.));
#7066=CARTESIAN_POINT('Ctrl Pts',(60.788728894377,-8.27269519458995,9.));
#7067=CARTESIAN_POINT('Ctrl Pts',(60.6815415947731,-8.30269283643369,9.));
#7068=CARTESIAN_POINT('Ctrl Pts',(60.6279479449712,-8.31769165735557,9.));
#7069=CARTESIAN_POINT('Ctrl Pts',(60.574022082601,-8.33281323353894,9.));
#7070=CARTESIAN_POINT('Ctrl Pts',(60.5197487613308,-8.34805296336664,9.));
#7071=CARTESIAN_POINT('Ctrl Pts',(60.4926121006958,-8.35567282828049,9.));
#7072=CARTESIAN_POINT('Ctrl Pts',(60.4653885753357,-8.36332223160542,9.));
#7073=CARTESIAN_POINT('Ctrl Pts',(60.4380762794592,-8.37100059813928,9.));
#7074=CARTESIAN_POINT('Ctrl Pts',(60.4244201315209,-8.37483978140622,9.));
#7075=CARTESIAN_POINT('Ctrl Pts',(60.4107417909535,-8.37868620547538,9.));
#7076=CARTESIAN_POINT('Ctrl Pts',(60.3970410195331,-8.38253979844651,9.));
#7077=CARTESIAN_POINT('Ctrl Pts',(60.3901906338229,-8.38446659493208,9.));
#7078=CARTESIAN_POINT('Ctrl Pts',(60.3833346403994,-8.38639518364313,9.));
#7079=CARTESIAN_POINT('Ctrl Pts',(60.3764730094847,-8.38832555559215,9.));
#7080=CARTESIAN_POINT('Ctrl Pts',(60.3730421940273,-8.38929074156666,9.));
#7081=CARTESIAN_POINT('Ctrl Pts',(60.3696099691971,-8.39025637335065,9.));
#7082=CARTESIAN_POINT('Ctrl Pts',(60.3661763312719,-8.3912224498207,9.));
#7083=CARTESIAN_POINT('Ctrl Pts',(60.3644595123093,-8.39170548805572,9.));
#7084=CARTESIAN_POINT('Ctrl Pts',(60.3627423400729,-8.39218863746225,9.));
#7085=CARTESIAN_POINT('Ctrl Pts',(60.3610248140975,-8.39267189789987,9.));
#7086=CARTESIAN_POINT('Ctrl Pts',(60.3601660511098,-8.39291352811868,9.));
#7087=CARTESIAN_POINT('Ctrl Pts',(60.3593071996873,-8.39315518609526,9.));
#7088=CARTESIAN_POINT('Ctrl Pts',(60.3584482597719,-8.39339687181205,9.));
#7089=CARTESIAN_POINT('Ctrl Pts',(60.357940076825,-8.39353986267506,9.));
#7090=CARTESIAN_POINT('Ctrl Pts',(60.3574318629023,-8.39368286324819,9.));
#7091=CARTESIAN_POINT('Ctrl Pts',(60.3569236179917,-8.3938258735278,9.));
#7092=CARTESIAN_POINT('Ctrl Pts',(60.3566640005667,-8.3938989248457,9.));
#7093=CARTESIAN_POINT('Ctrl Pts',(60.3564043750562,-8.39397197869629,9.));
#7094=CARTESIAN_POINT('Ctrl Pts',(60.3561447414584,-8.39404503507909,9.));
#7095=CARTESIAN_POINT('Ctrl Pts',(60.356077824116,-8.39406386445642,9.));
#7096=CARTESIAN_POINT('Ctrl Pts',(60.3560109062364,-8.39408269400196,9.));
#7097=CARTESIAN_POINT('Ctrl Pts',(60.3559439878196,-8.39410152371571,9.));
#7098=CARTESIAN_POINT('Ctrl Pts',(60.35591971678,-8.39410835317686,9.));
#7099=CARTESIAN_POINT('Ctrl Pts',(60.3558973462474,-8.39411464786955,9.));
#7100=CARTESIAN_POINT('Ctrl Pts',(60.3558711460586,-8.3941220201653,9.));
#7101=CARTESIAN_POINT('',(59.6393304157709,-8.58964738124994,9.));
#7102=CARTESIAN_POINT('Ctrl Pts',(59.6393304157735,-8.58964738124927,9.));
#7103=CARTESIAN_POINT('Ctrl Pts',(59.8731029105298,-8.52778639319254,9.));
#7104=CARTESIAN_POINT('Ctrl Pts',(60.1184578494446,-8.46092616083885,9.));
#7105=CARTESIAN_POINT('Ctrl Pts',(60.3558715322033,-8.394121911513,9.));
#7106=CARTESIAN_POINT('',(59.2631427258697,-8.69780398981248,9.));
#7107=CARTESIAN_POINT('Ctrl Pts',(59.6393300753016,-8.58964747134272,9.));
#7108=CARTESIAN_POINT('Ctrl Pts',(59.5390286474453,-8.61618928422541,9.));
#7109=CARTESIAN_POINT('Ctrl Pts',(59.4630650298342,-8.6370133773213,9.));
#7110=CARTESIAN_POINT('Ctrl Pts',(59.4031351433279,-8.65430954095116,9.));
#7111=CARTESIAN_POINT('Ctrl Pts',(59.3731702000748,-8.6629576227661,9.));
#7112=CARTESIAN_POINT('Ctrl Pts',(59.3472136895978,-8.67072372221452,9.));
#7113=CARTESIAN_POINT('Ctrl Pts',(59.3242276020046,-8.67788156308654,9.));
#7114=CARTESIAN_POINT('Ctrl Pts',(59.3127345582079,-8.68146048352255,9.));
#7115=CARTESIAN_POINT('Ctrl Pts',(59.3019841201322,-8.68488733931446,9.));
#7116=CARTESIAN_POINT('Ctrl Pts',(59.2918465365408,-8.68819634593603,9.));
#7117=CARTESIAN_POINT('Ctrl Pts',(59.2867777447452,-8.68985084924681,9.));
#7118=CARTESIAN_POINT('Ctrl Pts',(59.2818621665706,-8.69147589026501,9.));
#7119=CARTESIAN_POINT('Ctrl Pts',(59.2770835831125,-8.69307574592485,9.));
#7120=CARTESIAN_POINT('Ctrl Pts',(59.2746942913834,-8.69387567375476,9.));
#7121=CARTESIAN_POINT('Ctrl Pts',(59.2723392483335,-8.69466930524509,9.));
#7122=CARTESIAN_POINT('Ctrl Pts',(59.2700164265997,-8.6954571750126,9.));
#7123=CARTESIAN_POINT('Ctrl Pts',(59.2688550157327,-8.69585110989636,9.));
#7124=CARTESIAN_POINT('Ctrl Pts',(59.2677016601948,-8.69624360434941,9.));
#7125=CARTESIAN_POINT('Ctrl Pts',(59.2665561065656,-8.69663472519886,9.));
#7126=CARTESIAN_POINT('Ctrl Pts',(59.2659833297509,-8.69683028562358,9.));
#7127=CARTESIAN_POINT('Ctrl Pts',(59.2654125034134,-8.6970255026474,9.));
#7128=CARTESIAN_POINT('Ctrl Pts',(59.2648435958756,-8.69722038462371,9.));
#7129=CARTESIAN_POINT('Ctrl Pts',(59.2645591421066,-8.69731782561187,9.));
#7130=CARTESIAN_POINT('Ctrl Pts',(59.2642751680376,-8.69741518283814,9.));
#7131=CARTESIAN_POINT('Ctrl Pts',(59.2639916697088,-8.69751245734671,9.));
#7132=CARTESIAN_POINT('Ctrl Pts',(59.2638360392261,-8.69756585758642,9.));
#7133=CARTESIAN_POINT('Ctrl Pts',(59.2636805521135,-8.69761923289816,9.));
#7134=CARTESIAN_POINT('Ctrl Pts',(59.2635252077157,-8.69767258345468,9.));
#7135=CARTESIAN_POINT('Ctrl Pts',(59.263439842618,-8.6977019007364,9.));
#7136=CARTESIAN_POINT('Ctrl Pts',(59.2633545206164,-8.69773121054268,9.));
#7137=CARTESIAN_POINT('Ctrl Pts',(59.2632692416023,-8.6977605129022,9.));
#7138=CARTESIAN_POINT('Ctrl Pts',(59.2632320445408,-8.69777329402638,9.));
#7139=CARTESIAN_POINT('Ctrl Pts',(59.2631948556579,-8.69778607373378,9.));
#7140=CARTESIAN_POINT('Ctrl Pts',(59.2631576749444,-8.69779885202679,9.));
#7141=CARTESIAN_POINT('Ctrl Pts',(59.2631526491414,-8.6978005792982,9.));
#7142=CARTESIAN_POINT('Ctrl Pts',(59.2631492094183,-8.69780176147399,9.));
#7143=CARTESIAN_POINT('Ctrl Pts',(59.2631425565715,-8.69780404799631,9.));
#7144=CARTESIAN_POINT('',(58.3515472303271,-9.07923621428253,9.));
#7145=CARTESIAN_POINT('Ctrl Pts',(59.2631425565715,-8.69780404799631,9.));
#7146=CARTESIAN_POINT('Ctrl Pts',(59.167386912656,-8.73071438284005,9.));
#7147=CARTESIAN_POINT('Ctrl Pts',(59.0357788425894,-8.78259541141726,9.));
#7148=CARTESIAN_POINT('Ctrl Pts',(58.8799642567853,-8.84798738353627,9.));
#7149=CARTESIAN_POINT('Ctrl Pts',(58.8020569638833,-8.88068336959578,9.));
#7150=CARTESIAN_POINT('Ctrl Pts',(58.7180980420469,-8.91675709154074,9.));
#7151=CARTESIAN_POINT('Ctrl Pts',(58.6295432300778,-8.95552608059719,9.));
#7152=CARTESIAN_POINT('Ctrl Pts',(58.5852658240932,-8.97491057512542,9.));
#7153=CARTESIAN_POINT('Ctrl Pts',(58.5398394455755,-8.99496888643152,9.));
#7154=CARTESIAN_POINT('Ctrl Pts',(58.4934460618749,-9.01561570591875,9.));
#7155=CARTESIAN_POINT('Ctrl Pts',(58.4702493700245,-9.02593911566237,9.));
#7156=CARTESIAN_POINT('Ctrl Pts',(58.4468109268785,-9.03640965245126,9.));
#7157=CARTESIAN_POINT('Ctrl Pts',(58.4231534783554,-9.04701665271085,9.));
#7158=CARTESIAN_POINT('Ctrl Pts',(58.4113247540939,-9.05232015284064,9.));
#7159=CARTESIAN_POINT('Ctrl Pts',(58.3994412784882,-9.05765776883811,9.));
#7160=CARTESIAN_POINT('Ctrl Pts',(58.387505894778,-9.06302816775642,9.));
#7161=CARTESIAN_POINT('Ctrl Pts',(58.3815382029229,-9.06571336721558,9.));
#7162=CARTESIAN_POINT('Ctrl Pts',(58.3755575340418,-9.06840676240495,9.));
#7163=CARTESIAN_POINT('Ctrl Pts',(58.3695642435395,-9.07110818670618,9.));
#7164=CARTESIAN_POINT('Ctrl Pts',(58.3664349329055,-9.07251869664047,9.));
#7165=CARTESIAN_POINT('Ctrl Pts',(58.3633021812941,-9.07393139551651,9.));
#7166=CARTESIAN_POINT('Ctrl Pts',(58.3601660392962,-9.07534625961657,9.));
#7167=CARTESIAN_POINT('Ctrl Pts',(58.358384868375,-9.07614983126421,9.));
#7168=CARTESIAN_POINT('Ctrl Pts',(58.3566026038274,-9.07695410134139,9.));
#7169=CARTESIAN_POINT('Ctrl Pts',(58.3548192549218,-9.07775906550297,9.));
#7170=CARTESIAN_POINT('Ctrl Pts',(58.353962694999,-9.07814569766337,9.));
#7171=CARTESIAN_POINT('Ctrl Pts',(58.3531058849176,-9.0785324899473,9.00000000000001));
#7172=CARTESIAN_POINT('Ctrl Pts',(58.3522488257045,-9.07891944187329,9.00000000000001));
#7173=CARTESIAN_POINT('Ctrl Pts',(58.3520584898271,-9.07900537623257,9.00000000000001));
#7174=CARTESIAN_POINT('Ctrl Pts',(58.3518681416626,-9.07909131846533,9.));
#7175=CARTESIAN_POINT('Ctrl Pts',(58.3516777812223,-9.0791772685663,9.));
#7176=CARTESIAN_POINT('Ctrl Pts',(58.351634142318,-9.07919697207309,9.));
#7177=CARTESIAN_POINT('Ctrl Pts',(58.3515896652005,-9.07921705417067,9.));
#7178=CARTESIAN_POINT('Ctrl Pts',(58.3515468696926,-9.07923637711301,9.));
#7179=CARTESIAN_POINT('Ctrl Pts',(58.3515468696926,-9.07923637711301,9.));
#7180=CARTESIAN_POINT('Ctrl Pts',(57.958614938922,-9.25665221853078,9.));
#7181=CARTESIAN_POINT('Ctrl Pts',(57.5541457182112,-9.44618163633641,9.));
#7182=CARTESIAN_POINT('Ctrl Pts',(57.1416988781741,-9.64213322622836,9.));
#7183=CARTESIAN_POINT('',(72.8328106573145,-8.39838834139408,-10.));
#7184=CARTESIAN_POINT('Origin',(71.,-9.19889136726879,-9.99999999999996));
#7185=CARTESIAN_POINT('Origin',(70.9999999999994,-9.19889136726657,9.00000000000135));
#7186=CARTESIAN_POINT('Origin',(64.5022748913579,-10.5856996789253,21.9999999999999));
#7187=CARTESIAN_POINT('Ctrl Pts',(70.9871356431163,11.2904764581381,9.));
#7188=CARTESIAN_POINT('Ctrl Pts',(70.9871356431161,11.2904764581389,15.6666666666672));
#7189=CARTESIAN_POINT('Ctrl Pts',(70.9871356431159,11.2904764581397,22.3333333333344));
#7190=CARTESIAN_POINT('Ctrl Pts',(70.9871356431156,11.2904764581404,29.0000000000016));
#7191=CARTESIAN_POINT('Ctrl Pts',(70.7960240666417,11.3460073922711,8.99999999999999));
#7192=CARTESIAN_POINT('Ctrl Pts',(70.7960240666415,11.3460073922719,15.6666666666672));
#7193=CARTESIAN_POINT('Ctrl Pts',(70.7960240666413,11.3460073922726,22.3333333333344));
#7194=CARTESIAN_POINT('Ctrl Pts',(70.7960240666411,11.3460073922734,29.0000000000016));
#7195=CARTESIAN_POINT('Ctrl Pts',(70.4485456329718,11.5746194743468,8.99999999999995));
#7196=CARTESIAN_POINT('Ctrl Pts',(70.4485456329716,11.5746194743476,15.6666666666671));
#7197=CARTESIAN_POINT('Ctrl Pts',(70.4485456329714,11.5746194743484,22.3333333333344));
#7198=CARTESIAN_POINT('Ctrl Pts',(70.4485456329712,11.5746194743492,29.0000000000015));
#7199=CARTESIAN_POINT('Ctrl Pts',(70.2892345485085,11.9588391046415,8.9999999999999));
#7200=CARTESIAN_POINT('Ctrl Pts',(70.2892345485083,11.9588391046423,15.6666666666671));
#7201=CARTESIAN_POINT('Ctrl Pts',(70.2892345485081,11.9588391046431,22.3333333333343));
#7202=CARTESIAN_POINT('Ctrl Pts',(70.2892345485079,11.9588391046439,29.0000000000015));
#7203=CARTESIAN_POINT('Ctrl Pts',(70.270570511818,12.1569778768258,8.99999999999988));
#7204=CARTESIAN_POINT('Ctrl Pts',(70.2705705118178,12.1569778768266,15.6666666666671));
#7205=CARTESIAN_POINT('Ctrl Pts',(70.2705705118176,12.1569778768274,22.3333333333343));
#7206=CARTESIAN_POINT('Ctrl Pts',(70.2705705118174,12.1569778768281,29.0000000000014));
#7207=CARTESIAN_POINT('Ctrl Pts',(70.9871356431163,11.2904764581381,9.));
#7208=CARTESIAN_POINT('Ctrl Pts',(70.7960240666417,11.3460073922711,8.99999999999999));
#7209=CARTESIAN_POINT('Ctrl Pts',(70.6222848498068,11.460313433309,8.99999999999997));
#7210=CARTESIAN_POINT('Ctrl Pts',(70.4955874702735,11.6135213614016,8.99999999999995));
#7211=CARTESIAN_POINT('Ctrl Pts',(70.3688900907402,11.7667292894942,8.99999999999993));
#7212=CARTESIAN_POINT('Ctrl Pts',(70.2892345485085,11.9588391046415,8.9999999999999));
#7213=CARTESIAN_POINT('Ctrl Pts',(70.270570511818,12.1569778768258,8.99999999999988));
#7214=CARTESIAN_POINT('Ctrl Pts',(67.475115213684,21.1741755672622,14.));
#7215=CARTESIAN_POINT('Ctrl Pts',(67.4751152136839,21.1741755672627,19.0000000000001));
#7216=CARTESIAN_POINT('Ctrl Pts',(67.4751152136837,21.1741755672633,24.0000000000002));
#7217=CARTESIAN_POINT('Ctrl Pts',(67.4751152136836,21.1741755672639,29.0000000000003));
#7218=CARTESIAN_POINT('Ctrl Pts',(67.3158476033568,21.4607099284054,14.));
#7219=CARTESIAN_POINT('Ctrl Pts',(67.3158476033567,21.460709928406,19.0000000000001));
#7220=CARTESIAN_POINT('Ctrl Pts',(67.3158476033565,21.4607099284066,24.0000000000002));
#7221=CARTESIAN_POINT('Ctrl Pts',(67.3158476033563,21.4607099284072,29.0000000000003));
#7222=CARTESIAN_POINT('Ctrl Pts',(67.1418602384534,22.1126077241355,13.9999999999999));
#7223=CARTESIAN_POINT('Ctrl Pts',(67.1418602384533,22.1126077241361,19.));
#7224=CARTESIAN_POINT('Ctrl Pts',(67.1418602384531,22.1126077241367,24.0000000000001));
#7225=CARTESIAN_POINT('Ctrl Pts',(67.1418602384529,22.1126077241372,29.0000000000002));
#7226=CARTESIAN_POINT('Ctrl Pts',(67.4107197169311,23.2655255045466,13.9999999999998));
#7227=CARTESIAN_POINT('Ctrl Pts',(67.410719716931,23.2655255045472,18.9999999999999));
#7228=CARTESIAN_POINT('Ctrl Pts',(67.4107197169308,23.2655255045478,24.));
#7229=CARTESIAN_POINT('Ctrl Pts',(67.4107197169307,23.2655255045484,29.0000000000001));
#7230=CARTESIAN_POINT('Ctrl Pts',(68.0634875696698,23.8478504173623,13.9999999999997));
#7231=CARTESIAN_POINT('Ctrl Pts',(68.0634875696696,23.8478504173629,18.9999999999998));
#7232=CARTESIAN_POINT('Ctrl Pts',(68.0634875696695,23.8478504173635,23.9999999999999));
#7233=CARTESIAN_POINT('Ctrl Pts',(68.0634875696693,23.8478504173641,29.));
#7234=CARTESIAN_POINT('Ctrl Pts',(68.5242113303596,24.0197133508875,13.9999999999997));
#7235=CARTESIAN_POINT('Ctrl Pts',(68.5242113303595,24.0197133508881,18.9999999999998));
#7236=CARTESIAN_POINT('Ctrl Pts',(68.5242113303593,24.0197133508887,23.9999999999999));
#7237=CARTESIAN_POINT('Ctrl Pts',(68.5242113303592,24.0197133508892,29.));
#7238=CARTESIAN_POINT('',(68.5242113343114,24.0197133402936,14.));
#7239=CARTESIAN_POINT('Ctrl Pts',(68.5242113303592,24.0197133508892,29.));
#7240=CARTESIAN_POINT('Ctrl Pts',(68.5242113303593,24.0197133508887,23.9999999999999));
#7241=CARTESIAN_POINT('Ctrl Pts',(68.5242113303595,24.0197133508881,18.9999999999998));
#7242=CARTESIAN_POINT('Ctrl Pts',(68.5242113303596,24.0197133508875,13.9999999999997));
#7243=CARTESIAN_POINT('Ctrl Pts',(67.475115213684,21.1741755672622,14.));
#7244=CARTESIAN_POINT('Ctrl Pts',(67.3158476033568,21.4607099284054,14.));
#7245=CARTESIAN_POINT('Ctrl Pts',(67.2288539209051,21.7866588262705,13.9999999999999));
#7246=CARTESIAN_POINT('Ctrl Pts',(67.2237655766046,22.1143358152617,13.9999999999999));
#7247=CARTESIAN_POINT('Ctrl Pts',(67.2186772323042,22.442012804253,13.9999999999999));
#7248=CARTESIAN_POINT('Ctrl Pts',(67.295494226155,22.7714178843704,13.9999999999998));
#7249=CARTESIAN_POINT('Ctrl Pts',(67.4460272789036,23.0622329184914,13.9999999999998));
#7250=CARTESIAN_POINT('Ctrl Pts',(67.6718268580266,23.4984554696729,13.9999999999997));
#7251=CARTESIAN_POINT('Ctrl Pts',(68.0634875696698,23.8478504173623,13.9999999999997));
#7252=CARTESIAN_POINT('Ctrl Pts',(68.5242113303596,24.0197133508875,13.9999999999997));
#7253=CARTESIAN_POINT('Ctrl Pts',(69.41194130162,24.3336923348158,-10.0040162252433));
#7254=CARTESIAN_POINT('Ctrl Pts',(69.4119413016188,24.3336923348205,30.0040162252433));
#7255=CARTESIAN_POINT('Ctrl Pts',(69.1131587031104,24.2334907799221,-10.0040162252433));
#7256=CARTESIAN_POINT('Ctrl Pts',(69.1131587031091,24.2334907799267,30.0040162252433));
#7257=CARTESIAN_POINT('Ctrl Pts',(68.8101426424247,24.1266072568622,-10.0040162252433));
#7258=CARTESIAN_POINT('Ctrl Pts',(68.8101426424234,24.1266072568668,30.0040162252433));
#7259=CARTESIAN_POINT('Ctrl Pts',(68.5070550432268,24.0133067764922,-10.0040162252433));
#7260=CARTESIAN_POINT('Ctrl Pts',(68.5070550432256,24.0133067764969,30.0040162252433));
#7261=CARTESIAN_POINT('Ctrl Pts',(67.7672247962256,23.7367427646378,-10.0040162252433));
#7262=CARTESIAN_POINT('Ctrl Pts',(67.7672247962243,23.7367427646424,30.0040162252433));
#7263=CARTESIAN_POINT('Ctrl Pts',(67.012704449802,23.4064738890925,-10.0040162252433));
#7264=CARTESIAN_POINT('Ctrl Pts',(67.0127044498008,23.4064738890971,30.0040162252433));
#7265=CARTESIAN_POINT('Ctrl Pts',(66.3117960465651,23.0492036042714,-10.0040162252433));
#7266=CARTESIAN_POINT('Ctrl Pts',(66.3117960465639,23.049203604276,30.0040162252433));
#7267=CARTESIAN_POINT('Ctrl Pts',(68.5242113343113,24.0197133402936,14.));
#7268=CARTESIAN_POINT('Ctrl Pts',(68.8215760325537,24.1306383344939,14.));
#7269=CARTESIAN_POINT('Ctrl Pts',(69.1187962728285,24.2353814296935,14.));
#7270=CARTESIAN_POINT('Ctrl Pts',(69.41194130162,24.3336923348158,14.));
#7271=CARTESIAN_POINT('Origin',(58.,-12.,-10.0000000000001));
#7272=CARTESIAN_POINT('Origin',(68.4106982382143,54.,-10.0000000000001));
#7273=CARTESIAN_POINT('',(70.400031756824,53.7937182709703,14.));
#7274=CARTESIAN_POINT('',(70.4000317568248,53.7937182709675,-10.));
#7275=CARTESIAN_POINT('Origin',(68.4106982382135,54.0000000000028,13.9999999999982));
#7276=CARTESIAN_POINT('Origin',(70.2963378678397,52.7937182709651,-10.));
#7277=CARTESIAN_POINT('',(70.2963378678397,52.7937182709651,14.));
#7278=CARTESIAN_POINT('',(70.2963378678397,52.7937182709651,-10.));
#7279=CARTESIAN_POINT('',(69.5084297591644,45.1953138096387,14.));
#7280=CARTESIAN_POINT('Origin',(90.3980717722854,52.7406502569056,-10.0000000000025));
#7281=CARTESIAN_POINT('Origin',(90.3980717722849,52.7406502569107,13.9999999999974));
#7282=CARTESIAN_POINT('Ctrl Pts',(70.2963378678397,52.7937182709651,-10.));
#7283=CARTESIAN_POINT('Ctrl Pts',(70.2963378678397,52.7937182709651,14.));
#7284=CARTESIAN_POINT('Ctrl Pts',(70.2793101596195,52.6295069718525,-10.));
#7285=CARTESIAN_POINT('Ctrl Pts',(70.2793101596195,52.6295069718525,14.));
#7286=CARTESIAN_POINT('Ctrl Pts',(70.227455920493,52.4148230203802,-10.));
#7287=CARTESIAN_POINT('Ctrl Pts',(70.227455920493,52.4148230203802,14.));
#7288=CARTESIAN_POINT('Ctrl Pts',(70.1621259332881,52.2526554286258,-10.));
#7289=CARTESIAN_POINT('Ctrl Pts',(70.1621259332881,52.2526554286258,14.));
#7290=CARTESIAN_POINT('Ctrl Pts',(70.094681152633,52.0852383186095,-10.));
#7291=CARTESIAN_POINT('Ctrl Pts',(70.094681152633,52.0852383186095,14.));
#7292=CARTESIAN_POINT('Ctrl Pts',(69.9907806212553,51.9076241037564,-10.));
#7293=CARTESIAN_POINT('Ctrl Pts',(69.9907806212553,51.9076241037564,14.));
#7294=CARTESIAN_POINT('Ctrl Pts',(69.8875385293235,51.7744749265887,-10.));
#7295=CARTESIAN_POINT('Ctrl Pts',(69.8875385293235,51.7744749265887,14.));
#7296=CARTESIAN_POINT('Ctrl Pts',(69.7158485005031,51.5530498698355,-10.));
#7297=CARTESIAN_POINT('Ctrl Pts',(69.7158485005031,51.5530498698355,14.));
#7298=CARTESIAN_POINT('Ctrl Pts',(69.5038885025154,51.3821316874889,-10.));
#7299=CARTESIAN_POINT('Ctrl Pts',(69.5038885025154,51.3821316874889,14.));
#7300=CARTESIAN_POINT('Ctrl Pts',(69.3104019938113,51.2699152717698,-10.));
#7301=CARTESIAN_POINT('Ctrl Pts',(69.3104019938113,51.2699152717698,14.));
#7302=CARTESIAN_POINT('Ctrl Pts',(69.1506163219411,51.1772443382735,-10.));
#7303=CARTESIAN_POINT('Ctrl Pts',(69.1506163219411,51.1772443382735,14.));
#7304=CARTESIAN_POINT('Ctrl Pts',(69.0133159287041,51.1220627113435,-10.));
#7305=CARTESIAN_POINT('Ctrl Pts',(69.0133159287041,51.1220627113435,14.));
#7306=CARTESIAN_POINT('Ctrl Pts',(68.8597753236018,51.0779062848288,-10.));
#7307=CARTESIAN_POINT('Ctrl Pts',(68.8597753236018,51.0779062848288,14.));
#7308=CARTESIAN_POINT('Ctrl Pts',(68.7413732348728,51.0438552718954,-10.));
#7309=CARTESIAN_POINT('Ctrl Pts',(68.7413732348728,51.0438552718954,14.));
#7310=CARTESIAN_POINT('Ctrl Pts',(68.642218513511,51.0246688412259,-10.));
#7311=CARTESIAN_POINT('Ctrl Pts',(68.642218513511,51.0246688412259,14.));
#7312=CARTESIAN_POINT('Ctrl Pts',(68.5233303156441,51.0117336505729,-10.));
#7313=CARTESIAN_POINT('Ctrl Pts',(68.5233303156441,51.0117336505729,14.));
#7314=CARTESIAN_POINT('Ctrl Pts',(68.4508894806621,51.0038519934499,-10.));
#7315=CARTESIAN_POINT('Ctrl Pts',(68.4508894806621,51.0038519934499,14.));
#7316=CARTESIAN_POINT('Ctrl Pts',(68.3828920558546,50.9999999999976,-10.));
#7317=CARTESIAN_POINT('Ctrl Pts',(68.3828920558546,50.9999999999976,14.));
#7318=CARTESIAN_POINT('Ctrl Pts',(68.3070043492292,50.9999999999976,-10.));
#7319=CARTESIAN_POINT('Ctrl Pts',(68.3070043492292,50.9999999999976,14.));
#7320=CARTESIAN_POINT('',(68.5233303157316,51.0117336505824,14.));
#7321=CARTESIAN_POINT('',(68.5233303156879,51.0117336505776,-10.));
#7322=CARTESIAN_POINT('',(68.3070043492292,50.9999999999976,-10.));
#7323=CARTESIAN_POINT('Ctrl Pts',(68.5233303156441,51.0117336505729,14.));
#7324=CARTESIAN_POINT('Ctrl Pts',(68.4508894806621,51.0038519934499,14.));
#7325=CARTESIAN_POINT('Ctrl Pts',(68.3828920558546,50.9999999999976,14.));
#7326=CARTESIAN_POINT('Ctrl Pts',(68.3070043492292,50.9999999999976,14.));
#7327=CARTESIAN_POINT('Ctrl Pts',(70.2963378678397,52.7937182709651,-10.));
#7328=CARTESIAN_POINT('Ctrl Pts',(70.2963378678397,52.7937182709651,14.));
#7329=CARTESIAN_POINT('Ctrl Pts',(70.2793101596195,52.6295069718525,-10.));
#7330=CARTESIAN_POINT('Ctrl Pts',(70.2793101596195,52.6295069718525,14.));
#7331=CARTESIAN_POINT('Ctrl Pts',(70.227455920493,52.4148230203802,-10.));
#7332=CARTESIAN_POINT('Ctrl Pts',(70.227455920493,52.4148230203802,14.));
#7333=CARTESIAN_POINT('Ctrl Pts',(70.1621259332881,52.2526554286258,-10.));
#7334=CARTESIAN_POINT('Ctrl Pts',(70.1621259332881,52.2526554286258,14.));
#7335=CARTESIAN_POINT('Ctrl Pts',(70.094681152633,52.0852383186095,-10.));
#7336=CARTESIAN_POINT('Ctrl Pts',(70.094681152633,52.0852383186095,14.));
#7337=CARTESIAN_POINT('Ctrl Pts',(69.9907806212553,51.9076241037564,-10.));
#7338=CARTESIAN_POINT('Ctrl Pts',(69.9907806212553,51.9076241037564,14.));
#7339=CARTESIAN_POINT('Ctrl Pts',(69.8875385293235,51.7744749265887,-10.));
#7340=CARTESIAN_POINT('Ctrl Pts',(69.8875385293235,51.7744749265887,14.));
#7341=CARTESIAN_POINT('Ctrl Pts',(69.7158485005031,51.5530498698355,-10.));
#7342=CARTESIAN_POINT('Ctrl Pts',(69.7158485005031,51.5530498698355,14.));
#7343=CARTESIAN_POINT('Ctrl Pts',(69.5038885025154,51.3821316874889,-10.));
#7344=CARTESIAN_POINT('Ctrl Pts',(69.5038885025154,51.3821316874889,14.));
#7345=CARTESIAN_POINT('Ctrl Pts',(69.3104019938113,51.2699152717698,-10.));
#7346=CARTESIAN_POINT('Ctrl Pts',(69.3104019938113,51.2699152717698,14.));
#7347=CARTESIAN_POINT('Ctrl Pts',(69.1506163219411,51.1772443382735,-10.));
#7348=CARTESIAN_POINT('Ctrl Pts',(69.1506163219411,51.1772443382735,14.));
#7349=CARTESIAN_POINT('Ctrl Pts',(69.0133159287041,51.1220627113435,-10.));
#7350=CARTESIAN_POINT('Ctrl Pts',(69.0133159287041,51.1220627113435,14.));
#7351=CARTESIAN_POINT('Ctrl Pts',(68.8597753236018,51.0779062848288,-10.));
#7352=CARTESIAN_POINT('Ctrl Pts',(68.8597753236018,51.0779062848288,14.));
#7353=CARTESIAN_POINT('Ctrl Pts',(68.7413732348728,51.0438552718954,-10.));
#7354=CARTESIAN_POINT('Ctrl Pts',(68.7413732348728,51.0438552718954,14.));
#7355=CARTESIAN_POINT('Ctrl Pts',(68.642218513511,51.0246688412259,-10.));
#7356=CARTESIAN_POINT('Ctrl Pts',(68.642218513511,51.0246688412259,14.));
#7357=CARTESIAN_POINT('Ctrl Pts',(68.5233303156441,51.0117336505729,-10.));
#7358=CARTESIAN_POINT('Ctrl Pts',(68.5233303156441,51.0117336505729,14.));
#7359=CARTESIAN_POINT('Ctrl Pts',(68.4508894806621,51.0038519934499,-10.));
#7360=CARTESIAN_POINT('Ctrl Pts',(68.4508894806621,51.0038519934499,14.));
#7361=CARTESIAN_POINT('Ctrl Pts',(68.3828920558546,50.9999999999976,-10.));
#7362=CARTESIAN_POINT('Ctrl Pts',(68.3828920558546,50.9999999999976,14.));
#7363=CARTESIAN_POINT('Ctrl Pts',(68.3070043492292,50.9999999999976,-10.));
#7364=CARTESIAN_POINT('Ctrl Pts',(68.3070043492292,50.9999999999976,14.));
#7365=CARTESIAN_POINT('',(68.8597753236084,51.0779062848307,14.));
#7366=CARTESIAN_POINT('',(68.8597753236051,51.0779062848298,-10.));
#7367=CARTESIAN_POINT('Ctrl Pts',(68.8597753236018,51.0779062848288,14.));
#7368=CARTESIAN_POINT('Ctrl Pts',(68.7413732348728,51.0438552718954,14.));
#7369=CARTESIAN_POINT('Ctrl Pts',(68.642218513511,51.0246688412259,14.));
#7370=CARTESIAN_POINT('Ctrl Pts',(68.5233303156441,51.0117336505729,14.));
#7371=CARTESIAN_POINT('Origin',(65.5906208194622,37.9214609376182,14.));
#7372=CARTESIAN_POINT('',(70.1621259332881,52.2526554286258,14.));
#7373=CARTESIAN_POINT('Ctrl Pts',(70.1621259332863,52.2526554286261,14.));
#7374=CARTESIAN_POINT('Ctrl Pts',(70.2274559204917,52.4148230203808,14.));
#7375=CARTESIAN_POINT('Ctrl Pts',(70.2793101596187,52.6295069718545,14.));
#7376=CARTESIAN_POINT('Ctrl Pts',(70.296337867839,52.7937182709679,14.));
#7377=CARTESIAN_POINT('',(69.8875385293235,51.7744749265887,14.));
#7378=CARTESIAN_POINT('Ctrl Pts',(69.8875385293227,51.7744749265915,14.));
#7379=CARTESIAN_POINT('Ctrl Pts',(69.990780621254,51.9076241037585,14.));
#7380=CARTESIAN_POINT('Ctrl Pts',(70.0946811526312,52.0852383186105,14.));
#7381=CARTESIAN_POINT('Ctrl Pts',(70.1621259332863,52.252655428626,14.));
#7382=CARTESIAN_POINT('',(69.3104019938113,51.2699152717698,14.));
#7383=CARTESIAN_POINT('Ctrl Pts',(69.3104019938105,51.2699152717725,14.));
#7384=CARTESIAN_POINT('Ctrl Pts',(69.5038885025146,51.3821316874916,14.));
#7385=CARTESIAN_POINT('Ctrl Pts',(69.7158485005023,51.5530498698383,14.));
#7386=CARTESIAN_POINT('Ctrl Pts',(69.8875385293227,51.7744749265915,14.));
#7387=CARTESIAN_POINT('Ctrl Pts',(69.3104019938113,51.2699152717698,14.));
#7388=CARTESIAN_POINT('Ctrl Pts',(69.1506163219411,51.1772443382735,14.));
#7389=CARTESIAN_POINT('Ctrl Pts',(69.0133159287041,51.1220627113435,14.));
#7390=CARTESIAN_POINT('Ctrl Pts',(68.8597753236018,51.0779062848288,14.));
#7391=CARTESIAN_POINT('Ctrl Pts',(58.181241639204,52.7216537980773,14.));
#7392=CARTESIAN_POINT('Ctrl Pts',(58.2789999903742,52.0260669860509,14.));
#7393=CARTESIAN_POINT('Ctrl Pts',(58.4662232831024,50.6353394942101,14.));
#7394=CARTESIAN_POINT('Ctrl Pts',(58.7221788049361,48.5505849610158,14.));
#7395=CARTESIAN_POINT('Ctrl Pts',(59.0230942582699,45.7827677111301,14.));
#7396=CARTESIAN_POINT('Ctrl Pts',(59.3856752992924,42.3932761225054,14.));
#7397=CARTESIAN_POINT('Ctrl Pts',(59.8046006953248,39.1357857197082,14.));
#7398=CARTESIAN_POINT('Ctrl Pts',(60.3518295898251,36.0647129165172,14.));
#7399=CARTESIAN_POINT('Ctrl Pts',(61.0890919114005,33.2106635351755,14.));
#7400=CARTESIAN_POINT('Ctrl Pts',(62.0473322934654,30.5505436193918,14.));
#7401=CARTESIAN_POINT('Ctrl Pts',(63.2319982918913,28.0200317477514,14.));
#7402=CARTESIAN_POINT('Ctrl Pts',(64.3570865713129,26.0393301149875,14.));
#7403=CARTESIAN_POINT('Ctrl Pts',(65.2973430308809,24.5494200834028,14.));
#7404=CARTESIAN_POINT('Ctrl Pts',(65.9665788988025,23.5502582694807,14.));
#7405=CARTESIAN_POINT('Ctrl Pts',(66.3117960465651,23.0492036042714,14.));
#7406=CARTESIAN_POINT('Ctrl Pts',(58.181241639204,52.7216537980773,-10.));
#7407=CARTESIAN_POINT('Ctrl Pts',(58.181241639204,52.7216537980773,14.));
#7408=CARTESIAN_POINT('Ctrl Pts',(58.2789999903742,52.0260669860509,-10.));
#7409=CARTESIAN_POINT('Ctrl Pts',(58.2789999903742,52.0260669860509,14.));
#7410=CARTESIAN_POINT('Ctrl Pts',(58.4662232831024,50.6353394942101,-10.));
#7411=CARTESIAN_POINT('Ctrl Pts',(58.4662232831024,50.6353394942101,14.));
#7412=CARTESIAN_POINT('Ctrl Pts',(58.7221788049361,48.5505849610158,-10.));
#7413=CARTESIAN_POINT('Ctrl Pts',(58.7221788049361,48.5505849610158,14.));
#7414=CARTESIAN_POINT('Ctrl Pts',(59.0230942582699,45.7827677111301,-10.));
#7415=CARTESIAN_POINT('Ctrl Pts',(59.0230942582699,45.7827677111301,14.));
#7416=CARTESIAN_POINT('Ctrl Pts',(59.3856752992924,42.3932761225054,-10.));
#7417=CARTESIAN_POINT('Ctrl Pts',(59.3856752992924,42.3932761225054,14.));
#7418=CARTESIAN_POINT('Ctrl Pts',(59.8046006953248,39.1357857197082,-10.));
#7419=CARTESIAN_POINT('Ctrl Pts',(59.8046006953248,39.1357857197082,14.));
#7420=CARTESIAN_POINT('Ctrl Pts',(60.3518295898251,36.0647129165172,-10.));
#7421=CARTESIAN_POINT('Ctrl Pts',(60.3518295898251,36.0647129165172,14.));
#7422=CARTESIAN_POINT('Ctrl Pts',(61.0890919114005,33.2106635351755,-10.));
#7423=CARTESIAN_POINT('Ctrl Pts',(61.0890919114005,33.2106635351755,14.));
#7424=CARTESIAN_POINT('Ctrl Pts',(62.0473322934654,30.5505436193918,-10.));
#7425=CARTESIAN_POINT('Ctrl Pts',(62.0473322934654,30.5505436193918,14.));
#7426=CARTESIAN_POINT('Ctrl Pts',(63.2319982918913,28.0200317477514,-10.));
#7427=CARTESIAN_POINT('Ctrl Pts',(63.2319982918913,28.0200317477514,14.));
#7428=CARTESIAN_POINT('Ctrl Pts',(64.3570865713129,26.0393301149875,-10.));
#7429=CARTESIAN_POINT('Ctrl Pts',(64.3570865713129,26.0393301149875,14.));
#7430=CARTESIAN_POINT('Ctrl Pts',(65.2973430308809,24.5494200834028,-10.));
#7431=CARTESIAN_POINT('Ctrl Pts',(65.2973430308809,24.5494200834028,14.));
#7432=CARTESIAN_POINT('Ctrl Pts',(65.9665788988025,23.5502582694807,-10.));
#7433=CARTESIAN_POINT('Ctrl Pts',(65.9665788988025,23.5502582694807,14.));
#7434=CARTESIAN_POINT('Ctrl Pts',(66.3117960465651,23.0492036042714,-10.));
#7435=CARTESIAN_POINT('Ctrl Pts',(66.3117960465651,23.0492036042714,14.));
#7436=CARTESIAN_POINT('Ctrl Pts',(70.2963378678397,52.7937182709651,-10.));
#7437=CARTESIAN_POINT('Ctrl Pts',(70.2963378678397,52.7937182709651,14.));
#7438=CARTESIAN_POINT('Ctrl Pts',(70.2793101596195,52.6295069718525,-10.));
#7439=CARTESIAN_POINT('Ctrl Pts',(70.2793101596195,52.6295069718525,14.));
#7440=CARTESIAN_POINT('Ctrl Pts',(70.227455920493,52.4148230203802,-10.));
#7441=CARTESIAN_POINT('Ctrl Pts',(70.227455920493,52.4148230203802,14.));
#7442=CARTESIAN_POINT('Ctrl Pts',(70.1621259332881,52.2526554286258,-10.));
#7443=CARTESIAN_POINT('Ctrl Pts',(70.1621259332881,52.2526554286258,14.));
#7444=CARTESIAN_POINT('Ctrl Pts',(70.094681152633,52.0852383186095,-10.));
#7445=CARTESIAN_POINT('Ctrl Pts',(70.094681152633,52.0852383186095,14.));
#7446=CARTESIAN_POINT('Ctrl Pts',(69.9907806212553,51.9076241037564,-10.));
#7447=CARTESIAN_POINT('Ctrl Pts',(69.9907806212553,51.9076241037564,14.));
#7448=CARTESIAN_POINT('Ctrl Pts',(69.8875385293235,51.7744749265887,-10.));
#7449=CARTESIAN_POINT('Ctrl Pts',(69.8875385293235,51.7744749265887,14.));
#7450=CARTESIAN_POINT('Ctrl Pts',(69.7158485005031,51.5530498698355,-10.));
#7451=CARTESIAN_POINT('Ctrl Pts',(69.7158485005031,51.5530498698355,14.));
#7452=CARTESIAN_POINT('Ctrl Pts',(69.5038885025154,51.3821316874889,-10.));
#7453=CARTESIAN_POINT('Ctrl Pts',(69.5038885025154,51.3821316874889,14.));
#7454=CARTESIAN_POINT('Ctrl Pts',(69.3104019938113,51.2699152717698,-10.));
#7455=CARTESIAN_POINT('Ctrl Pts',(69.3104019938113,51.2699152717698,14.));
#7456=CARTESIAN_POINT('Ctrl Pts',(69.1506163219411,51.1772443382735,-10.));
#7457=CARTESIAN_POINT('Ctrl Pts',(69.1506163219411,51.1772443382735,14.));
#7458=CARTESIAN_POINT('Ctrl Pts',(69.0133159287041,51.1220627113435,-10.));
#7459=CARTESIAN_POINT('Ctrl Pts',(69.0133159287041,51.1220627113435,14.));
#7460=CARTESIAN_POINT('Ctrl Pts',(68.8597753236018,51.0779062848288,-10.));
#7461=CARTESIAN_POINT('Ctrl Pts',(68.8597753236018,51.0779062848288,14.));
#7462=CARTESIAN_POINT('Ctrl Pts',(68.7413732348728,51.0438552718954,-10.));
#7463=CARTESIAN_POINT('Ctrl Pts',(68.7413732348728,51.0438552718954,14.));
#7464=CARTESIAN_POINT('Ctrl Pts',(68.642218513511,51.0246688412259,-10.));
#7465=CARTESIAN_POINT('Ctrl Pts',(68.642218513511,51.0246688412259,14.));
#7466=CARTESIAN_POINT('Ctrl Pts',(68.5233303156441,51.0117336505729,-10.));
#7467=CARTESIAN_POINT('Ctrl Pts',(68.5233303156441,51.0117336505729,14.));
#7468=CARTESIAN_POINT('Ctrl Pts',(68.4508894806621,51.0038519934499,-10.));
#7469=CARTESIAN_POINT('Ctrl Pts',(68.4508894806621,51.0038519934499,14.));
#7470=CARTESIAN_POINT('Ctrl Pts',(68.3828920558546,50.9999999999976,-10.));
#7471=CARTESIAN_POINT('Ctrl Pts',(68.3828920558546,50.9999999999976,14.));
#7472=CARTESIAN_POINT('Ctrl Pts',(68.3070043492292,50.9999999999976,-10.));
#7473=CARTESIAN_POINT('Ctrl Pts',(68.3070043492292,50.9999999999976,14.));
#7474=CARTESIAN_POINT('',(69.3104019938118,51.26991527177,-10.));
#7475=CARTESIAN_POINT('Ctrl Pts',(68.3070043492292,50.9999999999976,-10.0041293649976));
#7476=CARTESIAN_POINT('Ctrl Pts',(68.307004349228,51.0000000000022,30.0041293649976));
#7477=CARTESIAN_POINT('Ctrl Pts',(68.3828920558546,50.9999999999976,-10.0041293649976));
#7478=CARTESIAN_POINT('Ctrl Pts',(68.3828920558534,51.0000000000022,30.0041293649976));
#7479=CARTESIAN_POINT('Ctrl Pts',(68.4508894806621,51.0038519934499,-10.0041293649976));
#7480=CARTESIAN_POINT('Ctrl Pts',(68.4508894806608,51.0038519934545,30.0041293649976));
#7481=CARTESIAN_POINT('Ctrl Pts',(68.5233303156441,51.0117336505729,-10.0041293649976));
#7482=CARTESIAN_POINT('Ctrl Pts',(68.5233303156429,51.0117336505775,30.0041293649976));
#7483=CARTESIAN_POINT('Ctrl Pts',(68.642218513511,51.0246688412259,-10.0041293649976));
#7484=CARTESIAN_POINT('Ctrl Pts',(68.6422185135098,51.0246688412306,30.0041293649976));
#7485=CARTESIAN_POINT('Ctrl Pts',(68.7413732348728,51.0438552718954,-10.0041293649976));
#7486=CARTESIAN_POINT('Ctrl Pts',(68.7413732348715,51.0438552719001,30.0041293649976));
#7487=CARTESIAN_POINT('Ctrl Pts',(68.8597753236018,51.0779062848288,-10.0041293649976));
#7488=CARTESIAN_POINT('Ctrl Pts',(68.8597753236006,51.0779062848335,30.0041293649976));
#7489=CARTESIAN_POINT('Ctrl Pts',(69.0133159287041,51.1220627113435,-10.0041293649976));
#7490=CARTESIAN_POINT('Ctrl Pts',(69.0133159287029,51.1220627113482,30.0041293649976));
#7491=CARTESIAN_POINT('Ctrl Pts',(69.1506163219411,51.1772443382735,-10.0041293649976));
#7492=CARTESIAN_POINT('Ctrl Pts',(69.1506163219399,51.1772443382782,30.0041293649976));
#7493=CARTESIAN_POINT('Ctrl Pts',(69.3104019938113,51.2699152717698,-10.0041293649976));
#7494=CARTESIAN_POINT('Ctrl Pts',(69.3104019938101,51.2699152717744,30.0041293649976));
#7495=CARTESIAN_POINT('Ctrl Pts',(69.5038885025154,51.3821316874889,-10.0041293649976));
#7496=CARTESIAN_POINT('Ctrl Pts',(69.5038885025141,51.3821316874935,30.0041293649976));
#7497=CARTESIAN_POINT('Ctrl Pts',(69.7158485005031,51.5530498698355,-10.0041293649976));
#7498=CARTESIAN_POINT('Ctrl Pts',(69.7158485005018,51.5530498698402,30.0041293649976));
#7499=CARTESIAN_POINT('Ctrl Pts',(69.8875385293235,51.7744749265887,-10.0041293649976));
#7500=CARTESIAN_POINT('Ctrl Pts',(69.8875385293222,51.7744749265934,30.0041293649976));
#7501=CARTESIAN_POINT('Ctrl Pts',(69.9907806212553,51.9076241037564,-10.0041293649976));
#7502=CARTESIAN_POINT('Ctrl Pts',(69.9907806212541,51.907624103761,30.0041293649976));
#7503=CARTESIAN_POINT('Ctrl Pts',(70.094681152633,52.0852383186095,-10.0041293649976));
#7504=CARTESIAN_POINT('Ctrl Pts',(70.0946811526317,52.0852383186142,30.0041293649976));
#7505=CARTESIAN_POINT('Ctrl Pts',(70.1621259332881,52.2526554286258,-10.0041293649976));
#7506=CARTESIAN_POINT('Ctrl Pts',(70.1621259332869,52.2526554286304,30.0041293649976));
#7507=CARTESIAN_POINT('Ctrl Pts',(70.227455920493,52.4148230203802,-10.0041293649976));
#7508=CARTESIAN_POINT('Ctrl Pts',(70.2274559204918,52.4148230203849,30.0041293649976));
#7509=CARTESIAN_POINT('Ctrl Pts',(70.2793101596195,52.6295069718525,-10.0041293649976));
#7510=CARTESIAN_POINT('Ctrl Pts',(70.2793101596183,52.6295069718572,30.0041293649976));
#7511=CARTESIAN_POINT('Ctrl Pts',(70.2963378678397,52.7937182709651,-10.0041293649976));
#7512=CARTESIAN_POINT('Ctrl Pts',(70.2963378678385,52.7937182709697,30.0041293649976));
#7513=CARTESIAN_POINT('',(68.5233303156879,51.0117336505776,-10.));
#7514=CARTESIAN_POINT('',(68.8597753236051,51.0779062848298,-10.));
#7515=CARTESIAN_POINT('Origin',(64.5,0.641208075236004,9.));
#7516=UNCERTAINTY_MEASURE_WITH_UNIT(LENGTH_MEASURE(0.01),#7520,
'DISTANCE_ACCURACY_VALUE',
'Maximum model space distance between geometric entities at asserted c
onnectivities');
#7517=UNCERTAINTY_MEASURE_WITH_UNIT(LENGTH_MEASURE(0.01),#7520,
'DISTANCE_ACCURACY_VALUE',
'Maximum model space distance between geometric entities at asserted c
onnectivities');
#7518=(
GEOMETRIC_REPRESENTATION_CONTEXT(3)
GLOBAL_UNCERTAINTY_ASSIGNED_CONTEXT((#7516))
GLOBAL_UNIT_ASSIGNED_CONTEXT((#7520,#7522,#7523))
REPRESENTATION_CONTEXT('','3D')
);
#7519=(
GEOMETRIC_REPRESENTATION_CONTEXT(3)
GLOBAL_UNCERTAINTY_ASSIGNED_CONTEXT((#7517))
GLOBAL_UNIT_ASSIGNED_CONTEXT((#7520,#7522,#7523))
REPRESENTATION_CONTEXT('','3D')
);
#7520=(
LENGTH_UNIT()
NAMED_UNIT(*)
SI_UNIT(.MILLI.,.METRE.)
);
#7521=(
LENGTH_UNIT()
NAMED_UNIT(*)
SI_UNIT($,.METRE.)
);
#7522=(
NAMED_UNIT(*)
PLANE_ANGLE_UNIT()
SI_UNIT($,.RADIAN.)
);
#7523=(
NAMED_UNIT(*)
SI_UNIT($,.STERADIAN.)
SOLID_ANGLE_UNIT()
);
#7524=SHAPE_DEFINITION_REPRESENTATION(#7525,#7526);
#7525=PRODUCT_DEFINITION_SHAPE('',$,#7528);
#7526=SHAPE_REPRESENTATION('',(#2102),#7518);
#7527=PRODUCT_DEFINITION_CONTEXT('part definition',#7532,'design');
#7528=PRODUCT_DEFINITION('Base_addon1','Base_addon1',#7529,#7527);
#7529=PRODUCT_DEFINITION_FORMATION('',$,#7534);
#7530=PRODUCT_RELATED_PRODUCT_CATEGORY('Base_addon1','Base_addon1',(#7534));
#7531=APPLICATION_PROTOCOL_DEFINITION('international standard',
'automotive_design',2009,#7532);
#7532=APPLICATION_CONTEXT(
'Core Data for Automotive Mechanical Design Process');
#7533=PRODUCT_CONTEXT('part definition',#7532,'mechanical');
#7534=PRODUCT('Base_addon1','Base_addon1',$,(#7533));
#7535=PRESENTATION_STYLE_ASSIGNMENT((#7536));
#7536=SURFACE_STYLE_USAGE(.BOTH.,#7537);
#7537=SURFACE_SIDE_STYLE('',(#7538));
#7538=SURFACE_STYLE_FILL_AREA(#7539);
#7539=FILL_AREA_STYLE('Steel - Satin',(#7540));
#7540=FILL_AREA_STYLE_COLOUR('Steel - Satin',#7541);
#7541=COLOUR_RGB('Steel - Satin',0.627450980392157,0.627450980392157,0.627450980392157);
ENDSEC;
END-ISO-10303-21;
