ISO-10303-21;
HEADER;
/* Generated by software containing ST-Developer
 * from STEP Tools, Inc. (www.steptools.com) 
 */

FILE_DESCRIPTION(
/* description */ (''),
/* implementation_level */ '2;1');

FILE_NAME(
/* name */ 'base.step',
/* time_stamp */ '2025-11-07T15:05:25+08:00',
/* author */ (''),
/* organization */ (''),
/* preprocessor_version */ 'ST-DEVELOPER v20.1',
/* originating_system */ 'Autodesk Translation Framework v14.17.0.0',
/* authorisation */ '');

FILE_SCHEMA (('AUTOMOTIVE_DESIGN { 1 0 10303 214 3 1 1 }'));
ENDSEC;

DATA;
#10=MECHANICAL_DESIGN_GEOMETRIC_PRESENTATION_REPRESENTATION('',(#13),#5055);
#11=SHAPE_REPRESENTATION_RELATIONSHIP('SRR','None',#5062,#12);
#12=ADVANCED_BREP_SHAPE_REPRESENTATION('',(#14),#5054);
#13=STYLED_ITEM('',(#5071),#14);
#14=MANIFOLD_SOLID_BREP('Body1',#2750);
#15=B_SPLINE_SURFACE_WITH_KNOTS('',3,3,((#4815,#4816,#4817,#4818),(#4819,
#4820,#4821,#4822),(#4823,#4824,#4825,#4826),(#4827,#4828,#4829,#4830),
(#4831,#4832,#4833,#4834)),.UNSPECIFIED.,.F.,.F.,.F.,(4,1,4),(4,4),(0.,
0.571428571428571,1.),(1.8,2.),.UNSPECIFIED.);
#16=B_SPLINE_SURFACE_WITH_KNOTS('',3,3,((#4849,#4850,#4851,#4852),(#4853,
#4854,#4855,#4856),(#4857,#4858,#4859,#4860),(#4861,#4862,#4863,#4864),
(#4865,#4866,#4867,#4868)),.UNSPECIFIED.,.F.,.F.,.F.,(4,1,4),(4,4),(0.,
0.571428571428571,1.),(-2.,-1.8),.UNSPECIFIED.);
#17=B_SPLINE_SURFACE_WITH_KNOTS('',3,1,((#4924,#4925),(#4926,#4927),(#4928,
#4929),(#4930,#4931),(#4932,#4933),(#4934,#4935),(#4936,#4937),(#4938,#4939),
(#4940,#4941),(#4942,#4943),(#4944,#4945),(#4946,#4947),(#4948,#4949)),
 .UNSPECIFIED.,.F.,.F.,.F.,(4,2,2,2,3,4),(2,2),(-0.909249652479392,-0.833309359100151,
-0.75736906572091,-0.682077537903636,-0.626763840751169,-0.617096842417353),
(-2.,2.),.UNSPECIFIED.);
#18=B_SPLINE_SURFACE_WITH_KNOTS('',3,1,((#4954,#4955),(#4956,#4957),(#4958,
#4959),(#4960,#4961),(#4962,#4963),(#4964,#4965)),.UNSPECIFIED.,.F.,.F.,
 .F.,(4,2,4),(2,2),(-0.412827010442682,-0.412742632341157,-0.322053893822063),
(-2.,2.),.UNSPECIFIED.);
#19=B_SPLINE_SURFACE_WITH_KNOTS('',3,1,((#4967,#4968),(#4969,#4970),(#4971,
#4972),(#4973,#4974),(#4975,#4976),(#4977,#4978),(#4979,#4980),(#4981,#4982),
(#4983,#4984),(#4985,#4986),(#4987,#4988)),.UNSPECIFIED.,.F.,.F.,.F.,(4,
3,2,2,4),(2,2),(-0.644686048931473,-0.636020989528265,-0.578675526021595,
-0.503431370860251,-0.412827010442684),(-2.,1.8),.UNSPECIFIED.);
#20=B_SPLINE_SURFACE_WITH_KNOTS('',3,1,((#4991,#4992),(#4993,#4994),(#4995,
#4996),(#4997,#4998),(#4999,#5000),(#5001,#5002),(#5003,#5004),(#5005,#5006),
(#5007,#5008),(#5009,#5010),(#5011,#5012),(#5013,#5014),(#5015,#5016)),
 .UNSPECIFIED.,.F.,.F.,.F.,(4,2,2,2,3,4),(2,2),(-0.98577146634626,-0.895082727827166,
-0.804393989308071,-0.729149834146728,-0.67180437064006,-0.663139311237456),
(-2.,2.),.UNSPECIFIED.);
#21=B_SPLINE_SURFACE_WITH_KNOTS('',3,1,((#5020,#5021),(#5022,#5023),(#5024,
#5025),(#5026,#5027),(#5028,#5029),(#5030,#5031),(#5032,#5033),(#5034,#5035),
(#5036,#5037),(#5038,#5039),(#5040,#5041),(#5042,#5043),(#5044,#5045)),
 .UNSPECIFIED.,.F.,.F.,.F.,(4,3,2,2,2,4),(2,2),(-0.596475177753499,-0.586808179421563,
-0.531494482269088,-0.456202954451814,-0.380262661072573,-0.304322367693331),
(-2.,2.),.UNSPECIFIED.);
#22=TOROIDAL_SURFACE('',#3042,24.5455591308681,2.);
#23=TOROIDAL_SURFACE('',#3048,24.5455591308681,2.);
#24=CYLINDRICAL_SURFACE('',#2813,3.00000000000001);
#25=CYLINDRICAL_SURFACE('',#2815,3.5);
#26=CYLINDRICAL_SURFACE('',#2818,3.5);
#27=CYLINDRICAL_SURFACE('',#2821,3.5);
#28=CYLINDRICAL_SURFACE('',#2824,3.5);
#29=CYLINDRICAL_SURFACE('',#2827,3.00000000000001);
#30=CYLINDRICAL_SURFACE('',#2829,3.5);
#31=CYLINDRICAL_SURFACE('',#2832,3.5);
#32=CYLINDRICAL_SURFACE('',#2835,3.5);
#33=CYLINDRICAL_SURFACE('',#2838,3.5);
#34=CYLINDRICAL_SURFACE('',#2841,3.5);
#35=CYLINDRICAL_SURFACE('',#2844,3.5);
#36=CYLINDRICAL_SURFACE('',#2847,3.5);
#37=CYLINDRICAL_SURFACE('',#2850,3.5);
#38=CYLINDRICAL_SURFACE('',#2853,3.00000000000001);
#39=CYLINDRICAL_SURFACE('',#2857,3.5);
#40=CYLINDRICAL_SURFACE('',#2860,3.5);
#41=CYLINDRICAL_SURFACE('',#2863,3.00000000000001);
#42=CYLINDRICAL_SURFACE('',#2865,3.5);
#43=CYLINDRICAL_SURFACE('',#2868,3.5);
#44=CYLINDRICAL_SURFACE('',#2871,3.5);
#45=CYLINDRICAL_SURFACE('',#2874,3.5);
#46=CYLINDRICAL_SURFACE('',#2877,3.5);
#47=CYLINDRICAL_SURFACE('',#2882,3.5);
#48=CYLINDRICAL_SURFACE('',#2887,1.5);
#49=CYLINDRICAL_SURFACE('',#2890,1.5);
#50=CYLINDRICAL_SURFACE('',#2893,1.5);
#51=CYLINDRICAL_SURFACE('',#2896,1.5);
#52=CYLINDRICAL_SURFACE('',#2899,1.5);
#53=CYLINDRICAL_SURFACE('',#2902,1.5);
#54=CYLINDRICAL_SURFACE('',#2905,1.5);
#55=CYLINDRICAL_SURFACE('',#2908,1.5);
#56=CYLINDRICAL_SURFACE('',#2911,1.5);
#57=CYLINDRICAL_SURFACE('',#2914,1.5);
#58=CYLINDRICAL_SURFACE('',#2917,1.5);
#59=CYLINDRICAL_SURFACE('',#2920,1.5);
#60=CYLINDRICAL_SURFACE('',#2923,1.5);
#61=CYLINDRICAL_SURFACE('',#2926,1.5);
#62=CYLINDRICAL_SURFACE('',#2929,1.5);
#63=CYLINDRICAL_SURFACE('',#2932,1.5);
#64=CYLINDRICAL_SURFACE('',#2935,1.5);
#65=CYLINDRICAL_SURFACE('',#2938,1.5);
#66=CYLINDRICAL_SURFACE('',#2941,1.5);
#67=CYLINDRICAL_SURFACE('',#2944,1.5);
#68=CYLINDRICAL_SURFACE('',#2945,7.);
#69=CYLINDRICAL_SURFACE('',#2948,7.);
#70=CYLINDRICAL_SURFACE('',#2950,7.);
#71=CYLINDRICAL_SURFACE('',#2959,7.);
#72=CYLINDRICAL_SURFACE('',#2960,2.);
#73=CYLINDRICAL_SURFACE('',#2962,2.);
#74=CYLINDRICAL_SURFACE('',#2967,2.);
#75=CYLINDRICAL_SURFACE('',#2971,2.);
#76=CYLINDRICAL_SURFACE('',#2974,1.);
#77=CYLINDRICAL_SURFACE('',#2981,22.5455591308681);
#78=CYLINDRICAL_SURFACE('',#2982,1.);
#79=CYLINDRICAL_SURFACE('',#2984,22.5455591308681);
#80=CYLINDRICAL_SURFACE('',#2986,1.);
#81=CYLINDRICAL_SURFACE('',#2994,1.);
#82=CYLINDRICAL_SURFACE('',#3003,1.);
#83=CYLINDRICAL_SURFACE('',#3005,2.);
#84=CYLINDRICAL_SURFACE('',#3035,1.);
#85=CYLINDRICAL_SURFACE('',#3037,1.);
#86=CYLINDRICAL_SURFACE('',#3038,2.);
#87=CYLINDRICAL_SURFACE('',#3039,1.);
#88=CYLINDRICAL_SURFACE('',#3058,2.);
#89=CYLINDRICAL_SURFACE('',#3060,2.);
#90=CYLINDRICAL_SURFACE('',#3061,1.5);
#91=CYLINDRICAL_SURFACE('',#3063,1.00000000000001);
#92=CYLINDRICAL_SURFACE('',#3064,1.00000000000005);
#93=CYLINDRICAL_SURFACE('',#3066,4.00000000000001);
#94=CYLINDRICAL_SURFACE('',#3067,1.49999999999999);
#95=CYLINDRICAL_SURFACE('',#3069,1.00000000000005);
#96=CYLINDRICAL_SURFACE('',#3070,0.999999999999985);
#97=CYLINDRICAL_SURFACE('',#3072,3.99999999999999);
#98=CYLINDRICAL_SURFACE('',#3073,1.49999999999999);
#99=CYLINDRICAL_SURFACE('',#3074,1.5);
#100=CYLINDRICAL_SURFACE('',#3075,0.999999999999996);
#101=CYLINDRICAL_SURFACE('',#3076,0.999999999999996);
#102=CYLINDRICAL_SURFACE('',#3077,4.);
#103=CYLINDRICAL_SURFACE('',#3080,4.);
#104=CYLINDRICAL_SURFACE('',#3081,22.5455591308681);
#105=CYLINDRICAL_SURFACE('',#3082,22.5455591308681);
#106=CYLINDRICAL_SURFACE('',#3083,22.5455591308681);
#107=CYLINDRICAL_SURFACE('',#3084,22.5455591308681);
#108=CYLINDRICAL_SURFACE('',#3085,0.999999999999996);
#109=CYLINDRICAL_SURFACE('',#3086,0.999999999999996);
#110=FACE_BOUND('',#378,.T.);
#111=FACE_BOUND('',#379,.T.);
#112=FACE_BOUND('',#380,.T.);
#113=FACE_BOUND('',#381,.T.);
#114=FACE_BOUND('',#382,.T.);
#115=FACE_BOUND('',#383,.T.);
#116=FACE_BOUND('',#384,.T.);
#117=FACE_BOUND('',#385,.T.);
#118=FACE_BOUND('',#386,.T.);
#119=FACE_BOUND('',#387,.T.);
#120=FACE_BOUND('',#388,.T.);
#121=FACE_BOUND('',#389,.T.);
#122=FACE_BOUND('',#390,.T.);
#123=FACE_BOUND('',#391,.T.);
#124=FACE_BOUND('',#392,.T.);
#125=FACE_BOUND('',#393,.T.);
#126=FACE_BOUND('',#394,.T.);
#127=FACE_BOUND('',#395,.T.);
#128=FACE_BOUND('',#396,.T.);
#129=FACE_BOUND('',#397,.T.);
#130=FACE_BOUND('',#398,.T.);
#131=FACE_BOUND('',#399,.T.);
#132=FACE_BOUND('',#400,.T.);
#133=FACE_BOUND('',#401,.T.);
#134=FACE_BOUND('',#402,.T.);
#135=FACE_BOUND('',#435,.T.);
#136=FACE_BOUND('',#438,.T.);
#137=FACE_BOUND('',#441,.T.);
#138=FACE_BOUND('',#444,.T.);
#139=FACE_BOUND('',#447,.T.);
#140=FACE_BOUND('',#450,.T.);
#141=FACE_BOUND('',#453,.T.);
#142=FACE_BOUND('',#456,.T.);
#143=FACE_BOUND('',#459,.T.);
#144=FACE_BOUND('',#462,.T.);
#145=FACE_BOUND('',#465,.T.);
#146=FACE_BOUND('',#468,.T.);
#147=FACE_BOUND('',#471,.T.);
#148=FACE_BOUND('',#474,.T.);
#149=FACE_BOUND('',#477,.T.);
#150=FACE_BOUND('',#480,.T.);
#151=FACE_BOUND('',#483,.T.);
#152=FACE_BOUND('',#486,.T.);
#153=FACE_BOUND('',#489,.T.);
#154=FACE_BOUND('',#492,.T.);
#155=FACE_BOUND('',#500,.T.);
#156=FACE_BOUND('',#501,.T.);
#157=FACE_BOUND('',#502,.T.);
#158=FACE_BOUND('',#503,.T.);
#159=FACE_BOUND('',#504,.T.);
#160=FACE_BOUND('',#505,.T.);
#161=FACE_BOUND('',#506,.T.);
#162=FACE_BOUND('',#507,.T.);
#163=FACE_BOUND('',#508,.T.);
#164=FACE_BOUND('',#509,.T.);
#165=FACE_BOUND('',#510,.T.);
#166=FACE_BOUND('',#511,.T.);
#167=FACE_BOUND('',#512,.T.);
#168=FACE_BOUND('',#513,.T.);
#169=FACE_BOUND('',#514,.T.);
#170=FACE_BOUND('',#515,.T.);
#171=FACE_BOUND('',#516,.T.);
#172=FACE_BOUND('',#517,.T.);
#173=FACE_BOUND('',#518,.T.);
#174=FACE_BOUND('',#519,.T.);
#175=FACE_BOUND('',#520,.T.);
#176=FACE_BOUND('',#521,.T.);
#177=FACE_BOUND('',#522,.T.);
#178=FACE_BOUND('',#523,.T.);
#179=FACE_BOUND('',#524,.T.);
#180=FACE_BOUND('',#525,.T.);
#181=FACE_BOUND('',#538,.T.);
#182=FACE_BOUND('',#544,.T.);
#183=FACE_BOUND('',#548,.T.);
#184=FACE_BOUND('',#549,.T.);
#185=FACE_BOUND('',#553,.T.);
#186=FACE_BOUND('',#554,.T.);
#187=FACE_BOUND('',#555,.T.);
#188=FACE_BOUND('',#556,.T.);
#189=FACE_BOUND('',#557,.T.);
#190=FACE_BOUND('',#558,.T.);
#191=FACE_BOUND('',#559,.T.);
#192=FACE_BOUND('',#560,.T.);
#193=FACE_BOUND('',#561,.T.);
#194=FACE_BOUND('',#562,.T.);
#195=FACE_BOUND('',#572,.T.);
#196=FACE_BOUND('',#575,.T.);
#197=B_SPLINE_CURVE_WITH_KNOTS('',3,(#3934,#3935,#3936,#3937,#3938,#3939,
#3940,#3941,#3942,#3943,#3944,#3945,#3946),.UNSPECIFIED.,.F.,.F.,(4,3,2,
2,2,4),(0.663139311237456,0.67180437064006,0.729149834146728,0.804393989308071,
0.895082727827166,0.98577146634626),.UNSPECIFIED.);
#198=B_SPLINE_CURVE_WITH_KNOTS('',3,(#3950,#3951,#3952,#3953,#3954,#3955,
#3956,#3957,#3958,#3959,#3960,#3961,#3962),.UNSPECIFIED.,.F.,.F.,(4,2,2,
2,3,4),(0.304322367693331,0.380262661072573,0.456202954451814,0.531494482269088,
0.586808179421563,0.596475177753499),.UNSPECIFIED.);
#199=B_SPLINE_CURVE_WITH_KNOTS('',3,(#3966,#3967,#3968,#3969,#3970,#3971,
#3972,#3973,#3974,#3975,#3976,#3977,#3978),.UNSPECIFIED.,.F.,.F.,(4,3,2,
2,2,4),(0.617096842417353,0.626763840751169,0.682077537903636,0.75736906572091,
0.833309359100151,0.909249652479392),.UNSPECIFIED.);
#200=B_SPLINE_CURVE_WITH_KNOTS('',3,(#3982,#3983,#3984,#3985,#3986,#3987),
 .UNSPECIFIED.,.F.,.F.,(4,2,4),(0.322053893822063,0.412742632341157,0.412827010442682),
 .UNSPECIFIED.);
#201=B_SPLINE_CURVE_WITH_KNOTS('',3,(#3989,#3990,#3991,#3992,#3993,#3994,
#3995,#3996,#3997,#3998,#3999),.UNSPECIFIED.,.F.,.F.,(4,2,2,3,4),(0.412827010442684,
0.503431370860251,0.578675526021595,0.636020989528265,0.644686048931473),
 .UNSPECIFIED.);
#202=B_SPLINE_CURVE_WITH_KNOTS('',3,(#4434,#4435,#4436,#4437,#4438,#4439,
#4440,#4441,#4442,#4443,#4444,#4445,#4446),.UNSPECIFIED.,.F.,.F.,(4,3,3,
3,4),(-0.813807976287558,-0.786495173734054,-0.763812725077842,-0.746525860352368,
-0.743913766900131),.UNSPECIFIED.);
#203=B_SPLINE_CURVE_WITH_KNOTS('',3,(#4448,#4449,#4450,#4451),
 .UNSPECIFIED.,.F.,.F.,(4,4),(-0.0025799601417419,0.),.UNSPECIFIED.);
#204=B_SPLINE_CURVE_WITH_KNOTS('',3,(#4453,#4454,#4455,#4456,#4457,#4458,
#4459),.UNSPECIFIED.,.F.,.F.,(4,3,4),(0.,0.111318124548633,0.259742290613478),
 .UNSPECIFIED.);
#205=B_SPLINE_CURVE_WITH_KNOTS('',3,(#4501,#4502,#4503,#4504,#4505,#4506,
#4507),.UNSPECIFIED.,.F.,.F.,(4,3,4),(0.,0.148424166064847,0.259742290613482),
 .UNSPECIFIED.);
#206=B_SPLINE_CURVE_WITH_KNOTS('',3,(#4509,#4510,#4511,#4512,#4513,#4514,
#4515,#4516,#4517,#4518,#4519,#4520,#4521,#4522,#4523,#4524),
 .UNSPECIFIED.,.F.,.F.,(4,3,3,3,3,4),(-0.239893909605877,-0.234311099338042,
-0.197363996311536,-0.148884947004255,-0.0904551086087688,-0.0888566297177997),
 .UNSPECIFIED.);
#207=B_SPLINE_CURVE_WITH_KNOTS('',3,(#4575,#4576,#4577,#4578,#4579),
 .UNSPECIFIED.,.F.,.F.,(4,1,4),(0.,0.571428571428571,1.),.UNSPECIFIED.);
#208=B_SPLINE_CURVE_WITH_KNOTS('',3,(#4581,#4582,#4583,#4584),
 .UNSPECIFIED.,.F.,.F.,(4,4),(-0.410261639099583,-0.322053893822063),
 .UNSPECIFIED.);
#209=B_SPLINE_CURVE_WITH_KNOTS('',3,(#4588,#4589,#4590,#4591,#4592,#4593,
#4594,#4595,#4596,#4597,#4598,#4599,#4600),.UNSPECIFIED.,.F.,.F.,(4,2,2,
2,3,4),(-0.909249652479392,-0.833309359100151,-0.75736906572091,-0.682077537903636,
-0.626763840751169,-0.617096842417353),.UNSPECIFIED.);
#210=B_SPLINE_CURVE_WITH_KNOTS('',3,(#4628,#4629,#4630,#4631,#4632,#4633,
#4634,#4635,#4636,#4637,#4638,#4639,#4640),.UNSPECIFIED.,.F.,.F.,(4,3,2,
2,2,4),(-0.596475177753499,-0.586808179421563,-0.531494482269088,-0.456202954451814,
-0.380262661072573,-0.304322367693331),.UNSPECIFIED.);
#211=B_SPLINE_CURVE_WITH_KNOTS('',3,(#4644,#4645,#4646,#4647),
 .UNSPECIFIED.,.F.,.F.,(4,4),(-0.98577146634626,-0.897563721068741),
 .UNSPECIFIED.);
#212=B_SPLINE_CURVE_WITH_KNOTS('',3,(#4649,#4650,#4651,#4652,#4653,#4654,
#4655),.UNSPECIFIED.,.F.,.F.,(4,3,4),(0.,0.111318124548635,0.259742290613481),
 .UNSPECIFIED.);
#213=B_SPLINE_CURVE_WITH_KNOTS('',3,(#4712,#4713,#4714,#4715,#4716,#4717,
#4718,#4719,#4720,#4721),.UNSPECIFIED.,.F.,.F.,(4,2,2,2,4),(0.644710501865487,
0.660417765224506,0.7303457549656,0.80231012958221,0.803030430773766),
 .UNSPECIFIED.);
#214=B_SPLINE_CURVE_WITH_KNOTS('',3,(#4725,#4726,#4727,#4728,#4729,#4730,
#4731,#4732,#4733,#4734,#4735,#4736),.UNSPECIFIED.,.F.,.F.,(4,2,2,2,2,4),
(-0.000718560910107017,0.,0.0710843792170008,0.140244120617915,0.197188735351203,
0.207154543617215),.UNSPECIFIED.);
#215=B_SPLINE_CURVE_WITH_KNOTS('',3,(#4738,#4739,#4740,#4741,#4742,#4743),
 .UNSPECIFIED.,.F.,.F.,(4,2,4),(0.771547941399013,0.821176382243746,0.897102840525374),
 .UNSPECIFIED.);
#216=B_SPLINE_CURVE_WITH_KNOTS('',3,(#4746,#4747,#4748,#4749,#4750,#4751,
#4752,#4753),.UNSPECIFIED.,.F.,.F.,(4,2,2,4),(0.318395249780608,0.409043062616022,
0.494151033855307,0.509786401463605),.UNSPECIFIED.);
#217=B_SPLINE_CURVE_WITH_KNOTS('',3,(#4765,#4766,#4767,#4768,#4769,#4770,
#4771,#4772,#4773,#4774,#4775,#4776),.UNSPECIFIED.,.F.,.F.,(4,2,2,2,2,4),
(0.595105310211307,0.605071118474944,0.662015733194644,0.731175474578915,
0.80225985377878,0.802978414689169),.UNSPECIFIED.);
#218=B_SPLINE_CURVE_WITH_KNOTS('',3,(#4780,#4781,#4782,#4783,#4784,#4785,
#4786,#4787,#4788,#4789),.UNSPECIFIED.,.F.,.F.,(4,2,2,2,4),(-0.000720301190712071,
0.,0.0719643746232859,0.141892364370836,0.157599627731233),
 .UNSPECIFIED.);
#219=B_SPLINE_CURVE_WITH_KNOTS('',3,(#4791,#4792,#4793,#4794,#4795,#4796,
#4797,#4798),.UNSPECIFIED.,.F.,.F.,(4,2,2,4),(0.772605962807241,0.788241330415994,
0.873349301655279,0.963997114490691),.UNSPECIFIED.);
#220=B_SPLINE_CURVE_WITH_KNOTS('',3,(#4801,#4802,#4803,#4804,#4805,#4806),
 .UNSPECIFIED.,.F.,.F.,(4,2,4),(0.298769610364896,0.374696068646525,0.424324509491773),
 .UNSPECIFIED.);
#221=B_SPLINE_CURVE_WITH_KNOTS('',3,(#4835,#4836,#4837,#4838),
 .UNSPECIFIED.,.F.,.F.,(4,4),(1.8,2.),.UNSPECIFIED.);
#222=B_SPLINE_CURVE_WITH_KNOTS('',3,(#4839,#4840,#4841,#4842),
 .UNSPECIFIED.,.F.,.F.,(4,4),(-2.,-1.8),.UNSPECIFIED.);
#223=B_SPLINE_CURVE_WITH_KNOTS('',3,(#4869,#4870,#4871,#4872),
 .UNSPECIFIED.,.F.,.F.,(4,4),(1.8,2.),.UNSPECIFIED.);
#224=B_SPLINE_CURVE_WITH_KNOTS('',3,(#4873,#4874,#4875,#4876),
 .UNSPECIFIED.,.F.,.F.,(4,4),(-2.,-1.8),.UNSPECIFIED.);
#225=FACE_OUTER_BOUND('',#377,.T.);
#226=FACE_OUTER_BOUND('',#403,.T.);
#227=FACE_OUTER_BOUND('',#404,.T.);
#228=FACE_OUTER_BOUND('',#405,.T.);
#229=FACE_OUTER_BOUND('',#406,.T.);
#230=FACE_OUTER_BOUND('',#407,.T.);
#231=FACE_OUTER_BOUND('',#408,.T.);
#232=FACE_OUTER_BOUND('',#409,.T.);
#233=FACE_OUTER_BOUND('',#410,.T.);
#234=FACE_OUTER_BOUND('',#411,.T.);
#235=FACE_OUTER_BOUND('',#412,.T.);
#236=FACE_OUTER_BOUND('',#413,.T.);
#237=FACE_OUTER_BOUND('',#414,.T.);
#238=FACE_OUTER_BOUND('',#415,.T.);
#239=FACE_OUTER_BOUND('',#416,.T.);
#240=FACE_OUTER_BOUND('',#417,.T.);
#241=FACE_OUTER_BOUND('',#418,.T.);
#242=FACE_OUTER_BOUND('',#419,.T.);
#243=FACE_OUTER_BOUND('',#420,.T.);
#244=FACE_OUTER_BOUND('',#421,.T.);
#245=FACE_OUTER_BOUND('',#422,.T.);
#246=FACE_OUTER_BOUND('',#423,.T.);
#247=FACE_OUTER_BOUND('',#424,.T.);
#248=FACE_OUTER_BOUND('',#425,.T.);
#249=FACE_OUTER_BOUND('',#426,.T.);
#250=FACE_OUTER_BOUND('',#427,.T.);
#251=FACE_OUTER_BOUND('',#428,.T.);
#252=FACE_OUTER_BOUND('',#429,.T.);
#253=FACE_OUTER_BOUND('',#430,.T.);
#254=FACE_OUTER_BOUND('',#431,.T.);
#255=FACE_OUTER_BOUND('',#432,.T.);
#256=FACE_OUTER_BOUND('',#433,.T.);
#257=FACE_OUTER_BOUND('',#434,.T.);
#258=FACE_OUTER_BOUND('',#436,.T.);
#259=FACE_OUTER_BOUND('',#437,.T.);
#260=FACE_OUTER_BOUND('',#439,.T.);
#261=FACE_OUTER_BOUND('',#440,.T.);
#262=FACE_OUTER_BOUND('',#442,.T.);
#263=FACE_OUTER_BOUND('',#443,.T.);
#264=FACE_OUTER_BOUND('',#445,.T.);
#265=FACE_OUTER_BOUND('',#446,.T.);
#266=FACE_OUTER_BOUND('',#448,.T.);
#267=FACE_OUTER_BOUND('',#449,.T.);
#268=FACE_OUTER_BOUND('',#451,.T.);
#269=FACE_OUTER_BOUND('',#452,.T.);
#270=FACE_OUTER_BOUND('',#454,.T.);
#271=FACE_OUTER_BOUND('',#455,.T.);
#272=FACE_OUTER_BOUND('',#457,.T.);
#273=FACE_OUTER_BOUND('',#458,.T.);
#274=FACE_OUTER_BOUND('',#460,.T.);
#275=FACE_OUTER_BOUND('',#461,.T.);
#276=FACE_OUTER_BOUND('',#463,.T.);
#277=FACE_OUTER_BOUND('',#464,.T.);
#278=FACE_OUTER_BOUND('',#466,.T.);
#279=FACE_OUTER_BOUND('',#467,.T.);
#280=FACE_OUTER_BOUND('',#469,.T.);
#281=FACE_OUTER_BOUND('',#470,.T.);
#282=FACE_OUTER_BOUND('',#472,.T.);
#283=FACE_OUTER_BOUND('',#473,.T.);
#284=FACE_OUTER_BOUND('',#475,.T.);
#285=FACE_OUTER_BOUND('',#476,.T.);
#286=FACE_OUTER_BOUND('',#478,.T.);
#287=FACE_OUTER_BOUND('',#479,.T.);
#288=FACE_OUTER_BOUND('',#481,.T.);
#289=FACE_OUTER_BOUND('',#482,.T.);
#290=FACE_OUTER_BOUND('',#484,.T.);
#291=FACE_OUTER_BOUND('',#485,.T.);
#292=FACE_OUTER_BOUND('',#487,.T.);
#293=FACE_OUTER_BOUND('',#488,.T.);
#294=FACE_OUTER_BOUND('',#490,.T.);
#295=FACE_OUTER_BOUND('',#491,.T.);
#296=FACE_OUTER_BOUND('',#493,.T.);
#297=FACE_OUTER_BOUND('',#494,.T.);
#298=FACE_OUTER_BOUND('',#495,.T.);
#299=FACE_OUTER_BOUND('',#496,.T.);
#300=FACE_OUTER_BOUND('',#497,.T.);
#301=FACE_OUTER_BOUND('',#498,.T.);
#302=FACE_OUTER_BOUND('',#499,.T.);
#303=FACE_OUTER_BOUND('',#526,.T.);
#304=FACE_OUTER_BOUND('',#527,.T.);
#305=FACE_OUTER_BOUND('',#528,.T.);
#306=FACE_OUTER_BOUND('',#529,.T.);
#307=FACE_OUTER_BOUND('',#530,.T.);
#308=FACE_OUTER_BOUND('',#531,.T.);
#309=FACE_OUTER_BOUND('',#532,.T.);
#310=FACE_OUTER_BOUND('',#533,.T.);
#311=FACE_OUTER_BOUND('',#534,.T.);
#312=FACE_OUTER_BOUND('',#535,.T.);
#313=FACE_OUTER_BOUND('',#536,.T.);
#314=FACE_OUTER_BOUND('',#537,.T.);
#315=FACE_OUTER_BOUND('',#539,.T.);
#316=FACE_OUTER_BOUND('',#540,.T.);
#317=FACE_OUTER_BOUND('',#541,.T.);
#318=FACE_OUTER_BOUND('',#542,.T.);
#319=FACE_OUTER_BOUND('',#543,.T.);
#320=FACE_OUTER_BOUND('',#545,.T.);
#321=FACE_OUTER_BOUND('',#546,.T.);
#322=FACE_OUTER_BOUND('',#547,.T.);
#323=FACE_OUTER_BOUND('',#550,.T.);
#324=FACE_OUTER_BOUND('',#551,.T.);
#325=FACE_OUTER_BOUND('',#552,.T.);
#326=FACE_OUTER_BOUND('',#563,.T.);
#327=FACE_OUTER_BOUND('',#564,.T.);
#328=FACE_OUTER_BOUND('',#565,.T.);
#329=FACE_OUTER_BOUND('',#566,.T.);
#330=FACE_OUTER_BOUND('',#567,.T.);
#331=FACE_OUTER_BOUND('',#568,.T.);
#332=FACE_OUTER_BOUND('',#569,.T.);
#333=FACE_OUTER_BOUND('',#570,.T.);
#334=FACE_OUTER_BOUND('',#571,.T.);
#335=FACE_OUTER_BOUND('',#573,.T.);
#336=FACE_OUTER_BOUND('',#574,.T.);
#337=FACE_OUTER_BOUND('',#576,.T.);
#338=FACE_OUTER_BOUND('',#577,.T.);
#339=FACE_OUTER_BOUND('',#578,.T.);
#340=FACE_OUTER_BOUND('',#579,.T.);
#341=FACE_OUTER_BOUND('',#580,.T.);
#342=FACE_OUTER_BOUND('',#581,.T.);
#343=FACE_OUTER_BOUND('',#582,.T.);
#344=FACE_OUTER_BOUND('',#583,.T.);
#345=FACE_OUTER_BOUND('',#584,.T.);
#346=FACE_OUTER_BOUND('',#585,.T.);
#347=FACE_OUTER_BOUND('',#586,.T.);
#348=FACE_OUTER_BOUND('',#587,.T.);
#349=FACE_OUTER_BOUND('',#588,.T.);
#350=FACE_OUTER_BOUND('',#589,.T.);
#351=FACE_OUTER_BOUND('',#590,.T.);
#352=FACE_OUTER_BOUND('',#591,.T.);
#353=FACE_OUTER_BOUND('',#592,.T.);
#354=FACE_OUTER_BOUND('',#593,.T.);
#355=FACE_OUTER_BOUND('',#594,.T.);
#356=FACE_OUTER_BOUND('',#595,.T.);
#357=FACE_OUTER_BOUND('',#596,.T.);
#358=FACE_OUTER_BOUND('',#597,.T.);
#359=FACE_OUTER_BOUND('',#598,.T.);
#360=FACE_OUTER_BOUND('',#599,.T.);
#361=FACE_OUTER_BOUND('',#600,.T.);
#362=FACE_OUTER_BOUND('',#601,.T.);
#363=FACE_OUTER_BOUND('',#602,.T.);
#364=FACE_OUTER_BOUND('',#603,.T.);
#365=FACE_OUTER_BOUND('',#604,.T.);
#366=FACE_OUTER_BOUND('',#605,.T.);
#367=FACE_OUTER_BOUND('',#606,.T.);
#368=FACE_OUTER_BOUND('',#607,.T.);
#369=FACE_OUTER_BOUND('',#608,.T.);
#370=FACE_OUTER_BOUND('',#609,.T.);
#371=FACE_OUTER_BOUND('',#610,.T.);
#372=FACE_OUTER_BOUND('',#611,.T.);
#373=FACE_OUTER_BOUND('',#612,.T.);
#374=FACE_OUTER_BOUND('',#613,.T.);
#375=FACE_OUTER_BOUND('',#614,.T.);
#376=FACE_OUTER_BOUND('',#615,.T.);
#377=EDGE_LOOP('',(#1779,#1780,#1781,#1782,#1783,#1784,#1785,#1786));
#378=EDGE_LOOP('',(#1787,#1788,#1789,#1790,#1791,#1792,#1793,#1794,#1795,
#1796,#1797,#1798,#1799,#1800,#1801,#1802,#1803,#1804,#1805,#1806,#1807,
#1808,#1809,#1810,#1811));
#379=EDGE_LOOP('',(#1812));
#380=EDGE_LOOP('',(#1813));
#381=EDGE_LOOP('',(#1814));
#382=EDGE_LOOP('',(#1815));
#383=EDGE_LOOP('',(#1816));
#384=EDGE_LOOP('',(#1817));
#385=EDGE_LOOP('',(#1818));
#386=EDGE_LOOP('',(#1819));
#387=EDGE_LOOP('',(#1820));
#388=EDGE_LOOP('',(#1821));
#389=EDGE_LOOP('',(#1822));
#390=EDGE_LOOP('',(#1823));
#391=EDGE_LOOP('',(#1824));
#392=EDGE_LOOP('',(#1825));
#393=EDGE_LOOP('',(#1826));
#394=EDGE_LOOP('',(#1827));
#395=EDGE_LOOP('',(#1828));
#396=EDGE_LOOP('',(#1829));
#397=EDGE_LOOP('',(#1830));
#398=EDGE_LOOP('',(#1831));
#399=EDGE_LOOP('',(#1832));
#400=EDGE_LOOP('',(#1833));
#401=EDGE_LOOP('',(#1834));
#402=EDGE_LOOP('',(#1835));
#403=EDGE_LOOP('',(#1836));
#404=EDGE_LOOP('',(#1837,#1838,#1839,#1840));
#405=EDGE_LOOP('',(#1841,#1842,#1843,#1844));
#406=EDGE_LOOP('',(#1845,#1846,#1847,#1848));
#407=EDGE_LOOP('',(#1849,#1850,#1851,#1852));
#408=EDGE_LOOP('',(#1853,#1854,#1855,#1856));
#409=EDGE_LOOP('',(#1857,#1858,#1859,#1860));
#410=EDGE_LOOP('',(#1861,#1862,#1863,#1864));
#411=EDGE_LOOP('',(#1865,#1866,#1867,#1868));
#412=EDGE_LOOP('',(#1869,#1870,#1871,#1872));
#413=EDGE_LOOP('',(#1873,#1874,#1875,#1876));
#414=EDGE_LOOP('',(#1877,#1878,#1879,#1880));
#415=EDGE_LOOP('',(#1881,#1882,#1883,#1884));
#416=EDGE_LOOP('',(#1885,#1886,#1887,#1888));
#417=EDGE_LOOP('',(#1889,#1890,#1891,#1892));
#418=EDGE_LOOP('',(#1893,#1894,#1895,#1896));
#419=EDGE_LOOP('',(#1897,#1898,#1899,#1900));
#420=EDGE_LOOP('',(#1901,#1902,#1903,#1904));
#421=EDGE_LOOP('',(#1905,#1906,#1907,#1908));
#422=EDGE_LOOP('',(#1909,#1910,#1911,#1912));
#423=EDGE_LOOP('',(#1913,#1914,#1915,#1916));
#424=EDGE_LOOP('',(#1917,#1918,#1919,#1920));
#425=EDGE_LOOP('',(#1921,#1922,#1923,#1924));
#426=EDGE_LOOP('',(#1925,#1926,#1927,#1928));
#427=EDGE_LOOP('',(#1929,#1930,#1931,#1932));
#428=EDGE_LOOP('',(#1933,#1934,#1935,#1936));
#429=EDGE_LOOP('',(#1937,#1938,#1939,#1940));
#430=EDGE_LOOP('',(#1941,#1942,#1943,#1944));
#431=EDGE_LOOP('',(#1945,#1946,#1947,#1948));
#432=EDGE_LOOP('',(#1949,#1950,#1951,#1952));
#433=EDGE_LOOP('',(#1953,#1954,#1955,#1956));
#434=EDGE_LOOP('',(#1957));
#435=EDGE_LOOP('',(#1958));
#436=EDGE_LOOP('',(#1959,#1960,#1961,#1962));
#437=EDGE_LOOP('',(#1963));
#438=EDGE_LOOP('',(#1964));
#439=EDGE_LOOP('',(#1965,#1966,#1967,#1968));
#440=EDGE_LOOP('',(#1969));
#441=EDGE_LOOP('',(#1970));
#442=EDGE_LOOP('',(#1971,#1972,#1973,#1974));
#443=EDGE_LOOP('',(#1975));
#444=EDGE_LOOP('',(#1976));
#445=EDGE_LOOP('',(#1977,#1978,#1979,#1980));
#446=EDGE_LOOP('',(#1981));
#447=EDGE_LOOP('',(#1982));
#448=EDGE_LOOP('',(#1983,#1984,#1985,#1986));
#449=EDGE_LOOP('',(#1987));
#450=EDGE_LOOP('',(#1988));
#451=EDGE_LOOP('',(#1989,#1990,#1991,#1992));
#452=EDGE_LOOP('',(#1993));
#453=EDGE_LOOP('',(#1994));
#454=EDGE_LOOP('',(#1995,#1996,#1997,#1998));
#455=EDGE_LOOP('',(#1999));
#456=EDGE_LOOP('',(#2000));
#457=EDGE_LOOP('',(#2001,#2002,#2003,#2004));
#458=EDGE_LOOP('',(#2005));
#459=EDGE_LOOP('',(#2006));
#460=EDGE_LOOP('',(#2007,#2008,#2009,#2010));
#461=EDGE_LOOP('',(#2011));
#462=EDGE_LOOP('',(#2012));
#463=EDGE_LOOP('',(#2013,#2014,#2015,#2016));
#464=EDGE_LOOP('',(#2017));
#465=EDGE_LOOP('',(#2018));
#466=EDGE_LOOP('',(#2019,#2020,#2021,#2022));
#467=EDGE_LOOP('',(#2023));
#468=EDGE_LOOP('',(#2024));
#469=EDGE_LOOP('',(#2025,#2026,#2027,#2028));
#470=EDGE_LOOP('',(#2029));
#471=EDGE_LOOP('',(#2030));
#472=EDGE_LOOP('',(#2031,#2032,#2033,#2034));
#473=EDGE_LOOP('',(#2035));
#474=EDGE_LOOP('',(#2036));
#475=EDGE_LOOP('',(#2037,#2038,#2039,#2040));
#476=EDGE_LOOP('',(#2041));
#477=EDGE_LOOP('',(#2042));
#478=EDGE_LOOP('',(#2043,#2044,#2045,#2046));
#479=EDGE_LOOP('',(#2047));
#480=EDGE_LOOP('',(#2048));
#481=EDGE_LOOP('',(#2049,#2050,#2051,#2052));
#482=EDGE_LOOP('',(#2053));
#483=EDGE_LOOP('',(#2054));
#484=EDGE_LOOP('',(#2055,#2056,#2057,#2058));
#485=EDGE_LOOP('',(#2059));
#486=EDGE_LOOP('',(#2060));
#487=EDGE_LOOP('',(#2061,#2062,#2063,#2064));
#488=EDGE_LOOP('',(#2065));
#489=EDGE_LOOP('',(#2066));
#490=EDGE_LOOP('',(#2067,#2068,#2069,#2070));
#491=EDGE_LOOP('',(#2071));
#492=EDGE_LOOP('',(#2072));
#493=EDGE_LOOP('',(#2073,#2074,#2075,#2076));
#494=EDGE_LOOP('',(#2077,#2078,#2079,#2080));
#495=EDGE_LOOP('',(#2081,#2082,#2083,#2084));
#496=EDGE_LOOP('',(#2085,#2086,#2087,#2088));
#497=EDGE_LOOP('',(#2089,#2090,#2091,#2092));
#498=EDGE_LOOP('',(#2093,#2094,#2095,#2096));
#499=EDGE_LOOP('',(#2097,#2098,#2099,#2100,#2101,#2102,#2103,#2104));
#500=EDGE_LOOP('',(#2105,#2106,#2107,#2108,#2109,#2110));
#501=EDGE_LOOP('',(#2111,#2112,#2113,#2114,#2115,#2116));
#502=EDGE_LOOP('',(#2117));
#503=EDGE_LOOP('',(#2118));
#504=EDGE_LOOP('',(#2119));
#505=EDGE_LOOP('',(#2120));
#506=EDGE_LOOP('',(#2121));
#507=EDGE_LOOP('',(#2122));
#508=EDGE_LOOP('',(#2123));
#509=EDGE_LOOP('',(#2124));
#510=EDGE_LOOP('',(#2125));
#511=EDGE_LOOP('',(#2126));
#512=EDGE_LOOP('',(#2127));
#513=EDGE_LOOP('',(#2128));
#514=EDGE_LOOP('',(#2129));
#515=EDGE_LOOP('',(#2130));
#516=EDGE_LOOP('',(#2131));
#517=EDGE_LOOP('',(#2132));
#518=EDGE_LOOP('',(#2133));
#519=EDGE_LOOP('',(#2134));
#520=EDGE_LOOP('',(#2135));
#521=EDGE_LOOP('',(#2136));
#522=EDGE_LOOP('',(#2137));
#523=EDGE_LOOP('',(#2138));
#524=EDGE_LOOP('',(#2139));
#525=EDGE_LOOP('',(#2140));
#526=EDGE_LOOP('',(#2141,#2142,#2143,#2144));
#527=EDGE_LOOP('',(#2145,#2146,#2147,#2148));
#528=EDGE_LOOP('',(#2149,#2150,#2151,#2152));
#529=EDGE_LOOP('',(#2153));
#530=EDGE_LOOP('',(#2154,#2155,#2156,#2157));
#531=EDGE_LOOP('',(#2158,#2159,#2160,#2161));
#532=EDGE_LOOP('',(#2162,#2163,#2164,#2165));
#533=EDGE_LOOP('',(#2166,#2167,#2168,#2169));
#534=EDGE_LOOP('',(#2170,#2171,#2172,#2173));
#535=EDGE_LOOP('',(#2174,#2175,#2176,#2177));
#536=EDGE_LOOP('',(#2178,#2179,#2180,#2181));
#537=EDGE_LOOP('',(#2182,#2183,#2184,#2185,#2186,#2187,#2188,#2189,#2190,
#2191));
#538=EDGE_LOOP('',(#2192));
#539=EDGE_LOOP('',(#2193,#2194,#2195,#2196));
#540=EDGE_LOOP('',(#2197,#2198,#2199,#2200));
#541=EDGE_LOOP('',(#2201,#2202,#2203,#2204));
#542=EDGE_LOOP('',(#2205,#2206,#2207,#2208));
#543=EDGE_LOOP('',(#2209,#2210,#2211,#2212,#2213,#2214,#2215,#2216,#2217));
#544=EDGE_LOOP('',(#2218));
#545=EDGE_LOOP('',(#2219,#2220,#2221,#2222));
#546=EDGE_LOOP('',(#2223,#2224,#2225,#2226));
#547=EDGE_LOOP('',(#2227,#2228,#2229,#2230,#2231,#2232,#2233,#2234,#2235,
#2236,#2237,#2238));
#548=EDGE_LOOP('',(#2239));
#549=EDGE_LOOP('',(#2240));
#550=EDGE_LOOP('',(#2241,#2242,#2243,#2244,#2245,#2246));
#551=EDGE_LOOP('',(#2247,#2248,#2249,#2250));
#552=EDGE_LOOP('',(#2251,#2252,#2253,#2254,#2255,#2256,#2257,#2258,#2259,
#2260,#2261,#2262,#2263,#2264,#2265,#2266,#2267,#2268,#2269,#2270,#2271,
#2272,#2273,#2274,#2275,#2276,#2277,#2278,#2279,#2280,#2281,#2282,#2283,
#2284,#2285,#2286,#2287,#2288));
#553=EDGE_LOOP('',(#2289));
#554=EDGE_LOOP('',(#2290));
#555=EDGE_LOOP('',(#2291));
#556=EDGE_LOOP('',(#2292));
#557=EDGE_LOOP('',(#2293));
#558=EDGE_LOOP('',(#2294));
#559=EDGE_LOOP('',(#2295,#2296,#2297,#2298,#2299,#2300));
#560=EDGE_LOOP('',(#2301));
#561=EDGE_LOOP('',(#2302));
#562=EDGE_LOOP('',(#2303,#2304,#2305,#2306,#2307,#2308));
#563=EDGE_LOOP('',(#2309,#2310,#2311,#2312,#2313,#2314));
#564=EDGE_LOOP('',(#2315,#2316,#2317,#2318));
#565=EDGE_LOOP('',(#2319,#2320,#2321,#2322,#2323,#2324));
#566=EDGE_LOOP('',(#2325,#2326,#2327,#2328));
#567=EDGE_LOOP('',(#2329,#2330,#2331,#2332,#2333,#2334));
#568=EDGE_LOOP('',(#2335,#2336,#2337,#2338));
#569=EDGE_LOOP('',(#2339,#2340,#2341,#2342));
#570=EDGE_LOOP('',(#2343,#2344,#2345,#2346,#2347,#2348));
#571=EDGE_LOOP('',(#2349,#2350,#2351,#2352));
#572=EDGE_LOOP('',(#2353));
#573=EDGE_LOOP('',(#2354,#2355,#2356,#2357,#2358,#2359));
#574=EDGE_LOOP('',(#2360,#2361,#2362,#2363));
#575=EDGE_LOOP('',(#2364));
#576=EDGE_LOOP('',(#2365,#2366,#2367,#2368));
#577=EDGE_LOOP('',(#2369,#2370,#2371,#2372));
#578=EDGE_LOOP('',(#2373,#2374,#2375,#2376));
#579=EDGE_LOOP('',(#2377,#2378,#2379,#2380));
#580=EDGE_LOOP('',(#2381,#2382,#2383,#2384));
#581=EDGE_LOOP('',(#2385,#2386,#2387,#2388));
#582=EDGE_LOOP('',(#2389,#2390,#2391,#2392));
#583=EDGE_LOOP('',(#2393,#2394,#2395,#2396));
#584=EDGE_LOOP('',(#2397,#2398,#2399,#2400));
#585=EDGE_LOOP('',(#2401,#2402,#2403,#2404));
#586=EDGE_LOOP('',(#2405,#2406,#2407,#2408,#2409));
#587=EDGE_LOOP('',(#2410,#2411,#2412,#2413));
#588=EDGE_LOOP('',(#2414,#2415,#2416,#2417));
#589=EDGE_LOOP('',(#2418,#2419,#2420,#2421,#2422));
#590=EDGE_LOOP('',(#2423,#2424,#2425,#2426));
#591=EDGE_LOOP('',(#2427,#2428,#2429,#2430));
#592=EDGE_LOOP('',(#2431,#2432,#2433,#2434,#2435));
#593=EDGE_LOOP('',(#2436,#2437,#2438,#2439));
#594=EDGE_LOOP('',(#2440,#2441,#2442,#2443));
#595=EDGE_LOOP('',(#2444,#2445,#2446,#2447,#2448));
#596=EDGE_LOOP('',(#2449,#2450,#2451,#2452));
#597=EDGE_LOOP('',(#2453,#2454,#2455,#2456));
#598=EDGE_LOOP('',(#2457,#2458,#2459,#2460));
#599=EDGE_LOOP('',(#2461,#2462,#2463,#2464));
#600=EDGE_LOOP('',(#2465,#2466,#2467,#2468));
#601=EDGE_LOOP('',(#2469,#2470,#2471,#2472));
#602=EDGE_LOOP('',(#2473,#2474,#2475,#2476));
#603=EDGE_LOOP('',(#2477,#2478,#2479,#2480));
#604=EDGE_LOOP('',(#2481,#2482,#2483,#2484));
#605=EDGE_LOOP('',(#2485,#2486,#2487,#2488));
#606=EDGE_LOOP('',(#2489,#2490,#2491,#2492));
#607=EDGE_LOOP('',(#2493,#2494,#2495,#2496,#2497,#2498));
#608=EDGE_LOOP('',(#2499,#2500,#2501,#2502));
#609=EDGE_LOOP('',(#2503,#2504,#2505,#2506));
#610=EDGE_LOOP('',(#2507,#2508,#2509,#2510,#2511,#2512));
#611=EDGE_LOOP('',(#2513,#2514,#2515,#2516));
#612=EDGE_LOOP('',(#2517,#2518,#2519,#2520));
#613=EDGE_LOOP('',(#2521,#2522,#2523,#2524,#2525,#2526,#2527,#2528,#2529,
#2530,#2531,#2532));
#614=EDGE_LOOP('',(#2533,#2534,#2535,#2536));
#615=EDGE_LOOP('',(#2537,#2538,#2539,#2540));
#616=LINE('',#3916,#791);
#617=LINE('',#3920,#792);
#618=LINE('',#3924,#793);
#619=LINE('',#3927,#794);
#620=LINE('',#4005,#795);
#621=LINE('',#4013,#796);
#622=LINE('',#4021,#797);
#623=LINE('',#4028,#798);
#624=LINE('',#4082,#799);
#625=LINE('',#4084,#800);
#626=LINE('',#4085,#801);
#627=LINE('',#4088,#802);
#628=LINE('',#4090,#803);
#629=LINE('',#4091,#804);
#630=LINE('',#4094,#805);
#631=LINE('',#4100,#806);
#632=LINE('',#4106,#807);
#633=LINE('',#4112,#808);
#634=LINE('',#4118,#809);
#635=LINE('',#4122,#810);
#636=LINE('',#4128,#811);
#637=LINE('',#4134,#812);
#638=LINE('',#4140,#813);
#639=LINE('',#4146,#814);
#640=LINE('',#4152,#815);
#641=LINE('',#4158,#816);
#642=LINE('',#4164,#817);
#643=LINE('',#4170,#818);
#644=LINE('',#4174,#819);
#645=LINE('',#4179,#820);
#646=LINE('',#4181,#821);
#647=LINE('',#4183,#822);
#648=LINE('',#4184,#823);
#649=LINE('',#4188,#824);
#650=LINE('',#4189,#825);
#651=LINE('',#4190,#826);
#652=LINE('',#4195,#827);
#653=LINE('',#4201,#828);
#654=LINE('',#4205,#829);
#655=LINE('',#4211,#830);
#656=LINE('',#4217,#831);
#657=LINE('',#4223,#832);
#658=LINE('',#4229,#833);
#659=LINE('',#4235,#834);
#660=LINE('',#4240,#835);
#661=LINE('',#4242,#836);
#662=LINE('',#4244,#837);
#663=LINE('',#4245,#838);
#664=LINE('',#4249,#839);
#665=LINE('',#4250,#840);
#666=LINE('',#4251,#841);
#667=LINE('',#4256,#842);
#668=LINE('',#4262,#843);
#669=LINE('',#4267,#844);
#670=LINE('',#4272,#845);
#671=LINE('',#4277,#846);
#672=LINE('',#4282,#847);
#673=LINE('',#4287,#848);
#674=LINE('',#4292,#849);
#675=LINE('',#4297,#850);
#676=LINE('',#4302,#851);
#677=LINE('',#4307,#852);
#678=LINE('',#4312,#853);
#679=LINE('',#4317,#854);
#680=LINE('',#4322,#855);
#681=LINE('',#4327,#856);
#682=LINE('',#4332,#857);
#683=LINE('',#4337,#858);
#684=LINE('',#4342,#859);
#685=LINE('',#4347,#860);
#686=LINE('',#4352,#861);
#687=LINE('',#4357,#862);
#688=LINE('',#4360,#863);
#689=LINE('',#4364,#864);
#690=LINE('',#4365,#865);
#691=LINE('',#4371,#866);
#692=LINE('',#4374,#867);
#693=LINE('',#4375,#868);
#694=LINE('',#4381,#869);
#695=LINE('',#4384,#870);
#696=LINE('',#4388,#871);
#697=LINE('',#4391,#872);
#698=LINE('',#4395,#873);
#699=LINE('',#4399,#874);
#700=LINE('',#4406,#875);
#701=LINE('',#4407,#876);
#702=LINE('',#4410,#877);
#703=LINE('',#4413,#878);
#704=LINE('',#4416,#879);
#705=LINE('',#4417,#880);
#706=LINE('',#4420,#881);
#707=LINE('',#4423,#882);
#708=LINE('',#4426,#883);
#709=LINE('',#4429,#884);
#710=LINE('',#4461,#885);
#711=LINE('',#4465,#886);
#712=LINE('',#4468,#887);
#713=LINE('',#4472,#888);
#714=LINE('',#4477,#889);
#715=LINE('',#4478,#890);
#716=LINE('',#4482,#891);
#717=LINE('',#4487,#892);
#718=LINE('',#4488,#893);
#719=LINE('',#4491,#894);
#720=LINE('',#4495,#895);
#721=LINE('',#4499,#896);
#722=LINE('',#4529,#897);
#723=LINE('',#4533,#898);
#724=LINE('',#4536,#899);
#725=LINE('',#4540,#900);
#726=LINE('',#4544,#901);
#727=LINE('',#4548,#902);
#728=LINE('',#4551,#903);
#729=LINE('',#4560,#904);
#730=LINE('',#4561,#905);
#731=LINE('',#4562,#906);
#732=LINE('',#4566,#907);
#733=LINE('',#4569,#908);
#734=LINE('',#4573,#909);
#735=LINE('',#4606,#910);
#736=LINE('',#4610,#911);
#737=LINE('',#4618,#912);
#738=LINE('',#4622,#913);
#739=LINE('',#4657,#914);
#740=LINE('',#4661,#915);
#741=LINE('',#4669,#916);
#742=LINE('',#4673,#917);
#743=LINE('',#4677,#918);
#744=LINE('',#4696,#919);
#745=LINE('',#4697,#920);
#746=LINE('',#4700,#921);
#747=LINE('',#4701,#922);
#748=LINE('',#4702,#923);
#749=LINE('',#4704,#924);
#750=LINE('',#4706,#925);
#751=LINE('',#4756,#926);
#752=LINE('',#4759,#927);
#753=LINE('',#4809,#928);
#754=LINE('',#4812,#929);
#755=LINE('',#4844,#930);
#756=LINE('',#4846,#931);
#757=LINE('',#4848,#932);
#758=LINE('',#4878,#933);
#759=LINE('',#4880,#934);
#760=LINE('',#4882,#935);
#761=LINE('',#4884,#936);
#762=LINE('',#4886,#937);
#763=LINE('',#4888,#938);
#764=LINE('',#4889,#939);
#765=LINE('',#4891,#940);
#766=LINE('',#4893,#941);
#767=LINE('',#4894,#942);
#768=LINE('',#4896,#943);
#769=LINE('',#4899,#944);
#770=LINE('',#4901,#945);
#771=LINE('',#4902,#946);
#772=LINE('',#4904,#947);
#773=LINE('',#4906,#948);
#774=LINE('',#4907,#949);
#775=LINE('',#4909,#950);
#776=LINE('',#4912,#951);
#777=LINE('',#4914,#952);
#778=LINE('',#4916,#953);
#779=LINE('',#4918,#954);
#780=LINE('',#4922,#955);
#781=LINE('',#4950,#956);
#782=LINE('',#4951,#957);
#783=LINE('',#4953,#958);
#784=LINE('',#4966,#959);
#785=LINE('',#4990,#960);
#786=LINE('',#5017,#961);
#787=LINE('',#5019,#962);
#788=LINE('',#5046,#963);
#789=LINE('',#5049,#964);
#790=LINE('',#5051,#965);
#791=VECTOR('',#3093,10.);
#792=VECTOR('',#3096,10.);
#793=VECTOR('',#3099,10.);
#794=VECTOR('',#3102,10.);
#795=VECTOR('',#3117,10.);
#796=VECTOR('',#3124,10.);
#797=VECTOR('',#3131,10.);
#798=VECTOR('',#3138,10.);
#799=VECTOR('',#3193,10.);
#800=VECTOR('',#3194,10.);
#801=VECTOR('',#3195,10.);
#802=VECTOR('',#3198,10.);
#803=VECTOR('',#3199,10.);
#804=VECTOR('',#3200,10.);
#805=VECTOR('',#3203,3.00000000000001);
#806=VECTOR('',#3210,3.5);
#807=VECTOR('',#3217,3.5);
#808=VECTOR('',#3224,3.5);
#809=VECTOR('',#3231,3.5);
#810=VECTOR('',#3236,3.00000000000001);
#811=VECTOR('',#3243,3.5);
#812=VECTOR('',#3250,3.5);
#813=VECTOR('',#3257,3.5);
#814=VECTOR('',#3264,3.5);
#815=VECTOR('',#3271,3.5);
#816=VECTOR('',#3278,3.5);
#817=VECTOR('',#3285,3.5);
#818=VECTOR('',#3292,3.5);
#819=VECTOR('',#3297,3.00000000000001);
#820=VECTOR('',#3302,10.);
#821=VECTOR('',#3303,10.);
#822=VECTOR('',#3304,10.);
#823=VECTOR('',#3305,10.);
#824=VECTOR('',#3308,10.);
#825=VECTOR('',#3309,10.);
#826=VECTOR('',#3310,10.);
#827=VECTOR('',#3315,3.5);
#828=VECTOR('',#3322,3.5);
#829=VECTOR('',#3327,3.00000000000001);
#830=VECTOR('',#3334,3.5);
#831=VECTOR('',#3341,3.5);
#832=VECTOR('',#3348,3.5);
#833=VECTOR('',#3355,3.5);
#834=VECTOR('',#3362,3.5);
#835=VECTOR('',#3367,10.);
#836=VECTOR('',#3368,10.);
#837=VECTOR('',#3369,10.);
#838=VECTOR('',#3370,10.);
#839=VECTOR('',#3373,10.);
#840=VECTOR('',#3374,10.);
#841=VECTOR('',#3375,10.);
#842=VECTOR('',#3380,3.5);
#843=VECTOR('',#3389,1.5);
#844=VECTOR('',#3396,1.5);
#845=VECTOR('',#3403,1.5);
#846=VECTOR('',#3410,1.5);
#847=VECTOR('',#3417,1.5);
#848=VECTOR('',#3424,1.5);
#849=VECTOR('',#3431,1.5);
#850=VECTOR('',#3438,1.5);
#851=VECTOR('',#3445,1.5);
#852=VECTOR('',#3452,1.5);
#853=VECTOR('',#3459,1.5);
#854=VECTOR('',#3466,1.5);
#855=VECTOR('',#3473,1.5);
#856=VECTOR('',#3480,1.5);
#857=VECTOR('',#3487,1.5);
#858=VECTOR('',#3494,1.5);
#859=VECTOR('',#3501,1.5);
#860=VECTOR('',#3508,1.5);
#861=VECTOR('',#3515,1.5);
#862=VECTOR('',#3522,1.5);
#863=VECTOR('',#3525,10.);
#864=VECTOR('',#3530,10.);
#865=VECTOR('',#3531,10.);
#866=VECTOR('',#3540,10.);
#867=VECTOR('',#3543,10.);
#868=VECTOR('',#3544,10.);
#869=VECTOR('',#3551,10.);
#870=VECTOR('',#3554,10.);
#871=VECTOR('',#3557,10.);
#872=VECTOR('',#3560,10.);
#873=VECTOR('',#3565,10.);
#874=VECTOR('',#3570,10.);
#875=VECTOR('',#3579,10.);
#876=VECTOR('',#3580,10.);
#877=VECTOR('',#3583,10.);
#878=VECTOR('',#3588,10.);
#879=VECTOR('',#3591,10.);
#880=VECTOR('',#3592,10.);
#881=VECTOR('',#3595,10.);
#882=VECTOR('',#3600,10.);
#883=VECTOR('',#3603,10.);
#884=VECTOR('',#3606,10.);
#885=VECTOR('',#3611,10.);
#886=VECTOR('',#3614,10.);
#887=VECTOR('',#3617,10.);
#888=VECTOR('',#3622,10.);
#889=VECTOR('',#3627,10.);
#890=VECTOR('',#3628,10.);
#891=VECTOR('',#3633,10.);
#892=VECTOR('',#3638,10.);
#893=VECTOR('',#3639,10.);
#894=VECTOR('',#3642,10.);
#895=VECTOR('',#3645,10.);
#896=VECTOR('',#3648,10.);
#897=VECTOR('',#3655,10.);
#898=VECTOR('',#3660,10.);
#899=VECTOR('',#3663,10.);
#900=VECTOR('',#3666,10.);
#901=VECTOR('',#3669,10.);
#902=VECTOR('',#3672,10.);
#903=VECTOR('',#3675,10.);
#904=VECTOR('',#3684,10.);
#905=VECTOR('',#3685,10.);
#906=VECTOR('',#3686,10.);
#907=VECTOR('',#3691,10.);
#908=VECTOR('',#3694,10.);
#909=VECTOR('',#3697,10.);
#910=VECTOR('',#3704,10.);
#911=VECTOR('',#3707,10.);
#912=VECTOR('',#3714,10.);
#913=VECTOR('',#3717,10.);
#914=VECTOR('',#3724,10.);
#915=VECTOR('',#3727,10.);
#916=VECTOR('',#3734,10.);
#917=VECTOR('',#3737,10.);
#918=VECTOR('',#3740,10.);
#919=VECTOR('',#3761,10.);
#920=VECTOR('',#3762,10.);
#921=VECTOR('',#3767,10.);
#922=VECTOR('',#3768,10.);
#923=VECTOR('',#3769,10.);
#924=VECTOR('',#3772,10.);
#925=VECTOR('',#3775,10.);
#926=VECTOR('',#3788,10.);
#927=VECTOR('',#3791,10.);
#928=VECTOR('',#3802,10.);
#929=VECTOR('',#3805,10.);
#930=VECTOR('',#3810,10.);
#931=VECTOR('',#3813,10.);
#932=VECTOR('',#3816,10.);
#933=VECTOR('',#3819,10.);
#934=VECTOR('',#3822,10.);
#935=VECTOR('',#3825,10.);
#936=VECTOR('',#3828,10.);
#937=VECTOR('',#3831,1.5);
#938=VECTOR('',#3834,10.);
#939=VECTOR('',#3835,10.);
#940=VECTOR('',#3838,10.);
#941=VECTOR('',#3841,10.);
#942=VECTOR('',#3842,10.);
#943=VECTOR('',#3845,10.);
#944=VECTOR('',#3850,1.49999999999999);
#945=VECTOR('',#3853,10.);
#946=VECTOR('',#3854,10.);
#947=VECTOR('',#3857,10.);
#948=VECTOR('',#3860,10.);
#949=VECTOR('',#3861,10.);
#950=VECTOR('',#3864,10.);
#951=VECTOR('',#3869,1.49999999999999);
#952=VECTOR('',#3872,1.5);
#953=VECTOR('',#3875,0.999999999999996);
#954=VECTOR('',#3878,0.999999999999996);
#955=VECTOR('',#3885,10.);
#956=VECTOR('',#3888,10.);
#957=VECTOR('',#3889,10.);
#958=VECTOR('',#3892,10.);
#959=VECTOR('',#3893,10.);
#960=VECTOR('',#3896,10.);
#961=VECTOR('',#3897,10.);
#962=VECTOR('',#3900,10.);
#963=VECTOR('',#3901,10.);
#964=VECTOR('',#3906,0.999999999999996);
#965=VECTOR('',#3909,0.999999999999996);
#966=CIRCLE('',#2765,7.);
#967=CIRCLE('',#2766,7.);
#968=CIRCLE('',#2767,7.);
#969=CIRCLE('',#2768,7.);
#970=CIRCLE('',#2769,1.);
#971=CIRCLE('',#2770,22.5455591308681);
#972=CIRCLE('',#2771,22.5455591308681);
#973=CIRCLE('',#2772,22.5455591308681);
#974=CIRCLE('',#2773,22.5455591308682);
#975=CIRCLE('',#2774,22.5455591308681);
#976=CIRCLE('',#2775,1.00000000000001);
#977=CIRCLE('',#2776,0.999999999999993);
#978=CIRCLE('',#2777,2.00000000000002);
#979=CIRCLE('',#2778,0.999999999999997);
#980=CIRCLE('',#2779,1.00000000000001);
#981=CIRCLE('',#2780,22.5455591308681);
#982=CIRCLE('',#2781,0.999999999999983);
#983=CIRCLE('',#2782,0.999999999999985);
#984=CIRCLE('',#2783,2.00000000000005);
#985=CIRCLE('',#2784,0.999999999999998);
#986=CIRCLE('',#2785,3.00000000000001);
#987=CIRCLE('',#2786,3.00000000000001);
#988=CIRCLE('',#2787,3.00000000000001);
#989=CIRCLE('',#2788,3.00000000000001);
#990=CIRCLE('',#2789,1.5);
#991=CIRCLE('',#2790,1.5);
#992=CIRCLE('',#2791,1.5);
#993=CIRCLE('',#2792,1.5);
#994=CIRCLE('',#2793,1.5);
#995=CIRCLE('',#2794,1.5);
#996=CIRCLE('',#2795,1.5);
#997=CIRCLE('',#2796,1.5);
#998=CIRCLE('',#2797,1.5);
#999=CIRCLE('',#2798,1.5);
#1000=CIRCLE('',#2799,1.5);
#1001=CIRCLE('',#2800,1.5);
#1002=CIRCLE('',#2801,1.5);
#1003=CIRCLE('',#2802,1.5);
#1004=CIRCLE('',#2803,1.5);
#1005=CIRCLE('',#2804,1.5);
#1006=CIRCLE('',#2805,1.5);
#1007=CIRCLE('',#2806,1.5);
#1008=CIRCLE('',#2807,1.5);
#1009=CIRCLE('',#2808,1.5);
#1010=CIRCLE('',#2810,0.999999999999996);
#1011=CIRCLE('',#2814,3.00000000000001);
#1012=CIRCLE('',#2816,3.5);
#1013=CIRCLE('',#2817,3.5);
#1014=CIRCLE('',#2819,3.5);
#1015=CIRCLE('',#2820,3.5);
#1016=CIRCLE('',#2822,3.5);
#1017=CIRCLE('',#2823,3.5);
#1018=CIRCLE('',#2825,3.5);
#1019=CIRCLE('',#2826,3.5);
#1020=CIRCLE('',#2828,3.00000000000001);
#1021=CIRCLE('',#2830,3.5);
#1022=CIRCLE('',#2831,3.5);
#1023=CIRCLE('',#2833,3.5);
#1024=CIRCLE('',#2834,3.5);
#1025=CIRCLE('',#2836,3.5);
#1026=CIRCLE('',#2837,3.5);
#1027=CIRCLE('',#2839,3.5);
#1028=CIRCLE('',#2840,3.5);
#1029=CIRCLE('',#2842,3.5);
#1030=CIRCLE('',#2843,3.5);
#1031=CIRCLE('',#2845,3.5);
#1032=CIRCLE('',#2846,3.5);
#1033=CIRCLE('',#2848,3.5);
#1034=CIRCLE('',#2849,3.5);
#1035=CIRCLE('',#2851,3.5);
#1036=CIRCLE('',#2852,3.5);
#1037=CIRCLE('',#2854,3.00000000000001);
#1038=CIRCLE('',#2858,3.5);
#1039=CIRCLE('',#2859,3.5);
#1040=CIRCLE('',#2861,3.5);
#1041=CIRCLE('',#2862,3.5);
#1042=CIRCLE('',#2864,3.00000000000001);
#1043=CIRCLE('',#2866,3.5);
#1044=CIRCLE('',#2867,3.5);
#1045=CIRCLE('',#2869,3.5);
#1046=CIRCLE('',#2870,3.5);
#1047=CIRCLE('',#2872,3.5);
#1048=CIRCLE('',#2873,3.5);
#1049=CIRCLE('',#2875,3.5);
#1050=CIRCLE('',#2876,3.5);
#1051=CIRCLE('',#2878,3.5);
#1052=CIRCLE('',#2879,3.5);
#1053=CIRCLE('',#2883,3.5);
#1054=CIRCLE('',#2884,3.5);
#1055=CIRCLE('',#2886,1.5);
#1056=CIRCLE('',#2889,1.5);
#1057=CIRCLE('',#2892,1.5);
#1058=CIRCLE('',#2895,1.5);
#1059=CIRCLE('',#2898,1.5);
#1060=CIRCLE('',#2901,1.5);
#1061=CIRCLE('',#2904,1.5);
#1062=CIRCLE('',#2907,1.5);
#1063=CIRCLE('',#2910,1.5);
#1064=CIRCLE('',#2913,1.5);
#1065=CIRCLE('',#2916,1.5);
#1066=CIRCLE('',#2919,1.5);
#1067=CIRCLE('',#2922,1.5);
#1068=CIRCLE('',#2925,1.5);
#1069=CIRCLE('',#2928,1.5);
#1070=CIRCLE('',#2931,1.5);
#1071=CIRCLE('',#2934,1.5);
#1072=CIRCLE('',#2937,1.5);
#1073=CIRCLE('',#2940,1.5);
#1074=CIRCLE('',#2943,1.5);
#1075=CIRCLE('',#2946,7.);
#1076=CIRCLE('',#2949,7.);
#1077=CIRCLE('',#2951,7.);
#1078=CIRCLE('',#2954,7.);
#1079=CIRCLE('',#2955,2.);
#1080=CIRCLE('',#2956,2.);
#1081=CIRCLE('',#2957,2.);
#1082=CIRCLE('',#2958,2.);
#1083=CIRCLE('',#2961,2.);
#1084=CIRCLE('',#2963,2.);
#1085=CIRCLE('',#2965,0.999999999999996);
#1086=CIRCLE('',#2968,2.);
#1087=CIRCLE('',#2972,2.);
#1088=CIRCLE('',#2975,1.);
#1089=CIRCLE('',#2977,22.5455591308681);
#1090=CIRCLE('',#2978,4.);
#1091=CIRCLE('',#2979,1.);
#1092=CIRCLE('',#2980,1.49999999999999);
#1093=CIRCLE('',#2983,1.);
#1094=CIRCLE('',#2985,22.5455591308681);
#1095=CIRCLE('',#2987,1.);
#1096=CIRCLE('',#2989,1.);
#1097=CIRCLE('',#2990,4.);
#1098=CIRCLE('',#2991,22.5455591308681);
#1099=CIRCLE('',#2992,1.5);
#1100=CIRCLE('',#2995,1.);
#1101=CIRCLE('',#2997,1.);
#1102=CIRCLE('',#2998,2.);
#1103=CIRCLE('',#2999,2.);
#1104=CIRCLE('',#3000,1.);
#1105=CIRCLE('',#3001,0.999999999999996);
#1106=CIRCLE('',#3002,0.999999999999996);
#1107=CIRCLE('',#3004,1.);
#1108=CIRCLE('',#3006,2.);
#1109=CIRCLE('',#3008,4.);
#1110=CIRCLE('',#3009,22.5455591308681);
#1111=CIRCLE('',#3010,22.5455591308681);
#1112=CIRCLE('',#3011,0.999999999999985);
#1113=CIRCLE('',#3012,3.99999999999999);
#1114=CIRCLE('',#3013,1.00000000000005);
#1115=CIRCLE('',#3014,22.5455591308681);
#1116=CIRCLE('',#3015,1.00000000000005);
#1117=CIRCLE('',#3016,4.00000000000001);
#1118=CIRCLE('',#3017,1.00000000000001);
#1119=CIRCLE('',#3018,22.5455591308681);
#1120=CIRCLE('',#3019,22.5455591308681);
#1121=CIRCLE('',#3020,4.);
#1122=CIRCLE('',#3021,1.);
#1123=CIRCLE('',#3022,2.);
#1124=CIRCLE('',#3023,1.);
#1125=CIRCLE('',#3024,2.);
#1126=CIRCLE('',#3025,2.);
#1127=CIRCLE('',#3026,1.);
#1128=CIRCLE('',#3027,1.5);
#1129=CIRCLE('',#3028,1.49999999999999);
#1130=CIRCLE('',#3029,1.49999999999999);
#1131=CIRCLE('',#3030,1.5);
#1132=CIRCLE('',#3031,0.999999999999996);
#1133=CIRCLE('',#3032,0.999999999999996);
#1134=CIRCLE('',#3033,0.999999999999996);
#1135=CIRCLE('',#3034,0.999999999999996);
#1136=CIRCLE('',#3043,22.5455591308681);
#1137=CIRCLE('',#3044,24.5455591308682);
#1138=CIRCLE('',#3046,4.00000000000001);
#1139=CIRCLE('',#3047,1.5);
#1140=CIRCLE('',#3049,22.5455591308681);
#1141=CIRCLE('',#3050,24.5455591308681);
#1142=CIRCLE('',#3052,3.99999999999999);
#1143=CIRCLE('',#3053,1.49999999999999);
#1144=VERTEX_POINT('',#3912);
#1145=VERTEX_POINT('',#3913);
#1146=VERTEX_POINT('',#3915);
#1147=VERTEX_POINT('',#3917);
#1148=VERTEX_POINT('',#3919);
#1149=VERTEX_POINT('',#3921);
#1150=VERTEX_POINT('',#3923);
#1151=VERTEX_POINT('',#3925);
#1152=VERTEX_POINT('',#3928);
#1153=VERTEX_POINT('',#3929);
#1154=VERTEX_POINT('',#3931);
#1155=VERTEX_POINT('',#3933);
#1156=VERTEX_POINT('',#3947);
#1157=VERTEX_POINT('',#3949);
#1158=VERTEX_POINT('',#3963);
#1159=VERTEX_POINT('',#3965);
#1160=VERTEX_POINT('',#3979);
#1161=VERTEX_POINT('',#3981);
#1162=VERTEX_POINT('',#3988);
#1163=VERTEX_POINT('',#4000);
#1164=VERTEX_POINT('',#4002);
#1165=VERTEX_POINT('',#4004);
#1166=VERTEX_POINT('',#4006);
#1167=VERTEX_POINT('',#4008);
#1168=VERTEX_POINT('',#4010);
#1169=VERTEX_POINT('',#4012);
#1170=VERTEX_POINT('',#4014);
#1171=VERTEX_POINT('',#4016);
#1172=VERTEX_POINT('',#4018);
#1173=VERTEX_POINT('',#4020);
#1174=VERTEX_POINT('',#4022);
#1175=VERTEX_POINT('',#4024);
#1176=VERTEX_POINT('',#4026);
#1177=VERTEX_POINT('',#4029);
#1178=VERTEX_POINT('',#4031);
#1179=VERTEX_POINT('',#4033);
#1180=VERTEX_POINT('',#4035);
#1181=VERTEX_POINT('',#4037);
#1182=VERTEX_POINT('',#4039);
#1183=VERTEX_POINT('',#4041);
#1184=VERTEX_POINT('',#4043);
#1185=VERTEX_POINT('',#4045);
#1186=VERTEX_POINT('',#4047);
#1187=VERTEX_POINT('',#4049);
#1188=VERTEX_POINT('',#4051);
#1189=VERTEX_POINT('',#4053);
#1190=VERTEX_POINT('',#4055);
#1191=VERTEX_POINT('',#4057);
#1192=VERTEX_POINT('',#4059);
#1193=VERTEX_POINT('',#4061);
#1194=VERTEX_POINT('',#4063);
#1195=VERTEX_POINT('',#4065);
#1196=VERTEX_POINT('',#4067);
#1197=VERTEX_POINT('',#4069);
#1198=VERTEX_POINT('',#4071);
#1199=VERTEX_POINT('',#4073);
#1200=VERTEX_POINT('',#4075);
#1201=VERTEX_POINT('',#4078);
#1202=VERTEX_POINT('',#4081);
#1203=VERTEX_POINT('',#4083);
#1204=VERTEX_POINT('',#4087);
#1205=VERTEX_POINT('',#4089);
#1206=VERTEX_POINT('',#4093);
#1207=VERTEX_POINT('',#4097);
#1208=VERTEX_POINT('',#4099);
#1209=VERTEX_POINT('',#4103);
#1210=VERTEX_POINT('',#4105);
#1211=VERTEX_POINT('',#4109);
#1212=VERTEX_POINT('',#4111);
#1213=VERTEX_POINT('',#4115);
#1214=VERTEX_POINT('',#4117);
#1215=VERTEX_POINT('',#4121);
#1216=VERTEX_POINT('',#4125);
#1217=VERTEX_POINT('',#4127);
#1218=VERTEX_POINT('',#4131);
#1219=VERTEX_POINT('',#4133);
#1220=VERTEX_POINT('',#4137);
#1221=VERTEX_POINT('',#4139);
#1222=VERTEX_POINT('',#4143);
#1223=VERTEX_POINT('',#4145);
#1224=VERTEX_POINT('',#4149);
#1225=VERTEX_POINT('',#4151);
#1226=VERTEX_POINT('',#4155);
#1227=VERTEX_POINT('',#4157);
#1228=VERTEX_POINT('',#4161);
#1229=VERTEX_POINT('',#4163);
#1230=VERTEX_POINT('',#4167);
#1231=VERTEX_POINT('',#4169);
#1232=VERTEX_POINT('',#4173);
#1233=VERTEX_POINT('',#4177);
#1234=VERTEX_POINT('',#4178);
#1235=VERTEX_POINT('',#4180);
#1236=VERTEX_POINT('',#4182);
#1237=VERTEX_POINT('',#4186);
#1238=VERTEX_POINT('',#4187);
#1239=VERTEX_POINT('',#4192);
#1240=VERTEX_POINT('',#4194);
#1241=VERTEX_POINT('',#4198);
#1242=VERTEX_POINT('',#4200);
#1243=VERTEX_POINT('',#4204);
#1244=VERTEX_POINT('',#4208);
#1245=VERTEX_POINT('',#4210);
#1246=VERTEX_POINT('',#4214);
#1247=VERTEX_POINT('',#4216);
#1248=VERTEX_POINT('',#4220);
#1249=VERTEX_POINT('',#4222);
#1250=VERTEX_POINT('',#4226);
#1251=VERTEX_POINT('',#4228);
#1252=VERTEX_POINT('',#4232);
#1253=VERTEX_POINT('',#4234);
#1254=VERTEX_POINT('',#4238);
#1255=VERTEX_POINT('',#4239);
#1256=VERTEX_POINT('',#4241);
#1257=VERTEX_POINT('',#4243);
#1258=VERTEX_POINT('',#4247);
#1259=VERTEX_POINT('',#4248);
#1260=VERTEX_POINT('',#4253);
#1261=VERTEX_POINT('',#4255);
#1262=VERTEX_POINT('',#4259);
#1263=VERTEX_POINT('',#4264);
#1264=VERTEX_POINT('',#4269);
#1265=VERTEX_POINT('',#4274);
#1266=VERTEX_POINT('',#4279);
#1267=VERTEX_POINT('',#4284);
#1268=VERTEX_POINT('',#4289);
#1269=VERTEX_POINT('',#4294);
#1270=VERTEX_POINT('',#4299);
#1271=VERTEX_POINT('',#4304);
#1272=VERTEX_POINT('',#4309);
#1273=VERTEX_POINT('',#4314);
#1274=VERTEX_POINT('',#4319);
#1275=VERTEX_POINT('',#4324);
#1276=VERTEX_POINT('',#4329);
#1277=VERTEX_POINT('',#4334);
#1278=VERTEX_POINT('',#4339);
#1279=VERTEX_POINT('',#4344);
#1280=VERTEX_POINT('',#4349);
#1281=VERTEX_POINT('',#4354);
#1282=VERTEX_POINT('',#4359);
#1283=VERTEX_POINT('',#4363);
#1284=VERTEX_POINT('',#4369);
#1285=VERTEX_POINT('',#4373);
#1286=VERTEX_POINT('',#4378);
#1287=VERTEX_POINT('',#4380);
#1288=VERTEX_POINT('',#4382);
#1289=VERTEX_POINT('',#4385);
#1290=VERTEX_POINT('',#4387);
#1291=VERTEX_POINT('',#4389);
#1292=VERTEX_POINT('',#4394);
#1293=VERTEX_POINT('',#4398);
#1294=VERTEX_POINT('',#4402);
#1295=VERTEX_POINT('',#4405);
#1296=VERTEX_POINT('',#4409);
#1297=VERTEX_POINT('',#4415);
#1298=VERTEX_POINT('',#4419);
#1299=VERTEX_POINT('',#4425);
#1300=VERTEX_POINT('',#4427);
#1301=VERTEX_POINT('',#4431);
#1302=VERTEX_POINT('',#4433);
#1303=VERTEX_POINT('',#4447);
#1304=VERTEX_POINT('',#4452);
#1305=VERTEX_POINT('',#4460);
#1306=VERTEX_POINT('',#4462);
#1307=VERTEX_POINT('',#4464);
#1308=VERTEX_POINT('',#4466);
#1309=VERTEX_POINT('',#4469);
#1310=VERTEX_POINT('',#4474);
#1311=VERTEX_POINT('',#4475);
#1312=VERTEX_POINT('',#4480);
#1313=VERTEX_POINT('',#4484);
#1314=VERTEX_POINT('',#4485);
#1315=VERTEX_POINT('',#4490);
#1316=VERTEX_POINT('',#4492);
#1317=VERTEX_POINT('',#4494);
#1318=VERTEX_POINT('',#4496);
#1319=VERTEX_POINT('',#4498);
#1320=VERTEX_POINT('',#4500);
#1321=VERTEX_POINT('',#4508);
#1322=VERTEX_POINT('',#4526);
#1323=VERTEX_POINT('',#4531);
#1324=VERTEX_POINT('',#4535);
#1325=VERTEX_POINT('',#4537);
#1326=VERTEX_POINT('',#4539);
#1327=VERTEX_POINT('',#4541);
#1328=VERTEX_POINT('',#4543);
#1329=VERTEX_POINT('',#4545);
#1330=VERTEX_POINT('',#4547);
#1331=VERTEX_POINT('',#4549);
#1332=VERTEX_POINT('',#4552);
#1333=VERTEX_POINT('',#4554);
#1334=VERTEX_POINT('',#4557);
#1335=VERTEX_POINT('',#4558);
#1336=VERTEX_POINT('',#4564);
#1337=VERTEX_POINT('',#4568);
#1338=VERTEX_POINT('',#4570);
#1339=VERTEX_POINT('',#4572);
#1340=VERTEX_POINT('',#4574);
#1341=VERTEX_POINT('',#4580);
#1342=VERTEX_POINT('',#4585);
#1343=VERTEX_POINT('',#4587);
#1344=VERTEX_POINT('',#4601);
#1345=VERTEX_POINT('',#4603);
#1346=VERTEX_POINT('',#4605);
#1347=VERTEX_POINT('',#4607);
#1348=VERTEX_POINT('',#4609);
#1349=VERTEX_POINT('',#4611);
#1350=VERTEX_POINT('',#4613);
#1351=VERTEX_POINT('',#4615);
#1352=VERTEX_POINT('',#4617);
#1353=VERTEX_POINT('',#4619);
#1354=VERTEX_POINT('',#4621);
#1355=VERTEX_POINT('',#4623);
#1356=VERTEX_POINT('',#4625);
#1357=VERTEX_POINT('',#4627);
#1358=VERTEX_POINT('',#4641);
#1359=VERTEX_POINT('',#4643);
#1360=VERTEX_POINT('',#4648);
#1361=VERTEX_POINT('',#4656);
#1362=VERTEX_POINT('',#4658);
#1363=VERTEX_POINT('',#4660);
#1364=VERTEX_POINT('',#4662);
#1365=VERTEX_POINT('',#4664);
#1366=VERTEX_POINT('',#4666);
#1367=VERTEX_POINT('',#4668);
#1368=VERTEX_POINT('',#4670);
#1369=VERTEX_POINT('',#4672);
#1370=VERTEX_POINT('',#4674);
#1371=VERTEX_POINT('',#4676);
#1372=VERTEX_POINT('',#4679);
#1373=VERTEX_POINT('',#4681);
#1374=VERTEX_POINT('',#4683);
#1375=VERTEX_POINT('',#4685);
#1376=VERTEX_POINT('',#4687);
#1377=VERTEX_POINT('',#4689);
#1378=VERTEX_POINT('',#4691);
#1379=VERTEX_POINT('',#4693);
#1380=VERTEX_POINT('',#4710);
#1381=VERTEX_POINT('',#4711);
#1382=VERTEX_POINT('',#4722);
#1383=VERTEX_POINT('',#4724);
#1384=VERTEX_POINT('',#4737);
#1385=VERTEX_POINT('',#4744);
#1386=VERTEX_POINT('',#4755);
#1387=VERTEX_POINT('',#4757);
#1388=VERTEX_POINT('',#4760);
#1389=VERTEX_POINT('',#4763);
#1390=VERTEX_POINT('',#4764);
#1391=VERTEX_POINT('',#4777);
#1392=VERTEX_POINT('',#4779);
#1393=VERTEX_POINT('',#4790);
#1394=VERTEX_POINT('',#4799);
#1395=VERTEX_POINT('',#4808);
#1396=VERTEX_POINT('',#4810);
#1397=VERTEX_POINT('',#4813);
#1398=EDGE_CURVE('',#1144,#1145,#966,.T.);
#1399=EDGE_CURVE('',#1144,#1146,#616,.T.);
#1400=EDGE_CURVE('',#1147,#1146,#967,.T.);
#1401=EDGE_CURVE('',#1147,#1148,#617,.T.);
#1402=EDGE_CURVE('',#1149,#1148,#968,.T.);
#1403=EDGE_CURVE('',#1149,#1150,#618,.T.);
#1404=EDGE_CURVE('',#1151,#1150,#969,.T.);
#1405=EDGE_CURVE('',#1151,#1145,#619,.T.);
#1406=EDGE_CURVE('',#1152,#1153,#970,.T.);
#1407=EDGE_CURVE('',#1153,#1154,#971,.T.);
#1408=EDGE_CURVE('',#1154,#1155,#197,.T.);
#1409=EDGE_CURVE('',#1155,#1156,#972,.T.);
#1410=EDGE_CURVE('',#1156,#1157,#198,.T.);
#1411=EDGE_CURVE('',#1157,#1158,#973,.T.);
#1412=EDGE_CURVE('',#1158,#1159,#199,.T.);
#1413=EDGE_CURVE('',#1159,#1160,#974,.T.);
#1414=EDGE_CURVE('',#1160,#1161,#200,.T.);
#1415=EDGE_CURVE('',#1161,#1162,#201,.T.);
#1416=EDGE_CURVE('',#1162,#1163,#975,.T.);
#1417=EDGE_CURVE('',#1163,#1164,#976,.T.);
#1418=EDGE_CURVE('',#1164,#1165,#620,.T.);
#1419=EDGE_CURVE('',#1165,#1166,#977,.T.);
#1420=EDGE_CURVE('',#1166,#1167,#978,.T.);
#1421=EDGE_CURVE('',#1167,#1168,#979,.T.);
#1422=EDGE_CURVE('',#1168,#1169,#621,.T.);
#1423=EDGE_CURVE('',#1169,#1170,#980,.T.);
#1424=EDGE_CURVE('',#1170,#1171,#981,.T.);
#1425=EDGE_CURVE('',#1171,#1172,#982,.T.);
#1426=EDGE_CURVE('',#1172,#1173,#622,.T.);
#1427=EDGE_CURVE('',#1173,#1174,#983,.T.);
#1428=EDGE_CURVE('',#1174,#1175,#984,.T.);
#1429=EDGE_CURVE('',#1175,#1176,#985,.T.);
#1430=EDGE_CURVE('',#1176,#1152,#623,.T.);
#1431=EDGE_CURVE('',#1177,#1177,#986,.T.);
#1432=EDGE_CURVE('',#1178,#1178,#987,.T.);
#1433=EDGE_CURVE('',#1179,#1179,#988,.T.);
#1434=EDGE_CURVE('',#1180,#1180,#989,.T.);
#1435=EDGE_CURVE('',#1181,#1181,#990,.T.);
#1436=EDGE_CURVE('',#1182,#1182,#991,.T.);
#1437=EDGE_CURVE('',#1183,#1183,#992,.T.);
#1438=EDGE_CURVE('',#1184,#1184,#993,.T.);
#1439=EDGE_CURVE('',#1185,#1185,#994,.T.);
#1440=EDGE_CURVE('',#1186,#1186,#995,.T.);
#1441=EDGE_CURVE('',#1187,#1187,#996,.T.);
#1442=EDGE_CURVE('',#1188,#1188,#997,.T.);
#1443=EDGE_CURVE('',#1189,#1189,#998,.T.);
#1444=EDGE_CURVE('',#1190,#1190,#999,.T.);
#1445=EDGE_CURVE('',#1191,#1191,#1000,.T.);
#1446=EDGE_CURVE('',#1192,#1192,#1001,.T.);
#1447=EDGE_CURVE('',#1193,#1193,#1002,.T.);
#1448=EDGE_CURVE('',#1194,#1194,#1003,.T.);
#1449=EDGE_CURVE('',#1195,#1195,#1004,.T.);
#1450=EDGE_CURVE('',#1196,#1196,#1005,.T.);
#1451=EDGE_CURVE('',#1197,#1197,#1006,.T.);
#1452=EDGE_CURVE('',#1198,#1198,#1007,.T.);
#1453=EDGE_CURVE('',#1199,#1199,#1008,.T.);
#1454=EDGE_CURVE('',#1200,#1200,#1009,.T.);
#1455=EDGE_CURVE('',#1201,#1201,#1010,.T.);
#1456=EDGE_CURVE('',#1202,#1144,#624,.T.);
#1457=EDGE_CURVE('',#1203,#1202,#625,.T.);
#1458=EDGE_CURVE('',#1146,#1203,#626,.T.);
#1459=EDGE_CURVE('',#1150,#1204,#627,.T.);
#1460=EDGE_CURVE('',#1205,#1149,#628,.T.);
#1461=EDGE_CURVE('',#1204,#1205,#629,.T.);
#1462=EDGE_CURVE('',#1177,#1206,#630,.T.);
#1463=EDGE_CURVE('',#1206,#1206,#1011,.T.);
#1464=EDGE_CURVE('',#1207,#1207,#1012,.T.);
#1465=EDGE_CURVE('',#1207,#1208,#631,.T.);
#1466=EDGE_CURVE('',#1208,#1208,#1013,.T.);
#1467=EDGE_CURVE('',#1209,#1209,#1014,.T.);
#1468=EDGE_CURVE('',#1209,#1210,#632,.T.);
#1469=EDGE_CURVE('',#1210,#1210,#1015,.T.);
#1470=EDGE_CURVE('',#1211,#1211,#1016,.T.);
#1471=EDGE_CURVE('',#1211,#1212,#633,.T.);
#1472=EDGE_CURVE('',#1212,#1212,#1017,.T.);
#1473=EDGE_CURVE('',#1213,#1213,#1018,.T.);
#1474=EDGE_CURVE('',#1213,#1214,#634,.T.);
#1475=EDGE_CURVE('',#1214,#1214,#1019,.T.);
#1476=EDGE_CURVE('',#1178,#1215,#635,.T.);
#1477=EDGE_CURVE('',#1215,#1215,#1020,.T.);
#1478=EDGE_CURVE('',#1216,#1216,#1021,.T.);
#1479=EDGE_CURVE('',#1216,#1217,#636,.T.);
#1480=EDGE_CURVE('',#1217,#1217,#1022,.T.);
#1481=EDGE_CURVE('',#1218,#1218,#1023,.T.);
#1482=EDGE_CURVE('',#1218,#1219,#637,.T.);
#1483=EDGE_CURVE('',#1219,#1219,#1024,.T.);
#1484=EDGE_CURVE('',#1220,#1220,#1025,.T.);
#1485=EDGE_CURVE('',#1220,#1221,#638,.T.);
#1486=EDGE_CURVE('',#1221,#1221,#1026,.T.);
#1487=EDGE_CURVE('',#1222,#1222,#1027,.T.);
#1488=EDGE_CURVE('',#1222,#1223,#639,.T.);
#1489=EDGE_CURVE('',#1223,#1223,#1028,.T.);
#1490=EDGE_CURVE('',#1224,#1224,#1029,.T.);
#1491=EDGE_CURVE('',#1224,#1225,#640,.T.);
#1492=EDGE_CURVE('',#1225,#1225,#1030,.T.);
#1493=EDGE_CURVE('',#1226,#1226,#1031,.T.);
#1494=EDGE_CURVE('',#1226,#1227,#641,.T.);
#1495=EDGE_CURVE('',#1227,#1227,#1032,.T.);
#1496=EDGE_CURVE('',#1228,#1228,#1033,.T.);
#1497=EDGE_CURVE('',#1228,#1229,#642,.T.);
#1498=EDGE_CURVE('',#1229,#1229,#1034,.T.);
#1499=EDGE_CURVE('',#1230,#1230,#1035,.T.);
#1500=EDGE_CURVE('',#1230,#1231,#643,.T.);
#1501=EDGE_CURVE('',#1231,#1231,#1036,.T.);
#1502=EDGE_CURVE('',#1179,#1232,#644,.T.);
#1503=EDGE_CURVE('',#1232,#1232,#1037,.T.);
#1504=EDGE_CURVE('',#1233,#1234,#645,.T.);
#1505=EDGE_CURVE('',#1235,#1233,#646,.T.);
#1506=EDGE_CURVE('',#1236,#1235,#647,.T.);
#1507=EDGE_CURVE('',#1234,#1236,#648,.T.);
#1508=EDGE_CURVE('',#1237,#1238,#649,.T.);
#1509=EDGE_CURVE('',#1233,#1237,#650,.T.);
#1510=EDGE_CURVE('',#1238,#1234,#651,.T.);
#1511=EDGE_CURVE('',#1239,#1239,#1038,.T.);
#1512=EDGE_CURVE('',#1239,#1240,#652,.T.);
#1513=EDGE_CURVE('',#1240,#1240,#1039,.T.);
#1514=EDGE_CURVE('',#1241,#1241,#1040,.T.);
#1515=EDGE_CURVE('',#1241,#1242,#653,.T.);
#1516=EDGE_CURVE('',#1242,#1242,#1041,.T.);
#1517=EDGE_CURVE('',#1180,#1243,#654,.T.);
#1518=EDGE_CURVE('',#1243,#1243,#1042,.T.);
#1519=EDGE_CURVE('',#1244,#1244,#1043,.T.);
#1520=EDGE_CURVE('',#1244,#1245,#655,.T.);
#1521=EDGE_CURVE('',#1245,#1245,#1044,.T.);
#1522=EDGE_CURVE('',#1246,#1246,#1045,.T.);
#1523=EDGE_CURVE('',#1246,#1247,#656,.T.);
#1524=EDGE_CURVE('',#1247,#1247,#1046,.T.);
#1525=EDGE_CURVE('',#1248,#1248,#1047,.T.);
#1526=EDGE_CURVE('',#1248,#1249,#657,.T.);
#1527=EDGE_CURVE('',#1249,#1249,#1048,.T.);
#1528=EDGE_CURVE('',#1250,#1250,#1049,.T.);
#1529=EDGE_CURVE('',#1250,#1251,#658,.T.);
#1530=EDGE_CURVE('',#1251,#1251,#1050,.T.);
#1531=EDGE_CURVE('',#1252,#1252,#1051,.T.);
#1532=EDGE_CURVE('',#1252,#1253,#659,.T.);
#1533=EDGE_CURVE('',#1253,#1253,#1052,.T.);
#1534=EDGE_CURVE('',#1254,#1255,#660,.T.);
#1535=EDGE_CURVE('',#1256,#1254,#661,.T.);
#1536=EDGE_CURVE('',#1257,#1256,#662,.T.);
#1537=EDGE_CURVE('',#1255,#1257,#663,.T.);
#1538=EDGE_CURVE('',#1258,#1259,#664,.T.);
#1539=EDGE_CURVE('',#1254,#1258,#665,.T.);
#1540=EDGE_CURVE('',#1259,#1255,#666,.T.);
#1541=EDGE_CURVE('',#1260,#1260,#1053,.T.);
#1542=EDGE_CURVE('',#1260,#1261,#667,.T.);
#1543=EDGE_CURVE('',#1261,#1261,#1054,.T.);
#1544=EDGE_CURVE('',#1262,#1262,#1055,.T.);
#1545=EDGE_CURVE('',#1262,#1181,#668,.T.);
#1546=EDGE_CURVE('',#1263,#1263,#1056,.T.);
#1547=EDGE_CURVE('',#1263,#1182,#669,.T.);
#1548=EDGE_CURVE('',#1264,#1264,#1057,.T.);
#1549=EDGE_CURVE('',#1264,#1183,#670,.T.);
#1550=EDGE_CURVE('',#1265,#1265,#1058,.T.);
#1551=EDGE_CURVE('',#1265,#1184,#671,.T.);
#1552=EDGE_CURVE('',#1266,#1266,#1059,.T.);
#1553=EDGE_CURVE('',#1266,#1185,#672,.T.);
#1554=EDGE_CURVE('',#1267,#1267,#1060,.T.);
#1555=EDGE_CURVE('',#1267,#1186,#673,.T.);
#1556=EDGE_CURVE('',#1268,#1268,#1061,.T.);
#1557=EDGE_CURVE('',#1268,#1187,#674,.T.);
#1558=EDGE_CURVE('',#1269,#1269,#1062,.T.);
#1559=EDGE_CURVE('',#1269,#1188,#675,.T.);
#1560=EDGE_CURVE('',#1270,#1270,#1063,.T.);
#1561=EDGE_CURVE('',#1270,#1189,#676,.T.);
#1562=EDGE_CURVE('',#1271,#1271,#1064,.T.);
#1563=EDGE_CURVE('',#1271,#1190,#677,.T.);
#1564=EDGE_CURVE('',#1272,#1272,#1065,.T.);
#1565=EDGE_CURVE('',#1272,#1191,#678,.T.);
#1566=EDGE_CURVE('',#1273,#1273,#1066,.T.);
#1567=EDGE_CURVE('',#1273,#1192,#679,.T.);
#1568=EDGE_CURVE('',#1274,#1274,#1067,.T.);
#1569=EDGE_CURVE('',#1274,#1193,#680,.T.);
#1570=EDGE_CURVE('',#1275,#1275,#1068,.T.);
#1571=EDGE_CURVE('',#1275,#1194,#681,.T.);
#1572=EDGE_CURVE('',#1276,#1276,#1069,.T.);
#1573=EDGE_CURVE('',#1276,#1195,#682,.T.);
#1574=EDGE_CURVE('',#1277,#1277,#1070,.T.);
#1575=EDGE_CURVE('',#1277,#1196,#683,.T.);
#1576=EDGE_CURVE('',#1278,#1278,#1071,.T.);
#1577=EDGE_CURVE('',#1278,#1197,#684,.T.);
#1578=EDGE_CURVE('',#1279,#1279,#1072,.T.);
#1579=EDGE_CURVE('',#1279,#1198,#685,.T.);
#1580=EDGE_CURVE('',#1280,#1280,#1073,.T.);
#1581=EDGE_CURVE('',#1280,#1199,#686,.T.);
#1582=EDGE_CURVE('',#1281,#1281,#1074,.T.);
#1583=EDGE_CURVE('',#1281,#1200,#687,.T.);
#1584=EDGE_CURVE('',#1148,#1282,#688,.T.);
#1585=EDGE_CURVE('',#1282,#1205,#1075,.T.);
#1586=EDGE_CURVE('',#1283,#1147,#689,.T.);
#1587=EDGE_CURVE('',#1282,#1283,#690,.T.);
#1588=EDGE_CURVE('',#1203,#1283,#1076,.T.);
#1589=EDGE_CURVE('',#1204,#1284,#1077,.T.);
#1590=EDGE_CURVE('',#1284,#1151,#691,.T.);
#1591=EDGE_CURVE('',#1145,#1285,#692,.T.);
#1592=EDGE_CURVE('',#1285,#1284,#693,.T.);
#1593=EDGE_CURVE('',#1285,#1202,#1078,.T.);
#1594=EDGE_CURVE('',#1286,#1258,#1079,.T.);
#1595=EDGE_CURVE('',#1286,#1287,#694,.T.);
#1596=EDGE_CURVE('',#1288,#1287,#1080,.T.);
#1597=EDGE_CURVE('',#1288,#1256,#695,.T.);
#1598=EDGE_CURVE('',#1289,#1237,#1081,.T.);
#1599=EDGE_CURVE('',#1289,#1290,#696,.T.);
#1600=EDGE_CURVE('',#1291,#1290,#1082,.T.);
#1601=EDGE_CURVE('',#1291,#1235,#697,.T.);
#1602=EDGE_CURVE('',#1292,#1289,#698,.T.);
#1603=EDGE_CURVE('',#1292,#1238,#1083,.T.);
#1604=EDGE_CURVE('',#1293,#1286,#699,.T.);
#1605=EDGE_CURVE('',#1293,#1259,#1084,.T.);
#1606=EDGE_CURVE('',#1294,#1294,#1085,.T.);
#1607=EDGE_CURVE('',#1295,#1291,#700,.T.);
#1608=EDGE_CURVE('',#1236,#1295,#701,.T.);
#1609=EDGE_CURVE('',#1290,#1296,#702,.T.);
#1610=EDGE_CURVE('',#1295,#1296,#1086,.T.);
#1611=EDGE_CURVE('',#1296,#1292,#703,.T.);
#1612=EDGE_CURVE('',#1297,#1288,#704,.T.);
#1613=EDGE_CURVE('',#1257,#1297,#705,.T.);
#1614=EDGE_CURVE('',#1287,#1298,#706,.T.);
#1615=EDGE_CURVE('',#1297,#1298,#1087,.T.);
#1616=EDGE_CURVE('',#1298,#1293,#707,.T.);
#1617=EDGE_CURVE('',#1163,#1299,#708,.T.);
#1618=EDGE_CURVE('',#1300,#1299,#1088,.T.);
#1619=EDGE_CURVE('',#1300,#1164,#709,.T.);
#1620=EDGE_CURVE('',#1301,#1299,#1089,.T.);
#1621=EDGE_CURVE('',#1302,#1301,#202,.T.);
#1622=EDGE_CURVE('',#1303,#1302,#203,.T.);
#1623=EDGE_CURVE('',#1303,#1304,#204,.F.);
#1624=EDGE_CURVE('',#1304,#1305,#710,.T.);
#1625=EDGE_CURVE('',#1305,#1306,#1090,.T.);
#1626=EDGE_CURVE('',#1306,#1307,#711,.T.);
#1627=EDGE_CURVE('',#1307,#1308,#1091,.T.);
#1628=EDGE_CURVE('',#1308,#1300,#712,.T.);
#1629=EDGE_CURVE('',#1309,#1309,#1092,.T.);
#1630=EDGE_CURVE('',#1162,#1301,#713,.T.);
#1631=EDGE_CURVE('',#1310,#1311,#1093,.T.);
#1632=EDGE_CURVE('',#1310,#1170,#714,.T.);
#1633=EDGE_CURVE('',#1169,#1311,#715,.T.);
#1634=EDGE_CURVE('',#1310,#1312,#1094,.T.);
#1635=EDGE_CURVE('',#1312,#1171,#716,.T.);
#1636=EDGE_CURVE('',#1313,#1314,#1095,.T.);
#1637=EDGE_CURVE('',#1313,#1153,#717,.T.);
#1638=EDGE_CURVE('',#1152,#1314,#718,.T.);
#1639=EDGE_CURVE('',#1314,#1315,#719,.T.);
#1640=EDGE_CURVE('',#1316,#1315,#1096,.F.);
#1641=EDGE_CURVE('',#1316,#1317,#720,.T.);
#1642=EDGE_CURVE('',#1317,#1318,#1097,.T.);
#1643=EDGE_CURVE('',#1318,#1319,#721,.T.);
#1644=EDGE_CURVE('',#1320,#1319,#205,.T.);
#1645=EDGE_CURVE('',#1321,#1320,#206,.T.);
#1646=EDGE_CURVE('',#1313,#1321,#1098,.T.);
#1647=EDGE_CURVE('',#1322,#1322,#1099,.T.);
#1648=EDGE_CURVE('',#1315,#1176,#722,.T.);
#1649=EDGE_CURVE('',#1323,#1312,#1100,.T.);
#1650=EDGE_CURVE('',#1323,#1172,#723,.T.);
#1651=EDGE_CURVE('',#1311,#1324,#724,.T.);
#1652=EDGE_CURVE('',#1325,#1324,#1101,.F.);
#1653=EDGE_CURVE('',#1325,#1326,#725,.T.);
#1654=EDGE_CURVE('',#1327,#1326,#1102,.T.);
#1655=EDGE_CURVE('',#1327,#1328,#726,.T.);
#1656=EDGE_CURVE('',#1329,#1328,#1103,.T.);
#1657=EDGE_CURVE('',#1329,#1330,#727,.T.);
#1658=EDGE_CURVE('',#1330,#1331,#1104,.T.);
#1659=EDGE_CURVE('',#1331,#1323,#728,.T.);
#1660=EDGE_CURVE('',#1332,#1332,#1105,.T.);
#1661=EDGE_CURVE('',#1333,#1333,#1106,.T.);
#1662=EDGE_CURVE('',#1334,#1335,#1107,.T.);
#1663=EDGE_CURVE('',#1335,#1166,#729,.T.);
#1664=EDGE_CURVE('',#1165,#1308,#730,.T.);
#1665=EDGE_CURVE('',#1307,#1334,#731,.F.);
#1666=EDGE_CURVE('',#1335,#1336,#1108,.T.);
#1667=EDGE_CURVE('',#1336,#1167,#732,.T.);
#1668=EDGE_CURVE('',#1334,#1337,#733,.T.);
#1669=EDGE_CURVE('',#1337,#1338,#1109,.T.);
#1670=EDGE_CURVE('',#1339,#1338,#734,.T.);
#1671=EDGE_CURVE('',#1340,#1339,#207,.T.);
#1672=EDGE_CURVE('',#1340,#1341,#208,.T.);
#1673=EDGE_CURVE('',#1341,#1342,#1110,.T.);
#1674=EDGE_CURVE('',#1342,#1343,#209,.T.);
#1675=EDGE_CURVE('',#1343,#1344,#1111,.T.);
#1676=EDGE_CURVE('',#1345,#1344,#1112,.T.);
#1677=EDGE_CURVE('',#1345,#1346,#735,.T.);
#1678=EDGE_CURVE('',#1346,#1347,#1113,.T.);
#1679=EDGE_CURVE('',#1348,#1347,#736,.T.);
#1680=EDGE_CURVE('',#1349,#1348,#1114,.T.);
#1681=EDGE_CURVE('',#1349,#1350,#1115,.T.);
#1682=EDGE_CURVE('',#1351,#1350,#1116,.T.);
#1683=EDGE_CURVE('',#1351,#1352,#737,.T.);
#1684=EDGE_CURVE('',#1352,#1353,#1117,.T.);
#1685=EDGE_CURVE('',#1354,#1353,#738,.T.);
#1686=EDGE_CURVE('',#1355,#1354,#1118,.T.);
#1687=EDGE_CURVE('',#1355,#1356,#1119,.T.);
#1688=EDGE_CURVE('',#1356,#1357,#210,.T.);
#1689=EDGE_CURVE('',#1357,#1358,#1120,.T.);
#1690=EDGE_CURVE('',#1358,#1359,#211,.T.);
#1691=EDGE_CURVE('',#1360,#1359,#212,.T.);
#1692=EDGE_CURVE('',#1360,#1361,#739,.T.);
#1693=EDGE_CURVE('',#1361,#1362,#1121,.T.);
#1694=EDGE_CURVE('',#1363,#1362,#740,.T.);
#1695=EDGE_CURVE('',#1364,#1363,#1122,.T.);
#1696=EDGE_CURVE('',#1365,#1364,#1123,.T.);
#1697=EDGE_CURVE('',#1366,#1365,#1124,.T.);
#1698=EDGE_CURVE('',#1367,#1366,#741,.T.);
#1699=EDGE_CURVE('',#1368,#1367,#1125,.T.);
#1700=EDGE_CURVE('',#1369,#1368,#742,.T.);
#1701=EDGE_CURVE('',#1370,#1369,#1126,.T.);
#1702=EDGE_CURVE('',#1371,#1370,#743,.T.);
#1703=EDGE_CURVE('',#1336,#1371,#1127,.T.);
#1704=EDGE_CURVE('',#1372,#1372,#1128,.T.);
#1705=EDGE_CURVE('',#1373,#1373,#1129,.T.);
#1706=EDGE_CURVE('',#1374,#1374,#1130,.T.);
#1707=EDGE_CURVE('',#1375,#1375,#1131,.T.);
#1708=EDGE_CURVE('',#1376,#1376,#1132,.T.);
#1709=EDGE_CURVE('',#1377,#1377,#1133,.T.);
#1710=EDGE_CURVE('',#1378,#1378,#1134,.T.);
#1711=EDGE_CURVE('',#1379,#1379,#1135,.T.);
#1712=EDGE_CURVE('',#1324,#1168,#744,.T.);
#1713=EDGE_CURVE('',#1325,#1371,#745,.T.);
#1714=EDGE_CURVE('',#1365,#1174,#746,.T.);
#1715=EDGE_CURVE('',#1173,#1331,#747,.T.);
#1716=EDGE_CURVE('',#1330,#1366,#748,.F.);
#1717=EDGE_CURVE('',#1364,#1175,#749,.T.);
#1718=EDGE_CURVE('',#1316,#1363,#750,.T.);
#1719=EDGE_CURVE('',#1380,#1381,#213,.F.);
#1720=EDGE_CURVE('',#1380,#1382,#1136,.T.);
#1721=EDGE_CURVE('',#1382,#1383,#214,.T.);
#1722=EDGE_CURVE('',#1383,#1384,#215,.T.);
#1723=EDGE_CURVE('',#1384,#1385,#1137,.T.);
#1724=EDGE_CURVE('',#1381,#1385,#216,.F.);
#1725=EDGE_CURVE('',#1384,#1386,#751,.T.);
#1726=EDGE_CURVE('',#1386,#1387,#1138,.T.);
#1727=EDGE_CURVE('',#1387,#1385,#752,.T.);
#1728=EDGE_CURVE('',#1388,#1388,#1139,.T.);
#1729=EDGE_CURVE('',#1389,#1390,#217,.F.);
#1730=EDGE_CURVE('',#1389,#1391,#1140,.T.);
#1731=EDGE_CURVE('',#1391,#1392,#218,.T.);
#1732=EDGE_CURVE('',#1392,#1393,#219,.T.);
#1733=EDGE_CURVE('',#1393,#1394,#1141,.T.);
#1734=EDGE_CURVE('',#1390,#1394,#220,.F.);
#1735=EDGE_CURVE('',#1393,#1395,#753,.T.);
#1736=EDGE_CURVE('',#1395,#1396,#1142,.T.);
#1737=EDGE_CURVE('',#1396,#1394,#754,.T.);
#1738=EDGE_CURVE('',#1397,#1397,#1143,.T.);
#1739=EDGE_CURVE('',#1319,#1360,#221,.T.);
#1740=EDGE_CURVE('',#1359,#1320,#222,.T.);
#1741=EDGE_CURVE('',#1361,#1318,#755,.T.);
#1742=EDGE_CURVE('',#1362,#1317,#756,.T.);
#1743=EDGE_CURVE('',#1326,#1370,#757,.T.);
#1744=EDGE_CURVE('',#1303,#1340,#223,.T.);
#1745=EDGE_CURVE('',#1339,#1304,#224,.T.);
#1746=EDGE_CURVE('',#1338,#1305,#758,.T.);
#1747=EDGE_CURVE('',#1369,#1327,#759,.T.);
#1748=EDGE_CURVE('',#1328,#1368,#760,.T.);
#1749=EDGE_CURVE('',#1367,#1329,#761,.T.);
#1750=EDGE_CURVE('',#1388,#1372,#762,.T.);
#1751=EDGE_CURVE('',#1353,#1386,#763,.T.);
#1752=EDGE_CURVE('',#1354,#1383,#764,.T.);
#1753=EDGE_CURVE('',#1355,#1382,#765,.T.);
#1754=EDGE_CURVE('',#1350,#1380,#766,.T.);
#1755=EDGE_CURVE('',#1351,#1381,#767,.T.);
#1756=EDGE_CURVE('',#1352,#1387,#768,.T.);
#1757=EDGE_CURVE('',#1397,#1373,#769,.T.);
#1758=EDGE_CURVE('',#1347,#1395,#770,.T.);
#1759=EDGE_CURVE('',#1348,#1392,#771,.T.);
#1760=EDGE_CURVE('',#1349,#1391,#772,.T.);
#1761=EDGE_CURVE('',#1344,#1389,#773,.T.);
#1762=EDGE_CURVE('',#1345,#1390,#774,.T.);
#1763=EDGE_CURVE('',#1346,#1396,#775,.T.);
#1764=EDGE_CURVE('',#1309,#1374,#776,.T.);
#1765=EDGE_CURVE('',#1322,#1375,#777,.T.);
#1766=EDGE_CURVE('',#1333,#1376,#778,.T.);
#1767=EDGE_CURVE('',#1332,#1377,#779,.T.);
#1768=EDGE_CURVE('',#1337,#1306,#780,.T.);
#1769=EDGE_CURVE('',#1158,#1343,#781,.T.);
#1770=EDGE_CURVE('',#1342,#1159,#782,.T.);
#1771=EDGE_CURVE('',#1341,#1160,#783,.T.);
#1772=EDGE_CURVE('',#1302,#1161,#784,.T.);
#1773=EDGE_CURVE('',#1321,#1154,#785,.T.);
#1774=EDGE_CURVE('',#1358,#1155,#786,.T.);
#1775=EDGE_CURVE('',#1357,#1156,#787,.T.);
#1776=EDGE_CURVE('',#1356,#1157,#788,.T.);
#1777=EDGE_CURVE('',#1201,#1379,#789,.T.);
#1778=EDGE_CURVE('',#1294,#1378,#790,.T.);
#1779=ORIENTED_EDGE('',*,*,#1398,.F.);
#1780=ORIENTED_EDGE('',*,*,#1399,.T.);
#1781=ORIENTED_EDGE('',*,*,#1400,.F.);
#1782=ORIENTED_EDGE('',*,*,#1401,.T.);
#1783=ORIENTED_EDGE('',*,*,#1402,.F.);
#1784=ORIENTED_EDGE('',*,*,#1403,.T.);
#1785=ORIENTED_EDGE('',*,*,#1404,.F.);
#1786=ORIENTED_EDGE('',*,*,#1405,.T.);
#1787=ORIENTED_EDGE('',*,*,#1406,.T.);
#1788=ORIENTED_EDGE('',*,*,#1407,.T.);
#1789=ORIENTED_EDGE('',*,*,#1408,.T.);
#1790=ORIENTED_EDGE('',*,*,#1409,.T.);
#1791=ORIENTED_EDGE('',*,*,#1410,.T.);
#1792=ORIENTED_EDGE('',*,*,#1411,.T.);
#1793=ORIENTED_EDGE('',*,*,#1412,.T.);
#1794=ORIENTED_EDGE('',*,*,#1413,.T.);
#1795=ORIENTED_EDGE('',*,*,#1414,.T.);
#1796=ORIENTED_EDGE('',*,*,#1415,.T.);
#1797=ORIENTED_EDGE('',*,*,#1416,.T.);
#1798=ORIENTED_EDGE('',*,*,#1417,.T.);
#1799=ORIENTED_EDGE('',*,*,#1418,.T.);
#1800=ORIENTED_EDGE('',*,*,#1419,.T.);
#1801=ORIENTED_EDGE('',*,*,#1420,.T.);
#1802=ORIENTED_EDGE('',*,*,#1421,.T.);
#1803=ORIENTED_EDGE('',*,*,#1422,.T.);
#1804=ORIENTED_EDGE('',*,*,#1423,.T.);
#1805=ORIENTED_EDGE('',*,*,#1424,.T.);
#1806=ORIENTED_EDGE('',*,*,#1425,.T.);
#1807=ORIENTED_EDGE('',*,*,#1426,.T.);
#1808=ORIENTED_EDGE('',*,*,#1427,.T.);
#1809=ORIENTED_EDGE('',*,*,#1428,.T.);
#1810=ORIENTED_EDGE('',*,*,#1429,.T.);
#1811=ORIENTED_EDGE('',*,*,#1430,.T.);
#1812=ORIENTED_EDGE('',*,*,#1431,.T.);
#1813=ORIENTED_EDGE('',*,*,#1432,.T.);
#1814=ORIENTED_EDGE('',*,*,#1433,.T.);
#1815=ORIENTED_EDGE('',*,*,#1434,.T.);
#1816=ORIENTED_EDGE('',*,*,#1435,.T.);
#1817=ORIENTED_EDGE('',*,*,#1436,.T.);
#1818=ORIENTED_EDGE('',*,*,#1437,.T.);
#1819=ORIENTED_EDGE('',*,*,#1438,.T.);
#1820=ORIENTED_EDGE('',*,*,#1439,.T.);
#1821=ORIENTED_EDGE('',*,*,#1440,.T.);
#1822=ORIENTED_EDGE('',*,*,#1441,.T.);
#1823=ORIENTED_EDGE('',*,*,#1442,.T.);
#1824=ORIENTED_EDGE('',*,*,#1443,.T.);
#1825=ORIENTED_EDGE('',*,*,#1444,.T.);
#1826=ORIENTED_EDGE('',*,*,#1445,.T.);
#1827=ORIENTED_EDGE('',*,*,#1446,.T.);
#1828=ORIENTED_EDGE('',*,*,#1447,.T.);
#1829=ORIENTED_EDGE('',*,*,#1448,.T.);
#1830=ORIENTED_EDGE('',*,*,#1449,.T.);
#1831=ORIENTED_EDGE('',*,*,#1450,.T.);
#1832=ORIENTED_EDGE('',*,*,#1451,.T.);
#1833=ORIENTED_EDGE('',*,*,#1452,.T.);
#1834=ORIENTED_EDGE('',*,*,#1453,.T.);
#1835=ORIENTED_EDGE('',*,*,#1454,.T.);
#1836=ORIENTED_EDGE('',*,*,#1455,.T.);
#1837=ORIENTED_EDGE('',*,*,#1456,.F.);
#1838=ORIENTED_EDGE('',*,*,#1457,.F.);
#1839=ORIENTED_EDGE('',*,*,#1458,.F.);
#1840=ORIENTED_EDGE('',*,*,#1399,.F.);
#1841=ORIENTED_EDGE('',*,*,#1459,.F.);
#1842=ORIENTED_EDGE('',*,*,#1403,.F.);
#1843=ORIENTED_EDGE('',*,*,#1460,.F.);
#1844=ORIENTED_EDGE('',*,*,#1461,.F.);
#1845=ORIENTED_EDGE('',*,*,#1431,.F.);
#1846=ORIENTED_EDGE('',*,*,#1462,.T.);
#1847=ORIENTED_EDGE('',*,*,#1463,.F.);
#1848=ORIENTED_EDGE('',*,*,#1462,.F.);
#1849=ORIENTED_EDGE('',*,*,#1464,.T.);
#1850=ORIENTED_EDGE('',*,*,#1465,.T.);
#1851=ORIENTED_EDGE('',*,*,#1466,.F.);
#1852=ORIENTED_EDGE('',*,*,#1465,.F.);
#1853=ORIENTED_EDGE('',*,*,#1467,.T.);
#1854=ORIENTED_EDGE('',*,*,#1468,.T.);
#1855=ORIENTED_EDGE('',*,*,#1469,.F.);
#1856=ORIENTED_EDGE('',*,*,#1468,.F.);
#1857=ORIENTED_EDGE('',*,*,#1470,.T.);
#1858=ORIENTED_EDGE('',*,*,#1471,.T.);
#1859=ORIENTED_EDGE('',*,*,#1472,.F.);
#1860=ORIENTED_EDGE('',*,*,#1471,.F.);
#1861=ORIENTED_EDGE('',*,*,#1473,.T.);
#1862=ORIENTED_EDGE('',*,*,#1474,.T.);
#1863=ORIENTED_EDGE('',*,*,#1475,.F.);
#1864=ORIENTED_EDGE('',*,*,#1474,.F.);
#1865=ORIENTED_EDGE('',*,*,#1432,.F.);
#1866=ORIENTED_EDGE('',*,*,#1476,.T.);
#1867=ORIENTED_EDGE('',*,*,#1477,.F.);
#1868=ORIENTED_EDGE('',*,*,#1476,.F.);
#1869=ORIENTED_EDGE('',*,*,#1478,.T.);
#1870=ORIENTED_EDGE('',*,*,#1479,.T.);
#1871=ORIENTED_EDGE('',*,*,#1480,.F.);
#1872=ORIENTED_EDGE('',*,*,#1479,.F.);
#1873=ORIENTED_EDGE('',*,*,#1481,.T.);
#1874=ORIENTED_EDGE('',*,*,#1482,.T.);
#1875=ORIENTED_EDGE('',*,*,#1483,.F.);
#1876=ORIENTED_EDGE('',*,*,#1482,.F.);
#1877=ORIENTED_EDGE('',*,*,#1484,.T.);
#1878=ORIENTED_EDGE('',*,*,#1485,.T.);
#1879=ORIENTED_EDGE('',*,*,#1486,.F.);
#1880=ORIENTED_EDGE('',*,*,#1485,.F.);
#1881=ORIENTED_EDGE('',*,*,#1487,.T.);
#1882=ORIENTED_EDGE('',*,*,#1488,.T.);
#1883=ORIENTED_EDGE('',*,*,#1489,.F.);
#1884=ORIENTED_EDGE('',*,*,#1488,.F.);
#1885=ORIENTED_EDGE('',*,*,#1490,.T.);
#1886=ORIENTED_EDGE('',*,*,#1491,.T.);
#1887=ORIENTED_EDGE('',*,*,#1492,.F.);
#1888=ORIENTED_EDGE('',*,*,#1491,.F.);
#1889=ORIENTED_EDGE('',*,*,#1493,.T.);
#1890=ORIENTED_EDGE('',*,*,#1494,.T.);
#1891=ORIENTED_EDGE('',*,*,#1495,.F.);
#1892=ORIENTED_EDGE('',*,*,#1494,.F.);
#1893=ORIENTED_EDGE('',*,*,#1496,.T.);
#1894=ORIENTED_EDGE('',*,*,#1497,.T.);
#1895=ORIENTED_EDGE('',*,*,#1498,.F.);
#1896=ORIENTED_EDGE('',*,*,#1497,.F.);
#1897=ORIENTED_EDGE('',*,*,#1499,.T.);
#1898=ORIENTED_EDGE('',*,*,#1500,.T.);
#1899=ORIENTED_EDGE('',*,*,#1501,.F.);
#1900=ORIENTED_EDGE('',*,*,#1500,.F.);
#1901=ORIENTED_EDGE('',*,*,#1433,.F.);
#1902=ORIENTED_EDGE('',*,*,#1502,.T.);
#1903=ORIENTED_EDGE('',*,*,#1503,.F.);
#1904=ORIENTED_EDGE('',*,*,#1502,.F.);
#1905=ORIENTED_EDGE('',*,*,#1504,.F.);
#1906=ORIENTED_EDGE('',*,*,#1505,.F.);
#1907=ORIENTED_EDGE('',*,*,#1506,.F.);
#1908=ORIENTED_EDGE('',*,*,#1507,.F.);
#1909=ORIENTED_EDGE('',*,*,#1508,.F.);
#1910=ORIENTED_EDGE('',*,*,#1509,.F.);
#1911=ORIENTED_EDGE('',*,*,#1504,.T.);
#1912=ORIENTED_EDGE('',*,*,#1510,.F.);
#1913=ORIENTED_EDGE('',*,*,#1511,.T.);
#1914=ORIENTED_EDGE('',*,*,#1512,.T.);
#1915=ORIENTED_EDGE('',*,*,#1513,.F.);
#1916=ORIENTED_EDGE('',*,*,#1512,.F.);
#1917=ORIENTED_EDGE('',*,*,#1514,.T.);
#1918=ORIENTED_EDGE('',*,*,#1515,.T.);
#1919=ORIENTED_EDGE('',*,*,#1516,.F.);
#1920=ORIENTED_EDGE('',*,*,#1515,.F.);
#1921=ORIENTED_EDGE('',*,*,#1434,.F.);
#1922=ORIENTED_EDGE('',*,*,#1517,.T.);
#1923=ORIENTED_EDGE('',*,*,#1518,.F.);
#1924=ORIENTED_EDGE('',*,*,#1517,.F.);
#1925=ORIENTED_EDGE('',*,*,#1519,.T.);
#1926=ORIENTED_EDGE('',*,*,#1520,.T.);
#1927=ORIENTED_EDGE('',*,*,#1521,.F.);
#1928=ORIENTED_EDGE('',*,*,#1520,.F.);
#1929=ORIENTED_EDGE('',*,*,#1522,.T.);
#1930=ORIENTED_EDGE('',*,*,#1523,.T.);
#1931=ORIENTED_EDGE('',*,*,#1524,.F.);
#1932=ORIENTED_EDGE('',*,*,#1523,.F.);
#1933=ORIENTED_EDGE('',*,*,#1525,.T.);
#1934=ORIENTED_EDGE('',*,*,#1526,.T.);
#1935=ORIENTED_EDGE('',*,*,#1527,.F.);
#1936=ORIENTED_EDGE('',*,*,#1526,.F.);
#1937=ORIENTED_EDGE('',*,*,#1528,.T.);
#1938=ORIENTED_EDGE('',*,*,#1529,.T.);
#1939=ORIENTED_EDGE('',*,*,#1530,.F.);
#1940=ORIENTED_EDGE('',*,*,#1529,.F.);
#1941=ORIENTED_EDGE('',*,*,#1531,.T.);
#1942=ORIENTED_EDGE('',*,*,#1532,.T.);
#1943=ORIENTED_EDGE('',*,*,#1533,.F.);
#1944=ORIENTED_EDGE('',*,*,#1532,.F.);
#1945=ORIENTED_EDGE('',*,*,#1534,.F.);
#1946=ORIENTED_EDGE('',*,*,#1535,.F.);
#1947=ORIENTED_EDGE('',*,*,#1536,.F.);
#1948=ORIENTED_EDGE('',*,*,#1537,.F.);
#1949=ORIENTED_EDGE('',*,*,#1538,.F.);
#1950=ORIENTED_EDGE('',*,*,#1539,.F.);
#1951=ORIENTED_EDGE('',*,*,#1534,.T.);
#1952=ORIENTED_EDGE('',*,*,#1540,.F.);
#1953=ORIENTED_EDGE('',*,*,#1541,.T.);
#1954=ORIENTED_EDGE('',*,*,#1542,.T.);
#1955=ORIENTED_EDGE('',*,*,#1543,.F.);
#1956=ORIENTED_EDGE('',*,*,#1542,.F.);
#1957=ORIENTED_EDGE('',*,*,#1490,.F.);
#1958=ORIENTED_EDGE('',*,*,#1544,.T.);
#1959=ORIENTED_EDGE('',*,*,#1544,.F.);
#1960=ORIENTED_EDGE('',*,*,#1545,.T.);
#1961=ORIENTED_EDGE('',*,*,#1435,.F.);
#1962=ORIENTED_EDGE('',*,*,#1545,.F.);
#1963=ORIENTED_EDGE('',*,*,#1464,.F.);
#1964=ORIENTED_EDGE('',*,*,#1546,.T.);
#1965=ORIENTED_EDGE('',*,*,#1546,.F.);
#1966=ORIENTED_EDGE('',*,*,#1547,.T.);
#1967=ORIENTED_EDGE('',*,*,#1436,.F.);
#1968=ORIENTED_EDGE('',*,*,#1547,.F.);
#1969=ORIENTED_EDGE('',*,*,#1541,.F.);
#1970=ORIENTED_EDGE('',*,*,#1548,.T.);
#1971=ORIENTED_EDGE('',*,*,#1548,.F.);
#1972=ORIENTED_EDGE('',*,*,#1549,.T.);
#1973=ORIENTED_EDGE('',*,*,#1437,.F.);
#1974=ORIENTED_EDGE('',*,*,#1549,.F.);
#1975=ORIENTED_EDGE('',*,*,#1478,.F.);
#1976=ORIENTED_EDGE('',*,*,#1550,.T.);
#1977=ORIENTED_EDGE('',*,*,#1550,.F.);
#1978=ORIENTED_EDGE('',*,*,#1551,.T.);
#1979=ORIENTED_EDGE('',*,*,#1438,.F.);
#1980=ORIENTED_EDGE('',*,*,#1551,.F.);
#1981=ORIENTED_EDGE('',*,*,#1467,.F.);
#1982=ORIENTED_EDGE('',*,*,#1552,.T.);
#1983=ORIENTED_EDGE('',*,*,#1552,.F.);
#1984=ORIENTED_EDGE('',*,*,#1553,.T.);
#1985=ORIENTED_EDGE('',*,*,#1439,.F.);
#1986=ORIENTED_EDGE('',*,*,#1553,.F.);
#1987=ORIENTED_EDGE('',*,*,#1531,.F.);
#1988=ORIENTED_EDGE('',*,*,#1554,.T.);
#1989=ORIENTED_EDGE('',*,*,#1554,.F.);
#1990=ORIENTED_EDGE('',*,*,#1555,.T.);
#1991=ORIENTED_EDGE('',*,*,#1440,.F.);
#1992=ORIENTED_EDGE('',*,*,#1555,.F.);
#1993=ORIENTED_EDGE('',*,*,#1499,.F.);
#1994=ORIENTED_EDGE('',*,*,#1556,.T.);
#1995=ORIENTED_EDGE('',*,*,#1556,.F.);
#1996=ORIENTED_EDGE('',*,*,#1557,.T.);
#1997=ORIENTED_EDGE('',*,*,#1441,.F.);
#1998=ORIENTED_EDGE('',*,*,#1557,.F.);
#1999=ORIENTED_EDGE('',*,*,#1514,.F.);
#2000=ORIENTED_EDGE('',*,*,#1558,.T.);
#2001=ORIENTED_EDGE('',*,*,#1558,.F.);
#2002=ORIENTED_EDGE('',*,*,#1559,.T.);
#2003=ORIENTED_EDGE('',*,*,#1442,.F.);
#2004=ORIENTED_EDGE('',*,*,#1559,.F.);
#2005=ORIENTED_EDGE('',*,*,#1481,.F.);
#2006=ORIENTED_EDGE('',*,*,#1560,.T.);
#2007=ORIENTED_EDGE('',*,*,#1560,.F.);
#2008=ORIENTED_EDGE('',*,*,#1561,.T.);
#2009=ORIENTED_EDGE('',*,*,#1443,.F.);
#2010=ORIENTED_EDGE('',*,*,#1561,.F.);
#2011=ORIENTED_EDGE('',*,*,#1470,.F.);
#2012=ORIENTED_EDGE('',*,*,#1562,.T.);
#2013=ORIENTED_EDGE('',*,*,#1562,.F.);
#2014=ORIENTED_EDGE('',*,*,#1563,.T.);
#2015=ORIENTED_EDGE('',*,*,#1444,.F.);
#2016=ORIENTED_EDGE('',*,*,#1563,.F.);
#2017=ORIENTED_EDGE('',*,*,#1528,.F.);
#2018=ORIENTED_EDGE('',*,*,#1564,.T.);
#2019=ORIENTED_EDGE('',*,*,#1564,.F.);
#2020=ORIENTED_EDGE('',*,*,#1565,.T.);
#2021=ORIENTED_EDGE('',*,*,#1445,.F.);
#2022=ORIENTED_EDGE('',*,*,#1565,.F.);
#2023=ORIENTED_EDGE('',*,*,#1473,.F.);
#2024=ORIENTED_EDGE('',*,*,#1566,.T.);
#2025=ORIENTED_EDGE('',*,*,#1566,.F.);
#2026=ORIENTED_EDGE('',*,*,#1567,.T.);
#2027=ORIENTED_EDGE('',*,*,#1446,.F.);
#2028=ORIENTED_EDGE('',*,*,#1567,.F.);
#2029=ORIENTED_EDGE('',*,*,#1522,.F.);
#2030=ORIENTED_EDGE('',*,*,#1568,.T.);
#2031=ORIENTED_EDGE('',*,*,#1568,.F.);
#2032=ORIENTED_EDGE('',*,*,#1569,.T.);
#2033=ORIENTED_EDGE('',*,*,#1447,.F.);
#2034=ORIENTED_EDGE('',*,*,#1569,.F.);
#2035=ORIENTED_EDGE('',*,*,#1487,.F.);
#2036=ORIENTED_EDGE('',*,*,#1570,.T.);
#2037=ORIENTED_EDGE('',*,*,#1570,.F.);
#2038=ORIENTED_EDGE('',*,*,#1571,.T.);
#2039=ORIENTED_EDGE('',*,*,#1448,.F.);
#2040=ORIENTED_EDGE('',*,*,#1571,.F.);
#2041=ORIENTED_EDGE('',*,*,#1511,.F.);
#2042=ORIENTED_EDGE('',*,*,#1572,.T.);
#2043=ORIENTED_EDGE('',*,*,#1572,.F.);
#2044=ORIENTED_EDGE('',*,*,#1573,.T.);
#2045=ORIENTED_EDGE('',*,*,#1449,.F.);
#2046=ORIENTED_EDGE('',*,*,#1573,.F.);
#2047=ORIENTED_EDGE('',*,*,#1484,.F.);
#2048=ORIENTED_EDGE('',*,*,#1574,.T.);
#2049=ORIENTED_EDGE('',*,*,#1574,.F.);
#2050=ORIENTED_EDGE('',*,*,#1575,.T.);
#2051=ORIENTED_EDGE('',*,*,#1450,.F.);
#2052=ORIENTED_EDGE('',*,*,#1575,.F.);
#2053=ORIENTED_EDGE('',*,*,#1519,.F.);
#2054=ORIENTED_EDGE('',*,*,#1576,.T.);
#2055=ORIENTED_EDGE('',*,*,#1576,.F.);
#2056=ORIENTED_EDGE('',*,*,#1577,.T.);
#2057=ORIENTED_EDGE('',*,*,#1451,.F.);
#2058=ORIENTED_EDGE('',*,*,#1577,.F.);
#2059=ORIENTED_EDGE('',*,*,#1496,.F.);
#2060=ORIENTED_EDGE('',*,*,#1578,.T.);
#2061=ORIENTED_EDGE('',*,*,#1578,.F.);
#2062=ORIENTED_EDGE('',*,*,#1579,.T.);
#2063=ORIENTED_EDGE('',*,*,#1452,.F.);
#2064=ORIENTED_EDGE('',*,*,#1579,.F.);
#2065=ORIENTED_EDGE('',*,*,#1493,.F.);
#2066=ORIENTED_EDGE('',*,*,#1580,.T.);
#2067=ORIENTED_EDGE('',*,*,#1580,.F.);
#2068=ORIENTED_EDGE('',*,*,#1581,.T.);
#2069=ORIENTED_EDGE('',*,*,#1453,.F.);
#2070=ORIENTED_EDGE('',*,*,#1581,.F.);
#2071=ORIENTED_EDGE('',*,*,#1525,.F.);
#2072=ORIENTED_EDGE('',*,*,#1582,.T.);
#2073=ORIENTED_EDGE('',*,*,#1582,.F.);
#2074=ORIENTED_EDGE('',*,*,#1583,.T.);
#2075=ORIENTED_EDGE('',*,*,#1454,.F.);
#2076=ORIENTED_EDGE('',*,*,#1583,.F.);
#2077=ORIENTED_EDGE('',*,*,#1402,.T.);
#2078=ORIENTED_EDGE('',*,*,#1584,.T.);
#2079=ORIENTED_EDGE('',*,*,#1585,.T.);
#2080=ORIENTED_EDGE('',*,*,#1460,.T.);
#2081=ORIENTED_EDGE('',*,*,#1586,.F.);
#2082=ORIENTED_EDGE('',*,*,#1587,.F.);
#2083=ORIENTED_EDGE('',*,*,#1584,.F.);
#2084=ORIENTED_EDGE('',*,*,#1401,.F.);
#2085=ORIENTED_EDGE('',*,*,#1400,.T.);
#2086=ORIENTED_EDGE('',*,*,#1458,.T.);
#2087=ORIENTED_EDGE('',*,*,#1588,.T.);
#2088=ORIENTED_EDGE('',*,*,#1586,.T.);
#2089=ORIENTED_EDGE('',*,*,#1404,.T.);
#2090=ORIENTED_EDGE('',*,*,#1459,.T.);
#2091=ORIENTED_EDGE('',*,*,#1589,.T.);
#2092=ORIENTED_EDGE('',*,*,#1590,.T.);
#2093=ORIENTED_EDGE('',*,*,#1591,.F.);
#2094=ORIENTED_EDGE('',*,*,#1405,.F.);
#2095=ORIENTED_EDGE('',*,*,#1590,.F.);
#2096=ORIENTED_EDGE('',*,*,#1592,.F.);
#2097=ORIENTED_EDGE('',*,*,#1593,.F.);
#2098=ORIENTED_EDGE('',*,*,#1592,.T.);
#2099=ORIENTED_EDGE('',*,*,#1589,.F.);
#2100=ORIENTED_EDGE('',*,*,#1461,.T.);
#2101=ORIENTED_EDGE('',*,*,#1585,.F.);
#2102=ORIENTED_EDGE('',*,*,#1587,.T.);
#2103=ORIENTED_EDGE('',*,*,#1588,.F.);
#2104=ORIENTED_EDGE('',*,*,#1457,.T.);
#2105=ORIENTED_EDGE('',*,*,#1539,.T.);
#2106=ORIENTED_EDGE('',*,*,#1594,.F.);
#2107=ORIENTED_EDGE('',*,*,#1595,.T.);
#2108=ORIENTED_EDGE('',*,*,#1596,.F.);
#2109=ORIENTED_EDGE('',*,*,#1597,.T.);
#2110=ORIENTED_EDGE('',*,*,#1535,.T.);
#2111=ORIENTED_EDGE('',*,*,#1509,.T.);
#2112=ORIENTED_EDGE('',*,*,#1598,.F.);
#2113=ORIENTED_EDGE('',*,*,#1599,.T.);
#2114=ORIENTED_EDGE('',*,*,#1600,.F.);
#2115=ORIENTED_EDGE('',*,*,#1601,.T.);
#2116=ORIENTED_EDGE('',*,*,#1505,.T.);
#2117=ORIENTED_EDGE('',*,*,#1543,.T.);
#2118=ORIENTED_EDGE('',*,*,#1533,.T.);
#2119=ORIENTED_EDGE('',*,*,#1530,.T.);
#2120=ORIENTED_EDGE('',*,*,#1527,.T.);
#2121=ORIENTED_EDGE('',*,*,#1524,.T.);
#2122=ORIENTED_EDGE('',*,*,#1521,.T.);
#2123=ORIENTED_EDGE('',*,*,#1518,.T.);
#2124=ORIENTED_EDGE('',*,*,#1516,.T.);
#2125=ORIENTED_EDGE('',*,*,#1513,.T.);
#2126=ORIENTED_EDGE('',*,*,#1503,.T.);
#2127=ORIENTED_EDGE('',*,*,#1501,.T.);
#2128=ORIENTED_EDGE('',*,*,#1498,.T.);
#2129=ORIENTED_EDGE('',*,*,#1495,.T.);
#2130=ORIENTED_EDGE('',*,*,#1492,.T.);
#2131=ORIENTED_EDGE('',*,*,#1489,.T.);
#2132=ORIENTED_EDGE('',*,*,#1486,.T.);
#2133=ORIENTED_EDGE('',*,*,#1483,.T.);
#2134=ORIENTED_EDGE('',*,*,#1480,.T.);
#2135=ORIENTED_EDGE('',*,*,#1477,.T.);
#2136=ORIENTED_EDGE('',*,*,#1475,.T.);
#2137=ORIENTED_EDGE('',*,*,#1472,.T.);
#2138=ORIENTED_EDGE('',*,*,#1469,.T.);
#2139=ORIENTED_EDGE('',*,*,#1466,.T.);
#2140=ORIENTED_EDGE('',*,*,#1463,.T.);
#2141=ORIENTED_EDGE('',*,*,#1398,.T.);
#2142=ORIENTED_EDGE('',*,*,#1591,.T.);
#2143=ORIENTED_EDGE('',*,*,#1593,.T.);
#2144=ORIENTED_EDGE('',*,*,#1456,.T.);
#2145=ORIENTED_EDGE('',*,*,#1602,.T.);
#2146=ORIENTED_EDGE('',*,*,#1598,.T.);
#2147=ORIENTED_EDGE('',*,*,#1508,.T.);
#2148=ORIENTED_EDGE('',*,*,#1603,.F.);
#2149=ORIENTED_EDGE('',*,*,#1604,.T.);
#2150=ORIENTED_EDGE('',*,*,#1594,.T.);
#2151=ORIENTED_EDGE('',*,*,#1538,.T.);
#2152=ORIENTED_EDGE('',*,*,#1605,.F.);
#2153=ORIENTED_EDGE('',*,*,#1606,.T.);
#2154=ORIENTED_EDGE('',*,*,#1506,.T.);
#2155=ORIENTED_EDGE('',*,*,#1601,.F.);
#2156=ORIENTED_EDGE('',*,*,#1607,.F.);
#2157=ORIENTED_EDGE('',*,*,#1608,.F.);
#2158=ORIENTED_EDGE('',*,*,#1607,.T.);
#2159=ORIENTED_EDGE('',*,*,#1600,.T.);
#2160=ORIENTED_EDGE('',*,*,#1609,.T.);
#2161=ORIENTED_EDGE('',*,*,#1610,.F.);
#2162=ORIENTED_EDGE('',*,*,#1609,.F.);
#2163=ORIENTED_EDGE('',*,*,#1599,.F.);
#2164=ORIENTED_EDGE('',*,*,#1602,.F.);
#2165=ORIENTED_EDGE('',*,*,#1611,.F.);
#2166=ORIENTED_EDGE('',*,*,#1536,.T.);
#2167=ORIENTED_EDGE('',*,*,#1597,.F.);
#2168=ORIENTED_EDGE('',*,*,#1612,.F.);
#2169=ORIENTED_EDGE('',*,*,#1613,.F.);
#2170=ORIENTED_EDGE('',*,*,#1612,.T.);
#2171=ORIENTED_EDGE('',*,*,#1596,.T.);
#2172=ORIENTED_EDGE('',*,*,#1614,.T.);
#2173=ORIENTED_EDGE('',*,*,#1615,.F.);
#2174=ORIENTED_EDGE('',*,*,#1614,.F.);
#2175=ORIENTED_EDGE('',*,*,#1595,.F.);
#2176=ORIENTED_EDGE('',*,*,#1604,.F.);
#2177=ORIENTED_EDGE('',*,*,#1616,.F.);
#2178=ORIENTED_EDGE('',*,*,#1617,.T.);
#2179=ORIENTED_EDGE('',*,*,#1618,.F.);
#2180=ORIENTED_EDGE('',*,*,#1619,.T.);
#2181=ORIENTED_EDGE('',*,*,#1417,.F.);
#2182=ORIENTED_EDGE('',*,*,#1618,.T.);
#2183=ORIENTED_EDGE('',*,*,#1620,.F.);
#2184=ORIENTED_EDGE('',*,*,#1621,.F.);
#2185=ORIENTED_EDGE('',*,*,#1622,.F.);
#2186=ORIENTED_EDGE('',*,*,#1623,.T.);
#2187=ORIENTED_EDGE('',*,*,#1624,.T.);
#2188=ORIENTED_EDGE('',*,*,#1625,.T.);
#2189=ORIENTED_EDGE('',*,*,#1626,.T.);
#2190=ORIENTED_EDGE('',*,*,#1627,.T.);
#2191=ORIENTED_EDGE('',*,*,#1628,.T.);
#2192=ORIENTED_EDGE('',*,*,#1629,.T.);
#2193=ORIENTED_EDGE('',*,*,#1617,.F.);
#2194=ORIENTED_EDGE('',*,*,#1416,.F.);
#2195=ORIENTED_EDGE('',*,*,#1630,.T.);
#2196=ORIENTED_EDGE('',*,*,#1620,.T.);
#2197=ORIENTED_EDGE('',*,*,#1631,.F.);
#2198=ORIENTED_EDGE('',*,*,#1632,.T.);
#2199=ORIENTED_EDGE('',*,*,#1423,.F.);
#2200=ORIENTED_EDGE('',*,*,#1633,.T.);
#2201=ORIENTED_EDGE('',*,*,#1632,.F.);
#2202=ORIENTED_EDGE('',*,*,#1634,.T.);
#2203=ORIENTED_EDGE('',*,*,#1635,.T.);
#2204=ORIENTED_EDGE('',*,*,#1424,.F.);
#2205=ORIENTED_EDGE('',*,*,#1636,.F.);
#2206=ORIENTED_EDGE('',*,*,#1637,.T.);
#2207=ORIENTED_EDGE('',*,*,#1406,.F.);
#2208=ORIENTED_EDGE('',*,*,#1638,.T.);
#2209=ORIENTED_EDGE('',*,*,#1636,.T.);
#2210=ORIENTED_EDGE('',*,*,#1639,.T.);
#2211=ORIENTED_EDGE('',*,*,#1640,.F.);
#2212=ORIENTED_EDGE('',*,*,#1641,.T.);
#2213=ORIENTED_EDGE('',*,*,#1642,.T.);
#2214=ORIENTED_EDGE('',*,*,#1643,.T.);
#2215=ORIENTED_EDGE('',*,*,#1644,.F.);
#2216=ORIENTED_EDGE('',*,*,#1645,.F.);
#2217=ORIENTED_EDGE('',*,*,#1646,.F.);
#2218=ORIENTED_EDGE('',*,*,#1647,.T.);
#2219=ORIENTED_EDGE('',*,*,#1638,.F.);
#2220=ORIENTED_EDGE('',*,*,#1430,.F.);
#2221=ORIENTED_EDGE('',*,*,#1648,.F.);
#2222=ORIENTED_EDGE('',*,*,#1639,.F.);
#2223=ORIENTED_EDGE('',*,*,#1635,.F.);
#2224=ORIENTED_EDGE('',*,*,#1649,.F.);
#2225=ORIENTED_EDGE('',*,*,#1650,.T.);
#2226=ORIENTED_EDGE('',*,*,#1425,.F.);
#2227=ORIENTED_EDGE('',*,*,#1631,.T.);
#2228=ORIENTED_EDGE('',*,*,#1651,.T.);
#2229=ORIENTED_EDGE('',*,*,#1652,.F.);
#2230=ORIENTED_EDGE('',*,*,#1653,.T.);
#2231=ORIENTED_EDGE('',*,*,#1654,.F.);
#2232=ORIENTED_EDGE('',*,*,#1655,.T.);
#2233=ORIENTED_EDGE('',*,*,#1656,.F.);
#2234=ORIENTED_EDGE('',*,*,#1657,.T.);
#2235=ORIENTED_EDGE('',*,*,#1658,.T.);
#2236=ORIENTED_EDGE('',*,*,#1659,.T.);
#2237=ORIENTED_EDGE('',*,*,#1649,.T.);
#2238=ORIENTED_EDGE('',*,*,#1634,.F.);
#2239=ORIENTED_EDGE('',*,*,#1660,.T.);
#2240=ORIENTED_EDGE('',*,*,#1661,.T.);
#2241=ORIENTED_EDGE('',*,*,#1662,.T.);
#2242=ORIENTED_EDGE('',*,*,#1663,.T.);
#2243=ORIENTED_EDGE('',*,*,#1419,.F.);
#2244=ORIENTED_EDGE('',*,*,#1664,.T.);
#2245=ORIENTED_EDGE('',*,*,#1627,.F.);
#2246=ORIENTED_EDGE('',*,*,#1665,.T.);
#2247=ORIENTED_EDGE('',*,*,#1663,.F.);
#2248=ORIENTED_EDGE('',*,*,#1666,.T.);
#2249=ORIENTED_EDGE('',*,*,#1667,.T.);
#2250=ORIENTED_EDGE('',*,*,#1420,.F.);
#2251=ORIENTED_EDGE('',*,*,#1662,.F.);
#2252=ORIENTED_EDGE('',*,*,#1668,.T.);
#2253=ORIENTED_EDGE('',*,*,#1669,.T.);
#2254=ORIENTED_EDGE('',*,*,#1670,.F.);
#2255=ORIENTED_EDGE('',*,*,#1671,.F.);
#2256=ORIENTED_EDGE('',*,*,#1672,.T.);
#2257=ORIENTED_EDGE('',*,*,#1673,.T.);
#2258=ORIENTED_EDGE('',*,*,#1674,.T.);
#2259=ORIENTED_EDGE('',*,*,#1675,.T.);
#2260=ORIENTED_EDGE('',*,*,#1676,.F.);
#2261=ORIENTED_EDGE('',*,*,#1677,.T.);
#2262=ORIENTED_EDGE('',*,*,#1678,.T.);
#2263=ORIENTED_EDGE('',*,*,#1679,.F.);
#2264=ORIENTED_EDGE('',*,*,#1680,.F.);
#2265=ORIENTED_EDGE('',*,*,#1681,.T.);
#2266=ORIENTED_EDGE('',*,*,#1682,.F.);
#2267=ORIENTED_EDGE('',*,*,#1683,.T.);
#2268=ORIENTED_EDGE('',*,*,#1684,.T.);
#2269=ORIENTED_EDGE('',*,*,#1685,.F.);
#2270=ORIENTED_EDGE('',*,*,#1686,.F.);
#2271=ORIENTED_EDGE('',*,*,#1687,.T.);
#2272=ORIENTED_EDGE('',*,*,#1688,.T.);
#2273=ORIENTED_EDGE('',*,*,#1689,.T.);
#2274=ORIENTED_EDGE('',*,*,#1690,.T.);
#2275=ORIENTED_EDGE('',*,*,#1691,.F.);
#2276=ORIENTED_EDGE('',*,*,#1692,.T.);
#2277=ORIENTED_EDGE('',*,*,#1693,.T.);
#2278=ORIENTED_EDGE('',*,*,#1694,.F.);
#2279=ORIENTED_EDGE('',*,*,#1695,.F.);
#2280=ORIENTED_EDGE('',*,*,#1696,.F.);
#2281=ORIENTED_EDGE('',*,*,#1697,.F.);
#2282=ORIENTED_EDGE('',*,*,#1698,.F.);
#2283=ORIENTED_EDGE('',*,*,#1699,.F.);
#2284=ORIENTED_EDGE('',*,*,#1700,.F.);
#2285=ORIENTED_EDGE('',*,*,#1701,.F.);
#2286=ORIENTED_EDGE('',*,*,#1702,.F.);
#2287=ORIENTED_EDGE('',*,*,#1703,.F.);
#2288=ORIENTED_EDGE('',*,*,#1666,.F.);
#2289=ORIENTED_EDGE('',*,*,#1704,.T.);
#2290=ORIENTED_EDGE('',*,*,#1705,.T.);
#2291=ORIENTED_EDGE('',*,*,#1706,.T.);
#2292=ORIENTED_EDGE('',*,*,#1707,.T.);
#2293=ORIENTED_EDGE('',*,*,#1708,.T.);
#2294=ORIENTED_EDGE('',*,*,#1709,.T.);
#2295=ORIENTED_EDGE('',*,*,#1510,.T.);
#2296=ORIENTED_EDGE('',*,*,#1507,.T.);
#2297=ORIENTED_EDGE('',*,*,#1608,.T.);
#2298=ORIENTED_EDGE('',*,*,#1610,.T.);
#2299=ORIENTED_EDGE('',*,*,#1611,.T.);
#2300=ORIENTED_EDGE('',*,*,#1603,.T.);
#2301=ORIENTED_EDGE('',*,*,#1710,.T.);
#2302=ORIENTED_EDGE('',*,*,#1711,.T.);
#2303=ORIENTED_EDGE('',*,*,#1540,.T.);
#2304=ORIENTED_EDGE('',*,*,#1537,.T.);
#2305=ORIENTED_EDGE('',*,*,#1613,.T.);
#2306=ORIENTED_EDGE('',*,*,#1615,.T.);
#2307=ORIENTED_EDGE('',*,*,#1616,.T.);
#2308=ORIENTED_EDGE('',*,*,#1605,.T.);
#2309=ORIENTED_EDGE('',*,*,#1652,.T.);
#2310=ORIENTED_EDGE('',*,*,#1712,.T.);
#2311=ORIENTED_EDGE('',*,*,#1421,.F.);
#2312=ORIENTED_EDGE('',*,*,#1667,.F.);
#2313=ORIENTED_EDGE('',*,*,#1703,.T.);
#2314=ORIENTED_EDGE('',*,*,#1713,.F.);
#2315=ORIENTED_EDGE('',*,*,#1633,.F.);
#2316=ORIENTED_EDGE('',*,*,#1422,.F.);
#2317=ORIENTED_EDGE('',*,*,#1712,.F.);
#2318=ORIENTED_EDGE('',*,*,#1651,.F.);
#2319=ORIENTED_EDGE('',*,*,#1697,.T.);
#2320=ORIENTED_EDGE('',*,*,#1714,.T.);
#2321=ORIENTED_EDGE('',*,*,#1427,.F.);
#2322=ORIENTED_EDGE('',*,*,#1715,.T.);
#2323=ORIENTED_EDGE('',*,*,#1658,.F.);
#2324=ORIENTED_EDGE('',*,*,#1716,.T.);
#2325=ORIENTED_EDGE('',*,*,#1714,.F.);
#2326=ORIENTED_EDGE('',*,*,#1696,.T.);
#2327=ORIENTED_EDGE('',*,*,#1717,.T.);
#2328=ORIENTED_EDGE('',*,*,#1428,.F.);
#2329=ORIENTED_EDGE('',*,*,#1640,.T.);
#2330=ORIENTED_EDGE('',*,*,#1648,.T.);
#2331=ORIENTED_EDGE('',*,*,#1429,.F.);
#2332=ORIENTED_EDGE('',*,*,#1717,.F.);
#2333=ORIENTED_EDGE('',*,*,#1695,.T.);
#2334=ORIENTED_EDGE('',*,*,#1718,.F.);
#2335=ORIENTED_EDGE('',*,*,#1619,.F.);
#2336=ORIENTED_EDGE('',*,*,#1628,.F.);
#2337=ORIENTED_EDGE('',*,*,#1664,.F.);
#2338=ORIENTED_EDGE('',*,*,#1418,.F.);
#2339=ORIENTED_EDGE('',*,*,#1650,.F.);
#2340=ORIENTED_EDGE('',*,*,#1659,.F.);
#2341=ORIENTED_EDGE('',*,*,#1715,.F.);
#2342=ORIENTED_EDGE('',*,*,#1426,.F.);
#2343=ORIENTED_EDGE('',*,*,#1719,.F.);
#2344=ORIENTED_EDGE('',*,*,#1720,.T.);
#2345=ORIENTED_EDGE('',*,*,#1721,.T.);
#2346=ORIENTED_EDGE('',*,*,#1722,.T.);
#2347=ORIENTED_EDGE('',*,*,#1723,.T.);
#2348=ORIENTED_EDGE('',*,*,#1724,.F.);
#2349=ORIENTED_EDGE('',*,*,#1723,.F.);
#2350=ORIENTED_EDGE('',*,*,#1725,.T.);
#2351=ORIENTED_EDGE('',*,*,#1726,.T.);
#2352=ORIENTED_EDGE('',*,*,#1727,.T.);
#2353=ORIENTED_EDGE('',*,*,#1728,.T.);
#2354=ORIENTED_EDGE('',*,*,#1729,.F.);
#2355=ORIENTED_EDGE('',*,*,#1730,.T.);
#2356=ORIENTED_EDGE('',*,*,#1731,.T.);
#2357=ORIENTED_EDGE('',*,*,#1732,.T.);
#2358=ORIENTED_EDGE('',*,*,#1733,.T.);
#2359=ORIENTED_EDGE('',*,*,#1734,.F.);
#2360=ORIENTED_EDGE('',*,*,#1733,.F.);
#2361=ORIENTED_EDGE('',*,*,#1735,.T.);
#2362=ORIENTED_EDGE('',*,*,#1736,.T.);
#2363=ORIENTED_EDGE('',*,*,#1737,.T.);
#2364=ORIENTED_EDGE('',*,*,#1738,.T.);
#2365=ORIENTED_EDGE('',*,*,#1644,.T.);
#2366=ORIENTED_EDGE('',*,*,#1739,.T.);
#2367=ORIENTED_EDGE('',*,*,#1691,.T.);
#2368=ORIENTED_EDGE('',*,*,#1740,.T.);
#2369=ORIENTED_EDGE('',*,*,#1739,.F.);
#2370=ORIENTED_EDGE('',*,*,#1643,.F.);
#2371=ORIENTED_EDGE('',*,*,#1741,.F.);
#2372=ORIENTED_EDGE('',*,*,#1692,.F.);
#2373=ORIENTED_EDGE('',*,*,#1694,.T.);
#2374=ORIENTED_EDGE('',*,*,#1742,.T.);
#2375=ORIENTED_EDGE('',*,*,#1641,.F.);
#2376=ORIENTED_EDGE('',*,*,#1718,.T.);
#2377=ORIENTED_EDGE('',*,*,#1702,.T.);
#2378=ORIENTED_EDGE('',*,*,#1743,.F.);
#2379=ORIENTED_EDGE('',*,*,#1653,.F.);
#2380=ORIENTED_EDGE('',*,*,#1713,.T.);
#2381=ORIENTED_EDGE('',*,*,#1623,.F.);
#2382=ORIENTED_EDGE('',*,*,#1744,.T.);
#2383=ORIENTED_EDGE('',*,*,#1671,.T.);
#2384=ORIENTED_EDGE('',*,*,#1745,.T.);
#2385=ORIENTED_EDGE('',*,*,#1745,.F.);
#2386=ORIENTED_EDGE('',*,*,#1670,.T.);
#2387=ORIENTED_EDGE('',*,*,#1746,.T.);
#2388=ORIENTED_EDGE('',*,*,#1624,.F.);
#2389=ORIENTED_EDGE('',*,*,#1654,.T.);
#2390=ORIENTED_EDGE('',*,*,#1743,.T.);
#2391=ORIENTED_EDGE('',*,*,#1701,.T.);
#2392=ORIENTED_EDGE('',*,*,#1747,.T.);
#2393=ORIENTED_EDGE('',*,*,#1747,.F.);
#2394=ORIENTED_EDGE('',*,*,#1700,.T.);
#2395=ORIENTED_EDGE('',*,*,#1748,.F.);
#2396=ORIENTED_EDGE('',*,*,#1655,.F.);
#2397=ORIENTED_EDGE('',*,*,#1656,.T.);
#2398=ORIENTED_EDGE('',*,*,#1748,.T.);
#2399=ORIENTED_EDGE('',*,*,#1699,.T.);
#2400=ORIENTED_EDGE('',*,*,#1749,.T.);
#2401=ORIENTED_EDGE('',*,*,#1728,.F.);
#2402=ORIENTED_EDGE('',*,*,#1750,.T.);
#2403=ORIENTED_EDGE('',*,*,#1704,.F.);
#2404=ORIENTED_EDGE('',*,*,#1750,.F.);
#2405=ORIENTED_EDGE('',*,*,#1685,.T.);
#2406=ORIENTED_EDGE('',*,*,#1751,.T.);
#2407=ORIENTED_EDGE('',*,*,#1725,.F.);
#2408=ORIENTED_EDGE('',*,*,#1722,.F.);
#2409=ORIENTED_EDGE('',*,*,#1752,.F.);
#2410=ORIENTED_EDGE('',*,*,#1686,.T.);
#2411=ORIENTED_EDGE('',*,*,#1752,.T.);
#2412=ORIENTED_EDGE('',*,*,#1721,.F.);
#2413=ORIENTED_EDGE('',*,*,#1753,.F.);
#2414=ORIENTED_EDGE('',*,*,#1682,.T.);
#2415=ORIENTED_EDGE('',*,*,#1754,.T.);
#2416=ORIENTED_EDGE('',*,*,#1719,.T.);
#2417=ORIENTED_EDGE('',*,*,#1755,.F.);
#2418=ORIENTED_EDGE('',*,*,#1683,.F.);
#2419=ORIENTED_EDGE('',*,*,#1755,.T.);
#2420=ORIENTED_EDGE('',*,*,#1724,.T.);
#2421=ORIENTED_EDGE('',*,*,#1727,.F.);
#2422=ORIENTED_EDGE('',*,*,#1756,.F.);
#2423=ORIENTED_EDGE('',*,*,#1684,.F.);
#2424=ORIENTED_EDGE('',*,*,#1756,.T.);
#2425=ORIENTED_EDGE('',*,*,#1726,.F.);
#2426=ORIENTED_EDGE('',*,*,#1751,.F.);
#2427=ORIENTED_EDGE('',*,*,#1738,.F.);
#2428=ORIENTED_EDGE('',*,*,#1757,.T.);
#2429=ORIENTED_EDGE('',*,*,#1705,.F.);
#2430=ORIENTED_EDGE('',*,*,#1757,.F.);
#2431=ORIENTED_EDGE('',*,*,#1679,.T.);
#2432=ORIENTED_EDGE('',*,*,#1758,.T.);
#2433=ORIENTED_EDGE('',*,*,#1735,.F.);
#2434=ORIENTED_EDGE('',*,*,#1732,.F.);
#2435=ORIENTED_EDGE('',*,*,#1759,.F.);
#2436=ORIENTED_EDGE('',*,*,#1680,.T.);
#2437=ORIENTED_EDGE('',*,*,#1759,.T.);
#2438=ORIENTED_EDGE('',*,*,#1731,.F.);
#2439=ORIENTED_EDGE('',*,*,#1760,.F.);
#2440=ORIENTED_EDGE('',*,*,#1676,.T.);
#2441=ORIENTED_EDGE('',*,*,#1761,.T.);
#2442=ORIENTED_EDGE('',*,*,#1729,.T.);
#2443=ORIENTED_EDGE('',*,*,#1762,.F.);
#2444=ORIENTED_EDGE('',*,*,#1677,.F.);
#2445=ORIENTED_EDGE('',*,*,#1762,.T.);
#2446=ORIENTED_EDGE('',*,*,#1734,.T.);
#2447=ORIENTED_EDGE('',*,*,#1737,.F.);
#2448=ORIENTED_EDGE('',*,*,#1763,.F.);
#2449=ORIENTED_EDGE('',*,*,#1678,.F.);
#2450=ORIENTED_EDGE('',*,*,#1763,.T.);
#2451=ORIENTED_EDGE('',*,*,#1736,.F.);
#2452=ORIENTED_EDGE('',*,*,#1758,.F.);
#2453=ORIENTED_EDGE('',*,*,#1629,.F.);
#2454=ORIENTED_EDGE('',*,*,#1764,.T.);
#2455=ORIENTED_EDGE('',*,*,#1706,.F.);
#2456=ORIENTED_EDGE('',*,*,#1764,.F.);
#2457=ORIENTED_EDGE('',*,*,#1647,.F.);
#2458=ORIENTED_EDGE('',*,*,#1765,.T.);
#2459=ORIENTED_EDGE('',*,*,#1707,.F.);
#2460=ORIENTED_EDGE('',*,*,#1765,.F.);
#2461=ORIENTED_EDGE('',*,*,#1661,.F.);
#2462=ORIENTED_EDGE('',*,*,#1766,.T.);
#2463=ORIENTED_EDGE('',*,*,#1708,.F.);
#2464=ORIENTED_EDGE('',*,*,#1766,.F.);
#2465=ORIENTED_EDGE('',*,*,#1660,.F.);
#2466=ORIENTED_EDGE('',*,*,#1767,.T.);
#2467=ORIENTED_EDGE('',*,*,#1709,.F.);
#2468=ORIENTED_EDGE('',*,*,#1767,.F.);
#2469=ORIENTED_EDGE('',*,*,#1693,.F.);
#2470=ORIENTED_EDGE('',*,*,#1741,.T.);
#2471=ORIENTED_EDGE('',*,*,#1642,.F.);
#2472=ORIENTED_EDGE('',*,*,#1742,.F.);
#2473=ORIENTED_EDGE('',*,*,#1657,.F.);
#2474=ORIENTED_EDGE('',*,*,#1749,.F.);
#2475=ORIENTED_EDGE('',*,*,#1698,.T.);
#2476=ORIENTED_EDGE('',*,*,#1716,.F.);
#2477=ORIENTED_EDGE('',*,*,#1626,.F.);
#2478=ORIENTED_EDGE('',*,*,#1768,.F.);
#2479=ORIENTED_EDGE('',*,*,#1668,.F.);
#2480=ORIENTED_EDGE('',*,*,#1665,.F.);
#2481=ORIENTED_EDGE('',*,*,#1669,.F.);
#2482=ORIENTED_EDGE('',*,*,#1768,.T.);
#2483=ORIENTED_EDGE('',*,*,#1625,.F.);
#2484=ORIENTED_EDGE('',*,*,#1746,.F.);
#2485=ORIENTED_EDGE('',*,*,#1769,.T.);
#2486=ORIENTED_EDGE('',*,*,#1674,.F.);
#2487=ORIENTED_EDGE('',*,*,#1770,.T.);
#2488=ORIENTED_EDGE('',*,*,#1412,.F.);
#2489=ORIENTED_EDGE('',*,*,#1770,.F.);
#2490=ORIENTED_EDGE('',*,*,#1673,.F.);
#2491=ORIENTED_EDGE('',*,*,#1771,.T.);
#2492=ORIENTED_EDGE('',*,*,#1413,.F.);
#2493=ORIENTED_EDGE('',*,*,#1622,.T.);
#2494=ORIENTED_EDGE('',*,*,#1772,.T.);
#2495=ORIENTED_EDGE('',*,*,#1414,.F.);
#2496=ORIENTED_EDGE('',*,*,#1771,.F.);
#2497=ORIENTED_EDGE('',*,*,#1672,.F.);
#2498=ORIENTED_EDGE('',*,*,#1744,.F.);
#2499=ORIENTED_EDGE('',*,*,#1621,.T.);
#2500=ORIENTED_EDGE('',*,*,#1630,.F.);
#2501=ORIENTED_EDGE('',*,*,#1415,.F.);
#2502=ORIENTED_EDGE('',*,*,#1772,.F.);
#2503=ORIENTED_EDGE('',*,*,#1637,.F.);
#2504=ORIENTED_EDGE('',*,*,#1646,.T.);
#2505=ORIENTED_EDGE('',*,*,#1773,.T.);
#2506=ORIENTED_EDGE('',*,*,#1407,.F.);
#2507=ORIENTED_EDGE('',*,*,#1740,.F.);
#2508=ORIENTED_EDGE('',*,*,#1690,.F.);
#2509=ORIENTED_EDGE('',*,*,#1774,.T.);
#2510=ORIENTED_EDGE('',*,*,#1408,.F.);
#2511=ORIENTED_EDGE('',*,*,#1773,.F.);
#2512=ORIENTED_EDGE('',*,*,#1645,.T.);
#2513=ORIENTED_EDGE('',*,*,#1774,.F.);
#2514=ORIENTED_EDGE('',*,*,#1689,.F.);
#2515=ORIENTED_EDGE('',*,*,#1775,.T.);
#2516=ORIENTED_EDGE('',*,*,#1409,.F.);
#2517=ORIENTED_EDGE('',*,*,#1775,.F.);
#2518=ORIENTED_EDGE('',*,*,#1688,.F.);
#2519=ORIENTED_EDGE('',*,*,#1776,.T.);
#2520=ORIENTED_EDGE('',*,*,#1410,.F.);
#2521=ORIENTED_EDGE('',*,*,#1754,.F.);
#2522=ORIENTED_EDGE('',*,*,#1681,.F.);
#2523=ORIENTED_EDGE('',*,*,#1760,.T.);
#2524=ORIENTED_EDGE('',*,*,#1730,.F.);
#2525=ORIENTED_EDGE('',*,*,#1761,.F.);
#2526=ORIENTED_EDGE('',*,*,#1675,.F.);
#2527=ORIENTED_EDGE('',*,*,#1769,.F.);
#2528=ORIENTED_EDGE('',*,*,#1411,.F.);
#2529=ORIENTED_EDGE('',*,*,#1776,.F.);
#2530=ORIENTED_EDGE('',*,*,#1687,.F.);
#2531=ORIENTED_EDGE('',*,*,#1753,.T.);
#2532=ORIENTED_EDGE('',*,*,#1720,.F.);
#2533=ORIENTED_EDGE('',*,*,#1455,.F.);
#2534=ORIENTED_EDGE('',*,*,#1777,.T.);
#2535=ORIENTED_EDGE('',*,*,#1711,.F.);
#2536=ORIENTED_EDGE('',*,*,#1777,.F.);
#2537=ORIENTED_EDGE('',*,*,#1606,.F.);
#2538=ORIENTED_EDGE('',*,*,#1778,.T.);
#2539=ORIENTED_EDGE('',*,*,#1710,.F.);
#2540=ORIENTED_EDGE('',*,*,#1778,.F.);
#2541=PLANE('',#2764);
#2542=PLANE('',#2809);
#2543=PLANE('',#2811);
#2544=PLANE('',#2812);
#2545=PLANE('',#2855);
#2546=PLANE('',#2856);
#2547=PLANE('',#2880);
#2548=PLANE('',#2881);
#2549=PLANE('',#2885);
#2550=PLANE('',#2888);
#2551=PLANE('',#2891);
#2552=PLANE('',#2894);
#2553=PLANE('',#2897);
#2554=PLANE('',#2900);
#2555=PLANE('',#2903);
#2556=PLANE('',#2906);
#2557=PLANE('',#2909);
#2558=PLANE('',#2912);
#2559=PLANE('',#2915);
#2560=PLANE('',#2918);
#2561=PLANE('',#2921);
#2562=PLANE('',#2924);
#2563=PLANE('',#2927);
#2564=PLANE('',#2930);
#2565=PLANE('',#2933);
#2566=PLANE('',#2936);
#2567=PLANE('',#2939);
#2568=PLANE('',#2942);
#2569=PLANE('',#2947);
#2570=PLANE('',#2952);
#2571=PLANE('',#2953);
#2572=PLANE('',#2964);
#2573=PLANE('',#2966);
#2574=PLANE('',#2969);
#2575=PLANE('',#2970);
#2576=PLANE('',#2973);
#2577=PLANE('',#2976);
#2578=PLANE('',#2988);
#2579=PLANE('',#2993);
#2580=PLANE('',#2996);
#2581=PLANE('',#3007);
#2582=PLANE('',#3036);
#2583=PLANE('',#3040);
#2584=PLANE('',#3041);
#2585=PLANE('',#3045);
#2586=PLANE('',#3051);
#2587=PLANE('',#3054);
#2588=PLANE('',#3055);
#2589=PLANE('',#3056);
#2590=PLANE('',#3057);
#2591=PLANE('',#3059);
#2592=PLANE('',#3062);
#2593=PLANE('',#3065);
#2594=PLANE('',#3068);
#2595=PLANE('',#3071);
#2596=PLANE('',#3078);
#2597=PLANE('',#3079);
#2598=ADVANCED_FACE('',(#225,#110,#111,#112,#113,#114,#115,#116,#117,#118,
#119,#120,#121,#122,#123,#124,#125,#126,#127,#128,#129,#130,#131,#132,#133,
#134),#2541,.T.);
#2599=ADVANCED_FACE('',(#226),#2542,.T.);
#2600=ADVANCED_FACE('',(#227),#2543,.T.);
#2601=ADVANCED_FACE('',(#228),#2544,.T.);
#2602=ADVANCED_FACE('',(#229),#24,.F.);
#2603=ADVANCED_FACE('',(#230),#25,.F.);
#2604=ADVANCED_FACE('',(#231),#26,.F.);
#2605=ADVANCED_FACE('',(#232),#27,.F.);
#2606=ADVANCED_FACE('',(#233),#28,.F.);
#2607=ADVANCED_FACE('',(#234),#29,.F.);
#2608=ADVANCED_FACE('',(#235),#30,.F.);
#2609=ADVANCED_FACE('',(#236),#31,.F.);
#2610=ADVANCED_FACE('',(#237),#32,.F.);
#2611=ADVANCED_FACE('',(#238),#33,.F.);
#2612=ADVANCED_FACE('',(#239),#34,.F.);
#2613=ADVANCED_FACE('',(#240),#35,.F.);
#2614=ADVANCED_FACE('',(#241),#36,.F.);
#2615=ADVANCED_FACE('',(#242),#37,.F.);
#2616=ADVANCED_FACE('',(#243),#38,.F.);
#2617=ADVANCED_FACE('',(#244),#2545,.F.);
#2618=ADVANCED_FACE('',(#245),#2546,.F.);
#2619=ADVANCED_FACE('',(#246),#39,.F.);
#2620=ADVANCED_FACE('',(#247),#40,.F.);
#2621=ADVANCED_FACE('',(#248),#41,.F.);
#2622=ADVANCED_FACE('',(#249),#42,.F.);
#2623=ADVANCED_FACE('',(#250),#43,.F.);
#2624=ADVANCED_FACE('',(#251),#44,.F.);
#2625=ADVANCED_FACE('',(#252),#45,.F.);
#2626=ADVANCED_FACE('',(#253),#46,.F.);
#2627=ADVANCED_FACE('',(#254),#2547,.F.);
#2628=ADVANCED_FACE('',(#255),#2548,.F.);
#2629=ADVANCED_FACE('',(#256),#47,.F.);
#2630=ADVANCED_FACE('',(#257,#135),#2549,.F.);
#2631=ADVANCED_FACE('',(#258),#48,.F.);
#2632=ADVANCED_FACE('',(#259,#136),#2550,.F.);
#2633=ADVANCED_FACE('',(#260),#49,.F.);
#2634=ADVANCED_FACE('',(#261,#137),#2551,.F.);
#2635=ADVANCED_FACE('',(#262),#50,.F.);
#2636=ADVANCED_FACE('',(#263,#138),#2552,.F.);
#2637=ADVANCED_FACE('',(#264),#51,.F.);
#2638=ADVANCED_FACE('',(#265,#139),#2553,.F.);
#2639=ADVANCED_FACE('',(#266),#52,.F.);
#2640=ADVANCED_FACE('',(#267,#140),#2554,.F.);
#2641=ADVANCED_FACE('',(#268),#53,.F.);
#2642=ADVANCED_FACE('',(#269,#141),#2555,.F.);
#2643=ADVANCED_FACE('',(#270),#54,.F.);
#2644=ADVANCED_FACE('',(#271,#142),#2556,.F.);
#2645=ADVANCED_FACE('',(#272),#55,.F.);
#2646=ADVANCED_FACE('',(#273,#143),#2557,.F.);
#2647=ADVANCED_FACE('',(#274),#56,.F.);
#2648=ADVANCED_FACE('',(#275,#144),#2558,.F.);
#2649=ADVANCED_FACE('',(#276),#57,.F.);
#2650=ADVANCED_FACE('',(#277,#145),#2559,.F.);
#2651=ADVANCED_FACE('',(#278),#58,.F.);
#2652=ADVANCED_FACE('',(#279,#146),#2560,.F.);
#2653=ADVANCED_FACE('',(#280),#59,.F.);
#2654=ADVANCED_FACE('',(#281,#147),#2561,.F.);
#2655=ADVANCED_FACE('',(#282),#60,.F.);
#2656=ADVANCED_FACE('',(#283,#148),#2562,.F.);
#2657=ADVANCED_FACE('',(#284),#61,.F.);
#2658=ADVANCED_FACE('',(#285,#149),#2563,.F.);
#2659=ADVANCED_FACE('',(#286),#62,.F.);
#2660=ADVANCED_FACE('',(#287,#150),#2564,.F.);
#2661=ADVANCED_FACE('',(#288),#63,.F.);
#2662=ADVANCED_FACE('',(#289,#151),#2565,.F.);
#2663=ADVANCED_FACE('',(#290),#64,.F.);
#2664=ADVANCED_FACE('',(#291,#152),#2566,.F.);
#2665=ADVANCED_FACE('',(#292),#65,.F.);
#2666=ADVANCED_FACE('',(#293,#153),#2567,.F.);
#2667=ADVANCED_FACE('',(#294),#66,.F.);
#2668=ADVANCED_FACE('',(#295,#154),#2568,.F.);
#2669=ADVANCED_FACE('',(#296),#67,.F.);
#2670=ADVANCED_FACE('',(#297),#68,.T.);
#2671=ADVANCED_FACE('',(#298),#2569,.T.);
#2672=ADVANCED_FACE('',(#299),#69,.T.);
#2673=ADVANCED_FACE('',(#300),#70,.T.);
#2674=ADVANCED_FACE('',(#301),#2570,.T.);
#2675=ADVANCED_FACE('',(#302,#155,#156,#157,#158,#159,#160,#161,#162,#163,
#164,#165,#166,#167,#168,#169,#170,#171,#172,#173,#174,#175,#176,#177,#178,
#179,#180),#2571,.F.);
#2676=ADVANCED_FACE('',(#303),#71,.T.);
#2677=ADVANCED_FACE('',(#304),#72,.F.);
#2678=ADVANCED_FACE('',(#305),#73,.F.);
#2679=ADVANCED_FACE('',(#306),#2572,.T.);
#2680=ADVANCED_FACE('',(#307),#2573,.F.);
#2681=ADVANCED_FACE('',(#308),#74,.F.);
#2682=ADVANCED_FACE('',(#309),#2574,.F.);
#2683=ADVANCED_FACE('',(#310),#2575,.F.);
#2684=ADVANCED_FACE('',(#311),#75,.F.);
#2685=ADVANCED_FACE('',(#312),#2576,.F.);
#2686=ADVANCED_FACE('',(#313),#76,.F.);
#2687=ADVANCED_FACE('',(#314,#181),#2577,.F.);
#2688=ADVANCED_FACE('',(#315),#77,.T.);
#2689=ADVANCED_FACE('',(#316),#78,.F.);
#2690=ADVANCED_FACE('',(#317),#79,.T.);
#2691=ADVANCED_FACE('',(#318),#80,.F.);
#2692=ADVANCED_FACE('',(#319,#182),#2578,.F.);
#2693=ADVANCED_FACE('',(#320),#2579,.T.);
#2694=ADVANCED_FACE('',(#321),#81,.F.);
#2695=ADVANCED_FACE('',(#322,#183,#184),#2580,.F.);
#2696=ADVANCED_FACE('',(#323),#82,.T.);
#2697=ADVANCED_FACE('',(#324),#83,.F.);
#2698=ADVANCED_FACE('',(#325,#185,#186,#187,#188,#189,#190,#191,#192,#193,
#194),#2581,.T.);
#2699=ADVANCED_FACE('',(#326),#84,.T.);
#2700=ADVANCED_FACE('',(#327),#2582,.T.);
#2701=ADVANCED_FACE('',(#328),#85,.T.);
#2702=ADVANCED_FACE('',(#329),#86,.F.);
#2703=ADVANCED_FACE('',(#330),#87,.T.);
#2704=ADVANCED_FACE('',(#331),#2583,.T.);
#2705=ADVANCED_FACE('',(#332),#2584,.T.);
#2706=ADVANCED_FACE('',(#333),#22,.F.);
#2707=ADVANCED_FACE('',(#334,#195),#2585,.F.);
#2708=ADVANCED_FACE('',(#335),#23,.F.);
#2709=ADVANCED_FACE('',(#336,#196),#2586,.F.);
#2710=ADVANCED_FACE('',(#337),#15,.T.);
#2711=ADVANCED_FACE('',(#338),#2587,.T.);
#2712=ADVANCED_FACE('',(#339),#2588,.T.);
#2713=ADVANCED_FACE('',(#340),#2589,.T.);
#2714=ADVANCED_FACE('',(#341),#16,.T.);
#2715=ADVANCED_FACE('',(#342),#2590,.T.);
#2716=ADVANCED_FACE('',(#343),#88,.T.);
#2717=ADVANCED_FACE('',(#344),#2591,.T.);
#2718=ADVANCED_FACE('',(#345),#89,.T.);
#2719=ADVANCED_FACE('',(#346),#90,.F.);
#2720=ADVANCED_FACE('',(#347),#2592,.T.);
#2721=ADVANCED_FACE('',(#348),#91,.F.);
#2722=ADVANCED_FACE('',(#349),#92,.F.);
#2723=ADVANCED_FACE('',(#350),#2593,.T.);
#2724=ADVANCED_FACE('',(#351),#93,.T.);
#2725=ADVANCED_FACE('',(#352),#94,.F.);
#2726=ADVANCED_FACE('',(#353),#2594,.T.);
#2727=ADVANCED_FACE('',(#354),#95,.F.);
#2728=ADVANCED_FACE('',(#355),#96,.F.);
#2729=ADVANCED_FACE('',(#356),#2595,.T.);
#2730=ADVANCED_FACE('',(#357),#97,.T.);
#2731=ADVANCED_FACE('',(#358),#98,.F.);
#2732=ADVANCED_FACE('',(#359),#99,.F.);
#2733=ADVANCED_FACE('',(#360),#100,.F.);
#2734=ADVANCED_FACE('',(#361),#101,.F.);
#2735=ADVANCED_FACE('',(#362),#102,.T.);
#2736=ADVANCED_FACE('',(#363),#2596,.T.);
#2737=ADVANCED_FACE('',(#364),#2597,.T.);
#2738=ADVANCED_FACE('',(#365),#103,.T.);
#2739=ADVANCED_FACE('',(#366),#17,.T.);
#2740=ADVANCED_FACE('',(#367),#104,.T.);
#2741=ADVANCED_FACE('',(#368),#18,.T.);
#2742=ADVANCED_FACE('',(#369),#19,.T.);
#2743=ADVANCED_FACE('',(#370),#105,.T.);
#2744=ADVANCED_FACE('',(#371),#20,.T.);
#2745=ADVANCED_FACE('',(#372),#106,.T.);
#2746=ADVANCED_FACE('',(#373),#21,.T.);
#2747=ADVANCED_FACE('',(#374),#107,.T.);
#2748=ADVANCED_FACE('',(#375),#108,.F.);
#2749=ADVANCED_FACE('',(#376),#109,.F.);
#2750=CLOSED_SHELL('',(#2598,#2599,#2600,#2601,#2602,#2603,#2604,#2605,
#2606,#2607,#2608,#2609,#2610,#2611,#2612,#2613,#2614,#2615,#2616,#2617,
#2618,#2619,#2620,#2621,#2622,#2623,#2624,#2625,#2626,#2627,#2628,#2629,
#2630,#2631,#2632,#2633,#2634,#2635,#2636,#2637,#2638,#2639,#2640,#2641,
#2642,#2643,#2644,#2645,#2646,#2647,#2648,#2649,#2650,#2651,#2652,#2653,
#2654,#2655,#2656,#2657,#2658,#2659,#2660,#2661,#2662,#2663,#2664,#2665,
#2666,#2667,#2668,#2669,#2670,#2671,#2672,#2673,#2674,#2675,#2676,#2677,
#2678,#2679,#2680,#2681,#2682,#2683,#2684,#2685,#2686,#2687,#2688,#2689,
#2690,#2691,#2692,#2693,#2694,#2695,#2696,#2697,#2698,#2699,#2700,#2701,
#2702,#2703,#2704,#2705,#2706,#2707,#2708,#2709,#2710,#2711,#2712,#2713,
#2714,#2715,#2716,#2717,#2718,#2719,#2720,#2721,#2722,#2723,#2724,#2725,
#2726,#2727,#2728,#2729,#2730,#2731,#2732,#2733,#2734,#2735,#2736,#2737,
#2738,#2739,#2740,#2741,#2742,#2743,#2744,#2745,#2746,#2747,#2748,#2749));
#2751=DERIVED_UNIT_ELEMENT(#2753,1.);
#2752=DERIVED_UNIT_ELEMENT(#5057,-3.);
#2753=(
MASS_UNIT()
NAMED_UNIT(*)
SI_UNIT(.KILO.,.GRAM.)
);
#2754=DERIVED_UNIT((#2751,#2752));
#2755=MEASURE_REPRESENTATION_ITEM('density measure',
POSITIVE_RATIO_MEASURE(7850.),#2754);
#2756=PROPERTY_DEFINITION_REPRESENTATION(#2761,#2758);
#2757=PROPERTY_DEFINITION_REPRESENTATION(#2762,#2759);
#2758=REPRESENTATION('material name',(#2760),#5054);
#2759=REPRESENTATION('density',(#2755),#5054);
#2760=DESCRIPTIVE_REPRESENTATION_ITEM('Steel','Steel');
#2761=PROPERTY_DEFINITION('material property','material name',#5064);
#2762=PROPERTY_DEFINITION('material property','density of part',#5064);
#2763=AXIS2_PLACEMENT_3D('',#3910,#3087,#3088);
#2764=AXIS2_PLACEMENT_3D('',#3911,#3089,#3090);
#2765=AXIS2_PLACEMENT_3D('',#3914,#3091,#3092);
#2766=AXIS2_PLACEMENT_3D('',#3918,#3094,#3095);
#2767=AXIS2_PLACEMENT_3D('',#3922,#3097,#3098);
#2768=AXIS2_PLACEMENT_3D('',#3926,#3100,#3101);
#2769=AXIS2_PLACEMENT_3D('',#3930,#3103,#3104);
#2770=AXIS2_PLACEMENT_3D('',#3932,#3105,#3106);
#2771=AXIS2_PLACEMENT_3D('',#3948,#3107,#3108);
#2772=AXIS2_PLACEMENT_3D('',#3964,#3109,#3110);
#2773=AXIS2_PLACEMENT_3D('',#3980,#3111,#3112);
#2774=AXIS2_PLACEMENT_3D('',#4001,#3113,#3114);
#2775=AXIS2_PLACEMENT_3D('',#4003,#3115,#3116);
#2776=AXIS2_PLACEMENT_3D('',#4007,#3118,#3119);
#2777=AXIS2_PLACEMENT_3D('',#4009,#3120,#3121);
#2778=AXIS2_PLACEMENT_3D('',#4011,#3122,#3123);
#2779=AXIS2_PLACEMENT_3D('',#4015,#3125,#3126);
#2780=AXIS2_PLACEMENT_3D('',#4017,#3127,#3128);
#2781=AXIS2_PLACEMENT_3D('',#4019,#3129,#3130);
#2782=AXIS2_PLACEMENT_3D('',#4023,#3132,#3133);
#2783=AXIS2_PLACEMENT_3D('',#4025,#3134,#3135);
#2784=AXIS2_PLACEMENT_3D('',#4027,#3136,#3137);
#2785=AXIS2_PLACEMENT_3D('',#4030,#3139,#3140);
#2786=AXIS2_PLACEMENT_3D('',#4032,#3141,#3142);
#2787=AXIS2_PLACEMENT_3D('',#4034,#3143,#3144);
#2788=AXIS2_PLACEMENT_3D('',#4036,#3145,#3146);
#2789=AXIS2_PLACEMENT_3D('',#4038,#3147,#3148);
#2790=AXIS2_PLACEMENT_3D('',#4040,#3149,#3150);
#2791=AXIS2_PLACEMENT_3D('',#4042,#3151,#3152);
#2792=AXIS2_PLACEMENT_3D('',#4044,#3153,#3154);
#2793=AXIS2_PLACEMENT_3D('',#4046,#3155,#3156);
#2794=AXIS2_PLACEMENT_3D('',#4048,#3157,#3158);
#2795=AXIS2_PLACEMENT_3D('',#4050,#3159,#3160);
#2796=AXIS2_PLACEMENT_3D('',#4052,#3161,#3162);
#2797=AXIS2_PLACEMENT_3D('',#4054,#3163,#3164);
#2798=AXIS2_PLACEMENT_3D('',#4056,#3165,#3166);
#2799=AXIS2_PLACEMENT_3D('',#4058,#3167,#3168);
#2800=AXIS2_PLACEMENT_3D('',#4060,#3169,#3170);
#2801=AXIS2_PLACEMENT_3D('',#4062,#3171,#3172);
#2802=AXIS2_PLACEMENT_3D('',#4064,#3173,#3174);
#2803=AXIS2_PLACEMENT_3D('',#4066,#3175,#3176);
#2804=AXIS2_PLACEMENT_3D('',#4068,#3177,#3178);
#2805=AXIS2_PLACEMENT_3D('',#4070,#3179,#3180);
#2806=AXIS2_PLACEMENT_3D('',#4072,#3181,#3182);
#2807=AXIS2_PLACEMENT_3D('',#4074,#3183,#3184);
#2808=AXIS2_PLACEMENT_3D('',#4076,#3185,#3186);
#2809=AXIS2_PLACEMENT_3D('',#4077,#3187,#3188);
#2810=AXIS2_PLACEMENT_3D('',#4079,#3189,#3190);
#2811=AXIS2_PLACEMENT_3D('',#4080,#3191,#3192);
#2812=AXIS2_PLACEMENT_3D('',#4086,#3196,#3197);
#2813=AXIS2_PLACEMENT_3D('',#4092,#3201,#3202);
#2814=AXIS2_PLACEMENT_3D('',#4095,#3204,#3205);
#2815=AXIS2_PLACEMENT_3D('',#4096,#3206,#3207);
#2816=AXIS2_PLACEMENT_3D('',#4098,#3208,#3209);
#2817=AXIS2_PLACEMENT_3D('',#4101,#3211,#3212);
#2818=AXIS2_PLACEMENT_3D('',#4102,#3213,#3214);
#2819=AXIS2_PLACEMENT_3D('',#4104,#3215,#3216);
#2820=AXIS2_PLACEMENT_3D('',#4107,#3218,#3219);
#2821=AXIS2_PLACEMENT_3D('',#4108,#3220,#3221);
#2822=AXIS2_PLACEMENT_3D('',#4110,#3222,#3223);
#2823=AXIS2_PLACEMENT_3D('',#4113,#3225,#3226);
#2824=AXIS2_PLACEMENT_3D('',#4114,#3227,#3228);
#2825=AXIS2_PLACEMENT_3D('',#4116,#3229,#3230);
#2826=AXIS2_PLACEMENT_3D('',#4119,#3232,#3233);
#2827=AXIS2_PLACEMENT_3D('',#4120,#3234,#3235);
#2828=AXIS2_PLACEMENT_3D('',#4123,#3237,#3238);
#2829=AXIS2_PLACEMENT_3D('',#4124,#3239,#3240);
#2830=AXIS2_PLACEMENT_3D('',#4126,#3241,#3242);
#2831=AXIS2_PLACEMENT_3D('',#4129,#3244,#3245);
#2832=AXIS2_PLACEMENT_3D('',#4130,#3246,#3247);
#2833=AXIS2_PLACEMENT_3D('',#4132,#3248,#3249);
#2834=AXIS2_PLACEMENT_3D('',#4135,#3251,#3252);
#2835=AXIS2_PLACEMENT_3D('',#4136,#3253,#3254);
#2836=AXIS2_PLACEMENT_3D('',#4138,#3255,#3256);
#2837=AXIS2_PLACEMENT_3D('',#4141,#3258,#3259);
#2838=AXIS2_PLACEMENT_3D('',#4142,#3260,#3261);
#2839=AXIS2_PLACEMENT_3D('',#4144,#3262,#3263);
#2840=AXIS2_PLACEMENT_3D('',#4147,#3265,#3266);
#2841=AXIS2_PLACEMENT_3D('',#4148,#3267,#3268);
#2842=AXIS2_PLACEMENT_3D('',#4150,#3269,#3270);
#2843=AXIS2_PLACEMENT_3D('',#4153,#3272,#3273);
#2844=AXIS2_PLACEMENT_3D('',#4154,#3274,#3275);
#2845=AXIS2_PLACEMENT_3D('',#4156,#3276,#3277);
#2846=AXIS2_PLACEMENT_3D('',#4159,#3279,#3280);
#2847=AXIS2_PLACEMENT_3D('',#4160,#3281,#3282);
#2848=AXIS2_PLACEMENT_3D('',#4162,#3283,#3284);
#2849=AXIS2_PLACEMENT_3D('',#4165,#3286,#3287);
#2850=AXIS2_PLACEMENT_3D('',#4166,#3288,#3289);
#2851=AXIS2_PLACEMENT_3D('',#4168,#3290,#3291);
#2852=AXIS2_PLACEMENT_3D('',#4171,#3293,#3294);
#2853=AXIS2_PLACEMENT_3D('',#4172,#3295,#3296);
#2854=AXIS2_PLACEMENT_3D('',#4175,#3298,#3299);
#2855=AXIS2_PLACEMENT_3D('',#4176,#3300,#3301);
#2856=AXIS2_PLACEMENT_3D('',#4185,#3306,#3307);
#2857=AXIS2_PLACEMENT_3D('',#4191,#3311,#3312);
#2858=AXIS2_PLACEMENT_3D('',#4193,#3313,#3314);
#2859=AXIS2_PLACEMENT_3D('',#4196,#3316,#3317);
#2860=AXIS2_PLACEMENT_3D('',#4197,#3318,#3319);
#2861=AXIS2_PLACEMENT_3D('',#4199,#3320,#3321);
#2862=AXIS2_PLACEMENT_3D('',#4202,#3323,#3324);
#2863=AXIS2_PLACEMENT_3D('',#4203,#3325,#3326);
#2864=AXIS2_PLACEMENT_3D('',#4206,#3328,#3329);
#2865=AXIS2_PLACEMENT_3D('',#4207,#3330,#3331);
#2866=AXIS2_PLACEMENT_3D('',#4209,#3332,#3333);
#2867=AXIS2_PLACEMENT_3D('',#4212,#3335,#3336);
#2868=AXIS2_PLACEMENT_3D('',#4213,#3337,#3338);
#2869=AXIS2_PLACEMENT_3D('',#4215,#3339,#3340);
#2870=AXIS2_PLACEMENT_3D('',#4218,#3342,#3343);
#2871=AXIS2_PLACEMENT_3D('',#4219,#3344,#3345);
#2872=AXIS2_PLACEMENT_3D('',#4221,#3346,#3347);
#2873=AXIS2_PLACEMENT_3D('',#4224,#3349,#3350);
#2874=AXIS2_PLACEMENT_3D('',#4225,#3351,#3352);
#2875=AXIS2_PLACEMENT_3D('',#4227,#3353,#3354);
#2876=AXIS2_PLACEMENT_3D('',#4230,#3356,#3357);
#2877=AXIS2_PLACEMENT_3D('',#4231,#3358,#3359);
#2878=AXIS2_PLACEMENT_3D('',#4233,#3360,#3361);
#2879=AXIS2_PLACEMENT_3D('',#4236,#3363,#3364);
#2880=AXIS2_PLACEMENT_3D('',#4237,#3365,#3366);
#2881=AXIS2_PLACEMENT_3D('',#4246,#3371,#3372);
#2882=AXIS2_PLACEMENT_3D('',#4252,#3376,#3377);
#2883=AXIS2_PLACEMENT_3D('',#4254,#3378,#3379);
#2884=AXIS2_PLACEMENT_3D('',#4257,#3381,#3382);
#2885=AXIS2_PLACEMENT_3D('',#4258,#3383,#3384);
#2886=AXIS2_PLACEMENT_3D('',#4260,#3385,#3386);
#2887=AXIS2_PLACEMENT_3D('',#4261,#3387,#3388);
#2888=AXIS2_PLACEMENT_3D('',#4263,#3390,#3391);
#2889=AXIS2_PLACEMENT_3D('',#4265,#3392,#3393);
#2890=AXIS2_PLACEMENT_3D('',#4266,#3394,#3395);
#2891=AXIS2_PLACEMENT_3D('',#4268,#3397,#3398);
#2892=AXIS2_PLACEMENT_3D('',#4270,#3399,#3400);
#2893=AXIS2_PLACEMENT_3D('',#4271,#3401,#3402);
#2894=AXIS2_PLACEMENT_3D('',#4273,#3404,#3405);
#2895=AXIS2_PLACEMENT_3D('',#4275,#3406,#3407);
#2896=AXIS2_PLACEMENT_3D('',#4276,#3408,#3409);
#2897=AXIS2_PLACEMENT_3D('',#4278,#3411,#3412);
#2898=AXIS2_PLACEMENT_3D('',#4280,#3413,#3414);
#2899=AXIS2_PLACEMENT_3D('',#4281,#3415,#3416);
#2900=AXIS2_PLACEMENT_3D('',#4283,#3418,#3419);
#2901=AXIS2_PLACEMENT_3D('',#4285,#3420,#3421);
#2902=AXIS2_PLACEMENT_3D('',#4286,#3422,#3423);
#2903=AXIS2_PLACEMENT_3D('',#4288,#3425,#3426);
#2904=AXIS2_PLACEMENT_3D('',#4290,#3427,#3428);
#2905=AXIS2_PLACEMENT_3D('',#4291,#3429,#3430);
#2906=AXIS2_PLACEMENT_3D('',#4293,#3432,#3433);
#2907=AXIS2_PLACEMENT_3D('',#4295,#3434,#3435);
#2908=AXIS2_PLACEMENT_3D('',#4296,#3436,#3437);
#2909=AXIS2_PLACEMENT_3D('',#4298,#3439,#3440);
#2910=AXIS2_PLACEMENT_3D('',#4300,#3441,#3442);
#2911=AXIS2_PLACEMENT_3D('',#4301,#3443,#3444);
#2912=AXIS2_PLACEMENT_3D('',#4303,#3446,#3447);
#2913=AXIS2_PLACEMENT_3D('',#4305,#3448,#3449);
#2914=AXIS2_PLACEMENT_3D('',#4306,#3450,#3451);
#2915=AXIS2_PLACEMENT_3D('',#4308,#3453,#3454);
#2916=AXIS2_PLACEMENT_3D('',#4310,#3455,#3456);
#2917=AXIS2_PLACEMENT_3D('',#4311,#3457,#3458);
#2918=AXIS2_PLACEMENT_3D('',#4313,#3460,#3461);
#2919=AXIS2_PLACEMENT_3D('',#4315,#3462,#3463);
#2920=AXIS2_PLACEMENT_3D('',#4316,#3464,#3465);
#2921=AXIS2_PLACEMENT_3D('',#4318,#3467,#3468);
#2922=AXIS2_PLACEMENT_3D('',#4320,#3469,#3470);
#2923=AXIS2_PLACEMENT_3D('',#4321,#3471,#3472);
#2924=AXIS2_PLACEMENT_3D('',#4323,#3474,#3475);
#2925=AXIS2_PLACEMENT_3D('',#4325,#3476,#3477);
#2926=AXIS2_PLACEMENT_3D('',#4326,#3478,#3479);
#2927=AXIS2_PLACEMENT_3D('',#4328,#3481,#3482);
#2928=AXIS2_PLACEMENT_3D('',#4330,#3483,#3484);
#2929=AXIS2_PLACEMENT_3D('',#4331,#3485,#3486);
#2930=AXIS2_PLACEMENT_3D('',#4333,#3488,#3489);
#2931=AXIS2_PLACEMENT_3D('',#4335,#3490,#3491);
#2932=AXIS2_PLACEMENT_3D('',#4336,#3492,#3493);
#2933=AXIS2_PLACEMENT_3D('',#4338,#3495,#3496);
#2934=AXIS2_PLACEMENT_3D('',#4340,#3497,#3498);
#2935=AXIS2_PLACEMENT_3D('',#4341,#3499,#3500);
#2936=AXIS2_PLACEMENT_3D('',#4343,#3502,#3503);
#2937=AXIS2_PLACEMENT_3D('',#4345,#3504,#3505);
#2938=AXIS2_PLACEMENT_3D('',#4346,#3506,#3507);
#2939=AXIS2_PLACEMENT_3D('',#4348,#3509,#3510);
#2940=AXIS2_PLACEMENT_3D('',#4350,#3511,#3512);
#2941=AXIS2_PLACEMENT_3D('',#4351,#3513,#3514);
#2942=AXIS2_PLACEMENT_3D('',#4353,#3516,#3517);
#2943=AXIS2_PLACEMENT_3D('',#4355,#3518,#3519);
#2944=AXIS2_PLACEMENT_3D('',#4356,#3520,#3521);
#2945=AXIS2_PLACEMENT_3D('',#4358,#3523,#3524);
#2946=AXIS2_PLACEMENT_3D('',#4361,#3526,#3527);
#2947=AXIS2_PLACEMENT_3D('',#4362,#3528,#3529);
#2948=AXIS2_PLACEMENT_3D('',#4366,#3532,#3533);
#2949=AXIS2_PLACEMENT_3D('',#4367,#3534,#3535);
#2950=AXIS2_PLACEMENT_3D('',#4368,#3536,#3537);
#2951=AXIS2_PLACEMENT_3D('',#4370,#3538,#3539);
#2952=AXIS2_PLACEMENT_3D('',#4372,#3541,#3542);
#2953=AXIS2_PLACEMENT_3D('',#4376,#3545,#3546);
#2954=AXIS2_PLACEMENT_3D('',#4377,#3547,#3548);
#2955=AXIS2_PLACEMENT_3D('',#4379,#3549,#3550);
#2956=AXIS2_PLACEMENT_3D('',#4383,#3552,#3553);
#2957=AXIS2_PLACEMENT_3D('',#4386,#3555,#3556);
#2958=AXIS2_PLACEMENT_3D('',#4390,#3558,#3559);
#2959=AXIS2_PLACEMENT_3D('',#4392,#3561,#3562);
#2960=AXIS2_PLACEMENT_3D('',#4393,#3563,#3564);
#2961=AXIS2_PLACEMENT_3D('',#4396,#3566,#3567);
#2962=AXIS2_PLACEMENT_3D('',#4397,#3568,#3569);
#2963=AXIS2_PLACEMENT_3D('',#4400,#3571,#3572);
#2964=AXIS2_PLACEMENT_3D('',#4401,#3573,#3574);
#2965=AXIS2_PLACEMENT_3D('',#4403,#3575,#3576);
#2966=AXIS2_PLACEMENT_3D('',#4404,#3577,#3578);
#2967=AXIS2_PLACEMENT_3D('',#4408,#3581,#3582);
#2968=AXIS2_PLACEMENT_3D('',#4411,#3584,#3585);
#2969=AXIS2_PLACEMENT_3D('',#4412,#3586,#3587);
#2970=AXIS2_PLACEMENT_3D('',#4414,#3589,#3590);
#2971=AXIS2_PLACEMENT_3D('',#4418,#3593,#3594);
#2972=AXIS2_PLACEMENT_3D('',#4421,#3596,#3597);
#2973=AXIS2_PLACEMENT_3D('',#4422,#3598,#3599);
#2974=AXIS2_PLACEMENT_3D('',#4424,#3601,#3602);
#2975=AXIS2_PLACEMENT_3D('',#4428,#3604,#3605);
#2976=AXIS2_PLACEMENT_3D('',#4430,#3607,#3608);
#2977=AXIS2_PLACEMENT_3D('',#4432,#3609,#3610);
#2978=AXIS2_PLACEMENT_3D('',#4463,#3612,#3613);
#2979=AXIS2_PLACEMENT_3D('',#4467,#3615,#3616);
#2980=AXIS2_PLACEMENT_3D('',#4470,#3618,#3619);
#2981=AXIS2_PLACEMENT_3D('',#4471,#3620,#3621);
#2982=AXIS2_PLACEMENT_3D('',#4473,#3623,#3624);
#2983=AXIS2_PLACEMENT_3D('',#4476,#3625,#3626);
#2984=AXIS2_PLACEMENT_3D('',#4479,#3629,#3630);
#2985=AXIS2_PLACEMENT_3D('',#4481,#3631,#3632);
#2986=AXIS2_PLACEMENT_3D('',#4483,#3634,#3635);
#2987=AXIS2_PLACEMENT_3D('',#4486,#3636,#3637);
#2988=AXIS2_PLACEMENT_3D('',#4489,#3640,#3641);
#2989=AXIS2_PLACEMENT_3D('',#4493,#3643,#3644);
#2990=AXIS2_PLACEMENT_3D('',#4497,#3646,#3647);
#2991=AXIS2_PLACEMENT_3D('',#4525,#3649,#3650);
#2992=AXIS2_PLACEMENT_3D('',#4527,#3651,#3652);
#2993=AXIS2_PLACEMENT_3D('',#4528,#3653,#3654);
#2994=AXIS2_PLACEMENT_3D('',#4530,#3656,#3657);
#2995=AXIS2_PLACEMENT_3D('',#4532,#3658,#3659);
#2996=AXIS2_PLACEMENT_3D('',#4534,#3661,#3662);
#2997=AXIS2_PLACEMENT_3D('',#4538,#3664,#3665);
#2998=AXIS2_PLACEMENT_3D('',#4542,#3667,#3668);
#2999=AXIS2_PLACEMENT_3D('',#4546,#3670,#3671);
#3000=AXIS2_PLACEMENT_3D('',#4550,#3673,#3674);
#3001=AXIS2_PLACEMENT_3D('',#4553,#3676,#3677);
#3002=AXIS2_PLACEMENT_3D('',#4555,#3678,#3679);
#3003=AXIS2_PLACEMENT_3D('',#4556,#3680,#3681);
#3004=AXIS2_PLACEMENT_3D('',#4559,#3682,#3683);
#3005=AXIS2_PLACEMENT_3D('',#4563,#3687,#3688);
#3006=AXIS2_PLACEMENT_3D('',#4565,#3689,#3690);
#3007=AXIS2_PLACEMENT_3D('',#4567,#3692,#3693);
#3008=AXIS2_PLACEMENT_3D('',#4571,#3695,#3696);
#3009=AXIS2_PLACEMENT_3D('',#4586,#3698,#3699);
#3010=AXIS2_PLACEMENT_3D('',#4602,#3700,#3701);
#3011=AXIS2_PLACEMENT_3D('',#4604,#3702,#3703);
#3012=AXIS2_PLACEMENT_3D('',#4608,#3705,#3706);
#3013=AXIS2_PLACEMENT_3D('',#4612,#3708,#3709);
#3014=AXIS2_PLACEMENT_3D('',#4614,#3710,#3711);
#3015=AXIS2_PLACEMENT_3D('',#4616,#3712,#3713);
#3016=AXIS2_PLACEMENT_3D('',#4620,#3715,#3716);
#3017=AXIS2_PLACEMENT_3D('',#4624,#3718,#3719);
#3018=AXIS2_PLACEMENT_3D('',#4626,#3720,#3721);
#3019=AXIS2_PLACEMENT_3D('',#4642,#3722,#3723);
#3020=AXIS2_PLACEMENT_3D('',#4659,#3725,#3726);
#3021=AXIS2_PLACEMENT_3D('',#4663,#3728,#3729);
#3022=AXIS2_PLACEMENT_3D('',#4665,#3730,#3731);
#3023=AXIS2_PLACEMENT_3D('',#4667,#3732,#3733);
#3024=AXIS2_PLACEMENT_3D('',#4671,#3735,#3736);
#3025=AXIS2_PLACEMENT_3D('',#4675,#3738,#3739);
#3026=AXIS2_PLACEMENT_3D('',#4678,#3741,#3742);
#3027=AXIS2_PLACEMENT_3D('',#4680,#3743,#3744);
#3028=AXIS2_PLACEMENT_3D('',#4682,#3745,#3746);
#3029=AXIS2_PLACEMENT_3D('',#4684,#3747,#3748);
#3030=AXIS2_PLACEMENT_3D('',#4686,#3749,#3750);
#3031=AXIS2_PLACEMENT_3D('',#4688,#3751,#3752);
#3032=AXIS2_PLACEMENT_3D('',#4690,#3753,#3754);
#3033=AXIS2_PLACEMENT_3D('',#4692,#3755,#3756);
#3034=AXIS2_PLACEMENT_3D('',#4694,#3757,#3758);
#3035=AXIS2_PLACEMENT_3D('',#4695,#3759,#3760);
#3036=AXIS2_PLACEMENT_3D('',#4698,#3763,#3764);
#3037=AXIS2_PLACEMENT_3D('',#4699,#3765,#3766);
#3038=AXIS2_PLACEMENT_3D('',#4703,#3770,#3771);
#3039=AXIS2_PLACEMENT_3D('',#4705,#3773,#3774);
#3040=AXIS2_PLACEMENT_3D('',#4707,#3776,#3777);
#3041=AXIS2_PLACEMENT_3D('',#4708,#3778,#3779);
#3042=AXIS2_PLACEMENT_3D('',#4709,#3780,#3781);
#3043=AXIS2_PLACEMENT_3D('',#4723,#3782,#3783);
#3044=AXIS2_PLACEMENT_3D('',#4745,#3784,#3785);
#3045=AXIS2_PLACEMENT_3D('',#4754,#3786,#3787);
#3046=AXIS2_PLACEMENT_3D('',#4758,#3789,#3790);
#3047=AXIS2_PLACEMENT_3D('',#4761,#3792,#3793);
#3048=AXIS2_PLACEMENT_3D('',#4762,#3794,#3795);
#3049=AXIS2_PLACEMENT_3D('',#4778,#3796,#3797);
#3050=AXIS2_PLACEMENT_3D('',#4800,#3798,#3799);
#3051=AXIS2_PLACEMENT_3D('',#4807,#3800,#3801);
#3052=AXIS2_PLACEMENT_3D('',#4811,#3803,#3804);
#3053=AXIS2_PLACEMENT_3D('',#4814,#3806,#3807);
#3054=AXIS2_PLACEMENT_3D('',#4843,#3808,#3809);
#3055=AXIS2_PLACEMENT_3D('',#4845,#3811,#3812);
#3056=AXIS2_PLACEMENT_3D('',#4847,#3814,#3815);
#3057=AXIS2_PLACEMENT_3D('',#4877,#3817,#3818);
#3058=AXIS2_PLACEMENT_3D('',#4879,#3820,#3821);
#3059=AXIS2_PLACEMENT_3D('',#4881,#3823,#3824);
#3060=AXIS2_PLACEMENT_3D('',#4883,#3826,#3827);
#3061=AXIS2_PLACEMENT_3D('',#4885,#3829,#3830);
#3062=AXIS2_PLACEMENT_3D('',#4887,#3832,#3833);
#3063=AXIS2_PLACEMENT_3D('',#4890,#3836,#3837);
#3064=AXIS2_PLACEMENT_3D('',#4892,#3839,#3840);
#3065=AXIS2_PLACEMENT_3D('',#4895,#3843,#3844);
#3066=AXIS2_PLACEMENT_3D('',#4897,#3846,#3847);
#3067=AXIS2_PLACEMENT_3D('',#4898,#3848,#3849);
#3068=AXIS2_PLACEMENT_3D('',#4900,#3851,#3852);
#3069=AXIS2_PLACEMENT_3D('',#4903,#3855,#3856);
#3070=AXIS2_PLACEMENT_3D('',#4905,#3858,#3859);
#3071=AXIS2_PLACEMENT_3D('',#4908,#3862,#3863);
#3072=AXIS2_PLACEMENT_3D('',#4910,#3865,#3866);
#3073=AXIS2_PLACEMENT_3D('',#4911,#3867,#3868);
#3074=AXIS2_PLACEMENT_3D('',#4913,#3870,#3871);
#3075=AXIS2_PLACEMENT_3D('',#4915,#3873,#3874);
#3076=AXIS2_PLACEMENT_3D('',#4917,#3876,#3877);
#3077=AXIS2_PLACEMENT_3D('',#4919,#3879,#3880);
#3078=AXIS2_PLACEMENT_3D('',#4920,#3881,#3882);
#3079=AXIS2_PLACEMENT_3D('',#4921,#3883,#3884);
#3080=AXIS2_PLACEMENT_3D('',#4923,#3886,#3887);
#3081=AXIS2_PLACEMENT_3D('',#4952,#3890,#3891);
#3082=AXIS2_PLACEMENT_3D('',#4989,#3894,#3895);
#3083=AXIS2_PLACEMENT_3D('',#5018,#3898,#3899);
#3084=AXIS2_PLACEMENT_3D('',#5047,#3902,#3903);
#3085=AXIS2_PLACEMENT_3D('',#5048,#3904,#3905);
#3086=AXIS2_PLACEMENT_3D('',#5050,#3907,#3908);
#3087=DIRECTION('axis',(0.,0.,1.));
#3088=DIRECTION('refdir',(1.,0.,0.));
#3089=DIRECTION('center_axis',(0.,0.,1.));
#3090=DIRECTION('ref_axis',(1.,0.,0.));
#3091=DIRECTION('center_axis',(0.,0.,-1.));
#3092=DIRECTION('ref_axis',(0.707106781186547,0.707106781186548,0.));
#3093=DIRECTION('',(-1.,0.,0.));
#3094=DIRECTION('center_axis',(0.,0.,-1.));
#3095=DIRECTION('ref_axis',(-0.707106781186547,0.707106781186548,0.));
#3096=DIRECTION('',(0.,-1.,0.));
#3097=DIRECTION('center_axis',(0.,0.,-1.));
#3098=DIRECTION('ref_axis',(-0.707106781186547,-0.707106781186548,0.));
#3099=DIRECTION('',(1.,0.,0.));
#3100=DIRECTION('center_axis',(0.,0.,-1.));
#3101=DIRECTION('ref_axis',(0.707106781186547,-0.707106781186548,0.));
#3102=DIRECTION('',(0.,1.,0.));
#3103=DIRECTION('center_axis',(0.,0.,1.));
#3104=DIRECTION('ref_axis',(-0.811524013461589,0.584319070008154,0.));
#3105=DIRECTION('center_axis',(0.,0.,-1.));
#3106=DIRECTION('ref_axis',(0.811524013461588,-0.584319070008156,0.));
#3107=DIRECTION('center_axis',(0.,0.,-1.));
#3108=DIRECTION('ref_axis',(0.510078278974896,-0.8601279842663,0.));
#3109=DIRECTION('center_axis',(0.,0.,-1.));
#3110=DIRECTION('ref_axis',(0.0665319494315081,-0.997784295178494,0.));
#3111=DIRECTION('center_axis',(0.,0.,-1.));
#3112=DIRECTION('ref_axis',(0.155241215340185,0.987876594043862,0.));
#3113=DIRECTION('center_axis',(0.,0.,-1.));
#3114=DIRECTION('ref_axis',(0.598787544883575,0.800907907372815,0.));
#3115=DIRECTION('center_axis',(0.,0.,1.));
#3116=DIRECTION('ref_axis',(0.645765734786906,-0.763535602166086,0.));
#3117=DIRECTION('',(0.763535602166083,0.645765734786909,0.));
#3118=DIRECTION('center_axis',(0.,0.,-1.));
#3119=DIRECTION('ref_axis',(-0.645765734786905,0.763535602166087,0.));
#3120=DIRECTION('center_axis',(0.,0.,1.));
#3121=DIRECTION('ref_axis',(-0.638204323334243,-0.769867028568883,0.));
#3122=DIRECTION('center_axis',(0.,0.,-1.));
#3123=DIRECTION('ref_axis',(0.638204323334232,0.769867028568892,0.));
#3124=DIRECTION('',(-0.763535602166092,-0.645765734786899,0.));
#3125=DIRECTION('center_axis',(0.,0.,1.));
#3126=DIRECTION('ref_axis',(-0.924904102044478,-0.38020047609294,0.));
#3127=DIRECTION('center_axis',(0.,0.,-1.));
#3128=DIRECTION('ref_axis',(0.924904102044474,0.38020047609295,0.));
#3129=DIRECTION('center_axis',(0.,0.,1.));
#3130=DIRECTION('ref_axis',(-0.645765734786894,-0.763535602166096,0.));
#3131=DIRECTION('',(0.763535602166087,-0.645765734786904,0.));
#3132=DIRECTION('center_axis',(0.,0.,-1.));
#3133=DIRECTION('ref_axis',(0.645765734786901,0.76353560216609,0.));
#3134=DIRECTION('center_axis',(0.,0.,1.));
#3135=DIRECTION('ref_axis',(-0.917509364758938,0.397714175733843,0.));
#3136=DIRECTION('center_axis',(0.,0.,-1.));
#3137=DIRECTION('ref_axis',(0.917509364758945,-0.397714175733826,0.));
#3138=DIRECTION('',(-0.76353560216609,0.645765734786901,0.));
#3139=DIRECTION('center_axis',(0.,0.,-1.));
#3140=DIRECTION('ref_axis',(-1.,0.,0.));
#3141=DIRECTION('center_axis',(0.,0.,-1.));
#3142=DIRECTION('ref_axis',(-1.,0.,0.));
#3143=DIRECTION('center_axis',(0.,0.,-1.));
#3144=DIRECTION('ref_axis',(-1.,0.,0.));
#3145=DIRECTION('center_axis',(0.,0.,-1.));
#3146=DIRECTION('ref_axis',(-1.,0.,0.));
#3147=DIRECTION('center_axis',(0.,0.,-1.));
#3148=DIRECTION('ref_axis',(-1.,0.,0.));
#3149=DIRECTION('center_axis',(0.,0.,-1.));
#3150=DIRECTION('ref_axis',(-1.,0.,0.));
#3151=DIRECTION('center_axis',(0.,0.,-1.));
#3152=DIRECTION('ref_axis',(-1.,0.,0.));
#3153=DIRECTION('center_axis',(0.,0.,-1.));
#3154=DIRECTION('ref_axis',(-1.,0.,0.));
#3155=DIRECTION('center_axis',(0.,0.,-1.));
#3156=DIRECTION('ref_axis',(-1.,0.,0.));
#3157=DIRECTION('center_axis',(0.,0.,-1.));
#3158=DIRECTION('ref_axis',(-1.,0.,0.));
#3159=DIRECTION('center_axis',(0.,0.,-1.));
#3160=DIRECTION('ref_axis',(-1.,0.,0.));
#3161=DIRECTION('center_axis',(0.,0.,-1.));
#3162=DIRECTION('ref_axis',(-1.,0.,0.));
#3163=DIRECTION('center_axis',(0.,0.,-1.));
#3164=DIRECTION('ref_axis',(-1.,0.,0.));
#3165=DIRECTION('center_axis',(0.,0.,-1.));
#3166=DIRECTION('ref_axis',(-1.,0.,0.));
#3167=DIRECTION('center_axis',(0.,0.,-1.));
#3168=DIRECTION('ref_axis',(-1.,0.,0.));
#3169=DIRECTION('center_axis',(0.,0.,-1.));
#3170=DIRECTION('ref_axis',(-1.,0.,0.));
#3171=DIRECTION('center_axis',(0.,0.,-1.));
#3172=DIRECTION('ref_axis',(-1.,0.,0.));
#3173=DIRECTION('center_axis',(0.,0.,-1.));
#3174=DIRECTION('ref_axis',(-1.,0.,0.));
#3175=DIRECTION('center_axis',(0.,0.,-1.));
#3176=DIRECTION('ref_axis',(-1.,0.,0.));
#3177=DIRECTION('center_axis',(0.,0.,-1.));
#3178=DIRECTION('ref_axis',(-1.,0.,0.));
#3179=DIRECTION('center_axis',(0.,0.,-1.));
#3180=DIRECTION('ref_axis',(-1.,0.,0.));
#3181=DIRECTION('center_axis',(0.,0.,-1.));
#3182=DIRECTION('ref_axis',(-1.,0.,0.));
#3183=DIRECTION('center_axis',(0.,0.,-1.));
#3184=DIRECTION('ref_axis',(-1.,0.,0.));
#3185=DIRECTION('center_axis',(0.,0.,-1.));
#3186=DIRECTION('ref_axis',(-1.,0.,0.));
#3187=DIRECTION('center_axis',(0.,0.,1.));
#3188=DIRECTION('ref_axis',(1.,0.,0.));
#3189=DIRECTION('center_axis',(0.,0.,1.));
#3190=DIRECTION('ref_axis',(1.,0.,0.));
#3191=DIRECTION('center_axis',(0.,1.,0.));
#3192=DIRECTION('ref_axis',(-1.,0.,0.));
#3193=DIRECTION('',(0.,0.,1.));
#3194=DIRECTION('',(1.,0.,0.));
#3195=DIRECTION('',(0.,0.,-1.));
#3196=DIRECTION('center_axis',(0.,-1.,0.));
#3197=DIRECTION('ref_axis',(1.,0.,0.));
#3198=DIRECTION('',(0.,0.,-1.));
#3199=DIRECTION('',(0.,0.,1.));
#3200=DIRECTION('',(-1.,0.,0.));
#3201=DIRECTION('center_axis',(0.,0.,-1.));
#3202=DIRECTION('ref_axis',(-1.,0.,0.));
#3203=DIRECTION('',(0.,0.,-1.));
#3204=DIRECTION('center_axis',(0.,0.,1.));
#3205=DIRECTION('ref_axis',(-1.,0.,0.));
#3206=DIRECTION('center_axis',(0.,0.,-1.));
#3207=DIRECTION('ref_axis',(-1.,0.,0.));
#3208=DIRECTION('center_axis',(0.,0.,1.));
#3209=DIRECTION('ref_axis',(-1.,0.,0.));
#3210=DIRECTION('',(0.,0.,-1.));
#3211=DIRECTION('center_axis',(0.,0.,1.));
#3212=DIRECTION('ref_axis',(-1.,0.,0.));
#3213=DIRECTION('center_axis',(0.,0.,-1.));
#3214=DIRECTION('ref_axis',(-1.,0.,0.));
#3215=DIRECTION('center_axis',(0.,0.,1.));
#3216=DIRECTION('ref_axis',(-1.,0.,0.));
#3217=DIRECTION('',(0.,0.,-1.));
#3218=DIRECTION('center_axis',(0.,0.,1.));
#3219=DIRECTION('ref_axis',(-1.,0.,0.));
#3220=DIRECTION('center_axis',(0.,0.,-1.));
#3221=DIRECTION('ref_axis',(-1.,0.,0.));
#3222=DIRECTION('center_axis',(0.,0.,1.));
#3223=DIRECTION('ref_axis',(-1.,0.,0.));
#3224=DIRECTION('',(0.,0.,-1.));
#3225=DIRECTION('center_axis',(0.,0.,1.));
#3226=DIRECTION('ref_axis',(-1.,0.,0.));
#3227=DIRECTION('center_axis',(0.,0.,-1.));
#3228=DIRECTION('ref_axis',(-1.,0.,0.));
#3229=DIRECTION('center_axis',(0.,0.,1.));
#3230=DIRECTION('ref_axis',(-1.,0.,0.));
#3231=DIRECTION('',(0.,0.,-1.));
#3232=DIRECTION('center_axis',(0.,0.,1.));
#3233=DIRECTION('ref_axis',(-1.,0.,0.));
#3234=DIRECTION('center_axis',(0.,0.,-1.));
#3235=DIRECTION('ref_axis',(-1.,0.,0.));
#3236=DIRECTION('',(0.,0.,-1.));
#3237=DIRECTION('center_axis',(0.,0.,1.));
#3238=DIRECTION('ref_axis',(-1.,0.,0.));
#3239=DIRECTION('center_axis',(0.,0.,-1.));
#3240=DIRECTION('ref_axis',(-1.,0.,0.));
#3241=DIRECTION('center_axis',(0.,0.,1.));
#3242=DIRECTION('ref_axis',(-1.,0.,0.));
#3243=DIRECTION('',(0.,0.,-1.));
#3244=DIRECTION('center_axis',(0.,0.,1.));
#3245=DIRECTION('ref_axis',(-1.,0.,0.));
#3246=DIRECTION('center_axis',(0.,0.,-1.));
#3247=DIRECTION('ref_axis',(-1.,0.,0.));
#3248=DIRECTION('center_axis',(0.,0.,1.));
#3249=DIRECTION('ref_axis',(-1.,0.,0.));
#3250=DIRECTION('',(0.,0.,-1.));
#3251=DIRECTION('center_axis',(0.,0.,1.));
#3252=DIRECTION('ref_axis',(-1.,0.,0.));
#3253=DIRECTION('center_axis',(0.,0.,-1.));
#3254=DIRECTION('ref_axis',(-1.,0.,0.));
#3255=DIRECTION('center_axis',(0.,0.,1.));
#3256=DIRECTION('ref_axis',(-1.,0.,0.));
#3257=DIRECTION('',(0.,0.,-1.));
#3258=DIRECTION('center_axis',(0.,0.,1.));
#3259=DIRECTION('ref_axis',(-1.,0.,0.));
#3260=DIRECTION('center_axis',(0.,0.,-1.));
#3261=DIRECTION('ref_axis',(-1.,0.,0.));
#3262=DIRECTION('center_axis',(0.,0.,1.));
#3263=DIRECTION('ref_axis',(-1.,0.,0.));
#3264=DIRECTION('',(0.,0.,-1.));
#3265=DIRECTION('center_axis',(0.,0.,1.));
#3266=DIRECTION('ref_axis',(-1.,0.,0.));
#3267=DIRECTION('center_axis',(0.,0.,-1.));
#3268=DIRECTION('ref_axis',(-1.,0.,0.));
#3269=DIRECTION('center_axis',(0.,0.,1.));
#3270=DIRECTION('ref_axis',(-1.,0.,0.));
#3271=DIRECTION('',(0.,0.,-1.));
#3272=DIRECTION('center_axis',(0.,0.,1.));
#3273=DIRECTION('ref_axis',(-1.,0.,0.));
#3274=DIRECTION('center_axis',(0.,0.,-1.));
#3275=DIRECTION('ref_axis',(-1.,0.,0.));
#3276=DIRECTION('center_axis',(0.,0.,1.));
#3277=DIRECTION('ref_axis',(-1.,0.,0.));
#3278=DIRECTION('',(0.,0.,-1.));
#3279=DIRECTION('center_axis',(0.,0.,1.));
#3280=DIRECTION('ref_axis',(-1.,0.,0.));
#3281=DIRECTION('center_axis',(0.,0.,-1.));
#3282=DIRECTION('ref_axis',(-1.,0.,0.));
#3283=DIRECTION('center_axis',(0.,0.,1.));
#3284=DIRECTION('ref_axis',(-1.,0.,0.));
#3285=DIRECTION('',(0.,0.,-1.));
#3286=DIRECTION('center_axis',(0.,0.,1.));
#3287=DIRECTION('ref_axis',(-1.,0.,0.));
#3288=DIRECTION('center_axis',(0.,0.,-1.));
#3289=DIRECTION('ref_axis',(-1.,0.,0.));
#3290=DIRECTION('center_axis',(0.,0.,1.));
#3291=DIRECTION('ref_axis',(-1.,0.,0.));
#3292=DIRECTION('',(0.,0.,-1.));
#3293=DIRECTION('center_axis',(0.,0.,1.));
#3294=DIRECTION('ref_axis',(-1.,0.,0.));
#3295=DIRECTION('center_axis',(0.,0.,-1.));
#3296=DIRECTION('ref_axis',(-1.,0.,0.));
#3297=DIRECTION('',(0.,0.,-1.));
#3298=DIRECTION('center_axis',(0.,0.,1.));
#3299=DIRECTION('ref_axis',(-1.,0.,0.));
#3300=DIRECTION('center_axis',(0.,-1.,0.));
#3301=DIRECTION('ref_axis',(-1.,0.,0.));
#3302=DIRECTION('',(0.,0.,1.));
#3303=DIRECTION('',(1.,0.,0.));
#3304=DIRECTION('',(0.,0.,-1.));
#3305=DIRECTION('',(-1.,0.,0.));
#3306=DIRECTION('center_axis',(1.,0.,0.));
#3307=DIRECTION('ref_axis',(0.,-1.,0.));
#3308=DIRECTION('',(0.,0.,1.));
#3309=DIRECTION('',(0.,1.,0.));
#3310=DIRECTION('',(0.,-1.,0.));
#3311=DIRECTION('center_axis',(0.,0.,-1.));
#3312=DIRECTION('ref_axis',(-1.,0.,0.));
#3313=DIRECTION('center_axis',(0.,0.,1.));
#3314=DIRECTION('ref_axis',(-1.,0.,0.));
#3315=DIRECTION('',(0.,0.,-1.));
#3316=DIRECTION('center_axis',(0.,0.,1.));
#3317=DIRECTION('ref_axis',(-1.,0.,0.));
#3318=DIRECTION('center_axis',(0.,0.,-1.));
#3319=DIRECTION('ref_axis',(-1.,0.,0.));
#3320=DIRECTION('center_axis',(0.,0.,1.));
#3321=DIRECTION('ref_axis',(-1.,0.,0.));
#3322=DIRECTION('',(0.,0.,-1.));
#3323=DIRECTION('center_axis',(0.,0.,1.));
#3324=DIRECTION('ref_axis',(-1.,0.,0.));
#3325=DIRECTION('center_axis',(0.,0.,-1.));
#3326=DIRECTION('ref_axis',(-1.,0.,0.));
#3327=DIRECTION('',(0.,0.,-1.));
#3328=DIRECTION('center_axis',(0.,0.,1.));
#3329=DIRECTION('ref_axis',(-1.,0.,0.));
#3330=DIRECTION('center_axis',(0.,0.,-1.));
#3331=DIRECTION('ref_axis',(-1.,0.,0.));
#3332=DIRECTION('center_axis',(0.,0.,1.));
#3333=DIRECTION('ref_axis',(-1.,0.,0.));
#3334=DIRECTION('',(0.,0.,-1.));
#3335=DIRECTION('center_axis',(0.,0.,1.));
#3336=DIRECTION('ref_axis',(-1.,0.,0.));
#3337=DIRECTION('center_axis',(0.,0.,-1.));
#3338=DIRECTION('ref_axis',(-1.,0.,0.));
#3339=DIRECTION('center_axis',(0.,0.,1.));
#3340=DIRECTION('ref_axis',(-1.,0.,0.));
#3341=DIRECTION('',(0.,0.,-1.));
#3342=DIRECTION('center_axis',(0.,0.,1.));
#3343=DIRECTION('ref_axis',(-1.,0.,0.));
#3344=DIRECTION('center_axis',(0.,0.,-1.));
#3345=DIRECTION('ref_axis',(-1.,0.,0.));
#3346=DIRECTION('center_axis',(0.,0.,1.));
#3347=DIRECTION('ref_axis',(-1.,0.,0.));
#3348=DIRECTION('',(0.,0.,-1.));
#3349=DIRECTION('center_axis',(0.,0.,1.));
#3350=DIRECTION('ref_axis',(-1.,0.,0.));
#3351=DIRECTION('center_axis',(0.,0.,-1.));
#3352=DIRECTION('ref_axis',(-1.,0.,0.));
#3353=DIRECTION('center_axis',(0.,0.,1.));
#3354=DIRECTION('ref_axis',(-1.,0.,0.));
#3355=DIRECTION('',(0.,0.,-1.));
#3356=DIRECTION('center_axis',(0.,0.,1.));
#3357=DIRECTION('ref_axis',(-1.,0.,0.));
#3358=DIRECTION('center_axis',(0.,0.,-1.));
#3359=DIRECTION('ref_axis',(-1.,0.,0.));
#3360=DIRECTION('center_axis',(0.,0.,1.));
#3361=DIRECTION('ref_axis',(-1.,0.,0.));
#3362=DIRECTION('',(0.,0.,-1.));
#3363=DIRECTION('center_axis',(0.,0.,1.));
#3364=DIRECTION('ref_axis',(-1.,0.,0.));
#3365=DIRECTION('center_axis',(0.,1.,0.));
#3366=DIRECTION('ref_axis',(1.,0.,0.));
#3367=DIRECTION('',(0.,0.,1.));
#3368=DIRECTION('',(-1.,0.,0.));
#3369=DIRECTION('',(0.,0.,-1.));
#3370=DIRECTION('',(1.,0.,0.));
#3371=DIRECTION('center_axis',(-1.,0.,0.));
#3372=DIRECTION('ref_axis',(0.,1.,0.));
#3373=DIRECTION('',(0.,0.,1.));
#3374=DIRECTION('',(0.,-1.,0.));
#3375=DIRECTION('',(0.,1.,0.));
#3376=DIRECTION('center_axis',(0.,0.,-1.));
#3377=DIRECTION('ref_axis',(-1.,0.,0.));
#3378=DIRECTION('center_axis',(0.,0.,1.));
#3379=DIRECTION('ref_axis',(-1.,0.,0.));
#3380=DIRECTION('',(0.,0.,-1.));
#3381=DIRECTION('center_axis',(0.,0.,1.));
#3382=DIRECTION('ref_axis',(-1.,0.,0.));
#3383=DIRECTION('center_axis',(0.,0.,1.));
#3384=DIRECTION('ref_axis',(-1.,0.,0.));
#3385=DIRECTION('center_axis',(0.,0.,1.));
#3386=DIRECTION('ref_axis',(-1.,0.,0.));
#3387=DIRECTION('center_axis',(0.,0.,-1.));
#3388=DIRECTION('ref_axis',(-1.,0.,0.));
#3389=DIRECTION('',(0.,0.,1.));
#3390=DIRECTION('center_axis',(0.,0.,1.));
#3391=DIRECTION('ref_axis',(-1.,0.,0.));
#3392=DIRECTION('center_axis',(0.,0.,1.));
#3393=DIRECTION('ref_axis',(-1.,0.,0.));
#3394=DIRECTION('center_axis',(0.,0.,-1.));
#3395=DIRECTION('ref_axis',(-1.,0.,0.));
#3396=DIRECTION('',(0.,0.,1.));
#3397=DIRECTION('center_axis',(0.,0.,1.));
#3398=DIRECTION('ref_axis',(-1.,0.,0.));
#3399=DIRECTION('center_axis',(0.,0.,1.));
#3400=DIRECTION('ref_axis',(-1.,0.,0.));
#3401=DIRECTION('center_axis',(0.,0.,-1.));
#3402=DIRECTION('ref_axis',(-1.,0.,0.));
#3403=DIRECTION('',(0.,0.,1.));
#3404=DIRECTION('center_axis',(0.,0.,1.));
#3405=DIRECTION('ref_axis',(-1.,0.,0.));
#3406=DIRECTION('center_axis',(0.,0.,1.));
#3407=DIRECTION('ref_axis',(-1.,0.,0.));
#3408=DIRECTION('center_axis',(0.,0.,-1.));
#3409=DIRECTION('ref_axis',(-1.,0.,0.));
#3410=DIRECTION('',(0.,0.,1.));
#3411=DIRECTION('center_axis',(0.,0.,1.));
#3412=DIRECTION('ref_axis',(-1.,0.,0.));
#3413=DIRECTION('center_axis',(0.,0.,1.));
#3414=DIRECTION('ref_axis',(-1.,0.,0.));
#3415=DIRECTION('center_axis',(0.,0.,-1.));
#3416=DIRECTION('ref_axis',(-1.,0.,0.));
#3417=DIRECTION('',(0.,0.,1.));
#3418=DIRECTION('center_axis',(0.,0.,1.));
#3419=DIRECTION('ref_axis',(-1.,0.,0.));
#3420=DIRECTION('center_axis',(0.,0.,1.));
#3421=DIRECTION('ref_axis',(-1.,0.,0.));
#3422=DIRECTION('center_axis',(0.,0.,-1.));
#3423=DIRECTION('ref_axis',(-1.,0.,0.));
#3424=DIRECTION('',(0.,0.,1.));
#3425=DIRECTION('center_axis',(0.,0.,1.));
#3426=DIRECTION('ref_axis',(-1.,0.,0.));
#3427=DIRECTION('center_axis',(0.,0.,1.));
#3428=DIRECTION('ref_axis',(-1.,0.,0.));
#3429=DIRECTION('center_axis',(0.,0.,-1.));
#3430=DIRECTION('ref_axis',(-1.,0.,0.));
#3431=DIRECTION('',(0.,0.,1.));
#3432=DIRECTION('center_axis',(0.,0.,1.));
#3433=DIRECTION('ref_axis',(-1.,0.,0.));
#3434=DIRECTION('center_axis',(0.,0.,1.));
#3435=DIRECTION('ref_axis',(-1.,0.,0.));
#3436=DIRECTION('center_axis',(0.,0.,-1.));
#3437=DIRECTION('ref_axis',(-1.,0.,0.));
#3438=DIRECTION('',(0.,0.,1.));
#3439=DIRECTION('center_axis',(0.,0.,1.));
#3440=DIRECTION('ref_axis',(-1.,0.,0.));
#3441=DIRECTION('center_axis',(0.,0.,1.));
#3442=DIRECTION('ref_axis',(-1.,0.,0.));
#3443=DIRECTION('center_axis',(0.,0.,-1.));
#3444=DIRECTION('ref_axis',(-1.,0.,0.));
#3445=DIRECTION('',(0.,0.,1.));
#3446=DIRECTION('center_axis',(0.,0.,1.));
#3447=DIRECTION('ref_axis',(-1.,0.,0.));
#3448=DIRECTION('center_axis',(0.,0.,1.));
#3449=DIRECTION('ref_axis',(-1.,0.,0.));
#3450=DIRECTION('center_axis',(0.,0.,-1.));
#3451=DIRECTION('ref_axis',(-1.,0.,0.));
#3452=DIRECTION('',(0.,0.,1.));
#3453=DIRECTION('center_axis',(0.,0.,1.));
#3454=DIRECTION('ref_axis',(-1.,0.,0.));
#3455=DIRECTION('center_axis',(0.,0.,1.));
#3456=DIRECTION('ref_axis',(-1.,0.,0.));
#3457=DIRECTION('center_axis',(0.,0.,-1.));
#3458=DIRECTION('ref_axis',(-1.,0.,0.));
#3459=DIRECTION('',(0.,0.,1.));
#3460=DIRECTION('center_axis',(0.,0.,1.));
#3461=DIRECTION('ref_axis',(-1.,0.,0.));
#3462=DIRECTION('center_axis',(0.,0.,1.));
#3463=DIRECTION('ref_axis',(-1.,0.,0.));
#3464=DIRECTION('center_axis',(0.,0.,-1.));
#3465=DIRECTION('ref_axis',(-1.,0.,0.));
#3466=DIRECTION('',(0.,0.,1.));
#3467=DIRECTION('center_axis',(0.,0.,1.));
#3468=DIRECTION('ref_axis',(-1.,0.,0.));
#3469=DIRECTION('center_axis',(0.,0.,1.));
#3470=DIRECTION('ref_axis',(-1.,0.,0.));
#3471=DIRECTION('center_axis',(0.,0.,-1.));
#3472=DIRECTION('ref_axis',(-1.,0.,0.));
#3473=DIRECTION('',(0.,0.,1.));
#3474=DIRECTION('center_axis',(0.,0.,1.));
#3475=DIRECTION('ref_axis',(-1.,0.,0.));
#3476=DIRECTION('center_axis',(0.,0.,1.));
#3477=DIRECTION('ref_axis',(-1.,0.,0.));
#3478=DIRECTION('center_axis',(0.,0.,-1.));
#3479=DIRECTION('ref_axis',(-1.,0.,0.));
#3480=DIRECTION('',(0.,0.,1.));
#3481=DIRECTION('center_axis',(0.,0.,1.));
#3482=DIRECTION('ref_axis',(-1.,0.,0.));
#3483=DIRECTION('center_axis',(0.,0.,1.));
#3484=DIRECTION('ref_axis',(-1.,0.,0.));
#3485=DIRECTION('center_axis',(0.,0.,-1.));
#3486=DIRECTION('ref_axis',(-1.,0.,0.));
#3487=DIRECTION('',(0.,0.,1.));
#3488=DIRECTION('center_axis',(0.,0.,1.));
#3489=DIRECTION('ref_axis',(-1.,0.,0.));
#3490=DIRECTION('center_axis',(0.,0.,1.));
#3491=DIRECTION('ref_axis',(-1.,0.,0.));
#3492=DIRECTION('center_axis',(0.,0.,-1.));
#3493=DIRECTION('ref_axis',(-1.,0.,0.));
#3494=DIRECTION('',(0.,0.,1.));
#3495=DIRECTION('center_axis',(0.,0.,1.));
#3496=DIRECTION('ref_axis',(-1.,0.,0.));
#3497=DIRECTION('center_axis',(0.,0.,1.));
#3498=DIRECTION('ref_axis',(-1.,0.,0.));
#3499=DIRECTION('center_axis',(0.,0.,-1.));
#3500=DIRECTION('ref_axis',(-1.,0.,0.));
#3501=DIRECTION('',(0.,0.,1.));
#3502=DIRECTION('center_axis',(0.,0.,1.));
#3503=DIRECTION('ref_axis',(-1.,0.,0.));
#3504=DIRECTION('center_axis',(0.,0.,1.));
#3505=DIRECTION('ref_axis',(-1.,0.,0.));
#3506=DIRECTION('center_axis',(0.,0.,-1.));
#3507=DIRECTION('ref_axis',(-1.,0.,0.));
#3508=DIRECTION('',(0.,0.,1.));
#3509=DIRECTION('center_axis',(0.,0.,1.));
#3510=DIRECTION('ref_axis',(-1.,0.,0.));
#3511=DIRECTION('center_axis',(0.,0.,1.));
#3512=DIRECTION('ref_axis',(-1.,0.,0.));
#3513=DIRECTION('center_axis',(0.,0.,-1.));
#3514=DIRECTION('ref_axis',(-1.,0.,0.));
#3515=DIRECTION('',(0.,0.,1.));
#3516=DIRECTION('center_axis',(0.,0.,1.));
#3517=DIRECTION('ref_axis',(-1.,0.,0.));
#3518=DIRECTION('center_axis',(0.,0.,1.));
#3519=DIRECTION('ref_axis',(-1.,0.,0.));
#3520=DIRECTION('center_axis',(0.,0.,-1.));
#3521=DIRECTION('ref_axis',(-1.,0.,0.));
#3522=DIRECTION('',(0.,0.,1.));
#3523=DIRECTION('center_axis',(0.,0.,1.));
#3524=DIRECTION('ref_axis',(-0.707106781186547,-0.707106781186548,0.));
#3525=DIRECTION('',(0.,0.,-1.));
#3526=DIRECTION('center_axis',(0.,0.,1.));
#3527=DIRECTION('ref_axis',(-0.707106781186547,-0.707106781186548,0.));
#3528=DIRECTION('center_axis',(-1.,0.,0.));
#3529=DIRECTION('ref_axis',(0.,-1.,0.));
#3530=DIRECTION('',(0.,0.,1.));
#3531=DIRECTION('',(0.,1.,0.));
#3532=DIRECTION('center_axis',(0.,0.,1.));
#3533=DIRECTION('ref_axis',(-0.707106781186547,0.707106781186548,0.));
#3534=DIRECTION('center_axis',(0.,0.,1.));
#3535=DIRECTION('ref_axis',(-0.707106781186547,0.707106781186548,0.));
#3536=DIRECTION('center_axis',(0.,0.,1.));
#3537=DIRECTION('ref_axis',(0.707106781186547,-0.707106781186548,0.));
#3538=DIRECTION('center_axis',(0.,0.,1.));
#3539=DIRECTION('ref_axis',(0.707106781186547,-0.707106781186548,0.));
#3540=DIRECTION('',(0.,0.,1.));
#3541=DIRECTION('center_axis',(1.,0.,0.));
#3542=DIRECTION('ref_axis',(0.,1.,0.));
#3543=DIRECTION('',(0.,0.,-1.));
#3544=DIRECTION('',(0.,-1.,0.));
#3545=DIRECTION('center_axis',(0.,0.,1.));
#3546=DIRECTION('ref_axis',(1.,0.,0.));
#3547=DIRECTION('center_axis',(0.,0.,1.));
#3548=DIRECTION('ref_axis',(0.707106781186547,0.707106781186548,0.));
#3549=DIRECTION('center_axis',(0.,0.,-1.));
#3550=DIRECTION('ref_axis',(-0.707106781186547,-0.707106781186548,0.));
#3551=DIRECTION('',(1.,0.,0.));
#3552=DIRECTION('center_axis',(0.,0.,-1.));
#3553=DIRECTION('ref_axis',(0.707106781186546,-0.707106781186549,0.));
#3554=DIRECTION('',(0.,1.,0.));
#3555=DIRECTION('center_axis',(0.,0.,-1.));
#3556=DIRECTION('ref_axis',(0.707106781186547,0.707106781186548,0.));
#3557=DIRECTION('',(-1.,0.,0.));
#3558=DIRECTION('center_axis',(0.,0.,-1.));
#3559=DIRECTION('ref_axis',(-0.707106781186547,0.707106781186548,0.));
#3560=DIRECTION('',(0.,-1.,0.));
#3561=DIRECTION('center_axis',(0.,0.,1.));
#3562=DIRECTION('ref_axis',(0.707106781186547,0.707106781186548,0.));
#3563=DIRECTION('center_axis',(0.,0.,-1.));
#3564=DIRECTION('ref_axis',(0.707106781186547,0.707106781186548,0.));
#3565=DIRECTION('',(0.,0.,-1.));
#3566=DIRECTION('center_axis',(0.,0.,-1.));
#3567=DIRECTION('ref_axis',(1.,0.,0.));
#3568=DIRECTION('center_axis',(0.,0.,-1.));
#3569=DIRECTION('ref_axis',(-0.707106781186547,-0.707106781186548,0.));
#3570=DIRECTION('',(0.,0.,-1.));
#3571=DIRECTION('center_axis',(0.,0.,-1.));
#3572=DIRECTION('ref_axis',(-1.,0.,0.));
#3573=DIRECTION('center_axis',(0.,0.,1.));
#3574=DIRECTION('ref_axis',(1.,0.,0.));
#3575=DIRECTION('center_axis',(0.,0.,1.));
#3576=DIRECTION('ref_axis',(1.,0.,0.));
#3577=DIRECTION('center_axis',(-1.,0.,0.));
#3578=DIRECTION('ref_axis',(0.,1.,0.));
#3579=DIRECTION('',(0.,0.,-1.));
#3580=DIRECTION('',(0.,1.,0.));
#3581=DIRECTION('center_axis',(0.,0.,-1.));
#3582=DIRECTION('ref_axis',(-0.707106781186547,0.707106781186548,0.));
#3583=DIRECTION('',(0.,0.,1.));
#3584=DIRECTION('center_axis',(0.,0.,-1.));
#3585=DIRECTION('ref_axis',(0.,1.,0.));
#3586=DIRECTION('center_axis',(0.,1.,0.));
#3587=DIRECTION('ref_axis',(1.,0.,0.));
#3588=DIRECTION('',(1.,-2.7755575615629E-16,0.));
#3589=DIRECTION('center_axis',(1.,0.,0.));
#3590=DIRECTION('ref_axis',(0.,-1.,0.));
#3591=DIRECTION('',(0.,0.,-1.));
#3592=DIRECTION('',(0.,-1.,0.));
#3593=DIRECTION('center_axis',(0.,0.,-1.));
#3594=DIRECTION('ref_axis',(0.707106781186546,-0.707106781186549,0.));
#3595=DIRECTION('',(0.,0.,1.));
#3596=DIRECTION('center_axis',(0.,0.,-1.));
#3597=DIRECTION('ref_axis',(0.,-1.,0.));
#3598=DIRECTION('center_axis',(0.,-1.,0.));
#3599=DIRECTION('ref_axis',(-1.,0.,0.));
#3600=DIRECTION('',(-1.,-2.7755575615629E-16,0.));
#3601=DIRECTION('center_axis',(0.,0.,-1.));
#3602=DIRECTION('ref_axis',(-0.122059793081003,-0.992522748813861,0.));
#3603=DIRECTION('',(0.,0.,1.));
#3604=DIRECTION('center_axis',(0.,0.,-1.));
#3605=DIRECTION('ref_axis',(-0.122059793081003,-0.992522748813861,0.));
#3606=DIRECTION('',(0.,0.,-1.));
#3607=DIRECTION('center_axis',(0.,0.,1.));
#3608=DIRECTION('ref_axis',(-1.,0.,0.));
#3609=DIRECTION('center_axis',(0.,0.,-1.));
#3610=DIRECTION('ref_axis',(-1.,0.,0.));
#3611=DIRECTION('',(0.751672779364324,0.659536225512073,0.));
#3612=DIRECTION('center_axis',(0.,0.,-1.));
#3613=DIRECTION('ref_axis',(0.876956255601769,-0.480570208981918,0.));
#3614=DIRECTION('',(-0.480570208981922,-0.876956255601767,0.));
#3615=DIRECTION('center_axis',(0.,0.,1.));
#3616=DIRECTION('ref_axis',(0.227854074172112,0.973695291599569,0.));
#3617=DIRECTION('',(-0.763535602166088,-0.645765734786904,0.));
#3618=DIRECTION('center_axis',(0.,0.,1.));
#3619=DIRECTION('ref_axis',(-1.,0.,0.));
#3620=DIRECTION('center_axis',(0.,0.,1.));
#3621=DIRECTION('ref_axis',(-1.,0.,0.));
#3622=DIRECTION('',(0.,0.,1.));
#3623=DIRECTION('center_axis',(0.,0.,1.));
#3624=DIRECTION('ref_axis',(-0.971485454477224,0.237099160140187,0.));
#3625=DIRECTION('center_axis',(0.,0.,-1.));
#3626=DIRECTION('ref_axis',(-0.971485454477224,0.237099160140187,0.));
#3627=DIRECTION('',(0.,0.,-1.));
#3628=DIRECTION('',(0.,0.,1.));
#3629=DIRECTION('center_axis',(0.,0.,1.));
#3630=DIRECTION('ref_axis',(1.,1.01064309961486E-15,0.));
#3631=DIRECTION('center_axis',(0.,0.,-1.));
#3632=DIRECTION('ref_axis',(-1.,0.,0.));
#3633=DIRECTION('',(0.,0.,-1.));
#3634=DIRECTION('center_axis',(0.,0.,1.));
#3635=DIRECTION('ref_axis',(-0.122059793081015,0.992522748813859,0.));
#3636=DIRECTION('center_axis',(0.,0.,-1.));
#3637=DIRECTION('ref_axis',(-0.122059793081015,0.992522748813859,0.));
#3638=DIRECTION('',(0.,0.,-1.));
#3639=DIRECTION('',(0.,0.,1.));
#3640=DIRECTION('center_axis',(0.,0.,1.));
#3641=DIRECTION('ref_axis',(-1.,0.,0.));
#3642=DIRECTION('',(0.76353560216609,-0.645765734786901,0.));
#3643=DIRECTION('center_axis',(0.,0.,1.));
#3644=DIRECTION('ref_axis',(0.227854074172108,-0.97369529159957,0.));
#3645=DIRECTION('',(0.480570208981923,-0.876956255601767,0.));
#3646=DIRECTION('center_axis',(0.,0.,-1.));
#3647=DIRECTION('ref_axis',(-0.659536225512083,-0.751672779364315,0.));
#3648=DIRECTION('',(-0.751672779364323,0.659536225512075,0.));
#3649=DIRECTION('center_axis',(0.,0.,-1.));
#3650=DIRECTION('ref_axis',(-1.,0.,0.));
#3651=DIRECTION('center_axis',(0.,0.,1.));
#3652=DIRECTION('ref_axis',(-1.,0.,0.));
#3653=DIRECTION('center_axis',(-0.645765734786901,-0.76353560216609,0.));
#3654=DIRECTION('ref_axis',(-0.76353560216609,0.645765734786901,0.));
#3655=DIRECTION('',(0.,0.,-1.));
#3656=DIRECTION('center_axis',(0.,0.,-1.));
#3657=DIRECTION('ref_axis',(-0.971485454477222,-0.237099160140192,0.));
#3658=DIRECTION('center_axis',(0.,0.,-1.));
#3659=DIRECTION('ref_axis',(-0.971485454477222,-0.237099160140192,0.));
#3660=DIRECTION('',(0.,0.,-1.));
#3661=DIRECTION('center_axis',(0.,0.,1.));
#3662=DIRECTION('ref_axis',(-1.,0.,0.));
#3663=DIRECTION('',(0.763535602166087,0.645765734786905,0.));
#3664=DIRECTION('center_axis',(0.,0.,1.));
#3665=DIRECTION('ref_axis',(0.999987842188163,0.00493107248605135,0.));
#3666=DIRECTION('',(1.,-5.69345140833414E-17,0.));
#3667=DIRECTION('center_axis',(0.,0.,1.));
#3668=DIRECTION('ref_axis',(0.707106781186546,0.707106781186549,0.));
#3669=DIRECTION('',(0.,-1.,0.));
#3670=DIRECTION('center_axis',(0.,0.,1.));
#3671=DIRECTION('ref_axis',(0.707106781186546,-0.707106781186549,0.));
#3672=DIRECTION('',(-1.,5.69345140833414E-17,0.));
#3673=DIRECTION('center_axis',(0.,0.,1.));
#3674=DIRECTION('ref_axis',(0.999987842188163,-0.00493107248605142,0.));
#3675=DIRECTION('',(-0.76353560216609,0.645765734786901,0.));
#3676=DIRECTION('center_axis',(0.,0.,1.));
#3677=DIRECTION('ref_axis',(-1.,0.,0.));
#3678=DIRECTION('center_axis',(0.,0.,1.));
#3679=DIRECTION('ref_axis',(-1.,0.,0.));
#3680=DIRECTION('center_axis',(0.,0.,-1.));
#3681=DIRECTION('ref_axis',(0.227854074172112,0.973695291599569,0.));
#3682=DIRECTION('center_axis',(0.,0.,-1.));
#3683=DIRECTION('ref_axis',(0.227854074172112,0.973695291599569,0.));
#3684=DIRECTION('',(0.,0.,-1.));
#3685=DIRECTION('',(0.,0.,1.));
#3686=DIRECTION('',(0.,0.,-1.));
#3687=DIRECTION('center_axis',(0.,0.,-1.));
#3688=DIRECTION('ref_axis',(-0.860398224365299,-0.509622306722382,0.));
#3689=DIRECTION('center_axis',(0.,0.,1.));
#3690=DIRECTION('ref_axis',(-0.860398224365299,-0.509622306722382,0.));
#3691=DIRECTION('',(0.,0.,-1.));
#3692=DIRECTION('center_axis',(0.,0.,1.));
#3693=DIRECTION('ref_axis',(-1.,0.,0.));
#3694=DIRECTION('',(0.480570208981922,0.876956255601767,0.));
#3695=DIRECTION('center_axis',(0.,0.,1.));
#3696=DIRECTION('ref_axis',(0.876956255601769,-0.480570208981918,0.));
#3697=DIRECTION('',(0.751672779364324,0.659536225512073,0.));
#3698=DIRECTION('center_axis',(0.,0.,1.));
#3699=DIRECTION('ref_axis',(-1.,0.,0.));
#3700=DIRECTION('center_axis',(0.,0.,1.));
#3701=DIRECTION('ref_axis',(-1.,0.,0.));
#3702=DIRECTION('center_axis',(0.,0.,1.));
#3703=DIRECTION('ref_axis',(-0.659536225512084,-0.751672779364315,0.));
#3704=DIRECTION('',(-0.751672779364323,0.659536225512074,0.));
#3705=DIRECTION('center_axis',(0.,0.,1.));
#3706=DIRECTION('ref_axis',(0.659536225512071,0.751672779364326,0.));
#3707=DIRECTION('',(-0.480570208981923,0.876956255601766,0.));
#3708=DIRECTION('center_axis',(0.,0.,1.));
#3709=DIRECTION('ref_axis',(0.89540141043558,-0.445259827729802,0.));
#3710=DIRECTION('center_axis',(0.,0.,1.));
#3711=DIRECTION('ref_axis',(-1.,0.,0.));
#3712=DIRECTION('center_axis',(0.,0.,1.));
#3713=DIRECTION('ref_axis',(0.876956255601774,-0.480570208981909,0.));
#3714=DIRECTION('',(-0.480570208981918,-0.876956255601769,0.));
#3715=DIRECTION('center_axis',(0.,0.,1.));
#3716=DIRECTION('ref_axis',(-0.876956255601769,0.480570208981918,0.));
#3717=DIRECTION('',(-0.751672779364324,-0.659536225512074,0.));
#3718=DIRECTION('center_axis',(0.,0.,1.));
#3719=DIRECTION('ref_axis',(0.57076047219709,0.821116607661393,0.));
#3720=DIRECTION('center_axis',(0.,0.,1.));
#3721=DIRECTION('ref_axis',(-1.,0.,0.));
#3722=DIRECTION('center_axis',(0.,0.,1.));
#3723=DIRECTION('ref_axis',(-1.,0.,0.));
#3724=DIRECTION('',(0.751672779364323,-0.659536225512075,0.));
#3725=DIRECTION('center_axis',(0.,0.,1.));
#3726=DIRECTION('ref_axis',(-0.659536225512083,-0.751672779364315,0.));
#3727=DIRECTION('',(0.480570208981923,-0.876956255601767,0.));
#3728=DIRECTION('center_axis',(0.,0.,-1.));
#3729=DIRECTION('ref_axis',(0.227854074172108,-0.97369529159957,0.));
#3730=DIRECTION('center_axis',(0.,0.,1.));
#3731=DIRECTION('ref_axis',(-0.8603982243653,0.50962230672238,0.));
#3732=DIRECTION('center_axis',(0.,0.,-1.));
#3733=DIRECTION('ref_axis',(0.999987842188163,-0.00493107248605142,0.));
#3734=DIRECTION('',(-1.,5.69345140833414E-17,0.));
#3735=DIRECTION('center_axis',(0.,0.,-1.));
#3736=DIRECTION('ref_axis',(0.707106781186546,-0.707106781186549,0.));
#3737=DIRECTION('',(0.,-1.,0.));
#3738=DIRECTION('center_axis',(0.,0.,-1.));
#3739=DIRECTION('ref_axis',(0.707106781186546,0.707106781186549,0.));
#3740=DIRECTION('',(1.,-5.69345140833414E-17,0.));
#3741=DIRECTION('center_axis',(0.,0.,-1.));
#3742=DIRECTION('ref_axis',(0.999987842188163,0.00493107248605135,0.));
#3743=DIRECTION('center_axis',(0.,0.,-1.));
#3744=DIRECTION('ref_axis',(-1.,0.,0.));
#3745=DIRECTION('center_axis',(0.,0.,-1.));
#3746=DIRECTION('ref_axis',(-1.,0.,0.));
#3747=DIRECTION('center_axis',(0.,0.,-1.));
#3748=DIRECTION('ref_axis',(-1.,0.,0.));
#3749=DIRECTION('center_axis',(0.,0.,-1.));
#3750=DIRECTION('ref_axis',(-1.,0.,0.));
#3751=DIRECTION('center_axis',(0.,0.,-1.));
#3752=DIRECTION('ref_axis',(-1.,0.,0.));
#3753=DIRECTION('center_axis',(0.,0.,-1.));
#3754=DIRECTION('ref_axis',(-1.,0.,0.));
#3755=DIRECTION('center_axis',(0.,0.,-1.));
#3756=DIRECTION('ref_axis',(-1.,0.,0.));
#3757=DIRECTION('center_axis',(0.,0.,-1.));
#3758=DIRECTION('ref_axis',(-1.,0.,0.));
#3759=DIRECTION('center_axis',(0.,0.,-1.));
#3760=DIRECTION('ref_axis',(0.999987842188163,0.00493107248605135,0.));
#3761=DIRECTION('',(0.,0.,-1.));
#3762=DIRECTION('',(0.,0.,1.));
#3763=DIRECTION('center_axis',(0.645765734786905,-0.763535602166087,0.));
#3764=DIRECTION('ref_axis',(-0.763535602166087,-0.645765734786905,0.));
#3765=DIRECTION('center_axis',(0.,0.,-1.));
#3766=DIRECTION('ref_axis',(0.999987842188163,-0.00493107248605142,0.));
#3767=DIRECTION('',(0.,0.,-1.));
#3768=DIRECTION('',(0.,0.,1.));
#3769=DIRECTION('',(0.,0.,-1.));
#3770=DIRECTION('center_axis',(0.,0.,-1.));
#3771=DIRECTION('ref_axis',(-0.8603982243653,0.50962230672238,0.));
#3772=DIRECTION('',(0.,0.,-1.));
#3773=DIRECTION('center_axis',(0.,0.,-1.));
#3774=DIRECTION('ref_axis',(0.227854074172108,-0.97369529159957,0.));
#3775=DIRECTION('',(0.,0.,1.));
#3776=DIRECTION('center_axis',(-0.645765734786904,0.763535602166088,0.));
#3777=DIRECTION('ref_axis',(0.763535602166088,0.645765734786904,0.));
#3778=DIRECTION('center_axis',(0.645765734786901,0.76353560216609,0.));
#3779=DIRECTION('ref_axis',(0.76353560216609,-0.645765734786901,0.));
#3780=DIRECTION('center_axis',(0.,0.,-1.));
#3781=DIRECTION('ref_axis',(-1.,0.,0.));
#3782=DIRECTION('center_axis',(0.,0.,1.));
#3783=DIRECTION('ref_axis',(-0.756785799467962,-0.653662951163394,0.));
#3784=DIRECTION('center_axis',(0.,0.,-1.));
#3785=DIRECTION('ref_axis',(-0.756785799467962,-0.653662951163394,0.));
#3786=DIRECTION('center_axis',(0.,0.,1.));
#3787=DIRECTION('ref_axis',(-1.,0.,0.));
#3788=DIRECTION('',(-0.751672779364323,-0.659536225512074,0.));
#3789=DIRECTION('center_axis',(0.,0.,-1.));
#3790=DIRECTION('ref_axis',(-0.876956255601769,0.480570208981918,0.));
#3791=DIRECTION('',(0.480570208981918,0.876956255601769,0.));
#3792=DIRECTION('center_axis',(0.,0.,1.));
#3793=DIRECTION('ref_axis',(-1.,0.,0.));
#3794=DIRECTION('center_axis',(0.,0.,-1.));
#3795=DIRECTION('ref_axis',(-1.,0.,0.));
#3796=DIRECTION('center_axis',(0.,0.,1.));
#3797=DIRECTION('ref_axis',(-0.756785799467962,0.653662951163394,0.));
#3798=DIRECTION('center_axis',(0.,0.,-1.));
#3799=DIRECTION('ref_axis',(-0.756785799467962,0.653662951163394,0.));
#3800=DIRECTION('center_axis',(0.,0.,1.));
#3801=DIRECTION('ref_axis',(-1.,0.,0.));
#3802=DIRECTION('',(-0.480570208981923,0.876956255601767,0.));
#3803=DIRECTION('center_axis',(0.,0.,-1.));
#3804=DIRECTION('ref_axis',(0.659536225512071,0.751672779364326,0.));
#3805=DIRECTION('',(0.751672779364323,-0.659536225512074,0.));
#3806=DIRECTION('center_axis',(0.,0.,1.));
#3807=DIRECTION('ref_axis',(-1.,0.,0.));
#3808=DIRECTION('center_axis',(-0.659536225512075,-0.751672779364323,0.));
#3809=DIRECTION('ref_axis',(-0.751672779364323,0.659536225512075,0.));
#3810=DIRECTION('',(0.,0.,-1.));
#3811=DIRECTION('center_axis',(0.876956255601767,0.480570208981923,0.));
#3812=DIRECTION('ref_axis',(0.480570208981923,-0.876956255601767,0.));
#3813=DIRECTION('',(0.,0.,-1.));
#3814=DIRECTION('center_axis',(5.69345140833414E-17,1.,0.));
#3815=DIRECTION('ref_axis',(1.,-5.69345140833414E-17,0.));
#3816=DIRECTION('',(0.,0.,1.));
#3817=DIRECTION('center_axis',(-0.659536225512073,0.751672779364325,0.));
#3818=DIRECTION('ref_axis',(0.751672779364324,0.659536225512073,0.));
#3819=DIRECTION('',(0.,0.,-1.));
#3820=DIRECTION('center_axis',(0.,0.,-1.));
#3821=DIRECTION('ref_axis',(0.707106781186546,0.707106781186549,0.));
#3822=DIRECTION('',(0.,0.,-1.));
#3823=DIRECTION('center_axis',(1.,0.,0.));
#3824=DIRECTION('ref_axis',(0.,-1.,0.));
#3825=DIRECTION('',(0.,0.,1.));
#3826=DIRECTION('center_axis',(0.,0.,-1.));
#3827=DIRECTION('ref_axis',(0.707106781186546,-0.707106781186549,0.));
#3828=DIRECTION('',(0.,0.,-1.));
#3829=DIRECTION('center_axis',(0.,0.,-1.));
#3830=DIRECTION('ref_axis',(-1.,0.,0.));
#3831=DIRECTION('',(0.,0.,1.));
#3832=DIRECTION('center_axis',(0.659536225512074,-0.751672779364324,0.));
#3833=DIRECTION('ref_axis',(-0.751672779364324,-0.659536225512074,0.));
#3834=DIRECTION('',(0.,0.,-1.));
#3835=DIRECTION('',(0.,0.,-1.));
#3836=DIRECTION('center_axis',(0.,0.,-1.));
#3837=DIRECTION('ref_axis',(0.57076047219709,0.821116607661393,0.));
#3838=DIRECTION('',(0.,0.,-1.));
#3839=DIRECTION('center_axis',(0.,0.,-1.));
#3840=DIRECTION('ref_axis',(0.876956255601774,-0.480570208981909,0.));
#3841=DIRECTION('',(0.,0.,-1.));
#3842=DIRECTION('',(0.,0.,-1.));
#3843=DIRECTION('center_axis',(-0.876956255601769,0.480570208981918,0.));
#3844=DIRECTION('ref_axis',(0.480570208981918,0.876956255601769,0.));
#3845=DIRECTION('',(0.,0.,-1.));
#3846=DIRECTION('center_axis',(0.,0.,-1.));
#3847=DIRECTION('ref_axis',(-0.876956255601769,0.480570208981918,0.));
#3848=DIRECTION('center_axis',(0.,0.,-1.));
#3849=DIRECTION('ref_axis',(-1.,0.,0.));
#3850=DIRECTION('',(0.,0.,1.));
#3851=DIRECTION('center_axis',(-0.876956255601767,-0.480570208981923,0.));
#3852=DIRECTION('ref_axis',(-0.480570208981923,0.876956255601766,0.));
#3853=DIRECTION('',(0.,0.,-1.));
#3854=DIRECTION('',(0.,0.,-1.));
#3855=DIRECTION('center_axis',(0.,0.,-1.));
#3856=DIRECTION('ref_axis',(0.89540141043558,-0.445259827729802,0.));
#3857=DIRECTION('',(0.,0.,-1.));
#3858=DIRECTION('center_axis',(0.,0.,-1.));
#3859=DIRECTION('ref_axis',(-0.659536225512084,-0.751672779364315,0.));
#3860=DIRECTION('',(0.,0.,-1.));
#3861=DIRECTION('',(0.,0.,-1.));
#3862=DIRECTION('center_axis',(0.659536225512074,0.751672779364323,0.));
#3863=DIRECTION('ref_axis',(0.751672779364323,-0.659536225512074,0.));
#3864=DIRECTION('',(0.,0.,-1.));
#3865=DIRECTION('center_axis',(0.,0.,-1.));
#3866=DIRECTION('ref_axis',(0.659536225512071,0.751672779364326,0.));
#3867=DIRECTION('center_axis',(0.,0.,-1.));
#3868=DIRECTION('ref_axis',(-1.,0.,0.));
#3869=DIRECTION('',(0.,0.,1.));
#3870=DIRECTION('center_axis',(0.,0.,-1.));
#3871=DIRECTION('ref_axis',(-1.,0.,0.));
#3872=DIRECTION('',(0.,0.,1.));
#3873=DIRECTION('center_axis',(0.,0.,-1.));
#3874=DIRECTION('ref_axis',(-1.,0.,0.));
#3875=DIRECTION('',(0.,0.,1.));
#3876=DIRECTION('center_axis',(0.,0.,-1.));
#3877=DIRECTION('ref_axis',(-1.,0.,0.));
#3878=DIRECTION('',(0.,0.,1.));
#3879=DIRECTION('center_axis',(0.,0.,-1.));
#3880=DIRECTION('ref_axis',(-0.659536225512083,-0.751672779364315,0.));
#3881=DIRECTION('center_axis',(-5.69345140833414E-17,-1.,0.));
#3882=DIRECTION('ref_axis',(-1.,5.69345140833414E-17,0.));
#3883=DIRECTION('center_axis',(0.876956255601767,-0.480570208981922,0.));
#3884=DIRECTION('ref_axis',(-0.480570208981922,-0.876956255601767,0.));
#3885=DIRECTION('',(0.,0.,-1.));
#3886=DIRECTION('center_axis',(0.,0.,-1.));
#3887=DIRECTION('ref_axis',(0.876956255601769,-0.480570208981918,0.));
#3888=DIRECTION('',(0.,0.,1.));
#3889=DIRECTION('',(0.,0.,-1.));
#3890=DIRECTION('center_axis',(0.,0.,1.));
#3891=DIRECTION('ref_axis',(-1.,0.,0.));
#3892=DIRECTION('',(0.,0.,-1.));
#3893=DIRECTION('',(0.,0.,-1.));
#3894=DIRECTION('center_axis',(0.,0.,1.));
#3895=DIRECTION('ref_axis',(-1.,0.,0.));
#3896=DIRECTION('',(0.,0.,-1.));
#3897=DIRECTION('',(0.,0.,-1.));
#3898=DIRECTION('center_axis',(0.,0.,1.));
#3899=DIRECTION('ref_axis',(-1.,0.,0.));
#3900=DIRECTION('',(0.,0.,-1.));
#3901=DIRECTION('',(0.,0.,-1.));
#3902=DIRECTION('center_axis',(0.,0.,1.));
#3903=DIRECTION('ref_axis',(-1.,0.,0.));
#3904=DIRECTION('center_axis',(0.,0.,-1.));
#3905=DIRECTION('ref_axis',(-1.,0.,0.));
#3906=DIRECTION('',(0.,0.,1.));
#3907=DIRECTION('center_axis',(0.,0.,-1.));
#3908=DIRECTION('ref_axis',(-1.,0.,0.));
#3909=DIRECTION('',(0.,0.,1.));
#3910=CARTESIAN_POINT('',(0.,0.,0.));
#3911=CARTESIAN_POINT('Origin',(0.,0.,-10.));
#3912=CARTESIAN_POINT('',(93.,40.,-10.));
#3913=CARTESIAN_POINT('',(100.,33.,-10.));
#3914=CARTESIAN_POINT('Origin',(93.,33.,-10.));
#3915=CARTESIAN_POINT('',(-93.,40.,-10.));
#3916=CARTESIAN_POINT('',(-100.,40.,-10.));
#3917=CARTESIAN_POINT('',(-100.,33.,-10.));
#3918=CARTESIAN_POINT('Origin',(-93.,33.,-10.));
#3919=CARTESIAN_POINT('',(-100.,-33.,-10.));
#3920=CARTESIAN_POINT('',(-100.,-40.,-10.));
#3921=CARTESIAN_POINT('',(-93.,-40.,-10.));
#3922=CARTESIAN_POINT('Origin',(-93.,-33.,-10.));
#3923=CARTESIAN_POINT('',(93.,-40.,-10.));
#3924=CARTESIAN_POINT('',(100.,-40.,-10.));
#3925=CARTESIAN_POINT('',(100.,-33.,-10.));
#3926=CARTESIAN_POINT('Origin',(93.,-33.,-10.));
#3927=CARTESIAN_POINT('',(100.,40.,-10.));
#3928=CARTESIAN_POINT('',(-49.7464476201338,-12.9945836120048,-10.));
#3929=CARTESIAN_POINT('',(-51.2037373683823,-13.1738001441628,-10.));
#3930=CARTESIAN_POINT('Origin',(-50.3922133549207,-13.7581192141709,-10.));
#3931=CARTESIAN_POINT('',(-56.,-18.0569165840537,-10.));
#3932=CARTESIAN_POINT('Origin',(-69.5,0.,-10.));
#3933=CARTESIAN_POINT('',(-58.,-19.3920663293903,-10.));
#3934=CARTESIAN_POINT('Ctrl Pts',(-56.,-18.0569165840537,-10.));
#3935=CARTESIAN_POINT('Ctrl Pts',(-56.0027189925987,-18.0589494006706,-10.));
#3936=CARTESIAN_POINT('Ctrl Pts',(-56.0054384443151,-18.0609816031291,-10.));
#3937=CARTESIAN_POINT('Ctrl Pts',(-56.0081583549348,-18.063013191269,-10.));
#3938=CARTESIAN_POINT('Ctrl Pts',(-56.026158754925,-18.0764582651138,-10.));
#3939=CARTESIAN_POINT('Ctrl Pts',(-56.072893761012,-18.1114116063326,-10.));
#3940=CARTESIAN_POINT('Ctrl Pts',(-56.2413346014686,-18.235243461655,-10.));
#3941=CARTESIAN_POINT('Ctrl Pts',(-56.3819765975849,-18.3372623567165,-10.));
#3942=CARTESIAN_POINT('Ctrl Pts',(-56.721881742085,-18.5761537482916,-10.));
#3943=CARTESIAN_POINT('Ctrl Pts',(-56.95523446822,-18.7356141279571,-10.));
#3944=CARTESIAN_POINT('Ctrl Pts',(-57.464196901629,-19.0665629510462,-10.));
#3945=CARTESIAN_POINT('Ctrl Pts',(-57.7399869271397,-19.2378718105029,-10.));
#3946=CARTESIAN_POINT('Ctrl Pts',(-58.,-19.3920663293903,-10.));
#3947=CARTESIAN_POINT('',(-66.,-22.2722301650165,-10.));
#3948=CARTESIAN_POINT('Origin',(-69.5,0.,-10.));
#3949=CARTESIAN_POINT('',(-68.,-22.4956048267983,-10.));
#3950=CARTESIAN_POINT('Ctrl Pts',(-66.,-22.2722301650165,-10.));
#3951=CARTESIAN_POINT('Ctrl Pts',(-66.2500654612472,-22.3115270431415,-10.));
#3952=CARTESIAN_POINT('Ctrl Pts',(-66.5177449390233,-22.3488302307089,-10.));
#3953=CARTESIAN_POINT('Ctrl Pts',(-67.0113493646872,-22.4091649987046,-10.));
#3954=CARTESIAN_POINT('Ctrl Pts',(-67.2372296242976,-22.4324367231003,-10.));
#3955=CARTESIAN_POINT('Ctrl Pts',(-67.5925589711105,-22.4654283183299,-10.));
#3956=CARTESIAN_POINT('Ctrl Pts',(-67.7461421233759,-22.4774698461499,-10.));
#3957=CARTESIAN_POINT('Ctrl Pts',(-67.9228357232511,-22.4904517419582,-10.));
#3958=CARTESIAN_POINT('Ctrl Pts',(-67.9700820040211,-22.4935985207972,-10.));
#3959=CARTESIAN_POINT('Ctrl Pts',(-67.9897092624298,-22.4949162792726,-10.));
#3960=CARTESIAN_POINT('Ctrl Pts',(-67.9931394557466,-22.495146579716,-10.));
#3961=CARTESIAN_POINT('Ctrl Pts',(-67.9965697016884,-22.4953760955636,-10.));
#3962=CARTESIAN_POINT('Ctrl Pts',(-68.,-22.4956048267983,-10.));
#3963=CARTESIAN_POINT('',(-68.,22.4956048267983,-10.));
#3964=CARTESIAN_POINT('Origin',(-69.5,0.,-10.));
#3965=CARTESIAN_POINT('',(-66.,22.2722301650165,-10.));
#3966=CARTESIAN_POINT('Ctrl Pts',(-68.,22.4956048267983,-10.));
#3967=CARTESIAN_POINT('Ctrl Pts',(-67.9965697016877,22.4953760955636,-10.));
#3968=CARTESIAN_POINT('Ctrl Pts',(-67.9931394557472,22.4951465797161,-10.));
#3969=CARTESIAN_POINT('Ctrl Pts',(-67.9897092624298,22.4949162792726,-10.));
#3970=CARTESIAN_POINT('Ctrl Pts',(-67.9700820040211,22.4935985207972,-10.));
#3971=CARTESIAN_POINT('Ctrl Pts',(-67.9228357232511,22.4904517419582,-10.));
#3972=CARTESIAN_POINT('Ctrl Pts',(-67.7461421233759,22.4774698461499,-10.));
#3973=CARTESIAN_POINT('Ctrl Pts',(-67.5925589711105,22.4654283183299,-10.));
#3974=CARTESIAN_POINT('Ctrl Pts',(-67.2372296242976,22.4324367231003,-10.));
#3975=CARTESIAN_POINT('Ctrl Pts',(-67.0113493646872,22.4091649987046,-10.));
#3976=CARTESIAN_POINT('Ctrl Pts',(-66.5177449390233,22.3488302307089,-10.));
#3977=CARTESIAN_POINT('Ctrl Pts',(-66.2500654612473,22.3115270431415,-10.));
#3978=CARTESIAN_POINT('Ctrl Pts',(-66.,22.2722301650165,-10.));
#3979=CARTESIAN_POINT('',(-58.,19.3920663293903,-10.));
#3980=CARTESIAN_POINT('Origin',(-69.5,0.,-10.));
#3981=CARTESIAN_POINT('',(-57.2090054209075,18.9006266758493,-10.));
#3982=CARTESIAN_POINT('Ctrl Pts',(-58.,19.3920663293903,-10.));
#3983=CARTESIAN_POINT('Ctrl Pts',(-57.7399869271397,19.2378718105029,-10.));
#3984=CARTESIAN_POINT('Ctrl Pts',(-57.464196901629,19.0665629510462,-10.));
#3985=CARTESIAN_POINT('Ctrl Pts',(-57.2094789119547,18.9009345797386,-10.));
#3986=CARTESIAN_POINT('Ctrl Pts',(-57.2092421572753,18.9007806251816,-10.));
#3987=CARTESIAN_POINT('Ctrl Pts',(-57.2090054209076,18.9006266758493,-10.));
#3988=CARTESIAN_POINT('',(-56.,18.0569165840537,-10.));
#3989=CARTESIAN_POINT('Ctrl Pts',(-57.2090054209075,18.9006266758493,-10.));
#3990=CARTESIAN_POINT('Ctrl Pts',(-56.954800279971,18.7353174245291,-10.));
#3991=CARTESIAN_POINT('Ctrl Pts',(-56.7217088978095,18.5760322702553,-10.));
#3992=CARTESIAN_POINT('Ctrl Pts',(-56.3819765975849,18.3372623567165,-10.));
#3993=CARTESIAN_POINT('Ctrl Pts',(-56.2413346014686,18.235243461655,-10.));
#3994=CARTESIAN_POINT('Ctrl Pts',(-56.072893761012,18.1114116063326,-10.));
#3995=CARTESIAN_POINT('Ctrl Pts',(-56.026158754925,18.0764582651137,-10.));
#3996=CARTESIAN_POINT('Ctrl Pts',(-56.0081583549348,18.063013191269,-10.));
#3997=CARTESIAN_POINT('Ctrl Pts',(-56.0054384443149,18.0609816031289,-10.));
#3998=CARTESIAN_POINT('Ctrl Pts',(-56.0027189925989,18.0589494006707,-10.));
#3999=CARTESIAN_POINT('Ctrl Pts',(-56.,18.0569165840537,-10.));
#4000=CARTESIAN_POINT('',(-51.2037373683823,13.1738001441628,-10.));
#4001=CARTESIAN_POINT('Origin',(-69.5,0.,-10.));
#4002=CARTESIAN_POINT('',(-49.7464476201338,12.9945836120048,-10.));
#4003=CARTESIAN_POINT('Origin',(-50.3922133549207,13.7581192141709,-10.));
#4004=CARTESIAN_POINT('',(-48.474440169339,14.0703930749646,-10.));
#4005=CARTESIAN_POINT('',(-38.4492790712593,22.549245278441,-10.));
#4006=CARTESIAN_POINT('',(-46.9111650697931,13.7045716485324,-10.));
#4007=CARTESIAN_POINT('Origin',(-47.8286744345521,13.3068574727985,-10.));
#4008=CARTESIAN_POINT('',(-46.3525549869437,12.9602659428622,-10.));
#4009=CARTESIAN_POINT('Origin',(-45.0761463402752,14.5,-10.));
#4010=CARTESIAN_POINT('',(-46.344993575491,11.4268633121273,-10.));
#4011=CARTESIAN_POINT('Origin',(-46.990759310278,12.1903989142933,-10.));
#4012=CARTESIAN_POINT('',(-48.3683815097162,9.71556839359687,-10.));
#4013=CARTESIAN_POINT('',(-35.6528320116369,20.4698359635067,-10.));
#4014=CARTESIAN_POINT('',(-48.6475198769738,8.57183231533782,-10.));
#4015=CARTESIAN_POINT('Origin',(-47.7226157749293,8.95203279143077,-10.));
#4016=CARTESIAN_POINT('',(-48.6475198769738,-8.5718323153378,-10.));
#4017=CARTESIAN_POINT('Origin',(-69.5,0.,-10.));
#4018=CARTESIAN_POINT('',(-48.3683815097162,-9.71556839359685,-10.));
#4019=CARTESIAN_POINT('Origin',(-47.7226157749293,-8.95203279143076,-10.));
#4020=CARTESIAN_POINT('',(-46.3449935754911,-11.4268633121272,-10.));
#4021=CARTESIAN_POINT('',(-36.6645259787496,-19.6141885042415,-10.));
#4022=CARTESIAN_POINT('',(-46.3525549869437,-12.9602659428622,-10.));
#4023=CARTESIAN_POINT('Origin',(-46.990759310278,-12.1903989142933,-10.));
#4024=CARTESIAN_POINT('',(-46.9111650697931,-13.7045716485323,-10.));
#4025=CARTESIAN_POINT('Origin',(-45.0761463402752,-14.5,-10.));
#4026=CARTESIAN_POINT('',(-48.474440169339,-14.0703930749646,-10.));
#4027=CARTESIAN_POINT('Origin',(-47.8286744345521,-13.3068574727985,-10.));
#4028=CARTESIAN_POINT('',(-37.8132753458616,-23.0871500099209,-10.));
#4029=CARTESIAN_POINT('',(-90.,-33.,-10.));
#4030=CARTESIAN_POINT('Origin',(-93.,-33.,-10.));
#4031=CARTESIAN_POINT('',(96.,33.,-10.));
#4032=CARTESIAN_POINT('Origin',(93.,33.,-10.));
#4033=CARTESIAN_POINT('',(-90.,33.,-10.));
#4034=CARTESIAN_POINT('Origin',(-93.,33.,-10.));
#4035=CARTESIAN_POINT('',(96.,-33.,-10.));
#4036=CARTESIAN_POINT('Origin',(93.,-33.,-10.));
#4037=CARTESIAN_POINT('',(52.5,31.5,-10.));
#4038=CARTESIAN_POINT('Origin',(51.,31.5,-10.));
#4039=CARTESIAN_POINT('',(52.5,-10.5,-10.));
#4040=CARTESIAN_POINT('Origin',(51.,-10.5,-10.));
#4041=CARTESIAN_POINT('',(28.5,-10.5,-10.));
#4042=CARTESIAN_POINT('Origin',(27.,-10.5,-10.));
#4043=CARTESIAN_POINT('',(-19.5,-31.5,-10.));
#4044=CARTESIAN_POINT('Origin',(-21.,-31.5,-10.));
#4045=CARTESIAN_POINT('',(-19.5,31.5,-10.));
#4046=CARTESIAN_POINT('Origin',(-21.,31.5,-10.));
#4047=CARTESIAN_POINT('',(4.49999999999999,10.5,-10.));
#4048=CARTESIAN_POINT('Origin',(2.99999999999999,10.5,-10.));
#4049=CARTESIAN_POINT('',(4.49999999999999,-10.5,-10.));
#4050=CARTESIAN_POINT('Origin',(2.99999999999999,-10.5,-10.));
#4051=CARTESIAN_POINT('',(28.5,10.5,-10.));
#4052=CARTESIAN_POINT('Origin',(27.,10.5,-10.));
#4053=CARTESIAN_POINT('',(52.5,-31.5,-10.));
#4054=CARTESIAN_POINT('Origin',(51.,-31.5,-10.));
#4055=CARTESIAN_POINT('',(76.5,10.5,-10.));
#4056=CARTESIAN_POINT('Origin',(75.,10.5,-10.));
#4057=CARTESIAN_POINT('',(76.5,-10.5,-10.));
#4058=CARTESIAN_POINT('Origin',(75.,-10.5,-10.));
#4059=CARTESIAN_POINT('',(52.5,10.5,-10.));
#4060=CARTESIAN_POINT('Origin',(51.,10.5,-10.));
#4061=CARTESIAN_POINT('',(28.5,-31.5,-10.));
#4062=CARTESIAN_POINT('Origin',(27.,-31.5,-10.));
#4063=CARTESIAN_POINT('',(-19.5,-10.5,-10.));
#4064=CARTESIAN_POINT('Origin',(-21.,-10.5,-10.));
#4065=CARTESIAN_POINT('',(-19.5,10.5,-10.));
#4066=CARTESIAN_POINT('Origin',(-21.,10.5,-10.));
#4067=CARTESIAN_POINT('',(4.49999999999999,31.5,-10.));
#4068=CARTESIAN_POINT('Origin',(2.99999999999999,31.5,-10.));
#4069=CARTESIAN_POINT('',(4.49999999999999,-31.5,-10.));
#4070=CARTESIAN_POINT('Origin',(2.99999999999999,-31.5,-10.));
#4071=CARTESIAN_POINT('',(28.5,31.5,-10.));
#4072=CARTESIAN_POINT('Origin',(27.,31.5,-10.));
#4073=CARTESIAN_POINT('',(76.5,-31.5,-10.));
#4074=CARTESIAN_POINT('Origin',(75.,-31.5,-10.));
#4075=CARTESIAN_POINT('',(76.5,31.5,-10.));
#4076=CARTESIAN_POINT('Origin',(75.,31.5,-10.));
#4077=CARTESIAN_POINT('Origin',(0.,0.,-10.));
#4078=CARTESIAN_POINT('',(-76.,8.,-10.));
#4079=CARTESIAN_POINT('Origin',(-77.,8.,-10.));
#4080=CARTESIAN_POINT('Origin',(100.,40.,-20.));
#4081=CARTESIAN_POINT('',(93.,40.,-20.));
#4082=CARTESIAN_POINT('',(93.,40.,-20.));
#4083=CARTESIAN_POINT('',(-93.,40.,-20.));
#4084=CARTESIAN_POINT('',(-100.,40.,-20.));
#4085=CARTESIAN_POINT('',(-93.,40.,-20.));
#4086=CARTESIAN_POINT('Origin',(-100.,-40.,-20.));
#4087=CARTESIAN_POINT('',(93.,-40.,-20.));
#4088=CARTESIAN_POINT('',(93.,-40.,-20.));
#4089=CARTESIAN_POINT('',(-93.,-40.,-20.));
#4090=CARTESIAN_POINT('',(-93.,-40.,-20.));
#4091=CARTESIAN_POINT('',(100.,-40.,-20.));
#4092=CARTESIAN_POINT('Origin',(-93.,-33.,-10.));
#4093=CARTESIAN_POINT('',(-90.,-33.,-20.));
#4094=CARTESIAN_POINT('',(-90.,-33.,-10.));
#4095=CARTESIAN_POINT('Origin',(-93.,-33.,-20.));
#4096=CARTESIAN_POINT('Origin',(51.,-10.5,-10.));
#4097=CARTESIAN_POINT('',(54.5,-10.5,-13.));
#4098=CARTESIAN_POINT('Origin',(51.,-10.5,-13.));
#4099=CARTESIAN_POINT('',(54.5,-10.5,-20.));
#4100=CARTESIAN_POINT('',(54.5,-10.5,-10.));
#4101=CARTESIAN_POINT('Origin',(51.,-10.5,-20.));
#4102=CARTESIAN_POINT('Origin',(-21.,31.5,-10.));
#4103=CARTESIAN_POINT('',(-17.5,31.5,-13.));
#4104=CARTESIAN_POINT('Origin',(-21.,31.5,-13.));
#4105=CARTESIAN_POINT('',(-17.5,31.5,-20.));
#4106=CARTESIAN_POINT('',(-17.5,31.5,-10.));
#4107=CARTESIAN_POINT('Origin',(-21.,31.5,-20.));
#4108=CARTESIAN_POINT('Origin',(75.,10.5,-10.));
#4109=CARTESIAN_POINT('',(78.5,10.5,-13.));
#4110=CARTESIAN_POINT('Origin',(75.,10.5,-13.));
#4111=CARTESIAN_POINT('',(78.5,10.5,-20.));
#4112=CARTESIAN_POINT('',(78.5,10.5,-10.));
#4113=CARTESIAN_POINT('Origin',(75.,10.5,-20.));
#4114=CARTESIAN_POINT('Origin',(51.,10.5,-10.));
#4115=CARTESIAN_POINT('',(54.5,10.5,-13.));
#4116=CARTESIAN_POINT('Origin',(51.,10.5,-13.));
#4117=CARTESIAN_POINT('',(54.5,10.5,-20.));
#4118=CARTESIAN_POINT('',(54.5,10.5,-10.));
#4119=CARTESIAN_POINT('Origin',(51.,10.5,-20.));
#4120=CARTESIAN_POINT('Origin',(93.,33.,-10.));
#4121=CARTESIAN_POINT('',(96.,33.,-20.));
#4122=CARTESIAN_POINT('',(96.,33.,-10.));
#4123=CARTESIAN_POINT('Origin',(93.,33.,-20.));
#4124=CARTESIAN_POINT('Origin',(-21.,-31.5,-10.));
#4125=CARTESIAN_POINT('',(-17.5,-31.5,-13.));
#4126=CARTESIAN_POINT('Origin',(-21.,-31.5,-13.));
#4127=CARTESIAN_POINT('',(-17.5,-31.5,-20.));
#4128=CARTESIAN_POINT('',(-17.5,-31.5,-10.));
#4129=CARTESIAN_POINT('Origin',(-21.,-31.5,-20.));
#4130=CARTESIAN_POINT('Origin',(51.,-31.5,-10.));
#4131=CARTESIAN_POINT('',(54.5,-31.5,-13.));
#4132=CARTESIAN_POINT('Origin',(51.,-31.5,-13.));
#4133=CARTESIAN_POINT('',(54.5,-31.5,-20.));
#4134=CARTESIAN_POINT('',(54.5,-31.5,-10.));
#4135=CARTESIAN_POINT('Origin',(51.,-31.5,-20.));
#4136=CARTESIAN_POINT('Origin',(2.99999999999999,31.5,-10.));
#4137=CARTESIAN_POINT('',(6.49999999999999,31.5,-13.));
#4138=CARTESIAN_POINT('Origin',(2.99999999999999,31.5,-13.));
#4139=CARTESIAN_POINT('',(6.49999999999999,31.5,-20.));
#4140=CARTESIAN_POINT('',(6.49999999999999,31.5,-10.));
#4141=CARTESIAN_POINT('Origin',(2.99999999999999,31.5,-20.));
#4142=CARTESIAN_POINT('Origin',(-21.,-10.5,-10.));
#4143=CARTESIAN_POINT('',(-17.5,-10.5,-13.));
#4144=CARTESIAN_POINT('Origin',(-21.,-10.5,-13.));
#4145=CARTESIAN_POINT('',(-17.5,-10.5,-20.));
#4146=CARTESIAN_POINT('',(-17.5,-10.5,-10.));
#4147=CARTESIAN_POINT('Origin',(-21.,-10.5,-20.));
#4148=CARTESIAN_POINT('Origin',(51.,31.5,-10.));
#4149=CARTESIAN_POINT('',(54.5,31.5,-13.));
#4150=CARTESIAN_POINT('Origin',(51.,31.5,-13.));
#4151=CARTESIAN_POINT('',(54.5,31.5,-20.));
#4152=CARTESIAN_POINT('',(54.5,31.5,-10.));
#4153=CARTESIAN_POINT('Origin',(51.,31.5,-20.));
#4154=CARTESIAN_POINT('Origin',(75.,-31.5,-10.));
#4155=CARTESIAN_POINT('',(78.5,-31.5,-13.));
#4156=CARTESIAN_POINT('Origin',(75.,-31.5,-13.));
#4157=CARTESIAN_POINT('',(78.5,-31.5,-20.));
#4158=CARTESIAN_POINT('',(78.5,-31.5,-10.));
#4159=CARTESIAN_POINT('Origin',(75.,-31.5,-20.));
#4160=CARTESIAN_POINT('Origin',(27.,31.5,-10.));
#4161=CARTESIAN_POINT('',(30.5,31.5,-13.));
#4162=CARTESIAN_POINT('Origin',(27.,31.5,-13.));
#4163=CARTESIAN_POINT('',(30.5,31.5,-20.));
#4164=CARTESIAN_POINT('',(30.5,31.5,-10.));
#4165=CARTESIAN_POINT('Origin',(27.,31.5,-20.));
#4166=CARTESIAN_POINT('Origin',(2.99999999999999,-10.5,-10.));
#4167=CARTESIAN_POINT('',(6.49999999999999,-10.5,-13.));
#4168=CARTESIAN_POINT('Origin',(2.99999999999999,-10.5,-13.));
#4169=CARTESIAN_POINT('',(6.49999999999999,-10.5,-20.));
#4170=CARTESIAN_POINT('',(6.49999999999999,-10.5,-10.));
#4171=CARTESIAN_POINT('Origin',(2.99999999999999,-10.5,-20.));
#4172=CARTESIAN_POINT('Origin',(-93.,33.,-10.));
#4173=CARTESIAN_POINT('',(-90.,33.,-20.));
#4174=CARTESIAN_POINT('',(-90.,33.,-10.));
#4175=CARTESIAN_POINT('Origin',(-93.,33.,-20.));
#4176=CARTESIAN_POINT('Origin',(-56.,6.,-10.));
#4177=CARTESIAN_POINT('',(-56.,6.,-20.));
#4178=CARTESIAN_POINT('',(-56.,6.,30.));
#4179=CARTESIAN_POINT('',(-56.,6.,10.));
#4180=CARTESIAN_POINT('',(-68.,6.,-20.));
#4181=CARTESIAN_POINT('',(-28.,6.,-20.));
#4182=CARTESIAN_POINT('',(-68.,6.,30.));
#4183=CARTESIAN_POINT('',(-68.,6.,10.));
#4184=CARTESIAN_POINT('',(-56.,6.,30.));
#4185=CARTESIAN_POINT('Origin',(-56.,18.,-10.));
#4186=CARTESIAN_POINT('',(-56.,16.,-20.));
#4187=CARTESIAN_POINT('',(-56.,16.,30.));
#4188=CARTESIAN_POINT('',(-56.,16.,10.));
#4189=CARTESIAN_POINT('',(-56.,9.,-20.));
#4190=CARTESIAN_POINT('',(-56.,16.,30.));
#4191=CARTESIAN_POINT('Origin',(-21.,10.5,-10.));
#4192=CARTESIAN_POINT('',(-17.5,10.5,-13.));
#4193=CARTESIAN_POINT('Origin',(-21.,10.5,-13.));
#4194=CARTESIAN_POINT('',(-17.5,10.5,-20.));
#4195=CARTESIAN_POINT('',(-17.5,10.5,-10.));
#4196=CARTESIAN_POINT('Origin',(-21.,10.5,-20.));
#4197=CARTESIAN_POINT('Origin',(27.,10.5,-10.));
#4198=CARTESIAN_POINT('',(30.5,10.5,-13.));
#4199=CARTESIAN_POINT('Origin',(27.,10.5,-13.));
#4200=CARTESIAN_POINT('',(30.5,10.5,-20.));
#4201=CARTESIAN_POINT('',(30.5,10.5,-10.));
#4202=CARTESIAN_POINT('Origin',(27.,10.5,-20.));
#4203=CARTESIAN_POINT('Origin',(93.,-33.,-10.));
#4204=CARTESIAN_POINT('',(96.,-33.,-20.));
#4205=CARTESIAN_POINT('',(96.,-33.,-10.));
#4206=CARTESIAN_POINT('Origin',(93.,-33.,-20.));
#4207=CARTESIAN_POINT('Origin',(2.99999999999999,-31.5,-10.));
#4208=CARTESIAN_POINT('',(6.49999999999999,-31.5,-13.));
#4209=CARTESIAN_POINT('Origin',(2.99999999999999,-31.5,-13.));
#4210=CARTESIAN_POINT('',(6.49999999999999,-31.5,-20.));
#4211=CARTESIAN_POINT('',(6.49999999999999,-31.5,-10.));
#4212=CARTESIAN_POINT('Origin',(2.99999999999999,-31.5,-20.));
#4213=CARTESIAN_POINT('Origin',(27.,-31.5,-10.));
#4214=CARTESIAN_POINT('',(30.5,-31.5,-13.));
#4215=CARTESIAN_POINT('Origin',(27.,-31.5,-13.));
#4216=CARTESIAN_POINT('',(30.5,-31.5,-20.));
#4217=CARTESIAN_POINT('',(30.5,-31.5,-10.));
#4218=CARTESIAN_POINT('Origin',(27.,-31.5,-20.));
#4219=CARTESIAN_POINT('Origin',(75.,31.5,-10.));
#4220=CARTESIAN_POINT('',(78.5,31.5,-13.));
#4221=CARTESIAN_POINT('Origin',(75.,31.5,-13.));
#4222=CARTESIAN_POINT('',(78.5,31.5,-20.));
#4223=CARTESIAN_POINT('',(78.5,31.5,-10.));
#4224=CARTESIAN_POINT('Origin',(75.,31.5,-20.));
#4225=CARTESIAN_POINT('Origin',(75.,-10.5,-10.));
#4226=CARTESIAN_POINT('',(78.5,-10.5,-13.));
#4227=CARTESIAN_POINT('Origin',(75.,-10.5,-13.));
#4228=CARTESIAN_POINT('',(78.5,-10.5,-20.));
#4229=CARTESIAN_POINT('',(78.5,-10.5,-10.));
#4230=CARTESIAN_POINT('Origin',(75.,-10.5,-20.));
#4231=CARTESIAN_POINT('Origin',(2.99999999999999,10.5,-10.));
#4232=CARTESIAN_POINT('',(6.49999999999999,10.5,-13.));
#4233=CARTESIAN_POINT('Origin',(2.99999999999999,10.5,-13.));
#4234=CARTESIAN_POINT('',(6.49999999999999,10.5,-20.));
#4235=CARTESIAN_POINT('',(6.49999999999999,10.5,-10.));
#4236=CARTESIAN_POINT('Origin',(2.99999999999999,10.5,-20.));
#4237=CARTESIAN_POINT('Origin',(-68.,-6.,-10.));
#4238=CARTESIAN_POINT('',(-68.,-6.,-20.));
#4239=CARTESIAN_POINT('',(-68.,-5.99999999999999,30.));
#4240=CARTESIAN_POINT('',(-68.,-6.,10.));
#4241=CARTESIAN_POINT('',(-56.,-6.,-20.));
#4242=CARTESIAN_POINT('',(-34.,-6.,-20.));
#4243=CARTESIAN_POINT('',(-56.,-5.99999999999999,30.));
#4244=CARTESIAN_POINT('',(-56.,-6.,10.));
#4245=CARTESIAN_POINT('',(-68.,-6.,30.));
#4246=CARTESIAN_POINT('Origin',(-68.,-18.,-10.));
#4247=CARTESIAN_POINT('',(-68.,-16.,-20.));
#4248=CARTESIAN_POINT('',(-68.,-16.,30.));
#4249=CARTESIAN_POINT('',(-68.,-16.,10.));
#4250=CARTESIAN_POINT('',(-68.,-9.,-20.));
#4251=CARTESIAN_POINT('',(-68.,-16.,30.));
#4252=CARTESIAN_POINT('Origin',(27.,-10.5,-10.));
#4253=CARTESIAN_POINT('',(30.5,-10.5,-13.));
#4254=CARTESIAN_POINT('Origin',(27.,-10.5,-13.));
#4255=CARTESIAN_POINT('',(30.5,-10.5,-20.));
#4256=CARTESIAN_POINT('',(30.5,-10.5,-10.));
#4257=CARTESIAN_POINT('Origin',(27.,-10.5,-20.));
#4258=CARTESIAN_POINT('Origin',(51.,31.5,-13.));
#4259=CARTESIAN_POINT('',(52.5,31.5,-13.));
#4260=CARTESIAN_POINT('Origin',(51.,31.5,-13.));
#4261=CARTESIAN_POINT('Origin',(51.,31.5,-10.));
#4262=CARTESIAN_POINT('',(52.5,31.5,-10.));
#4263=CARTESIAN_POINT('Origin',(51.,-10.5,-13.));
#4264=CARTESIAN_POINT('',(52.5,-10.5,-13.));
#4265=CARTESIAN_POINT('Origin',(51.,-10.5,-13.));
#4266=CARTESIAN_POINT('Origin',(51.,-10.5,-10.));
#4267=CARTESIAN_POINT('',(52.5,-10.5,-10.));
#4268=CARTESIAN_POINT('Origin',(27.,-10.5,-13.));
#4269=CARTESIAN_POINT('',(28.5,-10.5,-13.));
#4270=CARTESIAN_POINT('Origin',(27.,-10.5,-13.));
#4271=CARTESIAN_POINT('Origin',(27.,-10.5,-10.));
#4272=CARTESIAN_POINT('',(28.5,-10.5,-10.));
#4273=CARTESIAN_POINT('Origin',(-21.,-31.5,-13.));
#4274=CARTESIAN_POINT('',(-19.5,-31.5,-13.));
#4275=CARTESIAN_POINT('Origin',(-21.,-31.5,-13.));
#4276=CARTESIAN_POINT('Origin',(-21.,-31.5,-10.));
#4277=CARTESIAN_POINT('',(-19.5,-31.5,-10.));
#4278=CARTESIAN_POINT('Origin',(-21.,31.5,-13.));
#4279=CARTESIAN_POINT('',(-19.5,31.5,-13.));
#4280=CARTESIAN_POINT('Origin',(-21.,31.5,-13.));
#4281=CARTESIAN_POINT('Origin',(-21.,31.5,-10.));
#4282=CARTESIAN_POINT('',(-19.5,31.5,-10.));
#4283=CARTESIAN_POINT('Origin',(2.99999999999999,10.5,-13.));
#4284=CARTESIAN_POINT('',(4.49999999999999,10.5,-13.));
#4285=CARTESIAN_POINT('Origin',(2.99999999999999,10.5,-13.));
#4286=CARTESIAN_POINT('Origin',(2.99999999999999,10.5,-10.));
#4287=CARTESIAN_POINT('',(4.49999999999999,10.5,-10.));
#4288=CARTESIAN_POINT('Origin',(2.99999999999999,-10.5,-13.));
#4289=CARTESIAN_POINT('',(4.49999999999999,-10.5,-13.));
#4290=CARTESIAN_POINT('Origin',(2.99999999999999,-10.5,-13.));
#4291=CARTESIAN_POINT('Origin',(2.99999999999999,-10.5,-10.));
#4292=CARTESIAN_POINT('',(4.49999999999999,-10.5,-10.));
#4293=CARTESIAN_POINT('Origin',(27.,10.5,-13.));
#4294=CARTESIAN_POINT('',(28.5,10.5,-13.));
#4295=CARTESIAN_POINT('Origin',(27.,10.5,-13.));
#4296=CARTESIAN_POINT('Origin',(27.,10.5,-10.));
#4297=CARTESIAN_POINT('',(28.5,10.5,-10.));
#4298=CARTESIAN_POINT('Origin',(51.,-31.5,-13.));
#4299=CARTESIAN_POINT('',(52.5,-31.5,-13.));
#4300=CARTESIAN_POINT('Origin',(51.,-31.5,-13.));
#4301=CARTESIAN_POINT('Origin',(51.,-31.5,-10.));
#4302=CARTESIAN_POINT('',(52.5,-31.5,-10.));
#4303=CARTESIAN_POINT('Origin',(75.,10.5,-13.));
#4304=CARTESIAN_POINT('',(76.5,10.5,-13.));
#4305=CARTESIAN_POINT('Origin',(75.,10.5,-13.));
#4306=CARTESIAN_POINT('Origin',(75.,10.5,-10.));
#4307=CARTESIAN_POINT('',(76.5,10.5,-10.));
#4308=CARTESIAN_POINT('Origin',(75.,-10.5,-13.));
#4309=CARTESIAN_POINT('',(76.5,-10.5,-13.));
#4310=CARTESIAN_POINT('Origin',(75.,-10.5,-13.));
#4311=CARTESIAN_POINT('Origin',(75.,-10.5,-10.));
#4312=CARTESIAN_POINT('',(76.5,-10.5,-10.));
#4313=CARTESIAN_POINT('Origin',(51.,10.5,-13.));
#4314=CARTESIAN_POINT('',(52.5,10.5,-13.));
#4315=CARTESIAN_POINT('Origin',(51.,10.5,-13.));
#4316=CARTESIAN_POINT('Origin',(51.,10.5,-10.));
#4317=CARTESIAN_POINT('',(52.5,10.5,-10.));
#4318=CARTESIAN_POINT('Origin',(27.,-31.5,-13.));
#4319=CARTESIAN_POINT('',(28.5,-31.5,-13.));
#4320=CARTESIAN_POINT('Origin',(27.,-31.5,-13.));
#4321=CARTESIAN_POINT('Origin',(27.,-31.5,-10.));
#4322=CARTESIAN_POINT('',(28.5,-31.5,-10.));
#4323=CARTESIAN_POINT('Origin',(-21.,-10.5,-13.));
#4324=CARTESIAN_POINT('',(-19.5,-10.5,-13.));
#4325=CARTESIAN_POINT('Origin',(-21.,-10.5,-13.));
#4326=CARTESIAN_POINT('Origin',(-21.,-10.5,-10.));
#4327=CARTESIAN_POINT('',(-19.5,-10.5,-10.));
#4328=CARTESIAN_POINT('Origin',(-21.,10.5,-13.));
#4329=CARTESIAN_POINT('',(-19.5,10.5,-13.));
#4330=CARTESIAN_POINT('Origin',(-21.,10.5,-13.));
#4331=CARTESIAN_POINT('Origin',(-21.,10.5,-10.));
#4332=CARTESIAN_POINT('',(-19.5,10.5,-10.));
#4333=CARTESIAN_POINT('Origin',(2.99999999999999,31.5,-13.));
#4334=CARTESIAN_POINT('',(4.49999999999999,31.5,-13.));
#4335=CARTESIAN_POINT('Origin',(2.99999999999999,31.5,-13.));
#4336=CARTESIAN_POINT('Origin',(2.99999999999999,31.5,-10.));
#4337=CARTESIAN_POINT('',(4.49999999999999,31.5,-10.));
#4338=CARTESIAN_POINT('Origin',(2.99999999999999,-31.5,-13.));
#4339=CARTESIAN_POINT('',(4.49999999999999,-31.5,-13.));
#4340=CARTESIAN_POINT('Origin',(2.99999999999999,-31.5,-13.));
#4341=CARTESIAN_POINT('Origin',(2.99999999999999,-31.5,-10.));
#4342=CARTESIAN_POINT('',(4.49999999999999,-31.5,-10.));
#4343=CARTESIAN_POINT('Origin',(27.,31.5,-13.));
#4344=CARTESIAN_POINT('',(28.5,31.5,-13.));
#4345=CARTESIAN_POINT('Origin',(27.,31.5,-13.));
#4346=CARTESIAN_POINT('Origin',(27.,31.5,-10.));
#4347=CARTESIAN_POINT('',(28.5,31.5,-10.));
#4348=CARTESIAN_POINT('Origin',(75.,-31.5,-13.));
#4349=CARTESIAN_POINT('',(76.5,-31.5,-13.));
#4350=CARTESIAN_POINT('Origin',(75.,-31.5,-13.));
#4351=CARTESIAN_POINT('Origin',(75.,-31.5,-10.));
#4352=CARTESIAN_POINT('',(76.5,-31.5,-10.));
#4353=CARTESIAN_POINT('Origin',(75.,31.5,-13.));
#4354=CARTESIAN_POINT('',(76.5,31.5,-13.));
#4355=CARTESIAN_POINT('Origin',(75.,31.5,-13.));
#4356=CARTESIAN_POINT('Origin',(75.,31.5,-10.));
#4357=CARTESIAN_POINT('',(76.5,31.5,-10.));
#4358=CARTESIAN_POINT('Origin',(-93.,-33.,-20.));
#4359=CARTESIAN_POINT('',(-100.,-33.,-20.));
#4360=CARTESIAN_POINT('',(-100.,-33.,-20.));
#4361=CARTESIAN_POINT('Origin',(-93.,-33.,-20.));
#4362=CARTESIAN_POINT('Origin',(-100.,40.,-20.));
#4363=CARTESIAN_POINT('',(-100.,33.,-20.));
#4364=CARTESIAN_POINT('',(-100.,33.,-20.));
#4365=CARTESIAN_POINT('',(-100.,-40.,-20.));
#4366=CARTESIAN_POINT('Origin',(-93.,33.,-20.));
#4367=CARTESIAN_POINT('Origin',(-93.,33.,-20.));
#4368=CARTESIAN_POINT('Origin',(93.,-33.,-20.));
#4369=CARTESIAN_POINT('',(100.,-33.,-20.));
#4370=CARTESIAN_POINT('Origin',(93.,-33.,-20.));
#4371=CARTESIAN_POINT('',(100.,-33.,-20.));
#4372=CARTESIAN_POINT('Origin',(100.,-40.,-20.));
#4373=CARTESIAN_POINT('',(100.,33.,-20.));
#4374=CARTESIAN_POINT('',(100.,33.,-20.));
#4375=CARTESIAN_POINT('',(100.,40.,-20.));
#4376=CARTESIAN_POINT('Origin',(0.,0.,-20.));
#4377=CARTESIAN_POINT('Origin',(93.,33.,-20.));
#4378=CARTESIAN_POINT('',(-66.,-18.,-20.));
#4379=CARTESIAN_POINT('Origin',(-66.,-16.,-20.));
#4380=CARTESIAN_POINT('',(-58.,-18.,-20.));
#4381=CARTESIAN_POINT('',(-28.,-18.,-20.));
#4382=CARTESIAN_POINT('',(-56.,-16.,-20.));
#4383=CARTESIAN_POINT('Origin',(-58.,-16.,-20.));
#4384=CARTESIAN_POINT('',(-56.,-3.,-20.));
#4385=CARTESIAN_POINT('',(-58.,18.,-20.));
#4386=CARTESIAN_POINT('Origin',(-58.,16.,-20.));
#4387=CARTESIAN_POINT('',(-66.,18.,-20.));
#4388=CARTESIAN_POINT('',(-34.,18.,-20.));
#4389=CARTESIAN_POINT('',(-68.,16.,-20.));
#4390=CARTESIAN_POINT('Origin',(-66.,16.,-20.));
#4391=CARTESIAN_POINT('',(-68.,3.,-20.));
#4392=CARTESIAN_POINT('Origin',(93.,33.,-20.));
#4393=CARTESIAN_POINT('Origin',(-58.,16.,-10.));
#4394=CARTESIAN_POINT('',(-58.,18.,30.));
#4395=CARTESIAN_POINT('',(-58.,18.,-10.));
#4396=CARTESIAN_POINT('Origin',(-58.,16.,30.));
#4397=CARTESIAN_POINT('Origin',(-66.,-16.,-10.));
#4398=CARTESIAN_POINT('',(-66.,-18.,30.));
#4399=CARTESIAN_POINT('',(-66.,-18.,-10.));
#4400=CARTESIAN_POINT('Origin',(-66.,-16.,30.));
#4401=CARTESIAN_POINT('Origin',(0.,0.,-10.));
#4402=CARTESIAN_POINT('',(-76.,-8.,-10.));
#4403=CARTESIAN_POINT('Origin',(-77.,-8.,-10.));
#4404=CARTESIAN_POINT('Origin',(-68.,6.,-10.));
#4405=CARTESIAN_POINT('',(-68.,16.,30.));
#4406=CARTESIAN_POINT('',(-68.,16.,10.));
#4407=CARTESIAN_POINT('',(-68.,6.,30.));
#4408=CARTESIAN_POINT('Origin',(-66.,16.,-10.));
#4409=CARTESIAN_POINT('',(-66.,18.,30.));
#4410=CARTESIAN_POINT('',(-66.,18.,10.));
#4411=CARTESIAN_POINT('Origin',(-66.,16.,30.));
#4412=CARTESIAN_POINT('Origin',(-68.,18.,-10.));
#4413=CARTESIAN_POINT('',(-66.,18.,30.));
#4414=CARTESIAN_POINT('Origin',(-56.,-6.,-10.));
#4415=CARTESIAN_POINT('',(-56.,-16.,30.));
#4416=CARTESIAN_POINT('',(-56.,-16.,10.));
#4417=CARTESIAN_POINT('',(-56.,-6.,30.));
#4418=CARTESIAN_POINT('Origin',(-58.,-16.,-10.));
#4419=CARTESIAN_POINT('',(-58.,-18.,30.));
#4420=CARTESIAN_POINT('',(-58.,-18.,10.));
#4421=CARTESIAN_POINT('Origin',(-58.,-16.,30.));
#4422=CARTESIAN_POINT('Origin',(-56.,-18.,-10.));
#4423=CARTESIAN_POINT('',(-58.,-18.,30.));
#4424=CARTESIAN_POINT('Origin',(-50.3922133549207,13.7581192141709,10.));
#4425=CARTESIAN_POINT('',(-51.2037373683823,13.1738001441628,28.));
#4426=CARTESIAN_POINT('',(-51.2037373683823,13.1738001441628,10.));
#4427=CARTESIAN_POINT('',(-49.7464476201338,12.9945836120048,28.));
#4428=CARTESIAN_POINT('Origin',(-50.3922133549207,13.7581192141709,28.));
#4429=CARTESIAN_POINT('',(-49.7464476201338,12.9945836120048,10.));
#4430=CARTESIAN_POINT('Origin',(-49.25,-8.88178419700125E-15,28.));
#4431=CARTESIAN_POINT('',(-56.,18.0569165840537,28.));
#4432=CARTESIAN_POINT('Origin',(-69.5,0.,28.));
#4433=CARTESIAN_POINT('',(-57.2090054204195,18.9006266765998,28.));
#4434=CARTESIAN_POINT('Ctrl Pts',(-57.2090054209174,18.9006266758557,28.));
#4435=CARTESIAN_POINT('Ctrl Pts',(-56.954800279977,18.7353174245332,28.));
#4436=CARTESIAN_POINT('Ctrl Pts',(-56.7217088978119,18.5760322702569,28.));
#4437=CARTESIAN_POINT('Ctrl Pts',(-56.5361104457064,18.4455903713476,28.));
#4438=CARTESIAN_POINT('Ctrl Pts',(-56.3819765975849,18.3372623567165,28.));
#4439=CARTESIAN_POINT('Ctrl Pts',(-56.2413346014686,18.235243461655,28.));
#4440=CARTESIAN_POINT('Ctrl Pts',(-56.145745000547,18.1649693072423,28.));
#4441=CARTESIAN_POINT('Ctrl Pts',(-56.072893761012,18.1114116063326,28.));
#4442=CARTESIAN_POINT('Ctrl Pts',(-56.026158754925,18.0764582651137,28.));
#4443=CARTESIAN_POINT('Ctrl Pts',(-56.0081583549348,18.063013191269,28.));
#4444=CARTESIAN_POINT('Ctrl Pts',(-56.0054384443149,18.060981603129,28.));
#4445=CARTESIAN_POINT('Ctrl Pts',(-56.0027189925989,18.0589494006707,28.));
#4446=CARTESIAN_POINT('Ctrl Pts',(-56.,18.0569165840537,28.));
#4447=CARTESIAN_POINT('',(-57.2306484775901,18.9146819371488,28.));
#4448=CARTESIAN_POINT('Ctrl Pts',(-57.2306484775902,18.9146819371489,28.));
#4449=CARTESIAN_POINT('Ctrl Pts',(-57.2234176064274,18.9099925104396,28.));
#4450=CARTESIAN_POINT('Ctrl Pts',(-57.2162029838154,18.9053072410466,28.));
#4451=CARTESIAN_POINT('Ctrl Pts',(-57.2090054209076,18.9006266758493,28.));
#4452=CARTESIAN_POINT('',(-54.8233356143654,19.089350921043,28.));
#4453=CARTESIAN_POINT('Ctrl Pts',(-54.8233356143654,19.089350921043,28.));
#4454=CARTESIAN_POINT('Ctrl Pts',(-55.1015708906479,18.8452204310725,28.));
#4455=CARTESIAN_POINT('Ctrl Pts',(-55.449456199018,18.6799999359976,28.));
#4456=CARTESIAN_POINT('Ctrl Pts',(-55.8141530309416,18.6198306648177,28.));
#4457=CARTESIAN_POINT('Ctrl Pts',(-56.3004154735065,18.5396049699111,28.));
#4458=CARTESIAN_POINT('Ctrl Pts',(-56.8165650690556,18.6461370063733,28.));
#4459=CARTESIAN_POINT('Ctrl Pts',(-57.2306484775901,18.9146819371488,28.));
#4460=CARTESIAN_POINT('',(-52.6381449020483,21.0066911174573,28.));
#4461=CARTESIAN_POINT('',(-56.,18.0569165840537,28.));
#4462=CARTESIAN_POINT('',(-46.4921749775929,16.0777191640723,28.));
#4463=CARTESIAN_POINT('Origin',(-50.,18.,28.));
#4464=CARTESIAN_POINT('',(-47.4941711578342,14.2492520599354,28.));
#4465=CARTESIAN_POINT('',(-49.5487535095305,10.5,28.));
#4466=CARTESIAN_POINT('',(-48.474440169339,14.0703930749646,28.));
#4467=CARTESIAN_POINT('Origin',(-47.8286744345521,13.3068574727985,28.));
#4468=CARTESIAN_POINT('',(-53.2280593599836,10.0499854072211,28.));
#4469=CARTESIAN_POINT('',(-48.5,18.,28.));
#4470=CARTESIAN_POINT('Origin',(-50.,18.,28.));
#4471=CARTESIAN_POINT('Origin',(-69.5,0.,10.));
#4472=CARTESIAN_POINT('',(-56.,18.0569165840537,10.));
#4473=CARTESIAN_POINT('Origin',(-47.7226157749293,8.95203279143078,10.));
#4474=CARTESIAN_POINT('',(-48.6475198769738,8.57183231533783,28.));
#4475=CARTESIAN_POINT('',(-48.3683815097162,9.71556839359686,28.));
#4476=CARTESIAN_POINT('Origin',(-47.7226157749293,8.95203279143078,28.));
#4477=CARTESIAN_POINT('',(-48.6475198769738,8.57183231533782,10.));
#4478=CARTESIAN_POINT('',(-48.3683815097162,9.71556839359686,10.));
#4479=CARTESIAN_POINT('Origin',(-69.5,0.,10.));
#4480=CARTESIAN_POINT('',(-48.6475198769738,-8.57183231533781,28.));
#4481=CARTESIAN_POINT('Origin',(-69.5,0.,28.));
#4482=CARTESIAN_POINT('',(-48.6475198769738,-8.5718323153378,10.));
#4483=CARTESIAN_POINT('Origin',(-50.3922133549207,-13.7581192141709,10.));
#4484=CARTESIAN_POINT('',(-51.2037373683823,-13.1738001441628,28.));
#4485=CARTESIAN_POINT('',(-49.7464476201338,-12.9945836120048,28.));
#4486=CARTESIAN_POINT('Origin',(-50.3922133549207,-13.7581192141709,28.));
#4487=CARTESIAN_POINT('',(-51.2037373683823,-13.1738001441628,10.));
#4488=CARTESIAN_POINT('',(-49.7464476201338,-12.9945836120048,10.));
#4489=CARTESIAN_POINT('Origin',(-49.25,-8.88178419700125E-15,28.));
#4490=CARTESIAN_POINT('',(-48.474440169339,-14.0703930749646,28.));
#4491=CARTESIAN_POINT('',(-51.3471301003942,-11.6407948756402,28.));
#4492=CARTESIAN_POINT('',(-47.4941711578342,-14.2492520599354,28.));
#4493=CARTESIAN_POINT('Origin',(-47.8286744345521,-13.3068574727985,28.));
#4494=CARTESIAN_POINT('',(-46.4921749775929,-16.0777191640723,28.));
#4495=CARTESIAN_POINT('',(-49.5487535095305,-10.5,28.));
#4496=CARTESIAN_POINT('',(-52.6381449020483,-21.0066911174573,28.));
#4497=CARTESIAN_POINT('Origin',(-50.,-18.,28.));
#4498=CARTESIAN_POINT('',(-54.8233356143654,-19.089350921043,28.));
#4499=CARTESIAN_POINT('',(-56.,-18.0569165840537,28.));
#4500=CARTESIAN_POINT('',(-57.2306484775902,-18.9146819371489,28.));
#4501=CARTESIAN_POINT('Ctrl Pts',(-57.2306484775902,-18.9146819371489,28.));
#4502=CARTESIAN_POINT('Ctrl Pts',(-56.8165650690556,-18.6461370063733,28.));
#4503=CARTESIAN_POINT('Ctrl Pts',(-56.3004154735065,-18.5396049699111,28.));
#4504=CARTESIAN_POINT('Ctrl Pts',(-55.8141530309416,-18.6198306648177,28.));
#4505=CARTESIAN_POINT('Ctrl Pts',(-55.449456199018,-18.6799999359976,28.));
#4506=CARTESIAN_POINT('Ctrl Pts',(-55.1015708906479,-18.8452204310725,28.));
#4507=CARTESIAN_POINT('Ctrl Pts',(-54.8233356143654,-19.089350921043,28.));
#4508=CARTESIAN_POINT('',(-56.,-18.0569165840537,28.));
#4509=CARTESIAN_POINT('Ctrl Pts',(-56.,-18.0569165840537,28.));
#4510=CARTESIAN_POINT('Ctrl Pts',(-56.0027189925987,-18.0589494006706,28.));
#4511=CARTESIAN_POINT('Ctrl Pts',(-56.0054384443151,-18.0609816031291,28.));
#4512=CARTESIAN_POINT('Ctrl Pts',(-56.0081583549348,-18.063013191269,28.));
#4513=CARTESIAN_POINT('Ctrl Pts',(-56.026158754925,-18.0764582651138,28.));
#4514=CARTESIAN_POINT('Ctrl Pts',(-56.072893761012,-18.1114116063326,28.));
#4515=CARTESIAN_POINT('Ctrl Pts',(-56.145745000547,-18.1649693072423,28.));
#4516=CARTESIAN_POINT('Ctrl Pts',(-56.2413346014686,-18.235243461655,28.));
#4517=CARTESIAN_POINT('Ctrl Pts',(-56.3819765975849,-18.3372623567165,28.));
#4518=CARTESIAN_POINT('Ctrl Pts',(-56.5361104457064,-18.4455903713476,28.));
#4519=CARTESIAN_POINT('Ctrl Pts',(-56.721881742085,-18.5761537482916,28.));
#4520=CARTESIAN_POINT('Ctrl Pts',(-56.95523446822,-18.7356141279571,28.));
#4521=CARTESIAN_POINT('Ctrl Pts',(-57.2097156849245,-18.9010885395017,28.));
#4522=CARTESIAN_POINT('Ctrl Pts',(-57.216677587682,-18.9056154620658,28.));
#4523=CARTESIAN_POINT('Ctrl Pts',(-57.2236554383436,-18.9101467512379,28.));
#4524=CARTESIAN_POINT('Ctrl Pts',(-57.230648477591,-18.9146819371494,28.));
#4525=CARTESIAN_POINT('Origin',(-69.5,0.,28.));
#4526=CARTESIAN_POINT('',(-48.5,-18.,28.));
#4527=CARTESIAN_POINT('Origin',(-50.,-18.,28.));
#4528=CARTESIAN_POINT('Origin',(-46.8300588514788,-15.4611404179638,28.));
#4529=CARTESIAN_POINT('',(-48.474440169339,-14.0703930749646,30.));
#4530=CARTESIAN_POINT('Origin',(-47.7226157749293,-8.95203279143076,10.));
#4531=CARTESIAN_POINT('',(-48.3683815097162,-9.71556839359685,28.));
#4532=CARTESIAN_POINT('Origin',(-47.7226157749293,-8.95203279143076,28.));
#4533=CARTESIAN_POINT('',(-48.3683815097162,-9.71556839359685,10.));
#4534=CARTESIAN_POINT('Origin',(-49.25,-8.88178419700125E-15,28.));
#4535=CARTESIAN_POINT('',(-46.3449935754911,11.4268633121273,28.));
#4536=CARTESIAN_POINT('',(-49.3744538074917,8.86467550166276,28.));
#4537=CARTESIAN_POINT('',(-46.0398927750958,12.5,28.));
#4538=CARTESIAN_POINT('Origin',(-46.990759310278,12.1903989142933,28.));
#4539=CARTESIAN_POINT('',(-44.5,12.5,28.));
#4540=CARTESIAN_POINT('',(-81.5,12.5,28.));
#4541=CARTESIAN_POINT('',(-42.5,10.5,28.));
#4542=CARTESIAN_POINT('Origin',(-44.5,10.5,28.));
#4543=CARTESIAN_POINT('',(-42.5,-10.5,28.));
#4544=CARTESIAN_POINT('',(-42.5,12.5,28.));
#4545=CARTESIAN_POINT('',(-44.5,-12.5,28.));
#4546=CARTESIAN_POINT('Origin',(-44.5,-10.5,28.));
#4547=CARTESIAN_POINT('',(-46.0398927750958,-12.5,28.));
#4548=CARTESIAN_POINT('',(-42.5,-12.5,28.));
#4549=CARTESIAN_POINT('',(-46.344993575491,-11.4268633121272,28.));
#4550=CARTESIAN_POINT('Origin',(-46.990759310278,-12.1903989142933,28.));
#4551=CARTESIAN_POINT('',(-51.3032383158278,-7.23339211194563,28.));
#4552=CARTESIAN_POINT('',(-46.,8.,28.));
#4553=CARTESIAN_POINT('Origin',(-47.,8.,28.));
#4554=CARTESIAN_POINT('',(-46.,-8.,28.));
#4555=CARTESIAN_POINT('Origin',(-47.,-8.,28.));
#4556=CARTESIAN_POINT('Origin',(-47.8286744345521,13.3068574727985,30.));
#4557=CARTESIAN_POINT('',(-47.4941711578342,14.2492520599354,30.));
#4558=CARTESIAN_POINT('',(-46.9111650697931,13.7045716485323,30.));
#4559=CARTESIAN_POINT('Origin',(-47.8286744345521,13.3068574727985,30.));
#4560=CARTESIAN_POINT('',(-46.9111650697931,13.7045716485324,10.));
#4561=CARTESIAN_POINT('',(-48.474440169339,14.0703930749646,30.));
#4562=CARTESIAN_POINT('',(-47.4941711578342,14.2492520599354,30.));
#4563=CARTESIAN_POINT('Origin',(-45.0761463402752,14.5,30.));
#4564=CARTESIAN_POINT('',(-46.3525549869437,12.9602659428622,30.));
#4565=CARTESIAN_POINT('Origin',(-45.0761463402752,14.5,30.));
#4566=CARTESIAN_POINT('',(-46.3525549869437,12.9602659428622,10.));
#4567=CARTESIAN_POINT('Origin',(-69.5,0.,30.));
#4568=CARTESIAN_POINT('',(-46.4921749775929,16.0777191640723,30.));
#4569=CARTESIAN_POINT('',(-49.5487535095305,10.5,30.));
#4570=CARTESIAN_POINT('',(-52.6381449020483,21.0066911174573,30.));
#4571=CARTESIAN_POINT('Origin',(-50.,18.,30.));
#4572=CARTESIAN_POINT('',(-54.8233356143654,19.089350921043,30.));
#4573=CARTESIAN_POINT('',(-56.,18.0569165840537,30.));
#4574=CARTESIAN_POINT('',(-57.2306484775901,18.9146819371488,30.));
#4575=CARTESIAN_POINT('Ctrl Pts',(-57.2306484775901,18.9146819371488,30.));
#4576=CARTESIAN_POINT('Ctrl Pts',(-56.8165650690556,18.6461370063733,30.));
#4577=CARTESIAN_POINT('Ctrl Pts',(-55.9133032768447,18.4597059425645,30.));
#4578=CARTESIAN_POINT('Ctrl Pts',(-55.1015708906479,18.8452204310725,30.));
#4579=CARTESIAN_POINT('Ctrl Pts',(-54.8233356143654,19.089350921043,30.));
#4580=CARTESIAN_POINT('',(-58.,19.3920663293903,30.));
#4581=CARTESIAN_POINT('Ctrl Pts',(-57.2306484775901,18.9146819371488,30.));
#4582=CARTESIAN_POINT('Ctrl Pts',(-57.4792747996142,19.0759232162265,30.));
#4583=CARTESIAN_POINT('Ctrl Pts',(-57.7471001661926,19.2420901463789,30.));
#4584=CARTESIAN_POINT('Ctrl Pts',(-58.,19.3920663293903,30.));
#4585=CARTESIAN_POINT('',(-66.,22.2722301650165,30.));
#4586=CARTESIAN_POINT('Origin',(-69.5,0.,30.));
#4587=CARTESIAN_POINT('',(-68.,22.4956048267983,30.));
#4588=CARTESIAN_POINT('Ctrl Pts',(-66.,22.2722301650165,30.));
#4589=CARTESIAN_POINT('Ctrl Pts',(-66.2500654612473,22.3115270431415,30.));
#4590=CARTESIAN_POINT('Ctrl Pts',(-66.5177449390233,22.3488302307089,30.));
#4591=CARTESIAN_POINT('Ctrl Pts',(-67.0113493646872,22.4091649987046,30.));
#4592=CARTESIAN_POINT('Ctrl Pts',(-67.2372296242976,22.4324367231003,30.));
#4593=CARTESIAN_POINT('Ctrl Pts',(-67.5925589711105,22.4654283183299,30.));
#4594=CARTESIAN_POINT('Ctrl Pts',(-67.7461421233759,22.4774698461499,30.));
#4595=CARTESIAN_POINT('Ctrl Pts',(-67.9228357232511,22.4904517419582,30.));
#4596=CARTESIAN_POINT('Ctrl Pts',(-67.9700820040211,22.4935985207972,30.));
#4597=CARTESIAN_POINT('Ctrl Pts',(-67.9897092624298,22.4949162792726,30.));
#4598=CARTESIAN_POINT('Ctrl Pts',(-67.9931394557472,22.4951465797161,30.));
#4599=CARTESIAN_POINT('Ctrl Pts',(-67.9965697016877,22.4953760955636,30.));
#4600=CARTESIAN_POINT('Ctrl Pts',(-68.,22.4956048267983,30.));
#4601=CARTESIAN_POINT('',(-82.3681139754817,18.5125330313678,30.));
#4602=CARTESIAN_POINT('Origin',(-69.5,0.,30.));
#4603=CARTESIAN_POINT('',(-83.5984106731909,18.5819768596649,30.));
#4604=CARTESIAN_POINT('Origin',(-82.9388744476788,19.3336496390292,30.));
#4605=CARTESIAN_POINT('',(-86.3618550979517,21.0066911174573,30.));
#4606=CARTESIAN_POINT('',(-83.5984106731909,18.5819768596649,30.));
#4607=CARTESIAN_POINT('',(-92.507825022407,16.0777191640723,30.));
#4608=CARTESIAN_POINT('Origin',(-89.,18.,30.));
#4609=CARTESIAN_POINT('',(-89.7057705996715,10.9644618113949,30.));
#4610=CARTESIAN_POINT('',(-89.7057705996715,10.9644618113949,30.));
#4611=CARTESIAN_POINT('',(-89.6873254448377,10.0386317746832,30.));
#4612=CARTESIAN_POINT('Origin',(-90.5827268552733,10.483891602413,30.));
#4613=CARTESIAN_POINT('',(-89.6873254448377,-10.0386317746832,30.));
#4614=CARTESIAN_POINT('Origin',(-69.5,0.,30.));
#4615=CARTESIAN_POINT('',(-89.7057705996716,-10.9644618113949,30.));
#4616=CARTESIAN_POINT('Origin',(-90.5827268552734,-10.483891602413,30.));
#4617=CARTESIAN_POINT('',(-92.5078250224071,-16.0777191640723,30.));
#4618=CARTESIAN_POINT('',(-89.7057705996716,-10.9644618113949,30.));
#4619=CARTESIAN_POINT('',(-86.3618550979517,-21.0066911174573,30.));
#4620=CARTESIAN_POINT('Origin',(-89.,-18.,30.));
#4621=CARTESIAN_POINT('',(-83.5984106731909,-18.5819768596649,30.));
#4622=CARTESIAN_POINT('',(-83.5984106731909,-18.5819768596649,30.));
#4623=CARTESIAN_POINT('',(-82.3681139754817,-18.5125330313678,30.));
#4624=CARTESIAN_POINT('Origin',(-82.9388744476788,-19.3336496390292,30.));
#4625=CARTESIAN_POINT('',(-68.,-22.4956048267983,30.));
#4626=CARTESIAN_POINT('Origin',(-69.5,0.,30.));
#4627=CARTESIAN_POINT('',(-66.,-22.2722301650165,30.));
#4628=CARTESIAN_POINT('Ctrl Pts',(-68.,-22.4956048267983,30.));
#4629=CARTESIAN_POINT('Ctrl Pts',(-67.9965697016884,-22.4953760955636,30.));
#4630=CARTESIAN_POINT('Ctrl Pts',(-67.9931394557466,-22.495146579716,30.));
#4631=CARTESIAN_POINT('Ctrl Pts',(-67.9897092624298,-22.4949162792726,30.));
#4632=CARTESIAN_POINT('Ctrl Pts',(-67.9700820040211,-22.4935985207972,30.));
#4633=CARTESIAN_POINT('Ctrl Pts',(-67.9228357232511,-22.4904517419582,30.));
#4634=CARTESIAN_POINT('Ctrl Pts',(-67.7461421233759,-22.4774698461499,30.));
#4635=CARTESIAN_POINT('Ctrl Pts',(-67.5925589711105,-22.4654283183299,30.));
#4636=CARTESIAN_POINT('Ctrl Pts',(-67.2372296242976,-22.4324367231003,30.));
#4637=CARTESIAN_POINT('Ctrl Pts',(-67.0113493646872,-22.4091649987046,30.));
#4638=CARTESIAN_POINT('Ctrl Pts',(-66.5177449390233,-22.3488302307089,30.));
#4639=CARTESIAN_POINT('Ctrl Pts',(-66.2500654612472,-22.3115270431415,30.));
#4640=CARTESIAN_POINT('Ctrl Pts',(-66.,-22.2722301650165,30.));
#4641=CARTESIAN_POINT('',(-58.,-19.3920663293903,30.));
#4642=CARTESIAN_POINT('Origin',(-69.5,0.,30.));
#4643=CARTESIAN_POINT('',(-57.2306484775901,-18.9146819371489,30.));
#4644=CARTESIAN_POINT('Ctrl Pts',(-58.,-19.3920663293903,30.));
#4645=CARTESIAN_POINT('Ctrl Pts',(-57.7471001661926,-19.2420901463789,30.));
#4646=CARTESIAN_POINT('Ctrl Pts',(-57.4792747996142,-19.0759232162265,30.));
#4647=CARTESIAN_POINT('Ctrl Pts',(-57.2306484775901,-18.9146819371489,30.));
#4648=CARTESIAN_POINT('',(-54.8233356143654,-19.089350921043,30.));
#4649=CARTESIAN_POINT('Ctrl Pts',(-54.8233356143654,-19.089350921043,30.));
#4650=CARTESIAN_POINT('Ctrl Pts',(-55.1015708906479,-18.8452204310725,30.));
#4651=CARTESIAN_POINT('Ctrl Pts',(-55.449456199018,-18.6799999359976,30.));
#4652=CARTESIAN_POINT('Ctrl Pts',(-55.8141530309416,-18.6198306648177,30.));
#4653=CARTESIAN_POINT('Ctrl Pts',(-56.3004154735065,-18.5396049699111,30.));
#4654=CARTESIAN_POINT('Ctrl Pts',(-56.8165650690556,-18.6461370063733,30.));
#4655=CARTESIAN_POINT('Ctrl Pts',(-57.2306484775902,-18.9146819371489,30.));
#4656=CARTESIAN_POINT('',(-52.6381449020483,-21.0066911174573,30.));
#4657=CARTESIAN_POINT('',(-56.,-18.0569165840537,30.));
#4658=CARTESIAN_POINT('',(-46.4921749775929,-16.0777191640723,30.));
#4659=CARTESIAN_POINT('Origin',(-50.,-18.,30.));
#4660=CARTESIAN_POINT('',(-47.4941711578342,-14.2492520599354,30.));
#4661=CARTESIAN_POINT('',(-49.5487535095305,-10.5,30.));
#4662=CARTESIAN_POINT('',(-46.9111650697931,-13.7045716485323,30.));
#4663=CARTESIAN_POINT('Origin',(-47.8286744345521,-13.3068574727985,30.));
#4664=CARTESIAN_POINT('',(-46.3525549869437,-12.9602659428622,30.));
#4665=CARTESIAN_POINT('Origin',(-45.0761463402753,-14.5,30.));
#4666=CARTESIAN_POINT('',(-46.0398927750958,-12.5,30.));
#4667=CARTESIAN_POINT('Origin',(-46.990759310278,-12.1903989142933,30.));
#4668=CARTESIAN_POINT('',(-44.5,-12.5,30.));
#4669=CARTESIAN_POINT('',(-42.5,-12.5,30.));
#4670=CARTESIAN_POINT('',(-42.5,-10.5,30.));
#4671=CARTESIAN_POINT('Origin',(-44.5,-10.5,30.));
#4672=CARTESIAN_POINT('',(-42.5,10.5,30.));
#4673=CARTESIAN_POINT('',(-42.5,12.5,30.));
#4674=CARTESIAN_POINT('',(-44.5,12.5,30.));
#4675=CARTESIAN_POINT('Origin',(-44.5,10.5,30.));
#4676=CARTESIAN_POINT('',(-46.0398927750958,12.5,30.));
#4677=CARTESIAN_POINT('',(-81.5,12.5,30.));
#4678=CARTESIAN_POINT('Origin',(-46.990759310278,12.1903989142933,30.));
#4679=CARTESIAN_POINT('',(-87.5,-18.,30.));
#4680=CARTESIAN_POINT('Origin',(-89.,-18.,30.));
#4681=CARTESIAN_POINT('',(-87.5,18.,30.));
#4682=CARTESIAN_POINT('Origin',(-89.,18.,30.));
#4683=CARTESIAN_POINT('',(-48.5,18.,30.));
#4684=CARTESIAN_POINT('Origin',(-50.,18.,30.));
#4685=CARTESIAN_POINT('',(-48.5,-18.,30.));
#4686=CARTESIAN_POINT('Origin',(-50.,-18.,30.));
#4687=CARTESIAN_POINT('',(-46.,-8.,30.));
#4688=CARTESIAN_POINT('Origin',(-47.,-8.,30.));
#4689=CARTESIAN_POINT('',(-46.,8.,30.));
#4690=CARTESIAN_POINT('Origin',(-47.,8.,30.));
#4691=CARTESIAN_POINT('',(-76.,-8.,30.));
#4692=CARTESIAN_POINT('Origin',(-77.,-8.,30.));
#4693=CARTESIAN_POINT('',(-76.,8.,30.));
#4694=CARTESIAN_POINT('Origin',(-77.,8.,30.));
#4695=CARTESIAN_POINT('Origin',(-46.990759310278,12.1903989142933,30.));
#4696=CARTESIAN_POINT('',(-46.344993575491,11.4268633121273,10.));
#4697=CARTESIAN_POINT('',(-46.0398927750958,12.5,30.));
#4698=CARTESIAN_POINT('Origin',(-45.0761463402753,12.5,28.));
#4699=CARTESIAN_POINT('Origin',(-46.990759310278,-12.1903989142933,30.));
#4700=CARTESIAN_POINT('',(-46.3525549869437,-12.9602659428622,10.));
#4701=CARTESIAN_POINT('',(-46.344993575491,-11.4268633121272,30.));
#4702=CARTESIAN_POINT('',(-46.0398927750958,-12.5,30.));
#4703=CARTESIAN_POINT('Origin',(-45.0761463402753,-14.5,30.));
#4704=CARTESIAN_POINT('',(-46.9111650697931,-13.7045716485323,10.));
#4705=CARTESIAN_POINT('Origin',(-47.8286744345521,-13.3068574727985,30.));
#4706=CARTESIAN_POINT('',(-47.4941711578342,-14.2492520599354,30.));
#4707=CARTESIAN_POINT('Origin',(-50.5919173706575,12.2795214811257,28.));
#4708=CARTESIAN_POINT('Origin',(-48.9337153569474,-9.23743322056569,28.));
#4709=CARTESIAN_POINT('Origin',(-69.5,0.,26.));
#4710=CARTESIAN_POINT('',(-89.6873254448378,-10.0386317746831,26.));
#4711=CARTESIAN_POINT('',(-89.7057705996716,-10.9644618113951,27.2557945278826));
#4712=CARTESIAN_POINT('Ctrl Pts',(-89.7057705996716,-10.9644618113951,27.2557945278826));
#4713=CARTESIAN_POINT('Ctrl Pts',(-89.6884291971009,-10.9328167964085,27.2181936266031));
#4714=CARTESIAN_POINT('Ctrl Pts',(-89.6731388388258,-10.9008507302014,27.1798777203723));
#4715=CARTESIAN_POINT('Ctrl Pts',(-89.6002833950178,-10.72615846463,26.9682262661941));
#4716=CARTESIAN_POINT('Ctrl Pts',(-89.5778762920746,-10.5802081243461,26.7827391873039));
#4717=CARTESIAN_POINT('Ctrl Pts',(-89.5894592811765,-10.3007417717004,26.4020876226238));
#4718=CARTESIAN_POINT('Ctrl Pts',(-89.6252347589634,-10.1647691413535,26.2031864690437));
#4719=CARTESIAN_POINT('Ctrl Pts',(-89.6861113509262,-10.0410795612535,26.0039488764389));
#4720=CARTESIAN_POINT('Ctrl Pts',(-89.6867171447529,-10.0398550441541,26.0019744373584));
#4721=CARTESIAN_POINT('Ctrl Pts',(-89.6873254448377,-10.0386317746831,26.));
#4722=CARTESIAN_POINT('',(-82.3681139754817,-18.5125330313678,26.));
#4723=CARTESIAN_POINT('Origin',(-69.5,0.,26.));
#4724=CARTESIAN_POINT('',(-83.5984106731915,-18.5819768596654,27.5843627076748));
#4725=CARTESIAN_POINT('Ctrl Pts',(-82.3681139754817,-18.5125330313678,26.));
#4726=CARTESIAN_POINT('Ctrl Pts',(-82.3692330490902,-18.5117551601432,26.001969667025));
#4727=CARTESIAN_POINT('Ctrl Pts',(-82.3703537138745,-18.5109795759673,26.0039393357613));
#4728=CARTESIAN_POINT('Ctrl Pts',(-82.4824955976801,-18.4337075516675,26.2007599846622));
#4729=CARTESIAN_POINT('Ctrl Pts',(-82.6100188542631,-18.378949030358,26.3971905602266));
#4730=CARTESIAN_POINT('Ctrl Pts',(-82.8811140327557,-18.3260703416063,26.7736419037255));
#4731=CARTESIAN_POINT('Ctrl Pts',(-83.0267880732994,-18.3259422336198,26.9572658485581));
#4732=CARTESIAN_POINT('Ctrl Pts',(-83.2966934732979,-18.3914733994724,27.2699502922036));
#4733=CARTESIAN_POINT('Ctrl Pts',(-83.4217668225711,-18.4459551179265,27.4044915935419));
#4734=CARTESIAN_POINT('Ctrl Pts',(-83.558667259624,-18.5484708215945,27.5443017827563));
#4735=CARTESIAN_POINT('Ctrl Pts',(-83.5787439193347,-18.5647207650417,27.56461430549));
#4736=CARTESIAN_POINT('Ctrl Pts',(-83.5984106731915,-18.5819768596654,27.5843627076748));
#4737=CARTESIAN_POINT('',(-84.5338648096781,-19.4027673781671,28.));
#4738=CARTESIAN_POINT('Ctrl Pts',(-83.5984106731925,-18.5819768596663,27.5843627076759));
#4739=CARTESIAN_POINT('Ctrl Pts',(-83.7057122461805,-18.6761259048132,27.6921097529615));
#4740=CARTESIAN_POINT('Ctrl Pts',(-83.8284752053196,-18.7838411512955,27.7829446309643));
#4741=CARTESIAN_POINT('Ctrl Pts',(-84.1196134300278,-19.0392930062751,27.9414968391814));
#4742=CARTESIAN_POINT('Ctrl Pts',(-84.3436253032653,-19.2358465457952,28.));
#4743=CARTESIAN_POINT('Ctrl Pts',(-84.5338648096781,-19.4027673781671,28.));
#4744=CARTESIAN_POINT('',(-90.5842045908111,-12.5674496147693,28.));
#4745=CARTESIAN_POINT('Origin',(-69.5,0.,28.));
#4746=CARTESIAN_POINT('Ctrl Pts',(-90.5842045908111,-12.5674496147693,28.));
#4747=CARTESIAN_POINT('Ctrl Pts',(-90.4389957962842,-12.3024690596938,28.));
#4748=CARTESIAN_POINT('Ctrl Pts',(-90.2674659326232,-11.9894571747526,27.9361761697523));
#4749=CARTESIAN_POINT('Ctrl Pts',(-90.0038889217734,-11.5084754073076,27.7302466100037));
#4750=CARTESIAN_POINT('Ctrl Pts',(-89.8629170230262,-11.2512264431399,27.5574931368295));
#4751=CARTESIAN_POINT('Ctrl Pts',(-89.7428569287634,-11.0321378505804,27.3330942128871));
#4752=CARTESIAN_POINT('Ctrl Pts',(-89.7241247712323,-10.9979549519719,27.2955913891861));
#4753=CARTESIAN_POINT('Ctrl Pts',(-89.7057705996716,-10.9644618113951,27.2557945278826));
#4754=CARTESIAN_POINT('Origin',(-87.6840569877409,-16.0193158873416,28.));
#4755=CARTESIAN_POINT('',(-86.3618550979517,-21.0066911174573,28.));
#4756=CARTESIAN_POINT('',(-83.5984106731909,-18.5819768596649,28.));
#4757=CARTESIAN_POINT('',(-92.5078250224071,-16.0777191640723,28.));
#4758=CARTESIAN_POINT('Origin',(-89.,-18.,28.));
#4759=CARTESIAN_POINT('',(-89.7057705996716,-10.9644618113949,28.));
#4760=CARTESIAN_POINT('',(-87.5,-18.,28.));
#4761=CARTESIAN_POINT('Origin',(-89.,-18.,28.));
#4762=CARTESIAN_POINT('Origin',(-69.5,0.,26.));
#4763=CARTESIAN_POINT('',(-82.3681139754817,18.5125330313678,26.));
#4764=CARTESIAN_POINT('',(-83.5984106731915,18.5819768596654,27.5843627076748));
#4765=CARTESIAN_POINT('Ctrl Pts',(-83.5984106731915,18.5819768596654,27.5843627076748));
#4766=CARTESIAN_POINT('Ctrl Pts',(-83.5787439193347,18.5647207650417,27.56461430549));
#4767=CARTESIAN_POINT('Ctrl Pts',(-83.558667259624,18.5484708215945,27.5443017827563));
#4768=CARTESIAN_POINT('Ctrl Pts',(-83.4217668225711,18.4459551179265,27.4044915935419));
#4769=CARTESIAN_POINT('Ctrl Pts',(-83.2966934732979,18.3914733994724,27.2699502922036));
#4770=CARTESIAN_POINT('Ctrl Pts',(-83.0267880732997,18.3259422336198,26.9572658485584));
#4771=CARTESIAN_POINT('Ctrl Pts',(-82.8811140327563,18.3260703416062,26.7736419037262));
#4772=CARTESIAN_POINT('Ctrl Pts',(-82.6100188542641,18.3789490303577,26.3971905602281));
#4773=CARTESIAN_POINT('Ctrl Pts',(-82.4824955976815,18.4337075516668,26.2007599846647));
#4774=CARTESIAN_POINT('Ctrl Pts',(-82.3703537138751,18.510979575967,26.0039393357622));
#4775=CARTESIAN_POINT('Ctrl Pts',(-82.3692330490909,18.5117551601426,26.0019696670263));
#4776=CARTESIAN_POINT('Ctrl Pts',(-82.3681139754817,18.5125330313678,26.));
#4777=CARTESIAN_POINT('',(-89.6873254448377,10.0386317746832,26.));
#4778=CARTESIAN_POINT('Origin',(-69.5,0.,26.));
#4779=CARTESIAN_POINT('',(-89.7057705996716,10.9644618113951,27.2557945278826));
#4780=CARTESIAN_POINT('Ctrl Pts',(-89.6873254448377,10.0386317746832,26.));
#4781=CARTESIAN_POINT('Ctrl Pts',(-89.6867171447537,10.0398550441525,26.0019744373559));
#4782=CARTESIAN_POINT('Ctrl Pts',(-89.686111350927,10.0410795612518,26.0039488764361));
#4783=CARTESIAN_POINT('Ctrl Pts',(-89.6252347589645,10.1647691413502,26.2031864690384));
#4784=CARTESIAN_POINT('Ctrl Pts',(-89.5894592811768,10.300741771698,26.4020876226202));
#4785=CARTESIAN_POINT('Ctrl Pts',(-89.5778762920744,10.5802081243449,26.7827391873023));
#4786=CARTESIAN_POINT('Ctrl Pts',(-89.6002833950175,10.7261584646295,26.9682262661934));
#4787=CARTESIAN_POINT('Ctrl Pts',(-89.6731388388258,10.9008507302014,27.1798777203724));
#4788=CARTESIAN_POINT('Ctrl Pts',(-89.6884291971009,10.9328167964086,27.2181936266031));
#4789=CARTESIAN_POINT('Ctrl Pts',(-89.7057705996716,10.9644618113951,27.2557945278826));
#4790=CARTESIAN_POINT('',(-90.5842045908111,12.5674496147693,28.));
#4791=CARTESIAN_POINT('Ctrl Pts',(-89.70577059967,10.9644618113922,27.2557945278791));
#4792=CARTESIAN_POINT('Ctrl Pts',(-89.7241247712312,10.9979549519699,27.295591389184));
#4793=CARTESIAN_POINT('Ctrl Pts',(-89.7428569287629,11.0321378505794,27.3330942128861));
#4794=CARTESIAN_POINT('Ctrl Pts',(-89.8629170230262,11.25122644314,27.5574931368295));
#4795=CARTESIAN_POINT('Ctrl Pts',(-90.0038889217734,11.5084754073077,27.7302466100037));
#4796=CARTESIAN_POINT('Ctrl Pts',(-90.2674659326232,11.9894571747526,27.9361761697523));
#4797=CARTESIAN_POINT('Ctrl Pts',(-90.4389957962842,12.3024690596938,28.));
#4798=CARTESIAN_POINT('Ctrl Pts',(-90.5842045908111,12.5674496147693,28.));
#4799=CARTESIAN_POINT('',(-84.5338648096781,19.4027673781671,28.));
#4800=CARTESIAN_POINT('Origin',(-69.5,0.,28.));
#4801=CARTESIAN_POINT('Ctrl Pts',(-84.5338648096781,19.4027673781671,28.));
#4802=CARTESIAN_POINT('Ctrl Pts',(-84.3436253032654,19.2358465457952,28.));
#4803=CARTESIAN_POINT('Ctrl Pts',(-84.1196134300278,19.0392930062751,27.9414968391814));
#4804=CARTESIAN_POINT('Ctrl Pts',(-83.8284752053185,18.7838411512944,27.7829446309637));
#4805=CARTESIAN_POINT('Ctrl Pts',(-83.705712246178,18.6761259048109,27.6921097529596));
#4806=CARTESIAN_POINT('Ctrl Pts',(-83.5984106731892,18.5819768596634,27.5843627076725));
#4807=CARTESIAN_POINT('Origin',(-87.6840569877409,16.0193158873416,28.));
#4808=CARTESIAN_POINT('',(-92.507825022407,16.0777191640723,28.));
#4809=CARTESIAN_POINT('',(-89.7057705996715,10.9644618113949,28.));
#4810=CARTESIAN_POINT('',(-86.3618550979517,21.0066911174573,28.));
#4811=CARTESIAN_POINT('Origin',(-89.,18.,28.));
#4812=CARTESIAN_POINT('',(-83.5984106731909,18.5819768596649,28.));
#4813=CARTESIAN_POINT('',(-87.5,18.,28.));
#4814=CARTESIAN_POINT('Origin',(-89.,18.,28.));
#4815=CARTESIAN_POINT('Ctrl Pts',(-57.2306484775902,-18.9146819371489,28.));
#4816=CARTESIAN_POINT('Ctrl Pts',(-57.2306484775902,-18.9146819371489,28.6666666666667));
#4817=CARTESIAN_POINT('Ctrl Pts',(-57.2306484775902,-18.9146819371489,29.3333333333333));
#4818=CARTESIAN_POINT('Ctrl Pts',(-57.2306484775902,-18.9146819371489,30.));
#4819=CARTESIAN_POINT('Ctrl Pts',(-56.8165650690556,-18.6461370063733,28.));
#4820=CARTESIAN_POINT('Ctrl Pts',(-56.8165650690556,-18.6461370063733,28.6666666666667));
#4821=CARTESIAN_POINT('Ctrl Pts',(-56.8165650690556,-18.6461370063733,29.3333333333333));
#4822=CARTESIAN_POINT('Ctrl Pts',(-56.8165650690556,-18.6461370063733,30.));
#4823=CARTESIAN_POINT('Ctrl Pts',(-55.9133032768447,-18.4597059425645,28.));
#4824=CARTESIAN_POINT('Ctrl Pts',(-55.9133032768447,-18.4597059425645,28.6666666666667));
#4825=CARTESIAN_POINT('Ctrl Pts',(-55.9133032768447,-18.4597059425645,29.3333333333333));
#4826=CARTESIAN_POINT('Ctrl Pts',(-55.9133032768447,-18.4597059425645,30.));
#4827=CARTESIAN_POINT('Ctrl Pts',(-55.1015708906479,-18.8452204310725,28.));
#4828=CARTESIAN_POINT('Ctrl Pts',(-55.1015708906479,-18.8452204310725,28.6666666666667));
#4829=CARTESIAN_POINT('Ctrl Pts',(-55.1015708906479,-18.8452204310725,29.3333333333333));
#4830=CARTESIAN_POINT('Ctrl Pts',(-55.1015708906479,-18.8452204310725,30.));
#4831=CARTESIAN_POINT('Ctrl Pts',(-54.8233356143654,-19.089350921043,28.));
#4832=CARTESIAN_POINT('Ctrl Pts',(-54.8233356143654,-19.089350921043,28.6666666666667));
#4833=CARTESIAN_POINT('Ctrl Pts',(-54.8233356143654,-19.089350921043,29.3333333333333));
#4834=CARTESIAN_POINT('Ctrl Pts',(-54.8233356143654,-19.089350921043,30.));
#4835=CARTESIAN_POINT('Ctrl Pts',(-54.8233356143654,-19.089350921043,28.));
#4836=CARTESIAN_POINT('Ctrl Pts',(-54.8233356143654,-19.089350921043,28.6666666666667));
#4837=CARTESIAN_POINT('Ctrl Pts',(-54.8233356143654,-19.089350921043,29.3333333333333));
#4838=CARTESIAN_POINT('Ctrl Pts',(-54.8233356143654,-19.089350921043,30.));
#4839=CARTESIAN_POINT('Ctrl Pts',(-57.2306484775902,-18.9146819371489,30.));
#4840=CARTESIAN_POINT('Ctrl Pts',(-57.2306484775902,-18.9146819371489,29.3333333333333));
#4841=CARTESIAN_POINT('Ctrl Pts',(-57.2306484775902,-18.9146819371489,28.6666666666667));
#4842=CARTESIAN_POINT('Ctrl Pts',(-57.2306484775902,-18.9146819371489,28.));
#4843=CARTESIAN_POINT('Origin',(-52.6381449020483,-21.0066911174573,30.));
#4844=CARTESIAN_POINT('',(-52.6381449020483,-21.0066911174573,30.));
#4845=CARTESIAN_POINT('Origin',(-48.4527576581704,-12.5,30.));
#4846=CARTESIAN_POINT('',(-46.4921749775929,-16.0777191640723,30.));
#4847=CARTESIAN_POINT('Origin',(-48.4527576581703,12.5,30.));
#4848=CARTESIAN_POINT('',(-44.5,12.5,30.));
#4849=CARTESIAN_POINT('Ctrl Pts',(-57.2306484775901,18.9146819371488,30.));
#4850=CARTESIAN_POINT('Ctrl Pts',(-57.2306484775901,18.9146819371488,29.3333333333333));
#4851=CARTESIAN_POINT('Ctrl Pts',(-57.2306484775901,18.9146819371488,28.6666666666667));
#4852=CARTESIAN_POINT('Ctrl Pts',(-57.2306484775901,18.9146819371488,28.));
#4853=CARTESIAN_POINT('Ctrl Pts',(-56.8165650690556,18.6461370063733,30.));
#4854=CARTESIAN_POINT('Ctrl Pts',(-56.8165650690556,18.6461370063733,29.3333333333333));
#4855=CARTESIAN_POINT('Ctrl Pts',(-56.8165650690556,18.6461370063733,28.6666666666667));
#4856=CARTESIAN_POINT('Ctrl Pts',(-56.8165650690556,18.6461370063733,28.));
#4857=CARTESIAN_POINT('Ctrl Pts',(-55.9133032768447,18.4597059425645,30.));
#4858=CARTESIAN_POINT('Ctrl Pts',(-55.9133032768447,18.4597059425645,29.3333333333333));
#4859=CARTESIAN_POINT('Ctrl Pts',(-55.9133032768447,18.4597059425645,28.6666666666667));
#4860=CARTESIAN_POINT('Ctrl Pts',(-55.9133032768447,18.4597059425645,28.));
#4861=CARTESIAN_POINT('Ctrl Pts',(-55.1015708906479,18.8452204310725,30.));
#4862=CARTESIAN_POINT('Ctrl Pts',(-55.1015708906479,18.8452204310725,29.3333333333333));
#4863=CARTESIAN_POINT('Ctrl Pts',(-55.1015708906479,18.8452204310725,28.6666666666667));
#4864=CARTESIAN_POINT('Ctrl Pts',(-55.1015708906479,18.8452204310725,28.));
#4865=CARTESIAN_POINT('Ctrl Pts',(-54.8233356143654,19.089350921043,30.));
#4866=CARTESIAN_POINT('Ctrl Pts',(-54.8233356143654,19.089350921043,29.3333333333333));
#4867=CARTESIAN_POINT('Ctrl Pts',(-54.8233356143654,19.089350921043,28.6666666666667));
#4868=CARTESIAN_POINT('Ctrl Pts',(-54.8233356143654,19.089350921043,28.));
#4869=CARTESIAN_POINT('Ctrl Pts',(-57.2306484775901,18.9146819371488,28.));
#4870=CARTESIAN_POINT('Ctrl Pts',(-57.2306484775901,18.9146819371488,28.6666666666667));
#4871=CARTESIAN_POINT('Ctrl Pts',(-57.2306484775901,18.9146819371488,29.3333333333333));
#4872=CARTESIAN_POINT('Ctrl Pts',(-57.2306484775901,18.9146819371488,30.));
#4873=CARTESIAN_POINT('Ctrl Pts',(-54.8233356143654,19.089350921043,30.));
#4874=CARTESIAN_POINT('Ctrl Pts',(-54.8233356143654,19.089350921043,29.3333333333333));
#4875=CARTESIAN_POINT('Ctrl Pts',(-54.8233356143654,19.089350921043,28.6666666666667));
#4876=CARTESIAN_POINT('Ctrl Pts',(-54.8233356143654,19.089350921043,28.));
#4877=CARTESIAN_POINT('Origin',(-56.,18.0569165840537,30.));
#4878=CARTESIAN_POINT('',(-52.6381449020483,21.0066911174573,30.));
#4879=CARTESIAN_POINT('Origin',(-44.5,10.5,30.));
#4880=CARTESIAN_POINT('',(-42.5,10.5,30.));
#4881=CARTESIAN_POINT('Origin',(-42.5,12.5,30.));
#4882=CARTESIAN_POINT('',(-42.5,-10.5,30.));
#4883=CARTESIAN_POINT('Origin',(-44.5,-10.5,30.));
#4884=CARTESIAN_POINT('',(-44.5,-12.5,30.));
#4885=CARTESIAN_POINT('Origin',(-89.,-18.,30.));
#4886=CARTESIAN_POINT('',(-87.5,-18.,30.));
#4887=CARTESIAN_POINT('Origin',(-83.5984106731909,-18.5819768596649,30.));
#4888=CARTESIAN_POINT('',(-86.3618550979517,-21.0066911174573,30.));
#4889=CARTESIAN_POINT('',(-83.5984106731909,-18.5819768596649,30.));
#4890=CARTESIAN_POINT('Origin',(-82.9388744476788,-19.3336496390292,30.));
#4891=CARTESIAN_POINT('',(-82.3681139754817,-18.5125330313678,30.));
#4892=CARTESIAN_POINT('Origin',(-90.5827268552734,-10.483891602413,30.));
#4893=CARTESIAN_POINT('',(-89.6873254448378,-10.0386317746831,30.));
#4894=CARTESIAN_POINT('',(-89.7057705996716,-10.9644618113949,30.));
#4895=CARTESIAN_POINT('Origin',(-92.5078250224071,-16.0777191640723,30.));
#4896=CARTESIAN_POINT('',(-92.5078250224071,-16.0777191640723,30.));
#4897=CARTESIAN_POINT('Origin',(-89.,-18.,30.));
#4898=CARTESIAN_POINT('Origin',(-89.,18.,30.));
#4899=CARTESIAN_POINT('',(-87.5,18.,30.));
#4900=CARTESIAN_POINT('Origin',(-89.7057705996715,10.9644618113949,30.));
#4901=CARTESIAN_POINT('',(-92.507825022407,16.0777191640723,30.));
#4902=CARTESIAN_POINT('',(-89.7057705996715,10.9644618113949,30.));
#4903=CARTESIAN_POINT('Origin',(-90.5827268552733,10.483891602413,30.));
#4904=CARTESIAN_POINT('',(-89.6873254448377,10.0386317746832,30.));
#4905=CARTESIAN_POINT('Origin',(-82.9388744476788,19.3336496390292,30.));
#4906=CARTESIAN_POINT('',(-82.3681139754817,18.5125330313678,30.));
#4907=CARTESIAN_POINT('',(-83.5984106731909,18.5819768596649,30.));
#4908=CARTESIAN_POINT('Origin',(-86.3618550979517,21.0066911174573,30.));
#4909=CARTESIAN_POINT('',(-86.3618550979517,21.0066911174573,30.));
#4910=CARTESIAN_POINT('Origin',(-89.,18.,30.));
#4911=CARTESIAN_POINT('Origin',(-50.,18.,30.));
#4912=CARTESIAN_POINT('',(-48.5,18.,30.));
#4913=CARTESIAN_POINT('Origin',(-50.,-18.,30.));
#4914=CARTESIAN_POINT('',(-48.5,-18.,30.));
#4915=CARTESIAN_POINT('Origin',(-47.,-8.,30.));
#4916=CARTESIAN_POINT('',(-46.,-8.,30.));
#4917=CARTESIAN_POINT('Origin',(-47.,8.,30.));
#4918=CARTESIAN_POINT('',(-46.,8.,30.));
#4919=CARTESIAN_POINT('Origin',(-50.,-18.,30.));
#4920=CARTESIAN_POINT('Origin',(-42.5,-12.5,30.));
#4921=CARTESIAN_POINT('Origin',(-46.4921749775929,16.0777191640723,30.));
#4922=CARTESIAN_POINT('',(-46.4921749775929,16.0777191640723,30.));
#4923=CARTESIAN_POINT('Origin',(-50.,18.,30.));
#4924=CARTESIAN_POINT('Ctrl Pts',(-66.,22.2722301650165,-10.));
#4925=CARTESIAN_POINT('Ctrl Pts',(-66.,22.2722301650165,30.));
#4926=CARTESIAN_POINT('Ctrl Pts',(-66.2500654612473,22.3115270431415,-10.));
#4927=CARTESIAN_POINT('Ctrl Pts',(-66.2500654612473,22.3115270431415,30.));
#4928=CARTESIAN_POINT('Ctrl Pts',(-66.5177449390233,22.3488302307089,-10.));
#4929=CARTESIAN_POINT('Ctrl Pts',(-66.5177449390233,22.3488302307089,30.));
#4930=CARTESIAN_POINT('Ctrl Pts',(-67.0113493646872,22.4091649987046,-10.));
#4931=CARTESIAN_POINT('Ctrl Pts',(-67.0113493646872,22.4091649987046,30.));
#4932=CARTESIAN_POINT('Ctrl Pts',(-67.2372296242976,22.4324367231003,-10.));
#4933=CARTESIAN_POINT('Ctrl Pts',(-67.2372296242976,22.4324367231003,30.));
#4934=CARTESIAN_POINT('Ctrl Pts',(-67.5925589711105,22.4654283183299,-10.));
#4935=CARTESIAN_POINT('Ctrl Pts',(-67.5925589711105,22.4654283183299,30.));
#4936=CARTESIAN_POINT('Ctrl Pts',(-67.7461421233759,22.4774698461499,-10.));
#4937=CARTESIAN_POINT('Ctrl Pts',(-67.7461421233759,22.4774698461499,30.));
#4938=CARTESIAN_POINT('Ctrl Pts',(-67.9228357232511,22.4904517419582,-10.));
#4939=CARTESIAN_POINT('Ctrl Pts',(-67.9228357232511,22.4904517419582,30.));
#4940=CARTESIAN_POINT('Ctrl Pts',(-67.9700820040211,22.4935985207972,-10.));
#4941=CARTESIAN_POINT('Ctrl Pts',(-67.9700820040211,22.4935985207972,30.));
#4942=CARTESIAN_POINT('Ctrl Pts',(-67.9897092624298,22.4949162792726,-10.));
#4943=CARTESIAN_POINT('Ctrl Pts',(-67.9897092624298,22.4949162792726,30.));
#4944=CARTESIAN_POINT('Ctrl Pts',(-67.9931394557472,22.4951465797161,-10.));
#4945=CARTESIAN_POINT('Ctrl Pts',(-67.9931394557472,22.4951465797161,30.));
#4946=CARTESIAN_POINT('Ctrl Pts',(-67.9965697016877,22.4953760955636,-10.));
#4947=CARTESIAN_POINT('Ctrl Pts',(-67.9965697016877,22.4953760955636,30.));
#4948=CARTESIAN_POINT('Ctrl Pts',(-68.,22.4956048267983,-10.));
#4949=CARTESIAN_POINT('Ctrl Pts',(-68.,22.4956048267983,30.));
#4950=CARTESIAN_POINT('',(-68.,22.4956048267983,10.));
#4951=CARTESIAN_POINT('',(-66.,22.2722301650165,10.));
#4952=CARTESIAN_POINT('Origin',(-69.5,0.,10.));
#4953=CARTESIAN_POINT('',(-58.,19.3920663293903,10.));
#4954=CARTESIAN_POINT('Ctrl Pts',(-57.2090054209076,18.9006266758493,-10.));
#4955=CARTESIAN_POINT('Ctrl Pts',(-57.2090054209076,18.9006266758493,30.));
#4956=CARTESIAN_POINT('Ctrl Pts',(-57.2092421572753,18.9007806251816,-10.));
#4957=CARTESIAN_POINT('Ctrl Pts',(-57.2092421572753,18.9007806251816,30.));
#4958=CARTESIAN_POINT('Ctrl Pts',(-57.2094789119547,18.9009345797386,-10.));
#4959=CARTESIAN_POINT('Ctrl Pts',(-57.2094789119547,18.9009345797386,30.));
#4960=CARTESIAN_POINT('Ctrl Pts',(-57.464196901629,19.0665629510462,-10.));
#4961=CARTESIAN_POINT('Ctrl Pts',(-57.464196901629,19.0665629510462,30.));
#4962=CARTESIAN_POINT('Ctrl Pts',(-57.7399869271397,19.2378718105029,-10.));
#4963=CARTESIAN_POINT('Ctrl Pts',(-57.7399869271397,19.2378718105029,30.));
#4964=CARTESIAN_POINT('Ctrl Pts',(-58.,19.3920663293903,-10.));
#4965=CARTESIAN_POINT('Ctrl Pts',(-58.,19.3920663293903,30.));
#4966=CARTESIAN_POINT('',(-57.2090054209075,18.9006266758493,10.));
#4967=CARTESIAN_POINT('Ctrl Pts',(-56.,18.0569165840537,-10.));
#4968=CARTESIAN_POINT('Ctrl Pts',(-56.,18.0569165840537,28.));
#4969=CARTESIAN_POINT('Ctrl Pts',(-56.0027189925989,18.0589494006707,-10.));
#4970=CARTESIAN_POINT('Ctrl Pts',(-56.0027189925989,18.0589494006707,28.));
#4971=CARTESIAN_POINT('Ctrl Pts',(-56.0054384443149,18.0609816031289,-10.));
#4972=CARTESIAN_POINT('Ctrl Pts',(-56.0054384443149,18.0609816031289,28.));
#4973=CARTESIAN_POINT('Ctrl Pts',(-56.0081583549348,18.063013191269,-10.));
#4974=CARTESIAN_POINT('Ctrl Pts',(-56.0081583549348,18.063013191269,28.));
#4975=CARTESIAN_POINT('Ctrl Pts',(-56.026158754925,18.0764582651137,-10.));
#4976=CARTESIAN_POINT('Ctrl Pts',(-56.026158754925,18.0764582651137,28.));
#4977=CARTESIAN_POINT('Ctrl Pts',(-56.072893761012,18.1114116063326,-10.));
#4978=CARTESIAN_POINT('Ctrl Pts',(-56.072893761012,18.1114116063326,28.));
#4979=CARTESIAN_POINT('Ctrl Pts',(-56.2413346014686,18.235243461655,-10.));
#4980=CARTESIAN_POINT('Ctrl Pts',(-56.2413346014686,18.235243461655,28.));
#4981=CARTESIAN_POINT('Ctrl Pts',(-56.3819765975849,18.3372623567165,-10.));
#4982=CARTESIAN_POINT('Ctrl Pts',(-56.3819765975849,18.3372623567165,28.));
#4983=CARTESIAN_POINT('Ctrl Pts',(-56.7217088978095,18.5760322702553,-10.));
#4984=CARTESIAN_POINT('Ctrl Pts',(-56.7217088978095,18.5760322702553,28.));
#4985=CARTESIAN_POINT('Ctrl Pts',(-56.954800279971,18.7353174245291,-10.));
#4986=CARTESIAN_POINT('Ctrl Pts',(-56.954800279971,18.7353174245291,28.));
#4987=CARTESIAN_POINT('Ctrl Pts',(-57.2090054209075,18.9006266758493,-10.));
#4988=CARTESIAN_POINT('Ctrl Pts',(-57.2090054209075,18.9006266758493,28.));
#4989=CARTESIAN_POINT('Origin',(-69.5,0.,10.));
#4990=CARTESIAN_POINT('',(-56.,-18.0569165840537,10.));
#4991=CARTESIAN_POINT('Ctrl Pts',(-58.,-19.3920663293903,-10.));
#4992=CARTESIAN_POINT('Ctrl Pts',(-58.,-19.3920663293903,30.));
#4993=CARTESIAN_POINT('Ctrl Pts',(-57.7399869271397,-19.2378718105029,-10.));
#4994=CARTESIAN_POINT('Ctrl Pts',(-57.7399869271397,-19.2378718105029,30.));
#4995=CARTESIAN_POINT('Ctrl Pts',(-57.464196901629,-19.0665629510462,-10.));
#4996=CARTESIAN_POINT('Ctrl Pts',(-57.464196901629,-19.0665629510462,30.));
#4997=CARTESIAN_POINT('Ctrl Pts',(-56.95523446822,-18.7356141279571,-10.));
#4998=CARTESIAN_POINT('Ctrl Pts',(-56.95523446822,-18.7356141279571,30.));
#4999=CARTESIAN_POINT('Ctrl Pts',(-56.721881742085,-18.5761537482916,-10.));
#5000=CARTESIAN_POINT('Ctrl Pts',(-56.721881742085,-18.5761537482916,30.));
#5001=CARTESIAN_POINT('Ctrl Pts',(-56.3819765975849,-18.3372623567165,-10.));
#5002=CARTESIAN_POINT('Ctrl Pts',(-56.3819765975849,-18.3372623567165,30.));
#5003=CARTESIAN_POINT('Ctrl Pts',(-56.2413346014686,-18.235243461655,-10.));
#5004=CARTESIAN_POINT('Ctrl Pts',(-56.2413346014686,-18.235243461655,30.));
#5005=CARTESIAN_POINT('Ctrl Pts',(-56.072893761012,-18.1114116063326,-10.));
#5006=CARTESIAN_POINT('Ctrl Pts',(-56.072893761012,-18.1114116063326,30.));
#5007=CARTESIAN_POINT('Ctrl Pts',(-56.026158754925,-18.0764582651138,-10.));
#5008=CARTESIAN_POINT('Ctrl Pts',(-56.026158754925,-18.0764582651138,30.));
#5009=CARTESIAN_POINT('Ctrl Pts',(-56.0081583549348,-18.063013191269,-10.));
#5010=CARTESIAN_POINT('Ctrl Pts',(-56.0081583549348,-18.063013191269,30.));
#5011=CARTESIAN_POINT('Ctrl Pts',(-56.0054384443151,-18.0609816031291,-10.));
#5012=CARTESIAN_POINT('Ctrl Pts',(-56.0054384443151,-18.0609816031291,30.));
#5013=CARTESIAN_POINT('Ctrl Pts',(-56.0027189925987,-18.0589494006706,-10.));
#5014=CARTESIAN_POINT('Ctrl Pts',(-56.0027189925987,-18.0589494006706,30.));
#5015=CARTESIAN_POINT('Ctrl Pts',(-56.,-18.0569165840537,-10.));
#5016=CARTESIAN_POINT('Ctrl Pts',(-56.,-18.0569165840537,30.));
#5017=CARTESIAN_POINT('',(-58.,-19.3920663293903,10.));
#5018=CARTESIAN_POINT('Origin',(-69.5,0.,10.));
#5019=CARTESIAN_POINT('',(-66.,-22.2722301650165,10.));
#5020=CARTESIAN_POINT('Ctrl Pts',(-68.,-22.4956048267983,-10.));
#5021=CARTESIAN_POINT('Ctrl Pts',(-68.,-22.4956048267983,30.));
#5022=CARTESIAN_POINT('Ctrl Pts',(-67.9965697016884,-22.4953760955636,-10.));
#5023=CARTESIAN_POINT('Ctrl Pts',(-67.9965697016884,-22.4953760955636,30.));
#5024=CARTESIAN_POINT('Ctrl Pts',(-67.9931394557466,-22.495146579716,-10.));
#5025=CARTESIAN_POINT('Ctrl Pts',(-67.9931394557466,-22.495146579716,30.));
#5026=CARTESIAN_POINT('Ctrl Pts',(-67.9897092624298,-22.4949162792726,-10.));
#5027=CARTESIAN_POINT('Ctrl Pts',(-67.9897092624298,-22.4949162792726,30.));
#5028=CARTESIAN_POINT('Ctrl Pts',(-67.9700820040211,-22.4935985207972,-10.));
#5029=CARTESIAN_POINT('Ctrl Pts',(-67.9700820040211,-22.4935985207972,30.));
#5030=CARTESIAN_POINT('Ctrl Pts',(-67.9228357232511,-22.4904517419582,-10.));
#5031=CARTESIAN_POINT('Ctrl Pts',(-67.9228357232511,-22.4904517419582,30.));
#5032=CARTESIAN_POINT('Ctrl Pts',(-67.7461421233759,-22.4774698461499,-10.));
#5033=CARTESIAN_POINT('Ctrl Pts',(-67.7461421233759,-22.4774698461499,30.));
#5034=CARTESIAN_POINT('Ctrl Pts',(-67.5925589711105,-22.4654283183299,-10.));
#5035=CARTESIAN_POINT('Ctrl Pts',(-67.5925589711105,-22.4654283183299,30.));
#5036=CARTESIAN_POINT('Ctrl Pts',(-67.2372296242976,-22.4324367231003,-10.));
#5037=CARTESIAN_POINT('Ctrl Pts',(-67.2372296242976,-22.4324367231003,30.));
#5038=CARTESIAN_POINT('Ctrl Pts',(-67.0113493646872,-22.4091649987046,-10.));
#5039=CARTESIAN_POINT('Ctrl Pts',(-67.0113493646872,-22.4091649987046,30.));
#5040=CARTESIAN_POINT('Ctrl Pts',(-66.5177449390233,-22.3488302307089,-10.));
#5041=CARTESIAN_POINT('Ctrl Pts',(-66.5177449390233,-22.3488302307089,30.));
#5042=CARTESIAN_POINT('Ctrl Pts',(-66.2500654612472,-22.3115270431415,-10.));
#5043=CARTESIAN_POINT('Ctrl Pts',(-66.2500654612472,-22.3115270431415,30.));
#5044=CARTESIAN_POINT('Ctrl Pts',(-66.,-22.2722301650165,-10.));
#5045=CARTESIAN_POINT('Ctrl Pts',(-66.,-22.2722301650165,30.));
#5046=CARTESIAN_POINT('',(-68.,-22.4956048267983,10.));
#5047=CARTESIAN_POINT('Origin',(-69.5,0.,10.));
#5048=CARTESIAN_POINT('Origin',(-77.,8.,10.));
#5049=CARTESIAN_POINT('',(-76.,8.,10.));
#5050=CARTESIAN_POINT('Origin',(-77.,-8.,10.));
#5051=CARTESIAN_POINT('',(-76.,-8.,10.));
#5052=UNCERTAINTY_MEASURE_WITH_UNIT(LENGTH_MEASURE(0.01),#5056,
'DISTANCE_ACCURACY_VALUE',
'Maximum model space distance between geometric entities at asserted c
onnectivities');
#5053=UNCERTAINTY_MEASURE_WITH_UNIT(LENGTH_MEASURE(0.01),#5056,
'DISTANCE_ACCURACY_VALUE',
'Maximum model space distance between geometric entities at asserted c
onnectivities');
#5054=(
GEOMETRIC_REPRESENTATION_CONTEXT(3)
GLOBAL_UNCERTAINTY_ASSIGNED_CONTEXT((#5052))
GLOBAL_UNIT_ASSIGNED_CONTEXT((#5056,#5058,#5059))
REPRESENTATION_CONTEXT('','3D')
);
#5055=(
GEOMETRIC_REPRESENTATION_CONTEXT(3)
GLOBAL_UNCERTAINTY_ASSIGNED_CONTEXT((#5053))
GLOBAL_UNIT_ASSIGNED_CONTEXT((#5056,#5058,#5059))
REPRESENTATION_CONTEXT('','3D')
);
#5056=(
LENGTH_UNIT()
NAMED_UNIT(*)
SI_UNIT(.MILLI.,.METRE.)
);
#5057=(
LENGTH_UNIT()
NAMED_UNIT(*)
SI_UNIT($,.METRE.)
);
#5058=(
NAMED_UNIT(*)
PLANE_ANGLE_UNIT()
SI_UNIT($,.RADIAN.)
);
#5059=(
NAMED_UNIT(*)
SI_UNIT($,.STERADIAN.)
SOLID_ANGLE_UNIT()
);
#5060=SHAPE_DEFINITION_REPRESENTATION(#5061,#5062);
#5061=PRODUCT_DEFINITION_SHAPE('',$,#5064);
#5062=SHAPE_REPRESENTATION('',(#2763),#5054);
#5063=PRODUCT_DEFINITION_CONTEXT('part definition',#5068,'design');
#5064=PRODUCT_DEFINITION('base','base',#5065,#5063);
#5065=PRODUCT_DEFINITION_FORMATION('',$,#5070);
#5066=PRODUCT_RELATED_PRODUCT_CATEGORY('base','base',(#5070));
#5067=APPLICATION_PROTOCOL_DEFINITION('international standard',
'automotive_design',2009,#5068);
#5068=APPLICATION_CONTEXT(
'Core Data for Automotive Mechanical Design Process');
#5069=PRODUCT_CONTEXT('part definition',#5068,'mechanical');
#5070=PRODUCT('base','base',$,(#5069));
#5071=PRESENTATION_STYLE_ASSIGNMENT((#5072));
#5072=SURFACE_STYLE_USAGE(.BOTH.,#5073);
#5073=SURFACE_SIDE_STYLE('',(#5074));
#5074=SURFACE_STYLE_FILL_AREA(#5075);
#5075=FILL_AREA_STYLE('Steel - Satin',(#5076));
#5076=FILL_AREA_STYLE_COLOUR('Steel - Satin',#5077);
#5077=COLOUR_RGB('Steel - Satin',0.627450980392157,0.627450980392157,0.627450980392157);
ENDSEC;
END-ISO-10303-21;
