ISO-10303-21;
HEADER;
/* Generated by software containing ST-Developer
 * from STEP Tools, Inc. (www.steptools.com) 
 */

FILE_DESCRIPTION(
/* description */ (''),
/* implementation_level */ '2;1');

FILE_NAME(
/* name */ 'Base_addon2.step',
/* time_stamp */ '2025-11-07T15:07:15+08:00',
/* author */ (''),
/* organization */ (''),
/* preprocessor_version */ 'ST-DEVELOPER v20.1',
/* originating_system */ 'Autodesk Translation Framework v14.17.0.0',
/* authorisation */ '');

FILE_SCHEMA (('AUTOMOTIVE_DESIGN { 1 0 10303 214 3 1 1 }'));
ENDSEC;

DATA;
#10=MECHANICAL_DESIGN_GEOMETRIC_PRESENTATION_REPRESENTATION('',(#13),#1984);
#11=SHAPE_REPRESENTATION_RELATIONSHIP('SRR','None',#1991,#12);
#12=ADVANCED_BREP_SHAPE_REPRESENTATION('',(#14),#1983);
#13=STYLED_ITEM('',(#2000),#14);
#14=MANIFOLD_SOLID_BREP('Body1',#1056);
#15=TOROIDAL_SURFACE('',#1161,3.49999999999824,1.);
#16=TOROIDAL_SURFACE('',#1164,24.0000000000008,1.);
#17=TOROIDAL_SURFACE('',#1166,24.0000000000008,1.);
#18=TOROIDAL_SURFACE('',#1169,3.49999999999824,1.);
#19=(
BOUNDED_SURFACE()
B_SPLINE_SURFACE(2,2,((#1897,#1898,#1899,#1900,#1901),(#1902,#1903,#1904,
#1905,#1906),(#1907,#1908,#1909,#1910,#1911)),.UNSPECIFIED.,.F.,.F.,.F.)
B_SPLINE_SURFACE_WITH_KNOTS((3,3),(3,2,3),(0.,1.5707963267949),(-1.57079632679491,
-0.304692654015415,0.961411018764099),.UNSPECIFIED.)
GEOMETRIC_REPRESENTATION_ITEM()
RATIONAL_B_SPLINE_SURFACE(((1.,0.806225774829853,1.,0.806225774829853,1.),
(0.707106781186536,0.570087712549558,0.707106781186536,0.570087712549558,
0.707106781186536),(1.,0.806225774829853,1.,0.806225774829853,1.)))
REPRESENTATION_ITEM('')
SURFACE()
);
#20=(
BOUNDED_SURFACE()
B_SPLINE_SURFACE(2,2,((#1917,#1918,#1919,#1920,#1921),(#1922,#1923,#1924,
#1925,#1926),(#1927,#1928,#1929,#1930,#1931)),.UNSPECIFIED.,.F.,.F.,.F.)
B_SPLINE_SURFACE_WITH_KNOTS((3,3),(3,2,3),(-8.88178419700133E-15,1.5707963267949),
(-1.2661036727795,2.22044604925031E-16,1.26610367277951),.UNSPECIFIED.)
GEOMETRIC_REPRESENTATION_ITEM()
RATIONAL_B_SPLINE_SURFACE(((1.,0.806225774829853,1.,0.806225774829853,1.),
(0.707106781186538,0.57008771254956,0.707106781186538,0.57008771254956,
0.707106781186538),(1.,0.806225774829853,1.,0.806225774829853,1.)))
REPRESENTATION_ITEM('')
SURFACE()
);
#21=SPHERICAL_SURFACE('',#1101,1.);
#22=SPHERICAL_SURFACE('',#1115,1.);
#23=FACE_BOUND('',#169,.T.);
#24=FACE_BOUND('',#174,.T.);
#25=FACE_BOUND('',#221,.T.);
#26=FACE_BOUND('',#222,.T.);
#27=CIRCLE('',#1072,27.3774429034455);
#28=CIRCLE('',#1073,16.3137214517227);
#29=CIRCLE('',#1076,16.3137214517227);
#30=CIRCLE('',#1077,27.3774429034455);
#31=CIRCLE('',#1079,5.);
#32=CIRCLE('',#1080,5.);
#33=CIRCLE('',#1083,5.);
#34=CIRCLE('',#1084,1.5);
#35=CIRCLE('',#1086,5.);
#36=CIRCLE('',#1088,2.);
#37=CIRCLE('',#1089,5.);
#38=CIRCLE('',#1090,5.);
#39=CIRCLE('',#1091,5.);
#40=CIRCLE('',#1093,5.);
#41=CIRCLE('',#1094,5.);
#42=CIRCLE('',#1096,5.);
#43=CIRCLE('',#1097,1.5);
#44=CIRCLE('',#1100,5.);
#45=CIRCLE('',#1102,0.999999999999996);
#46=CIRCLE('',#1103,0.999999999999998);
#47=CIRCLE('',#1104,0.999999999999998);
#48=CIRCLE('',#1107,27.3774429034455);
#49=CIRCLE('',#1108,16.3137214517227);
#50=CIRCLE('',#1109,5.);
#51=CIRCLE('',#1111,27.3774429034455);
#52=CIRCLE('',#1114,0.999999999999996);
#53=CIRCLE('',#1116,0.999999999999998);
#54=CIRCLE('',#1117,0.999999999999998);
#55=CIRCLE('',#1119,24.0000000000008);
#56=CIRCLE('',#1120,3.49999999999824);
#57=CIRCLE('',#1123,2.);
#58=CIRCLE('',#1125,5.);
#59=CIRCLE('',#1127,5.);
#60=CIRCLE('',#1129,16.3137214517227);
#61=CIRCLE('',#1131,5.);
#62=CIRCLE('',#1135,6.);
#63=CIRCLE('',#1136,6.);
#64=CIRCLE('',#1138,24.0000000000008);
#65=CIRCLE('',#1139,1.00000000000001);
#66=CIRCLE('',#1144,0.999999999999999);
#67=CIRCLE('',#1145,24.0000000000008);
#68=CIRCLE('',#1147,3.49999999999824);
#69=CIRCLE('',#1148,24.0000000000008);
#70=CIRCLE('',#1151,1.);
#71=CIRCLE('',#1152,2.);
#72=CIRCLE('',#1153,0.999999999999996);
#73=CIRCLE('',#1154,0.999999999999992);
#74=CIRCLE('',#1155,2.);
#75=CIRCLE('',#1156,1.);
#76=CIRCLE('',#1160,0.999999999999996);
#77=CIRCLE('',#1162,0.999999999999998);
#78=CIRCLE('',#1163,4.49999999999824);
#79=CIRCLE('',#1165,23.0000000000008);
#80=CIRCLE('',#1167,23.0000000000008);
#81=CIRCLE('',#1168,1.);
#82=CIRCLE('',#1170,1.00000000000001);
#83=CIRCLE('',#1171,4.49999999999824);
#84=CIRCLE('',#1179,1.5);
#85=CIRCLE('',#1181,1.5);
#86=PLANE('',#1071);
#87=PLANE('',#1075);
#88=PLANE('',#1081);
#89=PLANE('',#1082);
#90=PLANE('',#1087);
#91=PLANE('',#1095);
#92=PLANE('',#1098);
#93=PLANE('',#1106);
#94=PLANE('',#1118);
#95=PLANE('',#1128);
#96=PLANE('',#1137);
#97=PLANE('',#1140);
#98=PLANE('',#1143);
#99=PLANE('',#1146);
#100=PLANE('',#1149);
#101=PLANE('',#1176);
#102=PLANE('',#1177);
#103=PLANE('',#1182);
#104=PLANE('',#1183);
#105=FACE_OUTER_BOUND('',#162,.T.);
#106=FACE_OUTER_BOUND('',#163,.T.);
#107=FACE_OUTER_BOUND('',#164,.T.);
#108=FACE_OUTER_BOUND('',#165,.T.);
#109=FACE_OUTER_BOUND('',#166,.T.);
#110=FACE_OUTER_BOUND('',#167,.T.);
#111=FACE_OUTER_BOUND('',#168,.T.);
#112=FACE_OUTER_BOUND('',#170,.T.);
#113=FACE_OUTER_BOUND('',#171,.T.);
#114=FACE_OUTER_BOUND('',#172,.T.);
#115=FACE_OUTER_BOUND('',#173,.T.);
#116=FACE_OUTER_BOUND('',#175,.T.);
#117=FACE_OUTER_BOUND('',#176,.T.);
#118=FACE_OUTER_BOUND('',#177,.T.);
#119=FACE_OUTER_BOUND('',#178,.T.);
#120=FACE_OUTER_BOUND('',#179,.T.);
#121=FACE_OUTER_BOUND('',#180,.T.);
#122=FACE_OUTER_BOUND('',#181,.T.);
#123=FACE_OUTER_BOUND('',#182,.T.);
#124=FACE_OUTER_BOUND('',#183,.T.);
#125=FACE_OUTER_BOUND('',#184,.T.);
#126=FACE_OUTER_BOUND('',#185,.T.);
#127=FACE_OUTER_BOUND('',#186,.T.);
#128=FACE_OUTER_BOUND('',#187,.T.);
#129=FACE_OUTER_BOUND('',#188,.T.);
#130=FACE_OUTER_BOUND('',#189,.T.);
#131=FACE_OUTER_BOUND('',#190,.T.);
#132=FACE_OUTER_BOUND('',#191,.T.);
#133=FACE_OUTER_BOUND('',#192,.T.);
#134=FACE_OUTER_BOUND('',#193,.T.);
#135=FACE_OUTER_BOUND('',#194,.T.);
#136=FACE_OUTER_BOUND('',#195,.T.);
#137=FACE_OUTER_BOUND('',#196,.T.);
#138=FACE_OUTER_BOUND('',#197,.T.);
#139=FACE_OUTER_BOUND('',#198,.T.);
#140=FACE_OUTER_BOUND('',#199,.T.);
#141=FACE_OUTER_BOUND('',#200,.T.);
#142=FACE_OUTER_BOUND('',#201,.T.);
#143=FACE_OUTER_BOUND('',#202,.T.);
#144=FACE_OUTER_BOUND('',#203,.T.);
#145=FACE_OUTER_BOUND('',#204,.T.);
#146=FACE_OUTER_BOUND('',#205,.T.);
#147=FACE_OUTER_BOUND('',#206,.T.);
#148=FACE_OUTER_BOUND('',#207,.T.);
#149=FACE_OUTER_BOUND('',#208,.T.);
#150=FACE_OUTER_BOUND('',#209,.T.);
#151=FACE_OUTER_BOUND('',#210,.T.);
#152=FACE_OUTER_BOUND('',#211,.T.);
#153=FACE_OUTER_BOUND('',#212,.T.);
#154=FACE_OUTER_BOUND('',#213,.T.);
#155=FACE_OUTER_BOUND('',#214,.T.);
#156=FACE_OUTER_BOUND('',#215,.T.);
#157=FACE_OUTER_BOUND('',#216,.T.);
#158=FACE_OUTER_BOUND('',#217,.T.);
#159=FACE_OUTER_BOUND('',#218,.T.);
#160=FACE_OUTER_BOUND('',#219,.T.);
#161=FACE_OUTER_BOUND('',#220,.T.);
#162=EDGE_LOOP('',(#655,#656,#657,#658,#659,#660));
#163=EDGE_LOOP('',(#661,#662,#663,#664,#665,#666));
#164=EDGE_LOOP('',(#667,#668,#669,#670,#671,#672));
#165=EDGE_LOOP('',(#673,#674,#675,#676,#677,#678));
#166=EDGE_LOOP('',(#679,#680,#681,#682));
#167=EDGE_LOOP('',(#683,#684,#685,#686));
#168=EDGE_LOOP('',(#687,#688,#689,#690,#691,#692));
#169=EDGE_LOOP('',(#693));
#170=EDGE_LOOP('',(#694,#695,#696,#697));
#171=EDGE_LOOP('',(#698,#699,#700,#701,#702,#703,#704,#705,#706,#707,#708,
#709,#710,#711,#712,#713));
#172=EDGE_LOOP('',(#714,#715,#716,#717));
#173=EDGE_LOOP('',(#718,#719,#720,#721,#722,#723));
#174=EDGE_LOOP('',(#724));
#175=EDGE_LOOP('',(#725,#726,#727,#728));
#176=EDGE_LOOP('',(#729,#730,#731,#732));
#177=EDGE_LOOP('',(#733,#734,#735));
#178=EDGE_LOOP('',(#736,#737,#738,#739,#740));
#179=EDGE_LOOP('',(#741,#742,#743,#744,#745,#746,#747,#748,#749));
#180=EDGE_LOOP('',(#750,#751,#752,#753,#754,#755));
#181=EDGE_LOOP('',(#756,#757,#758,#759,#760,#761,#762,#763,#764,#765,#766));
#182=EDGE_LOOP('',(#767,#768,#769,#770));
#183=EDGE_LOOP('',(#771,#772,#773));
#184=EDGE_LOOP('',(#774,#775,#776,#777,#778));
#185=EDGE_LOOP('',(#779,#780,#781,#782,#783,#784,#785,#786,#787,#788,#789,
#790));
#186=EDGE_LOOP('',(#791,#792,#793,#794));
#187=EDGE_LOOP('',(#795,#796,#797,#798));
#188=EDGE_LOOP('',(#799,#800,#801,#802));
#189=EDGE_LOOP('',(#803,#804,#805,#806,#807,#808));
#190=EDGE_LOOP('',(#809,#810,#811,#812));
#191=EDGE_LOOP('',(#813,#814,#815,#816,#817,#818));
#192=EDGE_LOOP('',(#819,#820,#821,#822,#823,#824));
#193=EDGE_LOOP('',(#825,#826,#827,#828,#829,#830,#831,#832));
#194=EDGE_LOOP('',(#833,#834,#835,#836,#837));
#195=EDGE_LOOP('',(#838,#839,#840,#841));
#196=EDGE_LOOP('',(#842,#843,#844,#845,#846));
#197=EDGE_LOOP('',(#847,#848,#849,#850,#851,#852));
#198=EDGE_LOOP('',(#853,#854,#855,#856,#857));
#199=EDGE_LOOP('',(#858,#859,#860,#861,#862));
#200=EDGE_LOOP('',(#863,#864,#865,#866));
#201=EDGE_LOOP('',(#867,#868,#869,#870));
#202=EDGE_LOOP('',(#871,#872,#873,#874));
#203=EDGE_LOOP('',(#875,#876,#877,#878));
#204=EDGE_LOOP('',(#879,#880,#881,#882));
#205=EDGE_LOOP('',(#883,#884,#885,#886));
#206=EDGE_LOOP('',(#887,#888,#889,#890));
#207=EDGE_LOOP('',(#891,#892,#893,#894));
#208=EDGE_LOOP('',(#895,#896,#897,#898,#899,#900));
#209=EDGE_LOOP('',(#901,#902,#903,#904,#905,#906));
#210=EDGE_LOOP('',(#907,#908,#909,#910));
#211=EDGE_LOOP('',(#911,#912,#913,#914));
#212=EDGE_LOOP('',(#915,#916,#917,#918));
#213=EDGE_LOOP('',(#919,#920,#921,#922));
#214=EDGE_LOOP('',(#923,#924,#925,#926));
#215=EDGE_LOOP('',(#927,#928,#929,#930));
#216=EDGE_LOOP('',(#931,#932,#933,#934));
#217=EDGE_LOOP('',(#935,#936,#937,#938));
#218=EDGE_LOOP('',(#939,#940,#941,#942));
#219=EDGE_LOOP('',(#943,#944,#945,#946,#947,#948,#949,#950,#951,#952,#953,
#954,#955,#956,#957,#958));
#220=EDGE_LOOP('',(#959,#960,#961,#962,#963,#964,#965,#966));
#221=EDGE_LOOP('',(#967));
#222=EDGE_LOOP('',(#968));
#223=LINE('',#1506,#300);
#224=LINE('',#1524,#301);
#225=LINE('',#1535,#302);
#226=LINE('',#1537,#303);
#227=LINE('',#1539,#304);
#228=LINE('',#1551,#305);
#229=LINE('',#1571,#306);
#230=LINE('',#1584,#307);
#231=LINE('',#1586,#308);
#232=LINE('',#1588,#309);
#233=LINE('',#1595,#310);
#234=LINE('',#1598,#311);
#235=LINE('',#1601,#312);
#236=LINE('',#1603,#313);
#237=LINE('',#1604,#314);
#238=LINE('',#1607,#315);
#239=LINE('',#1609,#316);
#240=LINE('',#1611,#317);
#241=LINE('',#1617,#318);
#242=LINE('',#1621,#319);
#243=LINE('',#1625,#320);
#244=LINE('',#1629,#321);
#245=LINE('',#1631,#322);
#246=LINE('',#1633,#323);
#247=LINE('',#1637,#324);
#248=LINE('',#1639,#325);
#249=LINE('',#1640,#326);
#250=LINE('',#1646,#327);
#251=LINE('',#1649,#328);
#252=LINE('',#1652,#329);
#253=LINE('',#1655,#330);
#254=LINE('',#1656,#331);
#255=LINE('',#1661,#332);
#256=LINE('',#1662,#333);
#257=LINE('',#1681,#334);
#258=LINE('',#1683,#335);
#259=LINE('',#1694,#336);
#260=LINE('',#1695,#337);
#261=LINE('',#1701,#338);
#262=LINE('',#1702,#339);
#263=LINE('',#1705,#340);
#264=LINE('',#1717,#341);
#265=LINE('',#1720,#342);
#266=LINE('',#1737,#343);
#267=LINE('',#1744,#344);
#268=LINE('',#1746,#345);
#269=LINE('',#1762,#346);
#270=LINE('',#1770,#347);
#271=LINE('',#1775,#348);
#272=LINE('',#1778,#349);
#273=LINE('',#1790,#350);
#274=LINE('',#1791,#351);
#275=LINE('',#1800,#352);
#276=LINE('',#1827,#353);
#277=LINE('',#1828,#354);
#278=LINE('',#1830,#355);
#279=LINE('',#1832,#356);
#280=LINE('',#1837,#357);
#281=LINE('',#1839,#358);
#282=LINE('',#1847,#359);
#283=LINE('',#1861,#360);
#284=LINE('',#1877,#361);
#285=LINE('',#1883,#362);
#286=LINE('',#1889,#363);
#287=LINE('',#1894,#364);
#288=LINE('',#1896,#365);
#289=LINE('',#1938,#366);
#290=LINE('',#1939,#367);
#291=LINE('',#1941,#368);
#292=LINE('',#1944,#369);
#293=LINE('',#1961,#370);
#294=LINE('',#1963,#371);
#295=LINE('',#1965,#372);
#296=LINE('',#1966,#373);
#297=LINE('',#1972,#374);
#298=LINE('',#1976,#375);
#299=LINE('',#1979,#376);
#300=VECTOR('',#1188,10.);
#301=VECTOR('',#1189,10.);
#302=VECTOR('',#1194,10.);
#303=VECTOR('',#1195,10.);
#304=VECTOR('',#1196,10.);
#305=VECTOR('',#1201,10.);
#306=VECTOR('',#1202,10.);
#307=VECTOR('',#1207,10.);
#308=VECTOR('',#1208,10.);
#309=VECTOR('',#1209,10.);
#310=VECTOR('',#1216,10.);
#311=VECTOR('',#1219,10.);
#312=VECTOR('',#1222,10.);
#313=VECTOR('',#1223,10.);
#314=VECTOR('',#1224,10.);
#315=VECTOR('',#1227,10.);
#316=VECTOR('',#1228,10.);
#317=VECTOR('',#1229,10.);
#318=VECTOR('',#1236,10.);
#319=VECTOR('',#1243,10.);
#320=VECTOR('',#1246,10.);
#321=VECTOR('',#1249,10.);
#322=VECTOR('',#1250,10.);
#323=VECTOR('',#1251,10.);
#324=VECTOR('',#1254,10.);
#325=VECTOR('',#1255,10.);
#326=VECTOR('',#1256,10.);
#327=VECTOR('',#1261,10.);
#328=VECTOR('',#1264,10.);
#329=VECTOR('',#1267,10.);
#330=VECTOR('',#1270,10.);
#331=VECTOR('',#1271,10.);
#332=VECTOR('',#1276,10.);
#333=VECTOR('',#1277,10.);
#334=VECTOR('',#1292,10.);
#335=VECTOR('',#1293,10.);
#336=VECTOR('',#1298,10.);
#337=VECTOR('',#1299,10.);
#338=VECTOR('',#1304,10.);
#339=VECTOR('',#1305,10.);
#340=VECTOR('',#1308,10.);
#341=VECTOR('',#1311,10.);
#342=VECTOR('',#1314,10.);
#343=VECTOR('',#1315,10.);
#344=VECTOR('',#1316,10.);
#345=VECTOR('',#1317,10.);
#346=VECTOR('',#1320,10.);
#347=VECTOR('',#1331,10.);
#348=VECTOR('',#1336,10.);
#349=VECTOR('',#1339,10.);
#350=VECTOR('',#1340,10.);
#351=VECTOR('',#1341,10.);
#352=VECTOR('',#1342,10.);
#353=VECTOR('',#1355,10.);
#354=VECTOR('',#1356,10.);
#355=VECTOR('',#1359,10.);
#356=VECTOR('',#1360,10.);
#357=VECTOR('',#1367,10.);
#358=VECTOR('',#1370,10.);
#359=VECTOR('',#1373,10.);
#360=VECTOR('',#1378,10.);
#361=VECTOR('',#1387,10.);
#362=VECTOR('',#1396,10.);
#363=VECTOR('',#1403,10.);
#364=VECTOR('',#1410,10.);
#365=VECTOR('',#1413,10.);
#366=VECTOR('',#1428,10.);
#367=VECTOR('',#1429,10.);
#368=VECTOR('',#1432,10.);
#369=VECTOR('',#1435,10.);
#370=VECTOR('',#1462,10.);
#371=VECTOR('',#1465,10.);
#372=VECTOR('',#1468,10.);
#373=VECTOR('',#1469,10.);
#374=VECTOR('',#1478,1.5);
#375=VECTOR('',#1483,1.5);
#376=VECTOR('',#1488,10.);
#377=B_SPLINE_CURVE_WITH_KNOTS('',3,(#1495,#1496,#1497,#1498,#1499,#1500,
#1501,#1502,#1503,#1504),.UNSPECIFIED.,.F.,.F.,(4,2,2,2,4),(1.86311029756416,
1.89937522864698,1.97289205277503,2.10302144283878,2.23315083290253),
 .UNSPECIFIED.);
#378=B_SPLINE_CURVE_WITH_KNOTS('',3,(#1508,#1509,#1510,#1511,#1512,#1513),
 .UNSPECIFIED.,.F.,.F.,(4,2,4),(0.889903179147043,1.04930805574981,1.20271559140845),
 .UNSPECIFIED.);
#379=B_SPLINE_CURVE_WITH_KNOTS('',3,(#1515,#1516,#1517,#1518,#1519,#1520,
#1521,#1522),.UNSPECIFIED.,.F.,.F.,(4,2,2,4),(0.315751451622386,0.378348805914654,
0.582433207402458,0.786517608890262),.UNSPECIFIED.);
#380=B_SPLINE_CURVE_WITH_KNOTS('',3,(#1525,#1526,#1527,#1528,#1529,#1530),
 .UNSPECIFIED.,.F.,.F.,(4,2,4),(2.46921179373129,2.71818761276509,2.96083857399239),
 .UNSPECIFIED.);
#381=B_SPLINE_CURVE_WITH_KNOTS('',3,(#1544,#1545,#1546,#1547,#1548,#1549),
 .UNSPECIFIED.,.F.,.F.,(4,2,4),(2.35689712517969,2.5103046608383,2.66970953744106),
 .UNSPECIFIED.);
#382=B_SPLINE_CURVE_WITH_KNOTS('',3,(#1553,#1554,#1555,#1556,#1557,#1558,
#1559,#1560,#1561,#1562),.UNSPECIFIED.,.F.,.F.,(4,2,2,2,4),(0.744383610967484,
0.874513001031228,1.00464239109497,1.07815921522302,1.11442414630582),
 .UNSPECIFIED.);
#383=B_SPLINE_CURVE_WITH_KNOTS('',3,(#1564,#1565,#1566,#1567,#1568,#1569),
 .UNSPECIFIED.,.F.,.F.,(4,2,4),(2.08256106181627,2.3252120230436,2.5741878420774),
 .UNSPECIFIED.);
#384=B_SPLINE_CURVE_WITH_KNOTS('',3,(#1572,#1573,#1574,#1575,#1576,#1577,
#1578,#1579),.UNSPECIFIED.,.F.,.F.,(4,2,2,4),(0.76444236612696,0.968526767614763,
1.17261116910257,1.23520852339487),.UNSPECIFIED.);
#385=B_SPLINE_CURVE_WITH_KNOTS('',3,(#1675,#1676,#1677,#1678,#1679,#1680),
 .UNSPECIFIED.,.F.,.F.,(4,2,4),(-0.38788776888614,-0.376123402664496,-0.287240723196411),
 .UNSPECIFIED.);
#386=B_SPLINE_CURVE_WITH_KNOTS('',3,(#1684,#1685,#1686,#1687,#1688,#1689),
 .UNSPECIFIED.,.F.,.F.,(4,2,4),(0.,0.163509696876305,0.240159993121109),
 .UNSPECIFIED.);
#387=B_SPLINE_CURVE_WITH_KNOTS('',3,(#1707,#1708,#1709,#1710,#1711,#1712,
#1713,#1714),.UNSPECIFIED.,.F.,.F.,(4,2,2,4),(0.76444236612696,0.968526767614765,
1.17261116910257,1.23520852339482),.UNSPECIFIED.);
#388=B_SPLINE_CURVE_WITH_KNOTS('',3,(#1722,#1723,#1724,#1725,#1726,#1727,
#1728,#1729,#1730,#1731,#1732,#1733,#1734,#1735),.UNSPECIFIED.,.F.,.F.,
(4,2,2,2,2,2,4),(-0.684093120043108,-0.678339010977331,-0.598600662045169,
-0.33916950548868,-0.0797383489321897,0.,0.0057541090657333),
 .UNSPECIFIED.);
#389=B_SPLINE_CURVE_WITH_KNOTS('',3,(#1738,#1739,#1740,#1741,#1742,#1743),
 .UNSPECIFIED.,.F.,.F.,(4,2,4),(2.04031718035009,2.1544008219202,2.42336252891661),
 .UNSPECIFIED.);
#390=B_SPLINE_CURVE_WITH_KNOTS('',3,(#1747,#1748,#1749,#1750,#1751,#1752),
 .UNSPECIFIED.,.F.,.F.,(4,2,4),(2.35689712517974,2.51030466083839,2.66970953744116),
 .UNSPECIFIED.);
#391=B_SPLINE_CURVE_WITH_KNOTS('',3,(#1755,#1756,#1757,#1758,#1759,#1760),
 .UNSPECIFIED.,.F.,.F.,(4,2,4),(0.698393457753477,0.843210537228902,1.01836100332596),
 .UNSPECIFIED.);
#392=B_SPLINE_CURVE_WITH_KNOTS('',3,(#1780,#1781,#1782,#1783,#1784,#1785,
#1786,#1787,#1788,#1789),.UNSPECIFIED.,.F.,.F.,(4,2,2,2,4),(0.744383610967521,
0.874513001031272,1.00464239109502,1.07815921522308,1.1144241463059),
 .UNSPECIFIED.);
#393=B_SPLINE_CURVE_WITH_KNOTS('',3,(#1793,#1794,#1795,#1796,#1797,#1798),
 .UNSPECIFIED.,.F.,.F.,(4,2,4),(2.67854888835425,2.96572830895753,3.22817760947772),
 .UNSPECIFIED.);
#394=B_SPLINE_CURVE_WITH_KNOTS('',3,(#1801,#1802,#1803,#1804,#1805,#1806,
#1807,#1808,#1809,#1810,#1811,#1812,#1813,#1814,#1815,#1816,#1817,#1818),
 .UNSPECIFIED.,.F.,.F.,(4,2,2,2,2,2,2,2,4),(-1.62017954752898,-1.61672336857807,
-1.4384543758736,-1.0584048918816,-0.808361684289051,-0.558318476696505,
-0.178268992704514,0.,0.00345617895087908),.UNSPECIFIED.);
#395=B_SPLINE_CURVE_WITH_KNOTS('',3,(#1840,#1841,#1842,#1843,#1844,#1845),
 .UNSPECIFIED.,.F.,.F.,(4,2,4),(2.08426010172855,2.32691106295583,2.57588688198964),
 .UNSPECIFIED.);
#396=B_SPLINE_CURVE_WITH_KNOTS('',3,(#1852,#1853,#1854,#1855,#1856,#1857,
#1858,#1859),.UNSPECIFIED.,.F.,.F.,(4,2,2,4),(0.,0.140161755952111,0.28924349679176,
0.289956149717077),.UNSPECIFIED.);
#397=B_SPLINE_CURVE_WITH_KNOTS('',3,(#1863,#1864,#1865,#1866,#1867,#1868,
#1869,#1870),.UNSPECIFIED.,.F.,.F.,(4,2,2,4),(-0.0010279414511752,0.,0.215037777266141,
0.417209232253953),.UNSPECIFIED.);
#398=VERTEX_POINT('',#1493);
#399=VERTEX_POINT('',#1494);
#400=VERTEX_POINT('',#1505);
#401=VERTEX_POINT('',#1507);
#402=VERTEX_POINT('',#1514);
#403=VERTEX_POINT('',#1523);
#404=VERTEX_POINT('',#1532);
#405=VERTEX_POINT('',#1534);
#406=VERTEX_POINT('',#1536);
#407=VERTEX_POINT('',#1538);
#408=VERTEX_POINT('',#1542);
#409=VERTEX_POINT('',#1543);
#410=VERTEX_POINT('',#1550);
#411=VERTEX_POINT('',#1552);
#412=VERTEX_POINT('',#1563);
#413=VERTEX_POINT('',#1570);
#414=VERTEX_POINT('',#1581);
#415=VERTEX_POINT('',#1583);
#416=VERTEX_POINT('',#1585);
#417=VERTEX_POINT('',#1587);
#418=VERTEX_POINT('',#1591);
#419=VERTEX_POINT('',#1592);
#420=VERTEX_POINT('',#1594);
#421=VERTEX_POINT('',#1596);
#422=VERTEX_POINT('',#1600);
#423=VERTEX_POINT('',#1602);
#424=VERTEX_POINT('',#1606);
#425=VERTEX_POINT('',#1608);
#426=VERTEX_POINT('',#1610);
#427=VERTEX_POINT('',#1613);
#428=VERTEX_POINT('',#1616);
#429=VERTEX_POINT('',#1622);
#430=VERTEX_POINT('',#1624);
#431=VERTEX_POINT('',#1626);
#432=VERTEX_POINT('',#1628);
#433=VERTEX_POINT('',#1630);
#434=VERTEX_POINT('',#1632);
#435=VERTEX_POINT('',#1634);
#436=VERTEX_POINT('',#1636);
#437=VERTEX_POINT('',#1638);
#438=VERTEX_POINT('',#1642);
#439=VERTEX_POINT('',#1643);
#440=VERTEX_POINT('',#1645);
#441=VERTEX_POINT('',#1647);
#442=VERTEX_POINT('',#1651);
#443=VERTEX_POINT('',#1654);
#444=VERTEX_POINT('',#1657);
#445=VERTEX_POINT('',#1660);
#446=VERTEX_POINT('',#1666);
#447=VERTEX_POINT('',#1667);
#448=VERTEX_POINT('',#1669);
#449=VERTEX_POINT('',#1673);
#450=VERTEX_POINT('',#1674);
#451=VERTEX_POINT('',#1682);
#452=VERTEX_POINT('',#1691);
#453=VERTEX_POINT('',#1693);
#454=VERTEX_POINT('',#1696);
#455=VERTEX_POINT('',#1698);
#456=VERTEX_POINT('',#1700);
#457=VERTEX_POINT('',#1704);
#458=VERTEX_POINT('',#1706);
#459=VERTEX_POINT('',#1715);
#460=VERTEX_POINT('',#1719);
#461=VERTEX_POINT('',#1721);
#462=VERTEX_POINT('',#1736);
#463=VERTEX_POINT('',#1745);
#464=VERTEX_POINT('',#1754);
#465=VERTEX_POINT('',#1761);
#466=VERTEX_POINT('',#1765);
#467=VERTEX_POINT('',#1769);
#468=VERTEX_POINT('',#1771);
#469=VERTEX_POINT('',#1773);
#470=VERTEX_POINT('',#1777);
#471=VERTEX_POINT('',#1779);
#472=VERTEX_POINT('',#1792);
#473=VERTEX_POINT('',#1799);
#474=VERTEX_POINT('',#1824);
#475=VERTEX_POINT('',#1825);
#476=VERTEX_POINT('',#1831);
#477=VERTEX_POINT('',#1835);
#478=VERTEX_POINT('',#1849);
#479=VERTEX_POINT('',#1851);
#480=VERTEX_POINT('',#1860);
#481=VERTEX_POINT('',#1862);
#482=VERTEX_POINT('',#1873);
#483=VERTEX_POINT('',#1875);
#484=VERTEX_POINT('',#1882);
#485=VERTEX_POINT('',#1884);
#486=VERTEX_POINT('',#1888);
#487=VERTEX_POINT('',#1890);
#488=VERTEX_POINT('',#1912);
#489=VERTEX_POINT('',#1914);
#490=VERTEX_POINT('',#1932);
#491=VERTEX_POINT('',#1934);
#492=VERTEX_POINT('',#1943);
#493=VERTEX_POINT('',#1947);
#494=VERTEX_POINT('',#1953);
#495=VERTEX_POINT('',#1957);
#496=VERTEX_POINT('',#1971);
#497=VERTEX_POINT('',#1975);
#498=EDGE_CURVE('',#398,#399,#377,.F.);
#499=EDGE_CURVE('',#398,#400,#223,.T.);
#500=EDGE_CURVE('',#400,#401,#378,.T.);
#501=EDGE_CURVE('',#402,#401,#379,.F.);
#502=EDGE_CURVE('',#402,#403,#224,.T.);
#503=EDGE_CURVE('',#403,#399,#380,.T.);
#504=EDGE_CURVE('',#402,#404,#27,.T.);
#505=EDGE_CURVE('',#404,#405,#225,.T.);
#506=EDGE_CURVE('',#406,#405,#226,.T.);
#507=EDGE_CURVE('',#406,#407,#227,.T.);
#508=EDGE_CURVE('',#407,#403,#28,.T.);
#509=EDGE_CURVE('',#408,#409,#381,.F.);
#510=EDGE_CURVE('',#410,#408,#228,.T.);
#511=EDGE_CURVE('',#410,#411,#382,.T.);
#512=EDGE_CURVE('',#412,#411,#383,.F.);
#513=EDGE_CURVE('',#412,#413,#229,.T.);
#514=EDGE_CURVE('',#413,#409,#384,.T.);
#515=EDGE_CURVE('',#412,#414,#29,.T.);
#516=EDGE_CURVE('',#414,#415,#230,.T.);
#517=EDGE_CURVE('',#416,#415,#231,.T.);
#518=EDGE_CURVE('',#416,#417,#232,.T.);
#519=EDGE_CURVE('',#417,#413,#30,.T.);
#520=EDGE_CURVE('',#418,#419,#31,.T.);
#521=EDGE_CURVE('',#419,#420,#233,.T.);
#522=EDGE_CURVE('',#420,#421,#32,.T.);
#523=EDGE_CURVE('',#421,#418,#234,.T.);
#524=EDGE_CURVE('',#422,#419,#235,.T.);
#525=EDGE_CURVE('',#423,#422,#236,.T.);
#526=EDGE_CURVE('',#420,#423,#237,.T.);
#527=EDGE_CURVE('',#418,#424,#238,.T.);
#528=EDGE_CURVE('',#425,#424,#239,.T.);
#529=EDGE_CURVE('',#425,#426,#240,.T.);
#530=EDGE_CURVE('',#422,#426,#33,.T.);
#531=EDGE_CURVE('',#427,#427,#34,.T.);
#532=EDGE_CURVE('',#426,#428,#241,.T.);
#533=EDGE_CURVE('',#428,#423,#35,.T.);
#534=EDGE_CURVE('',#415,#425,#36,.T.);
#535=EDGE_CURVE('',#414,#407,#242,.T.);
#536=EDGE_CURVE('',#429,#406,#37,.T.);
#537=EDGE_CURVE('',#430,#429,#243,.T.);
#538=EDGE_CURVE('',#431,#430,#38,.T.);
#539=EDGE_CURVE('',#432,#431,#244,.T.);
#540=EDGE_CURVE('',#432,#433,#245,.T.);
#541=EDGE_CURVE('',#434,#433,#246,.T.);
#542=EDGE_CURVE('',#435,#434,#39,.T.);
#543=EDGE_CURVE('',#436,#435,#247,.T.);
#544=EDGE_CURVE('',#437,#436,#248,.T.);
#545=EDGE_CURVE('',#437,#428,#249,.T.);
#546=EDGE_CURVE('',#438,#439,#40,.T.);
#547=EDGE_CURVE('',#439,#440,#250,.T.);
#548=EDGE_CURVE('',#440,#441,#41,.T.);
#549=EDGE_CURVE('',#441,#438,#251,.T.);
#550=EDGE_CURVE('',#438,#442,#252,.T.);
#551=EDGE_CURVE('',#436,#442,#42,.T.);
#552=EDGE_CURVE('',#443,#435,#253,.T.);
#553=EDGE_CURVE('',#443,#439,#254,.T.);
#554=EDGE_CURVE('',#444,#444,#43,.T.);
#555=EDGE_CURVE('',#441,#445,#255,.T.);
#556=EDGE_CURVE('',#442,#445,#256,.T.);
#557=EDGE_CURVE('',#445,#437,#44,.T.);
#558=EDGE_CURVE('',#446,#447,#45,.T.);
#559=EDGE_CURVE('',#447,#448,#46,.T.);
#560=EDGE_CURVE('',#448,#446,#47,.T.);
#561=EDGE_CURVE('',#449,#450,#385,.T.);
#562=EDGE_CURVE('',#450,#447,#257,.T.);
#563=EDGE_CURVE('',#446,#451,#258,.T.);
#564=EDGE_CURVE('',#451,#449,#386,.T.);
#565=EDGE_CURVE('',#450,#452,#48,.T.);
#566=EDGE_CURVE('',#452,#453,#259,.T.);
#567=EDGE_CURVE('',#434,#453,#260,.T.);
#568=EDGE_CURVE('',#433,#454,#49,.T.);
#569=EDGE_CURVE('',#455,#454,#50,.T.);
#570=EDGE_CURVE('',#456,#455,#261,.T.);
#571=EDGE_CURVE('',#447,#456,#262,.T.);
#572=EDGE_CURVE('',#457,#449,#263,.T.);
#573=EDGE_CURVE('',#458,#457,#387,.T.);
#574=EDGE_CURVE('',#459,#458,#51,.T.);
#575=EDGE_CURVE('',#459,#452,#264,.T.);
#576=EDGE_CURVE('',#451,#460,#265,.T.);
#577=EDGE_CURVE('',#460,#461,#388,.T.);
#578=EDGE_CURVE('',#461,#462,#266,.T.);
#579=EDGE_CURVE('',#462,#408,#389,.T.);
#580=EDGE_CURVE('',#409,#401,#267,.T.);
#581=EDGE_CURVE('',#400,#463,#268,.T.);
#582=EDGE_CURVE('',#463,#457,#390,.F.);
#583=EDGE_CURVE('',#455,#464,#391,.T.);
#584=EDGE_CURVE('',#464,#465,#269,.T.);
#585=EDGE_CURVE('',#465,#456,#52,.T.);
#586=EDGE_CURVE('',#465,#466,#53,.T.);
#587=EDGE_CURVE('',#466,#456,#54,.T.);
#588=EDGE_CURVE('',#467,#464,#270,.T.);
#589=EDGE_CURVE('',#468,#467,#55,.T.);
#590=EDGE_CURVE('',#469,#468,#56,.T.);
#591=EDGE_CURVE('',#465,#469,#271,.T.);
#592=EDGE_CURVE('',#454,#470,#272,.T.);
#593=EDGE_CURVE('',#471,#470,#392,.T.);
#594=EDGE_CURVE('',#471,#398,#273,.T.);
#595=EDGE_CURVE('',#399,#411,#274,.T.);
#596=EDGE_CURVE('',#410,#472,#393,.T.);
#597=EDGE_CURVE('',#472,#473,#275,.T.);
#598=EDGE_CURVE('',#473,#467,#394,.T.);
#599=EDGE_CURVE('',#424,#416,#57,.T.);
#600=EDGE_CURVE('',#453,#443,#58,.T.);
#601=EDGE_CURVE('',#474,#475,#59,.T.);
#602=EDGE_CURVE('',#475,#431,#276,.T.);
#603=EDGE_CURVE('',#430,#474,#277,.T.);
#604=EDGE_CURVE('',#475,#459,#278,.T.);
#605=EDGE_CURVE('',#476,#458,#279,.T.);
#606=EDGE_CURVE('',#476,#432,#60,.T.);
#607=EDGE_CURVE('',#405,#477,#61,.T.);
#608=EDGE_CURVE('',#477,#429,#280,.T.);
#609=EDGE_CURVE('',#463,#471,#281,.T.);
#610=EDGE_CURVE('',#476,#470,#395,.F.);
#611=EDGE_CURVE('',#417,#404,#282,.T.);
#612=EDGE_CURVE('',#462,#478,#62,.T.);
#613=EDGE_CURVE('',#478,#479,#396,.T.);
#614=EDGE_CURVE('',#479,#480,#283,.T.);
#615=EDGE_CURVE('',#480,#481,#397,.T.);
#616=EDGE_CURVE('',#481,#472,#63,.T.);
#617=EDGE_CURVE('',#482,#461,#64,.T.);
#618=EDGE_CURVE('',#483,#482,#65,.T.);
#619=EDGE_CURVE('',#478,#483,#284,.T.);
#620=EDGE_CURVE('',#484,#481,#285,.T.);
#621=EDGE_CURVE('',#485,#484,#66,.T.);
#622=EDGE_CURVE('',#473,#485,#67,.T.);
#623=EDGE_CURVE('',#486,#446,#286,.T.);
#624=EDGE_CURVE('',#487,#486,#68,.T.);
#625=EDGE_CURVE('',#460,#487,#69,.T.);
#626=EDGE_CURVE('',#477,#474,#287,.T.);
#627=EDGE_CURVE('',#466,#448,#288,.T.);
#628=EDGE_CURVE('',#488,#484,#70,.T.);
#629=EDGE_CURVE('',#489,#488,#71,.F.);
#630=EDGE_CURVE('',#485,#489,#72,.T.);
#631=EDGE_CURVE('',#490,#482,#73,.T.);
#632=EDGE_CURVE('',#491,#490,#74,.F.);
#633=EDGE_CURVE('',#483,#491,#75,.T.);
#634=EDGE_CURVE('',#488,#491,#289,.T.);
#635=EDGE_CURVE('',#490,#489,#290,.T.);
#636=EDGE_CURVE('',#491,#479,#291,.T.);
#637=EDGE_CURVE('',#448,#492,#292,.T.);
#638=EDGE_CURVE('',#492,#486,#76,.T.);
#639=EDGE_CURVE('',#493,#487,#77,.T.);
#640=EDGE_CURVE('',#492,#493,#78,.T.);
#641=EDGE_CURVE('',#493,#490,#79,.T.);
#642=EDGE_CURVE('',#489,#494,#80,.T.);
#643=EDGE_CURVE('',#494,#468,#81,.T.);
#644=EDGE_CURVE('',#495,#469,#82,.T.);
#645=EDGE_CURVE('',#494,#495,#83,.T.);
#646=EDGE_CURVE('',#495,#466,#293,.T.);
#647=EDGE_CURVE('',#480,#488,#294,.T.);
#648=EDGE_CURVE('',#494,#493,#295,.T.);
#649=EDGE_CURVE('',#492,#495,#296,.T.);
#650=EDGE_CURVE('',#444,#496,#297,.T.);
#651=EDGE_CURVE('',#496,#496,#84,.T.);
#652=EDGE_CURVE('',#427,#497,#298,.T.);
#653=EDGE_CURVE('',#497,#497,#85,.T.);
#654=EDGE_CURVE('',#421,#440,#299,.T.);
#655=ORIENTED_EDGE('',*,*,#498,.F.);
#656=ORIENTED_EDGE('',*,*,#499,.T.);
#657=ORIENTED_EDGE('',*,*,#500,.T.);
#658=ORIENTED_EDGE('',*,*,#501,.F.);
#659=ORIENTED_EDGE('',*,*,#502,.T.);
#660=ORIENTED_EDGE('',*,*,#503,.T.);
#661=ORIENTED_EDGE('',*,*,#502,.F.);
#662=ORIENTED_EDGE('',*,*,#504,.T.);
#663=ORIENTED_EDGE('',*,*,#505,.T.);
#664=ORIENTED_EDGE('',*,*,#506,.F.);
#665=ORIENTED_EDGE('',*,*,#507,.T.);
#666=ORIENTED_EDGE('',*,*,#508,.T.);
#667=ORIENTED_EDGE('',*,*,#509,.F.);
#668=ORIENTED_EDGE('',*,*,#510,.F.);
#669=ORIENTED_EDGE('',*,*,#511,.T.);
#670=ORIENTED_EDGE('',*,*,#512,.F.);
#671=ORIENTED_EDGE('',*,*,#513,.T.);
#672=ORIENTED_EDGE('',*,*,#514,.T.);
#673=ORIENTED_EDGE('',*,*,#513,.F.);
#674=ORIENTED_EDGE('',*,*,#515,.T.);
#675=ORIENTED_EDGE('',*,*,#516,.T.);
#676=ORIENTED_EDGE('',*,*,#517,.F.);
#677=ORIENTED_EDGE('',*,*,#518,.T.);
#678=ORIENTED_EDGE('',*,*,#519,.T.);
#679=ORIENTED_EDGE('',*,*,#520,.T.);
#680=ORIENTED_EDGE('',*,*,#521,.T.);
#681=ORIENTED_EDGE('',*,*,#522,.T.);
#682=ORIENTED_EDGE('',*,*,#523,.T.);
#683=ORIENTED_EDGE('',*,*,#521,.F.);
#684=ORIENTED_EDGE('',*,*,#524,.F.);
#685=ORIENTED_EDGE('',*,*,#525,.F.);
#686=ORIENTED_EDGE('',*,*,#526,.F.);
#687=ORIENTED_EDGE('',*,*,#520,.F.);
#688=ORIENTED_EDGE('',*,*,#527,.T.);
#689=ORIENTED_EDGE('',*,*,#528,.F.);
#690=ORIENTED_EDGE('',*,*,#529,.T.);
#691=ORIENTED_EDGE('',*,*,#530,.F.);
#692=ORIENTED_EDGE('',*,*,#524,.T.);
#693=ORIENTED_EDGE('',*,*,#531,.T.);
#694=ORIENTED_EDGE('',*,*,#530,.T.);
#695=ORIENTED_EDGE('',*,*,#532,.T.);
#696=ORIENTED_EDGE('',*,*,#533,.T.);
#697=ORIENTED_EDGE('',*,*,#525,.T.);
#698=ORIENTED_EDGE('',*,*,#532,.F.);
#699=ORIENTED_EDGE('',*,*,#529,.F.);
#700=ORIENTED_EDGE('',*,*,#534,.F.);
#701=ORIENTED_EDGE('',*,*,#516,.F.);
#702=ORIENTED_EDGE('',*,*,#535,.T.);
#703=ORIENTED_EDGE('',*,*,#507,.F.);
#704=ORIENTED_EDGE('',*,*,#536,.F.);
#705=ORIENTED_EDGE('',*,*,#537,.F.);
#706=ORIENTED_EDGE('',*,*,#538,.F.);
#707=ORIENTED_EDGE('',*,*,#539,.F.);
#708=ORIENTED_EDGE('',*,*,#540,.T.);
#709=ORIENTED_EDGE('',*,*,#541,.F.);
#710=ORIENTED_EDGE('',*,*,#542,.F.);
#711=ORIENTED_EDGE('',*,*,#543,.F.);
#712=ORIENTED_EDGE('',*,*,#544,.F.);
#713=ORIENTED_EDGE('',*,*,#545,.T.);
#714=ORIENTED_EDGE('',*,*,#546,.T.);
#715=ORIENTED_EDGE('',*,*,#547,.T.);
#716=ORIENTED_EDGE('',*,*,#548,.T.);
#717=ORIENTED_EDGE('',*,*,#549,.T.);
#718=ORIENTED_EDGE('',*,*,#546,.F.);
#719=ORIENTED_EDGE('',*,*,#550,.T.);
#720=ORIENTED_EDGE('',*,*,#551,.F.);
#721=ORIENTED_EDGE('',*,*,#543,.T.);
#722=ORIENTED_EDGE('',*,*,#552,.F.);
#723=ORIENTED_EDGE('',*,*,#553,.T.);
#724=ORIENTED_EDGE('',*,*,#554,.T.);
#725=ORIENTED_EDGE('',*,*,#549,.F.);
#726=ORIENTED_EDGE('',*,*,#555,.T.);
#727=ORIENTED_EDGE('',*,*,#556,.F.);
#728=ORIENTED_EDGE('',*,*,#550,.F.);
#729=ORIENTED_EDGE('',*,*,#551,.T.);
#730=ORIENTED_EDGE('',*,*,#556,.T.);
#731=ORIENTED_EDGE('',*,*,#557,.T.);
#732=ORIENTED_EDGE('',*,*,#544,.T.);
#733=ORIENTED_EDGE('',*,*,#558,.T.);
#734=ORIENTED_EDGE('',*,*,#559,.T.);
#735=ORIENTED_EDGE('',*,*,#560,.T.);
#736=ORIENTED_EDGE('',*,*,#561,.T.);
#737=ORIENTED_EDGE('',*,*,#562,.T.);
#738=ORIENTED_EDGE('',*,*,#558,.F.);
#739=ORIENTED_EDGE('',*,*,#563,.T.);
#740=ORIENTED_EDGE('',*,*,#564,.T.);
#741=ORIENTED_EDGE('',*,*,#562,.F.);
#742=ORIENTED_EDGE('',*,*,#565,.T.);
#743=ORIENTED_EDGE('',*,*,#566,.T.);
#744=ORIENTED_EDGE('',*,*,#567,.F.);
#745=ORIENTED_EDGE('',*,*,#541,.T.);
#746=ORIENTED_EDGE('',*,*,#568,.T.);
#747=ORIENTED_EDGE('',*,*,#569,.F.);
#748=ORIENTED_EDGE('',*,*,#570,.F.);
#749=ORIENTED_EDGE('',*,*,#571,.F.);
#750=ORIENTED_EDGE('',*,*,#561,.F.);
#751=ORIENTED_EDGE('',*,*,#572,.F.);
#752=ORIENTED_EDGE('',*,*,#573,.F.);
#753=ORIENTED_EDGE('',*,*,#574,.F.);
#754=ORIENTED_EDGE('',*,*,#575,.T.);
#755=ORIENTED_EDGE('',*,*,#565,.F.);
#756=ORIENTED_EDGE('',*,*,#564,.F.);
#757=ORIENTED_EDGE('',*,*,#576,.T.);
#758=ORIENTED_EDGE('',*,*,#577,.T.);
#759=ORIENTED_EDGE('',*,*,#578,.T.);
#760=ORIENTED_EDGE('',*,*,#579,.T.);
#761=ORIENTED_EDGE('',*,*,#509,.T.);
#762=ORIENTED_EDGE('',*,*,#580,.T.);
#763=ORIENTED_EDGE('',*,*,#500,.F.);
#764=ORIENTED_EDGE('',*,*,#581,.T.);
#765=ORIENTED_EDGE('',*,*,#582,.T.);
#766=ORIENTED_EDGE('',*,*,#572,.T.);
#767=ORIENTED_EDGE('',*,*,#583,.T.);
#768=ORIENTED_EDGE('',*,*,#584,.T.);
#769=ORIENTED_EDGE('',*,*,#585,.T.);
#770=ORIENTED_EDGE('',*,*,#570,.T.);
#771=ORIENTED_EDGE('',*,*,#585,.F.);
#772=ORIENTED_EDGE('',*,*,#586,.T.);
#773=ORIENTED_EDGE('',*,*,#587,.T.);
#774=ORIENTED_EDGE('',*,*,#584,.F.);
#775=ORIENTED_EDGE('',*,*,#588,.F.);
#776=ORIENTED_EDGE('',*,*,#589,.F.);
#777=ORIENTED_EDGE('',*,*,#590,.F.);
#778=ORIENTED_EDGE('',*,*,#591,.F.);
#779=ORIENTED_EDGE('',*,*,#583,.F.);
#780=ORIENTED_EDGE('',*,*,#569,.T.);
#781=ORIENTED_EDGE('',*,*,#592,.T.);
#782=ORIENTED_EDGE('',*,*,#593,.F.);
#783=ORIENTED_EDGE('',*,*,#594,.T.);
#784=ORIENTED_EDGE('',*,*,#498,.T.);
#785=ORIENTED_EDGE('',*,*,#595,.T.);
#786=ORIENTED_EDGE('',*,*,#511,.F.);
#787=ORIENTED_EDGE('',*,*,#596,.T.);
#788=ORIENTED_EDGE('',*,*,#597,.T.);
#789=ORIENTED_EDGE('',*,*,#598,.T.);
#790=ORIENTED_EDGE('',*,*,#588,.T.);
#791=ORIENTED_EDGE('',*,*,#599,.T.);
#792=ORIENTED_EDGE('',*,*,#517,.T.);
#793=ORIENTED_EDGE('',*,*,#534,.T.);
#794=ORIENTED_EDGE('',*,*,#528,.T.);
#795=ORIENTED_EDGE('',*,*,#542,.T.);
#796=ORIENTED_EDGE('',*,*,#567,.T.);
#797=ORIENTED_EDGE('',*,*,#600,.T.);
#798=ORIENTED_EDGE('',*,*,#552,.T.);
#799=ORIENTED_EDGE('',*,*,#601,.T.);
#800=ORIENTED_EDGE('',*,*,#602,.T.);
#801=ORIENTED_EDGE('',*,*,#538,.T.);
#802=ORIENTED_EDGE('',*,*,#603,.T.);
#803=ORIENTED_EDGE('',*,*,#602,.F.);
#804=ORIENTED_EDGE('',*,*,#604,.T.);
#805=ORIENTED_EDGE('',*,*,#574,.T.);
#806=ORIENTED_EDGE('',*,*,#605,.F.);
#807=ORIENTED_EDGE('',*,*,#606,.T.);
#808=ORIENTED_EDGE('',*,*,#539,.T.);
#809=ORIENTED_EDGE('',*,*,#536,.T.);
#810=ORIENTED_EDGE('',*,*,#506,.T.);
#811=ORIENTED_EDGE('',*,*,#607,.T.);
#812=ORIENTED_EDGE('',*,*,#608,.T.);
#813=ORIENTED_EDGE('',*,*,#582,.F.);
#814=ORIENTED_EDGE('',*,*,#609,.T.);
#815=ORIENTED_EDGE('',*,*,#593,.T.);
#816=ORIENTED_EDGE('',*,*,#610,.F.);
#817=ORIENTED_EDGE('',*,*,#605,.T.);
#818=ORIENTED_EDGE('',*,*,#573,.T.);
#819=ORIENTED_EDGE('',*,*,#580,.F.);
#820=ORIENTED_EDGE('',*,*,#514,.F.);
#821=ORIENTED_EDGE('',*,*,#519,.F.);
#822=ORIENTED_EDGE('',*,*,#611,.T.);
#823=ORIENTED_EDGE('',*,*,#504,.F.);
#824=ORIENTED_EDGE('',*,*,#501,.T.);
#825=ORIENTED_EDGE('',*,*,#579,.F.);
#826=ORIENTED_EDGE('',*,*,#612,.T.);
#827=ORIENTED_EDGE('',*,*,#613,.T.);
#828=ORIENTED_EDGE('',*,*,#614,.T.);
#829=ORIENTED_EDGE('',*,*,#615,.T.);
#830=ORIENTED_EDGE('',*,*,#616,.T.);
#831=ORIENTED_EDGE('',*,*,#596,.F.);
#832=ORIENTED_EDGE('',*,*,#510,.T.);
#833=ORIENTED_EDGE('',*,*,#578,.F.);
#834=ORIENTED_EDGE('',*,*,#617,.F.);
#835=ORIENTED_EDGE('',*,*,#618,.F.);
#836=ORIENTED_EDGE('',*,*,#619,.F.);
#837=ORIENTED_EDGE('',*,*,#612,.F.);
#838=ORIENTED_EDGE('',*,*,#499,.F.);
#839=ORIENTED_EDGE('',*,*,#594,.F.);
#840=ORIENTED_EDGE('',*,*,#609,.F.);
#841=ORIENTED_EDGE('',*,*,#581,.F.);
#842=ORIENTED_EDGE('',*,*,#592,.F.);
#843=ORIENTED_EDGE('',*,*,#568,.F.);
#844=ORIENTED_EDGE('',*,*,#540,.F.);
#845=ORIENTED_EDGE('',*,*,#606,.F.);
#846=ORIENTED_EDGE('',*,*,#610,.T.);
#847=ORIENTED_EDGE('',*,*,#595,.F.);
#848=ORIENTED_EDGE('',*,*,#503,.F.);
#849=ORIENTED_EDGE('',*,*,#508,.F.);
#850=ORIENTED_EDGE('',*,*,#535,.F.);
#851=ORIENTED_EDGE('',*,*,#515,.F.);
#852=ORIENTED_EDGE('',*,*,#512,.T.);
#853=ORIENTED_EDGE('',*,*,#597,.F.);
#854=ORIENTED_EDGE('',*,*,#616,.F.);
#855=ORIENTED_EDGE('',*,*,#620,.F.);
#856=ORIENTED_EDGE('',*,*,#621,.F.);
#857=ORIENTED_EDGE('',*,*,#622,.F.);
#858=ORIENTED_EDGE('',*,*,#563,.F.);
#859=ORIENTED_EDGE('',*,*,#623,.F.);
#860=ORIENTED_EDGE('',*,*,#624,.F.);
#861=ORIENTED_EDGE('',*,*,#625,.F.);
#862=ORIENTED_EDGE('',*,*,#576,.F.);
#863=ORIENTED_EDGE('',*,*,#603,.F.);
#864=ORIENTED_EDGE('',*,*,#537,.T.);
#865=ORIENTED_EDGE('',*,*,#608,.F.);
#866=ORIENTED_EDGE('',*,*,#626,.T.);
#867=ORIENTED_EDGE('',*,*,#559,.F.);
#868=ORIENTED_EDGE('',*,*,#571,.T.);
#869=ORIENTED_EDGE('',*,*,#587,.F.);
#870=ORIENTED_EDGE('',*,*,#627,.T.);
#871=ORIENTED_EDGE('',*,*,#628,.F.);
#872=ORIENTED_EDGE('',*,*,#629,.F.);
#873=ORIENTED_EDGE('',*,*,#630,.F.);
#874=ORIENTED_EDGE('',*,*,#621,.T.);
#875=ORIENTED_EDGE('',*,*,#631,.F.);
#876=ORIENTED_EDGE('',*,*,#632,.F.);
#877=ORIENTED_EDGE('',*,*,#633,.F.);
#878=ORIENTED_EDGE('',*,*,#618,.T.);
#879=ORIENTED_EDGE('',*,*,#629,.T.);
#880=ORIENTED_EDGE('',*,*,#634,.T.);
#881=ORIENTED_EDGE('',*,*,#632,.T.);
#882=ORIENTED_EDGE('',*,*,#635,.T.);
#883=ORIENTED_EDGE('',*,*,#619,.T.);
#884=ORIENTED_EDGE('',*,*,#633,.T.);
#885=ORIENTED_EDGE('',*,*,#636,.T.);
#886=ORIENTED_EDGE('',*,*,#613,.F.);
#887=ORIENTED_EDGE('',*,*,#560,.F.);
#888=ORIENTED_EDGE('',*,*,#637,.T.);
#889=ORIENTED_EDGE('',*,*,#638,.T.);
#890=ORIENTED_EDGE('',*,*,#623,.T.);
#891=ORIENTED_EDGE('',*,*,#639,.T.);
#892=ORIENTED_EDGE('',*,*,#624,.T.);
#893=ORIENTED_EDGE('',*,*,#638,.F.);
#894=ORIENTED_EDGE('',*,*,#640,.T.);
#895=ORIENTED_EDGE('',*,*,#577,.F.);
#896=ORIENTED_EDGE('',*,*,#625,.T.);
#897=ORIENTED_EDGE('',*,*,#639,.F.);
#898=ORIENTED_EDGE('',*,*,#641,.T.);
#899=ORIENTED_EDGE('',*,*,#631,.T.);
#900=ORIENTED_EDGE('',*,*,#617,.T.);
#901=ORIENTED_EDGE('',*,*,#598,.F.);
#902=ORIENTED_EDGE('',*,*,#622,.T.);
#903=ORIENTED_EDGE('',*,*,#630,.T.);
#904=ORIENTED_EDGE('',*,*,#642,.T.);
#905=ORIENTED_EDGE('',*,*,#643,.T.);
#906=ORIENTED_EDGE('',*,*,#589,.T.);
#907=ORIENTED_EDGE('',*,*,#644,.T.);
#908=ORIENTED_EDGE('',*,*,#590,.T.);
#909=ORIENTED_EDGE('',*,*,#643,.F.);
#910=ORIENTED_EDGE('',*,*,#645,.T.);
#911=ORIENTED_EDGE('',*,*,#586,.F.);
#912=ORIENTED_EDGE('',*,*,#591,.T.);
#913=ORIENTED_EDGE('',*,*,#644,.F.);
#914=ORIENTED_EDGE('',*,*,#646,.T.);
#915=ORIENTED_EDGE('',*,*,#647,.T.);
#916=ORIENTED_EDGE('',*,*,#628,.T.);
#917=ORIENTED_EDGE('',*,*,#620,.T.);
#918=ORIENTED_EDGE('',*,*,#615,.F.);
#919=ORIENTED_EDGE('',*,*,#645,.F.);
#920=ORIENTED_EDGE('',*,*,#648,.T.);
#921=ORIENTED_EDGE('',*,*,#640,.F.);
#922=ORIENTED_EDGE('',*,*,#649,.T.);
#923=ORIENTED_EDGE('',*,*,#642,.F.);
#924=ORIENTED_EDGE('',*,*,#635,.F.);
#925=ORIENTED_EDGE('',*,*,#641,.F.);
#926=ORIENTED_EDGE('',*,*,#648,.F.);
#927=ORIENTED_EDGE('',*,*,#634,.F.);
#928=ORIENTED_EDGE('',*,*,#647,.F.);
#929=ORIENTED_EDGE('',*,*,#614,.F.);
#930=ORIENTED_EDGE('',*,*,#636,.F.);
#931=ORIENTED_EDGE('',*,*,#646,.F.);
#932=ORIENTED_EDGE('',*,*,#649,.F.);
#933=ORIENTED_EDGE('',*,*,#637,.F.);
#934=ORIENTED_EDGE('',*,*,#627,.F.);
#935=ORIENTED_EDGE('',*,*,#554,.F.);
#936=ORIENTED_EDGE('',*,*,#650,.T.);
#937=ORIENTED_EDGE('',*,*,#651,.T.);
#938=ORIENTED_EDGE('',*,*,#650,.F.);
#939=ORIENTED_EDGE('',*,*,#531,.F.);
#940=ORIENTED_EDGE('',*,*,#652,.T.);
#941=ORIENTED_EDGE('',*,*,#653,.T.);
#942=ORIENTED_EDGE('',*,*,#652,.F.);
#943=ORIENTED_EDGE('',*,*,#523,.F.);
#944=ORIENTED_EDGE('',*,*,#654,.T.);
#945=ORIENTED_EDGE('',*,*,#547,.F.);
#946=ORIENTED_EDGE('',*,*,#553,.F.);
#947=ORIENTED_EDGE('',*,*,#600,.F.);
#948=ORIENTED_EDGE('',*,*,#566,.F.);
#949=ORIENTED_EDGE('',*,*,#575,.F.);
#950=ORIENTED_EDGE('',*,*,#604,.F.);
#951=ORIENTED_EDGE('',*,*,#601,.F.);
#952=ORIENTED_EDGE('',*,*,#626,.F.);
#953=ORIENTED_EDGE('',*,*,#607,.F.);
#954=ORIENTED_EDGE('',*,*,#505,.F.);
#955=ORIENTED_EDGE('',*,*,#611,.F.);
#956=ORIENTED_EDGE('',*,*,#518,.F.);
#957=ORIENTED_EDGE('',*,*,#599,.F.);
#958=ORIENTED_EDGE('',*,*,#527,.F.);
#959=ORIENTED_EDGE('',*,*,#522,.F.);
#960=ORIENTED_EDGE('',*,*,#526,.T.);
#961=ORIENTED_EDGE('',*,*,#533,.F.);
#962=ORIENTED_EDGE('',*,*,#545,.F.);
#963=ORIENTED_EDGE('',*,*,#557,.F.);
#964=ORIENTED_EDGE('',*,*,#555,.F.);
#965=ORIENTED_EDGE('',*,*,#548,.F.);
#966=ORIENTED_EDGE('',*,*,#654,.F.);
#967=ORIENTED_EDGE('',*,*,#653,.F.);
#968=ORIENTED_EDGE('',*,*,#651,.F.);
#969=CYLINDRICAL_SURFACE('',#1070,5.);
#970=CYLINDRICAL_SURFACE('',#1074,5.);
#971=CYLINDRICAL_SURFACE('',#1078,5.);
#972=CYLINDRICAL_SURFACE('',#1085,5.);
#973=CYLINDRICAL_SURFACE('',#1092,5.);
#974=CYLINDRICAL_SURFACE('',#1099,5.);
#975=CYLINDRICAL_SURFACE('',#1105,1.);
#976=CYLINDRICAL_SURFACE('',#1110,27.3774429034455);
#977=CYLINDRICAL_SURFACE('',#1112,5.);
#978=CYLINDRICAL_SURFACE('',#1113,1.);
#979=CYLINDRICAL_SURFACE('',#1121,5.);
#980=CYLINDRICAL_SURFACE('',#1122,2.);
#981=CYLINDRICAL_SURFACE('',#1124,5.);
#982=CYLINDRICAL_SURFACE('',#1126,5.);
#983=CYLINDRICAL_SURFACE('',#1130,5.);
#984=CYLINDRICAL_SURFACE('',#1132,5.);
#985=CYLINDRICAL_SURFACE('',#1133,27.3774429034455);
#986=CYLINDRICAL_SURFACE('',#1134,6.);
#987=CYLINDRICAL_SURFACE('',#1141,16.3137214517227);
#988=CYLINDRICAL_SURFACE('',#1142,16.3137214517227);
#989=CYLINDRICAL_SURFACE('',#1150,1.);
#990=CYLINDRICAL_SURFACE('',#1157,2.);
#991=CYLINDRICAL_SURFACE('',#1158,1.);
#992=CYLINDRICAL_SURFACE('',#1159,1.);
#993=CYLINDRICAL_SURFACE('',#1172,1.);
#994=CYLINDRICAL_SURFACE('',#1173,1.);
#995=CYLINDRICAL_SURFACE('',#1174,4.49999999999824);
#996=CYLINDRICAL_SURFACE('',#1175,23.0000000000008);
#997=CYLINDRICAL_SURFACE('',#1178,1.5);
#998=CYLINDRICAL_SURFACE('',#1180,1.5);
#999=ADVANCED_FACE('',(#105),#969,.F.);
#1000=ADVANCED_FACE('',(#106),#86,.T.);
#1001=ADVANCED_FACE('',(#107),#970,.F.);
#1002=ADVANCED_FACE('',(#108),#87,.T.);
#1003=ADVANCED_FACE('',(#109),#971,.T.);
#1004=ADVANCED_FACE('',(#110),#88,.T.);
#1005=ADVANCED_FACE('',(#111,#23),#89,.T.);
#1006=ADVANCED_FACE('',(#112),#972,.T.);
#1007=ADVANCED_FACE('',(#113),#90,.T.);
#1008=ADVANCED_FACE('',(#114),#973,.T.);
#1009=ADVANCED_FACE('',(#115,#24),#91,.T.);
#1010=ADVANCED_FACE('',(#116),#92,.T.);
#1011=ADVANCED_FACE('',(#117),#974,.T.);
#1012=ADVANCED_FACE('',(#118),#21,.T.);
#1013=ADVANCED_FACE('',(#119),#975,.T.);
#1014=ADVANCED_FACE('',(#120),#93,.T.);
#1015=ADVANCED_FACE('',(#121),#976,.F.);
#1016=ADVANCED_FACE('',(#122),#977,.T.);
#1017=ADVANCED_FACE('',(#123),#978,.T.);
#1018=ADVANCED_FACE('',(#124),#22,.T.);
#1019=ADVANCED_FACE('',(#125),#94,.T.);
#1020=ADVANCED_FACE('',(#126),#979,.T.);
#1021=ADVANCED_FACE('',(#127),#980,.F.);
#1022=ADVANCED_FACE('',(#128),#981,.F.);
#1023=ADVANCED_FACE('',(#129),#982,.F.);
#1024=ADVANCED_FACE('',(#130),#95,.T.);
#1025=ADVANCED_FACE('',(#131),#983,.F.);
#1026=ADVANCED_FACE('',(#132),#984,.F.);
#1027=ADVANCED_FACE('',(#133),#985,.F.);
#1028=ADVANCED_FACE('',(#134),#986,.T.);
#1029=ADVANCED_FACE('',(#135),#96,.F.);
#1030=ADVANCED_FACE('',(#136),#97,.T.);
#1031=ADVANCED_FACE('',(#137),#987,.F.);
#1032=ADVANCED_FACE('',(#138),#988,.F.);
#1033=ADVANCED_FACE('',(#139),#98,.T.);
#1034=ADVANCED_FACE('',(#140),#99,.F.);
#1035=ADVANCED_FACE('',(#141),#100,.T.);
#1036=ADVANCED_FACE('',(#142),#989,.T.);
#1037=ADVANCED_FACE('',(#143),#19,.F.);
#1038=ADVANCED_FACE('',(#144),#20,.F.);
#1039=ADVANCED_FACE('',(#145),#990,.T.);
#1040=ADVANCED_FACE('',(#146),#991,.T.);
#1041=ADVANCED_FACE('',(#147),#992,.T.);
#1042=ADVANCED_FACE('',(#148),#15,.T.);
#1043=ADVANCED_FACE('',(#149),#16,.T.);
#1044=ADVANCED_FACE('',(#150),#17,.T.);
#1045=ADVANCED_FACE('',(#151),#18,.T.);
#1046=ADVANCED_FACE('',(#152),#993,.T.);
#1047=ADVANCED_FACE('',(#153),#994,.T.);
#1048=ADVANCED_FACE('',(#154),#995,.T.);
#1049=ADVANCED_FACE('',(#155),#996,.F.);
#1050=ADVANCED_FACE('',(#156),#101,.T.);
#1051=ADVANCED_FACE('',(#157),#102,.T.);
#1052=ADVANCED_FACE('',(#158),#997,.F.);
#1053=ADVANCED_FACE('',(#159),#998,.F.);
#1054=ADVANCED_FACE('',(#160),#103,.T.);
#1055=ADVANCED_FACE('',(#161,#25,#26),#104,.F.);
#1056=CLOSED_SHELL('',(#999,#1000,#1001,#1002,#1003,#1004,#1005,#1006,#1007,
#1008,#1009,#1010,#1011,#1012,#1013,#1014,#1015,#1016,#1017,#1018,#1019,
#1020,#1021,#1022,#1023,#1024,#1025,#1026,#1027,#1028,#1029,#1030,#1031,
#1032,#1033,#1034,#1035,#1036,#1037,#1038,#1039,#1040,#1041,#1042,#1043,
#1044,#1045,#1046,#1047,#1048,#1049,#1050,#1051,#1052,#1053,#1054,#1055));
#1057=DERIVED_UNIT_ELEMENT(#1059,1.);
#1058=DERIVED_UNIT_ELEMENT(#1986,-3.);
#1059=(
MASS_UNIT()
NAMED_UNIT(*)
SI_UNIT(.KILO.,.GRAM.)
);
#1060=DERIVED_UNIT((#1057,#1058));
#1061=MEASURE_REPRESENTATION_ITEM('density measure',
POSITIVE_RATIO_MEASURE(7850.),#1060);
#1062=PROPERTY_DEFINITION_REPRESENTATION(#1067,#1064);
#1063=PROPERTY_DEFINITION_REPRESENTATION(#1068,#1065);
#1064=REPRESENTATION('material name',(#1066),#1983);
#1065=REPRESENTATION('density',(#1061),#1983);
#1066=DESCRIPTIVE_REPRESENTATION_ITEM('Steel','Steel');
#1067=PROPERTY_DEFINITION('material property','material name',#1993);
#1068=PROPERTY_DEFINITION('material property','density of part',#1993);
#1069=AXIS2_PLACEMENT_3D('',#1491,#1184,#1185);
#1070=AXIS2_PLACEMENT_3D('',#1492,#1186,#1187);
#1071=AXIS2_PLACEMENT_3D('',#1531,#1190,#1191);
#1072=AXIS2_PLACEMENT_3D('',#1533,#1192,#1193);
#1073=AXIS2_PLACEMENT_3D('',#1540,#1197,#1198);
#1074=AXIS2_PLACEMENT_3D('',#1541,#1199,#1200);
#1075=AXIS2_PLACEMENT_3D('',#1580,#1203,#1204);
#1076=AXIS2_PLACEMENT_3D('',#1582,#1205,#1206);
#1077=AXIS2_PLACEMENT_3D('',#1589,#1210,#1211);
#1078=AXIS2_PLACEMENT_3D('',#1590,#1212,#1213);
#1079=AXIS2_PLACEMENT_3D('',#1593,#1214,#1215);
#1080=AXIS2_PLACEMENT_3D('',#1597,#1217,#1218);
#1081=AXIS2_PLACEMENT_3D('',#1599,#1220,#1221);
#1082=AXIS2_PLACEMENT_3D('',#1605,#1225,#1226);
#1083=AXIS2_PLACEMENT_3D('',#1612,#1230,#1231);
#1084=AXIS2_PLACEMENT_3D('',#1614,#1232,#1233);
#1085=AXIS2_PLACEMENT_3D('',#1615,#1234,#1235);
#1086=AXIS2_PLACEMENT_3D('',#1618,#1237,#1238);
#1087=AXIS2_PLACEMENT_3D('',#1619,#1239,#1240);
#1088=AXIS2_PLACEMENT_3D('',#1620,#1241,#1242);
#1089=AXIS2_PLACEMENT_3D('',#1623,#1244,#1245);
#1090=AXIS2_PLACEMENT_3D('',#1627,#1247,#1248);
#1091=AXIS2_PLACEMENT_3D('',#1635,#1252,#1253);
#1092=AXIS2_PLACEMENT_3D('',#1641,#1257,#1258);
#1093=AXIS2_PLACEMENT_3D('',#1644,#1259,#1260);
#1094=AXIS2_PLACEMENT_3D('',#1648,#1262,#1263);
#1095=AXIS2_PLACEMENT_3D('',#1650,#1265,#1266);
#1096=AXIS2_PLACEMENT_3D('',#1653,#1268,#1269);
#1097=AXIS2_PLACEMENT_3D('',#1658,#1272,#1273);
#1098=AXIS2_PLACEMENT_3D('',#1659,#1274,#1275);
#1099=AXIS2_PLACEMENT_3D('',#1663,#1278,#1279);
#1100=AXIS2_PLACEMENT_3D('',#1664,#1280,#1281);
#1101=AXIS2_PLACEMENT_3D('',#1665,#1282,#1283);
#1102=AXIS2_PLACEMENT_3D('',#1668,#1284,#1285);
#1103=AXIS2_PLACEMENT_3D('',#1670,#1286,#1287);
#1104=AXIS2_PLACEMENT_3D('',#1671,#1288,#1289);
#1105=AXIS2_PLACEMENT_3D('',#1672,#1290,#1291);
#1106=AXIS2_PLACEMENT_3D('',#1690,#1294,#1295);
#1107=AXIS2_PLACEMENT_3D('',#1692,#1296,#1297);
#1108=AXIS2_PLACEMENT_3D('',#1697,#1300,#1301);
#1109=AXIS2_PLACEMENT_3D('',#1699,#1302,#1303);
#1110=AXIS2_PLACEMENT_3D('',#1703,#1306,#1307);
#1111=AXIS2_PLACEMENT_3D('',#1716,#1309,#1310);
#1112=AXIS2_PLACEMENT_3D('',#1718,#1312,#1313);
#1113=AXIS2_PLACEMENT_3D('',#1753,#1318,#1319);
#1114=AXIS2_PLACEMENT_3D('',#1763,#1321,#1322);
#1115=AXIS2_PLACEMENT_3D('',#1764,#1323,#1324);
#1116=AXIS2_PLACEMENT_3D('',#1766,#1325,#1326);
#1117=AXIS2_PLACEMENT_3D('',#1767,#1327,#1328);
#1118=AXIS2_PLACEMENT_3D('',#1768,#1329,#1330);
#1119=AXIS2_PLACEMENT_3D('',#1772,#1332,#1333);
#1120=AXIS2_PLACEMENT_3D('',#1774,#1334,#1335);
#1121=AXIS2_PLACEMENT_3D('',#1776,#1337,#1338);
#1122=AXIS2_PLACEMENT_3D('',#1819,#1343,#1344);
#1123=AXIS2_PLACEMENT_3D('',#1820,#1345,#1346);
#1124=AXIS2_PLACEMENT_3D('',#1821,#1347,#1348);
#1125=AXIS2_PLACEMENT_3D('',#1822,#1349,#1350);
#1126=AXIS2_PLACEMENT_3D('',#1823,#1351,#1352);
#1127=AXIS2_PLACEMENT_3D('',#1826,#1353,#1354);
#1128=AXIS2_PLACEMENT_3D('',#1829,#1357,#1358);
#1129=AXIS2_PLACEMENT_3D('',#1833,#1361,#1362);
#1130=AXIS2_PLACEMENT_3D('',#1834,#1363,#1364);
#1131=AXIS2_PLACEMENT_3D('',#1836,#1365,#1366);
#1132=AXIS2_PLACEMENT_3D('',#1838,#1368,#1369);
#1133=AXIS2_PLACEMENT_3D('',#1846,#1371,#1372);
#1134=AXIS2_PLACEMENT_3D('',#1848,#1374,#1375);
#1135=AXIS2_PLACEMENT_3D('',#1850,#1376,#1377);
#1136=AXIS2_PLACEMENT_3D('',#1871,#1379,#1380);
#1137=AXIS2_PLACEMENT_3D('',#1872,#1381,#1382);
#1138=AXIS2_PLACEMENT_3D('',#1874,#1383,#1384);
#1139=AXIS2_PLACEMENT_3D('',#1876,#1385,#1386);
#1140=AXIS2_PLACEMENT_3D('',#1878,#1388,#1389);
#1141=AXIS2_PLACEMENT_3D('',#1879,#1390,#1391);
#1142=AXIS2_PLACEMENT_3D('',#1880,#1392,#1393);
#1143=AXIS2_PLACEMENT_3D('',#1881,#1394,#1395);
#1144=AXIS2_PLACEMENT_3D('',#1885,#1397,#1398);
#1145=AXIS2_PLACEMENT_3D('',#1886,#1399,#1400);
#1146=AXIS2_PLACEMENT_3D('',#1887,#1401,#1402);
#1147=AXIS2_PLACEMENT_3D('',#1891,#1404,#1405);
#1148=AXIS2_PLACEMENT_3D('',#1892,#1406,#1407);
#1149=AXIS2_PLACEMENT_3D('',#1893,#1408,#1409);
#1150=AXIS2_PLACEMENT_3D('',#1895,#1411,#1412);
#1151=AXIS2_PLACEMENT_3D('',#1913,#1414,#1415);
#1152=AXIS2_PLACEMENT_3D('',#1915,#1416,#1417);
#1153=AXIS2_PLACEMENT_3D('',#1916,#1418,#1419);
#1154=AXIS2_PLACEMENT_3D('',#1933,#1420,#1421);
#1155=AXIS2_PLACEMENT_3D('',#1935,#1422,#1423);
#1156=AXIS2_PLACEMENT_3D('',#1936,#1424,#1425);
#1157=AXIS2_PLACEMENT_3D('',#1937,#1426,#1427);
#1158=AXIS2_PLACEMENT_3D('',#1940,#1430,#1431);
#1159=AXIS2_PLACEMENT_3D('',#1942,#1433,#1434);
#1160=AXIS2_PLACEMENT_3D('',#1945,#1436,#1437);
#1161=AXIS2_PLACEMENT_3D('',#1946,#1438,#1439);
#1162=AXIS2_PLACEMENT_3D('',#1948,#1440,#1441);
#1163=AXIS2_PLACEMENT_3D('',#1949,#1442,#1443);
#1164=AXIS2_PLACEMENT_3D('',#1950,#1444,#1445);
#1165=AXIS2_PLACEMENT_3D('',#1951,#1446,#1447);
#1166=AXIS2_PLACEMENT_3D('',#1952,#1448,#1449);
#1167=AXIS2_PLACEMENT_3D('',#1954,#1450,#1451);
#1168=AXIS2_PLACEMENT_3D('',#1955,#1452,#1453);
#1169=AXIS2_PLACEMENT_3D('',#1956,#1454,#1455);
#1170=AXIS2_PLACEMENT_3D('',#1958,#1456,#1457);
#1171=AXIS2_PLACEMENT_3D('',#1959,#1458,#1459);
#1172=AXIS2_PLACEMENT_3D('',#1960,#1460,#1461);
#1173=AXIS2_PLACEMENT_3D('',#1962,#1463,#1464);
#1174=AXIS2_PLACEMENT_3D('',#1964,#1466,#1467);
#1175=AXIS2_PLACEMENT_3D('',#1967,#1470,#1471);
#1176=AXIS2_PLACEMENT_3D('',#1968,#1472,#1473);
#1177=AXIS2_PLACEMENT_3D('',#1969,#1474,#1475);
#1178=AXIS2_PLACEMENT_3D('',#1970,#1476,#1477);
#1179=AXIS2_PLACEMENT_3D('',#1973,#1479,#1480);
#1180=AXIS2_PLACEMENT_3D('',#1974,#1481,#1482);
#1181=AXIS2_PLACEMENT_3D('',#1977,#1484,#1485);
#1182=AXIS2_PLACEMENT_3D('',#1978,#1486,#1487);
#1183=AXIS2_PLACEMENT_3D('',#1980,#1489,#1490);
#1184=DIRECTION('axis',(0.,0.,1.));
#1185=DIRECTION('refdir',(1.,0.,0.));
#1186=DIRECTION('center_axis',(8.22387425648264E-17,1.,9.22685991128574E-31));
#1187=DIRECTION('ref_axis',(-0.707106781186551,0.,0.707106781186544));
#1188=DIRECTION('',(-8.22387425648264E-17,-1.,-9.22685991128574E-31));
#1189=DIRECTION('',(8.22387425648264E-17,1.,9.22685991128574E-31));
#1190=DIRECTION('center_axis',(1.,-8.22387425648264E-17,0.));
#1191=DIRECTION('ref_axis',(-8.22387425648264E-17,-1.,0.));
#1192=DIRECTION('center_axis',(-1.,8.22387425648264E-17,0.));
#1193=DIRECTION('ref_axis',(0.,0.872157527189674,0.489225150382106));
#1194=DIRECTION('',(0.,0.,-1.));
#1195=DIRECTION('',(-8.22387425648264E-17,-1.,0.));
#1196=DIRECTION('',(0.,0.,1.));
#1197=DIRECTION('center_axis',(-1.,8.22387425648264E-17,0.));
#1198=DIRECTION('ref_axis',(0.,-1.,0.));
#1199=DIRECTION('center_axis',(0.,-1.,0.));
#1200=DIRECTION('ref_axis',(0.707106781186543,0.,0.707106781186552));
#1201=DIRECTION('',(0.,-1.,0.));
#1202=DIRECTION('',(0.,-1.,0.));
#1203=DIRECTION('center_axis',(-1.,0.,0.));
#1204=DIRECTION('ref_axis',(0.,1.,0.));
#1205=DIRECTION('center_axis',(1.,0.,0.));
#1206=DIRECTION('ref_axis',(0.,-1.,0.));
#1207=DIRECTION('',(0.,0.,-1.));
#1208=DIRECTION('',(0.,1.,0.));
#1209=DIRECTION('',(0.,0.,1.));
#1210=DIRECTION('center_axis',(1.,0.,0.));
#1211=DIRECTION('ref_axis',(0.,0.872157527189674,0.489225150382106));
#1212=DIRECTION('center_axis',(0.,0.,1.));
#1213=DIRECTION('ref_axis',(-0.707106781186557,-0.707106781186538,0.));
#1214=DIRECTION('center_axis',(0.,0.,-1.));
#1215=DIRECTION('ref_axis',(-0.707106781186557,-0.707106781186538,0.));
#1216=DIRECTION('',(0.,0.,-1.));
#1217=DIRECTION('center_axis',(0.,0.,1.));
#1218=DIRECTION('ref_axis',(-0.707106781186557,-0.707106781186538,0.));
#1219=DIRECTION('',(0.,0.,1.));
#1220=DIRECTION('center_axis',(-1.,2.68991178537752E-14,0.));
#1221=DIRECTION('ref_axis',(-2.68991178537752E-14,-1.,0.));
#1222=DIRECTION('',(-2.68991178537752E-14,-1.,0.));
#1223=DIRECTION('',(0.,0.,1.));
#1224=DIRECTION('',(2.68991178537752E-14,1.,0.));
#1225=DIRECTION('center_axis',(0.,0.,1.));
#1226=DIRECTION('ref_axis',(-1.,0.,0.));
#1227=DIRECTION('',(1.,0.,0.));
#1228=DIRECTION('',(0.,-1.,0.));
#1229=DIRECTION('',(-1.,0.,2.45014736469E-15));
#1230=DIRECTION('center_axis',(0.,0.,-1.));
#1231=DIRECTION('ref_axis',(-0.707106781186538,0.707106781186557,0.));
#1232=DIRECTION('center_axis',(0.,0.,-1.));
#1233=DIRECTION('ref_axis',(-1.,0.,0.));
#1234=DIRECTION('center_axis',(0.,0.,1.));
#1235=DIRECTION('ref_axis',(-0.707106781186538,0.707106781186557,0.));
#1236=DIRECTION('',(0.,0.,-1.));
#1237=DIRECTION('center_axis',(0.,0.,1.));
#1238=DIRECTION('ref_axis',(-0.707106781186538,0.707106781186557,0.));
#1239=DIRECTION('center_axis',(0.,1.,0.));
#1240=DIRECTION('ref_axis',(-1.,0.,2.45014736469E-15));
#1241=DIRECTION('center_axis',(0.,1.,0.));
#1242=DIRECTION('ref_axis',(0.707106781186548,0.,-0.707106781186548));
#1243=DIRECTION('',(1.,0.,0.));
#1244=DIRECTION('center_axis',(0.,1.,0.));
#1245=DIRECTION('ref_axis',(-0.707106781186548,0.,-0.707106781186547));
#1246=DIRECTION('',(-1.,0.,2.45014736469E-15));
#1247=DIRECTION('center_axis',(0.,1.,0.));
#1248=DIRECTION('ref_axis',(0.707106781186547,0.,-0.707106781186547));
#1249=DIRECTION('',(0.,0.,-1.));
#1250=DIRECTION('',(1.,0.,0.));
#1251=DIRECTION('',(3.7500867540905E-14,0.,1.));
#1252=DIRECTION('center_axis',(0.,1.,0.));
#1253=DIRECTION('ref_axis',(-0.707106781186561,0.,-0.707106781186534));
#1254=DIRECTION('',(-1.,0.,2.45014736469E-15));
#1255=DIRECTION('',(0.,0.,1.));
#1256=DIRECTION('',(-1.,0.,2.45014736469E-15));
#1257=DIRECTION('center_axis',(0.,0.,1.));
#1258=DIRECTION('ref_axis',(0.707106781186547,-0.707106781186547,0.));
#1259=DIRECTION('center_axis',(0.,0.,-1.));
#1260=DIRECTION('ref_axis',(0.707106781186547,-0.707106781186547,0.));
#1261=DIRECTION('',(0.,0.,-1.));
#1262=DIRECTION('center_axis',(0.,0.,1.));
#1263=DIRECTION('ref_axis',(0.707106781186547,-0.707106781186547,0.));
#1264=DIRECTION('',(0.,0.,1.));
#1265=DIRECTION('center_axis',(0.,0.,1.));
#1266=DIRECTION('ref_axis',(-1.,0.,0.));
#1267=DIRECTION('',(0.,1.,-8.61263922133455E-15));
#1268=DIRECTION('center_axis',(0.,0.,-1.));
#1269=DIRECTION('ref_axis',(0.707106781186547,0.707106781186547,0.));
#1270=DIRECTION('',(0.,1.,0.));
#1271=DIRECTION('',(1.,0.,0.));
#1272=DIRECTION('center_axis',(0.,0.,-1.));
#1273=DIRECTION('ref_axis',(-1.,0.,0.));
#1274=DIRECTION('center_axis',(1.,0.,0.));
#1275=DIRECTION('ref_axis',(0.,1.,-8.61263922133455E-15));
#1276=DIRECTION('',(0.,1.,-8.61263922133455E-15));
#1277=DIRECTION('',(0.,0.,-1.));
#1278=DIRECTION('center_axis',(0.,0.,1.));
#1279=DIRECTION('ref_axis',(0.707106781186547,0.707106781186547,0.));
#1280=DIRECTION('center_axis',(0.,0.,1.));
#1281=DIRECTION('ref_axis',(0.707106781186547,0.707106781186547,0.));
#1282=DIRECTION('center_axis',(0.408248290463856,-0.40824829046385,-0.816496580927736));
#1283=DIRECTION('ref_axis',(0.577350269189638,-0.577350269189632,0.577350269189607));
#1284=DIRECTION('center_axis',(3.5527136788005E-14,-7.8886090522101E-29,
1.));
#1285=DIRECTION('ref_axis',(-2.22044604925032E-15,-1.,0.));
#1286=DIRECTION('center_axis',(0.,-1.,0.));
#1287=DIRECTION('ref_axis',(0.707106781186565,0.,0.70710678118653));
#1288=DIRECTION('center_axis',(1.,0.,-1.12956632385945E-14));
#1289=DIRECTION('ref_axis',(8.88178419700127E-15,-0.707106781186548,0.707106781186548));
#1290=DIRECTION('center_axis',(-3.7500867540905E-14,0.,-1.));
#1291=DIRECTION('ref_axis',(0.707106781186548,-0.707106781186548,-2.51214793389405E-14));
#1292=DIRECTION('',(3.7500867540905E-14,0.,1.));
#1293=DIRECTION('',(-3.7500867540905E-14,0.,-1.));
#1294=DIRECTION('center_axis',(1.,0.,-3.7500867540905E-14));
#1295=DIRECTION('ref_axis',(3.7500867540905E-14,0.,1.));
#1296=DIRECTION('center_axis',(-1.,0.,3.7500867540905E-14));
#1297=DIRECTION('ref_axis',(0.,0.872157527189674,0.489225150382106));
#1298=DIRECTION('',(-3.7500867540905E-14,0.,-1.));
#1299=DIRECTION('',(0.,-1.,0.));
#1300=DIRECTION('center_axis',(-1.,0.,3.7500867540905E-14));
#1301=DIRECTION('ref_axis',(0.,-1.,0.));
#1302=DIRECTION('center_axis',(-1.,0.,3.7500867540905E-14));
#1303=DIRECTION('ref_axis',(0.,0.91421361695311,-0.405232603053497));
#1304=DIRECTION('',(-3.7500867540905E-14,0.,-1.));
#1305=DIRECTION('',(0.,1.,0.));
#1306=DIRECTION('center_axis',(1.,0.,0.));
#1307=DIRECTION('ref_axis',(0.,0.872157527189674,0.489225150382106));
#1308=DIRECTION('',(1.,0.,0.));
#1309=DIRECTION('center_axis',(1.,0.,0.));
#1310=DIRECTION('ref_axis',(0.,0.872157527189674,0.489225150382106));
#1311=DIRECTION('',(1.,0.,0.));
#1312=DIRECTION('center_axis',(1.,0.,0.));
#1313=DIRECTION('ref_axis',(0.,-0.972599621821175,-0.232486506346727));
#1314=DIRECTION('',(-1.,0.,0.));
#1315=DIRECTION('',(-1.,0.,0.));
#1316=DIRECTION('',(1.,0.,0.));
#1317=DIRECTION('',(1.,0.,0.));
#1318=DIRECTION('center_axis',(-3.7500867540905E-14,0.,-1.));
#1319=DIRECTION('ref_axis',(0.707106781186548,0.707106781186548,-2.51214793389405E-14));
#1320=DIRECTION('',(3.7500867540905E-14,0.,1.));
#1321=DIRECTION('center_axis',(-3.55271367880051E-14,0.,-1.));
#1322=DIRECTION('ref_axis',(0.,1.,0.));
#1323=DIRECTION('center_axis',(0.408248290463856,0.408248290463847,-0.816496580927737));
#1324=DIRECTION('ref_axis',(0.577350269189639,0.57735026918963,0.577350269189609));
#1325=DIRECTION('center_axis',(1.,0.,-1.12956632385945E-14));
#1326=DIRECTION('ref_axis',(8.88178419700127E-15,0.707106781186548,0.707106781186548));
#1327=DIRECTION('center_axis',(0.,1.,0.));
#1328=DIRECTION('ref_axis',(0.707106781186565,0.,0.70710678118653));
#1329=DIRECTION('center_axis',(0.,1.,0.));
#1330=DIRECTION('ref_axis',(-1.,0.,0.));
#1331=DIRECTION('',(1.,0.,0.));
#1332=DIRECTION('center_axis',(0.,1.,0.));
#1333=DIRECTION('ref_axis',(-0.449406918733262,0.,-0.89332716369462));
#1334=DIRECTION('center_axis',(0.,-1.,0.));
#1335=DIRECTION('ref_axis',(-0.213200711590213,0.,0.977008421958289));
#1336=DIRECTION('',(-1.,0.,1.12956632385945E-14));
#1337=DIRECTION('center_axis',(-1.,0.,0.));
#1338=DIRECTION('ref_axis',(0.,0.91421361695311,-0.405232603053497));
#1339=DIRECTION('',(-1.,0.,0.));
#1340=DIRECTION('',(-1.,0.,0.));
#1341=DIRECTION('',(-1.,0.,0.));
#1342=DIRECTION('',(1.,0.,0.));
#1343=DIRECTION('center_axis',(0.,1.,0.));
#1344=DIRECTION('ref_axis',(0.707106781186548,0.,-0.707106781186548));
#1345=DIRECTION('center_axis',(0.,-1.,0.));
#1346=DIRECTION('ref_axis',(0.707106781186548,0.,-0.707106781186548));
#1347=DIRECTION('center_axis',(0.,-1.,0.));
#1348=DIRECTION('ref_axis',(-0.707106781186561,0.,-0.707106781186534));
#1349=DIRECTION('center_axis',(0.,-1.,0.));
#1350=DIRECTION('ref_axis',(-0.707106781186561,0.,-0.707106781186534));
#1351=DIRECTION('center_axis',(0.,1.,0.));
#1352=DIRECTION('ref_axis',(0.707106781186547,0.,-0.707106781186547));
#1353=DIRECTION('center_axis',(0.,-1.,0.));
#1354=DIRECTION('ref_axis',(0.707106781186547,0.,-0.707106781186547));
#1355=DIRECTION('',(0.,1.,0.));
#1356=DIRECTION('',(0.,-1.,0.));
#1357=DIRECTION('center_axis',(-1.,0.,0.));
#1358=DIRECTION('ref_axis',(0.,1.,0.));
#1359=DIRECTION('',(0.,0.,1.));
#1360=DIRECTION('',(0.,-1.,0.));
#1361=DIRECTION('center_axis',(1.,0.,0.));
#1362=DIRECTION('ref_axis',(0.,-1.,0.));
#1363=DIRECTION('center_axis',(-8.22387425648264E-17,-1.,0.));
#1364=DIRECTION('ref_axis',(-0.707106781186548,0.,-0.707106781186547));
#1365=DIRECTION('center_axis',(0.,-1.,0.));
#1366=DIRECTION('ref_axis',(-0.707106781186548,0.,-0.707106781186547));
#1367=DIRECTION('',(8.22387425648264E-17,1.,0.));
#1368=DIRECTION('center_axis',(0.,-1.,0.));
#1369=DIRECTION('ref_axis',(0.707106781186544,0.,0.707106781186551));
#1370=DIRECTION('',(0.,1.,0.));
#1371=DIRECTION('center_axis',(1.,0.,0.));
#1372=DIRECTION('ref_axis',(0.,0.872157527189674,0.489225150382106));
#1373=DIRECTION('',(1.,0.,0.));
#1374=DIRECTION('center_axis',(0.,1.,0.));
#1375=DIRECTION('ref_axis',(-0.707106781186539,0.,-0.707106781186556));
#1376=DIRECTION('center_axis',(0.,1.,0.));
#1377=DIRECTION('ref_axis',(-0.707106781186539,0.,-0.707106781186556));
#1378=DIRECTION('',(0.,1.,0.));
#1379=DIRECTION('center_axis',(0.,-1.,0.));
#1380=DIRECTION('ref_axis',(-0.707106781186539,0.,-0.707106781186556));
#1381=DIRECTION('center_axis',(0.,1.,0.));
#1382=DIRECTION('ref_axis',(-1.,0.,0.));
#1383=DIRECTION('center_axis',(0.,-1.,0.));
#1384=DIRECTION('ref_axis',(-0.449406918733262,0.,-0.89332716369462));
#1385=DIRECTION('center_axis',(0.,1.,0.));
#1386=DIRECTION('ref_axis',(-0.300000000000005,0.,0.953939201416944));
#1387=DIRECTION('',(-1.14148748927799E-14,0.,1.));
#1388=DIRECTION('center_axis',(1.12196023717319E-14,0.,-1.));
#1389=DIRECTION('ref_axis',(1.,0.,1.12196023717319E-14));
#1390=DIRECTION('center_axis',(1.,0.,0.));
#1391=DIRECTION('ref_axis',(0.,-1.,0.));
#1392=DIRECTION('center_axis',(1.,0.,0.));
#1393=DIRECTION('ref_axis',(0.,-1.,0.));
#1394=DIRECTION('center_axis',(0.,1.,0.));
#1395=DIRECTION('ref_axis',(-1.,0.,0.));
#1396=DIRECTION('',(1.14148748927799E-14,0.,-1.));
#1397=DIRECTION('center_axis',(0.,-1.,0.));
#1398=DIRECTION('ref_axis',(-0.299999999999997,0.,0.953939201416947));
#1399=DIRECTION('center_axis',(0.,1.,0.));
#1400=DIRECTION('ref_axis',(-0.449406918733262,0.,-0.89332716369462));
#1401=DIRECTION('center_axis',(0.,1.,0.));
#1402=DIRECTION('ref_axis',(-1.,0.,0.));
#1403=DIRECTION('',(1.,0.,-1.12956632385945E-14));
#1404=DIRECTION('center_axis',(0.,1.,0.));
#1405=DIRECTION('ref_axis',(-0.213200711590213,0.,0.977008421958289));
#1406=DIRECTION('center_axis',(0.,-1.,0.));
#1407=DIRECTION('ref_axis',(-0.449406918733262,0.,-0.89332716369462));
#1408=DIRECTION('center_axis',(0.,0.,1.));
#1409=DIRECTION('ref_axis',(-1.,0.,0.));
#1410=DIRECTION('',(1.,0.,0.));
#1411=DIRECTION('center_axis',(0.,1.,0.));
#1412=DIRECTION('ref_axis',(0.707106781186565,0.,0.70710678118653));
#1413=DIRECTION('',(0.,-1.,0.));
#1414=DIRECTION('center_axis',(8.88178419700124E-15,0.,-1.));
#1415=DIRECTION('ref_axis',(-1.,0.,-8.88178419700124E-15));
#1416=DIRECTION('center_axis',(0.,1.,0.));
#1417=DIRECTION('ref_axis',(-0.299999999999997,0.,0.953939201416947));
#1418=DIRECTION('center_axis',(0.572363520850167,0.,-0.820000000000001));
#1419=DIRECTION('ref_axis',(0.,1.,0.));
#1420=DIRECTION('center_axis',(0.572363520850172,-7.28306304154099E-15,
-0.819999999999997));
#1421=DIRECTION('ref_axis',(0.819999999999996,0.,0.572363520850172));
#1422=DIRECTION('center_axis',(0.,-1.,0.));
#1423=DIRECTION('ref_axis',(-0.300000000000005,0.,0.953939201416944));
#1424=DIRECTION('center_axis',(8.88178419700124E-15,0.,-1.));
#1425=DIRECTION('ref_axis',(0.,-1.,0.));
#1426=DIRECTION('center_axis',(0.,1.,0.));
#1427=DIRECTION('ref_axis',(-0.300000000000008,0.,0.953939201416943));
#1428=DIRECTION('',(0.,-1.,0.));
#1429=DIRECTION('',(0.,1.,0.));
#1430=DIRECTION('center_axis',(1.14148748927799E-14,0.,-1.));
#1431=DIRECTION('ref_axis',(-0.707106781186551,-0.707106781186544,0.));
#1432=DIRECTION('',(1.14148748927799E-14,0.,-1.));
#1433=DIRECTION('center_axis',(-1.,0.,1.12956632385945E-14));
#1434=DIRECTION('ref_axis',(7.8504622934189E-15,-0.707106781186548,0.707106781186548));
#1435=DIRECTION('',(-1.,0.,1.12956632385945E-14));
#1436=DIRECTION('center_axis',(1.,0.,-1.11022302462516E-14));
#1437=DIRECTION('ref_axis',(1.11022302462516E-14,0.,1.));
#1438=DIRECTION('center_axis',(0.,-1.,0.));
#1439=DIRECTION('ref_axis',(0.,0.,-1.));
#1440=DIRECTION('center_axis',(0.909090913154833,0.,0.416597781582323));
#1441=DIRECTION('ref_axis',(-0.416597781582323,0.,0.909090913154833));
#1442=DIRECTION('center_axis',(0.,-1.,0.));
#1443=DIRECTION('ref_axis',(-0.213200711590213,0.,0.977008421958289));
#1444=DIRECTION('center_axis',(0.,1.,0.));
#1445=DIRECTION('ref_axis',(-0.262734983658699,0.,-0.964868036760397));
#1446=DIRECTION('center_axis',(0.,1.,0.));
#1447=DIRECTION('ref_axis',(-0.449406918733262,0.,-0.89332716369462));
#1448=DIRECTION('center_axis',(0.,-1.,0.));
#1449=DIRECTION('ref_axis',(0.,0.,-1.));
#1450=DIRECTION('center_axis',(0.,-1.,0.));
#1451=DIRECTION('ref_axis',(-0.449406918733262,0.,-0.89332716369462));
#1452=DIRECTION('center_axis',(-0.909090913154811,0.,-0.416597781582371));
#1453=DIRECTION('ref_axis',(-0.416597781582371,0.,0.909090913154811));
#1454=DIRECTION('center_axis',(0.,1.,0.));
#1455=DIRECTION('ref_axis',(0.,0.,1.));
#1456=DIRECTION('center_axis',(-1.,0.,4.99600361081318E-14));
#1457=DIRECTION('ref_axis',(4.99600361081318E-14,0.,1.));
#1458=DIRECTION('center_axis',(0.,1.,0.));
#1459=DIRECTION('ref_axis',(-0.213200711590213,0.,0.977008421958289));
#1460=DIRECTION('center_axis',(1.,0.,-1.12956632385945E-14));
#1461=DIRECTION('ref_axis',(7.8504622934189E-15,0.707106781186548,0.707106781186548));
#1462=DIRECTION('',(1.,0.,-1.12956632385945E-14));
#1463=DIRECTION('center_axis',(-1.14148748927799E-14,0.,1.));
#1464=DIRECTION('ref_axis',(-0.707106781186551,0.707106781186544,0.));
#1465=DIRECTION('',(-1.14148748927799E-14,0.,1.));
#1466=DIRECTION('center_axis',(0.,-1.,0.));
#1467=DIRECTION('ref_axis',(-0.416597781582322,0.,0.909090913154833));
#1468=DIRECTION('',(0.,-1.,0.));
#1469=DIRECTION('',(0.,1.,0.));
#1470=DIRECTION('center_axis',(0.,-1.,0.));
#1471=DIRECTION('ref_axis',(0.416597781582372,0.,-0.90909091315481));
#1472=DIRECTION('center_axis',(-1.,0.,-1.14148748927799E-14));
#1473=DIRECTION('ref_axis',(1.14148748927799E-14,0.,-1.));
#1474=DIRECTION('center_axis',(1.12956632385945E-14,0.,1.));
#1475=DIRECTION('ref_axis',(-1.,0.,1.12956632385945E-14));
#1476=DIRECTION('center_axis',(0.,0.,1.));
#1477=DIRECTION('ref_axis',(-1.,0.,0.));
#1478=DIRECTION('',(0.,0.,-1.));
#1479=DIRECTION('center_axis',(0.,0.,-1.));
#1480=DIRECTION('ref_axis',(-1.,0.,0.));
#1481=DIRECTION('center_axis',(0.,0.,1.));
#1482=DIRECTION('ref_axis',(-1.,0.,0.));
#1483=DIRECTION('',(0.,0.,-1.));
#1484=DIRECTION('center_axis',(0.,0.,-1.));
#1485=DIRECTION('ref_axis',(-1.,0.,0.));
#1486=DIRECTION('center_axis',(0.,-1.,0.));
#1487=DIRECTION('ref_axis',(1.,0.,0.));
#1488=DIRECTION('',(1.,0.,0.));
#1489=DIRECTION('center_axis',(0.,0.,1.));
#1490=DIRECTION('ref_axis',(-1.,0.,0.));
#1491=CARTESIAN_POINT('',(0.,0.,0.));
#1492=CARTESIAN_POINT('Origin',(-2.12806364917363,43.5,59.2173874057177));
#1493=CARTESIAN_POINT('',(-2.12806364917369,46.3872068432208,64.2173874057175));
#1494=CARTESIAN_POINT('',(-5.4979856737187,45.3578653742249,62.9111152717747));
#1495=CARTESIAN_POINT('Ctrl Pts',(-5.4979856737187,45.3578653742249,62.9111152717747));
#1496=CARTESIAN_POINT('Ctrl Pts',(-5.42145697036239,45.4348968283488,62.9809351860462));
#1497=CARTESIAN_POINT('Ctrl Pts',(-5.3385084555156,45.508593546438,63.0521854676423));
#1498=CARTESIAN_POINT('Ctrl Pts',(-5.07278292480656,45.7161107531111,63.2646756597009));
#1499=CARTESIAN_POINT('Ctrl Pts',(-4.87388125482911,45.8332976837435,63.4021410630164));
#1500=CARTESIAN_POINT('Ctrl Pts',(-4.33224240152062,46.0867998458018,63.7233288089482));
#1501=CARTESIAN_POINT('Ctrl Pts',(-3.91547632294166,46.2067818844186,63.9095497665593));
#1502=CARTESIAN_POINT('Ctrl Pts',(-3.03014091597345,46.3559121808315,64.1567692543791));
#1503=CARTESIAN_POINT('Ctrl Pts',(-2.56182828271946,46.3872068432208,64.2173874057177));
#1504=CARTESIAN_POINT('Ctrl Pts',(-2.12806364917363,46.3872068432208,64.2173874057177));
#1505=CARTESIAN_POINT('',(-2.12806364917369,20.1583581864681,64.2173874057175));
#1506=CARTESIAN_POINT('',(-2.12806364917369,43.5,64.2173874057177));
#1507=CARTESIAN_POINT('',(-5.14500478331532,20.5404997563331,63.2046253210074));
#1508=CARTESIAN_POINT('Ctrl Pts',(-2.12806364917363,20.158358186468,64.2173874057177));
#1509=CARTESIAN_POINT('Ctrl Pts',(-2.65941323784952,20.158358186468,64.2173874057177));
#1510=CARTESIAN_POINT('Ctrl Pts',(-3.23038538439395,20.1787254569368,64.1268413622253));
#1511=CARTESIAN_POINT('Ctrl Pts',(-4.27590455390641,20.2944536623692,63.7650415143425));
#1512=CARTESIAN_POINT('Ctrl Pts',(-4.75321232893168,20.3901868025501,63.5010748424026));
#1513=CARTESIAN_POINT('Ctrl Pts',(-5.14500478331534,20.5404997563331,63.2046253210074));
#1514=CARTESIAN_POINT('',(-7.12806364917363,22.1815213089413,59.2173874057177));
#1515=CARTESIAN_POINT('Ctrl Pts',(-5.14500478331532,20.5404997563331,63.2046253210074));
#1516=CARTESIAN_POINT('Ctrl Pts',(-5.31009914116915,20.6038389562187,63.0797067759379));
#1517=CARTESIAN_POINT('Ctrl Pts',(-5.46433569303456,20.6700141856007,62.9467768316456));
#1518=CARTESIAN_POINT('Ctrl Pts',(-6.06917529945678,20.955212478077,62.3610773688151));
#1519=CARTESIAN_POINT('Ctrl Pts',(-6.46584567778098,21.2146394225251,61.7947934767888));
#1520=CARTESIAN_POINT('Ctrl Pts',(-6.99545831217631,21.7240262163582,60.5469906865984));
#1521=CARTESIAN_POINT('Ctrl Pts',(-7.12806364917363,21.9729517810473,59.8649068658602));
#1522=CARTESIAN_POINT('Ctrl Pts',(-7.12806364917363,22.1815213089413,59.2173874057177));
#1523=CARTESIAN_POINT('',(-7.12806364917363,42.3250566299666,59.2173874057177));
#1524=CARTESIAN_POINT('',(-7.12806364917363,43.5,59.2173874057177));
#1525=CARTESIAN_POINT('Ctrl Pts',(-7.12806364917363,42.3250566299666,59.2173874057177));
#1526=CARTESIAN_POINT('Ctrl Pts',(-7.12806364917363,42.7520666389649,59.9290254157803));
#1527=CARTESIAN_POINT('Ctrl Pts',(-6.97013752143504,43.2646803700481,60.650246685985));
#1528=CARTESIAN_POINT('Ctrl Pts',(-6.39130302282695,44.3263033433838,61.9189679348017));
#1529=CARTESIAN_POINT('Ctrl Pts',(-5.9792898511709,44.8733992975889,62.4720039980378));
#1530=CARTESIAN_POINT('Ctrl Pts',(-5.4979856737187,45.3578653742249,62.9111152717747));
#1531=CARTESIAN_POINT('Origin',(-7.12806364917363,47.,64.2173874057177));
#1532=CARTESIAN_POINT('',(-7.12806364917363,23.5,50.823653784202));
#1533=CARTESIAN_POINT('Origin',(-7.12806364917363,-3.87744290344554,50.823653784202));
#1534=CARTESIAN_POINT('',(-7.12806364917363,23.5,0.));
#1535=CARTESIAN_POINT('',(-7.12806364917363,23.5,29.6086937028677));
#1536=CARTESIAN_POINT('',(-7.12806364917363,40.,0.));
#1537=CARTESIAN_POINT('',(-7.12806364917363,39.375,0.));
#1538=CARTESIAN_POINT('',(-7.12806364917363,40.,50.823653784202));
#1539=CARTESIAN_POINT('',(-7.12806364917363,40.,57.5205205949598));
#1540=CARTESIAN_POINT('Origin',(-7.12806364917363,56.3137214517227,50.823653784202));
#1541=CARTESIAN_POINT('Origin',(-19.1280636491736,30.,59.2173874057175));
#1542=CARTESIAN_POINT('',(-19.1280636491744,20.1583581864681,64.2173874057175));
#1543=CARTESIAN_POINT('',(-16.1111225150322,20.5404997563331,63.2046253210074));
#1544=CARTESIAN_POINT('Ctrl Pts',(-16.1111225150322,20.5404997563331,63.2046253210074));
#1545=CARTESIAN_POINT('Ctrl Pts',(-16.5029149694158,20.3901868025502,63.5010748424025));
#1546=CARTESIAN_POINT('Ctrl Pts',(-16.980222744441,20.2944536623692,63.7650415143424));
#1547=CARTESIAN_POINT('Ctrl Pts',(-18.0257419139533,20.1787254569368,64.1268413622252));
#1548=CARTESIAN_POINT('Ctrl Pts',(-18.5967140604978,20.1583581864681,64.2173874057175));
#1549=CARTESIAN_POINT('Ctrl Pts',(-19.1280636491736,20.1583581864681,64.2173874057175));
#1550=CARTESIAN_POINT('',(-19.1280636491744,46.3872068432207,64.2173874057175));
#1551=CARTESIAN_POINT('',(-19.1280636491744,40.,64.2173874057175));
#1552=CARTESIAN_POINT('',(-15.7581416246288,45.3578653742249,62.9111152717747));
#1553=CARTESIAN_POINT('Ctrl Pts',(-19.1280636491736,46.3872068432207,64.2173874057175));
#1554=CARTESIAN_POINT('Ctrl Pts',(-18.6942990156278,46.3872068432207,64.2173874057175));
#1555=CARTESIAN_POINT('Ctrl Pts',(-18.2259863823738,46.3559121808314,64.1567692543789));
#1556=CARTESIAN_POINT('Ctrl Pts',(-17.3406509754057,46.2067818844185,63.9095497665591));
#1557=CARTESIAN_POINT('Ctrl Pts',(-16.9238848968267,46.0867998458017,63.7233288089481));
#1558=CARTESIAN_POINT('Ctrl Pts',(-16.3822460435183,45.8332976837434,63.4021410630162));
#1559=CARTESIAN_POINT('Ctrl Pts',(-16.1833443735408,45.716110753111,63.2646756597008));
#1560=CARTESIAN_POINT('Ctrl Pts',(-15.9176188428318,45.5085935464379,63.0521854676423));
#1561=CARTESIAN_POINT('Ctrl Pts',(-15.834670327985,45.4348968283488,62.9809351860461));
#1562=CARTESIAN_POINT('Ctrl Pts',(-15.7581416246288,45.3578653742249,62.9111152717747));
#1563=CARTESIAN_POINT('',(-14.1280636491736,42.3250566299665,59.2173874057175));
#1564=CARTESIAN_POINT('Ctrl Pts',(-15.7581416246288,45.3578653742249,62.9111152717747));
#1565=CARTESIAN_POINT('Ctrl Pts',(-15.2768374471765,44.8733992975889,62.4720039980377));
#1566=CARTESIAN_POINT('Ctrl Pts',(-14.8648242755204,44.3263033433837,61.9189679348016));
#1567=CARTESIAN_POINT('Ctrl Pts',(-14.2859897769122,43.2646803700479,60.6502466859848));
#1568=CARTESIAN_POINT('Ctrl Pts',(-14.1280636491736,42.7520666389647,59.9290254157801));
#1569=CARTESIAN_POINT('Ctrl Pts',(-14.1280636491736,42.3250566299665,59.2173874057175));
#1570=CARTESIAN_POINT('',(-14.1280636491736,22.1815213089414,59.2173874057175));
#1571=CARTESIAN_POINT('',(-14.1280636491736,30.,59.2173874057175));
#1572=CARTESIAN_POINT('Ctrl Pts',(-14.1280636491736,22.1815213089414,59.2173874057175));
#1573=CARTESIAN_POINT('Ctrl Pts',(-14.1280636491736,21.9729517810474,59.8649068658601));
#1574=CARTESIAN_POINT('Ctrl Pts',(-14.260668986171,21.7240262163582,60.5469906865982));
#1575=CARTESIAN_POINT('Ctrl Pts',(-14.7902816205663,21.2146394225252,61.7947934767886));
#1576=CARTESIAN_POINT('Ctrl Pts',(-15.1869519988905,20.9552124780771,62.3610773688149));
#1577=CARTESIAN_POINT('Ctrl Pts',(-15.7917916053128,20.6700141856007,62.9467768316454));
#1578=CARTESIAN_POINT('Ctrl Pts',(-15.9460281571783,20.6038389562188,63.0797067759378));
#1579=CARTESIAN_POINT('Ctrl Pts',(-16.1111225150322,20.5404997563331,63.2046253210074));
#1580=CARTESIAN_POINT('Origin',(-14.1280636491736,20.,64.2173874057177));
#1581=CARTESIAN_POINT('',(-14.1280636491736,40.,50.823653784202));
#1582=CARTESIAN_POINT('Origin',(-14.1280636491736,56.3137214517227,50.823653784202));
#1583=CARTESIAN_POINT('',(-14.1280636491736,40.,-3.));
#1584=CARTESIAN_POINT('',(-14.1280636491736,40.,57.5205205949598));
#1585=CARTESIAN_POINT('',(-14.1280636491736,23.5,-3.));
#1586=CARTESIAN_POINT('',(-14.1280636491736,25.875,-3.));
#1587=CARTESIAN_POINT('',(-14.1280636491736,23.5,50.823653784202));
#1588=CARTESIAN_POINT('',(-14.1280636491736,23.5,29.6086937028677));
#1589=CARTESIAN_POINT('Origin',(-14.1280636491736,-3.87744290344554,50.823653784202));
#1590=CARTESIAN_POINT('Origin',(-20.1280636491734,28.5,-9.99999999999993));
#1591=CARTESIAN_POINT('',(-20.1280636491734,23.5,-4.99999999999986));
#1592=CARTESIAN_POINT('',(-25.1280636491734,28.5000000000001,-5.));
#1593=CARTESIAN_POINT('Origin',(-20.1280636491734,28.5,-5.));
#1594=CARTESIAN_POINT('',(-25.1280636491734,28.5000000000001,-10.));
#1595=CARTESIAN_POINT('',(-25.1280636491734,28.5000000000001,-9.99999999999993));
#1596=CARTESIAN_POINT('',(-20.1280636491734,23.5,-9.99999999999986));
#1597=CARTESIAN_POINT('Origin',(-20.1280636491734,28.5,-10.));
#1598=CARTESIAN_POINT('',(-20.1280636491734,23.5,-9.99999999999993));
#1599=CARTESIAN_POINT('Origin',(-25.1280636491731,40.,-10.));
#1600=CARTESIAN_POINT('',(-25.1280636491732,35.0000000000001,-5.));
#1601=CARTESIAN_POINT('',(-25.1280636491739,11.5000002235245,-5.));
#1602=CARTESIAN_POINT('',(-25.1280636491732,35.0000000000001,-10.));
#1603=CARTESIAN_POINT('',(-25.1280636491732,35.0000000000001,-10.));
#1604=CARTESIAN_POINT('',(-25.1280636491739,11.5000002235245,-10.));
#1605=CARTESIAN_POINT('Origin',(3.43596817541323,31.75,-5.));
#1606=CARTESIAN_POINT('',(-16.1280636491736,23.5,-4.99999999999986));
#1607=CARTESIAN_POINT('',(-26.,23.5,-4.99999999999986));
#1608=CARTESIAN_POINT('',(-16.1280636491736,40.,-4.99999999999988));
#1609=CARTESIAN_POINT('',(-16.1280636491736,25.875,-5.));
#1610=CARTESIAN_POINT('',(-20.1280636491732,40.,-4.99999999999987));
#1611=CARTESIAN_POINT('',(32.,40.,-5.));
#1612=CARTESIAN_POINT('Origin',(-20.1280636491732,35.,-5.));
#1613=CARTESIAN_POINT('',(-19.5,31.5,-5.));
#1614=CARTESIAN_POINT('Origin',(-21.,31.5,-5.));
#1615=CARTESIAN_POINT('Origin',(-20.1280636491732,35.,-10.));
#1616=CARTESIAN_POINT('',(-20.1280636491732,40.,-9.99999999999987));
#1617=CARTESIAN_POINT('',(-20.1280636491732,40.,-10.));
#1618=CARTESIAN_POINT('Origin',(-20.1280636491732,35.,-10.));
#1619=CARTESIAN_POINT('Origin',(32.,40.,-10.));
#1620=CARTESIAN_POINT('Origin',(-16.1280636491736,40.,-3.));
#1621=CARTESIAN_POINT('',(-14.1280636491736,40.,50.823653784202));
#1622=CARTESIAN_POINT('',(-2.12806364917363,40.,-4.99999999999992));
#1623=CARTESIAN_POINT('Origin',(-2.12806364917363,40.,0.));
#1624=CARTESIAN_POINT('',(4.82837534434152,40.,-4.99999999999993));
#1625=CARTESIAN_POINT('',(32.,40.,-5.));
#1626=CARTESIAN_POINT('',(9.82837534434152,40.,0.));
#1627=CARTESIAN_POINT('Origin',(4.82837534434152,40.,0.));
#1628=CARTESIAN_POINT('',(9.82837534434152,40.,50.823653784202));
#1629=CARTESIAN_POINT('',(9.82837534434152,40.,57.5205205949598));
#1630=CARTESIAN_POINT('',(16.8283753443403,40.,50.823653784202));
#1631=CARTESIAN_POINT('',(-14.1280636491736,40.,50.823653784202));
#1632=CARTESIAN_POINT('',(16.8283753443384,40.,1.86517468137026E-13));
#1633=CARTESIAN_POINT('',(16.8283753443406,40.,57.5205205949594));
#1634=CARTESIAN_POINT('',(21.8283753443384,40.,-4.99999999999998));
#1635=CARTESIAN_POINT('Origin',(21.8283753443384,40.,0.));
#1636=CARTESIAN_POINT('',(27.,40.,-4.99999999999999));
#1637=CARTESIAN_POINT('',(32.,40.,-5.));
#1638=CARTESIAN_POINT('',(27.,40.,-9.99999999999999));
#1639=CARTESIAN_POINT('',(27.,40.,-9.99999999999993));
#1640=CARTESIAN_POINT('',(32.,40.,-10.));
#1641=CARTESIAN_POINT('Origin',(27.,28.5,-9.99999999999986));
#1642=CARTESIAN_POINT('',(32.,28.5,-4.9999999999999));
#1643=CARTESIAN_POINT('',(27.,23.5,-4.99999999999986));
#1644=CARTESIAN_POINT('Origin',(27.,28.5,-5.));
#1645=CARTESIAN_POINT('',(27.,23.5,-9.99999999999986));
#1646=CARTESIAN_POINT('',(27.,23.5,-9.99999999999986));
#1647=CARTESIAN_POINT('',(32.,28.5,-9.9999999999999));
#1648=CARTESIAN_POINT('Origin',(27.,28.5,-10.));
#1649=CARTESIAN_POINT('',(32.,28.5,-9.99999999999986));
#1650=CARTESIAN_POINT('Origin',(3.43596817541323,31.75,-5.));
#1651=CARTESIAN_POINT('',(32.,35.,-4.99999999999996));
#1652=CARTESIAN_POINT('',(32.,23.5,-4.99999999999986));
#1653=CARTESIAN_POINT('Origin',(27.,35.,-5.));
#1654=CARTESIAN_POINT('',(21.8283753443384,23.5,-4.99999999999986));
#1655=CARTESIAN_POINT('',(21.8283753443384,35.875,-5.));
#1656=CARTESIAN_POINT('',(-26.,23.5,-4.99999999999986));
#1657=CARTESIAN_POINT('',(28.5,31.5,-5.));
#1658=CARTESIAN_POINT('Origin',(27.,31.5,-5.));
#1659=CARTESIAN_POINT('Origin',(32.,23.5,-9.99999999999986));
#1660=CARTESIAN_POINT('',(32.,35.,-9.99999999999996));
#1661=CARTESIAN_POINT('',(32.,23.5,-9.99999999999986));
#1662=CARTESIAN_POINT('',(32.,35.,-9.99999999999993));
#1663=CARTESIAN_POINT('Origin',(27.,35.,-9.99999999999993));
#1664=CARTESIAN_POINT('Origin',(27.,35.,-10.));
#1665=CARTESIAN_POINT('Origin',(15.8283753443409,21.,67.7173872939593));
#1666=CARTESIAN_POINT('',(15.8283753443409,20.,67.7173872939593));
#1667=CARTESIAN_POINT('',(16.8283753443409,21.,67.7173872939593));
#1668=CARTESIAN_POINT('Origin',(15.8283753443409,21.,67.7173872939593));
#1669=CARTESIAN_POINT('',(15.8283753443409,21.,68.7173872939593));
#1670=CARTESIAN_POINT('Origin',(15.8283753443409,21.,67.7173872939593));
#1671=CARTESIAN_POINT('Origin',(15.8283753443409,21.,67.7173872939593));
#1672=CARTESIAN_POINT('Origin',(15.828375344341,21.,69.2749634039461));
#1673=CARTESIAN_POINT('',(16.7165529876476,20.5404997563331,63.2046253210074));
#1674=CARTESIAN_POINT('',(16.8283753443412,21.,62.2533175814109));
#1675=CARTESIAN_POINT('Ctrl Pts',(16.7165529876476,20.5404997563331,63.2046253210074));
#1676=CARTESIAN_POINT('Ctrl Pts',(16.7261203014931,20.5589926176128,63.1681534153091));
#1677=CARTESIAN_POINT('Ctrl Pts',(16.7349815907082,20.5775354913048,63.1313799909589));
#1678=CARTESIAN_POINT('Ctrl Pts',(16.8050498540233,20.7362276104928,62.8148743127128));
#1679=CARTESIAN_POINT('Ctrl Pts',(16.8283753443407,20.8763094679443,62.5225384617017));
#1680=CARTESIAN_POINT('Ctrl Pts',(16.8283753443407,21.,62.2533175814109));
#1681=CARTESIAN_POINT('',(16.828375344341,21.,69.274963403946));
#1682=CARTESIAN_POINT('',(15.8283753443408,20.,65.4657882025209));
#1683=CARTESIAN_POINT('',(15.828375344341,20.,69.2749634039461));
#1684=CARTESIAN_POINT('Ctrl Pts',(15.8283753443408,20.,65.4657882025209));
#1685=CARTESIAN_POINT('Ctrl Pts',(16.0508838584209,20.,64.9682440394654));
#1686=CARTESIAN_POINT('Ctrl Pts',(16.2931959580438,20.0781760453374,64.4307609528775));
#1687=CARTESIAN_POINT('Ctrl Pts',(16.5768733859251,20.3260620146478,63.6715487059843));
#1688=CARTESIAN_POINT('Ctrl Pts',(16.6564914975697,20.4244056444233,63.4335879156893));
#1689=CARTESIAN_POINT('Ctrl Pts',(16.7165529876476,20.5404997563331,63.2046253210074));
#1690=CARTESIAN_POINT('Origin',(16.8283753443408,40.,64.2173874057179));
#1691=CARTESIAN_POINT('',(16.8283753443403,23.5,50.823653784202));
#1692=CARTESIAN_POINT('Origin',(16.8283753443408,-3.87744290344554,50.823653784202));
#1693=CARTESIAN_POINT('',(16.8283753443384,23.5,1.86517468137026E-13));
#1694=CARTESIAN_POINT('',(16.8283753443395,23.5,29.6086937028672));
#1695=CARTESIAN_POINT('',(16.8283753443384,35.875,1.87504337704525E-13));
#1696=CARTESIAN_POINT('',(16.8283753443408,45.3578653742249,62.9111152717747));
#1697=CARTESIAN_POINT('Origin',(16.8283753443408,56.3137214517227,50.823653784202));
#1698=CARTESIAN_POINT('',(16.8283753443407,46.,63.6158069092233));
#1699=CARTESIAN_POINT('Origin',(16.8283753443408,42.,66.6158069092233));
#1700=CARTESIAN_POINT('',(16.8283753443409,46.,67.7173872939593));
#1701=CARTESIAN_POINT('',(16.828375344341,46.,69.274963403946));
#1702=CARTESIAN_POINT('',(16.8283753443409,40.,67.7173872939593));
#1703=CARTESIAN_POINT('Origin',(-14.1280636491736,-3.87744290344554,50.823653784202));
#1704=CARTESIAN_POINT('',(7.84531647848331,20.5404997563331,63.2046253210074));
#1705=CARTESIAN_POINT('',(-14.1280636491736,20.5404997563331,63.2046253210074));
#1706=CARTESIAN_POINT('',(9.82837534434152,22.1815213089413,59.2173874057177));
#1707=CARTESIAN_POINT('Ctrl Pts',(9.82837534434152,22.1815213089413,59.2173874057177));
#1708=CARTESIAN_POINT('Ctrl Pts',(9.82837534434152,21.9729517810473,59.8649068658603));
#1709=CARTESIAN_POINT('Ctrl Pts',(9.69577000734419,21.7240262163581,60.5469906865985));
#1710=CARTESIAN_POINT('Ctrl Pts',(9.16615737294886,21.2146394225251,61.7947934767889));
#1711=CARTESIAN_POINT('Ctrl Pts',(8.76948699462467,20.9552124780769,62.3610773688152));
#1712=CARTESIAN_POINT('Ctrl Pts',(8.16464738820248,20.6700141856007,62.9467768316456));
#1713=CARTESIAN_POINT('Ctrl Pts',(8.0104108363371,20.6038389562187,63.0797067759379));
#1714=CARTESIAN_POINT('Ctrl Pts',(7.84531647848331,20.5404997563331,63.2046253210074));
#1715=CARTESIAN_POINT('',(9.82837534434152,23.5,50.823653784202));
#1716=CARTESIAN_POINT('Origin',(9.82837534434152,-3.87744290344554,50.823653784202));
#1717=CARTESIAN_POINT('',(-14.1280636491736,23.5,50.823653784202));
#1718=CARTESIAN_POINT('Origin',(-14.1280636491736,25.,65.4657882025209));
#1719=CARTESIAN_POINT('',(0.815994319377395,20.,65.4657882025209));
#1720=CARTESIAN_POINT('',(-14.1280636491736,20.,65.4657882025209));
#1721=CARTESIAN_POINT('',(-6.07212161772511,20.,65.4657882025209));
#1722=CARTESIAN_POINT('Ctrl Pts',(0.815994319377349,20.,65.4657882025209));
#1723=CARTESIAN_POINT('Ctrl Pts',(0.796908902570103,20.,65.4638821040702));
#1724=CARTESIAN_POINT('Ctrl Pts',(0.777821895427269,20.00000108989,65.4619918173371));
#1725=CARTESIAN_POINT('Ctrl Pts',(0.494211181997023,20.0000326767874,65.4341416277856));
#1726=CARTESIAN_POINT('Ctrl Pts',(0.22938073248452,20.0002583869002,65.4112021361094));
#1727=CARTESIAN_POINT('Ctrl Pts',(-0.898053600598604,20.0015189777709,65.3265848212372));
#1728=CARTESIAN_POINT('Ctrl Pts',(-1.76278382490172,20.0029479975074,65.2941161768885));
#1729=CARTESIAN_POINT('Ctrl Pts',(-3.493343473446,20.0029479975074,65.2941161768885));
#1730=CARTESIAN_POINT('Ctrl Pts',(-4.35807369774911,20.0015189777709,65.3265848212372));
#1731=CARTESIAN_POINT('Ctrl Pts',(-5.48550803083233,20.0002583869002,65.4112021361094));
#1732=CARTESIAN_POINT('Ctrl Pts',(-5.75033848034479,20.0000326767874,65.4341416277856));
#1733=CARTESIAN_POINT('Ctrl Pts',(-6.03394919377482,20.00000108989,65.4619918173371));
#1734=CARTESIAN_POINT('Ctrl Pts',(-6.05303620091797,20.,65.4638821040703));
#1735=CARTESIAN_POINT('Ctrl Pts',(-6.07212161772506,20.,65.4657882025209));
#1736=CARTESIAN_POINT('',(-22.7917100584478,20.,65.4657882025209));
#1737=CARTESIAN_POINT('',(-14.1280636491736,20.,65.4657882025209));
#1738=CARTESIAN_POINT('Ctrl Pts',(-22.7917100584478,20.,65.4657882025209));
#1739=CARTESIAN_POINT('Ctrl Pts',(-22.4824169627831,20.,65.227312588125));
#1740=CARTESIAN_POINT('Ctrl Pts',(-22.1469715736299,20.0170338070011,65.0172379647093));
#1741=CARTESIAN_POINT('Ctrl Pts',(-20.9613669842188,20.0909519601174,64.4292538788924));
#1742=CARTESIAN_POINT('Ctrl Pts',(-20.0246026724958,20.1583581864681,64.2173874057175));
#1743=CARTESIAN_POINT('Ctrl Pts',(-19.1280636491744,20.1583581864681,64.2173874057175));
#1744=CARTESIAN_POINT('',(-14.1280636491736,20.5404997563331,63.2046253210074));
#1745=CARTESIAN_POINT('',(4.82837534434146,20.1583581864681,64.2173874057175));
#1746=CARTESIAN_POINT('',(-14.1280636491736,20.1583581864681,64.2173874057175));
#1747=CARTESIAN_POINT('Ctrl Pts',(7.84531647848333,20.5404997563331,63.2046253210074));
#1748=CARTESIAN_POINT('Ctrl Pts',(7.45352402409964,20.3901868025501,63.5010748424026));
#1749=CARTESIAN_POINT('Ctrl Pts',(6.97621624907435,20.2944536623692,63.7650415143426));
#1750=CARTESIAN_POINT('Ctrl Pts',(5.93069707956185,20.1787254569368,64.1268413622254));
#1751=CARTESIAN_POINT('Ctrl Pts',(5.35972493301741,20.158358186468,64.2173874057177));
#1752=CARTESIAN_POINT('Ctrl Pts',(4.82837534434152,20.158358186468,64.2173874057177));
#1753=CARTESIAN_POINT('Origin',(15.828375344341,46.,69.2749634039461));
#1754=CARTESIAN_POINT('',(15.8283753443409,47.,66.6158069092233));
#1755=CARTESIAN_POINT('Ctrl Pts',(16.8283753443408,46.,63.6158069092233));
#1756=CARTESIAN_POINT('Ctrl Pts',(16.8283753443408,46.2896341589508,64.0019857878244));
#1757=CARTESIAN_POINT('Ctrl Pts',(16.6897370159651,46.5528518907488,64.4990246431436));
#1758=CARTESIAN_POINT('Ctrl Pts',(16.3489170045086,46.8936719022053,65.4504606325945));
#1759=CARTESIAN_POINT('Ctrl Pts',(16.0667249388678,47.,66.0828410134516));
#1760=CARTESIAN_POINT('Ctrl Pts',(15.8283753443409,47.,66.6158069092233));
#1761=CARTESIAN_POINT('',(15.8283753443409,47.,67.7173872939593));
#1762=CARTESIAN_POINT('',(15.828375344341,47.,69.2749634039461));
#1763=CARTESIAN_POINT('Origin',(15.8283753443409,46.,67.7173872939593));
#1764=CARTESIAN_POINT('Origin',(15.8283753443409,46.,67.7173872939593));
#1765=CARTESIAN_POINT('',(15.8283753443409,46.,68.7173872939593));
#1766=CARTESIAN_POINT('Origin',(15.8283753443409,46.,67.7173872939593));
#1767=CARTESIAN_POINT('Origin',(15.8283753443409,46.,67.7173872939593));
#1768=CARTESIAN_POINT('Origin',(-4.14984415241681,47.,74.332539402175));
#1769=CARTESIAN_POINT('',(5.44464091996052,47.,66.6158069092233));
#1770=CARTESIAN_POINT('',(-14.1280636491736,47.,66.6158069092233));
#1771=CARTESIAN_POINT('',(7.37028310880339,47.,67.3992054900015));
#1772=CARTESIAN_POINT('Origin',(-2.62806364917386,47.,89.2173874057177));
#1773=CARTESIAN_POINT('',(8.82837534434092,47.,67.7173872939594));
#1774=CARTESIAN_POINT('Origin',(8.82837534434074,47.,64.2173872939612));
#1775=CARTESIAN_POINT('',(6.33926559596204,47.,67.7173872939594));
#1776=CARTESIAN_POINT('Origin',(-14.1280636491736,42.,66.6158069092233));
#1777=CARTESIAN_POINT('',(8.19829736888668,45.3578653742249,62.9111152717747));
#1778=CARTESIAN_POINT('',(-14.1280636491736,45.3578653742249,62.9111152717747));
#1779=CARTESIAN_POINT('',(4.82837534434146,46.3872068432208,64.2173874057175));
#1780=CARTESIAN_POINT('Ctrl Pts',(4.82837534434152,46.3872068432209,64.2173874057177));
#1781=CARTESIAN_POINT('Ctrl Pts',(5.26213997788735,46.3872068432209,64.2173874057177));
#1782=CARTESIAN_POINT('Ctrl Pts',(5.73045261114135,46.3559121808315,64.1567692543792));
#1783=CARTESIAN_POINT('Ctrl Pts',(6.61578801810957,46.2067818844187,63.9095497665593));
#1784=CARTESIAN_POINT('Ctrl Pts',(7.03255409668854,46.0867998458019,63.7233288089483));
#1785=CARTESIAN_POINT('Ctrl Pts',(7.57419294999703,45.8332976837436,63.4021410630164));
#1786=CARTESIAN_POINT('Ctrl Pts',(7.77309461997449,45.7161107531111,63.264675659701));
#1787=CARTESIAN_POINT('Ctrl Pts',(8.03882015068355,45.508593546438,63.0521854676424));
#1788=CARTESIAN_POINT('Ctrl Pts',(8.12176866553036,45.4348968283488,62.9809351860462));
#1789=CARTESIAN_POINT('Ctrl Pts',(8.19829736888668,45.3578653742249,62.9111152717747));
#1790=CARTESIAN_POINT('',(-14.1280636491736,46.3872068432208,64.2173874057175));
#1791=CARTESIAN_POINT('',(-14.1280636491736,45.3578653742249,62.9111152717747));
#1792=CARTESIAN_POINT('',(-23.9268778701328,47.,66.6158069092233));
#1793=CARTESIAN_POINT('Ctrl Pts',(-19.1280636491744,46.3872068432207,64.2173874057175));
#1794=CARTESIAN_POINT('Ctrl Pts',(-20.0853283845187,46.3872068432207,64.2173874057175));
#1795=CARTESIAN_POINT('Ctrl Pts',(-21.0631657169259,46.5348540496118,64.4554295726958));
#1796=CARTESIAN_POINT('Ctrl Pts',(-22.7092713964921,46.8497545478727,65.3220787313664));
#1797=CARTESIAN_POINT('Ctrl Pts',(-23.4005917507052,47.,65.9145732934091));
#1798=CARTESIAN_POINT('Ctrl Pts',(-23.9268778701328,47.,66.6158069092233));
#1799=CARTESIAN_POINT('',(-10.7007682183082,47.,66.6158069092233));
#1800=CARTESIAN_POINT('',(-14.1280636491736,47.,66.6158069092233));
#1801=CARTESIAN_POINT('Ctrl Pts',(-10.7007682183082,47.,66.6158069092233));
#1802=CARTESIAN_POINT('Ctrl Pts',(-10.6895712768582,47.,66.613095332938));
#1803=CARTESIAN_POINT('Ctrl Pts',(-10.6783729676845,46.9999977942131,66.6103893316062));
#1804=CARTESIAN_POINT('Ctrl Pts',(-10.0894983995752,46.9997672631191,66.4684018476797));
#1805=CARTESIAN_POINT('Ctrl Pts',(-9.50699554177891,46.9937990944637,66.3436576591194));
#1806=CARTESIAN_POINT('Ctrl Pts',(-7.67672339406182,46.9674980983453,66.0002323919539));
#1807=CARTESIAN_POINT('Ctrl Pts',(-6.4104202822525,46.9392841090803,65.8329783045511));
#1808=CARTESIAN_POINT('Ctrl Pts',(-4.30355093745155,46.9111354827946,65.6751716317379));
#1809=CARTESIAN_POINT('Ctrl Pts',(-3.46704269698683,46.9045861928776,65.6436781746237));
#1810=CARTESIAN_POINT('Ctrl Pts',(-1.78908460136088,46.9045861928776,65.6436781746237));
#1811=CARTESIAN_POINT('Ctrl Pts',(-0.952576360896167,46.9111354827946,65.6751716317379));
#1812=CARTESIAN_POINT('Ctrl Pts',(1.15429298390477,46.9392841090803,65.8329783045511));
#1813=CARTESIAN_POINT('Ctrl Pts',(2.42059609571408,46.9674980983453,66.0002323919539));
#1814=CARTESIAN_POINT('Ctrl Pts',(4.25086824343141,46.9937990944637,66.3436576591194));
#1815=CARTESIAN_POINT('Ctrl Pts',(4.83337110122763,46.9997672631191,66.4684018476797));
#1816=CARTESIAN_POINT('Ctrl Pts',(5.42224566933672,46.9999977942131,66.6103893316062));
#1817=CARTESIAN_POINT('Ctrl Pts',(5.43344397851061,47.,66.613095332938));
#1818=CARTESIAN_POINT('Ctrl Pts',(5.44464091996052,47.,66.6158069092233));
#1819=CARTESIAN_POINT('Origin',(-16.1280636491736,25.875,-3.));
#1820=CARTESIAN_POINT('Origin',(-16.1280636491736,23.5,-3.));
#1821=CARTESIAN_POINT('Origin',(21.8283753443384,35.875,0.));
#1822=CARTESIAN_POINT('Origin',(21.8283753443384,23.5,0.));
#1823=CARTESIAN_POINT('Origin',(4.82837534434152,25.875,0.));
#1824=CARTESIAN_POINT('',(4.82837534434152,23.5,-4.99999999999986));
#1825=CARTESIAN_POINT('',(9.82837534434152,23.5,0.));
#1826=CARTESIAN_POINT('Origin',(4.82837534434152,23.5,0.));
#1827=CARTESIAN_POINT('',(9.82837534434152,25.875,0.));
#1828=CARTESIAN_POINT('',(4.82837534434152,25.875,-5.));
#1829=CARTESIAN_POINT('Origin',(9.82837534434152,20.,64.2173874057177));
#1830=CARTESIAN_POINT('',(9.82837534434152,23.5,29.6086937028677));
#1831=CARTESIAN_POINT('',(9.82837534434152,42.3250566299667,59.2173874057177));
#1832=CARTESIAN_POINT('',(9.82837534434152,30.,59.2173874057177));
#1833=CARTESIAN_POINT('Origin',(9.82837534434152,56.3137214517227,50.823653784202));
#1834=CARTESIAN_POINT('Origin',(-2.12806364917363,39.375,0.));
#1835=CARTESIAN_POINT('',(-2.12806364917363,23.5,-4.99999999999986));
#1836=CARTESIAN_POINT('Origin',(-2.12806364917363,23.5,0.));
#1837=CARTESIAN_POINT('',(-2.12806364917363,39.375,-5.));
#1838=CARTESIAN_POINT('Origin',(4.82837534434152,30.,59.2173874057177));
#1839=CARTESIAN_POINT('',(4.82837534434146,30.,64.2173874057177));
#1840=CARTESIAN_POINT('Ctrl Pts',(8.19829736888667,45.3578653742249,62.9111152717747));
#1841=CARTESIAN_POINT('Ctrl Pts',(8.67960154633883,44.8733992975889,62.4720039980378));
#1842=CARTESIAN_POINT('Ctrl Pts',(9.09161471799486,44.3263033433838,61.9189679348018));
#1843=CARTESIAN_POINT('Ctrl Pts',(9.67044921660293,43.2646803700481,60.650246685985));
#1844=CARTESIAN_POINT('Ctrl Pts',(9.82837534434152,42.7520666389649,59.9290254157804));
#1845=CARTESIAN_POINT('Ctrl Pts',(9.82837534434152,42.3250566299667,59.2173874057177));
#1846=CARTESIAN_POINT('Origin',(-14.1280636491736,-3.87744290344554,50.823653784202));
#1847=CARTESIAN_POINT('',(-14.1280636491736,23.5,50.823653784202));
#1848=CARTESIAN_POINT('Origin',(-19.1280636491744,40.,70.2173874057175));
#1849=CARTESIAN_POINT('',(-24.1280636491744,20.,66.900762615362));
#1850=CARTESIAN_POINT('Origin',(-19.1280636491744,20.,70.2173874057175));
#1851=CARTESIAN_POINT('',(-25.1280636491744,21.,70.2173874057174));
#1852=CARTESIAN_POINT('Ctrl Pts',(-24.1280636491744,20.,66.900762615362));
#1853=CARTESIAN_POINT('Ctrl Pts',(-24.3863214016469,20.,67.2901008263401));
#1854=CARTESIAN_POINT('Ctrl Pts',(-24.6337563094279,20.100023095818,67.7619116937428));
#1855=CARTESIAN_POINT('Ctrl Pts',(-25.0160838381334,20.465462867735,68.9066059960882));
#1856=CARTESIAN_POINT('Ctrl Pts',(-25.1270034995554,20.7251940064118,69.5442497979122));
#1857=CARTESIAN_POINT('Ctrl Pts',(-25.1280611333086,20.9974098306574,70.2110428124772));
#1858=CARTESIAN_POINT('Ctrl Pts',(-25.1280636491744,20.9987049155037,70.2142151095278));
#1859=CARTESIAN_POINT('Ctrl Pts',(-25.1280636491744,21.,70.2173874057174));
#1860=CARTESIAN_POINT('',(-25.1280636491744,46.,70.2173874057174));
#1861=CARTESIAN_POINT('',(-25.1280636491744,40.,70.2173874057174));
#1862=CARTESIAN_POINT('',(-24.1280636491744,47.,66.900762615362));
#1863=CARTESIAN_POINT('Ctrl Pts',(-25.1280636491744,46.,70.2173874057174));
#1864=CARTESIAN_POINT('Ctrl Pts',(-25.1280636491744,46.0012950844963,70.2142151095278));
#1865=CARTESIAN_POINT('Ctrl Pts',(-25.1280611333086,46.0025901693426,70.2110428124772));
#1866=CARTESIAN_POINT('Ctrl Pts',(-25.1270034995554,46.2748059935882,69.5442497979122));
#1867=CARTESIAN_POINT('Ctrl Pts',(-25.0160838381334,46.534537132265,68.9066059960882));
#1868=CARTESIAN_POINT('Ctrl Pts',(-24.6337563094279,46.899976904182,67.7619116937427));
#1869=CARTESIAN_POINT('Ctrl Pts',(-24.3863214016468,47.,67.29010082634));
#1870=CARTESIAN_POINT('Ctrl Pts',(-24.1280636491744,47.,66.900762615362));
#1871=CARTESIAN_POINT('Origin',(-19.1280636491744,47.,70.2173874057175));
#1872=CARTESIAN_POINT('Origin',(-4.14984415241681,20.,74.332539402175));
#1873=CARTESIAN_POINT('',(-22.3080636491745,20.,75.4806629053131));
#1874=CARTESIAN_POINT('Origin',(-2.62806364917386,20.,89.2173874057177));
#1875=CARTESIAN_POINT('',(-24.1280636491745,20.,74.9082993844629));
#1876=CARTESIAN_POINT('Origin',(-23.1280636491745,20.,74.9082993844629));
#1877=CARTESIAN_POINT('',(-24.1280636491745,20.,79.3901154004037));
#1878=CARTESIAN_POINT('Origin',(-25.1280636491743,40.,64.2173874057174));
#1879=CARTESIAN_POINT('Origin',(-14.1280636491736,56.3137214517227,50.823653784202));
#1880=CARTESIAN_POINT('Origin',(-14.1280636491736,56.3137214517227,50.823653784202));
#1881=CARTESIAN_POINT('Origin',(-4.14984415241681,47.,74.332539402175));
#1882=CARTESIAN_POINT('',(-24.1280636491745,47.,74.9082993844629));
#1883=CARTESIAN_POINT('',(-24.1280636491745,47.,79.3901154004037));
#1884=CARTESIAN_POINT('',(-22.3080636491745,47.,75.4806629053131));
#1885=CARTESIAN_POINT('Origin',(-23.1280636491745,47.,74.9082993844629));
#1886=CARTESIAN_POINT('Origin',(-2.62806364917386,47.,89.2173874057177));
#1887=CARTESIAN_POINT('Origin',(-4.14984415241681,20.,74.332539402175));
#1888=CARTESIAN_POINT('',(8.82837534434096,20.,67.7173872939594));
#1889=CARTESIAN_POINT('',(6.33926559596204,20.,67.7173872939594));
#1890=CARTESIAN_POINT('',(7.37028310880334,20.,67.3992054900015));
#1891=CARTESIAN_POINT('Origin',(8.82837534434074,20.,64.2173872939612));
#1892=CARTESIAN_POINT('Origin',(-2.62806364917386,20.,89.2173874057177));
#1893=CARTESIAN_POINT('Origin',(3.43596817541323,31.75,-5.));
#1894=CARTESIAN_POINT('',(-26.,23.5,-4.99999999999986));
#1895=CARTESIAN_POINT('Origin',(15.8283753443409,40.,67.7173872939593));
#1896=CARTESIAN_POINT('',(15.8283753443409,40.,68.7173872939593));
#1897=CARTESIAN_POINT('Ctrl Pts',(-25.1280636491745,46.,74.9082993844629));
#1898=CARTESIAN_POINT('Ctrl Pts',(-25.1280636491745,46.,76.3758981558736));
#1899=CARTESIAN_POINT('Ctrl Pts',(-23.7280636491745,46.,76.8161777872969));
#1900=CARTESIAN_POINT('Ctrl Pts',(-22.3280636491745,46.,77.2564574187201));
#1901=CARTESIAN_POINT('Ctrl Pts',(-21.4880636491745,46.,76.0530264261633));
#1902=CARTESIAN_POINT('Ctrl Pts',(-25.1280636491745,47.,74.9082993844629));
#1903=CARTESIAN_POINT('Ctrl Pts',(-25.1280636491745,47.,76.3758981558736));
#1904=CARTESIAN_POINT('Ctrl Pts',(-23.7280636491745,47.,76.8161777872969));
#1905=CARTESIAN_POINT('Ctrl Pts',(-22.3280636491745,47.,77.2564574187201));
#1906=CARTESIAN_POINT('Ctrl Pts',(-21.4880636491745,47.,76.0530264261633));
#1907=CARTESIAN_POINT('Ctrl Pts',(-24.1280636491745,47.,74.9082993844629));
#1908=CARTESIAN_POINT('Ctrl Pts',(-24.1280636491745,47.,75.6420987701683));
#1909=CARTESIAN_POINT('Ctrl Pts',(-23.4280636491745,47.,75.8622385858799));
#1910=CARTESIAN_POINT('Ctrl Pts',(-22.7280636491745,47.,76.0823784015915));
#1911=CARTESIAN_POINT('Ctrl Pts',(-22.3080636491745,47.,75.4806629053131));
#1912=CARTESIAN_POINT('',(-25.1280636491745,46.,74.9082993844629));
#1913=CARTESIAN_POINT('Origin',(-24.1280636491745,46.,74.9082993844629));
#1914=CARTESIAN_POINT('',(-21.4880636491745,46.,76.0530264261633));
#1915=CARTESIAN_POINT('Origin',(-23.1280636491745,46.,74.9082993844629));
#1916=CARTESIAN_POINT('Origin',(-22.3080636491745,46.,75.4806629053131));
#1917=CARTESIAN_POINT('Ctrl Pts',(-21.4880636491745,21.,76.0530264261633));
#1918=CARTESIAN_POINT('Ctrl Pts',(-22.3280636491745,21.,77.2564574187201));
#1919=CARTESIAN_POINT('Ctrl Pts',(-23.7280636491745,21.,76.8161777872968));
#1920=CARTESIAN_POINT('Ctrl Pts',(-25.1280636491745,21.,76.3758981558736));
#1921=CARTESIAN_POINT('Ctrl Pts',(-25.1280636491745,21.,74.9082993844629));
#1922=CARTESIAN_POINT('Ctrl Pts',(-21.4880636491745,20.,76.0530264261633));
#1923=CARTESIAN_POINT('Ctrl Pts',(-22.3280636491745,20.,77.2564574187201));
#1924=CARTESIAN_POINT('Ctrl Pts',(-23.7280636491745,20.,76.8161777872969));
#1925=CARTESIAN_POINT('Ctrl Pts',(-25.1280636491745,20.,76.3758981558736));
#1926=CARTESIAN_POINT('Ctrl Pts',(-25.1280636491745,20.,74.9082993844629));
#1927=CARTESIAN_POINT('Ctrl Pts',(-22.3080636491745,20.,75.4806629053131));
#1928=CARTESIAN_POINT('Ctrl Pts',(-22.7280636491745,20.,76.0823784015915));
#1929=CARTESIAN_POINT('Ctrl Pts',(-23.4280636491745,20.,75.8622385858799));
#1930=CARTESIAN_POINT('Ctrl Pts',(-24.1280636491745,20.,75.6420987701683));
#1931=CARTESIAN_POINT('Ctrl Pts',(-24.1280636491745,20.,74.9082993844629));
#1932=CARTESIAN_POINT('',(-21.4880636491745,21.,76.0530264261633));
#1933=CARTESIAN_POINT('Origin',(-22.3080636491745,21.,75.4806629053131));
#1934=CARTESIAN_POINT('',(-25.1280636491745,21.,74.9082993844629));
#1935=CARTESIAN_POINT('Origin',(-23.1280636491745,21.,74.9082993844629));
#1936=CARTESIAN_POINT('Origin',(-24.1280636491745,21.,74.9082993844629));
#1937=CARTESIAN_POINT('Origin',(-23.1280636491745,40.,74.9082993844629));
#1938=CARTESIAN_POINT('',(-25.1280636491745,40.,74.9082993844629));
#1939=CARTESIAN_POINT('',(-21.4880636491745,40.,76.0530264261633));
#1940=CARTESIAN_POINT('Origin',(-24.1280636491745,21.,79.3901154004037));
#1941=CARTESIAN_POINT('',(-25.1280636491745,21.,79.3901154004036));
#1942=CARTESIAN_POINT('Origin',(6.33926559596204,21.,67.7173872939594));
#1943=CARTESIAN_POINT('',(8.82837534434097,21.,68.7173872939594));
#1944=CARTESIAN_POINT('',(6.33926559596205,21.,68.7173872939594));
#1945=CARTESIAN_POINT('Origin',(8.82837534434096,21.,67.7173872939594));
#1946=CARTESIAN_POINT('Origin',(8.82837534434074,21.,64.2173872939612));
#1947=CARTESIAN_POINT('',(6.95368532722102,21.,68.3082964031563));
#1948=CARTESIAN_POINT('Origin',(7.37028310880334,21.,67.3992054900015));
#1949=CARTESIAN_POINT('Origin',(8.82837534434074,21.,64.2173872939612));
#1950=CARTESIAN_POINT('Origin',(-2.62806364917386,21.,89.2173874057177));
#1951=CARTESIAN_POINT('Origin',(-2.62806364917386,21.,89.2173874057177));
#1952=CARTESIAN_POINT('Origin',(-2.62806364917386,46.,89.2173874057177));
#1953=CARTESIAN_POINT('',(6.95368532722102,46.,68.3082964031563));
#1954=CARTESIAN_POINT('Origin',(-2.62806364917386,46.,89.2173874057177));
#1955=CARTESIAN_POINT('Origin',(7.37028310880339,46.,67.3992054900015));
#1956=CARTESIAN_POINT('Origin',(8.82837534434074,46.,64.2173872939612));
#1957=CARTESIAN_POINT('',(8.82837534434097,46.,68.7173872939594));
#1958=CARTESIAN_POINT('Origin',(8.82837534434092,46.,67.7173872939594));
#1959=CARTESIAN_POINT('Origin',(8.82837534434074,46.,64.2173872939612));
#1960=CARTESIAN_POINT('Origin',(6.33926559596204,46.,67.7173872939594));
#1961=CARTESIAN_POINT('',(6.33926559596205,46.,68.7173872939594));
#1962=CARTESIAN_POINT('Origin',(-24.1280636491745,46.,79.3901154004037));
#1963=CARTESIAN_POINT('',(-25.1280636491745,46.,79.3901154004036));
#1964=CARTESIAN_POINT('Origin',(8.82837534434074,40.,64.2173872939612));
#1965=CARTESIAN_POINT('',(6.95368532722102,40.,68.3082964031563));
#1966=CARTESIAN_POINT('',(8.82837534434097,40.,68.7173872939594));
#1967=CARTESIAN_POINT('Origin',(-2.62806364917386,40.,89.2173874057177));
#1968=CARTESIAN_POINT('Origin',(-25.1280636491746,40.,84.4476913986325));
#1969=CARTESIAN_POINT('Origin',(16.828375344341,40.,68.7173872939593));
#1970=CARTESIAN_POINT('Origin',(27.,31.5,-10.));
#1971=CARTESIAN_POINT('',(28.5,31.5,-10.));
#1972=CARTESIAN_POINT('',(28.5,31.5,-10.));
#1973=CARTESIAN_POINT('Origin',(27.,31.5,-10.));
#1974=CARTESIAN_POINT('Origin',(-21.,31.5,-10.));
#1975=CARTESIAN_POINT('',(-19.5,31.5,-10.));
#1976=CARTESIAN_POINT('',(-19.5,31.5,-10.));
#1977=CARTESIAN_POINT('Origin',(-21.,31.5,-10.));
#1978=CARTESIAN_POINT('Origin',(-25.1280636491735,23.5,-9.99999999999986));
#1979=CARTESIAN_POINT('',(-26.,23.5,-9.99999999999986));
#1980=CARTESIAN_POINT('Origin',(3.43596817541323,31.75,-10.));
#1981=UNCERTAINTY_MEASURE_WITH_UNIT(LENGTH_MEASURE(0.01),#1985,
'DISTANCE_ACCURACY_VALUE',
'Maximum model space distance between geometric entities at asserted c
onnectivities');
#1982=UNCERTAINTY_MEASURE_WITH_UNIT(LENGTH_MEASURE(0.01),#1985,
'DISTANCE_ACCURACY_VALUE',
'Maximum model space distance between geometric entities at asserted c
onnectivities');
#1983=(
GEOMETRIC_REPRESENTATION_CONTEXT(3)
GLOBAL_UNCERTAINTY_ASSIGNED_CONTEXT((#1981))
GLOBAL_UNIT_ASSIGNED_CONTEXT((#1985,#1987,#1988))
REPRESENTATION_CONTEXT('','3D')
);
#1984=(
GEOMETRIC_REPRESENTATION_CONTEXT(3)
GLOBAL_UNCERTAINTY_ASSIGNED_CONTEXT((#1982))
GLOBAL_UNIT_ASSIGNED_CONTEXT((#1985,#1987,#1988))
REPRESENTATION_CONTEXT('','3D')
);
#1985=(
LENGTH_UNIT()
NAMED_UNIT(*)
SI_UNIT(.MILLI.,.METRE.)
);
#1986=(
LENGTH_UNIT()
NAMED_UNIT(*)
SI_UNIT($,.METRE.)
);
#1987=(
NAMED_UNIT(*)
PLANE_ANGLE_UNIT()
SI_UNIT($,.RADIAN.)
);
#1988=(
NAMED_UNIT(*)
SI_UNIT($,.STERADIAN.)
SOLID_ANGLE_UNIT()
);
#1989=SHAPE_DEFINITION_REPRESENTATION(#1990,#1991);
#1990=PRODUCT_DEFINITION_SHAPE('',$,#1993);
#1991=SHAPE_REPRESENTATION('',(#1069),#1983);
#1992=PRODUCT_DEFINITION_CONTEXT('part definition',#1997,'design');
#1993=PRODUCT_DEFINITION('Base_addon2','Base_addon2',#1994,#1992);
#1994=PRODUCT_DEFINITION_FORMATION('',$,#1999);
#1995=PRODUCT_RELATED_PRODUCT_CATEGORY('Base_addon2','Base_addon2',(#1999));
#1996=APPLICATION_PROTOCOL_DEFINITION('international standard',
'automotive_design',2009,#1997);
#1997=APPLICATION_CONTEXT(
'Core Data for Automotive Mechanical Design Process');
#1998=PRODUCT_CONTEXT('part definition',#1997,'mechanical');
#1999=PRODUCT('Base_addon2','Base_addon2',$,(#1998));
#2000=PRESENTATION_STYLE_ASSIGNMENT((#2001));
#2001=SURFACE_STYLE_USAGE(.BOTH.,#2002);
#2002=SURFACE_SIDE_STYLE('',(#2003));
#2003=SURFACE_STYLE_FILL_AREA(#2004);
#2004=FILL_AREA_STYLE('Steel - Satin',(#2005));
#2005=FILL_AREA_STYLE_COLOUR('Steel - Satin',#2006);
#2006=COLOUR_RGB('Steel - Satin',0.627450980392157,0.627450980392157,0.627450980392157);
ENDSEC;
END-ISO-10303-21;
