ISO-10303-21;
HEADER;
/* Generated by software containing ST-Developer
 * from STEP Tools, Inc. (www.steptools.com) 
 */

FILE_DESCRIPTION(
/* description */ (''),
/* implementation_level */ '2;1');

FILE_NAME(
/* name */ 'L1.step',
/* time_stamp */ '2025-11-07T15:05:33+08:00',
/* author */ (''),
/* organization */ (''),
/* preprocessor_version */ 'ST-DEVELOPER v20.1',
/* originating_system */ 'Autodesk Translation Framework v14.17.0.0',
/* authorisation */ '');

FILE_SCHEMA (('AUTOMOTIVE_DESIGN { 1 0 10303 214 3 1 1 }'));
ENDSEC;

DATA;
#10=MECHANICAL_DESIGN_GEOMETRIC_PRESENTATION_REPRESENTATION('',(#13),#2498);
#11=SHAPE_REPRESENTATION_RELATIONSHIP('SRR','None',#2505,#12);
#12=ADVANCED_BREP_SHAPE_REPRESENTATION('',(#14),#2497);
#13=STYLED_ITEM('',(#2514),#14);
#14=MANIFOLD_SOLID_BREP('Body1',#1352);
#15=SPHERICAL_SURFACE('',#1458,2.);
#16=SPHERICAL_SURFACE('',#1462,2.);
#17=SPHERICAL_SURFACE('',#1477,2.);
#18=SPHERICAL_SURFACE('',#1481,2.);
#19=TOROIDAL_SURFACE('',#1392,23.5455591308682,1.);
#20=TOROIDAL_SURFACE('',#1409,23.5455591308681,1.);
#21=TOROIDAL_SURFACE('',#1416,23.5455591308681,1.);
#22=TOROIDAL_SURFACE('',#1428,23.5455591308681,1.);
#23=TOROIDAL_SURFACE('',#1467,18.5455591308682,2.);
#24=TOROIDAL_SURFACE('',#1485,18.5455591308682,2.);
#25=B_SPLINE_CURVE_WITH_KNOTS('',3,(#1949,#1950,#1951,#1952,#1953,#1954,
#1955,#1956,#1957,#1958),.UNSPECIFIED.,.F.,.F.,(4,2,2,2,4),(0.330942332353501,
0.358405576136416,0.396866378034471,0.439663996544341,0.485858929450852),
 .UNSPECIFIED.);
#26=B_SPLINE_CURVE_WITH_KNOTS('',3,(#1999,#2000,#2001,#2002,#2003,#2004,
#2005,#2006,#2007,#2008),.UNSPECIFIED.,.F.,.F.,(4,2,2,2,4),(0.161073089733775,
0.207268022640285,0.250065641150155,0.288526443048211,0.315989686831164),
 .UNSPECIFIED.);
#27=B_SPLINE_CURVE_WITH_KNOTS('',3,(#2013,#2014,#2015,#2016),
 .UNSPECIFIED.,.F.,.F.,(4,4),(0.306154050975667,0.313630381228585),
 .UNSPECIFIED.);
#28=B_SPLINE_CURVE_WITH_KNOTS('',3,(#2023,#2024,#2025,#2026),
 .UNSPECIFIED.,.F.,.F.,(4,4),(0.313636360367317,0.321112690620274),
 .UNSPECIFIED.);
#29=B_SPLINE_CURVE_WITH_KNOTS('',3,(#2032,#2033,#2034,#2035,#2036,#2037,
#2038,#2039,#2040,#2041),.UNSPECIFIED.,.F.,.F.,(4,2,2,2,4),(0.299205000637139,
0.335976920115371,0.373163281348502,0.410831379852675,0.448863791832958),
 .UNSPECIFIED.);
#30=B_SPLINE_CURVE_WITH_KNOTS('',3,(#2049,#2050,#2051,#2052,#2053,#2054,
#2055,#2056,#2057,#2058),.UNSPECIFIED.,.F.,.F.,(4,2,2,2,4),(0.322053893822063,
0.412742632341157,0.503431370860251,0.578675526021595,0.653919681182938),
 .UNSPECIFIED.);
#31=B_SPLINE_CURVE_WITH_KNOTS('',3,(#2062,#2063,#2064,#2065,#2066,#2067,
#2068,#2069,#2070,#2071),.UNSPECIFIED.,.F.,.F.,(4,2,2,2,4),(0.606786010086362,
0.682077537903636,0.75736906572091,0.833309359100151,0.909249652479392),
 .UNSPECIFIED.);
#32=B_SPLINE_CURVE_WITH_KNOTS('',3,(#2095,#2096,#2097,#2098,#2099,#2100,
#2101,#2102,#2103,#2104),.UNSPECIFIED.,.F.,.F.,(4,2,2,2,4),(0.304322367693331,
0.380262661072573,0.456202954451814,0.531494482269088,0.606786010086362),
 .UNSPECIFIED.);
#33=B_SPLINE_CURVE_WITH_KNOTS('',3,(#2107,#2108,#2109,#2110,#2111,#2112,
#2113,#2114,#2115,#2116),.UNSPECIFIED.,.F.,.F.,(4,2,2,2,4),(0.653905678985385,
0.729149834146728,0.804393989308071,0.895082727827166,0.98577146634626),
 .UNSPECIFIED.);
#34=B_SPLINE_CURVE_WITH_KNOTS('',3,(#2122,#2123,#2124,#2125,#2126,#2127,
#2128,#2129,#2130,#2131),.UNSPECIFIED.,.F.,.F.,(4,2,2,2,4),(-0.12679328453965,
-0.126171931741962,-0.0838825343720977,-0.0434612060191176,0.),
 .UNSPECIFIED.);
#35=B_SPLINE_CURVE_WITH_KNOTS('',3,(#2137,#2138,#2139,#2140,#2141,#2142,
#2143,#2144,#2145,#2146,#2147,#2148),.UNSPECIFIED.,.F.,.F.,(4,2,2,2,2,4),
(-0.166771266568039,-0.135917767816664,-0.0957541550390539,-0.0493026288849911,
0.,0.000625114423979609),.UNSPECIFIED.);
#36=B_SPLINE_CURVE_WITH_KNOTS('',3,(#2151,#2152,#2153,#2154),
 .UNSPECIFIED.,.F.,.F.,(4,4),(0.427542623277572,0.448863791832959),
 .UNSPECIFIED.);
#37=B_SPLINE_CURVE_WITH_KNOTS('',3,(#2157,#2158,#2159,#2160,#2161,#2162),
 .UNSPECIFIED.,.F.,.F.,(4,2,4),(0.160940354580633,0.207039737663313,0.225793491324145),
 .UNSPECIFIED.);
#38=B_SPLINE_CURVE_WITH_KNOTS('',3,(#2182,#2183,#2184,#2185,#2186,#2187,
#2188,#2189,#2190,#2191),.UNSPECIFIED.,.F.,.F.,(4,2,2,2,4),(0.149546209441318,
0.187578621421603,0.225246719925776,0.262433081158907,0.299205000637139),
 .UNSPECIFIED.);
#39=B_SPLINE_CURVE_WITH_KNOTS('',3,(#2211,#2212,#2213,#2214,#2215,#2216,
#2217,#2218,#2219,#2220,#2221,#2222),.UNSPECIFIED.,.F.,.F.,(4,2,2,2,2,4),
(-0.165887520885512,-0.165268041052873,-0.11640981108166,-0.0703769848677811,
-0.0305753946900161,0.),.UNSPECIFIED.);
#40=B_SPLINE_CURVE_WITH_KNOTS('',3,(#2228,#2229,#2230,#2231,#2232,#2233,
#2234,#2235,#2236,#2237),.UNSPECIFIED.,.F.,.F.,(4,2,2,2,4),(-0.126935767823077,
-0.0832114506918154,-0.0425454144341922,0.,0.000625114423931129),
 .UNSPECIFIED.);
#41=B_SPLINE_CURVE_WITH_KNOTS('',3,(#2240,#2241,#2242,#2243,#2244,#2245),
 .UNSPECIFIED.,.F.,.F.,(4,2,4),(0.420573018440127,0.43932677210096,0.48542615518364),
 .UNSPECIFIED.);
#42=B_SPLINE_CURVE_WITH_KNOTS('',3,(#2248,#2249,#2250,#2251),
 .UNSPECIFIED.,.F.,.F.,(4,4),(0.149546209441317,0.170867377996705),
 .UNSPECIFIED.);
#43=B_SPLINE_CURVE_WITH_KNOTS('',3,(#2311,#2312,#2313,#2314,#2315,#2316),
 .UNSPECIFIED.,.F.,.F.,(4,2,4),(0.845724930614134,0.91435981654456,1.00950636896555),
 .UNSPECIFIED.);
#44=B_SPLINE_CURVE_WITH_KNOTS('',3,(#2320,#2321,#2322,#2323,#2324,#2325,
#2326,#2327,#2328,#2329,#2330,#2331),.UNSPECIFIED.,.F.,.F.,(4,2,2,2,2,4),
(2.12645784145971,2.14795670253451,2.1694555636093,2.21245328575889,2.29844873005807,
2.33261125355958),.UNSPECIFIED.);
#45=B_SPLINE_CURVE_WITH_KNOTS('',3,(#2338,#2339,#2340,#2341,#2342,#2343,
#2344,#2345,#2346,#2347),.UNSPECIFIED.,.F.,.F.,(4,2,2,2,4),(0.304957064755346,
0.381022451056402,0.457087837357458,0.532369870390147,0.607651903422836),
 .UNSPECIFIED.);
#46=B_SPLINE_CURVE_WITH_KNOTS('',3,(#2416,#2417,#2418,#2419,#2420,#2421,
#2422,#2423,#2424,#2425,#2426,#2427,#2428,#2429,#2430,#2431,#2432,#2433,
#2434,#2435,#2436,#2437,#2438,#2439,#2440,#2441),.UNSPECIFIED.,.F.,.F.,
(4,2,2,2,2,2,2,2,2,2,2,2,4),(1.77080917469387,1.79593734446748,1.87370488044799,
1.95147241642849,2.03711006349297,2.0799288870252,2.10133829879132,2.12274771055744,
2.14415712232356,2.16556653408967,2.20838535762191,2.29402300468638,2.33923086522232),
 .UNSPECIFIED.);
#47=B_SPLINE_CURVE_WITH_KNOTS('',3,(#2446,#2447,#2448,#2449,#2450,#2451),
 .UNSPECIFIED.,.F.,.F.,(4,2,4),(0.32750271853764,0.422649270958631,0.471081785320653),
 .UNSPECIFIED.);
#48=B_SPLINE_CURVE_WITH_KNOTS('',3,(#2455,#2456,#2457,#2458,#2459,#2460,
#2461,#2462,#2463,#2464),.UNSPECIFIED.,.F.,.F.,(4,2,2,2,4),(0.607650622248123,
0.682932655280812,0.758214688313501,0.834280074614558,0.910345460915614),
 .UNSPECIFIED.);
#49=CYLINDRICAL_SURFACE('',#1370,2.);
#50=CYLINDRICAL_SURFACE('',#1374,2.);
#51=CYLINDRICAL_SURFACE('',#1378,2.);
#52=CYLINDRICAL_SURFACE('',#1386,2.);
#53=CYLINDRICAL_SURFACE('',#1396,22.5455591308681);
#54=CYLINDRICAL_SURFACE('',#1405,1.);
#55=CYLINDRICAL_SURFACE('',#1407,1.);
#56=CYLINDRICAL_SURFACE('',#1424,1.);
#57=CYLINDRICAL_SURFACE('',#1426,1.);
#58=CYLINDRICAL_SURFACE('',#1435,1.49999999999999);
#59=CYLINDRICAL_SURFACE('',#1437,4.);
#60=CYLINDRICAL_SURFACE('',#1439,1.5);
#61=CYLINDRICAL_SURFACE('',#1441,3.99999999999999);
#62=CYLINDRICAL_SURFACE('',#1443,1.49999999999999);
#63=CYLINDRICAL_SURFACE('',#1445,4.);
#64=CYLINDRICAL_SURFACE('',#1449,1.5);
#65=CYLINDRICAL_SURFACE('',#1451,4.);
#66=CYLINDRICAL_SURFACE('',#1454,2.);
#67=CYLINDRICAL_SURFACE('',#1457,2.);
#68=CYLINDRICAL_SURFACE('',#1466,2.);
#69=CYLINDRICAL_SURFACE('',#1470,2.);
#70=CYLINDRICAL_SURFACE('',#1472,2.);
#71=CYLINDRICAL_SURFACE('',#1474,20.5455591308682);
#72=CYLINDRICAL_SURFACE('',#1488,2.);
#73=CYLINDRICAL_SURFACE('',#1490,2.);
#74=CYLINDRICAL_SURFACE('',#1491,2.);
#75=CYLINDRICAL_SURFACE('',#1492,20.5455591308682);
#76=CYLINDRICAL_SURFACE('',#1496,2.);
#77=CYLINDRICAL_SURFACE('',#1499,2.);
#78=CYLINDRICAL_SURFACE('',#1505,9.);
#79=FACE_BOUND('',#235,.T.);
#80=FACE_BOUND('',#242,.T.);
#81=FACE_BOUND('',#257,.T.);
#82=FACE_BOUND('',#261,.T.);
#83=FACE_BOUND('',#263,.T.);
#84=FACE_BOUND('',#269,.T.);
#85=FACE_BOUND('',#309,.T.);
#86=FACE_BOUND('',#310,.T.);
#87=FACE_BOUND('',#311,.T.);
#88=FACE_BOUND('',#312,.T.);
#89=FACE_BOUND('',#313,.T.);
#90=CIRCLE('',#1369,9.);
#91=CIRCLE('',#1371,2.);
#92=CIRCLE('',#1372,2.);
#93=CIRCLE('',#1375,2.);
#94=CIRCLE('',#1376,2.);
#95=CIRCLE('',#1379,2.);
#96=CIRCLE('',#1380,2.);
#97=CIRCLE('',#1382,2.);
#98=CIRCLE('',#1383,22.5455591308681);
#99=CIRCLE('',#1384,9.);
#100=CIRCLE('',#1387,2.);
#101=CIRCLE('',#1393,22.5455591308681);
#102=CIRCLE('',#1394,23.5455591308682);
#103=CIRCLE('',#1397,22.5455591308681);
#104=CIRCLE('',#1398,22.5455591308681);
#105=CIRCLE('',#1399,22.5455591308681);
#106=CIRCLE('',#1400,22.5455591308681);
#107=CIRCLE('',#1401,22.5455591308681);
#108=CIRCLE('',#1402,22.5455591308681);
#109=CIRCLE('',#1403,22.5455591308681);
#110=CIRCLE('',#1404,22.5455591308681);
#111=CIRCLE('',#1406,1.);
#112=CIRCLE('',#1408,1.);
#113=CIRCLE('',#1410,23.5455591308681);
#114=CIRCLE('',#1413,4.);
#115=CIRCLE('',#1414,1.49999999999999);
#116=CIRCLE('',#1417,23.5455591308681);
#117=CIRCLE('',#1419,4.);
#118=CIRCLE('',#1420,1.49999999999999);
#119=CIRCLE('',#1422,4.);
#120=CIRCLE('',#1423,1.5);
#121=CIRCLE('',#1425,1.);
#122=CIRCLE('',#1427,1.);
#123=CIRCLE('',#1429,23.5455591308681);
#124=CIRCLE('',#1432,3.99999999999999);
#125=CIRCLE('',#1433,1.5);
#126=CIRCLE('',#1436,1.49999999999999);
#127=CIRCLE('',#1438,4.);
#128=CIRCLE('',#1440,1.5);
#129=CIRCLE('',#1442,3.99999999999999);
#130=CIRCLE('',#1444,1.49999999999999);
#131=CIRCLE('',#1446,4.);
#132=CIRCLE('',#1450,1.5);
#133=CIRCLE('',#1452,4.);
#134=CIRCLE('',#1456,20.5455591308682);
#135=CIRCLE('',#1459,2.);
#136=CIRCLE('',#1460,2.);
#137=CIRCLE('',#1461,2.);
#138=CIRCLE('',#1463,2.);
#139=CIRCLE('',#1464,2.);
#140=CIRCLE('',#1465,2.);
#141=CIRCLE('',#1468,20.5455591308682);
#142=CIRCLE('',#1469,18.5455591308682);
#143=CIRCLE('',#1471,2.);
#144=CIRCLE('',#1473,2.);
#145=CIRCLE('',#1475,20.5455591308682);
#146=CIRCLE('',#1478,2.);
#147=CIRCLE('',#1479,2.);
#148=CIRCLE('',#1480,2.);
#149=CIRCLE('',#1482,2.);
#150=CIRCLE('',#1483,2.);
#151=CIRCLE('',#1484,2.);
#152=CIRCLE('',#1486,20.5455591308682);
#153=CIRCLE('',#1487,18.5455591308682);
#154=CIRCLE('',#1489,2.);
#155=CIRCLE('',#1493,20.5455591308682);
#156=CIRCLE('',#1494,20.5455591308682);
#157=CIRCLE('',#1497,2.);
#158=FACE_OUTER_BOUND('',#232,.T.);
#159=FACE_OUTER_BOUND('',#233,.T.);
#160=FACE_OUTER_BOUND('',#234,.T.);
#161=FACE_OUTER_BOUND('',#236,.T.);
#162=FACE_OUTER_BOUND('',#237,.T.);
#163=FACE_OUTER_BOUND('',#238,.T.);
#164=FACE_OUTER_BOUND('',#239,.T.);
#165=FACE_OUTER_BOUND('',#240,.T.);
#166=FACE_OUTER_BOUND('',#241,.T.);
#167=FACE_OUTER_BOUND('',#243,.T.);
#168=FACE_OUTER_BOUND('',#244,.T.);
#169=FACE_OUTER_BOUND('',#245,.T.);
#170=FACE_OUTER_BOUND('',#246,.T.);
#171=FACE_OUTER_BOUND('',#247,.T.);
#172=FACE_OUTER_BOUND('',#248,.T.);
#173=FACE_OUTER_BOUND('',#249,.T.);
#174=FACE_OUTER_BOUND('',#250,.T.);
#175=FACE_OUTER_BOUND('',#251,.T.);
#176=FACE_OUTER_BOUND('',#252,.T.);
#177=FACE_OUTER_BOUND('',#253,.T.);
#178=FACE_OUTER_BOUND('',#254,.T.);
#179=FACE_OUTER_BOUND('',#255,.T.);
#180=FACE_OUTER_BOUND('',#256,.T.);
#181=FACE_OUTER_BOUND('',#258,.T.);
#182=FACE_OUTER_BOUND('',#259,.T.);
#183=FACE_OUTER_BOUND('',#260,.T.);
#184=FACE_OUTER_BOUND('',#262,.T.);
#185=FACE_OUTER_BOUND('',#264,.T.);
#186=FACE_OUTER_BOUND('',#265,.T.);
#187=FACE_OUTER_BOUND('',#266,.T.);
#188=FACE_OUTER_BOUND('',#267,.T.);
#189=FACE_OUTER_BOUND('',#268,.T.);
#190=FACE_OUTER_BOUND('',#270,.T.);
#191=FACE_OUTER_BOUND('',#271,.T.);
#192=FACE_OUTER_BOUND('',#272,.T.);
#193=FACE_OUTER_BOUND('',#273,.T.);
#194=FACE_OUTER_BOUND('',#274,.T.);
#195=FACE_OUTER_BOUND('',#275,.T.);
#196=FACE_OUTER_BOUND('',#276,.T.);
#197=FACE_OUTER_BOUND('',#277,.T.);
#198=FACE_OUTER_BOUND('',#278,.T.);
#199=FACE_OUTER_BOUND('',#279,.T.);
#200=FACE_OUTER_BOUND('',#280,.T.);
#201=FACE_OUTER_BOUND('',#281,.T.);
#202=FACE_OUTER_BOUND('',#282,.T.);
#203=FACE_OUTER_BOUND('',#283,.T.);
#204=FACE_OUTER_BOUND('',#284,.T.);
#205=FACE_OUTER_BOUND('',#285,.T.);
#206=FACE_OUTER_BOUND('',#286,.T.);
#207=FACE_OUTER_BOUND('',#287,.T.);
#208=FACE_OUTER_BOUND('',#288,.T.);
#209=FACE_OUTER_BOUND('',#289,.T.);
#210=FACE_OUTER_BOUND('',#290,.T.);
#211=FACE_OUTER_BOUND('',#291,.T.);
#212=FACE_OUTER_BOUND('',#292,.T.);
#213=FACE_OUTER_BOUND('',#293,.T.);
#214=FACE_OUTER_BOUND('',#294,.T.);
#215=FACE_OUTER_BOUND('',#295,.T.);
#216=FACE_OUTER_BOUND('',#296,.T.);
#217=FACE_OUTER_BOUND('',#297,.T.);
#218=FACE_OUTER_BOUND('',#298,.T.);
#219=FACE_OUTER_BOUND('',#299,.T.);
#220=FACE_OUTER_BOUND('',#300,.T.);
#221=FACE_OUTER_BOUND('',#301,.T.);
#222=FACE_OUTER_BOUND('',#302,.T.);
#223=FACE_OUTER_BOUND('',#303,.T.);
#224=FACE_OUTER_BOUND('',#304,.T.);
#225=FACE_OUTER_BOUND('',#305,.T.);
#226=FACE_OUTER_BOUND('',#306,.T.);
#227=FACE_OUTER_BOUND('',#307,.T.);
#228=FACE_OUTER_BOUND('',#308,.T.);
#229=FACE_OUTER_BOUND('',#314,.T.);
#230=FACE_OUTER_BOUND('',#315,.T.);
#231=FACE_OUTER_BOUND('',#316,.T.);
#232=EDGE_LOOP('',(#850,#851,#852,#853));
#233=EDGE_LOOP('',(#854,#855,#856,#857));
#234=EDGE_LOOP('',(#858,#859,#860,#861));
#235=EDGE_LOOP('',(#862));
#236=EDGE_LOOP('',(#863,#864,#865,#866));
#237=EDGE_LOOP('',(#867,#868,#869,#870));
#238=EDGE_LOOP('',(#871,#872,#873,#874));
#239=EDGE_LOOP('',(#875,#876,#877,#878,#879,#880,#881));
#240=EDGE_LOOP('',(#882,#883,#884,#885));
#241=EDGE_LOOP('',(#886,#887,#888,#889,#890,#891,#892,#893));
#242=EDGE_LOOP('',(#894));
#243=EDGE_LOOP('',(#895,#896,#897,#898));
#244=EDGE_LOOP('',(#899,#900,#901,#902));
#245=EDGE_LOOP('',(#903,#904,#905,#906,#907,#908,#909));
#246=EDGE_LOOP('',(#910,#911,#912,#913));
#247=EDGE_LOOP('',(#914,#915,#916,#917));
#248=EDGE_LOOP('',(#918,#919,#920,#921));
#249=EDGE_LOOP('',(#922,#923,#924,#925,#926));
#250=EDGE_LOOP('',(#927,#928,#929,#930));
#251=EDGE_LOOP('',(#931,#932,#933,#934,#935,#936,#937,#938,#939,#940,#941,
#942,#943,#944,#945,#946,#947,#948,#949,#950,#951,#952));
#252=EDGE_LOOP('',(#953,#954,#955,#956));
#253=EDGE_LOOP('',(#957,#958,#959,#960));
#254=EDGE_LOOP('',(#961,#962,#963,#964,#965,#966));
#255=EDGE_LOOP('',(#967,#968,#969,#970,#971));
#256=EDGE_LOOP('',(#972,#973,#974,#975));
#257=EDGE_LOOP('',(#976));
#258=EDGE_LOOP('',(#977,#978,#979,#980,#981));
#259=EDGE_LOOP('',(#982,#983,#984,#985,#986));
#260=EDGE_LOOP('',(#987,#988,#989,#990,#991,#992));
#261=EDGE_LOOP('',(#993));
#262=EDGE_LOOP('',(#994,#995,#996,#997,#998,#999));
#263=EDGE_LOOP('',(#1000));
#264=EDGE_LOOP('',(#1001,#1002,#1003,#1004));
#265=EDGE_LOOP('',(#1005,#1006,#1007,#1008));
#266=EDGE_LOOP('',(#1009,#1010,#1011,#1012,#1013,#1014));
#267=EDGE_LOOP('',(#1015,#1016,#1017,#1018,#1019));
#268=EDGE_LOOP('',(#1020,#1021,#1022,#1023));
#269=EDGE_LOOP('',(#1024));
#270=EDGE_LOOP('',(#1025,#1026,#1027,#1028,#1029));
#271=EDGE_LOOP('',(#1030,#1031,#1032,#1033));
#272=EDGE_LOOP('',(#1034,#1035,#1036,#1037));
#273=EDGE_LOOP('',(#1038,#1039,#1040,#1041));
#274=EDGE_LOOP('',(#1042,#1043,#1044,#1045));
#275=EDGE_LOOP('',(#1046,#1047,#1048,#1049));
#276=EDGE_LOOP('',(#1050,#1051,#1052,#1053));
#277=EDGE_LOOP('',(#1054,#1055,#1056,#1057));
#278=EDGE_LOOP('',(#1058,#1059,#1060,#1061,#1062));
#279=EDGE_LOOP('',(#1063,#1064,#1065,#1066));
#280=EDGE_LOOP('',(#1067,#1068,#1069,#1070));
#281=EDGE_LOOP('',(#1071,#1072,#1073,#1074,#1075));
#282=EDGE_LOOP('',(#1076,#1077,#1078,#1079,#1080));
#283=EDGE_LOOP('',(#1081,#1082,#1083,#1084));
#284=EDGE_LOOP('',(#1085,#1086,#1087,#1088));
#285=EDGE_LOOP('',(#1089,#1090,#1091));
#286=EDGE_LOOP('',(#1092,#1093,#1094));
#287=EDGE_LOOP('',(#1095,#1096,#1097,#1098));
#288=EDGE_LOOP('',(#1099,#1100,#1101,#1102));
#289=EDGE_LOOP('',(#1103,#1104,#1105,#1106,#1107,#1108));
#290=EDGE_LOOP('',(#1109,#1110,#1111,#1112));
#291=EDGE_LOOP('',(#1113,#1114,#1115,#1116,#1117,#1118,#1119,#1120));
#292=EDGE_LOOP('',(#1121,#1122));
#293=EDGE_LOOP('',(#1123,#1124,#1125));
#294=EDGE_LOOP('',(#1126,#1127,#1128));
#295=EDGE_LOOP('',(#1129,#1130,#1131,#1132));
#296=EDGE_LOOP('',(#1133,#1134,#1135,#1136));
#297=EDGE_LOOP('',(#1137,#1138,#1139,#1140));
#298=EDGE_LOOP('',(#1141,#1142,#1143,#1144));
#299=EDGE_LOOP('',(#1145,#1146,#1147,#1148,#1149,#1150,#1151,#1152));
#300=EDGE_LOOP('',(#1153,#1154));
#301=EDGE_LOOP('',(#1155,#1156,#1157,#1158,#1159,#1160));
#302=EDGE_LOOP('',(#1161,#1162,#1163,#1164));
#303=EDGE_LOOP('',(#1165,#1166,#1167,#1168));
#304=EDGE_LOOP('',(#1169,#1170,#1171,#1172));
#305=EDGE_LOOP('',(#1173,#1174,#1175,#1176));
#306=EDGE_LOOP('',(#1177,#1178,#1179,#1180));
#307=EDGE_LOOP('',(#1181,#1182,#1183,#1184));
#308=EDGE_LOOP('',(#1185,#1186,#1187,#1188,#1189,#1190,#1191,#1192,#1193,
#1194,#1195,#1196,#1197,#1198,#1199,#1200,#1201,#1202,#1203,#1204,#1205,
#1206,#1207,#1208,#1209,#1210,#1211,#1212,#1213,#1214,#1215,#1216,#1217,
#1218,#1219,#1220,#1221));
#309=EDGE_LOOP('',(#1222,#1223,#1224,#1225));
#310=EDGE_LOOP('',(#1226));
#311=EDGE_LOOP('',(#1227));
#312=EDGE_LOOP('',(#1228));
#313=EDGE_LOOP('',(#1229));
#314=EDGE_LOOP('',(#1230,#1231,#1232,#1233));
#315=EDGE_LOOP('',(#1234,#1235,#1236,#1237,#1238,#1239));
#316=EDGE_LOOP('',(#1240,#1241,#1242,#1243));
#317=LINE('',#1903,#422);
#318=LINE('',#1905,#423);
#319=LINE('',#1907,#424);
#320=LINE('',#1908,#425);
#321=LINE('',#1911,#426);
#322=LINE('',#1913,#427);
#323=LINE('',#1914,#428);
#324=LINE('',#1917,#429);
#325=LINE('',#1918,#430);
#326=LINE('',#1926,#431);
#327=LINE('',#1929,#432);
#328=LINE('',#1932,#433);
#329=LINE('',#1934,#434);
#330=LINE('',#1935,#435);
#331=LINE('',#1941,#436);
#332=LINE('',#1944,#437);
#333=LINE('',#1947,#438);
#334=LINE('',#1960,#439);
#335=LINE('',#1962,#440);
#336=LINE('',#1964,#441);
#337=LINE('',#1965,#442);
#338=LINE('',#1971,#443);
#339=LINE('',#1974,#444);
#340=LINE('',#1977,#445);
#341=LINE('',#1980,#446);
#342=LINE('',#1984,#447);
#343=LINE('',#1985,#448);
#344=LINE('',#1990,#449);
#345=LINE('',#1991,#450);
#346=LINE('',#1995,#451);
#347=LINE('',#1997,#452);
#348=LINE('',#2009,#453);
#349=LINE('',#2012,#454);
#350=LINE('',#2019,#455);
#351=LINE('',#2020,#456);
#352=LINE('',#2027,#457);
#353=LINE('',#2044,#458);
#354=LINE('',#2073,#459);
#355=LINE('',#2077,#460);
#356=LINE('',#2081,#461);
#357=LINE('',#2085,#462);
#358=LINE('',#2089,#463);
#359=LINE('',#2093,#464);
#360=LINE('',#2120,#465);
#361=LINE('',#2136,#466);
#362=LINE('',#2165,#467);
#363=LINE('',#2167,#468);
#364=LINE('',#2168,#469);
#365=LINE('',#2171,#470);
#366=LINE('',#2177,#471);
#367=LINE('',#2178,#472);
#368=LINE('',#2194,#473);
#369=LINE('',#2197,#474);
#370=LINE('',#2202,#475);
#371=LINE('',#2209,#476);
#372=LINE('',#2227,#477);
#373=LINE('',#2254,#478);
#374=LINE('',#2256,#479);
#375=LINE('',#2257,#480);
#376=LINE('',#2260,#481);
#377=LINE('',#2266,#482);
#378=LINE('',#2267,#483);
#379=LINE('',#2270,#484);
#380=LINE('',#2276,#485);
#381=LINE('',#2282,#486);
#382=LINE('',#2288,#487);
#383=LINE('',#2289,#488);
#384=LINE('',#2291,#489);
#385=LINE('',#2294,#490);
#386=LINE('',#2295,#491);
#387=LINE('',#2298,#492);
#388=LINE('',#2303,#493);
#389=LINE('',#2306,#494);
#390=LINE('',#2307,#495);
#391=LINE('',#2317,#496);
#392=LINE('',#2319,#497);
#393=LINE('',#2335,#498);
#394=LINE('',#2348,#499);
#395=LINE('',#2364,#500);
#396=LINE('',#2365,#501);
#397=LINE('',#2371,#502);
#398=LINE('',#2374,#503);
#399=LINE('',#2375,#504);
#400=LINE('',#2380,#505);
#401=LINE('',#2381,#506);
#402=LINE('',#2385,#507);
#403=LINE('',#2408,#508);
#404=LINE('',#2409,#509);
#405=LINE('',#2411,#510);
#406=LINE('',#2412,#511);
#407=LINE('',#2442,#512);
#408=LINE('',#2443,#513);
#409=LINE('',#2466,#514);
#410=LINE('',#2470,#515);
#411=LINE('',#2473,#516);
#412=LINE('',#2475,#517);
#413=LINE('',#2477,#518);
#414=LINE('',#2480,#519);
#415=LINE('',#2481,#520);
#416=LINE('',#2483,#521);
#417=LINE('',#2485,#522);
#418=LINE('',#2487,#523);
#419=LINE('',#2489,#524);
#420=LINE('',#2490,#525);
#421=LINE('',#2492,#526);
#422=VECTOR('',#1512,10.);
#423=VECTOR('',#1513,10.);
#424=VECTOR('',#1514,10.);
#425=VECTOR('',#1515,10.);
#426=VECTOR('',#1518,10.);
#427=VECTOR('',#1519,10.);
#428=VECTOR('',#1520,10.);
#429=VECTOR('',#1523,10.);
#430=VECTOR('',#1524,10.);
#431=VECTOR('',#1531,10.);
#432=VECTOR('',#1534,10.);
#433=VECTOR('',#1537,10.);
#434=VECTOR('',#1538,10.);
#435=VECTOR('',#1539,10.);
#436=VECTOR('',#1544,10.);
#437=VECTOR('',#1547,10.);
#438=VECTOR('',#1550,10.);
#439=VECTOR('',#1551,10.);
#440=VECTOR('',#1552,10.);
#441=VECTOR('',#1553,10.);
#442=VECTOR('',#1554,10.);
#443=VECTOR('',#1559,10.);
#444=VECTOR('',#1562,10.);
#445=VECTOR('',#1565,10.);
#446=VECTOR('',#1568,10.);
#447=VECTOR('',#1571,10.);
#448=VECTOR('',#1572,10.);
#449=VECTOR('',#1577,10.);
#450=VECTOR('',#1578,10.);
#451=VECTOR('',#1585,10.);
#452=VECTOR('',#1586,10.);
#453=VECTOR('',#1587,10.);
#454=VECTOR('',#1590,10.);
#455=VECTOR('',#1593,10.);
#456=VECTOR('',#1594,10.);
#457=VECTOR('',#1597,10.);
#458=VECTOR('',#1606,10.);
#459=VECTOR('',#1613,10.);
#460=VECTOR('',#1616,10.);
#461=VECTOR('',#1619,10.);
#462=VECTOR('',#1622,10.);
#463=VECTOR('',#1625,10.);
#464=VECTOR('',#1628,10.);
#465=VECTOR('',#1633,10.);
#466=VECTOR('',#1640,10.);
#467=VECTOR('',#1647,10.);
#468=VECTOR('',#1648,10.);
#469=VECTOR('',#1649,10.);
#470=VECTOR('',#1652,10.);
#471=VECTOR('',#1659,10.);
#472=VECTOR('',#1660,10.);
#473=VECTOR('',#1667,10.);
#474=VECTOR('',#1670,10.);
#475=VECTOR('',#1675,10.);
#476=VECTOR('',#1682,10.);
#477=VECTOR('',#1689,10.);
#478=VECTOR('',#1696,10.);
#479=VECTOR('',#1697,10.);
#480=VECTOR('',#1698,10.);
#481=VECTOR('',#1701,10.);
#482=VECTOR('',#1708,10.);
#483=VECTOR('',#1709,10.);
#484=VECTOR('',#1712,1.49999999999999);
#485=VECTOR('',#1721,1.5);
#486=VECTOR('',#1730,1.49999999999999);
#487=VECTOR('',#1737,10.);
#488=VECTOR('',#1738,10.);
#489=VECTOR('',#1741,10.);
#490=VECTOR('',#1744,10.);
#491=VECTOR('',#1745,10.);
#492=VECTOR('',#1748,1.5);
#493=VECTOR('',#1755,10.);
#494=VECTOR('',#1758,10.);
#495=VECTOR('',#1759,10.);
#496=VECTOR('',#1762,10.);
#497=VECTOR('',#1763,10.);
#498=VECTOR('',#1768,10.);
#499=VECTOR('',#1771,10.);
#500=VECTOR('',#1790,10.);
#501=VECTOR('',#1791,10.);
#502=VECTOR('',#1800,10.);
#503=VECTOR('',#1803,10.);
#504=VECTOR('',#1804,10.);
#505=VECTOR('',#1809,10.);
#506=VECTOR('',#1810,10.);
#507=VECTOR('',#1815,10.);
#508=VECTOR('',#1844,10.);
#509=VECTOR('',#1845,10.);
#510=VECTOR('',#1848,10.);
#511=VECTOR('',#1849,10.);
#512=VECTOR('',#1852,10.);
#513=VECTOR('',#1853,10.);
#514=VECTOR('',#1858,10.);
#515=VECTOR('',#1865,10.);
#516=VECTOR('',#1868,10.);
#517=VECTOR('',#1871,10.);
#518=VECTOR('',#1874,10.);
#519=VECTOR('',#1877,10.);
#520=VECTOR('',#1878,10.);
#521=VECTOR('',#1881,10.);
#522=VECTOR('',#1884,10.);
#523=VECTOR('',#1887,10.);
#524=VECTOR('',#1890,10.);
#525=VECTOR('',#1891,10.);
#526=VECTOR('',#1894,9.);
#527=VERTEX_POINT('',#1901);
#528=VERTEX_POINT('',#1902);
#529=VERTEX_POINT('',#1904);
#530=VERTEX_POINT('',#1906);
#531=VERTEX_POINT('',#1910);
#532=VERTEX_POINT('',#1912);
#533=VERTEX_POINT('',#1916);
#534=VERTEX_POINT('',#1919);
#535=VERTEX_POINT('',#1922);
#536=VERTEX_POINT('',#1923);
#537=VERTEX_POINT('',#1925);
#538=VERTEX_POINT('',#1927);
#539=VERTEX_POINT('',#1931);
#540=VERTEX_POINT('',#1933);
#541=VERTEX_POINT('',#1937);
#542=VERTEX_POINT('',#1938);
#543=VERTEX_POINT('',#1940);
#544=VERTEX_POINT('',#1942);
#545=VERTEX_POINT('',#1946);
#546=VERTEX_POINT('',#1948);
#547=VERTEX_POINT('',#1959);
#548=VERTEX_POINT('',#1961);
#549=VERTEX_POINT('',#1963);
#550=VERTEX_POINT('',#1967);
#551=VERTEX_POINT('',#1968);
#552=VERTEX_POINT('',#1970);
#553=VERTEX_POINT('',#1972);
#554=VERTEX_POINT('',#1976);
#555=VERTEX_POINT('',#1979);
#556=VERTEX_POINT('',#1981);
#557=VERTEX_POINT('',#1983);
#558=VERTEX_POINT('',#1986);
#559=VERTEX_POINT('',#1989);
#560=VERTEX_POINT('',#1996);
#561=VERTEX_POINT('',#1998);
#562=VERTEX_POINT('',#2011);
#563=VERTEX_POINT('',#2018);
#564=VERTEX_POINT('',#2022);
#565=VERTEX_POINT('',#2029);
#566=VERTEX_POINT('',#2031);
#567=VERTEX_POINT('',#2046);
#568=VERTEX_POINT('',#2048);
#569=VERTEX_POINT('',#2059);
#570=VERTEX_POINT('',#2061);
#571=VERTEX_POINT('',#2072);
#572=VERTEX_POINT('',#2074);
#573=VERTEX_POINT('',#2076);
#574=VERTEX_POINT('',#2078);
#575=VERTEX_POINT('',#2080);
#576=VERTEX_POINT('',#2082);
#577=VERTEX_POINT('',#2084);
#578=VERTEX_POINT('',#2086);
#579=VERTEX_POINT('',#2088);
#580=VERTEX_POINT('',#2090);
#581=VERTEX_POINT('',#2092);
#582=VERTEX_POINT('',#2094);
#583=VERTEX_POINT('',#2105);
#584=VERTEX_POINT('',#2118);
#585=VERTEX_POINT('',#2119);
#586=VERTEX_POINT('',#2133);
#587=VERTEX_POINT('',#2135);
#588=VERTEX_POINT('',#2150);
#589=VERTEX_POINT('',#2155);
#590=VERTEX_POINT('',#2164);
#591=VERTEX_POINT('',#2166);
#592=VERTEX_POINT('',#2170);
#593=VERTEX_POINT('',#2173);
#594=VERTEX_POINT('',#2176);
#595=VERTEX_POINT('',#2180);
#596=VERTEX_POINT('',#2193);
#597=VERTEX_POINT('',#2195);
#598=VERTEX_POINT('',#2198);
#599=VERTEX_POINT('',#2201);
#600=VERTEX_POINT('',#2204);
#601=VERTEX_POINT('',#2207);
#602=VERTEX_POINT('',#2208);
#603=VERTEX_POINT('',#2224);
#604=VERTEX_POINT('',#2226);
#605=VERTEX_POINT('',#2239);
#606=VERTEX_POINT('',#2246);
#607=VERTEX_POINT('',#2253);
#608=VERTEX_POINT('',#2255);
#609=VERTEX_POINT('',#2259);
#610=VERTEX_POINT('',#2262);
#611=VERTEX_POINT('',#2265);
#612=VERTEX_POINT('',#2269);
#613=VERTEX_POINT('',#2275);
#614=VERTEX_POINT('',#2281);
#615=VERTEX_POINT('',#2285);
#616=VERTEX_POINT('',#2286);
#617=VERTEX_POINT('',#2293);
#618=VERTEX_POINT('',#2297);
#619=VERTEX_POINT('',#2301);
#620=VERTEX_POINT('',#2305);
#621=VERTEX_POINT('',#2309);
#622=VERTEX_POINT('',#2310);
#623=VERTEX_POINT('',#2318);
#624=VERTEX_POINT('',#2333);
#625=VERTEX_POINT('',#2337);
#626=VERTEX_POINT('',#2350);
#627=VERTEX_POINT('',#2351);
#628=VERTEX_POINT('',#2353);
#629=VERTEX_POINT('',#2357);
#630=VERTEX_POINT('',#2358);
#631=VERTEX_POINT('',#2360);
#632=VERTEX_POINT('',#2370);
#633=VERTEX_POINT('',#2372);
#634=VERTEX_POINT('',#2377);
#635=VERTEX_POINT('',#2378);
#636=VERTEX_POINT('',#2383);
#637=VERTEX_POINT('',#2388);
#638=VERTEX_POINT('',#2389);
#639=VERTEX_POINT('',#2391);
#640=VERTEX_POINT('',#2395);
#641=VERTEX_POINT('',#2396);
#642=VERTEX_POINT('',#2398);
#643=VERTEX_POINT('',#2405);
#644=VERTEX_POINT('',#2406);
#645=VERTEX_POINT('',#2414);
#646=VERTEX_POINT('',#2415);
#647=VERTEX_POINT('',#2445);
#648=VERTEX_POINT('',#2452);
#649=VERTEX_POINT('',#2454);
#650=VERTEX_POINT('',#2465);
#651=VERTEX_POINT('',#2471);
#652=VERTEX_POINT('',#2479);
#653=EDGE_CURVE('',#527,#528,#317,.T.);
#654=EDGE_CURVE('',#529,#527,#318,.F.);
#655=EDGE_CURVE('',#530,#529,#319,.T.);
#656=EDGE_CURVE('',#528,#530,#320,.F.);
#657=EDGE_CURVE('',#527,#531,#321,.T.);
#658=EDGE_CURVE('',#532,#531,#322,.T.);
#659=EDGE_CURVE('',#529,#532,#323,.T.);
#660=EDGE_CURVE('',#533,#528,#324,.T.);
#661=EDGE_CURVE('',#531,#533,#325,.T.);
#662=EDGE_CURVE('',#534,#534,#90,.T.);
#663=EDGE_CURVE('',#535,#536,#91,.T.);
#664=EDGE_CURVE('',#536,#537,#326,.T.);
#665=EDGE_CURVE('',#537,#538,#92,.T.);
#666=EDGE_CURVE('',#538,#535,#327,.T.);
#667=EDGE_CURVE('',#539,#536,#328,.T.);
#668=EDGE_CURVE('',#540,#539,#329,.T.);
#669=EDGE_CURVE('',#537,#540,#330,.T.);
#670=EDGE_CURVE('',#541,#542,#93,.T.);
#671=EDGE_CURVE('',#542,#543,#331,.T.);
#672=EDGE_CURVE('',#543,#544,#94,.T.);
#673=EDGE_CURVE('',#544,#541,#332,.T.);
#674=EDGE_CURVE('',#545,#542,#333,.T.);
#675=EDGE_CURVE('',#546,#545,#25,.T.);
#676=EDGE_CURVE('',#546,#547,#334,.T.);
#677=EDGE_CURVE('',#548,#547,#335,.T.);
#678=EDGE_CURVE('',#549,#548,#336,.T.);
#679=EDGE_CURVE('',#549,#543,#337,.T.);
#680=EDGE_CURVE('',#550,#551,#95,.T.);
#681=EDGE_CURVE('',#551,#552,#338,.T.);
#682=EDGE_CURVE('',#552,#553,#96,.T.);
#683=EDGE_CURVE('',#553,#550,#339,.T.);
#684=EDGE_CURVE('',#550,#554,#340,.T.);
#685=EDGE_CURVE('',#548,#554,#97,.T.);
#686=EDGE_CURVE('',#547,#555,#341,.T.);
#687=EDGE_CURVE('',#555,#556,#98,.T.);
#688=EDGE_CURVE('',#556,#557,#342,.T.);
#689=EDGE_CURVE('',#557,#551,#343,.T.);
#690=EDGE_CURVE('',#558,#558,#99,.T.);
#691=EDGE_CURVE('',#553,#559,#344,.T.);
#692=EDGE_CURVE('',#554,#559,#345,.T.);
#693=EDGE_CURVE('',#559,#549,#100,.T.);
#694=EDGE_CURVE('',#552,#538,#346,.T.);
#695=EDGE_CURVE('',#560,#557,#347,.T.);
#696=EDGE_CURVE('',#561,#560,#26,.T.);
#697=EDGE_CURVE('',#535,#561,#348,.T.);
#698=EDGE_CURVE('',#562,#556,#349,.T.);
#699=EDGE_CURVE('',#560,#562,#27,.T.);
#700=EDGE_CURVE('',#563,#533,#350,.F.);
#701=EDGE_CURVE('',#532,#563,#351,.T.);
#702=EDGE_CURVE('',#564,#546,#28,.T.);
#703=EDGE_CURVE('',#555,#564,#352,.T.);
#704=EDGE_CURVE('',#562,#565,#101,.T.);
#705=EDGE_CURVE('',#565,#566,#29,.T.);
#706=EDGE_CURVE('',#566,#561,#102,.T.);
#707=EDGE_CURVE('',#530,#563,#353,.F.);
#708=EDGE_CURVE('',#567,#564,#103,.T.);
#709=EDGE_CURVE('',#568,#567,#30,.T.);
#710=EDGE_CURVE('',#568,#569,#104,.T.);
#711=EDGE_CURVE('',#570,#569,#31,.T.);
#712=EDGE_CURVE('',#570,#571,#354,.T.);
#713=EDGE_CURVE('',#571,#572,#105,.T.);
#714=EDGE_CURVE('',#573,#572,#355,.T.);
#715=EDGE_CURVE('',#574,#573,#106,.T.);
#716=EDGE_CURVE('',#575,#574,#356,.T.);
#717=EDGE_CURVE('',#575,#576,#107,.T.);
#718=EDGE_CURVE('',#577,#576,#357,.T.);
#719=EDGE_CURVE('',#578,#577,#108,.T.);
#720=EDGE_CURVE('',#579,#578,#358,.T.);
#721=EDGE_CURVE('',#579,#580,#109,.T.);
#722=EDGE_CURVE('',#580,#581,#359,.T.);
#723=EDGE_CURVE('',#582,#581,#32,.T.);
#724=EDGE_CURVE('',#582,#583,#110,.T.);
#725=EDGE_CURVE('',#565,#583,#33,.T.);
#726=EDGE_CURVE('',#584,#585,#360,.T.);
#727=EDGE_CURVE('',#585,#575,#111,.T.);
#728=EDGE_CURVE('',#574,#584,#34,.T.);
#729=EDGE_CURVE('',#572,#586,#112,.T.);
#730=EDGE_CURVE('',#586,#587,#361,.T.);
#731=EDGE_CURVE('',#587,#573,#35,.T.);
#732=EDGE_CURVE('',#587,#588,#36,.T.);
#733=EDGE_CURVE('',#588,#589,#113,.T.);
#734=EDGE_CURVE('',#589,#584,#37,.T.);
#735=EDGE_CURVE('',#590,#589,#362,.T.);
#736=EDGE_CURVE('',#591,#590,#363,.T.);
#737=EDGE_CURVE('',#585,#591,#364,.T.);
#738=EDGE_CURVE('',#588,#592,#365,.T.);
#739=EDGE_CURVE('',#592,#590,#114,.T.);
#740=EDGE_CURVE('',#593,#593,#115,.T.);
#741=EDGE_CURVE('',#586,#594,#366,.T.);
#742=EDGE_CURVE('',#594,#592,#367,.T.);
#743=EDGE_CURVE('',#545,#595,#116,.T.);
#744=EDGE_CURVE('',#567,#595,#38,.F.);
#745=EDGE_CURVE('',#541,#596,#368,.T.);
#746=EDGE_CURVE('',#596,#597,#117,.T.);
#747=EDGE_CURVE('',#597,#595,#369,.T.);
#748=EDGE_CURVE('',#598,#598,#118,.T.);
#749=EDGE_CURVE('',#566,#599,#370,.T.);
#750=EDGE_CURVE('',#599,#539,#119,.T.);
#751=EDGE_CURVE('',#600,#600,#120,.T.);
#752=EDGE_CURVE('',#601,#602,#371,.T.);
#753=EDGE_CURVE('',#602,#579,#121,.T.);
#754=EDGE_CURVE('',#578,#601,#39,.T.);
#755=EDGE_CURVE('',#576,#603,#122,.T.);
#756=EDGE_CURVE('',#603,#604,#372,.T.);
#757=EDGE_CURVE('',#604,#577,#40,.T.);
#758=EDGE_CURVE('',#604,#605,#41,.T.);
#759=EDGE_CURVE('',#605,#606,#123,.T.);
#760=EDGE_CURVE('',#606,#601,#42,.T.);
#761=EDGE_CURVE('',#607,#606,#373,.T.);
#762=EDGE_CURVE('',#608,#607,#374,.T.);
#763=EDGE_CURVE('',#602,#608,#375,.T.);
#764=EDGE_CURVE('',#605,#609,#376,.T.);
#765=EDGE_CURVE('',#609,#607,#124,.T.);
#766=EDGE_CURVE('',#610,#610,#125,.T.);
#767=EDGE_CURVE('',#603,#611,#377,.T.);
#768=EDGE_CURVE('',#611,#609,#378,.T.);
#769=EDGE_CURVE('',#593,#612,#379,.T.);
#770=EDGE_CURVE('',#612,#612,#126,.T.);
#771=EDGE_CURVE('',#591,#594,#127,.T.);
#772=EDGE_CURVE('',#610,#613,#380,.T.);
#773=EDGE_CURVE('',#613,#613,#128,.T.);
#774=EDGE_CURVE('',#608,#611,#129,.T.);
#775=EDGE_CURVE('',#598,#614,#381,.T.);
#776=EDGE_CURVE('',#614,#614,#130,.T.);
#777=EDGE_CURVE('',#615,#616,#131,.T.);
#778=EDGE_CURVE('',#615,#597,#382,.T.);
#779=EDGE_CURVE('',#616,#596,#383,.T.);
#780=EDGE_CURVE('',#544,#616,#384,.T.);
#781=EDGE_CURVE('',#617,#615,#385,.T.);
#782=EDGE_CURVE('',#617,#567,#386,.T.);
#783=EDGE_CURVE('',#600,#618,#387,.T.);
#784=EDGE_CURVE('',#618,#618,#132,.T.);
#785=EDGE_CURVE('',#540,#619,#133,.T.);
#786=EDGE_CURVE('',#619,#599,#388,.T.);
#787=EDGE_CURVE('',#620,#619,#389,.T.);
#788=EDGE_CURVE('',#565,#620,#390,.T.);
#789=EDGE_CURVE('',#621,#622,#43,.T.);
#790=EDGE_CURVE('',#622,#568,#391,.T.);
#791=EDGE_CURVE('',#567,#623,#392,.T.);
#792=EDGE_CURVE('',#623,#621,#44,.T.);
#793=EDGE_CURVE('',#624,#622,#134,.T.);
#794=EDGE_CURVE('',#569,#624,#393,.T.);
#795=EDGE_CURVE('',#624,#625,#45,.T.);
#796=EDGE_CURVE('',#625,#570,#394,.T.);
#797=EDGE_CURVE('',#626,#627,#135,.F.);
#798=EDGE_CURVE('',#628,#626,#136,.F.);
#799=EDGE_CURVE('',#627,#628,#137,.F.);
#800=EDGE_CURVE('',#629,#630,#138,.F.);
#801=EDGE_CURVE('',#631,#629,#139,.F.);
#802=EDGE_CURVE('',#630,#631,#140,.F.);
#803=EDGE_CURVE('',#629,#628,#395,.T.);
#804=EDGE_CURVE('',#626,#631,#396,.T.);
#805=EDGE_CURVE('',#627,#630,#141,.T.);
#806=EDGE_CURVE('',#631,#626,#142,.T.);
#807=EDGE_CURVE('',#623,#632,#397,.T.);
#808=EDGE_CURVE('',#633,#632,#143,.F.);
#809=EDGE_CURVE('',#633,#629,#398,.T.);
#810=EDGE_CURVE('',#630,#621,#399,.T.);
#811=EDGE_CURVE('',#634,#635,#144,.T.);
#812=EDGE_CURVE('',#635,#627,#400,.T.);
#813=EDGE_CURVE('',#628,#634,#401,.T.);
#814=EDGE_CURVE('',#635,#636,#145,.T.);
#815=EDGE_CURVE('',#636,#625,#402,.T.);
#816=EDGE_CURVE('',#637,#638,#146,.F.);
#817=EDGE_CURVE('',#639,#637,#147,.F.);
#818=EDGE_CURVE('',#638,#639,#148,.F.);
#819=EDGE_CURVE('',#640,#641,#149,.F.);
#820=EDGE_CURVE('',#642,#640,#150,.F.);
#821=EDGE_CURVE('',#641,#642,#151,.F.);
#822=EDGE_CURVE('',#637,#642,#152,.T.);
#823=EDGE_CURVE('',#640,#639,#153,.T.);
#824=EDGE_CURVE('',#643,#644,#154,.T.);
#825=EDGE_CURVE('',#644,#641,#403,.T.);
#826=EDGE_CURVE('',#642,#643,#404,.T.);
#827=EDGE_CURVE('',#641,#638,#405,.T.);
#828=EDGE_CURVE('',#639,#640,#406,.T.);
#829=EDGE_CURVE('',#645,#646,#46,.F.);
#830=EDGE_CURVE('',#645,#637,#407,.T.);
#831=EDGE_CURVE('',#638,#646,#408,.T.);
#832=EDGE_CURVE('',#647,#645,#47,.T.);
#833=EDGE_CURVE('',#647,#648,#155,.T.);
#834=EDGE_CURVE('',#649,#648,#48,.T.);
#835=EDGE_CURVE('',#649,#650,#409,.T.);
#836=EDGE_CURVE('',#650,#643,#156,.T.);
#837=EDGE_CURVE('',#583,#647,#410,.T.);
#838=EDGE_CURVE('',#651,#646,#157,.T.);
#839=EDGE_CURVE('',#651,#565,#411,.T.);
#840=EDGE_CURVE('',#648,#582,#412,.T.);
#841=EDGE_CURVE('',#581,#649,#413,.T.);
#842=EDGE_CURVE('',#652,#651,#414,.T.);
#843=EDGE_CURVE('',#620,#652,#415,.T.);
#844=EDGE_CURVE('',#650,#580,#416,.T.);
#845=EDGE_CURVE('',#632,#617,#417,.T.);
#846=EDGE_CURVE('',#571,#636,#418,.T.);
#847=EDGE_CURVE('',#644,#652,#419,.T.);
#848=EDGE_CURVE('',#633,#634,#420,.T.);
#849=EDGE_CURVE('',#558,#534,#421,.T.);
#850=ORIENTED_EDGE('',*,*,#653,.F.);
#851=ORIENTED_EDGE('',*,*,#654,.F.);
#852=ORIENTED_EDGE('',*,*,#655,.F.);
#853=ORIENTED_EDGE('',*,*,#656,.F.);
#854=ORIENTED_EDGE('',*,*,#654,.T.);
#855=ORIENTED_EDGE('',*,*,#657,.T.);
#856=ORIENTED_EDGE('',*,*,#658,.F.);
#857=ORIENTED_EDGE('',*,*,#659,.F.);
#858=ORIENTED_EDGE('',*,*,#653,.T.);
#859=ORIENTED_EDGE('',*,*,#660,.F.);
#860=ORIENTED_EDGE('',*,*,#661,.F.);
#861=ORIENTED_EDGE('',*,*,#657,.F.);
#862=ORIENTED_EDGE('',*,*,#662,.F.);
#863=ORIENTED_EDGE('',*,*,#663,.T.);
#864=ORIENTED_EDGE('',*,*,#664,.T.);
#865=ORIENTED_EDGE('',*,*,#665,.T.);
#866=ORIENTED_EDGE('',*,*,#666,.T.);
#867=ORIENTED_EDGE('',*,*,#664,.F.);
#868=ORIENTED_EDGE('',*,*,#667,.F.);
#869=ORIENTED_EDGE('',*,*,#668,.F.);
#870=ORIENTED_EDGE('',*,*,#669,.F.);
#871=ORIENTED_EDGE('',*,*,#670,.T.);
#872=ORIENTED_EDGE('',*,*,#671,.T.);
#873=ORIENTED_EDGE('',*,*,#672,.T.);
#874=ORIENTED_EDGE('',*,*,#673,.T.);
#875=ORIENTED_EDGE('',*,*,#671,.F.);
#876=ORIENTED_EDGE('',*,*,#674,.F.);
#877=ORIENTED_EDGE('',*,*,#675,.F.);
#878=ORIENTED_EDGE('',*,*,#676,.T.);
#879=ORIENTED_EDGE('',*,*,#677,.F.);
#880=ORIENTED_EDGE('',*,*,#678,.F.);
#881=ORIENTED_EDGE('',*,*,#679,.T.);
#882=ORIENTED_EDGE('',*,*,#680,.T.);
#883=ORIENTED_EDGE('',*,*,#681,.T.);
#884=ORIENTED_EDGE('',*,*,#682,.T.);
#885=ORIENTED_EDGE('',*,*,#683,.T.);
#886=ORIENTED_EDGE('',*,*,#680,.F.);
#887=ORIENTED_EDGE('',*,*,#684,.T.);
#888=ORIENTED_EDGE('',*,*,#685,.F.);
#889=ORIENTED_EDGE('',*,*,#677,.T.);
#890=ORIENTED_EDGE('',*,*,#686,.T.);
#891=ORIENTED_EDGE('',*,*,#687,.T.);
#892=ORIENTED_EDGE('',*,*,#688,.T.);
#893=ORIENTED_EDGE('',*,*,#689,.T.);
#894=ORIENTED_EDGE('',*,*,#690,.F.);
#895=ORIENTED_EDGE('',*,*,#683,.F.);
#896=ORIENTED_EDGE('',*,*,#691,.T.);
#897=ORIENTED_EDGE('',*,*,#692,.F.);
#898=ORIENTED_EDGE('',*,*,#684,.F.);
#899=ORIENTED_EDGE('',*,*,#685,.T.);
#900=ORIENTED_EDGE('',*,*,#692,.T.);
#901=ORIENTED_EDGE('',*,*,#693,.T.);
#902=ORIENTED_EDGE('',*,*,#678,.T.);
#903=ORIENTED_EDGE('',*,*,#666,.F.);
#904=ORIENTED_EDGE('',*,*,#694,.F.);
#905=ORIENTED_EDGE('',*,*,#681,.F.);
#906=ORIENTED_EDGE('',*,*,#689,.F.);
#907=ORIENTED_EDGE('',*,*,#695,.F.);
#908=ORIENTED_EDGE('',*,*,#696,.F.);
#909=ORIENTED_EDGE('',*,*,#697,.F.);
#910=ORIENTED_EDGE('',*,*,#698,.F.);
#911=ORIENTED_EDGE('',*,*,#699,.F.);
#912=ORIENTED_EDGE('',*,*,#695,.T.);
#913=ORIENTED_EDGE('',*,*,#688,.F.);
#914=ORIENTED_EDGE('',*,*,#661,.T.);
#915=ORIENTED_EDGE('',*,*,#700,.F.);
#916=ORIENTED_EDGE('',*,*,#701,.F.);
#917=ORIENTED_EDGE('',*,*,#658,.T.);
#918=ORIENTED_EDGE('',*,*,#676,.F.);
#919=ORIENTED_EDGE('',*,*,#702,.F.);
#920=ORIENTED_EDGE('',*,*,#703,.F.);
#921=ORIENTED_EDGE('',*,*,#686,.F.);
#922=ORIENTED_EDGE('',*,*,#696,.T.);
#923=ORIENTED_EDGE('',*,*,#699,.T.);
#924=ORIENTED_EDGE('',*,*,#704,.T.);
#925=ORIENTED_EDGE('',*,*,#705,.T.);
#926=ORIENTED_EDGE('',*,*,#706,.T.);
#927=ORIENTED_EDGE('',*,*,#656,.T.);
#928=ORIENTED_EDGE('',*,*,#707,.T.);
#929=ORIENTED_EDGE('',*,*,#700,.T.);
#930=ORIENTED_EDGE('',*,*,#660,.T.);
#931=ORIENTED_EDGE('',*,*,#698,.T.);
#932=ORIENTED_EDGE('',*,*,#687,.F.);
#933=ORIENTED_EDGE('',*,*,#703,.T.);
#934=ORIENTED_EDGE('',*,*,#708,.F.);
#935=ORIENTED_EDGE('',*,*,#709,.F.);
#936=ORIENTED_EDGE('',*,*,#710,.T.);
#937=ORIENTED_EDGE('',*,*,#711,.F.);
#938=ORIENTED_EDGE('',*,*,#712,.T.);
#939=ORIENTED_EDGE('',*,*,#713,.T.);
#940=ORIENTED_EDGE('',*,*,#714,.F.);
#941=ORIENTED_EDGE('',*,*,#715,.F.);
#942=ORIENTED_EDGE('',*,*,#716,.F.);
#943=ORIENTED_EDGE('',*,*,#717,.T.);
#944=ORIENTED_EDGE('',*,*,#718,.F.);
#945=ORIENTED_EDGE('',*,*,#719,.F.);
#946=ORIENTED_EDGE('',*,*,#720,.F.);
#947=ORIENTED_EDGE('',*,*,#721,.T.);
#948=ORIENTED_EDGE('',*,*,#722,.T.);
#949=ORIENTED_EDGE('',*,*,#723,.F.);
#950=ORIENTED_EDGE('',*,*,#724,.T.);
#951=ORIENTED_EDGE('',*,*,#725,.F.);
#952=ORIENTED_EDGE('',*,*,#704,.F.);
#953=ORIENTED_EDGE('',*,*,#726,.T.);
#954=ORIENTED_EDGE('',*,*,#727,.T.);
#955=ORIENTED_EDGE('',*,*,#716,.T.);
#956=ORIENTED_EDGE('',*,*,#728,.T.);
#957=ORIENTED_EDGE('',*,*,#714,.T.);
#958=ORIENTED_EDGE('',*,*,#729,.T.);
#959=ORIENTED_EDGE('',*,*,#730,.T.);
#960=ORIENTED_EDGE('',*,*,#731,.T.);
#961=ORIENTED_EDGE('',*,*,#715,.T.);
#962=ORIENTED_EDGE('',*,*,#731,.F.);
#963=ORIENTED_EDGE('',*,*,#732,.T.);
#964=ORIENTED_EDGE('',*,*,#733,.T.);
#965=ORIENTED_EDGE('',*,*,#734,.T.);
#966=ORIENTED_EDGE('',*,*,#728,.F.);
#967=ORIENTED_EDGE('',*,*,#726,.F.);
#968=ORIENTED_EDGE('',*,*,#734,.F.);
#969=ORIENTED_EDGE('',*,*,#735,.F.);
#970=ORIENTED_EDGE('',*,*,#736,.F.);
#971=ORIENTED_EDGE('',*,*,#737,.F.);
#972=ORIENTED_EDGE('',*,*,#733,.F.);
#973=ORIENTED_EDGE('',*,*,#738,.T.);
#974=ORIENTED_EDGE('',*,*,#739,.T.);
#975=ORIENTED_EDGE('',*,*,#735,.T.);
#976=ORIENTED_EDGE('',*,*,#740,.T.);
#977=ORIENTED_EDGE('',*,*,#730,.F.);
#978=ORIENTED_EDGE('',*,*,#741,.T.);
#979=ORIENTED_EDGE('',*,*,#742,.T.);
#980=ORIENTED_EDGE('',*,*,#738,.F.);
#981=ORIENTED_EDGE('',*,*,#732,.F.);
#982=ORIENTED_EDGE('',*,*,#675,.T.);
#983=ORIENTED_EDGE('',*,*,#743,.T.);
#984=ORIENTED_EDGE('',*,*,#744,.F.);
#985=ORIENTED_EDGE('',*,*,#708,.T.);
#986=ORIENTED_EDGE('',*,*,#702,.T.);
#987=ORIENTED_EDGE('',*,*,#674,.T.);
#988=ORIENTED_EDGE('',*,*,#670,.F.);
#989=ORIENTED_EDGE('',*,*,#745,.T.);
#990=ORIENTED_EDGE('',*,*,#746,.T.);
#991=ORIENTED_EDGE('',*,*,#747,.T.);
#992=ORIENTED_EDGE('',*,*,#743,.F.);
#993=ORIENTED_EDGE('',*,*,#748,.T.);
#994=ORIENTED_EDGE('',*,*,#697,.T.);
#995=ORIENTED_EDGE('',*,*,#706,.F.);
#996=ORIENTED_EDGE('',*,*,#749,.T.);
#997=ORIENTED_EDGE('',*,*,#750,.T.);
#998=ORIENTED_EDGE('',*,*,#667,.T.);
#999=ORIENTED_EDGE('',*,*,#663,.F.);
#1000=ORIENTED_EDGE('',*,*,#751,.T.);
#1001=ORIENTED_EDGE('',*,*,#752,.T.);
#1002=ORIENTED_EDGE('',*,*,#753,.T.);
#1003=ORIENTED_EDGE('',*,*,#720,.T.);
#1004=ORIENTED_EDGE('',*,*,#754,.T.);
#1005=ORIENTED_EDGE('',*,*,#718,.T.);
#1006=ORIENTED_EDGE('',*,*,#755,.T.);
#1007=ORIENTED_EDGE('',*,*,#756,.T.);
#1008=ORIENTED_EDGE('',*,*,#757,.T.);
#1009=ORIENTED_EDGE('',*,*,#719,.T.);
#1010=ORIENTED_EDGE('',*,*,#757,.F.);
#1011=ORIENTED_EDGE('',*,*,#758,.T.);
#1012=ORIENTED_EDGE('',*,*,#759,.T.);
#1013=ORIENTED_EDGE('',*,*,#760,.T.);
#1014=ORIENTED_EDGE('',*,*,#754,.F.);
#1015=ORIENTED_EDGE('',*,*,#752,.F.);
#1016=ORIENTED_EDGE('',*,*,#760,.F.);
#1017=ORIENTED_EDGE('',*,*,#761,.F.);
#1018=ORIENTED_EDGE('',*,*,#762,.F.);
#1019=ORIENTED_EDGE('',*,*,#763,.F.);
#1020=ORIENTED_EDGE('',*,*,#759,.F.);
#1021=ORIENTED_EDGE('',*,*,#764,.T.);
#1022=ORIENTED_EDGE('',*,*,#765,.T.);
#1023=ORIENTED_EDGE('',*,*,#761,.T.);
#1024=ORIENTED_EDGE('',*,*,#766,.T.);
#1025=ORIENTED_EDGE('',*,*,#756,.F.);
#1026=ORIENTED_EDGE('',*,*,#767,.T.);
#1027=ORIENTED_EDGE('',*,*,#768,.T.);
#1028=ORIENTED_EDGE('',*,*,#764,.F.);
#1029=ORIENTED_EDGE('',*,*,#758,.F.);
#1030=ORIENTED_EDGE('',*,*,#740,.F.);
#1031=ORIENTED_EDGE('',*,*,#769,.T.);
#1032=ORIENTED_EDGE('',*,*,#770,.F.);
#1033=ORIENTED_EDGE('',*,*,#769,.F.);
#1034=ORIENTED_EDGE('',*,*,#771,.F.);
#1035=ORIENTED_EDGE('',*,*,#736,.T.);
#1036=ORIENTED_EDGE('',*,*,#739,.F.);
#1037=ORIENTED_EDGE('',*,*,#742,.F.);
#1038=ORIENTED_EDGE('',*,*,#766,.F.);
#1039=ORIENTED_EDGE('',*,*,#772,.T.);
#1040=ORIENTED_EDGE('',*,*,#773,.F.);
#1041=ORIENTED_EDGE('',*,*,#772,.F.);
#1042=ORIENTED_EDGE('',*,*,#774,.F.);
#1043=ORIENTED_EDGE('',*,*,#762,.T.);
#1044=ORIENTED_EDGE('',*,*,#765,.F.);
#1045=ORIENTED_EDGE('',*,*,#768,.F.);
#1046=ORIENTED_EDGE('',*,*,#748,.F.);
#1047=ORIENTED_EDGE('',*,*,#775,.T.);
#1048=ORIENTED_EDGE('',*,*,#776,.F.);
#1049=ORIENTED_EDGE('',*,*,#775,.F.);
#1050=ORIENTED_EDGE('',*,*,#777,.F.);
#1051=ORIENTED_EDGE('',*,*,#778,.T.);
#1052=ORIENTED_EDGE('',*,*,#746,.F.);
#1053=ORIENTED_EDGE('',*,*,#779,.F.);
#1054=ORIENTED_EDGE('',*,*,#673,.F.);
#1055=ORIENTED_EDGE('',*,*,#780,.T.);
#1056=ORIENTED_EDGE('',*,*,#779,.T.);
#1057=ORIENTED_EDGE('',*,*,#745,.F.);
#1058=ORIENTED_EDGE('',*,*,#781,.F.);
#1059=ORIENTED_EDGE('',*,*,#782,.T.);
#1060=ORIENTED_EDGE('',*,*,#744,.T.);
#1061=ORIENTED_EDGE('',*,*,#747,.F.);
#1062=ORIENTED_EDGE('',*,*,#778,.F.);
#1063=ORIENTED_EDGE('',*,*,#751,.F.);
#1064=ORIENTED_EDGE('',*,*,#783,.T.);
#1065=ORIENTED_EDGE('',*,*,#784,.F.);
#1066=ORIENTED_EDGE('',*,*,#783,.F.);
#1067=ORIENTED_EDGE('',*,*,#785,.F.);
#1068=ORIENTED_EDGE('',*,*,#668,.T.);
#1069=ORIENTED_EDGE('',*,*,#750,.F.);
#1070=ORIENTED_EDGE('',*,*,#786,.F.);
#1071=ORIENTED_EDGE('',*,*,#787,.T.);
#1072=ORIENTED_EDGE('',*,*,#786,.T.);
#1073=ORIENTED_EDGE('',*,*,#749,.F.);
#1074=ORIENTED_EDGE('',*,*,#705,.F.);
#1075=ORIENTED_EDGE('',*,*,#788,.T.);
#1076=ORIENTED_EDGE('',*,*,#789,.T.);
#1077=ORIENTED_EDGE('',*,*,#790,.T.);
#1078=ORIENTED_EDGE('',*,*,#709,.T.);
#1079=ORIENTED_EDGE('',*,*,#791,.T.);
#1080=ORIENTED_EDGE('',*,*,#792,.T.);
#1081=ORIENTED_EDGE('',*,*,#790,.F.);
#1082=ORIENTED_EDGE('',*,*,#793,.F.);
#1083=ORIENTED_EDGE('',*,*,#794,.F.);
#1084=ORIENTED_EDGE('',*,*,#710,.F.);
#1085=ORIENTED_EDGE('',*,*,#711,.T.);
#1086=ORIENTED_EDGE('',*,*,#794,.T.);
#1087=ORIENTED_EDGE('',*,*,#795,.T.);
#1088=ORIENTED_EDGE('',*,*,#796,.T.);
#1089=ORIENTED_EDGE('',*,*,#797,.F.);
#1090=ORIENTED_EDGE('',*,*,#798,.F.);
#1091=ORIENTED_EDGE('',*,*,#799,.F.);
#1092=ORIENTED_EDGE('',*,*,#800,.F.);
#1093=ORIENTED_EDGE('',*,*,#801,.F.);
#1094=ORIENTED_EDGE('',*,*,#802,.F.);
#1095=ORIENTED_EDGE('',*,*,#801,.T.);
#1096=ORIENTED_EDGE('',*,*,#803,.T.);
#1097=ORIENTED_EDGE('',*,*,#798,.T.);
#1098=ORIENTED_EDGE('',*,*,#804,.T.);
#1099=ORIENTED_EDGE('',*,*,#797,.T.);
#1100=ORIENTED_EDGE('',*,*,#805,.T.);
#1101=ORIENTED_EDGE('',*,*,#802,.T.);
#1102=ORIENTED_EDGE('',*,*,#806,.T.);
#1103=ORIENTED_EDGE('',*,*,#807,.T.);
#1104=ORIENTED_EDGE('',*,*,#808,.F.);
#1105=ORIENTED_EDGE('',*,*,#809,.T.);
#1106=ORIENTED_EDGE('',*,*,#800,.T.);
#1107=ORIENTED_EDGE('',*,*,#810,.T.);
#1108=ORIENTED_EDGE('',*,*,#792,.F.);
#1109=ORIENTED_EDGE('',*,*,#811,.T.);
#1110=ORIENTED_EDGE('',*,*,#812,.T.);
#1111=ORIENTED_EDGE('',*,*,#799,.T.);
#1112=ORIENTED_EDGE('',*,*,#813,.T.);
#1113=ORIENTED_EDGE('',*,*,#810,.F.);
#1114=ORIENTED_EDGE('',*,*,#805,.F.);
#1115=ORIENTED_EDGE('',*,*,#812,.F.);
#1116=ORIENTED_EDGE('',*,*,#814,.T.);
#1117=ORIENTED_EDGE('',*,*,#815,.T.);
#1118=ORIENTED_EDGE('',*,*,#795,.F.);
#1119=ORIENTED_EDGE('',*,*,#793,.T.);
#1120=ORIENTED_EDGE('',*,*,#789,.F.);
#1121=ORIENTED_EDGE('',*,*,#804,.F.);
#1122=ORIENTED_EDGE('',*,*,#806,.F.);
#1123=ORIENTED_EDGE('',*,*,#816,.F.);
#1124=ORIENTED_EDGE('',*,*,#817,.F.);
#1125=ORIENTED_EDGE('',*,*,#818,.F.);
#1126=ORIENTED_EDGE('',*,*,#819,.F.);
#1127=ORIENTED_EDGE('',*,*,#820,.F.);
#1128=ORIENTED_EDGE('',*,*,#821,.F.);
#1129=ORIENTED_EDGE('',*,*,#817,.T.);
#1130=ORIENTED_EDGE('',*,*,#822,.T.);
#1131=ORIENTED_EDGE('',*,*,#820,.T.);
#1132=ORIENTED_EDGE('',*,*,#823,.T.);
#1133=ORIENTED_EDGE('',*,*,#824,.T.);
#1134=ORIENTED_EDGE('',*,*,#825,.T.);
#1135=ORIENTED_EDGE('',*,*,#821,.T.);
#1136=ORIENTED_EDGE('',*,*,#826,.T.);
#1137=ORIENTED_EDGE('',*,*,#819,.T.);
#1138=ORIENTED_EDGE('',*,*,#827,.T.);
#1139=ORIENTED_EDGE('',*,*,#818,.T.);
#1140=ORIENTED_EDGE('',*,*,#828,.T.);
#1141=ORIENTED_EDGE('',*,*,#829,.F.);
#1142=ORIENTED_EDGE('',*,*,#830,.T.);
#1143=ORIENTED_EDGE('',*,*,#816,.T.);
#1144=ORIENTED_EDGE('',*,*,#831,.T.);
#1145=ORIENTED_EDGE('',*,*,#826,.F.);
#1146=ORIENTED_EDGE('',*,*,#822,.F.);
#1147=ORIENTED_EDGE('',*,*,#830,.F.);
#1148=ORIENTED_EDGE('',*,*,#832,.F.);
#1149=ORIENTED_EDGE('',*,*,#833,.T.);
#1150=ORIENTED_EDGE('',*,*,#834,.F.);
#1151=ORIENTED_EDGE('',*,*,#835,.T.);
#1152=ORIENTED_EDGE('',*,*,#836,.T.);
#1153=ORIENTED_EDGE('',*,*,#823,.F.);
#1154=ORIENTED_EDGE('',*,*,#828,.F.);
#1155=ORIENTED_EDGE('',*,*,#725,.T.);
#1156=ORIENTED_EDGE('',*,*,#837,.T.);
#1157=ORIENTED_EDGE('',*,*,#832,.T.);
#1158=ORIENTED_EDGE('',*,*,#829,.T.);
#1159=ORIENTED_EDGE('',*,*,#838,.F.);
#1160=ORIENTED_EDGE('',*,*,#839,.T.);
#1161=ORIENTED_EDGE('',*,*,#837,.F.);
#1162=ORIENTED_EDGE('',*,*,#724,.F.);
#1163=ORIENTED_EDGE('',*,*,#840,.F.);
#1164=ORIENTED_EDGE('',*,*,#833,.F.);
#1165=ORIENTED_EDGE('',*,*,#834,.T.);
#1166=ORIENTED_EDGE('',*,*,#840,.T.);
#1167=ORIENTED_EDGE('',*,*,#723,.T.);
#1168=ORIENTED_EDGE('',*,*,#841,.T.);
#1169=ORIENTED_EDGE('',*,*,#839,.F.);
#1170=ORIENTED_EDGE('',*,*,#842,.F.);
#1171=ORIENTED_EDGE('',*,*,#843,.F.);
#1172=ORIENTED_EDGE('',*,*,#788,.F.);
#1173=ORIENTED_EDGE('',*,*,#841,.F.);
#1174=ORIENTED_EDGE('',*,*,#722,.F.);
#1175=ORIENTED_EDGE('',*,*,#844,.F.);
#1176=ORIENTED_EDGE('',*,*,#835,.F.);
#1177=ORIENTED_EDGE('',*,*,#791,.F.);
#1178=ORIENTED_EDGE('',*,*,#782,.F.);
#1179=ORIENTED_EDGE('',*,*,#845,.F.);
#1180=ORIENTED_EDGE('',*,*,#807,.F.);
#1181=ORIENTED_EDGE('',*,*,#796,.F.);
#1182=ORIENTED_EDGE('',*,*,#815,.F.);
#1183=ORIENTED_EDGE('',*,*,#846,.F.);
#1184=ORIENTED_EDGE('',*,*,#712,.F.);
#1185=ORIENTED_EDGE('',*,*,#682,.F.);
#1186=ORIENTED_EDGE('',*,*,#694,.T.);
#1187=ORIENTED_EDGE('',*,*,#665,.F.);
#1188=ORIENTED_EDGE('',*,*,#669,.T.);
#1189=ORIENTED_EDGE('',*,*,#785,.T.);
#1190=ORIENTED_EDGE('',*,*,#787,.F.);
#1191=ORIENTED_EDGE('',*,*,#843,.T.);
#1192=ORIENTED_EDGE('',*,*,#847,.F.);
#1193=ORIENTED_EDGE('',*,*,#824,.F.);
#1194=ORIENTED_EDGE('',*,*,#836,.F.);
#1195=ORIENTED_EDGE('',*,*,#844,.T.);
#1196=ORIENTED_EDGE('',*,*,#721,.F.);
#1197=ORIENTED_EDGE('',*,*,#753,.F.);
#1198=ORIENTED_EDGE('',*,*,#763,.T.);
#1199=ORIENTED_EDGE('',*,*,#774,.T.);
#1200=ORIENTED_EDGE('',*,*,#767,.F.);
#1201=ORIENTED_EDGE('',*,*,#755,.F.);
#1202=ORIENTED_EDGE('',*,*,#717,.F.);
#1203=ORIENTED_EDGE('',*,*,#727,.F.);
#1204=ORIENTED_EDGE('',*,*,#737,.T.);
#1205=ORIENTED_EDGE('',*,*,#771,.T.);
#1206=ORIENTED_EDGE('',*,*,#741,.F.);
#1207=ORIENTED_EDGE('',*,*,#729,.F.);
#1208=ORIENTED_EDGE('',*,*,#713,.F.);
#1209=ORIENTED_EDGE('',*,*,#846,.T.);
#1210=ORIENTED_EDGE('',*,*,#814,.F.);
#1211=ORIENTED_EDGE('',*,*,#811,.F.);
#1212=ORIENTED_EDGE('',*,*,#848,.F.);
#1213=ORIENTED_EDGE('',*,*,#808,.T.);
#1214=ORIENTED_EDGE('',*,*,#845,.T.);
#1215=ORIENTED_EDGE('',*,*,#781,.T.);
#1216=ORIENTED_EDGE('',*,*,#777,.T.);
#1217=ORIENTED_EDGE('',*,*,#780,.F.);
#1218=ORIENTED_EDGE('',*,*,#672,.F.);
#1219=ORIENTED_EDGE('',*,*,#679,.F.);
#1220=ORIENTED_EDGE('',*,*,#693,.F.);
#1221=ORIENTED_EDGE('',*,*,#691,.F.);
#1222=ORIENTED_EDGE('',*,*,#659,.T.);
#1223=ORIENTED_EDGE('',*,*,#701,.T.);
#1224=ORIENTED_EDGE('',*,*,#707,.F.);
#1225=ORIENTED_EDGE('',*,*,#655,.T.);
#1226=ORIENTED_EDGE('',*,*,#770,.T.);
#1227=ORIENTED_EDGE('',*,*,#773,.T.);
#1228=ORIENTED_EDGE('',*,*,#776,.T.);
#1229=ORIENTED_EDGE('',*,*,#784,.T.);
#1230=ORIENTED_EDGE('',*,*,#690,.T.);
#1231=ORIENTED_EDGE('',*,*,#849,.T.);
#1232=ORIENTED_EDGE('',*,*,#662,.T.);
#1233=ORIENTED_EDGE('',*,*,#849,.F.);
#1234=ORIENTED_EDGE('',*,*,#825,.F.);
#1235=ORIENTED_EDGE('',*,*,#847,.T.);
#1236=ORIENTED_EDGE('',*,*,#842,.T.);
#1237=ORIENTED_EDGE('',*,*,#838,.T.);
#1238=ORIENTED_EDGE('',*,*,#831,.F.);
#1239=ORIENTED_EDGE('',*,*,#827,.F.);
#1240=ORIENTED_EDGE('',*,*,#809,.F.);
#1241=ORIENTED_EDGE('',*,*,#848,.T.);
#1242=ORIENTED_EDGE('',*,*,#813,.F.);
#1243=ORIENTED_EDGE('',*,*,#803,.F.);
#1244=PLANE('',#1366);
#1245=PLANE('',#1367);
#1246=PLANE('',#1368);
#1247=PLANE('',#1373);
#1248=PLANE('',#1377);
#1249=PLANE('',#1381);
#1250=PLANE('',#1385);
#1251=PLANE('',#1388);
#1252=PLANE('',#1389);
#1253=PLANE('',#1390);
#1254=PLANE('',#1391);
#1255=PLANE('',#1395);
#1256=PLANE('',#1411);
#1257=PLANE('',#1412);
#1258=PLANE('',#1415);
#1259=PLANE('',#1418);
#1260=PLANE('',#1421);
#1261=PLANE('',#1430);
#1262=PLANE('',#1431);
#1263=PLANE('',#1434);
#1264=PLANE('',#1447);
#1265=PLANE('',#1448);
#1266=PLANE('',#1453);
#1267=PLANE('',#1455);
#1268=PLANE('',#1476);
#1269=PLANE('',#1495);
#1270=PLANE('',#1498);
#1271=PLANE('',#1500);
#1272=PLANE('',#1501);
#1273=PLANE('',#1502);
#1274=PLANE('',#1503);
#1275=PLANE('',#1504);
#1276=PLANE('',#1506);
#1277=PLANE('',#1507);
#1278=ADVANCED_FACE('',(#158),#1244,.T.);
#1279=ADVANCED_FACE('',(#159),#1245,.T.);
#1280=ADVANCED_FACE('',(#160,#79),#1246,.F.);
#1281=ADVANCED_FACE('',(#161),#49,.F.);
#1282=ADVANCED_FACE('',(#162),#1247,.T.);
#1283=ADVANCED_FACE('',(#163),#50,.F.);
#1284=ADVANCED_FACE('',(#164),#1248,.T.);
#1285=ADVANCED_FACE('',(#165),#51,.T.);
#1286=ADVANCED_FACE('',(#166,#80),#1249,.T.);
#1287=ADVANCED_FACE('',(#167),#1250,.T.);
#1288=ADVANCED_FACE('',(#168),#52,.T.);
#1289=ADVANCED_FACE('',(#169),#1251,.T.);
#1290=ADVANCED_FACE('',(#170),#1252,.T.);
#1291=ADVANCED_FACE('',(#171),#1253,.T.);
#1292=ADVANCED_FACE('',(#172),#1254,.T.);
#1293=ADVANCED_FACE('',(#173),#19,.F.);
#1294=ADVANCED_FACE('',(#174),#1255,.T.);
#1295=ADVANCED_FACE('',(#175),#53,.T.);
#1296=ADVANCED_FACE('',(#176),#54,.F.);
#1297=ADVANCED_FACE('',(#177),#55,.F.);
#1298=ADVANCED_FACE('',(#178),#20,.F.);
#1299=ADVANCED_FACE('',(#179),#1256,.T.);
#1300=ADVANCED_FACE('',(#180,#81),#1257,.F.);
#1301=ADVANCED_FACE('',(#181),#1258,.T.);
#1302=ADVANCED_FACE('',(#182),#21,.F.);
#1303=ADVANCED_FACE('',(#183,#82),#1259,.F.);
#1304=ADVANCED_FACE('',(#184,#83),#1260,.F.);
#1305=ADVANCED_FACE('',(#185),#56,.F.);
#1306=ADVANCED_FACE('',(#186),#57,.F.);
#1307=ADVANCED_FACE('',(#187),#22,.F.);
#1308=ADVANCED_FACE('',(#188),#1261,.T.);
#1309=ADVANCED_FACE('',(#189,#84),#1262,.F.);
#1310=ADVANCED_FACE('',(#190),#1263,.T.);
#1311=ADVANCED_FACE('',(#191),#58,.F.);
#1312=ADVANCED_FACE('',(#192),#59,.T.);
#1313=ADVANCED_FACE('',(#193),#60,.F.);
#1314=ADVANCED_FACE('',(#194),#61,.T.);
#1315=ADVANCED_FACE('',(#195),#62,.F.);
#1316=ADVANCED_FACE('',(#196),#63,.T.);
#1317=ADVANCED_FACE('',(#197),#1264,.T.);
#1318=ADVANCED_FACE('',(#198),#1265,.T.);
#1319=ADVANCED_FACE('',(#199),#64,.F.);
#1320=ADVANCED_FACE('',(#200),#65,.T.);
#1321=ADVANCED_FACE('',(#201),#1266,.T.);
#1322=ADVANCED_FACE('',(#202),#66,.F.);
#1323=ADVANCED_FACE('',(#203),#1267,.T.);
#1324=ADVANCED_FACE('',(#204),#67,.F.);
#1325=ADVANCED_FACE('',(#205),#15,.F.);
#1326=ADVANCED_FACE('',(#206),#16,.F.);
#1327=ADVANCED_FACE('',(#207),#68,.F.);
#1328=ADVANCED_FACE('',(#208),#23,.F.);
#1329=ADVANCED_FACE('',(#209),#69,.F.);
#1330=ADVANCED_FACE('',(#210),#70,.F.);
#1331=ADVANCED_FACE('',(#211),#71,.F.);
#1332=ADVANCED_FACE('',(#212),#1268,.F.);
#1333=ADVANCED_FACE('',(#213),#17,.F.);
#1334=ADVANCED_FACE('',(#214),#18,.F.);
#1335=ADVANCED_FACE('',(#215),#24,.F.);
#1336=ADVANCED_FACE('',(#216),#72,.F.);
#1337=ADVANCED_FACE('',(#217),#73,.F.);
#1338=ADVANCED_FACE('',(#218),#74,.F.);
#1339=ADVANCED_FACE('',(#219),#75,.F.);
#1340=ADVANCED_FACE('',(#220),#1269,.F.);
#1341=ADVANCED_FACE('',(#221),#76,.F.);
#1342=ADVANCED_FACE('',(#222),#1270,.T.);
#1343=ADVANCED_FACE('',(#223),#77,.F.);
#1344=ADVANCED_FACE('',(#224),#1271,.F.);
#1345=ADVANCED_FACE('',(#225),#1272,.F.);
#1346=ADVANCED_FACE('',(#226),#1273,.F.);
#1347=ADVANCED_FACE('',(#227),#1274,.F.);
#1348=ADVANCED_FACE('',(#228,#85,#86,#87,#88,#89),#1275,.F.);
#1349=ADVANCED_FACE('',(#229),#78,.F.);
#1350=ADVANCED_FACE('',(#230),#1276,.T.);
#1351=ADVANCED_FACE('',(#231),#1277,.T.);
#1352=CLOSED_SHELL('',(#1278,#1279,#1280,#1281,#1282,#1283,#1284,#1285,
#1286,#1287,#1288,#1289,#1290,#1291,#1292,#1293,#1294,#1295,#1296,#1297,
#1298,#1299,#1300,#1301,#1302,#1303,#1304,#1305,#1306,#1307,#1308,#1309,
#1310,#1311,#1312,#1313,#1314,#1315,#1316,#1317,#1318,#1319,#1320,#1321,
#1322,#1323,#1324,#1325,#1326,#1327,#1328,#1329,#1330,#1331,#1332,#1333,
#1334,#1335,#1336,#1337,#1338,#1339,#1340,#1341,#1342,#1343,#1344,#1345,
#1346,#1347,#1348,#1349,#1350,#1351));
#1353=DERIVED_UNIT_ELEMENT(#1355,1.);
#1354=DERIVED_UNIT_ELEMENT(#2500,-3.);
#1355=(
MASS_UNIT()
NAMED_UNIT(*)
SI_UNIT(.KILO.,.GRAM.)
);
#1356=DERIVED_UNIT((#1353,#1354));
#1357=MEASURE_REPRESENTATION_ITEM('density measure',
POSITIVE_RATIO_MEASURE(7850.),#1356);
#1358=PROPERTY_DEFINITION_REPRESENTATION(#1363,#1360);
#1359=PROPERTY_DEFINITION_REPRESENTATION(#1364,#1361);
#1360=REPRESENTATION('material name',(#1362),#2497);
#1361=REPRESENTATION('density',(#1357),#2497);
#1362=DESCRIPTIVE_REPRESENTATION_ITEM('Steel','Steel');
#1363=PROPERTY_DEFINITION('material property','material name',#2507);
#1364=PROPERTY_DEFINITION('material property','density of part',#2507);
#1365=AXIS2_PLACEMENT_3D('',#1899,#1508,#1509);
#1366=AXIS2_PLACEMENT_3D('',#1900,#1510,#1511);
#1367=AXIS2_PLACEMENT_3D('',#1909,#1516,#1517);
#1368=AXIS2_PLACEMENT_3D('',#1915,#1521,#1522);
#1369=AXIS2_PLACEMENT_3D('',#1920,#1525,#1526);
#1370=AXIS2_PLACEMENT_3D('',#1921,#1527,#1528);
#1371=AXIS2_PLACEMENT_3D('',#1924,#1529,#1530);
#1372=AXIS2_PLACEMENT_3D('',#1928,#1532,#1533);
#1373=AXIS2_PLACEMENT_3D('',#1930,#1535,#1536);
#1374=AXIS2_PLACEMENT_3D('',#1936,#1540,#1541);
#1375=AXIS2_PLACEMENT_3D('',#1939,#1542,#1543);
#1376=AXIS2_PLACEMENT_3D('',#1943,#1545,#1546);
#1377=AXIS2_PLACEMENT_3D('',#1945,#1548,#1549);
#1378=AXIS2_PLACEMENT_3D('',#1966,#1555,#1556);
#1379=AXIS2_PLACEMENT_3D('',#1969,#1557,#1558);
#1380=AXIS2_PLACEMENT_3D('',#1973,#1560,#1561);
#1381=AXIS2_PLACEMENT_3D('',#1975,#1563,#1564);
#1382=AXIS2_PLACEMENT_3D('',#1978,#1566,#1567);
#1383=AXIS2_PLACEMENT_3D('',#1982,#1569,#1570);
#1384=AXIS2_PLACEMENT_3D('',#1987,#1573,#1574);
#1385=AXIS2_PLACEMENT_3D('',#1988,#1575,#1576);
#1386=AXIS2_PLACEMENT_3D('',#1992,#1579,#1580);
#1387=AXIS2_PLACEMENT_3D('',#1993,#1581,#1582);
#1388=AXIS2_PLACEMENT_3D('',#1994,#1583,#1584);
#1389=AXIS2_PLACEMENT_3D('',#2010,#1588,#1589);
#1390=AXIS2_PLACEMENT_3D('',#2017,#1591,#1592);
#1391=AXIS2_PLACEMENT_3D('',#2021,#1595,#1596);
#1392=AXIS2_PLACEMENT_3D('',#2028,#1598,#1599);
#1393=AXIS2_PLACEMENT_3D('',#2030,#1600,#1601);
#1394=AXIS2_PLACEMENT_3D('',#2042,#1602,#1603);
#1395=AXIS2_PLACEMENT_3D('',#2043,#1604,#1605);
#1396=AXIS2_PLACEMENT_3D('',#2045,#1607,#1608);
#1397=AXIS2_PLACEMENT_3D('',#2047,#1609,#1610);
#1398=AXIS2_PLACEMENT_3D('',#2060,#1611,#1612);
#1399=AXIS2_PLACEMENT_3D('',#2075,#1614,#1615);
#1400=AXIS2_PLACEMENT_3D('',#2079,#1617,#1618);
#1401=AXIS2_PLACEMENT_3D('',#2083,#1620,#1621);
#1402=AXIS2_PLACEMENT_3D('',#2087,#1623,#1624);
#1403=AXIS2_PLACEMENT_3D('',#2091,#1626,#1627);
#1404=AXIS2_PLACEMENT_3D('',#2106,#1629,#1630);
#1405=AXIS2_PLACEMENT_3D('',#2117,#1631,#1632);
#1406=AXIS2_PLACEMENT_3D('',#2121,#1634,#1635);
#1407=AXIS2_PLACEMENT_3D('',#2132,#1636,#1637);
#1408=AXIS2_PLACEMENT_3D('',#2134,#1638,#1639);
#1409=AXIS2_PLACEMENT_3D('',#2149,#1641,#1642);
#1410=AXIS2_PLACEMENT_3D('',#2156,#1643,#1644);
#1411=AXIS2_PLACEMENT_3D('',#2163,#1645,#1646);
#1412=AXIS2_PLACEMENT_3D('',#2169,#1650,#1651);
#1413=AXIS2_PLACEMENT_3D('',#2172,#1653,#1654);
#1414=AXIS2_PLACEMENT_3D('',#2174,#1655,#1656);
#1415=AXIS2_PLACEMENT_3D('',#2175,#1657,#1658);
#1416=AXIS2_PLACEMENT_3D('',#2179,#1661,#1662);
#1417=AXIS2_PLACEMENT_3D('',#2181,#1663,#1664);
#1418=AXIS2_PLACEMENT_3D('',#2192,#1665,#1666);
#1419=AXIS2_PLACEMENT_3D('',#2196,#1668,#1669);
#1420=AXIS2_PLACEMENT_3D('',#2199,#1671,#1672);
#1421=AXIS2_PLACEMENT_3D('',#2200,#1673,#1674);
#1422=AXIS2_PLACEMENT_3D('',#2203,#1676,#1677);
#1423=AXIS2_PLACEMENT_3D('',#2205,#1678,#1679);
#1424=AXIS2_PLACEMENT_3D('',#2206,#1680,#1681);
#1425=AXIS2_PLACEMENT_3D('',#2210,#1683,#1684);
#1426=AXIS2_PLACEMENT_3D('',#2223,#1685,#1686);
#1427=AXIS2_PLACEMENT_3D('',#2225,#1687,#1688);
#1428=AXIS2_PLACEMENT_3D('',#2238,#1690,#1691);
#1429=AXIS2_PLACEMENT_3D('',#2247,#1692,#1693);
#1430=AXIS2_PLACEMENT_3D('',#2252,#1694,#1695);
#1431=AXIS2_PLACEMENT_3D('',#2258,#1699,#1700);
#1432=AXIS2_PLACEMENT_3D('',#2261,#1702,#1703);
#1433=AXIS2_PLACEMENT_3D('',#2263,#1704,#1705);
#1434=AXIS2_PLACEMENT_3D('',#2264,#1706,#1707);
#1435=AXIS2_PLACEMENT_3D('',#2268,#1710,#1711);
#1436=AXIS2_PLACEMENT_3D('',#2271,#1713,#1714);
#1437=AXIS2_PLACEMENT_3D('',#2272,#1715,#1716);
#1438=AXIS2_PLACEMENT_3D('',#2273,#1717,#1718);
#1439=AXIS2_PLACEMENT_3D('',#2274,#1719,#1720);
#1440=AXIS2_PLACEMENT_3D('',#2277,#1722,#1723);
#1441=AXIS2_PLACEMENT_3D('',#2278,#1724,#1725);
#1442=AXIS2_PLACEMENT_3D('',#2279,#1726,#1727);
#1443=AXIS2_PLACEMENT_3D('',#2280,#1728,#1729);
#1444=AXIS2_PLACEMENT_3D('',#2283,#1731,#1732);
#1445=AXIS2_PLACEMENT_3D('',#2284,#1733,#1734);
#1446=AXIS2_PLACEMENT_3D('',#2287,#1735,#1736);
#1447=AXIS2_PLACEMENT_3D('',#2290,#1739,#1740);
#1448=AXIS2_PLACEMENT_3D('',#2292,#1742,#1743);
#1449=AXIS2_PLACEMENT_3D('',#2296,#1746,#1747);
#1450=AXIS2_PLACEMENT_3D('',#2299,#1749,#1750);
#1451=AXIS2_PLACEMENT_3D('',#2300,#1751,#1752);
#1452=AXIS2_PLACEMENT_3D('',#2302,#1753,#1754);
#1453=AXIS2_PLACEMENT_3D('',#2304,#1756,#1757);
#1454=AXIS2_PLACEMENT_3D('',#2308,#1760,#1761);
#1455=AXIS2_PLACEMENT_3D('',#2332,#1764,#1765);
#1456=AXIS2_PLACEMENT_3D('',#2334,#1766,#1767);
#1457=AXIS2_PLACEMENT_3D('',#2336,#1769,#1770);
#1458=AXIS2_PLACEMENT_3D('',#2349,#1772,#1773);
#1459=AXIS2_PLACEMENT_3D('',#2352,#1774,#1775);
#1460=AXIS2_PLACEMENT_3D('',#2354,#1776,#1777);
#1461=AXIS2_PLACEMENT_3D('',#2355,#1778,#1779);
#1462=AXIS2_PLACEMENT_3D('',#2356,#1780,#1781);
#1463=AXIS2_PLACEMENT_3D('',#2359,#1782,#1783);
#1464=AXIS2_PLACEMENT_3D('',#2361,#1784,#1785);
#1465=AXIS2_PLACEMENT_3D('',#2362,#1786,#1787);
#1466=AXIS2_PLACEMENT_3D('',#2363,#1788,#1789);
#1467=AXIS2_PLACEMENT_3D('',#2366,#1792,#1793);
#1468=AXIS2_PLACEMENT_3D('',#2367,#1794,#1795);
#1469=AXIS2_PLACEMENT_3D('',#2368,#1796,#1797);
#1470=AXIS2_PLACEMENT_3D('',#2369,#1798,#1799);
#1471=AXIS2_PLACEMENT_3D('',#2373,#1801,#1802);
#1472=AXIS2_PLACEMENT_3D('',#2376,#1805,#1806);
#1473=AXIS2_PLACEMENT_3D('',#2379,#1807,#1808);
#1474=AXIS2_PLACEMENT_3D('',#2382,#1811,#1812);
#1475=AXIS2_PLACEMENT_3D('',#2384,#1813,#1814);
#1476=AXIS2_PLACEMENT_3D('',#2386,#1816,#1817);
#1477=AXIS2_PLACEMENT_3D('',#2387,#1818,#1819);
#1478=AXIS2_PLACEMENT_3D('',#2390,#1820,#1821);
#1479=AXIS2_PLACEMENT_3D('',#2392,#1822,#1823);
#1480=AXIS2_PLACEMENT_3D('',#2393,#1824,#1825);
#1481=AXIS2_PLACEMENT_3D('',#2394,#1826,#1827);
#1482=AXIS2_PLACEMENT_3D('',#2397,#1828,#1829);
#1483=AXIS2_PLACEMENT_3D('',#2399,#1830,#1831);
#1484=AXIS2_PLACEMENT_3D('',#2400,#1832,#1833);
#1485=AXIS2_PLACEMENT_3D('',#2401,#1834,#1835);
#1486=AXIS2_PLACEMENT_3D('',#2402,#1836,#1837);
#1487=AXIS2_PLACEMENT_3D('',#2403,#1838,#1839);
#1488=AXIS2_PLACEMENT_3D('',#2404,#1840,#1841);
#1489=AXIS2_PLACEMENT_3D('',#2407,#1842,#1843);
#1490=AXIS2_PLACEMENT_3D('',#2410,#1846,#1847);
#1491=AXIS2_PLACEMENT_3D('',#2413,#1850,#1851);
#1492=AXIS2_PLACEMENT_3D('',#2444,#1854,#1855);
#1493=AXIS2_PLACEMENT_3D('',#2453,#1856,#1857);
#1494=AXIS2_PLACEMENT_3D('',#2467,#1859,#1860);
#1495=AXIS2_PLACEMENT_3D('',#2468,#1861,#1862);
#1496=AXIS2_PLACEMENT_3D('',#2469,#1863,#1864);
#1497=AXIS2_PLACEMENT_3D('',#2472,#1866,#1867);
#1498=AXIS2_PLACEMENT_3D('',#2474,#1869,#1870);
#1499=AXIS2_PLACEMENT_3D('',#2476,#1872,#1873);
#1500=AXIS2_PLACEMENT_3D('',#2478,#1875,#1876);
#1501=AXIS2_PLACEMENT_3D('',#2482,#1879,#1880);
#1502=AXIS2_PLACEMENT_3D('',#2484,#1882,#1883);
#1503=AXIS2_PLACEMENT_3D('',#2486,#1885,#1886);
#1504=AXIS2_PLACEMENT_3D('',#2488,#1888,#1889);
#1505=AXIS2_PLACEMENT_3D('',#2491,#1892,#1893);
#1506=AXIS2_PLACEMENT_3D('',#2493,#1895,#1896);
#1507=AXIS2_PLACEMENT_3D('',#2494,#1897,#1898);
#1508=DIRECTION('axis',(0.,0.,1.));
#1509=DIRECTION('refdir',(1.,0.,0.));
#1510=DIRECTION('center_axis',(1.,0.,0.));
#1511=DIRECTION('ref_axis',(0.,-1.,0.));
#1512=DIRECTION('',(0.,1.,0.));
#1513=DIRECTION('',(0.,0.,-1.));
#1514=DIRECTION('',(0.,-1.,0.));
#1515=DIRECTION('',(0.,0.,1.));
#1516=DIRECTION('center_axis',(0.,1.,0.));
#1517=DIRECTION('ref_axis',(-1.,0.,0.));
#1518=DIRECTION('',(1.,0.,0.));
#1519=DIRECTION('',(0.,0.,1.));
#1520=DIRECTION('',(1.,0.,0.));
#1521=DIRECTION('center_axis',(0.,0.,1.));
#1522=DIRECTION('ref_axis',(-1.,0.,0.));
#1523=DIRECTION('',(-1.,6.34413156928661E-17,0.));
#1524=DIRECTION('',(0.,1.,0.));
#1525=DIRECTION('center_axis',(0.,0.,-1.));
#1526=DIRECTION('ref_axis',(-1.,0.,0.));
#1527=DIRECTION('center_axis',(0.,0.,1.));
#1528=DIRECTION('ref_axis',(-0.8603982243653,0.509622306722379,0.));
#1529=DIRECTION('center_axis',(0.,0.,1.));
#1530=DIRECTION('ref_axis',(-0.8603982243653,0.509622306722379,0.));
#1531=DIRECTION('',(0.,0.,-1.));
#1532=DIRECTION('center_axis',(0.,0.,-1.));
#1533=DIRECTION('ref_axis',(-0.8603982243653,0.509622306722379,0.));
#1534=DIRECTION('',(0.,0.,1.));
#1535=DIRECTION('center_axis',(0.876956255601768,0.48057020898192,0.));
#1536=DIRECTION('ref_axis',(-0.48057020898192,0.876956255601768,0.));
#1537=DIRECTION('',(-0.48057020898192,0.876956255601768,0.));
#1538=DIRECTION('',(0.,0.,1.));
#1539=DIRECTION('',(0.48057020898192,-0.876956255601768,0.));
#1540=DIRECTION('center_axis',(0.,0.,-1.));
#1541=DIRECTION('ref_axis',(-0.8603982243653,-0.50962230672238,0.));
#1542=DIRECTION('center_axis',(0.,0.,1.));
#1543=DIRECTION('ref_axis',(-0.8603982243653,-0.50962230672238,0.));
#1544=DIRECTION('',(0.,0.,-1.));
#1545=DIRECTION('center_axis',(0.,0.,-1.));
#1546=DIRECTION('ref_axis',(-0.8603982243653,-0.50962230672238,0.));
#1547=DIRECTION('',(0.,0.,1.));
#1548=DIRECTION('center_axis',(0.,1.,0.));
#1549=DIRECTION('ref_axis',(-1.,0.,0.));
#1550=DIRECTION('',(1.,0.,0.));
#1551=DIRECTION('',(0.,0.,1.));
#1552=DIRECTION('',(-1.,0.,0.));
#1553=DIRECTION('',(0.,0.,1.));
#1554=DIRECTION('',(-1.,0.,0.));
#1555=DIRECTION('center_axis',(0.,0.,1.));
#1556=DIRECTION('ref_axis',(0.707106781186548,-0.707106781186548,0.));
#1557=DIRECTION('center_axis',(0.,0.,-1.));
#1558=DIRECTION('ref_axis',(0.707106781186548,-0.707106781186548,0.));
#1559=DIRECTION('',(0.,0.,-1.));
#1560=DIRECTION('center_axis',(0.,0.,1.));
#1561=DIRECTION('ref_axis',(0.707106781186548,-0.707106781186548,0.));
#1562=DIRECTION('',(0.,0.,1.));
#1563=DIRECTION('center_axis',(0.,0.,1.));
#1564=DIRECTION('ref_axis',(-1.,0.,0.));
#1565=DIRECTION('',(0.,1.,0.));
#1566=DIRECTION('center_axis',(0.,0.,-1.));
#1567=DIRECTION('ref_axis',(0.707106781186548,0.707106781186548,0.));
#1568=DIRECTION('',(-0.480570208981921,-0.876956255601767,0.));
#1569=DIRECTION('center_axis',(0.,0.,1.));
#1570=DIRECTION('ref_axis',(-1.,0.,0.));
#1571=DIRECTION('',(0.480570208981925,-0.876956255601765,0.));
#1572=DIRECTION('',(1.,0.,0.));
#1573=DIRECTION('center_axis',(0.,0.,1.));
#1574=DIRECTION('ref_axis',(-1.,0.,0.));
#1575=DIRECTION('center_axis',(1.,0.,0.));
#1576=DIRECTION('ref_axis',(0.,1.,0.));
#1577=DIRECTION('',(0.,1.,0.));
#1578=DIRECTION('',(0.,0.,-1.));
#1579=DIRECTION('center_axis',(0.,0.,1.));
#1580=DIRECTION('ref_axis',(0.707106781186548,0.707106781186548,0.));
#1581=DIRECTION('center_axis',(0.,0.,1.));
#1582=DIRECTION('ref_axis',(0.707106781186548,0.707106781186548,0.));
#1583=DIRECTION('center_axis',(0.,-1.,0.));
#1584=DIRECTION('ref_axis',(1.,0.,0.));
#1585=DIRECTION('',(-1.,0.,0.));
#1586=DIRECTION('',(0.,0.,1.));
#1587=DIRECTION('',(-1.,0.,0.));
#1588=DIRECTION('center_axis',(-0.876956255601765,-0.480570208981925,0.));
#1589=DIRECTION('ref_axis',(0.480570208981925,-0.876956255601765,0.));
#1590=DIRECTION('',(0.,0.,1.));
#1591=DIRECTION('center_axis',(-1.,0.,0.));
#1592=DIRECTION('ref_axis',(0.,-1.,0.));
#1593=DIRECTION('',(0.,0.,-1.));
#1594=DIRECTION('',(0.,1.,0.));
#1595=DIRECTION('center_axis',(-0.876956255601767,0.480570208981921,0.));
#1596=DIRECTION('ref_axis',(-0.480570208981921,-0.876956255601767,0.));
#1597=DIRECTION('',(0.,0.,-1.));
#1598=DIRECTION('center_axis',(0.,0.,1.));
#1599=DIRECTION('ref_axis',(1.,0.,0.));
#1600=DIRECTION('center_axis',(0.,0.,-1.));
#1601=DIRECTION('ref_axis',(0.760553561599868,-0.649275195843608,0.));
#1602=DIRECTION('center_axis',(0.,0.,1.));
#1603=DIRECTION('ref_axis',(0.760553561599868,-0.649275195843608,0.));
#1604=DIRECTION('center_axis',(-6.34413156928661E-17,-1.,0.));
#1605=DIRECTION('ref_axis',(1.,-6.34413156928661E-17,0.));
#1606=DIRECTION('',(-1.,6.34413156928661E-17,0.));
#1607=DIRECTION('center_axis',(0.,0.,1.));
#1608=DIRECTION('ref_axis',(-1.,0.,0.));
#1609=DIRECTION('center_axis',(0.,0.,-1.));
#1610=DIRECTION('ref_axis',(0.760553561599869,0.649275195843607,0.));
#1611=DIRECTION('center_axis',(0.,0.,1.));
#1612=DIRECTION('ref_axis',(-1.,0.,0.));
#1613=DIRECTION('',(0.,0.,-1.));
#1614=DIRECTION('center_axis',(0.,0.,1.));
#1615=DIRECTION('ref_axis',(-1.,0.,0.));
#1616=DIRECTION('',(0.,0.,-1.));
#1617=DIRECTION('center_axis',(0.,0.,-1.));
#1618=DIRECTION('ref_axis',(-0.760553561599869,0.649275195843607,0.));
#1619=DIRECTION('',(0.,0.,1.));
#1620=DIRECTION('center_axis',(0.,0.,1.));
#1621=DIRECTION('ref_axis',(-1.,0.,0.));
#1622=DIRECTION('',(0.,0.,-1.));
#1623=DIRECTION('center_axis',(0.,0.,-1.));
#1624=DIRECTION('ref_axis',(-0.760553561599869,-0.649275195843607,0.));
#1625=DIRECTION('',(0.,0.,1.));
#1626=DIRECTION('center_axis',(0.,0.,1.));
#1627=DIRECTION('ref_axis',(-1.,0.,0.));
#1628=DIRECTION('',(0.,0.,1.));
#1629=DIRECTION('center_axis',(0.,0.,1.));
#1630=DIRECTION('ref_axis',(-1.,0.,0.));
#1631=DIRECTION('center_axis',(0.,0.,-1.));
#1632=DIRECTION('ref_axis',(0.999801599473489,0.0199188777357681,0.));
#1633=DIRECTION('',(0.,0.,-1.));
#1634=DIRECTION('center_axis',(0.,0.,-1.));
#1635=DIRECTION('ref_axis',(0.999801599473489,0.0199188777357681,0.));
#1636=DIRECTION('center_axis',(0.,0.,1.));
#1637=DIRECTION('ref_axis',(-0.0563550788864562,-0.998410789747237,0.));
#1638=DIRECTION('center_axis',(0.,0.,-1.));
#1639=DIRECTION('ref_axis',(-0.0563550788864562,-0.998410789747237,0.));
#1640=DIRECTION('',(0.,0.,1.));
#1641=DIRECTION('center_axis',(0.,0.,1.));
#1642=DIRECTION('ref_axis',(1.,0.,0.));
#1643=DIRECTION('center_axis',(0.,0.,1.));
#1644=DIRECTION('ref_axis',(-0.760553561599869,0.649275195843607,0.));
#1645=DIRECTION('center_axis',(-0.876956255601767,-0.480570208981922,0.));
#1646=DIRECTION('ref_axis',(0.480570208981922,-0.876956255601767,0.));
#1647=DIRECTION('',(0.480570208981922,-0.876956255601767,0.));
#1648=DIRECTION('',(0.,0.,1.));
#1649=DIRECTION('',(-0.480570208981922,0.876956255601767,0.));
#1650=DIRECTION('center_axis',(0.,0.,-1.));
#1651=DIRECTION('ref_axis',(1.,0.,0.));
#1652=DIRECTION('',(-0.751672779364324,0.659536225512073,0.));
#1653=DIRECTION('center_axis',(0.,0.,1.));
#1654=DIRECTION('ref_axis',(-0.87695625560177,-0.480570208981917,0.));
#1655=DIRECTION('center_axis',(0.,0.,-1.));
#1656=DIRECTION('ref_axis',(1.,0.,0.));
#1657=DIRECTION('center_axis',(0.659536225512073,0.751672779364325,0.));
#1658=DIRECTION('ref_axis',(-0.751672779364324,0.659536225512073,0.));
#1659=DIRECTION('',(-0.751672779364324,0.659536225512073,0.));
#1660=DIRECTION('',(0.,0.,1.));
#1661=DIRECTION('center_axis',(0.,0.,1.));
#1662=DIRECTION('ref_axis',(1.,0.,0.));
#1663=DIRECTION('center_axis',(0.,0.,1.));
#1664=DIRECTION('ref_axis',(0.760553561599869,0.649275195843607,0.));
#1665=DIRECTION('center_axis',(0.,0.,-1.));
#1666=DIRECTION('ref_axis',(1.,0.,0.));
#1667=DIRECTION('',(0.480570208981922,0.876956255601767,0.));
#1668=DIRECTION('center_axis',(0.,0.,1.));
#1669=DIRECTION('ref_axis',(-0.659536225512072,0.751672779364325,0.));
#1670=DIRECTION('',(-0.751672779364324,-0.659536225512073,0.));
#1671=DIRECTION('center_axis',(0.,0.,-1.));
#1672=DIRECTION('ref_axis',(1.,0.,0.));
#1673=DIRECTION('center_axis',(0.,0.,-1.));
#1674=DIRECTION('ref_axis',(1.,0.,0.));
#1675=DIRECTION('',(0.751672779364324,-0.659536225512073,0.));
#1676=DIRECTION('center_axis',(0.,0.,1.));
#1677=DIRECTION('ref_axis',(0.876956255601769,0.480570208981918,0.));
#1678=DIRECTION('center_axis',(0.,0.,-1.));
#1679=DIRECTION('ref_axis',(1.,0.,0.));
#1680=DIRECTION('center_axis',(0.,0.,-1.));
#1681=DIRECTION('ref_axis',(-0.0563550788864561,0.998410789747237,0.));
#1682=DIRECTION('',(0.,0.,-1.));
#1683=DIRECTION('center_axis',(0.,0.,-1.));
#1684=DIRECTION('ref_axis',(-0.0563550788864561,0.998410789747237,0.));
#1685=DIRECTION('center_axis',(0.,0.,1.));
#1686=DIRECTION('ref_axis',(0.999801599473489,-0.0199188777357681,0.));
#1687=DIRECTION('center_axis',(0.,0.,-1.));
#1688=DIRECTION('ref_axis',(0.999801599473489,-0.0199188777357681,0.));
#1689=DIRECTION('',(0.,0.,1.));
#1690=DIRECTION('center_axis',(0.,0.,1.));
#1691=DIRECTION('ref_axis',(1.,0.,0.));
#1692=DIRECTION('center_axis',(0.,0.,1.));
#1693=DIRECTION('ref_axis',(-0.760553561599869,-0.649275195843607,0.));
#1694=DIRECTION('center_axis',(0.659536225512074,-0.751672779364324,0.));
#1695=DIRECTION('ref_axis',(0.751672779364324,0.659536225512074,0.));
#1696=DIRECTION('',(0.751672779364324,0.659536225512074,0.));
#1697=DIRECTION('',(0.,0.,1.));
#1698=DIRECTION('',(-0.751672779364324,-0.659536225512074,0.));
#1699=DIRECTION('center_axis',(0.,0.,-1.));
#1700=DIRECTION('ref_axis',(1.,0.,0.));
#1701=DIRECTION('',(-0.480570208981919,-0.876956255601769,0.));
#1702=DIRECTION('center_axis',(0.,0.,1.));
#1703=DIRECTION('ref_axis',(0.65953622551208,-0.751672779364318,0.));
#1704=DIRECTION('center_axis',(0.,0.,-1.));
#1705=DIRECTION('ref_axis',(1.,0.,0.));
#1706=DIRECTION('center_axis',(-0.876956255601769,0.480570208981919,0.));
#1707=DIRECTION('ref_axis',(-0.480570208981919,-0.876956255601769,0.));
#1708=DIRECTION('',(-0.480570208981919,-0.876956255601769,0.));
#1709=DIRECTION('',(0.,0.,1.));
#1710=DIRECTION('center_axis',(0.,0.,1.));
#1711=DIRECTION('ref_axis',(1.,0.,0.));
#1712=DIRECTION('',(0.,0.,-1.));
#1713=DIRECTION('center_axis',(0.,0.,1.));
#1714=DIRECTION('ref_axis',(1.,0.,0.));
#1715=DIRECTION('center_axis',(0.,0.,1.));
#1716=DIRECTION('ref_axis',(-0.87695625560177,-0.480570208981917,0.));
#1717=DIRECTION('center_axis',(0.,0.,-1.));
#1718=DIRECTION('ref_axis',(-0.87695625560177,-0.480570208981917,0.));
#1719=DIRECTION('center_axis',(0.,0.,1.));
#1720=DIRECTION('ref_axis',(1.,0.,0.));
#1721=DIRECTION('',(0.,0.,-1.));
#1722=DIRECTION('center_axis',(0.,0.,1.));
#1723=DIRECTION('ref_axis',(1.,0.,0.));
#1724=DIRECTION('center_axis',(0.,0.,1.));
#1725=DIRECTION('ref_axis',(0.65953622551208,-0.751672779364318,0.));
#1726=DIRECTION('center_axis',(0.,0.,-1.));
#1727=DIRECTION('ref_axis',(0.65953622551208,-0.751672779364318,0.));
#1728=DIRECTION('center_axis',(0.,0.,1.));
#1729=DIRECTION('ref_axis',(1.,0.,0.));
#1730=DIRECTION('',(0.,0.,-1.));
#1731=DIRECTION('center_axis',(0.,0.,1.));
#1732=DIRECTION('ref_axis',(1.,0.,0.));
#1733=DIRECTION('center_axis',(0.,0.,1.));
#1734=DIRECTION('ref_axis',(-0.659536225512072,0.751672779364325,0.));
#1735=DIRECTION('center_axis',(0.,0.,-1.));
#1736=DIRECTION('ref_axis',(-0.659536225512072,0.751672779364325,0.));
#1737=DIRECTION('',(0.,0.,1.));
#1738=DIRECTION('',(0.,0.,1.));
#1739=DIRECTION('center_axis',(0.876956255601767,-0.480570208981922,0.));
#1740=DIRECTION('ref_axis',(0.480570208981922,0.876956255601767,0.));
#1741=DIRECTION('',(0.480570208981922,0.876956255601767,0.));
#1742=DIRECTION('center_axis',(-0.659536225512073,0.751672779364325,0.));
#1743=DIRECTION('ref_axis',(-0.751672779364324,-0.659536225512073,0.));
#1744=DIRECTION('',(0.751672779364324,0.659536225512073,0.));
#1745=DIRECTION('',(0.,0.,1.));
#1746=DIRECTION('center_axis',(0.,0.,1.));
#1747=DIRECTION('ref_axis',(1.,0.,0.));
#1748=DIRECTION('',(0.,0.,-1.));
#1749=DIRECTION('center_axis',(0.,0.,1.));
#1750=DIRECTION('ref_axis',(1.,0.,0.));
#1751=DIRECTION('center_axis',(0.,0.,1.));
#1752=DIRECTION('ref_axis',(0.876956255601769,0.480570208981918,0.));
#1753=DIRECTION('center_axis',(0.,0.,-1.));
#1754=DIRECTION('ref_axis',(0.876956255601769,0.480570208981918,0.));
#1755=DIRECTION('',(0.,0.,1.));
#1756=DIRECTION('center_axis',(-0.659536225512073,-0.751672779364324,0.));
#1757=DIRECTION('ref_axis',(0.751672779364324,-0.659536225512073,0.));
#1758=DIRECTION('',(0.751672779364324,-0.659536225512073,0.));
#1759=DIRECTION('',(0.,0.,-1.));
#1760=DIRECTION('center_axis',(0.,1.,0.));
#1761=DIRECTION('ref_axis',(0.70710678118655,0.,0.707106781186545));
#1762=DIRECTION('',(0.,1.,0.));
#1763=DIRECTION('',(0.,-1.,0.));
#1764=DIRECTION('center_axis',(0.,0.,-1.));
#1765=DIRECTION('ref_axis',(1.,0.,0.));
#1766=DIRECTION('center_axis',(0.,0.,-1.));
#1767=DIRECTION('ref_axis',(0.793627490674514,0.608403982601753,0.));
#1768=DIRECTION('',(0.,-1.,0.));
#1769=DIRECTION('center_axis',(0.,-1.,0.));
#1770=DIRECTION('ref_axis',(-0.70710678118655,0.,0.707106781186545));
#1771=DIRECTION('',(0.,1.,0.));
#1772=DIRECTION('center_axis',(0.0962987447562541,-0.983294870925362,-0.154459536999974));
#1773=DIRECTION('ref_axis',(-0.520218554247429,-0.182019770387386,0.834410845450152));
#1774=DIRECTION('center_axis',(0.781858335878666,0.623456127259203,0.));
#1775=DIRECTION('ref_axis',(0.,0.,1.));
#1776=DIRECTION('center_axis',(1.,0.,0.));
#1777=DIRECTION('ref_axis',(0.,-1.,0.));
#1778=DIRECTION('center_axis',(0.,0.,-1.));
#1779=DIRECTION('ref_axis',(-0.623456127259202,0.781858335878666,0.));
#1780=DIRECTION('center_axis',(-0.0962987447562539,-0.983294870925362,-0.154459536999972));
#1781=DIRECTION('ref_axis',(0.520218554247428,-0.182019770387383,0.834410845450154));
#1782=DIRECTION('center_axis',(0.,0.,-1.));
#1783=DIRECTION('ref_axis',(0.,-1.,0.));
#1784=DIRECTION('center_axis',(-1.,0.,0.));
#1785=DIRECTION('ref_axis',(0.,0.,1.));
#1786=DIRECTION('center_axis',(-0.781858335878666,0.623456127259203,-6.92175347326798E-16));
#1787=DIRECTION('ref_axis',(0.623456127259203,0.781858335878666,0.));
#1788=DIRECTION('center_axis',(1.,0.,0.));
#1789=DIRECTION('ref_axis',(0.,-0.707106781186548,0.707106781186548));
#1790=DIRECTION('',(-1.,0.,0.));
#1791=DIRECTION('',(1.,0.,0.));
#1792=DIRECTION('center_axis',(0.,0.,1.));
#1793=DIRECTION('ref_axis',(1.,0.,0.));
#1794=DIRECTION('center_axis',(0.,0.,-1.));
#1795=DIRECTION('ref_axis',(0.,1.,0.));
#1796=DIRECTION('center_axis',(0.,0.,1.));
#1797=DIRECTION('ref_axis',(0.,1.,0.));
#1798=DIRECTION('center_axis',(0.,0.,1.));
#1799=DIRECTION('ref_axis',(0.943890442763001,-0.330258735025532,0.));
#1800=DIRECTION('',(0.,0.,-1.));
#1801=DIRECTION('center_axis',(0.,0.,-1.));
#1802=DIRECTION('ref_axis',(0.943890442763001,-0.330258735025532,0.));
#1803=DIRECTION('',(0.,0.,1.));
#1804=DIRECTION('',(0.,0.,-1.));
#1805=DIRECTION('center_axis',(0.,0.,1.));
#1806=DIRECTION('ref_axis',(-0.943890442763001,-0.330258735025532,0.));
#1807=DIRECTION('center_axis',(0.,0.,-1.));
#1808=DIRECTION('ref_axis',(-0.943890442763001,-0.330258735025532,0.));
#1809=DIRECTION('',(0.,0.,1.));
#1810=DIRECTION('',(0.,0.,-1.));
#1811=DIRECTION('center_axis',(0.,0.,1.));
#1812=DIRECTION('ref_axis',(0.793627490674514,0.608403982601753,0.));
#1813=DIRECTION('center_axis',(0.,0.,-1.));
#1814=DIRECTION('ref_axis',(0.793627490674514,0.608403982601753,0.));
#1815=DIRECTION('',(0.,0.,1.));
#1816=DIRECTION('center_axis',(0.,0.,1.));
#1817=DIRECTION('ref_axis',(-1.,0.,0.));
#1818=DIRECTION('center_axis',(0.0935266523223532,-0.983995963775125,0.151673031813956));
#1819=DIRECTION('ref_axis',(0.516468158711329,0.178190749687697,0.837561160610415));
#1820=DIRECTION('center_axis',(0.,0.,-1.));
#1821=DIRECTION('ref_axis',(0.616633367209783,-0.787250462333002,0.));
#1822=DIRECTION('center_axis',(-0.787250462333004,-0.61663336720978,0.));
#1823=DIRECTION('ref_axis',(0.,0.,1.));
#1824=DIRECTION('center_axis',(-1.,0.,4.44089209850062E-15));
#1825=DIRECTION('ref_axis',(0.,1.,0.));
#1826=DIRECTION('center_axis',(-0.0935266523223605,-0.983995963775124,0.151673031813959));
#1827=DIRECTION('ref_axis',(-0.516468158711328,0.178190749687702,0.837561160610415));
#1828=DIRECTION('center_axis',(1.,0.,0.));
#1829=DIRECTION('ref_axis',(0.,0.,1.));
#1830=DIRECTION('center_axis',(0.787250462333003,-0.616633367209781,6.84600562028437E-16));
#1831=DIRECTION('ref_axis',(-0.616633367209781,-0.787250462333003,0.));
#1832=DIRECTION('center_axis',(0.,0.,-1.));
#1833=DIRECTION('ref_axis',(0.,1.,0.));
#1834=DIRECTION('center_axis',(0.,0.,1.));
#1835=DIRECTION('ref_axis',(1.,0.,0.));
#1836=DIRECTION('center_axis',(0.,0.,-1.));
#1837=DIRECTION('ref_axis',(0.,-1.,0.));
#1838=DIRECTION('center_axis',(0.,0.,1.));
#1839=DIRECTION('ref_axis',(0.,-1.,0.));
#1840=DIRECTION('center_axis',(0.,0.,1.));
#1841=DIRECTION('ref_axis',(-0.945317529281301,0.326151450760988,0.));
#1842=DIRECTION('center_axis',(0.,0.,-1.));
#1843=DIRECTION('ref_axis',(-0.945317529281301,0.326151450760988,0.));
#1844=DIRECTION('',(0.,0.,1.));
#1845=DIRECTION('',(0.,0.,-1.));
#1846=DIRECTION('center_axis',(-1.,-6.84124782445122E-17,0.));
#1847=DIRECTION('ref_axis',(0.,0.707106781186548,0.707106781186548));
#1848=DIRECTION('',(1.,6.84124782445122E-17,0.));
#1849=DIRECTION('',(-1.,-6.84124782445122E-17,0.));
#1850=DIRECTION('center_axis',(0.,0.,1.));
#1851=DIRECTION('ref_axis',(0.9453175292813,0.326151450760991,0.));
#1852=DIRECTION('',(0.,0.,1.));
#1853=DIRECTION('',(0.,0.,-1.));
#1854=DIRECTION('center_axis',(0.,0.,1.));
#1855=DIRECTION('ref_axis',(-0.78987240584262,-0.613271214462567,0.));
#1856=DIRECTION('center_axis',(0.,0.,-1.));
#1857=DIRECTION('ref_axis',(-0.78987240584262,-0.613271214462567,0.));
#1858=DIRECTION('',(0.,0.,-1.));
#1859=DIRECTION('center_axis',(0.,0.,-1.));
#1860=DIRECTION('ref_axis',(-0.78987240584262,-0.613271214462567,0.));
#1861=DIRECTION('center_axis',(0.,0.,1.));
#1862=DIRECTION('ref_axis',(-1.,0.,0.));
#1863=DIRECTION('center_axis',(0.,1.,0.));
#1864=DIRECTION('ref_axis',(0.707106781186547,0.,0.707106781186548));
#1865=DIRECTION('',(0.,1.,0.));
#1866=DIRECTION('center_axis',(6.84124782445122E-17,-1.,0.));
#1867=DIRECTION('ref_axis',(0.707106781186547,0.,0.707106781186548));
#1868=DIRECTION('',(0.,-1.,0.));
#1869=DIRECTION('center_axis',(0.,0.,-1.));
#1870=DIRECTION('ref_axis',(1.,0.,0.));
#1871=DIRECTION('',(0.,-1.,0.));
#1872=DIRECTION('center_axis',(0.,-1.,0.));
#1873=DIRECTION('ref_axis',(-0.707106781186547,0.,0.707106781186548));
#1874=DIRECTION('',(0.,1.,0.));
#1875=DIRECTION('center_axis',(1.,0.,0.));
#1876=DIRECTION('ref_axis',(0.,1.,0.));
#1877=DIRECTION('',(0.,0.,1.));
#1878=DIRECTION('',(0.,1.,0.));
#1879=DIRECTION('center_axis',(-1.,0.,0.));
#1880=DIRECTION('ref_axis',(0.,-1.,0.));
#1881=DIRECTION('',(0.,-1.,0.));
#1882=DIRECTION('center_axis',(1.,0.,0.));
#1883=DIRECTION('ref_axis',(0.,1.,0.));
#1884=DIRECTION('',(0.,1.,0.));
#1885=DIRECTION('center_axis',(-1.,0.,0.));
#1886=DIRECTION('ref_axis',(0.,-1.,0.));
#1887=DIRECTION('',(0.,-1.,0.));
#1888=DIRECTION('center_axis',(0.,0.,1.));
#1889=DIRECTION('ref_axis',(-1.,0.,0.));
#1890=DIRECTION('',(1.,6.84124782445122E-17,0.));
#1891=DIRECTION('',(-1.,0.,0.));
#1892=DIRECTION('center_axis',(0.,0.,1.));
#1893=DIRECTION('ref_axis',(-1.,0.,0.));
#1894=DIRECTION('',(0.,0.,-1.));
#1895=DIRECTION('center_axis',(6.84124782445122E-17,-1.,0.));
#1896=DIRECTION('ref_axis',(1.,6.84124782445122E-17,0.));
#1897=DIRECTION('center_axis',(0.,1.,0.));
#1898=DIRECTION('ref_axis',(-1.,0.,0.));
#1899=CARTESIAN_POINT('',(0.,0.,0.));
#1900=CARTESIAN_POINT('Origin',(-72.,10.5,33.5));
#1901=CARTESIAN_POINT('',(-72.,-10.35,33.5));
#1902=CARTESIAN_POINT('',(-72.,10.35,33.5));
#1903=CARTESIAN_POINT('',(-72.,5.25,33.5));
#1904=CARTESIAN_POINT('',(-72.,-10.35,9.99999999999999));
#1905=CARTESIAN_POINT('',(-72.,-10.35,21.75));
#1906=CARTESIAN_POINT('',(-72.,10.35,9.99999999999999));
#1907=CARTESIAN_POINT('',(-72.,-10.5,9.99999999999999));
#1908=CARTESIAN_POINT('',(-72.,10.35,21.75));
#1909=CARTESIAN_POINT('Origin',(-42.0487535095305,-10.35,10.));
#1910=CARTESIAN_POINT('',(-37.,-10.35,33.5));
#1911=CARTESIAN_POINT('',(-52.0243767547652,-10.35,33.5));
#1912=CARTESIAN_POINT('',(-37.,-10.35,10.));
#1913=CARTESIAN_POINT('',(-37.,-10.35,10.));
#1914=CARTESIAN_POINT('',(-52.6729549148649,-10.35,10.));
#1915=CARTESIAN_POINT('Origin',(-62.,0.,33.5));
#1916=CARTESIAN_POINT('',(-37.,10.35,33.5));
#1917=CARTESIAN_POINT('',(-70.75,10.35,33.5));
#1918=CARTESIAN_POINT('',(-37.,5.25,33.5));
#1919=CARTESIAN_POINT('',(-53.,1.10218211923262E-15,33.5));
#1920=CARTESIAN_POINT('Origin',(-62.,0.,33.5));
#1921=CARTESIAN_POINT('Origin',(-37.5761463402752,-14.5,10.));
#1922=CARTESIAN_POINT('',(-37.5761463402752,-12.5,12.));
#1923=CARTESIAN_POINT('',(-39.3300588514788,-15.4611404179638,12.));
#1924=CARTESIAN_POINT('Origin',(-37.5761463402752,-14.5,12.));
#1925=CARTESIAN_POINT('',(-39.3300588514788,-15.4611404179638,10.));
#1926=CARTESIAN_POINT('',(-39.3300588514788,-15.4611404179638,10.));
#1927=CARTESIAN_POINT('',(-37.5761463402752,-12.5,10.));
#1928=CARTESIAN_POINT('Origin',(-37.5761463402752,-14.5,10.));
#1929=CARTESIAN_POINT('',(-37.5761463402752,-12.5,10.));
#1930=CARTESIAN_POINT('Origin',(-38.9921749775929,-16.0777191640723,10.));
#1931=CARTESIAN_POINT('',(-38.9921749775929,-16.0777191640723,12.));
#1932=CARTESIAN_POINT('',(-42.0487535095305,-10.5,12.));
#1933=CARTESIAN_POINT('',(-38.9921749775929,-16.0777191640723,10.));
#1934=CARTESIAN_POINT('',(-38.9921749775929,-16.0777191640723,10.));
#1935=CARTESIAN_POINT('',(-42.0487535095305,-10.5,10.));
#1936=CARTESIAN_POINT('Origin',(-37.5761463402752,14.5,10.));
#1937=CARTESIAN_POINT('',(-39.3300588514788,15.4611404179638,12.));
#1938=CARTESIAN_POINT('',(-37.5761463402752,12.5,12.));
#1939=CARTESIAN_POINT('Origin',(-37.5761463402752,14.5,12.));
#1940=CARTESIAN_POINT('',(-37.5761463402752,12.5,10.));
#1941=CARTESIAN_POINT('',(-37.5761463402752,12.5,10.));
#1942=CARTESIAN_POINT('',(-39.3300588514788,15.4611404179638,10.));
#1943=CARTESIAN_POINT('Origin',(-37.5761463402752,14.5,10.));
#1944=CARTESIAN_POINT('',(-39.3300588514788,15.4611404179638,10.));
#1945=CARTESIAN_POINT('Origin',(-35.,12.5,10.));
#1946=CARTESIAN_POINT('',(-42.0464701171645,12.5,12.));
#1947=CARTESIAN_POINT('',(-39.25,12.5,12.));
#1948=CARTESIAN_POINT('',(-43.2333731247053,12.5,12.9229518951842));
#1949=CARTESIAN_POINT('Ctrl Pts',(-43.2333731247053,12.5,12.9229518951842));
#1950=CARTESIAN_POINT('Ctrl Pts',(-43.2244136976025,12.5,12.8264594494859));
#1951=CARTESIAN_POINT('Ctrl Pts',(-43.1954416954973,12.5,12.7246412222099));
#1952=CARTESIAN_POINT('Ctrl Pts',(-43.1034695612339,12.5,12.5250671984699));
#1953=CARTESIAN_POINT('Ctrl Pts',(-43.0098564307811,12.5,12.4029839714111));
#1954=CARTESIAN_POINT('Ctrl Pts',(-42.8080984324498,12.5,12.2222642744882));
#1955=CARTESIAN_POINT('Ctrl Pts',(-42.6603322326073,12.5,12.1358274271026));
#1956=CARTESIAN_POINT('Ctrl Pts',(-42.3824293038142,12.5,12.0320664409245));
#1957=CARTESIAN_POINT('Ctrl Pts',(-42.2004532268529,12.5,12.));
#1958=CARTESIAN_POINT('Ctrl Pts',(-42.0464701171645,12.5,12.));
#1959=CARTESIAN_POINT('',(-43.2333731247053,12.5,35.5));
#1960=CARTESIAN_POINT('',(-43.2333731247053,12.5,10.));
#1961=CARTESIAN_POINT('',(-37.,12.5,35.5));
#1962=CARTESIAN_POINT('',(-35.,12.5,35.5));
#1963=CARTESIAN_POINT('',(-37.,12.5,10.));
#1964=CARTESIAN_POINT('',(-37.,12.5,10.));
#1965=CARTESIAN_POINT('',(-35.,12.5,10.));
#1966=CARTESIAN_POINT('Origin',(-37.,-10.5,10.));
#1967=CARTESIAN_POINT('',(-35.,-10.5,35.5));
#1968=CARTESIAN_POINT('',(-37.,-12.5,35.5));
#1969=CARTESIAN_POINT('Origin',(-37.,-10.5,35.5));
#1970=CARTESIAN_POINT('',(-37.,-12.5,10.));
#1971=CARTESIAN_POINT('',(-37.,-12.5,10.));
#1972=CARTESIAN_POINT('',(-35.,-10.5,10.));
#1973=CARTESIAN_POINT('Origin',(-37.,-10.5,10.));
#1974=CARTESIAN_POINT('',(-35.,-10.5,10.));
#1975=CARTESIAN_POINT('Origin',(-63.2971563201993,0.,35.5));
#1976=CARTESIAN_POINT('',(-35.,10.5,35.5));
#1977=CARTESIAN_POINT('',(-35.,-12.5,35.5));
#1978=CARTESIAN_POINT('Origin',(-37.,10.5,35.5));
#1979=CARTESIAN_POINT('',(-43.2349853048272,12.4970580543351,35.5));
#1980=CARTESIAN_POINT('',(-44.3293689760655,10.5,35.5));
#1981=CARTESIAN_POINT('',(-43.2349853048272,-12.4970580543351,35.5));
#1982=CARTESIAN_POINT('Origin',(-62.,0.,35.5));
#1983=CARTESIAN_POINT('',(-43.2333731247054,-12.5,35.5));
#1984=CARTESIAN_POINT('',(-40.7460874887965,-17.0388595820362,35.5));
#1985=CARTESIAN_POINT('',(-40.9527576581704,-12.5,35.5));
#1986=CARTESIAN_POINT('',(-53.,1.10218211923262E-15,35.5));
#1987=CARTESIAN_POINT('Origin',(-62.,0.,35.5));
#1988=CARTESIAN_POINT('Origin',(-35.,-12.5,10.));
#1989=CARTESIAN_POINT('',(-35.,10.5,10.));
#1990=CARTESIAN_POINT('',(-35.,-12.5,10.));
#1991=CARTESIAN_POINT('',(-35.,10.5,10.));
#1992=CARTESIAN_POINT('Origin',(-37.,10.5,10.));
#1993=CARTESIAN_POINT('Origin',(-37.,10.5,10.));
#1994=CARTESIAN_POINT('Origin',(-43.2333731247054,-12.5,10.));
#1995=CARTESIAN_POINT('',(-40.9527576581704,-12.5,10.));
#1996=CARTESIAN_POINT('',(-43.2333731247054,-12.5,12.9229518951846));
#1997=CARTESIAN_POINT('',(-43.2333731247054,-12.5,10.));
#1998=CARTESIAN_POINT('',(-42.0464701171645,-12.5,12.));
#1999=CARTESIAN_POINT('Ctrl Pts',(-42.0464701171645,-12.5,12.));
#2000=CARTESIAN_POINT('Ctrl Pts',(-42.2004532268529,-12.5,12.));
#2001=CARTESIAN_POINT('Ctrl Pts',(-42.3824293038142,-12.5,12.0320664409245));
#2002=CARTESIAN_POINT('Ctrl Pts',(-42.6603322326072,-12.5,12.1358274271026));
#2003=CARTESIAN_POINT('Ctrl Pts',(-42.8080984324498,-12.5,12.2222642744882));
#2004=CARTESIAN_POINT('Ctrl Pts',(-43.0098564307811,-12.5,12.4029839714111));
#2005=CARTESIAN_POINT('Ctrl Pts',(-43.1034695612339,-12.5,12.5250671984699));
#2006=CARTESIAN_POINT('Ctrl Pts',(-43.1954416954973,-12.5,12.72464122221));
#2007=CARTESIAN_POINT('Ctrl Pts',(-43.2244136976026,-12.5,12.8264594494862));
#2008=CARTESIAN_POINT('Ctrl Pts',(-43.2333731247054,-12.5,12.9229518951846));
#2009=CARTESIAN_POINT('',(-43.3666865623527,-12.5,12.));
#2010=CARTESIAN_POINT('Origin',(-44.3293689760655,-10.5,10.));
#2011=CARTESIAN_POINT('',(-43.2349853048272,-12.4970580543351,13.));
#2012=CARTESIAN_POINT('',(-43.2349853048272,-12.4970580543351,10.));
#2013=CARTESIAN_POINT('Ctrl Pts',(-43.2333731247054,-12.5,12.9229518951846));
#2014=CARTESIAN_POINT('Ctrl Pts',(-43.2344743717365,-12.4979904175188,12.9492281851941));
#2015=CARTESIAN_POINT('Ctrl Pts',(-43.2349853048272,-12.4970580543351,12.9750788991569));
#2016=CARTESIAN_POINT('Ctrl Pts',(-43.2349853048272,-12.4970580543351,13.));
#2017=CARTESIAN_POINT('Origin',(-37.,10.5,10.));
#2018=CARTESIAN_POINT('',(-37.,10.35,10.));
#2019=CARTESIAN_POINT('',(-37.,10.35,10.));
#2020=CARTESIAN_POINT('',(-37.,-10.5,10.));
#2021=CARTESIAN_POINT('Origin',(-43.2333731247053,12.5,10.));
#2022=CARTESIAN_POINT('',(-43.2349853048272,12.4970580543351,13.));
#2023=CARTESIAN_POINT('Ctrl Pts',(-43.2349853048272,12.4970580543351,13.));
#2024=CARTESIAN_POINT('Ctrl Pts',(-43.2349853048272,12.4970580543351,12.9750788991568));
#2025=CARTESIAN_POINT('Ctrl Pts',(-43.2344743717365,12.4979904175188,12.9492281851938));
#2026=CARTESIAN_POINT('Ctrl Pts',(-43.2333731247053,12.5,12.9229518951842));
#2027=CARTESIAN_POINT('',(-43.2349853048272,12.4970580543351,10.));
#2028=CARTESIAN_POINT('Origin',(-62.,0.,13.));
#2029=CARTESIAN_POINT('',(-48.5,-18.0569165840537,13.));
#2030=CARTESIAN_POINT('Origin',(-62.,0.,13.));
#2031=CARTESIAN_POINT('',(-47.7323996499669,-18.7304280526886,12.));
#2032=CARTESIAN_POINT('Ctrl Pts',(-48.5,-18.0569165840537,13.));
#2033=CARTESIAN_POINT('Ctrl Pts',(-48.5,-18.0569165840537,12.8774269350726));
#2034=CARTESIAN_POINT('Ctrl Pts',(-48.4780874546514,-18.0761431914916,12.7332570251864));
#2035=CARTESIAN_POINT('Ctrl Pts',(-48.4063936956454,-18.1390490629102,12.5059274956669));
#2036=CARTESIAN_POINT('Ctrl Pts',(-48.3435709387158,-18.1941712984349,12.3828825943069));
#2037=CARTESIAN_POINT('Ctrl Pts',(-48.2100835049658,-18.3112964633015,12.2076100378797));
#2038=CARTESIAN_POINT('Ctrl Pts',(-48.1154564185605,-18.3943246014918,12.1248198627028));
#2039=CARTESIAN_POINT('Ctrl Pts',(-47.9399087026179,-18.5483544947492,12.0292648457086));
#2040=CARTESIAN_POINT('Ctrl Pts',(-47.8276927460308,-18.6468155412066,12.));
#2041=CARTESIAN_POINT('Ctrl Pts',(-47.7323996499669,-18.7304280526886,12.));
#2042=CARTESIAN_POINT('Origin',(-62.,0.,12.));
#2043=CARTESIAN_POINT('Origin',(-79.5,10.35,10.));
#2044=CARTESIAN_POINT('',(-71.3985781600996,10.35,10.));
#2045=CARTESIAN_POINT('Origin',(-62.,0.,10.));
#2046=CARTESIAN_POINT('',(-48.5,18.0569165840537,13.));
#2047=CARTESIAN_POINT('Origin',(-62.,0.,13.));
#2048=CARTESIAN_POINT('',(-50.5,19.3920663293903,15.));
#2049=CARTESIAN_POINT('Ctrl Pts',(-50.5,19.3920663293903,15.));
#2050=CARTESIAN_POINT('Ctrl Pts',(-50.2399869271397,19.2378718105029,15.));
#2051=CARTESIAN_POINT('Ctrl Pts',(-49.964196901629,19.0665629510462,14.9467044551239));
#2052=CARTESIAN_POINT('Ctrl Pts',(-49.4552344682199,18.7356141279571,14.7277754815995));
#2053=CARTESIAN_POINT('Ctrl Pts',(-49.221881742085,18.5761537482916,14.5622898806235));
#2054=CARTESIAN_POINT('Ctrl Pts',(-48.8819765975849,18.3372623567165,14.1971519945708));
#2055=CARTESIAN_POINT('Ctrl Pts',(-48.7413346014686,18.235243461655,13.9859823803967));
#2056=CARTESIAN_POINT('Ctrl Pts',(-48.5501553996253,18.0946951528296,13.5130018049817));
#2057=CARTESIAN_POINT('Ctrl Pts',(-48.5,18.0569165840537,13.2508138505378));
#2058=CARTESIAN_POINT('Ctrl Pts',(-48.5,18.0569165840537,13.));
#2059=CARTESIAN_POINT('',(-58.5,22.2722301650165,15.));
#2060=CARTESIAN_POINT('Origin',(-62.,0.,15.));
#2061=CARTESIAN_POINT('',(-60.5,22.4956048267983,13.));
#2062=CARTESIAN_POINT('Ctrl Pts',(-60.5,22.4956048267983,13.));
#2063=CARTESIAN_POINT('Ctrl Pts',(-60.5,22.4956048267983,13.2509717593909));
#2064=CARTESIAN_POINT('Ctrl Pts',(-60.4498633924632,22.4924374980122,13.5186432415348));
#2065=CARTESIAN_POINT('Ctrl Pts',(-60.2461421233759,22.4774698461499,14.0109133042937));
#2066=CARTESIAN_POINT('Ctrl Pts',(-60.0925589711105,22.4654283183299,14.2355051460223));
#2067=CARTESIAN_POINT('Ctrl Pts',(-59.7372296242976,22.4324367231003,14.5915606759737));
#2068=CARTESIAN_POINT('Ctrl Pts',(-59.5113493646872,22.4091649987046,14.7459978055116));
#2069=CARTESIAN_POINT('Ctrl Pts',(-59.0177449390233,22.3488302307089,14.9501989709547));
#2070=CARTESIAN_POINT('Ctrl Pts',(-58.7500654612473,22.3115270431415,15.));
#2071=CARTESIAN_POINT('Ctrl Pts',(-58.5,22.2722301650165,15.));
#2072=CARTESIAN_POINT('',(-60.5,22.4956048267983,10.));
#2073=CARTESIAN_POINT('',(-60.5,22.4956048267983,10.));
#2074=CARTESIAN_POINT('',(-74.8681139754817,18.5125330313678,10.));
#2075=CARTESIAN_POINT('Origin',(-62.,0.,10.));
#2076=CARTESIAN_POINT('',(-74.8681139754817,18.5125330313678,13.));
#2077=CARTESIAN_POINT('',(-74.8681139754817,18.5125330313678,10.));
#2078=CARTESIAN_POINT('',(-82.1873254448377,10.0386317746832,13.));
#2079=CARTESIAN_POINT('Origin',(-62.,0.,13.));
#2080=CARTESIAN_POINT('',(-82.1873254448377,10.0386317746832,10.));
#2081=CARTESIAN_POINT('',(-82.1873254448377,10.0386317746832,10.));
#2082=CARTESIAN_POINT('',(-82.1873254448377,-10.0386317746832,10.));
#2083=CARTESIAN_POINT('Origin',(-62.,0.,10.));
#2084=CARTESIAN_POINT('',(-82.1873254448377,-10.0386317746832,13.));
#2085=CARTESIAN_POINT('',(-82.1873254448377,-10.0386317746832,10.));
#2086=CARTESIAN_POINT('',(-74.8681139754817,-18.5125330313678,13.));
#2087=CARTESIAN_POINT('Origin',(-62.,0.,13.));
#2088=CARTESIAN_POINT('',(-74.8681139754817,-18.5125330313678,10.));
#2089=CARTESIAN_POINT('',(-74.8681139754817,-18.5125330313678,10.));
#2090=CARTESIAN_POINT('',(-60.5,-22.4956048267983,10.));
#2091=CARTESIAN_POINT('Origin',(-62.,0.,10.));
#2092=CARTESIAN_POINT('',(-60.5,-22.4956048267983,13.));
#2093=CARTESIAN_POINT('',(-60.5,-22.4956048267983,10.));
#2094=CARTESIAN_POINT('',(-58.5,-22.2722301650165,15.));
#2095=CARTESIAN_POINT('Ctrl Pts',(-58.5,-22.2722301650165,15.));
#2096=CARTESIAN_POINT('Ctrl Pts',(-58.7500654612472,-22.3115270431415,15.));
#2097=CARTESIAN_POINT('Ctrl Pts',(-59.0177449390233,-22.3488302307089,14.9501989709547));
#2098=CARTESIAN_POINT('Ctrl Pts',(-59.5113493646872,-22.4091649987046,14.7459978055116));
#2099=CARTESIAN_POINT('Ctrl Pts',(-59.7372296242976,-22.4324367231003,14.5915606759737));
#2100=CARTESIAN_POINT('Ctrl Pts',(-60.0925589711105,-22.4654283183299,14.2355051460223));
#2101=CARTESIAN_POINT('Ctrl Pts',(-60.2461421233759,-22.4774698461499,14.0109133042937));
#2102=CARTESIAN_POINT('Ctrl Pts',(-60.4498633924632,-22.4924374980122,13.5186432415348));
#2103=CARTESIAN_POINT('Ctrl Pts',(-60.5,-22.4956048267983,13.2509717593909));
#2104=CARTESIAN_POINT('Ctrl Pts',(-60.5,-22.4956048267983,13.));
#2105=CARTESIAN_POINT('',(-50.5,-19.3920663293903,15.));
#2106=CARTESIAN_POINT('Origin',(-62.,0.,15.));
#2107=CARTESIAN_POINT('Ctrl Pts',(-48.5,-18.0569165840537,13.));
#2108=CARTESIAN_POINT('Ctrl Pts',(-48.5,-18.0569165840537,13.2508138505378));
#2109=CARTESIAN_POINT('Ctrl Pts',(-48.5501553996253,-18.0946951528296,13.5130018049816));
#2110=CARTESIAN_POINT('Ctrl Pts',(-48.7413346014686,-18.235243461655,13.9859823803967));
#2111=CARTESIAN_POINT('Ctrl Pts',(-48.8819765975849,-18.3372623567165,14.1971519945708));
#2112=CARTESIAN_POINT('Ctrl Pts',(-49.221881742085,-18.5761537482916,14.5622898806235));
#2113=CARTESIAN_POINT('Ctrl Pts',(-49.45523446822,-18.7356141279571,14.7277754815995));
#2114=CARTESIAN_POINT('Ctrl Pts',(-49.964196901629,-19.0665629510462,14.9467044551239));
#2115=CARTESIAN_POINT('Ctrl Pts',(-50.2399869271397,-19.2378718105029,15.));
#2116=CARTESIAN_POINT('Ctrl Pts',(-50.5,-19.3920663293903,15.));
#2117=CARTESIAN_POINT('Origin',(-83.0827268552733,10.483891602413,10.));
#2118=CARTESIAN_POINT('',(-82.2057705996715,10.9644618113949,12.1692143313004));
#2119=CARTESIAN_POINT('',(-82.2057705996715,10.9644618113949,10.));
#2120=CARTESIAN_POINT('',(-82.2057705996715,10.9644618113949,10.));
#2121=CARTESIAN_POINT('Origin',(-83.0827268552733,10.483891602413,10.));
#2122=CARTESIAN_POINT('Ctrl Pts',(-82.1873254448377,10.0386317746832,13.));
#2123=CARTESIAN_POINT('Ctrl Pts',(-82.1866765509819,10.0399366767596,12.9985106932877));
#2124=CARTESIAN_POINT('Ctrl Pts',(-82.1860305087348,10.0412429991627,12.9970213844727));
#2125=CARTESIAN_POINT('Ctrl Pts',(-82.1416119555829,10.1315553324231,12.8941700745563));
#2126=CARTESIAN_POINT('Ctrl Pts',(-82.110771335037,10.2276979313158,12.792167551702));
#2127=CARTESIAN_POINT('Ctrl Pts',(-82.0797998083913,10.4240805135886,12.5989921096978));
#2128=CARTESIAN_POINT('Ctrl Pts',(-82.0781728407968,10.5252855431228,12.5062367049499));
#2129=CARTESIAN_POINT('Ctrl Pts',(-82.1093812948863,10.7391027742616,12.3271125152315));
#2130=CARTESIAN_POINT('Ctrl Pts',(-82.1451092039242,10.8537654147397,12.2403059532208));
#2131=CARTESIAN_POINT('Ctrl Pts',(-82.2057705996715,10.9644618113949,12.1692143313004));
#2132=CARTESIAN_POINT('Origin',(-75.4388744476788,19.3336496390292,10.));
#2133=CARTESIAN_POINT('',(-76.0984106731909,18.5819768596649,10.));
#2134=CARTESIAN_POINT('Origin',(-75.4388744476788,19.3336496390292,10.));
#2135=CARTESIAN_POINT('',(-76.0984106731909,18.5819768596649,12.0246291940675));
#2136=CARTESIAN_POINT('',(-76.0984106731909,18.5819768596649,10.));
#2137=CARTESIAN_POINT('Ctrl Pts',(-76.0984106731909,18.5819768596649,12.0246291940675));
#2138=CARTESIAN_POINT('Ctrl Pts',(-76.0236155738163,18.5163497957581,12.0466758878931));
#2139=CARTESIAN_POINT('Ctrl Pts',(-75.9425355801151,18.4649113039855,12.0823567171196));
#2140=CARTESIAN_POINT('Ctrl Pts',(-75.7513628286279,18.3762819850284,12.1864072979841));
#2141=CARTESIAN_POINT('Ctrl Pts',(-75.6413674876083,18.348654362166,12.2605366928402));
#2142=CARTESIAN_POINT('Ctrl Pts',(-75.4140228848238,18.3264806432718,12.4352518930985));
#2143=CARTESIAN_POINT('Ctrl Pts',(-75.2964422805422,18.337541400068,12.5394643799025));
#2144=CARTESIAN_POINT('Ctrl Pts',(-75.0731704651253,18.3953730109039,12.7596021272794));
#2145=CARTESIAN_POINT('Ctrl Pts',(-74.9663748049534,18.4448552874949,12.8780713985137));
#2146=CARTESIAN_POINT('Ctrl Pts',(-74.8705090835632,18.510872064755,12.997021384472));
#2147=CARTESIAN_POINT('Ctrl Pts',(-74.8693106195269,18.5117012407135,12.9985106932882));
#2148=CARTESIAN_POINT('Ctrl Pts',(-74.8681139754817,18.5125330313678,13.));
#2149=CARTESIAN_POINT('Origin',(-62.,0.,13.));
#2150=CARTESIAN_POINT('',(-76.2676003500331,18.7304280526886,12.));
#2151=CARTESIAN_POINT('Ctrl Pts',(-76.0984106731909,18.5819768596649,12.0246291940676));
#2152=CARTESIAN_POINT('Ctrl Pts',(-76.1552220195223,18.6318245353482,12.0078834130089));
#2153=CARTESIAN_POINT('Ctrl Pts',(-76.2141785432753,18.6835544425802,12.));
#2154=CARTESIAN_POINT('Ctrl Pts',(-76.2676003500331,18.7304280526886,12.));
#2155=CARTESIAN_POINT('',(-82.5224096840873,11.54227254676,12.));
#2156=CARTESIAN_POINT('Origin',(-62.,0.,12.));
#2157=CARTESIAN_POINT('Ctrl Pts',(-82.5224096840873,11.54227254676,12.));
#2158=CARTESIAN_POINT('Ctrl Pts',(-82.448563050214,11.4075154055142,12.));
#2159=CARTESIAN_POINT('Ctrl Pts',(-82.3612946641356,11.2482659230091,12.032035621467));
#2160=CARTESIAN_POINT('Ctrl Pts',(-82.2639809515439,11.0706854833187,12.1077177003497));
#2161=CARTESIAN_POINT('Ctrl Pts',(-82.2343040899425,11.0165304213911,12.1357747429522));
#2162=CARTESIAN_POINT('Ctrl Pts',(-82.2057705996715,10.9644618113949,12.1692143313004));
#2163=CARTESIAN_POINT('Origin',(-85.0078250224071,16.0777191640723,10.));
#2164=CARTESIAN_POINT('',(-85.0078250224071,16.0777191640723,12.));
#2165=CARTESIAN_POINT('',(-81.9512464904695,10.5,12.));
#2166=CARTESIAN_POINT('',(-85.0078250224071,16.0777191640723,10.));
#2167=CARTESIAN_POINT('',(-85.0078250224071,16.0777191640723,10.));
#2168=CARTESIAN_POINT('',(-81.9512464904695,10.5,10.));
#2169=CARTESIAN_POINT('Origin',(-80.5,16.25,12.));
#2170=CARTESIAN_POINT('',(-78.8618550979517,21.0066911174573,12.));
#2171=CARTESIAN_POINT('',(-75.5,18.0569165840537,12.));
#2172=CARTESIAN_POINT('Origin',(-81.5,18.,12.));
#2173=CARTESIAN_POINT('',(-83.,18.,12.));
#2174=CARTESIAN_POINT('Origin',(-81.5,18.,12.));
#2175=CARTESIAN_POINT('Origin',(-75.5,18.0569165840537,10.));
#2176=CARTESIAN_POINT('',(-78.8618550979517,21.0066911174573,10.));
#2177=CARTESIAN_POINT('',(-75.5,18.0569165840537,10.));
#2178=CARTESIAN_POINT('',(-78.8618550979517,21.0066911174573,10.));
#2179=CARTESIAN_POINT('Origin',(-62.,0.,13.));
#2180=CARTESIAN_POINT('',(-47.7323996499669,18.7304280526886,12.));
#2181=CARTESIAN_POINT('Origin',(-62.,0.,12.));
#2182=CARTESIAN_POINT('Ctrl Pts',(-47.7323996499669,18.7304280526886,12.));
#2183=CARTESIAN_POINT('Ctrl Pts',(-47.8276927460307,18.6468155412066,12.));
#2184=CARTESIAN_POINT('Ctrl Pts',(-47.9399087026179,18.5483544947492,12.0292648457086));
#2185=CARTESIAN_POINT('Ctrl Pts',(-48.1154564185605,18.3943246014918,12.1248198627028));
#2186=CARTESIAN_POINT('Ctrl Pts',(-48.2100835049658,18.3112964633015,12.2076100378797));
#2187=CARTESIAN_POINT('Ctrl Pts',(-48.3435709387158,18.1941712984349,12.3828825943069));
#2188=CARTESIAN_POINT('Ctrl Pts',(-48.4063936956454,18.1390490629102,12.5059274956669));
#2189=CARTESIAN_POINT('Ctrl Pts',(-48.4780874546514,18.0761431914916,12.7332570251864));
#2190=CARTESIAN_POINT('Ctrl Pts',(-48.5,18.0569165840537,12.8774269350726));
#2191=CARTESIAN_POINT('Ctrl Pts',(-48.5,18.0569165840537,13.));
#2192=CARTESIAN_POINT('Origin',(-43.5,16.25,12.));
#2193=CARTESIAN_POINT('',(-38.9921749775929,16.0777191640723,12.));
#2194=CARTESIAN_POINT('',(-42.0487535095305,10.5,12.));
#2195=CARTESIAN_POINT('',(-45.1381449020483,21.0066911174573,12.));
#2196=CARTESIAN_POINT('Origin',(-42.5,18.,12.));
#2197=CARTESIAN_POINT('',(-48.5,18.0569165840537,12.));
#2198=CARTESIAN_POINT('',(-44.,18.,12.));
#2199=CARTESIAN_POINT('Origin',(-42.5,18.,12.));
#2200=CARTESIAN_POINT('Origin',(-43.5,-16.25,12.));
#2201=CARTESIAN_POINT('',(-45.1381449020483,-21.0066911174573,12.));
#2202=CARTESIAN_POINT('',(-48.5,-18.0569165840537,12.));
#2203=CARTESIAN_POINT('Origin',(-42.5,-18.,12.));
#2204=CARTESIAN_POINT('',(-44.,-18.,12.));
#2205=CARTESIAN_POINT('Origin',(-42.5,-18.,12.));
#2206=CARTESIAN_POINT('Origin',(-75.4388744476788,-19.3336496390292,10.));
#2207=CARTESIAN_POINT('',(-76.0984106731909,-18.5819768596649,12.0246291940675));
#2208=CARTESIAN_POINT('',(-76.0984106731909,-18.5819768596649,10.));
#2209=CARTESIAN_POINT('',(-76.0984106731909,-18.5819768596649,10.));
#2210=CARTESIAN_POINT('Origin',(-75.4388744476788,-19.3336496390292,10.));
#2211=CARTESIAN_POINT('Ctrl Pts',(-74.8681139754817,-18.5125330313678,13.));
#2212=CARTESIAN_POINT('Ctrl Pts',(-74.8693106195272,-18.5117012407134,12.998510693288));
#2213=CARTESIAN_POINT('Ctrl Pts',(-74.8705090835636,-18.5108720647547,12.9970213844715));
#2214=CARTESIAN_POINT('Ctrl Pts',(-74.9663748049545,-18.4448552874943,12.8780713985127));
#2215=CARTESIAN_POINT('Ctrl Pts',(-75.0731704651259,-18.3953730109037,12.7596021272788));
#2216=CARTESIAN_POINT('Ctrl Pts',(-75.2964422805425,-18.3375414000679,12.5394643799022));
#2217=CARTESIAN_POINT('Ctrl Pts',(-75.414022884824,-18.3264806432718,12.4352518930984));
#2218=CARTESIAN_POINT('Ctrl Pts',(-75.6413674876083,-18.348654362166,12.2605366928402));
#2219=CARTESIAN_POINT('Ctrl Pts',(-75.7513628286279,-18.3762819850284,12.1864072979841));
#2220=CARTESIAN_POINT('Ctrl Pts',(-75.942535580115,-18.4649113039855,12.0823567171196));
#2221=CARTESIAN_POINT('Ctrl Pts',(-76.0236155738163,-18.5163497957581,12.0466758878931));
#2222=CARTESIAN_POINT('Ctrl Pts',(-76.0984106731909,-18.5819768596649,12.0246291940675));
#2223=CARTESIAN_POINT('Origin',(-83.0827268552733,-10.483891602413,10.));
#2224=CARTESIAN_POINT('',(-82.2057705996716,-10.9644618113949,10.));
#2225=CARTESIAN_POINT('Origin',(-83.0827268552733,-10.483891602413,10.));
#2226=CARTESIAN_POINT('',(-82.2057705996716,-10.9644618113949,12.1692143313004));
#2227=CARTESIAN_POINT('',(-82.2057705996716,-10.9644618113949,10.));
#2228=CARTESIAN_POINT('Ctrl Pts',(-82.2057705996715,-10.9644618113949,12.1692143313004));
#2229=CARTESIAN_POINT('Ctrl Pts',(-82.1451092039242,-10.8537654147397,12.2403059532208));
#2230=CARTESIAN_POINT('Ctrl Pts',(-82.1093812948864,-10.7391027742617,12.3271125152315));
#2231=CARTESIAN_POINT('Ctrl Pts',(-82.0781728407968,-10.5252855431227,12.50623670495));
#2232=CARTESIAN_POINT('Ctrl Pts',(-82.0797998083913,-10.4240805135884,12.598992109698));
#2233=CARTESIAN_POINT('Ctrl Pts',(-82.1107713350371,-10.2276979313157,12.7921675517021));
#2234=CARTESIAN_POINT('Ctrl Pts',(-82.141611955583,-10.1315553324227,12.8941700745561));
#2235=CARTESIAN_POINT('Ctrl Pts',(-82.1860305087347,-10.0412429991631,12.9970213844722));
#2236=CARTESIAN_POINT('Ctrl Pts',(-82.1866765509822,-10.0399366767589,12.9985106932883));
#2237=CARTESIAN_POINT('Ctrl Pts',(-82.1873254448377,-10.0386317746832,13.));
#2238=CARTESIAN_POINT('Origin',(-62.,0.,13.));
#2239=CARTESIAN_POINT('',(-82.5224096840873,-11.54227254676,12.));
#2240=CARTESIAN_POINT('Ctrl Pts',(-82.2057705996716,-10.9644618113949,12.1692143313004));
#2241=CARTESIAN_POINT('Ctrl Pts',(-82.2343040899425,-11.0165304213911,12.1357747429522));
#2242=CARTESIAN_POINT('Ctrl Pts',(-82.2639809515439,-11.0706854833187,12.1077177003497));
#2243=CARTESIAN_POINT('Ctrl Pts',(-82.3612946641356,-11.2482659230091,12.032035621467));
#2244=CARTESIAN_POINT('Ctrl Pts',(-82.448563050214,-11.4075154055142,12.));
#2245=CARTESIAN_POINT('Ctrl Pts',(-82.5224096840873,-11.54227254676,12.));
#2246=CARTESIAN_POINT('',(-76.2676003500331,-18.7304280526886,12.));
#2247=CARTESIAN_POINT('Origin',(-62.,0.,12.));
#2248=CARTESIAN_POINT('Ctrl Pts',(-76.2676003500331,-18.7304280526886,12.));
#2249=CARTESIAN_POINT('Ctrl Pts',(-76.2141785432753,-18.6835544425802,12.));
#2250=CARTESIAN_POINT('Ctrl Pts',(-76.1552220195223,-18.6318245353482,12.0078834130089));
#2251=CARTESIAN_POINT('Ctrl Pts',(-76.0984106731909,-18.5819768596649,12.0246291940676));
#2252=CARTESIAN_POINT('Origin',(-78.8618550979517,-21.0066911174573,10.));
#2253=CARTESIAN_POINT('',(-78.8618550979517,-21.0066911174573,12.));
#2254=CARTESIAN_POINT('',(-75.5,-18.0569165840537,12.));
#2255=CARTESIAN_POINT('',(-78.8618550979517,-21.0066911174573,10.));
#2256=CARTESIAN_POINT('',(-78.8618550979517,-21.0066911174573,10.));
#2257=CARTESIAN_POINT('',(-75.5,-18.0569165840537,10.));
#2258=CARTESIAN_POINT('Origin',(-80.5,-16.25,12.));
#2259=CARTESIAN_POINT('',(-85.0078250224071,-16.0777191640723,12.));
#2260=CARTESIAN_POINT('',(-81.9512464904695,-10.5,12.));
#2261=CARTESIAN_POINT('Origin',(-81.5,-18.,12.));
#2262=CARTESIAN_POINT('',(-83.,-18.,12.));
#2263=CARTESIAN_POINT('Origin',(-81.5,-18.,12.));
#2264=CARTESIAN_POINT('Origin',(-81.9512464904695,-10.5,10.));
#2265=CARTESIAN_POINT('',(-85.0078250224071,-16.0777191640723,10.));
#2266=CARTESIAN_POINT('',(-81.9512464904695,-10.5,10.));
#2267=CARTESIAN_POINT('',(-85.0078250224071,-16.0777191640723,10.));
#2268=CARTESIAN_POINT('Origin',(-81.5,18.,10.));
#2269=CARTESIAN_POINT('',(-83.,18.,10.));
#2270=CARTESIAN_POINT('',(-83.,18.,10.));
#2271=CARTESIAN_POINT('Origin',(-81.5,18.,10.));
#2272=CARTESIAN_POINT('Origin',(-81.5,18.,10.));
#2273=CARTESIAN_POINT('Origin',(-81.5,18.,10.));
#2274=CARTESIAN_POINT('Origin',(-81.5,-18.,10.));
#2275=CARTESIAN_POINT('',(-83.,-18.,10.));
#2276=CARTESIAN_POINT('',(-83.,-18.,10.));
#2277=CARTESIAN_POINT('Origin',(-81.5,-18.,10.));
#2278=CARTESIAN_POINT('Origin',(-81.5,-18.,10.));
#2279=CARTESIAN_POINT('Origin',(-81.5,-18.,10.));
#2280=CARTESIAN_POINT('Origin',(-42.5,18.,10.));
#2281=CARTESIAN_POINT('',(-44.,18.,10.));
#2282=CARTESIAN_POINT('',(-44.,18.,10.));
#2283=CARTESIAN_POINT('Origin',(-42.5,18.,10.));
#2284=CARTESIAN_POINT('Origin',(-42.5,18.,10.));
#2285=CARTESIAN_POINT('',(-45.1381449020483,21.0066911174573,10.));
#2286=CARTESIAN_POINT('',(-38.9921749775929,16.0777191640723,10.));
#2287=CARTESIAN_POINT('Origin',(-42.5,18.,10.));
#2288=CARTESIAN_POINT('',(-45.1381449020483,21.0066911174573,10.));
#2289=CARTESIAN_POINT('',(-38.9921749775929,16.0777191640723,10.));
#2290=CARTESIAN_POINT('Origin',(-42.0487535095305,10.5,10.));
#2291=CARTESIAN_POINT('',(-42.0487535095305,10.5,10.));
#2292=CARTESIAN_POINT('Origin',(-45.1381449020483,21.0066911174573,10.));
#2293=CARTESIAN_POINT('',(-48.5,18.0569165840537,10.));
#2294=CARTESIAN_POINT('',(-48.5,18.0569165840537,10.));
#2295=CARTESIAN_POINT('',(-48.5,18.0569165840537,10.));
#2296=CARTESIAN_POINT('Origin',(-42.5,-18.,10.));
#2297=CARTESIAN_POINT('',(-44.,-18.,10.));
#2298=CARTESIAN_POINT('',(-44.,-18.,10.));
#2299=CARTESIAN_POINT('Origin',(-42.5,-18.,10.));
#2300=CARTESIAN_POINT('Origin',(-42.5,-18.,10.));
#2301=CARTESIAN_POINT('',(-45.1381449020483,-21.0066911174573,10.));
#2302=CARTESIAN_POINT('Origin',(-42.5,-18.,10.));
#2303=CARTESIAN_POINT('',(-45.1381449020483,-21.0066911174573,10.));
#2304=CARTESIAN_POINT('Origin',(-48.5,-18.0569165840537,10.));
#2305=CARTESIAN_POINT('',(-48.5,-18.0569165840537,10.));
#2306=CARTESIAN_POINT('',(-48.5,-18.0569165840537,10.));
#2307=CARTESIAN_POINT('',(-48.5,-18.0569165840537,10.));
#2308=CARTESIAN_POINT('Origin',(-50.5,17.2397040201086,13.));
#2309=CARTESIAN_POINT('',(-49.190745271894,16.0637166717573,14.5119034548979));
#2310=CARTESIAN_POINT('',(-50.5,17.0255690066441,15.));
#2311=CARTESIAN_POINT('Ctrl Pts',(-49.190745271894,16.0637166717573,14.5119034548979));
#2312=CARTESIAN_POINT('Ctrl Pts',(-49.3435196750224,16.1855394283207,14.6442006653986));
#2313=CARTESIAN_POINT('Ctrl Pts',(-49.5176927885123,16.3207026224448,14.753785088081));
#2314=CARTESIAN_POINT('Ctrl Pts',(-49.9591396345761,16.6505304258378,14.9456786103246));
#2315=CARTESIAN_POINT('Ctrl Pts',(-50.2371817783639,16.8480472129446,15.));
#2316=CARTESIAN_POINT('Ctrl Pts',(-50.5,17.0255690066441,15.));
#2317=CARTESIAN_POINT('',(-50.5,17.2397040201086,15.));
#2318=CARTESIAN_POINT('',(-48.5,14.9954627234589,13.));
#2319=CARTESIAN_POINT('',(-48.5,17.2397040201086,13.));
#2320=CARTESIAN_POINT('Ctrl Pts',(-48.5,14.9954627234589,13.));
#2321=CARTESIAN_POINT('Ctrl Pts',(-48.5,14.9954627234589,13.0716628702493));
#2322=CARTESIAN_POINT('Ctrl Pts',(-48.5036855133305,15.0101609447672,13.1359035886321));
#2323=CARTESIAN_POINT('Ctrl Pts',(-48.5157214596142,15.0537811962903,13.2576432992467));
#2324=CARTESIAN_POINT('Ctrl Pts',(-48.5241434588044,15.0828085465619,13.3150974416007));
#2325=CARTESIAN_POINT('Ctrl Pts',(-48.5561428522485,15.1816887827954,13.4843685578024));
#2326=CARTESIAN_POINT('Ctrl Pts',(-48.586319244992,15.2626037326655,13.5924874658054));
#2327=CARTESIAN_POINT('Ctrl Pts',(-48.7071663411706,15.5205121237393,13.9158359511613));
#2328=CARTESIAN_POINT('Ctrl Pts',(-48.8292775585425,15.7096592782587,14.1244194316085));
#2329=CARTESIAN_POINT('Ctrl Pts',(-49.0440430250774,15.9372734262993,14.3743976681194));
#2330=CARTESIAN_POINT('Ctrl Pts',(-49.1134364354523,16.0020703791247,14.4449567465563));
#2331=CARTESIAN_POINT('Ctrl Pts',(-49.190745271894,16.0637166717573,14.5119034548979));
#2332=CARTESIAN_POINT('Origin',(-54.5,18.9916709556718,15.));
#2333=CARTESIAN_POINT('',(-58.5,20.2452463556263,15.));
#2334=CARTESIAN_POINT('Origin',(-62.,0.,15.));
#2335=CARTESIAN_POINT('',(-58.5,20.7436378912351,15.));
#2336=CARTESIAN_POINT('Origin',(-58.5,20.7436378912351,13.));
#2337=CARTESIAN_POINT('',(-60.5,20.4907296112169,13.));
#2338=CARTESIAN_POINT('Ctrl Pts',(-58.5,20.2452463556263,15.));
#2339=CARTESIAN_POINT('Ctrl Pts',(-58.749845149016,20.2884396073258,15.));
#2340=CARTESIAN_POINT('Ctrl Pts',(-59.0174851702932,20.3294530131426,14.9502794247838));
#2341=CARTESIAN_POINT('Ctrl Pts',(-59.5112639549222,20.3957899433478,14.7460601310678));
#2342=CARTESIAN_POINT('Ctrl Pts',(-59.7373487012963,20.4213770426802,14.5915165143439));
#2343=CARTESIAN_POINT('Ctrl Pts',(-60.0927184683946,20.4576110026356,14.235270813722));
#2344=CARTESIAN_POINT('Ctrl Pts',(-60.2462322281912,20.4708264016447,14.010741385833));
#2345=CARTESIAN_POINT('Ctrl Pts',(-60.449873917617,20.4872532091017,13.5185719760778));
#2346=CARTESIAN_POINT('Ctrl Pts',(-60.5,20.4907296112169,13.250940110109));
#2347=CARTESIAN_POINT('Ctrl Pts',(-60.5,20.4907296112169,13.));
#2348=CARTESIAN_POINT('',(-60.5,20.7436378912351,13.));
#2349=CARTESIAN_POINT('Origin',(-73.5623424735876,14.5,30.5));
#2350=CARTESIAN_POINT('',(-73.5623424735876,14.5,32.5));
#2351=CARTESIAN_POINT('',(-74.809254728106,16.0637166717573,30.5));
#2352=CARTESIAN_POINT('Origin',(-73.5623424735876,14.5,30.5));
#2353=CARTESIAN_POINT('',(-73.5623424735876,12.5,30.5));
#2354=CARTESIAN_POINT('Origin',(-73.5623424735876,14.5,30.5));
#2355=CARTESIAN_POINT('Origin',(-73.5623424735876,14.5,30.5));
#2356=CARTESIAN_POINT('Origin',(-50.4376575264124,14.5,30.5));
#2357=CARTESIAN_POINT('',(-50.4376575264124,12.5,30.5));
#2358=CARTESIAN_POINT('',(-49.190745271894,16.0637166717573,30.5));
#2359=CARTESIAN_POINT('Origin',(-50.4376575264124,14.5,30.5));
#2360=CARTESIAN_POINT('',(-50.4376575264124,14.5,32.5));
#2361=CARTESIAN_POINT('Origin',(-50.4376575264124,14.5,30.5));
#2362=CARTESIAN_POINT('Origin',(-50.4376575264124,14.5,30.5));
#2363=CARTESIAN_POINT('Origin',(-54.4958178913318,14.5,30.5));
#2364=CARTESIAN_POINT('',(-54.4958178913318,12.5,30.5));
#2365=CARTESIAN_POINT('',(-54.4958178913318,14.5,32.5));
#2366=CARTESIAN_POINT('Origin',(-62.,0.,30.5));
#2367=CARTESIAN_POINT('Origin',(-62.,0.,30.5));
#2368=CARTESIAN_POINT('Origin',(-62.,0.,32.5));
#2369=CARTESIAN_POINT('Origin',(-50.4376575264124,14.5,10.));
#2370=CARTESIAN_POINT('',(-48.5,14.9954627234589,10.));
#2371=CARTESIAN_POINT('',(-48.5,14.9954627234589,10.));
#2372=CARTESIAN_POINT('',(-50.4376575264124,12.5,10.));
#2373=CARTESIAN_POINT('Origin',(-50.4376575264124,14.5,10.));
#2374=CARTESIAN_POINT('',(-50.4376575264124,12.5,10.));
#2375=CARTESIAN_POINT('',(-49.190745271894,16.0637166717573,10.));
#2376=CARTESIAN_POINT('Origin',(-73.5623424735876,14.5,10.));
#2377=CARTESIAN_POINT('',(-73.5623424735876,12.5,10.));
#2378=CARTESIAN_POINT('',(-74.809254728106,16.0637166717573,10.));
#2379=CARTESIAN_POINT('Origin',(-73.5623424735876,14.5,10.));
#2380=CARTESIAN_POINT('',(-74.809254728106,16.0637166717573,10.));
#2381=CARTESIAN_POINT('',(-73.5623424735876,12.5,10.));
#2382=CARTESIAN_POINT('Origin',(-62.,0.,10.));
#2383=CARTESIAN_POINT('',(-60.5,20.4907296112169,10.));
#2384=CARTESIAN_POINT('Origin',(-62.,0.,10.));
#2385=CARTESIAN_POINT('',(-60.5,20.4907296112169,10.));
#2386=CARTESIAN_POINT('Origin',(-63.2971563201993,0.,32.5));
#2387=CARTESIAN_POINT('Origin',(-50.5641894263446,-14.6,30.5));
#2388=CARTESIAN_POINT('',(-49.3309226919251,-16.174500924666,30.5));
#2389=CARTESIAN_POINT('',(-50.5641894263447,-12.6,30.5));
#2390=CARTESIAN_POINT('Origin',(-50.5641894263447,-14.6,30.5));
#2391=CARTESIAN_POINT('',(-50.5641894263446,-14.6,32.5));
#2392=CARTESIAN_POINT('Origin',(-50.5641894263446,-14.6,30.5));
#2393=CARTESIAN_POINT('Origin',(-50.5641894263447,-14.6,30.5));
#2394=CARTESIAN_POINT('Origin',(-73.4358105736553,-14.6,30.5));
#2395=CARTESIAN_POINT('',(-73.4358105736553,-14.6,32.5));
#2396=CARTESIAN_POINT('',(-73.4358105736553,-12.6,30.5));
#2397=CARTESIAN_POINT('Origin',(-73.4358105736553,-14.6,30.5));
#2398=CARTESIAN_POINT('',(-74.6690773080749,-16.174500924666,30.5));
#2399=CARTESIAN_POINT('Origin',(-73.4358105736553,-14.6,30.5));
#2400=CARTESIAN_POINT('Origin',(-73.4358105736553,-14.6,30.5));
#2401=CARTESIAN_POINT('Origin',(-62.,0.,30.5));
#2402=CARTESIAN_POINT('Origin',(-62.,0.,30.5));
#2403=CARTESIAN_POINT('Origin',(-62.,0.,32.5));
#2404=CARTESIAN_POINT('Origin',(-73.4358105736553,-14.6,10.));
#2405=CARTESIAN_POINT('',(-74.6690773080749,-16.174500924666,10.));
#2406=CARTESIAN_POINT('',(-73.4358105736553,-12.6,10.));
#2407=CARTESIAN_POINT('Origin',(-73.4358105736553,-14.6,10.));
#2408=CARTESIAN_POINT('',(-73.4358105736553,-12.6,10.));
#2409=CARTESIAN_POINT('',(-74.6690773080749,-16.174500924666,10.));
#2410=CARTESIAN_POINT('Origin',(-70.76276327014,-14.6,30.5));
#2411=CARTESIAN_POINT('',(-70.76276327014,-12.6,30.5));
#2412=CARTESIAN_POINT('',(-70.76276327014,-14.6,32.5));
#2413=CARTESIAN_POINT('Origin',(-50.5641894263447,-14.6,10.));
#2414=CARTESIAN_POINT('',(-49.3309226941643,-16.1745009264199,14.6227317271242));
#2415=CARTESIAN_POINT('',(-50.5641894263447,-12.6,14.9989696639883));
#2416=CARTESIAN_POINT('Ctrl Pts',(-50.5641894263403,-12.6,14.9989696639885));
#2417=CARTESIAN_POINT('Ctrl Pts',(-50.4785640136741,-12.6000000000002,15.0017192035228));
#2418=CARTESIAN_POINT('Ctrl Pts',(-50.3935523424544,-12.6055484331546,14.9988929771786));
#2419=CARTESIAN_POINT('Ctrl Pts',(-50.0548307183866,-12.6488055506463,14.9667112452305));
#2420=CARTESIAN_POINT('Ctrl Pts',(-49.8030740122437,-12.7337642105745,14.8905134007562));
#2421=CARTESIAN_POINT('Ctrl Pts',(-49.3682874657494,-12.9776711855894,14.6670252365369));
#2422=CARTESIAN_POINT('Ctrl Pts',(-49.184763521515,-13.1361907801661,14.52022903612));
#2423=CARTESIAN_POINT('Ctrl Pts',(-48.8928636453976,-13.4766523465423,14.2110996418015));
#2424=CARTESIAN_POINT('Ctrl Pts',(-48.771112264365,-13.6847064191265,14.0230190182838));
#2425=CARTESIAN_POINT('Ctrl Pts',(-48.6504544860681,-14.0077121449553,13.7668729208581));
#2426=CARTESIAN_POINT('Ctrl Pts',(-48.620279685954,-14.1158301452804,13.6865579307437));
#2427=CARTESIAN_POINT('Ctrl Pts',(-48.5882871329444,-14.2851844482964,13.5886712959549));
#2428=CARTESIAN_POINT('Ctrl Pts',(-48.5798670180314,-14.3426945302355,13.5599885281329));
#2429=CARTESIAN_POINT('Ctrl Pts',(-48.567851646127,-14.4644384904374,13.5170112441646));
#2430=CARTESIAN_POINT('Ctrl Pts',(-48.5641894263447,-14.5286352941129,13.5026305033761));
#2431=CARTESIAN_POINT('Ctrl Pts',(-48.5641894263447,-14.6713647058871,13.5026305033761));
#2432=CARTESIAN_POINT('Ctrl Pts',(-48.567851646127,-14.7355615095626,13.5170112441646));
#2433=CARTESIAN_POINT('Ctrl Pts',(-48.5798670180314,-14.8573054697645,13.5599885281329));
#2434=CARTESIAN_POINT('Ctrl Pts',(-48.5882871329444,-14.9148155517036,13.5886712959549));
#2435=CARTESIAN_POINT('Ctrl Pts',(-48.620279685954,-15.0841698547195,13.6865579307437));
#2436=CARTESIAN_POINT('Ctrl Pts',(-48.6504544860681,-15.1922878550447,13.7668729208581));
#2437=CARTESIAN_POINT('Ctrl Pts',(-48.771112264365,-15.5152935808735,14.0230190182839));
#2438=CARTESIAN_POINT('Ctrl Pts',(-48.8928636453976,-15.7233476534577,14.2110996418015));
#2439=CARTESIAN_POINT('Ctrl Pts',(-49.1266003405707,-15.9959697676452,14.4586327479128));
#2440=CARTESIAN_POINT('Ctrl Pts',(-49.2220531387188,-16.0892261586955,14.5442979804399));
#2441=CARTESIAN_POINT('Ctrl Pts',(-49.3309226947095,-16.174500926847,14.6227317259038));
#2442=CARTESIAN_POINT('',(-49.3309226919251,-16.174500924666,10.));
#2443=CARTESIAN_POINT('',(-50.5641894263447,-12.6,10.));
#2444=CARTESIAN_POINT('Origin',(-62.,0.,10.));
#2445=CARTESIAN_POINT('',(-50.5,-17.0255690066441,15.));
#2446=CARTESIAN_POINT('Ctrl Pts',(-50.5,-17.0255690066441,15.));
#2447=CARTESIAN_POINT('Ctrl Pts',(-50.237181778364,-16.8480472129446,15.));
#2448=CARTESIAN_POINT('Ctrl Pts',(-49.9591396345761,-16.6505304258378,14.9456786103246));
#2449=CARTESIAN_POINT('Ctrl Pts',(-49.572145071394,-16.3613867433367,14.7774550733794));
#2450=CARTESIAN_POINT('Ctrl Pts',(-49.4469338229468,-16.2653695081132,14.7063105301007));
#2451=CARTESIAN_POINT('Ctrl Pts',(-49.3309226947093,-16.1745009268468,14.6227317259036));
#2452=CARTESIAN_POINT('',(-58.5,-20.2452463556263,15.));
#2453=CARTESIAN_POINT('Origin',(-62.,0.,15.));
#2454=CARTESIAN_POINT('',(-60.5,-20.4907296112169,13.));
#2455=CARTESIAN_POINT('Ctrl Pts',(-60.5,-20.4907296112169,13.));
#2456=CARTESIAN_POINT('Ctrl Pts',(-60.5,-20.4907296112169,13.250940110109));
#2457=CARTESIAN_POINT('Ctrl Pts',(-60.449873917617,-20.4872532091017,13.5185719760778));
#2458=CARTESIAN_POINT('Ctrl Pts',(-60.2462322281912,-20.4708264016447,14.010741385833));
#2459=CARTESIAN_POINT('Ctrl Pts',(-60.0927184683946,-20.4576110026356,14.235270813722));
#2460=CARTESIAN_POINT('Ctrl Pts',(-59.7373487012962,-20.4213770426802,14.5915165143439));
#2461=CARTESIAN_POINT('Ctrl Pts',(-59.5112639549222,-20.3957899433478,14.7460601310678));
#2462=CARTESIAN_POINT('Ctrl Pts',(-59.0174851702932,-20.3294530131426,14.9502794247838));
#2463=CARTESIAN_POINT('Ctrl Pts',(-58.749845149016,-20.2884396073258,15.));
#2464=CARTESIAN_POINT('Ctrl Pts',(-58.5,-20.2452463556263,15.));
#2465=CARTESIAN_POINT('',(-60.5,-20.4907296112169,10.));
#2466=CARTESIAN_POINT('',(-60.5,-20.4907296112169,10.));
#2467=CARTESIAN_POINT('Origin',(-62.,0.,10.));
#2468=CARTESIAN_POINT('Origin',(-63.2971563201993,0.,32.5));
#2469=CARTESIAN_POINT('Origin',(-50.5,-18.5242937698628,13.));
#2470=CARTESIAN_POINT('',(-50.5,-18.5242937698628,15.));
#2471=CARTESIAN_POINT('',(-48.5,-12.6,13.));
#2472=CARTESIAN_POINT('Origin',(-50.5,-12.6,13.));
#2473=CARTESIAN_POINT('',(-48.5,-18.5242937698628,13.));
#2474=CARTESIAN_POINT('Origin',(-54.5,-18.9916709556718,15.));
#2475=CARTESIAN_POINT('',(-58.5,-19.7412002834443,15.));
#2476=CARTESIAN_POINT('Origin',(-58.5,-19.7412002834443,13.));
#2477=CARTESIAN_POINT('',(-60.5,-19.7412002834443,13.));
#2478=CARTESIAN_POINT('Origin',(-48.5,-18.0569165840537,10.));
#2479=CARTESIAN_POINT('',(-48.5,-12.6,10.));
#2480=CARTESIAN_POINT('',(-48.5,-12.6,10.));
#2481=CARTESIAN_POINT('',(-48.5,-9.02845829202684,10.));
#2482=CARTESIAN_POINT('Origin',(-60.5,-20.4907296112169,10.));
#2483=CARTESIAN_POINT('',(-60.5,-10.2453648056084,10.));
#2484=CARTESIAN_POINT('Origin',(-48.5,15.4877370845453,10.));
#2485=CARTESIAN_POINT('',(-48.5,7.74386854227266,10.));
#2486=CARTESIAN_POINT('Origin',(-60.5,22.4956048267983,10.));
#2487=CARTESIAN_POINT('',(-60.5,11.2478024133992,10.));
#2488=CARTESIAN_POINT('Origin',(-63.2971563201993,0.,10.));
#2489=CARTESIAN_POINT('',(-45.7716297799194,-12.6,10.));
#2490=CARTESIAN_POINT('',(-78.3055205375357,12.5,10.));
#2491=CARTESIAN_POINT('Origin',(-62.,0.,33.5));
#2492=CARTESIAN_POINT('',(-53.,1.10218211923262E-15,33.5));
#2493=CARTESIAN_POINT('Origin',(-78.2283702200806,-12.6,10.));
#2494=CARTESIAN_POINT('Origin',(-45.6944794624643,12.5,10.));
#2495=UNCERTAINTY_MEASURE_WITH_UNIT(LENGTH_MEASURE(0.01),#2499,
'DISTANCE_ACCURACY_VALUE',
'Maximum model space distance between geometric entities at asserted c
onnectivities');
#2496=UNCERTAINTY_MEASURE_WITH_UNIT(LENGTH_MEASURE(0.01),#2499,
'DISTANCE_ACCURACY_VALUE',
'Maximum model space distance between geometric entities at asserted c
onnectivities');
#2497=(
GEOMETRIC_REPRESENTATION_CONTEXT(3)
GLOBAL_UNCERTAINTY_ASSIGNED_CONTEXT((#2495))
GLOBAL_UNIT_ASSIGNED_CONTEXT((#2499,#2501,#2502))
REPRESENTATION_CONTEXT('','3D')
);
#2498=(
GEOMETRIC_REPRESENTATION_CONTEXT(3)
GLOBAL_UNCERTAINTY_ASSIGNED_CONTEXT((#2496))
GLOBAL_UNIT_ASSIGNED_CONTEXT((#2499,#2501,#2502))
REPRESENTATION_CONTEXT('','3D')
);
#2499=(
LENGTH_UNIT()
NAMED_UNIT(*)
SI_UNIT(.MILLI.,.METRE.)
);
#2500=(
LENGTH_UNIT()
NAMED_UNIT(*)
SI_UNIT($,.METRE.)
);
#2501=(
NAMED_UNIT(*)
PLANE_ANGLE_UNIT()
SI_UNIT($,.RADIAN.)
);
#2502=(
NAMED_UNIT(*)
SI_UNIT($,.STERADIAN.)
SOLID_ANGLE_UNIT()
);
#2503=SHAPE_DEFINITION_REPRESENTATION(#2504,#2505);
#2504=PRODUCT_DEFINITION_SHAPE('',$,#2507);
#2505=SHAPE_REPRESENTATION('',(#1365),#2497);
#2506=PRODUCT_DEFINITION_CONTEXT('part definition',#2511,'design');
#2507=PRODUCT_DEFINITION('L1','L1',#2508,#2506);
#2508=PRODUCT_DEFINITION_FORMATION('',$,#2513);
#2509=PRODUCT_RELATED_PRODUCT_CATEGORY('L1','L1',(#2513));
#2510=APPLICATION_PROTOCOL_DEFINITION('international standard',
'automotive_design',2009,#2511);
#2511=APPLICATION_CONTEXT(
'Core Data for Automotive Mechanical Design Process');
#2512=PRODUCT_CONTEXT('part definition',#2511,'mechanical');
#2513=PRODUCT('L1','L1',$,(#2512));
#2514=PRESENTATION_STYLE_ASSIGNMENT((#2515));
#2515=SURFACE_STYLE_USAGE(.BOTH.,#2516);
#2516=SURFACE_SIDE_STYLE('',(#2517));
#2517=SURFACE_STYLE_FILL_AREA(#2518);
#2518=FILL_AREA_STYLE('Steel - Satin',(#2519));
#2519=FILL_AREA_STYLE_COLOUR('Steel - Satin',#2520);
#2520=COLOUR_RGB('Steel - Satin',0.627450980392157,0.627450980392157,0.627450980392157);
ENDSEC;
END-ISO-10303-21;
