ISO-10303-21;
HEADER;
/* Generated by software containing ST-Developer
 * from STEP Tools, Inc. (www.steptools.com) 
 */

FILE_DESCRIPTION(
/* description */ (''),
/* implementation_level */ '2;1');

FILE_NAME(
/* name */ 'L2.step',
/* time_stamp */ '2025-11-07T15:05:38+08:00',
/* author */ (''),
/* organization */ (''),
/* preprocessor_version */ 'ST-DEVELOPER v20.1',
/* originating_system */ 'Autodesk Translation Framework v14.17.0.0',
/* authorisation */ '');

FILE_SCHEMA (('AUTOMOTIVE_DESIGN { 1 0 10303 214 3 1 1 }'));
ENDSEC;

DATA;
#10=MECHANICAL_DESIGN_GEOMETRIC_PRESENTATION_REPRESENTATION('',(#13),#5380);
#11=SHAPE_REPRESENTATION_RELATIONSHIP('SRR','None',#5387,#12);
#12=ADVANCED_BREP_SHAPE_REPRESENTATION('',(#2560),#5379);
#13=STYLED_ITEM('',(#5396),#2560);
#14=ORIENTED_CLOSED_SHELL('',*,#2558,.F.);
#15=ORIENTED_CLOSED_SHELL('',*,#2559,.F.);
#16=SPHERICAL_SURFACE('',#2785,2.);
#17=SPHERICAL_SURFACE('',#2787,2.);
#18=SPHERICAL_SURFACE('',#2802,1.99999999999999);
#19=SPHERICAL_SURFACE('',#2804,2.);
#20=SPHERICAL_SURFACE('',#2815,2.);
#21=SPHERICAL_SURFACE('',#2817,2.);
#22=SPHERICAL_SURFACE('',#2835,1.99999999999999);
#23=SPHERICAL_SURFACE('',#2836,2.);
#24=ELLIPSE('',#2632,39.5918635033047,22.5455591308682);
#25=ELLIPSE('',#2633,39.5918635033047,22.5455591308682);
#26=ELLIPSE('',#2634,39.5918635033047,22.5455591308682);
#27=ELLIPSE('',#2640,39.5918635033047,22.5455591308682);
#28=ELLIPSE('',#2648,39.5918635033047,22.5455591308682);
#29=ELLIPSE('',#2672,27.7454151808789,22.5);
#30=ELLIPSE('',#2729,27.7454151808789,22.5);
#31=TOROIDAL_SURFACE('',#2608,24.5455591308682,2.);
#32=TOROIDAL_SURFACE('',#2629,24.5455591308682,2.);
#33=TOROIDAL_SURFACE('',#2650,18.5455591308681,2.);
#34=TOROIDAL_SURFACE('',#2777,18.5,2.);
#35=TOROIDAL_SURFACE('',#2798,18.5,2.);
#36=TOROIDAL_SURFACE('',#2810,18.5,2.);
#37=TOROIDAL_SURFACE('',#2832,18.5,2.);
#38=FACE_BOUND('',#498,.T.);
#39=FACE_BOUND('',#546,.T.);
#40=FACE_BOUND('',#547,.T.);
#41=FACE_BOUND('',#548,.T.);
#42=FACE_BOUND('',#549,.T.);
#43=FACE_BOUND('',#563,.T.);
#44=FACE_BOUND('',#564,.T.);
#45=FACE_BOUND('',#565,.T.);
#46=FACE_BOUND('',#566,.T.);
#47=FACE_BOUND('',#573,.T.);
#48=FACE_BOUND('',#611,.T.);
#49=FACE_BOUND('',#612,.T.);
#50=FACE_BOUND('',#613,.T.);
#51=FACE_BOUND('',#614,.T.);
#52=FACE_BOUND('',#615,.T.);
#53=FACE_BOUND('',#616,.T.);
#54=FACE_BOUND('',#620,.T.);
#55=FACE_BOUND('',#621,.T.);
#56=FACE_BOUND('',#622,.T.);
#57=FACE_BOUND('',#623,.T.);
#58=B_SPLINE_SURFACE_WITH_KNOTS('',3,3,((#3693,#3694,#3695,#3696),(#3697,
#3698,#3699,#3700),(#3701,#3702,#3703,#3704),(#3705,#3706,#3707,#3708),
(#3709,#3710,#3711,#3712)),.UNSPECIFIED.,.F.,.F.,.F.,(4,1,4),(4,4),(0.,
0.571428571428571,1.),(0.,0.085756941142912),.UNSPECIFIED.);
#59=B_SPLINE_SURFACE_WITH_KNOTS('',3,3,((#3727,#3728,#3729,#3730),(#3731,
#3732,#3733,#3734),(#3735,#3736,#3737,#3738),(#3739,#3740,#3741,#3742),
(#3743,#3744,#3745,#3746)),.UNSPECIFIED.,.F.,.F.,.F.,(4,1,4),(4,4),(0.,
0.571428571428571,1.),(0.,0.16107233997594),.UNSPECIFIED.);
#60=B_SPLINE_SURFACE_WITH_KNOTS('',3,3,((#3755,#3756,#3757,#3758,#3759,
#3760),(#3761,#3762,#3763,#3764,#3765,#3766),(#3767,#3768,#3769,#3770,#3771,
#3772),(#3773,#3774,#3775,#3776,#3777,#3778)),.UNSPECIFIED.,.F.,.F.,.F.,
(4,4),(4,2,4),(0.,1.),(-0.390264433317762,-0.389131315277048,0.),
 .UNSPECIFIED.);
#61=B_SPLINE_SURFACE_WITH_KNOTS('',3,3,((#3795,#3796,#3797,#3798),(#3799,
#3800,#3801,#3802),(#3803,#3804,#3805,#3806),(#3807,#3808,#3809,#3810),
(#3811,#3812,#3813,#3814)),.UNSPECIFIED.,.F.,.F.,.F.,(4,1,4),(4,4),(0.,
0.571428571428571,1.),(1.26494650793165E-15,0.119106945386558),
 .UNSPECIFIED.);
#62=B_SPLINE_SURFACE_WITH_KNOTS('',3,3,((#3857,#3858,#3859,#3860,#3861,
#3862,#3863,#3864,#3865),(#3866,#3867,#3868,#3869,#3870,#3871,#3872,#3873,
#3874),(#3875,#3876,#3877,#3878,#3879,#3880,#3881,#3882,#3883),(#3884,#3885,
#3886,#3887,#3888,#3889,#3890,#3891,#3892),(#3893,#3894,#3895,#3896,#3897,
#3898,#3899,#3900,#3901)),.UNSPECIFIED.,.F.,.F.,.F.,(4,1,4),(4,1,1,1,1,
1,4),(0.,0.571428571428571,1.),(0.,0.33703170854864,1.01109512564592,1.34812683419456,
1.6851585427432,2.02219025129184,2.35922195984048),.UNSPECIFIED.);
#63=B_SPLINE_SURFACE_WITH_KNOTS('',3,3,((#3926,#3927,#3928,#3929),(#3930,
#3931,#3932,#3933),(#3934,#3935,#3936,#3937),(#3938,#3939,#3940,#3941),
(#3942,#3943,#3944,#3945)),.UNSPECIFIED.,.F.,.F.,.F.,(4,1,4),(4,4),(0.,
0.571428571428571,1.),(0.,0.085756941142916),.UNSPECIFIED.);
#64=B_SPLINE_SURFACE_WITH_KNOTS('',3,3,((#3959,#3960,#3961,#3962),(#3963,
#3964,#3965,#3966),(#3967,#3968,#3969,#3970),(#3971,#3972,#3973,#3974),
(#3975,#3976,#3977,#3978)),.UNSPECIFIED.,.F.,.F.,.F.,(4,1,4),(4,4),(0.,
0.571428571428571,1.),(0.,0.16107233997596),.UNSPECIFIED.);
#65=B_SPLINE_SURFACE_WITH_KNOTS('',3,3,((#3983,#3984,#3985,#3986,#3987,
#3988),(#3989,#3990,#3991,#3992,#3993,#3994),(#3995,#3996,#3997,#3998,#3999,
#4000),(#4001,#4002,#4003,#4004,#4005,#4006)),.UNSPECIFIED.,.F.,.F.,.F.,
(4,4),(4,2,4),(0.,1.),(-0.0011331180405721,0.,0.389131315277192),
 .UNSPECIFIED.);
#66=B_SPLINE_SURFACE_WITH_KNOTS('',3,3,((#4023,#4024,#4025,#4026),(#4027,
#4028,#4029,#4030),(#4031,#4032,#4033,#4034),(#4035,#4036,#4037,#4038),
(#4039,#4040,#4041,#4042)),.UNSPECIFIED.,.F.,.F.,.F.,(4,1,4),(4,4),(0.,
0.571428571428571,1.),(3.37900220698595E-15,0.119106945386557),
 .UNSPECIFIED.);
#67=B_SPLINE_SURFACE_WITH_KNOTS('',3,3,((#4065,#4066,#4067,#4068,#4069,
#4070,#4071),(#4072,#4073,#4074,#4075,#4076,#4077,#4078),(#4079,#4080,#4081,
#4082,#4083,#4084,#4085),(#4086,#4087,#4088,#4089,#4090,#4091,#4092)),
 .UNSPECIFIED.,.F.,.F.,.F.,(4,4),(4,1,1,1,4),(0.,1.),(0.,0.29511763018334,
0.59023526036668,0.88535289055002,1.03291170564169),.UNSPECIFIED.);
#68=B_SPLINE_SURFACE_WITH_KNOTS('',3,3,((#4139,#4140,#4141,#4142),(#4143,
#4144,#4145,#4146),(#4147,#4148,#4149,#4150),(#4151,#4152,#4153,#4154),
(#4155,#4156,#4157,#4158)),.UNSPECIFIED.,.F.,.F.,.F.,(4,1,4),(4,4),(0.,
0.571428571428571,1.),(-1.02569516824667,-0.63197346498578),
 .UNSPECIFIED.);
#69=B_SPLINE_SURFACE_WITH_KNOTS('',3,3,((#4180,#4181,#4182,#4183,#4184,
#4185,#4186),(#4187,#4188,#4189,#4190,#4191,#4192,#4193),(#4194,#4195,#4196,
#4197,#4198,#4199,#4200),(#4201,#4202,#4203,#4204,#4205,#4206,#4207)),
 .UNSPECIFIED.,.F.,.F.,.F.,(4,4),(4,1,1,1,4),(0.,0.292680187047239),(-0.471124202349228,
-0.201910372435383,0.0673034574784611,0.201910372435383,0.471124202349228),
 .UNSPECIFIED.);
#70=B_SPLINE_SURFACE_WITH_KNOTS('',3,3,((#4209,#4210,#4211,#4212,#4213,
#4214,#4215),(#4216,#4217,#4218,#4219,#4220,#4221,#4222),(#4223,#4224,#4225,
#4226,#4227,#4228,#4229),(#4230,#4231,#4232,#4233,#4234,#4235,#4236)),
 .UNSPECIFIED.,.F.,.F.,.F.,(4,4),(4,1,1,1,4),(0.,1.),(5.34984429201093E-16,
0.14755881509167,0.442676445275009,0.737794075458348,1.03291170564169),
 .UNSPECIFIED.);
#71=B_SPLINE_SURFACE_WITH_KNOTS('',3,3,((#4273,#4274,#4275,#4276),(#4277,
#4278,#4279,#4280),(#4281,#4282,#4283,#4284),(#4285,#4286,#4287,#4288),
(#4289,#4290,#4291,#4292)),.UNSPECIFIED.,.F.,.F.,.F.,(4,1,4),(4,4),(0.,
0.571428571428571,1.),(0.631973464985781,1.02569516824609),
 .UNSPECIFIED.);
#72=B_SPLINE_SURFACE_WITH_KNOTS('',3,3,((#4312,#4313,#4314,#4315,#4316),
(#4317,#4318,#4319,#4320,#4321),(#4322,#4323,#4324,#4325,#4326),(#4327,
#4328,#4329,#4330,#4331),(#4332,#4333,#4334,#4335,#4336)),.UNSPECIFIED.,
 .F.,.F.,.F.,(4,1,4),(4,1,4),(0.,0.571428571428571,1.),(0.,0.241989492198897,
0.564642148464092),.UNSPECIFIED.);
#73=B_SPLINE_SURFACE_WITH_KNOTS('',3,3,((#4366,#4367,#4368,#4369,#4370),
(#4371,#4372,#4373,#4374,#4375),(#4376,#4377,#4378,#4379,#4380),(#4381,
#4382,#4383,#4384,#4385),(#4386,#4387,#4388,#4389,#4390)),.UNSPECIFIED.,
 .F.,.F.,.F.,(4,1,4),(4,1,4),(0.,0.571428571428571,1.),(0.,0.242000628280012,
0.564668132653362),.UNSPECIFIED.);
#74=B_SPLINE_SURFACE_WITH_KNOTS('',3,3,((#4764,#4765,#4766,#4767),(#4768,
#4769,#4770,#4771),(#4772,#4773,#4774,#4775),(#4776,#4777,#4778,#4779)),
 .UNSPECIFIED.,.F.,.F.,.F.,(4,4),(4,4),(0.,1.),(0.,1.),.UNSPECIFIED.);
#75=B_SPLINE_SURFACE_WITH_KNOTS('',3,3,((#4782,#4783,#4784,#4785),(#4786,
#4787,#4788,#4789),(#4790,#4791,#4792,#4793),(#4794,#4795,#4796,#4797)),
 .UNSPECIFIED.,.F.,.F.,.F.,(4,4),(4,4),(0.,1.),(0.,1.),.UNSPECIFIED.);
#76=B_SPLINE_SURFACE_WITH_KNOTS('',3,3,((#4799,#4800,#4801,#4802),(#4803,
#4804,#4805,#4806),(#4807,#4808,#4809,#4810),(#4811,#4812,#4813,#4814),
(#4815,#4816,#4817,#4818),(#4819,#4820,#4821,#4822),(#4823,#4824,#4825,
#4826),(#4827,#4828,#4829,#4830)),.UNSPECIFIED.,.F.,.F.,.F.,(4,2,2,4),(4,
4),(0.,0.20055359127427,0.200602909494575,1.),(0.,1.),.UNSPECIFIED.);
#77=B_SPLINE_SURFACE_WITH_KNOTS('',3,3,((#5004,#5005,#5006,#5007),(#5008,
#5009,#5010,#5011),(#5012,#5013,#5014,#5015),(#5016,#5017,#5018,#5019)),
 .UNSPECIFIED.,.F.,.F.,.F.,(4,4),(4,4),(0.,1.),(0.,1.),.UNSPECIFIED.);
#78=B_SPLINE_SURFACE_WITH_KNOTS('',3,3,((#5022,#5023,#5024,#5025),(#5026,
#5027,#5028,#5029),(#5030,#5031,#5032,#5033),(#5034,#5035,#5036,#5037)),
 .UNSPECIFIED.,.F.,.F.,.F.,(4,4),(4,4),(0.,1.),(0.,1.),.UNSPECIFIED.);
#79=B_SPLINE_SURFACE_WITH_KNOTS('',3,3,((#5039,#5040,#5041,#5042),(#5043,
#5044,#5045,#5046),(#5047,#5048,#5049,#5050),(#5051,#5052,#5053,#5054),
(#5055,#5056,#5057,#5058),(#5059,#5060,#5061,#5062),(#5063,#5064,#5065,
#5066),(#5067,#5068,#5069,#5070)),.UNSPECIFIED.,.F.,.F.,.F.,(4,2,2,4),(4,
4),(0.,0.20055359127427,0.200602909494575,1.),(0.,1.),.UNSPECIFIED.);
#80=(
BOUNDED_SURFACE()
B_SPLINE_SURFACE(2,2,((#3667,#3668,#3669),(#3670,#3671,#3672),(#3673,#3674,
#3675)),.UNSPECIFIED.,.F.,.F.,.F.)
B_SPLINE_SURFACE_WITH_KNOTS((3,3),(3,3),(-0.564975951407797,-0.296352764293688),
(2.93937260014316,3.08773072132648),.UNSPECIFIED.)
GEOMETRIC_REPRESENTATION_ITEM()
RATIONAL_B_SPLINE_SURFACE(((1.,0.997249994831403,1.),(0.99099374923872,
0.988268511306266,0.99099374923872),(1.,0.997249994831403,1.)))
REPRESENTATION_ITEM('')
SURFACE()
);
#81=(
BOUNDED_SURFACE()
B_SPLINE_SURFACE(2,2,((#4630,#4631,#4632),(#4633,#4634,#4635),(#4636,#4637,
#4638),(#4639,#4640,#4641),(#4642,#4643,#4644),(#4645,#4646,#4647),(#4648,
#4649,#4650)),.UNSPECIFIED.,.F.,.F.,.F.)
B_SPLINE_SURFACE_WITH_KNOTS((3,2,2,3),(3,3),(-2.17054685691513,-0.723515618970665,
0.723515618973805,2.17054685691827),(1.5707963267949,3.14159265358979),
 .UNSPECIFIED.)
GEOMETRIC_REPRESENTATION_ITEM()
RATIONAL_B_SPLINE_SURFACE(((1.,0.707106781186547,1.),(0.749482942657801,
0.529964471136979,0.749482942657801),(1.,0.707106781186547,1.),(0.749482942657801,
0.529964471136979,0.749482942657801),(1.,0.707106781186547,1.),(0.749482942657802,
0.52996447113698,0.749482942657802),(1.,0.707106781186547,1.)))
REPRESENTATION_ITEM('')
SURFACE()
);
#82=(
BOUNDED_SURFACE()
B_SPLINE_SURFACE(2,2,((#4881,#4882,#4883),(#4884,#4885,#4886),(#4887,#4888,
#4889),(#4890,#4891,#4892),(#4893,#4894,#4895)),.UNSPECIFIED.,.F.,.F.,.F.)
B_SPLINE_SURFACE_WITH_KNOTS((3,2,3),(3,3),(0.685086686365854,1.55532725152107,
2.42556781667629),(1.5707963267949,3.08169406972399),.UNSPECIFIED.)
GEOMETRIC_REPRESENTATION_ITEM()
RATIONAL_B_SPLINE_SURFACE(((1.,0.727963863296569,1.),(0.906819347409901,
0.660131715452584,0.906819347409901),(1.,0.727963863296569,1.),(0.9068193474099,
0.660131715452584,0.9068193474099),(1.,0.727963863296569,1.)))
REPRESENTATION_ITEM('')
SURFACE()
);
#83=(
BOUNDED_SURFACE()
B_SPLINE_SURFACE(2,2,((#4939,#4940,#4941),(#4942,#4943,#4944),(#4945,#4946,
#4947)),.UNSPECIFIED.,.F.,.F.,.F.)
B_SPLINE_SURFACE_WITH_KNOTS((3,3),(3,3),(0.296352764469813,0.564975951407714),
(2.93937260014316,3.08773072132495),.UNSPECIFIED.)
GEOMETRIC_REPRESENTATION_ITEM()
RATIONAL_B_SPLINE_SURFACE(((1.,0.997249994831459,1.),(0.990993749250477,
0.988268511318046,0.990993749250477),(1.,0.997249994831459,1.)))
REPRESENTATION_ITEM('')
SURFACE()
);
#84=(
BOUNDED_SURFACE()
B_SPLINE_SURFACE(2,2,((#4961,#4962,#4963),(#4964,#4965,#4966),(#4967,#4968,
#4969)),.UNSPECIFIED.,.F.,.F.,.F.)
B_SPLINE_SURFACE_WITH_KNOTS((3,3),(3,3),(0.564975951396978,0.685086687866402),
(2.93050891810673,3.08417693026427),.UNSPECIFIED.)
GEOMETRIC_REPRESENTATION_ITEM()
RATIONAL_B_SPLINE_SURFACE(((1.,0.997049719589764,1.),(0.998197218304147,
0.995252256605431,0.998197218304147),(1.,0.997049719589764,1.)))
REPRESENTATION_ITEM('')
SURFACE()
);
#85=(
BOUNDED_SURFACE()
B_SPLINE_SURFACE(2,2,((#4976,#4977,#4978),(#4979,#4980,#4981),(#4982,#4983,
#4984)),.UNSPECIFIED.,.F.,.F.,.F.)
B_SPLINE_SURFACE_WITH_KNOTS((3,3),(3,3),(0.564975951399705,0.685086687907505),
(1.5707963267949,1.72101761754505),.UNSPECIFIED.)
GEOMETRIC_REPRESENTATION_ITEM()
RATIONAL_B_SPLINE_SURFACE(((1.,0.997180521382667,1.),(0.998197218302838,
0.995382822589952,0.998197218302838),(1.,0.997180521382667,1.)))
REPRESENTATION_ITEM('')
SURFACE()
);
#86=(
BOUNDED_SURFACE()
B_SPLINE_SURFACE(2,2,((#5071,#5072,#5073),(#5074,#5075,#5076),(#5077,#5078,
#5079)),.UNSPECIFIED.,.F.,.F.,.F.)
B_SPLINE_SURFACE_WITH_KNOTS((3,3),(3,3),(-0.685086687904475,-0.564975951406442),
(2.93050891810673,3.08417693026427),.UNSPECIFIED.)
GEOMETRIC_REPRESENTATION_ITEM()
RATIONAL_B_SPLINE_SURFACE(((1.,0.997049719589764,1.),(0.998197218303164,
0.995252256604452,0.998197218303164),(1.,0.997049719589764,1.)))
REPRESENTATION_ITEM('')
SURFACE()
);
#87=(
BOUNDED_SURFACE()
B_SPLINE_SURFACE(2,2,((#5087,#5088,#5089),(#5090,#5091,#5092),(#5093,#5094,
#5095),(#5096,#5097,#5098),(#5099,#5100,#5101)),.UNSPECIFIED.,.F.,.F.,.F.)
B_SPLINE_SURFACE_WITH_KNOTS((3,2,3),(3,3),(-2.42556781667629,-1.55532725152107,
-0.685086686365853),(1.5707963267949,3.08169406972399),.UNSPECIFIED.)
GEOMETRIC_REPRESENTATION_ITEM()
RATIONAL_B_SPLINE_SURFACE(((1.,0.727963863296569,1.),(0.9068193474099,0.660131715452584,
0.9068193474099),(1.,0.727963863296569,1.),(0.906819347409902,0.660131715452585,
0.906819347409902),(1.,0.727963863296569,1.)))
REPRESENTATION_ITEM('')
SURFACE()
);
#88=(
BOUNDED_SURFACE()
B_SPLINE_SURFACE(2,2,((#5158,#5159,#5160),(#5161,#5162,#5163),(#5164,#5165,
#5166)),.UNSPECIFIED.,.F.,.F.,.F.)
B_SPLINE_SURFACE_WITH_KNOTS((3,3),(3,3),(-0.564975951406406,0.56497595140561),
(1.5707963267949,1.71475349192689),.UNSPECIFIED.)
GEOMETRIC_REPRESENTATION_ITEM()
RATIONAL_B_SPLINE_SURFACE(((1.,0.997410660045025,1.),(0.844601476176702,
0.842414515828406,0.844601476176702),(1.,0.997410660045025,1.)))
REPRESENTATION_ITEM('')
SURFACE()
);
#89=(
BOUNDED_SURFACE()
B_SPLINE_SURFACE(2,2,((#5263,#5264,#5265),(#5266,#5267,#5268),(#5269,#5270,
#5271)),.UNSPECIFIED.,.F.,.F.,.F.)
B_SPLINE_SURFACE_WITH_KNOTS((3,3),(3,3),(-0.685086687907506,-0.564975951399706),
(1.5707963267949,1.72101761754505),.UNSPECIFIED.)
GEOMETRIC_REPRESENTATION_ITEM()
RATIONAL_B_SPLINE_SURFACE(((1.,0.997180521382667,1.),(0.998197218302827,
0.995382822589941,0.998197218302827),(1.,0.997180521382667,1.)))
REPRESENTATION_ITEM('')
SURFACE()
);
#90=B_SPLINE_CURVE_WITH_KNOTS('',3,(#3603,#3604,#3605,#3606,#3607,#3608),
 .UNSPECIFIED.,.F.,.F.,(4,2,4),(14.5056251952191,14.6882571662498,15.0328383388426),
 .UNSPECIFIED.);
#91=B_SPLINE_CURVE_WITH_KNOTS('',3,(#3610,#3611,#3612,#3613,#3614,#3615),
 .UNSPECIFIED.,.F.,.F.,(4,2,4),(15.0328383388426,15.0680134805305,15.26222887188),
 .UNSPECIFIED.);
#92=B_SPLINE_CURVE_WITH_KNOTS('',3,(#3617,#3618,#3619,#3620,#3621,#3622,
#3623,#3624,#3625,#3626,#3627,#3628,#3629,#3630,#3631,#3632,#3633,#3634,
#3635,#3636,#3637,#3638),.UNSPECIFIED.,.F.,.F.,(4,2,2,2,2,2,2,2,2,2,4),
(15.26222887188,15.4477697948112,15.83529013245,16.2228104700888,16.633741916923,
17.0446733637572,17.3395847912655,17.6344962187738,17.8770669067779,18.0108293442269,
18.1015102685024),.UNSPECIFIED.);
#93=B_SPLINE_CURVE_WITH_KNOTS('',3,(#3641,#3642,#3643,#3644,#3645,#3646,
#3647,#3648,#3649,#3650,#3651,#3652,#3653,#3654,#3655,#3656,#3657,#3658,
#3659,#3660,#3661,#3662,#3663,#3664,#3665,#3666),.UNSPECIFIED.,.F.,.F.,
(4,2,2,2,2,2,2,2,2,2,2,2,4),(0.477030415785632,0.572735072938994,0.705261437695178,
0.945198847533326,1.23739140770574,1.52958396787816,1.97944127647671,2.42929858507526,
2.85377916171565,3.27825973835604,3.69485869676127,4.1114576551665,4.36915526925328),
 .UNSPECIFIED.);
#94=B_SPLINE_CURVE_WITH_KNOTS('',3,(#3677,#3678,#3679,#3680,#3681,#3682),
 .UNSPECIFIED.,.F.,.F.,(4,2,4),(3.75514103826099,4.09085891465786,4.28088956894343),
 .UNSPECIFIED.);
#95=B_SPLINE_CURVE_WITH_KNOTS('',3,(#3717,#3718,#3719,#3720),
 .UNSPECIFIED.,.F.,.F.,(4,4),(-0.085756941142912,0.),.UNSPECIFIED.);
#96=B_SPLINE_CURVE_WITH_KNOTS('',3,(#3723,#3724,#3725,#3726),
 .UNSPECIFIED.,.F.,.F.,(4,4),(0.,0.085756941142912),.UNSPECIFIED.);
#97=B_SPLINE_CURVE_WITH_KNOTS('',3,(#3747,#3748,#3749,#3750),
 .UNSPECIFIED.,.F.,.F.,(4,4),(-0.16107233997594,0.),.UNSPECIFIED.);
#98=B_SPLINE_CURVE_WITH_KNOTS('',3,(#3751,#3752,#3753,#3754),
 .UNSPECIFIED.,.F.,.F.,(4,4),(0.,0.16107233997594),.UNSPECIFIED.);
#99=B_SPLINE_CURVE_WITH_KNOTS('',3,(#3783,#3784,#3785,#3786,#3787,#3788),
 .UNSPECIFIED.,.F.,.F.,(4,2,4),(0.,0.389131315277048,0.390264433317762),
 .UNSPECIFIED.);
#100=B_SPLINE_CURVE_WITH_KNOTS('',3,(#3789,#3790,#3791,#3792,#3793,#3794),
 .UNSPECIFIED.,.F.,.F.,(4,2,4),(-0.390264433317762,-0.389131315277048,0.),
 .UNSPECIFIED.);
#101=B_SPLINE_CURVE_WITH_KNOTS('',3,(#3815,#3816,#3817,#3818),
 .UNSPECIFIED.,.F.,.F.,(4,4),(-0.119106945386558,-1.26494650793165E-15),
 .UNSPECIFIED.);
#102=B_SPLINE_CURVE_WITH_KNOTS('',3,(#3819,#3820,#3821,#3822),
 .UNSPECIFIED.,.F.,.F.,(4,4),(1.26494650793165E-15,0.119106945386558),
 .UNSPECIFIED.);
#103=B_SPLINE_CURVE_WITH_KNOTS('',3,(#3847,#3848,#3849,#3850,#3851,#3852,
#3853,#3854,#3855),.UNSPECIFIED.,.F.,.F.,(4,1,1,1,1,1,4),(-2.28736155240167,
-2.02219025129184,-1.6851585427432,-1.34812683419456,-1.01109512564592,
-0.33703170854864,-0.0718947570301237),.UNSPECIFIED.);
#104=B_SPLINE_CURVE_WITH_KNOTS('',3,(#3905,#3906,#3907,#3908,#3909,#3910,
#3911,#3912,#3913),.UNSPECIFIED.,.F.,.F.,(4,1,1,1,1,1,4),(0.,0.33703170854864,
1.01109512564592,1.34812683419456,1.6851585427432,2.02219025129184,2.35922195984048),
 .UNSPECIFIED.);
#105=B_SPLINE_CURVE_WITH_KNOTS('',3,(#3916,#3917,#3918,#3919),
 .UNSPECIFIED.,.F.,.F.,(4,4),(0.,0.16107233997596),.UNSPECIFIED.);
#106=B_SPLINE_CURVE_WITH_KNOTS('',3,(#3949,#3950,#3951,#3952),
 .UNSPECIFIED.,.F.,.F.,(4,4),(-0.085756941142916,0.),.UNSPECIFIED.);
#107=B_SPLINE_CURVE_WITH_KNOTS('',3,(#3955,#3956,#3957,#3958),
 .UNSPECIFIED.,.F.,.F.,(4,4),(0.,0.085756941142916),.UNSPECIFIED.);
#108=B_SPLINE_CURVE_WITH_KNOTS('',3,(#3979,#3980,#3981,#3982),
 .UNSPECIFIED.,.F.,.F.,(4,4),(-0.16107233997596,0.),.UNSPECIFIED.);
#109=B_SPLINE_CURVE_WITH_KNOTS('',3,(#4011,#4012,#4013,#4014,#4015,#4016),
 .UNSPECIFIED.,.F.,.F.,(4,2,4),(-0.389131315277192,0.,0.0011331180405721),
 .UNSPECIFIED.);
#110=B_SPLINE_CURVE_WITH_KNOTS('',3,(#4017,#4018,#4019,#4020,#4021,#4022),
 .UNSPECIFIED.,.F.,.F.,(4,2,4),(-0.0011331180405721,0.,0.389131315277192),
 .UNSPECIFIED.);
#111=B_SPLINE_CURVE_WITH_KNOTS('',3,(#4043,#4044,#4045,#4046),
 .UNSPECIFIED.,.F.,.F.,(4,4),(-0.119106945386557,-3.37900220698595E-15),
 .UNSPECIFIED.);
#112=B_SPLINE_CURVE_WITH_KNOTS('',3,(#4047,#4048,#4049,#4050),
 .UNSPECIFIED.,.F.,.F.,(4,4),(3.37900220698595E-15,0.119106945386557),
 .UNSPECIFIED.);
#113=B_SPLINE_CURVE_WITH_KNOTS('',3,(#4053,#4054,#4055,#4056,#4057,#4058,
#4059),.UNSPECIFIED.,.F.,.F.,(4,1,1,1,4),(0.,0.29511763018334,0.59023526036668,
0.88535289055002,0.966818071054547),.UNSPECIFIED.);
#114=B_SPLINE_CURVE_WITH_KNOTS('',3,(#4096,#4097,#4098,#4099,#4100,#4101,
#4102),.UNSPECIFIED.,.F.,.F.,(4,1,1,1,4),(-1.03291170564169,-0.88535289055002,
-0.59023526036668,-0.29511763018334,0.),.UNSPECIFIED.);
#115=B_SPLINE_CURVE_WITH_KNOTS('',3,(#4117,#4118,#4119,#4120,#4121,#4122,
#4123),.UNSPECIFIED.,.F.,.F.,(4,1,1,1,4),(0.0660936345871426,0.14755881509167,
0.442676445275009,0.737794075458348,1.03291170564169),.UNSPECIFIED.);
#116=B_SPLINE_CURVE_WITH_KNOTS('',3,(#4162,#4163,#4164,#4165,#4166,#4167,
#4168,#4169,#4170,#4171),.UNSPECIFIED.,.F.,.F.,(4,2,2,2,4),(0.110527100837042,
0.307033611884237,0.544044599842849,0.801308684553775,0.802808667145539),
 .UNSPECIFIED.);
#117=B_SPLINE_CURVE_WITH_KNOTS('',3,(#4173,#4174,#4175,#4176,#4177,#4178),
 .UNSPECIFIED.,.F.,.F.,(4,2,4),(-0.00149936201896592,0.,0.110527100825498),
 .UNSPECIFIED.);
#118=B_SPLINE_CURVE_WITH_KNOTS('',3,(#4240,#4241,#4242,#4243,#4244,#4245,
#4246),.UNSPECIFIED.,.F.,.F.,(4,1,1,1,4),(-1.03291170564169,-0.737794075458348,
-0.442676445275009,-0.14755881509167,-5.34984429201093E-16),
 .UNSPECIFIED.);
#119=B_SPLINE_CURVE_WITH_KNOTS('',3,(#4296,#4297,#4298,#4299,#4300,#4301),
 .UNSPECIFIED.,.F.,.F.,(4,2,4),(0.690883481661353,0.80130880166261,0.802808789692716),
 .UNSPECIFIED.);
#120=B_SPLINE_CURVE_WITH_KNOTS('',3,(#4302,#4303,#4304,#4305,#4306,#4307,
#4308,#4309,#4310,#4311),.UNSPECIFIED.,.F.,.F.,(4,2,2,2,4),(-0.00149936737851123,
0.,0.307033724300876,0.544044716929653,0.690883481657868),.UNSPECIFIED.);
#121=B_SPLINE_CURVE_WITH_KNOTS('',3,(#4339,#4340,#4341,#4342,#4343,#4344,
#4345,#4346),.UNSPECIFIED.,.F.,.F.,(4,2,2,4),(0.,0.0713191813951464,0.158841334567642,
0.238786360730172),.UNSPECIFIED.);
#122=B_SPLINE_CURVE_WITH_KNOTS('',3,(#4348,#4349,#4350,#4351,#4352),
 .UNSPECIFIED.,.F.,.F.,(4,1,4),(-0.42551014633525,-0.241989492198897,0.),
 .UNSPECIFIED.);
#123=B_SPLINE_CURVE_WITH_KNOTS('',3,(#4355,#4356,#4357,#4358,#4359),
 .UNSPECIFIED.,.F.,.F.,(4,1,4),(0.,0.241989492198897,0.564642146989993),
 .UNSPECIFIED.);
#124=B_SPLINE_CURVE_WITH_KNOTS('',3,(#4393,#4394,#4395,#4396,#4397,#4398,
#4399,#4400,#4401,#4402),.UNSPECIFIED.,.F.,.F.,(4,2,2,2,4),(0.,0.0553170293019297,
0.147452508568022,0.194364470811257,0.240853083515645),.UNSPECIFIED.);
#125=B_SPLINE_CURVE_WITH_KNOTS('',3,(#4403,#4404,#4405,#4406,#4407),
 .UNSPECIFIED.,.F.,.F.,(4,1,4),(-0.564668132653362,-0.242000628280012,0.),
 .UNSPECIFIED.);
#126=B_SPLINE_CURVE_WITH_KNOTS('',3,(#4408,#4409,#4410,#4411,#4412),
 .UNSPECIFIED.,.F.,.F.,(4,1,4),(0.,0.242000628280012,0.425545265576959),
 .UNSPECIFIED.);
#127=B_SPLINE_CURVE_WITH_KNOTS('',3,(#4467,#4468,#4469,#4470),
 .UNSPECIFIED.,.F.,.F.,(4,4),(11.8078091161215,11.8776506042261),
 .UNSPECIFIED.);
#128=B_SPLINE_CURVE_WITH_KNOTS('',3,(#4493,#4494,#4495,#4496),
 .UNSPECIFIED.,.F.,.F.,(4,4),(9.01063924061293,9.08048072871787),
 .UNSPECIFIED.);
#129=B_SPLINE_CURVE_WITH_KNOTS('',3,(#4549,#4550,#4551,#4552),
 .UNSPECIFIED.,.F.,.F.,(4,4),(11.8776506042261,11.9482677244244),
 .UNSPECIFIED.);
#130=B_SPLINE_CURVE_WITH_KNOTS('',3,(#4595,#4596,#4597,#4598),
 .UNSPECIFIED.,.F.,.F.,(4,4),(8.94002212041469,9.01063924061293),
 .UNSPECIFIED.);
#131=B_SPLINE_CURVE_WITH_KNOTS('',3,(#4613,#4614,#4615,#4616,#4617,#4618),
 .UNSPECIFIED.,.F.,.F.,(4,2,4),(4.64401119962688,4.8274741566291,5.01093711363132),
 .UNSPECIFIED.);
#132=B_SPLINE_CURVE_WITH_KNOTS('',3,(#4621,#4622,#4623,#4624,#4625,#4626),
 .UNSPECIFIED.,.F.,.F.,(4,2,4),(15.1504002722664,15.3342913530087,15.518182433751),
 .UNSPECIFIED.);
#133=B_SPLINE_CURVE_WITH_KNOTS('',3,(#4652,#4653,#4654,#4655,#4656,#4657,
#4658,#4659),.UNSPECIFIED.,.F.,.F.,(4,2,2,4),(-6.4052725017937,-6.35900106630445,
-5.941686282175,-5.67647325259999),.UNSPECIFIED.);
#134=B_SPLINE_CURVE_WITH_KNOTS('',3,(#4661,#4662,#4663,#4664,#4665,#4666,
#4667,#4668,#4669,#4670),.UNSPECIFIED.,.F.,.F.,(4,2,2,2,4),(0.,0.878033881211383,
1.7567099971246,2.25945114776092,2.76240228724173),.UNSPECIFIED.);
#135=B_SPLINE_CURVE_WITH_KNOTS('',3,(#4671,#4672,#4673,#4674,#4675,#4676,
#4677,#4678),.UNSPECIFIED.,.F.,.F.,(4,2,2,4),(-4.53868467229958,-4.2734716425492,
-3.85615685841974,-3.80988542293049),.UNSPECIFIED.);
#136=B_SPLINE_CURVE_WITH_KNOTS('',3,(#4680,#4681,#4682,#4683,#4684,#4685,
#4686,#4687,#4688,#4689,#4690,#4691,#4692,#4693,#4694,#4695,#4696,#4697,
#4698,#4699,#4700,#4701,#4702,#4703,#4704,#4705,#4706,#4707,#4708,#4709,
#4710,#4711,#4712,#4713,#4714,#4715,#4716,#4717,#4718,#4719,#4720,#4721,
#4722,#4723,#4724,#4725),.UNSPECIFIED.,.F.,.F.,(4,2,2,2,2,2,2,2,2,2,2,2,
2,2,2,2,2,2,2,2,2,2,4),(-9.31180938657534,-9.04223843437106,-8.70890963398665,
-8.37558083360224,-7.94239282712477,-7.50920482064731,-7.08821819076792,
-6.66723156088853,-6.25021203356074,-5.83319250623295,-5.41780850528938,
-5.00242450434581,-4.58704050340223,-4.17165650245866,-3.75463697513087,
-3.33761744780308,-2.91663081792369,-2.4956441880443,-2.06245618156684,
-1.62926817508938,-1.29593937470496,-0.962610574320554,-0.693039622116278),
 .UNSPECIFIED.);
#137=B_SPLINE_CURVE_WITH_KNOTS('',3,(#4726,#4727,#4728,#4729,#4730,#4731,
#4732,#4733,#4734,#4735,#4736,#4737,#4738,#4739,#4740,#4741,#4742,#4743,
#4744,#4745,#4746,#4747,#4748,#4749,#4750,#4751),.UNSPECIFIED.,.F.,.F.,
(4,2,2,2,2,2,2,2,2,2,2,2,4),(5.50730844376498,5.76500605785877,6.181605016264,
6.59820397466923,7.02268455130963,7.44716512795002,7.89702243654857,8.34687974514712,
8.63907230531953,8.93126486549195,9.1712022753301,9.30372864008628,9.39943329723964),
 .UNSPECIFIED.);
#138=B_SPLINE_CURVE_WITH_KNOTS('',3,(#4837,#4838,#4839,#4840,#4841,#4842),
 .UNSPECIFIED.,.F.,.F.,(4,2,4),(5.94673782469726,5.99132463733283,6.17433021999839),
 .UNSPECIFIED.);
#139=B_SPLINE_CURVE_WITH_KNOTS('',3,(#4845,#4846,#4847,#4848,#4849,#4850,
#4851,#4852,#4853,#4854,#4855,#4856,#4857,#4858,#4859,#4860,#4861,#4862,
#4863,#4864),.UNSPECIFIED.,.F.,.F.,(4,2,2,2,2,2,2,2,2,4),(6.17433021999839,
6.37162932634485,6.75254973340898,7.13347014047312,7.51609810660983,7.89872607274655,
8.31798105463999,8.73723603653344,8.95026225530842,9.14092905267366),
 .UNSPECIFIED.);
#140=B_SPLINE_CURVE_WITH_KNOTS('',3,(#4865,#4866,#4867,#4868,#4869,#4870,
#4871,#4872,#4873,#4874,#4875,#4876,#4877,#4878,#4879,#4880),
 .UNSPECIFIED.,.F.,.F.,(4,2,2,2,2,2,2,4),(9.14092905267099,9.1632884740834,
9.31902239122017,9.39964988431006,9.48433684764727,9.57713280634644,9.63950583466256,
9.70187886297867),.UNSPECIFIED.);
#141=B_SPLINE_CURVE_WITH_KNOTS('',3,(#4899,#4900,#4901,#4902,#4903,#4904,
#4905,#4906,#4907,#4908,#4909,#4910,#4911,#4912,#4913,#4914,#4915,#4916,
#4917,#4918,#4919,#4920),.UNSPECIFIED.,.F.,.F.,(4,2,2,2,2,2,2,2,2,2,4),
(9.76901267329827,9.85969359757367,9.99345603502276,10.2360267230268,10.5309381505351,
10.8258495780434,11.2367810248776,11.6477124717118,12.0352328093506,12.4227531469894,
12.6082940699206),.UNSPECIFIED.);
#142=B_SPLINE_CURVE_WITH_KNOTS('',3,(#4921,#4922,#4923,#4924,#4925,#4926,
#4927,#4928,#4929,#4930,#4931,#4932,#4933,#4934,#4935,#4936,#4937,#4938),
 .UNSPECIFIED.,.F.,.F.,(4,2,2,2,2,2,2,2,4),(6.0443465592924,6.23634488943021,
6.62033083033944,7.00431677124867,7.39953544689533,7.794754122542,8.13301986160099,
8.47128560065998,8.7361355312309),.UNSPECIFIED.);
#143=B_SPLINE_CURVE_WITH_KNOTS('',3,(#4948,#4949,#4950,#4951,#4952,#4953),
 .UNSPECIFIED.,.F.,.F.,(4,2,4),(12.837684602958,13.1822657755508,13.3648977465898),
 .UNSPECIFIED.);
#144=B_SPLINE_CURVE_WITH_KNOTS('',3,(#4955,#4956,#4957,#4958,#4959,#4960),
 .UNSPECIFIED.,.F.,.F.,(4,2,4),(5.42098929437397,5.61101994832081,5.94673782469726),
 .UNSPECIFIED.);
#145=B_SPLINE_CURVE_WITH_KNOTS('',3,(#4970,#4971,#4972,#4973,#4974,#4975),
 .UNSPECIFIED.,.F.,.F.,(4,2,4),(12.6082940699206,12.8025094612701,12.837684602958),
 .UNSPECIFIED.);
#146=B_SPLINE_CURVE_WITH_KNOTS('',3,(#4986,#4987,#4988,#4989,#4990,#4991),
 .UNSPECIFIED.,.F.,.F.,(4,2,4),(5.8159358090249,5.85625971555701,6.0443465592924),
 .UNSPECIFIED.);
#147=B_SPLINE_CURVE_WITH_KNOTS('',3,(#5080,#5081,#5082,#5083,#5084,#5085),
 .UNSPECIFIED.,.F.,.F.,(4,2,4),(3.52754864014803,3.71055422564584,3.75514103826099),
 .UNSPECIFIED.);
#148=B_SPLINE_CURVE_WITH_KNOTS('',3,(#5103,#5104,#5105,#5106,#5107,#5108,
#5109,#5110,#5111,#5112,#5113,#5114,#5115,#5116,#5117,#5118,#5119,#5120),
 .UNSPECIFIED.,.F.,.F.,(4,2,2,2,2,2,2,2,4),(0.702503424682556,0.967353355253477,
1.30561909431247,1.64388483337145,2.03910350901812,2.43432218466478,2.81830812557401,
3.20229406648324,3.39429239662105),.UNSPECIFIED.);
#149=B_SPLINE_CURVE_WITH_KNOTS('',3,(#5122,#5123,#5124,#5125,#5126,#5127,
#5128,#5129,#5130,#5131,#5132,#5133,#5134,#5135,#5136,#5137,#5138,#5139,
#5140,#5141),.UNSPECIFIED.,.F.,.F.,(4,2,2,2,2,2,2,2,2,4),(0.560949810305015,
0.751616607670252,0.964642826445234,1.38389780833868,1.80315279023213,2.18578075636884,
2.56840872250555,2.94932912956969,3.33024953663382,3.52754864014803),
 .UNSPECIFIED.);
#150=B_SPLINE_CURVE_WITH_KNOTS('',3,(#5142,#5143,#5144,#5145,#5146,#5147,
#5148,#5149,#5150,#5151,#5152,#5153,#5154,#5155,#5156,#5157),
 .UNSPECIFIED.,.F.,.F.,(4,2,2,2,2,2,2,4),(0.,0.0623730283161145,0.124746056632229,
0.217542015331407,0.302228978668609,0.382856471758507,0.538590388895269,
0.560949810307681),.UNSPECIFIED.);
#151=B_SPLINE_CURVE_WITH_KNOTS('',3,(#5167,#5168,#5169,#5170,#5171,#5172,
#5173,#5174,#5175,#5176,#5177,#5178,#5179,#5180),.UNSPECIFIED.,.F.,.F.,
(4,2,2,2,2,2,4),(3.62270314688855,3.96246441422963,4.34089194609318,4.71931947795673,
5.09774700982027,5.47617454168382,5.8159358090249),.UNSPECIFIED.);
#152=B_SPLINE_CURVE_WITH_KNOTS('',3,(#5215,#5216,#5217,#5218,#5219,#5220),
 .UNSPECIFIED.,.F.,.F.,(4,2,4),(3.39429239662105,3.58237924035644,3.62270314688855),
 .UNSPECIFIED.);
#153=CYLINDRICAL_SURFACE('',#2580,20.5455591308681);
#154=CYLINDRICAL_SURFACE('',#2594,2.);
#155=CYLINDRICAL_SURFACE('',#2610,2.);
#156=CYLINDRICAL_SURFACE('',#2618,2.);
#157=CYLINDRICAL_SURFACE('',#2619,2.);
#158=CYLINDRICAL_SURFACE('',#2622,2.);
#159=CYLINDRICAL_SURFACE('',#2631,2.);
#160=CYLINDRICAL_SURFACE('',#2637,2.);
#161=CYLINDRICAL_SURFACE('',#2638,2.);
#162=CYLINDRICAL_SURFACE('',#2639,22.5455591308682);
#163=CYLINDRICAL_SURFACE('',#2658,20.5455591308681);
#164=CYLINDRICAL_SURFACE('',#2660,2.);
#165=CYLINDRICAL_SURFACE('',#2669,22.5455591308682);
#166=CYLINDRICAL_SURFACE('',#2671,22.5);
#167=CYLINDRICAL_SURFACE('',#2673,20.5455591308681);
#168=CYLINDRICAL_SURFACE('',#2676,20.5455591308681);
#169=CYLINDRICAL_SURFACE('',#2693,20.5455591308681);
#170=CYLINDRICAL_SURFACE('',#2697,20.5455591308681);
#171=CYLINDRICAL_SURFACE('',#2699,20.5455591308681);
#172=CYLINDRICAL_SURFACE('',#2706,0.999999999999996);
#173=CYLINDRICAL_SURFACE('',#2708,0.999999999999996);
#174=CYLINDRICAL_SURFACE('',#2710,0.999999999999996);
#175=CYLINDRICAL_SURFACE('',#2712,0.999999999999996);
#176=CYLINDRICAL_SURFACE('',#2715,20.5455591308681);
#177=CYLINDRICAL_SURFACE('',#2730,22.5);
#178=CYLINDRICAL_SURFACE('',#2732,22.5);
#179=CYLINDRICAL_SURFACE('',#2749,22.5);
#180=CYLINDRICAL_SURFACE('',#2751,1.);
#181=CYLINDRICAL_SURFACE('',#2755,1.);
#182=CYLINDRICAL_SURFACE('',#2761,1.);
#183=CYLINDRICAL_SURFACE('',#2767,1.);
#184=CYLINDRICAL_SURFACE('',#2772,22.5);
#185=CYLINDRICAL_SURFACE('',#2775,22.5);
#186=CYLINDRICAL_SURFACE('',#2782,2.);
#187=CYLINDRICAL_SURFACE('',#2789,2.);
#188=CYLINDRICAL_SURFACE('',#2795,2.);
#189=CYLINDRICAL_SURFACE('',#2805,20.5);
#190=CYLINDRICAL_SURFACE('',#2806,2.);
#191=CYLINDRICAL_SURFACE('',#2807,2.);
#192=CYLINDRICAL_SURFACE('',#2819,2.);
#193=CYLINDRICAL_SURFACE('',#2821,20.5);
#194=CYLINDRICAL_SURFACE('',#2827,2.);
#195=CYLINDRICAL_SURFACE('',#2829,2.);
#196=CIRCLE('',#2576,20.5455591308681);
#197=CIRCLE('',#2577,22.5455591308682);
#198=CIRCLE('',#2578,22.5455591308682);
#199=CIRCLE('',#2581,20.5455591308681);
#200=CIRCLE('',#2582,20.5455591308681);
#201=CIRCLE('',#2583,20.5455591308681);
#202=CIRCLE('',#2584,20.5455591308681);
#203=CIRCLE('',#2585,20.5455591308681);
#204=CIRCLE('',#2587,39.2325157628165);
#205=CIRCLE('',#2588,37.1499364984242);
#206=CIRCLE('',#2590,39.2325157628165);
#207=CIRCLE('',#2591,37.1499364984242);
#208=CIRCLE('',#2593,34.8528096825645);
#209=CIRCLE('',#2595,2.);
#210=CIRCLE('',#2596,2.);
#211=CIRCLE('',#2597,2.);
#212=CIRCLE('',#2598,2.);
#213=CIRCLE('',#2599,1.99999999999999);
#214=CIRCLE('',#2601,2.);
#215=CIRCLE('',#2602,2.);
#216=CIRCLE('',#2603,22.5);
#217=CIRCLE('',#2604,2.);
#218=CIRCLE('',#2606,2.);
#219=CIRCLE('',#2607,1.99999999999999);
#220=CIRCLE('',#2609,22.5455591308682);
#221=CIRCLE('',#2611,2.);
#222=CIRCLE('',#2612,2.);
#223=CIRCLE('',#2613,1.99999999999999);
#224=CIRCLE('',#2614,2.);
#225=CIRCLE('',#2616,2.);
#226=CIRCLE('',#2617,2.);
#227=CIRCLE('',#2620,2.);
#228=CIRCLE('',#2623,2.);
#229=CIRCLE('',#2625,22.5);
#230=CIRCLE('',#2626,2.);
#231=CIRCLE('',#2627,22.5455591308682);
#232=CIRCLE('',#2628,2.);
#233=CIRCLE('',#2630,22.5455591308682);
#234=CIRCLE('',#2635,2.);
#235=CIRCLE('',#2636,2.);
#236=CIRCLE('',#2641,22.5455591308682);
#237=CIRCLE('',#2642,22.5455591308682);
#238=CIRCLE('',#2643,22.5455591308682);
#239=CIRCLE('',#2644,22.5455591308681);
#240=CIRCLE('',#2645,22.5455591308682);
#241=CIRCLE('',#2646,22.5455591308682);
#242=CIRCLE('',#2647,22.5455591308682);
#243=CIRCLE('',#2649,2.);
#244=CIRCLE('',#2651,2.);
#245=CIRCLE('',#2652,18.5455591308681);
#246=CIRCLE('',#2653,20.5455591308681);
#247=CIRCLE('',#2655,34.8528096825645);
#248=CIRCLE('',#2656,34.8528096825645);
#249=CIRCLE('',#2657,2.);
#250=CIRCLE('',#2659,20.5455591308681);
#251=CIRCLE('',#2661,2.);
#252=CIRCLE('',#2665,20.5455591308681);
#253=CIRCLE('',#2667,20.5455591308681);
#254=CIRCLE('',#2670,22.5455591308682);
#255=CIRCLE('',#2674,20.5455591308681);
#256=CIRCLE('',#2677,20.5455591308681);
#257=CIRCLE('',#2679,34.852809682579);
#258=CIRCLE('',#2680,34.852809682579);
#259=CIRCLE('',#2685,20.5455591308681);
#260=CIRCLE('',#2687,20.5455591308681);
#261=CIRCLE('',#2689,0.999999999999996);
#262=CIRCLE('',#2690,0.999999999999996);
#263=CIRCLE('',#2691,0.999999999999996);
#264=CIRCLE('',#2692,0.999999999999996);
#265=CIRCLE('',#2694,20.5455591308681);
#266=CIRCLE('',#2698,20.5455591308681);
#267=CIRCLE('',#2700,20.5455591308681);
#268=CIRCLE('',#2701,20.5455591308681);
#269=CIRCLE('',#2704,20.5455591308681);
#270=CIRCLE('',#2707,0.999999999999996);
#271=CIRCLE('',#2709,0.999999999999996);
#272=CIRCLE('',#2711,0.999999999999996);
#273=CIRCLE('',#2713,0.999999999999996);
#274=CIRCLE('',#2716,20.5455591308681);
#275=CIRCLE('',#2718,37.9575170676358);
#276=CIRCLE('',#2719,39.965356474912);
#277=CIRCLE('',#2723,37.9575170676358);
#278=CIRCLE('',#2724,39.965356474912);
#279=CIRCLE('',#2726,33.4097455559368);
#280=CIRCLE('',#2727,33.4097455559368);
#281=CIRCLE('',#2731,22.5);
#282=CIRCLE('',#2735,33.4097455559368);
#283=CIRCLE('',#2736,33.4097455559368);
#284=CIRCLE('',#2737,34.852809682579);
#285=CIRCLE('',#2738,34.852809682579);
#286=CIRCLE('',#2741,33.4097455537774);
#287=CIRCLE('',#2742,33.4097455537774);
#288=CIRCLE('',#2743,33.4097455537774);
#289=CIRCLE('',#2744,33.4097455537774);
#290=CIRCLE('',#2745,34.8528096825645);
#291=CIRCLE('',#2748,22.5);
#292=CIRCLE('',#2752,1.);
#293=CIRCLE('',#2753,1.);
#294=CIRCLE('',#2756,1.);
#295=CIRCLE('',#2757,1.);
#296=CIRCLE('',#2762,1.);
#297=CIRCLE('',#2763,1.);
#298=CIRCLE('',#2768,1.);
#299=CIRCLE('',#2769,1.);
#300=CIRCLE('',#2771,22.5);
#301=CIRCLE('',#2778,2.);
#302=CIRCLE('',#2779,18.5);
#303=CIRCLE('',#2780,1.99999999999999);
#304=CIRCLE('',#2781,20.5);
#305=CIRCLE('',#2783,2.);
#306=CIRCLE('',#2784,1.99999999999999);
#307=CIRCLE('',#2786,2.);
#308=CIRCLE('',#2788,2.);
#309=CIRCLE('',#2790,2.);
#310=CIRCLE('',#2794,18.5);
#311=CIRCLE('',#2796,2.);
#312=CIRCLE('',#2797,1.99999999999999);
#313=CIRCLE('',#2799,2.);
#314=CIRCLE('',#2800,1.99999999999999);
#315=CIRCLE('',#2801,20.5);
#316=CIRCLE('',#2803,1.99999999999999);
#317=CIRCLE('',#2808,2.);
#318=CIRCLE('',#2809,1.99999999999999);
#319=CIRCLE('',#2811,2.);
#320=CIRCLE('',#2812,18.5);
#321=CIRCLE('',#2813,1.99999999999999);
#322=CIRCLE('',#2814,20.5);
#323=CIRCLE('',#2816,2.);
#324=CIRCLE('',#2818,2.);
#325=CIRCLE('',#2820,2.);
#326=CIRCLE('',#2822,20.5);
#327=CIRCLE('',#2825,18.5);
#328=CIRCLE('',#2828,2.);
#329=CIRCLE('',#2830,2.);
#330=CIRCLE('',#2831,1.99999999999999);
#331=CIRCLE('',#2833,2.);
#332=CIRCLE('',#2834,1.99999999999999);
#333=FACE_OUTER_BOUND('',#484,.T.);
#334=FACE_OUTER_BOUND('',#485,.T.);
#335=FACE_OUTER_BOUND('',#486,.T.);
#336=FACE_OUTER_BOUND('',#487,.T.);
#337=FACE_OUTER_BOUND('',#488,.T.);
#338=FACE_OUTER_BOUND('',#489,.T.);
#339=FACE_OUTER_BOUND('',#490,.T.);
#340=FACE_OUTER_BOUND('',#491,.T.);
#341=FACE_OUTER_BOUND('',#492,.T.);
#342=FACE_OUTER_BOUND('',#493,.T.);
#343=FACE_OUTER_BOUND('',#494,.T.);
#344=FACE_OUTER_BOUND('',#495,.T.);
#345=FACE_OUTER_BOUND('',#496,.T.);
#346=FACE_OUTER_BOUND('',#497,.T.);
#347=FACE_OUTER_BOUND('',#499,.T.);
#348=FACE_OUTER_BOUND('',#500,.T.);
#349=FACE_OUTER_BOUND('',#501,.T.);
#350=FACE_OUTER_BOUND('',#502,.T.);
#351=FACE_OUTER_BOUND('',#503,.T.);
#352=FACE_OUTER_BOUND('',#504,.T.);
#353=FACE_OUTER_BOUND('',#505,.T.);
#354=FACE_OUTER_BOUND('',#506,.T.);
#355=FACE_OUTER_BOUND('',#507,.T.);
#356=FACE_OUTER_BOUND('',#508,.T.);
#357=FACE_OUTER_BOUND('',#509,.T.);
#358=FACE_OUTER_BOUND('',#510,.T.);
#359=FACE_OUTER_BOUND('',#511,.T.);
#360=FACE_OUTER_BOUND('',#512,.T.);
#361=FACE_OUTER_BOUND('',#513,.T.);
#362=FACE_OUTER_BOUND('',#514,.T.);
#363=FACE_OUTER_BOUND('',#515,.T.);
#364=FACE_OUTER_BOUND('',#516,.T.);
#365=FACE_OUTER_BOUND('',#517,.T.);
#366=FACE_OUTER_BOUND('',#518,.T.);
#367=FACE_OUTER_BOUND('',#519,.T.);
#368=FACE_OUTER_BOUND('',#520,.T.);
#369=FACE_OUTER_BOUND('',#521,.T.);
#370=FACE_OUTER_BOUND('',#522,.T.);
#371=FACE_OUTER_BOUND('',#523,.T.);
#372=FACE_OUTER_BOUND('',#524,.T.);
#373=FACE_OUTER_BOUND('',#525,.T.);
#374=FACE_OUTER_BOUND('',#526,.T.);
#375=FACE_OUTER_BOUND('',#527,.T.);
#376=FACE_OUTER_BOUND('',#528,.T.);
#377=FACE_OUTER_BOUND('',#529,.T.);
#378=FACE_OUTER_BOUND('',#530,.T.);
#379=FACE_OUTER_BOUND('',#531,.T.);
#380=FACE_OUTER_BOUND('',#532,.T.);
#381=FACE_OUTER_BOUND('',#533,.T.);
#382=FACE_OUTER_BOUND('',#534,.T.);
#383=FACE_OUTER_BOUND('',#535,.T.);
#384=FACE_OUTER_BOUND('',#536,.T.);
#385=FACE_OUTER_BOUND('',#537,.T.);
#386=FACE_OUTER_BOUND('',#538,.T.);
#387=FACE_OUTER_BOUND('',#539,.T.);
#388=FACE_OUTER_BOUND('',#540,.T.);
#389=FACE_OUTER_BOUND('',#541,.T.);
#390=FACE_OUTER_BOUND('',#542,.T.);
#391=FACE_OUTER_BOUND('',#543,.T.);
#392=FACE_OUTER_BOUND('',#544,.T.);
#393=FACE_OUTER_BOUND('',#545,.T.);
#394=FACE_OUTER_BOUND('',#550,.T.);
#395=FACE_OUTER_BOUND('',#551,.T.);
#396=FACE_OUTER_BOUND('',#552,.T.);
#397=FACE_OUTER_BOUND('',#553,.T.);
#398=FACE_OUTER_BOUND('',#554,.T.);
#399=FACE_OUTER_BOUND('',#555,.T.);
#400=FACE_OUTER_BOUND('',#556,.T.);
#401=FACE_OUTER_BOUND('',#557,.T.);
#402=FACE_OUTER_BOUND('',#558,.T.);
#403=FACE_OUTER_BOUND('',#559,.T.);
#404=FACE_OUTER_BOUND('',#560,.T.);
#405=FACE_OUTER_BOUND('',#561,.T.);
#406=FACE_OUTER_BOUND('',#562,.T.);
#407=FACE_OUTER_BOUND('',#567,.T.);
#408=FACE_OUTER_BOUND('',#568,.T.);
#409=FACE_OUTER_BOUND('',#569,.T.);
#410=FACE_OUTER_BOUND('',#570,.T.);
#411=FACE_OUTER_BOUND('',#571,.T.);
#412=FACE_OUTER_BOUND('',#572,.T.);
#413=FACE_OUTER_BOUND('',#574,.T.);
#414=FACE_OUTER_BOUND('',#575,.T.);
#415=FACE_OUTER_BOUND('',#576,.T.);
#416=FACE_OUTER_BOUND('',#577,.T.);
#417=FACE_OUTER_BOUND('',#578,.T.);
#418=FACE_OUTER_BOUND('',#579,.T.);
#419=FACE_OUTER_BOUND('',#580,.T.);
#420=FACE_OUTER_BOUND('',#581,.T.);
#421=FACE_OUTER_BOUND('',#582,.T.);
#422=FACE_OUTER_BOUND('',#583,.T.);
#423=FACE_OUTER_BOUND('',#584,.T.);
#424=FACE_OUTER_BOUND('',#585,.T.);
#425=FACE_OUTER_BOUND('',#586,.T.);
#426=FACE_OUTER_BOUND('',#587,.T.);
#427=FACE_OUTER_BOUND('',#588,.T.);
#428=FACE_OUTER_BOUND('',#589,.T.);
#429=FACE_OUTER_BOUND('',#590,.T.);
#430=FACE_OUTER_BOUND('',#591,.T.);
#431=FACE_OUTER_BOUND('',#592,.T.);
#432=FACE_OUTER_BOUND('',#593,.T.);
#433=FACE_OUTER_BOUND('',#594,.T.);
#434=FACE_OUTER_BOUND('',#595,.T.);
#435=FACE_OUTER_BOUND('',#596,.T.);
#436=FACE_OUTER_BOUND('',#597,.T.);
#437=FACE_OUTER_BOUND('',#598,.T.);
#438=FACE_OUTER_BOUND('',#599,.T.);
#439=FACE_OUTER_BOUND('',#600,.T.);
#440=FACE_OUTER_BOUND('',#601,.T.);
#441=FACE_OUTER_BOUND('',#602,.T.);
#442=FACE_OUTER_BOUND('',#603,.T.);
#443=FACE_OUTER_BOUND('',#604,.T.);
#444=FACE_OUTER_BOUND('',#605,.T.);
#445=FACE_OUTER_BOUND('',#606,.T.);
#446=FACE_OUTER_BOUND('',#607,.T.);
#447=FACE_OUTER_BOUND('',#608,.T.);
#448=FACE_OUTER_BOUND('',#609,.T.);
#449=FACE_OUTER_BOUND('',#610,.T.);
#450=FACE_OUTER_BOUND('',#617,.T.);
#451=FACE_OUTER_BOUND('',#618,.T.);
#452=FACE_OUTER_BOUND('',#619,.T.);
#453=FACE_OUTER_BOUND('',#624,.T.);
#454=FACE_OUTER_BOUND('',#625,.T.);
#455=FACE_OUTER_BOUND('',#626,.T.);
#456=FACE_OUTER_BOUND('',#627,.T.);
#457=FACE_OUTER_BOUND('',#628,.T.);
#458=FACE_OUTER_BOUND('',#629,.T.);
#459=FACE_OUTER_BOUND('',#630,.T.);
#460=FACE_OUTER_BOUND('',#631,.T.);
#461=FACE_OUTER_BOUND('',#632,.T.);
#462=FACE_OUTER_BOUND('',#633,.T.);
#463=FACE_OUTER_BOUND('',#634,.T.);
#464=FACE_OUTER_BOUND('',#635,.T.);
#465=FACE_OUTER_BOUND('',#636,.T.);
#466=FACE_OUTER_BOUND('',#637,.T.);
#467=FACE_OUTER_BOUND('',#638,.T.);
#468=FACE_OUTER_BOUND('',#639,.T.);
#469=FACE_OUTER_BOUND('',#640,.T.);
#470=FACE_OUTER_BOUND('',#641,.T.);
#471=FACE_OUTER_BOUND('',#642,.T.);
#472=FACE_OUTER_BOUND('',#643,.T.);
#473=FACE_OUTER_BOUND('',#644,.T.);
#474=FACE_OUTER_BOUND('',#645,.T.);
#475=FACE_OUTER_BOUND('',#646,.T.);
#476=FACE_OUTER_BOUND('',#647,.T.);
#477=FACE_OUTER_BOUND('',#648,.T.);
#478=FACE_OUTER_BOUND('',#649,.T.);
#479=FACE_OUTER_BOUND('',#650,.T.);
#480=FACE_OUTER_BOUND('',#651,.T.);
#481=FACE_OUTER_BOUND('',#652,.T.);
#482=FACE_OUTER_BOUND('',#653,.T.);
#483=FACE_OUTER_BOUND('',#654,.T.);
#484=EDGE_LOOP('',(#1587,#1588,#1589,#1590));
#485=EDGE_LOOP('',(#1591,#1592,#1593,#1594,#1595));
#486=EDGE_LOOP('',(#1596,#1597,#1598,#1599));
#487=EDGE_LOOP('',(#1600,#1601,#1602,#1603,#1604,#1605,#1606,#1607,#1608,
#1609,#1610,#1611,#1612,#1613));
#488=EDGE_LOOP('',(#1614,#1615,#1616,#1617));
#489=EDGE_LOOP('',(#1618,#1619,#1620,#1621));
#490=EDGE_LOOP('',(#1622,#1623,#1624,#1625,#1626,#1627));
#491=EDGE_LOOP('',(#1628,#1629,#1630,#1631));
#492=EDGE_LOOP('',(#1632,#1633,#1634,#1635));
#493=EDGE_LOOP('',(#1636,#1637,#1638,#1639));
#494=EDGE_LOOP('',(#1640,#1641,#1642,#1643));
#495=EDGE_LOOP('',(#1644,#1645,#1646));
#496=EDGE_LOOP('',(#1647,#1648,#1649,#1650));
#497=EDGE_LOOP('',(#1651,#1652,#1653,#1654,#1655,#1656,#1657,#1658));
#498=EDGE_LOOP('',(#1659,#1660,#1661,#1662));
#499=EDGE_LOOP('',(#1663,#1664,#1665,#1666));
#500=EDGE_LOOP('',(#1667,#1668,#1669,#1670,#1671,#1672));
#501=EDGE_LOOP('',(#1673,#1674,#1675,#1676,#1677));
#502=EDGE_LOOP('',(#1678,#1679,#1680,#1681));
#503=EDGE_LOOP('',(#1682,#1683,#1684,#1685));
#504=EDGE_LOOP('',(#1686,#1687,#1688,#1689));
#505=EDGE_LOOP('',(#1690,#1691,#1692));
#506=EDGE_LOOP('',(#1693,#1694,#1695,#1696));
#507=EDGE_LOOP('',(#1697,#1698,#1699,#1700,#1701,#1702,#1703,#1704));
#508=EDGE_LOOP('',(#1705,#1706,#1707,#1708,#1709));
#509=EDGE_LOOP('',(#1710,#1711,#1712));
#510=EDGE_LOOP('',(#1713,#1714,#1715,#1716));
#511=EDGE_LOOP('',(#1717,#1718,#1719,#1720,#1721,#1722,#1723,#1724));
#512=EDGE_LOOP('',(#1725,#1726,#1727,#1728));
#513=EDGE_LOOP('',(#1729,#1730,#1731,#1732,#1733,#1734,#1735,#1736));
#514=EDGE_LOOP('',(#1737,#1738,#1739,#1740,#1741));
#515=EDGE_LOOP('',(#1742,#1743,#1744,#1745));
#516=EDGE_LOOP('',(#1746,#1747,#1748,#1749,#1750));
#517=EDGE_LOOP('',(#1751,#1752));
#518=EDGE_LOOP('',(#1753,#1754,#1755,#1756,#1757));
#519=EDGE_LOOP('',(#1758,#1759,#1760,#1761));
#520=EDGE_LOOP('',(#1762,#1763,#1764));
#521=EDGE_LOOP('',(#1765,#1766,#1767,#1768,#1769,#1770,#1771,#1772,#1773,
#1774,#1775,#1776,#1777,#1778,#1779,#1780,#1781,#1782,#1783,#1784,#1785,
#1786,#1787,#1788));
#522=EDGE_LOOP('',(#1789,#1790,#1791,#1792,#1793));
#523=EDGE_LOOP('',(#1794,#1795,#1796,#1797));
#524=EDGE_LOOP('',(#1798,#1799,#1800,#1801));
#525=EDGE_LOOP('',(#1802,#1803,#1804,#1805));
#526=EDGE_LOOP('',(#1806,#1807,#1808,#1809,#1810,#1811,#1812,#1813,#1814,
#1815));
#527=EDGE_LOOP('',(#1816,#1817,#1818,#1819,#1820,#1821));
#528=EDGE_LOOP('',(#1822,#1823,#1824,#1825,#1826,#1827));
#529=EDGE_LOOP('',(#1828,#1829));
#530=EDGE_LOOP('',(#1830,#1831,#1832,#1833));
#531=EDGE_LOOP('',(#1834,#1835,#1836));
#532=EDGE_LOOP('',(#1837,#1838,#1839));
#533=EDGE_LOOP('',(#1840,#1841,#1842,#1843));
#534=EDGE_LOOP('',(#1844,#1845,#1846,#1847,#1848,#1849));
#535=EDGE_LOOP('',(#1850,#1851,#1852));
#536=EDGE_LOOP('',(#1853,#1854,#1855,#1856,#1857,#1858,#1859));
#537=EDGE_LOOP('',(#1860,#1861,#1862,#1863,#1864,#1865,#1866,#1867));
#538=EDGE_LOOP('',(#1868,#1869,#1870,#1871,#1872,#1873,#1874,#1875));
#539=EDGE_LOOP('',(#1876,#1877,#1878,#1879,#1880,#1881,#1882,#1883,#1884,
#1885));
#540=EDGE_LOOP('',(#1886,#1887,#1888,#1889));
#541=EDGE_LOOP('',(#1890,#1891,#1892,#1893));
#542=EDGE_LOOP('',(#1894,#1895));
#543=EDGE_LOOP('',(#1896,#1897));
#544=EDGE_LOOP('',(#1898,#1899));
#545=EDGE_LOOP('',(#1900,#1901,#1902,#1903,#1904,#1905,#1906,#1907,#1908));
#546=EDGE_LOOP('',(#1909));
#547=EDGE_LOOP('',(#1910));
#548=EDGE_LOOP('',(#1911));
#549=EDGE_LOOP('',(#1912));
#550=EDGE_LOOP('',(#1913,#1914,#1915,#1916,#1917,#1918,#1919));
#551=EDGE_LOOP('',(#1920,#1921,#1922,#1923));
#552=EDGE_LOOP('',(#1924,#1925,#1926,#1927));
#553=EDGE_LOOP('',(#1928,#1929,#1930,#1931,#1932,#1933));
#554=EDGE_LOOP('',(#1934,#1935,#1936,#1937,#1938,#1939));
#555=EDGE_LOOP('',(#1940,#1941));
#556=EDGE_LOOP('',(#1942,#1943));
#557=EDGE_LOOP('',(#1944,#1945));
#558=EDGE_LOOP('',(#1946,#1947,#1948,#1949));
#559=EDGE_LOOP('',(#1950,#1951,#1952,#1953));
#560=EDGE_LOOP('',(#1954,#1955,#1956,#1957));
#561=EDGE_LOOP('',(#1958,#1959,#1960,#1961));
#562=EDGE_LOOP('',(#1962));
#563=EDGE_LOOP('',(#1963));
#564=EDGE_LOOP('',(#1964));
#565=EDGE_LOOP('',(#1965));
#566=EDGE_LOOP('',(#1966));
#567=EDGE_LOOP('',(#1967,#1968,#1969,#1970,#1971,#1972,#1973,#1974));
#568=EDGE_LOOP('',(#1975,#1976,#1977,#1978,#1979,#1980));
#569=EDGE_LOOP('',(#1981,#1982,#1983,#1984,#1985));
#570=EDGE_LOOP('',(#1986,#1987,#1988,#1989));
#571=EDGE_LOOP('',(#1990,#1991,#1992,#1993,#1994,#1995));
#572=EDGE_LOOP('',(#1996,#1997,#1998,#1999,#2000,#2001,#2002,#2003,#2004,
#2005));
#573=EDGE_LOOP('',(#2006,#2007,#2008,#2009,#2010,#2011,#2012,#2013));
#574=EDGE_LOOP('',(#2014,#2015,#2016,#2017,#2018,#2019,#2020,#2021));
#575=EDGE_LOOP('',(#2022,#2023,#2024,#2025));
#576=EDGE_LOOP('',(#2026,#2027,#2028,#2029));
#577=EDGE_LOOP('',(#2030,#2031,#2032,#2033,#2034,#2035));
#578=EDGE_LOOP('',(#2036,#2037,#2038,#2039,#2040,#2041,#2042,#2043));
#579=EDGE_LOOP('',(#2044,#2045,#2046));
#580=EDGE_LOOP('',(#2047,#2048,#2049));
#581=EDGE_LOOP('',(#2050,#2051));
#582=EDGE_LOOP('',(#2052,#2053,#2054,#2055,#2056));
#583=EDGE_LOOP('',(#2057,#2058,#2059,#2060,#2061,#2062,#2063));
#584=EDGE_LOOP('',(#2064,#2065,#2066,#2067));
#585=EDGE_LOOP('',(#2068,#2069,#2070,#2071));
#586=EDGE_LOOP('',(#2072,#2073,#2074,#2075));
#587=EDGE_LOOP('',(#2076,#2077,#2078,#2079,#2080,#2081,#2082));
#588=EDGE_LOOP('',(#2083,#2084,#2085,#2086,#2087,#2088,#2089,#2090,#2091));
#589=EDGE_LOOP('',(#2092,#2093,#2094,#2095));
#590=EDGE_LOOP('',(#2096,#2097,#2098,#2099));
#591=EDGE_LOOP('',(#2100,#2101,#2102,#2103,#2104,#2105));
#592=EDGE_LOOP('',(#2106,#2107,#2108,#2109));
#593=EDGE_LOOP('',(#2110,#2111,#2112,#2113,#2114,#2115,#2116));
#594=EDGE_LOOP('',(#2117,#2118,#2119,#2120,#2121,#2122,#2123,#2124));
#595=EDGE_LOOP('',(#2125,#2126));
#596=EDGE_LOOP('',(#2127,#2128,#2129,#2130,#2131));
#597=EDGE_LOOP('',(#2132,#2133,#2134));
#598=EDGE_LOOP('',(#2135,#2136,#2137,#2138));
#599=EDGE_LOOP('',(#2139,#2140,#2141,#2142));
#600=EDGE_LOOP('',(#2143,#2144,#2145,#2146));
#601=EDGE_LOOP('',(#2147,#2148,#2149,#2150));
#602=EDGE_LOOP('',(#2151,#2152,#2153,#2154,#2155,#2156,#2157,#2158));
#603=EDGE_LOOP('',(#2159,#2160,#2161,#2162,#2163,#2164,#2165,#2166));
#604=EDGE_LOOP('',(#2167,#2168,#2169,#2170));
#605=EDGE_LOOP('',(#2171,#2172,#2173,#2174));
#606=EDGE_LOOP('',(#2175,#2176,#2177,#2178));
#607=EDGE_LOOP('',(#2179,#2180,#2181,#2182));
#608=EDGE_LOOP('',(#2183,#2184,#2185,#2186));
#609=EDGE_LOOP('',(#2187,#2188,#2189,#2190));
#610=EDGE_LOOP('',(#2191,#2192,#2193,#2194,#2195,#2196,#2197,#2198,#2199,
#2200));
#611=EDGE_LOOP('',(#2201));
#612=EDGE_LOOP('',(#2202));
#613=EDGE_LOOP('',(#2203));
#614=EDGE_LOOP('',(#2204));
#615=EDGE_LOOP('',(#2205,#2206,#2207,#2208));
#616=EDGE_LOOP('',(#2209,#2210,#2211,#2212));
#617=EDGE_LOOP('',(#2213,#2214));
#618=EDGE_LOOP('',(#2215,#2216,#2217,#2218));
#619=EDGE_LOOP('',(#2219,#2220,#2221,#2222,#2223,#2224,#2225,#2226,#2227,
#2228,#2229,#2230));
#620=EDGE_LOOP('',(#2231));
#621=EDGE_LOOP('',(#2232));
#622=EDGE_LOOP('',(#2233));
#623=EDGE_LOOP('',(#2234));
#624=EDGE_LOOP('',(#2235,#2236,#2237,#2238));
#625=EDGE_LOOP('',(#2239,#2240,#2241,#2242));
#626=EDGE_LOOP('',(#2243,#2244,#2245,#2246,#2247,#2248));
#627=EDGE_LOOP('',(#2249,#2250,#2251,#2252));
#628=EDGE_LOOP('',(#2253,#2254,#2255,#2256));
#629=EDGE_LOOP('',(#2257,#2258,#2259));
#630=EDGE_LOOP('',(#2260,#2261,#2262));
#631=EDGE_LOOP('',(#2263,#2264,#2265,#2266));
#632=EDGE_LOOP('',(#2267,#2268,#2269,#2270));
#633=EDGE_LOOP('',(#2271,#2272));
#634=EDGE_LOOP('',(#2273,#2274));
#635=EDGE_LOOP('',(#2275,#2276,#2277,#2278));
#636=EDGE_LOOP('',(#2279,#2280,#2281,#2282));
#637=EDGE_LOOP('',(#2283,#2284,#2285));
#638=EDGE_LOOP('',(#2286,#2287,#2288));
#639=EDGE_LOOP('',(#2289,#2290,#2291,#2292));
#640=EDGE_LOOP('',(#2293,#2294,#2295,#2296));
#641=EDGE_LOOP('',(#2297,#2298,#2299,#2300));
#642=EDGE_LOOP('',(#2301,#2302,#2303,#2304));
#643=EDGE_LOOP('',(#2305,#2306,#2307));
#644=EDGE_LOOP('',(#2308,#2309,#2310));
#645=EDGE_LOOP('',(#2311,#2312,#2313,#2314));
#646=EDGE_LOOP('',(#2315,#2316,#2317,#2318));
#647=EDGE_LOOP('',(#2319,#2320));
#648=EDGE_LOOP('',(#2321,#2322));
#649=EDGE_LOOP('',(#2323,#2324,#2325,#2326));
#650=EDGE_LOOP('',(#2327,#2328,#2329,#2330));
#651=EDGE_LOOP('',(#2331,#2332,#2333,#2334));
#652=EDGE_LOOP('',(#2335,#2336,#2337,#2338));
#653=EDGE_LOOP('',(#2339,#2340,#2341));
#654=EDGE_LOOP('',(#2342,#2343,#2344));
#655=LINE('',#3541,#827);
#656=LINE('',#3543,#828);
#657=LINE('',#3545,#829);
#658=LINE('',#3546,#830);
#659=LINE('',#3551,#831);
#660=LINE('',#3557,#832);
#661=LINE('',#3559,#833);
#662=LINE('',#3560,#834);
#663=LINE('',#3565,#835);
#664=LINE('',#3567,#836);
#665=LINE('',#3571,#837);
#666=LINE('',#3575,#838);
#667=LINE('',#3579,#839);
#668=LINE('',#3581,#840);
#669=LINE('',#3588,#841);
#670=LINE('',#3591,#842);
#671=LINE('',#3597,#843);
#672=LINE('',#3600,#844);
#673=LINE('',#3640,#845);
#674=LINE('',#3689,#846);
#675=LINE('',#3692,#847);
#676=LINE('',#3825,#848);
#677=LINE('',#3829,#849);
#678=LINE('',#3836,#850);
#679=LINE('',#3839,#851);
#680=LINE('',#3841,#852);
#681=LINE('',#3843,#853);
#682=LINE('',#3844,#854);
#683=LINE('',#3856,#855);
#684=LINE('',#3925,#856);
#685=LINE('',#4061,#857);
#686=LINE('',#4063,#858);
#687=LINE('',#4064,#859);
#688=LINE('',#4105,#860);
#689=LINE('',#4110,#861);
#690=LINE('',#4111,#862);
#691=LINE('',#4114,#863);
#692=LINE('',#4116,#864);
#693=LINE('',#4127,#865);
#694=LINE('',#4138,#866);
#695=LINE('',#4249,#867);
#696=LINE('',#4251,#868);
#697=LINE('',#4258,#869);
#698=LINE('',#4261,#870);
#699=LINE('',#4265,#871);
#700=LINE('',#4271,#872);
#701=LINE('',#4415,#873);
#702=LINE('',#4416,#874);
#703=LINE('',#4417,#875);
#704=LINE('',#4418,#876);
#705=LINE('',#4421,#877);
#706=LINE('',#4424,#878);
#707=LINE('',#4428,#879);
#708=LINE('',#4430,#880);
#709=LINE('',#4433,#881);
#710=LINE('',#4435,#882);
#711=LINE('',#4440,#883);
#712=LINE('',#4442,#884);
#713=LINE('',#4444,#885);
#714=LINE('',#4445,#886);
#715=LINE('',#4449,#887);
#716=LINE('',#4451,#888);
#717=LINE('',#4455,#889);
#718=LINE('',#4459,#890);
#719=LINE('',#4461,#891);
#720=LINE('',#4462,#892);
#721=LINE('',#4473,#893);
#722=LINE('',#4476,#894);
#723=LINE('',#4479,#895);
#724=LINE('',#4481,#896);
#725=LINE('',#4483,#897);
#726=LINE('',#4485,#898);
#727=LINE('',#4487,#899);
#728=LINE('',#4489,#900);
#729=LINE('',#4490,#901);
#730=LINE('',#4498,#902);
#731=LINE('',#4500,#903);
#732=LINE('',#4502,#904);
#733=LINE('',#4505,#905);
#734=LINE('',#4509,#906);
#735=LINE('',#4511,#907);
#736=LINE('',#4512,#908);
#737=LINE('',#4513,#909);
#738=LINE('',#4514,#910);
#739=LINE('',#4517,#911);
#740=LINE('',#4518,#912);
#741=LINE('',#4521,#913);
#742=LINE('',#4523,#914);
#743=LINE('',#4524,#915);
#744=LINE('',#4526,#916);
#745=LINE('',#4528,#917);
#746=LINE('',#4542,#918);
#747=LINE('',#4544,#919);
#748=LINE('',#4548,#920);
#749=LINE('',#4555,#921);
#750=LINE('',#4557,#922);
#751=LINE('',#4558,#923);
#752=LINE('',#4560,#924);
#753=LINE('',#4561,#925);
#754=LINE('',#4562,#926);
#755=LINE('',#4566,#927);
#756=LINE('',#4568,#928);
#757=LINE('',#4575,#929);
#758=LINE('',#4578,#930);
#759=LINE('',#4582,#931);
#760=LINE('',#4586,#932);
#761=LINE('',#4590,#933);
#762=LINE('',#4600,#934);
#763=LINE('',#4606,#935);
#764=LINE('',#4608,#936);
#765=LINE('',#4610,#937);
#766=LINE('',#4620,#938);
#767=LINE('',#4757,#939);
#768=LINE('',#4758,#940);
#769=LINE('',#4759,#941);
#770=LINE('',#4760,#942);
#771=LINE('',#4763,#943);
#772=LINE('',#4780,#944);
#773=LINE('',#4781,#945);
#774=LINE('',#4798,#946);
#775=LINE('',#4993,#947);
#776=LINE('',#4998,#948);
#777=LINE('',#5000,#949);
#778=LINE('',#5002,#950);
#779=LINE('',#5003,#951);
#780=LINE('',#5020,#952);
#781=LINE('',#5021,#953);
#782=LINE('',#5038,#954);
#783=LINE('',#5189,#955);
#784=LINE('',#5191,#956);
#785=LINE('',#5193,#957);
#786=LINE('',#5194,#958);
#787=LINE('',#5199,#959);
#788=LINE('',#5203,#960);
#789=LINE('',#5205,#961);
#790=LINE('',#5206,#962);
#791=LINE('',#5211,#963);
#792=LINE('',#5214,#964);
#793=LINE('',#5223,#965);
#794=LINE('',#5225,#966);
#795=LINE('',#5227,#967);
#796=LINE('',#5228,#968);
#797=LINE('',#5229,#969);
#798=LINE('',#5231,#970);
#799=LINE('',#5236,#971);
#800=LINE('',#5240,#972);
#801=LINE('',#5242,#973);
#802=LINE('',#5243,#974);
#803=LINE('',#5245,#975);
#804=LINE('',#5246,#976);
#805=LINE('',#5249,#977);
#806=LINE('',#5251,#978);
#807=LINE('',#5252,#979);
#808=LINE('',#5257,#980);
#809=LINE('',#5261,#981);
#810=LINE('',#5273,#982);
#811=LINE('',#5289,#983);
#812=LINE('',#5292,#984);
#813=LINE('',#5299,#985);
#814=LINE('',#5302,#986);
#815=LINE('',#5305,#987);
#816=LINE('',#5306,#988);
#817=LINE('',#5312,#989);
#818=LINE('',#5325,#990);
#819=LINE('',#5332,#991);
#820=LINE('',#5335,#992);
#821=LINE('',#5349,#993);
#822=LINE('',#5352,#994);
#823=LINE('',#5355,#995);
#824=LINE('',#5362,#996);
#825=LINE('',#5365,#997);
#826=LINE('',#5366,#998);
#827=VECTOR('',#2841,10.);
#828=VECTOR('',#2842,10.);
#829=VECTOR('',#2843,10.);
#830=VECTOR('',#2844,10.);
#831=VECTOR('',#2849,10.);
#832=VECTOR('',#2856,10.);
#833=VECTOR('',#2857,10.);
#834=VECTOR('',#2858,10.);
#835=VECTOR('',#2863,10.);
#836=VECTOR('',#2864,10.);
#837=VECTOR('',#2867,10.);
#838=VECTOR('',#2870,10.);
#839=VECTOR('',#2873,10.);
#840=VECTOR('',#2874,10.);
#841=VECTOR('',#2881,10.);
#842=VECTOR('',#2884,10.);
#843=VECTOR('',#2889,10.);
#844=VECTOR('',#2892,10.);
#845=VECTOR('',#2895,10.);
#846=VECTOR('',#2902,10.);
#847=VECTOR('',#2905,10.);
#848=VECTOR('',#2914,10.);
#849=VECTOR('',#2917,10.);
#850=VECTOR('',#2924,10.);
#851=VECTOR('',#2925,10.);
#852=VECTOR('',#2926,10.);
#853=VECTOR('',#2927,10.);
#854=VECTOR('',#2928,10.);
#855=VECTOR('',#2931,10.);
#856=VECTOR('',#2944,10.);
#857=VECTOR('',#2953,10.);
#858=VECTOR('',#2954,10.);
#859=VECTOR('',#2955,10.);
#860=VECTOR('',#2962,10.);
#861=VECTOR('',#2967,10.);
#862=VECTOR('',#2968,10.);
#863=VECTOR('',#2971,10.);
#864=VECTOR('',#2972,10.);
#865=VECTOR('',#2977,10.);
#866=VECTOR('',#2994,10.);
#867=VECTOR('',#3007,10.);
#868=VECTOR('',#3010,10.);
#869=VECTOR('',#3017,10.);
#870=VECTOR('',#3020,22.5455591308682);
#871=VECTOR('',#3023,22.5455591308682);
#872=VECTOR('',#3030,10.);
#873=VECTOR('',#3047,10.);
#874=VECTOR('',#3048,10.);
#875=VECTOR('',#3049,10.);
#876=VECTOR('',#3050,10.);
#877=VECTOR('',#3053,10.);
#878=VECTOR('',#3056,10.);
#879=VECTOR('',#3061,10.);
#880=VECTOR('',#3064,10.);
#881=VECTOR('',#3067,10.);
#882=VECTOR('',#3070,10.);
#883=VECTOR('',#3075,10.);
#884=VECTOR('',#3076,10.);
#885=VECTOR('',#3077,10.);
#886=VECTOR('',#3078,10.);
#887=VECTOR('',#3081,10.);
#888=VECTOR('',#3082,10.);
#889=VECTOR('',#3087,10.);
#890=VECTOR('',#3092,10.);
#891=VECTOR('',#3093,10.);
#892=VECTOR('',#3094,10.);
#893=VECTOR('',#3105,10.);
#894=VECTOR('',#3108,10.);
#895=VECTOR('',#3111,10.);
#896=VECTOR('',#3112,10.);
#897=VECTOR('',#3113,10.);
#898=VECTOR('',#3114,10.);
#899=VECTOR('',#3115,10.);
#900=VECTOR('',#3116,10.);
#901=VECTOR('',#3117,10.);
#902=VECTOR('',#3120,10.);
#903=VECTOR('',#3121,10.);
#904=VECTOR('',#3124,10.);
#905=VECTOR('',#3127,10.);
#906=VECTOR('',#3130,10.);
#907=VECTOR('',#3133,10.);
#908=VECTOR('',#3134,10.);
#909=VECTOR('',#3135,10.);
#910=VECTOR('',#3136,10.);
#911=VECTOR('',#3139,10.);
#912=VECTOR('',#3140,10.);
#913=VECTOR('',#3143,2.46625912718923);
#914=VECTOR('',#3144,10.);
#915=VECTOR('',#3145,10.);
#916=VECTOR('',#3148,10.);
#917=VECTOR('',#3151,10.);
#918=VECTOR('',#3170,10.);
#919=VECTOR('',#3171,10.);
#920=VECTOR('',#3174,10.);
#921=VECTOR('',#3177,2.46625912718923);
#922=VECTOR('',#3178,10.);
#923=VECTOR('',#3179,10.);
#924=VECTOR('',#3182,10.);
#925=VECTOR('',#3183,10.);
#926=VECTOR('',#3184,10.);
#927=VECTOR('',#3191,10.);
#928=VECTOR('',#3192,10.);
#929=VECTOR('',#3205,10.);
#930=VECTOR('',#3208,0.999999999999996);
#931=VECTOR('',#3213,0.999999999999996);
#932=VECTOR('',#3218,0.999999999999996);
#933=VECTOR('',#3223,0.999999999999996);
#934=VECTOR('',#3230,10.);
#935=VECTOR('',#3237,10.);
#936=VECTOR('',#3240,10.);
#937=VECTOR('',#3243,10.);
#938=VECTOR('',#3246,10.);
#939=VECTOR('',#3257,10.);
#940=VECTOR('',#3258,10.);
#941=VECTOR('',#3259,10.);
#942=VECTOR('',#3260,10.);
#943=VECTOR('',#3263,10.);
#944=VECTOR('',#3264,2.48473665572423);
#945=VECTOR('',#3265,2.46771394912431);
#946=VECTOR('',#3266,2.47550498065272);
#947=VECTOR('',#3291,10.);
#948=VECTOR('',#3296,10.);
#949=VECTOR('',#3299,10.);
#950=VECTOR('',#3300,10.);
#951=VECTOR('',#3301,10.);
#952=VECTOR('',#3302,2.46771397851652);
#953=VECTOR('',#3303,2.48473665572422);
#954=VECTOR('',#3304,2.47550498065272);
#955=VECTOR('',#3321,10.);
#956=VECTOR('',#3322,10.);
#957=VECTOR('',#3323,10.);
#958=VECTOR('',#3324,10.);
#959=VECTOR('',#3329,1.);
#960=VECTOR('',#3334,10.);
#961=VECTOR('',#3335,10.);
#962=VECTOR('',#3336,10.);
#963=VECTOR('',#3341,1.);
#964=VECTOR('',#3346,10.);
#965=VECTOR('',#3349,10.);
#966=VECTOR('',#3350,10.);
#967=VECTOR('',#3351,10.);
#968=VECTOR('',#3352,10.);
#969=VECTOR('',#3353,10.);
#970=VECTOR('',#3356,10.);
#971=VECTOR('',#3361,1.);
#972=VECTOR('',#3366,10.);
#973=VECTOR('',#3367,10.);
#974=VECTOR('',#3368,10.);
#975=VECTOR('',#3371,10.);
#976=VECTOR('',#3372,10.);
#977=VECTOR('',#3375,10.);
#978=VECTOR('',#3376,10.);
#979=VECTOR('',#3377,10.);
#980=VECTOR('',#3382,1.);
#981=VECTOR('',#3389,10.);
#982=VECTOR('',#3394,10.);
#983=VECTOR('',#3415,10.);
#984=VECTOR('',#3418,10.);
#985=VECTOR('',#3429,10.);
#986=VECTOR('',#3432,10.);
#987=VECTOR('',#3435,10.);
#988=VECTOR('',#3436,10.);
#989=VECTOR('',#3443,10.);
#990=VECTOR('',#3466,10.);
#991=VECTOR('',#3473,10.);
#992=VECTOR('',#3476,10.);
#993=VECTOR('',#3497,10.);
#994=VECTOR('',#3500,10.);
#995=VECTOR('',#3503,10.);
#996=VECTOR('',#3512,10.);
#997=VECTOR('',#3515,10.);
#998=VECTOR('',#3516,10.);
#999=VERTEX_POINT('',#3539);
#1000=VERTEX_POINT('',#3540);
#1001=VERTEX_POINT('',#3542);
#1002=VERTEX_POINT('',#3544);
#1003=VERTEX_POINT('',#3548);
#1004=VERTEX_POINT('',#3550);
#1005=VERTEX_POINT('',#3552);
#1006=VERTEX_POINT('',#3556);
#1007=VERTEX_POINT('',#3558);
#1008=VERTEX_POINT('',#3562);
#1009=VERTEX_POINT('',#3564);
#1010=VERTEX_POINT('',#3566);
#1011=VERTEX_POINT('',#3568);
#1012=VERTEX_POINT('',#3570);
#1013=VERTEX_POINT('',#3572);
#1014=VERTEX_POINT('',#3574);
#1015=VERTEX_POINT('',#3576);
#1016=VERTEX_POINT('',#3578);
#1017=VERTEX_POINT('',#3580);
#1018=VERTEX_POINT('',#3584);
#1019=VERTEX_POINT('',#3585);
#1020=VERTEX_POINT('',#3587);
#1021=VERTEX_POINT('',#3589);
#1022=VERTEX_POINT('',#3593);
#1023=VERTEX_POINT('',#3594);
#1024=VERTEX_POINT('',#3596);
#1025=VERTEX_POINT('',#3598);
#1026=VERTEX_POINT('',#3602);
#1027=VERTEX_POINT('',#3609);
#1028=VERTEX_POINT('',#3616);
#1029=VERTEX_POINT('',#3639);
#1030=VERTEX_POINT('',#3676);
#1031=VERTEX_POINT('',#3685);
#1032=VERTEX_POINT('',#3686);
#1033=VERTEX_POINT('',#3688);
#1034=VERTEX_POINT('',#3690);
#1035=VERTEX_POINT('',#3713);
#1036=VERTEX_POINT('',#3714);
#1037=VERTEX_POINT('',#3716);
#1038=VERTEX_POINT('',#3721);
#1039=VERTEX_POINT('',#3779);
#1040=VERTEX_POINT('',#3780);
#1041=VERTEX_POINT('',#3782);
#1042=VERTEX_POINT('',#3824);
#1043=VERTEX_POINT('',#3826);
#1044=VERTEX_POINT('',#3828);
#1045=VERTEX_POINT('',#3830);
#1046=VERTEX_POINT('',#3832);
#1047=VERTEX_POINT('',#3834);
#1048=VERTEX_POINT('',#3837);
#1049=VERTEX_POINT('',#3838);
#1050=VERTEX_POINT('',#3840);
#1051=VERTEX_POINT('',#3842);
#1052=VERTEX_POINT('',#3846);
#1053=VERTEX_POINT('',#3902);
#1054=VERTEX_POINT('',#3904);
#1055=VERTEX_POINT('',#3914);
#1056=VERTEX_POINT('',#3923);
#1057=VERTEX_POINT('',#3946);
#1058=VERTEX_POINT('',#3948);
#1059=VERTEX_POINT('',#3953);
#1060=VERTEX_POINT('',#4007);
#1061=VERTEX_POINT('',#4008);
#1062=VERTEX_POINT('',#4010);
#1063=VERTEX_POINT('',#4052);
#1064=VERTEX_POINT('',#4060);
#1065=VERTEX_POINT('',#4062);
#1066=VERTEX_POINT('',#4093);
#1067=VERTEX_POINT('',#4095);
#1068=VERTEX_POINT('',#4107);
#1069=VERTEX_POINT('',#4108);
#1070=VERTEX_POINT('',#4113);
#1071=VERTEX_POINT('',#4115);
#1072=VERTEX_POINT('',#4125);
#1073=VERTEX_POINT('',#4130);
#1074=VERTEX_POINT('',#4132);
#1075=VERTEX_POINT('',#4159);
#1076=VERTEX_POINT('',#4161);
#1077=VERTEX_POINT('',#4172);
#1078=VERTEX_POINT('',#4237);
#1079=VERTEX_POINT('',#4239);
#1080=VERTEX_POINT('',#4253);
#1081=VERTEX_POINT('',#4255);
#1082=VERTEX_POINT('',#4257);
#1083=VERTEX_POINT('',#4259);
#1084=VERTEX_POINT('',#4262);
#1085=VERTEX_POINT('',#4264);
#1086=VERTEX_POINT('',#4268);
#1087=VERTEX_POINT('',#4270);
#1088=VERTEX_POINT('',#4293);
#1089=VERTEX_POINT('',#4295);
#1090=VERTEX_POINT('',#4337);
#1091=VERTEX_POINT('',#4338);
#1092=VERTEX_POINT('',#4347);
#1093=VERTEX_POINT('',#4353);
#1094=VERTEX_POINT('',#4361);
#1095=VERTEX_POINT('',#4362);
#1096=VERTEX_POINT('',#4391);
#1097=VERTEX_POINT('',#4392);
#1098=VERTEX_POINT('',#4414);
#1099=VERTEX_POINT('',#4419);
#1100=VERTEX_POINT('',#4423);
#1101=VERTEX_POINT('',#4427);
#1102=VERTEX_POINT('',#4432);
#1103=VERTEX_POINT('',#4438);
#1104=VERTEX_POINT('',#4439);
#1105=VERTEX_POINT('',#4441);
#1106=VERTEX_POINT('',#4443);
#1107=VERTEX_POINT('',#4447);
#1108=VERTEX_POINT('',#4448);
#1109=VERTEX_POINT('',#4450);
#1110=VERTEX_POINT('',#4454);
#1111=VERTEX_POINT('',#4458);
#1112=VERTEX_POINT('',#4460);
#1113=VERTEX_POINT('',#4466);
#1114=VERTEX_POINT('',#4474);
#1115=VERTEX_POINT('',#4478);
#1116=VERTEX_POINT('',#4480);
#1117=VERTEX_POINT('',#4482);
#1118=VERTEX_POINT('',#4484);
#1119=VERTEX_POINT('',#4486);
#1120=VERTEX_POINT('',#4488);
#1121=VERTEX_POINT('',#4492);
#1122=VERTEX_POINT('',#4497);
#1123=VERTEX_POINT('',#4499);
#1124=VERTEX_POINT('',#4504);
#1125=VERTEX_POINT('',#4506);
#1126=VERTEX_POINT('',#4508);
#1127=VERTEX_POINT('',#4516);
#1128=VERTEX_POINT('',#4520);
#1129=VERTEX_POINT('',#4522);
#1130=VERTEX_POINT('',#4533);
#1131=VERTEX_POINT('',#4535);
#1132=VERTEX_POINT('',#4537);
#1133=VERTEX_POINT('',#4539);
#1134=VERTEX_POINT('',#4543);
#1135=VERTEX_POINT('',#4545);
#1136=VERTEX_POINT('',#4547);
#1137=VERTEX_POINT('',#4554);
#1138=VERTEX_POINT('',#4556);
#1139=VERTEX_POINT('',#4567);
#1140=VERTEX_POINT('',#4577);
#1141=VERTEX_POINT('',#4581);
#1142=VERTEX_POINT('',#4585);
#1143=VERTEX_POINT('',#4589);
#1144=VERTEX_POINT('',#4594);
#1145=VERTEX_POINT('',#4599);
#1146=VERTEX_POINT('',#4603);
#1147=VERTEX_POINT('',#4605);
#1148=VERTEX_POINT('',#4612);
#1149=VERTEX_POINT('',#4619);
#1150=VERTEX_POINT('',#4651);
#1151=VERTEX_POINT('',#4660);
#1152=VERTEX_POINT('',#4679);
#1153=VERTEX_POINT('',#4753);
#1154=VERTEX_POINT('',#4754);
#1155=VERTEX_POINT('',#4756);
#1156=VERTEX_POINT('',#4761);
#1157=VERTEX_POINT('',#4844);
#1158=VERTEX_POINT('',#4898);
#1159=VERTEX_POINT('',#4995);
#1160=VERTEX_POINT('',#4997);
#1161=VERTEX_POINT('',#5001);
#1162=VERTEX_POINT('',#5121);
#1163=VERTEX_POINT('',#5187);
#1164=VERTEX_POINT('',#5188);
#1165=VERTEX_POINT('',#5190);
#1166=VERTEX_POINT('',#5192);
#1167=VERTEX_POINT('',#5196);
#1168=VERTEX_POINT('',#5198);
#1169=VERTEX_POINT('',#5202);
#1170=VERTEX_POINT('',#5204);
#1171=VERTEX_POINT('',#5208);
#1172=VERTEX_POINT('',#5210);
#1173=VERTEX_POINT('',#5222);
#1174=VERTEX_POINT('',#5224);
#1175=VERTEX_POINT('',#5226);
#1176=VERTEX_POINT('',#5233);
#1177=VERTEX_POINT('',#5235);
#1178=VERTEX_POINT('',#5239);
#1179=VERTEX_POINT('',#5241);
#1180=VERTEX_POINT('',#5248);
#1181=VERTEX_POINT('',#5250);
#1182=VERTEX_POINT('',#5254);
#1183=VERTEX_POINT('',#5256);
#1184=VERTEX_POINT('',#5278);
#1185=VERTEX_POINT('',#5279);
#1186=VERTEX_POINT('',#5281);
#1187=VERTEX_POINT('',#5283);
#1188=VERTEX_POINT('',#5287);
#1189=VERTEX_POINT('',#5290);
#1190=VERTEX_POINT('',#5298);
#1191=VERTEX_POINT('',#5300);
#1192=VERTEX_POINT('',#5304);
#1193=VERTEX_POINT('',#5309);
#1194=VERTEX_POINT('',#5310);
#1195=VERTEX_POINT('',#5318);
#1196=VERTEX_POINT('',#5328);
#1197=VERTEX_POINT('',#5329);
#1198=VERTEX_POINT('',#5331);
#1199=VERTEX_POINT('',#5333);
#1200=VERTEX_POINT('',#5337);
#1201=VERTEX_POINT('',#5340);
#1202=VERTEX_POINT('',#5348);
#1203=VERTEX_POINT('',#5350);
#1204=VERTEX_POINT('',#5354);
#1205=VERTEX_POINT('',#5359);
#1206=VERTEX_POINT('',#5360);
#1207=VERTEX_POINT('',#5364);
#1208=EDGE_CURVE('',#999,#1000,#655,.T.);
#1209=EDGE_CURVE('',#1001,#999,#656,.T.);
#1210=EDGE_CURVE('',#1002,#1001,#657,.T.);
#1211=EDGE_CURVE('',#1002,#1000,#658,.T.);
#1212=EDGE_CURVE('',#1003,#999,#196,.T.);
#1213=EDGE_CURVE('',#1004,#1003,#659,.T.);
#1214=EDGE_CURVE('',#1005,#1004,#197,.T.);
#1215=EDGE_CURVE('',#1001,#1005,#198,.T.);
#1216=EDGE_CURVE('',#1006,#1003,#660,.T.);
#1217=EDGE_CURVE('',#1007,#1006,#661,.T.);
#1218=EDGE_CURVE('',#1004,#1007,#662,.T.);
#1219=EDGE_CURVE('',#1008,#1000,#199,.T.);
#1220=EDGE_CURVE('',#1009,#1008,#663,.T.);
#1221=EDGE_CURVE('',#1009,#1010,#664,.T.);
#1222=EDGE_CURVE('',#1010,#1011,#200,.T.);
#1223=EDGE_CURVE('',#1011,#1012,#665,.T.);
#1224=EDGE_CURVE('',#1012,#1013,#201,.T.);
#1225=EDGE_CURVE('',#1013,#1014,#666,.T.);
#1226=EDGE_CURVE('',#1014,#1015,#202,.T.);
#1227=EDGE_CURVE('',#1015,#1016,#667,.T.);
#1228=EDGE_CURVE('',#1017,#1016,#668,.T.);
#1229=EDGE_CURVE('',#1006,#1017,#203,.T.);
#1230=EDGE_CURVE('',#1018,#1019,#204,.T.);
#1231=EDGE_CURVE('',#1018,#1020,#669,.T.);
#1232=EDGE_CURVE('',#1021,#1020,#205,.T.);
#1233=EDGE_CURVE('',#1019,#1021,#670,.T.);
#1234=EDGE_CURVE('',#1022,#1023,#206,.T.);
#1235=EDGE_CURVE('',#1024,#1022,#671,.T.);
#1236=EDGE_CURVE('',#1025,#1024,#207,.T.);
#1237=EDGE_CURVE('',#1023,#1025,#672,.T.);
#1238=EDGE_CURVE('',#1021,#1026,#90,.T.);
#1239=EDGE_CURVE('',#1026,#1027,#91,.T.);
#1240=EDGE_CURVE('',#1027,#1028,#92,.T.);
#1241=EDGE_CURVE('',#1028,#1029,#673,.T.);
#1242=EDGE_CURVE('',#1029,#1019,#93,.T.);
#1243=EDGE_CURVE('',#1030,#1020,#94,.T.);
#1244=EDGE_CURVE('',#1030,#1026,#208,.T.);
#1245=EDGE_CURVE('',#1031,#1032,#209,.T.);
#1246=EDGE_CURVE('',#1032,#1033,#674,.T.);
#1247=EDGE_CURVE('',#1033,#1034,#210,.T.);
#1248=EDGE_CURVE('',#1034,#1031,#675,.T.);
#1249=EDGE_CURVE('',#1035,#1036,#211,.T.);
#1250=EDGE_CURVE('',#1036,#1037,#95,.T.);
#1251=EDGE_CURVE('',#1037,#1038,#212,.T.);
#1252=EDGE_CURVE('',#1038,#1035,#96,.T.);
#1253=EDGE_CURVE('',#1035,#1034,#97,.T.);
#1254=EDGE_CURVE('',#1033,#1036,#98,.T.);
#1255=EDGE_CURVE('',#1039,#1040,#213,.T.);
#1256=EDGE_CURVE('',#1040,#1041,#99,.T.);
#1257=EDGE_CURVE('',#1041,#1039,#100,.T.);
#1258=EDGE_CURVE('',#1039,#1038,#101,.T.);
#1259=EDGE_CURVE('',#1037,#1040,#102,.T.);
#1260=EDGE_CURVE('',#1042,#1031,#676,.T.);
#1261=EDGE_CURVE('',#1043,#1042,#214,.T.);
#1262=EDGE_CURVE('',#1044,#1043,#677,.T.);
#1263=EDGE_CURVE('',#1045,#1044,#215,.T.);
#1264=EDGE_CURVE('',#1045,#1046,#216,.T.);
#1265=EDGE_CURVE('',#1047,#1046,#217,.T.);
#1266=EDGE_CURVE('',#1032,#1047,#678,.T.);
#1267=EDGE_CURVE('',#1048,#1049,#679,.T.);
#1268=EDGE_CURVE('',#1049,#1050,#680,.T.);
#1269=EDGE_CURVE('',#1050,#1051,#681,.T.);
#1270=EDGE_CURVE('',#1051,#1048,#682,.T.);
#1271=EDGE_CURVE('',#1052,#1034,#103,.T.);
#1272=EDGE_CURVE('',#1042,#1052,#683,.T.);
#1273=EDGE_CURVE('',#1035,#1053,#218,.T.);
#1274=EDGE_CURVE('',#1053,#1054,#104,.T.);
#1275=EDGE_CURVE('',#1055,#1054,#219,.T.);
#1276=EDGE_CURVE('',#1052,#1055,#105,.T.);
#1277=EDGE_CURVE('',#1041,#1053,#220,.T.);
#1278=EDGE_CURVE('',#1052,#1056,#221,.T.);
#1279=EDGE_CURVE('',#1056,#1043,#684,.T.);
#1280=EDGE_CURVE('',#1057,#1055,#222,.T.);
#1281=EDGE_CURVE('',#1055,#1058,#106,.T.);
#1282=EDGE_CURVE('',#1058,#1059,#223,.T.);
#1283=EDGE_CURVE('',#1059,#1057,#107,.T.);
#1284=EDGE_CURVE('',#1057,#1056,#108,.T.);
#1285=EDGE_CURVE('',#1060,#1061,#224,.T.);
#1286=EDGE_CURVE('',#1061,#1062,#109,.T.);
#1287=EDGE_CURVE('',#1062,#1060,#110,.T.);
#1288=EDGE_CURVE('',#1060,#1059,#111,.T.);
#1289=EDGE_CURVE('',#1058,#1061,#112,.T.);
#1290=EDGE_CURVE('',#1063,#1059,#113,.T.);
#1291=EDGE_CURVE('',#1064,#1063,#685,.T.);
#1292=EDGE_CURVE('',#1065,#1064,#686,.T.);
#1293=EDGE_CURVE('',#1044,#1065,#687,.T.);
#1294=EDGE_CURVE('',#1060,#1066,#225,.T.);
#1295=EDGE_CURVE('',#1066,#1067,#114,.T.);
#1296=EDGE_CURVE('',#1063,#1067,#226,.T.);
#1297=EDGE_CURVE('',#1066,#1062,#688,.T.);
#1298=EDGE_CURVE('',#1068,#1069,#227,.T.);
#1299=EDGE_CURVE('',#1068,#1047,#689,.T.);
#1300=EDGE_CURVE('',#1046,#1069,#690,.T.);
#1301=EDGE_CURVE('',#1070,#1068,#691,.T.);
#1302=EDGE_CURVE('',#1071,#1070,#692,.T.);
#1303=EDGE_CURVE('',#1037,#1071,#115,.T.);
#1304=EDGE_CURVE('',#1072,#1065,#228,.T.);
#1305=EDGE_CURVE('',#1072,#1045,#693,.T.);
#1306=EDGE_CURVE('',#1072,#1069,#229,.T.);
#1307=EDGE_CURVE('',#1073,#1064,#230,.T.);
#1308=EDGE_CURVE('',#1073,#1074,#231,.T.);
#1309=EDGE_CURVE('',#1070,#1074,#232,.T.);
#1310=EDGE_CURVE('',#1054,#1062,#233,.T.);
#1311=EDGE_CURVE('',#1067,#1073,#694,.T.);
#1312=EDGE_CURVE('',#1066,#1075,#24,.T.);
#1313=EDGE_CURVE('',#1076,#1075,#116,.T.);
#1314=EDGE_CURVE('',#1077,#1076,#117,.T.);
#1315=EDGE_CURVE('',#1077,#1067,#25,.T.);
#1316=EDGE_CURVE('',#1053,#1054,#26,.T.);
#1317=EDGE_CURVE('',#1071,#1078,#234,.T.);
#1318=EDGE_CURVE('',#1078,#1079,#118,.T.);
#1319=EDGE_CURVE('',#1079,#1040,#235,.T.);
#1320=EDGE_CURVE('',#1074,#1078,#695,.T.);
#1321=EDGE_CURVE('',#1041,#1079,#696,.T.);
#1322=EDGE_CURVE('',#1080,#1079,#27,.T.);
#1323=EDGE_CURVE('',#1081,#1080,#236,.T.);
#1324=EDGE_CURVE('',#1081,#1082,#697,.T.);
#1325=EDGE_CURVE('',#1082,#1083,#237,.T.);
#1326=EDGE_CURVE('',#1083,#1005,#698,.T.);
#1327=EDGE_CURVE('',#1007,#1084,#238,.T.);
#1328=EDGE_CURVE('',#1084,#1085,#699,.T.);
#1329=EDGE_CURVE('',#1085,#1085,#239,.T.);
#1330=EDGE_CURVE('',#1084,#1002,#240,.T.);
#1331=EDGE_CURVE('',#1083,#1086,#241,.T.);
#1332=EDGE_CURVE('',#1086,#1087,#700,.T.);
#1333=EDGE_CURVE('',#1075,#1087,#242,.T.);
#1334=EDGE_CURVE('',#1078,#1088,#28,.T.);
#1335=EDGE_CURVE('',#1089,#1088,#119,.T.);
#1336=EDGE_CURVE('',#1080,#1089,#120,.T.);
#1337=EDGE_CURVE('',#1090,#1091,#121,.T.);
#1338=EDGE_CURVE('',#1090,#1092,#122,.T.);
#1339=EDGE_CURVE('',#1092,#1093,#243,.T.);
#1340=EDGE_CURVE('',#1093,#1091,#123,.T.);
#1341=EDGE_CURVE('',#1094,#1095,#244,.T.);
#1342=EDGE_CURVE('',#1095,#1093,#245,.T.);
#1343=EDGE_CURVE('',#1092,#1094,#246,.T.);
#1344=EDGE_CURVE('',#1096,#1097,#124,.T.);
#1345=EDGE_CURVE('',#1096,#1095,#125,.T.);
#1346=EDGE_CURVE('',#1094,#1097,#126,.T.);
#1347=EDGE_CURVE('',#1098,#1097,#701,.T.);
#1348=EDGE_CURVE('',#1017,#1098,#702,.T.);
#1349=EDGE_CURVE('',#1017,#1016,#703,.T.);
#1350=EDGE_CURVE('',#1015,#1016,#704,.T.);
#1351=EDGE_CURVE('',#1099,#1015,#247,.T.);
#1352=EDGE_CURVE('',#1026,#1099,#705,.T.);
#1353=EDGE_CURVE('',#1030,#1026,#248,.T.);
#1354=EDGE_CURVE('',#1030,#1100,#706,.T.);
#1355=EDGE_CURVE('',#1100,#1096,#249,.T.);
#1356=EDGE_CURVE('',#1090,#1101,#707,.T.);
#1357=EDGE_CURVE('',#1098,#1101,#250,.T.);
#1358=EDGE_CURVE('',#1098,#1097,#708,.T.);
#1359=EDGE_CURVE('',#1100,#1102,#709,.T.);
#1360=EDGE_CURVE('',#1102,#1091,#251,.F.);
#1361=EDGE_CURVE('',#1093,#1095,#710,.T.);
#1362=EDGE_CURVE('',#1103,#1104,#711,.T.);
#1363=EDGE_CURVE('',#1105,#1103,#712,.T.);
#1364=EDGE_CURVE('',#1106,#1105,#713,.T.);
#1365=EDGE_CURVE('',#1104,#1106,#714,.T.);
#1366=EDGE_CURVE('',#1107,#1108,#715,.T.);
#1367=EDGE_CURVE('',#1109,#1107,#716,.T.);
#1368=EDGE_CURVE('',#1108,#1109,#252,.T.);
#1369=EDGE_CURVE('',#1110,#1103,#717,.T.);
#1370=EDGE_CURVE('',#1105,#1110,#253,.T.);
#1371=EDGE_CURVE('',#1111,#1107,#718,.T.);
#1372=EDGE_CURVE('',#1112,#1111,#719,.T.);
#1373=EDGE_CURVE('',#1109,#1112,#720,.T.);
#1374=EDGE_CURVE('',#1077,#1088,#254,.T.);
#1375=EDGE_CURVE('',#1106,#1113,#127,.T.);
#1376=EDGE_CURVE('',#1113,#1104,#29,.T.);
#1377=EDGE_CURVE('',#1097,#1110,#721,.T.);
#1378=EDGE_CURVE('',#1114,#1098,#255,.T.);
#1379=EDGE_CURVE('',#1113,#1114,#722,.T.);
#1380=EDGE_CURVE('',#1048,#1115,#723,.T.);
#1381=EDGE_CURVE('',#1116,#1115,#724,.T.);
#1382=EDGE_CURVE('',#1116,#1117,#725,.T.);
#1383=EDGE_CURVE('',#1118,#1117,#726,.T.);
#1384=EDGE_CURVE('',#1119,#1118,#727,.T.);
#1385=EDGE_CURVE('',#1120,#1119,#728,.T.);
#1386=EDGE_CURVE('',#1120,#1049,#729,.T.);
#1387=EDGE_CURVE('',#1121,#1112,#128,.T.);
#1388=EDGE_CURVE('',#1122,#1121,#730,.T.);
#1389=EDGE_CURVE('',#1122,#1123,#731,.T.);
#1390=EDGE_CURVE('',#1101,#1123,#256,.T.);
#1391=EDGE_CURVE('',#1108,#1090,#732,.T.);
#1392=EDGE_CURVE('',#1102,#1124,#733,.T.);
#1393=EDGE_CURVE('',#1125,#1124,#257,.T.);
#1394=EDGE_CURVE('',#1125,#1126,#734,.T.);
#1395=EDGE_CURVE('',#1010,#1126,#258,.T.);
#1396=EDGE_CURVE('',#1009,#1010,#735,.T.);
#1397=EDGE_CURVE('',#1009,#1008,#736,.T.);
#1398=EDGE_CURVE('',#1101,#1008,#737,.T.);
#1399=EDGE_CURVE('',#1090,#1101,#738,.T.);
#1400=EDGE_CURVE('',#1051,#1127,#739,.T.);
#1401=EDGE_CURVE('',#1127,#1115,#740,.T.);
#1402=EDGE_CURVE('',#1128,#1016,#741,.T.);
#1403=EDGE_CURVE('',#1129,#1017,#742,.T.);
#1404=EDGE_CURVE('',#1128,#1129,#743,.T.);
#1405=EDGE_CURVE('',#1098,#1114,#744,.T.);
#1406=EDGE_CURVE('',#1114,#1129,#745,.T.);
#1407=EDGE_CURVE('',#1129,#1114,#259,.T.);
#1408=EDGE_CURVE('',#1017,#1129,#260,.T.);
#1409=EDGE_CURVE('',#1130,#1130,#261,.T.);
#1410=EDGE_CURVE('',#1131,#1131,#262,.T.);
#1411=EDGE_CURVE('',#1132,#1132,#263,.T.);
#1412=EDGE_CURVE('',#1133,#1133,#264,.T.);
#1413=EDGE_CURVE('',#1128,#1129,#746,.T.);
#1414=EDGE_CURVE('',#1128,#1134,#747,.T.);
#1415=EDGE_CURVE('',#1134,#1135,#265,.T.);
#1416=EDGE_CURVE('',#1136,#1135,#748,.T.);
#1417=EDGE_CURVE('',#1113,#1136,#129,.T.);
#1418=EDGE_CURVE('',#1009,#1137,#749,.T.);
#1419=EDGE_CURVE('',#1138,#1137,#750,.T.);
#1420=EDGE_CURVE('',#1008,#1138,#751,.T.);
#1421=EDGE_CURVE('',#1137,#1122,#752,.T.);
#1422=EDGE_CURVE('',#1122,#1123,#753,.T.);
#1423=EDGE_CURVE('',#1138,#1123,#754,.T.);
#1424=EDGE_CURVE('',#1015,#1134,#266,.T.);
#1425=EDGE_CURVE('',#1138,#1137,#755,.T.);
#1426=EDGE_CURVE('',#1139,#1137,#756,.T.);
#1427=EDGE_CURVE('',#1139,#1010,#267,.T.);
#1428=EDGE_CURVE('',#1138,#1008,#268,.T.);
#1429=EDGE_CURVE('',#1123,#1138,#269,.T.);
#1430=EDGE_CURVE('',#1123,#1101,#757,.T.);
#1431=EDGE_CURVE('',#1133,#1140,#758,.T.);
#1432=EDGE_CURVE('',#1140,#1140,#270,.T.);
#1433=EDGE_CURVE('',#1132,#1141,#759,.T.);
#1434=EDGE_CURVE('',#1141,#1141,#271,.T.);
#1435=EDGE_CURVE('',#1131,#1142,#760,.T.);
#1436=EDGE_CURVE('',#1142,#1142,#272,.T.);
#1437=EDGE_CURVE('',#1130,#1143,#761,.T.);
#1438=EDGE_CURVE('',#1143,#1143,#273,.T.);
#1439=EDGE_CURVE('',#1144,#1121,#130,.T.);
#1440=EDGE_CURVE('',#1145,#1144,#762,.T.);
#1441=EDGE_CURVE('',#1145,#1139,#274,.T.);
#1442=EDGE_CURVE('',#1146,#1011,#275,.T.);
#1443=EDGE_CURVE('',#1146,#1147,#763,.T.);
#1444=EDGE_CURVE('',#1087,#1147,#276,.T.);
#1445=EDGE_CURVE('',#1012,#1086,#764,.T.);
#1446=EDGE_CURVE('',#1013,#1082,#765,.T.);
#1447=EDGE_CURVE('',#1148,#1146,#131,.T.);
#1448=EDGE_CURVE('',#1148,#1149,#766,.T.);
#1449=EDGE_CURVE('',#1147,#1149,#132,.T.);
#1450=EDGE_CURVE('',#1014,#1148,#277,.T.);
#1451=EDGE_CURVE('',#1149,#1081,#278,.T.);
#1452=EDGE_CURVE('',#1150,#1023,#133,.T.);
#1453=EDGE_CURVE('',#1151,#1150,#134,.T.);
#1454=EDGE_CURVE('',#1018,#1151,#135,.T.);
#1455=EDGE_CURVE('',#1152,#1029,#136,.T.);
#1456=EDGE_CURVE('',#1022,#1152,#137,.T.);
#1457=EDGE_CURVE('',#1153,#1154,#279,.T.);
#1458=EDGE_CURVE('',#1155,#1153,#767,.T.);
#1459=EDGE_CURVE('',#1121,#1155,#768,.T.);
#1460=EDGE_CURVE('',#1122,#1121,#769,.T.);
#1461=EDGE_CURVE('',#1139,#1137,#770,.T.);
#1462=EDGE_CURVE('',#1156,#1139,#280,.T.);
#1463=EDGE_CURVE('',#1154,#1156,#771,.T.);
#1464=EDGE_CURVE('',#1154,#1125,#772,.T.);
#1465=EDGE_CURVE('',#1153,#1124,#773,.T.);
#1466=EDGE_CURVE('',#1156,#1126,#774,.T.);
#1467=EDGE_CURVE('',#1111,#1121,#30,.T.);
#1468=EDGE_CURVE('',#1144,#1155,#281,.T.);
#1469=EDGE_CURVE('',#1124,#1153,#138,.T.);
#1470=EDGE_CURVE('',#1153,#1157,#139,.T.);
#1471=EDGE_CURVE('',#1157,#1145,#140,.T.);
#1472=EDGE_CURVE('',#1156,#1139,#282,.T.);
#1473=EDGE_CURVE('',#1153,#1154,#283,.T.);
#1474=EDGE_CURVE('',#1158,#1154,#141,.T.);
#1475=EDGE_CURVE('',#1156,#1158,#142,.T.);
#1476=EDGE_CURVE('',#1125,#1024,#143,.T.);
#1477=EDGE_CURVE('',#1125,#1124,#284,.T.);
#1478=EDGE_CURVE('',#1025,#1124,#144,.T.);
#1479=EDGE_CURVE('',#1154,#1125,#145,.T.);
#1480=EDGE_CURVE('',#1010,#1126,#285,.T.);
#1481=EDGE_CURVE('',#1126,#1156,#146,.T.);
#1482=EDGE_CURVE('',#1113,#1114,#775,.T.);
#1483=EDGE_CURVE('',#1027,#1159,#286,.T.);
#1484=EDGE_CURVE('',#1027,#1160,#776,.T.);
#1485=EDGE_CURVE('',#1134,#1160,#287,.T.);
#1486=EDGE_CURVE('',#1128,#1134,#777,.T.);
#1487=EDGE_CURVE('',#1161,#1113,#778,.T.);
#1488=EDGE_CURVE('',#1159,#1161,#779,.T.);
#1489=EDGE_CURVE('',#1030,#1159,#780,.T.);
#1490=EDGE_CURVE('',#1027,#1026,#781,.T.);
#1491=EDGE_CURVE('',#1160,#1099,#782,.T.);
#1492=EDGE_CURVE('',#1159,#1030,#147,.T.);
#1493=EDGE_CURVE('',#1027,#1159,#288,.T.);
#1494=EDGE_CURVE('',#1134,#1160,#289,.T.);
#1495=EDGE_CURVE('',#1028,#1160,#148,.T.);
#1496=EDGE_CURVE('',#1162,#1159,#149,.T.);
#1497=EDGE_CURVE('',#1135,#1162,#150,.T.);
#1498=EDGE_CURVE('',#1099,#1126,#151,.T.);
#1499=EDGE_CURVE('',#1099,#1015,#290,.T.);
#1500=EDGE_CURVE('',#1161,#1136,#291,.T.);
#1501=EDGE_CURVE('',#1163,#1164,#783,.T.);
#1502=EDGE_CURVE('',#1164,#1165,#784,.T.);
#1503=EDGE_CURVE('',#1166,#1165,#785,.T.);
#1504=EDGE_CURVE('',#1163,#1166,#786,.T.);
#1505=EDGE_CURVE('',#1167,#1167,#292,.T.);
#1506=EDGE_CURVE('',#1167,#1168,#787,.T.);
#1507=EDGE_CURVE('',#1168,#1168,#293,.T.);
#1508=EDGE_CURVE('',#1116,#1169,#788,.T.);
#1509=EDGE_CURVE('',#1169,#1170,#789,.T.);
#1510=EDGE_CURVE('',#1117,#1170,#790,.T.);
#1511=EDGE_CURVE('',#1171,#1171,#294,.T.);
#1512=EDGE_CURVE('',#1171,#1172,#791,.T.);
#1513=EDGE_CURVE('',#1172,#1172,#295,.T.);
#1514=EDGE_CURVE('',#1152,#1158,#792,.T.);
#1515=EDGE_CURVE('',#1160,#1099,#152,.T.);
#1516=EDGE_CURVE('',#1173,#1050,#793,.T.);
#1517=EDGE_CURVE('',#1174,#1173,#794,.T.);
#1518=EDGE_CURVE('',#1174,#1175,#795,.T.);
#1519=EDGE_CURVE('',#1165,#1175,#796,.T.);
#1520=EDGE_CURVE('',#1127,#1164,#797,.T.);
#1521=EDGE_CURVE('',#1173,#1120,#798,.T.);
#1522=EDGE_CURVE('',#1176,#1176,#296,.T.);
#1523=EDGE_CURVE('',#1176,#1177,#799,.T.);
#1524=EDGE_CURVE('',#1177,#1177,#297,.T.);
#1525=EDGE_CURVE('',#1174,#1178,#800,.T.);
#1526=EDGE_CURVE('',#1178,#1179,#801,.T.);
#1527=EDGE_CURVE('',#1175,#1179,#802,.T.);
#1528=EDGE_CURVE('',#1179,#1166,#803,.T.);
#1529=EDGE_CURVE('',#1178,#1163,#804,.T.);
#1530=EDGE_CURVE('',#1180,#1119,#805,.T.);
#1531=EDGE_CURVE('',#1181,#1118,#806,.T.);
#1532=EDGE_CURVE('',#1180,#1181,#807,.T.);
#1533=EDGE_CURVE('',#1182,#1182,#298,.T.);
#1534=EDGE_CURVE('',#1182,#1183,#808,.T.);
#1535=EDGE_CURVE('',#1183,#1183,#299,.T.);
#1536=EDGE_CURVE('',#1151,#1150,#300,.T.);
#1537=EDGE_CURVE('',#1170,#1181,#809,.T.);
#1538=EDGE_CURVE('',#1169,#1180,#810,.T.);
#1539=EDGE_CURVE('',#1184,#1185,#301,.T.);
#1540=EDGE_CURVE('',#1185,#1186,#302,.T.);
#1541=EDGE_CURVE('',#1186,#1187,#303,.T.);
#1542=EDGE_CURVE('',#1187,#1184,#304,.T.);
#1543=EDGE_CURVE('',#1188,#1186,#305,.T.);
#1544=EDGE_CURVE('',#1186,#1185,#811,.T.);
#1545=EDGE_CURVE('',#1185,#1189,#306,.T.);
#1546=EDGE_CURVE('',#1189,#1188,#812,.T.);
#1547=EDGE_CURVE('',#1188,#1187,#307,.T.);
#1548=EDGE_CURVE('',#1184,#1189,#308,.T.);
#1549=EDGE_CURVE('',#1188,#1190,#813,.T.);
#1550=EDGE_CURVE('',#1190,#1191,#309,.F.);
#1551=EDGE_CURVE('',#1191,#1187,#814,.T.);
#1552=EDGE_CURVE('',#1192,#1189,#815,.T.);
#1553=EDGE_CURVE('',#1190,#1192,#816,.T.);
#1554=EDGE_CURVE('',#1193,#1194,#310,.T.);
#1555=EDGE_CURVE('',#1194,#1193,#817,.T.);
#1556=EDGE_CURVE('',#1192,#1194,#311,.F.);
#1557=EDGE_CURVE('',#1193,#1190,#312,.F.);
#1558=EDGE_CURVE('',#1191,#1193,#313,.F.);
#1559=EDGE_CURVE('',#1194,#1195,#314,.F.);
#1560=EDGE_CURVE('',#1195,#1191,#315,.T.);
#1561=EDGE_CURVE('',#1195,#1192,#316,.F.);
#1562=EDGE_CURVE('',#1184,#1195,#818,.T.);
#1563=EDGE_CURVE('',#1196,#1197,#317,.T.);
#1564=EDGE_CURVE('',#1197,#1198,#819,.T.);
#1565=EDGE_CURVE('',#1198,#1199,#318,.T.);
#1566=EDGE_CURVE('',#1199,#1196,#820,.T.);
#1567=EDGE_CURVE('',#1200,#1198,#319,.T.);
#1568=EDGE_CURVE('',#1198,#1197,#320,.T.);
#1569=EDGE_CURVE('',#1197,#1201,#321,.T.);
#1570=EDGE_CURVE('',#1201,#1200,#322,.T.);
#1571=EDGE_CURVE('',#1200,#1199,#323,.T.);
#1572=EDGE_CURVE('',#1196,#1201,#324,.T.);
#1573=EDGE_CURVE('',#1200,#1202,#821,.T.);
#1574=EDGE_CURVE('',#1202,#1203,#325,.F.);
#1575=EDGE_CURVE('',#1203,#1199,#822,.T.);
#1576=EDGE_CURVE('',#1204,#1201,#823,.T.);
#1577=EDGE_CURVE('',#1202,#1204,#326,.T.);
#1578=EDGE_CURVE('',#1205,#1206,#327,.T.);
#1579=EDGE_CURVE('',#1206,#1205,#824,.T.);
#1580=EDGE_CURVE('',#1207,#1203,#825,.T.);
#1581=EDGE_CURVE('',#1196,#1207,#826,.T.);
#1582=EDGE_CURVE('',#1207,#1204,#328,.F.);
#1583=EDGE_CURVE('',#1203,#1206,#329,.F.);
#1584=EDGE_CURVE('',#1205,#1207,#330,.F.);
#1585=EDGE_CURVE('',#1204,#1205,#331,.F.);
#1586=EDGE_CURVE('',#1206,#1202,#332,.F.);
#1587=ORIENTED_EDGE('',*,*,#1208,.F.);
#1588=ORIENTED_EDGE('',*,*,#1209,.F.);
#1589=ORIENTED_EDGE('',*,*,#1210,.F.);
#1590=ORIENTED_EDGE('',*,*,#1211,.T.);
#1591=ORIENTED_EDGE('',*,*,#1212,.F.);
#1592=ORIENTED_EDGE('',*,*,#1213,.F.);
#1593=ORIENTED_EDGE('',*,*,#1214,.F.);
#1594=ORIENTED_EDGE('',*,*,#1215,.F.);
#1595=ORIENTED_EDGE('',*,*,#1209,.T.);
#1596=ORIENTED_EDGE('',*,*,#1216,.F.);
#1597=ORIENTED_EDGE('',*,*,#1217,.F.);
#1598=ORIENTED_EDGE('',*,*,#1218,.F.);
#1599=ORIENTED_EDGE('',*,*,#1213,.T.);
#1600=ORIENTED_EDGE('',*,*,#1216,.T.);
#1601=ORIENTED_EDGE('',*,*,#1212,.T.);
#1602=ORIENTED_EDGE('',*,*,#1208,.T.);
#1603=ORIENTED_EDGE('',*,*,#1219,.F.);
#1604=ORIENTED_EDGE('',*,*,#1220,.F.);
#1605=ORIENTED_EDGE('',*,*,#1221,.T.);
#1606=ORIENTED_EDGE('',*,*,#1222,.T.);
#1607=ORIENTED_EDGE('',*,*,#1223,.T.);
#1608=ORIENTED_EDGE('',*,*,#1224,.T.);
#1609=ORIENTED_EDGE('',*,*,#1225,.T.);
#1610=ORIENTED_EDGE('',*,*,#1226,.T.);
#1611=ORIENTED_EDGE('',*,*,#1227,.T.);
#1612=ORIENTED_EDGE('',*,*,#1228,.F.);
#1613=ORIENTED_EDGE('',*,*,#1229,.F.);
#1614=ORIENTED_EDGE('',*,*,#1230,.F.);
#1615=ORIENTED_EDGE('',*,*,#1231,.T.);
#1616=ORIENTED_EDGE('',*,*,#1232,.F.);
#1617=ORIENTED_EDGE('',*,*,#1233,.F.);
#1618=ORIENTED_EDGE('',*,*,#1234,.F.);
#1619=ORIENTED_EDGE('',*,*,#1235,.F.);
#1620=ORIENTED_EDGE('',*,*,#1236,.F.);
#1621=ORIENTED_EDGE('',*,*,#1237,.F.);
#1622=ORIENTED_EDGE('',*,*,#1233,.T.);
#1623=ORIENTED_EDGE('',*,*,#1238,.T.);
#1624=ORIENTED_EDGE('',*,*,#1239,.T.);
#1625=ORIENTED_EDGE('',*,*,#1240,.T.);
#1626=ORIENTED_EDGE('',*,*,#1241,.T.);
#1627=ORIENTED_EDGE('',*,*,#1242,.T.);
#1628=ORIENTED_EDGE('',*,*,#1232,.T.);
#1629=ORIENTED_EDGE('',*,*,#1243,.F.);
#1630=ORIENTED_EDGE('',*,*,#1244,.T.);
#1631=ORIENTED_EDGE('',*,*,#1238,.F.);
#1632=ORIENTED_EDGE('',*,*,#1245,.T.);
#1633=ORIENTED_EDGE('',*,*,#1246,.T.);
#1634=ORIENTED_EDGE('',*,*,#1247,.T.);
#1635=ORIENTED_EDGE('',*,*,#1248,.T.);
#1636=ORIENTED_EDGE('',*,*,#1249,.T.);
#1637=ORIENTED_EDGE('',*,*,#1250,.T.);
#1638=ORIENTED_EDGE('',*,*,#1251,.T.);
#1639=ORIENTED_EDGE('',*,*,#1252,.T.);
#1640=ORIENTED_EDGE('',*,*,#1249,.F.);
#1641=ORIENTED_EDGE('',*,*,#1253,.T.);
#1642=ORIENTED_EDGE('',*,*,#1247,.F.);
#1643=ORIENTED_EDGE('',*,*,#1254,.T.);
#1644=ORIENTED_EDGE('',*,*,#1255,.T.);
#1645=ORIENTED_EDGE('',*,*,#1256,.T.);
#1646=ORIENTED_EDGE('',*,*,#1257,.T.);
#1647=ORIENTED_EDGE('',*,*,#1255,.F.);
#1648=ORIENTED_EDGE('',*,*,#1258,.T.);
#1649=ORIENTED_EDGE('',*,*,#1251,.F.);
#1650=ORIENTED_EDGE('',*,*,#1259,.T.);
#1651=ORIENTED_EDGE('',*,*,#1245,.F.);
#1652=ORIENTED_EDGE('',*,*,#1260,.F.);
#1653=ORIENTED_EDGE('',*,*,#1261,.F.);
#1654=ORIENTED_EDGE('',*,*,#1262,.F.);
#1655=ORIENTED_EDGE('',*,*,#1263,.F.);
#1656=ORIENTED_EDGE('',*,*,#1264,.T.);
#1657=ORIENTED_EDGE('',*,*,#1265,.F.);
#1658=ORIENTED_EDGE('',*,*,#1266,.F.);
#1659=ORIENTED_EDGE('',*,*,#1267,.T.);
#1660=ORIENTED_EDGE('',*,*,#1268,.T.);
#1661=ORIENTED_EDGE('',*,*,#1269,.T.);
#1662=ORIENTED_EDGE('',*,*,#1270,.T.);
#1663=ORIENTED_EDGE('',*,*,#1248,.F.);
#1664=ORIENTED_EDGE('',*,*,#1271,.F.);
#1665=ORIENTED_EDGE('',*,*,#1272,.F.);
#1666=ORIENTED_EDGE('',*,*,#1260,.T.);
#1667=ORIENTED_EDGE('',*,*,#1253,.F.);
#1668=ORIENTED_EDGE('',*,*,#1273,.T.);
#1669=ORIENTED_EDGE('',*,*,#1274,.T.);
#1670=ORIENTED_EDGE('',*,*,#1275,.F.);
#1671=ORIENTED_EDGE('',*,*,#1276,.F.);
#1672=ORIENTED_EDGE('',*,*,#1271,.T.);
#1673=ORIENTED_EDGE('',*,*,#1252,.F.);
#1674=ORIENTED_EDGE('',*,*,#1258,.F.);
#1675=ORIENTED_EDGE('',*,*,#1257,.F.);
#1676=ORIENTED_EDGE('',*,*,#1277,.T.);
#1677=ORIENTED_EDGE('',*,*,#1273,.F.);
#1678=ORIENTED_EDGE('',*,*,#1261,.T.);
#1679=ORIENTED_EDGE('',*,*,#1272,.T.);
#1680=ORIENTED_EDGE('',*,*,#1278,.T.);
#1681=ORIENTED_EDGE('',*,*,#1279,.T.);
#1682=ORIENTED_EDGE('',*,*,#1280,.T.);
#1683=ORIENTED_EDGE('',*,*,#1281,.T.);
#1684=ORIENTED_EDGE('',*,*,#1282,.T.);
#1685=ORIENTED_EDGE('',*,*,#1283,.T.);
#1686=ORIENTED_EDGE('',*,*,#1280,.F.);
#1687=ORIENTED_EDGE('',*,*,#1284,.T.);
#1688=ORIENTED_EDGE('',*,*,#1278,.F.);
#1689=ORIENTED_EDGE('',*,*,#1276,.T.);
#1690=ORIENTED_EDGE('',*,*,#1285,.T.);
#1691=ORIENTED_EDGE('',*,*,#1286,.T.);
#1692=ORIENTED_EDGE('',*,*,#1287,.T.);
#1693=ORIENTED_EDGE('',*,*,#1285,.F.);
#1694=ORIENTED_EDGE('',*,*,#1288,.T.);
#1695=ORIENTED_EDGE('',*,*,#1282,.F.);
#1696=ORIENTED_EDGE('',*,*,#1289,.T.);
#1697=ORIENTED_EDGE('',*,*,#1279,.F.);
#1698=ORIENTED_EDGE('',*,*,#1284,.F.);
#1699=ORIENTED_EDGE('',*,*,#1283,.F.);
#1700=ORIENTED_EDGE('',*,*,#1290,.F.);
#1701=ORIENTED_EDGE('',*,*,#1291,.F.);
#1702=ORIENTED_EDGE('',*,*,#1292,.F.);
#1703=ORIENTED_EDGE('',*,*,#1293,.F.);
#1704=ORIENTED_EDGE('',*,*,#1262,.T.);
#1705=ORIENTED_EDGE('',*,*,#1288,.F.);
#1706=ORIENTED_EDGE('',*,*,#1294,.T.);
#1707=ORIENTED_EDGE('',*,*,#1295,.T.);
#1708=ORIENTED_EDGE('',*,*,#1296,.F.);
#1709=ORIENTED_EDGE('',*,*,#1290,.T.);
#1710=ORIENTED_EDGE('',*,*,#1287,.F.);
#1711=ORIENTED_EDGE('',*,*,#1297,.F.);
#1712=ORIENTED_EDGE('',*,*,#1294,.F.);
#1713=ORIENTED_EDGE('',*,*,#1298,.F.);
#1714=ORIENTED_EDGE('',*,*,#1299,.T.);
#1715=ORIENTED_EDGE('',*,*,#1265,.T.);
#1716=ORIENTED_EDGE('',*,*,#1300,.T.);
#1717=ORIENTED_EDGE('',*,*,#1246,.F.);
#1718=ORIENTED_EDGE('',*,*,#1266,.T.);
#1719=ORIENTED_EDGE('',*,*,#1299,.F.);
#1720=ORIENTED_EDGE('',*,*,#1301,.F.);
#1721=ORIENTED_EDGE('',*,*,#1302,.F.);
#1722=ORIENTED_EDGE('',*,*,#1303,.F.);
#1723=ORIENTED_EDGE('',*,*,#1250,.F.);
#1724=ORIENTED_EDGE('',*,*,#1254,.F.);
#1725=ORIENTED_EDGE('',*,*,#1304,.F.);
#1726=ORIENTED_EDGE('',*,*,#1305,.T.);
#1727=ORIENTED_EDGE('',*,*,#1263,.T.);
#1728=ORIENTED_EDGE('',*,*,#1293,.T.);
#1729=ORIENTED_EDGE('',*,*,#1298,.T.);
#1730=ORIENTED_EDGE('',*,*,#1306,.F.);
#1731=ORIENTED_EDGE('',*,*,#1304,.T.);
#1732=ORIENTED_EDGE('',*,*,#1292,.T.);
#1733=ORIENTED_EDGE('',*,*,#1307,.F.);
#1734=ORIENTED_EDGE('',*,*,#1308,.T.);
#1735=ORIENTED_EDGE('',*,*,#1309,.F.);
#1736=ORIENTED_EDGE('',*,*,#1301,.T.);
#1737=ORIENTED_EDGE('',*,*,#1281,.F.);
#1738=ORIENTED_EDGE('',*,*,#1275,.T.);
#1739=ORIENTED_EDGE('',*,*,#1310,.T.);
#1740=ORIENTED_EDGE('',*,*,#1286,.F.);
#1741=ORIENTED_EDGE('',*,*,#1289,.F.);
#1742=ORIENTED_EDGE('',*,*,#1296,.T.);
#1743=ORIENTED_EDGE('',*,*,#1311,.T.);
#1744=ORIENTED_EDGE('',*,*,#1307,.T.);
#1745=ORIENTED_EDGE('',*,*,#1291,.T.);
#1746=ORIENTED_EDGE('',*,*,#1295,.F.);
#1747=ORIENTED_EDGE('',*,*,#1312,.T.);
#1748=ORIENTED_EDGE('',*,*,#1313,.F.);
#1749=ORIENTED_EDGE('',*,*,#1314,.F.);
#1750=ORIENTED_EDGE('',*,*,#1315,.T.);
#1751=ORIENTED_EDGE('',*,*,#1274,.F.);
#1752=ORIENTED_EDGE('',*,*,#1316,.T.);
#1753=ORIENTED_EDGE('',*,*,#1259,.F.);
#1754=ORIENTED_EDGE('',*,*,#1303,.T.);
#1755=ORIENTED_EDGE('',*,*,#1317,.T.);
#1756=ORIENTED_EDGE('',*,*,#1318,.T.);
#1757=ORIENTED_EDGE('',*,*,#1319,.T.);
#1758=ORIENTED_EDGE('',*,*,#1309,.T.);
#1759=ORIENTED_EDGE('',*,*,#1320,.T.);
#1760=ORIENTED_EDGE('',*,*,#1317,.F.);
#1761=ORIENTED_EDGE('',*,*,#1302,.T.);
#1762=ORIENTED_EDGE('',*,*,#1256,.F.);
#1763=ORIENTED_EDGE('',*,*,#1319,.F.);
#1764=ORIENTED_EDGE('',*,*,#1321,.F.);
#1765=ORIENTED_EDGE('',*,*,#1321,.T.);
#1766=ORIENTED_EDGE('',*,*,#1322,.F.);
#1767=ORIENTED_EDGE('',*,*,#1323,.F.);
#1768=ORIENTED_EDGE('',*,*,#1324,.T.);
#1769=ORIENTED_EDGE('',*,*,#1325,.T.);
#1770=ORIENTED_EDGE('',*,*,#1326,.T.);
#1771=ORIENTED_EDGE('',*,*,#1214,.T.);
#1772=ORIENTED_EDGE('',*,*,#1218,.T.);
#1773=ORIENTED_EDGE('',*,*,#1327,.T.);
#1774=ORIENTED_EDGE('',*,*,#1328,.T.);
#1775=ORIENTED_EDGE('',*,*,#1329,.T.);
#1776=ORIENTED_EDGE('',*,*,#1328,.F.);
#1777=ORIENTED_EDGE('',*,*,#1330,.T.);
#1778=ORIENTED_EDGE('',*,*,#1210,.T.);
#1779=ORIENTED_EDGE('',*,*,#1215,.T.);
#1780=ORIENTED_EDGE('',*,*,#1326,.F.);
#1781=ORIENTED_EDGE('',*,*,#1331,.T.);
#1782=ORIENTED_EDGE('',*,*,#1332,.T.);
#1783=ORIENTED_EDGE('',*,*,#1333,.F.);
#1784=ORIENTED_EDGE('',*,*,#1312,.F.);
#1785=ORIENTED_EDGE('',*,*,#1297,.T.);
#1786=ORIENTED_EDGE('',*,*,#1310,.F.);
#1787=ORIENTED_EDGE('',*,*,#1316,.F.);
#1788=ORIENTED_EDGE('',*,*,#1277,.F.);
#1789=ORIENTED_EDGE('',*,*,#1318,.F.);
#1790=ORIENTED_EDGE('',*,*,#1334,.T.);
#1791=ORIENTED_EDGE('',*,*,#1335,.F.);
#1792=ORIENTED_EDGE('',*,*,#1336,.F.);
#1793=ORIENTED_EDGE('',*,*,#1322,.T.);
#1794=ORIENTED_EDGE('',*,*,#1337,.F.);
#1795=ORIENTED_EDGE('',*,*,#1338,.T.);
#1796=ORIENTED_EDGE('',*,*,#1339,.T.);
#1797=ORIENTED_EDGE('',*,*,#1340,.T.);
#1798=ORIENTED_EDGE('',*,*,#1341,.T.);
#1799=ORIENTED_EDGE('',*,*,#1342,.T.);
#1800=ORIENTED_EDGE('',*,*,#1339,.F.);
#1801=ORIENTED_EDGE('',*,*,#1343,.T.);
#1802=ORIENTED_EDGE('',*,*,#1344,.F.);
#1803=ORIENTED_EDGE('',*,*,#1345,.T.);
#1804=ORIENTED_EDGE('',*,*,#1341,.F.);
#1805=ORIENTED_EDGE('',*,*,#1346,.T.);
#1806=ORIENTED_EDGE('',*,*,#1344,.T.);
#1807=ORIENTED_EDGE('',*,*,#1347,.F.);
#1808=ORIENTED_EDGE('',*,*,#1348,.F.);
#1809=ORIENTED_EDGE('',*,*,#1349,.T.);
#1810=ORIENTED_EDGE('',*,*,#1350,.F.);
#1811=ORIENTED_EDGE('',*,*,#1351,.F.);
#1812=ORIENTED_EDGE('',*,*,#1352,.F.);
#1813=ORIENTED_EDGE('',*,*,#1353,.F.);
#1814=ORIENTED_EDGE('',*,*,#1354,.T.);
#1815=ORIENTED_EDGE('',*,*,#1355,.T.);
#1816=ORIENTED_EDGE('',*,*,#1346,.F.);
#1817=ORIENTED_EDGE('',*,*,#1343,.F.);
#1818=ORIENTED_EDGE('',*,*,#1338,.F.);
#1819=ORIENTED_EDGE('',*,*,#1356,.T.);
#1820=ORIENTED_EDGE('',*,*,#1357,.F.);
#1821=ORIENTED_EDGE('',*,*,#1358,.T.);
#1822=ORIENTED_EDGE('',*,*,#1345,.F.);
#1823=ORIENTED_EDGE('',*,*,#1355,.F.);
#1824=ORIENTED_EDGE('',*,*,#1359,.T.);
#1825=ORIENTED_EDGE('',*,*,#1360,.T.);
#1826=ORIENTED_EDGE('',*,*,#1340,.F.);
#1827=ORIENTED_EDGE('',*,*,#1361,.T.);
#1828=ORIENTED_EDGE('',*,*,#1342,.F.);
#1829=ORIENTED_EDGE('',*,*,#1361,.F.);
#1830=ORIENTED_EDGE('',*,*,#1362,.F.);
#1831=ORIENTED_EDGE('',*,*,#1363,.F.);
#1832=ORIENTED_EDGE('',*,*,#1364,.F.);
#1833=ORIENTED_EDGE('',*,*,#1365,.F.);
#1834=ORIENTED_EDGE('',*,*,#1366,.F.);
#1835=ORIENTED_EDGE('',*,*,#1367,.F.);
#1836=ORIENTED_EDGE('',*,*,#1368,.F.);
#1837=ORIENTED_EDGE('',*,*,#1369,.F.);
#1838=ORIENTED_EDGE('',*,*,#1370,.F.);
#1839=ORIENTED_EDGE('',*,*,#1363,.T.);
#1840=ORIENTED_EDGE('',*,*,#1371,.F.);
#1841=ORIENTED_EDGE('',*,*,#1372,.F.);
#1842=ORIENTED_EDGE('',*,*,#1373,.F.);
#1843=ORIENTED_EDGE('',*,*,#1367,.T.);
#1844=ORIENTED_EDGE('',*,*,#1311,.F.);
#1845=ORIENTED_EDGE('',*,*,#1315,.F.);
#1846=ORIENTED_EDGE('',*,*,#1374,.T.);
#1847=ORIENTED_EDGE('',*,*,#1334,.F.);
#1848=ORIENTED_EDGE('',*,*,#1320,.F.);
#1849=ORIENTED_EDGE('',*,*,#1308,.F.);
#1850=ORIENTED_EDGE('',*,*,#1365,.T.);
#1851=ORIENTED_EDGE('',*,*,#1375,.T.);
#1852=ORIENTED_EDGE('',*,*,#1376,.T.);
#1853=ORIENTED_EDGE('',*,*,#1364,.T.);
#1854=ORIENTED_EDGE('',*,*,#1370,.T.);
#1855=ORIENTED_EDGE('',*,*,#1377,.F.);
#1856=ORIENTED_EDGE('',*,*,#1358,.F.);
#1857=ORIENTED_EDGE('',*,*,#1378,.F.);
#1858=ORIENTED_EDGE('',*,*,#1379,.F.);
#1859=ORIENTED_EDGE('',*,*,#1375,.F.);
#1860=ORIENTED_EDGE('',*,*,#1267,.F.);
#1861=ORIENTED_EDGE('',*,*,#1380,.T.);
#1862=ORIENTED_EDGE('',*,*,#1381,.F.);
#1863=ORIENTED_EDGE('',*,*,#1382,.T.);
#1864=ORIENTED_EDGE('',*,*,#1383,.F.);
#1865=ORIENTED_EDGE('',*,*,#1384,.F.);
#1866=ORIENTED_EDGE('',*,*,#1385,.F.);
#1867=ORIENTED_EDGE('',*,*,#1386,.T.);
#1868=ORIENTED_EDGE('',*,*,#1368,.T.);
#1869=ORIENTED_EDGE('',*,*,#1373,.T.);
#1870=ORIENTED_EDGE('',*,*,#1387,.F.);
#1871=ORIENTED_EDGE('',*,*,#1388,.F.);
#1872=ORIENTED_EDGE('',*,*,#1389,.T.);
#1873=ORIENTED_EDGE('',*,*,#1390,.F.);
#1874=ORIENTED_EDGE('',*,*,#1356,.F.);
#1875=ORIENTED_EDGE('',*,*,#1391,.F.);
#1876=ORIENTED_EDGE('',*,*,#1337,.T.);
#1877=ORIENTED_EDGE('',*,*,#1360,.F.);
#1878=ORIENTED_EDGE('',*,*,#1392,.T.);
#1879=ORIENTED_EDGE('',*,*,#1393,.F.);
#1880=ORIENTED_EDGE('',*,*,#1394,.T.);
#1881=ORIENTED_EDGE('',*,*,#1395,.F.);
#1882=ORIENTED_EDGE('',*,*,#1396,.F.);
#1883=ORIENTED_EDGE('',*,*,#1397,.T.);
#1884=ORIENTED_EDGE('',*,*,#1398,.F.);
#1885=ORIENTED_EDGE('',*,*,#1399,.F.);
#1886=ORIENTED_EDGE('',*,*,#1400,.T.);
#1887=ORIENTED_EDGE('',*,*,#1401,.T.);
#1888=ORIENTED_EDGE('',*,*,#1380,.F.);
#1889=ORIENTED_EDGE('',*,*,#1270,.F.);
#1890=ORIENTED_EDGE('',*,*,#1402,.T.);
#1891=ORIENTED_EDGE('',*,*,#1349,.F.);
#1892=ORIENTED_EDGE('',*,*,#1403,.F.);
#1893=ORIENTED_EDGE('',*,*,#1404,.F.);
#1894=ORIENTED_EDGE('',*,*,#1405,.T.);
#1895=ORIENTED_EDGE('',*,*,#1378,.T.);
#1896=ORIENTED_EDGE('',*,*,#1406,.T.);
#1897=ORIENTED_EDGE('',*,*,#1407,.T.);
#1898=ORIENTED_EDGE('',*,*,#1403,.T.);
#1899=ORIENTED_EDGE('',*,*,#1408,.T.);
#1900=ORIENTED_EDGE('',*,*,#1229,.T.);
#1901=ORIENTED_EDGE('',*,*,#1348,.T.);
#1902=ORIENTED_EDGE('',*,*,#1357,.T.);
#1903=ORIENTED_EDGE('',*,*,#1398,.T.);
#1904=ORIENTED_EDGE('',*,*,#1219,.T.);
#1905=ORIENTED_EDGE('',*,*,#1211,.F.);
#1906=ORIENTED_EDGE('',*,*,#1330,.F.);
#1907=ORIENTED_EDGE('',*,*,#1327,.F.);
#1908=ORIENTED_EDGE('',*,*,#1217,.T.);
#1909=ORIENTED_EDGE('',*,*,#1409,.T.);
#1910=ORIENTED_EDGE('',*,*,#1410,.T.);
#1911=ORIENTED_EDGE('',*,*,#1411,.T.);
#1912=ORIENTED_EDGE('',*,*,#1412,.T.);
#1913=ORIENTED_EDGE('',*,*,#1413,.F.);
#1914=ORIENTED_EDGE('',*,*,#1414,.T.);
#1915=ORIENTED_EDGE('',*,*,#1415,.T.);
#1916=ORIENTED_EDGE('',*,*,#1416,.F.);
#1917=ORIENTED_EDGE('',*,*,#1417,.F.);
#1918=ORIENTED_EDGE('',*,*,#1379,.T.);
#1919=ORIENTED_EDGE('',*,*,#1407,.F.);
#1920=ORIENTED_EDGE('',*,*,#1418,.T.);
#1921=ORIENTED_EDGE('',*,*,#1419,.F.);
#1922=ORIENTED_EDGE('',*,*,#1420,.F.);
#1923=ORIENTED_EDGE('',*,*,#1397,.F.);
#1924=ORIENTED_EDGE('',*,*,#1421,.T.);
#1925=ORIENTED_EDGE('',*,*,#1422,.T.);
#1926=ORIENTED_EDGE('',*,*,#1423,.F.);
#1927=ORIENTED_EDGE('',*,*,#1419,.T.);
#1928=ORIENTED_EDGE('',*,*,#1413,.T.);
#1929=ORIENTED_EDGE('',*,*,#1408,.F.);
#1930=ORIENTED_EDGE('',*,*,#1228,.T.);
#1931=ORIENTED_EDGE('',*,*,#1227,.F.);
#1932=ORIENTED_EDGE('',*,*,#1424,.T.);
#1933=ORIENTED_EDGE('',*,*,#1414,.F.);
#1934=ORIENTED_EDGE('',*,*,#1425,.T.);
#1935=ORIENTED_EDGE('',*,*,#1426,.F.);
#1936=ORIENTED_EDGE('',*,*,#1427,.T.);
#1937=ORIENTED_EDGE('',*,*,#1221,.F.);
#1938=ORIENTED_EDGE('',*,*,#1220,.T.);
#1939=ORIENTED_EDGE('',*,*,#1428,.F.);
#1940=ORIENTED_EDGE('',*,*,#1420,.T.);
#1941=ORIENTED_EDGE('',*,*,#1428,.T.);
#1942=ORIENTED_EDGE('',*,*,#1423,.T.);
#1943=ORIENTED_EDGE('',*,*,#1429,.T.);
#1944=ORIENTED_EDGE('',*,*,#1430,.T.);
#1945=ORIENTED_EDGE('',*,*,#1390,.T.);
#1946=ORIENTED_EDGE('',*,*,#1412,.F.);
#1947=ORIENTED_EDGE('',*,*,#1431,.T.);
#1948=ORIENTED_EDGE('',*,*,#1432,.T.);
#1949=ORIENTED_EDGE('',*,*,#1431,.F.);
#1950=ORIENTED_EDGE('',*,*,#1411,.F.);
#1951=ORIENTED_EDGE('',*,*,#1433,.T.);
#1952=ORIENTED_EDGE('',*,*,#1434,.T.);
#1953=ORIENTED_EDGE('',*,*,#1433,.F.);
#1954=ORIENTED_EDGE('',*,*,#1410,.F.);
#1955=ORIENTED_EDGE('',*,*,#1435,.T.);
#1956=ORIENTED_EDGE('',*,*,#1436,.T.);
#1957=ORIENTED_EDGE('',*,*,#1435,.F.);
#1958=ORIENTED_EDGE('',*,*,#1409,.F.);
#1959=ORIENTED_EDGE('',*,*,#1437,.T.);
#1960=ORIENTED_EDGE('',*,*,#1438,.T.);
#1961=ORIENTED_EDGE('',*,*,#1437,.F.);
#1962=ORIENTED_EDGE('',*,*,#1329,.F.);
#1963=ORIENTED_EDGE('',*,*,#1438,.F.);
#1964=ORIENTED_EDGE('',*,*,#1436,.F.);
#1965=ORIENTED_EDGE('',*,*,#1434,.F.);
#1966=ORIENTED_EDGE('',*,*,#1432,.F.);
#1967=ORIENTED_EDGE('',*,*,#1389,.F.);
#1968=ORIENTED_EDGE('',*,*,#1388,.T.);
#1969=ORIENTED_EDGE('',*,*,#1439,.F.);
#1970=ORIENTED_EDGE('',*,*,#1440,.F.);
#1971=ORIENTED_EDGE('',*,*,#1441,.T.);
#1972=ORIENTED_EDGE('',*,*,#1426,.T.);
#1973=ORIENTED_EDGE('',*,*,#1425,.F.);
#1974=ORIENTED_EDGE('',*,*,#1429,.F.);
#1975=ORIENTED_EDGE('',*,*,#1442,.F.);
#1976=ORIENTED_EDGE('',*,*,#1443,.T.);
#1977=ORIENTED_EDGE('',*,*,#1444,.F.);
#1978=ORIENTED_EDGE('',*,*,#1332,.F.);
#1979=ORIENTED_EDGE('',*,*,#1445,.F.);
#1980=ORIENTED_EDGE('',*,*,#1223,.F.);
#1981=ORIENTED_EDGE('',*,*,#1224,.F.);
#1982=ORIENTED_EDGE('',*,*,#1445,.T.);
#1983=ORIENTED_EDGE('',*,*,#1331,.F.);
#1984=ORIENTED_EDGE('',*,*,#1325,.F.);
#1985=ORIENTED_EDGE('',*,*,#1446,.F.);
#1986=ORIENTED_EDGE('',*,*,#1447,.F.);
#1987=ORIENTED_EDGE('',*,*,#1448,.T.);
#1988=ORIENTED_EDGE('',*,*,#1449,.F.);
#1989=ORIENTED_EDGE('',*,*,#1443,.F.);
#1990=ORIENTED_EDGE('',*,*,#1450,.F.);
#1991=ORIENTED_EDGE('',*,*,#1225,.F.);
#1992=ORIENTED_EDGE('',*,*,#1446,.T.);
#1993=ORIENTED_EDGE('',*,*,#1324,.F.);
#1994=ORIENTED_EDGE('',*,*,#1451,.F.);
#1995=ORIENTED_EDGE('',*,*,#1448,.F.);
#1996=ORIENTED_EDGE('',*,*,#1444,.T.);
#1997=ORIENTED_EDGE('',*,*,#1449,.T.);
#1998=ORIENTED_EDGE('',*,*,#1451,.T.);
#1999=ORIENTED_EDGE('',*,*,#1323,.T.);
#2000=ORIENTED_EDGE('',*,*,#1336,.T.);
#2001=ORIENTED_EDGE('',*,*,#1335,.T.);
#2002=ORIENTED_EDGE('',*,*,#1374,.F.);
#2003=ORIENTED_EDGE('',*,*,#1314,.T.);
#2004=ORIENTED_EDGE('',*,*,#1313,.T.);
#2005=ORIENTED_EDGE('',*,*,#1333,.T.);
#2006=ORIENTED_EDGE('',*,*,#1234,.T.);
#2007=ORIENTED_EDGE('',*,*,#1452,.F.);
#2008=ORIENTED_EDGE('',*,*,#1453,.F.);
#2009=ORIENTED_EDGE('',*,*,#1454,.F.);
#2010=ORIENTED_EDGE('',*,*,#1230,.T.);
#2011=ORIENTED_EDGE('',*,*,#1242,.F.);
#2012=ORIENTED_EDGE('',*,*,#1455,.F.);
#2013=ORIENTED_EDGE('',*,*,#1456,.F.);
#2014=ORIENTED_EDGE('',*,*,#1457,.F.);
#2015=ORIENTED_EDGE('',*,*,#1458,.F.);
#2016=ORIENTED_EDGE('',*,*,#1459,.F.);
#2017=ORIENTED_EDGE('',*,*,#1460,.F.);
#2018=ORIENTED_EDGE('',*,*,#1421,.F.);
#2019=ORIENTED_EDGE('',*,*,#1461,.F.);
#2020=ORIENTED_EDGE('',*,*,#1462,.F.);
#2021=ORIENTED_EDGE('',*,*,#1463,.F.);
#2022=ORIENTED_EDGE('',*,*,#1457,.T.);
#2023=ORIENTED_EDGE('',*,*,#1464,.T.);
#2024=ORIENTED_EDGE('',*,*,#1393,.T.);
#2025=ORIENTED_EDGE('',*,*,#1465,.F.);
#2026=ORIENTED_EDGE('',*,*,#1463,.T.);
#2027=ORIENTED_EDGE('',*,*,#1466,.T.);
#2028=ORIENTED_EDGE('',*,*,#1394,.F.);
#2029=ORIENTED_EDGE('',*,*,#1464,.F.);
#2030=ORIENTED_EDGE('',*,*,#1462,.T.);
#2031=ORIENTED_EDGE('',*,*,#1461,.T.);
#2032=ORIENTED_EDGE('',*,*,#1418,.F.);
#2033=ORIENTED_EDGE('',*,*,#1396,.T.);
#2034=ORIENTED_EDGE('',*,*,#1395,.T.);
#2035=ORIENTED_EDGE('',*,*,#1466,.F.);
#2036=ORIENTED_EDGE('',*,*,#1366,.T.);
#2037=ORIENTED_EDGE('',*,*,#1391,.T.);
#2038=ORIENTED_EDGE('',*,*,#1399,.T.);
#2039=ORIENTED_EDGE('',*,*,#1430,.F.);
#2040=ORIENTED_EDGE('',*,*,#1422,.F.);
#2041=ORIENTED_EDGE('',*,*,#1460,.T.);
#2042=ORIENTED_EDGE('',*,*,#1467,.F.);
#2043=ORIENTED_EDGE('',*,*,#1371,.T.);
#2044=ORIENTED_EDGE('',*,*,#1459,.T.);
#2045=ORIENTED_EDGE('',*,*,#1468,.F.);
#2046=ORIENTED_EDGE('',*,*,#1439,.T.);
#2047=ORIENTED_EDGE('',*,*,#1372,.T.);
#2048=ORIENTED_EDGE('',*,*,#1467,.T.);
#2049=ORIENTED_EDGE('',*,*,#1387,.T.);
#2050=ORIENTED_EDGE('',*,*,#1465,.T.);
#2051=ORIENTED_EDGE('',*,*,#1469,.T.);
#2052=ORIENTED_EDGE('',*,*,#1458,.T.);
#2053=ORIENTED_EDGE('',*,*,#1470,.T.);
#2054=ORIENTED_EDGE('',*,*,#1471,.T.);
#2055=ORIENTED_EDGE('',*,*,#1440,.T.);
#2056=ORIENTED_EDGE('',*,*,#1468,.T.);
#2057=ORIENTED_EDGE('',*,*,#1472,.T.);
#2058=ORIENTED_EDGE('',*,*,#1441,.F.);
#2059=ORIENTED_EDGE('',*,*,#1471,.F.);
#2060=ORIENTED_EDGE('',*,*,#1470,.F.);
#2061=ORIENTED_EDGE('',*,*,#1473,.T.);
#2062=ORIENTED_EDGE('',*,*,#1474,.F.);
#2063=ORIENTED_EDGE('',*,*,#1475,.F.);
#2064=ORIENTED_EDGE('',*,*,#1236,.T.);
#2065=ORIENTED_EDGE('',*,*,#1476,.F.);
#2066=ORIENTED_EDGE('',*,*,#1477,.T.);
#2067=ORIENTED_EDGE('',*,*,#1478,.F.);
#2068=ORIENTED_EDGE('',*,*,#1477,.F.);
#2069=ORIENTED_EDGE('',*,*,#1479,.F.);
#2070=ORIENTED_EDGE('',*,*,#1473,.F.);
#2071=ORIENTED_EDGE('',*,*,#1469,.F.);
#2072=ORIENTED_EDGE('',*,*,#1480,.F.);
#2073=ORIENTED_EDGE('',*,*,#1427,.F.);
#2074=ORIENTED_EDGE('',*,*,#1472,.F.);
#2075=ORIENTED_EDGE('',*,*,#1481,.F.);
#2076=ORIENTED_EDGE('',*,*,#1362,.T.);
#2077=ORIENTED_EDGE('',*,*,#1376,.F.);
#2078=ORIENTED_EDGE('',*,*,#1482,.T.);
#2079=ORIENTED_EDGE('',*,*,#1405,.F.);
#2080=ORIENTED_EDGE('',*,*,#1347,.T.);
#2081=ORIENTED_EDGE('',*,*,#1377,.T.);
#2082=ORIENTED_EDGE('',*,*,#1369,.T.);
#2083=ORIENTED_EDGE('',*,*,#1483,.F.);
#2084=ORIENTED_EDGE('',*,*,#1484,.T.);
#2085=ORIENTED_EDGE('',*,*,#1485,.F.);
#2086=ORIENTED_EDGE('',*,*,#1486,.F.);
#2087=ORIENTED_EDGE('',*,*,#1404,.T.);
#2088=ORIENTED_EDGE('',*,*,#1406,.F.);
#2089=ORIENTED_EDGE('',*,*,#1482,.F.);
#2090=ORIENTED_EDGE('',*,*,#1487,.F.);
#2091=ORIENTED_EDGE('',*,*,#1488,.F.);
#2092=ORIENTED_EDGE('',*,*,#1483,.T.);
#2093=ORIENTED_EDGE('',*,*,#1489,.F.);
#2094=ORIENTED_EDGE('',*,*,#1353,.T.);
#2095=ORIENTED_EDGE('',*,*,#1490,.F.);
#2096=ORIENTED_EDGE('',*,*,#1484,.F.);
#2097=ORIENTED_EDGE('',*,*,#1490,.T.);
#2098=ORIENTED_EDGE('',*,*,#1352,.T.);
#2099=ORIENTED_EDGE('',*,*,#1491,.F.);
#2100=ORIENTED_EDGE('',*,*,#1485,.T.);
#2101=ORIENTED_EDGE('',*,*,#1491,.T.);
#2102=ORIENTED_EDGE('',*,*,#1351,.T.);
#2103=ORIENTED_EDGE('',*,*,#1350,.T.);
#2104=ORIENTED_EDGE('',*,*,#1402,.F.);
#2105=ORIENTED_EDGE('',*,*,#1486,.T.);
#2106=ORIENTED_EDGE('',*,*,#1244,.F.);
#2107=ORIENTED_EDGE('',*,*,#1492,.F.);
#2108=ORIENTED_EDGE('',*,*,#1493,.F.);
#2109=ORIENTED_EDGE('',*,*,#1239,.F.);
#2110=ORIENTED_EDGE('',*,*,#1494,.T.);
#2111=ORIENTED_EDGE('',*,*,#1495,.F.);
#2112=ORIENTED_EDGE('',*,*,#1240,.F.);
#2113=ORIENTED_EDGE('',*,*,#1493,.T.);
#2114=ORIENTED_EDGE('',*,*,#1496,.F.);
#2115=ORIENTED_EDGE('',*,*,#1497,.F.);
#2116=ORIENTED_EDGE('',*,*,#1415,.F.);
#2117=ORIENTED_EDGE('',*,*,#1442,.T.);
#2118=ORIENTED_EDGE('',*,*,#1222,.F.);
#2119=ORIENTED_EDGE('',*,*,#1480,.T.);
#2120=ORIENTED_EDGE('',*,*,#1498,.F.);
#2121=ORIENTED_EDGE('',*,*,#1499,.T.);
#2122=ORIENTED_EDGE('',*,*,#1226,.F.);
#2123=ORIENTED_EDGE('',*,*,#1450,.T.);
#2124=ORIENTED_EDGE('',*,*,#1447,.T.);
#2125=ORIENTED_EDGE('',*,*,#1489,.T.);
#2126=ORIENTED_EDGE('',*,*,#1492,.T.);
#2127=ORIENTED_EDGE('',*,*,#1488,.T.);
#2128=ORIENTED_EDGE('',*,*,#1500,.T.);
#2129=ORIENTED_EDGE('',*,*,#1416,.T.);
#2130=ORIENTED_EDGE('',*,*,#1497,.T.);
#2131=ORIENTED_EDGE('',*,*,#1496,.T.);
#2132=ORIENTED_EDGE('',*,*,#1487,.T.);
#2133=ORIENTED_EDGE('',*,*,#1417,.T.);
#2134=ORIENTED_EDGE('',*,*,#1500,.F.);
#2135=ORIENTED_EDGE('',*,*,#1501,.T.);
#2136=ORIENTED_EDGE('',*,*,#1502,.T.);
#2137=ORIENTED_EDGE('',*,*,#1503,.F.);
#2138=ORIENTED_EDGE('',*,*,#1504,.F.);
#2139=ORIENTED_EDGE('',*,*,#1505,.F.);
#2140=ORIENTED_EDGE('',*,*,#1506,.T.);
#2141=ORIENTED_EDGE('',*,*,#1507,.T.);
#2142=ORIENTED_EDGE('',*,*,#1506,.F.);
#2143=ORIENTED_EDGE('',*,*,#1508,.T.);
#2144=ORIENTED_EDGE('',*,*,#1509,.T.);
#2145=ORIENTED_EDGE('',*,*,#1510,.F.);
#2146=ORIENTED_EDGE('',*,*,#1382,.F.);
#2147=ORIENTED_EDGE('',*,*,#1511,.F.);
#2148=ORIENTED_EDGE('',*,*,#1512,.T.);
#2149=ORIENTED_EDGE('',*,*,#1513,.T.);
#2150=ORIENTED_EDGE('',*,*,#1512,.F.);
#2151=ORIENTED_EDGE('',*,*,#1514,.F.);
#2152=ORIENTED_EDGE('',*,*,#1455,.T.);
#2153=ORIENTED_EDGE('',*,*,#1241,.F.);
#2154=ORIENTED_EDGE('',*,*,#1495,.T.);
#2155=ORIENTED_EDGE('',*,*,#1515,.T.);
#2156=ORIENTED_EDGE('',*,*,#1498,.T.);
#2157=ORIENTED_EDGE('',*,*,#1481,.T.);
#2158=ORIENTED_EDGE('',*,*,#1475,.T.);
#2159=ORIENTED_EDGE('',*,*,#1400,.F.);
#2160=ORIENTED_EDGE('',*,*,#1269,.F.);
#2161=ORIENTED_EDGE('',*,*,#1516,.F.);
#2162=ORIENTED_EDGE('',*,*,#1517,.F.);
#2163=ORIENTED_EDGE('',*,*,#1518,.T.);
#2164=ORIENTED_EDGE('',*,*,#1519,.F.);
#2165=ORIENTED_EDGE('',*,*,#1502,.F.);
#2166=ORIENTED_EDGE('',*,*,#1520,.F.);
#2167=ORIENTED_EDGE('',*,*,#1521,.F.);
#2168=ORIENTED_EDGE('',*,*,#1516,.T.);
#2169=ORIENTED_EDGE('',*,*,#1268,.F.);
#2170=ORIENTED_EDGE('',*,*,#1386,.F.);
#2171=ORIENTED_EDGE('',*,*,#1522,.F.);
#2172=ORIENTED_EDGE('',*,*,#1523,.T.);
#2173=ORIENTED_EDGE('',*,*,#1524,.T.);
#2174=ORIENTED_EDGE('',*,*,#1523,.F.);
#2175=ORIENTED_EDGE('',*,*,#1525,.T.);
#2176=ORIENTED_EDGE('',*,*,#1526,.T.);
#2177=ORIENTED_EDGE('',*,*,#1527,.F.);
#2178=ORIENTED_EDGE('',*,*,#1518,.F.);
#2179=ORIENTED_EDGE('',*,*,#1528,.F.);
#2180=ORIENTED_EDGE('',*,*,#1526,.F.);
#2181=ORIENTED_EDGE('',*,*,#1529,.T.);
#2182=ORIENTED_EDGE('',*,*,#1504,.T.);
#2183=ORIENTED_EDGE('',*,*,#1530,.T.);
#2184=ORIENTED_EDGE('',*,*,#1384,.T.);
#2185=ORIENTED_EDGE('',*,*,#1531,.F.);
#2186=ORIENTED_EDGE('',*,*,#1532,.F.);
#2187=ORIENTED_EDGE('',*,*,#1533,.F.);
#2188=ORIENTED_EDGE('',*,*,#1534,.T.);
#2189=ORIENTED_EDGE('',*,*,#1535,.T.);
#2190=ORIENTED_EDGE('',*,*,#1534,.F.);
#2191=ORIENTED_EDGE('',*,*,#1536,.T.);
#2192=ORIENTED_EDGE('',*,*,#1452,.T.);
#2193=ORIENTED_EDGE('',*,*,#1237,.T.);
#2194=ORIENTED_EDGE('',*,*,#1478,.T.);
#2195=ORIENTED_EDGE('',*,*,#1392,.F.);
#2196=ORIENTED_EDGE('',*,*,#1359,.F.);
#2197=ORIENTED_EDGE('',*,*,#1354,.F.);
#2198=ORIENTED_EDGE('',*,*,#1243,.T.);
#2199=ORIENTED_EDGE('',*,*,#1231,.F.);
#2200=ORIENTED_EDGE('',*,*,#1454,.T.);
#2201=ORIENTED_EDGE('',*,*,#1533,.T.);
#2202=ORIENTED_EDGE('',*,*,#1522,.T.);
#2203=ORIENTED_EDGE('',*,*,#1511,.T.);
#2204=ORIENTED_EDGE('',*,*,#1505,.T.);
#2205=ORIENTED_EDGE('',*,*,#1528,.T.);
#2206=ORIENTED_EDGE('',*,*,#1503,.T.);
#2207=ORIENTED_EDGE('',*,*,#1519,.T.);
#2208=ORIENTED_EDGE('',*,*,#1527,.T.);
#2209=ORIENTED_EDGE('',*,*,#1537,.T.);
#2210=ORIENTED_EDGE('',*,*,#1531,.T.);
#2211=ORIENTED_EDGE('',*,*,#1383,.T.);
#2212=ORIENTED_EDGE('',*,*,#1510,.T.);
#2213=ORIENTED_EDGE('',*,*,#1453,.T.);
#2214=ORIENTED_EDGE('',*,*,#1536,.F.);
#2215=ORIENTED_EDGE('',*,*,#1499,.F.);
#2216=ORIENTED_EDGE('',*,*,#1515,.F.);
#2217=ORIENTED_EDGE('',*,*,#1494,.F.);
#2218=ORIENTED_EDGE('',*,*,#1424,.F.);
#2219=ORIENTED_EDGE('',*,*,#1529,.F.);
#2220=ORIENTED_EDGE('',*,*,#1525,.F.);
#2221=ORIENTED_EDGE('',*,*,#1517,.T.);
#2222=ORIENTED_EDGE('',*,*,#1521,.T.);
#2223=ORIENTED_EDGE('',*,*,#1385,.T.);
#2224=ORIENTED_EDGE('',*,*,#1530,.F.);
#2225=ORIENTED_EDGE('',*,*,#1538,.F.);
#2226=ORIENTED_EDGE('',*,*,#1508,.F.);
#2227=ORIENTED_EDGE('',*,*,#1381,.T.);
#2228=ORIENTED_EDGE('',*,*,#1401,.F.);
#2229=ORIENTED_EDGE('',*,*,#1520,.T.);
#2230=ORIENTED_EDGE('',*,*,#1501,.F.);
#2231=ORIENTED_EDGE('',*,*,#1513,.F.);
#2232=ORIENTED_EDGE('',*,*,#1507,.F.);
#2233=ORIENTED_EDGE('',*,*,#1535,.F.);
#2234=ORIENTED_EDGE('',*,*,#1524,.F.);
#2235=ORIENTED_EDGE('',*,*,#1538,.T.);
#2236=ORIENTED_EDGE('',*,*,#1532,.T.);
#2237=ORIENTED_EDGE('',*,*,#1537,.F.);
#2238=ORIENTED_EDGE('',*,*,#1509,.F.);
#2239=ORIENTED_EDGE('',*,*,#1300,.F.);
#2240=ORIENTED_EDGE('',*,*,#1264,.F.);
#2241=ORIENTED_EDGE('',*,*,#1305,.F.);
#2242=ORIENTED_EDGE('',*,*,#1306,.T.);
#2243=ORIENTED_EDGE('',*,*,#1235,.T.);
#2244=ORIENTED_EDGE('',*,*,#1456,.T.);
#2245=ORIENTED_EDGE('',*,*,#1514,.T.);
#2246=ORIENTED_EDGE('',*,*,#1474,.T.);
#2247=ORIENTED_EDGE('',*,*,#1479,.T.);
#2248=ORIENTED_EDGE('',*,*,#1476,.T.);
#2249=ORIENTED_EDGE('',*,*,#1539,.T.);
#2250=ORIENTED_EDGE('',*,*,#1540,.T.);
#2251=ORIENTED_EDGE('',*,*,#1541,.T.);
#2252=ORIENTED_EDGE('',*,*,#1542,.T.);
#2253=ORIENTED_EDGE('',*,*,#1543,.T.);
#2254=ORIENTED_EDGE('',*,*,#1544,.T.);
#2255=ORIENTED_EDGE('',*,*,#1545,.T.);
#2256=ORIENTED_EDGE('',*,*,#1546,.T.);
#2257=ORIENTED_EDGE('',*,*,#1543,.F.);
#2258=ORIENTED_EDGE('',*,*,#1547,.T.);
#2259=ORIENTED_EDGE('',*,*,#1541,.F.);
#2260=ORIENTED_EDGE('',*,*,#1539,.F.);
#2261=ORIENTED_EDGE('',*,*,#1548,.T.);
#2262=ORIENTED_EDGE('',*,*,#1545,.F.);
#2263=ORIENTED_EDGE('',*,*,#1547,.F.);
#2264=ORIENTED_EDGE('',*,*,#1549,.T.);
#2265=ORIENTED_EDGE('',*,*,#1550,.T.);
#2266=ORIENTED_EDGE('',*,*,#1551,.T.);
#2267=ORIENTED_EDGE('',*,*,#1546,.F.);
#2268=ORIENTED_EDGE('',*,*,#1552,.F.);
#2269=ORIENTED_EDGE('',*,*,#1553,.F.);
#2270=ORIENTED_EDGE('',*,*,#1549,.F.);
#2271=ORIENTED_EDGE('',*,*,#1540,.F.);
#2272=ORIENTED_EDGE('',*,*,#1544,.F.);
#2273=ORIENTED_EDGE('',*,*,#1554,.F.);
#2274=ORIENTED_EDGE('',*,*,#1555,.F.);
#2275=ORIENTED_EDGE('',*,*,#1556,.T.);
#2276=ORIENTED_EDGE('',*,*,#1555,.T.);
#2277=ORIENTED_EDGE('',*,*,#1557,.T.);
#2278=ORIENTED_EDGE('',*,*,#1553,.T.);
#2279=ORIENTED_EDGE('',*,*,#1558,.T.);
#2280=ORIENTED_EDGE('',*,*,#1554,.T.);
#2281=ORIENTED_EDGE('',*,*,#1559,.T.);
#2282=ORIENTED_EDGE('',*,*,#1560,.T.);
#2283=ORIENTED_EDGE('',*,*,#1561,.F.);
#2284=ORIENTED_EDGE('',*,*,#1559,.F.);
#2285=ORIENTED_EDGE('',*,*,#1556,.F.);
#2286=ORIENTED_EDGE('',*,*,#1557,.F.);
#2287=ORIENTED_EDGE('',*,*,#1558,.F.);
#2288=ORIENTED_EDGE('',*,*,#1550,.F.);
#2289=ORIENTED_EDGE('',*,*,#1542,.F.);
#2290=ORIENTED_EDGE('',*,*,#1551,.F.);
#2291=ORIENTED_EDGE('',*,*,#1560,.F.);
#2292=ORIENTED_EDGE('',*,*,#1562,.F.);
#2293=ORIENTED_EDGE('',*,*,#1548,.F.);
#2294=ORIENTED_EDGE('',*,*,#1562,.T.);
#2295=ORIENTED_EDGE('',*,*,#1561,.T.);
#2296=ORIENTED_EDGE('',*,*,#1552,.T.);
#2297=ORIENTED_EDGE('',*,*,#1563,.T.);
#2298=ORIENTED_EDGE('',*,*,#1564,.T.);
#2299=ORIENTED_EDGE('',*,*,#1565,.T.);
#2300=ORIENTED_EDGE('',*,*,#1566,.T.);
#2301=ORIENTED_EDGE('',*,*,#1567,.T.);
#2302=ORIENTED_EDGE('',*,*,#1568,.T.);
#2303=ORIENTED_EDGE('',*,*,#1569,.T.);
#2304=ORIENTED_EDGE('',*,*,#1570,.T.);
#2305=ORIENTED_EDGE('',*,*,#1567,.F.);
#2306=ORIENTED_EDGE('',*,*,#1571,.T.);
#2307=ORIENTED_EDGE('',*,*,#1565,.F.);
#2308=ORIENTED_EDGE('',*,*,#1563,.F.);
#2309=ORIENTED_EDGE('',*,*,#1572,.T.);
#2310=ORIENTED_EDGE('',*,*,#1569,.F.);
#2311=ORIENTED_EDGE('',*,*,#1571,.F.);
#2312=ORIENTED_EDGE('',*,*,#1573,.T.);
#2313=ORIENTED_EDGE('',*,*,#1574,.T.);
#2314=ORIENTED_EDGE('',*,*,#1575,.T.);
#2315=ORIENTED_EDGE('',*,*,#1570,.F.);
#2316=ORIENTED_EDGE('',*,*,#1576,.F.);
#2317=ORIENTED_EDGE('',*,*,#1577,.F.);
#2318=ORIENTED_EDGE('',*,*,#1573,.F.);
#2319=ORIENTED_EDGE('',*,*,#1564,.F.);
#2320=ORIENTED_EDGE('',*,*,#1568,.F.);
#2321=ORIENTED_EDGE('',*,*,#1578,.F.);
#2322=ORIENTED_EDGE('',*,*,#1579,.F.);
#2323=ORIENTED_EDGE('',*,*,#1566,.F.);
#2324=ORIENTED_EDGE('',*,*,#1575,.F.);
#2325=ORIENTED_EDGE('',*,*,#1580,.F.);
#2326=ORIENTED_EDGE('',*,*,#1581,.F.);
#2327=ORIENTED_EDGE('',*,*,#1572,.F.);
#2328=ORIENTED_EDGE('',*,*,#1581,.T.);
#2329=ORIENTED_EDGE('',*,*,#1582,.T.);
#2330=ORIENTED_EDGE('',*,*,#1576,.T.);
#2331=ORIENTED_EDGE('',*,*,#1583,.T.);
#2332=ORIENTED_EDGE('',*,*,#1579,.T.);
#2333=ORIENTED_EDGE('',*,*,#1584,.T.);
#2334=ORIENTED_EDGE('',*,*,#1580,.T.);
#2335=ORIENTED_EDGE('',*,*,#1585,.T.);
#2336=ORIENTED_EDGE('',*,*,#1578,.T.);
#2337=ORIENTED_EDGE('',*,*,#1586,.T.);
#2338=ORIENTED_EDGE('',*,*,#1577,.T.);
#2339=ORIENTED_EDGE('',*,*,#1574,.F.);
#2340=ORIENTED_EDGE('',*,*,#1586,.F.);
#2341=ORIENTED_EDGE('',*,*,#1583,.F.);
#2342=ORIENTED_EDGE('',*,*,#1584,.F.);
#2343=ORIENTED_EDGE('',*,*,#1585,.F.);
#2344=ORIENTED_EDGE('',*,*,#1582,.F.);
#2345=PLANE('',#2574);
#2346=PLANE('',#2575);
#2347=PLANE('',#2579);
#2348=PLANE('',#2586);
#2349=PLANE('',#2589);
#2350=PLANE('',#2592);
#2351=PLANE('',#2600);
#2352=PLANE('',#2605);
#2353=PLANE('',#2615);
#2354=PLANE('',#2621);
#2355=PLANE('',#2624);
#2356=PLANE('',#2654);
#2357=PLANE('',#2662);
#2358=PLANE('',#2663);
#2359=PLANE('',#2664);
#2360=PLANE('',#2666);
#2361=PLANE('',#2668);
#2362=PLANE('',#2675);
#2363=PLANE('',#2678);
#2364=PLANE('',#2681);
#2365=PLANE('',#2682);
#2366=PLANE('',#2683);
#2367=PLANE('',#2684);
#2368=PLANE('',#2686);
#2369=PLANE('',#2688);
#2370=PLANE('',#2695);
#2371=PLANE('',#2696);
#2372=PLANE('',#2702);
#2373=PLANE('',#2703);
#2374=PLANE('',#2705);
#2375=PLANE('',#2714);
#2376=PLANE('',#2717);
#2377=PLANE('',#2720);
#2378=PLANE('',#2721);
#2379=PLANE('',#2722);
#2380=PLANE('',#2725);
#2381=PLANE('',#2728);
#2382=PLANE('',#2733);
#2383=PLANE('',#2734);
#2384=PLANE('',#2739);
#2385=PLANE('',#2740);
#2386=PLANE('',#2746);
#2387=PLANE('',#2747);
#2388=PLANE('',#2750);
#2389=PLANE('',#2754);
#2390=PLANE('',#2758);
#2391=PLANE('',#2759);
#2392=PLANE('',#2760);
#2393=PLANE('',#2764);
#2394=PLANE('',#2765);
#2395=PLANE('',#2766);
#2396=PLANE('',#2770);
#2397=PLANE('',#2773);
#2398=PLANE('',#2774);
#2399=PLANE('',#2776);
#2400=PLANE('',#2791);
#2401=PLANE('',#2792);
#2402=PLANE('',#2793);
#2403=PLANE('',#2823);
#2404=PLANE('',#2824);
#2405=PLANE('',#2826);
#2406=ADVANCED_FACE('',(#333),#2345,.F.);
#2407=ADVANCED_FACE('',(#334),#2346,.F.);
#2408=ADVANCED_FACE('',(#335),#2347,.F.);
#2409=ADVANCED_FACE('',(#336),#153,.F.);
#2410=ADVANCED_FACE('',(#337),#2348,.F.);
#2411=ADVANCED_FACE('',(#338),#2349,.F.);
#2412=ADVANCED_FACE('',(#339),#2350,.T.);
#2413=ADVANCED_FACE('',(#340),#80,.T.);
#2414=ADVANCED_FACE('',(#341),#154,.T.);
#2415=ADVANCED_FACE('',(#342),#58,.F.);
#2416=ADVANCED_FACE('',(#343),#59,.F.);
#2417=ADVANCED_FACE('',(#344),#60,.F.);
#2418=ADVANCED_FACE('',(#345),#61,.F.);
#2419=ADVANCED_FACE('',(#346,#38),#2351,.F.);
#2420=ADVANCED_FACE('',(#347),#2352,.T.);
#2421=ADVANCED_FACE('',(#348),#62,.T.);
#2422=ADVANCED_FACE('',(#349),#31,.F.);
#2423=ADVANCED_FACE('',(#350),#155,.T.);
#2424=ADVANCED_FACE('',(#351),#63,.F.);
#2425=ADVANCED_FACE('',(#352),#64,.F.);
#2426=ADVANCED_FACE('',(#353),#65,.F.);
#2427=ADVANCED_FACE('',(#354),#66,.F.);
#2428=ADVANCED_FACE('',(#355),#2353,.T.);
#2429=ADVANCED_FACE('',(#356),#67,.T.);
#2430=ADVANCED_FACE('',(#357),#156,.F.);
#2431=ADVANCED_FACE('',(#358),#157,.F.);
#2432=ADVANCED_FACE('',(#359),#2354,.T.);
#2433=ADVANCED_FACE('',(#360),#158,.F.);
#2434=ADVANCED_FACE('',(#361),#2355,.T.);
#2435=ADVANCED_FACE('',(#362),#32,.F.);
#2436=ADVANCED_FACE('',(#363),#159,.F.);
#2437=ADVANCED_FACE('',(#364),#68,.T.);
#2438=ADVANCED_FACE('',(#365),#69,.T.);
#2439=ADVANCED_FACE('',(#366),#70,.T.);
#2440=ADVANCED_FACE('',(#367),#160,.F.);
#2441=ADVANCED_FACE('',(#368),#161,.F.);
#2442=ADVANCED_FACE('',(#369),#162,.T.);
#2443=ADVANCED_FACE('',(#370),#71,.T.);
#2444=ADVANCED_FACE('',(#371),#72,.T.);
#2445=ADVANCED_FACE('',(#372),#33,.F.);
#2446=ADVANCED_FACE('',(#373),#73,.T.);
#2447=ADVANCED_FACE('',(#374),#2356,.F.);
#2448=ADVANCED_FACE('',(#375),#163,.F.);
#2449=ADVANCED_FACE('',(#376),#164,.T.);
#2450=ADVANCED_FACE('',(#377),#2357,.T.);
#2451=ADVANCED_FACE('',(#378),#2358,.T.);
#2452=ADVANCED_FACE('',(#379),#2359,.T.);
#2453=ADVANCED_FACE('',(#380),#2360,.T.);
#2454=ADVANCED_FACE('',(#381),#2361,.T.);
#2455=ADVANCED_FACE('',(#382),#165,.T.);
#2456=ADVANCED_FACE('',(#383),#166,.T.);
#2457=ADVANCED_FACE('',(#384),#167,.F.);
#2458=ADVANCED_FACE('',(#385),#2362,.T.);
#2459=ADVANCED_FACE('',(#386),#168,.F.);
#2460=ADVANCED_FACE('',(#387),#2363,.T.);
#2461=ADVANCED_FACE('',(#388),#2364,.F.);
#2462=ADVANCED_FACE('',(#389),#2365,.T.);
#2463=ADVANCED_FACE('',(#390),#2366,.T.);
#2464=ADVANCED_FACE('',(#391),#2367,.T.);
#2465=ADVANCED_FACE('',(#392),#2368,.T.);
#2466=ADVANCED_FACE('',(#393,#39,#40,#41,#42),#2369,.T.);
#2467=ADVANCED_FACE('',(#394),#169,.F.);
#2468=ADVANCED_FACE('',(#395),#2370,.T.);
#2469=ADVANCED_FACE('',(#396),#2371,.T.);
#2470=ADVANCED_FACE('',(#397),#170,.F.);
#2471=ADVANCED_FACE('',(#398),#171,.F.);
#2472=ADVANCED_FACE('',(#399),#2372,.T.);
#2473=ADVANCED_FACE('',(#400),#2373,.T.);
#2474=ADVANCED_FACE('',(#401),#2374,.T.);
#2475=ADVANCED_FACE('',(#402),#172,.F.);
#2476=ADVANCED_FACE('',(#403),#173,.F.);
#2477=ADVANCED_FACE('',(#404),#174,.F.);
#2478=ADVANCED_FACE('',(#405),#175,.F.);
#2479=ADVANCED_FACE('',(#406,#43,#44,#45,#46),#2375,.F.);
#2480=ADVANCED_FACE('',(#407),#176,.F.);
#2481=ADVANCED_FACE('',(#408),#2376,.F.);
#2482=ADVANCED_FACE('',(#409),#2377,.F.);
#2483=ADVANCED_FACE('',(#410),#2378,.F.);
#2484=ADVANCED_FACE('',(#411),#2379,.F.);
#2485=ADVANCED_FACE('',(#412,#47),#81,.F.);
#2486=ADVANCED_FACE('',(#413),#2380,.F.);
#2487=ADVANCED_FACE('',(#414),#74,.T.);
#2488=ADVANCED_FACE('',(#415),#75,.T.);
#2489=ADVANCED_FACE('',(#416),#76,.T.);
#2490=ADVANCED_FACE('',(#417),#2381,.T.);
#2491=ADVANCED_FACE('',(#418),#177,.T.);
#2492=ADVANCED_FACE('',(#419),#178,.T.);
#2493=ADVANCED_FACE('',(#420),#2382,.T.);
#2494=ADVANCED_FACE('',(#421),#2383,.T.);
#2495=ADVANCED_FACE('',(#422),#82,.T.);
#2496=ADVANCED_FACE('',(#423),#83,.T.);
#2497=ADVANCED_FACE('',(#424),#84,.T.);
#2498=ADVANCED_FACE('',(#425),#85,.T.);
#2499=ADVANCED_FACE('',(#426),#2384,.F.);
#2500=ADVANCED_FACE('',(#427),#2385,.T.);
#2501=ADVANCED_FACE('',(#428),#77,.F.);
#2502=ADVANCED_FACE('',(#429),#78,.F.);
#2503=ADVANCED_FACE('',(#430),#79,.F.);
#2504=ADVANCED_FACE('',(#431),#86,.T.);
#2505=ADVANCED_FACE('',(#432),#87,.T.);
#2506=ADVANCED_FACE('',(#433),#88,.T.);
#2507=ADVANCED_FACE('',(#434),#2386,.T.);
#2508=ADVANCED_FACE('',(#435),#2387,.T.);
#2509=ADVANCED_FACE('',(#436),#179,.T.);
#2510=ADVANCED_FACE('',(#437),#2388,.T.);
#2511=ADVANCED_FACE('',(#438),#180,.F.);
#2512=ADVANCED_FACE('',(#439),#2389,.T.);
#2513=ADVANCED_FACE('',(#440),#181,.F.);
#2514=ADVANCED_FACE('',(#441),#2390,.T.);
#2515=ADVANCED_FACE('',(#442),#2391,.T.);
#2516=ADVANCED_FACE('',(#443),#2392,.T.);
#2517=ADVANCED_FACE('',(#444),#182,.F.);
#2518=ADVANCED_FACE('',(#445),#2393,.T.);
#2519=ADVANCED_FACE('',(#446),#2394,.T.);
#2520=ADVANCED_FACE('',(#447),#2395,.T.);
#2521=ADVANCED_FACE('',(#448),#183,.F.);
#2522=ADVANCED_FACE('',(#449,#48,#49,#50,#51,#52,#53),#2396,.T.);
#2523=ADVANCED_FACE('',(#450),#184,.T.);
#2524=ADVANCED_FACE('',(#451),#89,.T.);
#2525=ADVANCED_FACE('',(#452,#54,#55,#56,#57),#2397,.F.);
#2526=ADVANCED_FACE('',(#453),#2398,.T.);
#2527=ADVANCED_FACE('',(#454),#185,.T.);
#2528=ADVANCED_FACE('',(#455),#2399,.T.);
#2529=ADVANCED_FACE('',(#456),#34,.F.);
#2530=ADVANCED_FACE('',(#457),#186,.F.);
#2531=ADVANCED_FACE('',(#458),#16,.F.);
#2532=ADVANCED_FACE('',(#459),#17,.F.);
#2533=ADVANCED_FACE('',(#460),#187,.F.);
#2534=ADVANCED_FACE('',(#461),#2400,.T.);
#2535=ADVANCED_FACE('',(#462),#2401,.T.);
#2536=ADVANCED_FACE('',(#463),#2402,.F.);
#2537=ADVANCED_FACE('',(#464),#188,.F.);
#2538=ADVANCED_FACE('',(#465),#35,.F.);
#2539=ADVANCED_FACE('',(#466),#18,.F.);
#2540=ADVANCED_FACE('',(#467),#19,.F.);
#2541=ADVANCED_FACE('',(#468),#189,.F.);
#2542=ADVANCED_FACE('',(#469),#190,.F.);
#2543=ADVANCED_FACE('',(#470),#191,.F.);
#2544=ADVANCED_FACE('',(#471),#36,.F.);
#2545=ADVANCED_FACE('',(#472),#20,.F.);
#2546=ADVANCED_FACE('',(#473),#21,.F.);
#2547=ADVANCED_FACE('',(#474),#192,.F.);
#2548=ADVANCED_FACE('',(#475),#193,.F.);
#2549=ADVANCED_FACE('',(#476),#2403,.T.);
#2550=ADVANCED_FACE('',(#477),#2404,.F.);
#2551=ADVANCED_FACE('',(#478),#2405,.T.);
#2552=ADVANCED_FACE('',(#479),#194,.F.);
#2553=ADVANCED_FACE('',(#480),#195,.F.);
#2554=ADVANCED_FACE('',(#481),#37,.F.);
#2555=ADVANCED_FACE('',(#482),#22,.F.);
#2556=ADVANCED_FACE('',(#483),#23,.F.);
#2557=CLOSED_SHELL('',(#2406,#2407,#2408,#2409,#2410,#2411,#2412,#2413,
#2414,#2415,#2416,#2417,#2418,#2419,#2420,#2421,#2422,#2423,#2424,#2425,
#2426,#2427,#2428,#2429,#2430,#2431,#2432,#2433,#2434,#2435,#2436,#2437,
#2438,#2439,#2440,#2441,#2442,#2443,#2444,#2445,#2446,#2447,#2448,#2449,
#2450,#2451,#2452,#2453,#2454,#2455,#2456,#2457,#2458,#2459,#2460,#2461,
#2462,#2463,#2464,#2465,#2466,#2467,#2468,#2469,#2470,#2471,#2472,#2473,
#2474,#2475,#2476,#2477,#2478,#2479,#2480,#2481,#2482,#2483,#2484,#2485,
#2486,#2487,#2488,#2489,#2490,#2491,#2492,#2493,#2494,#2495,#2496,#2497,
#2498,#2499,#2500,#2501,#2502,#2503,#2504,#2505,#2506,#2507,#2508,#2509,
#2510,#2511,#2512,#2513,#2514,#2515,#2516,#2517,#2518,#2519,#2520,#2521,
#2522,#2523,#2524,#2525,#2526,#2527,#2528));
#2558=CLOSED_SHELL('',(#2529,#2530,#2531,#2532,#2533,#2534,#2535,#2536,
#2537,#2538,#2539,#2540,#2541,#2542));
#2559=CLOSED_SHELL('',(#2543,#2544,#2545,#2546,#2547,#2548,#2549,#2550,
#2551,#2552,#2553,#2554,#2555,#2556));
#2560=BREP_WITH_VOIDS('Body3',#2557,(#14,#15));
#2561=DERIVED_UNIT_ELEMENT(#2563,1.);
#2562=DERIVED_UNIT_ELEMENT(#5382,-3.);
#2563=(
MASS_UNIT()
NAMED_UNIT(*)
SI_UNIT(.KILO.,.GRAM.)
);
#2564=DERIVED_UNIT((#2561,#2562));
#2565=MEASURE_REPRESENTATION_ITEM('density measure',
POSITIVE_RATIO_MEASURE(7850.),#2564);
#2566=PROPERTY_DEFINITION_REPRESENTATION(#2571,#2568);
#2567=PROPERTY_DEFINITION_REPRESENTATION(#2572,#2569);
#2568=REPRESENTATION('material name',(#2570),#5379);
#2569=REPRESENTATION('density',(#2565),#5379);
#2570=DESCRIPTIVE_REPRESENTATION_ITEM('Steel','Steel');
#2571=PROPERTY_DEFINITION('material property','material name',#5389);
#2572=PROPERTY_DEFINITION('material property','density of part',#5389);
#2573=AXIS2_PLACEMENT_3D('',#3537,#2837,#2838);
#2574=AXIS2_PLACEMENT_3D('',#3538,#2839,#2840);
#2575=AXIS2_PLACEMENT_3D('',#3547,#2845,#2846);
#2576=AXIS2_PLACEMENT_3D('',#3549,#2847,#2848);
#2577=AXIS2_PLACEMENT_3D('',#3553,#2850,#2851);
#2578=AXIS2_PLACEMENT_3D('',#3554,#2852,#2853);
#2579=AXIS2_PLACEMENT_3D('',#3555,#2854,#2855);
#2580=AXIS2_PLACEMENT_3D('',#3561,#2859,#2860);
#2581=AXIS2_PLACEMENT_3D('',#3563,#2861,#2862);
#2582=AXIS2_PLACEMENT_3D('',#3569,#2865,#2866);
#2583=AXIS2_PLACEMENT_3D('',#3573,#2868,#2869);
#2584=AXIS2_PLACEMENT_3D('',#3577,#2871,#2872);
#2585=AXIS2_PLACEMENT_3D('',#3582,#2875,#2876);
#2586=AXIS2_PLACEMENT_3D('',#3583,#2877,#2878);
#2587=AXIS2_PLACEMENT_3D('',#3586,#2879,#2880);
#2588=AXIS2_PLACEMENT_3D('',#3590,#2882,#2883);
#2589=AXIS2_PLACEMENT_3D('',#3592,#2885,#2886);
#2590=AXIS2_PLACEMENT_3D('',#3595,#2887,#2888);
#2591=AXIS2_PLACEMENT_3D('',#3599,#2890,#2891);
#2592=AXIS2_PLACEMENT_3D('',#3601,#2893,#2894);
#2593=AXIS2_PLACEMENT_3D('',#3683,#2896,#2897);
#2594=AXIS2_PLACEMENT_3D('',#3684,#2898,#2899);
#2595=AXIS2_PLACEMENT_3D('',#3687,#2900,#2901);
#2596=AXIS2_PLACEMENT_3D('',#3691,#2903,#2904);
#2597=AXIS2_PLACEMENT_3D('',#3715,#2906,#2907);
#2598=AXIS2_PLACEMENT_3D('',#3722,#2908,#2909);
#2599=AXIS2_PLACEMENT_3D('',#3781,#2910,#2911);
#2600=AXIS2_PLACEMENT_3D('',#3823,#2912,#2913);
#2601=AXIS2_PLACEMENT_3D('',#3827,#2915,#2916);
#2602=AXIS2_PLACEMENT_3D('',#3831,#2918,#2919);
#2603=AXIS2_PLACEMENT_3D('',#3833,#2920,#2921);
#2604=AXIS2_PLACEMENT_3D('',#3835,#2922,#2923);
#2605=AXIS2_PLACEMENT_3D('',#3845,#2929,#2930);
#2606=AXIS2_PLACEMENT_3D('',#3903,#2932,#2933);
#2607=AXIS2_PLACEMENT_3D('',#3915,#2934,#2935);
#2608=AXIS2_PLACEMENT_3D('',#3920,#2936,#2937);
#2609=AXIS2_PLACEMENT_3D('',#3921,#2938,#2939);
#2610=AXIS2_PLACEMENT_3D('',#3922,#2940,#2941);
#2611=AXIS2_PLACEMENT_3D('',#3924,#2942,#2943);
#2612=AXIS2_PLACEMENT_3D('',#3947,#2945,#2946);
#2613=AXIS2_PLACEMENT_3D('',#3954,#2947,#2948);
#2614=AXIS2_PLACEMENT_3D('',#4009,#2949,#2950);
#2615=AXIS2_PLACEMENT_3D('',#4051,#2951,#2952);
#2616=AXIS2_PLACEMENT_3D('',#4094,#2956,#2957);
#2617=AXIS2_PLACEMENT_3D('',#4103,#2958,#2959);
#2618=AXIS2_PLACEMENT_3D('',#4104,#2960,#2961);
#2619=AXIS2_PLACEMENT_3D('',#4106,#2963,#2964);
#2620=AXIS2_PLACEMENT_3D('',#4109,#2965,#2966);
#2621=AXIS2_PLACEMENT_3D('',#4112,#2969,#2970);
#2622=AXIS2_PLACEMENT_3D('',#4124,#2973,#2974);
#2623=AXIS2_PLACEMENT_3D('',#4126,#2975,#2976);
#2624=AXIS2_PLACEMENT_3D('',#4128,#2978,#2979);
#2625=AXIS2_PLACEMENT_3D('',#4129,#2980,#2981);
#2626=AXIS2_PLACEMENT_3D('',#4131,#2982,#2983);
#2627=AXIS2_PLACEMENT_3D('',#4133,#2984,#2985);
#2628=AXIS2_PLACEMENT_3D('',#4134,#2986,#2987);
#2629=AXIS2_PLACEMENT_3D('',#4135,#2988,#2989);
#2630=AXIS2_PLACEMENT_3D('',#4136,#2990,#2991);
#2631=AXIS2_PLACEMENT_3D('',#4137,#2992,#2993);
#2632=AXIS2_PLACEMENT_3D('',#4160,#2995,#2996);
#2633=AXIS2_PLACEMENT_3D('',#4179,#2997,#2998);
#2634=AXIS2_PLACEMENT_3D('',#4208,#2999,#3000);
#2635=AXIS2_PLACEMENT_3D('',#4238,#3001,#3002);
#2636=AXIS2_PLACEMENT_3D('',#4247,#3003,#3004);
#2637=AXIS2_PLACEMENT_3D('',#4248,#3005,#3006);
#2638=AXIS2_PLACEMENT_3D('',#4250,#3008,#3009);
#2639=AXIS2_PLACEMENT_3D('',#4252,#3011,#3012);
#2640=AXIS2_PLACEMENT_3D('',#4254,#3013,#3014);
#2641=AXIS2_PLACEMENT_3D('',#4256,#3015,#3016);
#2642=AXIS2_PLACEMENT_3D('',#4260,#3018,#3019);
#2643=AXIS2_PLACEMENT_3D('',#4263,#3021,#3022);
#2644=AXIS2_PLACEMENT_3D('',#4266,#3024,#3025);
#2645=AXIS2_PLACEMENT_3D('',#4267,#3026,#3027);
#2646=AXIS2_PLACEMENT_3D('',#4269,#3028,#3029);
#2647=AXIS2_PLACEMENT_3D('',#4272,#3031,#3032);
#2648=AXIS2_PLACEMENT_3D('',#4294,#3033,#3034);
#2649=AXIS2_PLACEMENT_3D('',#4354,#3035,#3036);
#2650=AXIS2_PLACEMENT_3D('',#4360,#3037,#3038);
#2651=AXIS2_PLACEMENT_3D('',#4363,#3039,#3040);
#2652=AXIS2_PLACEMENT_3D('',#4364,#3041,#3042);
#2653=AXIS2_PLACEMENT_3D('',#4365,#3043,#3044);
#2654=AXIS2_PLACEMENT_3D('',#4413,#3045,#3046);
#2655=AXIS2_PLACEMENT_3D('',#4420,#3051,#3052);
#2656=AXIS2_PLACEMENT_3D('',#4422,#3054,#3055);
#2657=AXIS2_PLACEMENT_3D('',#4425,#3057,#3058);
#2658=AXIS2_PLACEMENT_3D('',#4426,#3059,#3060);
#2659=AXIS2_PLACEMENT_3D('',#4429,#3062,#3063);
#2660=AXIS2_PLACEMENT_3D('',#4431,#3065,#3066);
#2661=AXIS2_PLACEMENT_3D('',#4434,#3068,#3069);
#2662=AXIS2_PLACEMENT_3D('',#4436,#3071,#3072);
#2663=AXIS2_PLACEMENT_3D('',#4437,#3073,#3074);
#2664=AXIS2_PLACEMENT_3D('',#4446,#3079,#3080);
#2665=AXIS2_PLACEMENT_3D('',#4452,#3083,#3084);
#2666=AXIS2_PLACEMENT_3D('',#4453,#3085,#3086);
#2667=AXIS2_PLACEMENT_3D('',#4456,#3088,#3089);
#2668=AXIS2_PLACEMENT_3D('',#4457,#3090,#3091);
#2669=AXIS2_PLACEMENT_3D('',#4463,#3095,#3096);
#2670=AXIS2_PLACEMENT_3D('',#4464,#3097,#3098);
#2671=AXIS2_PLACEMENT_3D('',#4465,#3099,#3100);
#2672=AXIS2_PLACEMENT_3D('',#4471,#3101,#3102);
#2673=AXIS2_PLACEMENT_3D('',#4472,#3103,#3104);
#2674=AXIS2_PLACEMENT_3D('',#4475,#3106,#3107);
#2675=AXIS2_PLACEMENT_3D('',#4477,#3109,#3110);
#2676=AXIS2_PLACEMENT_3D('',#4491,#3118,#3119);
#2677=AXIS2_PLACEMENT_3D('',#4501,#3122,#3123);
#2678=AXIS2_PLACEMENT_3D('',#4503,#3125,#3126);
#2679=AXIS2_PLACEMENT_3D('',#4507,#3128,#3129);
#2680=AXIS2_PLACEMENT_3D('',#4510,#3131,#3132);
#2681=AXIS2_PLACEMENT_3D('',#4515,#3137,#3138);
#2682=AXIS2_PLACEMENT_3D('',#4519,#3141,#3142);
#2683=AXIS2_PLACEMENT_3D('',#4525,#3146,#3147);
#2684=AXIS2_PLACEMENT_3D('',#4527,#3149,#3150);
#2685=AXIS2_PLACEMENT_3D('',#4529,#3152,#3153);
#2686=AXIS2_PLACEMENT_3D('',#4530,#3154,#3155);
#2687=AXIS2_PLACEMENT_3D('',#4531,#3156,#3157);
#2688=AXIS2_PLACEMENT_3D('',#4532,#3158,#3159);
#2689=AXIS2_PLACEMENT_3D('',#4534,#3160,#3161);
#2690=AXIS2_PLACEMENT_3D('',#4536,#3162,#3163);
#2691=AXIS2_PLACEMENT_3D('',#4538,#3164,#3165);
#2692=AXIS2_PLACEMENT_3D('',#4540,#3166,#3167);
#2693=AXIS2_PLACEMENT_3D('',#4541,#3168,#3169);
#2694=AXIS2_PLACEMENT_3D('',#4546,#3172,#3173);
#2695=AXIS2_PLACEMENT_3D('',#4553,#3175,#3176);
#2696=AXIS2_PLACEMENT_3D('',#4559,#3180,#3181);
#2697=AXIS2_PLACEMENT_3D('',#4563,#3185,#3186);
#2698=AXIS2_PLACEMENT_3D('',#4564,#3187,#3188);
#2699=AXIS2_PLACEMENT_3D('',#4565,#3189,#3190);
#2700=AXIS2_PLACEMENT_3D('',#4569,#3193,#3194);
#2701=AXIS2_PLACEMENT_3D('',#4570,#3195,#3196);
#2702=AXIS2_PLACEMENT_3D('',#4571,#3197,#3198);
#2703=AXIS2_PLACEMENT_3D('',#4572,#3199,#3200);
#2704=AXIS2_PLACEMENT_3D('',#4573,#3201,#3202);
#2705=AXIS2_PLACEMENT_3D('',#4574,#3203,#3204);
#2706=AXIS2_PLACEMENT_3D('',#4576,#3206,#3207);
#2707=AXIS2_PLACEMENT_3D('',#4579,#3209,#3210);
#2708=AXIS2_PLACEMENT_3D('',#4580,#3211,#3212);
#2709=AXIS2_PLACEMENT_3D('',#4583,#3214,#3215);
#2710=AXIS2_PLACEMENT_3D('',#4584,#3216,#3217);
#2711=AXIS2_PLACEMENT_3D('',#4587,#3219,#3220);
#2712=AXIS2_PLACEMENT_3D('',#4588,#3221,#3222);
#2713=AXIS2_PLACEMENT_3D('',#4591,#3224,#3225);
#2714=AXIS2_PLACEMENT_3D('',#4592,#3226,#3227);
#2715=AXIS2_PLACEMENT_3D('',#4593,#3228,#3229);
#2716=AXIS2_PLACEMENT_3D('',#4601,#3231,#3232);
#2717=AXIS2_PLACEMENT_3D('',#4602,#3233,#3234);
#2718=AXIS2_PLACEMENT_3D('',#4604,#3235,#3236);
#2719=AXIS2_PLACEMENT_3D('',#4607,#3238,#3239);
#2720=AXIS2_PLACEMENT_3D('',#4609,#3241,#3242);
#2721=AXIS2_PLACEMENT_3D('',#4611,#3244,#3245);
#2722=AXIS2_PLACEMENT_3D('',#4627,#3247,#3248);
#2723=AXIS2_PLACEMENT_3D('',#4628,#3249,#3250);
#2724=AXIS2_PLACEMENT_3D('',#4629,#3251,#3252);
#2725=AXIS2_PLACEMENT_3D('',#4752,#3253,#3254);
#2726=AXIS2_PLACEMENT_3D('',#4755,#3255,#3256);
#2727=AXIS2_PLACEMENT_3D('',#4762,#3261,#3262);
#2728=AXIS2_PLACEMENT_3D('',#4831,#3267,#3268);
#2729=AXIS2_PLACEMENT_3D('',#4832,#3269,#3270);
#2730=AXIS2_PLACEMENT_3D('',#4833,#3271,#3272);
#2731=AXIS2_PLACEMENT_3D('',#4834,#3273,#3274);
#2732=AXIS2_PLACEMENT_3D('',#4835,#3275,#3276);
#2733=AXIS2_PLACEMENT_3D('',#4836,#3277,#3278);
#2734=AXIS2_PLACEMENT_3D('',#4843,#3279,#3280);
#2735=AXIS2_PLACEMENT_3D('',#4896,#3281,#3282);
#2736=AXIS2_PLACEMENT_3D('',#4897,#3283,#3284);
#2737=AXIS2_PLACEMENT_3D('',#4954,#3285,#3286);
#2738=AXIS2_PLACEMENT_3D('',#4985,#3287,#3288);
#2739=AXIS2_PLACEMENT_3D('',#4992,#3289,#3290);
#2740=AXIS2_PLACEMENT_3D('',#4994,#3292,#3293);
#2741=AXIS2_PLACEMENT_3D('',#4996,#3294,#3295);
#2742=AXIS2_PLACEMENT_3D('',#4999,#3297,#3298);
#2743=AXIS2_PLACEMENT_3D('',#5086,#3305,#3306);
#2744=AXIS2_PLACEMENT_3D('',#5102,#3307,#3308);
#2745=AXIS2_PLACEMENT_3D('',#5181,#3309,#3310);
#2746=AXIS2_PLACEMENT_3D('',#5182,#3311,#3312);
#2747=AXIS2_PLACEMENT_3D('',#5183,#3313,#3314);
#2748=AXIS2_PLACEMENT_3D('',#5184,#3315,#3316);
#2749=AXIS2_PLACEMENT_3D('',#5185,#3317,#3318);
#2750=AXIS2_PLACEMENT_3D('',#5186,#3319,#3320);
#2751=AXIS2_PLACEMENT_3D('',#5195,#3325,#3326);
#2752=AXIS2_PLACEMENT_3D('',#5197,#3327,#3328);
#2753=AXIS2_PLACEMENT_3D('',#5200,#3330,#3331);
#2754=AXIS2_PLACEMENT_3D('',#5201,#3332,#3333);
#2755=AXIS2_PLACEMENT_3D('',#5207,#3337,#3338);
#2756=AXIS2_PLACEMENT_3D('',#5209,#3339,#3340);
#2757=AXIS2_PLACEMENT_3D('',#5212,#3342,#3343);
#2758=AXIS2_PLACEMENT_3D('',#5213,#3344,#3345);
#2759=AXIS2_PLACEMENT_3D('',#5221,#3347,#3348);
#2760=AXIS2_PLACEMENT_3D('',#5230,#3354,#3355);
#2761=AXIS2_PLACEMENT_3D('',#5232,#3357,#3358);
#2762=AXIS2_PLACEMENT_3D('',#5234,#3359,#3360);
#2763=AXIS2_PLACEMENT_3D('',#5237,#3362,#3363);
#2764=AXIS2_PLACEMENT_3D('',#5238,#3364,#3365);
#2765=AXIS2_PLACEMENT_3D('',#5244,#3369,#3370);
#2766=AXIS2_PLACEMENT_3D('',#5247,#3373,#3374);
#2767=AXIS2_PLACEMENT_3D('',#5253,#3378,#3379);
#2768=AXIS2_PLACEMENT_3D('',#5255,#3380,#3381);
#2769=AXIS2_PLACEMENT_3D('',#5258,#3383,#3384);
#2770=AXIS2_PLACEMENT_3D('',#5259,#3385,#3386);
#2771=AXIS2_PLACEMENT_3D('',#5260,#3387,#3388);
#2772=AXIS2_PLACEMENT_3D('',#5262,#3390,#3391);
#2773=AXIS2_PLACEMENT_3D('',#5272,#3392,#3393);
#2774=AXIS2_PLACEMENT_3D('',#5274,#3395,#3396);
#2775=AXIS2_PLACEMENT_3D('',#5275,#3397,#3398);
#2776=AXIS2_PLACEMENT_3D('',#5276,#3399,#3400);
#2777=AXIS2_PLACEMENT_3D('',#5277,#3401,#3402);
#2778=AXIS2_PLACEMENT_3D('',#5280,#3403,#3404);
#2779=AXIS2_PLACEMENT_3D('',#5282,#3405,#3406);
#2780=AXIS2_PLACEMENT_3D('',#5284,#3407,#3408);
#2781=AXIS2_PLACEMENT_3D('',#5285,#3409,#3410);
#2782=AXIS2_PLACEMENT_3D('',#5286,#3411,#3412);
#2783=AXIS2_PLACEMENT_3D('',#5288,#3413,#3414);
#2784=AXIS2_PLACEMENT_3D('',#5291,#3416,#3417);
#2785=AXIS2_PLACEMENT_3D('',#5293,#3419,#3420);
#2786=AXIS2_PLACEMENT_3D('',#5294,#3421,#3422);
#2787=AXIS2_PLACEMENT_3D('',#5295,#3423,#3424);
#2788=AXIS2_PLACEMENT_3D('',#5296,#3425,#3426);
#2789=AXIS2_PLACEMENT_3D('',#5297,#3427,#3428);
#2790=AXIS2_PLACEMENT_3D('',#5301,#3430,#3431);
#2791=AXIS2_PLACEMENT_3D('',#5303,#3433,#3434);
#2792=AXIS2_PLACEMENT_3D('',#5307,#3437,#3438);
#2793=AXIS2_PLACEMENT_3D('',#5308,#3439,#3440);
#2794=AXIS2_PLACEMENT_3D('',#5311,#3441,#3442);
#2795=AXIS2_PLACEMENT_3D('',#5313,#3444,#3445);
#2796=AXIS2_PLACEMENT_3D('',#5314,#3446,#3447);
#2797=AXIS2_PLACEMENT_3D('',#5315,#3448,#3449);
#2798=AXIS2_PLACEMENT_3D('',#5316,#3450,#3451);
#2799=AXIS2_PLACEMENT_3D('',#5317,#3452,#3453);
#2800=AXIS2_PLACEMENT_3D('',#5319,#3454,#3455);
#2801=AXIS2_PLACEMENT_3D('',#5320,#3456,#3457);
#2802=AXIS2_PLACEMENT_3D('',#5321,#3458,#3459);
#2803=AXIS2_PLACEMENT_3D('',#5322,#3460,#3461);
#2804=AXIS2_PLACEMENT_3D('',#5323,#3462,#3463);
#2805=AXIS2_PLACEMENT_3D('',#5324,#3464,#3465);
#2806=AXIS2_PLACEMENT_3D('',#5326,#3467,#3468);
#2807=AXIS2_PLACEMENT_3D('',#5327,#3469,#3470);
#2808=AXIS2_PLACEMENT_3D('',#5330,#3471,#3472);
#2809=AXIS2_PLACEMENT_3D('',#5334,#3474,#3475);
#2810=AXIS2_PLACEMENT_3D('',#5336,#3477,#3478);
#2811=AXIS2_PLACEMENT_3D('',#5338,#3479,#3480);
#2812=AXIS2_PLACEMENT_3D('',#5339,#3481,#3482);
#2813=AXIS2_PLACEMENT_3D('',#5341,#3483,#3484);
#2814=AXIS2_PLACEMENT_3D('',#5342,#3485,#3486);
#2815=AXIS2_PLACEMENT_3D('',#5343,#3487,#3488);
#2816=AXIS2_PLACEMENT_3D('',#5344,#3489,#3490);
#2817=AXIS2_PLACEMENT_3D('',#5345,#3491,#3492);
#2818=AXIS2_PLACEMENT_3D('',#5346,#3493,#3494);
#2819=AXIS2_PLACEMENT_3D('',#5347,#3495,#3496);
#2820=AXIS2_PLACEMENT_3D('',#5351,#3498,#3499);
#2821=AXIS2_PLACEMENT_3D('',#5353,#3501,#3502);
#2822=AXIS2_PLACEMENT_3D('',#5356,#3504,#3505);
#2823=AXIS2_PLACEMENT_3D('',#5357,#3506,#3507);
#2824=AXIS2_PLACEMENT_3D('',#5358,#3508,#3509);
#2825=AXIS2_PLACEMENT_3D('',#5361,#3510,#3511);
#2826=AXIS2_PLACEMENT_3D('',#5363,#3513,#3514);
#2827=AXIS2_PLACEMENT_3D('',#5367,#3517,#3518);
#2828=AXIS2_PLACEMENT_3D('',#5368,#3519,#3520);
#2829=AXIS2_PLACEMENT_3D('',#5369,#3521,#3522);
#2830=AXIS2_PLACEMENT_3D('',#5370,#3523,#3524);
#2831=AXIS2_PLACEMENT_3D('',#5371,#3525,#3526);
#2832=AXIS2_PLACEMENT_3D('',#5372,#3527,#3528);
#2833=AXIS2_PLACEMENT_3D('',#5373,#3529,#3530);
#2834=AXIS2_PLACEMENT_3D('',#5374,#3531,#3532);
#2835=AXIS2_PLACEMENT_3D('',#5375,#3533,#3534);
#2836=AXIS2_PLACEMENT_3D('',#5376,#3535,#3536);
#2837=DIRECTION('axis',(0.,0.,1.));
#2838=DIRECTION('refdir',(1.,0.,0.));
#2839=DIRECTION('center_axis',(0.,-1.,0.));
#2840=DIRECTION('ref_axis',(7.79400196110192E-15,0.,1.));
#2841=DIRECTION('',(0.,0.,-1.));
#2842=DIRECTION('',(-1.,0.,7.51535585900106E-15));
#2843=DIRECTION('',(0.,0.,1.));
#2844=DIRECTION('',(-1.,0.,7.51535585900106E-15));
#2845=DIRECTION('center_axis',(7.51535585900106E-15,3.41685740103359E-29,
1.));
#2846=DIRECTION('ref_axis',(-4.54650114397612E-15,1.,0.));
#2847=DIRECTION('center_axis',(-7.51535585900106E-15,-3.41685740103359E-29,
-1.));
#2848=DIRECTION('ref_axis',(-1.,0.,0.));
#2849=DIRECTION('',(-1.,0.,7.51535585900106E-15));
#2850=DIRECTION('center_axis',(7.51535585900106E-15,3.41685740103359E-29,
1.));
#2851=DIRECTION('ref_axis',(-1.,0.,0.));
#2852=DIRECTION('center_axis',(7.51535585900106E-15,3.41685740103359E-29,
1.));
#2853=DIRECTION('ref_axis',(-1.,0.,0.));
#2854=DIRECTION('center_axis',(0.,1.,0.));
#2855=DIRECTION('ref_axis',(0.,0.,-1.));
#2856=DIRECTION('',(0.,0.,1.));
#2857=DIRECTION('',(-1.,0.,7.51535585900106E-15));
#2858=DIRECTION('',(0.,0.,-1.));
#2859=DIRECTION('center_axis',(0.,0.,1.));
#2860=DIRECTION('ref_axis',(1.,-3.79129720532039E-13,0.));
#2861=DIRECTION('center_axis',(0.,0.,1.));
#2862=DIRECTION('ref_axis',(-1.,0.,0.));
#2863=DIRECTION('',(0.,0.,-1.));
#2864=DIRECTION('',(0.,0.,1.));
#2865=DIRECTION('center_axis',(0.,0.,1.));
#2866=DIRECTION('ref_axis',(-1.,0.,0.));
#2867=DIRECTION('',(0.,0.,-1.));
#2868=DIRECTION('center_axis',(0.,0.,1.));
#2869=DIRECTION('ref_axis',(-1.,0.,0.));
#2870=DIRECTION('',(0.,0.,1.));
#2871=DIRECTION('center_axis',(0.,0.,1.));
#2872=DIRECTION('ref_axis',(-1.,0.,0.));
#2873=DIRECTION('',(0.,0.,-1.));
#2874=DIRECTION('',(0.,0.,1.));
#2875=DIRECTION('center_axis',(0.,0.,1.));
#2876=DIRECTION('ref_axis',(-1.,0.,0.));
#2877=DIRECTION('center_axis',(1.11022302381161E-15,1.,0.));
#2878=DIRECTION('ref_axis',(1.,-1.11022302381161E-15,0.));
#2879=DIRECTION('center_axis',(5.55111511905803E-16,1.,0.));
#2880=DIRECTION('ref_axis',(0.,0.,-1.));
#2881=DIRECTION('',(0.,0.,-1.));
#2882=DIRECTION('center_axis',(-5.55111511905803E-16,-1.,0.));
#2883=DIRECTION('ref_axis',(0.,0.,-1.));
#2884=DIRECTION('',(0.,0.,-1.));
#2885=DIRECTION('center_axis',(-1.11022302381161E-15,-1.,0.));
#2886=DIRECTION('ref_axis',(-1.,1.11022302381161E-15,0.));
#2887=DIRECTION('center_axis',(-5.55111511905803E-16,-1.,0.));
#2888=DIRECTION('ref_axis',(0.,0.,-1.));
#2889=DIRECTION('',(0.,0.,1.));
#2890=DIRECTION('center_axis',(5.55111511905803E-16,1.,0.));
#2891=DIRECTION('ref_axis',(0.,0.,-1.));
#2892=DIRECTION('',(0.,0.,-1.));
#2893=DIRECTION('center_axis',(1.,0.,0.));
#2894=DIRECTION('ref_axis',(0.,0.,-1.));
#2895=DIRECTION('',(0.,1.,0.));
#2896=DIRECTION('center_axis',(-1.47991541550854E-13,1.,-1.85941125614698E-13));
#2897=DIRECTION('ref_axis',(0.,-1.85941125614698E-13,-1.));
#2898=DIRECTION('center_axis',(1.,0.,0.));
#2899=DIRECTION('ref_axis',(0.,0.707106781186546,-0.707106781186549));
#2900=DIRECTION('center_axis',(1.,0.,0.));
#2901=DIRECTION('ref_axis',(0.,0.707106781186546,-0.707106781186549));
#2902=DIRECTION('',(1.,0.,0.));
#2903=DIRECTION('center_axis',(-1.,0.,0.));
#2904=DIRECTION('ref_axis',(0.,1.,0.));
#2905=DIRECTION('',(-1.,0.,0.));
#2906=DIRECTION('center_axis',(0.947860022757988,0.,-0.318686958090894));
#2907=DIRECTION('ref_axis',(-0.314569142489445,0.160235539784573,-0.935612540736496));
#2908=DIRECTION('center_axis',(-0.876892424968333,-1.38433637418165E-15,
0.480686670330224));
#2909=DIRECTION('ref_axis',(-8.88178419700125E-15,1.,-1.33226762955019E-14));
#2910=DIRECTION('center_axis',(0.767557947798777,0.189275558969281,-0.612396570489904));
#2911=DIRECTION('ref_axis',(-0.63472997957556,0.357533246581417,-0.685045860229051));
#2912=DIRECTION('center_axis',(1.,0.,0.));
#2913=DIRECTION('ref_axis',(0.,1.,0.));
#2914=DIRECTION('',(0.,1.,-3.5527136788005E-16));
#2915=DIRECTION('center_axis',(1.,0.,0.));
#2916=DIRECTION('ref_axis',(0.,-0.707106781186549,-0.707106781186546));
#2917=DIRECTION('',(0.,-2.27738056333365E-16,-1.));
#2918=DIRECTION('center_axis',(-1.,0.,0.));
#2919=DIRECTION('ref_axis',(0.,0.892142571199772,0.451753951452623));
#2920=DIRECTION('center_axis',(-1.,0.,0.));
#2921=DIRECTION('ref_axis',(0.,1.,0.));
#2922=DIRECTION('center_axis',(-1.,0.,0.));
#2923=DIRECTION('ref_axis',(0.,-0.892142571199772,0.451753951452623));
#2924=DIRECTION('',(0.,2.27738056333365E-16,1.));
#2925=DIRECTION('',(0.,2.53765262771464E-16,1.));
#2926=DIRECTION('',(0.,-1.,0.));
#2927=DIRECTION('',(0.,0.,-1.));
#2928=DIRECTION('',(0.,1.,-4.22942104619107E-16));
#2929=DIRECTION('center_axis',(0.,-3.5527136788005E-16,-1.));
#2930=DIRECTION('ref_axis',(0.,1.,-3.5527136788005E-16));
#2931=DIRECTION('',(1.,0.,0.));
#2932=DIRECTION('center_axis',(0.453888302146216,0.891058589080889,0.));
#2933=DIRECTION('ref_axis',(0.,0.,1.));
#2934=DIRECTION('center_axis',(-0.453888302146218,0.891058589080888,0.));
#2935=DIRECTION('ref_axis',(0.,0.,1.));
#2936=DIRECTION('center_axis',(0.,-3.5527136788005E-16,-1.));
#2937=DIRECTION('ref_axis',(-1.,0.,0.));
#2938=DIRECTION('center_axis',(0.,3.5527136788005E-16,1.));
#2939=DIRECTION('ref_axis',(-0.818395024628336,0.574656056840599,-2.09285022707495E-16));
#2940=DIRECTION('center_axis',(1.,0.,0.));
#2941=DIRECTION('ref_axis',(0.,-0.707106781186549,-0.707106781186546));
#2942=DIRECTION('center_axis',(-1.,0.,0.));
#2943=DIRECTION('ref_axis',(0.,3.13193915246756E-12,-1.));
#2944=DIRECTION('',(-1.,0.,0.));
#2945=DIRECTION('center_axis',(0.947860022757994,0.,-0.318686958090875));
#2946=DIRECTION('ref_axis',(0.,-1.,0.));
#2947=DIRECTION('center_axis',(-0.876892424968341,0.,0.480686670330208));
#2948=DIRECTION('ref_axis',(-0.465832495842904,-0.24667599445095,-0.84979470437183));
#2949=DIRECTION('center_axis',(0.767557947798778,-0.189275558969267,-0.612396570489908));
#2950=DIRECTION('ref_axis',(-0.239422410547148,-0.970915500611558,-1.0493828028757E-11));
#2951=DIRECTION('center_axis',(0.,-1.,2.27738056333365E-16));
#2952=DIRECTION('ref_axis',(0.,-2.27738056333365E-16,-1.));
#2953=DIRECTION('',(1.,0.,0.));
#2954=DIRECTION('',(-5.0532154980743E-16,-2.27738056333365E-16,-1.));
#2955=DIRECTION('',(1.,0.,0.));
#2956=DIRECTION('center_axis',(-5.50389664985417E-15,0.,-1.));
#2957=DIRECTION('ref_axis',(0.,1.,0.));
#2958=DIRECTION('center_axis',(1.,0.,0.));
#2959=DIRECTION('ref_axis',(0.,1.,0.));
#2960=DIRECTION('center_axis',(0.,0.,-1.));
#2961=DIRECTION('ref_axis',(0.,-1.,0.));
#2962=DIRECTION('',(0.,0.,-1.));
#2963=DIRECTION('center_axis',(-1.,0.,0.));
#2964=DIRECTION('ref_axis',(0.,-0.892142571199772,0.451753951452623));
#2965=DIRECTION('center_axis',(-1.,0.,5.0532154980743E-16));
#2966=DIRECTION('ref_axis',(0.,-0.892142571199772,0.451753951452623));
#2967=DIRECTION('',(-1.,0.,0.));
#2968=DIRECTION('',(1.,0.,0.));
#2969=DIRECTION('center_axis',(0.,1.,-2.27738056333365E-16));
#2970=DIRECTION('ref_axis',(0.,2.27738056333365E-16,1.));
#2971=DIRECTION('',(5.0532154980743E-16,2.27738056333365E-16,1.));
#2972=DIRECTION('',(-1.,0.,0.));
#2973=DIRECTION('center_axis',(1.,0.,0.));
#2974=DIRECTION('ref_axis',(0.,0.892142571199772,0.451753951452623));
#2975=DIRECTION('center_axis',(-1.,0.,5.0532154980743E-16));
#2976=DIRECTION('ref_axis',(0.,0.892142571199772,0.451753951452623));
#2977=DIRECTION('',(-1.,0.,0.));
#2978=DIRECTION('center_axis',(-1.,0.,5.0532154980743E-16));
#2979=DIRECTION('ref_axis',(5.0532154980743E-16,0.,1.));
#2980=DIRECTION('center_axis',(-1.,0.,5.0532154980743E-16));
#2981=DIRECTION('ref_axis',(0.,1.,0.));
#2982=DIRECTION('center_axis',(-1.,0.,5.0532154980743E-16));
#2983=DIRECTION('ref_axis',(0.,0.891834688625587,0.452361457425479));
#2984=DIRECTION('center_axis',(-1.,0.,5.0532154980743E-16));
#2985=DIRECTION('ref_axis',(-5.0532154980743E-16,0.,-1.));
#2986=DIRECTION('center_axis',(-1.,0.,5.0532154980743E-16));
#2987=DIRECTION('ref_axis',(0.,-0.891834688625587,0.452361457425479));
#2988=DIRECTION('center_axis',(0.,-3.5527136788005E-16,-1.));
#2989=DIRECTION('ref_axis',(-1.,0.,0.));
#2990=DIRECTION('center_axis',(0.,3.5527136788005E-16,1.));
#2991=DIRECTION('ref_axis',(-0.818395024628335,-0.574656056840599,2.09285022707495E-16));
#2992=DIRECTION('center_axis',(1.,0.,0.));
#2993=DIRECTION('ref_axis',(0.,0.891834688625587,0.452361457425479));
#2994=DIRECTION('',(-1.,0.,0.));
#2995=DIRECTION('center_axis',(-0.822026453191617,0.,0.569449304375034));
#2996=DIRECTION('ref_axis',(-0.569449304375034,0.,-0.822026453191617));
#2997=DIRECTION('center_axis',(0.569449304375034,0.,-0.822026453191617));
#2998=DIRECTION('ref_axis',(-0.822026453191617,0.,-0.569449304375034));
#2999=DIRECTION('center_axis',(-0.822026453191617,0.,0.569449304375034));
#3000=DIRECTION('ref_axis',(-0.569449304375034,0.,-0.822026453191617));
#3001=DIRECTION('center_axis',(-1.,0.,-1.10077932997083E-14));
#3002=DIRECTION('ref_axis',(0.,-1.,0.));
#3003=DIRECTION('center_axis',(0.,0.,-1.));
#3004=DIRECTION('ref_axis',(0.806863279058537,-0.590738223671793,0.));
#3005=DIRECTION('center_axis',(-1.,0.,0.));
#3006=DIRECTION('ref_axis',(0.,-0.891834688625587,0.452361457425479));
#3007=DIRECTION('',(1.,0.,0.));
#3008=DIRECTION('center_axis',(0.,0.,1.));
#3009=DIRECTION('ref_axis',(0.,1.,0.));
#3010=DIRECTION('',(0.,0.,1.));
#3011=DIRECTION('center_axis',(0.,0.,1.));
#3012=DIRECTION('ref_axis',(-1.,0.,0.));
#3013=DIRECTION('center_axis',(-0.822026453191617,0.,0.569449304375034));
#3014=DIRECTION('ref_axis',(-0.569449304375034,0.,-0.822026453191617));
#3015=DIRECTION('center_axis',(0.,0.,1.));
#3016=DIRECTION('ref_axis',(-1.,0.,0.));
#3017=DIRECTION('',(0.,0.,-1.));
#3018=DIRECTION('center_axis',(0.,0.,-1.));
#3019=DIRECTION('ref_axis',(-1.,0.,0.));
#3020=DIRECTION('',(0.,0.,-1.));
#3021=DIRECTION('center_axis',(-7.51535585900106E-15,0.,-1.));
#3022=DIRECTION('ref_axis',(-1.,0.,0.));
#3023=DIRECTION('',(0.,0.,-1.));
#3024=DIRECTION('center_axis',(0.,0.,1.));
#3025=DIRECTION('ref_axis',(-1.,0.,0.));
#3026=DIRECTION('center_axis',(-7.51535585900106E-15,0.,-1.));
#3027=DIRECTION('ref_axis',(-1.,0.,0.));
#3028=DIRECTION('center_axis',(0.,0.,-1.));
#3029=DIRECTION('ref_axis',(-1.,0.,0.));
#3030=DIRECTION('',(0.,0.,1.));
#3031=DIRECTION('center_axis',(0.,0.,1.));
#3032=DIRECTION('ref_axis',(-1.,0.,0.));
#3033=DIRECTION('center_axis',(0.569449304375034,0.,-0.822026453191617));
#3034=DIRECTION('ref_axis',(-0.822026453191617,0.,-0.569449304375034));
#3035=DIRECTION('center_axis',(-0.331024569085309,0.943622135529835,-1.16809727488482E-11));
#3036=DIRECTION('ref_axis',(-0.943622135529835,-0.331024569085309,0.));
#3037=DIRECTION('center_axis',(0.,3.5527136788005E-16,1.));
#3038=DIRECTION('ref_axis',(-1.,-7.66308094049276E-12,0.));
#3039=DIRECTION('center_axis',(0.331024569070847,0.943622135534908,-5.23815510708407E-16));
#3040=DIRECTION('ref_axis',(-0.943622135534908,0.331024569070847,0.));
#3041=DIRECTION('center_axis',(0.,3.5527136788005E-16,1.));
#3042=DIRECTION('ref_axis',(-1.,-3.45837624196153E-17,1.22866205812554E-32));
#3043=DIRECTION('center_axis',(0.,-3.5527136788005E-16,-1.));
#3044=DIRECTION('ref_axis',(-1.,-3.45837624196153E-17,0.));
#3045=DIRECTION('center_axis',(-2.95983083101708E-13,1.,-3.71882251229396E-13));
#3046=DIRECTION('ref_axis',(0.,3.71882251229396E-13,1.));
#3047=DIRECTION('',(0.,0.,1.));
#3048=DIRECTION('',(-1.,-2.95983083101708E-13,0.));
#3049=DIRECTION('',(0.,0.,1.));
#3050=DIRECTION('',(0.,0.,-1.));
#3051=DIRECTION('center_axis',(-1.47991541550854E-13,1.,-1.85941125614698E-13));
#3052=DIRECTION('ref_axis',(0.,-1.85941125614698E-13,-1.));
#3053=DIRECTION('',(0.686210634189342,-2.72025076989876E-12,-0.727402890787121));
#3054=DIRECTION('center_axis',(-1.47991541550854E-13,1.,-1.85941125614698E-13));
#3055=DIRECTION('ref_axis',(0.,-1.85941125614698E-13,-1.));
#3056=DIRECTION('',(0.,-3.71882251229396E-13,-1.));
#3057=DIRECTION('center_axis',(-2.95983083101708E-13,1.,-3.71882251229396E-13));
#3058=DIRECTION('ref_axis',(0.707106781186548,-7.8504622934189E-16,-0.707106781186548));
#3059=DIRECTION('center_axis',(0.,0.,1.));
#3060=DIRECTION('ref_axis',(-1.,0.,0.));
#3061=DIRECTION('',(0.,0.,-1.));
#3062=DIRECTION('center_axis',(0.,0.,1.));
#3063=DIRECTION('ref_axis',(-1.,0.,0.));
#3064=DIRECTION('',(0.,0.,1.));
#3065=DIRECTION('center_axis',(0.,1.,-3.5527136788005E-16));
#3066=DIRECTION('ref_axis',(0.707106781186548,-7.8504622934189E-16,-0.707106781186548));
#3067=DIRECTION('',(0.,-1.,3.5527136788005E-16));
#3068=DIRECTION('center_axis',(-9.54204300584118E-13,-1.,1.84046483048114E-12));
#3069=DIRECTION('ref_axis',(0.707106781186548,-7.8504622934189E-16,-0.707106781186548));
#3070=DIRECTION('',(0.,1.,-3.5527136788005E-16));
#3071=DIRECTION('center_axis',(0.,-3.5527136788005E-16,-1.));
#3072=DIRECTION('ref_axis',(0.,1.,-3.5527136788005E-16));
#3073=DIRECTION('center_axis',(0.,1.,-2.27738056333365E-16));
#3074=DIRECTION('ref_axis',(0.,2.27738056333365E-16,1.));
#3075=DIRECTION('',(-4.77367634083879E-13,2.27738056333365E-16,1.));
#3076=DIRECTION('',(1.,0.,0.));
#3077=DIRECTION('',(0.,0.,-1.));
#3078=DIRECTION('',(-1.,0.,0.));
#3079=DIRECTION('center_axis',(0.,-3.5527136788005E-16,-1.));
#3080=DIRECTION('ref_axis',(0.,1.,-3.5527136788005E-16));
#3081=DIRECTION('',(-0.585122671740769,0.810944794061189,-2.88105466261324E-16));
#3082=DIRECTION('',(1.,0.,0.));
#3083=DIRECTION('center_axis',(0.,3.5527136788005E-16,1.));
#3084=DIRECTION('ref_axis',(-1.,0.,0.));
#3085=DIRECTION('center_axis',(0.,-3.5527136788005E-16,-1.));
#3086=DIRECTION('ref_axis',(0.,1.,-3.5527136788005E-16));
#3087=DIRECTION('',(0.585122671740769,0.810944794061189,-2.88105466261324E-16));
#3088=DIRECTION('center_axis',(0.,3.5527136788005E-16,1.));
#3089=DIRECTION('ref_axis',(-1.,0.,0.));
#3090=DIRECTION('center_axis',(0.,-1.,2.27738056333365E-16));
#3091=DIRECTION('ref_axis',(0.,-2.27738056333365E-16,-1.));
#3092=DIRECTION('',(4.77612550111236E-13,-2.27738056333365E-16,-1.));
#3093=DIRECTION('',(1.,0.,0.));
#3094=DIRECTION('',(0.,0.,1.));
#3095=DIRECTION('center_axis',(-1.,0.,0.));
#3096=DIRECTION('ref_axis',(0.,-1.22464679914735E-16,1.));
#3097=DIRECTION('center_axis',(-1.,0.,5.0532154980743E-16));
#3098=DIRECTION('ref_axis',(-5.0532154980743E-16,0.,-1.));
#3099=DIRECTION('center_axis',(-1.,0.,0.));
#3100=DIRECTION('ref_axis',(0.,1.,0.));
#3101=DIRECTION('center_axis',(-0.810944794061189,0.585122671740769,-3.87252052413607E-13));
#3102=DIRECTION('ref_axis',(0.585122671740769,0.810944794061189,0.));
#3103=DIRECTION('center_axis',(0.,0.,1.));
#3104=DIRECTION('ref_axis',(-1.,0.,0.));
#3105=DIRECTION('',(0.,0.,1.));
#3106=DIRECTION('center_axis',(0.,0.,1.));
#3107=DIRECTION('ref_axis',(-1.,0.,0.));
#3108=DIRECTION('',(6.17403909228259E-11,7.5559781076767E-11,-1.));
#3109=DIRECTION('center_axis',(0.,-1.,0.));
#3110=DIRECTION('ref_axis',(0.,0.,1.));
#3111=DIRECTION('',(1.,0.,0.));
#3112=DIRECTION('',(0.,0.,-1.));
#3113=DIRECTION('',(1.,0.,0.));
#3114=DIRECTION('',(0.,0.,-1.));
#3115=DIRECTION('',(1.,0.,0.));
#3116=DIRECTION('',(0.,0.,-1.));
#3117=DIRECTION('',(-1.,0.,0.));
#3118=DIRECTION('center_axis',(0.,0.,1.));
#3119=DIRECTION('ref_axis',(-1.,0.,0.));
#3120=DIRECTION('',(-2.72554424997974E-10,3.33559404185179E-10,1.));
#3121=DIRECTION('',(0.,0.,-1.));
#3122=DIRECTION('center_axis',(0.,0.,1.));
#3123=DIRECTION('ref_axis',(-1.,0.,0.));
#3124=DIRECTION('',(0.,0.,-1.));
#3125=DIRECTION('center_axis',(9.54204300584118E-13,1.,-1.84046483048114E-12));
#3126=DIRECTION('ref_axis',(0.,1.84046483048114E-12,1.));
#3127=DIRECTION('',(0.,1.84046483048114E-12,1.));
#3128=DIRECTION('center_axis',(-4.77102150292059E-13,-1.,9.20232415240569E-13));
#3129=DIRECTION('ref_axis',(0.,-9.20232415240569E-13,-1.));
#3130=DIRECTION('',(0.686210634189342,2.72025076989876E-12,-0.727402890787121));
#3131=DIRECTION('center_axis',(-4.77102150292059E-13,-1.,9.20232415240569E-13));
#3132=DIRECTION('ref_axis',(0.,-9.20232415240569E-13,-1.));
#3133=DIRECTION('',(0.,0.,1.));
#3134=DIRECTION('',(0.,0.,-1.));
#3135=DIRECTION('',(1.,-9.54204300584118E-13,0.));
#3136=DIRECTION('',(0.,0.,-1.));
#3137=DIRECTION('center_axis',(0.,-4.22942104619107E-16,-1.));
#3138=DIRECTION('ref_axis',(0.,1.,-4.22942104619107E-16));
#3139=DIRECTION('',(1.,0.,0.));
#3140=DIRECTION('',(0.,1.,0.));
#3141=DIRECTION('center_axis',(0.810944794061189,0.585122671740769,0.));
#3142=DIRECTION('ref_axis',(0.585122671740769,-0.810944794061189,-3.60131832826655E-15));
#3143=DIRECTION('',(0.585122671740769,-0.810944794061189,-3.60131832826655E-15));
#3144=DIRECTION('',(0.585122671740769,-0.810944794061189,0.));
#3145=DIRECTION('',(0.,0.,-1.));
#3146=DIRECTION('center_axis',(0.,0.,1.));
#3147=DIRECTION('ref_axis',(-1.,0.,0.));
#3148=DIRECTION('',(0.585122671740769,0.810944794061189,0.));
#3149=DIRECTION('center_axis',(0.,0.,1.));
#3150=DIRECTION('ref_axis',(-1.,0.,0.));
#3151=DIRECTION('',(1.,-2.26909901831536E-10,0.));
#3152=DIRECTION('center_axis',(0.,0.,1.));
#3153=DIRECTION('ref_axis',(-1.,0.,0.));
#3154=DIRECTION('center_axis',(0.,0.,1.));
#3155=DIRECTION('ref_axis',(-1.,0.,0.));
#3156=DIRECTION('center_axis',(0.,0.,1.));
#3157=DIRECTION('ref_axis',(-1.,0.,0.));
#3158=DIRECTION('center_axis',(0.,0.,1.));
#3159=DIRECTION('ref_axis',(-1.,0.,0.));
#3160=DIRECTION('center_axis',(0.,0.,-1.));
#3161=DIRECTION('ref_axis',(-1.,0.,0.));
#3162=DIRECTION('center_axis',(0.,0.,-1.));
#3163=DIRECTION('ref_axis',(-1.,0.,0.));
#3164=DIRECTION('center_axis',(0.,0.,-1.));
#3165=DIRECTION('ref_axis',(-1.,0.,0.));
#3166=DIRECTION('center_axis',(0.,0.,-1.));
#3167=DIRECTION('ref_axis',(-1.,0.,0.));
#3168=DIRECTION('center_axis',(0.,0.,1.));
#3169=DIRECTION('ref_axis',(-1.,0.,0.));
#3170=DIRECTION('',(0.,0.,-1.));
#3171=DIRECTION('',(6.17403909228259E-11,-7.5559781076767E-11,1.));
#3172=DIRECTION('center_axis',(0.,0.,1.));
#3173=DIRECTION('ref_axis',(-1.,0.,0.));
#3174=DIRECTION('',(0.,0.,1.));
#3175=DIRECTION('center_axis',(0.810944794061189,-0.585122671740769,0.));
#3176=DIRECTION('ref_axis',(-0.585122671740769,-0.810944794061189,3.60131832826655E-15));
#3177=DIRECTION('',(-0.585122671740769,-0.810944794061189,3.60131832826655E-15));
#3178=DIRECTION('',(0.,0.,1.));
#3179=DIRECTION('',(-0.585122671740769,-0.810944794061189,0.));
#3180=DIRECTION('center_axis',(1.4933164385689E-10,-1.,0.));
#3181=DIRECTION('ref_axis',(-1.,-1.4933164385689E-10,0.));
#3182=DIRECTION('',(-1.,-1.4933164385689E-10,0.));
#3183=DIRECTION('',(0.,0.,-1.));
#3184=DIRECTION('',(-1.,-1.4933164385689E-10,0.));
#3185=DIRECTION('center_axis',(0.,0.,1.));
#3186=DIRECTION('ref_axis',(-1.,0.,0.));
#3187=DIRECTION('center_axis',(0.,0.,1.));
#3188=DIRECTION('ref_axis',(-1.,0.,0.));
#3189=DIRECTION('center_axis',(0.,0.,1.));
#3190=DIRECTION('ref_axis',(-1.,0.,0.));
#3191=DIRECTION('',(0.,0.,1.));
#3192=DIRECTION('',(-2.72554424997974E-10,-3.33559404185179E-10,-1.));
#3193=DIRECTION('center_axis',(0.,0.,1.));
#3194=DIRECTION('ref_axis',(-1.,0.,0.));
#3195=DIRECTION('center_axis',(0.,0.,1.));
#3196=DIRECTION('ref_axis',(-1.,0.,0.));
#3197=DIRECTION('center_axis',(0.,0.,1.));
#3198=DIRECTION('ref_axis',(-1.,0.,0.));
#3199=DIRECTION('center_axis',(0.,0.,1.));
#3200=DIRECTION('ref_axis',(-1.,0.,0.));
#3201=DIRECTION('center_axis',(0.,0.,1.));
#3202=DIRECTION('ref_axis',(-1.,0.,0.));
#3203=DIRECTION('center_axis',(0.,0.,1.));
#3204=DIRECTION('ref_axis',(-1.,0.,0.));
#3205=DIRECTION('',(-0.585122671740769,0.810944794061189,0.));
#3206=DIRECTION('center_axis',(0.,0.,1.));
#3207=DIRECTION('ref_axis',(-1.,0.,0.));
#3208=DIRECTION('',(0.,0.,-1.));
#3209=DIRECTION('center_axis',(0.,0.,-1.));
#3210=DIRECTION('ref_axis',(-1.,0.,0.));
#3211=DIRECTION('center_axis',(0.,0.,1.));
#3212=DIRECTION('ref_axis',(-1.,0.,0.));
#3213=DIRECTION('',(0.,0.,-1.));
#3214=DIRECTION('center_axis',(0.,0.,-1.));
#3215=DIRECTION('ref_axis',(-1.,0.,0.));
#3216=DIRECTION('center_axis',(0.,0.,1.));
#3217=DIRECTION('ref_axis',(-1.,0.,0.));
#3218=DIRECTION('',(0.,0.,-1.));
#3219=DIRECTION('center_axis',(0.,0.,-1.));
#3220=DIRECTION('ref_axis',(-1.,0.,0.));
#3221=DIRECTION('center_axis',(0.,0.,1.));
#3222=DIRECTION('ref_axis',(-1.,0.,0.));
#3223=DIRECTION('',(0.,0.,-1.));
#3224=DIRECTION('center_axis',(0.,0.,-1.));
#3225=DIRECTION('ref_axis',(-1.,0.,0.));
#3226=DIRECTION('center_axis',(0.,0.,1.));
#3227=DIRECTION('ref_axis',(-1.,0.,0.));
#3228=DIRECTION('center_axis',(0.,0.,1.));
#3229=DIRECTION('ref_axis',(-1.,0.,0.));
#3230=DIRECTION('',(0.,0.,-1.));
#3231=DIRECTION('center_axis',(0.,0.,1.));
#3232=DIRECTION('ref_axis',(-1.,0.,0.));
#3233=DIRECTION('center_axis',(0.,-1.,3.37031989618351E-15));
#3234=DIRECTION('ref_axis',(0.,-3.37031989618351E-15,-1.));
#3235=DIRECTION('center_axis',(0.,1.,-1.68515994809175E-15));
#3236=DIRECTION('ref_axis',(0.,-1.68515994809175E-15,-1.));
#3237=DIRECTION('',(1.,0.,0.));
#3238=DIRECTION('center_axis',(0.,-1.,1.68515994809175E-15));
#3239=DIRECTION('ref_axis',(0.,-1.68515994809175E-15,-1.));
#3240=DIRECTION('',(1.,0.,0.));
#3241=DIRECTION('center_axis',(0.,0.,-1.));
#3242=DIRECTION('ref_axis',(0.,1.,0.));
#3243=DIRECTION('',(1.,0.,0.));
#3244=DIRECTION('center_axis',(0.,0.,1.));
#3245=DIRECTION('ref_axis',(0.,-1.,0.));
#3246=DIRECTION('',(1.,0.,0.));
#3247=DIRECTION('center_axis',(0.,1.,4.95635278850516E-16));
#3248=DIRECTION('ref_axis',(0.,-4.95635278850516E-16,1.));
#3249=DIRECTION('center_axis',(0.,-1.,-2.47817639425258E-16));
#3250=DIRECTION('ref_axis',(0.,2.47817639425258E-16,-1.));
#3251=DIRECTION('center_axis',(0.,1.,2.47817639425258E-16));
#3252=DIRECTION('ref_axis',(0.,2.47817639425258E-16,-1.));
#3253=DIRECTION('center_axis',(-1.4933164385689E-10,1.,-3.33559563571139E-10));
#3254=DIRECTION('ref_axis',(0.,3.33559563571139E-10,1.));
#3255=DIRECTION('center_axis',(-7.46658219284452E-11,1.,-1.66779781785569E-10));
#3256=DIRECTION('ref_axis',(0.,-1.66779781785569E-10,-1.));
#3257=DIRECTION('',(0.,3.33559563571139E-10,1.));
#3258=DIRECTION('',(1.,1.49332120998208E-10,-1.05719752303296E-10));
#3259=DIRECTION('',(-2.72554424997974E-10,3.33559404185179E-10,1.));
#3260=DIRECTION('',(-2.72554424997974E-10,-3.33559404185179E-10,-1.));
#3261=DIRECTION('center_axis',(-7.46658219284452E-11,1.,-1.66779781785569E-10));
#3262=DIRECTION('ref_axis',(0.,-1.66779781785569E-10,-1.));
#3263=DIRECTION('',(0.685264592880181,4.59249712702807E-10,-0.728294197247761));
#3264=DIRECTION('',(2.48885747941781E-9,0.804914273467366,0.593391112478526));
#3265=DIRECTION('',(0.,0.810466701006621,0.585784710076531));
#3266=DIRECTION('',(0.589297719112765,0.807915959892174,0.));
#3267=DIRECTION('center_axis',(-0.810944794061189,-0.585122671740769,-3.87184156391017E-13));
#3268=DIRECTION('ref_axis',(-4.77448229801204E-13,0.,1.));
#3269=DIRECTION('center_axis',(-0.810944794061189,-0.585122671740769,-3.87184156391017E-13));
#3270=DIRECTION('ref_axis',(-0.585122671740769,0.810944794061189,0.));
#3271=DIRECTION('center_axis',(-1.,0.,0.));
#3272=DIRECTION('ref_axis',(0.,1.,0.));
#3273=DIRECTION('center_axis',(1.,0.,0.));
#3274=DIRECTION('ref_axis',(0.,1.,0.));
#3275=DIRECTION('center_axis',(-1.,0.,0.));
#3276=DIRECTION('ref_axis',(0.,1.,0.));
#3277=DIRECTION('center_axis',(1.,0.,0.));
#3278=DIRECTION('ref_axis',(0.,1.,0.));
#3279=DIRECTION('center_axis',(1.,0.,0.));
#3280=DIRECTION('ref_axis',(0.,1.,0.));
#3281=DIRECTION('center_axis',(-7.46658219284452E-11,1.,-1.66779781785569E-10));
#3282=DIRECTION('ref_axis',(0.,-1.66779781785569E-10,-1.));
#3283=DIRECTION('center_axis',(-7.46658219284452E-11,1.,-1.66779781785569E-10));
#3284=DIRECTION('ref_axis',(0.,-1.66779781785569E-10,-1.));
#3285=DIRECTION('center_axis',(-4.77102150292059E-13,-1.,9.20232415240569E-13));
#3286=DIRECTION('ref_axis',(0.,-9.20232415240569E-13,-1.));
#3287=DIRECTION('center_axis',(-4.77102150292059E-13,-1.,9.20232415240569E-13));
#3288=DIRECTION('ref_axis',(0.,-9.20232415240569E-13,-1.));
#3289=DIRECTION('center_axis',(0.810944794061189,-0.585122671740769,3.87252052413607E-13));
#3290=DIRECTION('ref_axis',(4.7753195439391E-13,0.,-1.));
#3291=DIRECTION('',(6.17403909228259E-11,7.5559781076767E-11,-1.));
#3292=DIRECTION('center_axis',(2.26909901831536E-10,1.,7.55596264052127E-11));
#3293=DIRECTION('ref_axis',(0.,-7.55596264052127E-11,1.));
#3294=DIRECTION('center_axis',(-1.13454950915768E-10,-1.,-3.77798132026063E-11));
#3295=DIRECTION('ref_axis',(0.,3.77798132026063E-11,-1.));
#3296=DIRECTION('',(0.685264592880181,-4.59249712702807E-10,-0.728294197247761));
#3297=DIRECTION('center_axis',(-1.13454950915768E-10,-1.,-3.77798132026063E-11));
#3298=DIRECTION('ref_axis',(0.,3.77798132026063E-11,-1.));
#3299=DIRECTION('',(6.17403909228259E-11,-7.5559781076767E-11,1.));
#3300=DIRECTION('',(-1.,2.26909633903376E-10,1.6062142624621E-10));
#3301=DIRECTION('',(0.,7.55596264052127E-11,-1.));
#3302=DIRECTION('',(-6.60567485306369E-10,0.810466698090477,-0.585784714111182));
#3303=DIRECTION('',(2.48885747941782E-9,-0.804914273467369,0.593391112478521));
#3304=DIRECTION('',(0.589297719112765,-0.807915959892174,0.));
#3305=DIRECTION('center_axis',(-1.13454950915768E-10,-1.,-3.77798132026063E-11));
#3306=DIRECTION('ref_axis',(0.,3.77798132026063E-11,-1.));
#3307=DIRECTION('center_axis',(-1.13454950915768E-10,-1.,-3.77798132026063E-11));
#3308=DIRECTION('ref_axis',(0.,3.77798132026063E-11,-1.));
#3309=DIRECTION('center_axis',(-1.47991541550854E-13,1.,-1.85941125614698E-13));
#3310=DIRECTION('ref_axis',(0.,-1.85941125614698E-13,-1.));
#3311=DIRECTION('center_axis',(1.,0.,0.));
#3312=DIRECTION('ref_axis',(0.,1.,0.));
#3313=DIRECTION('center_axis',(1.,0.,0.));
#3314=DIRECTION('ref_axis',(0.,1.,0.));
#3315=DIRECTION('center_axis',(1.,0.,0.));
#3316=DIRECTION('ref_axis',(0.,1.,0.));
#3317=DIRECTION('center_axis',(-1.,0.,0.));
#3318=DIRECTION('ref_axis',(0.,1.,0.));
#3319=DIRECTION('center_axis',(0.,0.,1.));
#3320=DIRECTION('ref_axis',(0.,-1.,0.));
#3321=DIRECTION('',(0.,-1.,0.));
#3322=DIRECTION('',(1.,0.,0.));
#3323=DIRECTION('',(0.,-1.,0.));
#3324=DIRECTION('',(1.,0.,0.));
#3325=DIRECTION('center_axis',(1.,0.,0.));
#3326=DIRECTION('ref_axis',(0.,1.,0.));
#3327=DIRECTION('center_axis',(-1.,0.,0.));
#3328=DIRECTION('ref_axis',(0.,1.,0.));
#3329=DIRECTION('',(-1.,0.,0.));
#3330=DIRECTION('center_axis',(-1.,0.,0.));
#3331=DIRECTION('ref_axis',(0.,1.,0.));
#3332=DIRECTION('center_axis',(0.,0.,1.));
#3333=DIRECTION('ref_axis',(0.,-1.,0.));
#3334=DIRECTION('',(0.,-1.,0.));
#3335=DIRECTION('',(1.,0.,0.));
#3336=DIRECTION('',(0.,-1.,0.));
#3337=DIRECTION('center_axis',(1.,0.,0.));
#3338=DIRECTION('ref_axis',(0.,1.,0.));
#3339=DIRECTION('center_axis',(-1.,0.,0.));
#3340=DIRECTION('ref_axis',(0.,1.,0.));
#3341=DIRECTION('',(-1.,0.,0.));
#3342=DIRECTION('center_axis',(-1.,0.,0.));
#3343=DIRECTION('ref_axis',(0.,1.,0.));
#3344=DIRECTION('center_axis',(0.,0.,1.));
#3345=DIRECTION('ref_axis',(1.,0.,0.));
#3346=DIRECTION('',(0.,1.,0.));
#3347=DIRECTION('center_axis',(0.,1.,0.));
#3348=DIRECTION('ref_axis',(0.,0.,-1.));
#3349=DIRECTION('',(-1.,0.,0.));
#3350=DIRECTION('',(0.,0.,1.));
#3351=DIRECTION('',(1.,0.,0.));
#3352=DIRECTION('',(0.,0.,1.));
#3353=DIRECTION('',(0.,0.,1.));
#3354=DIRECTION('center_axis',(0.,0.,-1.));
#3355=DIRECTION('ref_axis',(0.,-1.,0.));
#3356=DIRECTION('',(0.,1.,0.));
#3357=DIRECTION('center_axis',(1.,0.,0.));
#3358=DIRECTION('ref_axis',(0.,1.,0.));
#3359=DIRECTION('center_axis',(-1.,0.,0.));
#3360=DIRECTION('ref_axis',(0.,1.,0.));
#3361=DIRECTION('',(-1.,0.,0.));
#3362=DIRECTION('center_axis',(-1.,0.,0.));
#3363=DIRECTION('ref_axis',(0.,1.,0.));
#3364=DIRECTION('center_axis',(0.,0.,-1.));
#3365=DIRECTION('ref_axis',(0.,1.,0.));
#3366=DIRECTION('',(0.,1.,0.));
#3367=DIRECTION('',(1.,0.,0.));
#3368=DIRECTION('',(0.,1.,0.));
#3369=DIRECTION('center_axis',(0.,-1.,0.));
#3370=DIRECTION('ref_axis',(0.,0.,-1.));
#3371=DIRECTION('',(0.,0.,-1.));
#3372=DIRECTION('',(0.,0.,-1.));
#3373=DIRECTION('center_axis',(0.,0.,-1.));
#3374=DIRECTION('ref_axis',(0.,1.,0.));
#3375=DIRECTION('',(0.,1.,0.));
#3376=DIRECTION('',(0.,1.,0.));
#3377=DIRECTION('',(1.,0.,0.));
#3378=DIRECTION('center_axis',(1.,0.,0.));
#3379=DIRECTION('ref_axis',(0.,1.,0.));
#3380=DIRECTION('center_axis',(-1.,0.,0.));
#3381=DIRECTION('ref_axis',(0.,1.,0.));
#3382=DIRECTION('',(-1.,0.,0.));
#3383=DIRECTION('center_axis',(-1.,0.,0.));
#3384=DIRECTION('ref_axis',(0.,1.,0.));
#3385=DIRECTION('center_axis',(1.,0.,0.));
#3386=DIRECTION('ref_axis',(0.,1.,0.));
#3387=DIRECTION('center_axis',(1.,0.,0.));
#3388=DIRECTION('ref_axis',(0.,1.,0.));
#3389=DIRECTION('',(0.,0.,1.));
#3390=DIRECTION('center_axis',(-1.,0.,0.));
#3391=DIRECTION('ref_axis',(0.,1.,0.));
#3392=DIRECTION('center_axis',(1.,0.,0.));
#3393=DIRECTION('ref_axis',(0.,1.,0.));
#3394=DIRECTION('',(0.,0.,1.));
#3395=DIRECTION('center_axis',(0.,1.,0.));
#3396=DIRECTION('ref_axis',(0.,0.,1.));
#3397=DIRECTION('center_axis',(-1.,0.,0.));
#3398=DIRECTION('ref_axis',(0.,6.12323399573677E-17,1.));
#3399=DIRECTION('center_axis',(1.,0.,0.));
#3400=DIRECTION('ref_axis',(0.,0.,-1.));
#3401=DIRECTION('center_axis',(-1.,0.,0.));
#3402=DIRECTION('ref_axis',(0.,0.,1.));
#3403=DIRECTION('center_axis',(0.,0.621033799625734,-0.783783783783783));
#3404=DIRECTION('ref_axis',(0.,-0.783783783783783,-0.621033799625734));
#3405=DIRECTION('center_axis',(-1.,0.,0.));
#3406=DIRECTION('ref_axis',(0.,-1.,4.33257765707378E-16));
#3407=DIRECTION('center_axis',(0.,0.621033799625732,0.783783783783785));
#3408=DIRECTION('ref_axis',(-1.,0.,0.));
#3409=DIRECTION('center_axis',(1.,0.,0.));
#3410=DIRECTION('ref_axis',(0.,-1.,4.33257765707378E-16));
#3411=DIRECTION('center_axis',(0.,0.,-1.));
#3412=DIRECTION('ref_axis',(-0.707106781186547,0.707106781186548,0.));
#3413=DIRECTION('center_axis',(0.,0.,1.));
#3414=DIRECTION('ref_axis',(0.,1.,0.));
#3415=DIRECTION('',(0.,0.,-1.));
#3416=DIRECTION('center_axis',(0.,0.,-1.));
#3417=DIRECTION('ref_axis',(-1.,0.,0.));
#3418=DIRECTION('',(0.,0.,1.));
#3419=DIRECTION('center_axis',(-0.507173780133932,0.109659195704634,-0.854838942457625));
#3420=DIRECTION('ref_axis',(-0.835531691527718,0.180655500870859,0.518893421097174));
#3421=DIRECTION('center_axis',(1.,0.,0.));
#3422=DIRECTION('ref_axis',(0.,0.328797974610721,0.944400281603033));
#3423=DIRECTION('center_axis',(0.507173780133932,-0.109659195704634,-0.854838942457625));
#3424=DIRECTION('ref_axis',(-0.835531691527718,0.180655500870859,-0.518893421097174));
#3425=DIRECTION('center_axis',(1.,0.,0.));
#3426=DIRECTION('ref_axis',(0.,0.328797974610716,-0.944400281603035));
#3427=DIRECTION('center_axis',(-1.,0.,0.));
#3428=DIRECTION('ref_axis',(0.,0.32879797461072,0.944400281603033));
#3429=DIRECTION('',(1.,0.,0.));
#3430=DIRECTION('center_axis',(-1.,0.,0.));
#3431=DIRECTION('ref_axis',(0.,1.,0.));
#3432=DIRECTION('',(-1.,0.,0.));
#3433=DIRECTION('center_axis',(0.,-1.,0.));
#3434=DIRECTION('ref_axis',(0.,0.,1.));
#3435=DIRECTION('',(-1.,0.,0.));
#3436=DIRECTION('',(0.,0.,-1.));
#3437=DIRECTION('center_axis',(1.,0.,0.));
#3438=DIRECTION('ref_axis',(0.,1.,0.));
#3439=DIRECTION('center_axis',(1.,0.,0.));
#3440=DIRECTION('ref_axis',(0.,1.,0.));
#3441=DIRECTION('center_axis',(1.,0.,0.));
#3442=DIRECTION('ref_axis',(0.,-1.,4.33257765707378E-16));
#3443=DIRECTION('',(0.,0.,1.));
#3444=DIRECTION('center_axis',(0.,0.,-1.));
#3445=DIRECTION('ref_axis',(0.707106781186547,0.707106781186548,0.));
#3446=DIRECTION('center_axis',(-4.44089209850064E-15,0.,1.));
#3447=DIRECTION('ref_axis',(0.,1.,0.));
#3448=DIRECTION('center_axis',(0.,0.,-1.));
#3449=DIRECTION('ref_axis',(1.,0.,0.));
#3450=DIRECTION('center_axis',(-1.,0.,0.));
#3451=DIRECTION('ref_axis',(0.,0.,1.));
#3452=DIRECTION('center_axis',(2.0684580702448E-15,-0.621033799625731,-0.783783783783786));
#3453=DIRECTION('ref_axis',(0.,-0.783783783783786,0.621033799625731));
#3454=DIRECTION('center_axis',(0.,-0.621033799625734,0.783783783783783));
#3455=DIRECTION('ref_axis',(1.,0.,0.));
#3456=DIRECTION('center_axis',(-1.,0.,0.));
#3457=DIRECTION('ref_axis',(0.,-1.,4.33257765707378E-16));
#3458=DIRECTION('center_axis',(-0.507173780133935,-0.109659195704636,-0.854838942457623));
#3459=DIRECTION('ref_axis',(0.835531691527716,0.180655500870859,-0.518893421097177));
#3460=DIRECTION('center_axis',(-1.,0.,0.));
#3461=DIRECTION('ref_axis',(0.,-0.783783783783785,-0.621033799625732));
#3462=DIRECTION('center_axis',(0.507173780133932,0.109659195704636,-0.854838942457625));
#3463=DIRECTION('ref_axis',(0.835531691527718,0.180655500870861,0.518893421097174));
#3464=DIRECTION('center_axis',(-1.,0.,0.));
#3465=DIRECTION('ref_axis',(0.,-0.609756097560975,0.792589112647411));
#3466=DIRECTION('',(1.,0.,0.));
#3467=DIRECTION('center_axis',(-1.,0.,0.));
#3468=DIRECTION('ref_axis',(0.,0.328797974610716,-0.944400281603035));
#3469=DIRECTION('center_axis',(0.,0.,1.));
#3470=DIRECTION('ref_axis',(-0.707106781186546,-0.707106781186549,0.));
#3471=DIRECTION('center_axis',(0.,0.,-1.));
#3472=DIRECTION('ref_axis',(0.,-1.,0.));
#3473=DIRECTION('',(0.,0.,1.));
#3474=DIRECTION('center_axis',(0.,0.,1.));
#3475=DIRECTION('ref_axis',(-1.,0.,0.));
#3476=DIRECTION('',(0.,0.,-1.));
#3477=DIRECTION('center_axis',(-1.,0.,0.));
#3478=DIRECTION('ref_axis',(0.,0.,1.));
#3479=DIRECTION('center_axis',(0.,-0.621033799625731,0.783783783783785));
#3480=DIRECTION('ref_axis',(0.,0.783783783783785,0.621033799625731));
#3481=DIRECTION('center_axis',(-1.,0.,0.));
#3482=DIRECTION('ref_axis',(0.,1.,-4.33257765707378E-16));
#3483=DIRECTION('center_axis',(0.,-0.621033799625733,-0.783783783783783));
#3484=DIRECTION('ref_axis',(-1.,0.,0.));
#3485=DIRECTION('center_axis',(1.,0.,0.));
#3486=DIRECTION('ref_axis',(0.,1.,-4.33257765707378E-16));
#3487=DIRECTION('center_axis',(-0.507173780133932,-0.109659195704634,-0.854838942457625));
#3488=DIRECTION('ref_axis',(-0.835531691527718,-0.180655500870858,0.518893421097174));
#3489=DIRECTION('center_axis',(1.,0.,0.));
#3490=DIRECTION('ref_axis',(0.,-0.328797974610721,0.944400281603033));
#3491=DIRECTION('center_axis',(0.507173780133932,0.109659195704635,-0.854838942457625));
#3492=DIRECTION('ref_axis',(-0.835531691527718,-0.180655500870859,-0.518893421097174));
#3493=DIRECTION('center_axis',(1.,0.,0.));
#3494=DIRECTION('ref_axis',(0.,-0.328797974610712,-0.944400281603036));
#3495=DIRECTION('center_axis',(-1.,0.,0.));
#3496=DIRECTION('ref_axis',(0.,-0.32879797461072,0.944400281603033));
#3497=DIRECTION('',(1.,0.,0.));
#3498=DIRECTION('center_axis',(-1.,0.,0.));
#3499=DIRECTION('ref_axis',(0.,0.783783783783785,0.621033799625731));
#3500=DIRECTION('',(-1.,0.,0.));
#3501=DIRECTION('center_axis',(-1.,0.,0.));
#3502=DIRECTION('ref_axis',(0.,0.609756097560975,-0.792589112647411));
#3503=DIRECTION('',(-1.,0.,0.));
#3504=DIRECTION('center_axis',(-1.,0.,0.));
#3505=DIRECTION('ref_axis',(0.,1.,0.));
#3506=DIRECTION('center_axis',(1.,0.,0.));
#3507=DIRECTION('ref_axis',(0.,1.,0.));
#3508=DIRECTION('center_axis',(1.,0.,0.));
#3509=DIRECTION('ref_axis',(0.,1.,0.));
#3510=DIRECTION('center_axis',(1.,0.,0.));
#3511=DIRECTION('ref_axis',(0.,1.,0.));
#3512=DIRECTION('',(0.,0.,-1.));
#3513=DIRECTION('center_axis',(0.,1.,0.));
#3514=DIRECTION('ref_axis',(0.,0.,-1.));
#3515=DIRECTION('',(0.,0.,1.));
#3516=DIRECTION('',(1.,0.,0.));
#3517=DIRECTION('center_axis',(-1.,0.,0.));
#3518=DIRECTION('ref_axis',(0.,-0.328797974610712,-0.944400281603036));
#3519=DIRECTION('center_axis',(-1.,0.,0.));
#3520=DIRECTION('ref_axis',(0.,-1.,0.));
#3521=DIRECTION('center_axis',(0.,0.,1.));
#3522=DIRECTION('ref_axis',(0.707106781186546,-0.707106781186549,0.));
#3523=DIRECTION('center_axis',(0.,0.,-1.));
#3524=DIRECTION('ref_axis',(0.,-1.,0.));
#3525=DIRECTION('center_axis',(0.,0.,1.));
#3526=DIRECTION('ref_axis',(1.,0.,0.));
#3527=DIRECTION('center_axis',(-1.,0.,0.));
#3528=DIRECTION('ref_axis',(0.,0.,1.));
#3529=DIRECTION('center_axis',(0.,0.621033799625734,0.783783783783783));
#3530=DIRECTION('ref_axis',(0.,0.783783783783783,-0.621033799625734));
#3531=DIRECTION('center_axis',(0.,0.621033799625729,-0.783783783783786));
#3532=DIRECTION('ref_axis',(1.,0.,0.));
#3533=DIRECTION('center_axis',(0.507173780133935,-0.109659195704631,-0.854838942457623));
#3534=DIRECTION('ref_axis',(0.835531691527717,-0.180655500870853,0.518893421097178));
#3535=DIRECTION('center_axis',(-0.507173780133932,0.109659195704633,-0.854838942457625));
#3536=DIRECTION('ref_axis',(0.835531691527719,-0.180655500870855,-0.518893421097175));
#3537=CARTESIAN_POINT('',(0.,0.,0.));
#3538=CARTESIAN_POINT('Origin',(-39.4544408691319,-5.99999999999999,33.5));
#3539=CARTESIAN_POINT('',(-42.3500636133345,-5.99999999999999,40.5));
#3540=CARTESIAN_POINT('',(-42.3500636133345,-5.99999999999999,33.5));
#3541=CARTESIAN_POINT('',(-42.3500636133345,-5.99999999999999,41.));
#3542=CARTESIAN_POINT('',(-40.2674843489422,-5.99999999999999,40.5));
#3543=CARTESIAN_POINT('',(-39.4544408691318,-5.99999999999999,40.5));
#3544=CARTESIAN_POINT('',(-40.2674843489422,-5.99999999999999,33.5));
#3545=CARTESIAN_POINT('',(-40.2674843489422,-5.99999999999999,36.));
#3546=CARTESIAN_POINT('',(-39.4544408691319,-5.99999999999999,33.5));
#3547=CARTESIAN_POINT('Origin',(-39.4544408691318,-5.99999999999999,40.5));
#3548=CARTESIAN_POINT('',(-42.3500636133346,6.00000000000001,40.5));
#3549=CARTESIAN_POINT('Origin',(-62.,0.,40.5));
#3550=CARTESIAN_POINT('',(-40.2674843489422,6.00000000000001,40.5));
#3551=CARTESIAN_POINT('',(-39.4544408691319,6.00000000000001,40.5));
#3552=CARTESIAN_POINT('',(-39.4544408691319,2.76103468246051E-15,40.4999999999998));
#3553=CARTESIAN_POINT('Origin',(-62.,0.,40.5));
#3554=CARTESIAN_POINT('Origin',(-62.,0.,40.5));
#3555=CARTESIAN_POINT('Origin',(-39.4544408691319,6.00000000000001,40.5));
#3556=CARTESIAN_POINT('',(-42.3500636133346,6.00000000000001,33.5));
#3557=CARTESIAN_POINT('',(-42.3500636133346,6.00000000000001,41.));
#3558=CARTESIAN_POINT('',(-40.2674843489422,6.00000000000001,33.5));
#3559=CARTESIAN_POINT('',(-39.4544408691319,6.00000000000001,33.5));
#3560=CARTESIAN_POINT('',(-40.2674843489422,6.00000000000001,36.));
#3561=CARTESIAN_POINT('Origin',(-62.,0.,41.));
#3562=CARTESIAN_POINT('',(-44.6471904292129,-11.,33.5));
#3563=CARTESIAN_POINT('Origin',(-62.,0.,33.5));
#3564=CARTESIAN_POINT('',(-44.6471904292129,-11.,41.));
#3565=CARTESIAN_POINT('',(-44.647190429213,-11.,41.));
#3566=CARTESIAN_POINT('',(-44.6471904290748,-10.9999999998921,60.9999998882413));
#3567=CARTESIAN_POINT('',(-44.6471904292213,-11.0000000000132,41.));
#3568=CARTESIAN_POINT('',(-41.5424830441229,-1.90000000000001,60.9999998882413));
#3569=CARTESIAN_POINT('Origin',(-62.,0.,60.9999998882413));
#3570=CARTESIAN_POINT('',(-41.5424830441229,-1.90000000000001,60.6000009834766));
#3571=CARTESIAN_POINT('',(-41.5424830441229,-1.90000000000008,41.));
#3572=CARTESIAN_POINT('',(-41.5424830441229,1.9,60.6000009834766));
#3573=CARTESIAN_POINT('Origin',(-62.,0.,60.6000009834766));
#3574=CARTESIAN_POINT('',(-41.5424830441229,1.9,60.9999998882413));
#3575=CARTESIAN_POINT('',(-41.5424830441229,1.90000000000001,41.));
#3576=CARTESIAN_POINT('',(-44.6471904290748,10.9999999998921,60.9999998882413));
#3577=CARTESIAN_POINT('Origin',(-62.,0.,60.9999998882413));
#3578=CARTESIAN_POINT('',(-44.6471904292129,11.,41.));
#3579=CARTESIAN_POINT('',(-44.6471904291943,10.9999999999705,41.));
#3580=CARTESIAN_POINT('',(-44.6471904292129,11.,33.5));
#3581=CARTESIAN_POINT('',(-44.647190429213,11.,41.));
#3582=CARTESIAN_POINT('Origin',(-62.,0.,33.5));
#3583=CARTESIAN_POINT('Origin',(-77.5000001117587,6.,101.045559130868));
#3584=CARTESIAN_POINT('',(-77.5000001117587,6.,100.181504365222));
#3585=CARTESIAN_POINT('',(-72.5000001080948,6.,99.6029828432974));
#3586=CARTESIAN_POINT('Origin',(-79.5000001117587,6.00000000000001,60.9999998882413));
#3587=CARTESIAN_POINT('',(-77.5000001117587,5.99999999826958,98.0960614300743));
#3588=CARTESIAN_POINT('',(-77.5000001117587,6.,101.045559130868));
#3589=CARTESIAN_POINT('',(-72.5000001080948,6.,97.4844867530124));
#3590=CARTESIAN_POINT('Origin',(-79.5000001117587,6.00000000000001,60.9999998882413));
#3591=CARTESIAN_POINT('',(-72.5000001117587,6.,92.1681249009748));
#3592=CARTESIAN_POINT('Origin',(-72.5000001096351,-6.,101.045559130868));
#3593=CARTESIAN_POINT('',(-72.5000001096351,-6.00000000000001,99.6029828435767));
#3594=CARTESIAN_POINT('',(-77.5000001117587,-6.,100.181504365222));
#3595=CARTESIAN_POINT('Origin',(-79.5000001117587,-6.,60.9999998882413));
#3596=CARTESIAN_POINT('',(-72.5000001096351,-6.00000000000001,97.4844867533079));
#3597=CARTESIAN_POINT('',(-72.5000001117587,-6.,92.1681249009748));
#3598=CARTESIAN_POINT('',(-77.5000001117587,-6.,98.096061429016));
#3599=CARTESIAN_POINT('Origin',(-79.5000001117587,-6.,60.9999998882413));
#3600=CARTESIAN_POINT('',(-77.5000001117587,-6.,101.045559130868));
#3601=CARTESIAN_POINT('Origin',(-72.5000001117587,0.,83.2906906710815));
#3602=CARTESIAN_POINT('',(-72.500000111777,11.,95.1426175788638));
#3603=CARTESIAN_POINT('Ctrl Pts',(-72.5000001117587,6.00000000019924,97.4844867536534));
#3604=CARTESIAN_POINT('Ctrl Pts',(-72.5000001117587,6.6202368898616,97.2916465737573));
#3605=CARTESIAN_POINT('Ctrl Pts',(-72.5000001117587,7.21807128020789,97.0725855636504));
#3606=CARTESIAN_POINT('Ctrl Pts',(-72.5000001117587,8.84014935823555,96.3963924403508));
#3607=CARTESIAN_POINT('Ctrl Pts',(-72.5000001117587,9.94933774553344,95.8224893265136));
#3608=CARTESIAN_POINT('Ctrl Pts',(-72.5000001117587,10.9999999999983,95.1426175788612));
#3609=CARTESIAN_POINT('',(-72.5000001179611,13.,93.6681969305075));
#3610=CARTESIAN_POINT('Ctrl Pts',(-72.5000001117587,10.9999999999983,95.1426175788612));
#3611=CARTESIAN_POINT('Ctrl Pts',(-72.5000001117587,11.1072525042163,95.0732156876512));
#3612=CARTESIAN_POINT('Ctrl Pts',(-72.5000001117587,11.2139256175933,95.0027565724264));
#3613=CARTESIAN_POINT('Ctrl Pts',(-72.5000001117587,11.9051921664428,94.5367616904409));
#3614=CARTESIAN_POINT('Ctrl Pts',(-72.5000001117587,12.4698025476354,94.1112602105702));
#3615=CARTESIAN_POINT('Ctrl Pts',(-72.5000001117587,12.9999999993461,93.6681969297249));
#3616=CARTESIAN_POINT('',(-72.5000001015043,18.5189466171984,66.));
#3617=CARTESIAN_POINT('Ctrl Pts',(-72.5000001117587,12.9999999993461,93.6681969297249));
#3618=CARTESIAN_POINT('Ctrl Pts',(-72.5000001117587,13.5065166242264,93.2449227006653));
#3619=CARTESIAN_POINT('Ctrl Pts',(-72.5000001117587,13.9816698777152,92.8056732423822));
#3620=CARTESIAN_POINT('Ctrl Pts',(-72.5000001117587,15.3262343452136,91.4488289308649));
#3621=CARTESIAN_POINT('Ctrl Pts',(-72.5000001117587,16.2267277385231,90.3556853384935));
#3622=CARTESIAN_POINT('Ctrl Pts',(-72.5000001117587,17.7759546905345,88.0030572008471));
#3623=CARTESIAN_POINT('Ctrl Pts',(-72.5000001117587,18.4248478800103,86.7436777777654));
#3624=CARTESIAN_POINT('Ctrl Pts',(-72.5000001117587,19.4305118907101,84.2794834246112));
#3625=CARTESIAN_POINT('Ctrl Pts',(-72.5000001117587,19.865116048642,82.8422178138657));
#3626=CARTESIAN_POINT('Ctrl Pts',(-72.5000001117587,20.4223694930573,79.9068180147793));
#3627=CARTESIAN_POINT('Ctrl Pts',(-72.5000001117587,20.5455591308681,78.4087864319728));
#3628=CARTESIAN_POINT('Ctrl Pts',(-72.5000001117587,20.5455591308681,76.0559768508311));
#3629=CARTESIAN_POINT('Ctrl Pts',(-72.5000001117587,20.4818203016684,74.978062722888));
#3630=CARTESIAN_POINT('Ctrl Pts',(-72.5000001117587,20.2213836128554,72.8372137595694));
#3631=CARTESIAN_POINT('Ctrl Pts',(-72.5000001117587,20.0256483425871,71.774161933916));
#3632=CARTESIAN_POINT('Ctrl Pts',(-72.5000001117587,19.6344444304199,70.0257868806638));
#3633=CARTESIAN_POINT('Ctrl Pts',(-72.5000001117587,19.3906433397156,69.0866331940759));
#3634=CARTESIAN_POINT('Ctrl Pts',(-72.5000001117587,19.054679818976,67.8780151243632));
#3635=CARTESIAN_POINT('Ctrl Pts',(-72.5000001117587,18.9072353262526,67.3636822007401));
#3636=CARTESIAN_POINT('Ctrl Pts',(-72.5000001117587,18.7011640541037,66.6444778611031));
#3637=CARTESIAN_POINT('Ctrl Pts',(-72.5000001117587,18.6080641451466,66.3191161406218));
#3638=CARTESIAN_POINT('Ctrl Pts',(-72.5000001117587,18.5189466097602,66.0000000020772));
#3639=CARTESIAN_POINT('',(-72.500000106206,20.7155405480511,66.));
#3640=CARTESIAN_POINT('',(-72.5000001117587,0.,66.));
#3641=CARTESIAN_POINT('Ctrl Pts',(-72.5000001117587,20.7155405443974,66.0000000009122));
#3642=CARTESIAN_POINT('Ctrl Pts',(-72.5000001117587,20.7999652348396,66.3381699937847));
#3643=CARTESIAN_POINT('Ctrl Pts',(-72.5000001117587,20.8893243200742,66.6864828412896));
#3644=CARTESIAN_POINT('Ctrl Pts',(-72.5000001117587,21.0786706581672,67.4233132615843));
#3645=CARTESIAN_POINT('Ctrl Pts',(-72.5000001117587,21.2107079517489,67.9367116943745));
#3646=CARTESIAN_POINT('Ctrl Pts',(-72.5000001117587,21.5113068928735,69.1413180767371));
#3647=CARTESIAN_POINT('Ctrl Pts',(-72.5000001117587,21.7294146842063,70.0759561679774));
#3648=CARTESIAN_POINT('Ctrl Pts',(-72.5000001117587,22.0797337600465,71.8147846178976));
#3649=CARTESIAN_POINT('Ctrl Pts',(-72.5000001117587,22.2551685594598,72.8713564361868));
#3650=CARTESIAN_POINT('Ctrl Pts',(-72.5000001117587,22.4885216637729,74.9964356823839));
#3651=CARTESIAN_POINT('Ctrl Pts',(-72.5000001117587,22.5455591308682,76.0650397419507));
#3652=CARTESIAN_POINT('Ctrl Pts',(-72.5000001117587,22.5455591308682,78.5385393045206));
#3653=CARTESIAN_POINT('Ctrl Pts',(-72.5000001117587,22.4108880441339,80.1785143621755));
#3654=CARTESIAN_POINT('Ctrl Pts',(-72.5000001117587,21.8003146324337,83.3917890307938));
#3655=CARTESIAN_POINT('Ctrl Pts',(-72.5000001117587,21.3238868415913,84.9649887726055));
#3656=CARTESIAN_POINT('Ctrl Pts',(-72.5000001117587,20.2211680477708,87.6627815970415));
#3657=CARTESIAN_POINT('Ctrl Pts',(-72.5000001117587,19.5094114095858,89.0417485499429));
#3658=CARTESIAN_POINT('Ctrl Pts',(-72.5000001117587,17.8105117038787,91.6174854972933));
#3659=CARTESIAN_POINT('Ctrl Pts',(-72.5000001117587,16.8232146422584,92.8141539173033));
#3660=CARTESIAN_POINT('Ctrl Pts',(-72.5000001117587,14.8485240204667,94.8043200455205));
#3661=CARTESIAN_POINT('Ctrl Pts',(-72.5000001117587,13.6832068357427,95.7846283707741));
#3662=CARTESIAN_POINT('Ctrl Pts',(-72.5000001117587,11.1713387059143,97.4757600671579));
#3663=CARTESIAN_POINT('Ctrl Pts',(-72.5000001117587,9.82474817615633,98.1865246417519));
#3664=CARTESIAN_POINT('Ctrl Pts',(-72.5000001117587,7.74981860510494,99.0505971852622));
#3665=CARTESIAN_POINT('Ctrl Pts',(-72.5000001117587,6.89150133534939,99.3528397367662));
#3666=CARTESIAN_POINT('Ctrl Pts',(-72.5000001117587,6.00000000017322,99.6029828439132));
#3667=CARTESIAN_POINT('Ctrl Pts',(-72.5000001117589,10.9999999999997,95.1426175788603));
#3668=CARTESIAN_POINT('Ctrl Pts',(-75.0373230273512,10.9999999999997,95.662825506972));
#3669=CARTESIAN_POINT('Ctrl Pts',(-77.6236679848905,10.9999999999997,95.802265913853));
#3670=CARTESIAN_POINT('Ctrl Pts',(-72.2014694243757,8.65519975162696,96.5987060257519));
#3671=CARTESIAN_POINT('Ctrl Pts',(-74.847002161983,8.65519975162696,97.1410993867723));
#3672=CARTESIAN_POINT('Ctrl Pts',(-77.5436475963772,8.65519975162696,97.2864865422984));
#3673=CARTESIAN_POINT('Ctrl Pts',(-72.0386345040789,5.99999999653915,97.3929360872346));
#3674=CARTESIAN_POINT('Ctrl Pts',(-74.743190780933,5.99999999653915,97.947430593471));
#3675=CARTESIAN_POINT('Ctrl Pts',(-77.5000001117587,5.99999999653915,98.0960614300743));
#3676=CARTESIAN_POINT('',(-77.5000001117693,11.,95.7953780693704));
#3677=CARTESIAN_POINT('Ctrl Pts',(-77.5000001117587,10.9999999999997,95.79537806937));
#3678=CARTESIAN_POINT('Ctrl Pts',(-77.5000001117587,9.97101547683503,96.44873117624));
#3679=CARTESIAN_POINT('Ctrl Pts',(-77.5000001117587,8.88978299649862,97.0009912684107));
#3680=CARTESIAN_POINT('Ctrl Pts',(-77.5000001117587,7.2708173252985,97.671952697237));
#3681=CARTESIAN_POINT('Ctrl Pts',(-77.5000001117587,6.64715165987577,97.8981702467349));
#3682=CARTESIAN_POINT('Ctrl Pts',(-77.5000001117587,5.99999999653915,98.0960614300743));
#3683=CARTESIAN_POINT('Origin',(-79.5000001117603,10.9999999999704,60.9999998882392));
#3684=CARTESIAN_POINT('Origin',(-105.000000111759,10.5,53.4999999999999));
#3685=CARTESIAN_POINT('',(-105.000000111759,10.5,51.4999999999999));
#3686=CARTESIAN_POINT('',(-105.000000111759,12.5,53.4999999999999));
#3687=CARTESIAN_POINT('Origin',(-105.000000111759,10.5,53.4999999999999));
#3688=CARTESIAN_POINT('',(-84.196147808217,12.5,53.4999999999999));
#3689=CARTESIAN_POINT('',(-105.000000111759,12.5,53.4999999999999));
#3690=CARTESIAN_POINT('',(-84.196147808217,10.4999999999971,51.4999999999999));
#3691=CARTESIAN_POINT('Origin',(-84.196147808217,10.5,53.4999999999999));
#3692=CARTESIAN_POINT('',(-105.000000111759,10.5,51.4999999999999));
#3693=CARTESIAN_POINT('Ctrl Pts',(-82.7602714081208,10.9933519889019,51.1995894087436));
#3694=CARTESIAN_POINT('Ctrl Pts',(-82.9156313393314,10.9366473783021,51.2682931062364));
#3695=CARTESIAN_POINT('Ctrl Pts',(-83.0773033307507,10.8786077438106,51.325675716959));
#3696=CARTESIAN_POINT('Ctrl Pts',(-83.2423930023832,10.8204710795522,51.3712250814729));
#3697=CARTESIAN_POINT('Ctrl Pts',(-82.7005757888798,11.4812411801102,51.3084891131606));
#3698=CARTESIAN_POINT('Ctrl Pts',(-82.8680172185031,11.4390729205631,51.3703326538972));
#3699=CARTESIAN_POINT('Ctrl Pts',(-83.0408239216561,11.3950566334232,51.4191770064156));
#3700=CARTESIAN_POINT('Ctrl Pts',(-83.2149664010864,11.3506234191588,51.4527991097442));
#3701=CARTESIAN_POINT('Ctrl Pts',(-82.4339730985806,12.2441387133172,51.7948389414988));
#3702=CARTESIAN_POINT('Ctrl Pts',(-82.6316318030887,12.2324560362532,51.8714204480601));
#3703=CARTESIAN_POINT('Ctrl Pts',(-82.8356416974714,12.2202727608975,51.9291718124055));
#3704=CARTESIAN_POINT('Ctrl Pts',(-83.041477098214,12.2076195115606,51.9688025745604));
#3705=CARTESIAN_POINT('Ctrl Pts',(-82.0101065033419,12.5,52.5680773720685));
#3706=CARTESIAN_POINT('Ctrl Pts',(-82.244873709814,12.5000748481634,52.6872862876435));
#3707=CARTESIAN_POINT('Ctrl Pts',(-82.4901942416456,12.4999021857852,52.7849185024758));
#3708=CARTESIAN_POINT('Ctrl Pts',(-82.7416279297388,12.5,52.8606339860296));
#3709=CARTESIAN_POINT('Ctrl Pts',(-81.8286064164349,12.5,52.8991788174872));
#3710=CARTESIAN_POINT('Ctrl Pts',(-82.0792717900238,12.5,53.0365862124728));
#3711=CARTESIAN_POINT('Ctrl Pts',(-82.3423027967849,12.5,53.1513514339181));
#3712=CARTESIAN_POINT('Ctrl Pts',(-82.6132547173957,12.5,53.2424501629459));
#3713=CARTESIAN_POINT('',(-83.2423930023746,10.8204710795691,51.3712250814729));
#3714=CARTESIAN_POINT('',(-82.6132547173957,12.5,53.2424501629459));
#3715=CARTESIAN_POINT('Origin',(-82.6132547173957,10.5,53.2424501629459));
#3716=CARTESIAN_POINT('',(-81.8286064164349,12.5,52.8991788174872));
#3717=CARTESIAN_POINT('Ctrl Pts',(-82.6132547173957,12.5,53.2424501629459));
#3718=CARTESIAN_POINT('Ctrl Pts',(-82.3423027967849,12.5,53.1513514339181));
#3719=CARTESIAN_POINT('Ctrl Pts',(-82.0792717900238,12.5,53.0365862124728));
#3720=CARTESIAN_POINT('Ctrl Pts',(-81.8286064164349,12.5,52.8991788174872));
#3721=CARTESIAN_POINT('',(-82.7602714081208,10.9933519889019,51.1995894087436));
#3722=CARTESIAN_POINT('Origin',(-81.8286064164349,10.5,52.8991788174872));
#3723=CARTESIAN_POINT('Ctrl Pts',(-82.7602714081208,10.9933519889019,51.1995894087436));
#3724=CARTESIAN_POINT('Ctrl Pts',(-82.9156313393314,10.9366473783021,51.2682931062364));
#3725=CARTESIAN_POINT('Ctrl Pts',(-83.0773033307507,10.8786077438106,51.325675716959));
#3726=CARTESIAN_POINT('Ctrl Pts',(-83.2423930023832,10.8204710795522,51.3712250814729));
#3727=CARTESIAN_POINT('Ctrl Pts',(-84.1961478082142,12.5,53.4999999999999));
#3728=CARTESIAN_POINT('Ctrl Pts',(-83.6592400082945,12.5,53.4999999999999));
#3729=CARTESIAN_POINT('Ctrl Pts',(-83.1221681568464,12.5,53.4135556764797));
#3730=CARTESIAN_POINT('Ctrl Pts',(-82.6132547173961,12.5,53.242450162946));
#3731=CARTESIAN_POINT('Ctrl Pts',(-84.1961478082142,12.5,52.9016013993161));
#3732=CARTESIAN_POINT('Ctrl Pts',(-83.7236294032318,12.4991411242811,52.9225854193619));
#3733=CARTESIAN_POINT('Ctrl Pts',(-83.2433169929272,12.5006192583213,52.8662399255237));
#3734=CARTESIAN_POINT('Ctrl Pts',(-82.78441900052,12.5,52.7333619270577));
#3735=CARTESIAN_POINT('Ctrl Pts',(-84.1961478082142,11.9978830219863,51.8655992574434));
#3736=CARTESIAN_POINT('Ctrl Pts',(-83.8342218020088,12.0346133709398,51.9199757613083));
#3737=CARTESIAN_POINT('Ctrl Pts',(-83.4537662707731,12.0688507673054,51.9170323669927));
#3738=CARTESIAN_POINT('Ctrl Pts',(-83.0818749726785,12.1002824867823,51.848648519816));
#3739=CARTESIAN_POINT('Ctrl Pts',(-84.1961478082142,10.9487989505128,51.4999999999999));
#3740=CARTESIAN_POINT('Ctrl Pts',(-83.873653924535,11.041416309018,51.5243952299916));
#3741=CARTESIAN_POINT('Ctrl Pts',(-83.5416912352062,11.132475437436,51.5025389667126));
#3742=CARTESIAN_POINT('Ctrl Pts',(-83.2218230514104,11.2180853342578,51.4324056026766));
#3743=CARTESIAN_POINT('Ctrl Pts',(-84.1961478082142,10.5,51.4999999999999));
#3744=CARTESIAN_POINT('Ctrl Pts',(-83.873489364072,10.6077649695934,51.4999999999999));
#3745=CARTESIAN_POINT('Ctrl Pts',(-83.5496578339127,10.7167999310045,51.4567778382399));
#3746=CARTESIAN_POINT('Ctrl Pts',(-83.242393002383,10.820471079553,51.371225081473));
#3747=CARTESIAN_POINT('Ctrl Pts',(-83.242393002383,10.820471079553,51.371225081473));
#3748=CARTESIAN_POINT('Ctrl Pts',(-83.5496578339127,10.7167999310045,51.4567778382399));
#3749=CARTESIAN_POINT('Ctrl Pts',(-83.873489364072,10.6077649695934,51.4999999999999));
#3750=CARTESIAN_POINT('Ctrl Pts',(-84.1961478082142,10.5,51.4999999999999));
#3751=CARTESIAN_POINT('Ctrl Pts',(-84.1961478082142,12.5,53.4999999999999));
#3752=CARTESIAN_POINT('Ctrl Pts',(-83.6592400082945,12.5,53.4999999999999));
#3753=CARTESIAN_POINT('Ctrl Pts',(-83.1221681568464,12.5,53.4135556764797));
#3754=CARTESIAN_POINT('Ctrl Pts',(-82.6132547173961,12.5,53.242450162946));
#3755=CARTESIAN_POINT('Ctrl Pts',(-80.1911837685405,13.3185235526564,49.4999999999999));
#3756=CARTESIAN_POINT('Ctrl Pts',(-80.1928365112614,13.3162661442854,49.5013933641166));
#3757=CARTESIAN_POINT('Ctrl Pts',(-80.1944895381672,13.3140035536611,49.5027891521641));
#3758=CARTESIAN_POINT('Ctrl Pts',(-80.7644798233911,12.5396971589499,49.9815049452985));
#3759=CARTESIAN_POINT('Ctrl Pts',(-81.4232618588188,11.8014397913954,50.4729205822168));
#3760=CARTESIAN_POINT('Ctrl Pts',(-82.11668064362,11.3314044907166,50.870091720458));
#3761=CARTESIAN_POINT('Ctrl Pts',(-80.1911837685405,13.3185235526564,49.4999999999999));
#3762=CARTESIAN_POINT('Ctrl Pts',(-80.1921887700769,13.3164880068174,49.5018982727541));
#3763=CARTESIAN_POINT('Ctrl Pts',(-80.1942184706441,13.3149996725048,49.5036800230886));
#3764=CARTESIAN_POINT('Ctrl Pts',(-80.6517866917358,12.677757201398,50.1434054563095));
#3765=CARTESIAN_POINT('Ctrl Pts',(-81.3549404292523,12.1800834876661,50.7925984512082));
#3766=CARTESIAN_POINT('Ctrl Pts',(-82.0542830497444,11.9704902851089,51.1458233267533));
#3767=CARTESIAN_POINT('Ctrl Pts',(-80.1911837685405,13.3185235526564,49.4999999999999));
#3768=CARTESIAN_POINT('Ctrl Pts',(-80.1919364957213,13.3168943484882,49.5023619450402));
#3769=CARTESIAN_POINT('Ctrl Pts',(-80.1935735363162,13.3158249780282,49.5046127634262));
#3770=CARTESIAN_POINT('Ctrl Pts',(-80.5497255429536,12.8178597996774,50.3023462438684));
#3771=CARTESIAN_POINT('Ctrl Pts',(-81.1518470978208,12.4795159494238,51.1235846372779));
#3772=CARTESIAN_POINT('Ctrl Pts',(-81.7415747433725,12.4557067111131,51.6877292944681));
#3773=CARTESIAN_POINT('Ctrl Pts',(-80.1911837685405,13.3185235526564,49.4999999999999));
#3774=CARTESIAN_POINT('Ctrl Pts',(-80.1919368331033,13.3174949749918,49.5027867282316));
#3775=CARTESIAN_POINT('Ctrl Pts',(-80.1926905448697,13.3164638512913,49.5055783043283));
#3776=CARTESIAN_POINT('Ctrl Pts',(-80.4529057378527,12.9642972939267,50.4630098905985));
#3777=CARTESIAN_POINT('Ctrl Pts',(-80.8282641159322,12.6809240774672,51.4458411644335));
#3778=CARTESIAN_POINT('Ctrl Pts',(-81.3260655055632,12.5581689987769,52.2401834409161));
#3779=CARTESIAN_POINT('',(-82.11668064362,11.3314044907166,50.870091720458));
#3780=CARTESIAN_POINT('',(-81.3260655055632,12.5581689987769,52.2401834408951));
#3781=CARTESIAN_POINT('Origin',(-80.8472206844689,10.6163379975538,52.2401834409161));
#3782=CARTESIAN_POINT('',(-80.1911837685405,13.3185235526564,49.4999999999999));
#3783=CARTESIAN_POINT('Ctrl Pts',(-81.3260655055632,12.5581689987769,52.2401834409161));
#3784=CARTESIAN_POINT('Ctrl Pts',(-80.8282641159322,12.6809240774672,51.4458411644335));
#3785=CARTESIAN_POINT('Ctrl Pts',(-80.4529057378527,12.9642972939267,50.4630098905985));
#3786=CARTESIAN_POINT('Ctrl Pts',(-80.1926905448697,13.3164638512913,49.5055783043283));
#3787=CARTESIAN_POINT('Ctrl Pts',(-80.1919368331033,13.3174949749918,49.5027867282316));
#3788=CARTESIAN_POINT('Ctrl Pts',(-80.1911837685405,13.3185235526564,49.4999999999999));
#3789=CARTESIAN_POINT('Ctrl Pts',(-80.1911837685405,13.3185235526564,49.4999999999999));
#3790=CARTESIAN_POINT('Ctrl Pts',(-80.1928365112614,13.3162661442854,49.5013933641166));
#3791=CARTESIAN_POINT('Ctrl Pts',(-80.1944895381672,13.3140035536611,49.5027891521641));
#3792=CARTESIAN_POINT('Ctrl Pts',(-80.7644798233911,12.5396971589499,49.9815049452985));
#3793=CARTESIAN_POINT('Ctrl Pts',(-81.4232618588188,11.8014397913954,50.4729205822168));
#3794=CARTESIAN_POINT('Ctrl Pts',(-82.11668064362,11.3314044907166,50.870091720458));
#3795=CARTESIAN_POINT('Ctrl Pts',(-81.8286064164349,12.5,52.8991788174872));
#3796=CARTESIAN_POINT('Ctrl Pts',(-81.646672283773,12.5,52.6961886671794));
#3797=CARTESIAN_POINT('Ctrl Pts',(-81.4784346431793,12.5205956093338,52.4721237155916));
#3798=CARTESIAN_POINT('Ctrl Pts',(-81.326065505563,12.558168998777,52.2401834409138));
#3799=CARTESIAN_POINT('Ctrl Pts',(-82.0706065323109,12.5,52.4577102235956));
#3800=CARTESIAN_POINT('Ctrl Pts',(-81.9021295887169,12.4763282869354,52.2996545766323));
#3801=CARTESIAN_POINT('Ctrl Pts',(-81.7297689588548,12.4770607125221,52.1182484028154));
#3802=CARTESIAN_POINT('Ctrl Pts',(-81.5634993557395,12.4996191201116,51.9244953572296));
#3803=CARTESIAN_POINT('Ctrl Pts',(-82.4917537220278,12.1506993632313,51.6894326672287));
#3804=CARTESIAN_POINT('Ctrl Pts',(-82.3177902593775,12.1359331025093,51.6096017224116));
#3805=CARTESIAN_POINT('Ctrl Pts',(-82.1231045578775,12.1468236811796,51.5023989599378));
#3806=CARTESIAN_POINT('Ctrl Pts',(-81.9263805826487,12.187678520309,51.3732592506206));
#3807=CARTESIAN_POINT('Ctrl Pts',(-82.71549969369,11.3592688823082,51.2812641870564));
#3808=CARTESIAN_POINT('Ctrl Pts',(-82.5124792885978,11.4105536045387,51.2031538240792));
#3809=CARTESIAN_POINT('Ctrl Pts',(-82.3009683164784,11.4938026934737,51.1030518397848));
#3810=CARTESIAN_POINT('Ctrl Pts',(-82.0899388176728,11.6052984025991,50.9882624088699));
#3811=CARTESIAN_POINT('Ctrl Pts',(-82.7602714081207,10.9933519889019,51.1995894087436));
#3812=CARTESIAN_POINT('Ctrl Pts',(-82.544493576084,11.0721084471882,51.1041675404254));
#3813=CARTESIAN_POINT('Ctrl Pts',(-82.3289251741648,11.1875341140863,50.9916595285846));
#3814=CARTESIAN_POINT('Ctrl Pts',(-82.1166806436197,11.3314044907168,50.8700917204578));
#3815=CARTESIAN_POINT('Ctrl Pts',(-82.1166806436197,11.3314044907168,50.8700917204578));
#3816=CARTESIAN_POINT('Ctrl Pts',(-82.3289251741648,11.1875341140863,50.9916595285846));
#3817=CARTESIAN_POINT('Ctrl Pts',(-82.544493576084,11.0721084471882,51.1041675404254));
#3818=CARTESIAN_POINT('Ctrl Pts',(-82.7602714081207,10.9933519889019,51.1995894087436));
#3819=CARTESIAN_POINT('Ctrl Pts',(-81.8286064164349,12.5,52.8991788174872));
#3820=CARTESIAN_POINT('Ctrl Pts',(-81.646672283773,12.5,52.6961886671794));
#3821=CARTESIAN_POINT('Ctrl Pts',(-81.4784346431793,12.5205956093338,52.4721237155916));
#3822=CARTESIAN_POINT('Ctrl Pts',(-81.326065505563,12.558168998777,52.2401834409138));
#3823=CARTESIAN_POINT('Origin',(-105.000000111759,0.,78.5));
#3824=CARTESIAN_POINT('',(-105.000000111759,-10.5,51.4999999999999));
#3825=CARTESIAN_POINT('',(-105.000000111759,-12.5,51.4999999999999));
#3826=CARTESIAN_POINT('',(-105.000000111759,-12.5,53.4999999999999));
#3827=CARTESIAN_POINT('Origin',(-105.000000111759,-10.5,53.4999999999999));
#3828=CARTESIAN_POINT('',(-105.000000111759,-12.5,58.7515823418685));
#3829=CARTESIAN_POINT('',(-105.000000111759,-12.5,90.4999999999999));
#3830=CARTESIAN_POINT('',(-105.000000111759,-13.3163265306122,60.3636980690629));
#3831=CARTESIAN_POINT('Origin',(-105.000000111759,-14.5,58.7515823418685));
#3832=CARTESIAN_POINT('',(-105.000000111759,13.3163265306122,60.3636980690629));
#3833=CARTESIAN_POINT('Origin',(-105.000000111759,0.,78.5));
#3834=CARTESIAN_POINT('',(-105.000000111759,12.5,58.7515823418685));
#3835=CARTESIAN_POINT('Origin',(-105.000000111759,14.5,58.7515823418685));
#3836=CARTESIAN_POINT('',(-105.000000111759,12.5,51.4999999999999));
#3837=CARTESIAN_POINT('',(-105.000000111759,10.5,53.4999999999999));
#3838=CARTESIAN_POINT('',(-105.000000111759,10.5,88.5));
#3839=CARTESIAN_POINT('',(-105.000000111759,10.5,53.4999999999999));
#3840=CARTESIAN_POINT('',(-105.000000111759,-10.5,88.5));
#3841=CARTESIAN_POINT('',(-105.000000111759,10.5,88.5));
#3842=CARTESIAN_POINT('',(-105.000000111759,-10.5,53.4999999999999));
#3843=CARTESIAN_POINT('',(-105.000000111759,-10.5,88.5));
#3844=CARTESIAN_POINT('',(-105.000000111759,-10.5,53.4999999999999));
#3845=CARTESIAN_POINT('Origin',(-105.000000111759,-12.5,51.4999999999999));
#3846=CARTESIAN_POINT('',(-84.1961478082204,-10.4999999999937,51.4999999999999));
#3847=CARTESIAN_POINT('Ctrl Pts',(-84.1961781942306,-10.5000152842112,51.4999999999999));
#3848=CARTESIAN_POINT('Ctrl Pts',(-84.5932597473424,-9.71070442876787,51.4999999999999));
#3849=CARTESIAN_POINT('Ctrl Pts',(-85.4730823763006,-7.90850311761637,51.4999999999999));
#3850=CARTESIAN_POINT('Ctrl Pts',(-86.6442602179233,-4.99660134488414,51.4999999999999));
#3851=CARTESIAN_POINT('Ctrl Pts',(-87.4043587560886,-1.69993565937057,51.4999999999999));
#3852=CARTESIAN_POINT('Ctrl Pts',(-87.4057816742813,2.83791181306365,51.4999999999999));
#3853=CARTESIAN_POINT('Ctrl Pts',(-85.9660696072181,6.90804718755962,51.4999999999999));
#3854=CARTESIAN_POINT('Ctrl Pts',(-84.5934300848032,9.71177071861461,51.4999999999999));
#3855=CARTESIAN_POINT('Ctrl Pts',(-84.1963530957079,10.5001032651171,51.4999999999999));
#3856=CARTESIAN_POINT('',(-105.000000111759,-10.5,51.4999999999999));
#3857=CARTESIAN_POINT('Ctrl Pts',(-83.871531287353,11.1409421591393,51.4999999999999));
#3858=CARTESIAN_POINT('Ctrl Pts',(-84.3814471205616,10.1398921634897,51.4999999999999));
#3859=CARTESIAN_POINT('Ctrl Pts',(-85.8849654325881,7.13733259658903,51.4999999999999));
#3860=CARTESIAN_POINT('Ctrl Pts',(-87.4057816742813,2.83791181306365,51.4999999999999));
#3861=CARTESIAN_POINT('Ctrl Pts',(-87.4043587560886,-1.69993565937057,51.4999999999999));
#3862=CARTESIAN_POINT('Ctrl Pts',(-86.6442602179233,-4.99660134488414,51.4999999999999));
#3863=CARTESIAN_POINT('Ctrl Pts',(-85.3834761093571,-8.13129135548066,51.4999999999999));
#3864=CARTESIAN_POINT('Ctrl Pts',(-84.3814471205616,-10.1398921634897,51.4999999999999));
#3865=CARTESIAN_POINT('Ctrl Pts',(-83.871531287353,-11.1409421591393,51.4999999999999));
#3866=CARTESIAN_POINT('Ctrl Pts',(-83.3383230745197,10.8693360342683,51.4999999999999));
#3867=CARTESIAN_POINT('Ctrl Pts',(-83.8696863004479,9.88313682989865,51.4989418990354));
#3868=CARTESIAN_POINT('Ctrl Pts',(-85.4262896810129,6.93706741343046,51.4982257580264));
#3869=CARTESIAN_POINT('Ctrl Pts',(-86.9839239655906,2.75470297447615,51.4975442516466));
#3870=CARTESIAN_POINT('Ctrl Pts',(-86.982445313313,-1.6502213451674,51.4979861172148));
#3871=CARTESIAN_POINT('Ctrl Pts',(-86.2038985948972,-4.85465557097135,51.4977538230651));
#3872=CARTESIAN_POINT('Ctrl Pts',(-84.9070156865554,-7.91234670797434,51.4989047504253));
#3873=CARTESIAN_POINT('Ctrl Pts',(-83.8696863004479,-9.88313682989864,51.4989418990354));
#3874=CARTESIAN_POINT('Ctrl Pts',(-83.3383230745197,-10.8693360342683,51.4999999999999));
#3875=CARTESIAN_POINT('Ctrl Pts',(-82.4151811313573,10.3991050816054,50.9978875168803));
#3876=CARTESIAN_POINT('Ctrl Pts',(-82.9804737972269,9.43693183758784,51.0431378561317));
#3877=CARTESIAN_POINT('Ctrl Pts',(-84.6247766482358,6.58692863363869,51.1626728258008));
#3878=CARTESIAN_POINT('Ctrl Pts',(-86.2447082862221,2.60933005810827,51.2588041951572));
#3879=CARTESIAN_POINT('Ctrl Pts',(-86.2436228441109,-1.56305701671786,51.2588393062385));
#3880=CARTESIAN_POINT('Ctrl Pts',(-85.4332589323499,-4.60616543467716,51.2105093606714));
#3881=CARTESIAN_POINT('Ctrl Pts',(-84.0766295137001,-7.53087254521206,51.1228520900765));
#3882=CARTESIAN_POINT('Ctrl Pts',(-82.9804737972269,-9.43693183758785,51.0431378561317));
#3883=CARTESIAN_POINT('Ctrl Pts',(-82.4151811313573,-10.3991050816054,50.9978875168803));
#3884=CARTESIAN_POINT('Ctrl Pts',(-82.0894141091912,10.2331655548469,49.9487989505127));
#3885=CARTESIAN_POINT('Ctrl Pts',(-82.6208224954589,9.2561365260471,50.062899878283));
#3886=CARTESIAN_POINT('Ctrl Pts',(-84.1843912768911,6.38408803088827,50.3824477461281));
#3887=CARTESIAN_POINT('Ctrl Pts',(-85.7553507286411,2.50814591364304,50.6775002109737));
#3888=CARTESIAN_POINT('Ctrl Pts',(-85.7536845334197,-1.50308220108578,50.6774952572568));
#3889=CARTESIAN_POINT('Ctrl Pts',(-84.9688976454638,-4.45254606845656,50.5294610471121));
#3890=CARTESIAN_POINT('Ctrl Pts',(-83.6626555617432,-7.33703814697481,50.2760366032194));
#3891=CARTESIAN_POINT('Ctrl Pts',(-82.6208224954589,-9.25613652604711,50.062899878283));
#3892=CARTESIAN_POINT('Ctrl Pts',(-82.0894141091912,-10.2331655548469,49.9487989505128));
#3893=CARTESIAN_POINT('Ctrl Pts',(-82.0894141091912,10.2331655548469,49.4999999999999));
#3894=CARTESIAN_POINT('Ctrl Pts',(-82.5940467143235,9.24248741882256,49.6327621863783));
#3895=CARTESIAN_POINT('Ctrl Pts',(-84.0903814188418,6.33648281955082,50.0158253718931));
#3896=CARTESIAN_POINT('Ctrl Pts',(-85.6132186553491,2.47707999687623,50.3940084375024));
#3897=CARTESIAN_POINT('Ctrl Pts',(-85.6114554577714,-1.48479382187469,50.3939929873393));
#3898=CARTESIAN_POINT('Ctrl Pts',(-84.8510382936854,-4.41205377984043,50.2042869787187));
#3899=CARTESIAN_POINT('Ctrl Pts',(-83.5909937505275,-7.30197759675024,49.8883513861688));
#3900=CARTESIAN_POINT('Ctrl Pts',(-82.5940467143236,-9.24248741882258,49.6327621863783));
#3901=CARTESIAN_POINT('Ctrl Pts',(-82.0894141091912,-10.2331655548469,49.4999999999999));
#3902=CARTESIAN_POINT('',(-82.0894141091912,10.2331655548469,49.4999999999999));
#3903=CARTESIAN_POINT('Origin',(-83.871531287353,11.1409421591393,49.4999999999999));
#3904=CARTESIAN_POINT('',(-82.0894141091912,-10.2331655548469,49.4999999999999));
#3905=CARTESIAN_POINT('Ctrl Pts',(-82.0894141091912,10.2331655548469,49.4999999999999));
#3906=CARTESIAN_POINT('Ctrl Pts',(-82.5940467143235,9.24248741882256,49.6327621863783));
#3907=CARTESIAN_POINT('Ctrl Pts',(-84.0903814188418,6.33648281955082,50.0158253718931));
#3908=CARTESIAN_POINT('Ctrl Pts',(-85.6132186553491,2.47707999687623,50.3940084375024));
#3909=CARTESIAN_POINT('Ctrl Pts',(-85.6114554577714,-1.48479382187469,50.3939929873393));
#3910=CARTESIAN_POINT('Ctrl Pts',(-84.8510382936854,-4.41205377984043,50.2042869787187));
#3911=CARTESIAN_POINT('Ctrl Pts',(-83.5909937505275,-7.30197759675024,49.8883513861688));
#3912=CARTESIAN_POINT('Ctrl Pts',(-82.5940467143236,-9.24248741882258,49.6327621863783));
#3913=CARTESIAN_POINT('Ctrl Pts',(-82.0894141091912,-10.2331655548469,49.4999999999999));
#3914=CARTESIAN_POINT('',(-83.2423930023746,-10.8204710795691,51.3712250814729));
#3915=CARTESIAN_POINT('Origin',(-83.871531287353,-11.1409421591393,49.4999999999999));
#3916=CARTESIAN_POINT('Ctrl Pts',(-84.1961478082143,-10.4999999999999,51.4999999999999));
#3917=CARTESIAN_POINT('Ctrl Pts',(-83.8734893640708,-10.6077649695934,51.4999999999999));
#3918=CARTESIAN_POINT('Ctrl Pts',(-83.5496578339123,-10.7167999310045,51.4567778382398));
#3919=CARTESIAN_POINT('Ctrl Pts',(-83.242393002383,-10.820471079553,51.371225081473));
#3920=CARTESIAN_POINT('Origin',(-62.,0.,49.4999999999999));
#3921=CARTESIAN_POINT('Origin',(-62.,0.,49.4999999999999));
#3922=CARTESIAN_POINT('Origin',(-105.000000111759,-10.5,53.4999999999999));
#3923=CARTESIAN_POINT('',(-84.1961478082204,-12.5,53.4999999999999));
#3924=CARTESIAN_POINT('Origin',(-84.1961478082204,-10.5,53.4999999999999));
#3925=CARTESIAN_POINT('',(-105.000000111759,-12.5,53.4999999999999));
#3926=CARTESIAN_POINT('Ctrl Pts',(-81.8286064164349,-12.5,52.8991788174872));
#3927=CARTESIAN_POINT('Ctrl Pts',(-82.0792717900239,-12.5,53.0365862124729));
#3928=CARTESIAN_POINT('Ctrl Pts',(-82.3423027967849,-12.5,53.1513514339181));
#3929=CARTESIAN_POINT('Ctrl Pts',(-82.6132547173957,-12.5,53.2424501629459));
#3930=CARTESIAN_POINT('Ctrl Pts',(-82.0706065323109,-12.5,52.4577102235956));
#3931=CARTESIAN_POINT('Ctrl Pts',(-82.3000720766249,-12.5002824640323,52.5706485188462));
#3932=CARTESIAN_POINT('Ctrl Pts',(-82.5395441174042,-12.4996583965265,52.6630329512917));
#3933=CARTESIAN_POINT('Ctrl Pts',(-82.7844190005199,-12.5,52.7333619270575));
#3934=CARTESIAN_POINT('Ctrl Pts',(-82.49175347803,-12.1506988024536,51.6894331123417));
#3935=CARTESIAN_POINT('Ctrl Pts',(-82.6841165159931,-12.1344614699781,51.7605819086742));
#3936=CARTESIAN_POINT('Ctrl Pts',(-82.8823140538923,-12.1176094489804,51.8135535611451));
#3937=CARTESIAN_POINT('Ctrl Pts',(-83.0818026785183,-12.09996753747,51.848863541933));
#3938=CARTESIAN_POINT('Ctrl Pts',(-82.71549969369,-11.3592688823082,51.2812641870564));
#3939=CARTESIAN_POINT('Ctrl Pts',(-82.8799232308153,-11.3133440353159,51.3449928235216));
#3940=CARTESIAN_POINT('Ctrl Pts',(-83.0498991978007,-11.2660829732111,51.395587401571));
#3941=CARTESIAN_POINT('Ctrl Pts',(-83.2218230514106,-11.2180853342572,51.4324056026764));
#3942=CARTESIAN_POINT('Ctrl Pts',(-82.7602714081208,-10.9933519889019,51.1995894087436));
#3943=CARTESIAN_POINT('Ctrl Pts',(-82.9156313393322,-10.9366473783021,51.2682931062368));
#3944=CARTESIAN_POINT('Ctrl Pts',(-83.0773033307507,-10.8786077438106,51.325675716959));
#3945=CARTESIAN_POINT('Ctrl Pts',(-83.2423930023832,-10.8204710795522,51.3712250814729));
#3946=CARTESIAN_POINT('',(-82.6132547173957,-12.5,53.2424501629459));
#3947=CARTESIAN_POINT('Origin',(-82.6132547173957,-10.5,53.2424501629459));
#3948=CARTESIAN_POINT('',(-82.7602714081207,-10.9933519889019,51.1995894087436));
#3949=CARTESIAN_POINT('Ctrl Pts',(-83.2423930023832,-10.8204710795522,51.3712250814729));
#3950=CARTESIAN_POINT('Ctrl Pts',(-83.0773033307507,-10.8786077438106,51.325675716959));
#3951=CARTESIAN_POINT('Ctrl Pts',(-82.9156313393322,-10.9366473783021,51.2682931062368));
#3952=CARTESIAN_POINT('Ctrl Pts',(-82.7602714081208,-10.9933519889019,51.1995894087436));
#3953=CARTESIAN_POINT('',(-81.8286064164349,-12.5,52.8991788174872));
#3954=CARTESIAN_POINT('Origin',(-81.8286064164349,-10.5,52.8991788174872));
#3955=CARTESIAN_POINT('Ctrl Pts',(-81.8286064164349,-12.5,52.8991788174872));
#3956=CARTESIAN_POINT('Ctrl Pts',(-82.0792717900239,-12.5,53.0365862124729));
#3957=CARTESIAN_POINT('Ctrl Pts',(-82.3423027967849,-12.5,53.1513514339181));
#3958=CARTESIAN_POINT('Ctrl Pts',(-82.6132547173957,-12.5,53.2424501629459));
#3959=CARTESIAN_POINT('Ctrl Pts',(-84.1961478082143,-10.4999999999999,51.4999999999999));
#3960=CARTESIAN_POINT('Ctrl Pts',(-83.8734893640708,-10.6077649695934,51.4999999999999));
#3961=CARTESIAN_POINT('Ctrl Pts',(-83.5496578339123,-10.7167999310045,51.4567778382398));
#3962=CARTESIAN_POINT('Ctrl Pts',(-83.242393002383,-10.820471079553,51.371225081473));
#3963=CARTESIAN_POINT('Ctrl Pts',(-84.1961478082143,-11.0983986006837,51.4999999999999));
#3964=CARTESIAN_POINT('Ctrl Pts',(-83.8741860870741,-11.1855299939141,51.5332460031497));
#3965=CARTESIAN_POINT('Ctrl Pts',(-83.5389066693842,-11.2713948945101,51.5172493372147));
#3966=CARTESIAN_POINT('Ctrl Pts',(-83.2149664010862,-11.3506234191594,51.4527991097444));
#3967=CARTESIAN_POINT('Ctrl Pts',(-84.1961478082143,-12.1344007425564,52.0021169780136));
#3968=CARTESIAN_POINT('Ctrl Pts',(-83.8195172698599,-12.1606418636853,52.0534004651372));
#3969=CARTESIAN_POINT('Ctrl Pts',(-83.4255965670025,-12.1853387894494,52.0448897708667));
#3970=CARTESIAN_POINT('Ctrl Pts',(-83.0415645874551,-12.2078938965354,51.9685423582198));
#3971=CARTESIAN_POINT('Ctrl Pts',(-84.1961478082144,-12.5,53.0512010494871));
#3972=CARTESIAN_POINT('Ctrl Pts',(-83.7071978363173,-12.4997270076688,53.0664314326015));
#3973=CARTESIAN_POINT('Ctrl Pts',(-83.2131191177084,-12.5001680805137,53.0034499164638));
#3974=CARTESIAN_POINT('Ctrl Pts',(-82.741627929739,-12.5,52.8606339860298));
#3975=CARTESIAN_POINT('Ctrl Pts',(-84.1961478082144,-12.5,53.4999999999999));
#3976=CARTESIAN_POINT('Ctrl Pts',(-83.6592400082946,-12.5,53.5));
#3977=CARTESIAN_POINT('Ctrl Pts',(-83.1221681568464,-12.5,53.4135556764797));
#3978=CARTESIAN_POINT('Ctrl Pts',(-82.6132547173961,-12.5,53.242450162946));
#3979=CARTESIAN_POINT('Ctrl Pts',(-82.6132547173961,-12.5,53.242450162946));
#3980=CARTESIAN_POINT('Ctrl Pts',(-83.1221681568464,-12.5,53.4135556764797));
#3981=CARTESIAN_POINT('Ctrl Pts',(-83.6592400082946,-12.5,53.5));
#3982=CARTESIAN_POINT('Ctrl Pts',(-84.1961478082144,-12.5,53.4999999999999));
#3983=CARTESIAN_POINT('Ctrl Pts',(-80.1911837685405,-13.3185235526564,49.4999999999999));
#3984=CARTESIAN_POINT('Ctrl Pts',(-80.1919368331045,-13.3174949749901,49.5027867282341));
#3985=CARTESIAN_POINT('Ctrl Pts',(-80.1926905448695,-13.3164638512915,49.5055783043274));
#3986=CARTESIAN_POINT('Ctrl Pts',(-80.4529057378504,-12.964297293931,50.4630098906061));
#3987=CARTESIAN_POINT('Ctrl Pts',(-80.8282641159321,-12.6809240774672,51.4458411644333));
#3988=CARTESIAN_POINT('Ctrl Pts',(-81.3260655055632,-12.5581689987769,52.2401834409161));
#3989=CARTESIAN_POINT('Ctrl Pts',(-80.1911837685405,-13.3185235526564,49.4999999999999));
#3990=CARTESIAN_POINT('Ctrl Pts',(-80.1919364957227,-13.3168943484863,49.5023619450426));
#3991=CARTESIAN_POINT('Ctrl Pts',(-80.193573536316,-13.3158249780285,49.5046127634255));
#3992=CARTESIAN_POINT('Ctrl Pts',(-80.5497255429511,-12.8178597996817,50.302346243876));
#3993=CARTESIAN_POINT('Ctrl Pts',(-81.1518470978207,-12.4795159494237,51.1235846372778));
#3994=CARTESIAN_POINT('Ctrl Pts',(-81.7415747433725,-12.4557067111131,51.6877292944681));
#3995=CARTESIAN_POINT('Ctrl Pts',(-80.1911837685405,-13.3185235526564,49.4999999999999));
#3996=CARTESIAN_POINT('Ctrl Pts',(-80.1921887700783,-13.3164880068154,49.5018982727562));
#3997=CARTESIAN_POINT('Ctrl Pts',(-80.1942184706438,-13.3149996725051,49.5036800230881));
#3998=CARTESIAN_POINT('Ctrl Pts',(-80.6517866917285,-12.6777572014078,50.1434054563132));
#3999=CARTESIAN_POINT('Ctrl Pts',(-81.3549404292522,-12.1800834876661,50.7925984512082));
#4000=CARTESIAN_POINT('Ctrl Pts',(-82.0542830497444,-11.9704902851089,51.1458233267533));
#4001=CARTESIAN_POINT('Ctrl Pts',(-80.1911837685405,-13.3185235526564,49.4999999999999));
#4002=CARTESIAN_POINT('Ctrl Pts',(-80.1928365112629,-13.3162661442832,49.5013933641184));
#4003=CARTESIAN_POINT('Ctrl Pts',(-80.1944895381669,-13.3140035536615,49.5027891521637));
#4004=CARTESIAN_POINT('Ctrl Pts',(-80.7644798233839,-12.5396971589599,49.9815049453022));
#4005=CARTESIAN_POINT('Ctrl Pts',(-81.4232618588187,-11.8014397913955,50.4729205822167));
#4006=CARTESIAN_POINT('Ctrl Pts',(-82.1166806436201,-11.3314044907166,50.870091720458));
#4007=CARTESIAN_POINT('',(-81.3260655055632,-12.5581689987769,52.2401834408952));
#4008=CARTESIAN_POINT('',(-82.11668064362,-11.3314044907166,50.870091720458));
#4009=CARTESIAN_POINT('Origin',(-80.8472206844689,-10.6163379975538,52.2401834409161));
#4010=CARTESIAN_POINT('',(-80.1911837685405,-13.3185235526564,49.4999999999999));
#4011=CARTESIAN_POINT('Ctrl Pts',(-82.1166806436201,-11.3314044907166,50.870091720458));
#4012=CARTESIAN_POINT('Ctrl Pts',(-81.4232618588187,-11.8014397913955,50.4729205822167));
#4013=CARTESIAN_POINT('Ctrl Pts',(-80.7644798233839,-12.5396971589599,49.9815049453022));
#4014=CARTESIAN_POINT('Ctrl Pts',(-80.1944895381669,-13.3140035536615,49.5027891521637));
#4015=CARTESIAN_POINT('Ctrl Pts',(-80.1928365112629,-13.3162661442832,49.5013933641184));
#4016=CARTESIAN_POINT('Ctrl Pts',(-80.1911837685405,-13.3185235526564,49.4999999999999));
#4017=CARTESIAN_POINT('Ctrl Pts',(-80.1911837685405,-13.3185235526564,49.4999999999999));
#4018=CARTESIAN_POINT('Ctrl Pts',(-80.1919368331045,-13.3174949749901,49.5027867282341));
#4019=CARTESIAN_POINT('Ctrl Pts',(-80.1926905448695,-13.3164638512915,49.5055783043274));
#4020=CARTESIAN_POINT('Ctrl Pts',(-80.4529057378504,-12.964297293931,50.4630098906061));
#4021=CARTESIAN_POINT('Ctrl Pts',(-80.8282641159321,-12.6809240774672,51.4458411644333));
#4022=CARTESIAN_POINT('Ctrl Pts',(-81.3260655055632,-12.5581689987769,52.2401834409161));
#4023=CARTESIAN_POINT('Ctrl Pts',(-82.7602714081207,-10.9933519889019,51.1995894087436));
#4024=CARTESIAN_POINT('Ctrl Pts',(-82.5444935760835,-11.0721084471882,51.1041675404251));
#4025=CARTESIAN_POINT('Ctrl Pts',(-82.3289251741646,-11.1875341140864,50.9916595285844));
#4026=CARTESIAN_POINT('Ctrl Pts',(-82.1166806436197,-11.3314044907168,50.8700917204578));
#4027=CARTESIAN_POINT('Ctrl Pts',(-82.7005757888798,-11.4812411801102,51.3084891131606));
#4028=CARTESIAN_POINT('Ctrl Pts',(-82.5018189876749,-11.52280484227,51.2367025754673));
#4029=CARTESIAN_POINT('Ctrl Pts',(-82.2917991576187,-11.5962116152127,51.1399512093676));
#4030=CARTESIAN_POINT('Ctrl Pts',(-82.0810248756906,-11.6965963732265,51.0276526383406));
#4031=CARTESIAN_POINT('Ctrl Pts',(-82.4339732996206,-12.2441393435644,51.7948385747516));
#4032=CARTESIAN_POINT('Ctrl Pts',(-82.263979186592,-12.2214590371278,51.7049148888639));
#4033=CARTESIAN_POINT('Ctrl Pts',(-82.073672794622,-12.2242831935918,51.5884358522086));
#4034=CARTESIAN_POINT('Ctrl Pts',(-81.8816720238181,-12.2570509248327,51.4507366771696));
#4035=CARTESIAN_POINT('Ctrl Pts',(-82.0101065033419,-12.5,52.5680773720685));
#4036=CARTESIAN_POINT('Ctrl Pts',(-81.8382357532995,-12.482705095801,52.3984151384535));
#4037=CARTESIAN_POINT('Ctrl Pts',(-81.6668332088398,-12.4876887156838,52.2068729588942));
#4038=CARTESIAN_POINT('Ctrl Pts',(-81.5041408931954,-12.514256589778,52.0034173781506));
#4039=CARTESIAN_POINT('Ctrl Pts',(-81.8286064164349,-12.5,52.8991788174872));
#4040=CARTESIAN_POINT('Ctrl Pts',(-81.6466722837735,-12.5,52.6961886671797));
#4041=CARTESIAN_POINT('Ctrl Pts',(-81.4784346431797,-12.5205956093337,52.4721237155919));
#4042=CARTESIAN_POINT('Ctrl Pts',(-81.326065505563,-12.5581689987769,52.2401834409138));
#4043=CARTESIAN_POINT('Ctrl Pts',(-81.326065505563,-12.5581689987769,52.2401834409138));
#4044=CARTESIAN_POINT('Ctrl Pts',(-81.4784346431797,-12.5205956093337,52.4721237155919));
#4045=CARTESIAN_POINT('Ctrl Pts',(-81.6466722837735,-12.5,52.6961886671797));
#4046=CARTESIAN_POINT('Ctrl Pts',(-81.8286064164349,-12.5,52.8991788174872));
#4047=CARTESIAN_POINT('Ctrl Pts',(-82.7602714081207,-10.9933519889019,51.1995894087436));
#4048=CARTESIAN_POINT('Ctrl Pts',(-82.5444935760835,-11.0721084471882,51.1041675404251));
#4049=CARTESIAN_POINT('Ctrl Pts',(-82.3289251741646,-11.1875341140864,50.9916595285844));
#4050=CARTESIAN_POINT('Ctrl Pts',(-82.1166806436197,-11.3314044907168,50.8700917204578));
#4051=CARTESIAN_POINT('Origin',(-105.000000111759,-12.5,59.7917130661303));
#4052=CARTESIAN_POINT('',(-88.2598165591259,-12.5,58.6950896733425));
#4053=CARTESIAN_POINT('Ctrl Pts',(-88.2598165591258,-12.5,58.6950896733425));
#4054=CARTESIAN_POINT('Ctrl Pts',(-87.2760911251812,-12.5,58.6950896733425));
#4055=CARTESIAN_POINT('Ctrl Pts',(-85.2846610982026,-12.5,58.4072192996472));
#4056=CARTESIAN_POINT('Ctrl Pts',(-82.8191728508054,-12.5,56.5823277164856));
#4057=CARTESIAN_POINT('Ctrl Pts',(-81.9960191962892,-12.5,54.4121742772984));
#4058=CARTESIAN_POINT('Ctrl Pts',(-81.8474294681533,-12.5,53.1691727149624));
#4059=CARTESIAN_POINT('Ctrl Pts',(-81.8280207167255,-12.5,52.8992209264586));
#4060=CARTESIAN_POINT('',(-100.545559130868,-12.5,58.6950896733425));
#4061=CARTESIAN_POINT('',(-79.5000001117587,-12.5,58.6950896733425));
#4062=CARTESIAN_POINT('',(-100.545559130868,-12.5,58.7515823418685));
#4063=CARTESIAN_POINT('',(-100.545559130868,-12.5,69.1458565330651));
#4064=CARTESIAN_POINT('',(-79.5000001117587,-12.5,58.7515823418685));
#4065=CARTESIAN_POINT('Ctrl Pts',(-88.2598165591258,-13.3185235526564,60.3088162314595));
#4066=CARTESIAN_POINT('Ctrl Pts',(-87.1079570819545,-13.2122636318037,60.2310189162003));
#4067=CARTESIAN_POINT('Ctrl Pts',(-84.7654944219832,-13.0246340249533,59.7243560753292));
#4068=CARTESIAN_POINT('Ctrl Pts',(-81.742886119068,-12.9533183908609,57.3839895900457));
#4069=CARTESIAN_POINT('Ctrl Pts',(-80.4788809578534,-13.1174907011291,54.5381935188513));
#4070=CARTESIAN_POINT('Ctrl Pts',(-80.2300824261701,-13.26539359223,52.8161131794598));
#4071=CARTESIAN_POINT('Ctrl Pts',(-80.1911837685405,-13.3185235526564,52.2401834408741));
#4072=CARTESIAN_POINT('Ctrl Pts',(-88.2598165591258,-12.8135224241668,59.9390838649745));
#4073=CARTESIAN_POINT('Ctrl Pts',(-87.1462212537181,-12.7680714791509,59.8531186401301));
#4074=CARTESIAN_POINT('Ctrl Pts',(-84.90143292238,-12.6925422541615,59.3637777539639));
#4075=CARTESIAN_POINT('Ctrl Pts',(-82.0458703655721,-12.6656421730161,57.1610435885644));
#4076=CARTESIAN_POINT('Ctrl Pts',(-80.8530510694013,-12.7289742571826,54.4549885366625));
#4077=CARTESIAN_POINT('Ctrl Pts',(-80.6038987474477,-12.7907969516588,52.7969810935781));
#4078=CARTESIAN_POINT('Ctrl Pts',(-80.5609161350255,-12.8135224241668,52.2401834408741));
#4079=CARTESIAN_POINT('Ctrl Pts',(-88.2598165591258,-12.5,59.3209715812152));
#4080=CARTESIAN_POINT('Ctrl Pts',(-87.2106899627355,-12.5011793470477,59.276441713962));
#4081=CARTESIAN_POINT('Ctrl Pts',(-85.0925700060012,-12.5022379582561,58.8863309723505));
#4082=CARTESIAN_POINT('Ctrl Pts',(-82.4320502983955,-12.5026842446394,56.872098223995));
#4083=CARTESIAN_POINT('Ctrl Pts',(-81.3826115438296,-12.5017667598159,54.327348911025));
#4084=CARTESIAN_POINT('Ctrl Pts',(-81.2012933524114,-12.5005896735239,52.7647467390694));
#4085=CARTESIAN_POINT('Ctrl Pts',(-81.1790284187848,-12.5,52.2401834408741));
#4086=CARTESIAN_POINT('Ctrl Pts',(-88.2598165591258,-12.5,58.6950896733425));
#4087=CARTESIAN_POINT('Ctrl Pts',(-87.2760911251812,-12.5,58.6950896733425));
#4088=CARTESIAN_POINT('Ctrl Pts',(-85.2846610982026,-12.5,58.4072192996472));
#4089=CARTESIAN_POINT('Ctrl Pts',(-82.8191728508054,-12.5,56.5823277164856));
#4090=CARTESIAN_POINT('Ctrl Pts',(-81.9150229462643,-12.5,54.1986366350994));
#4091=CARTESIAN_POINT('Ctrl Pts',(-81.8049103266575,-12.5,52.7320461578466));
#4092=CARTESIAN_POINT('Ctrl Pts',(-81.8049103266575,-12.5,52.2401834408741));
#4093=CARTESIAN_POINT('',(-80.1911837685405,-13.3185235526564,52.2401834408742));
#4094=CARTESIAN_POINT('Origin',(-81.8049103266575,-14.5,52.2401834408742));
#4095=CARTESIAN_POINT('',(-88.2598165591259,-13.3185235526564,60.3088162314595));
#4096=CARTESIAN_POINT('Ctrl Pts',(-80.1911837685405,-13.3185235526564,52.2401834408741));
#4097=CARTESIAN_POINT('Ctrl Pts',(-80.2300824261701,-13.26539359223,52.8161131794598));
#4098=CARTESIAN_POINT('Ctrl Pts',(-80.4788809578534,-13.1174907011291,54.5381935188513));
#4099=CARTESIAN_POINT('Ctrl Pts',(-81.742886119068,-12.9533183908609,57.3839895900457));
#4100=CARTESIAN_POINT('Ctrl Pts',(-84.7654944219832,-13.0246340249533,59.7243560753292));
#4101=CARTESIAN_POINT('Ctrl Pts',(-87.1079570819545,-13.2122636318037,60.2310189162003));
#4102=CARTESIAN_POINT('Ctrl Pts',(-88.2598165591258,-13.3185235526564,60.3088162314595));
#4103=CARTESIAN_POINT('Origin',(-88.2598165591259,-14.5,58.6950896733425));
#4104=CARTESIAN_POINT('Origin',(-81.8049103266575,-14.5,36.));
#4105=CARTESIAN_POINT('',(-80.1911837685405,-13.3185235526564,36.));
#4106=CARTESIAN_POINT('Origin',(-79.5000001117587,14.5,58.7515823418685));
#4107=CARTESIAN_POINT('',(-100.545559130868,12.5,58.7515823418685));
#4108=CARTESIAN_POINT('',(-100.545559130868,13.3163265306122,60.3636980690629));
#4109=CARTESIAN_POINT('Origin',(-100.545559130868,14.5,58.7515823418685));
#4110=CARTESIAN_POINT('',(-79.5000001117587,12.5,58.7515823418685));
#4111=CARTESIAN_POINT('',(-79.5000001117587,13.3163265306122,60.3636980690629));
#4112=CARTESIAN_POINT('Origin',(-105.000000111759,12.5,51.4999999999999));
#4113=CARTESIAN_POINT('',(-100.545559130868,12.5,58.6950896733425));
#4114=CARTESIAN_POINT('',(-100.545559130868,12.5,64.9999999999999));
#4115=CARTESIAN_POINT('',(-88.2598165591258,12.5,58.6950896733425));
#4116=CARTESIAN_POINT('',(-79.5000001117587,12.5,58.6950896733425));
#4117=CARTESIAN_POINT('Ctrl Pts',(-81.8280207167255,12.5,52.8992209264585));
#4118=CARTESIAN_POINT('Ctrl Pts',(-81.8474294681533,12.5,53.1691727149624));
#4119=CARTESIAN_POINT('Ctrl Pts',(-81.9960191962893,12.5,54.4121742772985));
#4120=CARTESIAN_POINT('Ctrl Pts',(-82.8191728508053,12.5,56.5823277164854));
#4121=CARTESIAN_POINT('Ctrl Pts',(-85.2846610982028,12.5,58.4072192996473));
#4122=CARTESIAN_POINT('Ctrl Pts',(-87.2760911251811,12.5,58.6950896733425));
#4123=CARTESIAN_POINT('Ctrl Pts',(-88.2598165591258,12.5,58.6950896733425));
#4124=CARTESIAN_POINT('Origin',(-79.5000001117587,-14.5,58.7515823418685));
#4125=CARTESIAN_POINT('',(-100.545559130868,-13.3163265306122,60.3636980690629));
#4126=CARTESIAN_POINT('Origin',(-100.545559130868,-14.5,58.7515823418685));
#4127=CARTESIAN_POINT('',(-79.5000001117587,-13.3163265306122,60.3636980690629));
#4128=CARTESIAN_POINT('Origin',(-100.545559130868,0.,78.5));
#4129=CARTESIAN_POINT('Origin',(-100.545559130868,0.,78.5));
#4130=CARTESIAN_POINT('',(-100.545559130868,-13.3185235526564,60.3088162314595));
#4131=CARTESIAN_POINT('Origin',(-100.545559130868,-14.5,58.6950896733425));
#4132=CARTESIAN_POINT('',(-100.545559130868,13.3185235526564,60.3088162314595));
#4133=CARTESIAN_POINT('Origin',(-100.545559130868,0.,78.5));
#4134=CARTESIAN_POINT('Origin',(-100.545559130868,14.5,58.6950896733425));
#4135=CARTESIAN_POINT('Origin',(-62.,0.,49.4999999999999));
#4136=CARTESIAN_POINT('Origin',(-62.,0.,49.4999999999999));
#4137=CARTESIAN_POINT('Origin',(-79.5000001117587,-14.5,58.6950896733425));
#4138=CARTESIAN_POINT('',(-79.5000001117587,-13.3185235526564,60.3088162314595));
#4139=CARTESIAN_POINT('Ctrl Pts',(-73.6899759224911,-19.2781404563576,61.6249781646374));
#4140=CARTESIAN_POINT('Ctrl Pts',(-76.2200500212177,-17.7439413792636,57.9726989859478));
#4141=CARTESIAN_POINT('Ctrl Pts',(-78.4432531758497,-15.7059448385503,54.7634022322495));
#4142=CARTESIAN_POINT('Ctrl Pts',(-80.1911837685405,-13.3185235526564,52.2401834408741));
#4143=CARTESIAN_POINT('Ctrl Pts',(-74.4846651031781,-18.7962528277699,62.7118767930296));
#4144=CARTESIAN_POINT('Ctrl Pts',(-77.0947529934201,-17.0691548132241,59.3433466242881));
#4145=CARTESIAN_POINT('Ctrl Pts',(-79.2830816213403,-14.8284494516916,56.4418726488842));
#4146=CARTESIAN_POINT('Ctrl Pts',(-80.8861497955277,-12.3693001151008,54.2316518858442));
#4147=CARTESIAN_POINT('Ctrl Pts',(-76.1574853230189,-18.4199254030031,64.6128963324291));
#4148=CARTESIAN_POINT('Ctrl Pts',(-79.1008672487122,-16.5378499217724,61.7388606668411));
#4149=CARTESIAN_POINT('Ctrl Pts',(-81.5339913126952,-14.1108588640214,59.3791209609792));
#4150=CARTESIAN_POINT('Ctrl Pts',(-83.27816370067,-11.5786923986367,57.7035219929269));
#4151=CARTESIAN_POINT('Ctrl Pts',(-78.0598478640684,-18.9167247349168,66.2140071919937));
#4152=CARTESIAN_POINT('Ctrl Pts',(-81.4997199658718,-17.2387913137915,63.6235612992618));
#4153=CARTESIAN_POINT('Ctrl Pts',(-84.475343501302,-15.0460685906069,61.4290486521516));
#4154=CARTESIAN_POINT('Ctrl Pts',(-86.7662152253983,-12.6066059744897,59.7875917112191));
#4155=CARTESIAN_POINT('Ctrl Pts',(-78.8750218353626,-19.2781404563576,66.8100240775089));
#4156=CARTESIAN_POINT('Ctrl Pts',(-82.5273010140522,-17.7439413792636,64.2799499787823));
#4157=CARTESIAN_POINT('Ctrl Pts',(-85.7365977677505,-15.7059448385503,62.0567468241503));
#4158=CARTESIAN_POINT('Ctrl Pts',(-88.2598165591259,-13.3185235526564,60.3088162314595));
#4159=CARTESIAN_POINT('',(-74.1229223846901,-19.0088660729212,60.9999998882413));
#4160=CARTESIAN_POINT('Origin',(-62.,0.,78.5));
#4161=CARTESIAN_POINT('',(-78.4668139108815,-18.8329994336182,65.9999999997141));
#4162=CARTESIAN_POINT('Ctrl Pts',(-78.4668139108815,-18.8329994336182,65.9999999994282));
#4163=CARTESIAN_POINT('Ctrl Pts',(-77.878675558817,-18.7438941966544,65.7402146897077));
#4164=CARTESIAN_POINT('Ctrl Pts',(-77.320817520322,-18.6803331887488,65.411010085076));
#4165=CARTESIAN_POINT('Ctrl Pts',(-76.1844912492516,-18.6109117449482,64.5242333010853));
#4166=CARTESIAN_POINT('Ctrl Pts',(-75.6471433631442,-18.6212292808176,63.9503919415461));
#4167=CARTESIAN_POINT('Ctrl Pts',(-74.7216562461742,-18.7403238063533,62.5951240252123));
#4168=CARTESIAN_POINT('Ctrl Pts',(-74.3659606430928,-18.8551672956915,61.8234178940842));
#4169=CARTESIAN_POINT('Ctrl Pts',(-74.1256957152441,-19.007101130071,61.0094396778925));
#4170=CARTESIAN_POINT('Ctrl Pts',(-74.1243070135369,-19.0079830245596,61.0047202449605));
#4171=CARTESIAN_POINT('Ctrl Pts',(-74.1229223846372,-19.0088660729549,60.9999998883175));
#4172=CARTESIAN_POINT('',(-79.5000001117587,-19.0088660729212,66.3770776153099));
#4173=CARTESIAN_POINT('Ctrl Pts',(-79.5000001116825,-19.0088660729549,66.3770776153628));
#4174=CARTESIAN_POINT('Ctrl Pts',(-79.4952797550402,-19.0079830245597,66.3756929864632));
#4175=CARTESIAN_POINT('Ctrl Pts',(-79.4905603221069,-19.0071011300709,66.3743042847558));
#4176=CARTESIAN_POINT('Ctrl Pts',(-79.138019712924,-18.941297346306,66.2702435834445));
#4177=CARTESIAN_POINT('Ctrl Pts',(-78.7976183540134,-18.8831175872656,66.1461189090539));
#4178=CARTESIAN_POINT('Ctrl Pts',(-78.4668139109852,-18.8329994336339,65.999999999474));
#4179=CARTESIAN_POINT('Origin',(-62.,0.,78.5));
#4180=CARTESIAN_POINT('Ctrl Pts',(-82.0894141091912,-10.2331655548469,49.4999999999999));
#4181=CARTESIAN_POINT('Ctrl Pts',(-83.0077173395788,-8.43038285049333,48.1743867423661));
#4182=CARTESIAN_POINT('Ctrl Pts',(-84.3560647488195,-4.57614582460614,46.2279847888072));
#4183=CARTESIAN_POINT('Ctrl Pts',(-84.6986937077449,0.516059653238809,45.7333840127553));
#4184=CARTESIAN_POINT('Ctrl Pts',(-84.0180521136092,5.53975725636118,46.7159216877043));
#4185=CARTESIAN_POINT('Ctrl Pts',(-83.0077173395788,8.43038285049333,48.1743867423661));
#4186=CARTESIAN_POINT('Ctrl Pts',(-82.0894141091912,10.2331655548469,49.4999999999999));
#4187=CARTESIAN_POINT('Ctrl Pts',(-82.3389217770831,-9.74334030606781,50.7111164888494));
#4188=CARTESIAN_POINT('Ctrl Pts',(-83.1902234917993,-7.96304601476859,49.4878834239352));
#4189=CARTESIAN_POINT('Ctrl Pts',(-84.386629497951,-4.250711914996,47.7276164685627));
#4190=CARTESIAN_POINT('Ctrl Pts',(-84.6762083709581,0.474684779996708,47.2904755075168));
#4191=CARTESIAN_POINT('Ctrl Pts',(-84.0891682485434,5.17875089231611,48.1671698242497));
#4192=CARTESIAN_POINT('Ctrl Pts',(-83.1902234917993,7.96304601476859,49.4878834239352));
#4193=CARTESIAN_POINT('Ctrl Pts',(-82.3389217770831,9.74334030606781,50.7111164888494));
#4194=CARTESIAN_POINT('Ctrl Pts',(-82.8278526035268,-9.37573131446595,51.9217251991278));
#4195=CARTESIAN_POINT('Ctrl Pts',(-83.6496807685379,-7.6099307677189,50.8006974309337));
#4196=CARTESIAN_POINT('Ctrl Pts',(-84.763830648519,-4.0011802668524,49.2261592309488));
#4197=CARTESIAN_POINT('Ctrl Pts',(-85.0215888795668,0.44272332076266,48.8463008832519));
#4198=CARTESIAN_POINT('Ctrl Pts',(-84.4888348998862,4.90331001703077,49.6174463909354));
#4199=CARTESIAN_POINT('Ctrl Pts',(-83.6496807685379,7.6099307677189,50.8006974309337));
#4200=CARTESIAN_POINT('Ctrl Pts',(-82.8278526035268,9.37573131446595,51.9217251991278));
#4201=CARTESIAN_POINT('Ctrl Pts',(-83.518193251517,-9.15891940114743,53.0377038656878));
#4202=CARTESIAN_POINT('Ctrl Pts',(-84.346319343671,-7.40153539419753,52.0007193707216));
#4203=CARTESIAN_POINT('Ctrl Pts',(-85.4495738491077,-3.85384406192057,50.5740657883933));
#4204=CARTESIAN_POINT('Ctrl Pts',(-85.6989354766231,0.42379439314273,50.2385463001216));
#4205=CARTESIAN_POINT('Ctrl Pts',(-85.1782384391587,4.74075666072613,50.9271444064626));
#4206=CARTESIAN_POINT('Ctrl Pts',(-84.346319343671,7.40153539419753,52.0007193707216));
#4207=CARTESIAN_POINT('Ctrl Pts',(-83.518193251517,9.15891940114743,53.0377038656878));
#4208=CARTESIAN_POINT('Origin',(-62.,0.,78.5));
#4209=CARTESIAN_POINT('Ctrl Pts',(-80.1911837685405,13.3185235526564,52.2401834408742));
#4210=CARTESIAN_POINT('Ctrl Pts',(-80.2300824261701,13.26539359223,52.8161131794598));
#4211=CARTESIAN_POINT('Ctrl Pts',(-80.4788809578535,13.1174907011291,54.5381935188514));
#4212=CARTESIAN_POINT('Ctrl Pts',(-81.7428861190679,12.9533183908609,57.3839895900456));
#4213=CARTESIAN_POINT('Ctrl Pts',(-84.7654944219833,13.0246340249533,59.7243560753293));
#4214=CARTESIAN_POINT('Ctrl Pts',(-87.1079570819545,13.2122636318037,60.2310189162003));
#4215=CARTESIAN_POINT('Ctrl Pts',(-88.2598165591258,13.3185235526564,60.3088162314595));
#4216=CARTESIAN_POINT('Ctrl Pts',(-80.5609161350255,12.8135224241668,52.2401834408742));
#4217=CARTESIAN_POINT('Ctrl Pts',(-80.6038987474477,12.7907969516588,52.7969810935781));
#4218=CARTESIAN_POINT('Ctrl Pts',(-80.8530510694013,12.7289742571826,54.4549885366626));
#4219=CARTESIAN_POINT('Ctrl Pts',(-82.0458703655721,12.6656421730161,57.1610435885643));
#4220=CARTESIAN_POINT('Ctrl Pts',(-84.9014329223802,12.6925422541615,59.363777753964));
#4221=CARTESIAN_POINT('Ctrl Pts',(-87.146221253718,12.7680714791509,59.8531186401301));
#4222=CARTESIAN_POINT('Ctrl Pts',(-88.2598165591258,12.8135224241668,59.9390838649745));
#4223=CARTESIAN_POINT('Ctrl Pts',(-81.1790284187848,12.5,52.2401834408742));
#4224=CARTESIAN_POINT('Ctrl Pts',(-81.2012933524114,12.5005896735238,52.7647467390694));
#4225=CARTESIAN_POINT('Ctrl Pts',(-81.3826115438297,12.5017667598159,54.3273489110251));
#4226=CARTESIAN_POINT('Ctrl Pts',(-82.4320502983954,12.5026842446394,56.8720982239949));
#4227=CARTESIAN_POINT('Ctrl Pts',(-85.0925700060015,12.5022379582561,58.8863309723506));
#4228=CARTESIAN_POINT('Ctrl Pts',(-87.2106899627354,12.5011793470477,59.276441713962));
#4229=CARTESIAN_POINT('Ctrl Pts',(-88.2598165591258,12.5,59.3209715812152));
#4230=CARTESIAN_POINT('Ctrl Pts',(-81.8049103266575,12.5,52.2401834408742));
#4231=CARTESIAN_POINT('Ctrl Pts',(-81.8049103266575,12.5,52.7320461578466));
#4232=CARTESIAN_POINT('Ctrl Pts',(-81.9150229462644,12.5,54.1986366350995));
#4233=CARTESIAN_POINT('Ctrl Pts',(-82.8191728508053,12.5,56.5823277164854));
#4234=CARTESIAN_POINT('Ctrl Pts',(-85.2846610982028,12.5,58.4072192996473));
#4235=CARTESIAN_POINT('Ctrl Pts',(-87.2760911251811,12.5,58.6950896733425));
#4236=CARTESIAN_POINT('Ctrl Pts',(-88.2598165591258,12.5,58.6950896733425));
#4237=CARTESIAN_POINT('',(-88.2598165591259,13.3185235526564,60.3088162314595));
#4238=CARTESIAN_POINT('Origin',(-88.2598165591258,14.5,58.6950896733425));
#4239=CARTESIAN_POINT('',(-80.1911837685405,13.3185235526564,52.2401834408742));
#4240=CARTESIAN_POINT('Ctrl Pts',(-88.2598165591258,13.3185235526564,60.3088162314595));
#4241=CARTESIAN_POINT('Ctrl Pts',(-87.1079570819545,13.2122636318037,60.2310189162003));
#4242=CARTESIAN_POINT('Ctrl Pts',(-84.7654944219833,13.0246340249533,59.7243560753293));
#4243=CARTESIAN_POINT('Ctrl Pts',(-81.7428861190679,12.9533183908609,57.3839895900456));
#4244=CARTESIAN_POINT('Ctrl Pts',(-80.4788809578535,13.1174907011291,54.5381935188514));
#4245=CARTESIAN_POINT('Ctrl Pts',(-80.2300824261701,13.26539359223,52.8161131794598));
#4246=CARTESIAN_POINT('Ctrl Pts',(-80.1911837685405,13.3185235526564,52.2401834408742));
#4247=CARTESIAN_POINT('Origin',(-81.8049103266575,14.5,52.2401834408742));
#4248=CARTESIAN_POINT('Origin',(-79.5000001117587,14.5,58.6950896733425));
#4249=CARTESIAN_POINT('',(-79.5000001117587,13.3185235526564,60.3088162314595));
#4250=CARTESIAN_POINT('Origin',(-81.8049103266576,14.5,36.));
#4251=CARTESIAN_POINT('',(-80.1911837685405,13.3185235526564,36.));
#4252=CARTESIAN_POINT('Origin',(-62.,0.,36.));
#4253=CARTESIAN_POINT('',(-74.1229223846901,19.0088660729212,60.9999998882413));
#4254=CARTESIAN_POINT('Origin',(-62.,0.,78.5));
#4255=CARTESIAN_POINT('',(-39.5346436368467,1.9,60.9999998882413));
#4256=CARTESIAN_POINT('Origin',(-62.,0.,60.9999998882413));
#4257=CARTESIAN_POINT('',(-39.5346436368467,1.9,60.6000009834766));
#4258=CARTESIAN_POINT('',(-39.5346436368467,1.90000000000001,36.));
#4259=CARTESIAN_POINT('',(-39.4544408691319,2.76103468246051E-15,60.6000009834766));
#4260=CARTESIAN_POINT('Origin',(-62.,0.,60.6000009834766));
#4261=CARTESIAN_POINT('',(-39.4544408691319,2.76103468246051E-15,36.));
#4262=CARTESIAN_POINT('',(-39.4544408691319,2.76103468246051E-15,33.4999999999998));
#4263=CARTESIAN_POINT('Origin',(-62.,0.,33.5));
#4264=CARTESIAN_POINT('',(-39.4544408691319,2.76103468246051E-15,28.5));
#4265=CARTESIAN_POINT('',(-39.4544408691319,2.76103468246051E-15,36.));
#4266=CARTESIAN_POINT('Origin',(-62.,0.,28.5));
#4267=CARTESIAN_POINT('Origin',(-62.,0.,33.5));
#4268=CARTESIAN_POINT('',(-39.5346436368467,-1.90000000000001,60.6000009834766));
#4269=CARTESIAN_POINT('Origin',(-62.,0.,60.6000009834766));
#4270=CARTESIAN_POINT('',(-39.5346436368467,-1.90000000000001,60.9999998882413));
#4271=CARTESIAN_POINT('',(-39.5346436368467,-1.90000000000009,36.));
#4272=CARTESIAN_POINT('Origin',(-62.,0.,60.9999998882413));
#4273=CARTESIAN_POINT('Ctrl Pts',(-80.1911837685405,13.3185235526564,52.2401834408742));
#4274=CARTESIAN_POINT('Ctrl Pts',(-78.4432531758523,15.7059448385468,54.7634022322458));
#4275=CARTESIAN_POINT('Ctrl Pts',(-76.2200500212243,17.7439413792576,57.9726989859383));
#4276=CARTESIAN_POINT('Ctrl Pts',(-73.6899759225023,19.2781404563508,61.6249781646213));
#4277=CARTESIAN_POINT('Ctrl Pts',(-80.8861497955277,12.3693001151008,54.2316518858442));
#4278=CARTESIAN_POINT('Ctrl Pts',(-79.2830816213426,14.828449451688,56.441872648881));
#4279=CARTESIAN_POINT('Ctrl Pts',(-77.0947529934266,17.0691548132175,59.3433466242796));
#4280=CARTESIAN_POINT('Ctrl Pts',(-74.4846651031896,18.7962528277623,62.7118767930147));
#4281=CARTESIAN_POINT('Ctrl Pts',(-83.27816370067,11.5786923986367,57.7035219929269));
#4282=CARTESIAN_POINT('Ctrl Pts',(-81.5339913126977,14.1108588640177,59.3791209609768));
#4283=CARTESIAN_POINT('Ctrl Pts',(-79.1008672487195,16.5378499217653,61.7388606668341));
#4284=CARTESIAN_POINT('Ctrl Pts',(-76.1574853230319,18.4199254029948,64.6128963324164));
#4285=CARTESIAN_POINT('Ctrl Pts',(-86.7662152253983,12.6066059744897,59.7875917112191));
#4286=CARTESIAN_POINT('Ctrl Pts',(-84.4753435013054,15.0460685906033,61.4290486521492));
#4287=CARTESIAN_POINT('Ctrl Pts',(-81.4997199658806,17.238791313785,63.6235612992553));
#4288=CARTESIAN_POINT('Ctrl Pts',(-78.0598478640836,18.9167247349094,66.2140071919822));
#4289=CARTESIAN_POINT('Ctrl Pts',(-88.2598165591259,13.3185235526564,60.3088162314595));
#4290=CARTESIAN_POINT('Ctrl Pts',(-85.7365977677543,15.7059448385468,62.0567468241477));
#4291=CARTESIAN_POINT('Ctrl Pts',(-82.5273010140617,17.7439413792576,64.2799499787757));
#4292=CARTESIAN_POINT('Ctrl Pts',(-78.8750218353787,19.2781404563508,66.8100240774977));
#4293=CARTESIAN_POINT('',(-79.5000001117587,19.0088660729212,66.3770776153099));
#4294=CARTESIAN_POINT('Origin',(-62.,0.,78.5));
#4295=CARTESIAN_POINT('',(-78.4668139117845,18.832999433755,65.9999999999136));
#4296=CARTESIAN_POINT('Ctrl Pts',(-78.4668139118159,18.8329994337597,65.999999999841));
#4297=CARTESIAN_POINT('Ctrl Pts',(-78.7980559682555,18.8831838875284,66.1463122066431));
#4298=CARTESIAN_POINT('Ctrl Pts',(-79.1384837649744,18.9413839642817,66.270380559266));
#4299=CARTESIAN_POINT('Ctrl Pts',(-79.4905603394069,19.0071011333044,66.374304289869));
#4300=CARTESIAN_POINT('Ctrl Pts',(-79.4952797378005,19.0079830212881,66.3756929813335));
#4301=CARTESIAN_POINT('Ctrl Pts',(-79.5000001117563,19.0088660729222,66.3770776153116));
#4302=CARTESIAN_POINT('Ctrl Pts',(-74.1229223846884,19.0088660729222,60.9999998882437));
#4303=CARTESIAN_POINT('Ctrl Pts',(-74.1243070185374,19.0079830213705,61.0047202617591));
#4304=CARTESIAN_POINT('Ctrl Pts',(-74.125695710262,19.0071011332215,61.0094396610321));
#4305=CARTESIAN_POINT('Ctrl Pts',(-74.4122902265068,18.8258703387176,61.9803749322217));
#4306=CARTESIAN_POINT('Ctrl Pts',(-74.8629026772522,18.6980324190416,62.8894717627616));
#4307=CARTESIAN_POINT('Ctrl Pts',(-75.9757670999398,18.6109117448449,64.3155091515615));
#4308=CARTESIAN_POINT('Ctrl Pts',(-76.549608414461,18.6212293006154,64.8528569220952));
#4309=CARTESIAN_POINT('Ctrl Pts',(-77.6020976457868,18.7137170879652,65.5715820687121));
#4310=CARTESIAN_POINT('Ctrl Pts',(-78.0263427010786,18.7662663402961,65.8054404213586));
#4311=CARTESIAN_POINT('Ctrl Pts',(-78.4668139117845,18.832999433755,65.9999999998271));
#4312=CARTESIAN_POINT('Ctrl Pts',(-81.3872443827243,-6.80108485791235,49.4999999999999));
#4313=CARTESIAN_POINT('Ctrl Pts',(-81.0914339302859,-7.64432526031909,49.5000000000062));
#4314=CARTESIAN_POINT('Ctrl Pts',(-80.2773132710256,-9.56265855505581,49.560568409048));
#4315=CARTESIAN_POINT('Ctrl Pts',(-79.1741447729532,-11.3272726679695,49.9553276508729));
#4316=CARTESIAN_POINT('Ctrl Pts',(-78.5413081994029,-12.1862678065257,50.4339349223563));
#4317=CARTESIAN_POINT('Ctrl Pts',(-81.3872443827258,-6.80108485790795,50.0983986006752));
#4318=CARTESIAN_POINT('Ctrl Pts',(-81.094789481869,-7.6317267241164,50.0738676325375));
#4319=CARTESIAN_POINT('Ctrl Pts',(-80.298570303769,-9.50945736648228,50.0696629654472));
#4320=CARTESIAN_POINT('Ctrl Pts',(-79.2446351191127,-11.2172207876607,50.3751046372863));
#4321=CARTESIAN_POINT('Ctrl Pts',(-78.6446196546326,-12.0460356494278,50.7844262019998));
#4322=CARTESIAN_POINT('Ctrl Pts',(-80.9134459182823,-6.63487539054981,51.1344097737956));
#4323=CARTESIAN_POINT('Ctrl Pts',(-80.6773556492576,-7.4375919925105,51.0708419597613));
#4324=CARTESIAN_POINT('Ctrl Pts',(-80.0289600086425,-9.24550689369962,50.9586494170262));
#4325=CARTESIAN_POINT('Ctrl Pts',(-79.1558834300126,-10.882945164018,51.1071872968975));
#4326=CARTESIAN_POINT('Ctrl Pts',(-78.6582957470048,-11.6782530918982,51.3965820019305));
#4327=CARTESIAN_POINT('Ctrl Pts',(-79.9234967358122,-6.28759919893908,51.49999999999));
#4328=CARTESIAN_POINT('Ctrl Pts',(-79.7668452094166,-7.06123483538293,51.4714812219674));
#4329=CARTESIAN_POINT('Ctrl Pts',(-79.3314163501643,-8.81575915612366,51.4342958536619));
#4330=CARTESIAN_POINT('Ctrl Pts',(-78.7268681302764,-10.4220059082689,51.5900963663299));
#4331=CARTESIAN_POINT('Ctrl Pts',(-78.3777730779174,-11.2034088434781,51.8310492963836));
#4332=CARTESIAN_POINT('Ctrl Pts',(-79.5000001117117,-6.13903571974173,51.4999999999999));
#4333=CARTESIAN_POINT('Ctrl Pts',(-79.3664926660812,-6.90019119108996,51.5000000000031));
#4334=CARTESIAN_POINT('Ctrl Pts',(-78.999057476564,-8.63178502719075,51.530284204524));
#4335=CARTESIAN_POINT('Ctrl Pts',(-78.5011669961444,-10.2246234194561,51.7276638254364));
#4336=CARTESIAN_POINT('Ctrl Pts',(-78.215550332704,-10.999999987879,51.9669674611781));
#4337=CARTESIAN_POINT('',(-79.3528095720406,-10.9999999980226,49.9464582532422));
#4338=CARTESIAN_POINT('',(-78.2155503423397,-10.9999999808383,51.9669674531049));
#4339=CARTESIAN_POINT('Ctrl Pts',(-79.3528095708101,-10.9999999999636,49.946458254395));
#4340=CARTESIAN_POINT('Ctrl Pts',(-79.3528095708104,-10.9999999999632,50.1841888608545));
#4341=CARTESIAN_POINT('Ctrl Pts',(-79.3060383599807,-10.9999999999645,50.4184147019438));
#4342=CARTESIAN_POINT('Ctrl Pts',(-79.1214462353333,-10.9999999999637,50.916268252139));
#4343=CARTESIAN_POINT('Ctrl Pts',(-78.9679064213913,-10.9999999999617,51.1685155405323));
#4344=CARTESIAN_POINT('Ctrl Pts',(-78.6149168572643,-10.9999999999613,51.6061974300795));
#4345=CARTESIAN_POINT('Ctrl Pts',(-78.4221341789787,-10.9999999999611,51.7938813900269));
#4346=CARTESIAN_POINT('Ctrl Pts',(-78.2155503423397,-10.999999999961,51.9669674531049));
#4347=CARTESIAN_POINT('',(-81.3872443827243,-6.80108485791235,49.4999999999999));
#4348=CARTESIAN_POINT('Ctrl Pts',(-79.3512299457686,-10.9996735911952,49.9444002592659));
#4349=CARTESIAN_POINT('Ctrl Pts',(-79.7002525258636,-10.448311419965,49.7810753892223));
#4350=CARTESIAN_POINT('Ctrl Pts',(-80.4779186236466,-9.08996704101785,49.545643905026));
#4351=CARTESIAN_POINT('Ctrl Pts',(-81.0914339302859,-7.64432526031909,49.5000000000062));
#4352=CARTESIAN_POINT('Ctrl Pts',(-81.3872443827243,-6.80108485791235,49.4999999999999));
#4353=CARTESIAN_POINT('',(-79.5000001117352,-6.13903571974173,51.4999999999999));
#4354=CARTESIAN_POINT('Origin',(-79.5000001116646,-6.13903571974173,49.4999999999999));
#4355=CARTESIAN_POINT('Ctrl Pts',(-79.5000001117117,-6.13903571974173,51.4999999999999));
#4356=CARTESIAN_POINT('Ctrl Pts',(-79.3664926660812,-6.90019119108996,51.5000000000031));
#4357=CARTESIAN_POINT('Ctrl Pts',(-78.9990574775233,-8.63178502267011,51.5302842044449));
#4358=CARTESIAN_POINT('Ctrl Pts',(-78.5011669987441,-10.2246234111393,51.7276638244058));
#4359=CARTESIAN_POINT('Ctrl Pts',(-78.2155503366187,-10.9999999772516,51.9669674578982));
#4360=CARTESIAN_POINT('Origin',(-62.,0.,49.4999999999999));
#4361=CARTESIAN_POINT('',(-81.3872443828285,6.80108485761521,49.4999999999999));
#4362=CARTESIAN_POINT('',(-79.5000001117587,6.13903571947352,51.4999999999999));
#4363=CARTESIAN_POINT('Origin',(-79.5000001117587,6.13903571947352,49.4999999999999));
#4364=CARTESIAN_POINT('Origin',(-62.,7.10542735760099E-16,51.4999999999999));
#4365=CARTESIAN_POINT('Origin',(-62.,0.,49.4999999999999));
#4366=CARTESIAN_POINT('Ctrl Pts',(-79.5000001117587,6.13903571947352,51.4999999999999));
#4367=CARTESIAN_POINT('Ctrl Pts',(-79.3664865222733,6.90022621833477,51.4999999999999));
#4368=CARTESIAN_POINT('Ctrl Pts',(-78.9992017251808,8.63123286618866,51.5302464751914));
#4369=CARTESIAN_POINT('Ctrl Pts',(-78.5011761918433,10.2245984567886,51.7276561194167));
#4370=CARTESIAN_POINT('Ctrl Pts',(-78.2155503282493,10.9999999999724,51.9669674649105));
#4371=CARTESIAN_POINT('Ctrl Pts',(-80.064662277237,6.33712035839747,51.4999999999999));
#4372=CARTESIAN_POINT('Ctrl Pts',(-79.8997793667488,7.11486064693688,51.4611326059847));
#4373=CARTESIAN_POINT('Ctrl Pts',(-79.4417541012944,8.87640729584739,51.401095559791));
#4374=CARTESIAN_POINT('Ctrl Pts',(-78.8024696240856,10.4879202802899,51.5445530348498));
#4375=CARTESIAN_POINT('Ctrl Pts',(-78.4318473205463,11.2712118075624,51.7857432452214));
#4376=CARTESIAN_POINT('Ctrl Pts',(-81.0422653528681,6.68006551053684,50.9978938638458));
#4377=CARTESIAN_POINT('Ctrl Pts',(-80.7916122613023,7.48725604575113,50.9379391230752));
#4378=CARTESIAN_POINT('Ctrl Pts',(-80.1066910746077,9.30341735811741,50.836588690256));
#4379=CARTESIAN_POINT('Ctrl Pts',(-79.194359471298,10.9471466176035,51.0046369996377));
#4380=CARTESIAN_POINT('Ctrl Pts',(-78.6765977018808,11.744900856822,51.3104520691));
#4381=CARTESIAN_POINT('Ctrl Pts',(-81.3872443828285,6.80108485761522,49.9487989505128));
#4382=CARTESIAN_POINT('Ctrl Pts',(-81.0943718496697,7.63498626497233,49.9309933424569));
#4383=CARTESIAN_POINT('Ctrl Pts',(-80.2941216455871,9.52224841165179,49.9431754674991));
#4384=CARTESIAN_POINT('Ctrl Pts',(-79.2267556937768,11.2445892465998,50.2699241976096));
#4385=CARTESIAN_POINT('Ctrl Pts',(-78.6187917813444,12.0810937017496,50.6968033887453));
#4386=CARTESIAN_POINT('Ctrl Pts',(-81.3872443828285,6.80108485761522,49.4999999999999));
#4387=CARTESIAN_POINT('Ctrl Pts',(-81.0914203175425,7.64436406499045,49.4999999999999));
#4388=CARTESIAN_POINT('Ctrl Pts',(-80.2776328805304,9.5620468476148,49.5604929503829));
#4389=CARTESIAN_POINT('Ctrl Pts',(-79.1741651477259,11.3272450132647,49.9553122388334));
#4390=CARTESIAN_POINT('Ctrl Pts',(-78.5413081895327,12.1862678199233,50.4339349298211));
#4391=CARTESIAN_POINT('',(-78.2155503282495,10.9999999999725,51.9669674649104));
#4392=CARTESIAN_POINT('',(-79.3528095723916,10.9999999974687,49.9464582529205));
#4393=CARTESIAN_POINT('Ctrl Pts',(-78.2155503282522,10.9999999999647,51.9669674649081));
#4394=CARTESIAN_POINT('Ctrl Pts',(-78.356888337693,10.9999999999646,51.8485475543896));
#4395=CARTESIAN_POINT('Ctrl Pts',(-78.4918658699705,10.9999999997942,51.7232110894276));
#4396=CARTESIAN_POINT('Ctrl Pts',(-78.826372516255,10.999999999794,51.3640966180674));
#4397=CARTESIAN_POINT('Ctrl Pts',(-79.0076803516572,10.9999999999641,51.1150525690034));
#4398=CARTESIAN_POINT('Ctrl Pts',(-79.2063060632643,10.9999999999639,50.6994887658313));
#4399=CARTESIAN_POINT('Ctrl Pts',(-79.2599232930872,10.9999999999584,50.5533285690724));
#4400=CARTESIAN_POINT('Ctrl Pts',(-79.3331940238674,10.9999999999582,50.2529875687757));
#4401=CARTESIAN_POINT('Ctrl Pts',(-79.3528095708101,10.9999999999637,50.1002122324486));
#4402=CARTESIAN_POINT('Ctrl Pts',(-79.3528095708102,10.9999999999636,49.946458254395));
#4403=CARTESIAN_POINT('Ctrl Pts',(-78.2155503282493,10.9999999999724,51.9669674649105));
#4404=CARTESIAN_POINT('Ctrl Pts',(-78.5011761918433,10.2245984567886,51.7276561194167));
#4405=CARTESIAN_POINT('Ctrl Pts',(-78.9992017251808,8.63123286618866,51.5302464751914));
#4406=CARTESIAN_POINT('Ctrl Pts',(-79.3664865222733,6.90022621833477,51.4999999999999));
#4407=CARTESIAN_POINT('Ctrl Pts',(-79.5000001117587,6.13903571947352,51.4999999999999));
#4408=CARTESIAN_POINT('Ctrl Pts',(-81.3872443828285,6.80108485761522,49.4999999999999));
#4409=CARTESIAN_POINT('Ctrl Pts',(-81.0914203175425,7.64436406499045,49.4999999999999));
#4410=CARTESIAN_POINT('Ctrl Pts',(-80.4781337320587,9.08956839268926,49.5455887044931));
#4411=CARTESIAN_POINT('Ctrl Pts',(-79.7003251679472,10.4481701061982,49.7810558075006));
#4412=CARTESIAN_POINT('Ctrl Pts',(-79.3512230268202,10.9996639960631,49.9444163289531));
#4413=CARTESIAN_POINT('Origin',(-64.571821597551,10.9999999999732,63.9612232498278));
#4414=CARTESIAN_POINT('',(-79.3528095707871,11.,33.5));
#4415=CARTESIAN_POINT('',(-79.3528095708123,10.9999999999603,41.));
#4416=CARTESIAN_POINT('',(-53.3235952146081,10.999999999968,33.5));
#4417=CARTESIAN_POINT('',(-44.647190429213,11.,41.));
#4418=CARTESIAN_POINT('',(-44.6471904291943,10.9999999999705,41.));
#4419=CARTESIAN_POINT('',(-45.007706165722,10.999999999891,66.));
#4420=CARTESIAN_POINT('Origin',(-79.5000001117603,10.9999999999704,60.9999998882392));
#4421=CARTESIAN_POINT('',(-72.500000111777,11.,95.1426175788638));
#4422=CARTESIAN_POINT('Origin',(-79.5000001117603,10.9999999999704,60.9999998882392));
#4423=CARTESIAN_POINT('',(-77.5000001117587,10.9999999999655,53.4999999999999));
#4424=CARTESIAN_POINT('',(-77.5000001117587,10.9999999999678,59.8035398914444));
#4425=CARTESIAN_POINT('Origin',(-79.5000001117587,10.9999999999732,53.4999999999999));
#4426=CARTESIAN_POINT('Origin',(-62.,0.,41.));
#4427=CARTESIAN_POINT('',(-79.3528095707871,-11.,33.5));
#4428=CARTESIAN_POINT('',(-79.3528095707997,-10.9999999999801,41.));
#4429=CARTESIAN_POINT('Origin',(-62.,0.,33.5));
#4430=CARTESIAN_POINT('',(-79.3528095708123,10.9999999999603,41.));
#4431=CARTESIAN_POINT('Origin',(-79.5000001117587,-6.25000000000001,53.4999999999999));
#4432=CARTESIAN_POINT('',(-77.5000001117587,-10.9999999999588,53.4999999999999));
#4433=CARTESIAN_POINT('',(-77.5000001117587,-6.25000000000001,53.4999999999999));
#4434=CARTESIAN_POINT('Origin',(-79.5000001117587,-10.9999999999519,53.4999999999999));
#4435=CARTESIAN_POINT('',(-79.5000001117587,-6.25000000000001,51.4999999999999));
#4436=CARTESIAN_POINT('Origin',(-105.000000111759,-12.5,51.4999999999999));
#4437=CARTESIAN_POINT('Origin',(-105.000000111759,12.5,51.4999999999999));
#4438=CARTESIAN_POINT('',(-78.2705114735126,12.5,51.4999999999999));
#4439=CARTESIAN_POINT('',(-78.2705114735165,12.5,59.7917130661303));
#4440=CARTESIAN_POINT('',(-78.2705114735101,12.5,46.2500000000063));
#4441=CARTESIAN_POINT('',(-78.3055205375357,12.5,51.4999999999999));
#4442=CARTESIAN_POINT('',(-105.000000111759,12.5,51.4999999999999));
#4443=CARTESIAN_POINT('',(-78.3055205375357,12.5,59.7917130661303));
#4444=CARTESIAN_POINT('',(-78.3055205375357,12.5,41.));
#4445=CARTESIAN_POINT('',(-79.5000001117587,12.5,59.7917130661303));
#4446=CARTESIAN_POINT('Origin',(-105.000000111759,-12.5,51.4999999999999));
#4447=CARTESIAN_POINT('',(-78.2705114735126,-12.5,51.4999999999999));
#4448=CARTESIAN_POINT('',(-79.3528095707997,-10.9999999999801,51.4999999999999));
#4449=CARTESIAN_POINT('',(-82.6657964704749,-6.40839962482087,51.4999999999999));
#4450=CARTESIAN_POINT('',(-78.3055205375357,-12.5,51.4999999999999));
#4451=CARTESIAN_POINT('',(-105.000000111759,-12.5,51.4999999999999));
#4452=CARTESIAN_POINT('Origin',(-62.,0.,51.4999999999999));
#4453=CARTESIAN_POINT('Origin',(-105.000000111759,-12.5,51.4999999999999));
#4454=CARTESIAN_POINT('',(-79.3528095708123,10.9999999999603,51.4999999999999));
#4455=CARTESIAN_POINT('',(-88.5970737771668,-1.81199361286593,51.4999999999999));
#4456=CARTESIAN_POINT('Origin',(-62.,0.,51.4999999999999));
#4457=CARTESIAN_POINT('Origin',(-105.000000111759,-12.5,59.7917130661303));
#4458=CARTESIAN_POINT('',(-78.2705114735165,-12.5,59.7917130661303));
#4459=CARTESIAN_POINT('',(-78.270511473512,-12.5,50.3958565330714));
#4460=CARTESIAN_POINT('',(-78.3055205375357,-12.5,59.7917130661303));
#4461=CARTESIAN_POINT('',(-79.5000001117587,-12.5,59.7917130661303));
#4462=CARTESIAN_POINT('',(-78.3055205375357,-12.5,41.));
#4463=CARTESIAN_POINT('Origin',(-79.5000001117587,0.,78.5));
#4464=CARTESIAN_POINT('Origin',(-79.5000001117587,0.,78.5));
#4465=CARTESIAN_POINT('Origin',(-79.5000001117587,0.,78.5));
#4466=CARTESIAN_POINT('',(-77.9097454410974,12.99999999999,60.1356323277789));
#4467=CARTESIAN_POINT('Ctrl Pts',(-78.3055205375357,12.5,59.7917130661303));
#4468=CARTESIAN_POINT('Ctrl Pts',(-78.1753250505675,12.6698324149325,59.9051871214599));
#4469=CARTESIAN_POINT('Ctrl Pts',(-78.0433210739545,12.8365265910653,60.0199107111232));
#4470=CARTESIAN_POINT('Ctrl Pts',(-77.9097454410936,12.9999999999846,60.1356323277821));
#4471=CARTESIAN_POINT('Origin',(-87.2896622841881,0.,78.5));
#4472=CARTESIAN_POINT('Origin',(-62.,0.,41.));
#4473=CARTESIAN_POINT('',(-79.3528095708123,10.9999999999603,41.));
#4474=CARTESIAN_POINT('',(-77.9097454410811,13.,33.5));
#4475=CARTESIAN_POINT('Origin',(-62.,0.,33.5));
#4476=CARTESIAN_POINT('',(-77.9097454402404,13.0000000010288,50.9999999441206));
#4477=CARTESIAN_POINT('Origin',(-79.5000001117587,10.5,58.6002512578676));
#4478=CARTESIAN_POINT('',(-79.5000001117587,10.5,53.5));
#4479=CARTESIAN_POINT('',(-105.000000111759,10.5,53.4999999999999));
#4480=CARTESIAN_POINT('',(-79.5000001117587,10.5,64.));
#4481=CARTESIAN_POINT('',(-79.5000001117587,10.5,53.5));
#4482=CARTESIAN_POINT('',(-77.5000001117587,10.5,64.));
#4483=CARTESIAN_POINT('',(-79.5000001117587,10.5,64.));
#4484=CARTESIAN_POINT('',(-77.5000001117587,10.5,76.));
#4485=CARTESIAN_POINT('',(-77.5000001117587,10.5,76.));
#4486=CARTESIAN_POINT('',(-79.5000001117587,10.5,76.));
#4487=CARTESIAN_POINT('',(-79.5000001117587,10.5,76.));
#4488=CARTESIAN_POINT('',(-79.5000001117587,10.5,88.5));
#4489=CARTESIAN_POINT('',(-79.5000001117587,10.5,53.5));
#4490=CARTESIAN_POINT('',(-79.5000001117587,10.5,88.5));
#4491=CARTESIAN_POINT('Origin',(-62.,0.,41.));
#4492=CARTESIAN_POINT('',(-77.9097454410974,-12.99999999999,60.1356323277789));
#4493=CARTESIAN_POINT('Ctrl Pts',(-77.9097454410936,-12.9999999999846,60.1356323277821));
#4494=CARTESIAN_POINT('Ctrl Pts',(-78.0433208636578,-12.8365268484319,60.0199108933111));
#4495=CARTESIAN_POINT('Ctrl Pts',(-78.1753249430954,-12.6698325551235,59.9051872151289));
#4496=CARTESIAN_POINT('Ctrl Pts',(-78.3055205375376,-12.4999999999975,59.7917130661286));
#4497=CARTESIAN_POINT('',(-77.9097454410811,-13.,41.));
#4498=CARTESIAN_POINT('',(-77.9097454403758,-13.0000000008631,50.9999999441206));
#4499=CARTESIAN_POINT('',(-77.9097454410811,-13.,33.5));
#4500=CARTESIAN_POINT('',(-77.9097454410811,-12.9999999999999,41.));
#4501=CARTESIAN_POINT('Origin',(-62.,0.,33.5));
#4502=CARTESIAN_POINT('',(-79.3528095707997,-10.9999999999801,41.));
#4503=CARTESIAN_POINT('Origin',(-64.5718215975655,-10.9999999999519,63.9612232498752));
#4504=CARTESIAN_POINT('',(-77.5000001117587,-10.9999999998539,95.7953780695553));
#4505=CARTESIAN_POINT('',(-77.5000001117587,-10.9999999999472,59.8035398914803));
#4506=CARTESIAN_POINT('',(-72.500000111777,-11.,95.1426175788639));
#4507=CARTESIAN_POINT('Origin',(-79.500000111764,-10.9999999999475,60.9999998882514));
#4508=CARTESIAN_POINT('',(-45.007706165722,-10.999999999891,66.));
#4509=CARTESIAN_POINT('',(-72.500000111777,-11.,95.1426175788639));
#4510=CARTESIAN_POINT('Origin',(-79.500000111764,-10.9999999999475,60.9999998882514));
#4511=CARTESIAN_POINT('',(-44.6471904292213,-11.0000000000132,41.));
#4512=CARTESIAN_POINT('',(-44.647190429213,-11.,41.));
#4513=CARTESIAN_POINT('',(-70.6764047853988,-10.9999999999884,33.5));
#4514=CARTESIAN_POINT('',(-79.3528095707997,-10.9999999999801,41.));
#4515=CARTESIAN_POINT('Origin',(-105.000000111759,-10.5,53.4999999999999));
#4516=CARTESIAN_POINT('',(-79.5000001117587,-10.5,53.5));
#4517=CARTESIAN_POINT('',(-105.000000111759,-10.5,53.4999999999999));
#4518=CARTESIAN_POINT('',(-79.5000001117587,-10.5,53.5));
#4519=CARTESIAN_POINT('Origin',(-46.090254558919,13.,41.));
#4520=CARTESIAN_POINT('',(-46.090254558919,13.,41.));
#4521=CARTESIAN_POINT('',(-46.090254558919,13.,41.));
#4522=CARTESIAN_POINT('',(-46.090254558919,13.,33.5));
#4523=CARTESIAN_POINT('',(-45.7294885264925,12.5,33.5));
#4524=CARTESIAN_POINT('',(-46.090254558919,13.,41.));
#4525=CARTESIAN_POINT('Origin',(-62.,0.,33.5));
#4526=CARTESIAN_POINT('',(-78.9920435383606,11.5,33.5));
#4527=CARTESIAN_POINT('Origin',(-62.,0.,33.5));
#4528=CARTESIAN_POINT('',(-69.9548727190656,12.9999999999793,33.5));
#4529=CARTESIAN_POINT('Origin',(-62.,0.,33.5));
#4530=CARTESIAN_POINT('Origin',(-62.,0.,33.5));
#4531=CARTESIAN_POINT('Origin',(-62.,0.,33.5));
#4532=CARTESIAN_POINT('Origin',(-62.,0.,33.5));
#4533=CARTESIAN_POINT('',(-61.0000001117587,-6.00000008940697,33.5));
#4534=CARTESIAN_POINT('Origin',(-62.0000001117587,-6.00000008940697,33.5));
#4535=CARTESIAN_POINT('',(-55.,0.,33.5));
#4536=CARTESIAN_POINT('Origin',(-56.,-8.16340507940888E-17,33.5));
#4537=CARTESIAN_POINT('',(-61.0000001117587,6.00000008940697,33.5));
#4538=CARTESIAN_POINT('Origin',(-62.0000001117587,6.00000008940697,33.5));
#4539=CARTESIAN_POINT('',(-67.,0.,33.5));
#4540=CARTESIAN_POINT('Origin',(-68.,-8.16340507940888E-17,33.5));
#4541=CARTESIAN_POINT('Origin',(-62.,0.,41.));
#4542=CARTESIAN_POINT('',(-46.090254558919,13.,41.));
#4543=CARTESIAN_POINT('',(-46.090254558919,13.,60.9999998882413));
#4544=CARTESIAN_POINT('',(-46.0902545538599,12.9999999938086,50.9999999441206));
#4545=CARTESIAN_POINT('',(-77.5000001117587,13.4859184535381,60.9999998882413));
#4546=CARTESIAN_POINT('Origin',(-62.,0.,60.9999998882413));
#4547=CARTESIAN_POINT('',(-77.5000001117587,13.4859184535381,60.4894474414436));
#4548=CARTESIAN_POINT('',(-77.5000001117587,13.4859184535381,41.));
#4549=CARTESIAN_POINT('Ctrl Pts',(-77.9097454410936,12.9999999999846,60.1356323277821));
#4550=CARTESIAN_POINT('Ctrl Pts',(-77.7746865824311,13.1652886200529,60.252638918983));
#4551=CARTESIAN_POINT('Ctrl Pts',(-77.638020528431,13.327285099702,60.3706661621414));
#4552=CARTESIAN_POINT('Ctrl Pts',(-77.5000001117587,13.4859184535381,60.4894474414436));
#4553=CARTESIAN_POINT('Origin',(-44.6471904292129,-11.,41.));
#4554=CARTESIAN_POINT('',(-46.090254558919,-13.,41.));
#4555=CARTESIAN_POINT('',(-46.090254558919,-13.,41.));
#4556=CARTESIAN_POINT('',(-46.090254558919,-13.,33.5));
#4557=CARTESIAN_POINT('',(-46.090254558919,-13.,41.));
#4558=CARTESIAN_POINT('',(-45.0079564616395,-11.5,33.5));
#4559=CARTESIAN_POINT('Origin',(-46.090254558919,-12.999999999447,41.));
#4560=CARTESIAN_POINT('',(-63.3480868738005,-13.0000000020241,41.));
#4561=CARTESIAN_POINT('',(-77.9097454410811,-12.9999999999999,41.));
#4562=CARTESIAN_POINT('',(-54.0451272784888,-13.0000000006349,33.5));
#4563=CARTESIAN_POINT('Origin',(-62.,0.,41.));
#4564=CARTESIAN_POINT('Origin',(-62.,0.,60.9999998882413));
#4565=CARTESIAN_POINT('Origin',(-62.,0.,41.));
#4566=CARTESIAN_POINT('',(-46.090254558919,-13.,41.));
#4567=CARTESIAN_POINT('',(-46.090254558919,-13.,60.9999998882413));
#4568=CARTESIAN_POINT('',(-46.0902545557416,-12.9999999961114,50.9999999441206));
#4569=CARTESIAN_POINT('Origin',(-62.,0.,60.9999998882413));
#4570=CARTESIAN_POINT('Origin',(-62.,0.,33.5));
#4571=CARTESIAN_POINT('Origin',(-62.,0.,33.5));
#4572=CARTESIAN_POINT('Origin',(-62.,0.,33.5));
#4573=CARTESIAN_POINT('Origin',(-62.,0.,33.5));
#4574=CARTESIAN_POINT('Origin',(-62.,0.,33.5));
#4575=CARTESIAN_POINT('',(-78.2705114735076,-12.5,33.5));
#4576=CARTESIAN_POINT('Origin',(-68.,-8.16340507940888E-17,28.5));
#4577=CARTESIAN_POINT('',(-67.,4.08306291206461E-17,28.5));
#4578=CARTESIAN_POINT('',(-67.,4.08306291206461E-17,28.5));
#4579=CARTESIAN_POINT('Origin',(-68.,-8.16340507940888E-17,28.5));
#4580=CARTESIAN_POINT('Origin',(-62.0000001117587,6.00000008940697,28.5));
#4581=CARTESIAN_POINT('',(-61.0000001117587,6.00000008940697,28.5));
#4582=CARTESIAN_POINT('',(-61.0000001117587,6.00000008940697,28.5));
#4583=CARTESIAN_POINT('Origin',(-62.0000001117587,6.00000008940697,28.5));
#4584=CARTESIAN_POINT('Origin',(-56.,-8.16340507940888E-17,28.5));
#4585=CARTESIAN_POINT('',(-55.,4.08306291206461E-17,28.5));
#4586=CARTESIAN_POINT('',(-55.,4.08306291206461E-17,28.5));
#4587=CARTESIAN_POINT('Origin',(-56.,-8.16340507940888E-17,28.5));
#4588=CARTESIAN_POINT('Origin',(-62.0000001117587,-6.00000008940697,28.5));
#4589=CARTESIAN_POINT('',(-61.0000001117587,-6.00000008940697,28.5));
#4590=CARTESIAN_POINT('',(-61.0000001117587,-6.00000008940697,28.5));
#4591=CARTESIAN_POINT('Origin',(-62.0000001117587,-6.00000008940697,28.5));
#4592=CARTESIAN_POINT('Origin',(-62.,0.,28.5));
#4593=CARTESIAN_POINT('Origin',(-62.,0.,41.));
#4594=CARTESIAN_POINT('',(-77.5000001117587,-13.4859184535381,60.4894474414436));
#4595=CARTESIAN_POINT('Ctrl Pts',(-77.5000001117587,-13.4859184535381,60.4894474414437));
#4596=CARTESIAN_POINT('Ctrl Pts',(-77.638020528431,-13.327285099702,60.3706661621414));
#4597=CARTESIAN_POINT('Ctrl Pts',(-77.7746865824311,-13.1652886200529,60.252638918983));
#4598=CARTESIAN_POINT('Ctrl Pts',(-77.9097454410936,-12.9999999999846,60.1356323277821));
#4599=CARTESIAN_POINT('',(-77.5000001117587,-13.4859184535381,60.9999998882413));
#4600=CARTESIAN_POINT('',(-77.5000001117587,-13.4859184535381,41.));
#4601=CARTESIAN_POINT('Origin',(-62.,0.,60.9999998882413));
#4602=CARTESIAN_POINT('Origin',(-41.9544408691319,-1.9,63.4000009834766));
#4603=CARTESIAN_POINT('',(-41.6184333980821,-1.9,63.4000009834766));
#4604=CARTESIAN_POINT('Origin',(-79.5000001117587,-1.90000000000001,60.9999998882413));
#4605=CARTESIAN_POINT('',(-39.6067712012073,-1.9,63.4000009834766));
#4606=CARTESIAN_POINT('',(-41.9544408691319,-1.9,63.4000009834766));
#4607=CARTESIAN_POINT('Origin',(-79.5000001117587,-1.90000000000001,60.9999998882413));
#4608=CARTESIAN_POINT('',(-41.9544408691319,-1.90000000000001,60.6000009834766));
#4609=CARTESIAN_POINT('Origin',(-41.9544408691319,-1.90000000000001,60.6000009834766));
#4610=CARTESIAN_POINT('',(-41.9544408691319,1.9,60.6000009834766));
#4611=CARTESIAN_POINT('Origin',(-41.9544408691319,1.9,63.4000009834766));
#4612=CARTESIAN_POINT('',(-41.6184333980821,1.9,63.4000009834766));
#4613=CARTESIAN_POINT('Ctrl Pts',(-41.6184333980821,1.9,63.4000009834766));
#4614=CARTESIAN_POINT('Ctrl Pts',(-41.5579824591808,1.25042020809606,63.4000009834766));
#4615=CARTESIAN_POINT('Ctrl Pts',(-41.5302151133274,0.611543190007389,63.4000009834766));
#4616=CARTESIAN_POINT('Ctrl Pts',(-41.5302151133274,-0.611543190007388,
63.4000009834766));
#4617=CARTESIAN_POINT('Ctrl Pts',(-41.5579824591808,-1.25042020809607,63.4000009834766));
#4618=CARTESIAN_POINT('Ctrl Pts',(-41.6184333980821,-1.9,63.4000009834766));
#4619=CARTESIAN_POINT('',(-39.6067712012073,1.9,63.4000009834766));
#4620=CARTESIAN_POINT('',(-41.9544408691319,1.9,63.4000009834766));
#4621=CARTESIAN_POINT('Ctrl Pts',(-39.6067712012072,-1.9,63.4000009834766));
#4622=CARTESIAN_POINT('Ctrl Pts',(-39.5517770371205,-1.2509295849142,63.4000009834766));
#4623=CARTESIAN_POINT('Ctrl Pts',(-39.526423716875,-0.612970269141063,63.4000009834766));
#4624=CARTESIAN_POINT('Ctrl Pts',(-39.526423716875,0.612970269141063,63.4000009834766));
#4625=CARTESIAN_POINT('Ctrl Pts',(-39.5517770371205,1.2509295849142,63.4000009834766));
#4626=CARTESIAN_POINT('Ctrl Pts',(-39.6067712012072,1.9,63.4000009834766));
#4627=CARTESIAN_POINT('Origin',(-41.9544408691319,1.9,60.6000009834766));
#4628=CARTESIAN_POINT('Origin',(-79.5000001117587,1.9,60.9999998882413));
#4629=CARTESIAN_POINT('Origin',(-79.5000001117587,1.9,60.9999998882413));
#4630=CARTESIAN_POINT('Ctrl Pts',(-74.725537826709,18.6108281262407,60.9999998882413));
#4631=CARTESIAN_POINT('Ctrl Pts',(-74.725537826709,18.6108281262407,65.774462173291));
#4632=CARTESIAN_POINT('Ctrl Pts',(-79.5000001117587,18.6108281262407,65.774462173291));
#4633=CARTESIAN_POINT('Ctrl Pts',(-58.28645997478,29.8513868817093,60.9999998882413));
#4634=CARTESIAN_POINT('Ctrl Pts',(-58.28645997478,29.8513868817093,82.21354002522));
#4635=CARTESIAN_POINT('Ctrl Pts',(-79.5000001117587,29.8513868817093,82.21354002522));
#4636=CARTESIAN_POINT('Ctrl Pts',(-45.1024879987081,14.9256934408311,60.9999998882413));
#4637=CARTESIAN_POINT('Ctrl Pts',(-45.102487998708,14.9256934408311,95.397512001292));
#4638=CARTESIAN_POINT('Ctrl Pts',(-79.5000001117587,14.9256934408311,95.3975120012919));
#4639=CARTESIAN_POINT('Ctrl Pts',(-31.9185160226362,-4.72188954603325E-11,
60.9999998882413));
#4640=CARTESIAN_POINT('Ctrl Pts',(-31.9185160226361,-4.72188954603325E-11,
108.581483977364));
#4641=CARTESIAN_POINT('Ctrl Pts',(-79.5000001117587,-4.72188954603325E-11,
108.581483977364));
#4642=CARTESIAN_POINT('Ctrl Pts',(-45.1024879987549,-14.9256934408841,60.9999998882413));
#4643=CARTESIAN_POINT('Ctrl Pts',(-45.1024879987549,-14.9256934408841,95.3975120012451));
#4644=CARTESIAN_POINT('Ctrl Pts',(-79.5000001117587,-14.9256934408841,95.3975120012451));
#4645=CARTESIAN_POINT('Ctrl Pts',(-58.2864599748737,-29.851386881721,60.9999998882413));
#4646=CARTESIAN_POINT('Ctrl Pts',(-58.2864599748737,-29.851386881721,82.2135400251263));
#4647=CARTESIAN_POINT('Ctrl Pts',(-79.5000001117587,-29.851386881721,82.2135400251263));
#4648=CARTESIAN_POINT('Ctrl Pts',(-74.7255378267674,-18.6108281262007,60.9999998882413));
#4649=CARTESIAN_POINT('Ctrl Pts',(-74.7255378267674,-18.6108281262007,65.7744621732326));
#4650=CARTESIAN_POINT('Ctrl Pts',(-79.5000001117587,-18.6108281262007,65.7744621732326));
#4651=CARTESIAN_POINT('',(-77.5000001117587,-12.9341151217034,96.9108301284468));
#4652=CARTESIAN_POINT('Ctrl Pts',(-77.5000001117587,-12.9341151217034,96.9108301284468));
#4653=CARTESIAN_POINT('Ctrl Pts',(-77.5000001117587,-12.7965672910815,97.0073193567027));
#4654=CARTESIAN_POINT('Ctrl Pts',(-77.5000001117587,-12.6578045362857,97.1023637737467));
#4655=CARTESIAN_POINT('Ctrl Pts',(-77.5000001117587,-11.2570913091109,98.0388908956361));
#4656=CARTESIAN_POINT('Ctrl Pts',(-77.5000001117587,-9.90622939016029,98.7473862475182));
#4657=CARTESIAN_POINT('Ctrl Pts',(-77.5000001117587,-7.80445903164955,99.6183674240459));
#4658=CARTESIAN_POINT('Ctrl Pts',(-77.5000001117587,-6.91923443292078,99.9273880301115));
#4659=CARTESIAN_POINT('Ctrl Pts',(-77.5000001117587,-5.99999999999999,100.181504365222));
#4660=CARTESIAN_POINT('',(-77.5000001117587,12.9341151217034,96.9108301284468));
#4661=CARTESIAN_POINT('Ctrl Pts',(-77.5000001117587,12.9341151217038,96.9108301284465));
#4662=CARTESIAN_POINT('Ctrl Pts',(-77.5443595901002,10.5395261138742,98.5930948433102));
#4663=CARTESIAN_POINT('Ctrl Pts',(-77.5671928569186,7.83925863277372,99.7923189215529));
#4664=CARTESIAN_POINT('Ctrl Pts',(-77.5923160988866,2.12883050952373,101.089764021655));
#4665=CARTESIAN_POINT('Ctrl Pts',(-77.5937273565763,-0.826921847408068,
101.174780107953));
#4666=CARTESIAN_POINT('Ctrl Pts',(-77.5792947177481,-5.36865200706879,100.414291719469));
#4667=CARTESIAN_POINT('Ctrl Pts',(-77.5704833178751,-6.98543370039452,99.9537210739675));
#4668=CARTESIAN_POINT('Ctrl Pts',(-77.5434583061264,-10.0871923414158,98.6819059841962));
#4669=CARTESIAN_POINT('Ctrl Pts',(-77.525410790253,-11.5624098249125,97.8744908704097));
#4670=CARTESIAN_POINT('Ctrl Pts',(-77.5000001117588,-12.9341151216984,96.9108301284503));
#4671=CARTESIAN_POINT('Ctrl Pts',(-77.5000001117587,5.99999999817622,100.181504365726));
#4672=CARTESIAN_POINT('Ctrl Pts',(-77.5000001117587,6.91923443174932,99.9273880305185));
#4673=CARTESIAN_POINT('Ctrl Pts',(-77.5000001117587,7.80445903110948,99.6183674242697));
#4674=CARTESIAN_POINT('Ctrl Pts',(-77.5000001117587,9.90622939016029,98.7473862475183));
#4675=CARTESIAN_POINT('Ctrl Pts',(-77.5000001117587,11.2570913091108,98.0388908956361));
#4676=CARTESIAN_POINT('Ctrl Pts',(-77.5000001117587,12.6578045362857,97.1023637737468));
#4677=CARTESIAN_POINT('Ctrl Pts',(-77.5000001117587,12.7965672910815,97.0073193567028));
#4678=CARTESIAN_POINT('Ctrl Pts',(-77.5000001117587,12.9341151217034,96.9108301284468));
#4679=CARTESIAN_POINT('',(-72.500000106206,-20.7155405480511,66.));
#4680=CARTESIAN_POINT('Ctrl Pts',(-72.5000001056016,-20.7155405463217,66.));
#4681=CARTESIAN_POINT('Ctrl Pts',(-71.5874314496932,-21.0344944943728,66.));
#4682=CARTESIAN_POINT('Ctrl Pts',(-70.6032478865607,-21.3455297784047,66.));
#4683=CARTESIAN_POINT('Ctrl Pts',(-68.6627369377273,-21.8681903315439,66.));
#4684=CARTESIAN_POINT('Ctrl Pts',(-67.468998896148,-22.1257133977232,66.));
#4685=CARTESIAN_POINT('Ctrl Pts',(-65.0579625668894,-22.4646756073388,66.));
#4686=CARTESIAN_POINT('Ctrl Pts',(-63.8405861984916,-22.5455591308682,66.));
#4687=CARTESIAN_POINT('Ctrl Pts',(-61.2855301756187,-22.5455591308682,66.));
#4688=CARTESIAN_POINT('Ctrl Pts',(-59.7074225407989,-22.4094098029092,66.));
#4689=CARTESIAN_POINT('Ctrl Pts',(-56.616046939701,-21.8081913483228,66.));
#4690=CARTESIAN_POINT('Ctrl Pts',(-55.102825678689,-21.3428820950684,66.));
#4691=CARTESIAN_POINT('Ctrl Pts',(-52.4696714852745,-20.2596809809386,66.));
#4692=CARTESIAN_POINT('Ctrl Pts',(-51.1043106217665,-19.5496761953801,66.));
#4693=CARTESIAN_POINT('Ctrl Pts',(-48.5545907011554,-17.8573820904386,66.));
#4694=CARTESIAN_POINT('Ctrl Pts',(-47.3702822658548,-16.8750165022066,66.));
#4695=CARTESIAN_POINT('Ctrl Pts',(-45.3910545605652,-14.9038535299928,66.));
#4696=CARTESIAN_POINT('Ctrl Pts',(-44.4120522877593,-13.7354589455414,66.));
#4697=CARTESIAN_POINT('Ctrl Pts',(-42.7233627718709,-11.2181085244996,66.));
#4698=CARTESIAN_POINT('Ctrl Pts',(-42.0137052320877,-9.86913276246299,66.));
#4699=CARTESIAN_POINT('Ctrl Pts',(-40.9493362156447,-7.30672003745848,66.));
#4700=CARTESIAN_POINT('Ctrl Pts',(-40.4956209244879,-5.85777182434942,66.));
#4701=CARTESIAN_POINT('Ctrl Pts',(-39.9048537992574,-2.89671942243128,66.));
#4702=CARTESIAN_POINT('Ctrl Pts',(-39.7678114741169,-1.38461333647858,66.));
#4703=CARTESIAN_POINT('Ctrl Pts',(-39.7678114741169,1.38461333647858,66.));
#4704=CARTESIAN_POINT('Ctrl Pts',(-39.9048537992574,2.89671942243128,66.));
#4705=CARTESIAN_POINT('Ctrl Pts',(-40.4956209244879,5.85777182434942,66.));
#4706=CARTESIAN_POINT('Ctrl Pts',(-40.9493362156447,7.30672003745848,66.));
#4707=CARTESIAN_POINT('Ctrl Pts',(-42.0137052320878,9.86913276246299,66.));
#4708=CARTESIAN_POINT('Ctrl Pts',(-42.7233627718709,11.2181085244996,66.));
#4709=CARTESIAN_POINT('Ctrl Pts',(-44.4120522877593,13.7354589455414,66.));
#4710=CARTESIAN_POINT('Ctrl Pts',(-45.3910545605652,14.9038535299929,66.));
#4711=CARTESIAN_POINT('Ctrl Pts',(-47.3702822658549,16.8750165022066,66.));
#4712=CARTESIAN_POINT('Ctrl Pts',(-48.5545907011554,17.8573820904386,66.));
#4713=CARTESIAN_POINT('Ctrl Pts',(-51.1043106217665,19.5496761953801,66.));
#4714=CARTESIAN_POINT('Ctrl Pts',(-52.4696714852745,20.2596809809386,66.));
#4715=CARTESIAN_POINT('Ctrl Pts',(-55.102825678689,21.3428820950684,66.));
#4716=CARTESIAN_POINT('Ctrl Pts',(-56.616046939701,21.8081913483228,66.));
#4717=CARTESIAN_POINT('Ctrl Pts',(-59.7074225407989,22.4094098029092,66.));
#4718=CARTESIAN_POINT('Ctrl Pts',(-61.2855301756187,22.5455591308682,66.));
#4719=CARTESIAN_POINT('Ctrl Pts',(-63.8405861984916,22.5455591308682,66.));
#4720=CARTESIAN_POINT('Ctrl Pts',(-65.0579625668894,22.4646756073388,66.));
#4721=CARTESIAN_POINT('Ctrl Pts',(-67.468998896148,22.1257133977232,66.));
#4722=CARTESIAN_POINT('Ctrl Pts',(-68.6627369377273,21.8681903315439,66.));
#4723=CARTESIAN_POINT('Ctrl Pts',(-70.6032478865607,21.3455297784047,66.));
#4724=CARTESIAN_POINT('Ctrl Pts',(-71.5874314496932,21.0344944943728,66.));
#4725=CARTESIAN_POINT('Ctrl Pts',(-72.5000001056016,20.7155405463217,66.));
#4726=CARTESIAN_POINT('Ctrl Pts',(-72.5000001117587,-6.00000000010042,99.6029828439336));
#4727=CARTESIAN_POINT('Ctrl Pts',(-72.5000001117587,-6.89150133530264,99.3528397367825));
#4728=CARTESIAN_POINT('Ctrl Pts',(-72.5000001117587,-7.74981860508336,99.0505971852712));
#4729=CARTESIAN_POINT('Ctrl Pts',(-72.5000001117587,-9.82474817615634,98.1865246417519));
#4730=CARTESIAN_POINT('Ctrl Pts',(-72.5000001117587,-11.1713387059143,97.4757600671579));
#4731=CARTESIAN_POINT('Ctrl Pts',(-72.5000001117587,-13.6832068357427,95.7846283707741));
#4732=CARTESIAN_POINT('Ctrl Pts',(-72.5000001117587,-14.8485240204667,94.8043200455205));
#4733=CARTESIAN_POINT('Ctrl Pts',(-72.5000001117587,-16.8232146422584,92.8141539173033));
#4734=CARTESIAN_POINT('Ctrl Pts',(-72.5000001117587,-17.8105117038787,91.6174854972933));
#4735=CARTESIAN_POINT('Ctrl Pts',(-72.5000001117587,-19.5094114095858,89.0417485499428));
#4736=CARTESIAN_POINT('Ctrl Pts',(-72.5000001117587,-20.2211680477708,87.6627815970415));
#4737=CARTESIAN_POINT('Ctrl Pts',(-72.5000001117587,-21.3238868415913,84.9649887726055));
#4738=CARTESIAN_POINT('Ctrl Pts',(-72.5000001117587,-21.8003146324337,83.3917890307937));
#4739=CARTESIAN_POINT('Ctrl Pts',(-72.5000001117587,-22.4108880441339,80.1785143621755));
#4740=CARTESIAN_POINT('Ctrl Pts',(-72.5000001117587,-22.5455591308682,78.5385393045206));
#4741=CARTESIAN_POINT('Ctrl Pts',(-72.5000001117587,-22.5455591308682,76.0650397419507));
#4742=CARTESIAN_POINT('Ctrl Pts',(-72.5000001117587,-22.4885216637729,74.9964356823839));
#4743=CARTESIAN_POINT('Ctrl Pts',(-72.5000001117587,-22.2551685594598,72.8713564361868));
#4744=CARTESIAN_POINT('Ctrl Pts',(-72.5000001117587,-22.0797337600465,71.8147846178976));
#4745=CARTESIAN_POINT('Ctrl Pts',(-72.5000001117587,-21.7294146842063,70.0759561679774));
#4746=CARTESIAN_POINT('Ctrl Pts',(-72.5000001117587,-21.5113068928735,69.1413180767371));
#4747=CARTESIAN_POINT('Ctrl Pts',(-72.5000001117587,-21.2107079517489,67.9367116943745));
#4748=CARTESIAN_POINT('Ctrl Pts',(-72.5000001117587,-21.0786706581672,67.4233132615843));
#4749=CARTESIAN_POINT('Ctrl Pts',(-72.5000001117587,-20.8893243200743,66.6864828412896));
#4750=CARTESIAN_POINT('Ctrl Pts',(-72.5000001117587,-20.7999652348396,66.3381699937847));
#4751=CARTESIAN_POINT('Ctrl Pts',(-72.5000001117587,-20.7155405443974,66.0000000009122));
#4752=CARTESIAN_POINT('Origin',(-64.6961737495422,-12.9999999946545,63.6974841198187));
#4753=CARTESIAN_POINT('',(-77.5000001117587,-12.9999999832287,94.3498289693157));
#4754=CARTESIAN_POINT('',(-72.5000001179611,-13.,93.6681969305075));
#4755=CARTESIAN_POINT('Origin',(-79.5000001107881,-12.9999999962097,60.9999998904094));
#4756=CARTESIAN_POINT('',(-77.5000001117587,-13.,60.135632327793));
#4757=CARTESIAN_POINT('',(-77.5000001117587,-12.9999999943062,70.4737420620775));
#4758=CARTESIAN_POINT('',(-77.7042087786994,-12.9999999977851,60.1356323262251));
#4759=CARTESIAN_POINT('',(-77.9097454403758,-13.0000000008631,50.9999999441206));
#4760=CARTESIAN_POINT('',(-46.0902545557416,-12.9999999961114,50.9999999441206));
#4761=CARTESIAN_POINT('',(-46.4665156044729,-12.9999999825529,66.));
#4762=CARTESIAN_POINT('Origin',(-79.5000001107881,-12.9999999962097,60.9999998904094));
#4763=CARTESIAN_POINT('',(-72.5000001179611,-13.,93.6681969305075));
#4764=CARTESIAN_POINT('Ctrl Pts',(-77.5000001117587,-12.9999999832287,94.3498289693157));
#4765=CARTESIAN_POINT('Ctrl Pts',(-77.5000001117587,-12.3333333221038,94.8316786693956));
#4766=CARTESIAN_POINT('Ctrl Pts',(-77.5000001117587,-11.6666666609789,95.3135283694755));
#4767=CARTESIAN_POINT('Ctrl Pts',(-77.5000001117587,-10.9999999998539,95.7953780695553));
#4768=CARTESIAN_POINT('Ctrl Pts',(-75.8193337918206,-12.9999999832287,94.2490388683618));
#4769=CARTESIAN_POINT('Ctrl Pts',(-75.8197205230075,-12.3333333221038,94.7323044386297));
#4770=CARTESIAN_POINT('Ctrl Pts',(-75.820106237626,-11.6666666609789,95.2155762792071));
#4771=CARTESIAN_POINT('Ctrl Pts',(-75.8204929688129,-10.9999999998539,95.6988418494749));
#4772=CARTESIAN_POINT('Ctrl Pts',(-74.1463155525049,-12.9999999832927,94.0209623106225));
#4773=CARTESIAN_POINT('Ctrl Pts',(-74.1468773519662,-12.3333333221467,94.5074709109319));
#4774=CARTESIAN_POINT('Ctrl Pts',(-74.1474379400385,-11.6666666610005,94.993985749018));
#4775=CARTESIAN_POINT('Ctrl Pts',(-74.1479997394998,-10.9999999998544,95.4804943493275));
#4776=CARTESIAN_POINT('Ctrl Pts',(-72.5000001122187,-12.99999998342,93.6681969573071));
#4777=CARTESIAN_POINT('Ctrl Pts',(-72.500000112059,-12.3333333222318,94.1596704978865));
#4778=CARTESIAN_POINT('Ctrl Pts',(-72.5000001118994,-11.6666666610437,94.6511440384658));
#4779=CARTESIAN_POINT('Ctrl Pts',(-72.5000001117398,-10.9999999998555,95.1426175790452));
#4780=CARTESIAN_POINT('',(-72.5000001179611,-13.,93.6681969305075));
#4781=CARTESIAN_POINT('',(-77.5000001117587,-12.9999999832287,94.3498289693157));
#4782=CARTESIAN_POINT('Ctrl Pts',(-72.5000001179611,-13.,93.6681969305075));
#4783=CARTESIAN_POINT('Ctrl Pts',(-72.5000001158998,-12.3333333333333,94.1596704799596));
#4784=CARTESIAN_POINT('Ctrl Pts',(-72.5000001138384,-11.6666666666667,94.6511440294117));
#4785=CARTESIAN_POINT('Ctrl Pts',(-72.500000111777,-11.,95.1426175788639));
#4786=CARTESIAN_POINT('Ctrl Pts',(-63.8221719467984,-12.9999999941843,84.4454646203383));
#4787=CARTESIAN_POINT('Ctrl Pts',(-63.6600820077852,-12.3333333294441,84.7731136533064));
#4788=CARTESIAN_POINT('Ctrl Pts',(-63.4979920687719,-11.6666666647039,85.1007626862745));
#4789=CARTESIAN_POINT('Ctrl Pts',(-63.3359021297587,-10.9999999999637,85.4284117192426));
#4790=CARTESIAN_POINT('Ctrl Pts',(-55.1443437756357,-12.9999999883686,75.2227323101692));
#4791=CARTESIAN_POINT('Ctrl Pts',(-54.8201638996706,-12.3333333255549,75.3865568266532));
#4792=CARTESIAN_POINT('Ctrl Pts',(-54.4959840237054,-11.6666666627411,75.5503813431372));
#4793=CARTESIAN_POINT('Ctrl Pts',(-54.1718041477403,-10.9999999999273,75.7142058596213));
#4794=CARTESIAN_POINT('Ctrl Pts',(-46.4665156044729,-12.9999999825529,66.));
#4795=CARTESIAN_POINT('Ctrl Pts',(-45.980245791556,-12.3333333216656,66.));
#4796=CARTESIAN_POINT('Ctrl Pts',(-45.493975978639,-11.6666666607783,66.));
#4797=CARTESIAN_POINT('Ctrl Pts',(-45.007706165722,-10.999999999891,66.));
#4798=CARTESIAN_POINT('',(-46.4665156044729,-12.9999999825529,66.));
#4799=CARTESIAN_POINT('Ctrl Pts',(-46.4665156044729,-12.9999999825529,66.));
#4800=CARTESIAN_POINT('Ctrl Pts',(-45.980245791556,-12.3333333216656,66.));
#4801=CARTESIAN_POINT('Ctrl Pts',(-45.493975978639,-11.6666666607783,66.));
#4802=CARTESIAN_POINT('Ctrl Pts',(-45.007706165722,-10.999999999891,66.));
#4803=CARTESIAN_POINT('Ctrl Pts',(-46.2162083341928,-12.9999999825529,64.3462957699912));
#4804=CARTESIAN_POINT('Ctrl Pts',(-45.7334000649054,-12.3333333220474,64.345817744748));
#4805=CARTESIAN_POINT('Ctrl Pts',(-45.2505858210936,-11.6666666603965,64.3453404067887));
#4806=CARTESIAN_POINT('Ctrl Pts',(-44.7677775518062,-10.999999999891,64.3448623815454));
#4807=CARTESIAN_POINT('Ctrl Pts',(-46.090298770056,-13.0000000079025,62.6737753400501));
#4808=CARTESIAN_POINT('Ctrl Pts',(-45.6092588604138,-12.333333346156,62.6733294817227));
#4809=CARTESIAN_POINT('Ctrl Pts',(-45.1282148837007,-11.6666666819599,62.6728839703344));
#4810=CARTESIAN_POINT('Ctrl Pts',(-44.6471749740584,-11.0000000202135,62.672438112007));
#4811=CARTESIAN_POINT('Ctrl Pts',(-46.0902586513849,-13.0000000119781,61.0008221058655));
#4812=CARTESIAN_POINT('Ctrl Pts',(-45.6092372454295,-12.3333333517817,61.0004108228125));
#4813=CARTESIAN_POINT('Ctrl Pts',(-45.1282154657804,-11.6666666834936,60.9999996072516));
#4814=CARTESIAN_POINT('Ctrl Pts',(-44.6471940598249,-11.0000000232973,60.9995883241986));
#4815=CARTESIAN_POINT('Ctrl Pts',(-46.0902586397257,-13.0000000119775,61.0004108110184));
#4816=CARTESIAN_POINT('Ctrl Pts',(-45.6092372782317,-12.3333333483709,60.9999995318325));
#4817=CARTESIAN_POINT('Ctrl Pts',(-45.1282154177391,-11.6666666869035,60.9995883338652));
#4818=CARTESIAN_POINT('Ctrl Pts',(-44.647194056245,-11.0000000232969,60.9991770546793));
#4819=CARTESIAN_POINT('Ctrl Pts',(-46.090266151513,-13.000000010766,54.3333323742264));
#4820=CARTESIAN_POINT('Ctrl Pts',(-45.609244758257,-12.3333333407122,54.3330581954563));
#4821=CARTESIAN_POINT('Ctrl Pts',(-45.1282220588906,-11.6666666890586,54.3327841681064));
#4822=CARTESIAN_POINT('Ctrl Pts',(-44.6472006656345,-11.0000000190048,54.3325099893363));
#4823=CARTESIAN_POINT('Ctrl Pts',(-46.090254558919,-13.,47.6666666294138));
#4824=CARTESIAN_POINT('Ctrl Pts',(-45.6092331899543,-12.3333333348767,47.6665295390055));
#4825=CARTESIAN_POINT('Ctrl Pts',(-45.1282117981776,-11.6666666651233,47.6663924500609));
#4826=CARTESIAN_POINT('Ctrl Pts',(-44.6471904292129,-11.,47.6662553596527));
#4827=CARTESIAN_POINT('Ctrl Pts',(-46.090254558919,-13.,41.));
#4828=CARTESIAN_POINT('Ctrl Pts',(-45.6092331823503,-12.3333333333333,41.));
#4829=CARTESIAN_POINT('Ctrl Pts',(-45.1282118057816,-11.6666666666667,41.));
#4830=CARTESIAN_POINT('Ctrl Pts',(-44.6471904292129,-11.,41.));
#4831=CARTESIAN_POINT('Origin',(-77.9097454410811,-13.,41.));
#4832=CARTESIAN_POINT('Origin',(-87.2896622841881,0.,78.5));
#4833=CARTESIAN_POINT('Origin',(-79.5000001117587,0.,78.5));
#4834=CARTESIAN_POINT('Origin',(-77.5000001117587,0.,78.5));
#4835=CARTESIAN_POINT('Origin',(-79.5000001117587,0.,78.5));
#4836=CARTESIAN_POINT('Origin',(-77.5000001117587,0.,77.25));
#4837=CARTESIAN_POINT('Ctrl Pts',(-77.5000001117587,-10.999999999812,95.7953780694892));
#4838=CARTESIAN_POINT('Ctrl Pts',(-77.5000001117587,-11.1366598066472,95.7086060069675));
#4839=CARTESIAN_POINT('Ctrl Pts',(-77.5000001117587,-11.272442724455,95.6201210501537));
#4840=CARTESIAN_POINT('Ctrl Pts',(-77.5000001117587,-11.9600845624087,95.1603115839026));
#4841=CARTESIAN_POINT('Ctrl Pts',(-77.5000001117587,-12.4949196985825,94.7632761912885));
#4842=CARTESIAN_POINT('Ctrl Pts',(-77.5000001117587,-12.9999999764997,94.3498289610953));
#4843=CARTESIAN_POINT('Origin',(-77.5000001117587,0.,77.25));
#4844=CARTESIAN_POINT('',(-77.5000001117587,-16.5936966362986,66.0000000000328));
#4845=CARTESIAN_POINT('Ctrl Pts',(-77.5000001117587,-12.9999999764997,94.3498289610953));
#4846=CARTESIAN_POINT('Ctrl Pts',(-77.5000001117587,-13.5445291980394,93.904089722705));
#4847=CARTESIAN_POINT('Ctrl Pts',(-77.5000001117587,-14.0544389011592,93.4392318653848));
#4848=CARTESIAN_POINT('Ctrl Pts',(-77.5000001117587,-15.4167918158138,92.0758320547697));
#4849=CARTESIAN_POINT('Ctrl Pts',(-77.5000001117587,-16.3081981527293,91.0062425561747));
#4850=CARTESIAN_POINT('Ctrl Pts',(-77.5000001117587,-17.8452926826476,88.7030341652929));
#4851=CARTESIAN_POINT('Ctrl Pts',(-77.5000001117587,-18.4909931566501,87.469423469013));
#4852=CARTESIAN_POINT('Ctrl Pts',(-77.5000001117587,-19.4639573467794,85.1175760159029));
#4853=CARTESIAN_POINT('Ctrl Pts',(-77.5000001117587,-19.879795541454,83.7822583849535));
#4854=CARTESIAN_POINT('Ctrl Pts',(-77.5000001117587,-20.4205782018994,81.0538493659756));
#4855=CARTESIAN_POINT('Ctrl Pts',(-77.5000001117587,-20.5455591308681,79.6607652052398));
#4856=CARTESIAN_POINT('Ctrl Pts',(-77.5000001117587,-20.5455591308681,76.9878220451393));
#4857=CARTESIAN_POINT('Ctrl Pts',(-77.5000001117587,-20.3954065721068,75.4636727025794));
#4858=CARTESIAN_POINT('Ctrl Pts',(-77.5000001117587,-19.7549853671365,72.4876695024378));
#4859=CARTESIAN_POINT('Ctrl Pts',(-77.5000001117587,-19.2646809276528,71.0358233475047));
#4860=CARTESIAN_POINT('Ctrl Pts',(-77.5000001117587,-18.4093665318575,69.1095752029104));
#4861=CARTESIAN_POINT('Ctrl Pts',(-77.5000001117587,-18.0596604504575,68.411896864274));
#4862=CARTESIAN_POINT('Ctrl Pts',(-77.5000001117587,-17.3299016557513,67.1274321356208));
#4863=CARTESIAN_POINT('Ctrl Pts',(-77.5000001117587,-16.9573165587936,66.5364167105177));
#4864=CARTESIAN_POINT('Ctrl Pts',(-77.5000001117587,-16.5936966362833,66.0000000000431));
#4865=CARTESIAN_POINT('Ctrl Pts',(-77.5000001117587,-16.5936966362986,66.0000000000656));
#4866=CARTESIAN_POINT('Ctrl Pts',(-77.5000001117587,-16.551055068948,65.9370946203774));
#4867=CARTESIAN_POINT('Ctrl Pts',(-77.5000001117587,-16.508553037377,65.8749290687085));
#4868=CARTESIAN_POINT('Ctrl Pts',(-77.5000001117587,-16.171703182124,65.3861081177682));
#4869=CARTESIAN_POINT('Ctrl Pts',(-77.5000001117587,-15.8040635647446,64.8832264628221));
#4870=CARTESIAN_POINT('Ctrl Pts',(-77.5000001117587,-15.3294391532457,64.2543600544228));
#4871=CARTESIAN_POINT('Ctrl Pts',(-77.5000001117587,-15.1334279344966,63.9982501475549));
#4872=CARTESIAN_POINT('Ctrl Pts',(-77.5000001117587,-14.7990399745263,63.5602560861517));
#4873=CARTESIAN_POINT('Ctrl Pts',(-77.5000001117587,-14.5940663742559,63.2905600881454));
#4874=CARTESIAN_POINT('Ctrl Pts',(-77.5000001117587,-14.2459390807959,62.8122197572568));
#4875=CARTESIAN_POINT('Ctrl Pts',(-77.5000001117587,-14.0348254380212,62.5069191364766));
#4876=CARTESIAN_POINT('Ctrl Pts',(-77.5000001117587,-13.7771362908295,62.0584515996963));
#4877=CARTESIAN_POINT('Ctrl Pts',(-77.5000001117587,-13.6740206689516,61.8542502408913));
#4878=CARTESIAN_POINT('Ctrl Pts',(-77.5000001117587,-13.5270423685999,61.4294507623064));
#4879=CARTESIAN_POINT('Ctrl Pts',(-77.5000001117587,-13.4859184535381,61.2079099826283));
#4880=CARTESIAN_POINT('Ctrl Pts',(-77.5000001117587,-13.4859184535381,60.9999998882413));
#4881=CARTESIAN_POINT('Ctrl Pts',(-46.0902545388775,-12.9999999754727,60.9999998882413));
#4882=CARTESIAN_POINT('Ctrl Pts',(-46.0902545388775,-12.9999999754727,92.4661763952903));
#4883=CARTESIAN_POINT('Ctrl Pts',(-77.5000001121997,-12.9999999754727,94.3498289619625));
#4884=CARTESIAN_POINT('Ctrl Pts',(-52.1330823988112,-20.3953733061122,60.9999998882413));
#4885=CARTESIAN_POINT('Ctrl Pts',(-52.1330823988112,-20.3953733061122,86.7748822898743));
#4886=CARTESIAN_POINT('Ctrl Pts',(-77.8617405418249,-20.3953733061122,88.3178382121051));
#4887=CARTESIAN_POINT('Ctrl Pts',(-61.6821918744546,-20.5431009829416,60.9999998882413));
#4888=CARTESIAN_POINT('Ctrl Pts',(-61.6821918744546,-20.5431009829416,77.7812800012766));
#4889=CARTESIAN_POINT('Ctrl Pts',(-78.4333767102421,-20.5431009829416,78.7858539554678));
#4890=CARTESIAN_POINT('Ctrl Pts',(-71.2313013500981,-20.690828659771,60.9999998882413));
#4891=CARTESIAN_POINT('Ctrl Pts',(-71.2313013500981,-20.690828659771,68.787677712679));
#4892=CARTESIAN_POINT('Ctrl Pts',(-79.0050128786593,-20.690828659771,69.2538696988306));
#4893=CARTESIAN_POINT('Ctrl Pts',(-77.5000001117587,-13.4859184535381,60.9999998882413));
#4894=CARTESIAN_POINT('Ctrl Pts',(-77.5000001117587,-13.4859184535381,62.8836524553288));
#4895=CARTESIAN_POINT('Ctrl Pts',(-79.3802745666961,-13.4859184535381,62.9964131204804));
#4896=CARTESIAN_POINT('Origin',(-79.5000001107881,-12.9999999962097,60.9999998904094));
#4897=CARTESIAN_POINT('Origin',(-79.5000001107881,-12.9999999962097,60.9999998904094));
#4898=CARTESIAN_POINT('',(-72.5000001015043,-18.5189466171984,66.));
#4899=CARTESIAN_POINT('Ctrl Pts',(-72.5000001117587,-18.5189466097602,66.0000000020772));
#4900=CARTESIAN_POINT('Ctrl Pts',(-72.5000001117587,-18.6080641451466,66.3191161406218));
#4901=CARTESIAN_POINT('Ctrl Pts',(-72.5000001117587,-18.7011640541037,66.6444778611031));
#4902=CARTESIAN_POINT('Ctrl Pts',(-72.5000001117587,-18.9072353262526,67.3636822007401));
#4903=CARTESIAN_POINT('Ctrl Pts',(-72.5000001117587,-19.054679818976,67.8780151243632));
#4904=CARTESIAN_POINT('Ctrl Pts',(-72.5000001117587,-19.3906433397156,69.0866331940759));
#4905=CARTESIAN_POINT('Ctrl Pts',(-72.5000001117587,-19.6344444304199,70.0257868806638));
#4906=CARTESIAN_POINT('Ctrl Pts',(-72.5000001117587,-20.0256483425871,71.774161933916));
#4907=CARTESIAN_POINT('Ctrl Pts',(-72.5000001117587,-20.2213836128554,72.8372137595694));
#4908=CARTESIAN_POINT('Ctrl Pts',(-72.5000001117587,-20.4818203016684,74.978062722888));
#4909=CARTESIAN_POINT('Ctrl Pts',(-72.5000001117587,-20.5455591308681,76.0559768508311));
#4910=CARTESIAN_POINT('Ctrl Pts',(-72.5000001117587,-20.5455591308681,78.4087864319728));
#4911=CARTESIAN_POINT('Ctrl Pts',(-72.5000001117587,-20.4223694930573,79.9068180147793));
#4912=CARTESIAN_POINT('Ctrl Pts',(-72.5000001117587,-19.865116048642,82.8422178138658));
#4913=CARTESIAN_POINT('Ctrl Pts',(-72.5000001117587,-19.4305118907101,84.2794834246112));
#4914=CARTESIAN_POINT('Ctrl Pts',(-72.5000001117587,-18.4248478800103,86.7436777777654));
#4915=CARTESIAN_POINT('Ctrl Pts',(-72.5000001117587,-17.7759546905345,88.0030572008471));
#4916=CARTESIAN_POINT('Ctrl Pts',(-72.5000001117587,-16.2267277385231,90.3556853384936));
#4917=CARTESIAN_POINT('Ctrl Pts',(-72.5000001117587,-15.3262343452136,91.4488289308649));
#4918=CARTESIAN_POINT('Ctrl Pts',(-72.5000001117587,-13.9816698777152,92.8056732423822));
#4919=CARTESIAN_POINT('Ctrl Pts',(-72.5000001117587,-13.5065166242264,93.2449227006653));
#4920=CARTESIAN_POINT('Ctrl Pts',(-72.5000001117587,-12.9999999993461,93.668196929725));
#4921=CARTESIAN_POINT('Ctrl Pts',(-46.4665156130403,-12.9999999754727,66.));
#4922=CARTESIAN_POINT('Ctrl Pts',(-46.9022619749535,-13.5272721687995,66.));
#4923=CARTESIAN_POINT('Ctrl Pts',(-47.3556653881535,-14.0213946113544,66.));
#4924=CARTESIAN_POINT('Ctrl Pts',(-48.7164813082602,-15.3757869857183,66.));
#4925=CARTESIAN_POINT('Ctrl Pts',(-49.7970358801303,-16.2713958930096,66.));
#4926=CARTESIAN_POINT('Ctrl Pts',(-52.123241880897,-17.8140877271745,66.));
#4927=CARTESIAN_POINT('Ctrl Pts',(-53.3688409594697,-18.4612495910023,66.));
#4928=CARTESIAN_POINT('Ctrl Pts',(-55.7711551885752,-19.4487245160251,66.));
#4929=CARTESIAN_POINT('Ctrl Pts',(-57.1518343669296,-19.8729656285455,66.));
#4930=CARTESIAN_POINT('Ctrl Pts',(-59.9723282107651,-20.4212588109461,66.));
#4931=CARTESIAN_POINT('Ctrl Pts',(-61.4120946117214,-20.5455591308681,66.));
#4932=CARTESIAN_POINT('Ctrl Pts',(-63.8570426607402,-20.5455591308681,66.));
#4933=CARTESIAN_POINT('Ctrl Pts',(-65.0912696164366,-20.4541843733364,66.));
#4934=CARTESIAN_POINT('Ctrl Pts',(-67.5300049314358,-20.0721509775816,66.));
#4935=CARTESIAN_POINT('Ctrl Pts',(-68.7346074806113,-19.7820938491815,66.));
#4936=CARTESIAN_POINT('Ctrl Pts',(-70.6594580520773,-19.2019211169468,66.));
#4937=CARTESIAN_POINT('Ctrl Pts',(-71.6121376245951,-18.8660733988178,66.));
#4938=CARTESIAN_POINT('Ctrl Pts',(-72.5000001001447,-18.5189466137208,66.));
#4939=CARTESIAN_POINT('Ctrl Pts',(-72.0386345042911,-6.,97.3929360861994));
#4940=CARTESIAN_POINT('Ctrl Pts',(-74.7431907810402,-6.,97.9474305924142));
#4941=CARTESIAN_POINT('Ctrl Pts',(-77.5000001117587,-6.,98.096061429016));
#4942=CARTESIAN_POINT('Ctrl Pts',(-72.2014694245738,-8.65519975318217,96.5987060247858));
#4943=CARTESIAN_POINT('Ctrl Pts',(-74.8470021620818,-8.65519975318217,97.1410993857859));
#4944=CARTESIAN_POINT('Ctrl Pts',(-77.5436475963746,-8.65519975318217,97.2864865413107));
#4945=CARTESIAN_POINT('Ctrl Pts',(-72.5000001117587,-10.9999999999983,95.1426175788612));
#4946=CARTESIAN_POINT('Ctrl Pts',(-75.0373230273247,-10.9999999999983,95.6628255069675));
#4947=CARTESIAN_POINT('Ctrl Pts',(-77.623667984837,-10.9999999999983,95.8022659138511));
#4948=CARTESIAN_POINT('Ctrl Pts',(-72.5000001117587,-10.9999999999983,95.1426175788612));
#4949=CARTESIAN_POINT('Ctrl Pts',(-72.5000001117587,-9.94933774553342,95.8224893265136));
#4950=CARTESIAN_POINT('Ctrl Pts',(-72.5000001117587,-8.84014935823555,96.3963924403508));
#4951=CARTESIAN_POINT('Ctrl Pts',(-72.5000001117587,-7.2180712801826,97.0725855636609));
#4952=CARTESIAN_POINT('Ctrl Pts',(-72.5000001117587,-6.62023688980776,97.291646573777));
#4953=CARTESIAN_POINT('Ctrl Pts',(-72.5000001117587,-6.00000000011547,97.4844867536794));
#4954=CARTESIAN_POINT('Origin',(-79.500000111764,-10.9999999999475,60.9999998882514));
#4955=CARTESIAN_POINT('Ctrl Pts',(-77.5000001117587,-6.,98.096061429016));
#4956=CARTESIAN_POINT('Ctrl Pts',(-77.5000001117587,-6.64715166209986,97.89817024593));
#4957=CARTESIAN_POINT('Ctrl Pts',(-77.5000001117587,-7.27081732634156,97.6719526968047));
#4958=CARTESIAN_POINT('Ctrl Pts',(-77.5000001117587,-8.88978299643574,97.0009912684367));
#4959=CARTESIAN_POINT('Ctrl Pts',(-77.5000001117587,-9.97101547670381,96.4487311763077));
#4960=CARTESIAN_POINT('Ctrl Pts',(-77.5000001117587,-10.999999999812,95.7953780694892));
#4961=CARTESIAN_POINT('Ctrl Pts',(-72.197649742496,-10.999999999812,95.0792314209592));
#4962=CARTESIAN_POINT('Ctrl Pts',(-74.8212584518922,-10.999999999812,95.6414069503418));
#4963=CARTESIAN_POINT('Ctrl Pts',(-77.5000001117625,-10.999999999812,95.7953780694894));
#4964=CARTESIAN_POINT('Ctrl Pts',(-72.3362269950772,-12.0433840429398,94.4325072791318));
#4965=CARTESIAN_POINT('Ctrl Pts',(-74.9100472845249,-12.0433840429398,94.9840143611803));
#4966=CARTESIAN_POINT('Ctrl Pts',(-77.5379542622958,-12.0433840429398,95.1350635588109));
#4967=CARTESIAN_POINT('Ctrl Pts',(-72.5000001117587,-12.999999999346,93.6681969297249));
#4968=CARTESIAN_POINT('Ctrl Pts',(-75.0149795412691,-12.999999999346,94.2070958467425));
#4969=CARTESIAN_POINT('Ctrl Pts',(-77.58280916747,-12.999999999346,94.3546918643987));
#4970=CARTESIAN_POINT('Ctrl Pts',(-72.5000001117587,-12.9999999993461,93.668196929725));
#4971=CARTESIAN_POINT('Ctrl Pts',(-72.5000001117587,-12.4698025476354,94.1112602105702));
#4972=CARTESIAN_POINT('Ctrl Pts',(-72.5000001117587,-11.9051921664428,94.5367616904409));
#4973=CARTESIAN_POINT('Ctrl Pts',(-72.5000001117587,-11.2139256175933,95.0027565724263));
#4974=CARTESIAN_POINT('Ctrl Pts',(-72.5000001117587,-11.1072525042163,95.0732156876512));
#4975=CARTESIAN_POINT('Ctrl Pts',(-72.5000001117587,-10.9999999999983,95.1426175788612));
#4976=CARTESIAN_POINT('Ctrl Pts',(-44.6471904291238,-10.9999999998593,60.9999998882413));
#4977=CARTESIAN_POINT('Ctrl Pts',(-44.6471904291238,-10.9999999998593,63.6227509513743));
#4978=CARTESIAN_POINT('Ctrl Pts',(-45.0397033137302,-10.9999999998593,66.2159645512506));
#4979=CARTESIAN_POINT('Ctrl Pts',(-45.308594821942,-12.0433840433195,60.9999998882413));
#4980=CARTESIAN_POINT('Ctrl Pts',(-45.308594821942,-12.0433840433195,63.5729788070272));
#4981=CARTESIAN_POINT('Ctrl Pts',(-45.6936589599917,-12.0433840433195,66.1169807972201));
#4982=CARTESIAN_POINT('Ctrl Pts',(-46.090254558919,-13.,60.9999998882413));
#4983=CARTESIAN_POINT('Ctrl Pts',(-46.090254558919,-13.,63.514157181889));
#4984=CARTESIAN_POINT('Ctrl Pts',(-46.4665156328561,-13.,65.9999999970007));
#4985=CARTESIAN_POINT('Origin',(-79.500000111764,-10.9999999999475,60.9999998882514));
#4986=CARTESIAN_POINT('Ctrl Pts',(-45.0077061657715,-10.9999999998593,66.));
#4987=CARTESIAN_POINT('Ctrl Pts',(-45.0866832616801,-11.1232998530766,66.));
#4988=CARTESIAN_POINT('Ctrl Pts',(-45.1670562590524,-11.2458622342905,66.));
#4989=CARTESIAN_POINT('Ctrl Pts',(-45.6297255703848,-11.9351237868715,66.));
#4990=CARTESIAN_POINT('Ctrl Pts',(-46.0396464948423,-12.4834696360625,66.));
#4991=CARTESIAN_POINT('Ctrl Pts',(-46.4665156130403,-12.9999999754727,66.));
#4992=CARTESIAN_POINT('Origin',(-77.9097454410811,13.,41.));
#4993=CARTESIAN_POINT('',(-77.9097454402404,13.0000000010288,50.9999999441206));
#4994=CARTESIAN_POINT('Origin',(-64.6961737472888,12.9999999970711,63.6974841126495));
#4995=CARTESIAN_POINT('',(-77.5000001133994,13.,94.349828941957));
#4996=CARTESIAN_POINT('Origin',(-79.5000001102838,12.9999999988525,60.9999998887324));
#4997=CARTESIAN_POINT('',(-46.4665156044729,12.9999999825529,66.));
#4998=CARTESIAN_POINT('',(-72.5000001179611,13.,93.6681969305075));
#4999=CARTESIAN_POINT('Origin',(-79.5000001102838,12.9999999988525,60.9999998887324));
#5000=CARTESIAN_POINT('',(-46.0902545538599,12.9999999938086,50.9999999441206));
#5001=CARTESIAN_POINT('',(-77.5000001117587,13.,60.135632327793));
#5002=CARTESIAN_POINT('',(-77.7042087786994,13.0000000002918,60.1356323279996));
#5003=CARTESIAN_POINT('',(-77.5000001117587,12.9999999994644,70.4737420568159));
#5004=CARTESIAN_POINT('Ctrl Pts',(-77.5000001133994,13.,94.349828941957));
#5005=CARTESIAN_POINT('Ctrl Pts',(-77.5000001128561,12.3333333333333,94.8316786510948));
#5006=CARTESIAN_POINT('Ctrl Pts',(-77.5000001123127,11.6666666666667,95.3135283602326));
#5007=CARTESIAN_POINT('Ctrl Pts',(-77.5000001117693,11.,95.7953780693704));
#5008=CARTESIAN_POINT('Ctrl Pts',(-75.8193337948401,13.,94.2490388410858));
#5009=CARTESIAN_POINT('Ctrl Pts',(-75.819720525027,12.3333333333333,94.7323044203843));
#5010=CARTESIAN_POINT('Ctrl Pts',(-75.8201062386456,11.6666666666667,95.2155762699921));
#5011=CARTESIAN_POINT('Ctrl Pts',(-75.8204929688325,11.,95.6988418492906));
#5012=CARTESIAN_POINT('Ctrl Pts',(-74.1463155568968,13.,94.0209622835335));
#5013=CARTESIAN_POINT('Ctrl Pts',(-74.1468773549036,12.3333333333333,94.5074708928116));
#5014=CARTESIAN_POINT('Ctrl Pts',(-74.1474379415215,11.6666666666667,94.9939857398662));
#5015=CARTESIAN_POINT('Ctrl Pts',(-74.1479997395282,11.,95.4804943491443));
#5016=CARTESIAN_POINT('Ctrl Pts',(-72.5000001179612,13.,93.6681969305075));
#5017=CARTESIAN_POINT('Ctrl Pts',(-72.5000001158998,12.3333333333333,94.1596704799596));
#5018=CARTESIAN_POINT('Ctrl Pts',(-72.5000001138384,11.6666666666667,94.6511440294117));
#5019=CARTESIAN_POINT('Ctrl Pts',(-72.500000111777,11.,95.1426175788638));
#5020=CARTESIAN_POINT('',(-77.5000001133994,13.,94.349828941957));
#5021=CARTESIAN_POINT('',(-72.5000001179611,13.,93.6681969305075));
#5022=CARTESIAN_POINT('Ctrl Pts',(-72.5000001179611,13.,93.6681969305075));
#5023=CARTESIAN_POINT('Ctrl Pts',(-72.5000001158998,12.3333333333333,94.1596704799596));
#5024=CARTESIAN_POINT('Ctrl Pts',(-72.5000001138384,11.6666666666667,94.6511440294117));
#5025=CARTESIAN_POINT('Ctrl Pts',(-72.500000111777,11.,95.1426175788638));
#5026=CARTESIAN_POINT('Ctrl Pts',(-63.8221719467984,12.9999999941843,84.4454646203383));
#5027=CARTESIAN_POINT('Ctrl Pts',(-63.6600820077852,12.3333333294441,84.7731136533064));
#5028=CARTESIAN_POINT('Ctrl Pts',(-63.4979920687719,11.6666666647039,85.1007626862745));
#5029=CARTESIAN_POINT('Ctrl Pts',(-63.3359021297587,10.9999999999637,85.4284117192425));
#5030=CARTESIAN_POINT('Ctrl Pts',(-55.1443437756357,12.9999999883686,75.2227323101692));
#5031=CARTESIAN_POINT('Ctrl Pts',(-54.8201638996706,12.3333333255549,75.3865568266532));
#5032=CARTESIAN_POINT('Ctrl Pts',(-54.4959840237054,11.6666666627411,75.5503813431372));
#5033=CARTESIAN_POINT('Ctrl Pts',(-54.1718041477403,10.9999999999273,75.7142058596213));
#5034=CARTESIAN_POINT('Ctrl Pts',(-46.4665156044729,12.9999999825529,66.));
#5035=CARTESIAN_POINT('Ctrl Pts',(-45.980245791556,12.3333333216656,66.));
#5036=CARTESIAN_POINT('Ctrl Pts',(-45.493975978639,11.6666666607783,66.));
#5037=CARTESIAN_POINT('Ctrl Pts',(-45.007706165722,10.999999999891,66.));
#5038=CARTESIAN_POINT('',(-46.4665156044729,12.9999999825529,66.));
#5039=CARTESIAN_POINT('Ctrl Pts',(-46.4665156044729,12.9999999825529,66.));
#5040=CARTESIAN_POINT('Ctrl Pts',(-45.980245791556,12.3333333216656,66.));
#5041=CARTESIAN_POINT('Ctrl Pts',(-45.493975978639,11.6666666607783,66.));
#5042=CARTESIAN_POINT('Ctrl Pts',(-45.007706165722,10.999999999891,66.));
#5043=CARTESIAN_POINT('Ctrl Pts',(-46.2162083341928,12.9999999825529,64.3462957699912));
#5044=CARTESIAN_POINT('Ctrl Pts',(-45.7334000649054,12.3333333220474,64.345817744748));
#5045=CARTESIAN_POINT('Ctrl Pts',(-45.2505858210936,11.6666666603965,64.3453404067887));
#5046=CARTESIAN_POINT('Ctrl Pts',(-44.7677775518062,10.999999999891,64.3448623815454));
#5047=CARTESIAN_POINT('Ctrl Pts',(-46.090298770056,13.0000000079025,62.6737753400501));
#5048=CARTESIAN_POINT('Ctrl Pts',(-45.6092588604138,12.333333346156,62.6733294817227));
#5049=CARTESIAN_POINT('Ctrl Pts',(-45.1282148837007,11.6666666819599,62.6728839703344));
#5050=CARTESIAN_POINT('Ctrl Pts',(-44.6471749740584,11.0000000202135,62.672438112007));
#5051=CARTESIAN_POINT('Ctrl Pts',(-46.0902586513849,13.0000000119781,61.0008221058655));
#5052=CARTESIAN_POINT('Ctrl Pts',(-45.6092372454295,12.3333333517817,61.0004108228125));
#5053=CARTESIAN_POINT('Ctrl Pts',(-45.1282154657804,11.6666666834936,60.9999996072516));
#5054=CARTESIAN_POINT('Ctrl Pts',(-44.6471940598249,11.0000000232973,60.9995883241986));
#5055=CARTESIAN_POINT('Ctrl Pts',(-46.0902586397257,13.0000000119775,61.0004108110184));
#5056=CARTESIAN_POINT('Ctrl Pts',(-45.6092372782317,12.3333333483709,60.9999995318325));
#5057=CARTESIAN_POINT('Ctrl Pts',(-45.1282154177391,11.6666666869035,60.9995883338652));
#5058=CARTESIAN_POINT('Ctrl Pts',(-44.647194056245,11.0000000232969,60.9991770546793));
#5059=CARTESIAN_POINT('Ctrl Pts',(-46.090266151513,13.000000010766,54.3333323742264));
#5060=CARTESIAN_POINT('Ctrl Pts',(-45.609244758257,12.3333333407122,54.3330581954563));
#5061=CARTESIAN_POINT('Ctrl Pts',(-45.1282220588906,11.6666666890586,54.3327841681064));
#5062=CARTESIAN_POINT('Ctrl Pts',(-44.6472006656345,11.0000000190048,54.3325099893363));
#5063=CARTESIAN_POINT('Ctrl Pts',(-46.090254558919,13.,47.6666666294138));
#5064=CARTESIAN_POINT('Ctrl Pts',(-45.6092331899543,12.3333333348767,47.6665295390055));
#5065=CARTESIAN_POINT('Ctrl Pts',(-45.1282117981776,11.6666666651233,47.6663924500609));
#5066=CARTESIAN_POINT('Ctrl Pts',(-44.6471904292129,11.,47.6662553596527));
#5067=CARTESIAN_POINT('Ctrl Pts',(-46.090254558919,13.,41.));
#5068=CARTESIAN_POINT('Ctrl Pts',(-45.6092331823503,12.3333333333333,41.));
#5069=CARTESIAN_POINT('Ctrl Pts',(-45.1282118057816,11.6666666666667,41.));
#5070=CARTESIAN_POINT('Ctrl Pts',(-44.6471904292129,11.,41.));
#5071=CARTESIAN_POINT('Ctrl Pts',(-72.5000001118624,12.9999999999518,93.668196929241));
#5072=CARTESIAN_POINT('Ctrl Pts',(-75.0149795413356,12.9999999999518,94.2070958462506));
#5073=CARTESIAN_POINT('Ctrl Pts',(-77.5828091674985,12.9999999999518,94.3546918639046));
#5074=CARTESIAN_POINT('Ctrl Pts',(-72.3362269951342,12.0433840433469,94.432507278866));
#5075=CARTESIAN_POINT('Ctrl Pts',(-74.9100472845614,12.0433840433469,94.9840143609101));
#5076=CARTESIAN_POINT('Ctrl Pts',(-77.5379542623114,12.0433840433469,95.1350635585395));
#5077=CARTESIAN_POINT('Ctrl Pts',(-72.1976497425178,10.9999999999762,95.0792314208574));
#5078=CARTESIAN_POINT('Ctrl Pts',(-74.8212584519062,10.9999999999762,95.6414069502384));
#5079=CARTESIAN_POINT('Ctrl Pts',(-77.5000001117685,10.9999999999762,95.7953780693855));
#5080=CARTESIAN_POINT('Ctrl Pts',(-77.5000001117587,12.9999999999518,94.349828941898));
#5081=CARTESIAN_POINT('Ctrl Pts',(-77.5000001117587,12.4949197151302,94.7632761789876));
#5082=CARTESIAN_POINT('Ctrl Pts',(-77.5000001117587,11.960084570966,95.1603115781806));
#5083=CARTESIAN_POINT('Ctrl Pts',(-77.5000001117587,11.2724427245167,95.6201210501125));
#5084=CARTESIAN_POINT('Ctrl Pts',(-77.5000001117587,11.1366598067715,95.7086060068865));
#5085=CARTESIAN_POINT('Ctrl Pts',(-77.5000001117587,10.9999999999997,95.79537806937));
#5086=CARTESIAN_POINT('Origin',(-79.5000001102838,12.9999999988525,60.9999998887324));
#5087=CARTESIAN_POINT('Ctrl Pts',(-77.5000001117587,13.4859184535381,60.9999998882413));
#5088=CARTESIAN_POINT('Ctrl Pts',(-77.5000001117587,13.4859184535381,62.8836524553288));
#5089=CARTESIAN_POINT('Ctrl Pts',(-79.3802745666961,13.4859184535381,62.9964131204804));
#5090=CARTESIAN_POINT('Ctrl Pts',(-71.2313013500981,20.690828659771,60.9999998882413));
#5091=CARTESIAN_POINT('Ctrl Pts',(-71.2313013500981,20.690828659771,68.787677712679));
#5092=CARTESIAN_POINT('Ctrl Pts',(-79.0050128786593,20.690828659771,69.2538696988306));
#5093=CARTESIAN_POINT('Ctrl Pts',(-61.6821918744546,20.5431009829416,60.9999998882413));
#5094=CARTESIAN_POINT('Ctrl Pts',(-61.6821918744546,20.5431009829416,77.7812800012766));
#5095=CARTESIAN_POINT('Ctrl Pts',(-78.4333767102421,20.5431009829416,78.7858539554678));
#5096=CARTESIAN_POINT('Ctrl Pts',(-52.1330823988112,20.3953733061122,60.9999998882413));
#5097=CARTESIAN_POINT('Ctrl Pts',(-52.1330823988112,20.3953733061122,86.7748822898743));
#5098=CARTESIAN_POINT('Ctrl Pts',(-77.8617405418249,20.3953733061122,88.3178382121051));
#5099=CARTESIAN_POINT('Ctrl Pts',(-46.0902545388775,12.9999999754727,60.9999998882413));
#5100=CARTESIAN_POINT('Ctrl Pts',(-46.0902545388775,12.9999999754727,92.4661763952903));
#5101=CARTESIAN_POINT('Ctrl Pts',(-77.5000001121997,12.9999999754727,94.3498289619625));
#5102=CARTESIAN_POINT('Origin',(-79.5000001102838,12.9999999988525,60.9999998887324));
#5103=CARTESIAN_POINT('Ctrl Pts',(-72.5000001001447,18.5189466137208,66.));
#5104=CARTESIAN_POINT('Ctrl Pts',(-71.612137624595,18.8660733988178,66.));
#5105=CARTESIAN_POINT('Ctrl Pts',(-70.6594580520773,19.2019211169468,66.));
#5106=CARTESIAN_POINT('Ctrl Pts',(-68.7346074806113,19.7820938491815,66.));
#5107=CARTESIAN_POINT('Ctrl Pts',(-67.5300049314358,20.0721509775816,66.));
#5108=CARTESIAN_POINT('Ctrl Pts',(-65.0912696164366,20.4541843733364,66.));
#5109=CARTESIAN_POINT('Ctrl Pts',(-63.8570426607402,20.5455591308681,66.));
#5110=CARTESIAN_POINT('Ctrl Pts',(-61.4120946117214,20.5455591308681,66.));
#5111=CARTESIAN_POINT('Ctrl Pts',(-59.9723282107651,20.4212588109461,66.));
#5112=CARTESIAN_POINT('Ctrl Pts',(-57.1518343669296,19.8729656285455,66.));
#5113=CARTESIAN_POINT('Ctrl Pts',(-55.7711551885752,19.4487245160251,66.));
#5114=CARTESIAN_POINT('Ctrl Pts',(-53.3688409594697,18.4612495910023,66.));
#5115=CARTESIAN_POINT('Ctrl Pts',(-52.123241880897,17.8140877271745,66.));
#5116=CARTESIAN_POINT('Ctrl Pts',(-49.7970358801303,16.2713958930096,66.));
#5117=CARTESIAN_POINT('Ctrl Pts',(-48.7164813082602,15.3757869857183,66.));
#5118=CARTESIAN_POINT('Ctrl Pts',(-47.3556653881535,14.0213946113544,66.));
#5119=CARTESIAN_POINT('Ctrl Pts',(-46.9022619749535,13.5272721687995,66.));
#5120=CARTESIAN_POINT('Ctrl Pts',(-46.4665156130403,12.9999999754727,66.));
#5121=CARTESIAN_POINT('',(-77.5000001117587,16.5936966362986,66.0000000000328));
#5122=CARTESIAN_POINT('Ctrl Pts',(-77.5000001117587,16.5936966362833,66.0000000000431));
#5123=CARTESIAN_POINT('Ctrl Pts',(-77.5000001117587,16.9573165587936,66.5364167105177));
#5124=CARTESIAN_POINT('Ctrl Pts',(-77.5000001117587,17.3299016557513,67.1274321356208));
#5125=CARTESIAN_POINT('Ctrl Pts',(-77.5000001117587,18.0596604504575,68.411896864274));
#5126=CARTESIAN_POINT('Ctrl Pts',(-77.5000001117587,18.4093665318575,69.1095752029104));
#5127=CARTESIAN_POINT('Ctrl Pts',(-77.5000001117587,19.2646809276528,71.0358233475047));
#5128=CARTESIAN_POINT('Ctrl Pts',(-77.5000001117587,19.7549853671365,72.4876695024378));
#5129=CARTESIAN_POINT('Ctrl Pts',(-77.5000001117587,20.3954065721068,75.4636727025794));
#5130=CARTESIAN_POINT('Ctrl Pts',(-77.5000001117587,20.5455591308681,76.9878220451393));
#5131=CARTESIAN_POINT('Ctrl Pts',(-77.5000001117587,20.5455591308681,79.6607652052398));
#5132=CARTESIAN_POINT('Ctrl Pts',(-77.5000001117587,20.4205782018994,81.0538493659756));
#5133=CARTESIAN_POINT('Ctrl Pts',(-77.5000001117587,19.879795541454,83.7822583849535));
#5134=CARTESIAN_POINT('Ctrl Pts',(-77.5000001117587,19.4639573467794,85.1175760159029));
#5135=CARTESIAN_POINT('Ctrl Pts',(-77.5000001117587,18.4909931566501,87.4694234690129));
#5136=CARTESIAN_POINT('Ctrl Pts',(-77.5000001117587,17.8452926826476,88.7030341652929));
#5137=CARTESIAN_POINT('Ctrl Pts',(-77.5000001117587,16.3081981527293,91.0062425561747));
#5138=CARTESIAN_POINT('Ctrl Pts',(-77.5000001117587,15.4167918158138,92.0758320547697));
#5139=CARTESIAN_POINT('Ctrl Pts',(-77.5000001117587,14.0544389078324,93.4392318587065));
#5140=CARTESIAN_POINT('Ctrl Pts',(-77.5000001117587,13.5445292126909,93.9040897093697));
#5141=CARTESIAN_POINT('Ctrl Pts',(-77.5000001117587,12.9999999999518,94.349828941898));
#5142=CARTESIAN_POINT('Ctrl Pts',(-77.5000001117587,13.4859184535381,60.9999998882413));
#5143=CARTESIAN_POINT('Ctrl Pts',(-77.5000001117587,13.4859184535381,61.2079099826283));
#5144=CARTESIAN_POINT('Ctrl Pts',(-77.5000001117587,13.5270423685999,61.4294507623064));
#5145=CARTESIAN_POINT('Ctrl Pts',(-77.5000001117587,13.6740206689516,61.8542502408913));
#5146=CARTESIAN_POINT('Ctrl Pts',(-77.5000001117587,13.7771362908295,62.0584515996963));
#5147=CARTESIAN_POINT('Ctrl Pts',(-77.5000001117587,14.0348254380212,62.5069191364766));
#5148=CARTESIAN_POINT('Ctrl Pts',(-77.5000001117587,14.2459390807959,62.8122197572568));
#5149=CARTESIAN_POINT('Ctrl Pts',(-77.5000001117587,14.5940663742559,63.2905600881454));
#5150=CARTESIAN_POINT('Ctrl Pts',(-77.5000001117587,14.7990399745263,63.5602560861517));
#5151=CARTESIAN_POINT('Ctrl Pts',(-77.5000001117587,15.1334279344966,63.9982501475549));
#5152=CARTESIAN_POINT('Ctrl Pts',(-77.5000001117587,15.3294391532457,64.2543600544228));
#5153=CARTESIAN_POINT('Ctrl Pts',(-77.5000001117587,15.8040635647446,64.8832264628221));
#5154=CARTESIAN_POINT('Ctrl Pts',(-77.5000001117587,16.171703182124,65.3861081177682));
#5155=CARTESIAN_POINT('Ctrl Pts',(-77.5000001117587,16.508553037377,65.8749290687085));
#5156=CARTESIAN_POINT('Ctrl Pts',(-77.5000001117587,16.551055068948,65.9370946203774));
#5157=CARTESIAN_POINT('Ctrl Pts',(-77.5000001117587,16.5936966362986,66.0000000000656));
#5158=CARTESIAN_POINT('Ctrl Pts',(-44.6471904291975,10.9999999999756,60.9999998882413));
#5159=CARTESIAN_POINT('Ctrl Pts',(-44.6471904291975,10.9999999999756,63.5129971034619));
#5160=CARTESIAN_POINT('Ctrl Pts',(-45.0077061658445,10.9999999999756,65.9999999999894));
#5161=CARTESIAN_POINT('Ctrl Pts',(-37.6742561901825,9.68558566682987E-12,
60.9999998882413));
#5162=CARTESIAN_POINT('Ctrl Pts',(-37.6742561901825,9.68558566682987E-12,
64.015767596979));
#5163=CARTESIAN_POINT('Ctrl Pts',(-38.1068996131384,9.68558566682987E-12,
67.0003403539475));
#5164=CARTESIAN_POINT('Ctrl Pts',(-44.6471904291887,-10.9999999999618,60.9999998882413));
#5165=CARTESIAN_POINT('Ctrl Pts',(-44.6471904291887,-10.9999999999618,63.5129971034625));
#5166=CARTESIAN_POINT('Ctrl Pts',(-45.0077061658358,-10.9999999999618,65.9999999999907));
#5167=CARTESIAN_POINT('Ctrl Pts',(-45.0077061657715,10.9999999998593,66.));
#5168=CARTESIAN_POINT('Ctrl Pts',(-44.3422607636636,9.96109980404869,66.));
#5169=CARTESIAN_POINT('Ctrl Pts',(-43.7801348006162,8.86713612896918,66.));
#5170=CARTESIAN_POINT('Ctrl Pts',(-42.8613954923978,6.65648569974381,66.));
#5171=CARTESIAN_POINT('Ctrl Pts',(-42.4478377340153,5.3365173988305,66.));
#5172=CARTESIAN_POINT('Ctrl Pts',(-41.9093475782646,2.63898812055283,66.));
#5173=CARTESIAN_POINT('Ctrl Pts',(-41.7844253850408,1.26142510621182,66.));
#5174=CARTESIAN_POINT('Ctrl Pts',(-41.7844253850408,-1.26142510621182,66.));
#5175=CARTESIAN_POINT('Ctrl Pts',(-41.9093475782646,-2.63898812055283,66.));
#5176=CARTESIAN_POINT('Ctrl Pts',(-42.4478377340153,-5.3365173988305,66.));
#5177=CARTESIAN_POINT('Ctrl Pts',(-42.8613954923978,-6.65648569974381,66.));
#5178=CARTESIAN_POINT('Ctrl Pts',(-43.7801348006162,-8.86713612896918,66.));
#5179=CARTESIAN_POINT('Ctrl Pts',(-44.3422607636636,-9.96109980404869,66.));
#5180=CARTESIAN_POINT('Ctrl Pts',(-45.0077061657715,-10.9999999998593,66.));
#5181=CARTESIAN_POINT('Origin',(-79.5000001117603,10.9999999999704,60.9999998882392));
#5182=CARTESIAN_POINT('Origin',(-77.5000001117587,0.,77.25));
#5183=CARTESIAN_POINT('Origin',(-77.5000001117587,0.,77.25));
#5184=CARTESIAN_POINT('Origin',(-77.5000001117587,0.,78.5));
#5185=CARTESIAN_POINT('Origin',(-79.5000001117587,0.,78.5));
#5186=CARTESIAN_POINT('Origin',(-79.5000001117587,-3.5,64.));
#5187=CARTESIAN_POINT('',(-79.5000001117587,-3.5,64.));
#5188=CARTESIAN_POINT('',(-79.5000001117587,-10.5,64.));
#5189=CARTESIAN_POINT('',(-79.5000001117587,-10.5,64.));
#5190=CARTESIAN_POINT('',(-77.5000001117587,-10.5,64.));
#5191=CARTESIAN_POINT('',(-79.5000001117587,-10.5,64.));
#5192=CARTESIAN_POINT('',(-77.5000001117587,-3.5,64.));
#5193=CARTESIAN_POINT('',(-77.5000001117587,-10.5,64.));
#5194=CARTESIAN_POINT('',(-79.5000001117587,-3.5,64.));
#5195=CARTESIAN_POINT('Origin',(-79.5000001117587,-8.,56.));
#5196=CARTESIAN_POINT('',(-77.5000001117587,-9.,56.));
#5197=CARTESIAN_POINT('Origin',(-77.5000001117587,-8.,56.));
#5198=CARTESIAN_POINT('',(-79.5000001117587,-9.,56.));
#5199=CARTESIAN_POINT('',(-79.5000001117587,-9.,56.));
#5200=CARTESIAN_POINT('Origin',(-79.5000001117587,-8.,56.));
#5201=CARTESIAN_POINT('Origin',(-79.5000001117587,10.5,64.));
#5202=CARTESIAN_POINT('',(-79.5000001117587,3.5,64.));
#5203=CARTESIAN_POINT('',(-79.5000001117587,10.5,64.));
#5204=CARTESIAN_POINT('',(-77.5000001117587,3.5,64.));
#5205=CARTESIAN_POINT('',(-79.5000001117587,3.5,64.));
#5206=CARTESIAN_POINT('',(-77.5000001117587,10.5,64.));
#5207=CARTESIAN_POINT('Origin',(-79.5000001117587,8.,56.));
#5208=CARTESIAN_POINT('',(-77.5000001117587,7.,56.));
#5209=CARTESIAN_POINT('Origin',(-77.5000001117587,8.,56.));
#5210=CARTESIAN_POINT('',(-79.5000001117587,7.,56.));
#5211=CARTESIAN_POINT('',(-79.5000001117587,7.,56.));
#5212=CARTESIAN_POINT('Origin',(-79.5000001117587,8.,56.));
#5213=CARTESIAN_POINT('Origin',(-72.2272204904453,0.,66.));
#5214=CARTESIAN_POINT('',(-72.5000001117587,0.,66.));
#5215=CARTESIAN_POINT('Ctrl Pts',(-46.4665156130403,12.9999999754727,66.));
#5216=CARTESIAN_POINT('Ctrl Pts',(-46.0396464948423,12.4834696360625,66.));
#5217=CARTESIAN_POINT('Ctrl Pts',(-45.6297255703848,11.9351237868715,66.));
#5218=CARTESIAN_POINT('Ctrl Pts',(-45.1670562590524,11.2458622342905,66.));
#5219=CARTESIAN_POINT('Ctrl Pts',(-45.0866832616801,11.1232998530766,66.));
#5220=CARTESIAN_POINT('Ctrl Pts',(-45.0077061657715,10.9999999998593,66.));
#5221=CARTESIAN_POINT('Origin',(-79.5000001117587,-10.5,88.5));
#5222=CARTESIAN_POINT('',(-79.5000001117587,-10.5,88.5));
#5223=CARTESIAN_POINT('',(-79.5000001117587,-10.5,88.5));
#5224=CARTESIAN_POINT('',(-79.5000001117587,-10.5,76.));
#5225=CARTESIAN_POINT('',(-79.5000001117587,-10.5,88.5));
#5226=CARTESIAN_POINT('',(-77.5000001117587,-10.5,76.));
#5227=CARTESIAN_POINT('',(-79.5000001117587,-10.5,76.));
#5228=CARTESIAN_POINT('',(-77.5000001117587,-10.5,76.));
#5229=CARTESIAN_POINT('',(-79.5000001117587,-10.5,88.5));
#5230=CARTESIAN_POINT('Origin',(-79.5000001117587,10.5,88.5));
#5231=CARTESIAN_POINT('',(-79.5000001117587,10.5,88.5));
#5232=CARTESIAN_POINT('Origin',(-79.5000001117587,8.,86.));
#5233=CARTESIAN_POINT('',(-77.5000001117587,7.,86.));
#5234=CARTESIAN_POINT('Origin',(-77.5000001117587,8.,86.));
#5235=CARTESIAN_POINT('',(-79.5000001117587,7.,86.));
#5236=CARTESIAN_POINT('',(-79.5000001117587,7.,86.));
#5237=CARTESIAN_POINT('Origin',(-79.5000001117587,8.,86.));
#5238=CARTESIAN_POINT('Origin',(-79.5000001117587,-10.5,76.));
#5239=CARTESIAN_POINT('',(-79.5000001117587,-3.5,76.));
#5240=CARTESIAN_POINT('',(-79.5000001117587,-3.5,76.));
#5241=CARTESIAN_POINT('',(-77.5000001117587,-3.5,76.));
#5242=CARTESIAN_POINT('',(-79.5000001117587,-3.5,76.));
#5243=CARTESIAN_POINT('',(-77.5000001117587,-3.5,76.));
#5244=CARTESIAN_POINT('Origin',(-79.5000001117587,-3.5,76.));
#5245=CARTESIAN_POINT('',(-77.5000001117587,-3.5,64.));
#5246=CARTESIAN_POINT('',(-79.5000001117587,-3.5,64.));
#5247=CARTESIAN_POINT('Origin',(-79.5000001117587,3.5,76.));
#5248=CARTESIAN_POINT('',(-79.5000001117587,3.5,76.));
#5249=CARTESIAN_POINT('',(-79.5000001117587,3.5,76.));
#5250=CARTESIAN_POINT('',(-77.5000001117587,3.5,76.));
#5251=CARTESIAN_POINT('',(-77.5000001117587,3.5,76.));
#5252=CARTESIAN_POINT('',(-79.5000001117587,3.5,76.));
#5253=CARTESIAN_POINT('Origin',(-79.5000001117587,-8.,86.));
#5254=CARTESIAN_POINT('',(-77.5000001117587,-9.,86.));
#5255=CARTESIAN_POINT('Origin',(-77.5000001117587,-8.,86.));
#5256=CARTESIAN_POINT('',(-79.5000001117587,-9.,86.));
#5257=CARTESIAN_POINT('',(-79.5000001117587,-9.,86.));
#5258=CARTESIAN_POINT('Origin',(-79.5000001117587,-8.,86.));
#5259=CARTESIAN_POINT('Origin',(-77.5000001117587,0.,77.25));
#5260=CARTESIAN_POINT('Origin',(-77.5000001117587,0.,78.5));
#5261=CARTESIAN_POINT('',(-77.5000001117587,3.5,64.));
#5262=CARTESIAN_POINT('Origin',(-79.5000001117587,0.,78.5));
#5263=CARTESIAN_POINT('Ctrl Pts',(-46.090254558919,13.,60.9999998882413));
#5264=CARTESIAN_POINT('Ctrl Pts',(-46.090254558919,13.,63.514157181889));
#5265=CARTESIAN_POINT('Ctrl Pts',(-46.4665156328561,13.,65.9999999970007));
#5266=CARTESIAN_POINT('Ctrl Pts',(-45.308594821942,12.0433840433195,60.9999998882413));
#5267=CARTESIAN_POINT('Ctrl Pts',(-45.308594821942,12.0433840433195,63.5729788070272));
#5268=CARTESIAN_POINT('Ctrl Pts',(-45.6936589599917,12.0433840433195,66.1169807972201));
#5269=CARTESIAN_POINT('Ctrl Pts',(-44.6471904291238,10.9999999998593,60.9999998882413));
#5270=CARTESIAN_POINT('Ctrl Pts',(-44.6471904291238,10.9999999998593,63.6227509513743));
#5271=CARTESIAN_POINT('Ctrl Pts',(-45.0397033137303,10.9999999998593,66.2159645512506));
#5272=CARTESIAN_POINT('Origin',(-79.5000001117587,0.,77.25));
#5273=CARTESIAN_POINT('',(-79.5000001117587,3.5,64.));
#5274=CARTESIAN_POINT('Origin',(-79.5000001117587,3.5,64.));
#5275=CARTESIAN_POINT('Origin',(-79.5000001117587,0.,78.5));
#5276=CARTESIAN_POINT('Origin',(-72.5000001117587,0.,83.2906906710815));
#5277=CARTESIAN_POINT('Origin',(-101.000000111759,0.,78.5));
#5278=CARTESIAN_POINT('',(-101.000000111759,-16.0675675675676,65.7688071076725));
#5279=CARTESIAN_POINT('',(-103.000000111759,-14.5,67.0108747069239));
#5280=CARTESIAN_POINT('Origin',(-101.000000111759,-14.5,67.0108747069239));
#5281=CARTESIAN_POINT('',(-103.000000111759,-14.5,89.9891252930761));
#5282=CARTESIAN_POINT('Origin',(-103.000000111759,0.,78.5));
#5283=CARTESIAN_POINT('',(-101.000000111759,-16.0675675675676,91.2311928923275));
#5284=CARTESIAN_POINT('Origin',(-101.000000111759,-14.5,89.9891252930761));
#5285=CARTESIAN_POINT('Origin',(-101.000000111759,0.,78.5));
#5286=CARTESIAN_POINT('Origin',(-101.000000111759,-14.5,70.375961595364));
#5287=CARTESIAN_POINT('',(-101.000000111759,-12.5,89.9891252930761));
#5288=CARTESIAN_POINT('Origin',(-101.000000111759,-14.5,89.9891252930761));
#5289=CARTESIAN_POINT('',(-103.000000111759,-14.5,70.375961595364));
#5290=CARTESIAN_POINT('',(-101.000000111759,-12.5,67.0108747069239));
#5291=CARTESIAN_POINT('Origin',(-101.000000111759,-14.5,67.0108747069239));
#5292=CARTESIAN_POINT('',(-101.000000111759,-12.5,70.375961595364));
#5293=CARTESIAN_POINT('Origin',(-101.000000111759,-14.5,89.9891252930761));
#5294=CARTESIAN_POINT('Origin',(-101.000000111759,-14.5,89.9891252930761));
#5295=CARTESIAN_POINT('Origin',(-101.000000111759,-14.5,67.0108747069239));
#5296=CARTESIAN_POINT('Origin',(-101.000000111759,-14.5,67.0108747069239));
#5297=CARTESIAN_POINT('Origin',(-79.5000001117587,-14.5,89.9891252930761));
#5298=CARTESIAN_POINT('',(-81.5000001117587,-12.5,89.9891252930761));
#5299=CARTESIAN_POINT('',(-79.5000001117587,-12.5,89.9891252930761));
#5300=CARTESIAN_POINT('',(-81.5000001117587,-16.0675675675676,91.2311928923275));
#5301=CARTESIAN_POINT('Origin',(-81.5000001117587,-14.5,89.9891252930761));
#5302=CARTESIAN_POINT('',(-79.5000001117587,-16.0675675675676,91.2311928923275));
#5303=CARTESIAN_POINT('Origin',(-79.5000001117587,-12.5,62.2519231907281));
#5304=CARTESIAN_POINT('',(-81.5000001117587,-12.5,67.0108747069239));
#5305=CARTESIAN_POINT('',(-79.5000001117587,-12.5,67.0108747069239));
#5306=CARTESIAN_POINT('',(-81.5000001117587,-12.5,69.750961595364));
#5307=CARTESIAN_POINT('Origin',(-103.000000111759,-16.5,78.5));
#5308=CARTESIAN_POINT('Origin',(-79.5000001117587,0.,77.25));
#5309=CARTESIAN_POINT('',(-79.5000001117587,-14.5,89.9891252930761));
#5310=CARTESIAN_POINT('',(-79.5000001117587,-14.5,67.0108747069239));
#5311=CARTESIAN_POINT('Origin',(-79.5000001117587,0.,78.5));
#5312=CARTESIAN_POINT('',(-79.5000001117587,-14.5,69.750961595364));
#5313=CARTESIAN_POINT('Origin',(-81.5000001117587,-14.5,69.750961595364));
#5314=CARTESIAN_POINT('Origin',(-81.5000001117587,-14.5,67.0108747069239));
#5315=CARTESIAN_POINT('Origin',(-81.5000001117587,-14.5,89.9891252930761));
#5316=CARTESIAN_POINT('Origin',(-81.5000001117587,0.,78.5));
#5317=CARTESIAN_POINT('Origin',(-81.5000001117587,-14.5,89.9891252930761));
#5318=CARTESIAN_POINT('',(-81.5000001117587,-16.0675675675676,65.7688071076725));
#5319=CARTESIAN_POINT('Origin',(-81.5000001117587,-14.5,67.0108747069239));
#5320=CARTESIAN_POINT('Origin',(-81.5000001117587,0.,78.5));
#5321=CARTESIAN_POINT('Origin',(-81.5000001117587,-14.5,67.0108747069239));
#5322=CARTESIAN_POINT('Origin',(-81.5000001117587,-14.5,67.0108747069239));
#5323=CARTESIAN_POINT('Origin',(-81.5000001117587,-14.5,89.9891252930761));
#5324=CARTESIAN_POINT('Origin',(-79.5000001117587,0.,78.5));
#5325=CARTESIAN_POINT('',(-79.5000001117587,-16.0675675675676,65.7688071076725));
#5326=CARTESIAN_POINT('Origin',(-79.5000001117587,-14.5,67.0108747069239));
#5327=CARTESIAN_POINT('Origin',(-101.000000111759,14.5,86.624038404636));
#5328=CARTESIAN_POINT('',(-101.000000111759,12.5,67.0108747069239));
#5329=CARTESIAN_POINT('',(-103.000000111759,14.5,67.0108747069239));
#5330=CARTESIAN_POINT('Origin',(-101.000000111759,14.5,67.0108747069239));
#5331=CARTESIAN_POINT('',(-103.000000111759,14.5,89.9891252930761));
#5332=CARTESIAN_POINT('',(-103.000000111759,14.5,86.624038404636));
#5333=CARTESIAN_POINT('',(-101.000000111759,12.5,89.9891252930761));
#5334=CARTESIAN_POINT('Origin',(-101.000000111759,14.5,89.9891252930761));
#5335=CARTESIAN_POINT('',(-101.000000111759,12.5,86.624038404636));
#5336=CARTESIAN_POINT('Origin',(-101.000000111759,0.,78.5));
#5337=CARTESIAN_POINT('',(-101.000000111759,16.0675675675676,91.2311928923275));
#5338=CARTESIAN_POINT('Origin',(-101.000000111759,14.5,89.9891252930761));
#5339=CARTESIAN_POINT('Origin',(-103.000000111759,0.,78.5));
#5340=CARTESIAN_POINT('',(-101.000000111759,16.0675675675676,65.7688071076725));
#5341=CARTESIAN_POINT('Origin',(-101.000000111759,14.5,67.0108747069239));
#5342=CARTESIAN_POINT('Origin',(-101.000000111759,0.,78.5));
#5343=CARTESIAN_POINT('Origin',(-101.000000111759,14.5,89.9891252930761));
#5344=CARTESIAN_POINT('Origin',(-101.000000111759,14.5,89.9891252930761));
#5345=CARTESIAN_POINT('Origin',(-101.000000111759,14.5,67.0108747069239));
#5346=CARTESIAN_POINT('Origin',(-101.000000111759,14.5,67.0108747069239));
#5347=CARTESIAN_POINT('Origin',(-79.5000001117587,14.5,89.9891252930761));
#5348=CARTESIAN_POINT('',(-81.5000001117587,16.0675675675676,91.2311928923275));
#5349=CARTESIAN_POINT('',(-79.5000001117587,16.0675675675676,91.2311928923275));
#5350=CARTESIAN_POINT('',(-81.5000001117587,12.5,89.9891252930761));
#5351=CARTESIAN_POINT('Origin',(-81.5000001117587,14.5,89.9891252930761));
#5352=CARTESIAN_POINT('',(-79.5000001117587,12.5,89.9891252930761));
#5353=CARTESIAN_POINT('Origin',(-79.5000001117587,0.,78.5));
#5354=CARTESIAN_POINT('',(-81.5000001117587,16.0675675675676,65.7688071076725));
#5355=CARTESIAN_POINT('',(-79.5000001117587,16.0675675675676,65.7688071076725));
#5356=CARTESIAN_POINT('Origin',(-81.5000001117587,0.,78.5));
#5357=CARTESIAN_POINT('Origin',(-103.000000111759,16.5,78.5));
#5358=CARTESIAN_POINT('Origin',(-79.5000001117587,0.,77.25));
#5359=CARTESIAN_POINT('',(-79.5000001117587,14.5,67.0108747069239));
#5360=CARTESIAN_POINT('',(-79.5000001117587,14.5,89.9891252930761));
#5361=CARTESIAN_POINT('Origin',(-79.5000001117587,0.,78.5));
#5362=CARTESIAN_POINT('',(-79.5000001117587,14.5,85.999038404636));
#5363=CARTESIAN_POINT('Origin',(-79.5000001117587,12.5,94.7480768092719));
#5364=CARTESIAN_POINT('',(-81.5000001117587,12.5,67.0108747069239));
#5365=CARTESIAN_POINT('',(-81.5000001117587,12.5,85.999038404636));
#5366=CARTESIAN_POINT('',(-79.5000001117587,12.5,67.0108747069239));
#5367=CARTESIAN_POINT('Origin',(-79.5000001117587,14.5,67.0108747069239));
#5368=CARTESIAN_POINT('Origin',(-81.5000001117587,14.5,67.0108747069239));
#5369=CARTESIAN_POINT('Origin',(-81.5000001117587,14.5,85.999038404636));
#5370=CARTESIAN_POINT('Origin',(-81.5000001117587,14.5,89.9891252930761));
#5371=CARTESIAN_POINT('Origin',(-81.5000001117587,14.5,67.0108747069239));
#5372=CARTESIAN_POINT('Origin',(-81.5000001117587,0.,78.5));
#5373=CARTESIAN_POINT('Origin',(-81.5000001117587,14.5,67.0108747069239));
#5374=CARTESIAN_POINT('Origin',(-81.5000001117587,14.5,89.9891252930761));
#5375=CARTESIAN_POINT('Origin',(-81.5000001117587,14.5,89.9891252930761));
#5376=CARTESIAN_POINT('Origin',(-81.5000001117587,14.5,67.0108747069239));
#5377=UNCERTAINTY_MEASURE_WITH_UNIT(LENGTH_MEASURE(0.01),#5381,
'DISTANCE_ACCURACY_VALUE',
'Maximum model space distance between geometric entities at asserted c
onnectivities');
#5378=UNCERTAINTY_MEASURE_WITH_UNIT(LENGTH_MEASURE(0.01),#5381,
'DISTANCE_ACCURACY_VALUE',
'Maximum model space distance between geometric entities at asserted c
onnectivities');
#5379=(
GEOMETRIC_REPRESENTATION_CONTEXT(3)
GLOBAL_UNCERTAINTY_ASSIGNED_CONTEXT((#5377))
GLOBAL_UNIT_ASSIGNED_CONTEXT((#5381,#5383,#5384))
REPRESENTATION_CONTEXT('','3D')
);
#5380=(
GEOMETRIC_REPRESENTATION_CONTEXT(3)
GLOBAL_UNCERTAINTY_ASSIGNED_CONTEXT((#5378))
GLOBAL_UNIT_ASSIGNED_CONTEXT((#5381,#5383,#5384))
REPRESENTATION_CONTEXT('','3D')
);
#5381=(
LENGTH_UNIT()
NAMED_UNIT(*)
SI_UNIT(.MILLI.,.METRE.)
);
#5382=(
LENGTH_UNIT()
NAMED_UNIT(*)
SI_UNIT($,.METRE.)
);
#5383=(
NAMED_UNIT(*)
PLANE_ANGLE_UNIT()
SI_UNIT($,.RADIAN.)
);
#5384=(
NAMED_UNIT(*)
SI_UNIT($,.STERADIAN.)
SOLID_ANGLE_UNIT()
);
#5385=SHAPE_DEFINITION_REPRESENTATION(#5386,#5387);
#5386=PRODUCT_DEFINITION_SHAPE('',$,#5389);
#5387=SHAPE_REPRESENTATION('',(#2573),#5379);
#5388=PRODUCT_DEFINITION_CONTEXT('part definition',#5393,'design');
#5389=PRODUCT_DEFINITION('L2','L2',#5390,#5388);
#5390=PRODUCT_DEFINITION_FORMATION('',$,#5395);
#5391=PRODUCT_RELATED_PRODUCT_CATEGORY('L2','L2',(#5395));
#5392=APPLICATION_PROTOCOL_DEFINITION('international standard',
'automotive_design',2009,#5393);
#5393=APPLICATION_CONTEXT(
'Core Data for Automotive Mechanical Design Process');
#5394=PRODUCT_CONTEXT('part definition',#5393,'mechanical');
#5395=PRODUCT('L2','L2',$,(#5394));
#5396=PRESENTATION_STYLE_ASSIGNMENT((#5397));
#5397=SURFACE_STYLE_USAGE(.BOTH.,#5398);
#5398=SURFACE_SIDE_STYLE('',(#5399));
#5399=SURFACE_STYLE_FILL_AREA(#5400);
#5400=FILL_AREA_STYLE('Steel - Satin',(#5401));
#5401=FILL_AREA_STYLE_COLOUR('Steel - Satin',#5402);
#5402=COLOUR_RGB('Steel - Satin',0.627450980392157,0.627450980392157,0.627450980392157);
ENDSEC;
END-ISO-10303-21;
