ISO-10303-21;
HEADER;
/* Generated by software containing ST-Developer
 * from STEP Tools, Inc. (www.steptools.com) 
 */

FILE_DESCRIPTION(
/* description */ (''),
/* implementation_level */ '2;1');

FILE_NAME(
/* name */ 'L3.step',
/* time_stamp */ '2025-11-07T15:05:47+08:00',
/* author */ (''),
/* organization */ (''),
/* preprocessor_version */ 'ST-DEVELOPER v20.1',
/* originating_system */ 'Autodesk Translation Framework v14.17.0.0',
/* authorisation */ '');

FILE_SCHEMA (('AUTOMOTIVE_DESIGN { 1 0 10303 214 3 1 1 }'));
ENDSEC;

DATA;
#10=MECHANICAL_DESIGN_GEOMETRIC_PRESENTATION_REPRESENTATION('',(#13,#14),
#6142);
#11=SHAPE_REPRESENTATION_RELATIONSHIP('SRR','None',#6149,#12);
#12=ADVANCED_BREP_SHAPE_REPRESENTATION('',(#15,#16),#6141);
#13=STYLED_ITEM('',(#6158),#15);
#14=STYLED_ITEM('',(#6158),#16);
#15=MANIFOLD_SOLID_BREP('Body3',#2164);
#16=MANIFOLD_SOLID_BREP('Body5',#2165);
#17=FACE_BOUND('',#578,.T.);
#18=FACE_BOUND('',#579,.T.);
#19=FACE_BOUND('',#580,.T.);
#20=FACE_BOUND('',#581,.T.);
#21=FACE_BOUND('',#602,.T.);
#22=FACE_BOUND('',#606,.T.);
#23=FACE_BOUND('',#608,.T.);
#24=FACE_BOUND('',#610,.T.);
#25=FACE_BOUND('',#612,.T.);
#26=FACE_BOUND('',#619,.T.);
#27=FACE_BOUND('',#620,.T.);
#28=FACE_BOUND('',#621,.T.);
#29=FACE_BOUND('',#622,.T.);
#30=FACE_BOUND('',#632,.T.);
#31=FACE_BOUND('',#635,.T.);
#32=FACE_BOUND('',#636,.T.);
#33=FACE_BOUND('',#637,.T.);
#34=FACE_BOUND('',#638,.T.);
#35=FACE_BOUND('',#654,.T.);
#36=FACE_BOUND('',#655,.T.);
#37=FACE_BOUND('',#656,.T.);
#38=FACE_BOUND('',#657,.T.);
#39=FACE_BOUND('',#658,.T.);
#40=FACE_BOUND('',#659,.T.);
#41=FACE_BOUND('',#660,.T.);
#42=FACE_BOUND('',#661,.T.);
#43=FACE_BOUND('',#662,.T.);
#44=FACE_BOUND('',#673,.T.);
#45=FACE_BOUND('',#674,.T.);
#46=FACE_BOUND('',#675,.T.);
#47=FACE_BOUND('',#676,.T.);
#48=FACE_BOUND('',#677,.T.);
#49=FACE_BOUND('',#678,.T.);
#50=FACE_BOUND('',#679,.T.);
#51=FACE_BOUND('',#680,.T.);
#52=FACE_BOUND('',#681,.T.);
#53=ELLIPSE('',#2222,22.5,20.);
#54=ELLIPSE('',#2298,22.5,20.);
#55=SPHERICAL_SURFACE('',#2206,2.);
#56=SPHERICAL_SURFACE('',#2217,2.);
#57=CYLINDRICAL_SURFACE('',#2190,2.);
#58=CYLINDRICAL_SURFACE('',#2193,2.);
#59=CYLINDRICAL_SURFACE('',#2196,3.99999999999998);
#60=CYLINDRICAL_SURFACE('',#2199,2.);
#61=CYLINDRICAL_SURFACE('',#2202,2.);
#62=CYLINDRICAL_SURFACE('',#2215,2.);
#63=CYLINDRICAL_SURFACE('',#2223,2.);
#64=CYLINDRICAL_SURFACE('',#2238,2.);
#65=CYLINDRICAL_SURFACE('',#2240,5.);
#66=CYLINDRICAL_SURFACE('',#2243,2.);
#67=CYLINDRICAL_SURFACE('',#2244,4.99999999999998);
#68=CYLINDRICAL_SURFACE('',#2245,5.00000000000001);
#69=CYLINDRICAL_SURFACE('',#2248,5.00000000000002);
#70=CYLINDRICAL_SURFACE('',#2250,1.5);
#71=CYLINDRICAL_SURFACE('',#2257,1.5);
#72=CYLINDRICAL_SURFACE('',#2258,1.5);
#73=CYLINDRICAL_SURFACE('',#2259,3.49999999999998);
#74=CYLINDRICAL_SURFACE('',#2260,3.50000000000002);
#75=CYLINDRICAL_SURFACE('',#2263,9.);
#76=CYLINDRICAL_SURFACE('',#2281,1.);
#77=CYLINDRICAL_SURFACE('',#2283,1.);
#78=CYLINDRICAL_SURFACE('',#2285,1.);
#79=CYLINDRICAL_SURFACE('',#2287,1.);
#80=CYLINDRICAL_SURFACE('',#2289,22.5);
#81=CYLINDRICAL_SURFACE('',#2294,3.);
#82=CYLINDRICAL_SURFACE('',#2295,3.);
#83=CYLINDRICAL_SURFACE('',#2296,3.);
#84=CYLINDRICAL_SURFACE('',#2297,3.);
#85=CYLINDRICAL_SURFACE('',#2310,1.);
#86=CYLINDRICAL_SURFACE('',#2313,0.999999999999996);
#87=CYLINDRICAL_SURFACE('',#2316,1.);
#88=CYLINDRICAL_SURFACE('',#2319,0.999999999999996);
#89=CYLINDRICAL_SURFACE('',#2322,2.);
#90=CYLINDRICAL_SURFACE('',#2342,2.);
#91=CYLINDRICAL_SURFACE('',#2345,5.);
#92=CYLINDRICAL_SURFACE('',#2347,4.99999999999998);
#93=CYLINDRICAL_SURFACE('',#2349,5.00000000000002);
#94=CYLINDRICAL_SURFACE('',#2352,5.);
#95=CYLINDRICAL_SURFACE('',#2355,2.);
#96=CYLINDRICAL_SURFACE('',#2367,2.);
#97=CYLINDRICAL_SURFACE('',#2368,2.);
#98=CYLINDRICAL_SURFACE('',#2370,2.);
#99=CYLINDRICAL_SURFACE('',#2372,1.5);
#100=CYLINDRICAL_SURFACE('',#2373,1.5);
#101=CYLINDRICAL_SURFACE('',#2374,1.5);
#102=CYLINDRICAL_SURFACE('',#2375,3.50000000000002);
#103=CYLINDRICAL_SURFACE('',#2377,3.49999999999999);
#104=CYLINDRICAL_SURFACE('',#2379,3.49999999999998);
#105=LINE('',#3457,#244);
#106=LINE('',#3458,#245);
#107=LINE('',#3461,#246);
#108=LINE('',#3465,#247);
#109=LINE('',#3466,#248);
#110=LINE('',#3469,#249);
#111=LINE('',#3473,#250);
#112=LINE('',#3474,#251);
#113=LINE('',#3477,#252);
#114=LINE('',#3481,#253);
#115=LINE('',#3482,#254);
#116=LINE('',#3485,#255);
#117=LINE('',#3489,#256);
#118=LINE('',#3490,#257);
#119=LINE('',#3493,#258);
#120=LINE('',#3496,#259);
#121=LINE('',#3615,#260);
#122=LINE('',#3620,#261);
#123=LINE('',#3628,#262);
#124=LINE('',#3639,#263);
#125=LINE('',#3641,#264);
#126=LINE('',#3643,#265);
#127=LINE('',#3644,#266);
#128=LINE('',#4069,#267);
#129=LINE('',#4072,#268);
#130=LINE('',#4075,#269);
#131=LINE('',#4077,#270);
#132=LINE('',#4078,#271);
#133=LINE('',#4081,#272);
#134=LINE('',#4088,#273);
#135=LINE('',#4090,#274);
#136=LINE('',#4105,#275);
#137=LINE('',#4107,#276);
#138=LINE('',#4109,#277);
#139=LINE('',#4110,#278);
#140=LINE('',#4117,#279);
#141=LINE('',#4119,#280);
#142=LINE('',#4129,#281);
#143=LINE('',#4130,#282);
#144=LINE('',#4142,#283);
#145=LINE('',#4143,#284);
#146=LINE('',#4145,#285);
#147=LINE('',#4148,#286);
#148=LINE('',#4150,#287);
#149=LINE('',#4153,#288);
#150=LINE('',#4154,#289);
#151=LINE('',#4158,#290);
#152=LINE('',#4167,#291);
#153=LINE('',#4169,#292);
#154=LINE('',#4174,#293);
#155=LINE('',#4176,#294);
#156=LINE('',#4177,#295);
#157=LINE('',#4180,#296);
#158=LINE('',#4181,#297);
#159=LINE('',#4186,#298);
#160=LINE('',#4190,#299);
#161=LINE('',#4191,#300);
#162=LINE('',#4193,#301);
#163=LINE('',#4217,#302);
#164=LINE('',#4221,#303);
#165=LINE('',#4225,#304);
#166=LINE('',#4229,#305);
#167=LINE('',#4237,#306);
#168=LINE('',#4242,#307);
#169=LINE('',#4352,#308);
#170=LINE('',#4403,#309);
#171=LINE('',#4454,#310);
#172=LINE('',#5337,#311);
#173=LINE('',#5918,#312);
#174=LINE('',#5920,#313);
#175=LINE('',#5922,#314);
#176=LINE('',#5923,#315);
#177=LINE('',#5926,#316);
#178=LINE('',#5928,#317);
#179=LINE('',#5929,#318);
#180=LINE('',#5932,#319);
#181=LINE('',#5934,#320);
#182=LINE('',#5935,#321);
#183=LINE('',#5937,#322);
#184=LINE('',#5938,#323);
#185=LINE('',#5942,#324);
#186=LINE('',#5944,#325);
#187=LINE('',#5946,#326);
#188=LINE('',#5947,#327);
#189=LINE('',#5950,#328);
#190=LINE('',#5952,#329);
#191=LINE('',#5953,#330);
#192=LINE('',#5956,#331);
#193=LINE('',#5958,#332);
#194=LINE('',#5959,#333);
#195=LINE('',#5961,#334);
#196=LINE('',#5962,#335);
#197=LINE('',#5967,#336);
#198=LINE('',#5973,#337);
#199=LINE('',#5979,#338);
#200=LINE('',#5985,#339);
#201=LINE('',#5992,#340);
#202=LINE('',#5995,#341);
#203=LINE('',#5998,#342);
#204=LINE('',#6000,#343);
#205=LINE('',#6001,#344);
#206=LINE('',#6004,#345);
#207=LINE('',#6008,#346);
#208=LINE('',#6016,#347);
#209=LINE('',#6020,#348);
#210=LINE('',#6024,#349);
#211=LINE('',#6028,#350);
#212=LINE('',#6032,#351);
#213=LINE('',#6036,#352);
#214=LINE('',#6050,#353);
#215=LINE('',#6053,#354);
#216=LINE('',#6056,#355);
#217=LINE('',#6057,#356);
#218=LINE('',#6061,#357);
#219=LINE('',#6064,#358);
#220=LINE('',#6070,#359);
#221=LINE('',#6071,#360);
#222=LINE('',#6074,#361);
#223=LINE('',#6075,#362);
#224=LINE('',#6078,#363);
#225=LINE('',#6081,#364);
#226=LINE('',#6084,#365);
#227=LINE('',#6085,#366);
#228=LINE('',#6088,#367);
#229=LINE('',#6093,#368);
#230=LINE('',#6097,#369);
#231=LINE('',#6101,#370);
#232=LINE('',#6105,#371);
#233=LINE('',#6108,#372);
#234=LINE('',#6116,#373);
#235=LINE('',#6118,#374);
#236=LINE('',#6119,#375);
#237=LINE('',#6122,#376);
#238=LINE('',#6123,#377);
#239=LINE('',#6125,#378);
#240=LINE('',#6127,#379);
#241=LINE('',#6129,#380);
#242=LINE('',#6131,#381);
#243=LINE('',#6134,#382);
#244=VECTOR('',#2405,10.);
#245=VECTOR('',#2406,10.);
#246=VECTOR('',#2409,10.);
#247=VECTOR('',#2414,10.);
#248=VECTOR('',#2415,10.);
#249=VECTOR('',#2418,10.);
#250=VECTOR('',#2423,10.);
#251=VECTOR('',#2424,10.);
#252=VECTOR('',#2427,10.);
#253=VECTOR('',#2432,10.);
#254=VECTOR('',#2433,10.);
#255=VECTOR('',#2436,10.);
#256=VECTOR('',#2441,10.);
#257=VECTOR('',#2442,10.);
#258=VECTOR('',#2445,10.);
#259=VECTOR('',#2450,10.);
#260=VECTOR('',#2461,10.);
#261=VECTOR('',#2466,10.);
#262=VECTOR('',#2475,10.);
#263=VECTOR('',#2478,10.);
#264=VECTOR('',#2479,10.);
#265=VECTOR('',#2480,10.);
#266=VECTOR('',#2481,4.99999999999998);
#267=VECTOR('',#2498,10.);
#268=VECTOR('',#2501,10.);
#269=VECTOR('',#2504,10.);
#270=VECTOR('',#2505,10.);
#271=VECTOR('',#2506,10.);
#272=VECTOR('',#2509,10.);
#273=VECTOR('',#2516,10.);
#274=VECTOR('',#2517,10.);
#275=VECTOR('',#2532,10.);
#276=VECTOR('',#2533,10.);
#277=VECTOR('',#2534,10.);
#278=VECTOR('',#2535,10.);
#279=VECTOR('',#2544,5.);
#280=VECTOR('',#2545,5.);
#281=VECTOR('',#2548,10.);
#282=VECTOR('',#2549,10.);
#283=VECTOR('',#2552,10.);
#284=VECTOR('',#2553,10.);
#285=VECTOR('',#2556,4.99999999999998);
#286=VECTOR('',#2559,5.00000000000001);
#287=VECTOR('',#2562,5.00000000000001);
#288=VECTOR('',#2567,5.00000000000002);
#289=VECTOR('',#2568,5.00000000000002);
#290=VECTOR('',#2573,1.5);
#291=VECTOR('',#2588,1.5);
#292=VECTOR('',#2591,1.5);
#293=VECTOR('',#2598,10.);
#294=VECTOR('',#2599,10.);
#295=VECTOR('',#2600,10.);
#296=VECTOR('',#2603,10.);
#297=VECTOR('',#2604,10.);
#298=VECTOR('',#2609,9.);
#299=VECTOR('',#2614,10.);
#300=VECTOR('',#2615,10.);
#301=VECTOR('',#2618,10.);
#302=VECTOR('',#2647,1.);
#303=VECTOR('',#2652,1.);
#304=VECTOR('',#2657,1.);
#305=VECTOR('',#2662,1.);
#306=VECTOR('',#2671,22.5);
#307=VECTOR('',#2678,3.);
#308=VECTOR('',#2681,3.);
#309=VECTOR('',#2684,3.);
#310=VECTOR('',#2687,3.);
#311=VECTOR('',#2696,15.0000000000064);
#312=VECTOR('',#2699,10.);
#313=VECTOR('',#2700,10.);
#314=VECTOR('',#2701,10.);
#315=VECTOR('',#2702,10.);
#316=VECTOR('',#2705,10.);
#317=VECTOR('',#2706,10.);
#318=VECTOR('',#2707,10.);
#319=VECTOR('',#2710,10.);
#320=VECTOR('',#2711,10.);
#321=VECTOR('',#2712,10.);
#322=VECTOR('',#2715,10.);
#323=VECTOR('',#2716,10.);
#324=VECTOR('',#2719,10.);
#325=VECTOR('',#2720,10.);
#326=VECTOR('',#2721,10.);
#327=VECTOR('',#2722,10.);
#328=VECTOR('',#2725,10.);
#329=VECTOR('',#2726,10.);
#330=VECTOR('',#2727,10.);
#331=VECTOR('',#2730,10.);
#332=VECTOR('',#2731,10.);
#333=VECTOR('',#2732,10.);
#334=VECTOR('',#2735,10.);
#335=VECTOR('',#2736,10.);
#336=VECTOR('',#2741,1.);
#337=VECTOR('',#2748,0.999999999999996);
#338=VECTOR('',#2755,1.);
#339=VECTOR('',#2762,0.999999999999996);
#340=VECTOR('',#2769,10.);
#341=VECTOR('',#2772,10.);
#342=VECTOR('',#2775,10.);
#343=VECTOR('',#2776,4.99999999999998);
#344=VECTOR('',#2777,10.);
#345=VECTOR('',#2780,10.);
#346=VECTOR('',#2783,10.);
#347=VECTOR('',#2790,10.);
#348=VECTOR('',#2793,10.);
#349=VECTOR('',#2796,10.);
#350=VECTOR('',#2799,10.);
#351=VECTOR('',#2802,10.);
#352=VECTOR('',#2805,10.);
#353=VECTOR('',#2820,10.);
#354=VECTOR('',#2823,10.);
#355=VECTOR('',#2826,10.);
#356=VECTOR('',#2827,5.);
#357=VECTOR('',#2832,5.);
#358=VECTOR('',#2835,4.99999999999998);
#359=VECTOR('',#2842,5.00000000000002);
#360=VECTOR('',#2843,5.00000000000002);
#361=VECTOR('',#2846,10.);
#362=VECTOR('',#2847,10.);
#363=VECTOR('',#2850,5.);
#364=VECTOR('',#2853,5.);
#365=VECTOR('',#2856,10.);
#366=VECTOR('',#2857,10.);
#367=VECTOR('',#2860,10.);
#368=VECTOR('',#2867,10.);
#369=VECTOR('',#2870,10.);
#370=VECTOR('',#2873,10.);
#371=VECTOR('',#2876,10.);
#372=VECTOR('',#2881,10.);
#373=VECTOR('',#2890,10.);
#374=VECTOR('',#2893,10.);
#375=VECTOR('',#2894,10.);
#376=VECTOR('',#2899,10.);
#377=VECTOR('',#2900,10.);
#378=VECTOR('',#2903,10.);
#379=VECTOR('',#2906,1.5);
#380=VECTOR('',#2909,1.5);
#381=VECTOR('',#2912,1.5);
#382=VECTOR('',#2917,10.);
#383=PLANE('',#2189);
#384=PLANE('',#2192);
#385=PLANE('',#2195);
#386=PLANE('',#2198);
#387=PLANE('',#2201);
#388=PLANE('',#2204);
#389=PLANE('',#2209);
#390=PLANE('',#2216);
#391=PLANE('',#2226);
#392=PLANE('',#2227);
#393=PLANE('',#2242);
#394=PLANE('',#2247);
#395=PLANE('',#2249);
#396=PLANE('',#2252);
#397=PLANE('',#2253);
#398=PLANE('',#2261);
#399=PLANE('',#2262);
#400=PLANE('',#2266);
#401=PLANE('',#2267);
#402=PLANE('',#2268);
#403=PLANE('',#2269);
#404=PLANE('',#2272);
#405=PLANE('',#2275);
#406=PLANE('',#2278);
#407=PLANE('',#2293);
#408=PLANE('',#2301);
#409=PLANE('',#2302);
#410=PLANE('',#2303);
#411=PLANE('',#2304);
#412=PLANE('',#2305);
#413=PLANE('',#2306);
#414=PLANE('',#2307);
#415=PLANE('',#2308);
#416=PLANE('',#2309);
#417=PLANE('',#2325);
#418=PLANE('',#2326);
#419=PLANE('',#2344);
#420=PLANE('',#2351);
#421=PLANE('',#2354);
#422=PLANE('',#2357);
#423=PLANE('',#2369);
#424=PLANE('',#2371);
#425=PLANE('',#2376);
#426=PLANE('',#2378);
#427=PLANE('',#2380);
#428=FACE_OUTER_BOUND('',#544,.T.);
#429=FACE_OUTER_BOUND('',#545,.T.);
#430=FACE_OUTER_BOUND('',#546,.T.);
#431=FACE_OUTER_BOUND('',#547,.T.);
#432=FACE_OUTER_BOUND('',#548,.T.);
#433=FACE_OUTER_BOUND('',#549,.T.);
#434=FACE_OUTER_BOUND('',#550,.T.);
#435=FACE_OUTER_BOUND('',#551,.T.);
#436=FACE_OUTER_BOUND('',#552,.T.);
#437=FACE_OUTER_BOUND('',#553,.T.);
#438=FACE_OUTER_BOUND('',#554,.T.);
#439=FACE_OUTER_BOUND('',#555,.T.);
#440=FACE_OUTER_BOUND('',#556,.T.);
#441=FACE_OUTER_BOUND('',#557,.T.);
#442=FACE_OUTER_BOUND('',#558,.T.);
#443=FACE_OUTER_BOUND('',#559,.T.);
#444=FACE_OUTER_BOUND('',#560,.T.);
#445=FACE_OUTER_BOUND('',#561,.T.);
#446=FACE_OUTER_BOUND('',#562,.T.);
#447=FACE_OUTER_BOUND('',#563,.T.);
#448=FACE_OUTER_BOUND('',#564,.T.);
#449=FACE_OUTER_BOUND('',#565,.T.);
#450=FACE_OUTER_BOUND('',#566,.T.);
#451=FACE_OUTER_BOUND('',#567,.T.);
#452=FACE_OUTER_BOUND('',#568,.T.);
#453=FACE_OUTER_BOUND('',#569,.T.);
#454=FACE_OUTER_BOUND('',#570,.T.);
#455=FACE_OUTER_BOUND('',#571,.T.);
#456=FACE_OUTER_BOUND('',#572,.T.);
#457=FACE_OUTER_BOUND('',#573,.T.);
#458=FACE_OUTER_BOUND('',#574,.T.);
#459=FACE_OUTER_BOUND('',#575,.T.);
#460=FACE_OUTER_BOUND('',#576,.T.);
#461=FACE_OUTER_BOUND('',#577,.T.);
#462=FACE_OUTER_BOUND('',#582,.T.);
#463=FACE_OUTER_BOUND('',#583,.T.);
#464=FACE_OUTER_BOUND('',#584,.T.);
#465=FACE_OUTER_BOUND('',#585,.T.);
#466=FACE_OUTER_BOUND('',#586,.T.);
#467=FACE_OUTER_BOUND('',#587,.T.);
#468=FACE_OUTER_BOUND('',#588,.T.);
#469=FACE_OUTER_BOUND('',#589,.T.);
#470=FACE_OUTER_BOUND('',#590,.T.);
#471=FACE_OUTER_BOUND('',#591,.T.);
#472=FACE_OUTER_BOUND('',#592,.T.);
#473=FACE_OUTER_BOUND('',#593,.T.);
#474=FACE_OUTER_BOUND('',#594,.T.);
#475=FACE_OUTER_BOUND('',#595,.T.);
#476=FACE_OUTER_BOUND('',#596,.T.);
#477=FACE_OUTER_BOUND('',#597,.T.);
#478=FACE_OUTER_BOUND('',#598,.T.);
#479=FACE_OUTER_BOUND('',#599,.T.);
#480=FACE_OUTER_BOUND('',#600,.T.);
#481=FACE_OUTER_BOUND('',#601,.T.);
#482=FACE_OUTER_BOUND('',#603,.T.);
#483=FACE_OUTER_BOUND('',#604,.T.);
#484=FACE_OUTER_BOUND('',#605,.T.);
#485=FACE_OUTER_BOUND('',#607,.T.);
#486=FACE_OUTER_BOUND('',#609,.T.);
#487=FACE_OUTER_BOUND('',#611,.T.);
#488=FACE_OUTER_BOUND('',#613,.T.);
#489=FACE_OUTER_BOUND('',#614,.T.);
#490=FACE_OUTER_BOUND('',#615,.T.);
#491=FACE_OUTER_BOUND('',#616,.T.);
#492=FACE_OUTER_BOUND('',#617,.T.);
#493=FACE_OUTER_BOUND('',#618,.T.);
#494=FACE_OUTER_BOUND('',#623,.T.);
#495=FACE_OUTER_BOUND('',#624,.T.);
#496=FACE_OUTER_BOUND('',#625,.T.);
#497=FACE_OUTER_BOUND('',#626,.T.);
#498=FACE_OUTER_BOUND('',#627,.T.);
#499=FACE_OUTER_BOUND('',#628,.T.);
#500=FACE_OUTER_BOUND('',#629,.T.);
#501=FACE_OUTER_BOUND('',#630,.T.);
#502=FACE_OUTER_BOUND('',#631,.T.);
#503=FACE_OUTER_BOUND('',#633,.T.);
#504=FACE_OUTER_BOUND('',#634,.T.);
#505=FACE_OUTER_BOUND('',#639,.T.);
#506=FACE_OUTER_BOUND('',#640,.T.);
#507=FACE_OUTER_BOUND('',#641,.T.);
#508=FACE_OUTER_BOUND('',#642,.T.);
#509=FACE_OUTER_BOUND('',#643,.T.);
#510=FACE_OUTER_BOUND('',#644,.T.);
#511=FACE_OUTER_BOUND('',#645,.T.);
#512=FACE_OUTER_BOUND('',#646,.T.);
#513=FACE_OUTER_BOUND('',#647,.T.);
#514=FACE_OUTER_BOUND('',#648,.T.);
#515=FACE_OUTER_BOUND('',#649,.T.);
#516=FACE_OUTER_BOUND('',#650,.T.);
#517=FACE_OUTER_BOUND('',#651,.T.);
#518=FACE_OUTER_BOUND('',#652,.T.);
#519=FACE_OUTER_BOUND('',#653,.T.);
#520=FACE_OUTER_BOUND('',#663,.T.);
#521=FACE_OUTER_BOUND('',#664,.T.);
#522=FACE_OUTER_BOUND('',#665,.T.);
#523=FACE_OUTER_BOUND('',#666,.T.);
#524=FACE_OUTER_BOUND('',#667,.T.);
#525=FACE_OUTER_BOUND('',#668,.T.);
#526=FACE_OUTER_BOUND('',#669,.T.);
#527=FACE_OUTER_BOUND('',#670,.T.);
#528=FACE_OUTER_BOUND('',#671,.T.);
#529=FACE_OUTER_BOUND('',#672,.T.);
#530=FACE_OUTER_BOUND('',#682,.T.);
#531=FACE_OUTER_BOUND('',#683,.T.);
#532=FACE_OUTER_BOUND('',#684,.T.);
#533=FACE_OUTER_BOUND('',#685,.T.);
#534=FACE_OUTER_BOUND('',#686,.T.);
#535=FACE_OUTER_BOUND('',#687,.T.);
#536=FACE_OUTER_BOUND('',#688,.T.);
#537=FACE_OUTER_BOUND('',#689,.T.);
#538=FACE_OUTER_BOUND('',#690,.T.);
#539=FACE_OUTER_BOUND('',#691,.T.);
#540=FACE_OUTER_BOUND('',#692,.T.);
#541=FACE_OUTER_BOUND('',#693,.T.);
#542=FACE_OUTER_BOUND('',#694,.T.);
#543=FACE_OUTER_BOUND('',#695,.T.);
#544=EDGE_LOOP('',(#1395,#1396,#1397,#1398));
#545=EDGE_LOOP('',(#1399,#1400,#1401,#1402));
#546=EDGE_LOOP('',(#1403,#1404,#1405,#1406));
#547=EDGE_LOOP('',(#1407,#1408,#1409,#1410));
#548=EDGE_LOOP('',(#1411,#1412,#1413,#1414));
#549=EDGE_LOOP('',(#1415,#1416,#1417,#1418,#1419));
#550=EDGE_LOOP('',(#1420,#1421,#1422,#1423));
#551=EDGE_LOOP('',(#1424,#1425,#1426,#1427));
#552=EDGE_LOOP('',(#1428,#1429,#1430,#1431));
#553=EDGE_LOOP('',(#1432,#1433,#1434,#1435));
#554=EDGE_LOOP('',(#1436,#1437,#1438,#1439));
#555=EDGE_LOOP('',(#1440,#1441,#1442));
#556=EDGE_LOOP('',(#1443,#1444,#1445,#1446));
#557=EDGE_LOOP('',(#1447,#1448,#1449,#1450));
#558=EDGE_LOOP('',(#1451,#1452,#1453,#1454));
#559=EDGE_LOOP('',(#1455,#1456,#1457,#1458));
#560=EDGE_LOOP('',(#1459,#1460,#1461,#1462));
#561=EDGE_LOOP('',(#1463,#1464,#1465,#1466));
#562=EDGE_LOOP('',(#1467,#1468,#1469,#1470));
#563=EDGE_LOOP('',(#1471,#1472,#1473,#1474));
#564=EDGE_LOOP('',(#1475,#1476,#1477,#1478));
#565=EDGE_LOOP('',(#1479,#1480,#1481));
#566=EDGE_LOOP('',(#1482,#1483,#1484,#1485));
#567=EDGE_LOOP('',(#1486,#1487,#1488));
#568=EDGE_LOOP('',(#1489,#1490,#1491,#1492));
#569=EDGE_LOOP('',(#1493,#1494,#1495,#1496,#1497,#1498,#1499,#1500));
#570=EDGE_LOOP('',(#1501,#1502,#1503,#1504,#1505));
#571=EDGE_LOOP('',(#1506,#1507,#1508,#1509,#1510,#1511));
#572=EDGE_LOOP('',(#1512,#1513,#1514,#1515,#1516,#1517));
#573=EDGE_LOOP('',(#1518,#1519,#1520,#1521,#1522));
#574=EDGE_LOOP('',(#1523,#1524,#1525,#1526,#1527,#1528,#1529,#1530,#1531,
#1532,#1533,#1534,#1535,#1536,#1537,#1538,#1539,#1540,#1541,#1542,#1543,
#1544,#1545,#1546,#1547,#1548,#1549,#1550,#1551,#1552,#1553,#1554));
#575=EDGE_LOOP('',(#1555,#1556,#1557,#1558));
#576=EDGE_LOOP('',(#1559,#1560,#1561,#1562));
#577=EDGE_LOOP('',(#1563,#1564,#1565,#1566,#1567,#1568,#1569,#1570,#1571,
#1572,#1573,#1574,#1575,#1576,#1577,#1578,#1579,#1580,#1581,#1582,#1583,
#1584,#1585,#1586,#1587,#1588,#1589,#1590));
#578=EDGE_LOOP('',(#1591));
#579=EDGE_LOOP('',(#1592));
#580=EDGE_LOOP('',(#1593));
#581=EDGE_LOOP('',(#1594,#1595,#1596,#1597));
#582=EDGE_LOOP('',(#1598,#1599,#1600,#1601));
#583=EDGE_LOOP('',(#1602,#1603,#1604,#1605,#1606));
#584=EDGE_LOOP('',(#1607,#1608,#1609,#1610,#1611,#1612));
#585=EDGE_LOOP('',(#1613,#1614,#1615,#1616,#1617,#1618));
#586=EDGE_LOOP('',(#1619,#1620,#1621,#1622,#1623));
#587=EDGE_LOOP('',(#1624,#1625,#1626,#1627,#1628,#1629,#1630,#1631,#1632));
#588=EDGE_LOOP('',(#1633,#1634,#1635,#1636,#1637));
#589=EDGE_LOOP('',(#1638,#1639,#1640,#1641,#1642,#1643,#1644,#1645));
#590=EDGE_LOOP('',(#1646,#1647,#1648));
#591=EDGE_LOOP('',(#1649,#1650,#1651,#1652));
#592=EDGE_LOOP('',(#1653));
#593=EDGE_LOOP('',(#1654,#1655,#1656,#1657,#1658,#1659,#1660));
#594=EDGE_LOOP('',(#1661,#1662,#1663,#1664,#1665));
#595=EDGE_LOOP('',(#1666,#1667,#1668,#1669,#1670));
#596=EDGE_LOOP('',(#1671,#1672,#1673,#1674));
#597=EDGE_LOOP('',(#1675,#1676,#1677,#1678));
#598=EDGE_LOOP('',(#1679,#1680,#1681,#1682));
#599=EDGE_LOOP('',(#1683,#1684,#1685,#1686));
#600=EDGE_LOOP('',(#1687,#1688,#1689,#1690));
#601=EDGE_LOOP('',(#1691,#1692,#1693,#1694));
#602=EDGE_LOOP('',(#1695));
#603=EDGE_LOOP('',(#1696,#1697,#1698,#1699));
#604=EDGE_LOOP('',(#1700,#1701,#1702,#1703));
#605=EDGE_LOOP('',(#1704));
#606=EDGE_LOOP('',(#1705));
#607=EDGE_LOOP('',(#1706));
#608=EDGE_LOOP('',(#1707));
#609=EDGE_LOOP('',(#1708));
#610=EDGE_LOOP('',(#1709));
#611=EDGE_LOOP('',(#1710));
#612=EDGE_LOOP('',(#1711));
#613=EDGE_LOOP('',(#1712,#1713,#1714,#1715));
#614=EDGE_LOOP('',(#1716,#1717,#1718,#1719));
#615=EDGE_LOOP('',(#1720,#1721,#1722,#1723));
#616=EDGE_LOOP('',(#1724,#1725,#1726,#1727));
#617=EDGE_LOOP('',(#1728,#1729,#1730,#1731,#1732));
#618=EDGE_LOOP('',(#1733));
#619=EDGE_LOOP('',(#1734));
#620=EDGE_LOOP('',(#1735));
#621=EDGE_LOOP('',(#1736));
#622=EDGE_LOOP('',(#1737));
#623=EDGE_LOOP('',(#1738,#1739,#1740,#1741,#1742));
#624=EDGE_LOOP('',(#1743,#1744,#1745,#1746,#1747));
#625=EDGE_LOOP('',(#1748,#1749,#1750,#1751,#1752));
#626=EDGE_LOOP('',(#1753,#1754,#1755,#1756,#1757));
#627=EDGE_LOOP('',(#1758,#1759));
#628=EDGE_LOOP('',(#1760,#1761,#1762,#1763,#1764,#1765,#1766));
#629=EDGE_LOOP('',(#1767,#1768,#1769,#1770));
#630=EDGE_LOOP('',(#1771,#1772,#1773));
#631=EDGE_LOOP('',(#1774,#1775,#1776,#1777,#1778,#1779,#1780,#1781));
#632=EDGE_LOOP('',(#1782));
#633=EDGE_LOOP('',(#1783,#1784,#1785,#1786,#1787,#1788,#1789,#1790));
#634=EDGE_LOOP('',(#1791,#1792,#1793,#1794,#1795,#1796));
#635=EDGE_LOOP('',(#1797,#1798));
#636=EDGE_LOOP('',(#1799,#1800));
#637=EDGE_LOOP('',(#1801,#1802));
#638=EDGE_LOOP('',(#1803,#1804));
#639=EDGE_LOOP('',(#1805,#1806,#1807,#1808));
#640=EDGE_LOOP('',(#1809,#1810,#1811,#1812));
#641=EDGE_LOOP('',(#1813,#1814,#1815,#1816));
#642=EDGE_LOOP('',(#1817,#1818,#1819,#1820));
#643=EDGE_LOOP('',(#1821,#1822,#1823,#1824));
#644=EDGE_LOOP('',(#1825,#1826,#1827,#1828));
#645=EDGE_LOOP('',(#1829,#1830,#1831,#1832));
#646=EDGE_LOOP('',(#1833,#1834,#1835,#1836));
#647=EDGE_LOOP('',(#1837,#1838,#1839,#1840));
#648=EDGE_LOOP('',(#1841,#1842,#1843,#1844));
#649=EDGE_LOOP('',(#1845,#1846,#1847,#1848));
#650=EDGE_LOOP('',(#1849,#1850,#1851,#1852));
#651=EDGE_LOOP('',(#1853,#1854,#1855,#1856));
#652=EDGE_LOOP('',(#1857,#1858,#1859,#1860));
#653=EDGE_LOOP('',(#1861,#1862,#1863,#1864,#1865,#1866,#1867,#1868,#1869,
#1870,#1871,#1872,#1873,#1874,#1875,#1876,#1877,#1878,#1879,#1880,#1881,
#1882));
#654=EDGE_LOOP('',(#1883,#1884,#1885,#1886));
#655=EDGE_LOOP('',(#1887,#1888,#1889,#1890));
#656=EDGE_LOOP('',(#1891));
#657=EDGE_LOOP('',(#1892));
#658=EDGE_LOOP('',(#1893));
#659=EDGE_LOOP('',(#1894));
#660=EDGE_LOOP('',(#1895));
#661=EDGE_LOOP('',(#1896));
#662=EDGE_LOOP('',(#1897));
#663=EDGE_LOOP('',(#1898,#1899,#1900,#1901));
#664=EDGE_LOOP('',(#1902,#1903,#1904,#1905));
#665=EDGE_LOOP('',(#1906,#1907,#1908,#1909));
#666=EDGE_LOOP('',(#1910,#1911,#1912,#1913));
#667=EDGE_LOOP('',(#1914,#1915,#1916,#1917));
#668=EDGE_LOOP('',(#1918,#1919,#1920,#1921));
#669=EDGE_LOOP('',(#1922,#1923,#1924,#1925));
#670=EDGE_LOOP('',(#1926,#1927,#1928,#1929));
#671=EDGE_LOOP('',(#1930,#1931,#1932,#1933));
#672=EDGE_LOOP('',(#1934,#1935,#1936,#1937,#1938,#1939,#1940,#1941,#1942,
#1943,#1944,#1945,#1946,#1947,#1948,#1949,#1950,#1951,#1952,#1953,#1954,
#1955));
#673=EDGE_LOOP('',(#1956,#1957,#1958,#1959));
#674=EDGE_LOOP('',(#1960,#1961,#1962,#1963));
#675=EDGE_LOOP('',(#1964));
#676=EDGE_LOOP('',(#1965));
#677=EDGE_LOOP('',(#1966));
#678=EDGE_LOOP('',(#1967));
#679=EDGE_LOOP('',(#1968));
#680=EDGE_LOOP('',(#1969));
#681=EDGE_LOOP('',(#1970));
#682=EDGE_LOOP('',(#1971,#1972,#1973,#1974));
#683=EDGE_LOOP('',(#1975,#1976,#1977,#1978));
#684=EDGE_LOOP('',(#1979,#1980,#1981,#1982));
#685=EDGE_LOOP('',(#1983,#1984,#1985,#1986));
#686=EDGE_LOOP('',(#1987,#1988,#1989,#1990));
#687=EDGE_LOOP('',(#1991,#1992,#1993,#1994));
#688=EDGE_LOOP('',(#1995,#1996,#1997,#1998));
#689=EDGE_LOOP('',(#1999,#2000,#2001,#2002));
#690=EDGE_LOOP('',(#2003,#2004,#2005,#2006));
#691=EDGE_LOOP('',(#2007,#2008,#2009,#2010));
#692=EDGE_LOOP('',(#2011,#2012,#2013,#2014));
#693=EDGE_LOOP('',(#2015,#2016,#2017,#2018));
#694=EDGE_LOOP('',(#2019,#2020,#2021,#2022));
#695=EDGE_LOOP('',(#2023,#2024,#2025,#2026));
#696=CIRCLE('',#2179,0.999999999999974);
#697=CIRCLE('',#2180,1.00000000000002);
#698=CIRCLE('',#2181,1.00000000000001);
#699=CIRCLE('',#2182,1.00000000000001);
#700=CIRCLE('',#2183,0.999999999999975);
#701=CIRCLE('',#2184,0.999999999999962);
#702=CIRCLE('',#2185,1.00000000000001);
#703=CIRCLE('',#2186,0.999999999999978);
#704=CIRCLE('',#2187,0.999999999999969);
#705=CIRCLE('',#2188,1.00000000000003);
#706=CIRCLE('',#2191,2.);
#707=CIRCLE('',#2194,2.);
#708=CIRCLE('',#2197,3.99999999999998);
#709=CIRCLE('',#2200,2.);
#710=CIRCLE('',#2203,2.);
#711=CIRCLE('',#2205,2.00000000000003);
#712=CIRCLE('',#2207,1.99999999999999);
#713=CIRCLE('',#2208,1.99999999999999);
#714=CIRCLE('',#2210,1.5);
#715=CIRCLE('',#2211,1.5);
#716=CIRCLE('',#2212,4.99999999999998);
#717=CIRCLE('',#2213,3.50000000000002);
#718=CIRCLE('',#2214,5.00000000000002);
#719=CIRCLE('',#2218,2.);
#720=CIRCLE('',#2219,2.);
#721=CIRCLE('',#2220,1.99999999999999);
#722=CIRCLE('',#2221,22.5);
#723=CIRCLE('',#2224,2.);
#724=CIRCLE('',#2225,2.);
#725=CIRCLE('',#2228,5.);
#726=CIRCLE('',#2229,3.49999999999998);
#727=CIRCLE('',#2230,5.00000000000001);
#728=CIRCLE('',#2231,5.00000000000002);
#729=CIRCLE('',#2232,3.50000000000002);
#730=CIRCLE('',#2233,4.99999999999998);
#731=CIRCLE('',#2234,2.);
#732=CIRCLE('',#2235,1.5);
#733=CIRCLE('',#2236,1.5);
#734=CIRCLE('',#2237,1.5);
#735=CIRCLE('',#2239,2.);
#736=CIRCLE('',#2241,5.);
#737=CIRCLE('',#2246,5.00000000000001);
#738=CIRCLE('',#2251,1.5);
#739=CIRCLE('',#2254,3.49999999999998);
#740=CIRCLE('',#2255,1.5);
#741=CIRCLE('',#2256,1.5);
#742=CIRCLE('',#2264,9.);
#743=CIRCLE('',#2265,9.);
#744=CIRCLE('',#2270,3.);
#745=CIRCLE('',#2271,1.);
#746=CIRCLE('',#2273,3.);
#747=CIRCLE('',#2274,1.);
#748=CIRCLE('',#2276,3.);
#749=CIRCLE('',#2277,1.);
#750=CIRCLE('',#2279,3.);
#751=CIRCLE('',#2280,1.);
#752=CIRCLE('',#2282,1.);
#753=CIRCLE('',#2284,1.);
#754=CIRCLE('',#2286,1.);
#755=CIRCLE('',#2288,1.);
#756=CIRCLE('',#2290,22.5);
#757=CIRCLE('',#2291,22.5);
#758=CIRCLE('',#2292,22.5);
#759=CIRCLE('',#2299,22.5);
#760=CIRCLE('',#2300,22.5);
#761=CIRCLE('',#2311,1.);
#762=CIRCLE('',#2312,1.);
#763=CIRCLE('',#2314,0.999999999999996);
#764=CIRCLE('',#2315,0.999999999999996);
#765=CIRCLE('',#2317,1.);
#766=CIRCLE('',#2318,1.);
#767=CIRCLE('',#2320,0.999999999999996);
#768=CIRCLE('',#2321,0.999999999999996);
#769=CIRCLE('',#2323,2.);
#770=CIRCLE('',#2324,2.);
#771=CIRCLE('',#2327,2.);
#772=CIRCLE('',#2328,5.);
#773=CIRCLE('',#2329,3.49999999999998);
#774=CIRCLE('',#2330,5.);
#775=CIRCLE('',#2331,2.);
#776=CIRCLE('',#2332,2.);
#777=CIRCLE('',#2333,3.49999999999999);
#778=CIRCLE('',#2334,2.);
#779=CIRCLE('',#2335,2.);
#780=CIRCLE('',#2336,5.00000000000002);
#781=CIRCLE('',#2337,3.50000000000002);
#782=CIRCLE('',#2338,4.99999999999998);
#783=CIRCLE('',#2339,1.5);
#784=CIRCLE('',#2340,1.5);
#785=CIRCLE('',#2341,1.5);
#786=CIRCLE('',#2343,2.);
#787=CIRCLE('',#2346,5.);
#788=CIRCLE('',#2348,4.99999999999998);
#789=CIRCLE('',#2350,5.00000000000002);
#790=CIRCLE('',#2353,5.);
#791=CIRCLE('',#2356,2.);
#792=CIRCLE('',#2358,3.50000000000002);
#793=CIRCLE('',#2359,2.);
#794=CIRCLE('',#2360,3.49999999999999);
#795=CIRCLE('',#2361,2.);
#796=CIRCLE('',#2362,2.);
#797=CIRCLE('',#2363,3.49999999999998);
#798=CIRCLE('',#2364,1.5);
#799=CIRCLE('',#2365,1.5);
#800=CIRCLE('',#2366,1.5);
#801=B_SPLINE_CURVE_WITH_KNOTS('',3,(#2953,#2954,#2955,#2956,#2957,#2958,
#2959,#2960,#2961,#2962,#2963,#2964,#2965,#2966,#2967,#2968),
 .UNSPECIFIED.,.F.,.F.,(4,2,2,2,2,2,2,4),(0.,0.101222448113118,0.170039281467964,
0.21706267723791,0.25296161790514,0.286788533777682,0.315705760090437,0.34732102973374),
 .UNSPECIFIED.);
#802=B_SPLINE_CURVE_WITH_KNOTS('',3,(#2970,#2971,#2972,#2973),
 .UNSPECIFIED.,.F.,.F.,(4,4),(3.14492804004071,4.26250801045555),
 .UNSPECIFIED.);
#803=B_SPLINE_CURVE_WITH_KNOTS('',3,(#2976,#2977,#2978,#2979),
 .UNSPECIFIED.,.F.,.F.,(4,4),(-4.26250801045555,-3.03673362553827),
 .UNSPECIFIED.);
#804=B_SPLINE_CURVE_WITH_KNOTS('',3,(#3017,#3018,#3019,#3020,#3021,#3022),
 .UNSPECIFIED.,.F.,.F.,(4,1,1,4),(-0.560084459161778,-0.400060327972698,
-0.240036196783619,0.),.UNSPECIFIED.);
#805=B_SPLINE_CURVE_WITH_KNOTS('',3,(#3025,#3026,#3027,#3028,#3029,#3030),
 .UNSPECIFIED.,.F.,.F.,(4,1,1,4),(0.,0.240036196783619,0.400060327972698,
0.560084459161778),.UNSPECIFIED.);
#806=B_SPLINE_CURVE_WITH_KNOTS('',3,(#3054,#3055,#3056,#3057),
 .UNSPECIFIED.,.F.,.F.,(4,4),(-0.533465341566274,-2.16379612590151E-12),
 .UNSPECIFIED.);
#807=B_SPLINE_CURVE_WITH_KNOTS('',3,(#3058,#3059,#3060,#3061),
 .UNSPECIFIED.,.F.,.F.,(4,4),(2.16379612590151E-12,0.533465341566274),
 .UNSPECIFIED.);
#808=B_SPLINE_CURVE_WITH_KNOTS('',3,(#3093,#3094,#3095,#3096,#3097),
 .UNSPECIFIED.,.F.,.F.,(4,1,4),(-0.164974739911173,-0.0707034599619311,
0.),.UNSPECIFIED.);
#809=B_SPLINE_CURVE_WITH_KNOTS('',3,(#3100,#3101,#3102,#3103,#3104),
 .UNSPECIFIED.,.F.,.F.,(4,1,4),(0.,0.0707034599619311,0.164974739911173),
 .UNSPECIFIED.);
#810=B_SPLINE_CURVE_WITH_KNOTS('',3,(#3132,#3133,#3134,#3135),
 .UNSPECIFIED.,.F.,.F.,(4,4),(-0.104207181165355,-1.57244766826785E-12),
 .UNSPECIFIED.);
#811=B_SPLINE_CURVE_WITH_KNOTS('',3,(#3136,#3137,#3138,#3139),
 .UNSPECIFIED.,.F.,.F.,(4,4),(1.57244766826785E-12,0.104207181165355),
 .UNSPECIFIED.);
#812=B_SPLINE_CURVE_WITH_KNOTS('',3,(#3204,#3205,#3206,#3207,#3208,#3209),
 .UNSPECIFIED.,.F.,.F.,(4,1,1,4),(-4.82229055282166,-4.33770238338255,-4.17617299356952,
-4.01472025618776),.UNSPECIFIED.);
#813=B_SPLINE_CURVE_WITH_KNOTS('',3,(#3210,#3211,#3212,#3213,#3214,#3215,
#3216,#3217,#3218,#3219,#3220,#3221,#3222),.UNSPECIFIED.,.F.,.F.,(4,3,3,
3,4),(-4.01464360375648,-4.01456622134702,-3.69134542922913,-3.52973503317019,
-3.2065142410523),.UNSPECIFIED.);
#814=B_SPLINE_CURVE_WITH_KNOTS('',3,(#3223,#3224,#3225,#3226,#3227,#3228,
#3229,#3230,#3231,#3232),.UNSPECIFIED.,.F.,.F.,(4,1,1,2,1,1,4),(3.20651424105183,
3.52976598613369,3.69139185867462,4.01464360375648,4.17617299356952,4.33770238338255,
4.82229055282166),.UNSPECIFIED.);
#815=B_SPLINE_CURVE_WITH_KNOTS('',3,(#3260,#3261,#3262,#3263),
 .UNSPECIFIED.,.F.,.F.,(4,4),(-0.105476905987969,0.),.UNSPECIFIED.);
#816=B_SPLINE_CURVE_WITH_KNOTS('',3,(#3264,#3265,#3266,#3267),
 .UNSPECIFIED.,.F.,.F.,(4,4),(0.,0.105476905987969),.UNSPECIFIED.);
#817=B_SPLINE_CURVE_WITH_KNOTS('',3,(#3299,#3300,#3301,#3302,#3303),
 .UNSPECIFIED.,.F.,.F.,(4,1,4),(-0.172851772390525,-0.0987724413660142,
0.),.UNSPECIFIED.);
#818=B_SPLINE_CURVE_WITH_KNOTS('',3,(#3306,#3307,#3308,#3309,#3310),
 .UNSPECIFIED.,.F.,.F.,(4,1,4),(0.,0.0987724413660142,0.172851772390525),
 .UNSPECIFIED.);
#819=B_SPLINE_CURVE_WITH_KNOTS('',3,(#3334,#3335,#3336,#3337),
 .UNSPECIFIED.,.F.,.F.,(4,4),(-0.569010805995874,0.),.UNSPECIFIED.);
#820=B_SPLINE_CURVE_WITH_KNOTS('',3,(#3338,#3339,#3340,#3341),
 .UNSPECIFIED.,.F.,.F.,(4,4),(0.,0.569010805995874),.UNSPECIFIED.);
#821=B_SPLINE_CURVE_WITH_KNOTS('',3,(#3385,#3386,#3387,#3388,#3389,#3390),
 .UNSPECIFIED.,.F.,.F.,(4,1,1,4),(-0.607800538841962,-0.260485945217984,
-0.173657296811989,0.),.UNSPECIFIED.);
#822=B_SPLINE_CURVE_WITH_KNOTS('',3,(#3393,#3394,#3395,#3396,#3397,#3398),
 .UNSPECIFIED.,.F.,.F.,(4,1,1,4),(0.,0.173657296811989,0.260485945217984,
0.607800538841962),.UNSPECIFIED.);
#823=B_SPLINE_CURVE_WITH_KNOTS('',3,(#3429,#3430,#3431,#3432,#3433,#3434,
#3435,#3436,#3437,#3438,#3439,#3440,#3441,#3442,#3443,#3444,#3445,#3446),
 .UNSPECIFIED.,.F.,.F.,(4,2,2,2,2,2,2,2,4),(0.,0.0476371781403996,0.0810207956416495,
0.10838201836526,0.136115811818776,0.172688715255256,0.226832667264514,
0.286758149408362,0.353240755529749),.UNSPECIFIED.);
#824=B_SPLINE_CURVE_WITH_KNOTS('',3,(#3447,#3448,#3449,#3450),
 .UNSPECIFIED.,.F.,.F.,(4,4),(-0.667557614116639,-1.75675928799242E-10),
 .UNSPECIFIED.);
#825=B_SPLINE_CURVE_WITH_KNOTS('',3,(#3451,#3452,#3453,#3454),
 .UNSPECIFIED.,.F.,.F.,(4,4),(1.75675928799242E-10,0.545112101815136),
 .UNSPECIFIED.);
#826=B_SPLINE_CURVE_WITH_KNOTS('',3,(#3519,#3520,#3521,#3522,#3523,#3524,
#3525,#3526,#3527,#3528,#3529,#3530,#3531,#3532,#3533,#3534,#3535,#3536,
#3537,#3538,#3539,#3540,#3541,#3542,#3543,#3544,#3545,#3546,#3547,#3548,
#3549),.UNSPECIFIED.,.F.,.F.,(4,3,3,3,3,3,3,3,3,3,4),(0.,0.0221525452058424,
0.0447199861289831,0.0674960674293384,0.0786851496099616,0.0972552353082251,
0.120128435809019,0.136885303377321,0.159945927037161,0.1829369699938,0.195246843921147),
 .UNSPECIFIED.);
#827=B_SPLINE_CURVE_WITH_KNOTS('',3,(#3551,#3552,#3553,#3554),
 .UNSPECIFIED.,.F.,.F.,(4,4),(-0.0423430383821129,2.40985106257125),
 .UNSPECIFIED.);
#828=B_SPLINE_CURVE_WITH_KNOTS('',3,(#3557,#3558,#3559,#3560),
 .UNSPECIFIED.,.F.,.F.,(4,4),(-2.40985106257125,8.61474683781206E-7),
 .UNSPECIFIED.);
#829=B_SPLINE_CURVE_WITH_KNOTS('',3,(#3591,#3592,#3593,#3594,#3595,#3596,
#3597,#3598,#3599,#3600,#3601,#3602,#3603,#3604),.UNSPECIFIED.,.F.,.F.,
(4,2,2,2,2,2,4),(0.,0.0757504688126037,0.149184824316238,0.225729017907596,
0.304047938858606,0.370395135589634,0.436844307778142),.UNSPECIFIED.);
#830=B_SPLINE_CURVE_WITH_KNOTS('',3,(#3605,#3606,#3607,#3608),
 .UNSPECIFIED.,.F.,.F.,(4,4),(3.69980695068741,3.7790531392277),
 .UNSPECIFIED.);
#831=B_SPLINE_CURVE_WITH_KNOTS('',3,(#3609,#3610,#3611,#3612),
 .UNSPECIFIED.,.F.,.F.,(4,4),(-3.77905313888565,-3.68464375223818),
 .UNSPECIFIED.);
#832=B_SPLINE_CURVE_WITH_KNOTS('',3,(#3629,#3630,#3631,#3632,#3633,#3634,
#3635,#3636),.UNSPECIFIED.,.F.,.F.,(4,2,2,4),(1.14585885131361,1.27219571983372,
1.39853258835384,1.65120632539406),.UNSPECIFIED.);
#833=B_SPLINE_CURVE_WITH_KNOTS('',3,(#3648,#3649,#3650,#3651,#3652,#3653,
#3654,#3655,#3656,#3657,#3658,#3659,#3660,#3661),.UNSPECIFIED.,.F.,.F.,
(4,2,2,2,2,2,4),(0.436918639257223,0.474652064211094,0.531766501668064,
0.588880939125033,0.645995376582003,0.70178980088445,0.747411567904317),
 .UNSPECIFIED.);
#834=B_SPLINE_CURVE_WITH_KNOTS('',3,(#3666,#3667,#3668,#3669),
 .UNSPECIFIED.,.F.,.F.,(4,4),(0.424166294521549,0.436918639257223),
 .UNSPECIFIED.);
#835=B_SPLINE_CURVE_WITH_KNOTS('',3,(#3693,#3694,#3695,#3696),
 .UNSPECIFIED.,.F.,.F.,(4,4),(0.,0.162873615555342),.UNSPECIFIED.);
#836=B_SPLINE_CURVE_WITH_KNOTS('',3,(#3698,#3699,#3700,#3701,#3702),
 .UNSPECIFIED.,.F.,.F.,(4,1,4),(7.78911054231528E-12,1.49409327076935,2.61466322384052),
 .UNSPECIFIED.);
#837=B_SPLINE_CURVE_WITH_KNOTS('',3,(#3704,#3705,#3706,#3707,#3708,#3709,
#3710,#3711),.UNSPECIFIED.,.F.,.F.,(4,2,2,4),(0.,0.0876189176704865,0.145437633987494,
0.202420115893891),.UNSPECIFIED.);
#838=B_SPLINE_CURVE_WITH_KNOTS('',3,(#3712,#3713,#3714,#3715,#3716),
 .UNSPECIFIED.,.F.,.F.,(4,1,4),(-2.55451670865521,-1.49409327076935,-0.164732817727926),
 .UNSPECIFIED.);
#839=B_SPLINE_CURVE_WITH_KNOTS('',3,(#3928,#3929,#3930,#3931,#3932,#3933),
 .UNSPECIFIED.,.F.,.F.,(4,2,4),(-0.954859266099276,-0.69780956777747,-0.66106988767938),
 .UNSPECIFIED.);
#840=B_SPLINE_CURVE_WITH_KNOTS('',3,(#3935,#3936,#3937,#3938,#3939,#3940,
#3941),.UNSPECIFIED.,.F.,.F.,(4,3,4),(-0.420986150878726,-0.161523312466411,
-0.0809636314390884),.UNSPECIFIED.);
#841=B_SPLINE_CURVE_WITH_KNOTS('',3,(#3943,#3944,#3945,#3946),
 .UNSPECIFIED.,.F.,.F.,(4,4),(-0.962186193223487,-0.852725114580797),
 .UNSPECIFIED.);
#842=B_SPLINE_CURVE_WITH_KNOTS('',3,(#3948,#3949,#3950,#3951,#3952,#3953,
#3954),.UNSPECIFIED.,.F.,.F.,(4,3,4),(-1.42158430574841,-1.3041360331255,
-1.16405936717118),.UNSPECIFIED.);
#843=B_SPLINE_CURVE_WITH_KNOTS('',3,(#3955,#3956,#3957,#3958,#3959,#3960),
 .UNSPECIFIED.,.F.,.F.,(4,2,4),(-1.21283507355681,-1.09025070701135,-0.825071425177934),
 .UNSPECIFIED.);
#844=B_SPLINE_CURVE_WITH_KNOTS('',3,(#3963,#3964,#3965,#3966,#3967,#3968),
 .UNSPECIFIED.,.F.,.F.,(4,2,4),(-3.72562626878376,-3.39255104386513,-3.26258095407044),
 .UNSPECIFIED.);
#845=B_SPLINE_CURVE_WITH_KNOTS('',3,(#3970,#3971,#3972,#3973),
 .UNSPECIFIED.,.F.,.F.,(4,4),(-2.60278288069944,-2.49163926867087),
 .UNSPECIFIED.);
#846=B_SPLINE_CURVE_WITH_KNOTS('',3,(#3975,#3976,#3977,#3978,#3979,#3980),
 .UNSPECIFIED.,.F.,.F.,(4,2,4),(-7.45046343965107,-7.31420065683838,-7.08628185716251),
 .UNSPECIFIED.);
#847=B_SPLINE_CURVE_WITH_KNOTS('',3,(#3982,#3983,#3984,#3985),
 .UNSPECIFIED.,.F.,.F.,(4,4),(-0.27549111832491,-0.0798807472711759),
 .UNSPECIFIED.);
#848=B_SPLINE_CURVE_WITH_KNOTS('',3,(#3986,#3987,#3988,#3989,#3990,#3991),
 .UNSPECIFIED.,.F.,.F.,(4,2,4),(-0.477785346924778,-0.459663690287051,-0.253664549047104),
 .UNSPECIFIED.);
#849=B_SPLINE_CURVE_WITH_KNOTS('',3,(#3993,#3994,#3995,#3996,#3997,#3998,
#3999),.UNSPECIFIED.,.F.,.F.,(4,3,4),(0.,0.0390994114142099,0.190430545542895),
 .UNSPECIFIED.);
#850=B_SPLINE_CURVE_WITH_KNOTS('',3,(#4003,#4004,#4005,#4006,#4007,#4008,
#4009,#4010,#4011,#4012,#4013,#4014,#4015,#4016,#4017,#4018,#4019),
 .UNSPECIFIED.,.F.,.F.,(4,1,1,1,1,1,1,1,1,1,1,1,1,1,4),(-0.74323714749392,
-0.637209635790371,-0.531008029825309,-0.424806423860248,-0.371705620877717,
-0.318604817895186,-0.305329617149553,-0.29205441640392,-0.265504014912655,
-0.238953613421389,-0.212403211930124,-0.106201605965062,-0.0531008029825309,
-0.0265504014912655,0.),.UNSPECIFIED.);
#851=B_SPLINE_CURVE_WITH_KNOTS('',3,(#4021,#4022,#4023,#4024,#4025,#4026,
#4027,#4028,#4029,#4030,#4031,#4032,#4033,#4034,#4035,#4036,#4037,#4038,
#4039,#4040,#4041,#4042,#4043,#4044,#4045,#4046,#4047,#4048,#4049,#4050,
#4051,#4052),.UNSPECIFIED.,.F.,.F.,(4,2,1,1,1,1,1,2,1,1,1,1,1,1,1,1,1,1,
1,1,1,1,1,1,1,2,4),(-5.7578653323914,-5.75784814999005,-5.34253072194577,
-4.92721329390148,-4.71955457987934,-4.5118958658572,-4.09657843781292,
-3.68126100976863,-3.09369105616599,-2.94679856776533,-2.79990607936467,
-2.65301359096401,-2.57956734676368,-2.54284422466352,-2.50612110256335,
-2.43267485836302,-2.35922861416269,-2.32250549206253,-2.28578236996236,
-2.21233612576203,-2.06544363736137,-1.91855114896071,-1.62476617215939,
-1.33098119535807,-1.03719621855675,-0.743411241755433,-0.74323714749392),
 .UNSPECIFIED.);
#852=B_SPLINE_CURVE_WITH_KNOTS('',3,(#4053,#4054,#4055,#4056,#4057,#4058,
#4059,#4060,#4061,#4062,#4063),.UNSPECIFIED.,.F.,.F.,(4,2,1,1,1,1,1,4),
(-8.16722292593459,-8.16303324271748,-7.68199622417199,-7.20095920562651,
-6.71992218708102,-6.23888516853554,-5.9983666592628,-5.7578653323914),
 .UNSPECIFIED.);
#853=B_SPLINE_CURVE_WITH_KNOTS('',3,(#4120,#4121,#4122,#4123,#4124,#4125,
#4126,#4127),.UNSPECIFIED.,.F.,.F.,(4,2,2,4),(0.,0.252673737040226,0.379010605560339,
0.505347474080451),.UNSPECIFIED.);
#854=B_SPLINE_CURVE_WITH_KNOTS('',3,(#4133,#4134,#4135,#4136,#4137,#4138,
#4139,#4140),.UNSPECIFIED.,.F.,.F.,(4,2,2,4),(1.68426764965749,1.76240148377493,
1.89042465955692,1.92200001951081),.UNSPECIFIED.);
#855=B_SPLINE_CURVE_WITH_KNOTS('',3,(#4244,#4245,#4246,#4247,#4248,#4249,
#4250,#4251,#4252,#4253,#4254,#4255,#4256,#4257,#4258,#4259,#4260,#4261,
#4262,#4263,#4264,#4265,#4266,#4267,#4268,#4269,#4270,#4271,#4272,#4273,
#4274,#4275,#4276,#4277,#4278,#4279,#4280,#4281,#4282,#4283,#4284,#4285,
#4286,#4287,#4288,#4289,#4290,#4291,#4292,#4293,#4294,#4295,#4296,#4297,
#4298,#4299,#4300,#4301,#4302,#4303,#4304,#4305,#4306,#4307,#4308,#4309,
#4310,#4311,#4312,#4313,#4314,#4315,#4316,#4317,#4318,#4319,#4320,#4321,
#4322,#4323,#4324,#4325,#4326,#4327,#4328,#4329,#4330,#4331),
 .UNSPECIFIED.,.F.,.F.,(4,3,3,3,3,3,3,3,3,3,3,3,3,3,3,3,3,3,3,3,3,3,3,3,
3,3,3,3,3,4),(-1.96823970367175,-1.92487579005408,-1.91411269423459,-1.87036573441966,
-1.8250127103078,-1.77965968619594,-1.73479580402897,-1.68971255091659,
-1.65339891648504,-1.60684800161399,-1.56066117354385,-1.52901262607424,
-1.48422754936843,-1.44053880432111,-1.41420939021671,-1.373560103631,-1.3590541649393,
-1.31839901316669,-1.3031726286751,-1.25959924957664,-1.21492767913228,
-1.18832175740914,-1.14225559346726,-1.09571287358125,-1.07109150739246,
-1.02596782170122,-0.980995299135299,-0.93667657761227,-0.892711406587654,
-0.865673632873029),.UNSPECIFIED.);
#856=B_SPLINE_CURVE_WITH_KNOTS('',3,(#4332,#4333,#4334,#4335,#4336,#4337,
#4338,#4339,#4340,#4341,#4342,#4343,#4344,#4345,#4346,#4347,#4348,#4349),
 .UNSPECIFIED.,.F.,.F.,(4,2,2,2,2,2,2,2,4),(-0.865673632873029,-0.79992821913266,
-0.673902725569452,-0.550923184855601,-0.443468531338062,-0.343385355883527,
-0.239923815611077,-0.128471670800832,0.),.UNSPECIFIED.);
#857=B_SPLINE_CURVE_WITH_KNOTS('',3,(#4354,#4355,#4356,#4357,#4358,#4359,
#4360,#4361,#4362,#4363,#4364,#4365,#4366),.UNSPECIFIED.,.F.,.F.,(4,3,3,
3,4),(-1.92054848331964,-1.87780627725817,-1.83595496130348,-1.82622326488944,
-1.79848542110885),.UNSPECIFIED.);
#858=B_SPLINE_CURVE_WITH_KNOTS('',3,(#4367,#4368,#4369,#4370,#4371,#4372,
#4373,#4374,#4375,#4376,#4377,#4378,#4379,#4380,#4381,#4382,#4383,#4384,
#4385,#4386,#4387,#4388,#4389,#4390,#4391,#4392,#4393,#4394,#4395,#4396,
#4397,#4398,#4399,#4400),.UNSPECIFIED.,.F.,.F.,(4,2,2,2,2,2,2,2,2,2,2,2,
2,2,2,2,4),(-1.79848542110885,-1.70408683116224,-1.59484310560688,-1.49234672201774,
-1.38952208421072,-1.27847949078356,-1.15824797935792,-1.03443458754924,
-0.912159617733513,-0.78583616014143,-0.679150694083413,-0.581831914107967,
-0.47868584574645,-0.370025326874425,-0.248680649341699,-0.123040807243751,
0.),.UNSPECIFIED.);
#859=B_SPLINE_CURVE_WITH_KNOTS('',3,(#4405,#4406,#4407,#4408,#4409,#4410,
#4411,#4412,#4413,#4414,#4415,#4416,#4417),.UNSPECIFIED.,.F.,.F.,(4,3,3,
3,4),(-1.91909759708508,-1.8810183223711,-1.84264163115545,-1.81521708612368,
-1.77925667943962),.UNSPECIFIED.);
#860=B_SPLINE_CURVE_WITH_KNOTS('',3,(#4418,#4419,#4420,#4421,#4422,#4423,
#4424,#4425,#4426,#4427,#4428,#4429,#4430,#4431,#4432,#4433,#4434,#4435,
#4436,#4437,#4438,#4439,#4440,#4441,#4442,#4443,#4444,#4445,#4446,#4447,
#4448,#4449,#4450,#4451),.UNSPECIFIED.,.F.,.F.,(4,2,2,2,2,2,2,2,2,2,2,2,
2,2,2,2,4),(-1.77925667943962,-1.69705744135931,-1.57179566143444,-1.45349101386134,
-1.33311968760794,-1.22300150444391,-1.12052028215383,-1.01784665720823,
-0.907966498679976,-0.797374874721201,-0.673035009153964,-0.548165727138378,
-0.428133330784329,-0.314432705757531,-0.19853518552848,-0.09794675758672,
0.),.UNSPECIFIED.);
#861=B_SPLINE_CURVE_WITH_KNOTS('',3,(#4456,#4457,#4458,#4459,#4460,#4461,
#4462,#4463,#4464,#4465,#4466,#4467,#4468,#4469,#4470,#4471,#4472,#4473,
#4474,#4475,#4476,#4477,#4478,#4479,#4480,#4481,#4482,#4483),
 .UNSPECIFIED.,.F.,.F.,(4,2,2,2,2,2,2,2,2,2,2,2,2,4),(-1.89049699844671,
-1.88263005202566,-1.76356298422646,-1.64466486617187,-1.52715697157157,
-1.41185586274862,-1.29606904366644,-1.17739118530687,-1.05914483195662,
-0.94208944384358,-0.825324486781023,-0.707137684538309,-0.592292519948431,
-0.561215408553469),.UNSPECIFIED.);
#862=B_SPLINE_CURVE_WITH_KNOTS('',3,(#4484,#4485,#4486,#4487,#4488,#4489,
#4490,#4491,#4492,#4493,#4494,#4495),.UNSPECIFIED.,.F.,.F.,(4,2,2,2,2,4),
(-0.561215408553469,-0.475717217823526,-0.357186366357013,-0.238077835614203,
-0.11902772105646,0.),.UNSPECIFIED.);
#863=B_SPLINE_CURVE_WITH_KNOTS('',3,(#4603,#4604,#4605,#4606,#4607,#4608,
#4609,#4610,#4611,#4612,#4613,#4614,#4615,#4616,#4617,#4618,#4619,#4620,
#4621,#4622,#4623),.UNSPECIFIED.,.F.,.F.,(4,2,1,1,1,1,1,1,1,1,1,1,1,1,1,
2,4),(-0.00517640868343788,0.,0.704626411663435,1.40925282332687,2.1138792349903,
2.46619244082202,2.81850564665374,3.52313205831717,4.22775846998061,4.58007167581233,
4.93238488164404,5.28469808747576,5.63701129330748,6.34163770497091,6.69395091080263,
7.04626411663435,7.06199503092478),.UNSPECIFIED.);
#864=B_SPLINE_CURVE_WITH_KNOTS('',3,(#4624,#4625,#4626,#4627,#4628,#4629,
#4630,#4631,#4632,#4633,#4634,#4635,#4636,#4637,#4638,#4639,#4640,#4641,
#4642,#4643,#4644),.UNSPECIFIED.,.F.,.F.,(4,2,1,1,1,1,1,1,1,1,1,1,1,1,1,
2,4),(-7.06199503092478,-7.04626411663435,-6.69395091080263,-6.34163770497091,
-5.63701129330748,-5.28469808747576,-4.93238488164404,-4.58007167581233,
-4.22775846998061,-3.52313205831717,-2.81850564665374,-2.46619244082202,
-2.1138792349903,-1.40925282332687,-0.704626411663435,0.,0.00517640868343788),
 .UNSPECIFIED.);
#865=B_SPLINE_CURVE_WITH_KNOTS('',3,(#4798,#4799,#4800,#4801,#4802,#4803,
#4804,#4805,#4806,#4807,#4808,#4809,#4810,#4811,#4812,#4813,#4814,#4815,
#4816,#4817,#4818,#4819,#4820,#4821,#4822,#4823,#4824,#4825,#4826,#4827),
 .UNSPECIFIED.,.F.,.F.,(4,2,1,1,1,1,1,1,1,1,1,1,1,1,1,1,1,1,1,1,1,1,1,1,
2,4),(-0.0076056841704185,0.,0.0925719638223457,0.185143927644691,0.370287855289383,
0.617146425482305,0.740575710578766,0.786861692489939,0.833147674401112,
0.856290665356698,0.879433656312285,0.902576647267871,0.925719638223457,
0.948862629179044,0.97200562013463,1.0182916020458,1.11086356586815,1.23429285096461,
1.35772213606107,1.48115142115753,1.66629534880222,1.75886731262457,1.80515329453574,
1.82829628549133,1.85143927644691,1.85353033777644),.UNSPECIFIED.);
#866=B_SPLINE_CURVE_WITH_KNOTS('',3,(#4830,#4831,#4832,#4833,#4834,#4835,
#4836,#4837,#4838,#4839,#4840,#4841,#4842,#4843,#4844,#4845),
 .UNSPECIFIED.,.F.,.F.,(4,3,3,3,3,4),(-1.,-0.857142857142857,-0.714285714285714,
-0.428571428571429,-0.142857142857143,0.),.UNSPECIFIED.);
#867=B_SPLINE_CURVE_WITH_KNOTS('',3,(#5057,#5058,#5059,#5060,#5061,#5062,
#5063,#5064,#5065,#5066,#5067,#5068,#5069,#5070,#5071,#5072,#5073,#5074,
#5075,#5076,#5077,#5078,#5079,#5080,#5081,#5082,#5083,#5084,#5085,#5086,
#5087,#5088,#5089,#5090,#5091,#5092,#5093,#5094,#5095,#5096,#5097,#5098,
#5099,#5100,#5101,#5102,#5103,#5104,#5105,#5106,#5107,#5108),
 .UNSPECIFIED.,.F.,.F.,(4,1,1,1,1,1,1,1,1,1,1,1,1,1,2,1,1,1,1,1,1,1,1,1,
1,1,1,1,1,1,1,1,2,1,1,1,1,1,2,1,1,1,1,1,2,4),(0.,0.0265504014912655,0.0531008029825309,
0.106201605965062,0.212403211930124,0.238953613421389,0.265504014912655,
0.29205441640392,0.305329617149553,0.318604817895186,0.371705620877717,
0.424806423860248,0.531008029825309,0.637209635790371,0.743411241755433,
1.03719621855675,1.33098119535807,1.62476617215939,1.91855114896071,2.06544363736137,
2.21233612576203,2.28578236996236,2.32250549206253,2.35922861416269,2.43267485836302,
2.50612110256335,2.54284422466352,2.57956734676368,2.65301359096401,2.79990607936467,
2.94679856776533,3.09369105616599,3.68126100976863,4.09657843781292,4.5118958658572,
4.71955457987934,4.92721329390148,5.34253072194577,5.75784814999005,5.9983666592628,
6.23888516853554,6.71992218708102,7.20095920562651,7.68199622417199,8.16303324271748,
8.16722292593459),.UNSPECIFIED.);
#868=B_SPLINE_CURVE_WITH_KNOTS('',3,(#5230,#5231,#5232,#5233),
 .UNSPECIFIED.,.F.,.F.,(4,4),(-1.85353033777644,-1.85352756291939),
 .UNSPECIFIED.);
#869=B_SPLINE_CURVE_WITH_KNOTS('',3,(#5234,#5235,#5236,#5237,#5238,#5239,
#5240,#5241,#5242,#5243,#5244,#5245,#5246,#5247,#5248,#5249,#5250,#5251,
#5252,#5253,#5254,#5255,#5256,#5257,#5258,#5259,#5260,#5261,#5262,#5263),
 .UNSPECIFIED.,.F.,.F.,(4,2,1,1,1,1,1,1,1,1,1,1,1,1,1,1,1,1,1,1,1,1,1,1,
2,4),(-1.85352756291939,-1.85143927644691,-1.82829628549133,-1.80515329453574,
-1.75886731262457,-1.66629534880222,-1.48115142115753,-1.35772213606107,
-1.23429285096461,-1.11086356586815,-1.0182916020458,-0.97200562013463,
-0.948862629179044,-0.925719638223457,-0.902576647267871,-0.879433656312285,
-0.856290665356698,-0.833147674401112,-0.786861692489939,-0.740575710578766,
-0.617146425482305,-0.370287855289383,-0.185143927644691,-0.0925719638223457,
0.,0.0076056841704185),.UNSPECIFIED.);
#870=B_SPLINE_CURVE_WITH_KNOTS('',3,(#5878,#5879,#5880,#5881,#5882,#5883,
#5884,#5885,#5886,#5887,#5888,#5889,#5890,#5891,#5892,#5893,#5894,#5895,
#5896,#5897,#5898,#5899,#5900,#5901,#5902,#5903,#5904,#5905,#5906,#5907,
#5908,#5909,#5910,#5911,#5912,#5913,#5914),.UNSPECIFIED.,.F.,.F.,(4,3,3,
3,3,3,3,3,3,3,3,3,4),(0.,0.147022595204657,0.27463291330304,0.316459439859922,
0.386249909635805,0.494154273078923,0.602012057040236,0.714267667489442,
0.724116321693382,0.801699087780042,0.840490470823372,0.889763162601541,
0.98830854615788),.UNSPECIFIED.);
#871=VERTEX_POINT('',#2951);
#872=VERTEX_POINT('',#2952);
#873=VERTEX_POINT('',#2969);
#874=VERTEX_POINT('',#2974);
#875=VERTEX_POINT('',#3016);
#876=VERTEX_POINT('',#3023);
#877=VERTEX_POINT('',#3051);
#878=VERTEX_POINT('',#3052);
#879=VERTEX_POINT('',#3092);
#880=VERTEX_POINT('',#3098);
#881=VERTEX_POINT('',#3129);
#882=VERTEX_POINT('',#3130);
#883=VERTEX_POINT('',#3200);
#884=VERTEX_POINT('',#3201);
#885=VERTEX_POINT('',#3203);
#886=VERTEX_POINT('',#3257);
#887=VERTEX_POINT('',#3258);
#888=VERTEX_POINT('',#3298);
#889=VERTEX_POINT('',#3304);
#890=VERTEX_POINT('',#3331);
#891=VERTEX_POINT('',#3332);
#892=VERTEX_POINT('',#3384);
#893=VERTEX_POINT('',#3391);
#894=VERTEX_POINT('',#3427);
#895=VERTEX_POINT('',#3428);
#896=VERTEX_POINT('',#3456);
#897=VERTEX_POINT('',#3460);
#898=VERTEX_POINT('',#3464);
#899=VERTEX_POINT('',#3468);
#900=VERTEX_POINT('',#3472);
#901=VERTEX_POINT('',#3476);
#902=VERTEX_POINT('',#3480);
#903=VERTEX_POINT('',#3484);
#904=VERTEX_POINT('',#3488);
#905=VERTEX_POINT('',#3492);
#906=VERTEX_POINT('',#3517);
#907=VERTEX_POINT('',#3518);
#908=VERTEX_POINT('',#3550);
#909=VERTEX_POINT('',#3555);
#910=VERTEX_POINT('',#3562);
#911=VERTEX_POINT('',#3589);
#912=VERTEX_POINT('',#3590);
#913=VERTEX_POINT('',#3614);
#914=VERTEX_POINT('',#3616);
#915=VERTEX_POINT('',#3619);
#916=VERTEX_POINT('',#3621);
#917=VERTEX_POINT('',#3623);
#918=VERTEX_POINT('',#3627);
#919=VERTEX_POINT('',#3638);
#920=VERTEX_POINT('',#3640);
#921=VERTEX_POINT('',#3642);
#922=VERTEX_POINT('',#3646);
#923=VERTEX_POINT('',#3647);
#924=VERTEX_POINT('',#3662);
#925=VERTEX_POINT('',#3664);
#926=VERTEX_POINT('',#3670);
#927=VERTEX_POINT('',#3692);
#928=VERTEX_POINT('',#3697);
#929=VERTEX_POINT('',#3703);
#930=VERTEX_POINT('',#3927);
#931=VERTEX_POINT('',#3934);
#932=VERTEX_POINT('',#3942);
#933=VERTEX_POINT('',#3947);
#934=VERTEX_POINT('',#3962);
#935=VERTEX_POINT('',#3969);
#936=VERTEX_POINT('',#3974);
#937=VERTEX_POINT('',#3981);
#938=VERTEX_POINT('',#3992);
#939=VERTEX_POINT('',#4000);
#940=VERTEX_POINT('',#4002);
#941=VERTEX_POINT('',#4020);
#942=VERTEX_POINT('',#4065);
#943=VERTEX_POINT('',#4066);
#944=VERTEX_POINT('',#4068);
#945=VERTEX_POINT('',#4070);
#946=VERTEX_POINT('',#4074);
#947=VERTEX_POINT('',#4076);
#948=VERTEX_POINT('',#4080);
#949=VERTEX_POINT('',#4082);
#950=VERTEX_POINT('',#4084);
#951=VERTEX_POINT('',#4086);
#952=VERTEX_POINT('',#4089);
#953=VERTEX_POINT('',#4091);
#954=VERTEX_POINT('',#4093);
#955=VERTEX_POINT('',#4097);
#956=VERTEX_POINT('',#4099);
#957=VERTEX_POINT('',#4101);
#958=VERTEX_POINT('',#4103);
#959=VERTEX_POINT('',#4104);
#960=VERTEX_POINT('',#4106);
#961=VERTEX_POINT('',#4108);
#962=VERTEX_POINT('',#4114);
#963=VERTEX_POINT('',#4115);
#964=VERTEX_POINT('',#4118);
#965=VERTEX_POINT('',#4132);
#966=VERTEX_POINT('',#4141);
#967=VERTEX_POINT('',#4147);
#968=VERTEX_POINT('',#4157);
#969=VERTEX_POINT('',#4163);
#970=VERTEX_POINT('',#4173);
#971=VERTEX_POINT('',#4175);
#972=VERTEX_POINT('',#4179);
#973=VERTEX_POINT('',#4183);
#974=VERTEX_POINT('',#4185);
#975=VERTEX_POINT('',#4189);
#976=VERTEX_POINT('',#4196);
#977=VERTEX_POINT('',#4198);
#978=VERTEX_POINT('',#4201);
#979=VERTEX_POINT('',#4203);
#980=VERTEX_POINT('',#4206);
#981=VERTEX_POINT('',#4208);
#982=VERTEX_POINT('',#4211);
#983=VERTEX_POINT('',#4213);
#984=VERTEX_POINT('',#4216);
#985=VERTEX_POINT('',#4220);
#986=VERTEX_POINT('',#4224);
#987=VERTEX_POINT('',#4228);
#988=VERTEX_POINT('',#4232);
#989=VERTEX_POINT('',#4233);
#990=VERTEX_POINT('',#4236);
#991=VERTEX_POINT('',#4241);
#992=VERTEX_POINT('',#4243);
#993=VERTEX_POINT('',#4351);
#994=VERTEX_POINT('',#4353);
#995=VERTEX_POINT('',#4402);
#996=VERTEX_POINT('',#4404);
#997=VERTEX_POINT('',#4453);
#998=VERTEX_POINT('',#4455);
#999=VERTEX_POINT('',#4601);
#1000=VERTEX_POINT('',#4602);
#1001=VERTEX_POINT('',#4797);
#1002=VERTEX_POINT('',#4829);
#1003=VERTEX_POINT('',#4846);
#1004=VERTEX_POINT('',#5229);
#1005=VERTEX_POINT('',#5916);
#1006=VERTEX_POINT('',#5917);
#1007=VERTEX_POINT('',#5919);
#1008=VERTEX_POINT('',#5921);
#1009=VERTEX_POINT('',#5925);
#1010=VERTEX_POINT('',#5927);
#1011=VERTEX_POINT('',#5931);
#1012=VERTEX_POINT('',#5933);
#1013=VERTEX_POINT('',#5940);
#1014=VERTEX_POINT('',#5941);
#1015=VERTEX_POINT('',#5943);
#1016=VERTEX_POINT('',#5945);
#1017=VERTEX_POINT('',#5949);
#1018=VERTEX_POINT('',#5951);
#1019=VERTEX_POINT('',#5955);
#1020=VERTEX_POINT('',#5957);
#1021=VERTEX_POINT('',#5964);
#1022=VERTEX_POINT('',#5966);
#1023=VERTEX_POINT('',#5970);
#1024=VERTEX_POINT('',#5972);
#1025=VERTEX_POINT('',#5976);
#1026=VERTEX_POINT('',#5978);
#1027=VERTEX_POINT('',#5982);
#1028=VERTEX_POINT('',#5984);
#1029=VERTEX_POINT('',#5988);
#1030=VERTEX_POINT('',#5989);
#1031=VERTEX_POINT('',#5991);
#1032=VERTEX_POINT('',#5993);
#1033=VERTEX_POINT('',#5997);
#1034=VERTEX_POINT('',#5999);
#1035=VERTEX_POINT('',#6003);
#1036=VERTEX_POINT('',#6005);
#1037=VERTEX_POINT('',#6007);
#1038=VERTEX_POINT('',#6009);
#1039=VERTEX_POINT('',#6011);
#1040=VERTEX_POINT('',#6013);
#1041=VERTEX_POINT('',#6015);
#1042=VERTEX_POINT('',#6017);
#1043=VERTEX_POINT('',#6019);
#1044=VERTEX_POINT('',#6021);
#1045=VERTEX_POINT('',#6023);
#1046=VERTEX_POINT('',#6025);
#1047=VERTEX_POINT('',#6027);
#1048=VERTEX_POINT('',#6029);
#1049=VERTEX_POINT('',#6031);
#1050=VERTEX_POINT('',#6033);
#1051=VERTEX_POINT('',#6035);
#1052=VERTEX_POINT('',#6037);
#1053=VERTEX_POINT('',#6039);
#1054=VERTEX_POINT('',#6042);
#1055=VERTEX_POINT('',#6044);
#1056=VERTEX_POINT('',#6046);
#1057=VERTEX_POINT('',#6049);
#1058=VERTEX_POINT('',#6051);
#1059=VERTEX_POINT('',#6055);
#1060=VERTEX_POINT('',#6059);
#1061=VERTEX_POINT('',#6063);
#1062=VERTEX_POINT('',#6067);
#1063=VERTEX_POINT('',#6068);
#1064=VERTEX_POINT('',#6073);
#1065=VERTEX_POINT('',#6077);
#1066=VERTEX_POINT('',#6079);
#1067=VERTEX_POINT('',#6083);
#1068=VERTEX_POINT('',#6087);
#1069=VERTEX_POINT('',#6092);
#1070=VERTEX_POINT('',#6094);
#1071=VERTEX_POINT('',#6096);
#1072=VERTEX_POINT('',#6098);
#1073=VERTEX_POINT('',#6100);
#1074=VERTEX_POINT('',#6102);
#1075=VERTEX_POINT('',#6104);
#1076=VERTEX_POINT('',#6109);
#1077=VERTEX_POINT('',#6111);
#1078=VERTEX_POINT('',#6113);
#1079=EDGE_CURVE('',#871,#872,#801,.F.);
#1080=EDGE_CURVE('',#872,#873,#802,.T.);
#1081=EDGE_CURVE('',#873,#874,#696,.T.);
#1082=EDGE_CURVE('',#874,#871,#803,.T.);
#1083=EDGE_CURVE('',#873,#875,#804,.T.);
#1084=EDGE_CURVE('',#875,#876,#697,.T.);
#1085=EDGE_CURVE('',#876,#874,#805,.T.);
#1086=EDGE_CURVE('',#877,#878,#698,.T.);
#1087=EDGE_CURVE('',#878,#876,#806,.T.);
#1088=EDGE_CURVE('',#875,#877,#807,.T.);
#1089=EDGE_CURVE('',#877,#879,#808,.T.);
#1090=EDGE_CURVE('',#879,#880,#699,.T.);
#1091=EDGE_CURVE('',#880,#878,#809,.T.);
#1092=EDGE_CURVE('',#881,#882,#700,.T.);
#1093=EDGE_CURVE('',#882,#880,#810,.T.);
#1094=EDGE_CURVE('',#879,#881,#811,.T.);
#1095=EDGE_CURVE('',#883,#884,#701,.T.);
#1096=EDGE_CURVE('',#884,#885,#812,.T.);
#1097=EDGE_CURVE('',#885,#882,#813,.T.);
#1098=EDGE_CURVE('',#881,#883,#814,.T.);
#1099=EDGE_CURVE('',#886,#887,#702,.T.);
#1100=EDGE_CURVE('',#887,#884,#815,.T.);
#1101=EDGE_CURVE('',#883,#886,#816,.T.);
#1102=EDGE_CURVE('',#886,#888,#817,.T.);
#1103=EDGE_CURVE('',#888,#889,#703,.T.);
#1104=EDGE_CURVE('',#889,#887,#818,.T.);
#1105=EDGE_CURVE('',#890,#891,#704,.T.);
#1106=EDGE_CURVE('',#891,#889,#819,.T.);
#1107=EDGE_CURVE('',#888,#890,#820,.T.);
#1108=EDGE_CURVE('',#890,#892,#821,.T.);
#1109=EDGE_CURVE('',#892,#893,#705,.T.);
#1110=EDGE_CURVE('',#893,#891,#822,.T.);
#1111=EDGE_CURVE('',#894,#895,#823,.T.);
#1112=EDGE_CURVE('',#894,#893,#824,.T.);
#1113=EDGE_CURVE('',#892,#895,#825,.T.);
#1114=EDGE_CURVE('',#896,#892,#105,.T.);
#1115=EDGE_CURVE('',#895,#896,#106,.T.);
#1116=EDGE_CURVE('',#890,#897,#107,.T.);
#1117=EDGE_CURVE('',#896,#897,#706,.T.);
#1118=EDGE_CURVE('',#898,#888,#108,.T.);
#1119=EDGE_CURVE('',#897,#898,#109,.T.);
#1120=EDGE_CURVE('',#886,#899,#110,.T.);
#1121=EDGE_CURVE('',#899,#898,#707,.F.);
#1122=EDGE_CURVE('',#900,#883,#111,.T.);
#1123=EDGE_CURVE('',#899,#900,#112,.T.);
#1124=EDGE_CURVE('',#901,#881,#113,.T.);
#1125=EDGE_CURVE('',#900,#901,#708,.T.);
#1126=EDGE_CURVE('',#902,#879,#114,.T.);
#1127=EDGE_CURVE('',#901,#902,#115,.T.);
#1128=EDGE_CURVE('',#877,#903,#116,.T.);
#1129=EDGE_CURVE('',#903,#902,#709,.F.);
#1130=EDGE_CURVE('',#904,#875,#117,.T.);
#1131=EDGE_CURVE('',#903,#904,#118,.T.);
#1132=EDGE_CURVE('',#873,#905,#119,.T.);
#1133=EDGE_CURVE('',#904,#905,#710,.T.);
#1134=EDGE_CURVE('',#905,#872,#120,.T.);
#1135=EDGE_CURVE('',#906,#907,#826,.T.);
#1136=EDGE_CURVE('',#907,#908,#827,.T.);
#1137=EDGE_CURVE('',#908,#909,#711,.T.);
#1138=EDGE_CURVE('',#909,#906,#828,.T.);
#1139=EDGE_CURVE('',#910,#909,#712,.T.);
#1140=EDGE_CURVE('',#908,#910,#713,.T.);
#1141=EDGE_CURVE('',#911,#912,#829,.F.);
#1142=EDGE_CURVE('',#911,#909,#830,.T.);
#1143=EDGE_CURVE('',#910,#912,#831,.T.);
#1144=EDGE_CURVE('',#913,#910,#121,.T.);
#1145=EDGE_CURVE('',#913,#914,#714,.T.);
#1146=EDGE_CURVE('',#914,#913,#715,.T.);
#1147=EDGE_CURVE('',#915,#913,#122,.F.);
#1148=EDGE_CURVE('',#915,#916,#716,.F.);
#1149=EDGE_CURVE('',#916,#917,#717,.T.);
#1150=EDGE_CURVE('',#917,#912,#718,.F.);
#1151=EDGE_CURVE('',#908,#918,#123,.T.);
#1152=EDGE_CURVE('',#918,#915,#832,.F.);
#1153=EDGE_CURVE('',#919,#907,#124,.T.);
#1154=EDGE_CURVE('',#920,#919,#125,.T.);
#1155=EDGE_CURVE('',#921,#920,#126,.T.);
#1156=EDGE_CURVE('',#918,#921,#127,.T.);
#1157=EDGE_CURVE('',#922,#923,#833,.F.);
#1158=EDGE_CURVE('',#922,#924,#719,.T.);
#1159=EDGE_CURVE('',#924,#925,#720,.T.);
#1160=EDGE_CURVE('',#923,#925,#834,.F.);
#1161=EDGE_CURVE('',#923,#926,#721,.T.);
#1162=EDGE_CURVE('',#925,#927,#835,.F.);
#1163=EDGE_CURVE('',#924,#928,#836,.T.);
#1164=EDGE_CURVE('',#928,#929,#837,.T.);
#1165=EDGE_CURVE('',#929,#927,#838,.T.);
#1166=EDGE_CURVE('',#930,#894,#839,.T.);
#1167=EDGE_CURVE('',#930,#931,#840,.T.);
#1168=EDGE_CURVE('',#931,#932,#841,.T.);
#1169=EDGE_CURVE('',#932,#933,#842,.T.);
#1170=EDGE_CURVE('',#933,#927,#843,.T.);
#1171=EDGE_CURVE('',#906,#929,#722,.T.);
#1172=EDGE_CURVE('',#911,#934,#844,.T.);
#1173=EDGE_CURVE('',#934,#935,#845,.T.);
#1174=EDGE_CURVE('',#935,#936,#846,.T.);
#1175=EDGE_CURVE('',#936,#937,#847,.T.);
#1176=EDGE_CURVE('',#871,#937,#848,.T.);
#1177=EDGE_CURVE('',#938,#885,#849,.T.);
#1178=EDGE_CURVE('',#938,#939,#53,.T.);
#1179=EDGE_CURVE('',#940,#939,#850,.T.);
#1180=EDGE_CURVE('',#941,#940,#851,.T.);
#1181=EDGE_CURVE('',#938,#941,#852,.T.);
#1182=EDGE_CURVE('',#942,#943,#723,.T.);
#1183=EDGE_CURVE('',#943,#944,#128,.T.);
#1184=EDGE_CURVE('',#944,#945,#724,.T.);
#1185=EDGE_CURVE('',#945,#942,#129,.T.);
#1186=EDGE_CURVE('',#946,#943,#130,.T.);
#1187=EDGE_CURVE('',#947,#946,#131,.T.);
#1188=EDGE_CURVE('',#944,#947,#132,.T.);
#1189=EDGE_CURVE('',#942,#948,#133,.T.);
#1190=EDGE_CURVE('',#949,#948,#725,.T.);
#1191=EDGE_CURVE('',#949,#950,#726,.T.);
#1192=EDGE_CURVE('',#950,#951,#727,.F.);
#1193=EDGE_CURVE('',#951,#930,#134,.T.);
#1194=EDGE_CURVE('',#937,#952,#135,.T.);
#1195=EDGE_CURVE('',#952,#953,#728,.F.);
#1196=EDGE_CURVE('',#953,#954,#729,.T.);
#1197=EDGE_CURVE('',#954,#921,#730,.F.);
#1198=EDGE_CURVE('',#946,#920,#731,.T.);
#1199=EDGE_CURVE('',#955,#955,#732,.T.);
#1200=EDGE_CURVE('',#956,#956,#733,.T.);
#1201=EDGE_CURVE('',#957,#957,#734,.T.);
#1202=EDGE_CURVE('',#958,#959,#136,.T.);
#1203=EDGE_CURVE('',#958,#960,#137,.T.);
#1204=EDGE_CURVE('',#960,#961,#138,.T.);
#1205=EDGE_CURVE('',#959,#961,#139,.T.);
#1206=EDGE_CURVE('',#919,#947,#735,.T.);
#1207=EDGE_CURVE('',#962,#963,#736,.T.);
#1208=EDGE_CURVE('',#963,#949,#140,.T.);
#1209=EDGE_CURVE('',#948,#964,#141,.T.);
#1210=EDGE_CURVE('',#964,#962,#853,.T.);
#1211=EDGE_CURVE('',#964,#924,#142,.T.);
#1212=EDGE_CURVE('',#928,#945,#143,.T.);
#1213=EDGE_CURVE('',#965,#922,#854,.F.);
#1214=EDGE_CURVE('',#965,#966,#144,.T.);
#1215=EDGE_CURVE('',#966,#962,#145,.T.);
#1216=EDGE_CURVE('',#954,#916,#146,.T.);
#1217=EDGE_CURVE('',#950,#967,#147,.T.);
#1218=EDGE_CURVE('',#967,#965,#737,.T.);
#1219=EDGE_CURVE('',#933,#951,#148,.T.);
#1220=EDGE_CURVE('',#917,#953,#149,.T.);
#1221=EDGE_CURVE('',#952,#936,#150,.T.);
#1222=EDGE_CURVE('',#955,#968,#151,.T.);
#1223=EDGE_CURVE('',#968,#968,#738,.T.);
#1224=EDGE_CURVE('',#967,#963,#739,.T.);
#1225=EDGE_CURVE('',#966,#969,#740,.T.);
#1226=EDGE_CURVE('',#969,#966,#741,.T.);
#1227=EDGE_CURVE('',#969,#957,#152,.T.);
#1228=EDGE_CURVE('',#914,#956,#153,.T.);
#1229=EDGE_CURVE('',#970,#961,#154,.T.);
#1230=EDGE_CURVE('',#970,#971,#155,.T.);
#1231=EDGE_CURVE('',#971,#959,#156,.T.);
#1232=EDGE_CURVE('',#972,#960,#157,.T.);
#1233=EDGE_CURVE('',#972,#970,#158,.T.);
#1234=EDGE_CURVE('',#973,#973,#742,.T.);
#1235=EDGE_CURVE('',#973,#974,#159,.T.);
#1236=EDGE_CURVE('',#974,#974,#743,.T.);
#1237=EDGE_CURVE('',#975,#972,#160,.T.);
#1238=EDGE_CURVE('',#971,#975,#161,.T.);
#1239=EDGE_CURVE('',#975,#958,#162,.T.);
#1240=EDGE_CURVE('',#976,#976,#744,.T.);
#1241=EDGE_CURVE('',#977,#977,#745,.T.);
#1242=EDGE_CURVE('',#978,#978,#746,.T.);
#1243=EDGE_CURVE('',#979,#979,#747,.T.);
#1244=EDGE_CURVE('',#980,#980,#748,.T.);
#1245=EDGE_CURVE('',#981,#981,#749,.T.);
#1246=EDGE_CURVE('',#982,#982,#750,.T.);
#1247=EDGE_CURVE('',#983,#983,#751,.T.);
#1248=EDGE_CURVE('',#979,#984,#163,.T.);
#1249=EDGE_CURVE('',#984,#984,#752,.T.);
#1250=EDGE_CURVE('',#981,#985,#164,.T.);
#1251=EDGE_CURVE('',#985,#985,#753,.T.);
#1252=EDGE_CURVE('',#977,#986,#165,.T.);
#1253=EDGE_CURVE('',#986,#986,#754,.T.);
#1254=EDGE_CURVE('',#983,#987,#166,.T.);
#1255=EDGE_CURVE('',#987,#987,#755,.T.);
#1256=EDGE_CURVE('',#988,#989,#756,.T.);
#1257=EDGE_CURVE('',#989,#988,#757,.T.);
#1258=EDGE_CURVE('',#989,#990,#167,.T.);
#1259=EDGE_CURVE('',#990,#990,#758,.T.);
#1260=EDGE_CURVE('',#982,#991,#168,.T.);
#1261=EDGE_CURVE('',#992,#991,#855,.T.);
#1262=EDGE_CURVE('',#991,#992,#856,.T.);
#1263=EDGE_CURVE('',#980,#993,#169,.T.);
#1264=EDGE_CURVE('',#994,#993,#857,.T.);
#1265=EDGE_CURVE('',#993,#994,#858,.T.);
#1266=EDGE_CURVE('',#978,#995,#170,.T.);
#1267=EDGE_CURVE('',#996,#995,#859,.T.);
#1268=EDGE_CURVE('',#995,#996,#860,.T.);
#1269=EDGE_CURVE('',#976,#997,#171,.T.);
#1270=EDGE_CURVE('',#998,#997,#861,.T.);
#1271=EDGE_CURVE('',#997,#998,#862,.T.);
#1272=EDGE_CURVE('',#999,#1000,#863,.T.);
#1273=EDGE_CURVE('',#1000,#999,#864,.T.);
#1274=EDGE_CURVE('',#1001,#999,#865,.T.);
#1275=EDGE_CURVE('',#1000,#1001,#54,.T.);
#1276=EDGE_CURVE('',#1000,#1002,#866,.T.);
#1277=EDGE_CURVE('',#1002,#1003,#759,.T.);
#1278=EDGE_CURVE('',#1003,#1002,#760,.T.);
#1279=EDGE_CURVE('',#939,#938,#867,.T.);
#1280=EDGE_CURVE('',#999,#1004,#868,.T.);
#1281=EDGE_CURVE('',#1004,#1001,#869,.T.);
#1282=EDGE_CURVE('',#1004,#938,#172,.T.);
#1283=EDGE_CURVE('',#988,#1003,#870,.T.);
#1284=EDGE_CURVE('',#1005,#1006,#173,.T.);
#1285=EDGE_CURVE('',#1005,#1007,#174,.T.);
#1286=EDGE_CURVE('',#1008,#1007,#175,.T.);
#1287=EDGE_CURVE('',#1006,#1008,#176,.T.);
#1288=EDGE_CURVE('',#1009,#1005,#177,.T.);
#1289=EDGE_CURVE('',#1009,#1010,#178,.T.);
#1290=EDGE_CURVE('',#1007,#1010,#179,.T.);
#1291=EDGE_CURVE('',#1011,#1009,#180,.T.);
#1292=EDGE_CURVE('',#1011,#1012,#181,.T.);
#1293=EDGE_CURVE('',#1010,#1012,#182,.T.);
#1294=EDGE_CURVE('',#1006,#1011,#183,.T.);
#1295=EDGE_CURVE('',#1012,#1008,#184,.T.);
#1296=EDGE_CURVE('',#1013,#1014,#185,.T.);
#1297=EDGE_CURVE('',#1013,#1015,#186,.T.);
#1298=EDGE_CURVE('',#1016,#1015,#187,.T.);
#1299=EDGE_CURVE('',#1014,#1016,#188,.T.);
#1300=EDGE_CURVE('',#1017,#1013,#189,.T.);
#1301=EDGE_CURVE('',#1017,#1018,#190,.T.);
#1302=EDGE_CURVE('',#1015,#1018,#191,.T.);
#1303=EDGE_CURVE('',#1019,#1017,#192,.T.);
#1304=EDGE_CURVE('',#1019,#1020,#193,.T.);
#1305=EDGE_CURVE('',#1018,#1020,#194,.T.);
#1306=EDGE_CURVE('',#1014,#1019,#195,.T.);
#1307=EDGE_CURVE('',#1020,#1016,#196,.T.);
#1308=EDGE_CURVE('',#1021,#1021,#761,.T.);
#1309=EDGE_CURVE('',#1021,#1022,#197,.T.);
#1310=EDGE_CURVE('',#1022,#1022,#762,.T.);
#1311=EDGE_CURVE('',#1023,#1023,#763,.T.);
#1312=EDGE_CURVE('',#1023,#1024,#198,.T.);
#1313=EDGE_CURVE('',#1024,#1024,#764,.T.);
#1314=EDGE_CURVE('',#1025,#1025,#765,.T.);
#1315=EDGE_CURVE('',#1025,#1026,#199,.T.);
#1316=EDGE_CURVE('',#1026,#1026,#766,.T.);
#1317=EDGE_CURVE('',#1027,#1027,#767,.T.);
#1318=EDGE_CURVE('',#1027,#1028,#200,.T.);
#1319=EDGE_CURVE('',#1028,#1028,#768,.T.);
#1320=EDGE_CURVE('',#1029,#1030,#769,.T.);
#1321=EDGE_CURVE('',#1030,#1031,#201,.T.);
#1322=EDGE_CURVE('',#1031,#1032,#770,.T.);
#1323=EDGE_CURVE('',#1032,#1029,#202,.T.);
#1324=EDGE_CURVE('',#1033,#1030,#203,.T.);
#1325=EDGE_CURVE('',#1034,#1033,#204,.T.);
#1326=EDGE_CURVE('',#1034,#1031,#205,.T.);
#1327=EDGE_CURVE('',#1029,#1035,#206,.T.);
#1328=EDGE_CURVE('',#1036,#1035,#771,.T.);
#1329=EDGE_CURVE('',#1036,#1037,#207,.T.);
#1330=EDGE_CURVE('',#1038,#1037,#772,.T.);
#1331=EDGE_CURVE('',#1038,#1039,#773,.T.);
#1332=EDGE_CURVE('',#1040,#1039,#774,.T.);
#1333=EDGE_CURVE('',#1040,#1041,#208,.T.);
#1334=EDGE_CURVE('',#1042,#1041,#775,.T.);
#1335=EDGE_CURVE('',#1042,#1043,#209,.T.);
#1336=EDGE_CURVE('',#1044,#1043,#776,.T.);
#1337=EDGE_CURVE('',#1044,#1045,#210,.T.);
#1338=EDGE_CURVE('',#1045,#1046,#777,.T.);
#1339=EDGE_CURVE('',#1046,#1047,#211,.T.);
#1340=EDGE_CURVE('',#1048,#1047,#778,.T.);
#1341=EDGE_CURVE('',#1048,#1049,#212,.T.);
#1342=EDGE_CURVE('',#1050,#1049,#779,.T.);
#1343=EDGE_CURVE('',#1050,#1051,#213,.T.);
#1344=EDGE_CURVE('',#1052,#1051,#780,.T.);
#1345=EDGE_CURVE('',#1052,#1053,#781,.T.);
#1346=EDGE_CURVE('',#1033,#1053,#782,.T.);
#1347=EDGE_CURVE('',#1054,#1054,#783,.T.);
#1348=EDGE_CURVE('',#1055,#1055,#784,.T.);
#1349=EDGE_CURVE('',#1056,#1056,#785,.T.);
#1350=EDGE_CURVE('',#1035,#1057,#214,.T.);
#1351=EDGE_CURVE('',#1057,#1058,#786,.T.);
#1352=EDGE_CURVE('',#1058,#1036,#215,.T.);
#1353=EDGE_CURVE('',#1058,#1059,#216,.T.);
#1354=EDGE_CURVE('',#1037,#1059,#217,.T.);
#1355=EDGE_CURVE('',#1060,#1059,#787,.F.);
#1356=EDGE_CURVE('',#1060,#1038,#218,.T.);
#1357=EDGE_CURVE('',#1053,#1061,#219,.T.);
#1358=EDGE_CURVE('',#1034,#1061,#788,.F.);
#1359=EDGE_CURVE('',#1062,#1063,#789,.F.);
#1360=EDGE_CURVE('',#1062,#1052,#220,.T.);
#1361=EDGE_CURVE('',#1051,#1063,#221,.T.);
#1362=EDGE_CURVE('',#1064,#1050,#222,.T.);
#1363=EDGE_CURVE('',#1064,#1063,#223,.T.);
#1364=EDGE_CURVE('',#1039,#1065,#224,.T.);
#1365=EDGE_CURVE('',#1066,#1065,#790,.F.);
#1366=EDGE_CURVE('',#1066,#1040,#225,.T.);
#1367=EDGE_CURVE('',#1066,#1067,#226,.T.);
#1368=EDGE_CURVE('',#1041,#1067,#227,.T.);
#1369=EDGE_CURVE('',#1049,#1068,#228,.T.);
#1370=EDGE_CURVE('',#1068,#1064,#791,.T.);
#1371=EDGE_CURVE('',#1062,#1061,#792,.T.);
#1372=EDGE_CURVE('',#1069,#1068,#229,.T.);
#1373=EDGE_CURVE('',#1070,#1069,#793,.T.);
#1374=EDGE_CURVE('',#1071,#1070,#230,.T.);
#1375=EDGE_CURVE('',#1072,#1071,#794,.T.);
#1376=EDGE_CURVE('',#1073,#1072,#231,.T.);
#1377=EDGE_CURVE('',#1074,#1073,#795,.T.);
#1378=EDGE_CURVE('',#1075,#1074,#232,.T.);
#1379=EDGE_CURVE('',#1067,#1075,#796,.T.);
#1380=EDGE_CURVE('',#1060,#1065,#797,.T.);
#1381=EDGE_CURVE('',#1032,#1057,#233,.T.);
#1382=EDGE_CURVE('',#1076,#1076,#798,.T.);
#1383=EDGE_CURVE('',#1077,#1077,#799,.T.);
#1384=EDGE_CURVE('',#1078,#1078,#800,.T.);
#1385=EDGE_CURVE('',#1075,#1042,#234,.T.);
#1386=EDGE_CURVE('',#1069,#1048,#235,.T.);
#1387=EDGE_CURVE('',#1047,#1070,#236,.T.);
#1388=EDGE_CURVE('',#1073,#1044,#237,.T.);
#1389=EDGE_CURVE('',#1043,#1074,#238,.T.);
#1390=EDGE_CURVE('',#1072,#1045,#239,.T.);
#1391=EDGE_CURVE('',#1056,#1078,#240,.T.);
#1392=EDGE_CURVE('',#1055,#1077,#241,.T.);
#1393=EDGE_CURVE('',#1054,#1076,#242,.T.);
#1394=EDGE_CURVE('',#1071,#1046,#243,.T.);
#1395=ORIENTED_EDGE('',*,*,#1079,.T.);
#1396=ORIENTED_EDGE('',*,*,#1080,.T.);
#1397=ORIENTED_EDGE('',*,*,#1081,.T.);
#1398=ORIENTED_EDGE('',*,*,#1082,.T.);
#1399=ORIENTED_EDGE('',*,*,#1081,.F.);
#1400=ORIENTED_EDGE('',*,*,#1083,.T.);
#1401=ORIENTED_EDGE('',*,*,#1084,.T.);
#1402=ORIENTED_EDGE('',*,*,#1085,.T.);
#1403=ORIENTED_EDGE('',*,*,#1086,.T.);
#1404=ORIENTED_EDGE('',*,*,#1087,.T.);
#1405=ORIENTED_EDGE('',*,*,#1084,.F.);
#1406=ORIENTED_EDGE('',*,*,#1088,.T.);
#1407=ORIENTED_EDGE('',*,*,#1086,.F.);
#1408=ORIENTED_EDGE('',*,*,#1089,.T.);
#1409=ORIENTED_EDGE('',*,*,#1090,.T.);
#1410=ORIENTED_EDGE('',*,*,#1091,.T.);
#1411=ORIENTED_EDGE('',*,*,#1092,.T.);
#1412=ORIENTED_EDGE('',*,*,#1093,.T.);
#1413=ORIENTED_EDGE('',*,*,#1090,.F.);
#1414=ORIENTED_EDGE('',*,*,#1094,.T.);
#1415=ORIENTED_EDGE('',*,*,#1095,.T.);
#1416=ORIENTED_EDGE('',*,*,#1096,.T.);
#1417=ORIENTED_EDGE('',*,*,#1097,.T.);
#1418=ORIENTED_EDGE('',*,*,#1092,.F.);
#1419=ORIENTED_EDGE('',*,*,#1098,.T.);
#1420=ORIENTED_EDGE('',*,*,#1099,.T.);
#1421=ORIENTED_EDGE('',*,*,#1100,.T.);
#1422=ORIENTED_EDGE('',*,*,#1095,.F.);
#1423=ORIENTED_EDGE('',*,*,#1101,.T.);
#1424=ORIENTED_EDGE('',*,*,#1099,.F.);
#1425=ORIENTED_EDGE('',*,*,#1102,.T.);
#1426=ORIENTED_EDGE('',*,*,#1103,.T.);
#1427=ORIENTED_EDGE('',*,*,#1104,.T.);
#1428=ORIENTED_EDGE('',*,*,#1105,.T.);
#1429=ORIENTED_EDGE('',*,*,#1106,.T.);
#1430=ORIENTED_EDGE('',*,*,#1103,.F.);
#1431=ORIENTED_EDGE('',*,*,#1107,.T.);
#1432=ORIENTED_EDGE('',*,*,#1105,.F.);
#1433=ORIENTED_EDGE('',*,*,#1108,.T.);
#1434=ORIENTED_EDGE('',*,*,#1109,.T.);
#1435=ORIENTED_EDGE('',*,*,#1110,.T.);
#1436=ORIENTED_EDGE('',*,*,#1111,.F.);
#1437=ORIENTED_EDGE('',*,*,#1112,.T.);
#1438=ORIENTED_EDGE('',*,*,#1109,.F.);
#1439=ORIENTED_EDGE('',*,*,#1113,.T.);
#1440=ORIENTED_EDGE('',*,*,#1113,.F.);
#1441=ORIENTED_EDGE('',*,*,#1114,.F.);
#1442=ORIENTED_EDGE('',*,*,#1115,.F.);
#1443=ORIENTED_EDGE('',*,*,#1108,.F.);
#1444=ORIENTED_EDGE('',*,*,#1116,.T.);
#1445=ORIENTED_EDGE('',*,*,#1117,.F.);
#1446=ORIENTED_EDGE('',*,*,#1114,.T.);
#1447=ORIENTED_EDGE('',*,*,#1107,.F.);
#1448=ORIENTED_EDGE('',*,*,#1118,.F.);
#1449=ORIENTED_EDGE('',*,*,#1119,.F.);
#1450=ORIENTED_EDGE('',*,*,#1116,.F.);
#1451=ORIENTED_EDGE('',*,*,#1102,.F.);
#1452=ORIENTED_EDGE('',*,*,#1120,.T.);
#1453=ORIENTED_EDGE('',*,*,#1121,.T.);
#1454=ORIENTED_EDGE('',*,*,#1118,.T.);
#1455=ORIENTED_EDGE('',*,*,#1101,.F.);
#1456=ORIENTED_EDGE('',*,*,#1122,.F.);
#1457=ORIENTED_EDGE('',*,*,#1123,.F.);
#1458=ORIENTED_EDGE('',*,*,#1120,.F.);
#1459=ORIENTED_EDGE('',*,*,#1098,.F.);
#1460=ORIENTED_EDGE('',*,*,#1124,.F.);
#1461=ORIENTED_EDGE('',*,*,#1125,.F.);
#1462=ORIENTED_EDGE('',*,*,#1122,.T.);
#1463=ORIENTED_EDGE('',*,*,#1094,.F.);
#1464=ORIENTED_EDGE('',*,*,#1126,.F.);
#1465=ORIENTED_EDGE('',*,*,#1127,.F.);
#1466=ORIENTED_EDGE('',*,*,#1124,.T.);
#1467=ORIENTED_EDGE('',*,*,#1089,.F.);
#1468=ORIENTED_EDGE('',*,*,#1128,.T.);
#1469=ORIENTED_EDGE('',*,*,#1129,.T.);
#1470=ORIENTED_EDGE('',*,*,#1126,.T.);
#1471=ORIENTED_EDGE('',*,*,#1088,.F.);
#1472=ORIENTED_EDGE('',*,*,#1130,.F.);
#1473=ORIENTED_EDGE('',*,*,#1131,.F.);
#1474=ORIENTED_EDGE('',*,*,#1128,.F.);
#1475=ORIENTED_EDGE('',*,*,#1083,.F.);
#1476=ORIENTED_EDGE('',*,*,#1132,.T.);
#1477=ORIENTED_EDGE('',*,*,#1133,.F.);
#1478=ORIENTED_EDGE('',*,*,#1130,.T.);
#1479=ORIENTED_EDGE('',*,*,#1080,.F.);
#1480=ORIENTED_EDGE('',*,*,#1134,.F.);
#1481=ORIENTED_EDGE('',*,*,#1132,.F.);
#1482=ORIENTED_EDGE('',*,*,#1135,.T.);
#1483=ORIENTED_EDGE('',*,*,#1136,.T.);
#1484=ORIENTED_EDGE('',*,*,#1137,.T.);
#1485=ORIENTED_EDGE('',*,*,#1138,.T.);
#1486=ORIENTED_EDGE('',*,*,#1139,.T.);
#1487=ORIENTED_EDGE('',*,*,#1137,.F.);
#1488=ORIENTED_EDGE('',*,*,#1140,.T.);
#1489=ORIENTED_EDGE('',*,*,#1141,.F.);
#1490=ORIENTED_EDGE('',*,*,#1142,.T.);
#1491=ORIENTED_EDGE('',*,*,#1139,.F.);
#1492=ORIENTED_EDGE('',*,*,#1143,.T.);
#1493=ORIENTED_EDGE('',*,*,#1143,.F.);
#1494=ORIENTED_EDGE('',*,*,#1144,.F.);
#1495=ORIENTED_EDGE('',*,*,#1145,.T.);
#1496=ORIENTED_EDGE('',*,*,#1146,.T.);
#1497=ORIENTED_EDGE('',*,*,#1147,.F.);
#1498=ORIENTED_EDGE('',*,*,#1148,.T.);
#1499=ORIENTED_EDGE('',*,*,#1149,.T.);
#1500=ORIENTED_EDGE('',*,*,#1150,.T.);
#1501=ORIENTED_EDGE('',*,*,#1140,.F.);
#1502=ORIENTED_EDGE('',*,*,#1151,.T.);
#1503=ORIENTED_EDGE('',*,*,#1152,.T.);
#1504=ORIENTED_EDGE('',*,*,#1147,.T.);
#1505=ORIENTED_EDGE('',*,*,#1144,.T.);
#1506=ORIENTED_EDGE('',*,*,#1136,.F.);
#1507=ORIENTED_EDGE('',*,*,#1153,.F.);
#1508=ORIENTED_EDGE('',*,*,#1154,.F.);
#1509=ORIENTED_EDGE('',*,*,#1155,.F.);
#1510=ORIENTED_EDGE('',*,*,#1156,.F.);
#1511=ORIENTED_EDGE('',*,*,#1151,.F.);
#1512=ORIENTED_EDGE('',*,*,#1157,.F.);
#1513=ORIENTED_EDGE('',*,*,#1158,.T.);
#1514=ORIENTED_EDGE('',*,*,#1159,.T.);
#1515=ORIENTED_EDGE('',*,*,#1160,.F.);
#1516=ORIENTED_EDGE('',*,*,#1161,.T.);
#1517=ORIENTED_EDGE('',*,*,#1161,.F.);
#1518=ORIENTED_EDGE('',*,*,#1162,.F.);
#1519=ORIENTED_EDGE('',*,*,#1159,.F.);
#1520=ORIENTED_EDGE('',*,*,#1163,.T.);
#1521=ORIENTED_EDGE('',*,*,#1164,.T.);
#1522=ORIENTED_EDGE('',*,*,#1165,.T.);
#1523=ORIENTED_EDGE('',*,*,#1166,.F.);
#1524=ORIENTED_EDGE('',*,*,#1167,.T.);
#1525=ORIENTED_EDGE('',*,*,#1168,.T.);
#1526=ORIENTED_EDGE('',*,*,#1169,.T.);
#1527=ORIENTED_EDGE('',*,*,#1170,.T.);
#1528=ORIENTED_EDGE('',*,*,#1165,.F.);
#1529=ORIENTED_EDGE('',*,*,#1171,.F.);
#1530=ORIENTED_EDGE('',*,*,#1138,.F.);
#1531=ORIENTED_EDGE('',*,*,#1142,.F.);
#1532=ORIENTED_EDGE('',*,*,#1172,.T.);
#1533=ORIENTED_EDGE('',*,*,#1173,.T.);
#1534=ORIENTED_EDGE('',*,*,#1174,.T.);
#1535=ORIENTED_EDGE('',*,*,#1175,.T.);
#1536=ORIENTED_EDGE('',*,*,#1176,.F.);
#1537=ORIENTED_EDGE('',*,*,#1082,.F.);
#1538=ORIENTED_EDGE('',*,*,#1085,.F.);
#1539=ORIENTED_EDGE('',*,*,#1087,.F.);
#1540=ORIENTED_EDGE('',*,*,#1091,.F.);
#1541=ORIENTED_EDGE('',*,*,#1093,.F.);
#1542=ORIENTED_EDGE('',*,*,#1097,.F.);
#1543=ORIENTED_EDGE('',*,*,#1177,.F.);
#1544=ORIENTED_EDGE('',*,*,#1178,.T.);
#1545=ORIENTED_EDGE('',*,*,#1179,.F.);
#1546=ORIENTED_EDGE('',*,*,#1180,.F.);
#1547=ORIENTED_EDGE('',*,*,#1181,.F.);
#1548=ORIENTED_EDGE('',*,*,#1177,.T.);
#1549=ORIENTED_EDGE('',*,*,#1096,.F.);
#1550=ORIENTED_EDGE('',*,*,#1100,.F.);
#1551=ORIENTED_EDGE('',*,*,#1104,.F.);
#1552=ORIENTED_EDGE('',*,*,#1106,.F.);
#1553=ORIENTED_EDGE('',*,*,#1110,.F.);
#1554=ORIENTED_EDGE('',*,*,#1112,.F.);
#1555=ORIENTED_EDGE('',*,*,#1182,.T.);
#1556=ORIENTED_EDGE('',*,*,#1183,.T.);
#1557=ORIENTED_EDGE('',*,*,#1184,.T.);
#1558=ORIENTED_EDGE('',*,*,#1185,.T.);
#1559=ORIENTED_EDGE('',*,*,#1183,.F.);
#1560=ORIENTED_EDGE('',*,*,#1186,.F.);
#1561=ORIENTED_EDGE('',*,*,#1187,.F.);
#1562=ORIENTED_EDGE('',*,*,#1188,.F.);
#1563=ORIENTED_EDGE('',*,*,#1182,.F.);
#1564=ORIENTED_EDGE('',*,*,#1189,.T.);
#1565=ORIENTED_EDGE('',*,*,#1190,.F.);
#1566=ORIENTED_EDGE('',*,*,#1191,.T.);
#1567=ORIENTED_EDGE('',*,*,#1192,.T.);
#1568=ORIENTED_EDGE('',*,*,#1193,.T.);
#1569=ORIENTED_EDGE('',*,*,#1166,.T.);
#1570=ORIENTED_EDGE('',*,*,#1111,.T.);
#1571=ORIENTED_EDGE('',*,*,#1115,.T.);
#1572=ORIENTED_EDGE('',*,*,#1117,.T.);
#1573=ORIENTED_EDGE('',*,*,#1119,.T.);
#1574=ORIENTED_EDGE('',*,*,#1121,.F.);
#1575=ORIENTED_EDGE('',*,*,#1123,.T.);
#1576=ORIENTED_EDGE('',*,*,#1125,.T.);
#1577=ORIENTED_EDGE('',*,*,#1127,.T.);
#1578=ORIENTED_EDGE('',*,*,#1129,.F.);
#1579=ORIENTED_EDGE('',*,*,#1131,.T.);
#1580=ORIENTED_EDGE('',*,*,#1133,.T.);
#1581=ORIENTED_EDGE('',*,*,#1134,.T.);
#1582=ORIENTED_EDGE('',*,*,#1079,.F.);
#1583=ORIENTED_EDGE('',*,*,#1176,.T.);
#1584=ORIENTED_EDGE('',*,*,#1194,.T.);
#1585=ORIENTED_EDGE('',*,*,#1195,.T.);
#1586=ORIENTED_EDGE('',*,*,#1196,.T.);
#1587=ORIENTED_EDGE('',*,*,#1197,.T.);
#1588=ORIENTED_EDGE('',*,*,#1155,.T.);
#1589=ORIENTED_EDGE('',*,*,#1198,.F.);
#1590=ORIENTED_EDGE('',*,*,#1186,.T.);
#1591=ORIENTED_EDGE('',*,*,#1199,.T.);
#1592=ORIENTED_EDGE('',*,*,#1200,.T.);
#1593=ORIENTED_EDGE('',*,*,#1201,.T.);
#1594=ORIENTED_EDGE('',*,*,#1202,.F.);
#1595=ORIENTED_EDGE('',*,*,#1203,.T.);
#1596=ORIENTED_EDGE('',*,*,#1204,.T.);
#1597=ORIENTED_EDGE('',*,*,#1205,.F.);
#1598=ORIENTED_EDGE('',*,*,#1198,.T.);
#1599=ORIENTED_EDGE('',*,*,#1154,.T.);
#1600=ORIENTED_EDGE('',*,*,#1206,.T.);
#1601=ORIENTED_EDGE('',*,*,#1187,.T.);
#1602=ORIENTED_EDGE('',*,*,#1207,.T.);
#1603=ORIENTED_EDGE('',*,*,#1208,.T.);
#1604=ORIENTED_EDGE('',*,*,#1190,.T.);
#1605=ORIENTED_EDGE('',*,*,#1209,.T.);
#1606=ORIENTED_EDGE('',*,*,#1210,.T.);
#1607=ORIENTED_EDGE('',*,*,#1163,.F.);
#1608=ORIENTED_EDGE('',*,*,#1211,.F.);
#1609=ORIENTED_EDGE('',*,*,#1209,.F.);
#1610=ORIENTED_EDGE('',*,*,#1189,.F.);
#1611=ORIENTED_EDGE('',*,*,#1185,.F.);
#1612=ORIENTED_EDGE('',*,*,#1212,.F.);
#1613=ORIENTED_EDGE('',*,*,#1158,.F.);
#1614=ORIENTED_EDGE('',*,*,#1213,.F.);
#1615=ORIENTED_EDGE('',*,*,#1214,.T.);
#1616=ORIENTED_EDGE('',*,*,#1215,.T.);
#1617=ORIENTED_EDGE('',*,*,#1210,.F.);
#1618=ORIENTED_EDGE('',*,*,#1211,.T.);
#1619=ORIENTED_EDGE('',*,*,#1197,.F.);
#1620=ORIENTED_EDGE('',*,*,#1216,.T.);
#1621=ORIENTED_EDGE('',*,*,#1148,.F.);
#1622=ORIENTED_EDGE('',*,*,#1152,.F.);
#1623=ORIENTED_EDGE('',*,*,#1156,.T.);
#1624=ORIENTED_EDGE('',*,*,#1192,.F.);
#1625=ORIENTED_EDGE('',*,*,#1217,.T.);
#1626=ORIENTED_EDGE('',*,*,#1218,.T.);
#1627=ORIENTED_EDGE('',*,*,#1213,.T.);
#1628=ORIENTED_EDGE('',*,*,#1157,.T.);
#1629=ORIENTED_EDGE('',*,*,#1160,.T.);
#1630=ORIENTED_EDGE('',*,*,#1162,.T.);
#1631=ORIENTED_EDGE('',*,*,#1170,.F.);
#1632=ORIENTED_EDGE('',*,*,#1219,.T.);
#1633=ORIENTED_EDGE('',*,*,#1219,.F.);
#1634=ORIENTED_EDGE('',*,*,#1169,.F.);
#1635=ORIENTED_EDGE('',*,*,#1168,.F.);
#1636=ORIENTED_EDGE('',*,*,#1167,.F.);
#1637=ORIENTED_EDGE('',*,*,#1193,.F.);
#1638=ORIENTED_EDGE('',*,*,#1174,.F.);
#1639=ORIENTED_EDGE('',*,*,#1173,.F.);
#1640=ORIENTED_EDGE('',*,*,#1172,.F.);
#1641=ORIENTED_EDGE('',*,*,#1141,.T.);
#1642=ORIENTED_EDGE('',*,*,#1150,.F.);
#1643=ORIENTED_EDGE('',*,*,#1220,.T.);
#1644=ORIENTED_EDGE('',*,*,#1195,.F.);
#1645=ORIENTED_EDGE('',*,*,#1221,.T.);
#1646=ORIENTED_EDGE('',*,*,#1221,.F.);
#1647=ORIENTED_EDGE('',*,*,#1194,.F.);
#1648=ORIENTED_EDGE('',*,*,#1175,.F.);
#1649=ORIENTED_EDGE('',*,*,#1199,.F.);
#1650=ORIENTED_EDGE('',*,*,#1222,.T.);
#1651=ORIENTED_EDGE('',*,*,#1223,.T.);
#1652=ORIENTED_EDGE('',*,*,#1222,.F.);
#1653=ORIENTED_EDGE('',*,*,#1223,.F.);
#1654=ORIENTED_EDGE('',*,*,#1214,.F.);
#1655=ORIENTED_EDGE('',*,*,#1218,.F.);
#1656=ORIENTED_EDGE('',*,*,#1224,.T.);
#1657=ORIENTED_EDGE('',*,*,#1207,.F.);
#1658=ORIENTED_EDGE('',*,*,#1215,.F.);
#1659=ORIENTED_EDGE('',*,*,#1225,.T.);
#1660=ORIENTED_EDGE('',*,*,#1226,.T.);
#1661=ORIENTED_EDGE('',*,*,#1225,.F.);
#1662=ORIENTED_EDGE('',*,*,#1226,.F.);
#1663=ORIENTED_EDGE('',*,*,#1227,.T.);
#1664=ORIENTED_EDGE('',*,*,#1201,.F.);
#1665=ORIENTED_EDGE('',*,*,#1227,.F.);
#1666=ORIENTED_EDGE('',*,*,#1145,.F.);
#1667=ORIENTED_EDGE('',*,*,#1146,.F.);
#1668=ORIENTED_EDGE('',*,*,#1228,.T.);
#1669=ORIENTED_EDGE('',*,*,#1200,.F.);
#1670=ORIENTED_EDGE('',*,*,#1228,.F.);
#1671=ORIENTED_EDGE('',*,*,#1208,.F.);
#1672=ORIENTED_EDGE('',*,*,#1224,.F.);
#1673=ORIENTED_EDGE('',*,*,#1217,.F.);
#1674=ORIENTED_EDGE('',*,*,#1191,.F.);
#1675=ORIENTED_EDGE('',*,*,#1216,.F.);
#1676=ORIENTED_EDGE('',*,*,#1196,.F.);
#1677=ORIENTED_EDGE('',*,*,#1220,.F.);
#1678=ORIENTED_EDGE('',*,*,#1149,.F.);
#1679=ORIENTED_EDGE('',*,*,#1205,.T.);
#1680=ORIENTED_EDGE('',*,*,#1229,.F.);
#1681=ORIENTED_EDGE('',*,*,#1230,.T.);
#1682=ORIENTED_EDGE('',*,*,#1231,.T.);
#1683=ORIENTED_EDGE('',*,*,#1204,.F.);
#1684=ORIENTED_EDGE('',*,*,#1232,.F.);
#1685=ORIENTED_EDGE('',*,*,#1233,.T.);
#1686=ORIENTED_EDGE('',*,*,#1229,.T.);
#1687=ORIENTED_EDGE('',*,*,#1234,.F.);
#1688=ORIENTED_EDGE('',*,*,#1235,.T.);
#1689=ORIENTED_EDGE('',*,*,#1236,.F.);
#1690=ORIENTED_EDGE('',*,*,#1235,.F.);
#1691=ORIENTED_EDGE('',*,*,#1237,.F.);
#1692=ORIENTED_EDGE('',*,*,#1238,.F.);
#1693=ORIENTED_EDGE('',*,*,#1230,.F.);
#1694=ORIENTED_EDGE('',*,*,#1233,.F.);
#1695=ORIENTED_EDGE('',*,*,#1234,.T.);
#1696=ORIENTED_EDGE('',*,*,#1202,.T.);
#1697=ORIENTED_EDGE('',*,*,#1231,.F.);
#1698=ORIENTED_EDGE('',*,*,#1238,.T.);
#1699=ORIENTED_EDGE('',*,*,#1239,.T.);
#1700=ORIENTED_EDGE('',*,*,#1237,.T.);
#1701=ORIENTED_EDGE('',*,*,#1232,.T.);
#1702=ORIENTED_EDGE('',*,*,#1203,.F.);
#1703=ORIENTED_EDGE('',*,*,#1239,.F.);
#1704=ORIENTED_EDGE('',*,*,#1240,.T.);
#1705=ORIENTED_EDGE('',*,*,#1241,.T.);
#1706=ORIENTED_EDGE('',*,*,#1242,.T.);
#1707=ORIENTED_EDGE('',*,*,#1243,.T.);
#1708=ORIENTED_EDGE('',*,*,#1244,.T.);
#1709=ORIENTED_EDGE('',*,*,#1245,.T.);
#1710=ORIENTED_EDGE('',*,*,#1246,.T.);
#1711=ORIENTED_EDGE('',*,*,#1247,.T.);
#1712=ORIENTED_EDGE('',*,*,#1243,.F.);
#1713=ORIENTED_EDGE('',*,*,#1248,.T.);
#1714=ORIENTED_EDGE('',*,*,#1249,.T.);
#1715=ORIENTED_EDGE('',*,*,#1248,.F.);
#1716=ORIENTED_EDGE('',*,*,#1245,.F.);
#1717=ORIENTED_EDGE('',*,*,#1250,.T.);
#1718=ORIENTED_EDGE('',*,*,#1251,.T.);
#1719=ORIENTED_EDGE('',*,*,#1250,.F.);
#1720=ORIENTED_EDGE('',*,*,#1241,.F.);
#1721=ORIENTED_EDGE('',*,*,#1252,.T.);
#1722=ORIENTED_EDGE('',*,*,#1253,.T.);
#1723=ORIENTED_EDGE('',*,*,#1252,.F.);
#1724=ORIENTED_EDGE('',*,*,#1247,.F.);
#1725=ORIENTED_EDGE('',*,*,#1254,.T.);
#1726=ORIENTED_EDGE('',*,*,#1255,.T.);
#1727=ORIENTED_EDGE('',*,*,#1254,.F.);
#1728=ORIENTED_EDGE('',*,*,#1256,.F.);
#1729=ORIENTED_EDGE('',*,*,#1257,.F.);
#1730=ORIENTED_EDGE('',*,*,#1258,.T.);
#1731=ORIENTED_EDGE('',*,*,#1259,.T.);
#1732=ORIENTED_EDGE('',*,*,#1258,.F.);
#1733=ORIENTED_EDGE('',*,*,#1259,.F.);
#1734=ORIENTED_EDGE('',*,*,#1255,.F.);
#1735=ORIENTED_EDGE('',*,*,#1253,.F.);
#1736=ORIENTED_EDGE('',*,*,#1251,.F.);
#1737=ORIENTED_EDGE('',*,*,#1249,.F.);
#1738=ORIENTED_EDGE('',*,*,#1246,.F.);
#1739=ORIENTED_EDGE('',*,*,#1260,.T.);
#1740=ORIENTED_EDGE('',*,*,#1261,.F.);
#1741=ORIENTED_EDGE('',*,*,#1262,.F.);
#1742=ORIENTED_EDGE('',*,*,#1260,.F.);
#1743=ORIENTED_EDGE('',*,*,#1244,.F.);
#1744=ORIENTED_EDGE('',*,*,#1263,.T.);
#1745=ORIENTED_EDGE('',*,*,#1264,.F.);
#1746=ORIENTED_EDGE('',*,*,#1265,.F.);
#1747=ORIENTED_EDGE('',*,*,#1263,.F.);
#1748=ORIENTED_EDGE('',*,*,#1242,.F.);
#1749=ORIENTED_EDGE('',*,*,#1266,.T.);
#1750=ORIENTED_EDGE('',*,*,#1267,.F.);
#1751=ORIENTED_EDGE('',*,*,#1268,.F.);
#1752=ORIENTED_EDGE('',*,*,#1266,.F.);
#1753=ORIENTED_EDGE('',*,*,#1240,.F.);
#1754=ORIENTED_EDGE('',*,*,#1269,.T.);
#1755=ORIENTED_EDGE('',*,*,#1270,.F.);
#1756=ORIENTED_EDGE('',*,*,#1271,.F.);
#1757=ORIENTED_EDGE('',*,*,#1269,.F.);
#1758=ORIENTED_EDGE('',*,*,#1272,.T.);
#1759=ORIENTED_EDGE('',*,*,#1273,.T.);
#1760=ORIENTED_EDGE('',*,*,#1272,.F.);
#1761=ORIENTED_EDGE('',*,*,#1274,.F.);
#1762=ORIENTED_EDGE('',*,*,#1275,.F.);
#1763=ORIENTED_EDGE('',*,*,#1276,.T.);
#1764=ORIENTED_EDGE('',*,*,#1277,.T.);
#1765=ORIENTED_EDGE('',*,*,#1278,.T.);
#1766=ORIENTED_EDGE('',*,*,#1276,.F.);
#1767=ORIENTED_EDGE('',*,*,#1279,.T.);
#1768=ORIENTED_EDGE('',*,*,#1181,.T.);
#1769=ORIENTED_EDGE('',*,*,#1180,.T.);
#1770=ORIENTED_EDGE('',*,*,#1179,.T.);
#1771=ORIENTED_EDGE('',*,*,#1274,.T.);
#1772=ORIENTED_EDGE('',*,*,#1280,.T.);
#1773=ORIENTED_EDGE('',*,*,#1281,.T.);
#1774=ORIENTED_EDGE('',*,*,#1184,.F.);
#1775=ORIENTED_EDGE('',*,*,#1188,.T.);
#1776=ORIENTED_EDGE('',*,*,#1206,.F.);
#1777=ORIENTED_EDGE('',*,*,#1153,.T.);
#1778=ORIENTED_EDGE('',*,*,#1135,.F.);
#1779=ORIENTED_EDGE('',*,*,#1171,.T.);
#1780=ORIENTED_EDGE('',*,*,#1164,.F.);
#1781=ORIENTED_EDGE('',*,*,#1212,.T.);
#1782=ORIENTED_EDGE('',*,*,#1236,.T.);
#1783=ORIENTED_EDGE('',*,*,#1273,.F.);
#1784=ORIENTED_EDGE('',*,*,#1275,.T.);
#1785=ORIENTED_EDGE('',*,*,#1281,.F.);
#1786=ORIENTED_EDGE('',*,*,#1282,.T.);
#1787=ORIENTED_EDGE('',*,*,#1279,.F.);
#1788=ORIENTED_EDGE('',*,*,#1178,.F.);
#1789=ORIENTED_EDGE('',*,*,#1282,.F.);
#1790=ORIENTED_EDGE('',*,*,#1280,.F.);
#1791=ORIENTED_EDGE('',*,*,#1256,.T.);
#1792=ORIENTED_EDGE('',*,*,#1257,.T.);
#1793=ORIENTED_EDGE('',*,*,#1283,.T.);
#1794=ORIENTED_EDGE('',*,*,#1277,.F.);
#1795=ORIENTED_EDGE('',*,*,#1278,.F.);
#1796=ORIENTED_EDGE('',*,*,#1283,.F.);
#1797=ORIENTED_EDGE('',*,*,#1261,.T.);
#1798=ORIENTED_EDGE('',*,*,#1262,.T.);
#1799=ORIENTED_EDGE('',*,*,#1264,.T.);
#1800=ORIENTED_EDGE('',*,*,#1265,.T.);
#1801=ORIENTED_EDGE('',*,*,#1267,.T.);
#1802=ORIENTED_EDGE('',*,*,#1268,.T.);
#1803=ORIENTED_EDGE('',*,*,#1270,.T.);
#1804=ORIENTED_EDGE('',*,*,#1271,.T.);
#1805=ORIENTED_EDGE('',*,*,#1284,.F.);
#1806=ORIENTED_EDGE('',*,*,#1285,.T.);
#1807=ORIENTED_EDGE('',*,*,#1286,.F.);
#1808=ORIENTED_EDGE('',*,*,#1287,.F.);
#1809=ORIENTED_EDGE('',*,*,#1288,.F.);
#1810=ORIENTED_EDGE('',*,*,#1289,.T.);
#1811=ORIENTED_EDGE('',*,*,#1290,.F.);
#1812=ORIENTED_EDGE('',*,*,#1285,.F.);
#1813=ORIENTED_EDGE('',*,*,#1291,.F.);
#1814=ORIENTED_EDGE('',*,*,#1292,.T.);
#1815=ORIENTED_EDGE('',*,*,#1293,.F.);
#1816=ORIENTED_EDGE('',*,*,#1289,.F.);
#1817=ORIENTED_EDGE('',*,*,#1294,.F.);
#1818=ORIENTED_EDGE('',*,*,#1287,.T.);
#1819=ORIENTED_EDGE('',*,*,#1295,.F.);
#1820=ORIENTED_EDGE('',*,*,#1292,.F.);
#1821=ORIENTED_EDGE('',*,*,#1296,.F.);
#1822=ORIENTED_EDGE('',*,*,#1297,.T.);
#1823=ORIENTED_EDGE('',*,*,#1298,.F.);
#1824=ORIENTED_EDGE('',*,*,#1299,.F.);
#1825=ORIENTED_EDGE('',*,*,#1300,.F.);
#1826=ORIENTED_EDGE('',*,*,#1301,.T.);
#1827=ORIENTED_EDGE('',*,*,#1302,.F.);
#1828=ORIENTED_EDGE('',*,*,#1297,.F.);
#1829=ORIENTED_EDGE('',*,*,#1303,.F.);
#1830=ORIENTED_EDGE('',*,*,#1304,.T.);
#1831=ORIENTED_EDGE('',*,*,#1305,.F.);
#1832=ORIENTED_EDGE('',*,*,#1301,.F.);
#1833=ORIENTED_EDGE('',*,*,#1306,.F.);
#1834=ORIENTED_EDGE('',*,*,#1299,.T.);
#1835=ORIENTED_EDGE('',*,*,#1307,.F.);
#1836=ORIENTED_EDGE('',*,*,#1304,.F.);
#1837=ORIENTED_EDGE('',*,*,#1308,.F.);
#1838=ORIENTED_EDGE('',*,*,#1309,.T.);
#1839=ORIENTED_EDGE('',*,*,#1310,.F.);
#1840=ORIENTED_EDGE('',*,*,#1309,.F.);
#1841=ORIENTED_EDGE('',*,*,#1311,.F.);
#1842=ORIENTED_EDGE('',*,*,#1312,.T.);
#1843=ORIENTED_EDGE('',*,*,#1313,.F.);
#1844=ORIENTED_EDGE('',*,*,#1312,.F.);
#1845=ORIENTED_EDGE('',*,*,#1314,.F.);
#1846=ORIENTED_EDGE('',*,*,#1315,.T.);
#1847=ORIENTED_EDGE('',*,*,#1316,.F.);
#1848=ORIENTED_EDGE('',*,*,#1315,.F.);
#1849=ORIENTED_EDGE('',*,*,#1317,.F.);
#1850=ORIENTED_EDGE('',*,*,#1318,.T.);
#1851=ORIENTED_EDGE('',*,*,#1319,.F.);
#1852=ORIENTED_EDGE('',*,*,#1318,.F.);
#1853=ORIENTED_EDGE('',*,*,#1320,.T.);
#1854=ORIENTED_EDGE('',*,*,#1321,.T.);
#1855=ORIENTED_EDGE('',*,*,#1322,.T.);
#1856=ORIENTED_EDGE('',*,*,#1323,.T.);
#1857=ORIENTED_EDGE('',*,*,#1321,.F.);
#1858=ORIENTED_EDGE('',*,*,#1324,.F.);
#1859=ORIENTED_EDGE('',*,*,#1325,.F.);
#1860=ORIENTED_EDGE('',*,*,#1326,.T.);
#1861=ORIENTED_EDGE('',*,*,#1320,.F.);
#1862=ORIENTED_EDGE('',*,*,#1327,.T.);
#1863=ORIENTED_EDGE('',*,*,#1328,.F.);
#1864=ORIENTED_EDGE('',*,*,#1329,.T.);
#1865=ORIENTED_EDGE('',*,*,#1330,.F.);
#1866=ORIENTED_EDGE('',*,*,#1331,.T.);
#1867=ORIENTED_EDGE('',*,*,#1332,.F.);
#1868=ORIENTED_EDGE('',*,*,#1333,.T.);
#1869=ORIENTED_EDGE('',*,*,#1334,.F.);
#1870=ORIENTED_EDGE('',*,*,#1335,.T.);
#1871=ORIENTED_EDGE('',*,*,#1336,.F.);
#1872=ORIENTED_EDGE('',*,*,#1337,.T.);
#1873=ORIENTED_EDGE('',*,*,#1338,.T.);
#1874=ORIENTED_EDGE('',*,*,#1339,.T.);
#1875=ORIENTED_EDGE('',*,*,#1340,.F.);
#1876=ORIENTED_EDGE('',*,*,#1341,.T.);
#1877=ORIENTED_EDGE('',*,*,#1342,.F.);
#1878=ORIENTED_EDGE('',*,*,#1343,.T.);
#1879=ORIENTED_EDGE('',*,*,#1344,.F.);
#1880=ORIENTED_EDGE('',*,*,#1345,.T.);
#1881=ORIENTED_EDGE('',*,*,#1346,.F.);
#1882=ORIENTED_EDGE('',*,*,#1324,.T.);
#1883=ORIENTED_EDGE('',*,*,#1284,.T.);
#1884=ORIENTED_EDGE('',*,*,#1294,.T.);
#1885=ORIENTED_EDGE('',*,*,#1291,.T.);
#1886=ORIENTED_EDGE('',*,*,#1288,.T.);
#1887=ORIENTED_EDGE('',*,*,#1296,.T.);
#1888=ORIENTED_EDGE('',*,*,#1306,.T.);
#1889=ORIENTED_EDGE('',*,*,#1303,.T.);
#1890=ORIENTED_EDGE('',*,*,#1300,.T.);
#1891=ORIENTED_EDGE('',*,*,#1310,.T.);
#1892=ORIENTED_EDGE('',*,*,#1313,.T.);
#1893=ORIENTED_EDGE('',*,*,#1316,.T.);
#1894=ORIENTED_EDGE('',*,*,#1319,.T.);
#1895=ORIENTED_EDGE('',*,*,#1347,.T.);
#1896=ORIENTED_EDGE('',*,*,#1348,.T.);
#1897=ORIENTED_EDGE('',*,*,#1349,.T.);
#1898=ORIENTED_EDGE('',*,*,#1328,.T.);
#1899=ORIENTED_EDGE('',*,*,#1350,.T.);
#1900=ORIENTED_EDGE('',*,*,#1351,.T.);
#1901=ORIENTED_EDGE('',*,*,#1352,.T.);
#1902=ORIENTED_EDGE('',*,*,#1352,.F.);
#1903=ORIENTED_EDGE('',*,*,#1353,.T.);
#1904=ORIENTED_EDGE('',*,*,#1354,.F.);
#1905=ORIENTED_EDGE('',*,*,#1329,.F.);
#1906=ORIENTED_EDGE('',*,*,#1355,.F.);
#1907=ORIENTED_EDGE('',*,*,#1356,.T.);
#1908=ORIENTED_EDGE('',*,*,#1330,.T.);
#1909=ORIENTED_EDGE('',*,*,#1354,.T.);
#1910=ORIENTED_EDGE('',*,*,#1346,.T.);
#1911=ORIENTED_EDGE('',*,*,#1357,.T.);
#1912=ORIENTED_EDGE('',*,*,#1358,.F.);
#1913=ORIENTED_EDGE('',*,*,#1325,.T.);
#1914=ORIENTED_EDGE('',*,*,#1359,.F.);
#1915=ORIENTED_EDGE('',*,*,#1360,.T.);
#1916=ORIENTED_EDGE('',*,*,#1344,.T.);
#1917=ORIENTED_EDGE('',*,*,#1361,.T.);
#1918=ORIENTED_EDGE('',*,*,#1361,.F.);
#1919=ORIENTED_EDGE('',*,*,#1343,.F.);
#1920=ORIENTED_EDGE('',*,*,#1362,.F.);
#1921=ORIENTED_EDGE('',*,*,#1363,.T.);
#1922=ORIENTED_EDGE('',*,*,#1332,.T.);
#1923=ORIENTED_EDGE('',*,*,#1364,.T.);
#1924=ORIENTED_EDGE('',*,*,#1365,.F.);
#1925=ORIENTED_EDGE('',*,*,#1366,.T.);
#1926=ORIENTED_EDGE('',*,*,#1366,.F.);
#1927=ORIENTED_EDGE('',*,*,#1367,.T.);
#1928=ORIENTED_EDGE('',*,*,#1368,.F.);
#1929=ORIENTED_EDGE('',*,*,#1333,.F.);
#1930=ORIENTED_EDGE('',*,*,#1342,.T.);
#1931=ORIENTED_EDGE('',*,*,#1369,.T.);
#1932=ORIENTED_EDGE('',*,*,#1370,.T.);
#1933=ORIENTED_EDGE('',*,*,#1362,.T.);
#1934=ORIENTED_EDGE('',*,*,#1322,.F.);
#1935=ORIENTED_EDGE('',*,*,#1326,.F.);
#1936=ORIENTED_EDGE('',*,*,#1358,.T.);
#1937=ORIENTED_EDGE('',*,*,#1371,.F.);
#1938=ORIENTED_EDGE('',*,*,#1359,.T.);
#1939=ORIENTED_EDGE('',*,*,#1363,.F.);
#1940=ORIENTED_EDGE('',*,*,#1370,.F.);
#1941=ORIENTED_EDGE('',*,*,#1372,.F.);
#1942=ORIENTED_EDGE('',*,*,#1373,.F.);
#1943=ORIENTED_EDGE('',*,*,#1374,.F.);
#1944=ORIENTED_EDGE('',*,*,#1375,.F.);
#1945=ORIENTED_EDGE('',*,*,#1376,.F.);
#1946=ORIENTED_EDGE('',*,*,#1377,.F.);
#1947=ORIENTED_EDGE('',*,*,#1378,.F.);
#1948=ORIENTED_EDGE('',*,*,#1379,.F.);
#1949=ORIENTED_EDGE('',*,*,#1367,.F.);
#1950=ORIENTED_EDGE('',*,*,#1365,.T.);
#1951=ORIENTED_EDGE('',*,*,#1380,.F.);
#1952=ORIENTED_EDGE('',*,*,#1355,.T.);
#1953=ORIENTED_EDGE('',*,*,#1353,.F.);
#1954=ORIENTED_EDGE('',*,*,#1351,.F.);
#1955=ORIENTED_EDGE('',*,*,#1381,.F.);
#1956=ORIENTED_EDGE('',*,*,#1286,.T.);
#1957=ORIENTED_EDGE('',*,*,#1290,.T.);
#1958=ORIENTED_EDGE('',*,*,#1293,.T.);
#1959=ORIENTED_EDGE('',*,*,#1295,.T.);
#1960=ORIENTED_EDGE('',*,*,#1298,.T.);
#1961=ORIENTED_EDGE('',*,*,#1302,.T.);
#1962=ORIENTED_EDGE('',*,*,#1305,.T.);
#1963=ORIENTED_EDGE('',*,*,#1307,.T.);
#1964=ORIENTED_EDGE('',*,*,#1308,.T.);
#1965=ORIENTED_EDGE('',*,*,#1311,.T.);
#1966=ORIENTED_EDGE('',*,*,#1314,.T.);
#1967=ORIENTED_EDGE('',*,*,#1317,.T.);
#1968=ORIENTED_EDGE('',*,*,#1382,.F.);
#1969=ORIENTED_EDGE('',*,*,#1383,.F.);
#1970=ORIENTED_EDGE('',*,*,#1384,.F.);
#1971=ORIENTED_EDGE('',*,*,#1334,.T.);
#1972=ORIENTED_EDGE('',*,*,#1368,.T.);
#1973=ORIENTED_EDGE('',*,*,#1379,.T.);
#1974=ORIENTED_EDGE('',*,*,#1385,.T.);
#1975=ORIENTED_EDGE('',*,*,#1373,.T.);
#1976=ORIENTED_EDGE('',*,*,#1386,.T.);
#1977=ORIENTED_EDGE('',*,*,#1340,.T.);
#1978=ORIENTED_EDGE('',*,*,#1387,.T.);
#1979=ORIENTED_EDGE('',*,*,#1369,.F.);
#1980=ORIENTED_EDGE('',*,*,#1341,.F.);
#1981=ORIENTED_EDGE('',*,*,#1386,.F.);
#1982=ORIENTED_EDGE('',*,*,#1372,.T.);
#1983=ORIENTED_EDGE('',*,*,#1377,.T.);
#1984=ORIENTED_EDGE('',*,*,#1388,.T.);
#1985=ORIENTED_EDGE('',*,*,#1336,.T.);
#1986=ORIENTED_EDGE('',*,*,#1389,.T.);
#1987=ORIENTED_EDGE('',*,*,#1388,.F.);
#1988=ORIENTED_EDGE('',*,*,#1376,.T.);
#1989=ORIENTED_EDGE('',*,*,#1390,.T.);
#1990=ORIENTED_EDGE('',*,*,#1337,.F.);
#1991=ORIENTED_EDGE('',*,*,#1349,.F.);
#1992=ORIENTED_EDGE('',*,*,#1391,.T.);
#1993=ORIENTED_EDGE('',*,*,#1384,.T.);
#1994=ORIENTED_EDGE('',*,*,#1391,.F.);
#1995=ORIENTED_EDGE('',*,*,#1348,.F.);
#1996=ORIENTED_EDGE('',*,*,#1392,.T.);
#1997=ORIENTED_EDGE('',*,*,#1383,.T.);
#1998=ORIENTED_EDGE('',*,*,#1392,.F.);
#1999=ORIENTED_EDGE('',*,*,#1347,.F.);
#2000=ORIENTED_EDGE('',*,*,#1393,.T.);
#2001=ORIENTED_EDGE('',*,*,#1382,.T.);
#2002=ORIENTED_EDGE('',*,*,#1393,.F.);
#2003=ORIENTED_EDGE('',*,*,#1357,.F.);
#2004=ORIENTED_EDGE('',*,*,#1345,.F.);
#2005=ORIENTED_EDGE('',*,*,#1360,.F.);
#2006=ORIENTED_EDGE('',*,*,#1371,.T.);
#2007=ORIENTED_EDGE('',*,*,#1387,.F.);
#2008=ORIENTED_EDGE('',*,*,#1339,.F.);
#2009=ORIENTED_EDGE('',*,*,#1394,.F.);
#2010=ORIENTED_EDGE('',*,*,#1374,.T.);
#2011=ORIENTED_EDGE('',*,*,#1375,.T.);
#2012=ORIENTED_EDGE('',*,*,#1394,.T.);
#2013=ORIENTED_EDGE('',*,*,#1338,.F.);
#2014=ORIENTED_EDGE('',*,*,#1390,.F.);
#2015=ORIENTED_EDGE('',*,*,#1385,.F.);
#2016=ORIENTED_EDGE('',*,*,#1378,.T.);
#2017=ORIENTED_EDGE('',*,*,#1389,.F.);
#2018=ORIENTED_EDGE('',*,*,#1335,.F.);
#2019=ORIENTED_EDGE('',*,*,#1356,.F.);
#2020=ORIENTED_EDGE('',*,*,#1380,.T.);
#2021=ORIENTED_EDGE('',*,*,#1364,.F.);
#2022=ORIENTED_EDGE('',*,*,#1331,.F.);
#2023=ORIENTED_EDGE('',*,*,#1323,.F.);
#2024=ORIENTED_EDGE('',*,*,#1381,.T.);
#2025=ORIENTED_EDGE('',*,*,#1350,.F.);
#2026=ORIENTED_EDGE('',*,*,#1327,.F.);
#2027=B_SPLINE_SURFACE_WITH_KNOTS('',3,3,((#2927,#2928,#2929,#2930),(#2931,
#2932,#2933,#2934),(#2935,#2936,#2937,#2938),(#2939,#2940,#2941,#2942),
(#2943,#2944,#2945,#2946),(#2947,#2948,#2949,#2950)),.UNSPECIFIED.,.F.,
 .F.,.F.,(4,1,1,4),(4,4),(0.,0.285714285714286,0.571428571428571,1.),(3.01375741830463,
4.26250801045555),.UNSPECIFIED.);
#2028=B_SPLINE_SURFACE_WITH_KNOTS('',3,3,((#2980,#2981,#2982,#2983,#2984,
#2985),(#2986,#2987,#2988,#2989,#2990,#2991),(#2992,#2993,#2994,#2995,#2996,
#2997),(#2998,#2999,#3000,#3001,#3002,#3003),(#3004,#3005,#3006,#3007,#3008,
#3009),(#3010,#3011,#3012,#3013,#3014,#3015)),.UNSPECIFIED.,.F.,.F.,.F.,
(4,1,1,4),(4,1,1,4),(0.,0.285714285714286,0.571428571428571,1.),(0.,0.240036196783619,
0.400060327972698,0.560084459161778),.UNSPECIFIED.);
#2029=B_SPLINE_SURFACE_WITH_KNOTS('',3,3,((#3031,#3032,#3033,#3034),(#3035,
#3036,#3037,#3038),(#3039,#3040,#3041,#3042),(#3043,#3044,#3045,#3046),
(#3047,#3048,#3049,#3050)),.UNSPECIFIED.,.F.,.F.,.F.,(4,1,4),(4,4),(0.,
0.5,1.),(2.16379612590151E-12,0.533465341566274),.UNSPECIFIED.);
#2030=B_SPLINE_SURFACE_WITH_KNOTS('',3,3,((#3062,#3063,#3064,#3065,#3066),
(#3067,#3068,#3069,#3070,#3071),(#3072,#3073,#3074,#3075,#3076),(#3077,
#3078,#3079,#3080,#3081),(#3082,#3083,#3084,#3085,#3086),(#3087,#3088,#3089,
#3090,#3091)),.UNSPECIFIED.,.F.,.F.,.F.,(4,1,1,4),(4,1,4),(0.,0.285714285714286,
0.571428571428571,1.),(0.,0.0707034599619311,0.164974739911173),
 .UNSPECIFIED.);
#2031=B_SPLINE_SURFACE_WITH_KNOTS('',3,3,((#3105,#3106,#3107,#3108),(#3109,
#3110,#3111,#3112),(#3113,#3114,#3115,#3116),(#3117,#3118,#3119,#3120),
(#3121,#3122,#3123,#3124),(#3125,#3126,#3127,#3128)),.UNSPECIFIED.,.F.,
 .F.,.F.,(4,1,1,4),(4,4),(0.,0.285714285714286,0.571428571428571,1.),(1.57244766826785E-12,
0.104207181165355),.UNSPECIFIED.);
#2032=B_SPLINE_SURFACE_WITH_KNOTS('',3,3,((#3140,#3141,#3142,#3143,#3144,
#3145,#3146,#3147,#3148,#3149),(#3150,#3151,#3152,#3153,#3154,#3155,#3156,
#3157,#3158,#3159),(#3160,#3161,#3162,#3163,#3164,#3165,#3166,#3167,#3168,
#3169),(#3170,#3171,#3172,#3173,#3174,#3175,#3176,#3177,#3178,#3179),(#3180,
#3181,#3182,#3183,#3184,#3185,#3186,#3187,#3188,#3189),(#3190,#3191,#3192,
#3193,#3194,#3195,#3196,#3197,#3198,#3199)),.UNSPECIFIED.,.F.,.F.,.F.,(4,
1,1,4),(4,1,1,2,1,1,4),(0.,0.285714285714286,0.571428571428571,1.),(3.20651424105183,
3.52976598613369,3.69139185867462,4.01464360375648,4.17617299356952,4.33770238338255,
4.82229055282166),.UNSPECIFIED.);
#2033=B_SPLINE_SURFACE_WITH_KNOTS('',3,3,((#3233,#3234,#3235,#3236),(#3237,
#3238,#3239,#3240),(#3241,#3242,#3243,#3244),(#3245,#3246,#3247,#3248),
(#3249,#3250,#3251,#3252),(#3253,#3254,#3255,#3256)),.UNSPECIFIED.,.F.,
 .F.,.F.,(4,1,1,4),(4,4),(0.,0.285714285714286,0.571428571428571,1.),(0.,
0.105476905987969),.UNSPECIFIED.);
#2034=B_SPLINE_SURFACE_WITH_KNOTS('',3,3,((#3268,#3269,#3270,#3271,#3272),
(#3273,#3274,#3275,#3276,#3277),(#3278,#3279,#3280,#3281,#3282),(#3283,
#3284,#3285,#3286,#3287),(#3288,#3289,#3290,#3291,#3292),(#3293,#3294,#3295,
#3296,#3297)),.UNSPECIFIED.,.F.,.F.,.F.,(4,1,1,4),(4,1,4),(0.,0.285714285714286,
0.571428571428571,1.),(0.,0.0987724413660142,0.172851772390525),
 .UNSPECIFIED.);
#2035=B_SPLINE_SURFACE_WITH_KNOTS('',3,3,((#3311,#3312,#3313,#3314),(#3315,
#3316,#3317,#3318),(#3319,#3320,#3321,#3322),(#3323,#3324,#3325,#3326),
(#3327,#3328,#3329,#3330)),.UNSPECIFIED.,.F.,.F.,.F.,(4,1,4),(4,4),(0.,
0.5,1.),(0.,0.569010805995874),.UNSPECIFIED.);
#2036=B_SPLINE_SURFACE_WITH_KNOTS('',3,3,((#3342,#3343,#3344,#3345,#3346,
#3347),(#3348,#3349,#3350,#3351,#3352,#3353),(#3354,#3355,#3356,#3357,#3358,
#3359),(#3360,#3361,#3362,#3363,#3364,#3365),(#3366,#3367,#3368,#3369,#3370,
#3371),(#3372,#3373,#3374,#3375,#3376,#3377),(#3378,#3379,#3380,#3381,#3382,
#3383)),.UNSPECIFIED.,.F.,.F.,.F.,(4,1,1,1,4),(4,1,1,4),(0.,0.285714285714286,
0.571428571428571,0.785714285714286,1.),(0.,0.173657296811989,0.260485945217984,
0.607800538841962),.UNSPECIFIED.);
#2037=B_SPLINE_SURFACE_WITH_KNOTS('',3,3,((#3399,#3400,#3401,#3402),(#3403,
#3404,#3405,#3406),(#3407,#3408,#3409,#3410),(#3411,#3412,#3413,#3414),
(#3415,#3416,#3417,#3418),(#3419,#3420,#3421,#3422),(#3423,#3424,#3425,
#3426)),.UNSPECIFIED.,.F.,.F.,.F.,(4,1,1,1,4),(4,4),(0.,0.285714285714286,
0.571428571428571,0.785714285714286,1.),(1.75675928799242E-10,0.706261813332908),
 .UNSPECIFIED.);
#2038=B_SPLINE_SURFACE_WITH_KNOTS('',3,3,((#3497,#3498,#3499,#3500),(#3501,
#3502,#3503,#3504),(#3505,#3506,#3507,#3508),(#3509,#3510,#3511,#3512),
(#3513,#3514,#3515,#3516)),.UNSPECIFIED.,.F.,.F.,.F.,(4,1,4),(4,4),(0.,
0.5,1.),(-0.0423430421688977,2.40985106257125),.UNSPECIFIED.);
#2039=B_SPLINE_SURFACE_WITH_KNOTS('',3,3,((#3565,#3566,#3567,#3568),(#3569,
#3570,#3571,#3572),(#3573,#3574,#3575,#3576),(#3577,#3578,#3579,#3580),
(#3581,#3582,#3583,#3584),(#3585,#3586,#3587,#3588)),.UNSPECIFIED.,.F.,
 .F.,.F.,(4,1,1,4),(4,4),(0.,0.285714285714286,0.571428571428571,1.),(-3.7790531392277,
-3.68464375223818),.UNSPECIFIED.);
#2040=B_SPLINE_SURFACE_WITH_KNOTS('',3,3,((#3672,#3673,#3674,#3675,#3676),
(#3677,#3678,#3679,#3680,#3681),(#3682,#3683,#3684,#3685,#3686),(#3687,
#3688,#3689,#3690,#3691)),.UNSPECIFIED.,.F.,.F.,.F.,(4,4),(4,1,4),(0.,1.),
(7.78911054231528E-12,1.49409327076935,2.61466322384052),.UNSPECIFIED.);
#2041=B_SPLINE_SURFACE_WITH_KNOTS('',3,3,((#3717,#3718,#3719,#3720,#3721,
#3722,#3723,#3724,#3725,#3726),(#3727,#3728,#3729,#3730,#3731,#3732,#3733,
#3734,#3735,#3736),(#3737,#3738,#3739,#3740,#3741,#3742,#3743,#3744,#3745,
#3746),(#3747,#3748,#3749,#3750,#3751,#3752,#3753,#3754,#3755,#3756),(#3757,
#3758,#3759,#3760,#3761,#3762,#3763,#3764,#3765,#3766),(#3767,#3768,#3769,
#3770,#3771,#3772,#3773,#3774,#3775,#3776),(#3777,#3778,#3779,#3780,#3781,
#3782,#3783,#3784,#3785,#3786),(#3787,#3788,#3789,#3790,#3791,#3792,#3793,
#3794,#3795,#3796),(#3797,#3798,#3799,#3800,#3801,#3802,#3803,#3804,#3805,
#3806),(#3807,#3808,#3809,#3810,#3811,#3812,#3813,#3814,#3815,#3816),(#3817,
#3818,#3819,#3820,#3821,#3822,#3823,#3824,#3825,#3826),(#3827,#3828,#3829,
#3830,#3831,#3832,#3833,#3834,#3835,#3836),(#3837,#3838,#3839,#3840,#3841,
#3842,#3843,#3844,#3845,#3846),(#3847,#3848,#3849,#3850,#3851,#3852,#3853,
#3854,#3855,#3856),(#3857,#3858,#3859,#3860,#3861,#3862,#3863,#3864,#3865,
#3866),(#3867,#3868,#3869,#3870,#3871,#3872,#3873,#3874,#3875,#3876),(#3877,
#3878,#3879,#3880,#3881,#3882,#3883,#3884,#3885,#3886),(#3887,#3888,#3889,
#3890,#3891,#3892,#3893,#3894,#3895,#3896),(#3897,#3898,#3899,#3900,#3901,
#3902,#3903,#3904,#3905,#3906),(#3907,#3908,#3909,#3910,#3911,#3912,#3913,
#3914,#3915,#3916),(#3917,#3918,#3919,#3920,#3921,#3922,#3923,#3924,#3925,
#3926)),.UNSPECIFIED.,.T.,.F.,.F.,(4,1,1,1,1,1,1,1,1,1,1,1,1,1,1,1,1,1,
4),(4,2,1,1,1,1,4),(0.,0.0625,0.125,0.166666666666667,0.25,0.270833333333333,
0.291666666666667,0.375,0.4375,0.5,0.5625,0.625,0.708333333333333,0.729166666666667,
0.75,0.833333333333333,0.875,0.9375,1.),(0.,0.0390994114142629,0.23127952913141,
0.423459646848558,0.615639764565705,0.807819882282853,1.),.UNSPECIFIED.);
#2042=B_SPLINE_SURFACE_WITH_KNOTS('',3,3,((#4496,#4497,#4498,#4499,#4500,
#4501,#4502,#4503,#4504,#4505,#4506,#4507,#4508,#4509,#4510,#4511,#4512,
#4513,#4514,#4515,#4516),(#4517,#4518,#4519,#4520,#4521,#4522,#4523,#4524,
#4525,#4526,#4527,#4528,#4529,#4530,#4531,#4532,#4533,#4534,#4535,#4536,
#4537),(#4538,#4539,#4540,#4541,#4542,#4543,#4544,#4545,#4546,#4547,#4548,
#4549,#4550,#4551,#4552,#4553,#4554,#4555,#4556,#4557,#4558),(#4559,#4560,
#4561,#4562,#4563,#4564,#4565,#4566,#4567,#4568,#4569,#4570,#4571,#4572,
#4573,#4574,#4575,#4576,#4577,#4578,#4579),(#4580,#4581,#4582,#4583,#4584,
#4585,#4586,#4587,#4588,#4589,#4590,#4591,#4592,#4593,#4594,#4595,#4596,
#4597,#4598,#4599,#4600)),.UNSPECIFIED.,.F.,.F.,.F.,(4,1,4),(4,2,1,1,1,
1,1,1,1,1,1,1,1,1,1,2,4),(0.,0.571428571428571,1.),(-0.00517640868343788,
0.,0.704626411663435,1.40925282332687,2.1138792349903,2.46619244082202,
2.81850564665374,3.52313205831717,4.22775846998061,4.58007167581233,4.93238488164404,
5.28469808747576,5.63701129330748,6.34163770497091,6.69395091080263,7.04626411663435,
7.06199503092478),.UNSPECIFIED.);
#2043=B_SPLINE_SURFACE_WITH_KNOTS('',3,3,((#4645,#4646,#4647,#4648,#4649,
#4650,#4651,#4652),(#4653,#4654,#4655,#4656,#4657,#4658,#4659,#4660),(#4661,
#4662,#4663,#4664,#4665,#4666,#4667,#4668),(#4669,#4670,#4671,#4672,#4673,
#4674,#4675,#4676),(#4677,#4678,#4679,#4680,#4681,#4682,#4683,#4684),(#4685,
#4686,#4687,#4688,#4689,#4690,#4691,#4692),(#4693,#4694,#4695,#4696,#4697,
#4698,#4699,#4700),(#4701,#4702,#4703,#4704,#4705,#4706,#4707,#4708),(#4709,
#4710,#4711,#4712,#4713,#4714,#4715,#4716),(#4717,#4718,#4719,#4720,#4721,
#4722,#4723,#4724),(#4725,#4726,#4727,#4728,#4729,#4730,#4731,#4732),(#4733,
#4734,#4735,#4736,#4737,#4738,#4739,#4740),(#4741,#4742,#4743,#4744,#4745,
#4746,#4747,#4748),(#4749,#4750,#4751,#4752,#4753,#4754,#4755,#4756),(#4757,
#4758,#4759,#4760,#4761,#4762,#4763,#4764),(#4765,#4766,#4767,#4768,#4769,
#4770,#4771,#4772),(#4773,#4774,#4775,#4776,#4777,#4778,#4779,#4780),(#4781,
#4782,#4783,#4784,#4785,#4786,#4787,#4788),(#4789,#4790,#4791,#4792,#4793,
#4794,#4795,#4796)),.UNSPECIFIED.,.T.,.F.,.F.,(4,1,1,1,1,1,1,1,1,1,1,1,
1,1,1,1,4),(4,1,1,1,1,4),(0.,0.0625,0.125,0.208333333333333,0.25,0.291666666666667,
0.375,0.4375,0.5,0.5625,0.625,0.708333333333333,0.75,0.791666666666667,
0.875,0.9375,1.),(0.,0.142857142857143,0.285714285714286,0.571428571428571,
0.857142857142857,1.),.UNSPECIFIED.);
#2044=B_SPLINE_SURFACE_WITH_KNOTS('',3,3,((#4849,#4850,#4851,#4852,#4853,
#4854,#4855,#4856,#4857,#4858,#4859,#4860,#4861,#4862,#4863,#4864,#4865,
#4866,#4867,#4868,#4869,#4870,#4871,#4872,#4873,#4874,#4875,#4876,#4877,
#4878,#4879,#4880,#4881,#4882,#4883,#4884,#4885,#4886,#4887,#4888,#4889,
#4890,#4891,#4892,#4893,#4894,#4895,#4896,#4897,#4898,#4899,#4900),(#4901,
#4902,#4903,#4904,#4905,#4906,#4907,#4908,#4909,#4910,#4911,#4912,#4913,
#4914,#4915,#4916,#4917,#4918,#4919,#4920,#4921,#4922,#4923,#4924,#4925,
#4926,#4927,#4928,#4929,#4930,#4931,#4932,#4933,#4934,#4935,#4936,#4937,
#4938,#4939,#4940,#4941,#4942,#4943,#4944,#4945,#4946,#4947,#4948,#4949,
#4950,#4951,#4952),(#4953,#4954,#4955,#4956,#4957,#4958,#4959,#4960,#4961,
#4962,#4963,#4964,#4965,#4966,#4967,#4968,#4969,#4970,#4971,#4972,#4973,
#4974,#4975,#4976,#4977,#4978,#4979,#4980,#4981,#4982,#4983,#4984,#4985,
#4986,#4987,#4988,#4989,#4990,#4991,#4992,#4993,#4994,#4995,#4996,#4997,
#4998,#4999,#5000,#5001,#5002,#5003,#5004),(#5005,#5006,#5007,#5008,#5009,
#5010,#5011,#5012,#5013,#5014,#5015,#5016,#5017,#5018,#5019,#5020,#5021,
#5022,#5023,#5024,#5025,#5026,#5027,#5028,#5029,#5030,#5031,#5032,#5033,
#5034,#5035,#5036,#5037,#5038,#5039,#5040,#5041,#5042,#5043,#5044,#5045,
#5046,#5047,#5048,#5049,#5050,#5051,#5052,#5053,#5054,#5055,#5056)),
 .UNSPECIFIED.,.F.,.F.,.F.,(4,4),(4,1,1,1,1,1,1,1,1,1,1,1,1,1,2,1,1,1,1,
1,1,1,1,1,1,1,1,1,1,1,1,1,2,1,1,1,1,1,2,1,1,1,1,1,2,4),(0.,1.),(0.,0.0265504014912655,
0.0531008029825309,0.106201605965062,0.212403211930124,0.238953613421389,
0.265504014912655,0.29205441640392,0.305329617149553,0.318604817895186,
0.371705620877717,0.424806423860248,0.531008029825309,0.637209635790371,
0.743411241755433,1.03719621855675,1.33098119535807,1.62476617215939,1.91855114896071,
2.06544363736137,2.21233612576203,2.28578236996236,2.32250549206253,2.35922861416269,
2.43267485836302,2.50612110256335,2.54284422466352,2.57956734676368,2.65301359096401,
2.79990607936467,2.94679856776533,3.09369105616599,3.68126100976863,4.09657843781292,
4.5118958658572,4.71955457987934,4.92721329390148,5.34253072194577,5.75784814999005,
5.9983666592628,6.23888516853554,6.71992218708102,7.20095920562651,7.68199622417199,
8.16303324271748,8.16722292593459),.UNSPECIFIED.);
#2045=B_SPLINE_SURFACE_WITH_KNOTS('',3,3,((#5109,#5110,#5111,#5112,#5113,
#5114,#5115,#5116,#5117,#5118,#5119,#5120,#5121,#5122,#5123,#5124,#5125,
#5126,#5127,#5128,#5129,#5130,#5131,#5132,#5133,#5134,#5135,#5136,#5137,
#5138),(#5139,#5140,#5141,#5142,#5143,#5144,#5145,#5146,#5147,#5148,#5149,
#5150,#5151,#5152,#5153,#5154,#5155,#5156,#5157,#5158,#5159,#5160,#5161,
#5162,#5163,#5164,#5165,#5166,#5167,#5168),(#5169,#5170,#5171,#5172,#5173,
#5174,#5175,#5176,#5177,#5178,#5179,#5180,#5181,#5182,#5183,#5184,#5185,
#5186,#5187,#5188,#5189,#5190,#5191,#5192,#5193,#5194,#5195,#5196,#5197,
#5198),(#5199,#5200,#5201,#5202,#5203,#5204,#5205,#5206,#5207,#5208,#5209,
#5210,#5211,#5212,#5213,#5214,#5215,#5216,#5217,#5218,#5219,#5220,#5221,
#5222,#5223,#5224,#5225,#5226,#5227,#5228)),.UNSPECIFIED.,.F.,.F.,.F.,(4,
4),(4,2,1,1,1,1,1,1,1,1,1,1,1,1,1,1,1,1,1,1,1,1,1,1,2,4),(0.,1.),(-0.0076056841704185,
0.,0.0925719638223457,0.185143927644691,0.370287855289383,0.617146425482305,
0.740575710578766,0.786861692489939,0.833147674401112,0.856290665356698,
0.879433656312285,0.902576647267871,0.925719638223457,0.948862629179044,
0.97200562013463,1.0182916020458,1.11086356586815,1.23429285096461,1.35772213606107,
1.48115142115753,1.66629534880222,1.75886731262457,1.80515329453574,1.82829628549133,
1.85143927644691,1.85353033777644),.UNSPECIFIED.);
#2046=B_SPLINE_SURFACE_WITH_KNOTS('',3,3,((#5265,#5266,#5267,#5268),(#5269,
#5270,#5271,#5272),(#5273,#5274,#5275,#5276),(#5277,#5278,#5279,#5280),
(#5281,#5282,#5283,#5284),(#5285,#5286,#5287,#5288),(#5289,#5290,#5291,
#5292),(#5293,#5294,#5295,#5296),(#5297,#5298,#5299,#5300),(#5301,#5302,
#5303,#5304),(#5305,#5306,#5307,#5308),(#5309,#5310,#5311,#5312),(#5313,
#5314,#5315,#5316),(#5317,#5318,#5319,#5320),(#5321,#5322,#5323,#5324),
(#5325,#5326,#5327,#5328),(#5329,#5330,#5331,#5332),(#5333,#5334,#5335,
#5336)),.UNSPECIFIED.,.T.,.F.,.F.,(4,1,1,1,1,1,1,1,1,1,1,1,1,1,1,4),(4,
4),(0.,0.0714285714285714,0.142857142857143,0.19047619047619,0.238095238095238,
0.285714285714286,0.333333333333333,0.428571428571429,0.523809523809524,
0.571428571428571,0.619047619047619,0.714285714285714,0.785714285714286,
0.857142857142857,0.928571428571429,1.),(0.,1.),.UNSPECIFIED.);
#2047=B_SPLINE_SURFACE_WITH_KNOTS('',3,3,((#5338,#5339,#5340,#5341,#5342,
#5343,#5344,#5345,#5346,#5347,#5348,#5349,#5350,#5351,#5352,#5353,#5354,
#5355),(#5356,#5357,#5358,#5359,#5360,#5361,#5362,#5363,#5364,#5365,#5366,
#5367,#5368,#5369,#5370,#5371,#5372,#5373),(#5374,#5375,#5376,#5377,#5378,
#5379,#5380,#5381,#5382,#5383,#5384,#5385,#5386,#5387,#5388,#5389,#5390,
#5391),(#5392,#5393,#5394,#5395,#5396,#5397,#5398,#5399,#5400,#5401,#5402,
#5403,#5404,#5405,#5406,#5407,#5408,#5409),(#5410,#5411,#5412,#5413,#5414,
#5415,#5416,#5417,#5418,#5419,#5420,#5421,#5422,#5423,#5424,#5425,#5426,
#5427),(#5428,#5429,#5430,#5431,#5432,#5433,#5434,#5435,#5436,#5437,#5438,
#5439,#5440,#5441,#5442,#5443,#5444,#5445),(#5446,#5447,#5448,#5449,#5450,
#5451,#5452,#5453,#5454,#5455,#5456,#5457,#5458,#5459,#5460,#5461,#5462,
#5463),(#5464,#5465,#5466,#5467,#5468,#5469,#5470,#5471,#5472,#5473,#5474,
#5475,#5476,#5477,#5478,#5479,#5480,#5481),(#5482,#5483,#5484,#5485,#5486,
#5487,#5488,#5489,#5490,#5491,#5492,#5493,#5494,#5495,#5496,#5497,#5498,
#5499),(#5500,#5501,#5502,#5503,#5504,#5505,#5506,#5507,#5508,#5509,#5510,
#5511,#5512,#5513,#5514,#5515,#5516,#5517),(#5518,#5519,#5520,#5521,#5522,
#5523,#5524,#5525,#5526,#5527,#5528,#5529,#5530,#5531,#5532,#5533,#5534,
#5535),(#5536,#5537,#5538,#5539,#5540,#5541,#5542,#5543,#5544,#5545,#5546,
#5547,#5548,#5549,#5550,#5551,#5552,#5553),(#5554,#5555,#5556,#5557,#5558,
#5559,#5560,#5561,#5562,#5563,#5564,#5565,#5566,#5567,#5568,#5569,#5570,
#5571),(#5572,#5573,#5574,#5575,#5576,#5577,#5578,#5579,#5580,#5581,#5582,
#5583,#5584,#5585,#5586,#5587,#5588,#5589),(#5590,#5591,#5592,#5593,#5594,
#5595,#5596,#5597,#5598,#5599,#5600,#5601,#5602,#5603,#5604,#5605,#5606,
#5607),(#5608,#5609,#5610,#5611,#5612,#5613,#5614,#5615,#5616,#5617,#5618,
#5619,#5620,#5621,#5622,#5623,#5624,#5625),(#5626,#5627,#5628,#5629,#5630,
#5631,#5632,#5633,#5634,#5635,#5636,#5637,#5638,#5639,#5640,#5641,#5642,
#5643),(#5644,#5645,#5646,#5647,#5648,#5649,#5650,#5651,#5652,#5653,#5654,
#5655,#5656,#5657,#5658,#5659,#5660,#5661),(#5662,#5663,#5664,#5665,#5666,
#5667,#5668,#5669,#5670,#5671,#5672,#5673,#5674,#5675,#5676,#5677,#5678,
#5679),(#5680,#5681,#5682,#5683,#5684,#5685,#5686,#5687,#5688,#5689,#5690,
#5691,#5692,#5693,#5694,#5695,#5696,#5697),(#5698,#5699,#5700,#5701,#5702,
#5703,#5704,#5705,#5706,#5707,#5708,#5709,#5710,#5711,#5712,#5713,#5714,
#5715),(#5716,#5717,#5718,#5719,#5720,#5721,#5722,#5723,#5724,#5725,#5726,
#5727,#5728,#5729,#5730,#5731,#5732,#5733),(#5734,#5735,#5736,#5737,#5738,
#5739,#5740,#5741,#5742,#5743,#5744,#5745,#5746,#5747,#5748,#5749,#5750,
#5751),(#5752,#5753,#5754,#5755,#5756,#5757,#5758,#5759,#5760,#5761,#5762,
#5763,#5764,#5765,#5766,#5767,#5768,#5769),(#5770,#5771,#5772,#5773,#5774,
#5775,#5776,#5777,#5778,#5779,#5780,#5781,#5782,#5783,#5784,#5785,#5786,
#5787),(#5788,#5789,#5790,#5791,#5792,#5793,#5794,#5795,#5796,#5797,#5798,
#5799,#5800,#5801,#5802,#5803,#5804,#5805),(#5806,#5807,#5808,#5809,#5810,
#5811,#5812,#5813,#5814,#5815,#5816,#5817,#5818,#5819,#5820,#5821,#5822,
#5823),(#5824,#5825,#5826,#5827,#5828,#5829,#5830,#5831,#5832,#5833,#5834,
#5835,#5836,#5837,#5838,#5839,#5840,#5841),(#5842,#5843,#5844,#5845,#5846,
#5847,#5848,#5849,#5850,#5851,#5852,#5853,#5854,#5855,#5856,#5857,#5858,
#5859),(#5860,#5861,#5862,#5863,#5864,#5865,#5866,#5867,#5868,#5869,#5870,
#5871,#5872,#5873,#5874,#5875,#5876,#5877)),.UNSPECIFIED.,.T.,.F.,.F.,(4,
1,1,1,2,1,1,1,2,1,1,2,1,1,2,1,1,1,2,1,1,1,4),(4,1,1,2,1,2,1,1,2,1,1,1,4),
(0.,0.0553996758077905,0.110799351615581,0.166199027423372,0.221598703231162,
0.247119279355326,0.272639855479489,0.298160431603653,0.323681007727816,
0.367760755795862,0.411840503863908,0.5,0.588159496136092,0.632239244204137,
0.676318992272183,0.701839568396332,0.72736014452048,0.752880720644629,
0.778401296768778,0.833800972576583,0.889200648384389,0.944600324192194,
1.),(0.,0.148761837359616,0.27788175501537,0.320203079382629,0.390819153732282,
0.499999999999983,0.609133715761744,0.722717283247431,0.732682444676246,
0.811182996339255,0.850433272170759,0.900288848113839,1.),.UNSPECIFIED.);
#2048=ADVANCED_FACE('',(#428),#2027,.F.);
#2049=ADVANCED_FACE('',(#429),#2028,.F.);
#2050=ADVANCED_FACE('',(#430),#2029,.F.);
#2051=ADVANCED_FACE('',(#431),#2030,.F.);
#2052=ADVANCED_FACE('',(#432),#2031,.F.);
#2053=ADVANCED_FACE('',(#433),#2032,.F.);
#2054=ADVANCED_FACE('',(#434),#2033,.F.);
#2055=ADVANCED_FACE('',(#435),#2034,.F.);
#2056=ADVANCED_FACE('',(#436),#2035,.F.);
#2057=ADVANCED_FACE('',(#437),#2036,.F.);
#2058=ADVANCED_FACE('',(#438),#2037,.F.);
#2059=ADVANCED_FACE('',(#439),#383,.F.);
#2060=ADVANCED_FACE('',(#440),#57,.F.);
#2061=ADVANCED_FACE('',(#441),#384,.F.);
#2062=ADVANCED_FACE('',(#442),#58,.T.);
#2063=ADVANCED_FACE('',(#443),#385,.F.);
#2064=ADVANCED_FACE('',(#444),#59,.F.);
#2065=ADVANCED_FACE('',(#445),#386,.F.);
#2066=ADVANCED_FACE('',(#446),#60,.T.);
#2067=ADVANCED_FACE('',(#447),#387,.F.);
#2068=ADVANCED_FACE('',(#448),#61,.F.);
#2069=ADVANCED_FACE('',(#449),#388,.F.);
#2070=ADVANCED_FACE('',(#450),#2038,.T.);
#2071=ADVANCED_FACE('',(#451),#55,.F.);
#2072=ADVANCED_FACE('',(#452),#2039,.T.);
#2073=ADVANCED_FACE('',(#453),#389,.F.);
#2074=ADVANCED_FACE('',(#454),#62,.F.);
#2075=ADVANCED_FACE('',(#455),#390,.T.);
#2076=ADVANCED_FACE('',(#456),#56,.F.);
#2077=ADVANCED_FACE('',(#457),#2040,.T.);
#2078=ADVANCED_FACE('',(#458),#2041,.T.);
#2079=ADVANCED_FACE('',(#459),#63,.T.);
#2080=ADVANCED_FACE('',(#460),#391,.T.);
#2081=ADVANCED_FACE('',(#461,#17,#18,#19,#20),#392,.T.);
#2082=ADVANCED_FACE('',(#462),#64,.T.);
#2083=ADVANCED_FACE('',(#463),#65,.F.);
#2084=ADVANCED_FACE('',(#464),#393,.T.);
#2085=ADVANCED_FACE('',(#465),#66,.F.);
#2086=ADVANCED_FACE('',(#466),#67,.F.);
#2087=ADVANCED_FACE('',(#467),#68,.F.);
#2088=ADVANCED_FACE('',(#468),#394,.T.);
#2089=ADVANCED_FACE('',(#469),#69,.F.);
#2090=ADVANCED_FACE('',(#470),#395,.T.);
#2091=ADVANCED_FACE('',(#471),#70,.F.);
#2092=ADVANCED_FACE('',(#472),#396,.T.);
#2093=ADVANCED_FACE('',(#473),#397,.F.);
#2094=ADVANCED_FACE('',(#474),#71,.F.);
#2095=ADVANCED_FACE('',(#475),#72,.F.);
#2096=ADVANCED_FACE('',(#476),#73,.T.);
#2097=ADVANCED_FACE('',(#477),#74,.T.);
#2098=ADVANCED_FACE('',(#478),#398,.F.);
#2099=ADVANCED_FACE('',(#479),#399,.T.);
#2100=ADVANCED_FACE('',(#480),#75,.F.);
#2101=ADVANCED_FACE('',(#481,#21),#400,.F.);
#2102=ADVANCED_FACE('',(#482),#401,.T.);
#2103=ADVANCED_FACE('',(#483),#402,.T.);
#2104=ADVANCED_FACE('',(#484,#22),#403,.T.);
#2105=ADVANCED_FACE('',(#485,#23),#404,.T.);
#2106=ADVANCED_FACE('',(#486,#24),#405,.T.);
#2107=ADVANCED_FACE('',(#487,#25),#406,.T.);
#2108=ADVANCED_FACE('',(#488),#76,.F.);
#2109=ADVANCED_FACE('',(#489),#77,.F.);
#2110=ADVANCED_FACE('',(#490),#78,.F.);
#2111=ADVANCED_FACE('',(#491),#79,.F.);
#2112=ADVANCED_FACE('',(#492),#80,.T.);
#2113=ADVANCED_FACE('',(#493,#26,#27,#28,#29),#407,.F.);
#2114=ADVANCED_FACE('',(#494),#81,.F.);
#2115=ADVANCED_FACE('',(#495),#82,.F.);
#2116=ADVANCED_FACE('',(#496),#83,.F.);
#2117=ADVANCED_FACE('',(#497),#84,.F.);
#2118=ADVANCED_FACE('',(#498),#2042,.T.);
#2119=ADVANCED_FACE('',(#499),#2043,.F.);
#2120=ADVANCED_FACE('',(#500),#2044,.F.);
#2121=ADVANCED_FACE('',(#501),#2045,.F.);
#2122=ADVANCED_FACE('',(#502,#30),#408,.T.);
#2123=ADVANCED_FACE('',(#503),#2046,.T.);
#2124=ADVANCED_FACE('',(#504,#31,#32,#33,#34),#2047,.T.);
#2125=ADVANCED_FACE('',(#505),#409,.F.);
#2126=ADVANCED_FACE('',(#506),#410,.F.);
#2127=ADVANCED_FACE('',(#507),#411,.F.);
#2128=ADVANCED_FACE('',(#508),#412,.F.);
#2129=ADVANCED_FACE('',(#509),#413,.F.);
#2130=ADVANCED_FACE('',(#510),#414,.F.);
#2131=ADVANCED_FACE('',(#511),#415,.F.);
#2132=ADVANCED_FACE('',(#512),#416,.F.);
#2133=ADVANCED_FACE('',(#513),#85,.F.);
#2134=ADVANCED_FACE('',(#514),#86,.F.);
#2135=ADVANCED_FACE('',(#515),#87,.F.);
#2136=ADVANCED_FACE('',(#516),#88,.F.);
#2137=ADVANCED_FACE('',(#517),#89,.T.);
#2138=ADVANCED_FACE('',(#518),#417,.T.);
#2139=ADVANCED_FACE('',(#519,#35,#36,#37,#38,#39,#40,#41,#42,#43),#418,
 .T.);
#2140=ADVANCED_FACE('',(#520),#90,.T.);
#2141=ADVANCED_FACE('',(#521),#419,.T.);
#2142=ADVANCED_FACE('',(#522),#91,.F.);
#2143=ADVANCED_FACE('',(#523),#92,.F.);
#2144=ADVANCED_FACE('',(#524),#93,.F.);
#2145=ADVANCED_FACE('',(#525),#420,.T.);
#2146=ADVANCED_FACE('',(#526),#94,.F.);
#2147=ADVANCED_FACE('',(#527),#421,.T.);
#2148=ADVANCED_FACE('',(#528),#95,.T.);
#2149=ADVANCED_FACE('',(#529,#44,#45,#46,#47,#48,#49,#50,#51,#52),#422,
 .F.);
#2150=ADVANCED_FACE('',(#530),#96,.T.);
#2151=ADVANCED_FACE('',(#531),#97,.F.);
#2152=ADVANCED_FACE('',(#532),#423,.T.);
#2153=ADVANCED_FACE('',(#533),#98,.F.);
#2154=ADVANCED_FACE('',(#534),#424,.T.);
#2155=ADVANCED_FACE('',(#535),#99,.F.);
#2156=ADVANCED_FACE('',(#536),#100,.F.);
#2157=ADVANCED_FACE('',(#537),#101,.F.);
#2158=ADVANCED_FACE('',(#538),#102,.T.);
#2159=ADVANCED_FACE('',(#539),#425,.T.);
#2160=ADVANCED_FACE('',(#540),#103,.T.);
#2161=ADVANCED_FACE('',(#541),#426,.T.);
#2162=ADVANCED_FACE('',(#542),#104,.T.);
#2163=ADVANCED_FACE('',(#543),#427,.T.);
#2164=CLOSED_SHELL('',(#2048,#2049,#2050,#2051,#2052,#2053,#2054,#2055,
#2056,#2057,#2058,#2059,#2060,#2061,#2062,#2063,#2064,#2065,#2066,#2067,
#2068,#2069,#2070,#2071,#2072,#2073,#2074,#2075,#2076,#2077,#2078,#2079,
#2080,#2081,#2082,#2083,#2084,#2085,#2086,#2087,#2088,#2089,#2090,#2091,
#2092,#2093,#2094,#2095,#2096,#2097,#2098,#2099,#2100,#2101,#2102,#2103,
#2104,#2105,#2106,#2107,#2108,#2109,#2110,#2111,#2112,#2113,#2114,#2115,
#2116,#2117,#2118,#2119,#2120,#2121,#2122,#2123,#2124));
#2165=CLOSED_SHELL('',(#2125,#2126,#2127,#2128,#2129,#2130,#2131,#2132,
#2133,#2134,#2135,#2136,#2137,#2138,#2139,#2140,#2141,#2142,#2143,#2144,
#2145,#2146,#2147,#2148,#2149,#2150,#2151,#2152,#2153,#2154,#2155,#2156,
#2157,#2158,#2159,#2160,#2161,#2162,#2163));
#2166=DERIVED_UNIT_ELEMENT(#2168,1.);
#2167=DERIVED_UNIT_ELEMENT(#6144,-3.);
#2168=(
MASS_UNIT()
NAMED_UNIT(*)
SI_UNIT(.KILO.,.GRAM.)
);
#2169=DERIVED_UNIT((#2166,#2167));
#2170=MEASURE_REPRESENTATION_ITEM('density measure',
POSITIVE_RATIO_MEASURE(7850.),#2169);
#2171=PROPERTY_DEFINITION_REPRESENTATION(#2176,#2173);
#2172=PROPERTY_DEFINITION_REPRESENTATION(#2177,#2174);
#2173=REPRESENTATION('material name',(#2175),#6141);
#2174=REPRESENTATION('density',(#2170),#6141);
#2175=DESCRIPTIVE_REPRESENTATION_ITEM('Steel','Steel');
#2176=PROPERTY_DEFINITION('material property','material name',#6151);
#2177=PROPERTY_DEFINITION('material property','density of part',#6151);
#2178=AXIS2_PLACEMENT_3D('',#2926,#2381,#2382);
#2179=AXIS2_PLACEMENT_3D('',#2975,#2383,#2384);
#2180=AXIS2_PLACEMENT_3D('',#3024,#2385,#2386);
#2181=AXIS2_PLACEMENT_3D('',#3053,#2387,#2388);
#2182=AXIS2_PLACEMENT_3D('',#3099,#2389,#2390);
#2183=AXIS2_PLACEMENT_3D('',#3131,#2391,#2392);
#2184=AXIS2_PLACEMENT_3D('',#3202,#2393,#2394);
#2185=AXIS2_PLACEMENT_3D('',#3259,#2395,#2396);
#2186=AXIS2_PLACEMENT_3D('',#3305,#2397,#2398);
#2187=AXIS2_PLACEMENT_3D('',#3333,#2399,#2400);
#2188=AXIS2_PLACEMENT_3D('',#3392,#2401,#2402);
#2189=AXIS2_PLACEMENT_3D('',#3455,#2403,#2404);
#2190=AXIS2_PLACEMENT_3D('',#3459,#2407,#2408);
#2191=AXIS2_PLACEMENT_3D('',#3462,#2410,#2411);
#2192=AXIS2_PLACEMENT_3D('',#3463,#2412,#2413);
#2193=AXIS2_PLACEMENT_3D('',#3467,#2416,#2417);
#2194=AXIS2_PLACEMENT_3D('',#3470,#2419,#2420);
#2195=AXIS2_PLACEMENT_3D('',#3471,#2421,#2422);
#2196=AXIS2_PLACEMENT_3D('',#3475,#2425,#2426);
#2197=AXIS2_PLACEMENT_3D('',#3478,#2428,#2429);
#2198=AXIS2_PLACEMENT_3D('',#3479,#2430,#2431);
#2199=AXIS2_PLACEMENT_3D('',#3483,#2434,#2435);
#2200=AXIS2_PLACEMENT_3D('',#3486,#2437,#2438);
#2201=AXIS2_PLACEMENT_3D('',#3487,#2439,#2440);
#2202=AXIS2_PLACEMENT_3D('',#3491,#2443,#2444);
#2203=AXIS2_PLACEMENT_3D('',#3494,#2446,#2447);
#2204=AXIS2_PLACEMENT_3D('',#3495,#2448,#2449);
#2205=AXIS2_PLACEMENT_3D('',#3556,#2451,#2452);
#2206=AXIS2_PLACEMENT_3D('',#3561,#2453,#2454);
#2207=AXIS2_PLACEMENT_3D('',#3563,#2455,#2456);
#2208=AXIS2_PLACEMENT_3D('',#3564,#2457,#2458);
#2209=AXIS2_PLACEMENT_3D('',#3613,#2459,#2460);
#2210=AXIS2_PLACEMENT_3D('',#3617,#2462,#2463);
#2211=AXIS2_PLACEMENT_3D('',#3618,#2464,#2465);
#2212=AXIS2_PLACEMENT_3D('',#3622,#2467,#2468);
#2213=AXIS2_PLACEMENT_3D('',#3624,#2469,#2470);
#2214=AXIS2_PLACEMENT_3D('',#3625,#2471,#2472);
#2215=AXIS2_PLACEMENT_3D('',#3626,#2473,#2474);
#2216=AXIS2_PLACEMENT_3D('',#3637,#2476,#2477);
#2217=AXIS2_PLACEMENT_3D('',#3645,#2482,#2483);
#2218=AXIS2_PLACEMENT_3D('',#3663,#2484,#2485);
#2219=AXIS2_PLACEMENT_3D('',#3665,#2486,#2487);
#2220=AXIS2_PLACEMENT_3D('',#3671,#2488,#2489);
#2221=AXIS2_PLACEMENT_3D('',#3961,#2490,#2491);
#2222=AXIS2_PLACEMENT_3D('',#4001,#2492,#2493);
#2223=AXIS2_PLACEMENT_3D('',#4064,#2494,#2495);
#2224=AXIS2_PLACEMENT_3D('',#4067,#2496,#2497);
#2225=AXIS2_PLACEMENT_3D('',#4071,#2499,#2500);
#2226=AXIS2_PLACEMENT_3D('',#4073,#2502,#2503);
#2227=AXIS2_PLACEMENT_3D('',#4079,#2507,#2508);
#2228=AXIS2_PLACEMENT_3D('',#4083,#2510,#2511);
#2229=AXIS2_PLACEMENT_3D('',#4085,#2512,#2513);
#2230=AXIS2_PLACEMENT_3D('',#4087,#2514,#2515);
#2231=AXIS2_PLACEMENT_3D('',#4092,#2518,#2519);
#2232=AXIS2_PLACEMENT_3D('',#4094,#2520,#2521);
#2233=AXIS2_PLACEMENT_3D('',#4095,#2522,#2523);
#2234=AXIS2_PLACEMENT_3D('',#4096,#2524,#2525);
#2235=AXIS2_PLACEMENT_3D('',#4098,#2526,#2527);
#2236=AXIS2_PLACEMENT_3D('',#4100,#2528,#2529);
#2237=AXIS2_PLACEMENT_3D('',#4102,#2530,#2531);
#2238=AXIS2_PLACEMENT_3D('',#4111,#2536,#2537);
#2239=AXIS2_PLACEMENT_3D('',#4112,#2538,#2539);
#2240=AXIS2_PLACEMENT_3D('',#4113,#2540,#2541);
#2241=AXIS2_PLACEMENT_3D('',#4116,#2542,#2543);
#2242=AXIS2_PLACEMENT_3D('',#4128,#2546,#2547);
#2243=AXIS2_PLACEMENT_3D('',#4131,#2550,#2551);
#2244=AXIS2_PLACEMENT_3D('',#4144,#2554,#2555);
#2245=AXIS2_PLACEMENT_3D('',#4146,#2557,#2558);
#2246=AXIS2_PLACEMENT_3D('',#4149,#2560,#2561);
#2247=AXIS2_PLACEMENT_3D('',#4151,#2563,#2564);
#2248=AXIS2_PLACEMENT_3D('',#4152,#2565,#2566);
#2249=AXIS2_PLACEMENT_3D('',#4155,#2569,#2570);
#2250=AXIS2_PLACEMENT_3D('',#4156,#2571,#2572);
#2251=AXIS2_PLACEMENT_3D('',#4159,#2574,#2575);
#2252=AXIS2_PLACEMENT_3D('',#4160,#2576,#2577);
#2253=AXIS2_PLACEMENT_3D('',#4161,#2578,#2579);
#2254=AXIS2_PLACEMENT_3D('',#4162,#2580,#2581);
#2255=AXIS2_PLACEMENT_3D('',#4164,#2582,#2583);
#2256=AXIS2_PLACEMENT_3D('',#4165,#2584,#2585);
#2257=AXIS2_PLACEMENT_3D('',#4166,#2586,#2587);
#2258=AXIS2_PLACEMENT_3D('',#4168,#2589,#2590);
#2259=AXIS2_PLACEMENT_3D('',#4170,#2592,#2593);
#2260=AXIS2_PLACEMENT_3D('',#4171,#2594,#2595);
#2261=AXIS2_PLACEMENT_3D('',#4172,#2596,#2597);
#2262=AXIS2_PLACEMENT_3D('',#4178,#2601,#2602);
#2263=AXIS2_PLACEMENT_3D('',#4182,#2605,#2606);
#2264=AXIS2_PLACEMENT_3D('',#4184,#2607,#2608);
#2265=AXIS2_PLACEMENT_3D('',#4187,#2610,#2611);
#2266=AXIS2_PLACEMENT_3D('',#4188,#2612,#2613);
#2267=AXIS2_PLACEMENT_3D('',#4192,#2616,#2617);
#2268=AXIS2_PLACEMENT_3D('',#4194,#2619,#2620);
#2269=AXIS2_PLACEMENT_3D('',#4195,#2621,#2622);
#2270=AXIS2_PLACEMENT_3D('',#4197,#2623,#2624);
#2271=AXIS2_PLACEMENT_3D('',#4199,#2625,#2626);
#2272=AXIS2_PLACEMENT_3D('',#4200,#2627,#2628);
#2273=AXIS2_PLACEMENT_3D('',#4202,#2629,#2630);
#2274=AXIS2_PLACEMENT_3D('',#4204,#2631,#2632);
#2275=AXIS2_PLACEMENT_3D('',#4205,#2633,#2634);
#2276=AXIS2_PLACEMENT_3D('',#4207,#2635,#2636);
#2277=AXIS2_PLACEMENT_3D('',#4209,#2637,#2638);
#2278=AXIS2_PLACEMENT_3D('',#4210,#2639,#2640);
#2279=AXIS2_PLACEMENT_3D('',#4212,#2641,#2642);
#2280=AXIS2_PLACEMENT_3D('',#4214,#2643,#2644);
#2281=AXIS2_PLACEMENT_3D('',#4215,#2645,#2646);
#2282=AXIS2_PLACEMENT_3D('',#4218,#2648,#2649);
#2283=AXIS2_PLACEMENT_3D('',#4219,#2650,#2651);
#2284=AXIS2_PLACEMENT_3D('',#4222,#2653,#2654);
#2285=AXIS2_PLACEMENT_3D('',#4223,#2655,#2656);
#2286=AXIS2_PLACEMENT_3D('',#4226,#2658,#2659);
#2287=AXIS2_PLACEMENT_3D('',#4227,#2660,#2661);
#2288=AXIS2_PLACEMENT_3D('',#4230,#2663,#2664);
#2289=AXIS2_PLACEMENT_3D('',#4231,#2665,#2666);
#2290=AXIS2_PLACEMENT_3D('',#4234,#2667,#2668);
#2291=AXIS2_PLACEMENT_3D('',#4235,#2669,#2670);
#2292=AXIS2_PLACEMENT_3D('',#4238,#2672,#2673);
#2293=AXIS2_PLACEMENT_3D('',#4239,#2674,#2675);
#2294=AXIS2_PLACEMENT_3D('',#4240,#2676,#2677);
#2295=AXIS2_PLACEMENT_3D('',#4350,#2679,#2680);
#2296=AXIS2_PLACEMENT_3D('',#4401,#2682,#2683);
#2297=AXIS2_PLACEMENT_3D('',#4452,#2685,#2686);
#2298=AXIS2_PLACEMENT_3D('',#4828,#2688,#2689);
#2299=AXIS2_PLACEMENT_3D('',#4847,#2690,#2691);
#2300=AXIS2_PLACEMENT_3D('',#4848,#2692,#2693);
#2301=AXIS2_PLACEMENT_3D('',#5264,#2694,#2695);
#2302=AXIS2_PLACEMENT_3D('',#5915,#2697,#2698);
#2303=AXIS2_PLACEMENT_3D('',#5924,#2703,#2704);
#2304=AXIS2_PLACEMENT_3D('',#5930,#2708,#2709);
#2305=AXIS2_PLACEMENT_3D('',#5936,#2713,#2714);
#2306=AXIS2_PLACEMENT_3D('',#5939,#2717,#2718);
#2307=AXIS2_PLACEMENT_3D('',#5948,#2723,#2724);
#2308=AXIS2_PLACEMENT_3D('',#5954,#2728,#2729);
#2309=AXIS2_PLACEMENT_3D('',#5960,#2733,#2734);
#2310=AXIS2_PLACEMENT_3D('',#5963,#2737,#2738);
#2311=AXIS2_PLACEMENT_3D('',#5965,#2739,#2740);
#2312=AXIS2_PLACEMENT_3D('',#5968,#2742,#2743);
#2313=AXIS2_PLACEMENT_3D('',#5969,#2744,#2745);
#2314=AXIS2_PLACEMENT_3D('',#5971,#2746,#2747);
#2315=AXIS2_PLACEMENT_3D('',#5974,#2749,#2750);
#2316=AXIS2_PLACEMENT_3D('',#5975,#2751,#2752);
#2317=AXIS2_PLACEMENT_3D('',#5977,#2753,#2754);
#2318=AXIS2_PLACEMENT_3D('',#5980,#2756,#2757);
#2319=AXIS2_PLACEMENT_3D('',#5981,#2758,#2759);
#2320=AXIS2_PLACEMENT_3D('',#5983,#2760,#2761);
#2321=AXIS2_PLACEMENT_3D('',#5986,#2763,#2764);
#2322=AXIS2_PLACEMENT_3D('',#5987,#2765,#2766);
#2323=AXIS2_PLACEMENT_3D('',#5990,#2767,#2768);
#2324=AXIS2_PLACEMENT_3D('',#5994,#2770,#2771);
#2325=AXIS2_PLACEMENT_3D('',#5996,#2773,#2774);
#2326=AXIS2_PLACEMENT_3D('',#6002,#2778,#2779);
#2327=AXIS2_PLACEMENT_3D('',#6006,#2781,#2782);
#2328=AXIS2_PLACEMENT_3D('',#6010,#2784,#2785);
#2329=AXIS2_PLACEMENT_3D('',#6012,#2786,#2787);
#2330=AXIS2_PLACEMENT_3D('',#6014,#2788,#2789);
#2331=AXIS2_PLACEMENT_3D('',#6018,#2791,#2792);
#2332=AXIS2_PLACEMENT_3D('',#6022,#2794,#2795);
#2333=AXIS2_PLACEMENT_3D('',#6026,#2797,#2798);
#2334=AXIS2_PLACEMENT_3D('',#6030,#2800,#2801);
#2335=AXIS2_PLACEMENT_3D('',#6034,#2803,#2804);
#2336=AXIS2_PLACEMENT_3D('',#6038,#2806,#2807);
#2337=AXIS2_PLACEMENT_3D('',#6040,#2808,#2809);
#2338=AXIS2_PLACEMENT_3D('',#6041,#2810,#2811);
#2339=AXIS2_PLACEMENT_3D('',#6043,#2812,#2813);
#2340=AXIS2_PLACEMENT_3D('',#6045,#2814,#2815);
#2341=AXIS2_PLACEMENT_3D('',#6047,#2816,#2817);
#2342=AXIS2_PLACEMENT_3D('',#6048,#2818,#2819);
#2343=AXIS2_PLACEMENT_3D('',#6052,#2821,#2822);
#2344=AXIS2_PLACEMENT_3D('',#6054,#2824,#2825);
#2345=AXIS2_PLACEMENT_3D('',#6058,#2828,#2829);
#2346=AXIS2_PLACEMENT_3D('',#6060,#2830,#2831);
#2347=AXIS2_PLACEMENT_3D('',#6062,#2833,#2834);
#2348=AXIS2_PLACEMENT_3D('',#6065,#2836,#2837);
#2349=AXIS2_PLACEMENT_3D('',#6066,#2838,#2839);
#2350=AXIS2_PLACEMENT_3D('',#6069,#2840,#2841);
#2351=AXIS2_PLACEMENT_3D('',#6072,#2844,#2845);
#2352=AXIS2_PLACEMENT_3D('',#6076,#2848,#2849);
#2353=AXIS2_PLACEMENT_3D('',#6080,#2851,#2852);
#2354=AXIS2_PLACEMENT_3D('',#6082,#2854,#2855);
#2355=AXIS2_PLACEMENT_3D('',#6086,#2858,#2859);
#2356=AXIS2_PLACEMENT_3D('',#6089,#2861,#2862);
#2357=AXIS2_PLACEMENT_3D('',#6090,#2863,#2864);
#2358=AXIS2_PLACEMENT_3D('',#6091,#2865,#2866);
#2359=AXIS2_PLACEMENT_3D('',#6095,#2868,#2869);
#2360=AXIS2_PLACEMENT_3D('',#6099,#2871,#2872);
#2361=AXIS2_PLACEMENT_3D('',#6103,#2874,#2875);
#2362=AXIS2_PLACEMENT_3D('',#6106,#2877,#2878);
#2363=AXIS2_PLACEMENT_3D('',#6107,#2879,#2880);
#2364=AXIS2_PLACEMENT_3D('',#6110,#2882,#2883);
#2365=AXIS2_PLACEMENT_3D('',#6112,#2884,#2885);
#2366=AXIS2_PLACEMENT_3D('',#6114,#2886,#2887);
#2367=AXIS2_PLACEMENT_3D('',#6115,#2888,#2889);
#2368=AXIS2_PLACEMENT_3D('',#6117,#2891,#2892);
#2369=AXIS2_PLACEMENT_3D('',#6120,#2895,#2896);
#2370=AXIS2_PLACEMENT_3D('',#6121,#2897,#2898);
#2371=AXIS2_PLACEMENT_3D('',#6124,#2901,#2902);
#2372=AXIS2_PLACEMENT_3D('',#6126,#2904,#2905);
#2373=AXIS2_PLACEMENT_3D('',#6128,#2907,#2908);
#2374=AXIS2_PLACEMENT_3D('',#6130,#2910,#2911);
#2375=AXIS2_PLACEMENT_3D('',#6132,#2913,#2914);
#2376=AXIS2_PLACEMENT_3D('',#6133,#2915,#2916);
#2377=AXIS2_PLACEMENT_3D('',#6135,#2918,#2919);
#2378=AXIS2_PLACEMENT_3D('',#6136,#2920,#2921);
#2379=AXIS2_PLACEMENT_3D('',#6137,#2922,#2923);
#2380=AXIS2_PLACEMENT_3D('',#6138,#2924,#2925);
#2381=DIRECTION('axis',(0.,0.,1.));
#2382=DIRECTION('refdir',(1.,0.,0.));
#2383=DIRECTION('center_axis',(-0.354136992796348,0.766065714582512,0.536404988114713));
#2384=DIRECTION('ref_axis',(0.,-0.573576436351068,0.819152044288976));
#2385=DIRECTION('center_axis',(-0.469096352700803,0.506552305217539,-0.723431665025524));
#2386=DIRECTION('ref_axis',(-8.88178419700107E-15,0.819152044295871,0.573576436341222));
#2387=DIRECTION('center_axis',(-0.207790660802973,0.561057166234122,-0.801272673626401));
#2388=DIRECTION('ref_axis',(0.,0.819152044289248,0.573576436350681));
#2389=DIRECTION('center_axis',(-0.290863026460096,0.783735763620982,0.548777689652112));
#2390=DIRECTION('ref_axis',(0.,-0.573576436351156,0.819152044288915));
#2391=DIRECTION('center_axis',(-0.271548553494687,0.788372194485186,0.552024153509206));
#2392=DIRECTION('ref_axis',(-8.88178419700148E-15,-0.573576436362028,0.819152044281302));
#2393=DIRECTION('center_axis',(0.309368061317168,-0.778966391372312,-0.54543813925069));
#2394=DIRECTION('ref_axis',(-3.46389583683062E-13,0.5735764363508,-0.819152044289164));
#2395=DIRECTION('center_axis',(0.326622137049828,-0.774225652802463,-0.542118638428531));
#2396=DIRECTION('ref_axis',(0.,0.573576436394291,-0.819152044258711));
#2397=DIRECTION('center_axis',(0.363124180807688,0.534424540250768,-0.763237341913052));
#2398=DIRECTION('ref_axis',(0.,0.819152044288938,0.573576436351123));
#2399=DIRECTION('center_axis',(0.574542687186467,0.46945775473842,-0.670455156678293));
#2400=DIRECTION('ref_axis',(0.,0.819152044288586,0.573576436351626));
#2401=DIRECTION('center_axis',(0.430128287792805,-0.739504068619048,-0.517806323383855));
#2402=DIRECTION('ref_axis',(0.,0.573576436351081,-0.819152044288967));
#2403=DIRECTION('center_axis',(0.,-0.573576436351048,0.819152044288991));
#2404=DIRECTION('ref_axis',(0.,-0.819152044288991,-0.573576436351048));
#2405=DIRECTION('',(1.,0.,0.));
#2406=DIRECTION('',(0.,-0.819152044288991,-0.573576436351048));
#2407=DIRECTION('center_axis',(1.,0.,0.));
#2408=DIRECTION('ref_axis',(0.,-0.984807753012219,0.173648177666868));
#2409=DIRECTION('',(-1.,0.,0.));
#2410=DIRECTION('center_axis',(1.,0.,0.));
#2411=DIRECTION('ref_axis',(0.,-0.984807753012219,0.173648177666868));
#2412=DIRECTION('center_axis',(0.,-0.819152044288927,-0.573576436351138));
#2413=DIRECTION('ref_axis',(0.,0.573576436351138,-0.819152044288927));
#2414=DIRECTION('',(1.,0.,0.));
#2415=DIRECTION('',(0.,0.573576436351138,-0.819152044288927));
#2416=DIRECTION('center_axis',(1.,0.,0.));
#2417=DIRECTION('ref_axis',(0.,0.984807753012234,-0.173648177666781));
#2418=DIRECTION('',(-1.,0.,0.));
#2419=DIRECTION('center_axis',(-1.,0.,0.));
#2420=DIRECTION('ref_axis',(0.,0.984807753012234,-0.173648177666781));
#2421=DIRECTION('center_axis',(0.,-0.573576436351161,0.819152044288911));
#2422=DIRECTION('ref_axis',(0.,-0.819152044288911,-0.573576436351161));
#2423=DIRECTION('',(1.,0.,0.));
#2424=DIRECTION('',(0.,-0.819152044288911,-0.573576436351161));
#2425=DIRECTION('center_axis',(1.,0.,0.));
#2426=DIRECTION('ref_axis',(0.,-0.573576436351144,0.819152044288924));
#2427=DIRECTION('',(1.,0.,0.));
#2428=DIRECTION('center_axis',(1.,0.,0.));
#2429=DIRECTION('ref_axis',(0.,-0.573576436351144,0.819152044288924));
#2430=DIRECTION('center_axis',(0.,0.573576436351162,-0.819152044288911));
#2431=DIRECTION('ref_axis',(0.,0.819152044288911,0.573576436351162));
#2432=DIRECTION('',(1.,0.,0.));
#2433=DIRECTION('',(0.,0.819152044288911,0.573576436351162));
#2434=DIRECTION('center_axis',(1.,0.,0.));
#2435=DIRECTION('ref_axis',(0.,0.173648177666807,0.98480775301223));
#2436=DIRECTION('',(-1.,0.,0.));
#2437=DIRECTION('center_axis',(-1.,0.,0.));
#2438=DIRECTION('ref_axis',(0.,0.173648177666807,0.98480775301223));
#2439=DIRECTION('center_axis',(0.,-0.819152044288928,-0.573576436351137));
#2440=DIRECTION('ref_axis',(0.,0.573576436351137,-0.819152044288928));
#2441=DIRECTION('',(1.,0.,0.));
#2442=DIRECTION('',(0.,0.573576436351137,-0.819152044288928));
#2443=DIRECTION('center_axis',(1.,0.,0.));
#2444=DIRECTION('ref_axis',(0.,-0.173648177666884,-0.984807753012216));
#2445=DIRECTION('',(-1.,0.,0.));
#2446=DIRECTION('center_axis',(1.,0.,0.));
#2447=DIRECTION('ref_axis',(0.,-0.173648177666884,-0.984807753012216));
#2448=DIRECTION('center_axis',(0.,0.573576436351042,-0.819152044288995));
#2449=DIRECTION('ref_axis',(0.,0.819152044288995,0.573576436351042));
#2450=DIRECTION('',(0.,0.819152044288995,0.573576436351042));
#2451=DIRECTION('center_axis',(0.745510101535006,-0.545960190829239,-0.382285441181019));
#2452=DIRECTION('ref_axis',(-1.77635683940023E-14,-0.573576436351037,0.819152044288998));
#2453=DIRECTION('center_axis',(0.,0.,1.));
#2454=DIRECTION('ref_axis',(1.,0.,0.));
#2455=DIRECTION('center_axis',(0.,-0.0731686961950913,-0.997319578619166));
#2456=DIRECTION('ref_axis',(1.,0.,0.));
#2457=DIRECTION('center_axis',(0.,0.819152044288994,0.573576436351043));
#2458=DIRECTION('ref_axis',(0.707106781186549,-0.405579787672636,0.579227965339569));
#2459=DIRECTION('center_axis',(1.,0.,0.));
#2460=DIRECTION('ref_axis',(0.,1.,0.));
#2461=DIRECTION('',(0.,-0.819152044288994,-0.573576436351043));
#2462=DIRECTION('center_axis',(1.,0.,0.));
#2463=DIRECTION('ref_axis',(0.,1.,0.));
#2464=DIRECTION('center_axis',(1.,0.,0.));
#2465=DIRECTION('ref_axis',(0.,1.,0.));
#2466=DIRECTION('',(0.,0.819152044288994,0.573576436351043));
#2467=DIRECTION('center_axis',(-1.,0.,0.));
#2468=DIRECTION('ref_axis',(0.,0.573576436351043,-0.819152044288994));
#2469=DIRECTION('center_axis',(-1.,0.,0.));
#2470=DIRECTION('ref_axis',(0.,-0.819152044288867,-0.573576436351224));
#2471=DIRECTION('center_axis',(-1.,0.,0.));
#2472=DIRECTION('ref_axis',(0.,0.573576436351041,-0.819152044288995));
#2473=DIRECTION('center_axis',(0.,-0.819152044288994,-0.573576436351043));
#2474=DIRECTION('ref_axis',(0.707106781186548,-0.405579787672636,0.579227965339571));
#2475=DIRECTION('',(0.,0.819152044288994,0.573576436351043));
#2476=DIRECTION('center_axis',(0.,0.573576436351043,-0.819152044288994));
#2477=DIRECTION('ref_axis',(0.,0.819152044288994,0.573576436351043));
#2478=DIRECTION('',(0.,-0.819152044288994,-0.573576436351043));
#2479=DIRECTION('',(-1.,0.,0.));
#2480=DIRECTION('',(0.,0.819152044288994,0.573576436351043));
#2481=DIRECTION('',(1.,0.,0.));
#2482=DIRECTION('center_axis',(0.,0.,1.));
#2483=DIRECTION('ref_axis',(1.,0.,0.));
#2484=DIRECTION('center_axis',(0.,0.819152044288991,0.573576436351047));
#2485=DIRECTION('ref_axis',(0.707106781186547,0.405579787672644,-0.579227965339567));
#2486=DIRECTION('center_axis',(-0.674760127242205,0.604564604613424,0.42332069348509));
#2487=DIRECTION('ref_axis',(0.,0.573576436351045,-0.819152044288992));
#2488=DIRECTION('center_axis',(0.,-1.,0.));
#2489=DIRECTION('ref_axis',(-1.,0.,0.));
#2490=DIRECTION('center_axis',(-1.,0.,0.));
#2491=DIRECTION('ref_axis',(4.93432455388958E-17,-1.,2.96059473233375E-16));
#2492=DIRECTION('center_axis',(1.18423790175677E-15,0.573576436351046,0.819152044288992));
#2493=DIRECTION('ref_axis',(-1.4608537023345E-32,0.819152044288992,-0.573576436351046));
#2494=DIRECTION('center_axis',(1.,0.,0.));
#2495=DIRECTION('ref_axis',(0.,0.173648177666935,0.984807753012207));
#2496=DIRECTION('center_axis',(-1.,0.,0.));
#2497=DIRECTION('ref_axis',(0.,0.173648177666935,0.984807753012207));
#2498=DIRECTION('',(-1.,0.,0.));
#2499=DIRECTION('center_axis',(1.,0.,0.));
#2500=DIRECTION('ref_axis',(0.,0.173648177666935,0.984807753012207));
#2501=DIRECTION('',(1.,0.,0.));
#2502=DIRECTION('center_axis',(0.,0.819152044288992,0.573576436351046));
#2503=DIRECTION('ref_axis',(0.,-0.573576436351046,0.819152044288992));
#2504=DIRECTION('',(0.,-0.573576436351046,0.819152044288992));
#2505=DIRECTION('',(1.,0.,0.));
#2506=DIRECTION('',(0.,0.573576436351046,-0.819152044288992));
#2507=DIRECTION('center_axis',(1.,0.,0.));
#2508=DIRECTION('ref_axis',(0.,0.,-1.));
#2509=DIRECTION('',(0.,-0.819152044288991,-0.573576436351047));
#2510=DIRECTION('center_axis',(1.,0.,0.));
#2511=DIRECTION('ref_axis',(0.,-0.573576436351047,0.819152044288991));
#2512=DIRECTION('center_axis',(1.,0.,0.));
#2513=DIRECTION('ref_axis',(0.,0.819152044288991,0.573576436351047));
#2514=DIRECTION('center_axis',(1.,0.,0.));
#2515=DIRECTION('ref_axis',(0.,-0.573576436351049,0.81915204428899));
#2516=DIRECTION('',(0.,-0.819152044288991,-0.573576436351048));
#2517=DIRECTION('',(0.,0.819152044288995,0.573576436351042));
#2518=DIRECTION('center_axis',(1.,0.,0.));
#2519=DIRECTION('ref_axis',(0.,0.573576436351041,-0.819152044288995));
#2520=DIRECTION('center_axis',(1.,0.,0.));
#2521=DIRECTION('ref_axis',(0.,-0.819152044288867,-0.573576436351224));
#2522=DIRECTION('center_axis',(1.,0.,0.));
#2523=DIRECTION('ref_axis',(0.,0.573576436351043,-0.819152044288994));
#2524=DIRECTION('center_axis',(-1.,0.,0.));
#2525=DIRECTION('ref_axis',(0.,0.984807753012207,-0.173648177666936));
#2526=DIRECTION('center_axis',(-1.,0.,0.));
#2527=DIRECTION('ref_axis',(0.,1.,0.));
#2528=DIRECTION('center_axis',(-1.,0.,0.));
#2529=DIRECTION('ref_axis',(0.,1.,0.));
#2530=DIRECTION('center_axis',(-1.,0.,0.));
#2531=DIRECTION('ref_axis',(0.,1.,0.));
#2532=DIRECTION('',(0.,-0.819152044288991,-0.573576436351048));
#2533=DIRECTION('',(0.,0.573576436351046,-0.819152044288992));
#2534=DIRECTION('',(0.,-0.819152044288994,-0.573576436351043));
#2535=DIRECTION('',(0.,0.573576436351137,-0.819152044288928));
#2536=DIRECTION('center_axis',(1.,0.,0.));
#2537=DIRECTION('ref_axis',(0.,0.984807753012207,-0.173648177666936));
#2538=DIRECTION('center_axis',(1.,0.,0.));
#2539=DIRECTION('ref_axis',(0.,0.984807753012207,-0.173648177666936));
#2540=DIRECTION('center_axis',(-1.,0.,0.));
#2541=DIRECTION('ref_axis',(0.,-0.573576436351047,0.819152044288991));
#2542=DIRECTION('center_axis',(-1.,0.,0.));
#2543=DIRECTION('ref_axis',(0.,-0.573576436351047,0.819152044288991));
#2544=DIRECTION('',(1.,0.,0.));
#2545=DIRECTION('',(-1.,0.,0.));
#2546=DIRECTION('center_axis',(0.,-0.573576436351047,0.819152044288991));
#2547=DIRECTION('ref_axis',(0.,-0.819152044288991,-0.573576436351047));
#2548=DIRECTION('',(0.,-0.819152044288991,-0.573576436351047));
#2549=DIRECTION('',(0.,0.819152044288991,0.573576436351047));
#2550=DIRECTION('center_axis',(0.,0.819152044288991,0.573576436351047));
#2551=DIRECTION('ref_axis',(0.707106781186546,0.405579787672641,-0.579227965339569));
#2552=DIRECTION('',(0.,0.819152044288991,0.573576436351047));
#2553=DIRECTION('',(0.,0.819152044288991,0.573576436351047));
#2554=DIRECTION('center_axis',(1.,0.,0.));
#2555=DIRECTION('ref_axis',(0.,0.573576436351043,-0.819152044288994));
#2556=DIRECTION('',(-1.,0.,0.));
#2557=DIRECTION('center_axis',(1.,0.,0.));
#2558=DIRECTION('ref_axis',(0.,0.95729689287086,-0.2891066566162));
#2559=DIRECTION('',(-1.,0.,0.));
#2560=DIRECTION('center_axis',(-1.,0.,0.));
#2561=DIRECTION('ref_axis',(0.,-0.573576436351049,0.81915204428899));
#2562=DIRECTION('',(1.,0.,0.));
#2563=DIRECTION('center_axis',(0.,-0.573576436351048,0.819152044288991));
#2564=DIRECTION('ref_axis',(0.,0.819152044288991,0.573576436351048));
#2565=DIRECTION('center_axis',(-1.,0.,0.));
#2566=DIRECTION('ref_axis',(0.,0.0557434299681485,0.998445126191413));
#2567=DIRECTION('',(1.,0.,0.));
#2568=DIRECTION('',(-1.,0.,0.));
#2569=DIRECTION('center_axis',(0.,0.573576436351042,-0.819152044288995));
#2570=DIRECTION('ref_axis',(0.,-0.819152044288995,-0.573576436351042));
#2571=DIRECTION('center_axis',(-1.,0.,0.));
#2572=DIRECTION('ref_axis',(0.,1.,0.));
#2573=DIRECTION('',(-1.,0.,0.));
#2574=DIRECTION('center_axis',(-1.,0.,0.));
#2575=DIRECTION('ref_axis',(0.,1.,0.));
#2576=DIRECTION('center_axis',(1.,0.,0.));
#2577=DIRECTION('ref_axis',(0.,1.,0.));
#2578=DIRECTION('center_axis',(1.,0.,0.));
#2579=DIRECTION('ref_axis',(0.,1.,0.));
#2580=DIRECTION('center_axis',(-1.,0.,0.));
#2581=DIRECTION('ref_axis',(0.,0.819152044288991,0.573576436351047));
#2582=DIRECTION('center_axis',(1.,0.,0.));
#2583=DIRECTION('ref_axis',(0.,1.,0.));
#2584=DIRECTION('center_axis',(1.,0.,0.));
#2585=DIRECTION('ref_axis',(0.,1.,0.));
#2586=DIRECTION('center_axis',(-1.,0.,0.));
#2587=DIRECTION('ref_axis',(0.,1.,0.));
#2588=DIRECTION('',(1.,0.,0.));
#2589=DIRECTION('center_axis',(-1.,0.,0.));
#2590=DIRECTION('ref_axis',(0.,1.,0.));
#2591=DIRECTION('',(1.,0.,0.));
#2592=DIRECTION('center_axis',(-1.,0.,0.));
#2593=DIRECTION('ref_axis',(0.,0.819152044288991,0.573576436351047));
#2594=DIRECTION('center_axis',(-1.,0.,0.));
#2595=DIRECTION('ref_axis',(0.,-0.819152044288867,-0.573576436351224));
#2596=DIRECTION('center_axis',(0.,-0.819152044288928,-0.573576436351137));
#2597=DIRECTION('ref_axis',(0.,0.573576436351137,-0.819152044288928));
#2598=DIRECTION('',(1.,0.,0.));
#2599=DIRECTION('',(0.,-0.573576436351137,0.819152044288928));
#2600=DIRECTION('',(1.,0.,0.));
#2601=DIRECTION('center_axis',(0.,-0.573576436351043,0.819152044288994));
#2602=DIRECTION('ref_axis',(0.,-0.819152044288994,-0.573576436351043));
#2603=DIRECTION('',(1.,0.,0.));
#2604=DIRECTION('',(0.,-0.819152044288994,-0.573576436351043));
#2605=DIRECTION('center_axis',(1.,0.,0.));
#2606=DIRECTION('ref_axis',(0.,-1.,0.));
#2607=DIRECTION('center_axis',(-1.,0.,0.));
#2608=DIRECTION('ref_axis',(0.,-1.,0.));
#2609=DIRECTION('',(-1.,0.,0.));
#2610=DIRECTION('center_axis',(1.,0.,0.));
#2611=DIRECTION('ref_axis',(0.,-1.,0.));
#2612=DIRECTION('center_axis',(-1.,0.,0.));
#2613=DIRECTION('ref_axis',(0.,-1.,0.));
#2614=DIRECTION('',(0.,0.573576436351046,-0.819152044288992));
#2615=DIRECTION('',(0.,0.819152044288991,0.573576436351048));
#2616=DIRECTION('center_axis',(0.,0.573576436351048,-0.819152044288991));
#2617=DIRECTION('ref_axis',(0.,0.819152044288991,0.573576436351047));
#2618=DIRECTION('',(1.,0.,0.));
#2619=DIRECTION('center_axis',(0.,-0.819152044288992,-0.573576436351046));
#2620=DIRECTION('ref_axis',(0.,0.573576436351046,-0.819152044288992));
#2621=DIRECTION('center_axis',(-1.,1.22464679914735E-16,-8.85402862138562E-15));
#2622=DIRECTION('ref_axis',(-1.22464679914735E-16,-1.,8.73074629139876E-46));
#2623=DIRECTION('center_axis',(-1.,-7.7302277550101E-60,5.41617814098837E-105));
#2624=DIRECTION('ref_axis',(-1.19853621976579E-16,-1.,2.31908531325614E-32));
#2625=DIRECTION('center_axis',(1.,-1.22464679914735E-16,8.85402862138562E-15));
#2626=DIRECTION('ref_axis',(-1.22464679914735E-16,-1.,8.21981859782279E-46));
#2627=DIRECTION('center_axis',(-1.,1.22464679914735E-16,-8.85402862138562E-15));
#2628=DIRECTION('ref_axis',(-1.22464679914735E-16,-1.,8.73074629139876E-46));
#2629=DIRECTION('center_axis',(-1.,-7.7302277550101E-60,5.41617814098837E-105));
#2630=DIRECTION('ref_axis',(-1.26161707343768E-16,-1.,-3.28361997950676E-32));
#2631=DIRECTION('center_axis',(1.,-1.22464679914735E-16,8.85402862138562E-15));
#2632=DIRECTION('ref_axis',(-1.22464679914735E-16,-1.,8.21981859782279E-46));
#2633=DIRECTION('center_axis',(-1.,1.22464679914735E-16,-8.85402862138562E-15));
#2634=DIRECTION('ref_axis',(-1.22464679914735E-16,-1.,8.73074629139876E-46));
#2635=DIRECTION('center_axis',(-1.,-7.7302277550101E-60,5.41617814098837E-105));
#2636=DIRECTION('ref_axis',(-1.19853621976579E-16,-1.,2.31908531325612E-32));
#2637=DIRECTION('center_axis',(1.,-1.22464679914735E-16,8.85402862138562E-15));
#2638=DIRECTION('ref_axis',(-1.22464679914735E-16,-1.,8.21981859782279E-46));
#2639=DIRECTION('center_axis',(-1.,1.22464679914735E-16,-8.85402862138562E-15));
#2640=DIRECTION('ref_axis',(-1.22464679914735E-16,-1.,8.73074629139876E-46));
#2641=DIRECTION('center_axis',(-1.,-7.7302277550101E-60,5.41617814098837E-105));
#2642=DIRECTION('ref_axis',(-1.19853621976579E-16,-1.,2.3190853132561E-32));
#2643=DIRECTION('center_axis',(1.,-1.22464679914735E-16,8.85402862138562E-15));
#2644=DIRECTION('ref_axis',(-1.22464679914735E-16,-1.,8.21981859782279E-46));
#2645=DIRECTION('center_axis',(-1.,1.38777878078145E-16,-8.88178419700128E-15));
#2646=DIRECTION('ref_axis',(-1.38777878078145E-16,-1.,-1.44890305650329E-31));
#2647=DIRECTION('',(1.,-1.38777878078145E-16,8.88178419700128E-15));
#2648=DIRECTION('center_axis',(1.,-1.22464679914735E-16,8.85402862138562E-15));
#2649=DIRECTION('ref_axis',(-1.22464679914735E-16,-1.,8.21981859782279E-46));
#2650=DIRECTION('center_axis',(-1.,1.38777878078145E-16,-8.88178419700128E-15));
#2651=DIRECTION('ref_axis',(-1.38777878078145E-16,-1.,-1.44890305650329E-31));
#2652=DIRECTION('',(1.,-1.38777878078145E-16,8.88178419700128E-15));
#2653=DIRECTION('center_axis',(1.,-1.22464679914735E-16,8.85402862138562E-15));
#2654=DIRECTION('ref_axis',(-1.22464679914735E-16,-1.,8.21981859782279E-46));
#2655=DIRECTION('center_axis',(-1.,1.38777878078145E-16,-8.88178419700128E-15));
#2656=DIRECTION('ref_axis',(-1.38777878078145E-16,-1.,-1.44890305650329E-31));
#2657=DIRECTION('',(1.,-1.38777878078145E-16,8.88178419700128E-15));
#2658=DIRECTION('center_axis',(1.,-1.22464679914735E-16,8.85402862138562E-15));
#2659=DIRECTION('ref_axis',(-1.22464679914735E-16,-1.,8.21981859782279E-46));
#2660=DIRECTION('center_axis',(-1.,1.38777878078145E-16,-8.88178419700128E-15));
#2661=DIRECTION('ref_axis',(-1.38777878078145E-16,-1.,-1.44890305650329E-31));
#2662=DIRECTION('',(1.,-1.38777878078145E-16,8.88178419700128E-15));
#2663=DIRECTION('center_axis',(1.,-1.22464679914735E-16,8.85402862138562E-15));
#2664=DIRECTION('ref_axis',(-1.22464679914735E-16,-1.,8.21981859782279E-46));
#2665=DIRECTION('center_axis',(-1.,1.38777878078145E-16,-8.88178419700128E-15));
#2666=DIRECTION('ref_axis',(-1.38777878078145E-16,-1.,-1.44890305650329E-31));
#2667=DIRECTION('center_axis',(-1.,-7.7302277550101E-60,5.41617814098837E-105));
#2668=DIRECTION('ref_axis',(7.7302277550101E-60,-1.,0.));
#2669=DIRECTION('center_axis',(-1.,-7.7302277550101E-60,5.41617814098837E-105));
#2670=DIRECTION('ref_axis',(7.7302277550101E-60,-1.,0.));
#2671=DIRECTION('',(1.,-1.38777878078145E-16,8.88178419700128E-15));
#2672=DIRECTION('center_axis',(-1.,1.22464679914735E-16,-8.85402862138562E-15));
#2673=DIRECTION('ref_axis',(-1.22464679914735E-16,-1.,8.73074629139876E-46));
#2674=DIRECTION('center_axis',(-1.,1.22464679914735E-16,-8.85402862138562E-15));
#2675=DIRECTION('ref_axis',(-1.22464679914735E-16,-1.,8.73074629139876E-46));
#2676=DIRECTION('center_axis',(-1.,1.19853621976579E-16,-8.88178419700125E-15));
#2677=DIRECTION('ref_axis',(-1.19853621976579E-16,-1.,2.3190853132561E-32));
#2678=DIRECTION('',(-1.,1.19853621976579E-16,-8.88178419700125E-15));
#2679=DIRECTION('center_axis',(-1.,1.19853621976579E-16,-8.88178419700125E-15));
#2680=DIRECTION('ref_axis',(-1.19853621976579E-16,-1.,2.31908531325612E-32));
#2681=DIRECTION('',(-1.,1.19853621976579E-16,-8.88178419700125E-15));
#2682=DIRECTION('center_axis',(-1.,1.26161707343768E-16,-8.88178419700125E-15));
#2683=DIRECTION('ref_axis',(-1.26161707343768E-16,-1.,-3.28361997950676E-32));
#2684=DIRECTION('',(-1.,1.26161707343768E-16,-8.88178419700125E-15));
#2685=DIRECTION('center_axis',(-1.,1.19853621976579E-16,-8.88178419700125E-15));
#2686=DIRECTION('ref_axis',(-1.19853621976579E-16,-1.,2.31908531325614E-32));
#2687=DIRECTION('',(-1.,1.19853621976579E-16,-8.88178419700125E-15));
#2688=DIRECTION('center_axis',(0.,0.,1.));
#2689=DIRECTION('ref_axis',(1.03859525705755E-16,1.,0.));
#2690=DIRECTION('center_axis',(1.,5.73366274741993E-31,0.));
#2691=DIRECTION('ref_axis',(2.15494630479019E-31,-1.,-1.40241938705958E-30));
#2692=DIRECTION('center_axis',(1.,5.73366274741993E-31,0.));
#2693=DIRECTION('ref_axis',(2.15494630479019E-31,-1.,-1.40241938705958E-30));
#2694=DIRECTION('center_axis',(-1.,0.,0.));
#2695=DIRECTION('ref_axis',(0.,0.,1.));
#2696=DIRECTION('',(5.92118946466498E-16,0.573576436350936,0.819152044289069));
#2697=DIRECTION('center_axis',(0.,-0.573576436351094,0.819152044288958));
#2698=DIRECTION('ref_axis',(0.,0.819152044288958,0.573576436351094));
#2699=DIRECTION('',(0.,0.819152044288958,0.573576436351094));
#2700=DIRECTION('',(-1.,0.,0.));
#2701=DIRECTION('',(0.,-0.819152044288958,-0.573576436351094));
#2702=DIRECTION('',(-1.,0.,0.));
#2703=DIRECTION('center_axis',(0.,-0.819152044288959,-0.573576436351093));
#2704=DIRECTION('ref_axis',(0.,-0.573576436351093,0.819152044288959));
#2705=DIRECTION('',(0.,-0.573576436351093,0.819152044288959));
#2706=DIRECTION('',(-1.,0.,0.));
#2707=DIRECTION('',(0.,0.573576436351093,-0.819152044288959));
#2708=DIRECTION('center_axis',(0.,0.5735764363511,-0.819152044288954));
#2709=DIRECTION('ref_axis',(0.,-0.819152044288954,-0.5735764363511));
#2710=DIRECTION('',(0.,-0.819152044288954,-0.5735764363511));
#2711=DIRECTION('',(-1.,0.,0.));
#2712=DIRECTION('',(0.,0.819152044288954,0.5735764363511));
#2713=DIRECTION('center_axis',(0.,0.819152044288959,0.573576436351093));
#2714=DIRECTION('ref_axis',(0.,0.573576436351093,-0.819152044288959));
#2715=DIRECTION('',(0.,0.573576436351093,-0.819152044288959));
#2716=DIRECTION('',(0.,-0.573576436351093,0.819152044288959));
#2717=DIRECTION('center_axis',(0.,-0.819152044288959,-0.573576436351093));
#2718=DIRECTION('ref_axis',(0.,-0.573576436351093,0.819152044288959));
#2719=DIRECTION('',(0.,-0.573576436351093,0.819152044288959));
#2720=DIRECTION('',(-1.,0.,0.));
#2721=DIRECTION('',(0.,0.573576436351093,-0.819152044288959));
#2722=DIRECTION('',(-1.,0.,0.));
#2723=DIRECTION('center_axis',(0.,0.573576436351091,-0.81915204428896));
#2724=DIRECTION('ref_axis',(0.,-0.81915204428896,-0.573576436351091));
#2725=DIRECTION('',(0.,-0.81915204428896,-0.573576436351091));
#2726=DIRECTION('',(-1.,0.,0.));
#2727=DIRECTION('',(0.,0.81915204428896,0.573576436351091));
#2728=DIRECTION('center_axis',(0.,0.819152044288959,0.573576436351093));
#2729=DIRECTION('ref_axis',(0.,0.573576436351092,-0.819152044288959));
#2730=DIRECTION('',(0.,0.573576436351092,-0.819152044288959));
#2731=DIRECTION('',(-1.,0.,0.));
#2732=DIRECTION('',(0.,-0.573576436351092,0.819152044288959));
#2733=DIRECTION('center_axis',(0.,-0.573576436351085,0.819152044288964));
#2734=DIRECTION('ref_axis',(0.,0.819152044288964,0.573576436351085));
#2735=DIRECTION('',(0.,0.819152044288964,0.573576436351085));
#2736=DIRECTION('',(0.,-0.819152044288964,-0.573576436351085));
#2737=DIRECTION('center_axis',(1.,0.,0.));
#2738=DIRECTION('ref_axis',(0.,-1.,0.));
#2739=DIRECTION('center_axis',(1.,0.,0.));
#2740=DIRECTION('ref_axis',(0.,-1.,0.));
#2741=DIRECTION('',(1.,0.,0.));
#2742=DIRECTION('center_axis',(-1.,0.,0.));
#2743=DIRECTION('ref_axis',(0.,-1.,0.));
#2744=DIRECTION('center_axis',(1.,0.,0.));
#2745=DIRECTION('ref_axis',(0.,-1.,0.));
#2746=DIRECTION('center_axis',(1.,0.,0.));
#2747=DIRECTION('ref_axis',(0.,-1.,0.));
#2748=DIRECTION('',(1.,0.,0.));
#2749=DIRECTION('center_axis',(-1.,0.,0.));
#2750=DIRECTION('ref_axis',(0.,-1.,0.));
#2751=DIRECTION('center_axis',(1.,0.,0.));
#2752=DIRECTION('ref_axis',(0.,-1.,0.));
#2753=DIRECTION('center_axis',(1.,0.,0.));
#2754=DIRECTION('ref_axis',(0.,-1.,0.));
#2755=DIRECTION('',(1.,0.,0.));
#2756=DIRECTION('center_axis',(-1.,0.,0.));
#2757=DIRECTION('ref_axis',(0.,-1.,0.));
#2758=DIRECTION('center_axis',(1.,0.,0.));
#2759=DIRECTION('ref_axis',(0.,-1.,0.));
#2760=DIRECTION('center_axis',(1.,0.,0.));
#2761=DIRECTION('ref_axis',(0.,-1.,0.));
#2762=DIRECTION('',(1.,0.,0.));
#2763=DIRECTION('center_axis',(-1.,0.,0.));
#2764=DIRECTION('ref_axis',(0.,-1.,0.));
#2765=DIRECTION('center_axis',(1.,0.,0.));
#2766=DIRECTION('ref_axis',(0.,0.984807753012207,-0.173648177666936));
#2767=DIRECTION('center_axis',(-1.,0.,0.));
#2768=DIRECTION('ref_axis',(0.,0.984807753012207,-0.173648177666936));
#2769=DIRECTION('',(-1.,0.,0.));
#2770=DIRECTION('center_axis',(1.,0.,0.));
#2771=DIRECTION('ref_axis',(0.,0.984807753012207,-0.173648177666936));
#2772=DIRECTION('',(1.,0.,0.));
#2773=DIRECTION('center_axis',(0.,0.573576436351043,-0.819152044288994));
#2774=DIRECTION('ref_axis',(0.,0.819152044288994,0.573576436351043));
#2775=DIRECTION('',(0.,0.819152044288994,0.573576436351043));
#2776=DIRECTION('',(1.,0.,0.));
#2777=DIRECTION('',(0.,0.819152044288994,0.573576436351043));
#2778=DIRECTION('center_axis',(1.,0.,0.));
#2779=DIRECTION('ref_axis',(0.,1.,0.));
#2780=DIRECTION('',(0.,-0.573576436351046,0.819152044288992));
#2781=DIRECTION('center_axis',(-1.,0.,0.));
#2782=DIRECTION('ref_axis',(0.,0.173648177666929,0.984807753012208));
#2783=DIRECTION('',(0.,-0.819152044288991,-0.573576436351048));
#2784=DIRECTION('center_axis',(1.,0.,0.));
#2785=DIRECTION('ref_axis',(0.,-0.573576436351048,0.81915204428899));
#2786=DIRECTION('center_axis',(1.,0.,0.));
#2787=DIRECTION('ref_axis',(0.,0.819152044288991,0.573576436351047));
#2788=DIRECTION('center_axis',(1.,0.,0.));
#2789=DIRECTION('ref_axis',(0.,-0.573576436351048,0.819152044288991));
#2790=DIRECTION('',(0.,-0.819152044288991,-0.573576436351048));
#2791=DIRECTION('center_axis',(-1.,0.,0.));
#2792=DIRECTION('ref_axis',(0.,-0.984807753012215,0.173648177666892));
#2793=DIRECTION('',(0.,0.573576436351138,-0.819152044288928));
#2794=DIRECTION('center_axis',(1.,0.,0.));
#2795=DIRECTION('ref_axis',(0.,0.984807753012226,-0.173648177666831));
#2796=DIRECTION('',(0.,-0.819152044288911,-0.573576436351161));
#2797=DIRECTION('center_axis',(1.,0.,0.));
#2798=DIRECTION('ref_axis',(0.,-0.573576436351139,0.819152044288927));
#2799=DIRECTION('',(0.,0.819152044288916,0.573576436351154));
#2800=DIRECTION('center_axis',(1.,0.,0.));
#2801=DIRECTION('ref_axis',(0.,0.173648177666807,0.98480775301223));
#2802=DIRECTION('',(0.,0.573576436351138,-0.819152044288928));
#2803=DIRECTION('center_axis',(-1.,0.,0.));
#2804=DIRECTION('ref_axis',(0.,-0.173648177666881,-0.984807753012217));
#2805=DIRECTION('',(0.,0.819152044288994,0.573576436351043));
#2806=DIRECTION('center_axis',(1.,0.,0.));
#2807=DIRECTION('ref_axis',(0.,0.573576436351041,-0.819152044288995));
#2808=DIRECTION('center_axis',(1.,0.,0.));
#2809=DIRECTION('ref_axis',(0.,-0.819152044288867,-0.573576436351224));
#2810=DIRECTION('center_axis',(1.,0.,0.));
#2811=DIRECTION('ref_axis',(0.,0.573576436351042,-0.819152044288994));
#2812=DIRECTION('center_axis',(-1.,0.,0.));
#2813=DIRECTION('ref_axis',(0.,1.,0.));
#2814=DIRECTION('center_axis',(-1.,0.,0.));
#2815=DIRECTION('ref_axis',(0.,1.,0.));
#2816=DIRECTION('center_axis',(-1.,0.,0.));
#2817=DIRECTION('ref_axis',(0.,1.,0.));
#2818=DIRECTION('center_axis',(1.,0.,0.));
#2819=DIRECTION('ref_axis',(0.,0.173648177666929,0.984807753012208));
#2820=DIRECTION('',(-1.,0.,0.));
#2821=DIRECTION('center_axis',(1.,0.,0.));
#2822=DIRECTION('ref_axis',(0.,0.173648177666929,0.984807753012208));
#2823=DIRECTION('',(1.,0.,0.));
#2824=DIRECTION('center_axis',(0.,-0.573576436351048,0.819152044288991));
#2825=DIRECTION('ref_axis',(0.,-0.819152044288991,-0.573576436351048));
#2826=DIRECTION('',(0.,-0.819152044288991,-0.573576436351048));
#2827=DIRECTION('',(-1.,0.,0.));
#2828=DIRECTION('center_axis',(-1.,0.,0.));
#2829=DIRECTION('ref_axis',(0.,-0.573576436351048,0.81915204428899));
#2830=DIRECTION('center_axis',(-1.,0.,0.));
#2831=DIRECTION('ref_axis',(0.,-0.573576436351048,0.81915204428899));
#2832=DIRECTION('',(1.,0.,0.));
#2833=DIRECTION('center_axis',(1.,0.,0.));
#2834=DIRECTION('ref_axis',(0.,0.573576436351042,-0.819152044288994));
#2835=DIRECTION('',(-1.,0.,0.));
#2836=DIRECTION('center_axis',(-1.,0.,0.));
#2837=DIRECTION('ref_axis',(0.,0.573576436351042,-0.819152044288994));
#2838=DIRECTION('center_axis',(-1.,0.,0.));
#2839=DIRECTION('ref_axis',(0.,0.573576436351041,-0.819152044288995));
#2840=DIRECTION('center_axis',(-1.,0.,0.));
#2841=DIRECTION('ref_axis',(0.,0.573576436351041,-0.819152044288995));
#2842=DIRECTION('',(1.,0.,0.));
#2843=DIRECTION('',(-1.,0.,0.));
#2844=DIRECTION('center_axis',(0.,0.573576436351043,-0.819152044288994));
#2845=DIRECTION('ref_axis',(0.,0.819152044288994,0.573576436351043));
#2846=DIRECTION('',(1.,0.,0.));
#2847=DIRECTION('',(0.,0.819152044288994,0.573576436351043));
#2848=DIRECTION('center_axis',(1.,0.,0.));
#2849=DIRECTION('ref_axis',(0.,-0.573576436351048,0.819152044288991));
#2850=DIRECTION('',(-1.,0.,0.));
#2851=DIRECTION('center_axis',(-1.,0.,0.));
#2852=DIRECTION('ref_axis',(0.,-0.573576436351048,0.819152044288991));
#2853=DIRECTION('',(1.,0.,0.));
#2854=DIRECTION('center_axis',(0.,-0.573576436351048,0.819152044288991));
#2855=DIRECTION('ref_axis',(0.,-0.819152044288991,-0.573576436351048));
#2856=DIRECTION('',(0.,-0.819152044288991,-0.573576436351048));
#2857=DIRECTION('',(-1.,0.,0.));
#2858=DIRECTION('center_axis',(1.,0.,0.));
#2859=DIRECTION('ref_axis',(0.,-0.173648177666881,-0.984807753012217));
#2860=DIRECTION('',(-1.,0.,0.));
#2861=DIRECTION('center_axis',(1.,0.,0.));
#2862=DIRECTION('ref_axis',(0.,-0.173648177666881,-0.984807753012217));
#2863=DIRECTION('center_axis',(1.,0.,0.));
#2864=DIRECTION('ref_axis',(0.,1.,0.));
#2865=DIRECTION('center_axis',(1.,0.,0.));
#2866=DIRECTION('ref_axis',(0.,-0.819152044288867,-0.573576436351224));
#2867=DIRECTION('',(0.,0.573576436351138,-0.819152044288928));
#2868=DIRECTION('center_axis',(-1.,0.,0.));
#2869=DIRECTION('ref_axis',(0.,0.173648177666807,0.98480775301223));
#2870=DIRECTION('',(0.,0.819152044288916,0.573576436351154));
#2871=DIRECTION('center_axis',(1.,0.,0.));
#2872=DIRECTION('ref_axis',(0.,-0.573576436351139,0.819152044288927));
#2873=DIRECTION('',(0.,-0.819152044288911,-0.573576436351161));
#2874=DIRECTION('center_axis',(-1.,0.,0.));
#2875=DIRECTION('ref_axis',(0.,0.984807753012226,-0.173648177666831));
#2876=DIRECTION('',(0.,0.573576436351138,-0.819152044288928));
#2877=DIRECTION('center_axis',(1.,0.,0.));
#2878=DIRECTION('ref_axis',(0.,-0.984807753012215,0.173648177666892));
#2879=DIRECTION('center_axis',(1.,0.,0.));
#2880=DIRECTION('ref_axis',(0.,0.819152044288991,0.573576436351047));
#2881=DIRECTION('',(0.,-0.573576436351046,0.819152044288992));
#2882=DIRECTION('center_axis',(-1.,0.,0.));
#2883=DIRECTION('ref_axis',(0.,1.,0.));
#2884=DIRECTION('center_axis',(-1.,0.,0.));
#2885=DIRECTION('ref_axis',(0.,1.,0.));
#2886=DIRECTION('center_axis',(-1.,0.,0.));
#2887=DIRECTION('ref_axis',(0.,1.,0.));
#2888=DIRECTION('center_axis',(1.,0.,0.));
#2889=DIRECTION('ref_axis',(0.,-0.984807753012215,0.173648177666892));
#2890=DIRECTION('',(1.,0.,0.));
#2891=DIRECTION('center_axis',(1.,0.,0.));
#2892=DIRECTION('ref_axis',(0.,0.173648177666807,0.98480775301223));
#2893=DIRECTION('',(1.,0.,0.));
#2894=DIRECTION('',(-1.,0.,0.));
#2895=DIRECTION('center_axis',(0.,-0.819152044288928,-0.573576436351138));
#2896=DIRECTION('ref_axis',(0.,0.573576436351138,-0.819152044288928));
#2897=DIRECTION('center_axis',(1.,0.,0.));
#2898=DIRECTION('ref_axis',(0.,0.984807753012226,-0.173648177666831));
#2899=DIRECTION('',(1.,0.,0.));
#2900=DIRECTION('',(-1.,0.,0.));
#2901=DIRECTION('center_axis',(0.,-0.573576436351161,0.819152044288911));
#2902=DIRECTION('ref_axis',(0.,-0.819152044288911,-0.573576436351161));
#2903=DIRECTION('',(1.,0.,0.));
#2904=DIRECTION('center_axis',(1.,0.,0.));
#2905=DIRECTION('ref_axis',(0.,1.,0.));
#2906=DIRECTION('',(-1.,0.,0.));
#2907=DIRECTION('center_axis',(1.,0.,0.));
#2908=DIRECTION('ref_axis',(0.,1.,0.));
#2909=DIRECTION('',(-1.,0.,0.));
#2910=DIRECTION('center_axis',(1.,0.,0.));
#2911=DIRECTION('ref_axis',(0.,1.,0.));
#2912=DIRECTION('',(-1.,0.,0.));
#2913=DIRECTION('center_axis',(1.,0.,0.));
#2914=DIRECTION('ref_axis',(0.,-0.819152044288867,-0.573576436351224));
#2915=DIRECTION('center_axis',(0.,0.573576436351154,-0.819152044288916));
#2916=DIRECTION('ref_axis',(0.,0.819152044288916,0.573576436351154));
#2917=DIRECTION('',(1.,0.,0.));
#2918=DIRECTION('center_axis',(1.,0.,0.));
#2919=DIRECTION('ref_axis',(0.,-0.573576436351139,0.819152044288927));
#2920=DIRECTION('center_axis',(0.,-0.819152044288928,-0.573576436351138));
#2921=DIRECTION('ref_axis',(0.,0.573576436351138,-0.819152044288928));
#2922=DIRECTION('center_axis',(1.,0.,0.));
#2923=DIRECTION('ref_axis',(0.,0.819152044288991,0.573576436351047));
#2924=DIRECTION('center_axis',(0.,0.819152044288992,0.573576436351046));
#2925=DIRECTION('ref_axis',(0.,-0.573576436351046,0.819152044288992));
#2926=CARTESIAN_POINT('',(0.,0.,0.));
#2927=CARTESIAN_POINT('Ctrl Pts',(-80.28983152022,44.7377290646786,181.926880328495));
#2928=CARTESIAN_POINT('Ctrl Pts',(-77.7322231311447,42.0475560764769,180.043200923068));
#2929=CARTESIAN_POINT('Ctrl Pts',(-75.6630723121915,39.0441472565673,177.940191427042));
#2930=CARTESIAN_POINT('Ctrl Pts',(-74.1889763806682,35.8553972075292,175.707404605239));
#2931=CARTESIAN_POINT('Ctrl Pts',(-80.1259403110567,44.842282555689,182.000089471047));
#2932=CARTESIAN_POINT('Ctrl Pts',(-77.5555481154831,42.1390737084662,180.107284729156));
#2933=CARTESIAN_POINT('Ctrl Pts',(-75.474865393532,39.1212082876577,177.994132966502));
#2934=CARTESIAN_POINT('Ctrl Pts',(-73.9912826836624,35.9167207353766,175.750343801708));
#2935=CARTESIAN_POINT('Ctrl Pts',(-79.7997869242652,45.126844165383,182.036535525565));
#2936=CARTESIAN_POINT('Ctrl Pts',(-77.2039200002208,42.3978882113126,180.125202229663));
#2937=CARTESIAN_POINT('Ctrl Pts',(-75.1004124159018,39.352232540015,177.990606000409));
#2938=CARTESIAN_POINT('Ctrl Pts',(-73.5979614425385,36.1179965612051,175.722564589849));
#2939=CARTESIAN_POINT('Ctrl Pts',(-79.4402990630387,45.7087034911667,181.693657077326));
#2940=CARTESIAN_POINT('Ctrl Pts',(-76.8170774599421,42.9517706215478,179.76074165767));
#2941=CARTESIAN_POINT('Ctrl Pts',(-74.6909126376253,39.8766813338013,177.597133667911));
#2942=CARTESIAN_POINT('Ctrl Pts',(-73.1731950231394,36.613506568124,175.295335667292));
#2943=CARTESIAN_POINT('Ctrl Pts',(-79.5024146237925,45.9959324099559,181.199112859584));
#2944=CARTESIAN_POINT('Ctrl Pts',(-76.884917111137,43.2434264203644,179.268283238856));
#2945=CARTESIAN_POINT('Ctrl Pts',(-74.7689395326266,40.1734308389971,177.104278813483));
#2946=CARTESIAN_POINT('Ctrl Pts',(-73.2646375467577,36.9173702496244,174.80100258966));
#2947=CARTESIAN_POINT('Ctrl Pts',(-79.6433187079886,46.0524964437423,180.92701533486));
#2948=CARTESIAN_POINT('Ctrl Pts',(-77.0377450279772,43.3109202764501,179.004105782056));
#2949=CARTESIAN_POINT('Ctrl Pts',(-74.9340824591159,40.2508397552857,176.847809068723));
#2950=CARTESIAN_POINT('Ctrl Pts',(-73.443824431478,37.0067037277882,174.555121171307));
#2951=CARTESIAN_POINT('',(-79.5000001117586,45.9008477603076,180.820641369246));
#2952=CARTESIAN_POINT('',(-79.5000001119433,43.87986427685,181.326196937293));
#2953=CARTESIAN_POINT('Ctrl Pts',(-79.5000001117586,43.8798642764355,181.326196937003));
#2954=CARTESIAN_POINT('Ctrl Pts',(-79.5000001117586,44.1562528607682,181.519726307228));
#2955=CARTESIAN_POINT('Ctrl Pts',(-79.5000001116358,44.4573761318854,181.658324175135));
#2956=CARTESIAN_POINT('Ctrl Pts',(-79.5000001116358,44.9454773126249,181.768882784402));
#2957=CARTESIAN_POINT('Ctrl Pts',(-79.5000001110908,45.1314411914758,181.778432704511));
#2958=CARTESIAN_POINT('Ctrl Pts',(-79.5000001110908,45.408209077942,181.735699257817));
#2959=CARTESIAN_POINT('Ctrl Pts',(-79.5000001117086,45.5179720419795,181.70084701979));
#2960=CARTESIAN_POINT('Ctrl Pts',(-79.5000001117086,45.6892907477113,181.598012609385));
#2961=CARTESIAN_POINT('Ctrl Pts',(-79.5000001117579,45.7538100703493,181.54112365262));
#2962=CARTESIAN_POINT('Ctrl Pts',(-79.5000001117579,45.8533707930637,181.40599021217));
#2963=CARTESIAN_POINT('Ctrl Pts',(-79.5000001117586,45.8874166603142,181.332525011139));
#2964=CARTESIAN_POINT('Ctrl Pts',(-79.5000001117586,45.9254884460109,181.186258685454));
#2965=CARTESIAN_POINT('Ctrl Pts',(-79.5000001117586,45.9326978714625,181.116706116007));
#2966=CARTESIAN_POINT('Ctrl Pts',(-79.5000001117586,45.9303539454727,180.970794401896));
#2967=CARTESIAN_POINT('Ctrl Pts',(-79.5000001117586,45.9191902401613,180.894691396567));
#2968=CARTESIAN_POINT('Ctrl Pts',(-79.5000001117586,45.9008477603075,180.820641369246));
#2969=CARTESIAN_POINT('',(-74.1889763806682,35.8553972075292,175.707404605239));
#2970=CARTESIAN_POINT('Ctrl Pts',(-79.5001585889994,43.879769500092,181.326130573893));
#2971=CARTESIAN_POINT('Ctrl Pts',(-77.3040954303826,41.4145460045367,179.599962498933));
#2972=CARTESIAN_POINT('Ctrl Pts',(-75.508231080442,38.7091962029923,177.705656174398));
#2973=CARTESIAN_POINT('Ctrl Pts',(-74.1889763806682,35.8553972075292,175.707404605239));
#2974=CARTESIAN_POINT('',(-73.443824431478,37.0067037277882,174.555121171307));
#2975=CARTESIAN_POINT('Origin',(-74.1889763806682,36.4289736438802,174.88825256095));
#2976=CARTESIAN_POINT('Ctrl Pts',(-73.443824431478,37.0067037277882,174.555121171307));
#2977=CARTESIAN_POINT('Ctrl Pts',(-74.9066626704969,40.1911497402175,176.805625086922));
#2978=CARTESIAN_POINT('Ctrl Pts',(-76.9605406128774,43.1982509425673,178.924710665104));
#2979=CARTESIAN_POINT('Ctrl Pts',(-79.500006511374,45.9008440941085,180.820638014227));
#2980=CARTESIAN_POINT('Ctrl Pts',(-70.3343393507401,32.7239093060379,175.403364750898));
#2981=CARTESIAN_POINT('Ctrl Pts',(-70.7274202589589,33.1446480808824,174.789202828705));
#2982=CARTESIAN_POINT('Ctrl Pts',(-71.5518079059113,34.1149751382579,174.100650596992));
#2983=CARTESIAN_POINT('Ctrl Pts',(-72.7070456492696,35.672881796715,173.935135657218));
#2984=CARTESIAN_POINT('Ctrl Pts',(-73.2528517523679,36.5909761577448,174.261319197414));
#2985=CARTESIAN_POINT('Ctrl Pts',(-73.4438244314761,37.006703727784,174.555121171304));
#2986=CARTESIAN_POINT('Ctrl Pts',(-70.3629771493008,32.813653972205,175.484774312064));
#2987=CARTESIAN_POINT('Ctrl Pts',(-70.7445525320169,33.228703801745,174.898188227283));
#2988=CARTESIAN_POINT('Ctrl Pts',(-71.5425793820148,34.18385264014,174.248445792666));
#2989=CARTESIAN_POINT('Ctrl Pts',(-72.6440788718183,35.697120189912,174.118059587624));
#2990=CARTESIAN_POINT('Ctrl Pts',(-73.1500444781394,36.5636111751204,174.442164271225));
#2991=CARTESIAN_POINT('Ctrl Pts',(-73.3243665083293,36.9471480756752,174.719042116873));
#2992=CARTESIAN_POINT('Ctrl Pts',(-70.4604064836485,32.9706739451021,175.657897193852));
#2993=CARTESIAN_POINT('Ctrl Pts',(-70.8255521403071,33.3694685690555,175.129990551816));
#2994=CARTESIAN_POINT('Ctrl Pts',(-71.5852135356513,34.2831449249937,174.565659704251));
#2995=CARTESIAN_POINT('Ctrl Pts',(-72.6033445573777,35.6845337492963,174.520284762284));
#2996=CARTESIAN_POINT('Ctrl Pts',(-73.043318305481,36.4346165574094,174.84677621029));
#2997=CARTESIAN_POINT('Ctrl Pts',(-73.1896787076396,36.7488143074493,175.091213586208));
#2998=CARTESIAN_POINT('Ctrl Pts',(-70.7476914082293,33.1302020256152,175.955884740792));
#2999=CARTESIAN_POINT('Ctrl Pts',(-71.1065811398302,33.4809647183342,175.521636182785));
#3000=CARTESIAN_POINT('Ctrl Pts',(-71.8532460065321,34.2786380954286,175.086259901378));
#3001=CARTESIAN_POINT('Ctrl Pts',(-72.8462425695888,35.4491142114958,175.138950554827));
#3002=CARTESIAN_POINT('Ctrl Pts',(-73.2669573334519,36.0263608474277,175.452693296464));
#3003=CARTESIAN_POINT('Ctrl Pts',(-73.4055681073353,36.254466741492,175.654683921645));
#3004=CARTESIAN_POINT('Ctrl Pts',(-71.0220720799713,33.1201901130091,176.126791574062));
#3005=CARTESIAN_POINT('Ctrl Pts',(-71.3911280681607,33.4213642246918,175.733032184001));
#3006=CARTESIAN_POINT('Ctrl Pts',(-72.1656068103822,34.1116960752261,175.324180206424));
#3007=CARTESIAN_POINT('Ctrl Pts',(-73.2335760698331,35.1525381920174,175.323120283881));
#3008=CARTESIAN_POINT('Ctrl Pts',(-73.7230932398825,35.7098985267269,175.582036161094));
#3009=CARTESIAN_POINT('Ctrl Pts',(-73.8924358351579,35.9473824992979,175.77181339994));
#3010=CARTESIAN_POINT('Ctrl Pts',(-71.1870077358211,33.0699402462423,176.198555821125));
#3011=CARTESIAN_POINT('Ctrl Pts',(-71.5623414172474,33.3401422213927,175.812667408891));
#3012=CARTESIAN_POINT('Ctrl Pts',(-72.3527833552858,33.9682109478184,175.386269481318));
#3013=CARTESIAN_POINT('Ctrl Pts',(-73.4677107272979,34.9827910515529,175.299377838153));
#3014=CARTESIAN_POINT('Ctrl Pts',(-74.0000748320183,35.5829772066151,175.516654067041));
#3015=CARTESIAN_POINT('Ctrl Pts',(-74.1889763806663,35.8553972075264,175.707404605237));
#3016=CARTESIAN_POINT('',(-71.1870077358212,33.0699402462458,176.19855582112));
#3017=CARTESIAN_POINT('Ctrl Pts',(-74.1889763806663,35.8553972075264,175.707404605237));
#3018=CARTESIAN_POINT('Ctrl Pts',(-74.0000748320183,35.5829772066151,175.516654067041));
#3019=CARTESIAN_POINT('Ctrl Pts',(-73.4677107272979,34.9827910515529,175.299377838153));
#3020=CARTESIAN_POINT('Ctrl Pts',(-72.3527833552858,33.9682109478184,175.386269481318));
#3021=CARTESIAN_POINT('Ctrl Pts',(-71.5623414172474,33.3401422213927,175.812667408891));
#3022=CARTESIAN_POINT('Ctrl Pts',(-71.1870077358211,33.0699402462423,176.198555821125));
#3023=CARTESIAN_POINT('',(-70.3343393507401,32.7239093060379,175.403364750898));
#3024=CARTESIAN_POINT('Origin',(-71.1870077358211,32.2507882019499,175.624979384779));
#3025=CARTESIAN_POINT('Ctrl Pts',(-70.3343393507401,32.7239093060379,175.403364750898));
#3026=CARTESIAN_POINT('Ctrl Pts',(-70.7274202589589,33.1446480808824,174.789202828705));
#3027=CARTESIAN_POINT('Ctrl Pts',(-71.5518079059113,34.1149751382579,174.100650596992));
#3028=CARTESIAN_POINT('Ctrl Pts',(-72.7070456492696,35.672881796715,173.935135657218));
#3029=CARTESIAN_POINT('Ctrl Pts',(-73.2528517523679,36.5909761577448,174.261319197414));
#3030=CARTESIAN_POINT('Ctrl Pts',(-73.4438244314761,37.006703727784,174.555121171304));
#3031=CARTESIAN_POINT('Ctrl Pts',(-71.1870077358236,33.0699402462415,176.198555821126));
#3032=CARTESIAN_POINT('Ctrl Pts',(-70.3528522490852,32.1691799178175,177.484974888717));
#3033=CARTESIAN_POINT('Ctrl Pts',(-69.7467684047397,31.1997399072364,178.869478707484));
#3034=CARTESIAN_POINT('Ctrl Pts',(-69.3772713519425,30.2020580644954,180.294316042557));
#3035=CARTESIAN_POINT('Ctrl Pts',(-70.9945828039986,33.1285650908037,176.114830866219));
#3036=CARTESIAN_POINT('Ctrl Pts',(-70.1532006679014,32.2163664536504,177.417490849936));
#3037=CARTESIAN_POINT('Ctrl Pts',(-69.5427251279178,31.235758898612,178.818090925396));
#3038=CARTESIAN_POINT('Ctrl Pts',(-69.1710492632734,30.2271848362196,180.258431293603));
#3039=CARTESIAN_POINT('Ctrl Pts',(-70.6105624838705,33.1244276304131,175.862922661966));
#3040=CARTESIAN_POINT('Ctrl Pts',(-69.7546989171713,32.192992347337,177.2003578455));
#3041=CARTESIAN_POINT('Ctrl Pts',(-69.1354495592901,31.1923982157809,178.634892170076));
#3042=CARTESIAN_POINT('Ctrl Pts',(-68.7593797670451,30.1642047868208,180.107575675188));
#3043=CARTESIAN_POINT('Ctrl Pts',(-70.3844554982234,32.8809624718329,175.545831482935));
#3044=CARTESIAN_POINT('Ctrl Pts',(-69.5160083191526,31.9446727230905,176.90584183811));
#3045=CARTESIAN_POINT('Ctrl Pts',(-68.8879441866271,30.9371173767281,178.362816627428));
#3046=CARTESIAN_POINT('Ctrl Pts',(-68.5065901061624,29.9003276505715,179.857252039329));
#3047=CARTESIAN_POINT('Ctrl Pts',(-70.3343393507427,32.7239093060407,175.403364750894));
#3048=CARTESIAN_POINT('Ctrl Pts',(-69.4607417693124,31.7888438565756,176.76830097296));
#3049=CARTESIAN_POINT('Ctrl Pts',(-68.8286445308109,30.780996822727,178.231080811843));
#3050=CARTESIAN_POINT('Ctrl Pts',(-68.4444949968325,29.74321172156,179.731135418822));
#3051=CARTESIAN_POINT('',(-69.3772713519425,30.2020580644957,180.294316042556));
#3052=CARTESIAN_POINT('',(-68.4444949968325,29.74321172156,179.731135418822));
#3053=CARTESIAN_POINT('Origin',(-69.3772713519425,29.3829060202065,179.720739606206));
#3054=CARTESIAN_POINT('Ctrl Pts',(-68.4444949968325,29.74321172156,179.731135418822));
#3055=CARTESIAN_POINT('Ctrl Pts',(-68.8286445308109,30.780996822727,178.231080811843));
#3056=CARTESIAN_POINT('Ctrl Pts',(-69.4607417693124,31.7888438565756,176.76830097296));
#3057=CARTESIAN_POINT('Ctrl Pts',(-70.3343393507427,32.7239093060407,175.403364750894));
#3058=CARTESIAN_POINT('Ctrl Pts',(-71.1870077358236,33.0699402462415,176.198555821126));
#3059=CARTESIAN_POINT('Ctrl Pts',(-70.3528522490852,32.1691799178175,177.484974888717));
#3060=CARTESIAN_POINT('Ctrl Pts',(-69.7467684047397,31.1997399072364,178.869478707484));
#3061=CARTESIAN_POINT('Ctrl Pts',(-69.3772713519425,30.2020580644954,180.294316042557));
#3062=CARTESIAN_POINT('Ctrl Pts',(-67.9310767110583,28.3140201171105,180.004861257612));
#3063=CARTESIAN_POINT('Ctrl Pts',(-68.000786534688,28.5017216112731,180.13750091555));
#3064=CARTESIAN_POINT('Ctrl Pts',(-68.1937626145426,29.0383635039395,180.285268581127));
#3065=CARTESIAN_POINT('Ctrl Pts',(-68.3766100464163,29.5598196205575,179.996217434048));
#3066=CARTESIAN_POINT('Ctrl Pts',(-68.4444949968315,29.7432117215572,179.731135418826));
#3067=CARTESIAN_POINT('Ctrl Pts',(-67.9068350602189,28.2269214965468,180.142099533238));
#3068=CARTESIAN_POINT('Ctrl Pts',(-67.9881421813348,28.4461563453568,180.289192481188));
#3069=CARTESIAN_POINT('Ctrl Pts',(-68.207141081319,29.0592357398446,180.438035466659));
#3070=CARTESIAN_POINT('Ctrl Pts',(-68.4062594084891,29.6329313331627,180.101795926028));
#3071=CARTESIAN_POINT('Ctrl Pts',(-68.4799779164485,29.8329922524206,179.803202059116));
#3072=CARTESIAN_POINT('Ctrl Pts',(-67.9368613237187,28.0263111948891,180.41268622233));
#3073=CARTESIAN_POINT('Ctrl Pts',(-68.0349800656277,28.3103501068678,180.588671752115));
#3074=CARTESIAN_POINT('Ctrl Pts',(-68.2905452114444,29.0804211126421,180.740697851938));
#3075=CARTESIAN_POINT('Ctrl Pts',(-68.5109065891833,29.7618229534465,180.311680984986));
#3076=CARTESIAN_POINT('Ctrl Pts',(-68.5920696475902,29.9964934179716,179.946755083314));
#3077=CARTESIAN_POINT('Ctrl Pts',(-68.2495592232528,27.6642254697979,180.764062159193));
#3078=CARTESIAN_POINT('Ctrl Pts',(-68.3492763145298,28.0350920570329,180.987022360784));
#3079=CARTESIAN_POINT('Ctrl Pts',(-68.6068182134142,29.0314599354999,181.172622324894));
#3080=CARTESIAN_POINT('Ctrl Pts',(-68.8259982291898,29.8953187798616,180.625019274602));
#3081=CARTESIAN_POINT('Ctrl Pts',(-68.9063708440383,30.1907107049454,180.164253894521));
#3082=CARTESIAN_POINT('Ctrl Pts',(-68.6405477432093,27.4753354157467,180.826593466816));
#3083=CARTESIAN_POINT('Ctrl Pts',(-68.7210269529428,27.8595964828941,181.075579133021));
#3084=CARTESIAN_POINT('Ctrl Pts',(-68.9361847694438,28.921385771898,181.324054160106));
#3085=CARTESIAN_POINT('Ctrl Pts',(-69.1295024113802,29.8895114812608,180.760972164952));
#3086=CARTESIAN_POINT('Ctrl Pts',(-69.2005095616536,30.2235952973963,180.263557686319));
#3087=CARTESIAN_POINT('Ctrl Pts',(-68.8764021510589,27.416601103243,180.785467258451));
#3088=CARTESIAN_POINT('Ctrl Pts',(-68.9449522255452,27.7860199711397,181.0441371345));
#3089=CARTESIAN_POINT('Ctrl Pts',(-69.1341328765837,28.8372269714907,181.339905642856));
#3090=CARTESIAN_POINT('Ctrl Pts',(-69.311975713423,29.849447549916,180.797896046104));
#3091=CARTESIAN_POINT('Ctrl Pts',(-69.3772713519415,30.2020580644895,180.294316042565));
#3092=CARTESIAN_POINT('',(-68.8764021510589,27.4166011032294,180.785467258441));
#3093=CARTESIAN_POINT('Ctrl Pts',(-69.3772713519415,30.2020580644895,180.294316042565));
#3094=CARTESIAN_POINT('Ctrl Pts',(-69.311975713423,29.849447549916,180.797896046104));
#3095=CARTESIAN_POINT('Ctrl Pts',(-69.1341328765837,28.8372269714907,181.339905642856));
#3096=CARTESIAN_POINT('Ctrl Pts',(-68.9449522255452,27.7860199711397,181.0441371345));
#3097=CARTESIAN_POINT('Ctrl Pts',(-68.8764021510589,27.416601103243,180.785467258451));
#3098=CARTESIAN_POINT('',(-67.9310767110583,28.3140201171105,180.004861257612));
#3099=CARTESIAN_POINT('Origin',(-68.8764021510589,27.9901775395806,179.966315214152));
#3100=CARTESIAN_POINT('Ctrl Pts',(-67.9310767110583,28.3140201171105,180.004861257612));
#3101=CARTESIAN_POINT('Ctrl Pts',(-68.000786534688,28.5017216112731,180.13750091555));
#3102=CARTESIAN_POINT('Ctrl Pts',(-68.1937626145426,29.0383635039395,180.285268581127));
#3103=CARTESIAN_POINT('Ctrl Pts',(-68.3766100464163,29.5598196205575,179.996217434048));
#3104=CARTESIAN_POINT('Ctrl Pts',(-68.4444949968315,29.7432117215572,179.731135418826));
#3105=CARTESIAN_POINT('Ctrl Pts',(-68.8764021510589,27.4166011032294,180.785467258441));
#3106=CARTESIAN_POINT('Ctrl Pts',(-68.775368764085,27.1443647875489,180.594845338027));
#3107=CARTESIAN_POINT('Ctrl Pts',(-68.6776787320117,26.8712958726018,180.40364042533));
#3108=CARTESIAN_POINT('Ctrl Pts',(-68.5833543676485,26.5974490589487,180.211890822096));
#3109=CARTESIAN_POINT('Ctrl Pts',(-68.7191658791586,27.4557573115646,180.812884730685));
#3110=CARTESIAN_POINT('Ctrl Pts',(-68.6176768192136,27.1826899870995,180.62168172728));
#3111=CARTESIAN_POINT('Ctrl Pts',(-68.5195378990898,26.9087881847307,180.429891976367));
#3112=CARTESIAN_POINT('Ctrl Pts',(-68.4247690851597,26.6341019397226,180.237555445511));
#3113=CARTESIAN_POINT('Ctrl Pts',(-68.4054878312493,27.5814331758705,180.799656563308));
#3114=CARTESIAN_POINT('Ctrl Pts',(-68.3030905310866,27.3067903786877,180.607173267747));
#3115=CARTESIAN_POINT('Ctrl Pts',(-68.2040615303822,27.0313119107831,180.414098907943));
#3116=CARTESIAN_POINT('Ctrl Pts',(-68.1084070067383,26.7550387666407,180.220462775206));
#3117=CARTESIAN_POINT('Ctrl Pts',(-67.9852753037827,27.91511599399,180.545829060118));
#3118=CARTESIAN_POINT('Ctrl Pts',(-67.8818816242054,27.6385700143561,180.351231139967));
#3119=CARTESIAN_POINT('Ctrl Pts',(-67.781870766751,27.3611839532216,180.156013200434));
#3120=CARTESIAN_POINT('Ctrl Pts',(-67.6852676222149,27.0830121954415,179.960216474218));
#3121=CARTESIAN_POINT('Ctrl Pts',(-67.8947142347979,28.1833721862614,180.210718671049));
#3122=CARTESIAN_POINT('Ctrl Pts',(-67.791512762981,27.9065257738875,180.015270230584));
#3123=CARTESIAN_POINT('Ctrl Pts',(-67.6917440279115,27.6288691014235,179.819210487124));
#3124=CARTESIAN_POINT('Ctrl Pts',(-67.5953764697846,27.3504180686987,179.622540049149));
#3125=CARTESIAN_POINT('Ctrl Pts',(-67.9310767110583,28.3140201171105,180.004861257612));
#3126=CARTESIAN_POINT('Ctrl Pts',(-67.8283340132648,28.0373739159594,179.809368634308));
#3127=CARTESIAN_POINT('Ctrl Pts',(-67.7290088051184,27.7599037147928,179.613245157121));
#3128=CARTESIAN_POINT('Ctrl Pts',(-67.6331245002814,27.481665392885,179.416530650198));
#3129=CARTESIAN_POINT('',(-68.5833543676485,26.5974490589378,180.211890822088));
#3130=CARTESIAN_POINT('',(-67.6331245002814,27.481665392885,179.416530650198));
#3131=CARTESIAN_POINT('Origin',(-68.5833543676484,27.1710254952999,179.392738777807));
#3132=CARTESIAN_POINT('Ctrl Pts',(-67.6331245002814,27.481665392885,179.416530650198));
#3133=CARTESIAN_POINT('Ctrl Pts',(-67.7290088051184,27.7599037147928,179.613245157121));
#3134=CARTESIAN_POINT('Ctrl Pts',(-67.8283340132648,28.0373739159594,179.809368634308));
#3135=CARTESIAN_POINT('Ctrl Pts',(-67.9310767110583,28.3140201171105,180.004861257612));
#3136=CARTESIAN_POINT('Ctrl Pts',(-68.8764021510589,27.4166011032294,180.785467258441));
#3137=CARTESIAN_POINT('Ctrl Pts',(-68.775368764085,27.1443647875489,180.594845338027));
#3138=CARTESIAN_POINT('Ctrl Pts',(-68.6776787320117,26.8712958726018,180.40364042533));
#3139=CARTESIAN_POINT('Ctrl Pts',(-68.5833543676485,26.5974490589487,180.211890822096));
#3140=CARTESIAN_POINT('Ctrl Pts',(-68.5833543676485,26.5974490589444,180.211890822093));
#3141=CARTESIAN_POINT('Ctrl Pts',(-68.2907592216751,25.9178685585637,179.7360434329));
#3142=CARTESIAN_POINT('Ctrl Pts',(-67.8141264196873,24.6658735004388,179.353637477611));
#3143=CARTESIAN_POINT('Ctrl Pts',(-67.1929677409394,22.5637121225793,179.715401927034));
#3144=CARTESIAN_POINT('Ctrl Pts',(-67.0438248024743,21.474773784331,180.532639895309));
#3145=CARTESIAN_POINT('Ctrl Pts',(-67.1456716335609,20.7494822630307,181.607638378116));
#3146=CARTESIAN_POINT('Ctrl Pts',(-67.2922202253727,20.3859085279478,182.400174304195));
#3147=CARTESIAN_POINT('Ctrl Pts',(-67.9951528273827,20.1510802115705,184.513034513281));
#3148=CARTESIAN_POINT('Ctrl Pts',(-68.8728672479574,20.9952437175306,186.055381121528));
#3149=CARTESIAN_POINT('Ctrl Pts',(-69.3760557808526,22.0088375681188,186.765107176392));
#3150=CARTESIAN_POINT('Ctrl Pts',(-68.4247690851595,26.6341019397181,180.237555445508));
#3151=CARTESIAN_POINT('Ctrl Pts',(-68.137403301538,25.9602711443767,179.754371282124));
#3152=CARTESIAN_POINT('Ctrl Pts',(-67.66951817673,24.7088879269503,179.355044889359));
#3153=CARTESIAN_POINT('Ctrl Pts',(-67.0595159983861,22.5838422781082,179.702057406329));
#3154=CARTESIAN_POINT('Ctrl Pts',(-66.9135804653552,21.4756230192884,180.527533021473));
#3155=CARTESIAN_POINT('Ctrl Pts',(-67.0152384294601,20.7420612766031,181.619576563127));
#3156=CARTESIAN_POINT('Ctrl Pts',(-67.1604393704864,20.376576198203,182.425112972747));
#3157=CARTESIAN_POINT('Ctrl Pts',(-67.8548374252335,20.1578941750011,184.569916112907));
#3158=CARTESIAN_POINT('Ctrl Pts',(-68.7158224709531,21.037098728221,186.105597510483));
#3159=CARTESIAN_POINT('Ctrl Pts',(-69.2064808584968,22.0540280966959,186.796749925158));
#3160=CARTESIAN_POINT('Ctrl Pts',(-68.1084070735837,26.755038774936,180.220462730468));
#3161=CARTESIAN_POINT('Ctrl Pts',(-67.8314287698847,26.075518590977,179.716849451485));
#3162=CARTESIAN_POINT('Ctrl Pts',(-67.3809089032684,24.7987882740106,179.28656489945));
#3163=CARTESIAN_POINT('Ctrl Pts',(-66.7930804861401,22.5981301520701,179.623984002268));
#3164=CARTESIAN_POINT('Ctrl Pts',(-66.65353705151,21.4411775149897,180.479590588634));
#3165=CARTESIAN_POINT('Ctrl Pts',(-66.754833224932,20.6807947554718,181.618950002694));
#3166=CARTESIAN_POINT('Ctrl Pts',(-66.8973727173591,20.3047000328883,182.459900864886));
#3167=CARTESIAN_POINT('Ctrl Pts',(-67.5748117572694,20.100637103704,184.696365824863));
#3168=CARTESIAN_POINT('Ctrl Pts',(-68.4026791936108,21.0455776660816,186.259646965653));
#3169=CARTESIAN_POINT('Ctrl Pts',(-68.8684540486931,22.0879462319939,186.940035855757));
#3170=CARTESIAN_POINT('Ctrl Pts',(-67.6852677235227,27.0830121916681,179.960216429766));
#3171=CARTESIAN_POINT('Ctrl Pts',(-67.4145002503395,26.3394435583855,179.408840966918));
#3172=CARTESIAN_POINT('Ctrl Pts',(-66.9744171771103,24.940805828995,178.943693548921));
#3173=CARTESIAN_POINT('Ctrl Pts',(-66.4002128922731,22.5312390412527,179.330284015368));
#3174=CARTESIAN_POINT('Ctrl Pts',(-66.2651441191977,21.2644904475566,180.277416621326));
#3175=CARTESIAN_POINT('Ctrl Pts',(-66.3672810446046,20.4285747834683,181.533608061813));
#3176=CARTESIAN_POINT('Ctrl Pts',(-66.5090494185902,20.013376833781,182.46025441971));
#3177=CARTESIAN_POINT('Ctrl Pts',(-67.1787677894037,19.7759100788674,184.923131558728));
#3178=CARTESIAN_POINT('Ctrl Pts',(-67.9881515537755,20.7976613472853,186.650463941094));
#3179=CARTESIAN_POINT('Ctrl Pts',(-68.4394357111863,21.9356160426441,187.400921611902));
#3180=CARTESIAN_POINT('Ctrl Pts',(-67.5953764697842,27.3504180686976,179.622540049148));
#3181=CARTESIAN_POINT('Ctrl Pts',(-67.3114790504441,26.5303718908555,179.033328061512));
#3182=CARTESIAN_POINT('Ctrl Pts',(-66.8487883403173,25.0043743547476,178.558917559207));
#3183=CARTESIAN_POINT('Ctrl Pts',(-66.2454314374083,22.411586354969,179.020385563901));
#3184=CARTESIAN_POINT('Ctrl Pts',(-66.102955000666,21.0565680167036,180.052998158207));
#3185=CARTESIAN_POINT('Ctrl Pts',(-66.2080875568286,20.1519094587575,181.407622078274));
#3186=CARTESIAN_POINT('Ctrl Pts',(-66.3555118522621,19.6970922850831,182.405204032132));
#3187=CARTESIAN_POINT('Ctrl Pts',(-67.0539092819675,19.3987760248092,185.053786502787));
#3188=CARTESIAN_POINT('Ctrl Pts',(-67.9101921158709,20.4414825357067,186.951050400823));
#3189=CARTESIAN_POINT('Ctrl Pts',(-68.3924785182733,21.6734980324495,187.8018986623));
#3190=CARTESIAN_POINT('Ctrl Pts',(-67.6331245002814,27.481665392885,179.416530650198));
#3191=CARTESIAN_POINT('Ctrl Pts',(-67.3356904029543,26.6185672637487,178.806320231527));
#3192=CARTESIAN_POINT('Ctrl Pts',(-66.8492029499231,25.0218725320567,178.326642322888));
#3193=CARTESIAN_POINT('Ctrl Pts',(-66.2132134834335,22.327448294037,178.830298795555));
#3194=CARTESIAN_POINT('Ctrl Pts',(-66.0615244118934,20.9227148162188,179.911444734362));
#3195=CARTESIAN_POINT('Ctrl Pts',(-66.1693250140693,19.978779780509,181.32111536565));
#3196=CARTESIAN_POINT('Ctrl Pts',(-66.322462048845,19.5011702912838,182.357997158501));
#3197=CARTESIAN_POINT('Ctrl Pts',(-67.0520280911255,19.1672646102933,185.106993118099));
#3198=CARTESIAN_POINT('Ctrl Pts',(-67.9554878032236,20.2213543460126,187.092486684043));
#3199=CARTESIAN_POINT('Ctrl Pts',(-68.4680353434802,21.506864764696,187.997020416854));
#3200=CARTESIAN_POINT('',(-69.376055780853,22.0088375681187,186.765107176392));
#3201=CARTESIAN_POINT('',(-68.4680353434802,21.506864764696,187.997020416854));
#3202=CARTESIAN_POINT('Origin',(-69.3760557808526,21.4352611317679,187.584259220682));
#3203=CARTESIAN_POINT('',(-66.1340933959287,20.2905881825291,180.850516907088));
#3204=CARTESIAN_POINT('Ctrl Pts',(-68.4680353434802,21.506864764696,187.997020416854));
#3205=CARTESIAN_POINT('Ctrl Pts',(-67.9554878032236,20.2213543460126,187.092486684043));
#3206=CARTESIAN_POINT('Ctrl Pts',(-67.0520280911255,19.1672646102933,185.106993118099));
#3207=CARTESIAN_POINT('Ctrl Pts',(-66.3225312907471,19.5011386008499,182.358258061144));
#3208=CARTESIAN_POINT('Ctrl Pts',(-66.169397691786,19.9785531542589,181.321607412829));
#3209=CARTESIAN_POINT('Ctrl Pts',(-66.1334569462092,20.2928518419671,180.852080907543));
#3210=CARTESIAN_POINT('Ctrl Pts',(-66.1334574386586,20.292847535567,180.852087340826));
#3211=CARTESIAN_POINT('Ctrl Pts',(-66.133440210852,20.2929981893482,180.851862280497));
#3212=CARTESIAN_POINT('Ctrl Pts',(-66.1334229923755,20.2931488605103,180.851637231352));
#3213=CARTESIAN_POINT('Ctrl Pts',(-66.1334057832298,20.2932995490524,180.851412193395));
#3214=CARTESIAN_POINT('Ctrl Pts',(-66.0615244118934,20.9227148162188,179.911444734362));
#3215=CARTESIAN_POINT('Ctrl Pts',(-66.1626504595868,21.8592038014309,179.190680775157));
#3216=CARTESIAN_POINT('Ctrl Pts',(-66.3659563332151,22.8898799266402,178.816117729378));
#3217=CARTESIAN_POINT('Ctrl Pts',(-66.4676092700293,23.4052179892449,178.628836206488));
#3218=CARTESIAN_POINT('Ctrl Pts',(-66.5948071633272,23.9441028368488,178.528104911954));
#3219=CARTESIAN_POINT('Ctrl Pts',(-66.7336599203071,24.4807699276617,178.514248261003));
#3220=CARTESIAN_POINT('Ctrl Pts',(-67.0113654342668,25.5541041092874,178.486534959101));
#3221=CARTESIAN_POINT('Ctrl Pts',(-67.3356904029543,26.6185672637487,178.806320231527));
#3222=CARTESIAN_POINT('Ctrl Pts',(-67.6331245002814,27.481665392885,179.416530650198));
#3223=CARTESIAN_POINT('Ctrl Pts',(-68.5833543676485,26.5974490589444,180.211890822093));
#3224=CARTESIAN_POINT('Ctrl Pts',(-68.2907592216751,25.9178685585637,179.7360434329));
#3225=CARTESIAN_POINT('Ctrl Pts',(-67.8141264196873,24.6658735004388,179.353637477611));
#3226=CARTESIAN_POINT('Ctrl Pts',(-67.1929677409394,22.5637121225793,179.715401927034));
#3227=CARTESIAN_POINT('Ctrl Pts',(-67.0438248024743,21.474773784331,180.532639895309));
#3228=CARTESIAN_POINT('Ctrl Pts',(-67.1456716335609,20.7494822630307,181.607638378116));
#3229=CARTESIAN_POINT('Ctrl Pts',(-67.2922202253727,20.3859085279478,182.400174304195));
#3230=CARTESIAN_POINT('Ctrl Pts',(-67.9951528273827,20.1510802115705,184.513034513281));
#3231=CARTESIAN_POINT('Ctrl Pts',(-68.8728672479574,20.9952437175306,186.055381121528));
#3232=CARTESIAN_POINT('Ctrl Pts',(-69.3760557808526,22.0088375681188,186.765107176392));
#3233=CARTESIAN_POINT('Ctrl Pts',(-69.3760557808822,22.0088375681936,186.765107176445));
#3234=CARTESIAN_POINT('Ctrl Pts',(-69.4848264006136,22.2827141176287,186.956877600898));
#3235=CARTESIAN_POINT('Ctrl Pts',(-69.5966395334143,22.555779857662,187.148080290496));
#3236=CARTESIAN_POINT('Ctrl Pts',(-69.7114765082197,22.8279896123206,187.338683612683));
#3237=CARTESIAN_POINT('Ctrl Pts',(-69.2064808585265,22.0540280967709,186.79674992521));
#3238=CARTESIAN_POINT('Ctrl Pts',(-69.3155121560944,22.3287678778189,186.989124273376));
#3239=CARTESIAN_POINT('Ctrl Pts',(-69.4275990505914,22.6026920950677,187.180929062645));
#3240=CARTESIAN_POINT('Ctrl Pts',(-69.5427232140783,22.8757600650428,187.372132843782));
#3241=CARTESIAN_POINT('Ctrl Pts',(-68.8684541946273,22.0879461513928,186.940035888273));
#3242=CARTESIAN_POINT('Ctrl Pts',(-68.9780066505639,22.3643574412547,187.133687673439));
#3243=CARTESIAN_POINT('Ctrl Pts',(-69.0906407795969,22.6399424621837,187.326755496127));
#3244=CARTESIAN_POINT('Ctrl Pts',(-69.2063389019005,22.9146766552658,187.519223046535));
#3245=CARTESIAN_POINT('Ctrl Pts',(-68.4394359320765,21.9356159567605,187.400921609449));
#3246=CARTESIAN_POINT('Ctrl Pts',(-68.5497872149601,22.2139526289825,187.59637986113));
#3247=CARTESIAN_POINT('Ctrl Pts',(-68.663247117175,22.4914780620893,187.791244637102));
#3248=CARTESIAN_POINT('Ctrl Pts',(-68.7797965350124,22.7681447061798,187.985480716815));
#3249=CARTESIAN_POINT('Ctrl Pts',(-68.3924785183034,21.6734980325254,187.801898662354));
#3250=CARTESIAN_POINT('Ctrl Pts',(-68.5031901860813,21.9518525931123,187.997702988042));
#3251=CARTESIAN_POINT('Ctrl Pts',(-68.6169972856032,22.2293678200462,188.192871350267));
#3252=CARTESIAN_POINT('Ctrl Pts',(-68.7338854266919,22.5060649455868,188.38743047951));
#3253=CARTESIAN_POINT('Ctrl Pts',(-68.4680353435104,21.5068647647717,187.997020416907));
#3254=CARTESIAN_POINT('Ctrl Pts',(-68.5788290320603,21.7847442389042,188.192546920898));
#3255=CARTESIAN_POINT('Ctrl Pts',(-68.6927038879643,22.0618199448474,188.387465139073));
#3256=CARTESIAN_POINT('Ctrl Pts',(-68.8096408984077,22.3380464650244,188.581743672745));
#3257=CARTESIAN_POINT('',(-69.7114765082197,22.8279896123637,187.338683612713));
#3258=CARTESIAN_POINT('',(-68.8096408984077,22.3380464650244,188.581743672745));
#3259=CARTESIAN_POINT('Origin',(-69.7114765082197,22.2544131759694,188.157835656971));
#3260=CARTESIAN_POINT('Ctrl Pts',(-68.8096408984077,22.3380464650244,188.581743672745));
#3261=CARTESIAN_POINT('Ctrl Pts',(-68.6927038879643,22.0618199448474,188.387465139073));
#3262=CARTESIAN_POINT('Ctrl Pts',(-68.5788290320603,21.7847442389042,188.192546920898));
#3263=CARTESIAN_POINT('Ctrl Pts',(-68.4680353435104,21.5068647647717,187.997020416907));
#3264=CARTESIAN_POINT('Ctrl Pts',(-69.3760557808822,22.0088375681936,186.765107176445));
#3265=CARTESIAN_POINT('Ctrl Pts',(-69.4848264006136,22.2827141176287,186.956877600898));
#3266=CARTESIAN_POINT('Ctrl Pts',(-69.5966395334143,22.555779857662,187.148080290496));
#3267=CARTESIAN_POINT('Ctrl Pts',(-69.7114765082197,22.8279896123206,187.338683612683));
#3268=CARTESIAN_POINT('Ctrl Pts',(-69.5496509218954,22.57067147566,190.019039498974));
#3269=CARTESIAN_POINT('Ctrl Pts',(-69.4253050522089,22.7543663037452,189.75757739165));
#3270=CARTESIAN_POINT('Ctrl Pts',(-69.1432838517693,22.8465716630854,189.184231372735));
#3271=CARTESIAN_POINT('Ctrl Pts',(-68.8917689758837,22.5320479446779,188.718190828391));
#3272=CARTESIAN_POINT('Ctrl Pts',(-68.8096408984237,22.3380464650622,188.581743672771));
#3273=CARTESIAN_POINT('Ctrl Pts',(-69.5855332836696,22.6699842788605,190.071507379891));
#3274=CARTESIAN_POINT('Ctrl Pts',(-69.4516887102552,22.8813397395011,189.787931308634));
#3275=CARTESIAN_POINT('Ctrl Pts',(-69.1455557424811,23.007831486667,189.158766200689));
#3276=CARTESIAN_POINT('Ctrl Pts',(-68.8568258209231,22.67168690257,188.616428488918));
#3277=CARTESIAN_POINT('Ctrl Pts',(-68.7591372506092,22.4500587854302,188.452201543941));
#3278=CARTESIAN_POINT('Ctrl Pts',(-69.6944735761183,22.8654671755516,190.156555633133));
#3279=CARTESIAN_POINT('Ctrl Pts',(-69.5486167499302,23.1312027027161,189.8255798659));
#3280=CARTESIAN_POINT('Ctrl Pts',(-69.21094366025,23.3238411767113,189.077824843733));
#3281=CARTESIAN_POINT('Ctrl Pts',(-68.8681612425259,22.9423515480392,188.375178999967));
#3282=CARTESIAN_POINT('Ctrl Pts',(-68.7469971106811,22.6651281873922,188.152364943238));
#3283=CARTESIAN_POINT('Ctrl Pts',(-69.991236073886,23.1552305656074,190.218259935359));
#3284=CARTESIAN_POINT('Ctrl Pts',(-69.8469289364385,23.4939403200407,189.800352915312));
#3285=CARTESIAN_POINT('Ctrl Pts',(-69.511345611504,23.7488783454639,188.846629362921));
#3286=CARTESIAN_POINT('Ctrl Pts',(-69.1639479840845,23.2663941818495,187.923876017203));
#3287=CARTESIAN_POINT('Ctrl Pts',(-69.0395838678097,22.9092797358571,187.627399218477));
#3288=CARTESIAN_POINT('Ctrl Pts',(-70.26549905377,23.2823025687901,190.176751060889));
#3289=CARTESIAN_POINT('Ctrl Pts',(-70.1365720310986,23.6392796668618,189.701570481241));
#3290=CARTESIAN_POINT('Ctrl Pts',(-69.8401462535383,23.8582011109507,188.635018672755));
#3291=CARTESIAN_POINT('Ctrl Pts',(-69.5557940734158,23.2828279576684,187.682592062033));
#3292=CARTESIAN_POINT('Ctrl Pts',(-69.4583465670192,22.8996452913925,187.388857459318));
#3293=CARTESIAN_POINT('Ctrl Pts',(-70.4302954545823,23.3191408282824,190.124140574023));
#3294=CARTESIAN_POINT('Ctrl Pts',(-70.3107399150561,23.6710502720612,189.621561803337));
#3295=CARTESIAN_POINT('Ctrl Pts',(-70.0376912999519,23.8364049260795,188.513868542766));
#3296=CARTESIAN_POINT('Ctrl Pts',(-69.7921296729299,23.2103504018221,187.606415519773));
#3297=CARTESIAN_POINT('Ctrl Pts',(-69.7114765082355,22.8279896123089,187.338683612674));
#3298=CARTESIAN_POINT('',(-70.4302954545823,23.3191408282824,190.124140574023));
#3299=CARTESIAN_POINT('Ctrl Pts',(-69.7114765082355,22.8279896123089,187.338683612674));
#3300=CARTESIAN_POINT('Ctrl Pts',(-69.7921296729299,23.2103504018221,187.606415519773));
#3301=CARTESIAN_POINT('Ctrl Pts',(-70.0376912999519,23.8364049260795,188.513868542766));
#3302=CARTESIAN_POINT('Ctrl Pts',(-70.3107399150561,23.6710502720612,189.621561803337));
#3303=CARTESIAN_POINT('Ctrl Pts',(-70.4302954545823,23.3191408282824,190.124140574023));
#3304=CARTESIAN_POINT('',(-69.5496509218954,22.57067147566,190.019039498974));
#3305=CARTESIAN_POINT('Origin',(-70.4302954545823,22.4999887839935,189.550564137672));
#3306=CARTESIAN_POINT('Ctrl Pts',(-69.5496509218954,22.57067147566,190.019039498974));
#3307=CARTESIAN_POINT('Ctrl Pts',(-69.4253050522089,22.7543663037452,189.75757739165));
#3308=CARTESIAN_POINT('Ctrl Pts',(-69.1432838517693,22.8465716630854,189.184231372735));
#3309=CARTESIAN_POINT('Ctrl Pts',(-68.8917689758837,22.5320479446779,188.718190828391));
#3310=CARTESIAN_POINT('Ctrl Pts',(-68.8096408984237,22.3380464650622,188.581743672771));
#3311=CARTESIAN_POINT('Ctrl Pts',(-70.4302954547717,23.3191408280036,190.124140574421));
#3312=CARTESIAN_POINT('Ctrl Pts',(-71.1190340641387,22.3054963667058,191.571774891369));
#3313=CARTESIAN_POINT('Ctrl Pts',(-72.0279524896661,21.3416804312066,192.948246698518));
#3314=CARTESIAN_POINT('Ctrl Pts',(-73.1176891480498,20.4512586465251,194.21990079547));
#3315=CARTESIAN_POINT('Ctrl Pts',(-70.238032987159,23.2761628585934,190.185519475768));
#3316=CARTESIAN_POINT('Ctrl Pts',(-70.9325251439814,22.2532433522203,191.646414008285));
#3317=CARTESIAN_POINT('Ctrl Pts',(-71.848380247992,21.2807914511689,193.035155878495));
#3318=CARTESIAN_POINT('Ctrl Pts',(-72.9460857667728,20.3821656182777,194.318575866041));
#3319=CARTESIAN_POINT('Ctrl Pts',(-69.8541689198681,23.0821276422801,190.232284933582));
#3320=CARTESIAN_POINT('Ctrl Pts',(-70.5601433944356,22.040142839295,191.719203631421));
#3321=CARTESIAN_POINT('Ctrl Pts',(-71.4898814869585,21.0493075015582,193.131774138494));
#3322=CARTESIAN_POINT('Ctrl Pts',(-72.6035093905403,20.1323795868927,194.437242657572));
#3323=CARTESIAN_POINT('Ctrl Pts',(-69.6124450551967,22.7444688809707,190.110858290992));
#3324=CARTESIAN_POINT('Ctrl Pts',(-70.3263555302675,21.6896752251641,191.613394657753));
#3325=CARTESIAN_POINT('Ctrl Pts',(-71.2661989544594,20.6858309995193,193.038816753865));
#3326=CARTESIAN_POINT('Ctrl Pts',(-72.3917459494498,19.7553186549707,194.354691212548));
#3327=CARTESIAN_POINT('Ctrl Pts',(-69.5496509220924,22.5706714753689,190.019039499389));
#3328=CARTESIAN_POINT('Ctrl Pts',(-70.265985787953,21.5124376123643,191.525277093268));
#3329=CARTESIAN_POINT('Ctrl Pts',(-71.2092699526943,20.5048573752779,192.953486697497));
#3330=CARTESIAN_POINT('Ctrl Pts',(-72.3389359294897,19.5706452123732,194.27063671855));
#3331=CARTESIAN_POINT('',(-73.1176891480498,20.4512586465247,194.219900795471));
#3332=CARTESIAN_POINT('',(-72.3389359294897,19.5706452123732,194.27063671855));
#3333=CARTESIAN_POINT('Origin',(-73.1176891480498,19.6321066022361,193.646324359119));
#3334=CARTESIAN_POINT('Ctrl Pts',(-72.3389359294897,19.5706452123732,194.27063671855));
#3335=CARTESIAN_POINT('Ctrl Pts',(-71.2092699526943,20.5048573752779,192.953486697497));
#3336=CARTESIAN_POINT('Ctrl Pts',(-70.265985787953,21.5124376123643,191.525277093268));
#3337=CARTESIAN_POINT('Ctrl Pts',(-69.5496509220924,22.5706714753689,190.019039499389));
#3338=CARTESIAN_POINT('Ctrl Pts',(-70.4302954547717,23.3191408280036,190.124140574421));
#3339=CARTESIAN_POINT('Ctrl Pts',(-71.1190340641387,22.3054963667058,191.571774891369));
#3340=CARTESIAN_POINT('Ctrl Pts',(-72.0279524896661,21.3416804312066,192.948246698518));
#3341=CARTESIAN_POINT('Ctrl Pts',(-73.1176891480498,20.4512586465251,194.21990079547));
#3342=CARTESIAN_POINT('Ctrl Pts',(-76.2546032198328,20.2506486508241,198.553432866862));
#3343=CARTESIAN_POINT('Ctrl Pts',(-76.0029520654781,19.816590754802,198.25025724166));
#3344=CARTESIAN_POINT('Ctrl Pts',(-75.4764801726938,19.3536786410874,197.675624842991));
#3345=CARTESIAN_POINT('Ctrl Pts',(-74.1035263883174,18.8264533646074,196.225541747175));
#3346=CARTESIAN_POINT('Ctrl Pts',(-73.0284649780198,19.0004178734558,195.074602863803));
#3347=CARTESIAN_POINT('Ctrl Pts',(-72.3389359294896,19.5706452123732,194.27063671855));
#3348=CARTESIAN_POINT('Ctrl Pts',(-76.1232288353919,20.3956931693687,198.455417121857));
#3349=CARTESIAN_POINT('Ctrl Pts',(-75.8949073720242,19.9899415871269,198.178494731794));
#3350=CARTESIAN_POINT('Ctrl Pts',(-75.4038405216678,19.5362759261154,197.637018784342));
#3351=CARTESIAN_POINT('Ctrl Pts',(-74.0907549562633,18.9952314952682,196.236867039204));
#3352=CARTESIAN_POINT('Ctrl Pts',(-73.0428275103349,19.137731692465,195.107293048148));
#3353=CARTESIAN_POINT('Ctrl Pts',(-72.3691130837526,19.6761728938574,194.318667857978));
#3354=CARTESIAN_POINT('Ctrl Pts',(-75.9614367711416,20.7030664059774,198.150839119696));
#3355=CARTESIAN_POINT('Ctrl Pts',(-75.7733478998829,20.3536696847477,197.9346383006));
#3356=CARTESIAN_POINT('Ctrl Pts',(-75.3416318133791,19.9163631710082,197.474400365587));
#3357=CARTESIAN_POINT('Ctrl Pts',(-74.1234655730886,19.3408916767786,196.206657893555));
#3358=CARTESIAN_POINT('Ctrl Pts',(-73.1146938657235,19.4170386091203,195.136012733701));
#3359=CARTESIAN_POINT('Ctrl Pts',(-72.4633709675015,19.88988197359,194.387534815687));
#3360=CARTESIAN_POINT('Ctrl Pts',(-76.1075829141109,20.9980020203088,197.608227598103));
#3361=CARTESIAN_POINT('Ctrl Pts',(-75.9286748853162,20.7039682793875,197.450987295922));
#3362=CARTESIAN_POINT('Ctrl Pts',(-75.5103516862059,20.3023787834558,197.08769885118));
#3363=CARTESIAN_POINT('Ctrl Pts',(-74.3134527497308,19.7325736911614,196.017796345817));
#3364=CARTESIAN_POINT('Ctrl Pts',(-73.3143613011376,19.7535982844565,195.066299441573));
#3365=CARTESIAN_POINT('Ctrl Pts',(-72.6696104321391,20.1535073787627,194.395391589604));
#3366=CARTESIAN_POINT('Ctrl Pts',(-76.4848581742727,21.0682344252039,197.194532551954));
#3367=CARTESIAN_POINT('Ctrl Pts',(-76.2776498705774,20.7948087054536,197.04145288657));
#3368=CARTESIAN_POINT('Ctrl Pts',(-75.8198391635254,20.4408909651545,196.708546245635));
#3369=CARTESIAN_POINT('Ctrl Pts',(-74.565583465118,19.9503627753592,195.758004338131));
#3370=CARTESIAN_POINT('Ctrl Pts',(-73.549636840132,19.9799043601819,194.922981747549));
#3371=CARTESIAN_POINT('Ctrl Pts',(-72.897084636222,20.3424344446675,194.332747035539));
#3372=CARTESIAN_POINT('Ctrl Pts',(-76.7807284786293,21.0002475217105,197.045856121793));
#3373=CARTESIAN_POINT('Ctrl Pts',(-76.5457820005284,20.7217765189033,196.865930894779));
#3374=CARTESIAN_POINT('Ctrl Pts',(-76.0490668311042,20.3996284950356,196.510909393606));
#3375=CARTESIAN_POINT('Ctrl Pts',(-74.7386521719599,19.9922537077735,195.575567387707));
#3376=CARTESIAN_POINT('Ctrl Pts',(-73.7050801420487,20.062745888761,194.803231245554));
#3377=CARTESIAN_POINT('Ctrl Pts',(-73.0441448417882,20.4216473487045,194.262190111429));
#3378=CARTESIAN_POINT('Ctrl Pts',(-76.9289202988228,20.9424098624001,197.005357756751));
#3379=CARTESIAN_POINT('Ctrl Pts',(-76.6799372463545,20.6570314678715,196.80553365366));
#3380=CARTESIAN_POINT('Ctrl Pts',(-76.1637068603165,20.3493503772395,196.428984598605));
#3381=CARTESIAN_POINT('Ctrl Pts',(-74.824897719248,19.9891540658477,195.483253508006));
#3382=CARTESIAN_POINT('Ctrl Pts',(-73.7828460144497,20.0889263591677,194.737364929437));
#3383=CARTESIAN_POINT('Ctrl Pts',(-73.1176891480498,20.4512586465248,194.21990079547));
#3384=CARTESIAN_POINT('',(-76.9289202988227,20.9424098624001,197.005357756751));
#3385=CARTESIAN_POINT('Ctrl Pts',(-73.1176891480498,20.4512586465248,194.21990079547));
#3386=CARTESIAN_POINT('Ctrl Pts',(-73.7828460144497,20.0889263591677,194.737364929437));
#3387=CARTESIAN_POINT('Ctrl Pts',(-74.824897719248,19.9891540658477,195.483253508006));
#3388=CARTESIAN_POINT('Ctrl Pts',(-76.1637068603165,20.3493503772395,196.428984598605));
#3389=CARTESIAN_POINT('Ctrl Pts',(-76.6799372463545,20.6570314678715,196.80553365366));
#3390=CARTESIAN_POINT('Ctrl Pts',(-76.9289202988228,20.9424098624001,197.005357756751));
#3391=CARTESIAN_POINT('',(-76.2546032198328,20.2506486508241,198.553432866862));
#3392=CARTESIAN_POINT('Origin',(-76.9289202988227,20.368833426049,197.82450980104));
#3393=CARTESIAN_POINT('Ctrl Pts',(-76.2546032198328,20.2506486508241,198.553432866862));
#3394=CARTESIAN_POINT('Ctrl Pts',(-76.0029520654781,19.816590754802,198.25025724166));
#3395=CARTESIAN_POINT('Ctrl Pts',(-75.4764801726938,19.3536786410874,197.675624842991));
#3396=CARTESIAN_POINT('Ctrl Pts',(-74.1035263883174,18.8264533646074,196.225541747175));
#3397=CARTESIAN_POINT('Ctrl Pts',(-73.0284649780198,19.0004178734558,195.074602863803));
#3398=CARTESIAN_POINT('Ctrl Pts',(-72.3389359294896,19.5706452123732,194.27063671855));
#3399=CARTESIAN_POINT('Ctrl Pts',(-76.9289202988228,20.9424098624,197.005357756751));
#3400=CARTESIAN_POINT('Ctrl Pts',(-77.9415309135786,22.6833548102001,198.224380532809));
#3401=CARTESIAN_POINT('Ctrl Pts',(-79.0818813701497,24.3744042482639,199.408466096827));
#3402=CARTESIAN_POINT('Ctrl Pts',(-80.345861864936,26.0013741198797,200.547682665372));
#3403=CARTESIAN_POINT('Ctrl Pts',(-76.7313312052315,21.0195267414806,197.059355576807));
#3404=CARTESIAN_POINT('Ctrl Pts',(-77.7479943369383,22.766829943716,198.282837179969));
#3405=CARTESIAN_POINT('Ctrl Pts',(-78.8930015506828,24.4641303665922,199.471284171341));
#3406=CARTESIAN_POINT('Ctrl Pts',(-80.1621752652248,26.0971304239483,200.614731951312));
#3407=CARTESIAN_POINT('Ctrl Pts',(-76.3366355009628,21.087970304045,197.28947152771));
#3408=CARTESIAN_POINT('Ctrl Pts',(-77.3614240658359,22.8482847414038,198.521502864224));
#3409=CARTESIAN_POINT('Ctrl Pts',(-78.5156551909068,24.5582956661495,199.718188398794));
#3410=CARTESIAN_POINT('Ctrl Pts',(-79.7952409883175,26.2037373541633,200.869601405752));
#3411=CARTESIAN_POINT('Ctrl Pts',(-76.0200117804473,20.9081648563827,197.809271434994));
#3412=CARTESIAN_POINT('Ctrl Pts',(-77.0506656186189,22.6797193217998,199.047511350086));
#3413=CARTESIAN_POINT('Ctrl Pts',(-78.2115880857748,24.4010316820546,200.250077461241));
#3414=CARTESIAN_POINT('Ctrl Pts',(-79.4987766365966,26.0576839193012,201.407119655616));
#3415=CARTESIAN_POINT('Ctrl Pts',(-76.0151813049765,20.586406549722,198.272802470039));
#3416=CARTESIAN_POINT('Ctrl Pts',(-77.0447635734139,22.3590820097933,199.510735704575));
#3417=CARTESIAN_POINT('Ctrl Pts',(-78.2044541405525,24.0818487237641,200.712996143244));
#3418=CARTESIAN_POINT('Ctrl Pts',(-79.490422680599,25.7402244466216,201.869767627474));
#3419=CARTESIAN_POINT('Ctrl Pts',(-76.1560724315022,20.3594320397325,198.479921058108));
#3420=CARTESIAN_POINT('Ctrl Pts',(-77.1819419405065,22.1278913021936,199.714909780047));
#3421=CARTESIAN_POINT('Ctrl Pts',(-78.3373508300625,23.8466831362263,200.914380056497));
#3422=CARTESIAN_POINT('Ctrl Pts',(-79.6186640728264,25.5013914762817,202.068570414358));
#3423=CARTESIAN_POINT('Ctrl Pts',(-76.2546032198328,20.2506486508241,198.553432866862));
#3424=CARTESIAN_POINT('Ctrl Pts',(-77.2780649678873,22.0159560826891,199.786443921918));
#3425=CARTESIAN_POINT('Ctrl Pts',(-78.4307498794908,23.7317536641658,200.984093194219));
#3426=CARTESIAN_POINT('Ctrl Pts',(-79.709021739523,25.3835851610304,202.136561873998));
#3427=CARTESIAN_POINT('',(-79.5000001117863,25.1114427850504,201.946685504347));
#3428=CARTESIAN_POINT('',(-79.5000001117916,24.877844646065,199.760978858406));
#3429=CARTESIAN_POINT('Ctrl Pts',(-79.5000001117586,25.1114427850141,201.946685504322));
#3430=CARTESIAN_POINT('Ctrl Pts',(-79.5000001117586,25.269919924335,201.956657915887));
#3431=CARTESIAN_POINT('Ctrl Pts',(-79.5000001115941,25.4123016816781,201.941777596144));
#3432=CARTESIAN_POINT('Ctrl Pts',(-79.5000001115941,25.618533024292,201.87641048814));
#3433=CARTESIAN_POINT('Ctrl Pts',(-79.5000001117544,25.6986164779321,201.83617169276));
#3434=CARTESIAN_POINT('Ctrl Pts',(-79.5000001117544,25.8227962812928,201.732316451271));
#3435=CARTESIAN_POINT('Ctrl Pts',(-79.5000001117586,25.8682558289273,201.676292028132));
#3436=CARTESIAN_POINT('Ctrl Pts',(-79.5000001117586,25.935817324591,201.545973202433));
#3437=CARTESIAN_POINT('Ctrl Pts',(-79.5000001117586,25.9557792002871,201.474969835914));
#3438=CARTESIAN_POINT('Ctrl Pts',(-79.5000001117586,25.9752287019415,201.304571340022));
#3439=CARTESIAN_POINT('Ctrl Pts',(-79.5000001117586,25.9659814128034,201.205459320242));
#3440=CARTESIAN_POINT('Ctrl Pts',(-79.5000001117586,25.9124429858977,200.968936050772));
#3441=CARTESIAN_POINT('Ctrl Pts',(-79.5000001117571,25.8496112404645,200.81871009439));
#3442=CARTESIAN_POINT('Ctrl Pts',(-79.5000001117571,25.6551338887884,200.494408521938));
#3443=CARTESIAN_POINT('Ctrl Pts',(-79.5000001117515,25.526067685742,200.3347227287));
#3444=CARTESIAN_POINT('Ctrl Pts',(-79.5000001117515,25.2326976643668,200.033112021146));
#3445=CARTESIAN_POINT('Ctrl Pts',(-79.5000001117586,25.0594080165086,199.888110899054));
#3446=CARTESIAN_POINT('Ctrl Pts',(-79.5000001117586,24.8778446459746,199.760978858343));
#3447=CARTESIAN_POINT('Ctrl Pts',(-79.5000002222736,25.1114427523418,201.946685430307));
#3448=CARTESIAN_POINT('Ctrl Pts',(-78.3048002631505,23.5435484503236,200.85272106797));
#3449=CARTESIAN_POINT('Ctrl Pts',(-77.221977739824,21.9192146063017,199.718873079744));
#3450=CARTESIAN_POINT('Ctrl Pts',(-76.2546032198328,20.2506486508241,198.553432866862));
#3451=CARTESIAN_POINT('Ctrl Pts',(-76.9289202988228,20.9424098624,197.005357756751));
#3452=CARTESIAN_POINT('Ctrl Pts',(-77.7104807486004,22.2861185857862,197.946232734024));
#3453=CARTESIAN_POINT('Ctrl Pts',(-78.5681380293577,23.6001036918805,198.866295010407));
#3454=CARTESIAN_POINT('Ctrl Pts',(-79.5000024911288,24.8778434816225,199.760978043055));
#3455=CARTESIAN_POINT('Origin',(-79.5000001117586,42.2403630139138,211.918345101879));
#3456=CARTESIAN_POINT('',(-79.5000001117586,20.9424098624001,197.005357756751));
#3457=CARTESIAN_POINT('',(-79.5000001117586,20.9424098624001,197.005357756751));
#3458=CARTESIAN_POINT('',(-79.5000001117586,52.0701875453817,218.801262338091));
#3459=CARTESIAN_POINT('Origin',(-79.5000001117586,22.0895627351022,195.367053668173));
#3460=CARTESIAN_POINT('',(-79.5000001117586,20.4512586465243,194.219900795471));
#3461=CARTESIAN_POINT('',(-79.5000001117586,20.4512586465243,194.219900795471));
#3462=CARTESIAN_POINT('Origin',(-79.5000001117586,22.0895627351022,195.367053668173));
#3463=CARTESIAN_POINT('Origin',(-79.5000001117586,19.3041057738219,195.858204884049));
#3464=CARTESIAN_POINT('',(-79.5000001117586,23.3191408282824,190.124140574023));
#3465=CARTESIAN_POINT('',(-79.5000001117586,23.3191408282824,190.124140574023));
#3466=CARTESIAN_POINT('',(-79.5000001117586,19.3041057738219,195.858204884049));
#3467=CARTESIAN_POINT('Origin',(-79.5000001117586,21.6808367397045,188.976987701321));
#3468=CARTESIAN_POINT('',(-79.5000001117586,22.8279896124068,187.338683612743));
#3469=CARTESIAN_POINT('',(-79.5000001117586,22.8279896124068,187.338683612743));
#3470=CARTESIAN_POINT('Origin',(-79.5000001117586,21.6808367397045,188.976987701321));
#3471=CARTESIAN_POINT('Origin',(-79.5000001117586,24.4662937009846,188.485836485445));
#3472=CARTESIAN_POINT('',(-79.5000001117586,22.0088375681179,186.765107176392));
#3473=CARTESIAN_POINT('',(-79.5000001117586,22.0088375681179,186.765107176392));
#3474=CARTESIAN_POINT('',(-79.5000001117586,24.4662937009846,188.485836485445));
#3475=CARTESIAN_POINT('Origin',(-79.5000001117586,24.3031433135224,183.488498999236));
#3476=CARTESIAN_POINT('',(-79.5000001117586,26.597449058927,180.21189082208));
#3477=CARTESIAN_POINT('',(-79.5000001117586,26.597449058927,180.21189082208));
#3478=CARTESIAN_POINT('Origin',(-79.5000001117586,24.3031433135224,183.488498999236));
#3479=CARTESIAN_POINT('Origin',(-79.5000001117586,26.597449058927,180.21189082208));
#3480=CARTESIAN_POINT('',(-79.5000001117586,27.4166011032159,180.785467258432));
#3481=CARTESIAN_POINT('',(-79.5000001117586,27.4166011032159,180.785467258432));
#3482=CARTESIAN_POINT('',(-79.5000001117586,26.597449058927,180.21189082208));
#3483=CARTESIAN_POINT('Origin',(-79.5000001117586,28.5637539759182,179.147163169854));
#3484=CARTESIAN_POINT('',(-79.5000001117586,30.202058064496,180.294316042556));
#3485=CARTESIAN_POINT('',(-79.5000001117586,30.202058064496,180.294316042556));
#3486=CARTESIAN_POINT('Origin',(-79.5000001117586,28.5637539759182,179.147163169854));
#3487=CARTESIAN_POINT('Origin',(-79.5000001117586,29.0549051917937,181.932620131134));
#3488=CARTESIAN_POINT('',(-79.5000001117586,33.0699402462492,176.198555821115));
#3489=CARTESIAN_POINT('',(-79.5000001117586,33.0699402462492,176.198555821115));
#3490=CARTESIAN_POINT('',(-79.5000001117586,29.0549051917937,181.932620131134));
#3491=CARTESIAN_POINT('Origin',(-79.5000001117586,34.7082443348271,177.345708693817));
#3492=CARTESIAN_POINT('',(-79.5000001117586,35.8553972075291,175.707404605239));
#3493=CARTESIAN_POINT('',(-79.5000001117586,35.8553972075292,175.707404605239));
#3494=CARTESIAN_POINT('Origin',(-79.5000001117586,34.7082443348271,177.345708693817));
#3495=CARTESIAN_POINT('Origin',(-79.5000001117586,34.2170931189514,174.560251732537));
#3496=CARTESIAN_POINT('',(-79.5000001117586,34.2170931189514,174.560251732537));
#3497=CARTESIAN_POINT('Ctrl Pts',(-105.397312649063,59.5770443251065,191.905943025815));
#3498=CARTESIAN_POINT('Ctrl Pts',(-97.7193774165828,57.9920355159131,190.740561947228));
#3499=CARTESIAN_POINT('Ctrl Pts',(-90.5071912328672,54.9461234313404,188.539566775537));
#3500=CARTESIAN_POINT('Ctrl Pts',(-84.6390208629527,50.6465507345006,185.501440439764));
#3501=CARTESIAN_POINT('Ctrl Pts',(-105.352340548055,59.5755303402004,192.219495327107));
#3502=CARTESIAN_POINT('Ctrl Pts',(-97.6476847103316,57.9761282767056,191.059623886327));
#3503=CARTESIAN_POINT('Ctrl Pts',(-90.4102789663554,54.9079731514869,188.861636316594));
#3504=CARTESIAN_POINT('Ctrl Pts',(-84.5207775047082,50.587509379561,185.816351326897));
#3505=CARTESIAN_POINT('Ctrl Pts',(-105.231947178274,59.7229374930989,192.842588567009));
#3506=CARTESIAN_POINT('Ctrl Pts',(-97.4527324073572,58.1001516119783,191.695018567571));
#3507=CARTESIAN_POINT('Ctrl Pts',(-90.1378355832308,54.9893100739305,189.502699733902));
#3508=CARTESIAN_POINT('Ctrl Pts',(-84.1825053904009,50.6163031909572,186.434907458118));
#3509=CARTESIAN_POINT('Ctrl Pts',(-105.07734564566,60.1378293228163,193.320533912809));
#3510=CARTESIAN_POINT('Ctrl Pts',(-97.2000154594178,58.5051440102362,192.177395082672));
#3511=CARTESIAN_POINT('Ctrl Pts',(-89.775196455917,55.3640880289375,189.977876934332));
#3512=CARTESIAN_POINT('Ctrl Pts',(-83.7276215762736,50.9303978011265,186.873420953773));
#3513=CARTESIAN_POINT('Ctrl Pts',(-105.000000107102,60.3894537049883,193.496723202004));
#3514=CARTESIAN_POINT('Ctrl Pts',(-97.0735474647045,58.7545564888665,192.351955847077));
#3515=CARTESIAN_POINT('Ctrl Pts',(-89.5937850317862,55.6016274922051,190.144251196175));
#3516=CARTESIAN_POINT('Ctrl Pts',(-83.5000001117585,51.1389596209577,187.019457512201));
#3517=CARTESIAN_POINT('',(-105.000000111759,59.4936559956746,191.844667959685));
#3518=CARTESIAN_POINT('',(-105.000000072709,60.3894536898403,193.496723191397));
#3519=CARTESIAN_POINT('Ctrl Pts',(-104.999999601119,59.4936316350115,191.84464836052));
#3520=CARTESIAN_POINT('Ctrl Pts',(-105.000000538269,59.4953855475263,191.918470481086));
#3521=CARTESIAN_POINT('Ctrl Pts',(-104.999984432295,59.501290428066,191.991995386846));
#3522=CARTESIAN_POINT('Ctrl Pts',(-104.999970113211,59.5111544471087,192.064910913298));
#3523=CARTESIAN_POINT('Ctrl Pts',(-104.999955525944,59.5212032096748,192.139192076943));
#3524=CARTESIAN_POINT('Ctrl Pts',(-104.999942671419,59.5353608951819,192.212841682109));
#3525=CARTESIAN_POINT('Ctrl Pts',(-104.999938580823,59.5534774228235,192.285537724308));
#3526=CARTESIAN_POINT('Ctrl Pts',(-104.999934452409,59.571761441284,192.358905855545));
#3527=CARTESIAN_POINT('Ctrl Pts',(-104.99993910088,59.5940780033139,192.431303643572));
#3528=CARTESIAN_POINT('Ctrl Pts',(-104.999948855551,59.6203239652773,192.502394514095));
#3529=CARTESIAN_POINT('Ctrl Pts',(-104.999953647676,59.6332176769498,192.537318941264));
#3530=CARTESIAN_POINT('Ctrl Pts',(-104.999959520824,59.6470604744638,192.571927783402));
#3531=CARTESIAN_POINT('Ctrl Pts',(-104.999965259542,59.6618444093085,192.606179592137));
#3532=CARTESIAN_POINT('Ctrl Pts',(-104.99997478387,59.6863807325378,192.66302599055));
#3533=CARTESIAN_POINT('Ctrl Pts',(-104.999984133029,59.7134238328866,192.718693456354));
#3534=CARTESIAN_POINT('Ctrl Pts',(-104.999989000432,59.7429015457912,192.773007583271));
#3535=CARTESIAN_POINT('Ctrl Pts',(-104.999994995724,59.7792099209129,192.839907539211));
#3536=CARTESIAN_POINT('Ctrl Pts',(-104.999994389487,59.8192106116329,192.904755498817));
#3537=CARTESIAN_POINT('Ctrl Pts',(-104.999993829353,59.8626291110747,192.967310678709));
#3538=CARTESIAN_POINT('Ctrl Pts',(-104.999993419,59.8944374295099,193.013138496513));
#3539=CARTESIAN_POINT('Ctrl Pts',(-104.999992795053,59.9280812053087,193.057735468128));
#3540=CARTESIAN_POINT('Ctrl Pts',(-104.999991913496,59.9634674134975,193.100997751858));
#3541=CARTESIAN_POINT('Ctrl Pts',(-104.999990700306,60.0121655375482,193.160534847456));
#3542=CARTESIAN_POINT('Ctrl Pts',(-104.999989178243,60.064008498656,193.217357669267));
#3543=CARTESIAN_POINT('Ctrl Pts',(-104.999990268183,60.118729607098,193.27121790839));
#3544=CARTESIAN_POINT('Ctrl Pts',(-104.999991354835,60.1732856058161,193.324915635286));
#3545=CARTESIAN_POINT('Ctrl Pts',(-104.999994805878,60.2307030425479,193.375669322245));
#3546=CARTESIAN_POINT('Ctrl Pts',(-104.999997495476,60.2907559012983,193.423199477122));
#3547=CARTESIAN_POINT('Ctrl Pts',(-104.999998935541,60.3229094282865,193.448648092714));
#3548=CARTESIAN_POINT('Ctrl Pts',(-105.000000075491,60.3558190605646,193.473171970197));
#3549=CARTESIAN_POINT('Ctrl Pts',(-105.000000072709,60.3894536898402,193.496723191397));
#3550=CARTESIAN_POINT('',(-83.5000001117586,51.1389596209577,187.019457512201));
#3551=CARTESIAN_POINT('Ctrl Pts',(-105.000000070381,60.3894536974143,193.4967231967));
#3552=CARTESIAN_POINT('Ctrl Pts',(-97.0735474416034,58.7545564791287,192.351955840259));
#3553=CARTESIAN_POINT('Ctrl Pts',(-89.5937850223759,55.6016274853136,190.144251191349));
#3554=CARTESIAN_POINT('Ctrl Pts',(-83.5000001117585,51.1389596209577,187.019457512201));
#3555=CARTESIAN_POINT('',(-84.6390208629527,50.6465507345006,185.501440439764));
#3556=CARTESIAN_POINT('Origin',(-83.5000001117585,52.2861124936598,185.381153423623));
#3557=CARTESIAN_POINT('Ctrl Pts',(-84.6390208629527,50.6465507345006,185.501440439764));
#3558=CARTESIAN_POINT('Ctrl Pts',(-90.405865187891,54.8718824551935,188.487107268342));
#3559=CARTESIAN_POINT('Ctrl Pts',(-97.4707116455806,57.886473846971,190.664302927746));
#3560=CARTESIAN_POINT('Ctrl Pts',(-105.000007675845,59.4936333585958,191.844649626373));
#3561=CARTESIAN_POINT('Origin',(-83.5000001117586,52.2861124936598,185.381153423623));
#3562=CARTESIAN_POINT('',(-81.5000001117586,52.2861124936598,185.381153423623));
#3563=CARTESIAN_POINT('Origin',(-83.5000001117586,52.2861124936598,185.381153423623));
#3564=CARTESIAN_POINT('Origin',(-83.5000001117586,52.2861124936598,185.381153423623));
#3565=CARTESIAN_POINT('Ctrl Pts',(-84.6390208629528,50.6465507345007,185.501440439764));
#3566=CARTESIAN_POINT('Ctrl Pts',(-84.6328854113929,50.6211190151163,185.21289335429));
#3567=CARTESIAN_POINT('Ctrl Pts',(-84.6265465333218,50.5889611031468,184.92446127034));
#3568=CARTESIAN_POINT('Ctrl Pts',(-84.6200016231673,50.5501226979973,184.636530889139));
#3569=CARTESIAN_POINT('Ctrl Pts',(-84.2982174070277,50.4110585297117,185.518717406904));
#3570=CARTESIAN_POINT('Ctrl Pts',(-84.2917831124278,50.3875681340978,185.233653240687));
#3571=CARTESIAN_POINT('Ctrl Pts',(-84.285154149182,50.3574569316079,184.94856401275));
#3572=CARTESIAN_POINT('Ctrl Pts',(-84.2783183784479,50.3207988026639,184.663915508364));
#3573=CARTESIAN_POINT('Ctrl Pts',(-83.470770058474,50.1613175720174,185.537039738736));
#3574=CARTESIAN_POINT('Ctrl Pts',(-83.4650818361847,50.1412292090998,185.255570044972));
#3575=CARTESIAN_POINT('Ctrl Pts',(-83.4591662447277,50.1146342702729,184.973867689327));
#3576=CARTESIAN_POINT('Ctrl Pts',(-83.4531553674564,50.0816752150766,184.692470353835));
#3577=CARTESIAN_POINT('Ctrl Pts',(-82.0210389639831,50.6459215258675,185.501486601873));
#3578=CARTESIAN_POINT('Ctrl Pts',(-82.0191336238615,50.6274516797122,185.212444355479));
#3579=CARTESIAN_POINT('Ctrl Pts',(-82.0171755064269,50.6023957097242,184.923168857186));
#3580=CARTESIAN_POINT('Ctrl Pts',(-82.015172128668,50.5707831484892,184.634063729888));
#3581=CARTESIAN_POINT('Ctrl Pts',(-81.5000001117586,51.6658633773675,185.426658214794));
#3582=CARTESIAN_POINT('Ctrl Pts',(-81.5000493791904,51.6446227032414,185.122224025556));
#3583=CARTESIAN_POINT('Ctrl Pts',(-81.4999487435325,51.6163191733375,184.817592698433));
#3584=CARTESIAN_POINT('Ctrl Pts',(-81.5000001117586,51.5811579852165,184.513410231748));
#3585=CARTESIAN_POINT('Ctrl Pts',(-81.5000001117586,52.2861124936598,185.381153423623));
#3586=CARTESIAN_POINT('Ctrl Pts',(-81.5000001117586,52.2630864544771,185.067298990118));
#3587=CARTESIAN_POINT('Ctrl Pts',(-81.5000001117586,52.2328423169889,184.753460295604));
#3588=CARTESIAN_POINT('Ctrl Pts',(-81.5000001117586,52.1954175902192,184.440058672093));
#3589=CARTESIAN_POINT('',(-84.6231392487055,50.5683193222136,184.775302567137));
#3590=CARTESIAN_POINT('',(-81.5000001117586,52.1954175902216,184.440058672093));
#3591=CARTESIAN_POINT('Ctrl Pts',(-81.5000001117586,52.1954175902205,184.440058672104));
#3592=CARTESIAN_POINT('Ctrl Pts',(-81.5000001117586,51.9600122264874,184.531389684887));
#3593=CARTESIAN_POINT('Ctrl Pts',(-81.5446755345019,51.7215806154938,184.602908365296));
#3594=CARTESIAN_POINT('Ctrl Pts',(-81.7234138863503,51.2695534868377,184.705355093352));
#3595=CARTESIAN_POINT('Ctrl Pts',(-81.8521324330763,51.0624658492517,184.736062024027));
#3596=CARTESIAN_POINT('Ctrl Pts',(-82.186644753951,50.6939778720057,184.772733524305));
#3597=CARTESIAN_POINT('Ctrl Pts',(-82.3918618283725,50.5389611533908,184.777549465636));
#3598=CARTESIAN_POINT('Ctrl Pts',(-82.854401388108,50.3112496015955,184.779349184774));
#3599=CARTESIAN_POINT('Ctrl Pts',(-83.1086951582915,50.2426174323808,184.776542962291));
#3600=CARTESIAN_POINT('Ctrl Pts',(-83.5898543648071,50.2107563327151,184.775513149964));
#3601=CARTESIAN_POINT('Ctrl Pts',(-83.8111135075193,50.2332352068211,184.776575084093));
#3602=CARTESIAN_POINT('Ctrl Pts',(-84.2378651094567,50.3501661693313,184.778802744419));
#3603=CARTESIAN_POINT('Ctrl Pts',(-84.4402495283072,50.4439232945375,184.779819262428));
#3604=CARTESIAN_POINT('Ctrl Pts',(-84.6231392487054,50.5683193222134,184.775302567137));
#3605=CARTESIAN_POINT('Ctrl Pts',(-84.6231392458639,50.5683191605122,184.775302585443));
#3606=CARTESIAN_POINT('Ctrl Pts',(-84.6285774745009,50.5991174319597,185.017115043522));
#3607=CARTESIAN_POINT('Ctrl Pts',(-84.633870833209,50.6252036323374,185.259237228119));
#3608=CARTESIAN_POINT('Ctrl Pts',(-84.6390208629528,50.6465507345007,185.501440439764));
#3609=CARTESIAN_POINT('Ctrl Pts',(-81.5000001117586,52.2861124934095,185.381153420212));
#3610=CARTESIAN_POINT('Ctrl Pts',(-81.5000001117586,52.263086454258,185.067298987844));
#3611=CARTESIAN_POINT('Ctrl Pts',(-81.5000001117586,52.2328423168533,184.753460294469));
#3612=CARTESIAN_POINT('Ctrl Pts',(-81.5000001117586,52.1954175902192,184.440058672093));
#3613=CARTESIAN_POINT('Origin',(-81.5000001117586,39.4055766434547,195.214267720027));
#3614=CARTESIAN_POINT('',(-81.5000001117586,55.146682858559,187.384146356705));
#3615=CARTESIAN_POINT('',(-81.5000001117586,41.8751147386089,178.091294315252));
#3616=CARTESIAN_POINT('',(-81.5000001117586,54.5070475130875,186.155418290269));
#3617=CARTESIAN_POINT('Origin',(-81.5000001117586,56.0070475130875,186.155418290269));
#3618=CARTESIAN_POINT('Origin',(-81.5000001117586,56.0070475130875,186.155418290269));
#3619=CARTESIAN_POINT('',(-81.5000001117586,58.7235923925063,189.888725375869));
#3620=CARTESIAN_POINT('',(-81.5000001117586,41.8751147386089,178.091294315252));
#3621=CARTESIAN_POINT('',(-81.5000001117586,59.1833520165813,187.625482813031));
#3622=CARTESIAN_POINT('Origin',(-81.5000001117586,63.7209298787154,189.725574988406));
#3623=CARTESIAN_POINT('',(-81.5000001117586,53.6928666038937,183.529667593892));
#3624=CARTESIAN_POINT('Origin',(-81.5000001117586,56.0070475130875,186.155418290269));
#3625=CARTESIAN_POINT('Origin',(-81.5000001117586,50.3868938764741,179.778595170496));
#3626=CARTESIAN_POINT('Origin',(-83.5000001117586,41.8751147386089,178.091294315252));
#3627=CARTESIAN_POINT('',(-83.5000001117586,60.8530476969602,193.821335209851));
#3628=CARTESIAN_POINT('',(-83.5000001117586,40.7279618659069,179.72959840383));
#3629=CARTESIAN_POINT('Ctrl Pts',(-81.5000001117586,58.7235923925063,189.888725375869));
#3630=CARTESIAN_POINT('Ctrl Pts',(-81.5000001117586,58.7373336652062,190.309624021833));
#3631=CARTESIAN_POINT('Ctrl Pts',(-81.5806718556541,58.8028368182247,190.710518093722));
#3632=CARTESIAN_POINT('Ctrl Pts',(-81.8257635266255,59.0200136784211,191.474614480133));
#3633=CARTESIAN_POINT('Ctrl Pts',(-81.9924084109749,59.1721563688391,191.83696789186));
#3634=CARTESIAN_POINT('Ctrl Pts',(-82.5672913509439,59.7397486564251,192.847642317088));
#3635=CARTESIAN_POINT('Ctrl Pts',(-83.0498008000251,60.2699526525415,193.413047664256));
#3636=CARTESIAN_POINT('Ctrl Pts',(-83.5000001117586,60.8530476969602,193.821335209851));
#3637=CARTESIAN_POINT('Origin',(-105.000000111759,34.3398809229203,175.256615972857));
#3638=CARTESIAN_POINT('',(-105.000000111759,64.6485065616109,196.478944117844));
#3639=CARTESIAN_POINT('',(-105.000000111759,66.2868106501889,197.626096990546));
#3640=CARTESIAN_POINT('',(-79.5000001117586,64.6485065616109,196.478944117844));
#3641=CARTESIAN_POINT('',(-105.000000111759,64.6485065616109,196.478944117844));
#3642=CARTESIAN_POINT('',(-79.5000001117586,60.8530476969602,193.821335209851));
#3643=CARTESIAN_POINT('',(-79.5000001117586,66.2868106501889,197.626096990546));
#3644=CARTESIAN_POINT('',(-79.5000001117586,60.8530476969602,193.821335209851));
#3645=CARTESIAN_POINT('Origin',(-83.5000001117586,33.1345874487583,207.373574293053));
#3646=CARTESIAN_POINT('',(-81.9028023531797,33.825017041679,206.387538646025));
#3647=CARTESIAN_POINT('',(-84.421885862417,33.1345874501444,205.598714675299));
#3648=CARTESIAN_POINT('Ctrl Pts',(-84.4218858619153,33.1345874512491,205.598714675039));
#3649=CARTESIAN_POINT('Ctrl Pts',(-84.3179570213983,33.0762678995696,205.544732649488));
#3650=CARTESIAN_POINT('Ctrl Pts',(-84.2016217863135,33.0241893015592,205.499161978597));
#3651=CARTESIAN_POINT('Ctrl Pts',(-83.89255213065,32.9236796759222,205.413372669871));
#3652=CARTESIAN_POINT('Ctrl Pts',(-83.6903815699485,32.8921230807552,205.38832593825));
#3653=CARTESIAN_POINT('Ctrl Pts',(-83.3096186535687,32.8921230807552,205.38832593825));
#3654=CARTESIAN_POINT('Ctrl Pts',(-83.1074480928673,32.9236796759222,205.413372669871));
#3655=CARTESIAN_POINT('Ctrl Pts',(-82.7352237945108,33.0447272268391,205.516691985313));
#3656=CARTESIAN_POINT('Ctrl Pts',(-82.5650476963808,33.1335179122821,205.595342604916));
#3657=CARTESIAN_POINT('Ctrl Pts',(-82.2943424051375,33.3207530199854,205.777854718367));
#3658=CARTESIAN_POINT('Ctrl Pts',(-82.1618424588116,33.4444941181243,205.908009201144));
#3659=CARTESIAN_POINT('Ctrl Pts',(-82.0039656477432,33.6378771839722,206.135953031351));
#3660=CARTESIAN_POINT('Ctrl Pts',(-81.9435786729962,33.7331000278603,206.257127465218));
#3661=CARTESIAN_POINT('Ctrl Pts',(-81.9028023531665,33.8250170416607,206.387538646034));
#3662=CARTESIAN_POINT('',(-83.5000001117586,34.2817403214604,205.735270204475));
#3663=CARTESIAN_POINT('Origin',(-83.5000001117586,33.1345874487583,207.373574293053));
#3664=CARTESIAN_POINT('',(-84.522937949206,33.1955001748705,205.656050546342));
#3665=CARTESIAN_POINT('Origin',(-83.5000001117586,33.1345874487583,207.373574293053));
#3666=CARTESIAN_POINT('Ctrl Pts',(-84.522937949206,33.1955001748705,205.656050546342));
#3667=CARTESIAN_POINT('Ctrl Pts',(-84.4907424478499,33.1746962920658,205.636137448888));
#3668=CARTESIAN_POINT('Ctrl Pts',(-84.4570095328748,33.1542970596071,205.616958378074));
#3669=CARTESIAN_POINT('Ctrl Pts',(-84.4218858619153,33.1345874512491,205.598714675039));
#3670=CARTESIAN_POINT('',(-83.5000001117586,33.1345874487583,205.373574293053));
#3671=CARTESIAN_POINT('Origin',(-83.5000001117586,33.1345874487583,207.373574293053));
#3672=CARTESIAN_POINT('Ctrl Pts',(-84.6912180506308,32.9198849967403,205.781436522882));
#3673=CARTESIAN_POINT('Ctrl Pts',(-87.9647758865993,35.8319157589768,207.837980079904));
#3674=CARTESIAN_POINT('Ctrl Pts',(-94.5072036772237,40.3083562013983,211.0036887355));
#3675=CARTESIAN_POINT('Ctrl Pts',(-102.142507616728,43.3388737768196,213.132183834005));
#3676=CARTESIAN_POINT('Ctrl Pts',(-105.547069855139,44.3279420081858,213.819949707183));
#3677=CARTESIAN_POINT('Ctrl Pts',(-84.4183633262248,33.4140243183938,205.510654449563));
#3678=CARTESIAN_POINT('Ctrl Pts',(-87.7142869607956,36.3494623840079,207.573569636181));
#3679=CARTESIAN_POINT('Ctrl Pts',(-94.3030829644037,40.8640684934218,210.748631712103));
#3680=CARTESIAN_POINT('Ctrl Pts',(-101.994903439465,43.9184854132627,212.890289717727));
#3681=CARTESIAN_POINT('Ctrl Pts',(-105.425106869438,44.914030856865,213.585301623379));
#3682=CARTESIAN_POINT('Ctrl Pts',(-83.9620527801467,33.9356995942805,205.492969878776));
#3683=CARTESIAN_POINT('Ctrl Pts',(-87.2901641570649,36.910379424577,207.575674531282));
#3684=CARTESIAN_POINT('Ctrl Pts',(-93.9489139547444,41.4910205742273,210.783174991671));
#3685=CARTESIAN_POINT('Ctrl Pts',(-101.738343237054,44.5878400312894,212.95162451565));
#3686=CARTESIAN_POINT('Ctrl Pts',(-105.21402981113,45.594240598062,213.656368174151));
#3687=CARTESIAN_POINT('Ctrl Pts',(-83.5000001117586,34.2817403214604,205.735270204475));
#3688=CARTESIAN_POINT('Ctrl Pts',(-86.8605153300613,37.2926600131055,207.843538869509));
#3689=CARTESIAN_POINT('Ctrl Pts',(-93.5896735542877,41.933967949763,211.093417673909));
#3690=CARTESIAN_POINT('Ctrl Pts',(-101.478068412974,45.0725152144695,213.291052127684));
#3691=CARTESIAN_POINT('Ctrl Pts',(-105.000000111759,46.090910336173,214.004140068777));
#3692=CARTESIAN_POINT('',(-85.7907456244283,33.8700817020305,206.452562471846));
#3693=CARTESIAN_POINT('Ctrl Pts',(-85.7907456241671,33.87008170185,206.452562471665));
#3694=CARTESIAN_POINT('Ctrl Pts',(-85.3649128179874,33.6804411715519,206.174252596715));
#3695=CARTESIAN_POINT('Ctrl Pts',(-84.9262173015965,33.4560886431754,205.905481078782));
#3696=CARTESIAN_POINT('Ctrl Pts',(-84.5229379492059,33.1955001748705,205.656050546342));
#3697=CARTESIAN_POINT('',(-105.000000111759,46.090910336173,214.004140068777));
#3698=CARTESIAN_POINT('Ctrl Pts',(-83.5000001117586,34.2817403214604,205.735270204475));
#3699=CARTESIAN_POINT('Ctrl Pts',(-86.8605153300613,37.2926600131055,207.843538869509));
#3700=CARTESIAN_POINT('Ctrl Pts',(-93.5896735542877,41.933967949763,211.093417673909));
#3701=CARTESIAN_POINT('Ctrl Pts',(-101.478068412974,45.0725152144695,213.291052127684));
#3702=CARTESIAN_POINT('Ctrl Pts',(-105.000000111759,46.090910336173,214.004140068777));
#3703=CARTESIAN_POINT('',(-105.000000111759,44.1660172059763,213.707276347226));
#3704=CARTESIAN_POINT('Ctrl Pts',(-105.000000111759,46.090910336173,214.004140068777));
#3705=CARTESIAN_POINT('Ctrl Pts',(-105.000000111759,45.8516662844124,213.836619580262));
#3706=CARTESIAN_POINT('Ctrl Pts',(-105.000000111736,45.5812658171163,213.716729464762));
#3707=CARTESIAN_POINT('Ctrl Pts',(-105.000000111736,45.1083169708713,213.611115529648));
#3708=CARTESIAN_POINT('Ctrl Pts',(-105.000000111758,44.915394865241,213.593960094804));
#3709=CARTESIAN_POINT('Ctrl Pts',(-105.000000111758,44.5334277089503,213.612234528314));
#3710=CARTESIAN_POINT('Ctrl Pts',(-105.000000111759,44.3458802253286,213.646844952414));
#3711=CARTESIAN_POINT('Ctrl Pts',(-105.000000111759,44.1660172059763,213.707276347225));
#3712=CARTESIAN_POINT('Ctrl Pts',(-105.000004881013,44.1660073753977,213.707267709064));
#3713=CARTESIAN_POINT('Ctrl Pts',(-101.791807857161,43.1986833715961,213.033709126399));
#3714=CARTESIAN_POINT('Ctrl Pts',(-94.8361712876935,40.3984108744538,211.066472005873));
#3715=CARTESIAN_POINT('Ctrl Pts',(-88.7935051024446,36.3902386928063,208.232764095675));
#3716=CARTESIAN_POINT('Ctrl Pts',(-85.7908189445357,33.870021286569,206.452524914791));
#3717=CARTESIAN_POINT('Ctrl Pts',(-65.0000001117588,8.60364654525638,172.787280664342));
#3718=CARTESIAN_POINT('Ctrl Pts',(-65.0000001117584,9.40778335394849,173.342083217586));
#3719=CARTESIAN_POINT('Ctrl Pts',(-65.0000008032232,10.211921324671,173.896886572556));
#3720=CARTESIAN_POINT('Ctrl Pts',(-64.999980162674,14.9685182126731,177.17863175533));
#3721=CARTESIAN_POINT('Ctrl Pts',(-66.2300762147053,22.8731836517502,182.632341274325));
#3722=CARTESIAN_POINT('Ctrl Pts',(-71.6451539319581,33.9652817101281,190.285173798716));
#3723=CARTESIAN_POINT('Ctrl Pts',(-80.2832737345671,43.5751074572418,196.915333994215));
#3724=CARTESIAN_POINT('Ctrl Pts',(-91.5848787037929,51.0826487520263,202.095053457254));
#3725=CARTESIAN_POINT('Ctrl Pts',(-100.408202543112,54.3635155942191,204.358640052503));
#3726=CARTESIAN_POINT('Ctrl Pts',(-105.000000111759,55.5198607260253,205.156443640926));
#3727=CARTESIAN_POINT('Ctrl Pts',(-65.0000001117575,11.0162484619858,171.097958615549));
#3728=CARTESIAN_POINT('Ctrl Pts',(-65.0000001117572,11.8107403610054,171.643182828912));
#3729=CARTESIAN_POINT('Ctrl Pts',(-65.000000803222,12.6052334220555,172.188407844002));
#3730=CARTESIAN_POINT('Ctrl Pts',(-64.9999801626729,17.3047790633284,175.413495551451));
#3731=CARTESIAN_POINT('Ctrl Pts',(-66.2300762147043,25.114631828292,180.773046799558));
#3732=CARTESIAN_POINT('Ctrl Pts',(-71.6451539319574,36.0645108754997,188.284641917615));
#3733=CARTESIAN_POINT('Ctrl Pts',(-80.2832737345666,45.5321176114432,194.773564706781));
#3734=CARTESIAN_POINT('Ctrl Pts',(-91.5848787037926,52.8974398950575,199.812046763488));
#3735=CARTESIAN_POINT('Ctrl Pts',(-100.408202543111,56.0834940631368,201.981475087848));
#3736=CARTESIAN_POINT('Ctrl Pts',(-105.000000111759,57.1924328578863,202.732199540827));
#3737=CARTESIAN_POINT('Ctrl Pts',(-66.0404636108024,15.8418845739538,167.719011833292));
#3738=CARTESIAN_POINT('Ctrl Pts',(-66.0404636108021,16.5999044017268,168.23432121113));
#3739=CARTESIAN_POINT('Ctrl Pts',(-66.0398184558531,17.3578924200356,168.749479964665));
#3740=CARTESIAN_POINT('Ctrl Pts',(-66.0322374717417,21.8414579318409,171.795986862996));
#3741=CARTESIAN_POINT('Ctrl Pts',(-67.2192186573377,29.2919946664139,176.852762604322));
#3742=CARTESIAN_POINT('Ctrl Pts',(-72.4876368487096,39.7196181826658,183.911704671897));
#3743=CARTESIAN_POINT('Ctrl Pts',(-80.9067739825814,48.6995513808518,189.96897845535));
#3744=CARTESIAN_POINT('Ctrl Pts',(-91.9267372235851,55.6296455984751,194.616309386195));
#3745=CARTESIAN_POINT('Ctrl Pts',(-100.52696992668,58.5724203561168,196.564964769937));
#3746=CARTESIAN_POINT('Ctrl Pts',(-105.000000111759,59.5744148504647,197.218550344276));
#3747=CARTESIAN_POINT('Ctrl Pts',(-69.9972646963567,21.2906762214348,163.903726847591));
#3748=CARTESIAN_POINT('Ctrl Pts',(-69.9972646963564,21.9669077307849,164.35883075902));
#3749=CARTESIAN_POINT('Ctrl Pts',(-69.9937197821219,22.6426269299918,164.813120939987));
#3750=CARTESIAN_POINT('Ctrl Pts',(-69.9524466315166,26.637382221551,167.496270442354));
#3751=CARTESIAN_POINT('Ctrl Pts',(-70.9483323680534,33.2577937760763,171.922152845923));
#3752=CARTESIAN_POINT('Ctrl Pts',(-75.5986273537819,42.4670871028897,178.027452665275));
#3753=CARTESIAN_POINT('Ctrl Pts',(-83.141989935224,50.3357400765554,183.197583909983));
#3754=CARTESIAN_POINT('Ctrl Pts',(-93.1023559622799,56.3417964188623,187.098073962622));
#3755=CARTESIAN_POINT('Ctrl Pts',(-100.922861205243,58.8468357486193,188.691571168628));
#3756=CARTESIAN_POINT('Ctrl Pts',(-105.000000111759,59.6879003819872,189.215561914543));
#3757=CARTESIAN_POINT('Ctrl Pts',(-76.2816371572019,25.7384413592209,160.789368169927));
#3758=CARTESIAN_POINT('Ctrl Pts',(-76.2816371572017,26.3034437211725,161.16553816035));
#3759=CARTESIAN_POINT('Ctrl Pts',(-76.2732088042497,26.8671222176774,161.539959435154));
#3760=CARTESIAN_POINT('Ctrl Pts',(-76.1753292885551,30.1953782917677,163.746031956975));
#3761=CARTESIAN_POINT('Ctrl Pts',(-76.8507122475073,35.6774322946686,167.341172503877));
#3762=CARTESIAN_POINT('Ctrl Pts',(-80.481448003402,43.2124016689455,172.194055011586));
#3763=CARTESIAN_POINT('Ctrl Pts',(-86.6069295663531,49.5652907326926,176.212842648882));
#3764=CARTESIAN_POINT('Ctrl Pts',(-94.891576061061,54.3394908754162,179.170441029218));
#3765=CARTESIAN_POINT('Ctrl Pts',(-101.516698123088,56.2961296574863,180.345897231012));
#3766=CARTESIAN_POINT('Ctrl Pts',(-105.000000111759,56.9520945246393,180.731402207631));
#3767=CARTESIAN_POINT('Ctrl Pts',(-82.380778156679,27.2535588203519,159.72847150237));
#3768=CARTESIAN_POINT('Ctrl Pts',(-82.3807781566788,27.721498748169,160.037674671103));
#3769=CARTESIAN_POINT('Ctrl Pts',(-82.3674346146279,28.1874707069176,160.344469344203));
#3770=CARTESIAN_POINT('Ctrl Pts',(-82.212660638521,30.9348852317982,162.147350140091));
#3771=CARTESIAN_POINT('Ctrl Pts',(-82.5662428530795,35.4280308668104,165.046545204474));
#3772=CARTESIAN_POINT('Ctrl Pts',(-85.1835567400529,41.5194661418075,168.866208856761));
#3773=CARTESIAN_POINT('Ctrl Pts',(-89.9159208232663,46.5793256185481,171.950836644065));
#3774=CARTESIAN_POINT('Ctrl Pts',(-96.5787793689344,50.3216767462587,174.161693816911));
#3775=CARTESIAN_POINT('Ctrl Pts',(-102.070945913076,51.8383206061291,175.023174733426));
#3776=CARTESIAN_POINT('Ctrl Pts',(-105.000000111759,52.3547101274212,175.31238172018));
#3777=CARTESIAN_POINT('Ctrl Pts',(-87.6174513768162,26.9303354149797,159.954794967338));
#3778=CARTESIAN_POINT('Ctrl Pts',(-87.6174513768161,27.3180930049541,160.209591234406));
#3779=CARTESIAN_POINT('Ctrl Pts',(-87.5998813042028,27.7037250331176,160.461809046341));
#3780=CARTESIAN_POINT('Ctrl Pts',(-87.3961870539422,29.975588429791,161.941299102766));
#3781=CARTESIAN_POINT('Ctrl Pts',(-87.4730830177555,33.6757506727071,164.298485199585));
#3782=CARTESIAN_POINT('Ctrl Pts',(-89.2194114427088,38.6425822643039,167.345122387474));
#3783=CARTESIAN_POINT('Ctrl Pts',(-92.7550368729814,42.7155956093348,169.75040885946));
#3784=CARTESIAN_POINT('Ctrl Pts',(-98.0256064697691,45.681744303973,171.429308028198));
#3785=CARTESIAN_POINT('Ctrl Pts',(-102.546015447352,46.8699397721844,172.070204590869));
#3786=CARTESIAN_POINT('Ctrl Pts',(-105.000000111759,47.2815077630688,172.291582673279));
#3787=CARTESIAN_POINT('Ctrl Pts',(-92.7664137100298,25.9936914259853,160.61064014905));
#3788=CARTESIAN_POINT('Ctrl Pts',(-92.7664137100297,26.3035273291854,160.812924256633));
#3789=CARTESIAN_POINT('Ctrl Pts',(-92.7446987085036,26.6112586834971,161.012631080781));
#3790=CARTESIAN_POINT('Ctrl Pts',(-92.4930239525037,28.4229660362077,162.181878393964));
#3791=CARTESIAN_POINT('Ctrl Pts',(-92.2985290960935,31.3636243592032,164.026486405565));
#3792=CARTESIAN_POINT('Ctrl Pts',(-93.1899319117727,35.2689140235469,166.356835947511));
#3793=CARTESIAN_POINT('Ctrl Pts',(-95.5499110284148,38.4201443019496,168.141963682069));
#3794=CARTESIAN_POINT('Ctrl Pts',(-99.4512322817985,40.6663136985816,169.340382448526));
#3795=CARTESIAN_POINT('Ctrl Pts',(-103.014486793651,41.5504220858682,169.783110584195));
#3796=CARTESIAN_POINT('Ctrl Pts',(-105.000000111759,41.8642621337262,169.943200651172));
#3797=CARTESIAN_POINT('Ctrl Pts',(-99.0182225518341,22.6629702827683,162.942836201205));
#3798=CARTESIAN_POINT('Ctrl Pts',(-99.0182225518341,22.8799628983605,163.083744735718));
#3799=CARTESIAN_POINT('Ctrl Pts',(-98.9915689184893,23.0956403337275,163.222779702098));
#3800=CARTESIAN_POINT('Ctrl Pts',(-98.6826846533138,24.3677880487615,164.03742876278));
#3801=CARTESIAN_POINT('Ctrl Pts',(-98.1644247171006,26.452231268223,165.327743922619));
#3802=CARTESIAN_POINT('Ctrl Pts',(-98.0305943608613,29.2289856496214,166.946532061031));
#3803=CARTESIAN_POINT('Ctrl Pts',(-98.9722373757446,31.4418407091721,168.15482697133));
#3804=CARTESIAN_POINT('Ctrl Pts',(-101.208602219903,32.9741676427829,168.92599219797));
#3805=CARTESIAN_POINT('Ctrl Pts',(-103.595127335544,33.5549846864344,169.193504633501));
#3806=CARTESIAN_POINT('Ctrl Pts',(-105.000000111759,33.7660587523592,169.295866966206));
#3807=CARTESIAN_POINT('Ctrl Pts',(-103.956960274014,15.839322261924,167.72080598349));
#3808=CARTESIAN_POINT('Ctrl Pts',(-103.956960274014,15.9842198222139,167.816389997117));
#3809=CARTESIAN_POINT('Ctrl Pts',(-103.926693045946,16.1300700810489,167.912117148636));
#3810=CARTESIAN_POINT('Ctrl Pts',(-103.57581980477,17.0020986789443,168.481972084154));
#3811=CARTESIAN_POINT('Ctrl Pts',(-102.819394922471,18.5271279501782,169.458414503865));
#3812=CARTESIAN_POINT('Ctrl Pts',(-101.914832180332,20.7218007057404,170.81894781607));
#3813=CARTESIAN_POINT('Ctrl Pts',(-101.763925026918,22.5500373758728,171.915254824205));
#3814=CARTESIAN_POINT('Ctrl Pts',(-102.677589104755,23.8356330963956,172.654411712782));
#3815=CARTESIAN_POINT('Ctrl Pts',(-104.089991433747,24.3041700754835,172.909713392376));
#3816=CARTESIAN_POINT('Ctrl Pts',(-105.000000111759,24.4622266184857,172.997204487814));
#3817=CARTESIAN_POINT('Ctrl Pts',(-105.52143597047,8.60364654527502,172.787280664329));
#3818=CARTESIAN_POINT('Ctrl Pts',(-105.52143597047,8.7318128305304,172.875707137948));
#3819=CARTESIAN_POINT('Ctrl Pts',(-105.490194193368,8.86320968055302,172.966362492973));
#3820=CARTESIAN_POINT('Ctrl Pts',(-105.127914737793,9.66236385534165,173.517727350067));
#3821=CARTESIAN_POINT('Ctrl Pts',(-104.306450960305,11.1693690920872,174.557463802946));
#3822=CARTESIAN_POINT('Ctrl Pts',(-103.180898798023,13.5433908370184,176.195385747708));
#3823=CARTESIAN_POINT('Ctrl Pts',(-102.700389267712,15.6544917090524,177.651909241352));
#3824=CARTESIAN_POINT('Ctrl Pts',(-103.190656132503,17.223597015441,178.734490738537));
#3825=CARTESIAN_POINT('Ctrl Pts',(-104.268142509101,17.8129907553701,179.141134419369));
#3826=CARTESIAN_POINT('Ctrl Pts',(-105.000000111759,17.9972932999306,179.26829129266));
#3827=CARTESIAN_POINT('Ctrl Pts',(-103.956960274022,1.36797082862455,177.853755345168));
#3828=CARTESIAN_POINT('Ctrl Pts',(-103.956960274022,1.54180311793185,177.978074378437));
#3829=CARTESIAN_POINT('Ctrl Pts',(-103.926693045953,1.71998010075157,178.105905132795));
#3830=CARTESIAN_POINT('Ctrl Pts',(-103.575819804777,2.80172187093326,178.884025786686));
#3831=CARTESIAN_POINT('Ctrl Pts',(-102.819394922477,4.82634774771635,180.356616563778));
#3832=CARTESIAN_POINT('Ctrl Pts',(-101.914832180337,8.034664603417,182.723797738813));
#3833=CARTESIAN_POINT('Ctrl Pts',(-101.763925026921,10.951812160755,184.901499900601));
#3834=CARTESIAN_POINT('Ctrl Pts',(-102.677589104756,13.2126031508032,186.609121197716));
#3835=CARTESIAN_POINT('Ctrl Pts',(-104.089991433748,14.1294716279566,187.309659962304));
#3836=CARTESIAN_POINT('Ctrl Pts',(-105.000000111759,14.4297471821289,187.538388464075));
#3837=CARTESIAN_POINT('Ctrl Pts',(-99.0182225518493,-5.45567719222423,182.631725127457));
#3838=CARTESIAN_POINT('Ctrl Pts',(-99.0182225518492,-5.18061418297905,182.830303249999));
#3839=CARTESIAN_POINT('Ctrl Pts',(-98.9915689185044,-4.90049235411133,183.033337810497));
#3840=CARTESIAN_POINT('Ctrl Pts',(-98.6826846533281,-3.21239040150333,184.261070165633));
#3841=CARTESIAN_POINT('Ctrl Pts',(-98.1644247171132,-0.1527849029842,186.519816971246));
#3842=CARTESIAN_POINT('Ctrl Pts',(-98.0305943608704,4.58327150767199,190.084383909259));
#3843=CARTESIAN_POINT('Ctrl Pts',(-98.97223737575,8.89686468171186,193.37891750336));
#3844=CARTESIAN_POINT('Ctrl Pts',(-101.208602219905,12.3162432896031,196.024109851259));
#3845=CARTESIAN_POINT('Ctrl Pts',(-103.595127335544,13.7758888056757,197.164385028107));
#3846=CARTESIAN_POINT('Ctrl Pts',(-105.000000111759,14.2723885259629,197.5502029888));
#3847=CARTESIAN_POINT('Ctrl Pts',(-92.7664137100486,-8.78639833544703,184.963921179616));
#3848=CARTESIAN_POINT('Ctrl Pts',(-92.7664137100484,-8.40080970419453,185.24143516501));
#3849=CARTESIAN_POINT('Ctrl Pts',(-92.7446987085221,-8.00990200756322,185.523744242969));
#3850=CARTESIAN_POINT('Ctrl Pts',(-92.4930239525212,-5.66571468546729,187.22179631426));
#3851=CARTESIAN_POINT('Ctrl Pts',(-92.2985290961089,-1.50949246121048,190.273578326253));
#3852=CARTESIAN_POINT('Ctrl Pts',(-93.1899319117839,4.79747058477647,194.989024744427));
#3853=CARTESIAN_POINT('Ctrl Pts',(-95.5499110284215,10.5151007847146,199.322838941845));
#3854=CARTESIAN_POINT('Ctrl Pts',(-99.4512322818011,15.0787956529149,202.822787468786));
#3855=CARTESIAN_POINT('Ctrl Pts',(-103.014486793652,17.0662707280297,204.361266783856));
#3856=CARTESIAN_POINT('Ctrl Pts',(-105.000000111759,17.7524480481874,204.891124227136));
#3857=CARTESIAN_POINT('Ctrl Pts',(-87.6174513768361,-9.72304232444611,185.619766361332));
#3858=CARTESIAN_POINT('Ctrl Pts',(-87.6174513768358,-9.25129364607397,185.957974004859));
#3859=CARTESIAN_POINT('Ctrl Pts',(-87.5998813042223,-8.77433482762185,186.300888263654));
#3860=CARTESIAN_POINT('Ctrl Pts',(-87.3961870539607,-5.92225955633581,188.35658553471));
#3861=CARTESIAN_POINT('Ctrl Pts',(-87.4730830177716,-0.931123980913797,
191.995834582381));
#3862=CARTESIAN_POINT('Ctrl Pts',(-89.2194114427206,6.54364643376888,197.533100636973));
#3863=CARTESIAN_POINT('Ctrl Pts',(-92.7550368729884,13.2873744071349,202.590668291747));
#3864=CARTESIAN_POINT('Ctrl Pts',(-98.0256064697719,18.6783105162793,206.677618835022));
#3865=CARTESIAN_POINT('Ctrl Pts',(-102.546015447352,21.0466107722238,208.490475025658));
#3866=CARTESIAN_POINT('Ctrl Pts',(-105.000000111759,21.8710089483106,209.121833912563));
#3867=CARTESIAN_POINT('Ctrl Pts',(-82.3807781566991,-10.0462657298232,185.846089826302));
#3868=CARTESIAN_POINT('Ctrl Pts',(-82.3807781566988,-9.48830664506311,186.244690833919));
#3869=CARTESIAN_POINT('Ctrl Pts',(-82.3674346146478,-8.92538377379873,186.647767258051));
#3870=CARTESIAN_POINT('Ctrl Pts',(-82.2126606385398,-5.56669231554124,189.057705914283));
#3871=CARTESIAN_POINT('Ctrl Pts',(-82.5662428530959,0.251061741203339,193.272366867178));
#3872=CARTESIAN_POINT('Ctrl Pts',(-85.1835567400649,8.86941953253358,199.601512052734));
#3873=CARTESIAN_POINT('Ctrl Pts',(-89.9159208232736,16.6100139503651,205.348372174734));
#3874=CARTESIAN_POINT('Ctrl Pts',(-96.5787793689373,22.8007149849472,209.990680584631));
#3875=CARTESIAN_POINT('Ctrl Pts',(-102.070945913077,25.5372037872678,212.063586994704));
#3876=CARTESIAN_POINT('Ctrl Pts',(-105.000000111759,26.4960524544227,212.792199245605));
#3877=CARTESIAN_POINT('Ctrl Pts',(-76.2816371572204,-8.53114826869771,184.785193158749));
#3878=CARTESIAN_POINT('Ctrl Pts',(-76.2816371572201,-7.87612674980313,185.250760988056));
#3879=CARTESIAN_POINT('Ctrl Pts',(-76.2732088042679,-7.21691829560268,185.720052866593));
#3880=CARTESIAN_POINT('Ctrl Pts',(-76.1753292885722,-3.29353838135521,188.517141645236));
#3881=CARTESIAN_POINT('Ctrl Pts',(-76.8507122475223,3.42299105992191,193.33823720099));
#3882=CARTESIAN_POINT('Ctrl Pts',(-80.481448003413,13.2389857396578,200.456401229587));
#3883=CARTESIAN_POINT('Ctrl Pts',(-86.6069295663598,21.9951822085708,206.861908488497));
#3884=CARTESIAN_POINT('Ctrl Pts',(-94.8915760610638,28.9879418079797,212.022753684286));
#3885=CARTESIAN_POINT('Ctrl Pts',(-101.516698123088,32.095768230061,214.341451954352));
#3886=CARTESIAN_POINT('Ctrl Pts',(-105.000000111759,33.1941922430768,215.166362195118));
#3887=CARTESIAN_POINT('Ctrl Pts',(-69.9972646963704,-4.08338313091747,181.670834481089));
#3888=CARTESIAN_POINT('Ctrl Pts',(-69.99726469637,-3.33159982913312,182.200968721582));
#3889=CARTESIAN_POINT('Ctrl Pts',(-69.9937197821353,-2.57729238256804,182.733304728728));
#3890=CARTESIAN_POINT('Ctrl Pts',(-69.9524466315292,1.89888207494963,185.894550610752));
#3891=CARTESIAN_POINT('Ctrl Pts',(-70.9483323680643,9.45459913311697,191.249282978727));
#3892=CARTESIAN_POINT('Ctrl Pts',(-75.59862735379,20.3034019978474,198.982776334853));
#3893=CARTESIAN_POINT('Ctrl Pts',(-83.141989935229,29.8789420286751,205.848013591571));
#3894=CARTESIAN_POINT('Ctrl Pts',(-93.1023559622821,37.4900891841798,211.342516016534));
#3895=CARTESIAN_POINT('Ctrl Pts',(-100.922861205244,40.8845423846198,213.819288301014));
#3896=CARTESIAN_POINT('Ctrl Pts',(-105.000000111759,42.0969566582656,214.71206560791));
#3897=CARTESIAN_POINT('Ctrl Pts',(-66.0404636108102,1.36540851655996,177.855549495391));
#3898=CARTESIAN_POINT('Ctrl Pts',(-66.0404636108099,2.17406412011347,178.421145157602));
#3899=CARTESIAN_POINT('Ctrl Pts',(-66.0398184558607,2.98353681777109,178.98743323989));
#3900=CARTESIAN_POINT('Ctrl Pts',(-66.0322374717487,7.77627151879369,182.340975421647));
#3901=CARTESIAN_POINT('Ctrl Pts',(-67.2192186573438,15.7784218325744,187.945557469488));
#3902=CARTESIAN_POINT('Ctrl Pts',(-72.4876368487142,27.0995985049943,195.891885331405));
#3903=CARTESIAN_POINT('Ctrl Pts',(-80.9067739825843,36.9919216337955,202.855251671008));
#3904=CARTESIAN_POINT('Ctrl Pts',(-91.9267372235865,44.8059465435725,208.380412347052));
#3905=CARTESIAN_POINT('Ctrl Pts',(-100.526969926681,48.287504928403,210.864132638451));
#3906=CARTESIAN_POINT('Ctrl Pts',(-105.000000111759,49.5383826922987,211.764883673872));
#3907=CARTESIAN_POINT('Ctrl Pts',(-65.0000001117601,6.19104462852698,174.476602713135));
#3908=CARTESIAN_POINT('Ctrl Pts',(-65.0000001117597,7.00482634689155,175.04098360626));
#3909=CARTESIAN_POINT('Ctrl Pts',(-65.0000008032245,7.81860922728651,175.60536530111));
#3910=CARTESIAN_POINT('Ctrl Pts',(-64.9999801626752,12.6322573620178,178.943767959208));
#3911=CARTESIAN_POINT('Ctrl Pts',(-66.2300762147063,20.6317354752084,184.491635749093));
#3912=CARTESIAN_POINT('Ctrl Pts',(-71.6451539319589,31.8660525447566,192.285705679816));
#3913=CARTESIAN_POINT('Ctrl Pts',(-80.2832737345676,41.6180973030405,199.057103281648));
#3914=CARTESIAN_POINT('Ctrl Pts',(-91.5848787037932,49.2678576089952,204.378060151021));
#3915=CARTESIAN_POINT('Ctrl Pts',(-100.408202543112,52.6435371253014,206.735805017158));
#3916=CARTESIAN_POINT('Ctrl Pts',(-105.000000111759,53.8472885941644,207.580687741025));
#3917=CARTESIAN_POINT('Ctrl Pts',(-65.0000001117588,8.60364654525638,172.787280664342));
#3918=CARTESIAN_POINT('Ctrl Pts',(-65.0000001117584,9.40778335394848,173.342083217586));
#3919=CARTESIAN_POINT('Ctrl Pts',(-65.0000008032232,10.211921324671,173.896886572556));
#3920=CARTESIAN_POINT('Ctrl Pts',(-64.999980162674,14.9685182126731,177.17863175533));
#3921=CARTESIAN_POINT('Ctrl Pts',(-66.2300762147053,22.8731836517502,182.632341274325));
#3922=CARTESIAN_POINT('Ctrl Pts',(-71.6451539319581,33.9652817101281,190.285173798716));
#3923=CARTESIAN_POINT('Ctrl Pts',(-80.2832737345671,43.5751074572418,196.915333994215));
#3924=CARTESIAN_POINT('Ctrl Pts',(-91.5848787037929,51.0826487520263,202.095053457254));
#3925=CARTESIAN_POINT('Ctrl Pts',(-100.408202543112,54.3635155942191,204.358640052503));
#3926=CARTESIAN_POINT('Ctrl Pts',(-105.000000111759,55.5198607260253,205.156443640926));
#3927=CARTESIAN_POINT('',(-79.5000001117586,28.0390928117308,201.974508654157));
#3928=CARTESIAN_POINT('Ctrl Pts',(-79.5000001117586,28.0390928117308,201.974508654157));
#3929=CARTESIAN_POINT('Ctrl Pts',(-79.5000001117586,27.1868015910327,202.013463817741));
#3930=CARTESIAN_POINT('Ctrl Pts',(-79.5000001117586,26.3318893019217,202.009978739851));
#3931=CARTESIAN_POINT('Ctrl Pts',(-79.5000001117587,25.355445960087,201.961250492388));
#3932=CARTESIAN_POINT('Ctrl Pts',(-79.5000001117586,25.2334074949419,201.954360316532));
#3933=CARTESIAN_POINT('Ctrl Pts',(-79.5000001117586,25.1114427850519,201.946685504324));
#3934=CARTESIAN_POINT('',(-81.5000001117586,30.2907620492082,203.551144427794));
#3935=CARTESIAN_POINT('Ctrl Pts',(-79.5006069442461,28.0397899473018,201.972472252287));
#3936=CARTESIAN_POINT('Ctrl Pts',(-79.9885822935384,28.6246305389297,202.381979263312));
#3937=CARTESIAN_POINT('Ctrl Pts',(-80.4924275164298,29.2005105249184,202.785211779682));
#3938=CARTESIAN_POINT('Ctrl Pts',(-81.0119135769386,29.7667944560606,203.181725123654));
#3939=CARTESIAN_POINT('Ctrl Pts',(-81.1732069305025,29.9426179117156,203.304837121923));
#3940=CARTESIAN_POINT('Ctrl Pts',(-81.3360082825481,30.1175160254503,203.427301196683));
#3941=CARTESIAN_POINT('Ctrl Pts',(-81.5003112856106,30.2914690394604,203.549103527355));
#3942=CARTESIAN_POINT('',(-82.1771244562253,30.9935278511237,204.043226339891));
#3943=CARTESIAN_POINT('Ctrl Pts',(-81.5000001117587,30.2907620492082,203.551144427794));
#3944=CARTESIAN_POINT('Ctrl Pts',(-81.7229776432185,30.526795648445,203.71641693325));
#3945=CARTESIAN_POINT('Ctrl Pts',(-81.9486924793736,30.7610653544155,203.880454347345));
#3946=CARTESIAN_POINT('Ctrl Pts',(-82.1771244562251,30.993527851124,204.043226339891));
#3947=CARTESIAN_POINT('',(-83.8367911624892,32.6060243345651,205.172308532933));
#3948=CARTESIAN_POINT('Ctrl Pts',(-82.1773369648757,30.9942258297357,204.041175708251));
#3949=CARTESIAN_POINT('Ctrl Pts',(-82.4227245532592,31.2439638782816,204.216043002883));
#3950=CARTESIAN_POINT('Ctrl Pts',(-82.6712814595228,31.4916332596955,204.389461903205));
#3951=CARTESIAN_POINT('Ctrl Pts',(-82.9229898636778,31.7371701891066,204.561387803562));
#3952=CARTESIAN_POINT('Ctrl Pts',(-83.2231941430537,32.0300139548979,204.766438132319));
#3953=CARTESIAN_POINT('Ctrl Pts',(-83.5278812744072,32.3198244861747,204.969364793583));
#3954=CARTESIAN_POINT('Ctrl Pts',(-83.8369939608475,32.6065130842182,205.170105556166));
#3955=CARTESIAN_POINT('Ctrl Pts',(-83.8367911624892,32.6060243345651,205.172308532933));
#3956=CARTESIAN_POINT('Ctrl Pts',(-84.0152348334639,32.7715755745537,205.288228758228));
#3957=CARTESIAN_POINT('Ctrl Pts',(-84.2018291467786,32.9244408378581,205.410235065047));
#3958=CARTESIAN_POINT('Ctrl Pts',(-84.8056780820205,33.3686246400057,205.806109536288));
#3959=CARTESIAN_POINT('Ctrl Pts',(-85.272587328359,33.6393249058501,206.113911789009));
#3960=CARTESIAN_POINT('Ctrl Pts',(-85.7907456244502,33.8700817019761,206.45256247185));
#3961=CARTESIAN_POINT('Origin',(-105.000000111759,37.,192.378933762682));
#3962=CARTESIAN_POINT('',(-82.0220832627204,48.6103095011575,184.452324725936));
#3963=CARTESIAN_POINT('Ctrl Pts',(-84.6231392487055,50.5683193222135,184.775302567137));
#3964=CARTESIAN_POINT('Ctrl Pts',(-83.9171303395837,50.0881135260247,184.79273835909));
#3965=CARTESIAN_POINT('Ctrl Pts',(-83.270443777999,49.607823794935,184.740777890069));
#3966=CARTESIAN_POINT('Ctrl Pts',(-82.4513321330236,48.9617679472403,184.57485087728));
#3967=CARTESIAN_POINT('Ctrl Pts',(-82.2316178092363,48.7838718468203,184.518299478601));
#3968=CARTESIAN_POINT('Ctrl Pts',(-82.0220832627207,48.6103095011575,184.452324725935));
#3969=CARTESIAN_POINT('',(-81.5000001117586,48.1690907088979,184.259817002753));
#3970=CARTESIAN_POINT('Ctrl Pts',(-82.0220832627207,48.6103095011575,184.452324725935));
#3971=CARTESIAN_POINT('Ctrl Pts',(-81.8406947944312,48.4600612077087,184.395212142207));
#3972=CARTESIAN_POINT('Ctrl Pts',(-81.6666452910233,48.3128174577596,184.330948861612));
#3973=CARTESIAN_POINT('Ctrl Pts',(-81.5000001117586,48.1690907088979,184.259817002753));
#3974=CARTESIAN_POINT('',(-80.7693124286398,47.5190116917276,183.874355389847));
#3975=CARTESIAN_POINT('Ctrl Pts',(-81.5000001117586,48.1690907088979,184.259817002753));
#3976=CARTESIAN_POINT('Ctrl Pts',(-81.4035278833786,48.0858861433551,184.218638200202));
#3977=CARTESIAN_POINT('Ctrl Pts',(-81.3095470014797,48.0038670874698,184.175161203035));
#3978=CARTESIAN_POINT('Ctrl Pts',(-81.0650827834738,47.7880754273885,184.052964115743));
#3979=CARTESIAN_POINT('Ctrl Pts',(-80.9149401752726,47.6529098855178,183.968111914702));
#3980=CARTESIAN_POINT('Ctrl Pts',(-80.7693124304535,47.5190116904039,183.87435538892));
#3981=CARTESIAN_POINT('',(-79.5000001117586,46.300711306993,183.021292276652));
#3982=CARTESIAN_POINT('Ctrl Pts',(-80.7697477633204,47.5168601668001,183.875395694209));
#3983=CARTESIAN_POINT('Ctrl Pts',(-80.3362432155337,47.118181573686,183.596235756375));
#3984=CARTESIAN_POINT('Ctrl Pts',(-79.9130907370783,46.7119945282382,183.311818293925));
#3985=CARTESIAN_POINT('Ctrl Pts',(-79.5006069817714,46.298512929876,183.022292957614));
#3986=CARTESIAN_POINT('Ctrl Pts',(-79.5000001117587,45.9008477603076,180.820641369246));
#3987=CARTESIAN_POINT('Ctrl Pts',(-79.5000001117587,45.9153769494517,180.879296843405));
#3988=CARTESIAN_POINT('Ctrl Pts',(-79.5000001117586,45.9296159726858,180.938043432009));
#3989=CARTESIAN_POINT('Ctrl Pts',(-79.5000001117587,46.1021036397546,181.665716659722));
#3990=CARTESIAN_POINT('Ctrl Pts',(-79.5000001117586,46.221713559075,182.341400042449));
#3991=CARTESIAN_POINT('Ctrl Pts',(-79.5000001117586,46.3007113069931,183.021292276652));
#3992=CARTESIAN_POINT('',(-65.0000001117588,8.60364654525638,172.787280664342));
#3993=CARTESIAN_POINT('Ctrl Pts',(-65.0000001117588,8.60364654525638,172.787280664342));
#3994=CARTESIAN_POINT('Ctrl Pts',(-65.0000001117584,9.40778335394848,173.342083217586));
#3995=CARTESIAN_POINT('Ctrl Pts',(-65.0000008032232,10.211921324671,173.896886572556));
#3996=CARTESIAN_POINT('Ctrl Pts',(-64.999997313795,11.0160570791593,174.451688398467));
#3997=CARTESIAN_POINT('Ctrl Pts',(-64.9999838082429,14.1283999845547,176.599004342495));
#3998=CARTESIAN_POINT('Ctrl Pts',(-65.3813528393562,17.24066326449,178.746265350089));
#3999=CARTESIAN_POINT('Ctrl Pts',(-66.13430179509,20.2906634025275,180.850568804037));
#4000=CARTESIAN_POINT('',(-69.6036623846962,20.3674547437236,164.550173485722));
#4001=CARTESIAN_POINT('Origin',(-85.0000001117588,8.60364654526558,172.787280664336));
#4002=CARTESIAN_POINT('',(-76.7478092768741,27.0764835985093,162.135910114613));
#4003=CARTESIAN_POINT('Ctrl Pts',(-76.7441506181181,27.0821768742746,162.141648135023));
#4004=CARTESIAN_POINT('Ctrl Pts',(-76.3025562697809,26.8306930975369,162.228291624611));
#4005=CARTESIAN_POINT('Ctrl Pts',(-75.4508287159809,26.3055292416318,162.417896681069));
#4006=CARTESIAN_POINT('Ctrl Pts',(-74.2897643644207,25.4297734471588,162.701538260184));
#4007=CARTESIAN_POINT('Ctrl Pts',(-73.4196831345319,24.6411438709301,162.925386472223));
#4008=CARTESIAN_POINT('Ctrl Pts',(-72.7722926847043,23.981624743862,163.098331966935));
#4009=CARTESIAN_POINT('Ctrl Pts',(-72.4203932387329,23.6035188403057,163.200180404997));
#4010=CARTESIAN_POINT('Ctrl Pts',(-72.1866281177218,23.3498225899867,163.275179897945));
#4011=CARTESIAN_POINT('Ctrl Pts',(-72.0310499347999,23.1803175499045,163.327155605003));
#4012=CARTESIAN_POINT('Ctrl Pts',(-71.8368200699453,22.9678321175726,163.396225841605));
#4013=CARTESIAN_POINT('Ctrl Pts',(-71.6044997947037,22.7119242506459,163.485545889209));
#4014=CARTESIAN_POINT('Ctrl Pts',(-71.1417148665628,22.198476723745,163.67740360394));
#4015=CARTESIAN_POINT('Ctrl Pts',(-70.6113917917813,21.5950454042265,163.936556842945));
#4016=CARTESIAN_POINT('Ctrl Pts',(-70.0991760013431,20.9847659169069,164.234128773403));
#4017=CARTESIAN_POINT('Ctrl Pts',(-69.8138834003144,20.6326118551626,164.411352803881));
#4018=CARTESIAN_POINT('Ctrl Pts',(-69.6716245763855,20.4575602556756,164.50710277649));
#4019=CARTESIAN_POINT('Ctrl Pts',(-69.6036635987314,20.3674562078362,164.550172618238));
#4020=CARTESIAN_POINT('',(-88.0442901100922,-8.19828851969537,186.548552604458));
#4021=CARTESIAN_POINT('Ctrl Pts',(-88.0444831056146,-8.20116777709771,186.546474692986));
#4022=CARTESIAN_POINT('Ctrl Pts',(-88.0445738758148,-8.20115452638852,186.546465580023));
#4023=CARTESIAN_POINT('Ctrl Pts',(-88.0446646459169,-8.20114127512732,186.546456466629));
#4024=CARTESIAN_POINT('Ctrl Pts',(-90.2387656573328,-7.88081720776694,186.326156200814));
#4025=CARTESIAN_POINT('Ctrl Pts',(-94.4021405611148,-6.62154379229732,185.363216652961));
#4026=CARTESIAN_POINT('Ctrl Pts',(-98.4449854224324,-3.84902264180485,183.325092452016));
#4027=CARTESIAN_POINT('Ctrl Pts',(-100.875627099091,-1.2012850212723,181.438027436411));
#4028=CARTESIAN_POINT('Ctrl Pts',(-102.786231134336,1.64583446346996,179.449843133706));
#4029=CARTESIAN_POINT('Ctrl Pts',(-104.222170099222,5.47361194342889,176.836699105354));
#4030=CARTESIAN_POINT('Ctrl Pts',(-104.505658153071,8.50736165421067,174.764204595389));
#4031=CARTESIAN_POINT('Ctrl Pts',(-104.432924683572,12.097877793726,172.293752607335));
#4032=CARTESIAN_POINT('Ctrl Pts',(-103.987355498875,14.6651438848175,170.546989433754));
#4033=CARTESIAN_POINT('Ctrl Pts',(-102.785801265848,17.6341811361568,168.306741437893));
#4034=CARTESIAN_POINT('Ctrl Pts',(-102.003452309997,19.0875661533585,167.138665668193));
#4035=CARTESIAN_POINT('Ctrl Pts',(-101.179718390273,20.266365012516,166.173173871439));
#4036=CARTESIAN_POINT('Ctrl Pts',(-100.521504431955,21.0674712272325,165.551236215049));
#4037=CARTESIAN_POINT('Ctrl Pts',(-100.126869247374,21.5194799737112,165.21828660871));
#4038=CARTESIAN_POINT('Ctrl Pts',(-99.7217826637438,21.9673470185656,164.90294936687));
#4039=CARTESIAN_POINT('Ctrl Pts',(-99.1997625686242,22.5201669081248,164.545800383595));
#4040=CARTESIAN_POINT('Ctrl Pts',(-98.6695109994777,23.0652004645483,164.248825908167));
#4041=CARTESIAN_POINT('Ctrl Pts',(-98.2488854813426,23.4969812513717,164.05079363842));
#4042=CARTESIAN_POINT('Ctrl Pts',(-97.8263605456536,23.9255605977981,163.869908393661));
#4043=CARTESIAN_POINT('Ctrl Pts',(-97.0582604477431,24.664530951968,163.560459584369));
#4044=CARTESIAN_POINT('Ctrl Pts',(-95.8292489237513,25.68128661965,163.09794486811));
#4045=CARTESIAN_POINT('Ctrl Pts',(-93.5671604333973,27.1700804756457,162.365616076634));
#4046=CARTESIAN_POINT('Ctrl Pts',(-90.1410828018342,28.6587061382377,161.5859875717));
#4047=CARTESIAN_POINT('Ctrl Pts',(-85.4547410870292,29.4004151713728,161.196733917157));
#4048=CARTESIAN_POINT('Ctrl Pts',(-80.7291423409262,28.8925835706553,161.441482207193));
#4049=CARTESIAN_POINT('Ctrl Pts',(-77.9733680541877,27.7737268353572,161.895564661703));
#4050=CARTESIAN_POINT('Ctrl Pts',(-76.7492570716688,27.0773108791321,162.135622139351));
#4051=CARTESIAN_POINT('Ctrl Pts',(-76.7485321476929,27.0768984045893,162.135764332739));
#4052=CARTESIAN_POINT('Ctrl Pts',(-76.7478072669997,27.0764859007341,162.135906547886));
#4053=CARTESIAN_POINT('Ctrl Pts',(-65.0000001117588,8.60364654524359,172.787280664351));
#4054=CARTESIAN_POINT('Ctrl Pts',(-65.0000001117588,8.58834581944285,172.799252944124));
#4055=CARTESIAN_POINT('Ctrl Pts',(-65.0000206357076,8.57305179372596,172.811221690264));
#4056=CARTESIAN_POINT('Ctrl Pts',(-65.0058415814975,6.80015145153152,174.199047786197));
#4057=CARTESIAN_POINT('Ctrl Pts',(-65.6270786092415,3.29721656969656,176.996623832564));
#4058=CARTESIAN_POINT('Ctrl Pts',(-68.4838739711632,-1.61123342574248,180.997687115102));
#4059=CARTESIAN_POINT('Ctrl Pts',(-73.3640027967571,-5.75045117717303,184.412939215333));
#4060=CARTESIAN_POINT('Ctrl Pts',(-79.0548415374847,-7.95520040214014,186.252626501324));
#4061=CARTESIAN_POINT('Ctrl Pts',(-84.1945123211075,-8.53607455851909,186.763673853627));
#4062=CARTESIAN_POINT('Ctrl Pts',(-86.7737834946305,-8.38142345500279,186.67776160413));
#4063=CARTESIAN_POINT('Ctrl Pts',(-88.044135788346,-8.19599365675254,186.550203971422));
#4064=CARTESIAN_POINT('Origin',(-105.000000111759,51.4562485255369,215.319441136491));
#4065=CARTESIAN_POINT('',(-79.5000001117586,50.3090956528348,216.957745225069));
#4066=CARTESIAN_POINT('',(-79.5000001117586,53.0945526141148,216.466594009193));
#4067=CARTESIAN_POINT('Origin',(-79.5000001117586,51.4562485255369,215.319441136491));
#4068=CARTESIAN_POINT('',(-105.000000111759,53.0945526141148,216.466594009193));
#4069=CARTESIAN_POINT('',(-105.000000111759,53.0945526141148,216.466594009193));
#4070=CARTESIAN_POINT('',(-105.000000111759,50.3090956528348,216.957745225069));
#4071=CARTESIAN_POINT('Origin',(-105.000000111759,51.4562485255369,215.319441136491));
#4072=CARTESIAN_POINT('',(-105.000000111759,50.3090956528348,216.957745225069));
#4073=CARTESIAN_POINT('Origin',(-105.000000111759,66.2868106501889,197.626096990546));
#4074=CARTESIAN_POINT('',(-79.5000001117586,65.1396577774868,199.264401079124));
#4075=CARTESIAN_POINT('',(-79.5000001117586,51.9473997414128,218.104898097771));
#4076=CARTESIAN_POINT('',(-105.000000111759,65.1396577774868,199.264401079124));
#4077=CARTESIAN_POINT('',(-105.000000111759,65.1396577774868,199.264401079124));
#4078=CARTESIAN_POINT('',(-105.000000111759,51.9473997414128,218.104898097771));
#4079=CARTESIAN_POINT('Origin',(-79.5000001117586,43.1436403321654,196.680757035314));
#4080=CARTESIAN_POINT('',(-79.5000001117586,46.5136367881806,214.300136317073));
#4081=CARTESIAN_POINT('',(-79.5000001117586,20.000470014142,195.73541708008));
#4082=CARTESIAN_POINT('',(-79.5000001117586,40.1203704554982,214.850241932047));
#4083=CARTESIAN_POINT('Origin',(-79.5000001117586,43.6457546064253,218.395896538518));
#4084=CARTESIAN_POINT('',(-79.5000001117586,34.393706510196,211.091724613498));
#4085=CARTESIAN_POINT('Origin',(-79.5000001117586,37.6526015498492,212.368283707517));
#4086=CARTESIAN_POINT('',(-79.5000001117586,32.6060243495895,205.172308543453));
#4087=CARTESIAN_POINT('Origin',(-79.5000001117586,29.7381421678343,209.268068764898));
#4088=CARTESIAN_POINT('',(-79.5000001117586,52.0701875453817,218.801262338091));
#4089=CARTESIAN_POINT('',(-79.5000001117586,47.5190116947188,183.874355391941));
#4090=CARTESIAN_POINT('',(-79.5000001117586,34.2170931189514,174.560251732537));
#4091=CARTESIAN_POINT('',(-79.5000001117586,53.6928666038937,183.529667593892));
#4092=CARTESIAN_POINT('Origin',(-79.5000001117586,50.3868938764741,179.778595170496));
#4093=CARTESIAN_POINT('',(-79.5000001117586,59.1833520165813,187.625482813031));
#4094=CARTESIAN_POINT('Origin',(-79.5000001117586,56.0070475130875,186.155418290269));
#4095=CARTESIAN_POINT('Origin',(-79.5000001117586,63.7209298787154,189.725574988406));
#4096=CARTESIAN_POINT('Origin',(-79.5000001117586,63.5013536889088,198.117248206422));
#4097=CARTESIAN_POINT('',(-79.5000001117586,22.8031433135224,183.488498999236));
#4098=CARTESIAN_POINT('Origin',(-79.5000001117586,24.3031433135224,183.488498999236));
#4099=CARTESIAN_POINT('',(-79.5000001117586,54.5070475130875,186.155418290269));
#4100=CARTESIAN_POINT('Origin',(-79.5000001117586,56.0070475130875,186.155418290269));
#4101=CARTESIAN_POINT('',(-79.5000001117586,36.1526015498492,212.368283707517));
#4102=CARTESIAN_POINT('Origin',(-79.5000001117586,37.6526015498492,212.368283707517));
#4103=CARTESIAN_POINT('',(-79.5000001117586,51.4562485255369,215.319441136491));
#4104=CARTESIAN_POINT('',(-79.5000001117586,22.7859269754222,195.244265864204));
#4105=CARTESIAN_POINT('',(-79.5000001117586,29.953507362951,200.263059682276));
#4106=CARTESIAN_POINT('',(-79.5000001117586,63.5013536889088,198.117248206422));
#4107=CARTESIAN_POINT('',(-79.5000001117586,51.4562485255369,215.319441136491));
#4108=CARTESIAN_POINT('',(-79.5000001117586,34.831032138796,178.042072934137));
#4109=CARTESIAN_POINT('',(-79.5000001117586,63.5013536889088,198.117248206422));
#4110=CARTESIAN_POINT('',(-79.5000001117586,25.797203266266,190.943717631687));
#4111=CARTESIAN_POINT('Origin',(-105.000000111759,63.5013536889088,198.117248206422));
#4112=CARTESIAN_POINT('Origin',(-105.000000111759,63.5013536889088,198.117248206422));
#4113=CARTESIAN_POINT('Origin',(-79.5000001117586,43.6457546064253,218.395896538518));
#4114=CARTESIAN_POINT('',(-81.5000001117586,42.0898757383225,213.644134660247));
#4115=CARTESIAN_POINT('',(-81.5000001117586,40.1203704554982,214.850241932047));
#4116=CARTESIAN_POINT('Origin',(-81.5000001117586,43.6457546064253,218.395896538518));
#4117=CARTESIAN_POINT('',(-79.5000001117586,40.1203704554982,214.850241932047));
#4118=CARTESIAN_POINT('',(-83.5000001117586,46.5136367881806,214.300136317073));
#4119=CARTESIAN_POINT('',(-79.5000001117586,46.5136367881806,214.300136317073));
#4120=CARTESIAN_POINT('Ctrl Pts',(-83.5000001117586,46.5136367881806,214.300136317073));
#4121=CARTESIAN_POINT('Ctrl Pts',(-83.0498008000251,45.9305417437619,213.891848771479));
#4122=CARTESIAN_POINT('Ctrl Pts',(-82.5672913509439,45.2178940645317,213.587000006692));
#4123=CARTESIAN_POINT('Ctrl Pts',(-81.9924084109749,44.0740427695765,213.399308734205));
#4124=CARTESIAN_POINT('Ctrl Pts',(-81.8257635266255,43.6815060776776,213.380273536526));
#4125=CARTESIAN_POINT('Ctrl Pts',(-81.5806718556541,42.8892114809469,213.437530399189));
#4126=CARTESIAN_POINT('Ctrl Pts',(-81.5000001117586,42.4900908820919,213.513091417585));
#4127=CARTESIAN_POINT('Ctrl Pts',(-81.5000001117586,42.0898757383225,213.644134660247));
#4128=CARTESIAN_POINT('Origin',(-105.000000111759,51.9473997414128,218.104898097771));
#4129=CARTESIAN_POINT('',(-83.5000001117586,42.3620158207651,211.3931400199));
#4130=CARTESIAN_POINT('',(-105.000000111759,20.000470014142,195.73541708008));
#4131=CARTESIAN_POINT('Origin',(-83.5000001117586,41.214862948063,213.031444108478));
#4132=CARTESIAN_POINT('',(-81.5000001117586,34.6706175432551,208.449114144137));
#4133=CARTESIAN_POINT('Ctrl Pts',(-81.9028023531665,33.8250170416607,206.387538646034));
#4134=CARTESIAN_POINT('Ctrl Pts',(-81.8393480333324,33.9680542656467,206.590478803785));
#4135=CARTESIAN_POINT('Ctrl Pts',(-81.7736835131112,34.0952957349753,206.803107356274));
#4136=CARTESIAN_POINT('Ctrl Pts',(-81.6178155604693,34.3874119546702,207.384566619347));
#4137=CARTESIAN_POINT('Ctrl Pts',(-81.5386123109775,34.5238853974963,207.765325254622));
#4138=CARTESIAN_POINT('Ctrl Pts',(-81.5037564069012,34.6352133384406,208.253907695761));
#4139=CARTESIAN_POINT('Ctrl Pts',(-81.5000001117586,34.6543656360179,208.351230659241));
#4140=CARTESIAN_POINT('Ctrl Pts',(-81.5000001117586,34.670617543255,208.449114144136));
#4141=CARTESIAN_POINT('',(-81.5000001117586,38.5129662043758,211.139555641083));
#4142=CARTESIAN_POINT('',(-81.5000001117586,41.214862948063,213.031444108478));
#4143=CARTESIAN_POINT('',(-81.5000001117586,41.214862948063,213.031444108478));
#4144=CARTESIAN_POINT('Origin',(-79.5000001117586,63.7209298787154,189.725574988406));
#4145=CARTESIAN_POINT('',(-79.5000001117586,59.1833520165814,187.625482813031));
#4146=CARTESIAN_POINT('Origin',(-79.5000001117586,29.7381421678343,209.268068764898));
#4147=CARTESIAN_POINT('',(-81.5000001117586,34.393706510196,211.091724613498));
#4148=CARTESIAN_POINT('',(-79.5000001117586,34.393706510196,211.091724613498));
#4149=CARTESIAN_POINT('Origin',(-81.5000001117586,29.7381421678343,209.268068764898));
#4150=CARTESIAN_POINT('',(-79.5000001117586,32.6060243495895,205.172308543453));
#4151=CARTESIAN_POINT('Origin',(-79.5000001117586,19.3041057738219,195.858204884049));
#4152=CARTESIAN_POINT('Origin',(-79.5000001117586,50.3868938764741,179.778595170496));
#4153=CARTESIAN_POINT('',(-79.5000001117586,53.6928666038937,183.529667593892));
#4154=CARTESIAN_POINT('',(-79.5000001117586,47.5190116947188,183.874355391941));
#4155=CARTESIAN_POINT('Origin',(-79.5000001117586,51.4192860490204,186.605356895909));
#4156=CARTESIAN_POINT('Origin',(-79.5000001117586,24.3031433135224,183.488498999236));
#4157=CARTESIAN_POINT('',(-87.5000001117586,22.8031433135224,183.488498999236));
#4158=CARTESIAN_POINT('',(-79.5000001117586,22.8031433135224,183.488498999236));
#4159=CARTESIAN_POINT('Origin',(-87.5000001117586,24.3031433135224,183.488498999236));
#4160=CARTESIAN_POINT('Origin',(-87.5000001117586,24.3031433135224,183.488498999236));
#4161=CARTESIAN_POINT('Origin',(-81.5000001117586,39.4055766434547,195.214267720027));
#4162=CARTESIAN_POINT('Origin',(-81.5000001117586,37.6526015498492,212.368283707517));
#4163=CARTESIAN_POINT('',(-81.5000001117586,36.1526015498492,212.368283707517));
#4164=CARTESIAN_POINT('Origin',(-81.5000001117586,37.6526015498492,212.368283707517));
#4165=CARTESIAN_POINT('Origin',(-81.5000001117586,37.6526015498492,212.368283707517));
#4166=CARTESIAN_POINT('Origin',(-79.5000001117586,37.6526015498492,212.368283707517));
#4167=CARTESIAN_POINT('',(-79.5000001117586,36.1526015498492,212.368283707517));
#4168=CARTESIAN_POINT('Origin',(-79.5000001117586,56.0070475130875,186.155418290269));
#4169=CARTESIAN_POINT('',(-79.5000001117586,54.5070475130875,186.155418290269));
#4170=CARTESIAN_POINT('Origin',(-79.5000001117586,37.6526015498492,212.368283707517));
#4171=CARTESIAN_POINT('Origin',(-79.5000001117586,56.0070475130875,186.155418290269));
#4172=CARTESIAN_POINT('Origin',(-105.000000111759,22.7859269754222,195.244265864204));
#4173=CARTESIAN_POINT('',(-102.500000111759,34.831032138796,178.042072934137));
#4174=CARTESIAN_POINT('',(-105.000000111759,34.831032138796,178.042072934137));
#4175=CARTESIAN_POINT('',(-102.500000111759,22.7859269754222,195.244265864204));
#4176=CARTESIAN_POINT('',(-102.500000111759,25.7972032662661,190.943717631687));
#4177=CARTESIAN_POINT('',(-105.000000111759,22.7859269754222,195.244265864204));
#4178=CARTESIAN_POINT('Origin',(-105.000000111759,63.5013536889088,198.117248206422));
#4179=CARTESIAN_POINT('',(-102.500000111759,63.5013536889088,198.117248206422));
#4180=CARTESIAN_POINT('',(-105.000000111759,63.5013536889088,198.117248206422));
#4181=CARTESIAN_POINT('',(-102.500000111759,56.3337733013803,193.098454388351));
#4182=CARTESIAN_POINT('Origin',(-105.000000111759,37.,192.378933762682));
#4183=CARTESIAN_POINT('',(-102.500000111759,46.,192.378933762682));
#4184=CARTESIAN_POINT('Origin',(-102.500000111759,37.,192.378933762682));
#4185=CARTESIAN_POINT('',(-105.000000111759,46.,192.378933762682));
#4186=CARTESIAN_POINT('',(-105.000000111759,46.,192.378933762682));
#4187=CARTESIAN_POINT('Origin',(-105.000000111759,37.,192.378933762682));
#4188=CARTESIAN_POINT('Origin',(-102.500000111759,43.1436403321655,196.680757035314));
#4189=CARTESIAN_POINT('',(-102.500000111759,51.4562485255369,215.319441136491));
#4190=CARTESIAN_POINT('',(-102.500000111759,54.4675248163797,211.018892903974));
#4191=CARTESIAN_POINT('',(-102.500000111759,29.953507362951,200.263059682276));
#4192=CARTESIAN_POINT('Origin',(-105.000000111759,22.7859269754222,195.244265864204));
#4193=CARTESIAN_POINT('',(-105.000000111759,51.4562485255369,215.319441136491));
#4194=CARTESIAN_POINT('Origin',(-105.000000111759,51.4562485255369,215.319441136491));
#4195=CARTESIAN_POINT('Origin',(-115.000000111759,9.67517250170714E-15,
85.9999999999997));
#4196=CARTESIAN_POINT('',(-115.000000111759,3.00000000000001,91.9999999999997));
#4197=CARTESIAN_POINT('Origin',(-115.000000111759,1.23481873419105E-14,
91.9999999999997));
#4198=CARTESIAN_POINT('',(-115.000000111759,1.00000000000001,91.9999999999997));
#4199=CARTESIAN_POINT('Origin',(-115.000000111759,1.23481873419105E-14,
91.9999999999997));
#4200=CARTESIAN_POINT('Origin',(-115.000000111759,9.67517250170714E-15,
85.9999999999997));
#4201=CARTESIAN_POINT('',(-115.000000111759,9.00000008940698,86.0000001117584));
#4202=CARTESIAN_POINT('Origin',(-115.000000111759,6.00000008940698,86.0000001117584));
#4203=CARTESIAN_POINT('',(-115.000000111759,7.00000008940699,86.0000001117584));
#4204=CARTESIAN_POINT('Origin',(-115.000000111759,6.00000008940698,86.0000001117584));
#4205=CARTESIAN_POINT('Origin',(-115.000000111759,9.67517250170714E-15,
85.9999999999997));
#4206=CARTESIAN_POINT('',(-115.000000111759,-3.00000008940696,86.0000001117584));
#4207=CARTESIAN_POINT('Origin',(-115.000000111759,-6.00000008940697,86.0000001117584));
#4208=CARTESIAN_POINT('',(-115.000000111759,-5.00000008940696,86.0000001117584));
#4209=CARTESIAN_POINT('Origin',(-115.000000111759,-6.00000008940697,86.0000001117584));
#4210=CARTESIAN_POINT('Origin',(-115.000000111759,9.67517250170714E-15,
85.9999999999997));
#4211=CARTESIAN_POINT('',(-115.000000111759,3.00000000000001,79.9999999999997));
#4212=CARTESIAN_POINT('Origin',(-115.000000111759,8.54714283122084E-15,
79.9999999999997));
#4213=CARTESIAN_POINT('',(-115.000000111759,1.00000000000001,79.9999999999997));
#4214=CARTESIAN_POINT('Origin',(-115.000000111759,8.54714283122084E-15,
79.9999999999997));
#4215=CARTESIAN_POINT('Origin',(-113.000000111759,6.00000008940698,86.0000001117584));
#4216=CARTESIAN_POINT('',(-113.000000111759,7.00000008940699,86.0000001117584));
#4217=CARTESIAN_POINT('',(-113.000000111759,7.00000008940699,86.0000001117584));
#4218=CARTESIAN_POINT('Origin',(-113.000000111759,6.00000008940698,86.0000001117584));
#4219=CARTESIAN_POINT('Origin',(-113.000000111759,-6.00000008940697,86.0000001117584));
#4220=CARTESIAN_POINT('',(-113.000000111759,-5.00000008940696,86.0000001117584));
#4221=CARTESIAN_POINT('',(-113.000000111759,-5.00000008940696,86.0000001117584));
#4222=CARTESIAN_POINT('Origin',(-113.000000111759,-6.00000008940697,86.0000001117584));
#4223=CARTESIAN_POINT('Origin',(-113.000000111759,1.20706315857542E-14,
91.9999999999997));
#4224=CARTESIAN_POINT('',(-113.000000111759,1.00000000000001,91.9999999999997));
#4225=CARTESIAN_POINT('',(-113.000000111759,1.00000000000001,91.9999999999997));
#4226=CARTESIAN_POINT('Origin',(-113.000000111759,1.20706315857542E-14,
91.9999999999997));
#4227=CARTESIAN_POINT('Origin',(-113.000000111759,8.26958707506455E-15,
79.9999999999997));
#4228=CARTESIAN_POINT('',(-113.000000111759,1.00000000000001,79.9999999999997));
#4229=CARTESIAN_POINT('',(-113.000000111759,1.00000000000001,79.9999999999997));
#4230=CARTESIAN_POINT('Origin',(-113.000000111759,8.26958707506455E-15,
79.9999999999997));
#4231=CARTESIAN_POINT('Origin',(-113.000000111759,1.01701093304094E-14,
85.9999999999997));
#4232=CARTESIAN_POINT('',(-115.000000111759,1.5458105902351E-13,108.500000000001));
#4233=CARTESIAN_POINT('',(-115.000000111759,22.5,85.9999999999997));
#4234=CARTESIAN_POINT('Origin',(-115.000000111759,-3.91332887347156E-15,
86.0000000000007));
#4235=CARTESIAN_POINT('Origin',(-115.000000111759,-3.91332887347156E-15,
86.0000000000007));
#4236=CARTESIAN_POINT('',(-113.000000111759,22.5,85.9999999999997));
#4237=CARTESIAN_POINT('',(-113.000000111759,22.5,85.9999999999997));
#4238=CARTESIAN_POINT('Origin',(-113.000000111759,1.01701093304094E-14,
85.9999999999997));
#4239=CARTESIAN_POINT('Origin',(-113.000000111759,9.39761674555085E-15,
85.9999999999997));
#4240=CARTESIAN_POINT('Origin',(-115.000000111759,8.54714283122084E-15,
79.9999999999997));
#4241=CARTESIAN_POINT('',(-130.657809461111,2.99962305103567,79.9999338091612));
#4242=CARTESIAN_POINT('',(-115.000000111759,3.00000000000001,79.9999999999997));
#4243=CARTESIAN_POINT('',(-131.082218498309,-2.80869277774124,81.0533166812348));
#4244=CARTESIAN_POINT('Ctrl Pts',(-131.081799707784,-2.80863844891579,81.0533206910737));
#4245=CARTESIAN_POINT('Ctrl Pts',(-131.031536985495,-2.85621060702904,80.9264398191552));
#4246=CARTESIAN_POINT('Ctrl Pts',(-130.979885172296,-2.89495812867232,80.7969255071236));
#4247=CARTESIAN_POINT('Ctrl Pts',(-130.927215315838,-2.92480756050959,80.6657007167075));
#4248=CARTESIAN_POINT('Ctrl Pts',(-130.914142447996,-2.93221630820368,80.6331302018413));
#4249=CARTESIAN_POINT('Ctrl Pts',(-130.901007046262,-2.93907682345524,80.6004544722321));
#4250=CARTESIAN_POINT('Ctrl Pts',(-130.887815148765,-2.94538786400718,80.5676879595404));
#4251=CARTESIAN_POINT('Ctrl Pts',(-130.834196244002,-2.97103929757672,80.4345073823122));
#4252=CARTESIAN_POINT('Ctrl Pts',(-130.77977281435,-2.98755685049972,80.3001512079568));
#4253=CARTESIAN_POINT('Ctrl Pts',(-130.724931768506,-2.99498916418865,80.1654983931962));
#4254=CARTESIAN_POINT('Ctrl Pts',(-130.668077365708,-3.00269433737936,80.0259021245549));
#4255=CARTESIAN_POINT('Ctrl Pts',(-130.610773999136,-3.00063462094432,79.8859867355518));
#4256=CARTESIAN_POINT('Ctrl Pts',(-130.553488539976,-2.98886019188697,79.746778249383));
#4257=CARTESIAN_POINT('Ctrl Pts',(-130.496203080816,-2.97708576282961,79.6075697632142));
#4258=CARTESIAN_POINT('Ctrl Pts',(-130.438935741151,-2.95559619677611,79.4690681100297));
#4259=CARTESIAN_POINT('Ctrl Pts',(-130.382187515429,-2.92444341628041,79.3323475378935));
#4260=CARTESIAN_POINT('Ctrl Pts',(-130.326051331309,-2.89362662510272,79.1971015260071));
#4261=CARTESIAN_POINT('Ctrl Pts',(-130.270585809496,-2.85345656198962,79.0639911505876));
#4262=CARTESIAN_POINT('Ctrl Pts',(-130.216251555047,-2.80414715010455,78.9339774100564));
#4263=CARTESIAN_POINT('Ctrl Pts',(-130.161651622369,-2.75459662996534,78.8033279412778));
#4264=CARTESIAN_POINT('Ctrl Pts',(-130.108194341267,-2.69581669621703,78.6758055829123));
#4265=CARTESIAN_POINT('Ctrl Pts',(-130.056364403987,-2.62804271701994,78.5524317029965));
#4266=CARTESIAN_POINT('Ctrl Pts',(-130.014616454026,-2.57345216876472,78.4530565766609));
#4267=CARTESIAN_POINT('Ctrl Pts',(-129.973924743649,-2.51302655445483,78.3563738855948));
#4268=CARTESIAN_POINT('Ctrl Pts',(-129.934548413928,-2.44690064531662,78.2629381801003));
#4269=CARTESIAN_POINT('Ctrl Pts',(-129.884071390587,-2.36213299219539,78.1431617479012));
#4270=CARTESIAN_POINT('Ctrl Pts',(-129.836014782622,-2.26844236170156,78.0293360398599));
#4271=CARTESIAN_POINT('Ctrl Pts',(-129.790884454404,-2.16640867184515,77.9225417062678));
#4272=CARTESIAN_POINT('Ctrl Pts',(-129.74610710221,-2.06517301398938,77.8165826389079));
#4273=CARTESIAN_POINT('Ctrl Pts',(-129.704210934822,-1.95572400337848,77.7175460178399));
#4274=CARTESIAN_POINT('Ctrl Pts',(-129.665685614041,-1.83867215282176,77.6265122210943));
#4275=CARTESIAN_POINT('Ctrl Pts',(-129.639286952464,-1.75846484689625,77.5641332364784));
#4276=CARTESIAN_POINT('Ctrl Pts',(-129.614470956025,-1.67468863848746,77.5055123974149));
#4277=CARTESIAN_POINT('Ctrl Pts',(-129.591391944548,-1.58755299171863,77.4510018763111));
#4278=CARTESIAN_POINT('Ctrl Pts',(-129.558733406261,-1.46424949325321,77.3738653862004));
#4279=CARTESIAN_POINT('Ctrl Pts',(-129.529835681421,-1.33528070720398,77.3056261785531));
#4280=CARTESIAN_POINT('Ctrl Pts',(-129.505007585277,-1.20160222638467,77.2469814809328));
#4281=CARTESIAN_POINT('Ctrl Pts',(-129.480787277035,-1.07119617382408,77.1897723963188));
#4282=CARTESIAN_POINT('Ctrl Pts',(-129.460440001976,-0.936308609289111,
77.1416943586926));
#4283=CARTESIAN_POINT('Ctrl Pts',(-129.444227938001,-0.797861189851323,
77.1033695034332));
#4284=CARTESIAN_POINT('Ctrl Pts',(-129.43445759222,-0.714424610610693,77.0802726856252));
#4285=CARTESIAN_POINT('Ctrl Pts',(-129.426188661554,-0.629695744912176,
77.0607176739639));
#4286=CARTESIAN_POINT('Ctrl Pts',(-129.419473518546,-0.543881581616475,
77.0448349776238));
#4287=CARTESIAN_POINT('Ctrl Pts',(-129.409106186728,-0.411395362854177,
77.0203141025021));
#4288=CARTESIAN_POINT('Ctrl Pts',(-129.402550315053,-0.277641985357005,
77.0048000582161));
#4289=CARTESIAN_POINT('Ctrl Pts',(-129.399820725321,-0.14358664604795,76.9983391033792));
#4290=CARTESIAN_POINT('Ctrl Pts',(-129.398846655057,-0.0957482041798118,
76.9960334733761));
#4291=CARTESIAN_POINT('Ctrl Pts',(-129.398359627047,-0.0478713470550316,
76.9948802931984));
#4292=CARTESIAN_POINT('Ctrl Pts',(-129.398359590273,-3.09750911153352E-13,
76.9948802240271));
#4293=CARTESIAN_POINT('Ctrl Pts',(-129.398359487208,0.134166903737089,76.9948800301635));
#4294=CARTESIAN_POINT('Ctrl Pts',(-129.402186343162,0.268369216413672,77.0039408056961));
#4295=CARTESIAN_POINT('Ctrl Pts',(-129.409832748051,0.401640281223891,77.0220302815116));
#4296=CARTESIAN_POINT('Ctrl Pts',(-129.412696520433,0.451553671924097,77.0288052485701));
#4297=CARTESIAN_POINT('Ctrl Pts',(-129.416095822348,0.501336455532422,77.0368461926185));
#4298=CARTESIAN_POINT('Ctrl Pts',(-129.4200294073,0.55093799530324,77.0461497566531));
#4299=CARTESIAN_POINT('Ctrl Pts',(-129.431286156295,0.69288283437495,77.0727737869913));
#4300=CARTESIAN_POINT('Ctrl Pts',(-129.446796334997,0.831827838785531,77.109448387185));
#4301=CARTESIAN_POINT('Ctrl Pts',(-129.466315300104,0.9668424532311,77.1555722833452));
#4302=CARTESIAN_POINT('Ctrl Pts',(-129.486326206828,1.10525987655264,77.2028586522044));
#4303=CARTESIAN_POINT('Ctrl Pts',(-129.510550267269,1.2395458008421,77.2600761755676));
#4304=CARTESIAN_POINT('Ctrl Pts',(-129.538694675993,1.36873157494337,77.326544819147));
#4305=CARTESIAN_POINT('Ctrl Pts',(-129.555457192466,1.4456732754319,77.3661328504278));
#4306=CARTESIAN_POINT('Ctrl Pts',(-129.573609828324,1.52080650523581,77.4090019173909));
#4307=CARTESIAN_POINT('Ctrl Pts',(-129.593086519866,1.59393312289287,77.455004318722));
#4308=CARTESIAN_POINT('Ctrl Pts',(-129.626808954855,1.7205463931475,77.5346540366868));
#4309=CARTESIAN_POINT('Ctrl Pts',(-129.664210917836,1.84004263501816,77.6230086359763));
#4310=CARTESIAN_POINT('Ctrl Pts',(-129.704814122415,1.95177729887375,77.7189855480575));
#4311=CARTESIAN_POINT('Ctrl Pts',(-129.745837368448,2.0646678614122,77.8159553443737));
#4312=CARTESIAN_POINT('Ctrl Pts',(-129.790127861674,2.16963563280988,77.9207053419798));
#4313=CARTESIAN_POINT('Ctrl Pts',(-129.837182216671,2.26606427716162,78.032138001599));
#4314=CARTESIAN_POINT('Ctrl Pts',(-129.862074240772,2.31707558396725,78.0910865186731));
#4315=CARTESIAN_POINT('Ctrl Pts',(-129.887739609303,2.36569803353988,78.151905534469));
#4316=CARTESIAN_POINT('Ctrl Pts',(-129.914103449893,2.41184541324964,78.2144356261137));
#4317=CARTESIAN_POINT('Ctrl Pts',(-129.962420576055,2.4964199182357,78.3290347990427));
#4318=CARTESIAN_POINT('Ctrl Pts',(-130.012841398597,2.57224931961236,78.4488039589904));
#4319=CARTESIAN_POINT('Ctrl Pts',(-130.064869808028,2.63906904306797,78.5726808358286));
#4320=CARTESIAN_POINT('Ctrl Pts',(-130.116723923696,2.70566492225917,78.6961427284834));
#4321=CARTESIAN_POINT('Ctrl Pts',(-130.170174490837,2.76331187331909,78.8236847183947));
#4322=CARTESIAN_POINT('Ctrl Pts',(-130.224742485619,2.81177280264165,78.9542986275832));
#4323=CARTESIAN_POINT('Ctrl Pts',(-130.278517182408,2.85952921720002,79.0830136993223));
#4324=CARTESIAN_POINT('Ctrl Pts',(-130.333376808655,2.89836522531291,79.2147119748787));
#4325=CARTESIAN_POINT('Ctrl Pts',(-130.388879295985,2.92807093776167,79.3484721622441));
#4326=CARTESIAN_POINT('Ctrl Pts',(-130.443933263519,2.95753659610299,79.481151423426));
#4327=CARTESIAN_POINT('Ctrl Pts',(-130.499454078209,2.97791858904506,79.6154595491866));
#4328=CARTESIAN_POINT('Ctrl Pts',(-130.554985174643,2.98916908683754,79.7504161139699));
#4329=CARTESIAN_POINT('Ctrl Pts',(-130.589135780327,2.99608793660887,79.8334119257653));
#4330=CARTESIAN_POINT('Ctrl Pts',(-130.623290824829,2.99955334758881,79.9166538265816));
#4331=CARTESIAN_POINT('Ctrl Pts',(-130.657349757639,2.99955458927981,79.9999217875311));
#4332=CARTESIAN_POINT('Ctrl Pts',(-130.660340578603,3.00000000000001,79.9999999999997));
#4333=CARTESIAN_POINT('Ctrl Pts',(-130.743189171032,3.00000000000001,80.2024168805927));
#4334=CARTESIAN_POINT('Ctrl Pts',(-130.825461974644,2.97951452050057,80.4050715003443));
#4335=CARTESIAN_POINT('Ctrl Pts',(-131.059721240955,2.85958814679025,80.9877108014533));
#4336=CARTESIAN_POINT('Ctrl Pts',(-131.204737220703,2.70579691649122,81.3559610464377));
#4337=CARTESIAN_POINT('Ctrl Pts',(-131.456760936548,2.26148664468342,82.0094791131833));
#4338=CARTESIAN_POINT('Ctrl Pts',(-131.562434682617,1.97816547466764,82.2907819225766));
#4339=CARTESIAN_POINT('Ctrl Pts',(-131.714743379662,1.34938557169724,82.702209859778));
#4340=CARTESIAN_POINT('Ctrl Pts',(-131.765740656379,1.02234296621143,82.8428211999094));
#4341=CARTESIAN_POINT('Ctrl Pts',(-131.821774360217,0.352199383006444,82.9976608129671));
#4342=CARTESIAN_POINT('Ctrl Pts',(-131.829180057638,0.0183221293706222,
83.0183193851954));
#4343=CARTESIAN_POINT('Ctrl Pts',(-131.803766995564,-0.654320189028567,
82.9478881602975));
#4344=CARTESIAN_POINT('Ctrl Pts',(-131.769880664684,-0.985632350217768,
82.8537878833728));
#4345=CARTESIAN_POINT('Ctrl Pts',(-131.658468787446,-1.62292548339486,82.5495551029295));
#4346=CARTESIAN_POINT('Ctrl Pts',(-131.578973745738,-1.9177834227952,82.3345753972962));
#4347=CARTESIAN_POINT('Ctrl Pts',(-131.368364716619,-2.45107503503507,81.7783388765656));
#4348=CARTESIAN_POINT('Ctrl Pts',(-131.233532351344,-2.66803360140608,81.4292790419447));
#4349=CARTESIAN_POINT('Ctrl Pts',(-131.084714745586,-2.80901661071812,81.0532927801464));
#4350=CARTESIAN_POINT('Origin',(-115.000000111759,-6.00000008940697,86.0000001117584));
#4351=CARTESIAN_POINT('',(-132.429638881136,-3.00000008940696,86.0000001117582));
#4352=CARTESIAN_POINT('',(-115.000000111759,-3.00000008940696,86.0000001117584));
#4353=CARTESIAN_POINT('',(-132.173717446102,-3.23331818233112,84.8400556195263));
#4354=CARTESIAN_POINT('Ctrl Pts',(-132.173118211527,-3.23288399657337,84.8409434594238));
#4355=CARTESIAN_POINT('Ctrl Pts',(-132.206169864972,-3.17930534168948,84.9687029228811));
#4356=CARTESIAN_POINT('Ctrl Pts',(-132.238351865218,-3.13462854264426,85.1000755376559));
#4357=CARTESIAN_POINT('Ctrl Pts',(-132.269440217325,-3.09920132206056,85.2340943132525));
#4358=CARTESIAN_POINT('Ctrl Pts',(-132.299880584504,-3.064512522893,85.3653196906532));
#4359=CARTESIAN_POINT('Ctrl Pts',(-132.329272499464,-3.03869134228789,85.4990816868557));
#4360=CARTESIAN_POINT('Ctrl Pts',(-132.357434838056,-3.0220462393544,85.6345091246676));
#4361=CARTESIAN_POINT('Ctrl Pts',(-132.363983433321,-3.01817574962585,85.6660000988664));
#4362=CARTESIAN_POINT('Ctrl Pts',(-132.370465668365,-3.01480134921852,85.6975812964476));
#4363=CARTESIAN_POINT('Ctrl Pts',(-132.376879489668,-3.01192680701075,85.7292420884262));
#4364=CARTESIAN_POINT('Ctrl Pts',(-132.395158445962,-3.00373455641693,85.8194732011186));
#4365=CARTESIAN_POINT('Ctrl Pts',(-132.412809730069,-2.99963874185261,85.9099985026355));
#4366=CARTESIAN_POINT('Ctrl Pts',(-132.429794530952,-2.99963989256203,86.0005219323723));
#4367=CARTESIAN_POINT('Ctrl Pts',(-132.429638881136,-3.00000008940697,86.0000001117582));
#4368=CARTESIAN_POINT('Ctrl Pts',(-132.487289690412,-3.00000008940696,86.3080859193529));
#4369=CARTESIAN_POINT('Ctrl Pts',(-132.537232773121,-3.04744489454547,86.616124502225));
#4370=CARTESIAN_POINT('Ctrl Pts',(-132.62621175429,-3.25214042365682,87.2567542636455));
#4371=CARTESIAN_POINT('Ctrl Pts',(-132.66139415065,-3.42338762189884,87.5788937673025));
#4372=CARTESIAN_POINT('Ctrl Pts',(-132.706019660953,-3.86052821291625,88.1304259885247));
#4373=CARTESIAN_POINT('Ctrl Pts',(-132.716632438559,-4.11631794322532,88.3597115018012));
#4374=CARTESIAN_POINT('Ctrl Pts',(-132.71803870964,-4.6954616357649,88.7231275546624));
#4375=CARTESIAN_POINT('Ctrl Pts',(-132.708827700846,-5.0144126466717,88.8540366006465));
#4376=CARTESIAN_POINT('Ctrl Pts',(-132.670192983326,-5.70858223053881,89.0085572644572));
#4377=CARTESIAN_POINT('Ctrl Pts',(-132.639572463605,-6.07992874586557,89.0213657275397));
#4378=CARTESIAN_POINT('Ctrl Pts',(-132.552307348601,-6.83688572489948,88.9082530561695));
#4379=CARTESIAN_POINT('Ctrl Pts',(-132.494476271084,-7.21283064731655,88.7720902023766));
#4380=CARTESIAN_POINT('Ctrl Pts',(-132.349792756445,-7.89795007281463,88.3585223033553));
#4381=CARTESIAN_POINT('Ctrl Pts',(-132.263489488361,-8.19709153905135,88.081788729384));
#4382=CARTESIAN_POINT('Ctrl Pts',(-132.071739529676,-8.66409928047819,87.4351491413467));
#4383=CARTESIAN_POINT('Ctrl Pts',(-131.968216764401,-8.82948691470645,87.0720437654192));
#4384=CARTESIAN_POINT('Ctrl Pts',(-131.756653582673,-9.01335272637915,86.2922867835057));
#4385=CARTESIAN_POINT('Ctrl Pts',(-131.650258643514,-9.02552598227423,85.879607936581));
#4386=CARTESIAN_POINT('Ctrl Pts',(-131.477040931632,-8.89327163128681,85.134540222258));
#4387=CARTESIAN_POINT('Ctrl Pts',(-131.407819687089,-8.77367651870486,84.8041182636915));
#4388=CARTESIAN_POINT('Ctrl Pts',(-131.30604394583,-8.43776937503397,84.2223680652541));
#4389=CARTESIAN_POINT('Ctrl Pts',(-131.271595406238,-8.23340499696878,83.9710660892231));
#4390=CARTESIAN_POINT('Ctrl Pts',(-131.234213746396,-7.73498313718534,83.528681660904));
#4391=CARTESIAN_POINT('Ctrl Pts',(-131.233666858158,-7.44145469637167,83.3467304905567));
#4392=CARTESIAN_POINT('Ctrl Pts',(-131.26927439108,-6.78841768434532,83.0829909085796));
#4393=CARTESIAN_POINT('Ctrl Pts',(-131.306927355578,-6.43337665438275,83.0099622988461));
#4394=CARTESIAN_POINT('Ctrl Pts',(-131.419142057989,-5.67589363897386,82.9908874729651));
#4395=CARTESIAN_POINT('Ctrl Pts',(-131.496195783191,-5.28094759632526,83.0608192076158));
#4396=CARTESIAN_POINT('Ctrl Pts',(-131.674623537664,-4.53208515568336,83.3519304663799));
#4397=CARTESIAN_POINT('Ctrl Pts',(-131.775153740308,-4.18671179899109,83.5757691959516));
#4398=CARTESIAN_POINT('Ctrl Pts',(-131.978074979226,-3.61346189739289,84.1391956617553));
#4399=CARTESIAN_POINT('Ctrl Pts',(-132.078859212944,-3.38759684355446,84.4720725104094));
#4400=CARTESIAN_POINT('Ctrl Pts',(-132.173717446102,-3.23331818233112,84.8400556195263));
#4401=CARTESIAN_POINT('Origin',(-115.000000111759,6.00000008940698,86.0000001117584));
#4402=CARTESIAN_POINT('',(-131.683630240466,9.00000008940699,86.0000001117582));
#4403=CARTESIAN_POINT('',(-115.000000111759,9.00000008940698,86.0000001117584));
#4404=CARTESIAN_POINT('',(-131.387870172243,8.69530066865706,84.6826714559194));
#4405=CARTESIAN_POINT('Ctrl Pts',(-131.386216060574,8.69489705996748,84.6844694375317));
#4406=CARTESIAN_POINT('Ctrl Pts',(-131.407511918878,8.74986570651568,84.796852903199));
#4407=CARTESIAN_POINT('Ctrl Pts',(-131.430700354096,8.79751189067069,84.9121138319398));
#4408=CARTESIAN_POINT('Ctrl Pts',(-131.4554976371,8.83774540171177,85.0294984170556));
#4409=CARTESIAN_POINT('Ctrl Pts',(-131.480488598194,8.87829315482267,85.1477998293147));
#4410=CARTESIAN_POINT('Ctrl Pts',(-131.507113311903,8.91131230387501,85.2682582144507));
#4411=CARTESIAN_POINT('Ctrl Pts',(-131.535076682233,8.93670794097939,85.390154779133));
#4412=CARTESIAN_POINT('Ctrl Pts',(-131.555059715802,8.95485603481754,85.4772638477227));
#4413=CARTESIAN_POINT('Ctrl Pts',(-131.575726261549,8.96911094660868,85.565108470618));
#4414=CARTESIAN_POINT('Ctrl Pts',(-131.596968538494,8.97943600183246,85.6534424973663));
#4415=CARTESIAN_POINT('Ctrl Pts',(-131.624819102416,8.99297309162995,85.7692564689478));
#4416=CARTESIAN_POINT('Ctrl Pts',(-131.653547337207,8.99970633425743,85.8854530361574));
#4417=CARTESIAN_POINT('Ctrl Pts',(-131.682873992757,8.99970883424104,86.0014167599185));
#4418=CARTESIAN_POINT('Ctrl Pts',(-131.683630240466,9.00000008940699,86.0000001117582));
#4419=CARTESIAN_POINT('Ctrl Pts',(-131.750469037138,9.00000008940699,86.2651169627057));
#4420=CARTESIAN_POINT('Ctrl Pts',(-131.820421458296,8.96485403797154,86.5290684040334));
#4421=CARTESIAN_POINT('Ctrl Pts',(-131.997105661441,8.78980235957227,87.1748150403317));
#4422=CARTESIAN_POINT('Ctrl Pts',(-132.102192419102,8.60607319186648,87.5407275274764));
#4423=CARTESIAN_POINT('Ctrl Pts',(-132.288195012232,8.11572080897878,88.1613226011672));
#4424=CARTESIAN_POINT('Ctrl Pts',(-132.368630698773,7.82060385191248,88.4158516660961));
#4425=CARTESIAN_POINT('Ctrl Pts',(-132.506900167185,7.13925115448398,88.8032773603019));
#4426=CARTESIAN_POINT('Ctrl Pts',(-132.56306146795,6.75883870336871,88.9297142307707));
#4427=CARTESIAN_POINT('Ctrl Pts',(-132.646708680042,6.00077094306584,89.0221048344441));
#4428=CARTESIAN_POINT('Ctrl Pts',(-132.675615204729,5.63261553595806,88.9998926145689));
#4429=CARTESIAN_POINT('Ctrl Pts',(-132.711274259599,4.94588337070936,88.8293425682452));
#4430=CARTESIAN_POINT('Ctrl Pts',(-132.719133601844,4.63097841275588,88.6911718176302));
#4431=CARTESIAN_POINT('Ctrl Pts',(-132.714954850901,4.0606096244859,88.3142663999689));
#4432=CARTESIAN_POINT('Ctrl Pts',(-132.702840359363,3.80981191188564,88.0783724125581));
#4433=CARTESIAN_POINT('Ctrl Pts',(-132.654781761909,3.38439868038212,87.5139753243278));
#4434=CARTESIAN_POINT('Ctrl Pts',(-132.617587798988,3.22040786788484,87.1855685769452));
#4435=CARTESIAN_POINT('Ctrl Pts',(-132.517620751765,3.01723027122509,86.4863135936835));
#4436=CARTESIAN_POINT('Ctrl Pts',(-132.45557761349,2.98073114894289,86.1217822264698));
#4437=CARTESIAN_POINT('Ctrl Pts',(-132.302281370196,3.04187896814154,85.3558869538314));
#4438=CARTESIAN_POINT('Ctrl Pts',(-132.209901765149,3.1561099533567,84.9633446255368));
#4439=CARTESIAN_POINT('Ctrl Pts',(-132.012550624995,3.53124243507613,84.2481476813893));
#4440=CARTESIAN_POINT('Ctrl Pts',(-131.909190290521,3.78965942015202,83.93173265228));
#4441=CARTESIAN_POINT('Ctrl Pts',(-131.711239412598,4.40365654684713,83.4304447643276));
#4442=CARTESIAN_POINT('Ctrl Pts',(-131.617890662551,4.75069949652472,83.2445314182592));
#4443=CARTESIAN_POINT('Ctrl Pts',(-131.456759089186,5.48013166786968,83.0221915801652));
#4444=CARTESIAN_POINT('Ctrl Pts',(-131.389136827514,5.85419600300375,82.9801074952765));
#4445=CARTESIAN_POINT('Ctrl Pts',(-131.286236014052,6.6102732009917,83.0378929649492));
#4446=CARTESIAN_POINT('Ctrl Pts',(-131.252762808649,6.98444848029211,83.1399515691084));
#4447=CARTESIAN_POINT('Ctrl Pts',(-131.23291338235,7.63072504033828,83.4597275104152));
#4448=CARTESIAN_POINT('Ctrl Pts',(-131.241144827295,7.9035203837167,83.6572858834375));
#4449=CARTESIAN_POINT('Ctrl Pts',(-131.292006496918,8.36627371645967,84.1273926550362));
#4450=CARTESIAN_POINT('Ctrl Pts',(-131.333264968643,8.55395549574307,84.3934742804532));
#4451=CARTESIAN_POINT('Ctrl Pts',(-131.387870172243,8.69530066865707,84.6826714559194));
#4452=CARTESIAN_POINT('Origin',(-115.000000111759,1.23481873419105E-14,
91.9999999999997));
#4453=CARTESIAN_POINT('',(-132.95532678859,3.00000000000001,92.0000000120984));
#4454=CARTESIAN_POINT('',(-115.000000111759,3.00000000000001,91.9999999999997));
#4455=CARTESIAN_POINT('',(-132.995307060631,-0.867355833829051,94.8718798473334));
#4456=CARTESIAN_POINT('Ctrl Pts',(-132.995307060631,-0.867355833829051,
94.8718798473334));
#4457=CARTESIAN_POINT('Ctrl Pts',(-132.995139857067,-0.892458573403154,
94.8642983993717));
#4458=CARTESIAN_POINT('Ctrl Pts',(-132.994965800019,-0.917460787697479,
94.8563881606327));
#4459=CARTESIAN_POINT('Ctrl Pts',(-132.992049100984,-1.3191482009233,94.7234835028555));
#4460=CARTESIAN_POINT('Ctrl Pts',(-132.987768505167,-1.66748875112678,94.5252737902123));
#4461=CARTESIAN_POINT('Ctrl Pts',(-132.977734028705,-2.26638254350032,94.0051408656956));
#4462=CARTESIAN_POINT('Ctrl Pts',(-132.972090292497,-2.51118586219622,93.6885065622396));
#4463=CARTESIAN_POINT('Ctrl Pts',(-132.962258315775,-2.86148347222561,92.9825317568876));
#4464=CARTESIAN_POINT('Ctrl Pts',(-132.958201373811,-2.96521049327304,92.6008607544739));
#4465=CARTESIAN_POINT('Ctrl Pts',(-132.954236472823,-3.01955319047949,91.8265240711011));
#4466=CARTESIAN_POINT('Ctrl Pts',(-132.956201273812,-2.97254198462458,91.4415607393781));
#4467=CARTESIAN_POINT('Ctrl Pts',(-132.950178125432,-2.73510794352147,90.7083757693903));
#4468=CARTESIAN_POINT('Ctrl Pts',(-132.943585728367,-2.54632739964712,90.3674211406153));
#4469=CARTESIAN_POINT('Ctrl Pts',(-132.928930513259,-2.04372785567562,89.7684507940838));
#4470=CARTESIAN_POINT('Ctrl Pts',(-132.921055175541,-1.73180417070561,89.518559289229));
#4471=CARTESIAN_POINT('Ctrl Pts',(-132.909085016345,-1.03017232968724,89.1549514462507));
#4472=CARTESIAN_POINT('Ctrl Pts',(-132.905089579986,-0.647592420674017,
89.044285926941));
#4473=CARTESIAN_POINT('Ctrl Pts',(-132.902741971982,0.134582068606066,88.9776846180107));
#4474=CARTESIAN_POINT('Ctrl Pts',(-132.904306798931,0.526443802076246,89.0208429457345));
#4475=CARTESIAN_POINT('Ctrl Pts',(-132.912388667571,1.27069728012908,89.2546234602199));
#4476=CARTESIAN_POINT('Ctrl Pts',(-132.918842740921,1.61607591825782,89.4426478718456));
#4477=CARTESIAN_POINT('Ctrl Pts',(-132.93347571599,2.219267963208,89.9432260123622));
#4478=CARTESIAN_POINT('Ctrl Pts',(-132.941501953304,2.47011019951138,90.2524112749163));
#4479=CARTESIAN_POINT('Ctrl Pts',(-132.952884965998,2.83263518259062,90.940274041503));
#4480=CARTESIAN_POINT('Ctrl Pts',(-132.954747067562,2.94453151750743,91.3099675897056));
#4481=CARTESIAN_POINT('Ctrl Pts',(-132.954821495153,2.99467863886835,91.7935522388557));
#4482=CARTESIAN_POINT('Ctrl Pts',(-132.95499864038,3.00000000041607,91.8968350742534));
#4483=CARTESIAN_POINT('Ctrl Pts',(-132.955326788551,3.00000000000001,92.0000000120985));
#4484=CARTESIAN_POINT('Ctrl Pts',(-132.955326788551,3.00000000000002,92.0000000120985));
#4485=CARTESIAN_POINT('Ctrl Pts',(-132.956229577571,2.99999999885536,92.2838235444862));
#4486=CARTESIAN_POINT('Ctrl Pts',(-132.95828960441,2.95971960669364,92.5667546775276));
#4487=CARTESIAN_POINT('Ctrl Pts',(-132.965066342742,2.76932449678405,93.2193492088111));
#4488=CARTESIAN_POINT('Ctrl Pts',(-132.970393559076,2.58492771281177,93.5729390351736));
#4489=CARTESIAN_POINT('Ctrl Pts',(-132.981053686023,2.0885405100041,94.1898655671745));
#4490=CARTESIAN_POINT('Ctrl Pts',(-132.986251166947,1.78082081676062,94.4466781392927));
#4491=CARTESIAN_POINT('Ctrl Pts',(-132.994210973544,1.08340616304534,94.8255323881844));
#4492=CARTESIAN_POINT('Ctrl Pts',(-132.996902634175,0.700631186154428,94.9439026811976));
#4493=CARTESIAN_POINT('Ctrl Pts',(-132.998735471051,-0.0887500990812484,
95.0248159032929));
#4494=CARTESIAN_POINT('Ctrl Pts',(-132.997836868025,-0.487548762080976,
94.9865879468788));
#4495=CARTESIAN_POINT('Ctrl Pts',(-132.995307060631,-0.867355833829059,
94.8718798473334));
#4496=CARTESIAN_POINT('Ctrl Pts',(-65.000000112383,0.000177763857424104,
160.500000000001));
#4497=CARTESIAN_POINT('Ctrl Pts',(-65.0000002262808,0.0165969595544887,
160.500286811352));
#4498=CARTESIAN_POINT('Ctrl Pts',(-65.0000140499766,0.033014058695065,160.500572843893));
#4499=CARTESIAN_POINT('Ctrl Pts',(-65.0046723207782,2.28488468410509,160.540213781686));
#4500=CARTESIAN_POINT('Ctrl Pts',(-65.5890484477549,6.76615335738737,160.628717180653));
#4501=CARTESIAN_POINT('Ctrl Pts',(-68.1535785503196,13.0537023813171,160.817339895592));
#4502=CARTESIAN_POINT('Ctrl Pts',(-71.5561032257505,17.6924934137933,160.898394336197));
#4503=CARTESIAN_POINT('Ctrl Pts',(-75.0787650717133,20.753565016029,160.743632353658));
#4504=CARTESIAN_POINT('Ctrl Pts',(-79.0988739018819,23.1485959629853,160.470873598989));
#4505=CARTESIAN_POINT('Ctrl Pts',(-84.9674711146923,24.5079418374038,160.184232328941));
#4506=CARTESIAN_POINT('Ctrl Pts',(-90.8558407208589,23.2116796626258,160.464124439521));
#4507=CARTESIAN_POINT('Ctrl Pts',(-94.8823157159132,20.8341551860579,160.753151960173));
#4508=CARTESIAN_POINT('Ctrl Pts',(-97.53365549581,18.5423498494388,160.87911008469));
#4509=CARTESIAN_POINT('Ctrl Pts',(-99.7621003335379,15.9323986425214,160.897560756659));
#4510=CARTESIAN_POINT('Ctrl Pts',(-102.258486956871,12.0936414422133,160.82103989192));
#4511=CARTESIAN_POINT('Ctrl Pts',(-103.958093747182,7.90696764920692,160.701335166101));
#4512=CARTESIAN_POINT('Ctrl Pts',(-104.83775509266,3.5052891326104,160.588292420664));
#4513=CARTESIAN_POINT('Ctrl Pts',(-104.993045780045,1.26791112367707,160.529218803068));
#4514=CARTESIAN_POINT('Ctrl Pts',(-104.999861025007,0.0998102948308924,
160.502305031584));
#4515=CARTESIAN_POINT('Ctrl Pts',(-105.000000119825,0.0499108534230744,
160.501149569024));
#4516=CARTESIAN_POINT('Ctrl Pts',(-105.000000111758,2.13543779419532E-7,
160.500006243122));
#4517=CARTESIAN_POINT('Ctrl Pts',(-65.000000112383,0.000177763857424104,
160.500000000001));
#4518=CARTESIAN_POINT('Ctrl Pts',(-64.9999975737638,0.0166104877378665,
160.500164595518));
#4519=CARTESIAN_POINT('Ctrl Pts',(-65.0000167436421,0.032994220829575,160.500369654122));
#4520=CARTESIAN_POINT('Ctrl Pts',(-65.0046623413168,2.28548972512728,160.524118385369));
#4521=CARTESIAN_POINT('Ctrl Pts',(-65.5942847176231,6.76402024682305,160.580492767474));
#4522=CARTESIAN_POINT('Ctrl Pts',(-68.2028659972862,13.030625317193,160.695936939647));
#4523=CARTESIAN_POINT('Ctrl Pts',(-71.6868475126952,17.5600406344379,160.748891741132));
#4524=CARTESIAN_POINT('Ctrl Pts',(-75.2362184320948,20.4889918694782,160.653094373624));
#4525=CARTESIAN_POINT('Ctrl Pts',(-79.2296578531846,22.7715837504215,160.475031087422));
#4526=CARTESIAN_POINT('Ctrl Pts',(-84.9721450982094,24.0673427833316,160.276390550493));
#4527=CARTESIAN_POINT('Ctrl Pts',(-90.7229945694922,22.8173397425482,160.471493981868));
#4528=CARTESIAN_POINT('Ctrl Pts',(-94.7144184845659,20.5491607253023,160.656578359608));
#4529=CARTESIAN_POINT('Ctrl Pts',(-97.3807272575356,18.3558124467085,160.73152570121));
#4530=CARTESIAN_POINT('Ctrl Pts',(-99.6482029064686,15.8292735136829,160.73601633699));
#4531=CARTESIAN_POINT('Ctrl Pts',(-102.201238286087,12.0632126630848,160.682912591402));
#4532=CARTESIAN_POINT('Ctrl Pts',(-103.935301788929,7.8982734469475,160.598948879121));
#4533=CARTESIAN_POINT('Ctrl Pts',(-104.833273808562,3.50459948124776,160.528351946192));
#4534=CARTESIAN_POINT('Ctrl Pts',(-104.993467617917,1.26772341318883,160.51555673543));
#4535=CARTESIAN_POINT('Ctrl Pts',(-104.999803425976,0.0997949392301928,
160.500777158107));
#4536=CARTESIAN_POINT('Ctrl Pts',(-105.000051593916,0.0499035625399535,
160.500756128179));
#4537=CARTESIAN_POINT('Ctrl Pts',(-105.000000111759,1.99416550058243E-7,
160.50000505364));
#4538=CARTESIAN_POINT('Ctrl Pts',(-65.000000112383,0.000177763857424104,
160.500000000001));
#4539=CARTESIAN_POINT('Ctrl Pts',(-64.999994994361,0.0165973437770774,160.499980404528));
#4540=CARTESIAN_POINT('Ctrl Pts',(-65.0000199505678,0.0329970403038696,
160.499982590944));
#4541=CARTESIAN_POINT('Ctrl Pts',(-65.0044586554837,2.28466070930055,160.497975398463));
#4542=CARTESIAN_POINT('Ctrl Pts',(-65.6018655655188,6.7612982198544,160.493754573108));
#4543=CARTESIAN_POINT('Ctrl Pts',(-68.2634204098685,12.9990649953095,160.477487208593));
#4544=CARTESIAN_POINT('Ctrl Pts',(-71.8613600511091,17.3761820955319,160.411521796355));
#4545=CARTESIAN_POINT('Ctrl Pts',(-75.4658228513099,20.0763605757281,160.296074914423));
#4546=CARTESIAN_POINT('Ctrl Pts',(-79.4448566672772,22.116513090161,160.155762684831));
#4547=CARTESIAN_POINT('Ctrl Pts',(-84.9797617810264,23.2243453337023,160.019629996308));
#4548=CARTESIAN_POINT('Ctrl Pts',(-90.5052878732201,22.1308987216033,160.125657678533));
#4549=CARTESIAN_POINT('Ctrl Pts',(-94.4739676216487,20.1080340958069,160.255764786696));
#4550=CARTESIAN_POINT('Ctrl Pts',(-97.1777638010704,18.0906197553758,160.337855886889));
#4551=CARTESIAN_POINT('Ctrl Pts',(-99.5083486041209,15.6926814137682,160.387397562629));
#4552=CARTESIAN_POINT('Ctrl Pts',(-102.137717743346,12.0269922564517,160.426754363471));
#4553=CARTESIAN_POINT('Ctrl Pts',(-103.916672011453,7.88856953218995,160.408375597115));
#4554=CARTESIAN_POINT('Ctrl Pts',(-104.830406105115,3.50347129523955,160.428365851844));
#4555=CARTESIAN_POINT('Ctrl Pts',(-104.994470107741,1.26750669044467,160.484932222342));
#4556=CARTESIAN_POINT('Ctrl Pts',(-104.999668526694,0.0997511282561297,
160.498881947944));
#4557=CARTESIAN_POINT('Ctrl Pts',(-105.000185519909,0.0499083596448655,
160.499289231762));
#4558=CARTESIAN_POINT('Ctrl Pts',(-105.000000111762,1.74693898675516E-7,
160.500002972048));
#4559=CARTESIAN_POINT('Ctrl Pts',(-65.000000112383,0.000177763857424104,
160.500000000001));
#4560=CARTESIAN_POINT('Ctrl Pts',(-64.9999981089714,0.0165871640782445,
160.499797174124));
#4561=CARTESIAN_POINT('Ctrl Pts',(-65.0000169063851,0.0329972292314284,
160.499594465614));
#4562=CARTESIAN_POINT('Ctrl Pts',(-65.0045977547719,2.28390715178142,160.471834726715));
#4563=CARTESIAN_POINT('Ctrl Pts',(-65.6038930304547,6.75914185700786,160.406566697506));
#4564=CARTESIAN_POINT('Ctrl Pts',(-68.2811047750942,12.9840725866317,160.253415328952));
#4565=CARTESIAN_POINT('Ctrl Pts',(-71.9073538443034,17.3018301870164,160.012621105662));
#4566=CARTESIAN_POINT('Ctrl Pts',(-75.5213788159068,19.9151135021924,159.748640041811));
#4567=CARTESIAN_POINT('Ctrl Pts',(-79.4916819924353,21.8632194231105,159.479678145901));
#4568=CARTESIAN_POINT('Ctrl Pts',(-84.9772630857379,22.9132277325685,159.251532016694));
#4569=CARTESIAN_POINT('Ctrl Pts',(-90.4699350489761,21.9002753455813,159.404269243963));
#4570=CARTESIAN_POINT('Ctrl Pts',(-94.4401491350173,19.9701288815734,159.651706401048));
#4571=CARTESIAN_POINT('Ctrl Pts',(-97.1535692363508,18.0141804975394,159.841710875023));
#4572=CARTESIAN_POINT('Ctrl Pts',(-99.4984250643845,15.6575218512072,159.996551784328));
#4573=CARTESIAN_POINT('Ctrl Pts',(-102.142591719154,12.0215029356227,160.164271261097));
#4574=CARTESIAN_POINT('Ctrl Pts',(-103.933422743652,7.8886957017726,160.220528371191));
#4575=CARTESIAN_POINT('Ctrl Pts',(-104.837971902943,3.50275155180872,160.326801472696));
#4576=CARTESIAN_POINT('Ctrl Pts',(-104.993473253518,1.26707387001793,160.45705564771));
#4577=CARTESIAN_POINT('Ctrl Pts',(-104.999764209655,0.0997322285670218,
160.49666619262));
#4578=CARTESIAN_POINT('Ctrl Pts',(-105.000105127192,0.0498891081412724,
160.49814456869));
#4579=CARTESIAN_POINT('Ctrl Pts',(-105.00000011177,1.49971247292132E-7,
160.500000890456));
#4580=CARTESIAN_POINT('Ctrl Pts',(-65.000000112383,0.000177763857424104,
160.500000000001));
#4581=CARTESIAN_POINT('Ctrl Pts',(-65.0000002290196,0.0165871491979568,
160.499715845937));
#4582=CARTESIAN_POINT('Ctrl Pts',(-65.0000146596542,0.0329929696409215,
160.499431115918));
#4583=CARTESIAN_POINT('Ctrl Pts',(-65.0047311492044,2.28378978221174,160.460414834597));
#4584=CARTESIAN_POINT('Ctrl Pts',(-65.6036452158525,6.75825143007404,160.36936223665));
#4585=CARTESIAN_POINT('Ctrl Pts',(-68.2808698101829,12.9807717543687,160.157253023455));
#4586=CARTESIAN_POINT('Ctrl Pts',(-71.9023009062136,17.2914910110983,159.841117719756));
#4587=CARTESIAN_POINT('Ctrl Pts',(-75.5101152537585,19.9011487492002,159.512604030939));
#4588=CARTESIAN_POINT('Ctrl Pts',(-79.4761886194476,21.8508770778819,159.187618066938));
#4589=CARTESIAN_POINT('Ctrl Pts',(-84.9745135887205,22.9147215606271,158.922109820817));
#4590=CARTESIAN_POINT('Ctrl Pts',(-90.4919320136867,21.9072686352652,159.100273164297));
#4591=CARTESIAN_POINT('Ctrl Pts',(-94.4656012076888,19.9755552022385,159.398485148471));
#4592=CARTESIAN_POINT('Ctrl Pts',(-97.1768788642963,18.0191948146567,159.633970299072));
#4593=CARTESIAN_POINT('Ctrl Pts',(-99.5180945648968,15.6618714681147,159.832566336345));
#4594=CARTESIAN_POINT('Ctrl Pts',(-102.15712368683,12.0247601862728,160.053378066366));
#4595=CARTESIAN_POINT('Ctrl Pts',(-103.946715377141,7.89052376571631,160.14267315722));
#4596=CARTESIAN_POINT('Ctrl Pts',(-104.843329277036,3.50255193569806,160.28231501897));
#4597=CARTESIAN_POINT('Ctrl Pts',(-104.99241514729,1.2668096102651,160.446593607356));
#4598=CARTESIAN_POINT('Ctrl Pts',(-104.99987869095,0.0997337504973191,160.495543951637));
#4599=CARTESIAN_POINT('Ctrl Pts',(-105.000000127809,0.0498713932296803,
160.497827098474));
#4600=CARTESIAN_POINT('Ctrl Pts',(-105.000000111774,1.39375825270583E-7,
160.499999998345));
#4601=CARTESIAN_POINT('',(-65.000000112383,0.000177763857425353,160.500000000001));
#4602=CARTESIAN_POINT('',(-105.000000111759,2.28686719207439E-15,160.500000000001));
#4603=CARTESIAN_POINT('Ctrl Pts',(-65.000000112383,0.000177763857424104,
160.500000000001));
#4604=CARTESIAN_POINT('Ctrl Pts',(-65.0000002290196,0.0165871491979568,
160.499715845937));
#4605=CARTESIAN_POINT('Ctrl Pts',(-65.0000146596542,0.0329929696409215,
160.499431115918));
#4606=CARTESIAN_POINT('Ctrl Pts',(-65.0047311492044,2.28378978221174,160.460414834597));
#4607=CARTESIAN_POINT('Ctrl Pts',(-65.6036452158525,6.75825143007404,160.36936223665));
#4608=CARTESIAN_POINT('Ctrl Pts',(-68.2808698101829,12.9807717543687,160.157253023455));
#4609=CARTESIAN_POINT('Ctrl Pts',(-71.9023009062136,17.2914910110983,159.841117719756));
#4610=CARTESIAN_POINT('Ctrl Pts',(-75.5101152537585,19.9011487492002,159.512604030939));
#4611=CARTESIAN_POINT('Ctrl Pts',(-79.4761886194476,21.8508770778819,159.187618066938));
#4612=CARTESIAN_POINT('Ctrl Pts',(-84.9745135887205,22.9147215606271,158.922109820817));
#4613=CARTESIAN_POINT('Ctrl Pts',(-90.4919320136867,21.9072686352652,159.100273164297));
#4614=CARTESIAN_POINT('Ctrl Pts',(-94.4656012076888,19.9755552022385,159.398485148471));
#4615=CARTESIAN_POINT('Ctrl Pts',(-97.1768788642963,18.0191948146567,159.633970299072));
#4616=CARTESIAN_POINT('Ctrl Pts',(-99.5180945648968,15.6618714681147,159.832566336345));
#4617=CARTESIAN_POINT('Ctrl Pts',(-102.15712368683,12.0247601862728,160.053378066366));
#4618=CARTESIAN_POINT('Ctrl Pts',(-103.946715377141,7.89052376571631,160.14267315722));
#4619=CARTESIAN_POINT('Ctrl Pts',(-104.843329277036,3.50255193569806,160.28231501897));
#4620=CARTESIAN_POINT('Ctrl Pts',(-104.99241514729,1.2668096102651,160.446593607356));
#4621=CARTESIAN_POINT('Ctrl Pts',(-104.99987869095,0.0997337504973191,160.495543951637));
#4622=CARTESIAN_POINT('Ctrl Pts',(-105.000000127809,0.0498713932296803,
160.497827098474));
#4623=CARTESIAN_POINT('Ctrl Pts',(-105.000000111774,1.39375825270583E-7,
160.499999998345));
#4624=CARTESIAN_POINT('Ctrl Pts',(-105.000000111758,2.13543779419532E-7,
160.500006243122));
#4625=CARTESIAN_POINT('Ctrl Pts',(-105.000000119825,0.0499108534230744,
160.501149569024));
#4626=CARTESIAN_POINT('Ctrl Pts',(-104.999861025007,0.0998102948308924,
160.502305031584));
#4627=CARTESIAN_POINT('Ctrl Pts',(-104.993045780045,1.26791112367707,160.529218803068));
#4628=CARTESIAN_POINT('Ctrl Pts',(-104.83775509266,3.5052891326104,160.588292420664));
#4629=CARTESIAN_POINT('Ctrl Pts',(-103.958093747182,7.90696764920692,160.701335166101));
#4630=CARTESIAN_POINT('Ctrl Pts',(-102.258486956871,12.0936414422133,160.82103989192));
#4631=CARTESIAN_POINT('Ctrl Pts',(-99.7621003335379,15.9323986425214,160.897560756659));
#4632=CARTESIAN_POINT('Ctrl Pts',(-97.53365549581,18.5423498494388,160.87911008469));
#4633=CARTESIAN_POINT('Ctrl Pts',(-94.8823157159132,20.8341551860579,160.753151960173));
#4634=CARTESIAN_POINT('Ctrl Pts',(-90.8558407208589,23.2116796626258,160.464124439521));
#4635=CARTESIAN_POINT('Ctrl Pts',(-84.9674711146923,24.5079418374038,160.184232328941));
#4636=CARTESIAN_POINT('Ctrl Pts',(-79.0988739018819,23.1485959629853,160.470873598989));
#4637=CARTESIAN_POINT('Ctrl Pts',(-75.0787650717133,20.753565016029,160.743632353658));
#4638=CARTESIAN_POINT('Ctrl Pts',(-71.5561032257505,17.6924934137933,160.898394336197));
#4639=CARTESIAN_POINT('Ctrl Pts',(-68.1535785503196,13.0537023813171,160.817339895592));
#4640=CARTESIAN_POINT('Ctrl Pts',(-65.5890484477549,6.76615335738737,160.628717180653));
#4641=CARTESIAN_POINT('Ctrl Pts',(-65.0046723207782,2.28488468410509,160.540213781686));
#4642=CARTESIAN_POINT('Ctrl Pts',(-65.0000140499766,0.033014058695065,160.500572843893));
#4643=CARTESIAN_POINT('Ctrl Pts',(-65.0000002262808,0.0165969595544887,
160.500286811352));
#4644=CARTESIAN_POINT('Ctrl Pts',(-65.000000112383,0.000177763857424104,
160.500000000001));
#4645=CARTESIAN_POINT('Ctrl Pts',(-105.000000111759,2.28686719207439E-15,
160.500000000001));
#4646=CARTESIAN_POINT('Ctrl Pts',(-105.000001776421,2.28686719207439E-15,
160.161476372017));
#4647=CARTESIAN_POINT('Ctrl Pts',(-105.190925209236,2.37334505223755E-15,
159.661278774931));
#4648=CARTESIAN_POINT('Ctrl Pts',(-106.274556738177,2.79338037303008E-15,
159.275340026604));
#4649=CARTESIAN_POINT('Ctrl Pts',(-108.688067345585,3.5963890745452E-15,
159.612429376423));
#4650=CARTESIAN_POINT('Ctrl Pts',(-111.949496739666,4.27585797582722E-15,
159.902880355313));
#4651=CARTESIAN_POINT('Ctrl Pts',(-114.210563259199,4.40557476607197E-15,
159.641097989206));
#4652=CARTESIAN_POINT('Ctrl Pts',(-115.000000111759,4.40557476607197E-15,
159.500000000001));
#4653=CARTESIAN_POINT('Ctrl Pts',(-105.000000111759,-2.94524311274043,160.500000000001));
#4654=CARTESIAN_POINT('Ctrl Pts',(-105.000001776421,-2.94524311274043,160.161476372017));
#4655=CARTESIAN_POINT('Ctrl Pts',(-105.191244487794,-2.94524311274043,159.660919586553));
#4656=CARTESIAN_POINT('Ctrl Pts',(-106.27464169416,-2.94524311274043,159.275244451123));
#4657=CARTESIAN_POINT('Ctrl Pts',(-108.688039604707,-2.94524311274043,159.612460584912));
#4658=CARTESIAN_POINT('Ctrl Pts',(-111.949103695977,-2.94524311274043,159.903322529464));
#4659=CARTESIAN_POINT('Ctrl Pts',(-114.210563259199,-2.94524311274043,159.641097989206));
#4660=CARTESIAN_POINT('Ctrl Pts',(-115.000000111759,-2.94524311274043,159.500000000001));
#4661=CARTESIAN_POINT('Ctrl Pts',(-103.956643171808,-8.83033343313076,160.500000000001));
#4662=CARTESIAN_POINT('Ctrl Pts',(-103.95664513613,-8.83033343313076,160.100537917059));
#4663=CARTESIAN_POINT('Ctrl Pts',(-104.149457625553,-8.83033343313076,159.472739935247));
#4664=CARTESIAN_POINT('Ctrl Pts',(-105.265995113189,-8.83033343313076,158.820452637584));
#4665=CARTESIAN_POINT('Ctrl Pts',(-107.813964820377,-8.83033343313075,158.827684944154));
#4666=CARTESIAN_POINT('Ctrl Pts',(-111.439108269142,-8.83033343313075,158.854546329164));
#4667=CARTESIAN_POINT('Ctrl Pts',(-114.068454826862,-8.83033343313075,158.492720821195));
#4668=CARTESIAN_POINT('Ctrl Pts',(-115.000000111759,-8.83033343313075,158.326223442556));
#4669=CARTESIAN_POINT('Ctrl Pts',(-99.0200729588223,-17.1643985705858,160.500000000001));
#4670=CARTESIAN_POINT('Ctrl Pts',(-99.0200761717276,-17.1643985705858,159.846627688067));
#4671=CARTESIAN_POINT('Ctrl Pts',(-99.2453933342417,-17.1643985705858,158.659448632185));
#4672=CARTESIAN_POINT('Ctrl Pts',(-100.615430575229,-17.1643985705858,156.76643517115));
#4673=CARTESIAN_POINT('Ctrl Pts',(-103.946771653153,-17.1643985705858,155.148247368993));
#4674=CARTESIAN_POINT('Ctrl Pts',(-109.275695933635,-17.1643985705858,153.864974975149));
#4675=CARTESIAN_POINT('Ctrl Pts',(-113.476336358792,-17.1643985705858,153.044910120895));
#4676=CARTESIAN_POINT('Ctrl Pts',(-115.000000111759,-17.1643985705858,152.772581952947));
#4677=CARTESIAN_POINT('Ctrl Pts',(-91.9848794665074,-21.7346219948019,160.500000000001));
#4678=CARTESIAN_POINT('Ctrl Pts',(-91.9848843275421,-21.7346219948019,159.511466185798));
#4679=CARTESIAN_POINT('Ctrl Pts',(-92.2739094676,-21.7346219948019,157.562502076947));
#4680=CARTESIAN_POINT('Ctrl Pts',(-94.0817206950202,-21.7346219948019,153.915681479252));
#4681=CARTESIAN_POINT('Ctrl Pts',(-98.6439211555426,-21.7346219948019,149.930528813693));
#4682=CARTESIAN_POINT('Ctrl Pts',(-106.388687099082,-21.7346219948018,146.730172495923));
#4683=CARTESIAN_POINT('Ctrl Pts',(-112.694739980939,-21.7346219948018,145.270014083928));
#4684=CARTESIAN_POINT('Ctrl Pts',(-115.000000111759,-21.7346219948018,144.857989274093));
#4685=CARTESIAN_POINT('Ctrl Pts',(-85.0004360709072,-22.7541662510161,160.500000000001));
#4686=CARTESIAN_POINT('Ctrl Pts',(-85.0004425301279,-22.7541662510161,159.186461092689));
#4687=CARTESIAN_POINT('Ctrl Pts',(-85.3580070011871,-22.7541662510161,156.491189190903));
#4688=CARTESIAN_POINT('Ctrl Pts',(-87.6224329819083,-22.7541662510161,151.107587151455));
#4689=CARTESIAN_POINT('Ctrl Pts',(-93.4397128019256,-22.754166251016,144.757987241151));
#4690=CARTESIAN_POINT('Ctrl Pts',(-103.579055980759,-22.754166251016,139.640204694415));
#4691=CARTESIAN_POINT('Ctrl Pts',(-111.936828341808,-22.754166251016,137.547978674193));
#4692=CARTESIAN_POINT('Ctrl Pts',(-115.000000111759,-22.754166251016,137.000490454043));
#4693=CARTESIAN_POINT('Ctrl Pts',(-78.0157904163975,-21.7332531021942,160.500000000001));
#4694=CARTESIAN_POINT('Ctrl Pts',(-78.0157984738044,-21.7332531021942,158.86145599958));
#4695=CARTESIAN_POINT('Ctrl Pts',(-78.4419789934663,-21.7332531021942,155.419789997558));
#4696=CARTESIAN_POINT('Ctrl Pts',(-81.1630095802369,-21.7332531021942,148.299417932015));
#4697=CARTESIAN_POINT('Ctrl Pts',(-88.2354212523266,-21.7332531021941,139.585311722816));
#4698=CARTESIAN_POINT('Ctrl Pts',(-100.769328199822,-21.7332531021941,132.550118097077));
#4699=CARTESIAN_POINT('Ctrl Pts',(-111.178916702678,-21.7332531021941,129.825715723185));
#4700=CARTESIAN_POINT('Ctrl Pts',(-115.000000111759,-21.7332531021941,129.142764092719));
#4701=CARTESIAN_POINT('Ctrl Pts',(-70.9790092422354,-17.1648737260099,160.500000000001));
#4702=CARTESIAN_POINT('Ctrl Pts',(-70.9790189477718,-17.1648737260099,158.526294497312));
#4703=CARTESIAN_POINT('Ctrl Pts',(-71.4691189124664,-17.1648737260099,154.322605541395));
#4704=CARTESIAN_POINT('Ctrl Pts',(-74.6281306060782,-17.1648737260099,145.448193328733));
#4705=CARTESIAN_POINT('Ctrl Pts',(-82.9319516375188,-17.1648737260099,134.366503532285));
#4706=CARTESIAN_POINT('Ctrl Pts',(-97.8820416112784,-17.1648737260098,125.413841949012));
#4707=CARTESIAN_POINT('Ctrl Pts',(-110.397320324825,-17.1648737260098,122.04903354414));
#4708=CARTESIAN_POINT('Ctrl Pts',(-115.000000111759,-17.1648737260098,121.226385271787));
#4709=CARTESIAN_POINT('Ctrl Pts',(-66.0428361139701,-8.83200226269292,160.500000000001));
#4710=CARTESIAN_POINT('Ctrl Pts',(-66.0428470680893,-8.83200226269292,158.27238426832));
#4711=CARTESIAN_POINT('Ctrl Pts',(-66.5652101534022,-8.83200226269292,153.509585984865));
#4712=CARTESIAN_POINT('Ctrl Pts',(-69.9778082615296,-8.8320022626929,143.394350115022));
#4713=CARTESIAN_POINT('Ctrl Pts',(-79.0649297059079,-8.83200226269284,130.687320037369));
#4714=CARTESIAN_POINT('Ctrl Pts',(-95.7189309950116,-8.8320022626928,120.424377881162));
#4715=CARTESIAN_POINT('Ctrl Pts',(-109.805201856754,-8.83200226269279,116.601669564151));
#4716=CARTESIAN_POINT('Ctrl Pts',(-115.000000111759,-8.83200226269279,115.673190502488));
#4717=CARTESIAN_POINT('Ctrl Pts',(-64.4770954018621,-1.68106003617243E-13,
160.500000000001));
#4718=CARTESIAN_POINT('Ctrl Pts',(-64.4771068054712,-1.68106003617243E-13,
158.180976585883));
#4719=CARTESIAN_POINT('Ctrl Pts',(-65.002434803733,-1.62211709796764E-13,
153.226629981298));
#4720=CARTESIAN_POINT('Ctrl Pts',(-68.4644564210296,-1.35533025007648E-13,
142.711798644933));
#4721=CARTESIAN_POINT('Ctrl Pts',(-77.753497636805,-8.43472857328695E-14,
129.509722990463));
#4722=CARTESIAN_POINT('Ctrl Pts',(-94.9531788766959,-4.1392358459885E-14,
118.851273966079));
#4723=CARTESIAN_POINT('Ctrl Pts',(-109.592039208249,-3.3772989440033E-14,
114.87831034718));
#4724=CARTESIAN_POINT('Ctrl Pts',(-115.000000111759,-3.3772989440033E-14,
113.911732201367));
#4725=CARTESIAN_POINT('Ctrl Pts',(-66.04283611397,8.83200226269259,160.500000000001));
#4726=CARTESIAN_POINT('Ctrl Pts',(-66.0428470680893,8.83200226269259,158.27238426832));
#4727=CARTESIAN_POINT('Ctrl Pts',(-66.5652101534021,8.8320022626926,153.509585984865));
#4728=CARTESIAN_POINT('Ctrl Pts',(-69.9778082615295,8.83200226269263,143.394350115022));
#4729=CARTESIAN_POINT('Ctrl Pts',(-79.0649297059079,8.83200226269268,130.687320037369));
#4730=CARTESIAN_POINT('Ctrl Pts',(-95.7189309950115,8.83200226269271,120.424377881162));
#4731=CARTESIAN_POINT('Ctrl Pts',(-109.805201856754,8.83200226269273,116.601669564151));
#4732=CARTESIAN_POINT('Ctrl Pts',(-115.000000111759,8.83200226269273,115.673190502488));
#4733=CARTESIAN_POINT('Ctrl Pts',(-70.9790092422353,17.1648737260097,160.500000000001));
#4734=CARTESIAN_POINT('Ctrl Pts',(-70.9790189477717,17.1648737260097,158.526294497312));
#4735=CARTESIAN_POINT('Ctrl Pts',(-71.4691189124663,17.1648737260097,154.322605541395));
#4736=CARTESIAN_POINT('Ctrl Pts',(-74.6281306060782,17.1648737260097,145.448193328733));
#4737=CARTESIAN_POINT('Ctrl Pts',(-82.9319516375188,17.1648737260098,134.366503532285));
#4738=CARTESIAN_POINT('Ctrl Pts',(-97.8820416112785,17.1648737260098,125.413841949012));
#4739=CARTESIAN_POINT('Ctrl Pts',(-110.397320324825,17.1648737260098,122.04903354414));
#4740=CARTESIAN_POINT('Ctrl Pts',(-115.000000111759,17.1648737260098,121.226385271787));
#4741=CARTESIAN_POINT('Ctrl Pts',(-78.0157904163973,21.7332531021939,160.500000000001));
#4742=CARTESIAN_POINT('Ctrl Pts',(-78.0157984738043,21.7332531021939,158.86145599958));
#4743=CARTESIAN_POINT('Ctrl Pts',(-78.4419789934662,21.7332531021939,155.419789997558));
#4744=CARTESIAN_POINT('Ctrl Pts',(-81.1630095802367,21.733253102194,148.299417932015));
#4745=CARTESIAN_POINT('Ctrl Pts',(-88.2354212523266,21.733253102194,139.585311722816));
#4746=CARTESIAN_POINT('Ctrl Pts',(-100.769328199822,21.733253102194,132.550118097077));
#4747=CARTESIAN_POINT('Ctrl Pts',(-111.178916702678,21.733253102194,129.825715723185));
#4748=CARTESIAN_POINT('Ctrl Pts',(-115.000000111759,21.733253102194,129.142764092719));
#4749=CARTESIAN_POINT('Ctrl Pts',(-85.000436070907,22.7541662510159,160.500000000001));
#4750=CARTESIAN_POINT('Ctrl Pts',(-85.0004425301278,22.7541662510159,159.186461092689));
#4751=CARTESIAN_POINT('Ctrl Pts',(-85.3580070011869,22.7541662510159,156.491189190903));
#4752=CARTESIAN_POINT('Ctrl Pts',(-87.6224329819082,22.754166251016,151.107587151455));
#4753=CARTESIAN_POINT('Ctrl Pts',(-93.4397128019255,22.754166251016,144.757987241151));
#4754=CARTESIAN_POINT('Ctrl Pts',(-103.579055980759,22.754166251016,139.640204694415));
#4755=CARTESIAN_POINT('Ctrl Pts',(-111.936828341808,22.754166251016,137.547978674193));
#4756=CARTESIAN_POINT('Ctrl Pts',(-115.000000111759,22.754166251016,137.000490454043));
#4757=CARTESIAN_POINT('Ctrl Pts',(-91.9848794665073,21.7346219948018,160.500000000001));
#4758=CARTESIAN_POINT('Ctrl Pts',(-91.984884327542,21.7346219948018,159.511466185799));
#4759=CARTESIAN_POINT('Ctrl Pts',(-92.2739094675999,21.7346219948018,157.562502076947));
#4760=CARTESIAN_POINT('Ctrl Pts',(-94.0817206950202,21.7346219948018,153.915681479252));
#4761=CARTESIAN_POINT('Ctrl Pts',(-98.6439211555425,21.7346219948018,149.930528813693));
#4762=CARTESIAN_POINT('Ctrl Pts',(-106.388687099082,21.7346219948018,146.730172495923));
#4763=CARTESIAN_POINT('Ctrl Pts',(-112.694739980939,21.7346219948018,145.270014083928));
#4764=CARTESIAN_POINT('Ctrl Pts',(-115.000000111759,21.7346219948018,144.857989274093));
#4765=CARTESIAN_POINT('Ctrl Pts',(-99.0200729588222,17.1643985705858,160.500000000001));
#4766=CARTESIAN_POINT('Ctrl Pts',(-99.0200761717274,17.1643985705858,159.846627688067));
#4767=CARTESIAN_POINT('Ctrl Pts',(-99.2453933342416,17.1643985705858,158.659448632185));
#4768=CARTESIAN_POINT('Ctrl Pts',(-100.615430575229,17.1643985705858,156.76643517115));
#4769=CARTESIAN_POINT('Ctrl Pts',(-103.946771653153,17.1643985705858,155.148247368993));
#4770=CARTESIAN_POINT('Ctrl Pts',(-109.275695933635,17.1643985705858,153.864974975149));
#4771=CARTESIAN_POINT('Ctrl Pts',(-113.476336358792,17.1643985705858,153.044910120895));
#4772=CARTESIAN_POINT('Ctrl Pts',(-115.000000111759,17.1643985705858,152.772581952947));
#4773=CARTESIAN_POINT('Ctrl Pts',(-103.956643171808,8.83033343313076,160.500000000001));
#4774=CARTESIAN_POINT('Ctrl Pts',(-103.95664513613,8.83033343313076,160.100537917059));
#4775=CARTESIAN_POINT('Ctrl Pts',(-104.149457625553,8.83033343313076,159.472739935247));
#4776=CARTESIAN_POINT('Ctrl Pts',(-105.265995113189,8.83033343313077,158.820452637584));
#4777=CARTESIAN_POINT('Ctrl Pts',(-107.813964820377,8.83033343313076,158.827684944154));
#4778=CARTESIAN_POINT('Ctrl Pts',(-111.439108269142,8.83033343313076,158.854546329164));
#4779=CARTESIAN_POINT('Ctrl Pts',(-114.068454826862,8.83033343313076,158.492720821195));
#4780=CARTESIAN_POINT('Ctrl Pts',(-115.000000111759,8.83033343313076,158.326223442556));
#4781=CARTESIAN_POINT('Ctrl Pts',(-105.000000111759,2.94524311274044,160.500000000001));
#4782=CARTESIAN_POINT('Ctrl Pts',(-105.000001776421,2.94524311274044,160.161476372017));
#4783=CARTESIAN_POINT('Ctrl Pts',(-105.191244487794,2.94524311274044,159.660919586553));
#4784=CARTESIAN_POINT('Ctrl Pts',(-106.27464169416,2.94524311274044,159.275244451123));
#4785=CARTESIAN_POINT('Ctrl Pts',(-108.688039604707,2.94524311274044,159.612460584912));
#4786=CARTESIAN_POINT('Ctrl Pts',(-111.949103695977,2.94524311274044,159.903322529464));
#4787=CARTESIAN_POINT('Ctrl Pts',(-114.210563259199,2.94524311274044,159.641097989206));
#4788=CARTESIAN_POINT('Ctrl Pts',(-115.000000111759,2.94524311274044,159.500000000001));
#4789=CARTESIAN_POINT('Ctrl Pts',(-105.000000111759,7.79777778823748E-15,
160.500000000001));
#4790=CARTESIAN_POINT('Ctrl Pts',(-105.000001776421,7.79777778823748E-15,
160.161476372017));
#4791=CARTESIAN_POINT('Ctrl Pts',(-105.190925209236,7.88425564840065E-15,
159.661278774931));
#4792=CARTESIAN_POINT('Ctrl Pts',(-106.274556738177,8.30429096919318E-15,
159.275340026604));
#4793=CARTESIAN_POINT('Ctrl Pts',(-108.688067345585,9.10729967070829E-15,
159.612429376423));
#4794=CARTESIAN_POINT('Ctrl Pts',(-111.949496739666,9.78676857199031E-15,
159.902880355313));
#4795=CARTESIAN_POINT('Ctrl Pts',(-114.210563259199,9.91648536223506E-15,
159.641097989206));
#4796=CARTESIAN_POINT('Ctrl Pts',(-115.000000111759,9.91648536223506E-15,
159.500000000001));
#4797=CARTESIAN_POINT('',(-105.000000111135,-0.000177765479352526,160.500000000001));
#4798=CARTESIAN_POINT('Ctrl Pts',(-105.000000111135,-0.000177765479352526,
160.500000000001));
#4799=CARTESIAN_POINT('Ctrl Pts',(-104.999999789444,-0.0473092830100165,
160.498107470306));
#4800=CARTESIAN_POINT('Ctrl Pts',(-104.999853741001,-0.0946041940067232,
160.496227761493));
#4801=CARTESIAN_POINT('Ctrl Pts',(-104.99677034638,-0.721355007469042,160.471778104166));
#4802=CARTESIAN_POINT('Ctrl Pts',(-104.948648478988,-1.93361450629255,160.42978165902));
#4803=CARTESIAN_POINT('Ctrl Pts',(-104.666979903673,-4.52475075793884,160.348368326846));
#4804=CARTESIAN_POINT('Ctrl Pts',(-103.708784427542,-8.54914008989213,160.192786517372));
#4805=CARTESIAN_POINT('Ctrl Pts',(-101.569180683537,-13.2503025184454,159.888549115758));
#4806=CARTESIAN_POINT('Ctrl Pts',(-98.096385279889,-17.3398869682311,159.266504932254));
#4807=CARTESIAN_POINT('Ctrl Pts',(-95.1486413004399,-19.6022242356683,158.678775666692));
#4808=CARTESIAN_POINT('Ctrl Pts',(-93.0054736476658,-20.8244948508203,158.233625613297));
#4809=CARTESIAN_POINT('Ctrl Pts',(-90.7281225395271,-21.7121832107576,157.746651038629));
#4810=CARTESIAN_POINT('Ctrl Pts',(-88.6700928631458,-22.2513329922973,157.300035805828));
#4811=CARTESIAN_POINT('Ctrl Pts',(-86.3578391842691,-22.5350808551319,156.796180182471));
#4812=CARTESIAN_POINT('Ctrl Pts',(-84.0529904398651,-22.4829082336242,156.311628416384));
#4813=CARTESIAN_POINT('Ctrl Pts',(-82.0812307807526,-22.180031852489,155.939996713118));
#4814=CARTESIAN_POINT('Ctrl Pts',(-79.9096923801568,-21.6156818210529,155.596069292062));
#4815=CARTESIAN_POINT('Ctrl Pts',(-76.9612126173218,-20.4075266542157,155.298707204815));
#4816=CARTESIAN_POINT('Ctrl Pts',(-73.6885143177122,-18.2955951174923,155.334063592569));
#4817=CARTESIAN_POINT('Ctrl Pts',(-70.7153820900365,-15.4411157382231,155.770856460394));
#4818=CARTESIAN_POINT('Ctrl Pts',(-68.4273953112973,-12.2906991373231,156.449506870116));
#4819=CARTESIAN_POINT('Ctrl Pts',(-66.5479919526962,-8.61276006812908,157.378412074072));
#4820=CARTESIAN_POINT('Ctrl Pts',(-65.5283735076886,-5.22166133128617,158.366465508937));
#4821=CARTESIAN_POINT('Ctrl Pts',(-65.1318616492568,-2.56620911494229,159.308926425015));
#4822=CARTESIAN_POINT('Ctrl Pts',(-65.0338112314125,-1.27481233992796,159.850571906674));
#4823=CARTESIAN_POINT('Ctrl Pts',(-65.0055527703737,-0.559845375368226,
160.190564275619));
#4824=CARTESIAN_POINT('Ctrl Pts',(-65.000441141566,-0.213250410769283,160.374732998318));
#4825=CARTESIAN_POINT('Ctrl Pts',(-65.0000175093257,-0.0300222090665105,
160.482031120486));
#4826=CARTESIAN_POINT('Ctrl Pts',(-65.0000000508479,-0.0148964795549325,
160.490985539284));
#4827=CARTESIAN_POINT('Ctrl Pts',(-65.000000112383,0.000177763857704614,
160.5));
#4828=CARTESIAN_POINT('Origin',(-85.0000001117588,-8.11041087440928E-14,
160.500000000001));
#4829=CARTESIAN_POINT('',(-115.000000111759,4.40557476607197E-15,159.500000000001));
#4830=CARTESIAN_POINT('Ctrl Pts',(-105.000000111759,7.7715611723761E-15,
160.500000000001));
#4831=CARTESIAN_POINT('Ctrl Pts',(-105.000001776421,7.7715611723761E-15,
160.161476372017));
#4832=CARTESIAN_POINT('Ctrl Pts',(-105.095463492829,7.7715611723761E-15,
159.911377573474));
#4833=CARTESIAN_POINT('Ctrl Pts',(-105.27864829215,7.7715611723761E-15,
159.738085830662));
#4834=CARTESIAN_POINT('Ctrl Pts',(-105.461833091471,7.7715611723761E-15,
159.564794087849));
#4835=CARTESIAN_POINT('Ctrl Pts',(-105.732740973706,7.7715611723761E-15,
159.468309400767));
#4836=CARTESIAN_POINT('Ctrl Pts',(-106.07424693569,7.7715611723761E-15,
159.426458899368));
#4837=CARTESIAN_POINT('Ctrl Pts',(-106.757258859658,7.7715611723761E-15,
159.342757896568));
#4838=CARTESIAN_POINT('Ctrl Pts',(-107.722663102622,8.88178419700125E-15,
159.477593636496));
#4839=CARTESIAN_POINT('Ctrl Pts',(-108.85765110292,8.88178419700125E-15,
159.603101702237));
#4840=CARTESIAN_POINT('Ctrl Pts',(-109.992639103218,9.43689570931383E-15,
159.728609767979));
#4841=CARTESIAN_POINT('Ctrl Pts',(-111.29721086085,9.43689570931383E-15,
159.844790159535));
#4842=CARTESIAN_POINT('Ctrl Pts',(-112.73698656652,9.99200722162641E-15,
159.76716923845));
#4843=CARTESIAN_POINT('Ctrl Pts',(-113.456874419355,9.99200722162641E-15,
159.728358777908));
#4844=CARTESIAN_POINT('Ctrl Pts',(-114.210563259199,9.99200722162641E-15,
159.641097989206));
#4845=CARTESIAN_POINT('Ctrl Pts',(-115.000000111759,9.99200722162641E-15,
159.500000000001));
#4846=CARTESIAN_POINT('',(-115.000000111759,3.89612759784038E-13,114.500000000001));
#4847=CARTESIAN_POINT('Origin',(-115.000000111759,-1.42007120281405E-14,
137.000000000001));
#4848=CARTESIAN_POINT('Origin',(-115.000000111759,-1.42007120281405E-14,
137.000000000001));
#4849=CARTESIAN_POINT('Ctrl Pts',(-69.6036637809431,20.3674559913721,164.550172193904));
#4850=CARTESIAN_POINT('Ctrl Pts',(-69.6795173798265,20.4445453965909,164.486268705878));
#4851=CARTESIAN_POINT('Ctrl Pts',(-69.84344210403,20.5924600504205,164.34086781724));
#4852=CARTESIAN_POINT('Ctrl Pts',(-70.1778287744645,20.8842604173166,164.059019646861));
#4853=CARTESIAN_POINT('Ctrl Pts',(-70.8076316535043,21.3701158437833,163.548193459809));
#4854=CARTESIAN_POINT('Ctrl Pts',(-71.5283191197694,21.8060852749202,163.011778126542));
#4855=CARTESIAN_POINT('Ctrl Pts',(-72.2926171189102,22.1046203365901,162.505351845074));
#4856=CARTESIAN_POINT('Ctrl Pts',(-72.7141656015118,22.2330542683302,162.241520131582));
#4857=CARTESIAN_POINT('Ctrl Pts',(-73.10586672951,22.3181900825866,162.012068510163));
#4858=CARTESIAN_POINT('Ctrl Pts',(-73.4461763241101,22.3695990591923,161.826955729956));
#4859=CARTESIAN_POINT('Ctrl Pts',(-73.9807819669135,22.4306278277584,161.550090843046));
#4860=CARTESIAN_POINT('Ctrl Pts',(-74.8398662902599,22.4599079720166,161.186887372423));
#4861=CARTESIAN_POINT('Ctrl Pts',(-75.9664105806298,22.5940721802609,160.877065227057));
#4862=CARTESIAN_POINT('Ctrl Pts',(-76.9923527401361,22.8758554962472,160.707217053264));
#4863=CARTESIAN_POINT('Ctrl Pts',(-78.1119497716324,23.2272753936746,160.569672587129));
#4864=CARTESIAN_POINT('Ctrl Pts',(-78.825226420272,23.4514016904431,160.50417158085));
#4865=CARTESIAN_POINT('Ctrl Pts',(-80.1702051068752,23.8456358625629,160.390898548166));
#4866=CARTESIAN_POINT('Ctrl Pts',(-82.1628800813934,24.3188305544031,160.269491569886));
#4867=CARTESIAN_POINT('Ctrl Pts',(-85.2802469733468,24.5327673921032,160.211411930518));
#4868=CARTESIAN_POINT('Ctrl Pts',(-88.3605466843925,24.1808041051328,160.299688106742));
#4869=CARTESIAN_POINT('Ctrl Pts',(-90.7664430888013,23.4394321661304,160.465318559725));
#4870=CARTESIAN_POINT('Ctrl Pts',(-92.5770389521992,22.6760428578104,160.625002045235));
#4871=CARTESIAN_POINT('Ctrl Pts',(-93.7545144639994,22.1733304350124,160.759280773157));
#4872=CARTESIAN_POINT('Ctrl Pts',(-94.8344622982703,21.906939676128,160.963481983548));
#4873=CARTESIAN_POINT('Ctrl Pts',(-95.8628844805736,21.8844243310786,161.316550830225));
#4874=CARTESIAN_POINT('Ctrl Pts',(-97.076306138774,21.8540545933233,161.912293470182));
#4875=CARTESIAN_POINT('Ctrl Pts',(-98.1079550015654,21.5528457939312,162.568648722834));
#4876=CARTESIAN_POINT('Ctrl Pts',(-98.9014028837556,21.1451428857318,163.117037775009));
#4877=CARTESIAN_POINT('Ctrl Pts',(-99.4468620073165,20.7730381721539,163.523422264047));
#4878=CARTESIAN_POINT('Ctrl Pts',(-99.9509267827622,20.380200066053,163.909827248724));
#4879=CARTESIAN_POINT('Ctrl Pts',(-100.738384468477,19.6438132773153,164.544460772094));
#4880=CARTESIAN_POINT('Ctrl Pts',(-101.682366604466,18.4844332376311,165.365389814138));
#4881=CARTESIAN_POINT('Ctrl Pts',(-102.628866179853,16.9786434051025,166.303040190022));
#4882=CARTESIAN_POINT('Ctrl Pts',(-104.224601073572,13.780168337889,168.198044837032));
#4883=CARTESIAN_POINT('Ctrl Pts',(-104.91090995708,10.8708441934478,169.988799813334));
#4884=CARTESIAN_POINT('Ctrl Pts',(-105.046911303341,6.96934572253906,172.580231297033));
#4885=CARTESIAN_POINT('Ctrl Pts',(-104.70197217515,3.77231077799988,174.782758816349));
#4886=CARTESIAN_POINT('Ctrl Pts',(-103.127789583751,-0.083560839057376,
177.447700167615));
#4887=CARTESIAN_POINT('Ctrl Pts',(-101.145063842807,-2.98253876856516,179.378117533811));
#4888=CARTESIAN_POINT('Ctrl Pts',(-98.6551426645657,-5.71538361494588,181.153834048473));
#4889=CARTESIAN_POINT('Ctrl Pts',(-94.5574828887789,-8.65649334095644,182.983002178246));
#4890=CARTESIAN_POINT('Ctrl Pts',(-90.3257187625923,-10.0429360731791,183.811565731805));
#4891=CARTESIAN_POINT('Ctrl Pts',(-86.7957788921203,-10.5671952883213,184.128914351048));
#4892=CARTESIAN_POINT('Ctrl Pts',(-84.1649258926419,-10.7093080568244,184.218191500591));
#4893=CARTESIAN_POINT('Ctrl Pts',(-78.9185946850397,-9.98923682410574,183.819140439026));
#4894=CARTESIAN_POINT('Ctrl Pts',(-73.1630946007037,-7.3690189336008,182.336231928596));
#4895=CARTESIAN_POINT('Ctrl Pts',(-68.3481551263005,-2.60592387396357,179.576190176585));
#4896=CARTESIAN_POINT('Ctrl Pts',(-65.5926219667954,2.87255596252236,176.318672095922));
#4897=CARTESIAN_POINT('Ctrl Pts',(-65.005571057008,6.67618675766299,173.991972996741));
#4898=CARTESIAN_POINT('Ctrl Pts',(-65.000019325931,8.57095651821496,172.807719353137));
#4899=CARTESIAN_POINT('Ctrl Pts',(-65.0000001117588,8.58729900125799,172.79750245177));
#4900=CARTESIAN_POINT('Ctrl Pts',(-65.0000001117588,8.60364654524359,172.787280664351));
#4901=CARTESIAN_POINT('Ctrl Pts',(-69.6036637202059,20.3674560635268,164.550172335348));
#4902=CARTESIAN_POINT('Ctrl Pts',(-69.6764820436199,20.4488186084539,164.493911782508));
#4903=CARTESIAN_POINT('Ctrl Pts',(-69.8333379081682,20.605917628887,164.364403169735));
#4904=CARTESIAN_POINT('Ctrl Pts',(-70.1507257531792,20.9180108098368,164.117350115423));
#4905=CARTESIAN_POINT('Ctrl Pts',(-70.7387303979622,21.4467318922151,163.674965126791));
#4906=CARTESIAN_POINT('Ctrl Pts',(-71.3880222255325,21.942657192584,163.224511372904));
#4907=CARTESIAN_POINT('Ctrl Pts',(-72.0365258533814,22.3218294570086,162.802648819628));
#4908=CARTESIAN_POINT('Ctrl Pts',(-72.3839425359258,22.4995651866923,162.581021351852));
#4909=CARTESIAN_POINT('Ctrl Pts',(-72.6982713992354,22.6343907940307,162.38624601543));
#4910=CARTESIAN_POINT('Ctrl Pts',(-72.9655748386367,22.7329270588885,162.2236066005));
#4911=CARTESIAN_POINT('Ctrl Pts',(-73.3813802697294,22.8702729484071,161.978422981048));
#4912=CARTESIAN_POINT('Ctrl Pts',(-74.040205839757,23.0391750978491,161.619618307267));
#4913=CARTESIAN_POINT('Ctrl Pts',(-74.9846061168047,23.3686073916773,161.242307760447));
#4914=CARTESIAN_POINT('Ctrl Pts',(-75.9566984578217,23.8244855147888,160.974318386869));
#4915=CARTESIAN_POINT('Ctrl Pts',(-77.1011154920542,24.3468285705883,160.726996633912));
#4916=CARTESIAN_POINT('Ctrl Pts',(-77.872411875623,24.6659710400449,160.593626140481));
#4917=CARTESIAN_POINT('Ctrl Pts',(-79.3444373681454,25.2360072947232,160.361239153321));
#4918=CARTESIAN_POINT('Ctrl Pts',(-81.6295835363703,25.9099767850206,160.089487987312));
#4919=CARTESIAN_POINT('Ctrl Pts',(-85.3445168922551,26.2136544723571,159.958133620602));
#4920=CARTESIAN_POINT('Ctrl Pts',(-89.0231985294884,25.7456178758796,160.148685590838));
#4921=CARTESIAN_POINT('Ctrl Pts',(-91.8316502551823,24.7892587509844,160.510496869628));
#4922=CARTESIAN_POINT('Ctrl Pts',(-93.8528575981544,23.8232795377622,160.868172585861));
#4923=CARTESIAN_POINT('Ctrl Pts',(-95.0832158627188,23.1713071773331,161.150874073058));
#4924=CARTESIAN_POINT('Ctrl Pts',(-96.0635673400006,22.7439632804484,161.493404943914));
#4925=CARTESIAN_POINT('Ctrl Pts',(-96.8573622604109,22.5535428086864,161.933076924788));
#4926=CARTESIAN_POINT('Ctrl Pts',(-97.744049594964,22.3409533078229,162.540266890933));
#4927=CARTESIAN_POINT('Ctrl Pts',(-98.5687466181028,21.9309285741546,163.137381438948));
#4928=CARTESIAN_POINT('Ctrl Pts',(-99.252892635405,21.4616329864947,163.652413413349));
#4929=CARTESIAN_POINT('Ctrl Pts',(-99.7441442476336,21.0588306492234,164.039582577612));
#4930=CARTESIAN_POINT('Ctrl Pts',(-100.206188447376,20.6421532311805,164.417622617631));
#4931=CARTESIAN_POINT('Ctrl Pts',(-100.949882849003,19.8812862143464,165.055688455028));
#4932=CARTESIAN_POINT('Ctrl Pts',(-101.863664787448,18.7178329877961,165.928854988397));
#4933=CARTESIAN_POINT('Ctrl Pts',(-102.778778429973,17.2335987129375,166.946470973283));
#4934=CARTESIAN_POINT('Ctrl Pts',(-104.28757190536,14.1177124647545,168.969274861057));
#4935=CARTESIAN_POINT('Ctrl Pts',(-104.917423822717,11.310589093744,170.76307582933));
#4936=CARTESIAN_POINT('Ctrl Pts',(-105.043877290229,7.48929226518203,173.333605123364));
#4937=CARTESIAN_POINT('Ctrl Pts',(-104.714240655863,4.32338229443611,175.506838343924));
#4938=CARTESIAN_POINT('Ctrl Pts',(-103.171636373556,0.448254555612087,178.167887362594));
#4939=CARTESIAN_POINT('Ctrl Pts',(-101.206096699804,-2.46049300802841,180.133290064105));
#4940=CARTESIAN_POINT('Ctrl Pts',(-98.7297272460954,-5.19839824387948,181.965732972325));
#4941=CARTESIAN_POINT('Ctrl Pts',(-94.6348529344424,-8.13817501644018,183.901410702125));
#4942=CARTESIAN_POINT('Ctrl Pts',(-90.3761474566496,-9.52845972546229,184.801101632762));
#4943=CARTESIAN_POINT('Ctrl Pts',(-86.8157349850097,-10.0586975938473,185.136659833355));
#4944=CARTESIAN_POINT('Ctrl Pts',(-84.1621224845863,-10.2056023775014,185.226108369018));
#4945=CARTESIAN_POINT('Ctrl Pts',(-78.8762995015636,-9.49853423093714,184.765795200452));
#4946=CARTESIAN_POINT('Ctrl Pts',(-73.1162301513082,-6.92597587998457,183.101063355025));
#4947=CARTESIAN_POINT('Ctrl Pts',(-68.3336911591022,-2.29599284754211,180.067333132508));
#4948=CARTESIAN_POINT('Ctrl Pts',(-65.5949398548976,3.01450327298868,176.544319991531));
#4949=CARTESIAN_POINT('Ctrl Pts',(-65.0057104126688,6.71765555104961,174.061379926962));
#4950=CARTESIAN_POINT('Ctrl Pts',(-65.0000185307025,8.57165244451071,172.808884346241));
#4951=CARTESIAN_POINT('Ctrl Pts',(-65.0000007697546,8.58765036151174,172.798087783827));
#4952=CARTESIAN_POINT('Ctrl Pts',(-65.0000001117588,8.60364654524359,172.787280664351));
#4953=CARTESIAN_POINT('Ctrl Pts',(-69.6036636594687,20.3674561356815,164.550172476793));
#4954=CARTESIAN_POINT('Ctrl Pts',(-69.6746848615811,20.4532683524547,164.499509640694));
#4955=CARTESIAN_POINT('Ctrl Pts',(-69.8237694717829,20.6192641477192,164.387614874984));
#4956=CARTESIAN_POINT('Ctrl Pts',(-70.124918399353,20.9516228618936,164.174931523763));
#4957=CARTESIAN_POINT('Ctrl Pts',(-70.673340184547,21.5218352208154,163.804230547899));
#4958=CARTESIAN_POINT('Ctrl Pts',(-71.2602850375518,22.0729956579674,163.446427346633));
#4959=CARTESIAN_POINT('Ctrl Pts',(-71.8059899934416,22.5253729020234,163.131235589575));
#4960=CARTESIAN_POINT('Ctrl Pts',(-72.0896114194641,22.7461969560746,162.969414423817));
#4961=CARTESIAN_POINT('Ctrl Pts',(-72.3359844033069,22.9251811819185,162.829631361824));
#4962=CARTESIAN_POINT('Ctrl Pts',(-72.5395260148855,23.0643723797224,162.71450083224));
#4963=CARTESIAN_POINT('Ctrl Pts',(-72.8506792404997,23.2698259302818,162.539030936622));
#4964=CARTESIAN_POINT('Ctrl Pts',(-73.3284722975127,23.5629639165825,162.278735105555));
#4965=CARTESIAN_POINT('Ctrl Pts',(-74.0908338672547,24.086238738497,161.960186512824));
#4966=CARTESIAN_POINT('Ctrl Pts',(-74.9997223339163,24.7284226952018,161.680560297828));
#4967=CARTESIAN_POINT('Ctrl Pts',(-76.1514431784176,25.4453318150691,161.386290773503));
#4968=CARTESIAN_POINT('Ctrl Pts',(-76.9690403012619,25.8758287740386,161.211191316312));
#4969=CARTESIAN_POINT('Ctrl Pts',(-78.5522031879393,26.6523920458857,160.904963924382));
#4970=CARTESIAN_POINT('Ctrl Pts',(-81.1102134371397,27.5656060495537,160.515035694925));
#4971=CARTESIAN_POINT('Ctrl Pts',(-85.4082734975775,27.9777616945932,160.31668821769));
#4972=CARTESIAN_POINT('Ctrl Pts',(-89.6676707649027,27.3693684620639,160.616192412245));
#4973=CARTESIAN_POINT('Ctrl Pts',(-92.8503360085084,26.1469141866509,161.202790708332));
#4974=CARTESIAN_POINT('Ctrl Pts',(-95.0386346935738,24.9184747964733,161.771809736415));
#4975=CARTESIAN_POINT('Ctrl Pts',(-96.2843904073529,24.0771895062515,162.170748049355));
#4976=CARTESIAN_POINT('Ctrl Pts',(-97.1376667368632,23.4680164406113,162.539312415038));
#4977=CARTESIAN_POINT('Ctrl Pts',(-97.6939118565187,23.120255806989,162.894454444444));
#4978=CARTESIAN_POINT('Ctrl Pts',(-98.2919928170686,22.7573798611844,163.345270153602));
#4979=CARTESIAN_POINT('Ctrl Pts',(-98.9420641734215,22.261158837132,163.812243522291));
#4980=CARTESIAN_POINT('Ctrl Pts',(-99.5320676257543,21.7407524441492,164.258337842883));
#4981=CARTESIAN_POINT('Ctrl Pts',(-99.9741680215112,21.3113371758631,164.613925069439));
#4982=CARTESIAN_POINT('Ctrl Pts',(-100.400070782473,20.874483114203,164.97268984425));
#4983=CARTESIAN_POINT('Ctrl Pts',(-101.098060137313,20.0916850636208,165.60623291299));
#4984=CARTESIAN_POINT('Ctrl Pts',(-101.973379036025,18.921331050076,166.528429498238));
#4985=CARTESIAN_POINT('Ctrl Pts',(-102.83046839425,17.4563575238831,167.626064986068));
#4986=CARTESIAN_POINT('Ctrl Pts',(-104.208723890505,14.4182387653193,169.77003771462));
#4987=CARTESIAN_POINT('Ctrl Pts',(-104.754415033736,11.730396614594,171.551611135629));
#4988=CARTESIAN_POINT('Ctrl Pts',(-104.856771815696,8.01614338142208,174.081704467989));
#4989=CARTESIAN_POINT('Ctrl Pts',(-104.550217196807,4.90586324696413,176.21011060465));
#4990=CARTESIAN_POINT('Ctrl Pts',(-103.054149684165,1.04032084923072,178.852925176913));
#4991=CARTESIAN_POINT('Ctrl Pts',(-101.113747603642,-1.85039583091218,180.838703473696));
#4992=CARTESIAN_POINT('Ctrl Pts',(-98.6571416608887,-4.55643952434564,182.711730495963));
#4993=CARTESIAN_POINT('Ctrl Pts',(-94.5808291556276,-7.43677668652147,184.722062316251));
#4994=CARTESIAN_POINT('Ctrl Pts',(-90.3463262557551,-8.7745858998477,185.675081998591));
#4995=CARTESIAN_POINT('Ctrl Pts',(-86.8080008992708,-9.29942017527726,186.021109445168));
#4996=CARTESIAN_POINT('Ctrl Pts',(-84.1726543820446,-9.45302732579135,186.107542695952));
#4997=CARTESIAN_POINT('Ctrl Pts',(-78.9232646868498,-8.79662830706365,185.605494921184));
#4998=CARTESIAN_POINT('Ctrl Pts',(-73.1847832717003,-6.37517233818734,183.808182898014));
#4999=CARTESIAN_POINT('Ctrl Pts',(-68.3792368903555,-1.96198442017951,180.544693042986));
#5000=CARTESIAN_POINT('Ctrl Pts',(-65.6063631984039,3.15600627341,176.770456658601));
#5001=CARTESIAN_POINT('Ctrl Pts',(-65.0059082071444,6.75867582141456,174.129649245819));
#5002=CARTESIAN_POINT('Ctrl Pts',(-65.0000186665771,8.57235280524807,172.810058893181));
#5003=CARTESIAN_POINT('Ctrl Pts',(-65.0000008203154,8.58799780712737,172.798665201382));
#5004=CARTESIAN_POINT('Ctrl Pts',(-65.0000001117588,8.60364654524359,172.787280664351));
#5005=CARTESIAN_POINT('Ctrl Pts',(-69.6036635987314,20.3674562078362,164.550172618238));
#5006=CARTESIAN_POINT('Ctrl Pts',(-69.6716245763855,20.4575602556756,164.50710277649));
#5007=CARTESIAN_POINT('Ctrl Pts',(-69.8138834003144,20.6326118551626,164.411352803881));
#5008=CARTESIAN_POINT('Ctrl Pts',(-70.0991760013431,20.9847659169069,164.234128773403));
#5009=CARTESIAN_POINT('Ctrl Pts',(-70.6113917917813,21.5950454042265,163.936556842945));
#5010=CARTESIAN_POINT('Ctrl Pts',(-71.1417148665628,22.198476723745,163.67740360394));
#5011=CARTESIAN_POINT('Ctrl Pts',(-71.6044997947037,22.7119242506459,163.485545889209));
#5012=CARTESIAN_POINT('Ctrl Pts',(-71.8368200699453,22.9678321175726,163.396225841605));
#5013=CARTESIAN_POINT('Ctrl Pts',(-72.0310499347999,23.1803175499045,163.327155605003));
#5014=CARTESIAN_POINT('Ctrl Pts',(-72.1866281177218,23.3498225899867,163.275179897945));
#5015=CARTESIAN_POINT('Ctrl Pts',(-72.4203932387329,23.6035188403057,163.200180404997));
#5016=CARTESIAN_POINT('Ctrl Pts',(-72.7722926847043,23.981624743862,163.098331966935));
#5017=CARTESIAN_POINT('Ctrl Pts',(-73.4196831345319,24.6411438709301,162.925386472223));
#5018=CARTESIAN_POINT('Ctrl Pts',(-74.2897643644207,25.4297734471588,162.701538260184));
#5019=CARTESIAN_POINT('Ctrl Pts',(-75.4514634997057,26.306008039835,162.417741606927));
#5020=CARTESIAN_POINT('Ctrl Pts',(-76.3039536882253,26.8315546554272,162.227980553324));
#5021=CARTESIAN_POINT('Ctrl Pts',(-77.970058356797,27.7801371885057,161.901219990215));
#5022=CARTESIAN_POINT('Ctrl Pts',(-80.7269634540622,28.9001693030055,161.44677038229));
#5023=CARTESIAN_POINT('Ctrl Pts',(-85.4550067838224,29.4085477221289,161.201756741252));
#5024=CARTESIAN_POINT('Ctrl Pts',(-90.1437896672585,28.6660768637014,161.591523420269));
#5025=CARTESIAN_POINT('Ctrl Pts',(-93.5712595405683,27.1759303332528,162.37225521819));
#5026=CARTESIAN_POINT('Ctrl Pts',(-95.8337706656491,25.6856488230036,163.105517659978));
#5027=CARTESIAN_POINT('Ctrl Pts',(-97.0626868633399,24.667890390758,163.56839621332));
#5028=CARTESIAN_POINT('Ctrl Pts',(-97.8302998223147,23.9281778290538,163.877508165524));
#5029=CARTESIAN_POINT('Ctrl Pts',(-98.2520595752748,23.499135867317,164.057398700951));
#5030=CARTESIAN_POINT('Ctrl Pts',(-98.6716699335913,23.0669604868077,164.253987642415));
#5031=CARTESIAN_POINT('Ctrl Pts',(-99.2012362749992,22.5216476174289,164.549991197573));
#5032=CARTESIAN_POINT('Ctrl Pts',(-99.722867638975,21.9686423190557,164.906632175255));
#5033=CARTESIAN_POINT('Ctrl Pts',(-100.127742599158,21.5206697548417,165.221739527689));
#5034=CARTESIAN_POINT('Ctrl Pts',(-100.522199072086,21.0685743621118,165.554541700278));
#5035=CARTESIAN_POINT('Ctrl Pts',(-101.1801856948,20.267363497707,166.176413121484));
#5036=CARTESIAN_POINT('Ctrl Pts',(-102.003625006557,19.0885164025063,167.142152363541));
#5037=CARTESIAN_POINT('Ctrl Pts',(-102.785547086327,17.6351976835378,168.310630723532));
#5038=CARTESIAN_POINT('Ctrl Pts',(-103.986092170609,14.6665552489999,170.551429093123));
#5039=CARTESIAN_POINT('Ctrl Pts',(-104.431089444125,12.0999780998667,172.297993609752));
#5040=CARTESIAN_POINT('Ctrl Pts',(-104.503653709697,8.51016879745968,174.768105022669));
#5041=CARTESIAN_POINT('Ctrl Pts',(-104.220297455344,5.47685614547247,176.840280180777));
#5042=CARTESIAN_POINT('Ctrl Pts',(-102.78470191015,1.64929414445309,179.453254799232));
#5043=CARTESIAN_POINT('Ctrl Pts',(-100.874268086645,-1.19757650819876,181.441453043972));
#5044=CARTESIAN_POINT('Ctrl Pts',(-98.4437746993607,-3.84498126156854,183.328598558049));
#5045=CARTESIAN_POINT('Ctrl Pts',(-94.4011209065478,-6.61688688880468,185.36688206807));
#5046=CARTESIAN_POINT('Ctrl Pts',(-90.2381519111644,-7.87571184304557,186.329878766312));
#5047=CARTESIAN_POINT('Ctrl Pts',(-86.7739677617732,-8.38141240592033,186.67775546599));
#5048=CARTESIAN_POINT('Ctrl Pts',(-84.1946041159799,-8.53608493297133,186.763682980968));
#5049=CARTESIAN_POINT('Ctrl Pts',(-79.0548415374847,-7.95520040214014,186.252626501324));
#5050=CARTESIAN_POINT('Ctrl Pts',(-73.3640027967571,-5.75045117717303,184.412939215333));
#5051=CARTESIAN_POINT('Ctrl Pts',(-68.4838739711632,-1.61123342574248,180.997687115102));
#5052=CARTESIAN_POINT('Ctrl Pts',(-65.6270786092415,3.29721656969656,176.996623832564));
#5053=CARTESIAN_POINT('Ctrl Pts',(-65.0058415814975,6.80015145153152,174.199047786197));
#5054=CARTESIAN_POINT('Ctrl Pts',(-65.0000206357076,8.57305179372596,172.811221690264));
#5055=CARTESIAN_POINT('Ctrl Pts',(-65.0000001117588,8.58834581944285,172.799252944124));
#5056=CARTESIAN_POINT('Ctrl Pts',(-65.0000001117588,8.60364654524359,172.787280664351));
#5057=CARTESIAN_POINT('Ctrl Pts',(-69.6036637809431,20.3674559913721,164.550172193904));
#5058=CARTESIAN_POINT('Ctrl Pts',(-69.6795173798265,20.4445453965909,164.486268705878));
#5059=CARTESIAN_POINT('Ctrl Pts',(-69.84344210403,20.5924600504205,164.34086781724));
#5060=CARTESIAN_POINT('Ctrl Pts',(-70.1778287744645,20.8842604173166,164.059019646861));
#5061=CARTESIAN_POINT('Ctrl Pts',(-70.8076316535043,21.3701158437833,163.548193459809));
#5062=CARTESIAN_POINT('Ctrl Pts',(-71.5283191197694,21.8060852749202,163.011778126542));
#5063=CARTESIAN_POINT('Ctrl Pts',(-72.2926171189102,22.1046203365901,162.505351845074));
#5064=CARTESIAN_POINT('Ctrl Pts',(-72.7141656015118,22.2330542683302,162.241520131582));
#5065=CARTESIAN_POINT('Ctrl Pts',(-73.10586672951,22.3181900825866,162.012068510163));
#5066=CARTESIAN_POINT('Ctrl Pts',(-73.4461763241101,22.3695990591923,161.826955729956));
#5067=CARTESIAN_POINT('Ctrl Pts',(-73.9807819669135,22.4306278277584,161.550090843046));
#5068=CARTESIAN_POINT('Ctrl Pts',(-74.8398662902599,22.4599079720166,161.186887372423));
#5069=CARTESIAN_POINT('Ctrl Pts',(-75.9664105806298,22.5940721802609,160.877065227057));
#5070=CARTESIAN_POINT('Ctrl Pts',(-76.9923527401361,22.8758554962472,160.707217053264));
#5071=CARTESIAN_POINT('Ctrl Pts',(-78.1119497716324,23.2272753936746,160.569672587129));
#5072=CARTESIAN_POINT('Ctrl Pts',(-78.825226420272,23.4514016904431,160.50417158085));
#5073=CARTESIAN_POINT('Ctrl Pts',(-80.1702051068752,23.8456358625629,160.390898548166));
#5074=CARTESIAN_POINT('Ctrl Pts',(-82.1628800813934,24.3188305544031,160.269491569886));
#5075=CARTESIAN_POINT('Ctrl Pts',(-85.2802469733468,24.5327673921032,160.211411930518));
#5076=CARTESIAN_POINT('Ctrl Pts',(-88.3605466843925,24.1808041051328,160.299688106742));
#5077=CARTESIAN_POINT('Ctrl Pts',(-90.7664430888013,23.4394321661304,160.465318559725));
#5078=CARTESIAN_POINT('Ctrl Pts',(-92.5770389521992,22.6760428578104,160.625002045235));
#5079=CARTESIAN_POINT('Ctrl Pts',(-93.7545144639994,22.1733304350124,160.759280773157));
#5080=CARTESIAN_POINT('Ctrl Pts',(-94.8344622982703,21.906939676128,160.963481983548));
#5081=CARTESIAN_POINT('Ctrl Pts',(-95.8628844805736,21.8844243310786,161.316550830225));
#5082=CARTESIAN_POINT('Ctrl Pts',(-97.076306138774,21.8540545933233,161.912293470182));
#5083=CARTESIAN_POINT('Ctrl Pts',(-98.1079550015654,21.5528457939312,162.568648722834));
#5084=CARTESIAN_POINT('Ctrl Pts',(-98.9014028837556,21.1451428857318,163.117037775009));
#5085=CARTESIAN_POINT('Ctrl Pts',(-99.4468620073165,20.7730381721539,163.523422264047));
#5086=CARTESIAN_POINT('Ctrl Pts',(-99.9509267827622,20.380200066053,163.909827248724));
#5087=CARTESIAN_POINT('Ctrl Pts',(-100.738384468477,19.6438132773153,164.544460772094));
#5088=CARTESIAN_POINT('Ctrl Pts',(-101.682366604466,18.4844332376311,165.365389814138));
#5089=CARTESIAN_POINT('Ctrl Pts',(-102.628866179853,16.9786434051025,166.303040190022));
#5090=CARTESIAN_POINT('Ctrl Pts',(-104.224601073572,13.780168337889,168.198044837032));
#5091=CARTESIAN_POINT('Ctrl Pts',(-104.91090995708,10.8708441934478,169.988799813334));
#5092=CARTESIAN_POINT('Ctrl Pts',(-105.046911303341,6.96934572253906,172.580231297033));
#5093=CARTESIAN_POINT('Ctrl Pts',(-104.70197217515,3.77231077799988,174.782758816349));
#5094=CARTESIAN_POINT('Ctrl Pts',(-103.127789583751,-0.083560839057376,
177.447700167615));
#5095=CARTESIAN_POINT('Ctrl Pts',(-101.145063842807,-2.98253876856516,179.378117533811));
#5096=CARTESIAN_POINT('Ctrl Pts',(-98.6551426645657,-5.71538361494588,181.153834048473));
#5097=CARTESIAN_POINT('Ctrl Pts',(-94.5574828887789,-8.65649334095644,182.983002178246));
#5098=CARTESIAN_POINT('Ctrl Pts',(-90.3257187625923,-10.0429360731791,183.811565731805));
#5099=CARTESIAN_POINT('Ctrl Pts',(-86.7957788921203,-10.5671952883213,184.128914351048));
#5100=CARTESIAN_POINT('Ctrl Pts',(-84.1649258926419,-10.7093080568244,184.218191500591));
#5101=CARTESIAN_POINT('Ctrl Pts',(-78.9185946850397,-9.98923682410574,183.819140439026));
#5102=CARTESIAN_POINT('Ctrl Pts',(-73.1630946007037,-7.3690189336008,182.336231928596));
#5103=CARTESIAN_POINT('Ctrl Pts',(-68.3481551263005,-2.60592387396357,179.576190176585));
#5104=CARTESIAN_POINT('Ctrl Pts',(-65.5926219667954,2.87255596252236,176.318672095922));
#5105=CARTESIAN_POINT('Ctrl Pts',(-65.005571057008,6.67618675766299,173.991972996741));
#5106=CARTESIAN_POINT('Ctrl Pts',(-65.000019325931,8.57095651821496,172.807719353137));
#5107=CARTESIAN_POINT('Ctrl Pts',(-65.0000001117588,8.58729900125799,172.79750245177));
#5108=CARTESIAN_POINT('Ctrl Pts',(-65.0000001117588,8.60364654524359,172.787280664351));
#5109=CARTESIAN_POINT('Ctrl Pts',(-105.000000111135,-0.000177765479352526,
160.500000000001));
#5110=CARTESIAN_POINT('Ctrl Pts',(-104.999999789444,-0.0473092830100165,
160.498107470306));
#5111=CARTESIAN_POINT('Ctrl Pts',(-104.999853741001,-0.0946041940067232,
160.496227761493));
#5112=CARTESIAN_POINT('Ctrl Pts',(-104.99677034638,-0.721355007469042,160.471778104166));
#5113=CARTESIAN_POINT('Ctrl Pts',(-104.948648478988,-1.93361450629255,160.42978165902));
#5114=CARTESIAN_POINT('Ctrl Pts',(-104.666979903673,-4.52475075793884,160.348368326846));
#5115=CARTESIAN_POINT('Ctrl Pts',(-103.708784427542,-8.54914008989213,160.192786517372));
#5116=CARTESIAN_POINT('Ctrl Pts',(-101.569180683537,-13.2503025184454,159.888549115758));
#5117=CARTESIAN_POINT('Ctrl Pts',(-98.096385279889,-17.3398869682311,159.266504932254));
#5118=CARTESIAN_POINT('Ctrl Pts',(-95.1486413004399,-19.6022242356683,158.678775666692));
#5119=CARTESIAN_POINT('Ctrl Pts',(-93.0054736476658,-20.8244948508203,158.233625613297));
#5120=CARTESIAN_POINT('Ctrl Pts',(-90.7281225395271,-21.7121832107576,157.746651038629));
#5121=CARTESIAN_POINT('Ctrl Pts',(-88.6700928631458,-22.2513329922973,157.300035805828));
#5122=CARTESIAN_POINT('Ctrl Pts',(-86.3578391842691,-22.5350808551319,156.796180182471));
#5123=CARTESIAN_POINT('Ctrl Pts',(-84.0529904398651,-22.4829082336242,156.311628416384));
#5124=CARTESIAN_POINT('Ctrl Pts',(-82.0812307807526,-22.180031852489,155.939996713118));
#5125=CARTESIAN_POINT('Ctrl Pts',(-79.9096923801568,-21.6156818210529,155.596069292062));
#5126=CARTESIAN_POINT('Ctrl Pts',(-76.9612126173218,-20.4075266542157,155.298707204815));
#5127=CARTESIAN_POINT('Ctrl Pts',(-73.6885143177122,-18.2955951174923,155.334063592569));
#5128=CARTESIAN_POINT('Ctrl Pts',(-70.7153820900365,-15.4411157382231,155.770856460394));
#5129=CARTESIAN_POINT('Ctrl Pts',(-68.4273953112973,-12.2906991373231,156.449506870116));
#5130=CARTESIAN_POINT('Ctrl Pts',(-66.5479919526962,-8.61276006812908,157.378412074072));
#5131=CARTESIAN_POINT('Ctrl Pts',(-65.5283735076886,-5.22166133128617,158.366465508937));
#5132=CARTESIAN_POINT('Ctrl Pts',(-65.1318616492568,-2.56620911494229,159.308926425015));
#5133=CARTESIAN_POINT('Ctrl Pts',(-65.0338112314125,-1.27481233992796,159.850571906674));
#5134=CARTESIAN_POINT('Ctrl Pts',(-65.0055527703737,-0.559845375368226,
160.190564275619));
#5135=CARTESIAN_POINT('Ctrl Pts',(-65.000441141566,-0.213250410769283,160.374732998318));
#5136=CARTESIAN_POINT('Ctrl Pts',(-65.0000175093257,-0.0300222090665105,
160.482031120486));
#5137=CARTESIAN_POINT('Ctrl Pts',(-65.0000000508479,-0.0148964795549325,
160.490985539284));
#5138=CARTESIAN_POINT('Ctrl Pts',(-65.000000112383,0.000177763857704614,
160.5));
#5139=CARTESIAN_POINT('Ctrl Pts',(-105.000000111135,-0.000177765479352526,
160.500000000001));
#5140=CARTESIAN_POINT('Ctrl Pts',(-104.999921436125,-0.0530487059502183,
160.503459249739));
#5141=CARTESIAN_POINT('Ctrl Pts',(-104.999893402185,-0.106397792518928,
160.507395109339));
#5142=CARTESIAN_POINT('Ctrl Pts',(-104.994793671502,-0.797416049656017,
160.54565339385));
#5143=CARTESIAN_POINT('Ctrl Pts',(-104.935610282171,-2.07311707889518,160.583459610265));
#5144=CARTESIAN_POINT('Ctrl Pts',(-104.607510071321,-4.74361599073179,160.63357881533));
#5145=CARTESIAN_POINT('Ctrl Pts',(-103.554179453949,-8.82094270446551,160.674542350035));
#5146=CARTESIAN_POINT('Ctrl Pts',(-101.245232928891,-13.5141540461219,160.673771017329));
#5147=CARTESIAN_POINT('Ctrl Pts',(-97.675080830986,-17.4515511136775,160.472558900067));
#5148=CARTESIAN_POINT('Ctrl Pts',(-94.8119428375546,-19.561482646812,160.207631426239));
#5149=CARTESIAN_POINT('Ctrl Pts',(-92.8196299282689,-20.6877286029304,159.98430285013));
#5150=CARTESIAN_POINT('Ctrl Pts',(-90.7908694534762,-21.5226887041104,159.722603689921));
#5151=CARTESIAN_POINT('Ctrl Pts',(-89.0091116357488,-22.0705909908396,159.475871983009));
#5152=CARTESIAN_POINT('Ctrl Pts',(-87.0345791593044,-22.454563735539,159.191687968778));
#5153=CARTESIAN_POINT('Ctrl Pts',(-85.0370501738934,-22.6092217248334,158.918746059089));
#5154=CARTESIAN_POINT('Ctrl Pts',(-83.2490034703974,-22.5458459437933,158.711541419214));
#5155=CARTESIAN_POINT('Ctrl Pts',(-81.1860024320496,-22.2722047065409,158.525558826954));
#5156=CARTESIAN_POINT('Ctrl Pts',(-78.1716351391828,-21.4419772365197,158.373378387141));
#5157=CARTESIAN_POINT('Ctrl Pts',(-74.5428111669521,-19.5509931431144,158.403636574017));
#5158=CARTESIAN_POINT('Ctrl Pts',(-71.1824845230155,-16.6338553183663,158.610447744109));
#5159=CARTESIAN_POINT('Ctrl Pts',(-68.6512921593147,-13.3074165792539,158.914469226245));
#5160=CARTESIAN_POINT('Ctrl Pts',(-66.6269878186125,-9.40998545482817,159.31946391863));
#5161=CARTESIAN_POINT('Ctrl Pts',(-65.5592153309375,-5.83214623798525,159.742005713184));
#5162=CARTESIAN_POINT('Ctrl Pts',(-65.1420631801584,-2.98684269806327,160.124796259768));
#5163=CARTESIAN_POINT('Ctrl Pts',(-65.037503339767,-1.55310316393865,160.325648041358));
#5164=CARTESIAN_POINT('Ctrl Pts',(-65.0063835006135,-0.721338553589805,
160.435571982331));
#5165=CARTESIAN_POINT('Ctrl Pts',(-65.0005771400172,-0.292053852137998,
160.482959607958));
#5166=CARTESIAN_POINT('Ctrl Pts',(-65.0000142713091,-0.0423646936938747,
160.498298960299));
#5167=CARTESIAN_POINT('Ctrl Pts',(-65.0000058565319,-0.0209801717232901,
160.499059683506));
#5168=CARTESIAN_POINT('Ctrl Pts',(-65.000000112383,0.000177763857597452,
160.5));
#5169=CARTESIAN_POINT('Ctrl Pts',(-105.000000111135,-0.000177765479352526,
160.500000000001));
#5170=CARTESIAN_POINT('Ctrl Pts',(-105.000112981096,-0.0594646593466926,
160.509550181283));
#5171=CARTESIAN_POINT('Ctrl Pts',(-104.99962721418,-0.117477914710658,160.517777985543));
#5172=CARTESIAN_POINT('Ctrl Pts',(-104.994444049663,-0.881025645501058,
160.626647793008));
#5173=CARTESIAN_POINT('Ctrl Pts',(-104.917029035591,-2.21171439181112,160.7342805829));
#5174=CARTESIAN_POINT('Ctrl Pts',(-104.538905249391,-4.9636988728774,160.921712127908));
#5175=CARTESIAN_POINT('Ctrl Pts',(-103.370601142155,-9.08176124520533,161.151491081633));
#5176=CARTESIAN_POINT('Ctrl Pts',(-100.863113795309,-13.7508324973346,161.448408192421));
#5177=CARTESIAN_POINT('Ctrl Pts',(-97.1448277181512,-17.4550610962364,161.653699703317));
#5178=CARTESIAN_POINT('Ctrl Pts',(-94.3547229003019,-19.331306756808,161.705597977802));
#5179=CARTESIAN_POINT('Ctrl Pts',(-92.5070706439758,-20.2872603741529,161.702016279173));
#5180=CARTESIAN_POINT('Ctrl Pts',(-90.7444181387107,-20.98035542015,161.669273772096));
#5181=CARTESIAN_POINT('Ctrl Pts',(-89.2606085591076,-21.4377038872378,161.627291843097));
#5182=CARTESIAN_POINT('Ctrl Pts',(-87.6779898187338,-21.788007891778,161.57676314391));
#5183=CARTESIAN_POINT('Ctrl Pts',(-86.0735930046338,-21.9952323346883,161.537005835077));
#5184=CARTESIAN_POINT('Ctrl Pts',(-84.5825707767045,-22.0459510951252,161.523118184608));
#5185=CARTESIAN_POINT('Ctrl Pts',(-82.7682437495632,-21.9540723458472,161.527990600204));
#5186=CARTESIAN_POINT('Ctrl Pts',(-79.915241157338,-21.4468455182586,161.571352575567));
#5187=CARTESIAN_POINT('Ctrl Pts',(-76.1098742055038,-19.9333708740719,161.617593242717));
#5188=CARTESIAN_POINT('Ctrl Pts',(-72.366623206232,-17.2427611744482,161.57128960412));
#5189=CARTESIAN_POINT('Ctrl Pts',(-69.4647520858223,-13.9959561694047,161.459518178602));
#5190=CARTESIAN_POINT('Ctrl Pts',(-67.0932986334738,-10.0828059605694,161.298114118871));
#5191=CARTESIAN_POINT('Ctrl Pts',(-65.7843656323833,-6.41267951131509,161.131025629289));
#5192=CARTESIAN_POINT('Ctrl Pts',(-65.2251825585965,-3.40155419573335,160.942951694737));
#5193=CARTESIAN_POINT('Ctrl Pts',(-65.0668383361103,-1.83343444779913,160.80349564333));
#5194=CARTESIAN_POINT('Ctrl Pts',(-65.0140733004433,-0.881995032307049,
160.680047781995));
#5195=CARTESIAN_POINT('Ctrl Pts',(-65.0011116700028,-0.375145165890022,
160.59442039757));
#5196=CARTESIAN_POINT('Ctrl Pts',(-65.0000760888594,-0.0542315666118377,
160.514209031869));
#5197=CARTESIAN_POINT('Ctrl Pts',(-64.9999767820592,-0.0275063614148244,
160.507467406197));
#5198=CARTESIAN_POINT('Ctrl Pts',(-65.000000112383,0.00017776385749029,
160.5));
#5199=CARTESIAN_POINT('Ctrl Pts',(-105.000000111135,-0.000177765479352526,
160.500000000001));
#5200=CARTESIAN_POINT('Ctrl Pts',(-104.999999580839,-0.0652470047476736,
160.514911357458));
#5201=CARTESIAN_POINT('Ctrl Pts',(-104.999672515936,-0.129223547646694,
160.528934743637));
#5202=CARTESIAN_POINT('Ctrl Pts',(-104.991187822555,-0.957398843050757,
160.700590970339));
#5203=CARTESIAN_POINT('Ctrl Pts',(-104.897005173894,-2.35032816542978,160.88762145769));
#5204=CARTESIAN_POINT('Ctrl Pts',(-104.456607004023,-5.17970673197425,161.204972313759));
#5205=CARTESIAN_POINT('Ctrl Pts',(-103.163186668806,-9.33478522782266,161.624058180518));
#5206=CARTESIAN_POINT('Ctrl Pts',(-100.422504793505,-13.9513892274974,162.203765402633));
#5207=CARTESIAN_POINT('Ctrl Pts',(-96.526232071683,-17.355024579032,162.779203391113));
#5208=CARTESIAN_POINT('Ctrl Pts',(-93.7907335137797,-18.9168585282503,163.109855158372));
#5209=CARTESIAN_POINT('Ctrl Pts',(-92.0898919776772,-19.6458120882811,163.297235982662));
#5210=CARTESIAN_POINT('Ctrl Pts',(-90.5892083125654,-20.11979135139,163.455085848827));
#5211=CARTESIAN_POINT('Ctrl Pts',(-89.4084455502713,-20.4052615873566,163.578241440756));
#5212=CARTESIAN_POINT('Ctrl Pts',(-88.2212660606521,-20.604942893086,163.702821805869));
#5213=CARTESIAN_POINT('Ctrl Pts',(-87.0325573176709,-20.7216413810529,163.82724077569));
#5214=CARTESIAN_POINT('Ctrl Pts',(-85.8746232830166,-20.7585201025039,163.942614269428));
#5215=CARTESIAN_POINT('Ctrl Pts',(-84.3846359451533,-20.7173427570263,164.077339398145));
#5216=CARTESIAN_POINT('Ctrl Pts',(-81.8433168166858,-20.4248791513306,164.259556831954));
#5217=CARTESIAN_POINT('Ctrl Pts',(-78.0919904428721,-19.3647211014014,164.357631123358));
#5218=CARTESIAN_POINT('Ctrl Pts',(-74.0816960156963,-17.1678504350806,164.180669906283));
#5219=CARTESIAN_POINT('Ctrl Pts',(-70.7744088283193,-14.2730165484924,163.7848600661));
#5220=CARTESIAN_POINT('Ctrl Pts',(-67.9169429784618,-10.5822380308693,163.176979433341));
#5221=CARTESIAN_POINT('Ctrl Pts',(-66.1984523196681,-6.9389307657903,162.486136162002));
#5222=CARTESIAN_POINT('Ctrl Pts',(-65.3801189835528,-3.80536181552931,161.75413706006));
#5223=CARTESIAN_POINT('Ctrl Pts',(-65.1223784837759,-2.10851384822319,161.277550096333));
#5224=CARTESIAN_POINT('Ctrl Pts',(-65.0283767846332,-1.04320882357515,160.924956395255));
#5225=CARTESIAN_POINT('Ctrl Pts',(-65.0028593296763,-0.453970956094334,
160.702650093864));
#5226=CARTESIAN_POINT('Ctrl Pts',(-65.0001092592795,-0.0665702817004533,
160.530476293144));
#5227=CARTESIAN_POINT('Ctrl Pts',(-64.9999997987904,-0.0335932431216397,
160.515542002474));
#5228=CARTESIAN_POINT('Ctrl Pts',(-65.000000112383,0.000177763857383128,
160.5));
#5229=CARTESIAN_POINT('',(-65.0000001117588,4.33254320835678E-5,160.500061870064));
#5230=CARTESIAN_POINT('Ctrl Pts',(-65.000000112383,0.000177763857383128,
160.5));
#5231=CARTESIAN_POINT('Ctrl Pts',(-65.0000001119668,0.000132949429582654,
160.500020624377));
#5232=CARTESIAN_POINT('Ctrl Pts',(-65.000000111744,8.81363999229769E-5,
160.500041247682));
#5233=CARTESIAN_POINT('Ctrl Pts',(-65.0000001117145,4.33247685921494E-5,
160.500061869918));
#5234=CARTESIAN_POINT('Ctrl Pts',(-65.0000001117145,4.33247685921494E-5,
160.500061869918));
#5235=CARTESIAN_POINT('Ctrl Pts',(-65.0000000895091,-0.0336807632310747,
160.515581637174));
#5236=CARTESIAN_POINT('Ctrl Pts',(-65.0001095616904,-0.0666128821311095,
160.530495226198));
#5237=CARTESIAN_POINT('Ctrl Pts',(-65.0028593296763,-0.453970956094334,
160.702650093864));
#5238=CARTESIAN_POINT('Ctrl Pts',(-65.0283767846332,-1.04320882357515,160.924956395255));
#5239=CARTESIAN_POINT('Ctrl Pts',(-65.1223784837759,-2.10851384822319,161.277550096333));
#5240=CARTESIAN_POINT('Ctrl Pts',(-65.3801189835528,-3.80536181552931,161.75413706006));
#5241=CARTESIAN_POINT('Ctrl Pts',(-66.1984523196681,-6.9389307657903,162.486136162002));
#5242=CARTESIAN_POINT('Ctrl Pts',(-67.9169429784618,-10.5822380308693,163.176979433341));
#5243=CARTESIAN_POINT('Ctrl Pts',(-70.7744088283193,-14.2730165484924,163.7848600661));
#5244=CARTESIAN_POINT('Ctrl Pts',(-74.0816960156963,-17.1678504350806,164.180669906283));
#5245=CARTESIAN_POINT('Ctrl Pts',(-78.0919904428721,-19.3647211014014,164.357631123358));
#5246=CARTESIAN_POINT('Ctrl Pts',(-81.8433168166858,-20.4248791513306,164.259556831954));
#5247=CARTESIAN_POINT('Ctrl Pts',(-84.3846359451533,-20.7173427570263,164.077339398145));
#5248=CARTESIAN_POINT('Ctrl Pts',(-85.8746232830166,-20.7585201025039,163.942614269428));
#5249=CARTESIAN_POINT('Ctrl Pts',(-87.0325573176709,-20.7216413810529,163.82724077569));
#5250=CARTESIAN_POINT('Ctrl Pts',(-88.2212660606521,-20.604942893086,163.702821805869));
#5251=CARTESIAN_POINT('Ctrl Pts',(-89.4084455502713,-20.4052615873566,163.578241440756));
#5252=CARTESIAN_POINT('Ctrl Pts',(-90.5892083125654,-20.11979135139,163.455085848827));
#5253=CARTESIAN_POINT('Ctrl Pts',(-92.0898919776772,-19.6458120882811,163.297235982662));
#5254=CARTESIAN_POINT('Ctrl Pts',(-93.7907335137797,-18.9168585282503,163.109855158372));
#5255=CARTESIAN_POINT('Ctrl Pts',(-96.526232071683,-17.355024579032,162.779203391113));
#5256=CARTESIAN_POINT('Ctrl Pts',(-100.422504793505,-13.9513892274974,162.203765402633));
#5257=CARTESIAN_POINT('Ctrl Pts',(-103.163186668806,-9.33478522782266,161.624058180518));
#5258=CARTESIAN_POINT('Ctrl Pts',(-104.456607004023,-5.17970673197425,161.204972313759));
#5259=CARTESIAN_POINT('Ctrl Pts',(-104.897005173894,-2.35032816542978,160.88762145769));
#5260=CARTESIAN_POINT('Ctrl Pts',(-104.991187822555,-0.957398843050757,
160.700590970339));
#5261=CARTESIAN_POINT('Ctrl Pts',(-104.999672515936,-0.129223547646694,
160.528934743637));
#5262=CARTESIAN_POINT('Ctrl Pts',(-104.999999580839,-0.0652470047476736,
160.514911357458));
#5263=CARTESIAN_POINT('Ctrl Pts',(-105.000000111135,-0.000177765479352526,
160.500000000001));
#5264=CARTESIAN_POINT('Origin',(-105.000000111759,37.,192.378933762682));
#5265=CARTESIAN_POINT('Ctrl Pts',(-65.0000001117588,-1.13128196887173E-11,
160.500000000001));
#5266=CARTESIAN_POINT('Ctrl Pts',(-65.0000001117588,2.86788218174459,164.595760221448));
#5267=CARTESIAN_POINT('Ctrl Pts',(-65.0000001117588,5.73576436350049,168.691520442895));
#5268=CARTESIAN_POINT('Ctrl Pts',(-65.0000001117588,8.60364654525638,172.787280664342));
#5269=CARTESIAN_POINT('Ctrl Pts',(-65.0000001117573,3.36599212883489,160.500000000001));
#5270=CARTESIAN_POINT('Ctrl Pts',(-65.0000001117573,6.03100138303728,163.952329498879));
#5271=CARTESIAN_POINT('Ctrl Pts',(-65.0000001117573,8.69589662445902,167.404297395415));
#5272=CARTESIAN_POINT('Ctrl Pts',(-65.0000001117573,11.3609058786614,170.856626894293));
#5273=CARTESIAN_POINT('Ctrl Pts',(-66.3640940934474,10.0969394493626,160.500000000001));
#5274=CARTESIAN_POINT('Ctrl Pts',(-66.3640940934474,12.3561699106538,162.665363588372));
#5275=CARTESIAN_POINT('Ctrl Pts',(-66.3640940934474,14.6153446749821,164.830550528546));
#5276=CARTESIAN_POINT('Ctrl Pts',(-66.3640940934474,16.8745751362732,166.995914116918));
#5277=CARTESIAN_POINT('Ctrl Pts',(-71.4678946979554,17.2914309698075,160.500000000001));
#5278=CARTESIAN_POINT('Ctrl Pts',(-71.4678946979554,19.1168863188675,161.289604697026));
#5279=CARTESIAN_POINT('Ctrl Pts',(-71.4678946979554,20.9425022238054,162.079718612238));
#5280=CARTESIAN_POINT('Ctrl Pts',(-71.4678946979554,22.7679575728654,162.869323309263));
#5281=CARTESIAN_POINT('Ctrl Pts',(-77.5831859524078,21.2586689489606,160.500000000001));
#5282=CARTESIAN_POINT('Ctrl Pts',(-77.5831859524078,22.8451240175179,160.53159264962));
#5283=CARTESIAN_POINT('Ctrl Pts',(-77.5831859524078,24.4312736051123,160.562216437405));
#5284=CARTESIAN_POINT('Ctrl Pts',(-77.5831859524078,26.0177286736696,160.593809087024));
#5285=CARTESIAN_POINT('Ctrl Pts',(-83.4837740496007,22.7764737454574,160.500000000001));
#5286=CARTESIAN_POINT('Ctrl Pts',(-83.4837740496007,24.2712141880634,160.240711018652));
#5287=CARTESIAN_POINT('Ctrl Pts',(-83.4837740496007,25.7663011329456,159.982521002122));
#5288=CARTESIAN_POINT('Ctrl Pts',(-83.4837740496007,27.2610415755516,159.723232020773));
#5289=CARTESIAN_POINT('Ctrl Pts',(-89.5147476200569,22.2607877047874,160.500000000001));
#5290=CARTESIAN_POINT('Ctrl Pts',(-89.5147476200569,23.7868647138613,160.340097909986));
#5291=CARTESIAN_POINT('Ctrl Pts',(-89.514747620057,25.3125392920516,160.178919472272));
#5292=CARTESIAN_POINT('Ctrl Pts',(-89.514747620057,26.8386163011255,160.019017382256));
#5293=CARTESIAN_POINT('Ctrl Pts',(-97.0357351347103,18.9627895416365,160.500000000001));
#5294=CARTESIAN_POINT('Ctrl Pts',(-97.0357351347103,20.6874915434371,160.970055904537));
#5295=CARTESIAN_POINT('Ctrl Pts',(-97.0357351347104,22.4123523619184,161.440615511232));
#5296=CARTESIAN_POINT('Ctrl Pts',(-97.0357351347104,24.1370543637191,161.910671415769));
#5297=CARTESIAN_POINT('Ctrl Pts',(-104.132889366835,10.3669978792713,160.500000000001));
#5298=CARTESIAN_POINT('Ctrl Pts',(-104.132889366835,12.6099185476318,162.613635533886));
#5299=CARTESIAN_POINT('Ctrl Pts',(-104.132889366835,14.8528733828499,164.727379431199));
#5300=CARTESIAN_POINT('Ctrl Pts',(-104.132889366835,17.0957940512104,166.841014965084));
#5301=CARTESIAN_POINT('Ctrl Pts',(-105.683225015643,-1.23843987775821,160.500000000001));
#5302=CARTESIAN_POINT('Ctrl Pts',(-105.683225015643,1.70426161114224,164.833056747104));
#5303=CARTESIAN_POINT('Ctrl Pts',(-105.683225015643,4.64647449877053,169.164563848952));
#5304=CARTESIAN_POINT('Ctrl Pts',(-105.683225015643,7.58917598767099,173.497620596055));
#5305=CARTESIAN_POINT('Ctrl Pts',(-103.284195179676,-9.90465739298128,160.500000000001));
#5306=CARTESIAN_POINT('Ctrl Pts',(-103.284195179676,-6.43987091383038,166.488898788574));
#5307=CARTESIAN_POINT('Ctrl Pts',(-103.284195179676,-2.97456028532795,172.479459966507));
#5308=CARTESIAN_POINT('Ctrl Pts',(-103.284195179676,0.490226193822953,178.46835875508));
#5309=CARTESIAN_POINT('Ctrl Pts',(-98.7548691946878,-17.4244802786676,160.500000000001));
#5310=CARTESIAN_POINT('Ctrl Pts',(-98.7548691946878,-13.5061915444537,167.927224183592));
#5311=CARTESIAN_POINT('Ctrl Pts',(-98.7548691946878,-9.58794082989196,175.354327784252));
#5312=CARTESIAN_POINT('Ctrl Pts',(-98.7548691946878,-5.66965209567812,182.781551967843));
#5313=CARTESIAN_POINT('Ctrl Pts',(-90.6310567749651,-22.6970815606146,160.500000000001));
#5314=CARTESIAN_POINT('Ctrl Pts',(-90.6310567749651,-18.4610057262683,168.93511609863));
#5315=CARTESIAN_POINT('Ctrl Pts',(-90.6310567749651,-14.2247900488522,177.370675722813));
#5316=CARTESIAN_POINT('Ctrl Pts',(-90.6310567749651,-9.98871421450581,185.805791821442));
#5317=CARTESIAN_POINT('Ctrl Pts',(-80.394190642511,-22.6803123650531,160.500000000001));
#5318=CARTESIAN_POINT('Ctrl Pts',(-80.394190642511,-18.4452104883109,168.932027099755));
#5319=CARTESIAN_POINT('Ctrl Pts',(-80.394190642511,-14.2100795704227,177.364146306257));
#5320=CARTESIAN_POINT('Ctrl Pts',(-80.394190642511,-9.9749776936805,185.796173406011));
#5321=CARTESIAN_POINT('Ctrl Pts',(-72.1059148139174,-18.1951130853595,160.500000000001));
#5322=CARTESIAN_POINT('Ctrl Pts',(-72.1059148139174,-14.2302959922707,168.074793284762));
#5323=CARTESIAN_POINT('Ctrl Pts',(-72.1059148139174,-10.2657346277647,175.648775502079));
#5324=CARTESIAN_POINT('Ctrl Pts',(-72.1059148139174,-6.30091753467596,183.22356878684));
#5325=CARTESIAN_POINT('Ctrl Pts',(-66.3641024320293,-10.0943626423694,160.500000000001));
#5326=CARTESIAN_POINT('Ctrl Pts',(-66.3641024320293,-6.61804091411367,166.525483924679));
#5327=CARTESIAN_POINT('Ctrl Pts',(-66.3641024320293,-3.14149297728142,172.551685291303));
#5328=CARTESIAN_POINT('Ctrl Pts',(-66.3641024320293,0.334828750974318,178.577169215981));
#5329=CARTESIAN_POINT('Ctrl Pts',(-65.0000001117603,-3.36599212885752,160.500000000001));
#5330=CARTESIAN_POINT('Ctrl Pts',(-65.0000001117603,-0.295122889631245,
165.239552917868));
#5331=CARTESIAN_POINT('Ctrl Pts',(-65.0000001117603,2.77551797262507,169.978381516524));
#5332=CARTESIAN_POINT('Ctrl Pts',(-65.0000001117603,5.84638721185135,174.717934434391));
#5333=CARTESIAN_POINT('Ctrl Pts',(-65.0000001117588,-1.13183305993134E-11,
160.500000000001));
#5334=CARTESIAN_POINT('Ctrl Pts',(-65.0000001117588,2.86788218174458,164.595760221448));
#5335=CARTESIAN_POINT('Ctrl Pts',(-65.0000001117588,5.73576436350048,168.691520442895));
#5336=CARTESIAN_POINT('Ctrl Pts',(-65.0000001117588,8.60364654525638,172.787280664342));
#5337=CARTESIAN_POINT('',(-65.0000001117588,-1.13128196887173E-11,160.500000000001));
#5338=CARTESIAN_POINT('Ctrl Pts',(-115.000000111759,1.5458105902351E-13,
108.500000000001));
#5339=CARTESIAN_POINT('Ctrl Pts',(-115.483143777089,1.44713334251084E-13,
108.499258249692));
#5340=CARTESIAN_POINT('Ctrl Pts',(-116.409836716482,6.59848559480923E-14,
108.534431764286));
#5341=CARTESIAN_POINT('Ctrl Pts',(-117.325210223205,1.76903464343454E-14,
109.175343040992));
#5342=CARTESIAN_POINT('Ctrl Pts',(-117.603087577835,-1.81201787969757E-16,
109.659051484069));
#5343=CARTESIAN_POINT('Ctrl Pts',(-117.75870804757,-1.01062295621217E-14,
109.992672701275));
#5344=CARTESIAN_POINT('Ctrl Pts',(-117.933609839578,-2.09980088792986E-14,
110.563590675155));
#5345=CARTESIAN_POINT('Ctrl Pts',(-118.002843542035,-1.31931675091475E-14,
111.146869190527));
#5346=CARTESIAN_POINT('Ctrl Pts',(-117.997297414686,8.74572426447722E-15,
111.853022576104));
#5347=CARTESIAN_POINT('Ctrl Pts',(-117.898695782632,4.41379130980427E-14,
112.580012191457));
#5348=CARTESIAN_POINT('Ctrl Pts',(-117.699441654091,1.09204617216836E-13,
113.351787469634));
#5349=CARTESIAN_POINT('Ctrl Pts',(-117.469344599239,1.47143393678502E-13,
113.699966076331));
#5350=CARTESIAN_POINT('Ctrl Pts',(-117.29768747746,1.74490870902127E-13,
113.945335756226));
#5351=CARTESIAN_POINT('Ctrl Pts',(-116.997070268123,2.12863770286483E-13,
114.230884732607));
#5352=CARTESIAN_POINT('Ctrl Pts',(-116.479060094468,2.70641972104606E-13,
114.491242649348));
#5353=CARTESIAN_POINT('Ctrl Pts',(-115.846615388421,3.38006345353859E-13,
114.635643473689));
#5354=CARTESIAN_POINT('Ctrl Pts',(-115.322793749464,3.79640839571289E-13,
114.582341284929));
#5355=CARTESIAN_POINT('Ctrl Pts',(-115.000000111759,3.89612759784038E-13,
114.500000000001));
#5356=CARTESIAN_POINT('Ctrl Pts',(-115.000000111759,2.61064821793532,108.500000000001));
#5357=CARTESIAN_POINT('Ctrl Pts',(-115.483143777089,2.52764051061968,108.499258249692));
#5358=CARTESIAN_POINT('Ctrl Pts',(-116.435486693377,2.3264524478285,108.522148640153));
#5359=CARTESIAN_POINT('Ctrl Pts',(-117.40282501433,2.08395596200285,109.146065775662));
#5360=CARTESIAN_POINT('Ctrl Pts',(-117.706522401223,1.9760077425577,109.626503091922));
#5361=CARTESIAN_POINT('Ctrl Pts',(-117.878324942516,1.9098103399587,109.959277774096));
#5362=CARTESIAN_POINT('Ctrl Pts',(-118.076791997311,1.81747658376868,110.532323467344));
#5363=CARTESIAN_POINT('Ctrl Pts',(-118.158340881439,1.77366231359697,111.130648335806));
#5364=CARTESIAN_POINT('Ctrl Pts',(-118.153004017581,1.77366231359699,111.869236428708));
#5365=CARTESIAN_POINT('Ctrl Pts',(-118.03939444988,1.82791231315121,112.614870437075));
#5366=CARTESIAN_POINT('Ctrl Pts',(-117.806152849389,1.96238623580072,113.385410469627));
#5367=CARTESIAN_POINT('Ctrl Pts',(-117.55695304009,2.04509446404016,113.729922936249));
#5368=CARTESIAN_POINT('Ctrl Pts',(-117.371578571219,2.10491091918855,113.972509324385));
#5369=CARTESIAN_POINT('Ctrl Pts',(-117.052293884272,2.19075825709857,114.252694965413));
#5370=CARTESIAN_POINT('Ctrl Pts',(-116.510713632246,2.31588040413385,114.504639346723));
#5371=CARTESIAN_POINT('Ctrl Pts',(-115.85592624188,2.45491035051371,114.640074823145));
#5372=CARTESIAN_POINT('Ctrl Pts',(-115.322793749464,2.5550103321795,114.582341284929));
#5373=CARTESIAN_POINT('Ctrl Pts',(-115.000000111759,2.61064821793554,114.500000000001));
#5374=CARTESIAN_POINT('Ctrl Pts',(-115.000000111759,7.83108926324347,107.581834037804));
#5375=CARTESIAN_POINT('Ctrl Pts',(-115.592318417614,7.60061025601992,107.636972052544));
#5376=CARTESIAN_POINT('Ctrl Pts',(-116.755600305396,7.00738641690149,107.772443168926));
#5377=CARTESIAN_POINT('Ctrl Pts',(-117.878570713579,6.26403165283596,108.5660722773));
#5378=CARTESIAN_POINT('Ctrl Pts',(-118.221845264493,5.92954682641236,109.152111040713));
#5379=CARTESIAN_POINT('Ctrl Pts',(-118.411112444374,5.72397121419027,109.557260862144));
#5380=CARTESIAN_POINT('Ctrl Pts',(-118.636773505984,5.43592096014321,110.255075062701));
#5381=CARTESIAN_POINT('Ctrl Pts',(-118.732905493643,5.29783313965024,111.014219808327));
#5382=CARTESIAN_POINT('Ctrl Pts',(-118.728095666663,5.29783313965026,111.985626645084));
#5383=CARTESIAN_POINT('Ctrl Pts',(-118.596969631217,5.46881086382148,112.931611884834));
#5384=CARTESIAN_POINT('Ctrl Pts',(-118.323494334443,5.88789290984807,113.859316133406));
#5385=CARTESIAN_POINT('Ctrl Pts',(-118.054596481001,6.14320156979155,114.281931830781));
#5386=CARTESIAN_POINT('Ctrl Pts',(-117.855044088366,6.32771333189386,114.580153732342));
#5387=CARTESIAN_POINT('Ctrl Pts',(-117.495619239728,6.59113786612093,114.932311460105));
#5388=CARTESIAN_POINT('Ctrl Pts',(-116.858422416218,6.97018022076513,115.27335057702));
#5389=CARTESIAN_POINT('Ctrl Pts',(-116.069469128057,7.38618331852337,115.49543651156));
#5390=CARTESIAN_POINT('Ctrl Pts',(-115.406048440514,7.67660523895534,115.481393283429));
#5391=CARTESIAN_POINT('Ctrl Pts',(-115.000000111759,7.83108926324365,115.418165962197));
#5392=CARTESIAN_POINT('Ctrl Pts',(-115.000000111759,14.724291370943,103.617677622434));
#5393=CARTESIAN_POINT('Ctrl Pts',(-116.013084734997,14.3280884636778,103.883838746063));
#5394=CARTESIAN_POINT('Ctrl Pts',(-117.888138352808,13.313121953024,104.58706608912));
#5395=CARTESIAN_POINT('Ctrl Pts',(-119.420685098376,12.0449990564256,106.258142888188));
#5396=CARTESIAN_POINT('Ctrl Pts',(-119.818860026077,11.4748364867358,107.338942060581));
#5397=CARTESIAN_POINT('Ctrl Pts',(-120.016598924006,11.1244695653517,108.071708533263));
#5398=CARTESIAN_POINT('Ctrl Pts',(-120.259399229135,10.6337019304947,109.305130731075));
#5399=CARTESIAN_POINT('Ctrl Pts',(-120.366692660264,10.3986072761248,110.644555153523));
#5400=CARTESIAN_POINT('Ctrl Pts',(-120.362662398482,10.3986072761248,112.355138804773));
#5401=CARTESIAN_POINT('Ctrl Pts',(-120.219328698687,10.6896970248476,114.024192552128));
#5402=CARTESIAN_POINT('Ctrl Pts',(-119.916130810855,11.4037643506462,115.657569433599));
#5403=CARTESIAN_POINT('Ctrl Pts',(-119.641655113456,11.8390838930794,116.451396781293));
#5404=CARTESIAN_POINT('Ctrl Pts',(-119.438857724921,12.1537063107158,117.015284048243));
#5405=CARTESIAN_POINT('Ctrl Pts',(-118.993466170769,12.6030607909768,117.721990213605));
#5406=CARTESIAN_POINT('Ctrl Pts',(-118.076296194727,13.2502542758672,118.511816333589));
#5407=CARTESIAN_POINT('Ctrl Pts',(-116.854447337249,13.9612149096568,119.171577956424));
#5408=CARTESIAN_POINT('Ctrl Pts',(-115.726575662495,14.4587269697146,119.375164693062));
#5409=CARTESIAN_POINT('Ctrl Pts',(-115.000000111759,14.7242913709431,119.382322377568));
#5410=CARTESIAN_POINT('Ctrl Pts',(-115.000000111759,19.8490285190162,97.537573448657));
#5411=CARTESIAN_POINT('Ctrl Pts',(-116.617304130442,19.3424354671793,98.1063646927944));
#5412=CARTESIAN_POINT('Ctrl Pts',(-119.517990917316,18.1907713262266,99.7068963085094));
#5413=CARTESIAN_POINT('Ctrl Pts',(-121.647123267346,16.865006613142,102.791856199952));
#5414=CARTESIAN_POINT('Ctrl Pts',(-122.127991521068,16.2827132306867,104.652286905655));
#5415=CARTESIAN_POINT('Ctrl Pts',(-122.340517081618,15.9266410872355,105.897069640693));
#5416=CARTESIAN_POINT('Ctrl Pts',(-122.611532293364,15.4328631341336,107.955306776648));
#5417=CARTESIAN_POINT('Ctrl Pts',(-122.736674363428,15.2016417167287,110.136940210684));
#5418=CARTESIAN_POINT('Ctrl Pts',(-122.733442688109,15.2016417167288,112.86254121204));
#5419=CARTESIAN_POINT('Ctrl Pts',(-122.570044526992,15.4879356967943,115.580947031856));
#5420=CARTESIAN_POINT('Ctrl Pts',(-122.218850041282,16.2080183318252,118.314168533125));
#5421=CARTESIAN_POINT('Ctrl Pts',(-121.933395662726,16.656294064943,119.693841682405));
#5422=CARTESIAN_POINT('Ctrl Pts',(-121.723889503629,16.980790437862,120.677351852398));
#5423=CARTESIAN_POINT('Ctrl Pts',(-121.15216563395,17.4495452377085,121.94728596512));
#5424=CARTESIAN_POINT('Ctrl Pts',(-119.829489501529,18.1435353785478,123.452198557665));
#5425=CARTESIAN_POINT('Ctrl Pts',(-117.982752038907,18.9260489411628,124.808721552247));
#5426=CARTESIAN_POINT('Ctrl Pts',(-116.186820576886,19.5094725036246,125.354497427192));
#5427=CARTESIAN_POINT('Ctrl Pts',(-115.000000111759,19.8490285190163,125.462426551345));
#5428=CARTESIAN_POINT('Ctrl Pts',(-115.000000111759,21.6792395067144,92.5629293915871));
#5429=CARTESIAN_POINT('Ctrl Pts',(-117.093360573663,21.1358426659098,93.3708532982566));
#5430=CARTESIAN_POINT('Ctrl Pts',(-120.830931800148,20.1387415617569,95.7140028052267));
#5431=CARTESIAN_POINT('Ctrl Pts',(-123.486002584653,19.1988262383193,99.9828660332601));
#5432=CARTESIAN_POINT('Ctrl Pts',(-124.060236502642,18.813496663302,102.489500210823));
#5433=CARTESIAN_POINT('Ctrl Pts',(-124.30170440258,18.5814389605597,104.157208795006));
#5434=CARTESIAN_POINT('Ctrl Pts',(-124.620411397326,18.2698556380137,106.892075585594));
#5435=CARTESIAN_POINT('Ctrl Pts',(-124.772642799163,18.134965451124,109.74461217539));
#5436=CARTESIAN_POINT('Ctrl Pts',(-124.769979147556,18.134965451124,113.254711313959));
#5437=CARTESIAN_POINT('Ctrl Pts',(-124.574417803202,18.3019839259257,116.808979790862));
#5438=CARTESIAN_POINT('Ctrl Pts',(-124.148840398497,18.7597586711939,120.449398551468));
#5439=CARTESIAN_POINT('Ctrl Pts',(-123.834234071154,19.0639450323577,122.314934666801));
#5440=CARTESIAN_POINT('Ctrl Pts',(-123.604579698492,19.2851711135162,123.646550245421));
#5441=CARTESIAN_POINT('Ctrl Pts',(-122.913305511744,19.6154560231709,125.384809131128));
#5442=CARTESIAN_POINT('Ctrl Pts',(-121.245603513339,20.1421277889155,127.48490190821));
#5443=CARTESIAN_POINT('Ctrl Pts',(-118.882290789538,20.7751517698844,129.421131024454));
#5444=CARTESIAN_POINT('Ctrl Pts',(-116.549496124429,21.3150148783446,130.249220109671));
#5445=CARTESIAN_POINT('Ctrl Pts',(-115.000000111759,21.6792395067144,130.437070608415));
#5446=CARTESIAN_POINT('Ctrl Pts',(-115.000000111759,22.3560605141701,88.81022938266));
#5447=CARTESIAN_POINT('Ctrl Pts',(-117.450412193783,21.7991826797182,89.7969337418971));
#5448=CARTESIAN_POINT('Ctrl Pts',(-121.833118052025,21.014060590816,92.702560198831));
#5449=CARTESIAN_POINT('Ctrl Pts',(-124.919934977732,20.5299262582927,97.8683606085598));
#5450=CARTESIAN_POINT('Ctrl Pts',(-125.582286419441,20.3727825977166,100.86378820847));
#5451=CARTESIAN_POINT('Ctrl Pts',(-125.857105440886,20.2838975236193,102.851086138637));
#5452=CARTESIAN_POINT('Ctrl Pts',(-126.228261687991,20.1812647095287,106.096554846388));
#5453=CARTESIAN_POINT('Ctrl Pts',(-126.409568869514,20.1554379408827,109.452264014298));
#5454=CARTESIAN_POINT('Ctrl Pts',(-126.40727603806,20.1554379408827,113.546936694574));
#5455=CARTESIAN_POINT('Ctrl Pts',(-126.176812020983,20.1874161567023,117.728083751527));
#5456=CARTESIAN_POINT('Ctrl Pts',(-125.671236247651,20.3439270969625,122.053918777259));
#5457=CARTESIAN_POINT('Ctrl Pts',(-125.321156827344,20.4801270439341,124.286964026183));
#5458=CARTESIAN_POINT('Ctrl Pts',(-125.066736837753,20.5808033716186,125.881924514721));
#5459=CARTESIAN_POINT('Ctrl Pts',(-124.27250673055,20.7478547473081,127.974664670882));
#5460=CARTESIAN_POINT('Ctrl Pts',(-122.329485773376,21.0712408918804,130.525423269343));
#5461=CARTESIAN_POINT('Ctrl Pts',(-119.563088795912,21.5149428291105,132.900472089138));
#5462=CARTESIAN_POINT('Ctrl Pts',(-116.821464678841,21.982799929879,133.942411189463));
#5463=CARTESIAN_POINT('Ctrl Pts',(-115.000000111759,22.3560605141701,134.189770617342));
#5464=CARTESIAN_POINT('Ctrl Pts',(-115.000000111759,22.5927912650559,86.4088650774547));
#5465=CARTESIAN_POINT('Ctrl Pts',(-117.678321936763,22.0313031868199,87.5095812392801));
#5466=CARTESIAN_POINT('Ctrl Pts',(-122.53734153118,21.3597675849648,90.7757118499694));
#5467=CARTESIAN_POINT('Ctrl Pts',(-126.030685622674,21.1146729354146,96.5165346092456));
#5468=CARTESIAN_POINT('Ctrl Pts',(-126.814184227792,21.0768369540309,99.8250894823101));
#5469=CARTESIAN_POINT('Ctrl Pts',(-127.151004263538,21.0627682802502,102.01704046054));
#5470=CARTESIAN_POINT('Ctrl Pts',(-127.614824656635,21.0692081411834,105.58928567687));
#5471=CARTESIAN_POINT('Ctrl Pts',(-127.845413875138,21.1001932587432,109.266173347014));
#5472=CARTESIAN_POINT('Ctrl Pts',(-127.84334541926,21.1001932587432,113.732948265486));
#5473=CARTESIAN_POINT('Ctrl Pts',(-127.552571859691,21.0618280729894,118.314233762371));
#5474=CARTESIAN_POINT('Ctrl Pts',(-126.910514647777,21.0610418119455,123.078946498493));
#5475=CARTESIAN_POINT('Ctrl Pts',(-126.489828774923,21.1093212187486,125.547430459258));
#5476=CARTESIAN_POINT('Ctrl Pts',(-126.185182871986,21.1468917030533,127.31110714595));
#5477=CARTESIAN_POINT('Ctrl Pts',(-125.278393124556,21.2283606290418,129.631005200578));
#5478=CARTESIAN_POINT('Ctrl Pts',(-123.100558711333,21.4446684641256,132.470602988015));
#5479=CARTESIAN_POINT('Ctrl Pts',(-120.020893026429,21.788033401036,135.126875163397));
#5480=CARTESIAN_POINT('Ctrl Pts',(-116.995056703561,22.2164405554589,136.30587015891));
#5481=CARTESIAN_POINT('Ctrl Pts',(-115.000000111759,22.5927912650559,136.591134922547));
#5482=CARTESIAN_POINT('Ctrl Pts',(-115.000000111759,22.3683065624738,82.796326224997));
#5483=CARTESIAN_POINT('Ctrl Pts',(-118.021064396942,21.8115675543297,84.0683471674787));
#5484=CARTESIAN_POINT('Ctrl Pts',(-123.665654883496,21.1672887147368,87.8778857602329));
#5485=CARTESIAN_POINT('Ctrl Pts',(-127.911060932375,20.9679374884487,94.4850947134618));
#5486=CARTESIAN_POINT('Ctrl Pts',(-128.946459814693,20.9520922840769,98.2650413831812));
#5487=CARTESIAN_POINT('Ctrl Pts',(-129.420272138004,20.9517177082365,100.764963714672));
#5488=CARTESIAN_POINT('Ctrl Pts',(-130.087030954381,20.9778537667052,104.82868430648));
#5489=CARTESIAN_POINT('Ctrl Pts',(-130.42474381586,21.018823095652,108.987548864872));
#5490=CARTESIAN_POINT('Ctrl Pts',(-130.422988823993,21.018823095652,114.011452963612));
#5491=CARTESIAN_POINT('Ctrl Pts',(-130.000651760833,20.9680956484439,119.193210575152));
#5492=CARTESIAN_POINT('Ctrl Pts',(-129.061568642077,20.9388203239827,124.6183308795));
#5493=CARTESIAN_POINT('Ctrl Pts',(-128.483165663648,20.9706913666371,127.441315296369));
#5494=CARTESIAN_POINT('Ctrl Pts',(-128.066014495994,20.9964555685111,129.459043917962));
#5495=CARTESIAN_POINT('Ctrl Pts',(-126.939621956279,21.0616096256208,132.121111282847));
#5496=CARTESIAN_POINT('Ctrl Pts',(-124.345205447314,21.2563672332604,135.395908865453));
#5497=CARTESIAN_POINT('Ctrl Pts',(-120.734303673923,21.57813958933,138.475924170241));
#5498=CARTESIAN_POINT('Ctrl Pts',(-117.256101393672,21.9951390298101,139.861519951374));
#5499=CARTESIAN_POINT('Ctrl Pts',(-115.000000111759,22.3683065624738,140.203673775005));
#5500=CARTESIAN_POINT('Ctrl Pts',(-115.000000111759,21.5697642918081,79.2659706283915));
#5501=CARTESIAN_POINT('Ctrl Pts',(-118.35747305598,21.0294241948926,80.7061378718568));
#5502=CARTESIAN_POINT('Ctrl Pts',(-124.694345477284,20.2715186019037,85.0471997603813));
#5503=CARTESIAN_POINT('Ctrl Pts',(-129.518458502768,19.8096561770827,92.5006130315206));
#5504=CARTESIAN_POINT('Ctrl Pts',(-130.721977676174,19.6610967488143,96.7408669149257));
#5505=CARTESIAN_POINT('Ctrl Pts',(-131.280680511944,19.5773053353957,99.5415134578106));
#5506=CARTESIAN_POINT('Ctrl Pts',(-132.074508915428,19.4812908295711,104.085167641291));
#5507=CARTESIAN_POINT('Ctrl Pts',(-132.479945320907,19.4580833010767,108.715016013253));
#5508=CARTESIAN_POINT('Ctrl Pts',(-132.478486222421,19.4580833010767,114.283868716308));
#5509=CARTESIAN_POINT('Ctrl Pts',(-131.973335105698,19.4868184233448,120.05241800405));
#5510=CARTESIAN_POINT('Ctrl Pts',(-130.846766853895,19.6335301507964,126.122443513934));
#5511=CARTESIAN_POINT('Ctrl Pts',(-130.171986572609,19.7627929560284,129.291698850057));
#5512=CARTESIAN_POINT('Ctrl Pts',(-129.686358934306,19.8584026561238,131.55758800337));
#5513=CARTESIAN_POINT('Ctrl Pts',(-128.401481266695,20.017668335318,134.553966029279));
#5514=CARTESIAN_POINT('Ctrl Pts',(-125.470191165542,20.3278858239453,138.254078769017));
#5515=CARTESIAN_POINT('Ctrl Pts',(-121.406111106688,20.7550326694613,141.748320053344));
#5516=CARTESIAN_POINT('Ctrl Pts',(-117.512322604949,21.2075885185721,143.336032347557));
#5517=CARTESIAN_POINT('Ctrl Pts',(-115.000000111759,21.5697642918081,143.73402937161));
#5518=CARTESIAN_POINT('Ctrl Pts',(-115.000000111759,20.6684837198558,77.0276263166197));
#5519=CARTESIAN_POINT('Ctrl Pts',(-118.572745015684,20.1468330614298,78.5754408046276));
#5520=CARTESIAN_POINT('Ctrl Pts',(-125.221329258387,19.2812371583824,83.2535252208868));
#5521=CARTESIAN_POINT('Ctrl Pts',(-130.149878214695,18.5643338922305,91.242015227827));
#5522=CARTESIAN_POINT('Ctrl Pts',(-131.329071173874,18.2864254828771,95.7734609986918));
#5523=CARTESIAN_POINT('Ctrl Pts',(-131.859439213078,18.1212860083449,98.764405832041));
#5524=CARTESIAN_POINT('Ctrl Pts',(-132.614342610835,17.9060210678267,103.611959192533));
#5525=CARTESIAN_POINT('Ctrl Pts',(-133.00072618864,17.8200284444685,108.541107299017));
#5526=CARTESIAN_POINT('Ctrl Pts',(-132.999452719381,17.8200284444685,114.457703142783));
#5527=CARTESIAN_POINT('Ctrl Pts',(-132.518542856685,17.9265028821474,120.599162064777));
#5528=CARTESIAN_POINT('Ctrl Pts',(-131.445488952913,18.2449827397162,127.077359802067));
#5529=CARTESIAN_POINT('Ctrl Pts',(-130.806449430326,18.4690696799468,130.465759637095));
#5530=CARTESIAN_POINT('Ctrl Pts',(-130.346939131788,18.6326693935421,132.888702220023));
#5531=CARTESIAN_POINT('Ctrl Pts',(-129.055780846818,18.883399120344,136.096682847437));
#5532=CARTESIAN_POINT('Ctrl Pts',(-126.028969405995,19.3052721270829,140.066072708078));
#5533=CARTESIAN_POINT('Ctrl Pts',(-121.788656584851,19.8336237365038,143.822687268883));
#5534=CARTESIAN_POINT('Ctrl Pts',(-117.676285460889,20.3188349863027,145.538605338211));
#5535=CARTESIAN_POINT('Ctrl Pts',(-115.000000111759,20.6684837198558,145.972373683382));
#5536=CARTESIAN_POINT('Ctrl Pts',(-115.000000111759,19.2037541090671,74.0928131118046));
#5537=CARTESIAN_POINT('Ctrl Pts',(-118.856913753744,18.7128706118026,75.7827590435659));
#5538=CARTESIAN_POINT('Ctrl Pts',(-125.803310169014,17.7429020072956,80.9026092859438));
#5539=CARTESIAN_POINT('Ctrl Pts',(-130.639564055104,16.7537090105284,89.591052910812));
#5540=CARTESIAN_POINT('Ctrl Pts',(-131.672456578942,16.3360898221265,94.5036242121307));
#5541=CARTESIAN_POINT('Ctrl Pts',(-132.093873105157,16.0829041956286,97.7437124620948));
#5542=CARTESIAN_POINT('Ctrl Pts',(-132.693310992436,15.7380648367456,102.989374363684));
#5543=CARTESIAN_POINT('Ctrl Pts',(-133.000539798961,15.5833365917623,108.311802447483));
#5544=CARTESIAN_POINT('Ctrl Pts',(-132.999509700995,15.5833365917623,114.686910333522));
#5545=CARTESIAN_POINT('Ctrl Pts',(-132.61745723243,15.7749181743943,121.31838709159));
#5546=CARTESIAN_POINT('Ctrl Pts',(-131.765220256985,16.2798783755988,128.331056876051));
#5547=CARTESIAN_POINT('Ctrl Pts',(-131.257683296495,16.6060021939896,132.006355179844));
#5548=CARTESIAN_POINT('Ctrl Pts',(-130.893189152682,16.8427084222032,134.634906585925));
#5549=CARTESIAN_POINT('Ctrl Pts',(-129.67609143281,17.1912080443026,138.119915211801));
#5550=CARTESIAN_POINT('Ctrl Pts',(-126.627106964745,17.7302537481639,142.441890642238));
#5551=CARTESIAN_POINT('Ctrl Pts',(-122.252636858672,18.3620619189121,146.542151290075));
#5552=CARTESIAN_POINT('Ctrl Pts',(-117.892726394071,18.8747277954446,148.426174435524));
#5553=CARTESIAN_POINT('Ctrl Pts',(-115.000000111759,19.2037541090671,148.907186888197));
#5554=CARTESIAN_POINT('Ctrl Pts',(-115.000000111759,16.8295950608234,70.6368694401245));
#5555=CARTESIAN_POINT('Ctrl Pts',(-119.19617747622,16.3892388691451,72.4969137451712));
#5556=CARTESIAN_POINT('Ctrl Pts',(-126.49866054177,15.3815568991757,78.1362758065391));
#5557=CARTESIAN_POINT('Ctrl Pts',(-131.224403086128,14.2157824846886,87.645027196258));
#5558=CARTESIAN_POINT('Ctrl Pts',(-132.082759363297,13.7029975539964,93.0046515701233));
#5559=CARTESIAN_POINT('Ctrl Pts',(-132.373958389652,13.3893308990441,96.5372042800901));
#5560=CARTESIAN_POINT('Ctrl Pts',(-132.787766263272,12.9540751380849,102.25078529295));
#5561=CARTESIAN_POINT('Ctrl Pts',(-133.000396485243,12.7499528645638,108.038510149229));
#5562=CARTESIAN_POINT('Ctrl Pts',(-132.999672777561,12.7499528645638,114.960089922637));
#5563=CARTESIAN_POINT('Ctrl Pts',(-132.735691220955,13.0026931978871,122.171356177435));
#5564=CARTESIAN_POINT('Ctrl Pts',(-132.147218508861,13.6373383301167,129.811607282643));
#5565=CARTESIAN_POINT('Ctrl Pts',(-131.796768784294,14.0318944459186,133.823649564216));
#5566=CARTESIAN_POINT('Ctrl Pts',(-131.545692614133,14.3174758398091,136.693518766227));
#5567=CARTESIAN_POINT('Ctrl Pts',(-130.417102837818,14.7297189699419,140.503681764286));
#5568=CARTESIAN_POINT('Ctrl Pts',(-127.341593985958,15.3390000824313,145.239601768972));
#5569=CARTESIAN_POINT('Ctrl Pts',(-122.806882636731,16.0249145689797,149.743624924999));
#5570=CARTESIAN_POINT('Ctrl Pts',(-118.151163475145,16.5344358728773,151.82540410478));
#5571=CARTESIAN_POINT('Ctrl Pts',(-115.000000111759,16.8295950608234,152.363130559877));
#5572=CARTESIAN_POINT('Ctrl Pts',(-115.000000111759,10.3746372353757,65.2745327400701));
#5573=CARTESIAN_POINT('Ctrl Pts',(-119.744340051143,10.0814592728241,67.4083354976639));
#5574=CARTESIAN_POINT('Ctrl Pts',(-127.620813873955,9.31546181907897,73.8527750719478));
#5575=CARTESIAN_POINT('Ctrl Pts',(-132.168932075393,8.34682495328727,84.6142770686523));
#5576=CARTESIAN_POINT('Ctrl Pts',(-132.744981701917,7.90990369053826,90.6600912615488));
#5577=CARTESIAN_POINT('Ctrl Pts',(-132.826178397846,7.64123498308431,94.642309195627));
#5578=CARTESIAN_POINT('Ctrl Pts',(-132.940143505789,7.26439421372715,101.078320803721));
#5579=CARTESIAN_POINT('Ctrl Pts',(-133.000179138181,7.08333041291092,107.598810008424));
#5580=CARTESIAN_POINT('Ctrl Pts',(-132.99986888695,7.08333041291091,115.399599097531));
#5581=CARTESIAN_POINT('Ctrl Pts',(-132.926493652151,7.30752018202181,123.524064469086));
#5582=CARTESIAN_POINT('Ctrl Pts',(-132.763798866261,7.85565643947911,132.130332771884));
#5583=CARTESIAN_POINT('Ctrl Pts',(-132.666908321629,8.18886801116478,136.659759558652));
#5584=CARTESIAN_POINT('Ctrl Pts',(-132.599124516922,8.42964081182713,139.900402775216));
#5585=CARTESIAN_POINT('Ctrl Pts',(-131.613291138323,8.77297846501811,144.210034400247));
#5586=CARTESIAN_POINT('Ctrl Pts',(-128.495043136644,9.26554877981847,149.582290440269));
#5587=CARTESIAN_POINT('Ctrl Pts',(-123.70159798499,9.80458940994068,154.707762944686));
#5588=CARTESIAN_POINT('Ctrl Pts',(-118.568646281272,10.1781277483157,157.096919409782));
#5589=CARTESIAN_POINT('Ctrl Pts',(-115.000000111759,10.3746372353758,157.725467259931));
#5590=CARTESIAN_POINT('Ctrl Pts',(-115.000000111759,4.15528004685935,63.4928594371513));
#5591=CARTESIAN_POINT('Ctrl Pts',(-119.95274056019,4.02426202085195,65.7311177565247));
#5592=CARTESIAN_POINT('Ctrl Pts',(-128.047915886339,3.70656574910586,72.4394123665195));
#5593=CARTESIAN_POINT('Ctrl Pts',(-132.528185567214,3.32352119523799,83.5921609852799));
#5594=CARTESIAN_POINT('Ctrl Pts',(-132.997014834273,3.15299256037255,89.8562296508303));
#5595=CARTESIAN_POINT('Ctrl Pts',(-132.998234041994,3.04841687482177,93.9826828144386));
#5596=CARTESIAN_POINT('Ctrl Pts',(-132.998172441228,2.90254669602339,100.654288018904));
#5597=CARTESIAN_POINT('Ctrl Pts',(-133.000097176835,2.83332244456008,107.432424025526));
#5598=CARTESIAN_POINT('Ctrl Pts',(-132.999954241,2.83332244456008,115.56591620889));
#5599=CARTESIAN_POINT('Ctrl Pts',(-132.999091656523,2.91903460172497,124.011646122612));
#5600=CARTESIAN_POINT('Ctrl Pts',(-132.998410073524,3.13147661531079,132.929027842025));
#5601=CARTESIAN_POINT('Ctrl Pts',(-132.998009143174,3.26212893644296,137.623806725511));
#5602=CARTESIAN_POINT('Ctrl Pts',(-132.999897941546,3.35661908495922,140.98290080385));
#5603=CARTESIAN_POINT('Ctrl Pts',(-132.068428841536,3.49222362388594,145.451899168297));
#5604=CARTESIAN_POINT('Ctrl Pts',(-128.933896388076,3.68984626938419,151.027636015734));
#5605=CARTESIAN_POINT('Ctrl Pts',(-124.042030091596,3.9094138582784,156.353077502906));
#5606=CARTESIAN_POINT('Ctrl Pts',(-118.727394713567,4.06746210562591,158.84377846616));
#5607=CARTESIAN_POINT('Ctrl Pts',(-115.000000111759,4.15528004685949,159.50714056285));
#5608=CARTESIAN_POINT('Ctrl Pts',(-115.000000111759,-4.15528004685964,63.4928594371513));
#5609=CARTESIAN_POINT('Ctrl Pts',(-119.95274056019,-4.02426202085224,65.7311177565247));
#5610=CARTESIAN_POINT('Ctrl Pts',(-128.047915886339,-3.70656574910632,72.4394123665195));
#5611=CARTESIAN_POINT('Ctrl Pts',(-132.528185567214,-3.32352119523881,83.5921609852799));
#5612=CARTESIAN_POINT('Ctrl Pts',(-132.997014834273,-3.15299256037354,89.8562296508303));
#5613=CARTESIAN_POINT('Ctrl Pts',(-132.998234041994,-3.04841687482287,93.9826828144385));
#5614=CARTESIAN_POINT('Ctrl Pts',(-132.998172441227,-2.90254669602465,100.654288018904));
#5615=CARTESIAN_POINT('Ctrl Pts',(-133.000097176835,-2.83332244456142,107.432424025526));
#5616=CARTESIAN_POINT('Ctrl Pts',(-132.999954240999,-2.83332244456143,115.56591620889));
#5617=CARTESIAN_POINT('Ctrl Pts',(-132.999091656523,-2.9190346017262,124.011646122612));
#5618=CARTESIAN_POINT('Ctrl Pts',(-132.998410073523,-3.13147661531169,132.929027842025));
#5619=CARTESIAN_POINT('Ctrl Pts',(-132.998009143174,-3.2621289364437,137.62380672551));
#5620=CARTESIAN_POINT('Ctrl Pts',(-132.999897941546,-3.35661908495983,140.98290080385));
#5621=CARTESIAN_POINT('Ctrl Pts',(-132.068428841536,-3.49222362388639,145.451899168297));
#5622=CARTESIAN_POINT('Ctrl Pts',(-128.933896388076,-3.68984626938443,151.027636015733));
#5623=CARTESIAN_POINT('Ctrl Pts',(-124.042030091596,-3.90941385827846,156.353077502906));
#5624=CARTESIAN_POINT('Ctrl Pts',(-118.727394713567,-4.06746210562586,158.84377846616));
#5625=CARTESIAN_POINT('Ctrl Pts',(-115.000000111759,-4.15528004685945,159.50714056285));
#5626=CARTESIAN_POINT('Ctrl Pts',(-115.000000111759,-10.3746372353759,65.2745327400701));
#5627=CARTESIAN_POINT('Ctrl Pts',(-119.744340051143,-10.0814592728243,67.4083354976639));
#5628=CARTESIAN_POINT('Ctrl Pts',(-127.620813873955,-9.31546181907941,73.8527750719478));
#5629=CARTESIAN_POINT('Ctrl Pts',(-132.168932075392,-8.34682495328817,84.6142770686521));
#5630=CARTESIAN_POINT('Ctrl Pts',(-132.744981701915,-7.90990369053935,90.6600912615487));
#5631=CARTESIAN_POINT('Ctrl Pts',(-132.826178397845,-7.64123498308554,94.6423091956269));
#5632=CARTESIAN_POINT('Ctrl Pts',(-132.940143505787,-7.26439421372858,101.078320803721));
#5633=CARTESIAN_POINT('Ctrl Pts',(-133.000179138179,-7.08333041291244,107.598810008423));
#5634=CARTESIAN_POINT('Ctrl Pts',(-132.999868886948,-7.08333041291244,115.399599097531));
#5635=CARTESIAN_POINT('Ctrl Pts',(-132.926493652149,-7.3075201820232,123.524064469086));
#5636=CARTESIAN_POINT('Ctrl Pts',(-132.76379886626,-7.85565643948015,132.130332771884));
#5637=CARTESIAN_POINT('Ctrl Pts',(-132.666908321628,-8.18886801116563,136.659759558651));
#5638=CARTESIAN_POINT('Ctrl Pts',(-132.599124516921,-8.42964081182784,139.900402775216));
#5639=CARTESIAN_POINT('Ctrl Pts',(-131.613291138322,-8.77297846501864,144.210034400246));
#5640=CARTESIAN_POINT('Ctrl Pts',(-128.495043136643,-9.26554877981878,149.582290440268));
#5641=CARTESIAN_POINT('Ctrl Pts',(-123.70159798499,-9.80458940994075,154.707762944686));
#5642=CARTESIAN_POINT('Ctrl Pts',(-118.568646281272,-10.1781277483157,157.096919409781));
#5643=CARTESIAN_POINT('Ctrl Pts',(-115.000000111759,-10.3746372353758,157.725467259931));
#5644=CARTESIAN_POINT('Ctrl Pts',(-115.000000111759,-16.8295950608235,70.6368694401246));
#5645=CARTESIAN_POINT('Ctrl Pts',(-119.19617747622,-16.3892388691453,72.4969137451713));
#5646=CARTESIAN_POINT('Ctrl Pts',(-126.49866054177,-15.3815568991761,78.1362758065391));
#5647=CARTESIAN_POINT('Ctrl Pts',(-131.224403086127,-14.2157824846895,87.645027196258));
#5648=CARTESIAN_POINT('Ctrl Pts',(-132.082759363295,-13.7029975539975,93.0046515701232));
#5649=CARTESIAN_POINT('Ctrl Pts',(-132.37395838965,-13.3893308990454,96.5372042800899));
#5650=CARTESIAN_POINT('Ctrl Pts',(-132.78776626327,-12.9540751380864,102.25078529295));
#5651=CARTESIAN_POINT('Ctrl Pts',(-133.000396485241,-12.7499528645654,108.038510149229));
#5652=CARTESIAN_POINT('Ctrl Pts',(-132.999672777559,-12.7499528645654,114.960089922637));
#5653=CARTESIAN_POINT('Ctrl Pts',(-132.735691220953,-13.0026931978886,122.171356177434));
#5654=CARTESIAN_POINT('Ctrl Pts',(-132.147218508859,-13.6373383301177,129.811607282643));
#5655=CARTESIAN_POINT('Ctrl Pts',(-131.796768784293,-14.0318944459195,133.823649564216));
#5656=CARTESIAN_POINT('Ctrl Pts',(-131.545692614132,-14.3174758398099,136.693518766227));
#5657=CARTESIAN_POINT('Ctrl Pts',(-130.417102837817,-14.7297189699425,140.503681764286));
#5658=CARTESIAN_POINT('Ctrl Pts',(-127.341593985957,-15.3390000824317,145.239601768971));
#5659=CARTESIAN_POINT('Ctrl Pts',(-122.806882636731,-16.0249145689798,149.743624924999));
#5660=CARTESIAN_POINT('Ctrl Pts',(-118.151163475145,-16.5344358728773,151.82540410478));
#5661=CARTESIAN_POINT('Ctrl Pts',(-115.000000111759,-16.8295950608234,152.363130559877));
#5662=CARTESIAN_POINT('Ctrl Pts',(-115.000000111759,-19.2037541090672,74.0928131118047));
#5663=CARTESIAN_POINT('Ctrl Pts',(-118.856913753743,-18.7128706118027,75.7827590435659));
#5664=CARTESIAN_POINT('Ctrl Pts',(-125.803310169013,-17.742902007296,80.9026092859437));
#5665=CARTESIAN_POINT('Ctrl Pts',(-130.639564055102,-16.7537090105295,89.5910529108118));
#5666=CARTESIAN_POINT('Ctrl Pts',(-131.67245657894,-16.3360898221279,94.5036242121305));
#5667=CARTESIAN_POINT('Ctrl Pts',(-132.093873105154,-16.0829041956301,97.7437124620945));
#5668=CARTESIAN_POINT('Ctrl Pts',(-132.693310992433,-15.7380648367474,102.989374363683));
#5669=CARTESIAN_POINT('Ctrl Pts',(-133.000539798957,-15.5833365917643,108.311802447482));
#5670=CARTESIAN_POINT('Ctrl Pts',(-132.999509700991,-15.5833365917643,114.686910333521));
#5671=CARTESIAN_POINT('Ctrl Pts',(-132.617457232426,-15.7749181743961,121.318387091589));
#5672=CARTESIAN_POINT('Ctrl Pts',(-131.765220256982,-16.2798783756002,128.331056876051));
#5673=CARTESIAN_POINT('Ctrl Pts',(-131.257683296493,-16.6060021939908,132.006355179843));
#5674=CARTESIAN_POINT('Ctrl Pts',(-130.89318915268,-16.8427084222042,134.634906585925));
#5675=CARTESIAN_POINT('Ctrl Pts',(-129.676091432808,-17.1912080443034,138.119915211801));
#5676=CARTESIAN_POINT('Ctrl Pts',(-126.627106964745,-17.7302537481644,142.441890642238));
#5677=CARTESIAN_POINT('Ctrl Pts',(-122.252636858672,-18.3620619189123,146.542151290075));
#5678=CARTESIAN_POINT('Ctrl Pts',(-117.892726394071,-18.8747277954446,148.426174435524));
#5679=CARTESIAN_POINT('Ctrl Pts',(-115.000000111758,-19.2037541090671,148.907186888197));
#5680=CARTESIAN_POINT('Ctrl Pts',(-115.000000111759,-20.6684837198556,77.0276263166191));
#5681=CARTESIAN_POINT('Ctrl Pts',(-118.572745015684,-20.1468330614296,78.575440804627));
#5682=CARTESIAN_POINT('Ctrl Pts',(-125.221329258387,-19.2812371583826,83.2535252208863));
#5683=CARTESIAN_POINT('Ctrl Pts',(-130.149878214693,-18.5643338922312,91.2420152278265));
#5684=CARTESIAN_POINT('Ctrl Pts',(-131.329071173872,-18.2864254828782,95.7734609986913));
#5685=CARTESIAN_POINT('Ctrl Pts',(-131.859439213075,-18.1212860083462,98.7644058320405));
#5686=CARTESIAN_POINT('Ctrl Pts',(-132.614342610831,-17.9060210678282,103.611959192533));
#5687=CARTESIAN_POINT('Ctrl Pts',(-133.000726188636,-17.8200284444702,108.541107299017));
#5688=CARTESIAN_POINT('Ctrl Pts',(-132.999452719377,-17.8200284444702,114.457703142783));
#5689=CARTESIAN_POINT('Ctrl Pts',(-132.518542856681,-17.9265028821489,120.599162064776));
#5690=CARTESIAN_POINT('Ctrl Pts',(-131.445488952911,-18.2449827397173,127.077359802066));
#5691=CARTESIAN_POINT('Ctrl Pts',(-130.806449430324,-18.4690696799477,130.465759637094));
#5692=CARTESIAN_POINT('Ctrl Pts',(-130.346939131786,-18.6326693935428,132.888702220023));
#5693=CARTESIAN_POINT('Ctrl Pts',(-129.055780846816,-18.8833991203445,136.096682847437));
#5694=CARTESIAN_POINT('Ctrl Pts',(-126.028969405994,-19.305272127083,140.066072708078));
#5695=CARTESIAN_POINT('Ctrl Pts',(-121.788656584851,-19.8336237365037,143.822687268883));
#5696=CARTESIAN_POINT('Ctrl Pts',(-117.676285460889,-20.3188349863024,145.538605338212));
#5697=CARTESIAN_POINT('Ctrl Pts',(-115.000000111758,-20.6684837198555,145.972373683382));
#5698=CARTESIAN_POINT('Ctrl Pts',(-115.000000111759,-21.5697642918074,79.2659706283896));
#5699=CARTESIAN_POINT('Ctrl Pts',(-118.35747305598,-21.0294241948919,80.7061378718549));
#5700=CARTESIAN_POINT('Ctrl Pts',(-124.694345477284,-20.2715186019033,85.0471997603797));
#5701=CARTESIAN_POINT('Ctrl Pts',(-129.518458502767,-19.8096561770828,92.5006130315194));
#5702=CARTESIAN_POINT('Ctrl Pts',(-130.721977676172,-19.6610967488147,96.7408669149246));
#5703=CARTESIAN_POINT('Ctrl Pts',(-131.280680511941,-19.5773053353963,99.5415134578096));
#5704=CARTESIAN_POINT('Ctrl Pts',(-132.074508915425,-19.4812908295718,104.08516764129));
#5705=CARTESIAN_POINT('Ctrl Pts',(-132.479945320902,-19.4580833010775,108.715016013253));
#5706=CARTESIAN_POINT('Ctrl Pts',(-132.478486222417,-19.4580833010775,114.283868716308));
#5707=CARTESIAN_POINT('Ctrl Pts',(-131.973335105694,-19.4868184233455,120.05241800405));
#5708=CARTESIAN_POINT('Ctrl Pts',(-130.846766853893,-19.6335301507968,126.122443513934));
#5709=CARTESIAN_POINT('Ctrl Pts',(-130.171986572607,-19.7627929560286,129.291698850057));
#5710=CARTESIAN_POINT('Ctrl Pts',(-129.686358934305,-19.8584026561239,131.55758800337));
#5711=CARTESIAN_POINT('Ctrl Pts',(-128.401481266694,-20.0176683353179,134.55396602928));
#5712=CARTESIAN_POINT('Ctrl Pts',(-125.470191165541,-20.327885823945,138.254078769018));
#5713=CARTESIAN_POINT('Ctrl Pts',(-121.406111106688,-20.7550326694607,141.748320053345));
#5714=CARTESIAN_POINT('Ctrl Pts',(-117.512322604949,-21.2075885185714,143.336032347559));
#5715=CARTESIAN_POINT('Ctrl Pts',(-115.000000111758,-21.5697642918074,143.734029371612));
#5716=CARTESIAN_POINT('Ctrl Pts',(-115.000000111759,-22.3683065624731,82.7963262249929));
#5717=CARTESIAN_POINT('Ctrl Pts',(-118.021064396942,-21.811567554329,84.0683471674748));
#5718=CARTESIAN_POINT('Ctrl Pts',(-123.665654883496,-21.1672887147363,87.8778857602294));
#5719=CARTESIAN_POINT('Ctrl Pts',(-127.911060932374,-20.9679374884485,94.4850947134593));
#5720=CARTESIAN_POINT('Ctrl Pts',(-128.946459814691,-20.9520922840768,98.2650413831791));
#5721=CARTESIAN_POINT('Ctrl Pts',(-129.420272138002,-20.9517177082365,100.76496371467));
#5722=CARTESIAN_POINT('Ctrl Pts',(-130.087030954378,-20.9778537667054,104.828684306479));
#5723=CARTESIAN_POINT('Ctrl Pts',(-130.424743815857,-21.0188230956521,108.987548864871));
#5724=CARTESIAN_POINT('Ctrl Pts',(-130.42298882399,-21.0188230956521,114.011452963612));
#5725=CARTESIAN_POINT('Ctrl Pts',(-130.00065176083,-20.968095648444,119.193210575153));
#5726=CARTESIAN_POINT('Ctrl Pts',(-129.061568642076,-20.9388203239826,124.618330879501));
#5727=CARTESIAN_POINT('Ctrl Pts',(-128.483165663647,-20.970691366637,127.441315296371));
#5728=CARTESIAN_POINT('Ctrl Pts',(-128.066014495993,-20.9964555685109,129.459043917964));
#5729=CARTESIAN_POINT('Ctrl Pts',(-126.939621956278,-21.0616096256204,132.121111282849));
#5730=CARTESIAN_POINT('Ctrl Pts',(-124.345205447314,-21.25636723326,135.395908865456));
#5731=CARTESIAN_POINT('Ctrl Pts',(-120.734303673924,-21.5781395893294,138.475924170245));
#5732=CARTESIAN_POINT('Ctrl Pts',(-117.256101393672,-21.9951390298094,139.861519951377));
#5733=CARTESIAN_POINT('Ctrl Pts',(-115.000000111759,-22.3683065624731,140.203673775008));
#5734=CARTESIAN_POINT('Ctrl Pts',(-115.000000111759,-22.5927912650559,86.4088650774485));
#5735=CARTESIAN_POINT('Ctrl Pts',(-117.678321936763,-22.0313031868199,87.5095812392741));
#5736=CARTESIAN_POINT('Ctrl Pts',(-122.537341531181,-21.3597675849649,90.7757118499642));
#5737=CARTESIAN_POINT('Ctrl Pts',(-126.030685622674,-21.1146729354148,96.5165346092418));
#5738=CARTESIAN_POINT('Ctrl Pts',(-126.814184227792,-21.0768369540311,99.8250894823071));
#5739=CARTESIAN_POINT('Ctrl Pts',(-127.151004263537,-21.0627682802504,102.017040460538));
#5740=CARTESIAN_POINT('Ctrl Pts',(-127.614824656633,-21.0692081411837,105.589285676868));
#5741=CARTESIAN_POINT('Ctrl Pts',(-127.845413875136,-21.1001932587435,109.266173347013));
#5742=CARTESIAN_POINT('Ctrl Pts',(-127.843345419258,-21.1001932587435,113.732948265486));
#5743=CARTESIAN_POINT('Ctrl Pts',(-127.55257185969,-21.0618280729897,118.314233762372));
#5744=CARTESIAN_POINT('Ctrl Pts',(-126.910514647776,-21.0610418119457,123.078946498496));
#5745=CARTESIAN_POINT('Ctrl Pts',(-126.489828774922,-21.1093212187488,125.547430459261));
#5746=CARTESIAN_POINT('Ctrl Pts',(-126.185182871986,-21.1468917030535,127.311107145953));
#5747=CARTESIAN_POINT('Ctrl Pts',(-125.278393124557,-21.228360629042,129.631005200582));
#5748=CARTESIAN_POINT('Ctrl Pts',(-123.100558711334,-21.4446684641257,132.470602988019));
#5749=CARTESIAN_POINT('Ctrl Pts',(-120.02089302643,-21.7880334010361,135.126875163402));
#5750=CARTESIAN_POINT('Ctrl Pts',(-116.995056703561,-22.2164405554589,136.305870158916));
#5751=CARTESIAN_POINT('Ctrl Pts',(-115.000000111759,-22.5927912650559,136.591134922553));
#5752=CARTESIAN_POINT('Ctrl Pts',(-115.000000111759,-22.356060514171,88.8102293826524));
#5753=CARTESIAN_POINT('Ctrl Pts',(-117.450412193784,-21.7991826797191,89.7969337418898));
#5754=CARTESIAN_POINT('Ctrl Pts',(-121.833118052026,-21.0140605908169,92.7025601988248));
#5755=CARTESIAN_POINT('Ctrl Pts',(-124.919934977732,-20.5299262582938,97.8683606085552));
#5756=CARTESIAN_POINT('Ctrl Pts',(-125.58228641944,-20.3727825977177,100.863788208466));
#5757=CARTESIAN_POINT('Ctrl Pts',(-125.857105440886,-20.2838975236204,102.851086138634));
#5758=CARTESIAN_POINT('Ctrl Pts',(-126.228261687989,-20.1812647095299,106.096554846386));
#5759=CARTESIAN_POINT('Ctrl Pts',(-126.409568869512,-20.1554379408839,109.452264014296));
#5760=CARTESIAN_POINT('Ctrl Pts',(-126.407276038058,-20.1554379408839,113.546936694574));
#5761=CARTESIAN_POINT('Ctrl Pts',(-126.176812020982,-20.1874161567035,117.728083751528));
#5762=CARTESIAN_POINT('Ctrl Pts',(-125.67123624765,-20.3439270969636,122.053918777261));
#5763=CARTESIAN_POINT('Ctrl Pts',(-125.321156827344,-20.4801270439351,124.286964026186));
#5764=CARTESIAN_POINT('Ctrl Pts',(-125.066736837754,-20.5808033716197,125.881924514725));
#5765=CARTESIAN_POINT('Ctrl Pts',(-124.272506730551,-20.7478547473091,127.974664670887));
#5766=CARTESIAN_POINT('Ctrl Pts',(-122.329485773377,-21.0712408918813,130.525423269349));
#5767=CARTESIAN_POINT('Ctrl Pts',(-119.563088795912,-21.5149428291114,132.900472089145));
#5768=CARTESIAN_POINT('Ctrl Pts',(-116.821464678841,-21.9827999298799,133.94241118947));
#5769=CARTESIAN_POINT('Ctrl Pts',(-115.000000111759,-22.356060514171,134.189770617349));
#5770=CARTESIAN_POINT('Ctrl Pts',(-115.000000111759,-21.6792395067166,92.5629293915797));
#5771=CARTESIAN_POINT('Ctrl Pts',(-117.093360573664,-21.135842665912,93.3708532982496));
#5772=CARTESIAN_POINT('Ctrl Pts',(-120.830931800148,-20.1387415617591,95.7140028052207));
#5773=CARTESIAN_POINT('Ctrl Pts',(-123.486002584653,-19.1988262383213,99.9828660332557));
#5774=CARTESIAN_POINT('Ctrl Pts',(-124.060236502641,-18.8134966633039,102.489500210819));
#5775=CARTESIAN_POINT('Ctrl Pts',(-124.301704402579,-18.5814389605617,104.157208795003));
#5776=CARTESIAN_POINT('Ctrl Pts',(-124.620411397324,-18.2698556380156,106.892075585592));
#5777=CARTESIAN_POINT('Ctrl Pts',(-124.772642799161,-18.1349654511258,109.744612175389));
#5778=CARTESIAN_POINT('Ctrl Pts',(-124.769979147554,-18.1349654511258,113.254711313959));
#5779=CARTESIAN_POINT('Ctrl Pts',(-124.5744178032,-18.3019839259276,116.808979790863));
#5780=CARTESIAN_POINT('Ctrl Pts',(-124.148840398496,-18.7597586711959,120.44939855147));
#5781=CARTESIAN_POINT('Ctrl Pts',(-123.834234071153,-19.0639450323597,122.314934666804));
#5782=CARTESIAN_POINT('Ctrl Pts',(-123.604579698492,-19.2851711135182,123.646550245425));
#5783=CARTESIAN_POINT('Ctrl Pts',(-122.913305511744,-19.615456023173,125.384809131132));
#5784=CARTESIAN_POINT('Ctrl Pts',(-121.24560351334,-20.1421277889176,127.484901908215));
#5785=CARTESIAN_POINT('Ctrl Pts',(-118.882290789538,-20.7751517698866,129.42113102446));
#5786=CARTESIAN_POINT('Ctrl Pts',(-116.549496124429,-21.3150148783468,130.249220109677));
#5787=CARTESIAN_POINT('Ctrl Pts',(-115.000000111759,-21.6792395067166,130.437070608421));
#5788=CARTESIAN_POINT('Ctrl Pts',(-115.000000111759,-19.8490285190195,97.5375734486517));
#5789=CARTESIAN_POINT('Ctrl Pts',(-116.617304130443,-19.3424354671826,98.1063646927893));
#5790=CARTESIAN_POINT('Ctrl Pts',(-119.517990917316,-18.1907713262298,99.7068963085051));
#5791=CARTESIAN_POINT('Ctrl Pts',(-121.647123267344,-16.865006613145,102.791856199949));
#5792=CARTESIAN_POINT('Ctrl Pts',(-122.127991521065,-16.2827132306897,104.652286905652));
#5793=CARTESIAN_POINT('Ctrl Pts',(-122.340517081614,-15.9266410872383,105.897069640691));
#5794=CARTESIAN_POINT('Ctrl Pts',(-122.611532293359,-15.4328631341364,107.955306776647));
#5795=CARTESIAN_POINT('Ctrl Pts',(-122.736674363422,-15.2016417167315,110.136940210683));
#5796=CARTESIAN_POINT('Ctrl Pts',(-122.733442688103,-15.2016417167315,112.862541212039));
#5797=CARTESIAN_POINT('Ctrl Pts',(-122.570044526987,-15.4879356967971,115.580947031857));
#5798=CARTESIAN_POINT('Ctrl Pts',(-122.218850041279,-16.208018331828,118.314168533127));
#5799=CARTESIAN_POINT('Ctrl Pts',(-121.933395662724,-16.6562940649459,119.693841682407));
#5800=CARTESIAN_POINT('Ctrl Pts',(-121.723889503628,-16.980790437865,120.6773518524));
#5801=CARTESIAN_POINT('Ctrl Pts',(-121.152165633949,-17.4495452377115,121.947285965123));
#5802=CARTESIAN_POINT('Ctrl Pts',(-119.829489501529,-18.1435353785509,123.452198557669));
#5803=CARTESIAN_POINT('Ctrl Pts',(-117.982752038908,-18.9260489411659,124.808721552252));
#5804=CARTESIAN_POINT('Ctrl Pts',(-116.186820576886,-19.5094725036278,125.354497427197));
#5805=CARTESIAN_POINT('Ctrl Pts',(-115.000000111759,-19.8490285190195,125.46242655135));
#5806=CARTESIAN_POINT('Ctrl Pts',(-115.000000111759,-14.7242913709463,103.617677622431));
#5807=CARTESIAN_POINT('Ctrl Pts',(-116.013084734997,-14.328088463681,103.88383874606));
#5808=CARTESIAN_POINT('Ctrl Pts',(-117.888138352807,-13.313121953027,104.587066089118));
#5809=CARTESIAN_POINT('Ctrl Pts',(-119.420685098373,-12.0449990564282,106.258142888186));
#5810=CARTESIAN_POINT('Ctrl Pts',(-119.818860026073,-11.4748364867383,107.33894206058));
#5811=CARTESIAN_POINT('Ctrl Pts',(-120.016598924,-11.1244695653541,108.071708533262));
#5812=CARTESIAN_POINT('Ctrl Pts',(-120.259399229128,-10.6337019304969,109.305130731075));
#5813=CARTESIAN_POINT('Ctrl Pts',(-120.366692660257,-10.3986072761269,110.644555153523));
#5814=CARTESIAN_POINT('Ctrl Pts',(-120.362662398475,-10.3986072761269,112.355138804773));
#5815=CARTESIAN_POINT('Ctrl Pts',(-120.219328698681,-10.6896970248497,114.024192552128));
#5816=CARTESIAN_POINT('Ctrl Pts',(-119.916130810851,-11.4037643506486,115.657569433599));
#5817=CARTESIAN_POINT('Ctrl Pts',(-119.641655113452,-11.8390838930818,116.451396781294));
#5818=CARTESIAN_POINT('Ctrl Pts',(-119.438857724918,-12.1537063107183,117.015284048244));
#5819=CARTESIAN_POINT('Ctrl Pts',(-118.993466170766,-12.6030607909795,117.721990213606));
#5820=CARTESIAN_POINT('Ctrl Pts',(-118.076296194726,-13.25025427587,118.511816333591));
#5821=CARTESIAN_POINT('Ctrl Pts',(-116.854447337249,-13.9612149096597,119.171577956426));
#5822=CARTESIAN_POINT('Ctrl Pts',(-115.726575662495,-14.4587269697176,119.375164693064));
#5823=CARTESIAN_POINT('Ctrl Pts',(-115.000000111759,-14.7242913709462,119.38232237757));
#5824=CARTESIAN_POINT('Ctrl Pts',(-115.000000111759,-7.83108926324533,107.581834037804));
#5825=CARTESIAN_POINT('Ctrl Pts',(-115.592318417614,-7.60061025602175,107.636972052543));
#5826=CARTESIAN_POINT('Ctrl Pts',(-116.755600305394,-7.00738641690331,107.772443168925));
#5827=CARTESIAN_POINT('Ctrl Pts',(-117.878570713575,-6.26403165283769,108.5660722773));
#5828=CARTESIAN_POINT('Ctrl Pts',(-118.221845264487,-5.92954682641403,109.152111040713));
#5829=CARTESIAN_POINT('Ctrl Pts',(-118.411112444368,-5.72397121419192,109.557260862143));
#5830=CARTESIAN_POINT('Ctrl Pts',(-118.636773505976,-5.43592096014479,110.255075062701));
#5831=CARTESIAN_POINT('Ctrl Pts',(-118.732905493634,-5.29783313965178,111.014219808327));
#5832=CARTESIAN_POINT('Ctrl Pts',(-118.728095666655,-5.29783313965176,111.985626645084));
#5833=CARTESIAN_POINT('Ctrl Pts',(-118.596969631209,-5.46881086382297,112.931611884834));
#5834=CARTESIAN_POINT('Ctrl Pts',(-118.323494334437,-5.88789290984955,113.859316133406));
#5835=CARTESIAN_POINT('Ctrl Pts',(-118.054596480996,-6.14320156979303,114.281931830781));
#5836=CARTESIAN_POINT('Ctrl Pts',(-117.855044088362,-6.32771333189535,114.580153732343));
#5837=CARTESIAN_POINT('Ctrl Pts',(-117.495619239725,-6.59113786612238,114.932311460105));
#5838=CARTESIAN_POINT('Ctrl Pts',(-116.858422416217,-6.97018022076661,115.27335057702));
#5839=CARTESIAN_POINT('Ctrl Pts',(-116.069469128056,-7.38618331852478,115.49543651156));
#5840=CARTESIAN_POINT('Ctrl Pts',(-115.406048440514,-7.67660523895679,115.481393283429));
#5841=CARTESIAN_POINT('Ctrl Pts',(-115.000000111759,-7.8310892632451,115.418165962197));
#5842=CARTESIAN_POINT('Ctrl Pts',(-115.000000111759,-2.61064821793576,108.500000000001));
#5843=CARTESIAN_POINT('Ctrl Pts',(-115.483143777089,-2.52764051062011,108.499258249692));
#5844=CARTESIAN_POINT('Ctrl Pts',(-116.435486693375,-2.3264524478292,108.522148640153));
#5845=CARTESIAN_POINT('Ctrl Pts',(-117.402825014325,-2.08395596200387,109.146065775662));
#5846=CARTESIAN_POINT('Ctrl Pts',(-117.706522401216,-1.97600774255889,109.626503091922));
#5847=CARTESIAN_POINT('Ctrl Pts',(-117.878324942509,-1.90981033995997,109.959277774096));
#5848=CARTESIAN_POINT('Ctrl Pts',(-118.076791997302,-1.8174765837701,110.532323467344));
#5849=CARTESIAN_POINT('Ctrl Pts',(-118.158340881429,-1.77366231359843,111.130648335806));
#5850=CARTESIAN_POINT('Ctrl Pts',(-118.153004017571,-1.77366231359842,111.869236428708));
#5851=CARTESIAN_POINT('Ctrl Pts',(-118.039394449871,-1.82791231315248,112.614870437075));
#5852=CARTESIAN_POINT('Ctrl Pts',(-117.806152849383,-1.9623862358017,113.385410469627));
#5853=CARTESIAN_POINT('Ctrl Pts',(-117.556953040085,-2.04509446404096,113.729922936249));
#5854=CARTESIAN_POINT('Ctrl Pts',(-117.371578571215,-2.10491091918924,113.972509324385));
#5855=CARTESIAN_POINT('Ctrl Pts',(-117.052293884268,-2.19075825709907,114.252694965413));
#5856=CARTESIAN_POINT('Ctrl Pts',(-116.510713632244,-2.31588040413415,114.504639346723));
#5857=CARTESIAN_POINT('Ctrl Pts',(-115.855926241879,-2.45491035051375,114.640074823145));
#5858=CARTESIAN_POINT('Ctrl Pts',(-115.322793749464,-2.55501033217946,114.582341284929));
#5859=CARTESIAN_POINT('Ctrl Pts',(-115.000000111759,-2.61064821793548,114.500000000001));
#5860=CARTESIAN_POINT('Ctrl Pts',(-115.000000111759,1.09102119540841E-13,
108.500000000001));
#5861=CARTESIAN_POINT('Ctrl Pts',(-115.483143777089,9.92343947684153E-14,
108.499258249692));
#5862=CARTESIAN_POINT('Ctrl Pts',(-116.409836716481,-1.27648571057057E-13,
108.534431764286));
#5863=CARTESIAN_POINT('Ctrl Pts',(-117.3252102232,-4.75799154867717E-13,
109.175343040992));
#5864=CARTESIAN_POINT('Ctrl Pts',(-117.603087577828,-6.42469600936571E-13,
109.659051484069));
#5865=CARTESIAN_POINT('Ctrl Pts',(-117.758708047563,-7.45605972495595E-13,
109.992672701275));
#5866=CARTESIAN_POINT('Ctrl Pts',(-117.933609839569,-8.9211262268038E-13,
110.563590675155));
#5867=CARTESIAN_POINT('Ctrl Pts',(-118.002843542025,-9.5466229239128E-13,
111.146869190528));
#5868=CARTESIAN_POINT('Ctrl Pts',(-117.997297414676,-9.32723400617655E-13,
111.853022576104));
#5869=CARTESIAN_POINT('Ctrl Pts',(-117.898695782623,-8.03419358075268E-13,
112.580012191458));
#5870=CARTESIAN_POINT('Ctrl Pts',(-117.699441654084,-5.27417280660826E-13,
113.351787469634));
#5871=CARTESIAN_POINT('Ctrl Pts',(-117.469344599234,-3.71040709766491E-13,
113.699966076331));
#5872=CARTESIAN_POINT('Ctrl Pts',(-117.297687477455,-2.58651201615072E-13,
113.945335756226));
#5873=CARTESIAN_POINT('Ctrl Pts',(-116.99707026812,-1.04610561040924E-13,
114.230884732607));
#5874=CARTESIAN_POINT('Ctrl Pts',(-116.479060094466,9.91472102505543E-14,
114.491242649348));
#5875=CARTESIAN_POINT('Ctrl Pts',(-115.846615388421,3.04849728658009E-13,
114.635643473689));
#5876=CARTESIAN_POINT('Ctrl Pts',(-115.322793749464,4.04105950640005E-13,
114.582341284929));
#5877=CARTESIAN_POINT('Ctrl Pts',(-115.000000111759,4.14077870852754E-13,
114.500000000001));
#5878=CARTESIAN_POINT('Ctrl Pts',(-115.000000111759,1.0991207943789E-13,
108.500000000001));
#5879=CARTESIAN_POINT('Ctrl Pts',(-115.483143777089,9.99200722162641E-14,
108.499258249692));
#5880=CARTESIAN_POINT('Ctrl Pts',(-115.979241638298,-2.24820162486594E-14,
108.518088117299));
#5881=CARTESIAN_POINT('Ctrl Pts',(-116.437422155923,-1.65423230669148E-13,
108.686240177165));
#5882=CARTESIAN_POINT('Ctrl Pts',(-116.835106345344,-2.89768209427166E-13,
108.832190109681));
#5883=CARTESIAN_POINT('Ctrl Pts',(-117.204225068498,-4.29101199017623E-13,
109.090633630688));
#5884=CARTESIAN_POINT('Ctrl Pts',(-117.452963461102,-5.58442181386454E-13,
109.428803845182));
#5885=CARTESIAN_POINT('Ctrl Pts',(-117.534491844849,-6.00908212078366E-13,
109.539645081753));
#5886=CARTESIAN_POINT('Ctrl Pts',(-117.603087577828,-6.41986463989497E-13,
109.659051484069));
#5887=CARTESIAN_POINT('Ctrl Pts',(-117.661403640113,-6.80566714095221E-13,
109.784070228166));
#5888=CARTESIAN_POINT('Ctrl Pts',(-117.758708047563,-7.46069872548105E-13,
109.992672701275));
#5889=CARTESIAN_POINT('Ctrl Pts',(-117.82740153745,-8.03801469828613E-13,
110.21690338305));
#5890=CARTESIAN_POINT('Ctrl Pts',(-117.879795068839,-8.4821039081362E-13,
110.443040755049));
#5891=CARTESIAN_POINT('Ctrl Pts',(-117.960801697268,-9.1621155107191E-13,
110.792676016921));
#5892=CARTESIAN_POINT('Ctrl Pts',(-118.002843542025,-9.54791801177635E-13,
111.146869190528));
#5893=CARTESIAN_POINT('Ctrl Pts',(-118.000069879692,-9.43689570931383E-13,
111.500022106738));
#5894=CARTESIAN_POINT('Ctrl Pts',(-117.997297414676,-9.32587340685131E-13,
111.853022576104));
#5895=CARTESIAN_POINT('Ctrl Pts',(-117.948981620189,-8.69582184037654E-13,
112.209254822147));
#5896=CARTESIAN_POINT('Ctrl Pts',(-117.878547147885,-7.73825448163734E-13,
112.568304183751));
#5897=CARTESIAN_POINT('Ctrl Pts',(-117.805240758723,-6.74182931703626E-13,
112.941993534561));
#5898=CARTESIAN_POINT('Ctrl Pts',(-117.707975170908,-5.39568389967826E-13,
113.318734416385));
#5899=CARTESIAN_POINT('Ctrl Pts',(-117.505654175133,-3.96349619791181E-13,
113.643398627211));
#5900=CARTESIAN_POINT('Ctrl Pts',(-117.487903707984,-3.82749387739523E-13,
113.671882776306));
#5901=CARTESIAN_POINT('Ctrl Pts',(-117.469344599234,-3.7025937871249E-13,
113.699966076331));
#5902=CARTESIAN_POINT('Ctrl Pts',(-117.450008396889,-3.574918139293E-13,
113.727605580772));
#5903=CARTESIAN_POINT('Ctrl Pts',(-117.297687477455,-2.58959520493818E-13,
113.945335756226));
#5904=CARTESIAN_POINT('Ctrl Pts',(-117.097276004565,-1.55708779203678E-13,
114.13570174048));
#5905=CARTESIAN_POINT('Ctrl Pts',(-116.868727825379,-5.77315972805081E-14,
114.280451655863));
#5906=CARTESIAN_POINT('Ctrl Pts',(-116.754453735786,-8.88178419700117E-15,
114.352826613554));
#5907=CARTESIAN_POINT('Ctrl Pts',(-116.63314546962,3.88578058618804E-14,
114.413797554028));
#5908=CARTESIAN_POINT('Ctrl Pts',(-116.507361388845,8.43769498715119E-14,
114.461133701397));
#5909=CARTESIAN_POINT('Ctrl Pts',(-116.347590848163,1.40998324127395E-13,
114.521259925736));
#5910=CARTESIAN_POINT('Ctrl Pts',(-116.180599028249,1.94844140821715E-13,
114.559387775054));
#5911=CARTESIAN_POINT('Ctrl Pts',(-116.011068743978,2.42028619368284E-13,
114.578883875848));
#5912=CARTESIAN_POINT('Ctrl Pts',(-115.672008175435,3.37785355242204E-13,
114.617876077436));
#5913=CARTESIAN_POINT('Ctrl Pts',(-115.322793749464,4.04121180963557E-13,
114.582341284929));
#5914=CARTESIAN_POINT('Ctrl Pts',(-115.000000111759,4.14113188185183E-13,
114.500000000001));
#5915=CARTESIAN_POINT('Origin',(-77.5000001117586,33.0253275290346,202.413971318591));
#5916=CARTESIAN_POINT('',(-77.5000001117586,33.0253275290346,202.413971318591));
#5917=CARTESIAN_POINT('',(-77.5000001117586,42.8551520605021,209.296888554804));
#5918=CARTESIAN_POINT('',(-77.5000001117586,35.0732076397572,203.847912409469));
#5919=CARTESIAN_POINT('',(-79.5000001117586,33.0253275290346,202.413971318591));
#5920=CARTESIAN_POINT('',(-77.5000001117586,33.0253275290346,202.413971318591));
#5921=CARTESIAN_POINT('',(-79.5000001117586,42.8551520605021,209.296888554804));
#5922=CARTESIAN_POINT('',(-79.5000001117586,35.0732076397572,203.847912409469));
#5923=CARTESIAN_POINT('',(-77.5000001117586,42.8551520605021,209.296888554804));
#5924=CARTESIAN_POINT('Origin',(-77.5000001117586,37.3271508016678,196.270330986424));
#5925=CARTESIAN_POINT('',(-77.5000001117586,37.3271508016678,196.270330986424));
#5926=CARTESIAN_POINT('',(-77.5000001117586,38.187515456194,195.041602919991));
#5927=CARTESIAN_POINT('',(-79.5000001117586,37.3271508016678,196.270330986424));
#5928=CARTESIAN_POINT('',(-77.5000001117586,37.3271508016678,196.270330986424));
#5929=CARTESIAN_POINT('',(-79.5000001117586,38.187515456194,195.041602919991));
#5930=CARTESIAN_POINT('Origin',(-77.5000001117586,47.1569753331353,203.153248222637));
#5931=CARTESIAN_POINT('',(-77.5000001117586,47.1569753331353,203.153248222637));
#5932=CARTESIAN_POINT('',(-77.5000001117586,44.2899431781242,201.145730695409));
#5933=CARTESIAN_POINT('',(-79.5000001117586,47.1569753331353,203.153248222637));
#5934=CARTESIAN_POINT('',(-77.5000001117586,47.1569753331353,203.153248222637));
#5935=CARTESIAN_POINT('',(-79.5000001117586,44.2899431781242,201.145730695409));
#5936=CARTESIAN_POINT('Origin',(-77.5000001117586,42.8551520605021,209.296888554804));
#5937=CARTESIAN_POINT('',(-77.5000001117586,45.8664283513449,204.996340322288));
#5938=CARTESIAN_POINT('',(-79.5000001117586,45.8664283513449,204.996340322288));
#5939=CARTESIAN_POINT('Origin',(-77.5000001117586,45.0704326924075,185.211778388523));
#5940=CARTESIAN_POINT('',(-77.5000001117586,45.0704326924075,185.211778388523));
#5941=CARTESIAN_POINT('',(-77.5000001117586,40.7686094197742,191.35541872069));
#5942=CARTESIAN_POINT('',(-77.5000001117586,42.0591564015638,189.512326621041));
#5943=CARTESIAN_POINT('',(-79.5000001117586,45.0704326924075,185.211778388523));
#5944=CARTESIAN_POINT('',(-77.5000001117586,45.0704326924075,185.211778388523));
#5945=CARTESIAN_POINT('',(-79.5000001117586,40.7686094197742,191.35541872069));
#5946=CARTESIAN_POINT('',(-79.5000001117586,42.0591564015638,189.512326621041));
#5947=CARTESIAN_POINT('',(-77.5000001117586,40.7686094197742,191.35541872069));
#5948=CARTESIAN_POINT('Origin',(-77.5000001117586,54.900257223875,192.094695624736));
#5949=CARTESIAN_POINT('',(-77.5000001117586,54.900257223875,192.094695624736));
#5950=CARTESIAN_POINT('',(-77.5000001117586,52.0332250688639,190.087178097508));
#5951=CARTESIAN_POINT('',(-79.5000001117586,54.900257223875,192.094695624736));
#5952=CARTESIAN_POINT('',(-77.5000001117586,54.900257223875,192.094695624736));
#5953=CARTESIAN_POINT('',(-79.5000001117586,52.0332250688639,190.087178097508));
#5954=CARTESIAN_POINT('Origin',(-77.5000001117586,50.5984339512418,198.238335956903));
#5955=CARTESIAN_POINT('',(-77.5000001117586,50.5984339512418,198.238335956903));
#5956=CARTESIAN_POINT('',(-77.5000001117586,49.7380692967148,199.467064023338));
#5957=CARTESIAN_POINT('',(-79.5000001117586,50.5984339512418,198.238335956903));
#5958=CARTESIAN_POINT('',(-77.5000001117586,50.5984339512418,198.238335956903));
#5959=CARTESIAN_POINT('',(-79.5000001117586,49.7380692967148,199.467064023338));
#5960=CARTESIAN_POINT('Origin',(-77.5000001117586,40.7686094197742,191.35541872069));
#5961=CARTESIAN_POINT('',(-77.5000001117586,42.8164895304968,192.789359811568));
#5962=CARTESIAN_POINT('',(-79.5000001117586,42.8164895304968,192.789359811568));
#5963=CARTESIAN_POINT('Origin',(-102.000000111759,35.4449711586409,181.523894135735));
#5964=CARTESIAN_POINT('',(-79.5000001117586,36.4449711586409,181.523894135735));
#5965=CARTESIAN_POINT('Origin',(-79.5000001117586,35.4449711586409,181.523894135735));
#5966=CARTESIAN_POINT('',(-77.5000001117586,36.4449711586409,181.523894135735));
#5967=CARTESIAN_POINT('',(-102.000000111759,36.4449711586409,181.523894135735));
#5968=CARTESIAN_POINT('Origin',(-77.5000001117586,35.4449711586409,181.523894135735));
#5969=CARTESIAN_POINT('Origin',(-102.000000111759,60.0195324873095,198.731187226268));
#5970=CARTESIAN_POINT('',(-79.5000001117586,61.0195324873095,198.731187226268));
#5971=CARTESIAN_POINT('Origin',(-79.5000001117586,60.0195324873095,198.731187226268));
#5972=CARTESIAN_POINT('',(-77.5000001117586,61.0195324873095,198.731187226268));
#5973=CARTESIAN_POINT('',(-102.000000111759,61.0195324873095,198.731187226268));
#5974=CARTESIAN_POINT('Origin',(-77.5000001117586,60.0195324873095,198.731187226268));
#5975=CARTESIAN_POINT('Origin',(-102.000000111759,26.2677481770227,194.630326844358));
#5976=CARTESIAN_POINT('',(-79.5000001117586,27.2677481770227,194.630326844358));
#5977=CARTESIAN_POINT('Origin',(-79.5000001117586,26.2677481770227,194.630326844358));
#5978=CARTESIAN_POINT('',(-77.5000001117586,27.2677481770227,194.630326844358));
#5979=CARTESIAN_POINT('',(-102.000000111759,27.2677481770227,194.630326844358));
#5980=CARTESIAN_POINT('Origin',(-77.5000001117586,26.2677481770227,194.630326844358));
#5981=CARTESIAN_POINT('Origin',(-102.000000111759,50.8423095056927,211.837619934892));
#5982=CARTESIAN_POINT('',(-79.5000001117586,51.8423095056927,211.837619934892));
#5983=CARTESIAN_POINT('Origin',(-79.5000001117586,50.8423095056927,211.837619934892));
#5984=CARTESIAN_POINT('',(-77.5000001117586,51.8423095056927,211.837619934892));
#5985=CARTESIAN_POINT('',(-102.000000111759,51.8423095056927,211.837619934892));
#5986=CARTESIAN_POINT('Origin',(-77.5000001117586,50.8423095056927,211.837619934892));
#5987=CARTESIAN_POINT('Origin',(-79.5000001117586,63.5013536889088,198.117248206422));
#5988=CARTESIAN_POINT('',(-77.5000001117586,65.1396577774868,199.264401079124));
#5989=CARTESIAN_POINT('',(-77.5000001117586,64.6485065616109,196.478944117844));
#5990=CARTESIAN_POINT('Origin',(-77.5000001117586,63.5013536889088,198.117248206422));
#5991=CARTESIAN_POINT('',(-79.5000001117586,64.6485065616109,196.478944117844));
#5992=CARTESIAN_POINT('',(-79.5000001117586,64.6485065616109,196.478944117844));
#5993=CARTESIAN_POINT('',(-79.5000001117586,65.1396577774868,199.264401079124));
#5994=CARTESIAN_POINT('Origin',(-79.5000001117586,63.5013536889088,198.117248206422));
#5995=CARTESIAN_POINT('',(-79.5000001117586,65.1396577774868,199.264401079124));
#5996=CARTESIAN_POINT('Origin',(-79.5000001117586,56.8665621408677,191.029967972511));
#5997=CARTESIAN_POINT('',(-77.5000001117586,60.8530476969602,193.821335209851));
#5998=CARTESIAN_POINT('',(-77.5000001117586,46.3640878030606,183.676056271325));
#5999=CARTESIAN_POINT('',(-79.5000001117586,60.8530476969602,193.821335209851));
#6000=CARTESIAN_POINT('',(-79.5000001117586,60.8530476969602,193.821335209851));
#6001=CARTESIAN_POINT('',(-79.5000001117586,46.3640878030606,183.676056271325));
#6002=CARTESIAN_POINT('Origin',(-77.5000001117586,43.1436403321654,196.680757035314));
#6003=CARTESIAN_POINT('',(-77.5000001117586,53.0945526141148,216.466594009193));
#6004=CARTESIAN_POINT('',(-77.5000001117586,66.2868106501889,197.626096990546));
#6005=CARTESIAN_POINT('',(-77.5000001117586,50.3090956528348,216.957745225069));
#6006=CARTESIAN_POINT('Origin',(-77.5000001117586,51.4562485255369,215.319441136491));
#6007=CARTESIAN_POINT('',(-77.5000001117586,46.5136367881806,214.300136317073));
#6008=CARTESIAN_POINT('',(-77.5000001117586,51.9473997414128,218.104898097771));
#6009=CARTESIAN_POINT('',(-77.5000001117586,40.1203704554982,214.850241932047));
#6010=CARTESIAN_POINT('Origin',(-77.5000001117586,43.6457546064253,218.395896538518));
#6011=CARTESIAN_POINT('',(-77.5000001117586,34.4762970463548,210.898219184756));
#6012=CARTESIAN_POINT('Origin',(-77.5000001117586,37.6526015498492,212.368283707517));
#6013=CARTESIAN_POINT('',(-77.5000001117586,32.8066013659752,204.702366787938));
#6014=CARTESIAN_POINT('Origin',(-77.5000001117586,29.93871918422,208.798127009383));
#6015=CARTESIAN_POINT('',(-77.5000001117586,21.6387741027201,196.882569952782));
#6016=CARTESIAN_POINT('',(-77.5000001117586,51.9473997414128,218.104898097771));
#6017=CARTESIAN_POINT('',(-77.5000001117586,21.1476228868444,194.097112991502));
#6018=CARTESIAN_POINT('Origin',(-77.5000001117586,22.7859269754222,195.244265864204));
#6019=CARTESIAN_POINT('',(-77.5000001117586,24.0155050686024,190.001352770054));
#6020=CARTESIAN_POINT('',(-77.5000001117586,20.000470014142,195.73541708008));
#6021=CARTESIAN_POINT('',(-77.5000001117586,23.5243538527269,187.215895808774));
#6022=CARTESIAN_POINT('Origin',(-77.5000001117586,22.3772009800246,188.854199897352));
#6023=CARTESIAN_POINT('',(-77.5000001117586,22.2956257862934,186.355531154247));
#6024=CARTESIAN_POINT('',(-77.5000001117586,25.1626579413047,188.363048681476));
#6025=CARTESIAN_POINT('',(-77.5000001117586,26.3106608407514,180.621466844225));
#6026=CARTESIAN_POINT('Origin',(-77.5000001117586,24.3031433135224,183.488498999236));
#6027=CARTESIAN_POINT('',(-77.5000001117586,27.5393889071848,181.481831498752));
#6028=CARTESIAN_POINT('',(-77.5000001117586,26.3106608407514,180.621466844225));
#6029=CARTESIAN_POINT('',(-77.5000001117586,30.3248458684649,180.990680282876));
#6030=CARTESIAN_POINT('Origin',(-77.5000001117586,28.6865417798871,179.843527410174));
#6031=CARTESIAN_POINT('',(-77.5000001117586,33.1927280502181,176.894920061435));
#6032=CARTESIAN_POINT('',(-77.5000001117586,20.000470014142,195.73541708008));
#6033=CARTESIAN_POINT('',(-77.5000001117586,35.9781850114981,176.403768845559));
#6034=CARTESIAN_POINT('Origin',(-77.5000001117586,34.831032138796,178.042072934137));
#6035=CARTESIAN_POINT('',(-77.5000001117586,47.1460122747537,184.223565680715));
#6036=CARTESIAN_POINT('',(-77.5000001117586,34.3398809229203,175.256615972857));
#6037=CARTESIAN_POINT('',(-77.5000001117586,53.5392786074375,183.67346006574));
#6038=CARTESIAN_POINT('Origin',(-77.5000001117586,50.0138944565089,180.12780545927));
#6039=CARTESIAN_POINT('',(-77.5000001117586,59.1833520165813,187.625482813031));
#6040=CARTESIAN_POINT('Origin',(-77.5000001117586,56.0070475130875,186.155418290269));
#6041=CARTESIAN_POINT('Origin',(-77.5000001117586,63.7209298787154,189.725574988406));
#6042=CARTESIAN_POINT('',(-77.5000001117586,54.5070475130875,186.155418290269));
#6043=CARTESIAN_POINT('Origin',(-77.5000001117586,56.0070475130875,186.155418290269));
#6044=CARTESIAN_POINT('',(-77.5000001117586,36.1526015498492,212.368283707517));
#6045=CARTESIAN_POINT('Origin',(-77.5000001117586,37.6526015498492,212.368283707517));
#6046=CARTESIAN_POINT('',(-77.5000001117586,22.8031433135224,183.488498999236));
#6047=CARTESIAN_POINT('Origin',(-77.5000001117586,24.3031433135224,183.488498999236));
#6048=CARTESIAN_POINT('Origin',(-79.5000001117586,51.4562485255369,215.319441136491));
#6049=CARTESIAN_POINT('',(-79.5000001117586,53.0945526141148,216.466594009193));
#6050=CARTESIAN_POINT('',(-79.5000001117586,53.0945526141149,216.466594009193));
#6051=CARTESIAN_POINT('',(-79.5000001117586,50.3090956528348,216.957745225069));
#6052=CARTESIAN_POINT('Origin',(-79.5000001117586,51.4562485255369,215.319441136491));
#6053=CARTESIAN_POINT('',(-79.5000001117586,50.3090956528348,216.957745225069));
#6054=CARTESIAN_POINT('Origin',(-79.5000001117586,51.9473997414128,218.104898097771));
#6055=CARTESIAN_POINT('',(-79.5000001117586,46.5136367881806,214.300136317073));
#6056=CARTESIAN_POINT('',(-79.5000001117586,51.9473997414128,218.104898097771));
#6057=CARTESIAN_POINT('',(-79.5000001117586,46.5136367881806,214.300136317073));
#6058=CARTESIAN_POINT('Origin',(-79.5000001117586,43.6457546064253,218.395896538518));
#6059=CARTESIAN_POINT('',(-79.5000001117586,40.1203704554982,214.850241932047));
#6060=CARTESIAN_POINT('Origin',(-79.5000001117586,43.6457546064253,218.395896538518));
#6061=CARTESIAN_POINT('',(-79.5000001117586,40.1203704554982,214.850241932047));
#6062=CARTESIAN_POINT('Origin',(-79.5000001117586,63.7209298787154,189.725574988406));
#6063=CARTESIAN_POINT('',(-79.5000001117586,59.1833520165813,187.625482813031));
#6064=CARTESIAN_POINT('',(-79.5000001117586,59.1833520165814,187.625482813031));
#6065=CARTESIAN_POINT('Origin',(-79.5000001117586,63.7209298787154,189.725574988406));
#6066=CARTESIAN_POINT('Origin',(-79.5000001117586,50.0138944565089,180.12780545927));
#6067=CARTESIAN_POINT('',(-79.5000001117586,53.5392786074375,183.67346006574));
#6068=CARTESIAN_POINT('',(-79.5000001117586,47.1460122747537,184.223565680715));
#6069=CARTESIAN_POINT('Origin',(-79.5000001117586,50.0138944565089,180.12780545927));
#6070=CARTESIAN_POINT('',(-79.5000001117586,53.5392786074375,183.67346006574));
#6071=CARTESIAN_POINT('',(-79.5000001117586,47.1460122747537,184.223565680715));
#6072=CARTESIAN_POINT('Origin',(-79.5000001117586,34.3398809229203,175.256615972857));
#6073=CARTESIAN_POINT('',(-79.5000001117586,35.9781850114981,176.403768845559));
#6074=CARTESIAN_POINT('',(-79.5000001117586,35.9781850114981,176.403768845559));
#6075=CARTESIAN_POINT('',(-79.5000001117586,34.3398809229203,175.256615972857));
#6076=CARTESIAN_POINT('Origin',(-79.5000001117586,29.93871918422,208.798127009383));
#6077=CARTESIAN_POINT('',(-79.5000001117586,34.4762970463548,210.898219184756));
#6078=CARTESIAN_POINT('',(-79.5000001117586,34.4762970463548,210.898219184756));
#6079=CARTESIAN_POINT('',(-79.5000001117586,32.8066013659752,204.702366787938));
#6080=CARTESIAN_POINT('Origin',(-79.5000001117586,29.93871918422,208.798127009383));
#6081=CARTESIAN_POINT('',(-79.5000001117586,32.8066013659752,204.702366787938));
#6082=CARTESIAN_POINT('Origin',(-79.5000001117586,36.7930869220664,207.493734025277));
#6083=CARTESIAN_POINT('',(-79.5000001117586,21.6387741027201,196.882569952782));
#6084=CARTESIAN_POINT('',(-79.5000001117586,51.9473997414128,218.104898097771));
#6085=CARTESIAN_POINT('',(-79.5000001117586,21.6387741027201,196.882569952782));
#6086=CARTESIAN_POINT('Origin',(-79.5000001117586,34.831032138796,178.042072934137));
#6087=CARTESIAN_POINT('',(-79.5000001117586,33.1927280502181,176.894920061435));
#6088=CARTESIAN_POINT('',(-79.5000001117586,33.1927280502181,176.894920061435));
#6089=CARTESIAN_POINT('Origin',(-79.5000001117586,34.831032138796,178.042072934137));
#6090=CARTESIAN_POINT('Origin',(-79.5000001117586,43.1436403321654,196.680757035314));
#6091=CARTESIAN_POINT('Origin',(-79.5000001117586,56.0070475130875,186.155418290269));
#6092=CARTESIAN_POINT('',(-79.5000001117586,30.3248458684649,180.990680282876));
#6093=CARTESIAN_POINT('',(-79.5000001117586,20.000470014142,195.73541708008));
#6094=CARTESIAN_POINT('',(-79.5000001117586,27.5393889071848,181.481831498752));
#6095=CARTESIAN_POINT('Origin',(-79.5000001117586,28.6865417798871,179.843527410174));
#6096=CARTESIAN_POINT('',(-79.5000001117586,26.3106608407514,180.621466844225));
#6097=CARTESIAN_POINT('',(-79.5000001117586,26.3106608407514,180.621466844225));
#6098=CARTESIAN_POINT('',(-79.5000001117586,22.2956257862934,186.355531154247));
#6099=CARTESIAN_POINT('Origin',(-79.5000001117586,24.3031433135224,183.488498999236));
#6100=CARTESIAN_POINT('',(-79.5000001117586,23.5243538527269,187.215895808774));
#6101=CARTESIAN_POINT('',(-79.5000001117586,25.1626579413047,188.363048681476));
#6102=CARTESIAN_POINT('',(-79.5000001117586,24.0155050686024,190.001352770054));
#6103=CARTESIAN_POINT('Origin',(-79.5000001117586,22.3772009800246,188.854199897352));
#6104=CARTESIAN_POINT('',(-79.5000001117586,21.1476228868444,194.097112991502));
#6105=CARTESIAN_POINT('',(-79.5000001117586,20.000470014142,195.73541708008));
#6106=CARTESIAN_POINT('Origin',(-79.5000001117586,22.7859269754222,195.244265864204));
#6107=CARTESIAN_POINT('Origin',(-79.5000001117586,37.6526015498492,212.368283707517));
#6108=CARTESIAN_POINT('',(-79.5000001117586,66.2868106501889,197.626096990546));
#6109=CARTESIAN_POINT('',(-79.5000001117586,54.5070475130875,186.155418290269));
#6110=CARTESIAN_POINT('Origin',(-79.5000001117586,56.0070475130875,186.155418290269));
#6111=CARTESIAN_POINT('',(-79.5000001117586,36.1526015498492,212.368283707517));
#6112=CARTESIAN_POINT('Origin',(-79.5000001117586,37.6526015498492,212.368283707517));
#6113=CARTESIAN_POINT('',(-79.5000001117586,22.8031433135224,183.488498999236));
#6114=CARTESIAN_POINT('Origin',(-79.5000001117586,24.3031433135224,183.488498999236));
#6115=CARTESIAN_POINT('Origin',(-79.5000001117586,22.7859269754222,195.244265864204));
#6116=CARTESIAN_POINT('',(-79.5000001117586,21.1476228868444,194.097112991502));
#6117=CARTESIAN_POINT('Origin',(-79.5000001117586,28.6865417798871,179.843527410174));
#6118=CARTESIAN_POINT('',(-79.5000001117586,30.3248458684649,180.990680282876));
#6119=CARTESIAN_POINT('',(-79.5000001117586,27.5393889071848,181.481831498752));
#6120=CARTESIAN_POINT('Origin',(-79.5000001117586,29.1776929957626,182.628984371454));
#6121=CARTESIAN_POINT('Origin',(-79.5000001117586,22.3772009800246,188.854199897352));
#6122=CARTESIAN_POINT('',(-79.5000001117586,23.5243538527269,187.215895808774));
#6123=CARTESIAN_POINT('',(-79.5000001117586,24.0155050686024,190.001352770054));
#6124=CARTESIAN_POINT('Origin',(-79.5000001117586,25.1626579413047,188.363048681476));
#6125=CARTESIAN_POINT('',(-79.5000001117586,22.2956257862934,186.355531154247));
#6126=CARTESIAN_POINT('Origin',(-79.5000001117586,24.3031433135224,183.488498999236));
#6127=CARTESIAN_POINT('',(-79.5000001117586,22.8031433135224,183.488498999236));
#6128=CARTESIAN_POINT('Origin',(-79.5000001117586,37.6526015498492,212.368283707517));
#6129=CARTESIAN_POINT('',(-79.5000001117586,36.1526015498492,212.368283707517));
#6130=CARTESIAN_POINT('Origin',(-79.5000001117586,56.0070475130875,186.155418290269));
#6131=CARTESIAN_POINT('',(-79.5000001117586,54.5070475130875,186.155418290269));
#6132=CARTESIAN_POINT('Origin',(-79.5000001117586,56.0070475130875,186.155418290269));
#6133=CARTESIAN_POINT('Origin',(-79.5000001117586,26.3106608407514,180.621466844225));
#6134=CARTESIAN_POINT('',(-79.5000001117586,26.3106608407514,180.621466844225));
#6135=CARTESIAN_POINT('Origin',(-79.5000001117586,24.3031433135224,183.488498999236));
#6136=CARTESIAN_POINT('Origin',(-79.5000001117586,20.000470014142,195.73541708008));
#6137=CARTESIAN_POINT('Origin',(-79.5000001117586,37.6526015498492,212.368283707517));
#6138=CARTESIAN_POINT('Origin',(-79.5000001117586,66.2868106501889,197.626096990546));
#6139=UNCERTAINTY_MEASURE_WITH_UNIT(LENGTH_MEASURE(0.01),#6143,
'DISTANCE_ACCURACY_VALUE',
'Maximum model space distance between geometric entities at asserted c
onnectivities');
#6140=UNCERTAINTY_MEASURE_WITH_UNIT(LENGTH_MEASURE(0.01),#6143,
'DISTANCE_ACCURACY_VALUE',
'Maximum model space distance between geometric entities at asserted c
onnectivities');
#6141=(
GEOMETRIC_REPRESENTATION_CONTEXT(3)
GLOBAL_UNCERTAINTY_ASSIGNED_CONTEXT((#6139))
GLOBAL_UNIT_ASSIGNED_CONTEXT((#6143,#6145,#6146))
REPRESENTATION_CONTEXT('','3D')
);
#6142=(
GEOMETRIC_REPRESENTATION_CONTEXT(3)
GLOBAL_UNCERTAINTY_ASSIGNED_CONTEXT((#6140))
GLOBAL_UNIT_ASSIGNED_CONTEXT((#6143,#6145,#6146))
REPRESENTATION_CONTEXT('','3D')
);
#6143=(
LENGTH_UNIT()
NAMED_UNIT(*)
SI_UNIT(.MILLI.,.METRE.)
);
#6144=(
LENGTH_UNIT()
NAMED_UNIT(*)
SI_UNIT($,.METRE.)
);
#6145=(
NAMED_UNIT(*)
PLANE_ANGLE_UNIT()
SI_UNIT($,.RADIAN.)
);
#6146=(
NAMED_UNIT(*)
SI_UNIT($,.STERADIAN.)
SOLID_ANGLE_UNIT()
);
#6147=SHAPE_DEFINITION_REPRESENTATION(#6148,#6149);
#6148=PRODUCT_DEFINITION_SHAPE('',$,#6151);
#6149=SHAPE_REPRESENTATION('',(#2178),#6141);
#6150=PRODUCT_DEFINITION_CONTEXT('part definition',#6155,'design');
#6151=PRODUCT_DEFINITION('L3','L3',#6152,#6150);
#6152=PRODUCT_DEFINITION_FORMATION('',$,#6157);
#6153=PRODUCT_RELATED_PRODUCT_CATEGORY('L3','L3',(#6157));
#6154=APPLICATION_PROTOCOL_DEFINITION('international standard',
'automotive_design',2009,#6155);
#6155=APPLICATION_CONTEXT(
'Core Data for Automotive Mechanical Design Process');
#6156=PRODUCT_CONTEXT('part definition',#6155,'mechanical');
#6157=PRODUCT('L3','L3',$,(#6156));
#6158=PRESENTATION_STYLE_ASSIGNMENT((#6159));
#6159=SURFACE_STYLE_USAGE(.BOTH.,#6160);
#6160=SURFACE_SIDE_STYLE('',(#6161));
#6161=SURFACE_STYLE_FILL_AREA(#6162);
#6162=FILL_AREA_STYLE('Steel - Satin',(#6163));
#6163=FILL_AREA_STYLE_COLOUR('Steel - Satin',#6164);
#6164=COLOUR_RGB('Steel - Satin',0.627450980392157,0.627450980392157,0.627450980392157);
ENDSEC;
END-ISO-10303-21;
