ISO-10303-21;
HEADER;
/* Generated by software containing ST-Developer
 * from STEP Tools, Inc. (www.steptools.com) 
 */

FILE_DESCRIPTION(
/* description */ (''),
/* implementation_level */ '2;1');

FILE_NAME(
/* name */ 'L4.step',
/* time_stamp */ '2025-11-07T15:05:51+08:00',
/* author */ (''),
/* organization */ (''),
/* preprocessor_version */ 'ST-DEVELOPER v20.1',
/* originating_system */ 'Autodesk Translation Framework v14.17.0.0',
/* authorisation */ '');

FILE_SCHEMA (('AUTOMOTIVE_DESIGN { 1 0 10303 214 3 1 1 }'));
ENDSEC;

DATA;
#10=MECHANICAL_DESIGN_GEOMETRIC_PRESENTATION_REPRESENTATION('',(#13,#14),
#6377);
#11=SHAPE_REPRESENTATION_RELATIONSHIP('SRR','None',#6384,#12);
#12=ADVANCED_BREP_SHAPE_REPRESENTATION('',(#15,#16),#6376);
#13=STYLED_ITEM('',(#6393),#15);
#14=STYLED_ITEM('',(#6393),#16);
#15=MANIFOLD_SOLID_BREP('Body1',#2082);
#16=MANIFOLD_SOLID_BREP('Body2',#2083);
#17=SPHERICAL_SURFACE('',#2175,2.00000000000001);
#18=B_SPLINE_SURFACE_WITH_KNOTS('',3,3,((#3053,#3054,#3055,#3056,#3057),
(#3058,#3059,#3060,#3061,#3062),(#3063,#3064,#3065,#3066,#3067),(#3068,
#3069,#3070,#3071,#3072),(#3073,#3074,#3075,#3076,#3077)),.UNSPECIFIED.,
 .F.,.F.,.F.,(4,1,4),(4,1,4),(0.,0.571428571428571,1.),(0.,0.0550231878046509,
0.128387438210852),.UNSPECIFIED.);
#19=B_SPLINE_SURFACE_WITH_KNOTS('',3,3,((#3094,#3095,#3096,#3097,#3098,
#3099,#3100,#3101,#3102,#3103),(#3104,#3105,#3106,#3107,#3108,#3109,#3110,
#3111,#3112,#3113),(#3114,#3115,#3116,#3117,#3118,#3119,#3120,#3121,#3122,
#3123),(#3124,#3125,#3126,#3127,#3128,#3129,#3130,#3131,#3132,#3133),(#3134,
#3135,#3136,#3137,#3138,#3139,#3140,#3141,#3142,#3143)),.UNSPECIFIED.,.F.,
 .F.,.F.,(4,1,4),(4,1,1,1,1,2,4),(0.,0.571428571428571,1.),(3.28118313041427,
3.36058383393517,3.40028418569562,3.43998453745607,3.45983471333629,3.47968488921652,
3.48488896662853),.UNSPECIFIED.);
#20=B_SPLINE_SURFACE_WITH_KNOTS('',3,3,((#3191,#3192,#3193,#3194,#3195,
#3196,#3197,#3198,#3199,#3200,#3201,#3202,#3203,#3204,#3205,#3206,#3207,
#3208,#3209,#3210,#3211,#3212,#3213,#3214,#3215,#3216,#3217,#3218,#3219,
#3220,#3221,#3222,#3223,#3224,#3225,#3226,#3227,#3228,#3229,#3230,#3231,
#3232,#3233),(#3234,#3235,#3236,#3237,#3238,#3239,#3240,#3241,#3242,#3243,
#3244,#3245,#3246,#3247,#3248,#3249,#3250,#3251,#3252,#3253,#3254,#3255,
#3256,#3257,#3258,#3259,#3260,#3261,#3262,#3263,#3264,#3265,#3266,#3267,
#3268,#3269,#3270,#3271,#3272,#3273,#3274,#3275,#3276),(#3277,#3278,#3279,
#3280,#3281,#3282,#3283,#3284,#3285,#3286,#3287,#3288,#3289,#3290,#3291,
#3292,#3293,#3294,#3295,#3296,#3297,#3298,#3299,#3300,#3301,#3302,#3303,
#3304,#3305,#3306,#3307,#3308,#3309,#3310,#3311,#3312,#3313,#3314,#3315,
#3316,#3317,#3318,#3319),(#3320,#3321,#3322,#3323,#3324,#3325,#3326,#3327,
#3328,#3329,#3330,#3331,#3332,#3333,#3334,#3335,#3336,#3337,#3338,#3339,
#3340,#3341,#3342,#3343,#3344,#3345,#3346,#3347,#3348,#3349,#3350,#3351,
#3352,#3353,#3354,#3355,#3356,#3357,#3358,#3359,#3360,#3361,#3362),(#3363,
#3364,#3365,#3366,#3367,#3368,#3369,#3370,#3371,#3372,#3373,#3374,#3375,
#3376,#3377,#3378,#3379,#3380,#3381,#3382,#3383,#3384,#3385,#3386,#3387,
#3388,#3389,#3390,#3391,#3392,#3393,#3394,#3395,#3396,#3397,#3398,#3399,
#3400,#3401,#3402,#3403,#3404,#3405),(#3406,#3407,#3408,#3409,#3410,#3411,
#3412,#3413,#3414,#3415,#3416,#3417,#3418,#3419,#3420,#3421,#3422,#3423,
#3424,#3425,#3426,#3427,#3428,#3429,#3430,#3431,#3432,#3433,#3434,#3435,
#3436,#3437,#3438,#3439,#3440,#3441,#3442,#3443,#3444,#3445,#3446,#3447,
#3448)),.UNSPECIFIED.,.F.,.F.,.F.,(4,1,1,4),(4,2,1,1,1,1,1,1,1,1,1,1,1,
2,1,1,1,1,1,1,1,1,1,1,1,1,1,1,1,1,1,1,1,1,1,1,1,1,4),(0.,0.285714285714286,
0.571428571428571,1.),(-0.00521132869481844,0.,0.00505403628770084,0.0101080725754017,
0.0202161451508034,0.0404322903016067,0.0808645806032135,0.12129687090482,
0.161729161206427,0.18194530635723,0.184472324501081,0.186999342644931,
0.192053378932632,0.202161451508034,0.213333709591439,0.216126774112291,
0.218919838633142,0.224505967674845,0.23567822575825,0.237074758018676,
0.238471290279102,0.239867822539527,0.241264354799953,0.242660887060379,
0.244057419320804,0.24545395158123,0.245803084646336,0.246152217711443,
0.246501350776549,0.246675917309102,0.246850483841656,0.25522967740421,
0.258022741925061,0.260815806445913,0.263608870966764,0.269195000008467,
0.280367258091872,0.291539516175278,0.313884032342089),.UNSPECIFIED.);
#21=B_SPLINE_SURFACE_WITH_KNOTS('',3,3,((#3563,#3564,#3565,#3566),(#3567,
#3568,#3569,#3570),(#3571,#3572,#3573,#3574),(#3575,#3576,#3577,#3578),
(#3579,#3580,#3581,#3582)),.UNSPECIFIED.,.F.,.F.,.F.,(4,1,4),(4,4),(0.,
0.571428571428571,1.),(0.,0.0298153060255358),.UNSPECIFIED.);
#22=B_SPLINE_SURFACE_WITH_KNOTS('',3,3,((#3589,#3590,#3591,#3592,#3593,
#3594,#3595,#3596,#3597,#3598,#3599,#3600,#3601,#3602,#3603,#3604,#3605,
#3606,#3607,#3608,#3609,#3610),(#3611,#3612,#3613,#3614,#3615,#3616,#3617,
#3618,#3619,#3620,#3621,#3622,#3623,#3624,#3625,#3626,#3627,#3628,#3629,
#3630,#3631,#3632),(#3633,#3634,#3635,#3636,#3637,#3638,#3639,#3640,#3641,
#3642,#3643,#3644,#3645,#3646,#3647,#3648,#3649,#3650,#3651,#3652,#3653,
#3654),(#3655,#3656,#3657,#3658,#3659,#3660,#3661,#3662,#3663,#3664,#3665,
#3666,#3667,#3668,#3669,#3670,#3671,#3672,#3673,#3674,#3675,#3676),(#3677,
#3678,#3679,#3680,#3681,#3682,#3683,#3684,#3685,#3686,#3687,#3688,#3689,
#3690,#3691,#3692,#3693,#3694,#3695,#3696,#3697,#3698),(#3699,#3700,#3701,
#3702,#3703,#3704,#3705,#3706,#3707,#3708,#3709,#3710,#3711,#3712,#3713,
#3714,#3715,#3716,#3717,#3718,#3719,#3720),(#3721,#3722,#3723,#3724,#3725,
#3726,#3727,#3728,#3729,#3730,#3731,#3732,#3733,#3734,#3735,#3736,#3737,
#3738,#3739,#3740,#3741,#3742),(#3743,#3744,#3745,#3746,#3747,#3748,#3749,
#3750,#3751,#3752,#3753,#3754,#3755,#3756,#3757,#3758,#3759,#3760,#3761,
#3762,#3763,#3764),(#3765,#3766,#3767,#3768,#3769,#3770,#3771,#3772,#3773,
#3774,#3775,#3776,#3777,#3778,#3779,#3780,#3781,#3782,#3783,#3784,#3785,
#3786),(#3787,#3788,#3789,#3790,#3791,#3792,#3793,#3794,#3795,#3796,#3797,
#3798,#3799,#3800,#3801,#3802,#3803,#3804,#3805,#3806,#3807,#3808),(#3809,
#3810,#3811,#3812,#3813,#3814,#3815,#3816,#3817,#3818,#3819,#3820,#3821,
#3822,#3823,#3824,#3825,#3826,#3827,#3828,#3829,#3830),(#3831,#3832,#3833,
#3834,#3835,#3836,#3837,#3838,#3839,#3840,#3841,#3842,#3843,#3844,#3845,
#3846,#3847,#3848,#3849,#3850,#3851,#3852),(#3853,#3854,#3855,#3856,#3857,
#3858,#3859,#3860,#3861,#3862,#3863,#3864,#3865,#3866,#3867,#3868,#3869,
#3870,#3871,#3872,#3873,#3874)),.UNSPECIFIED.,.F.,.F.,.F.,(4,1,1,1,1,2,
1,1,1,4),(4,1,1,1,1,1,1,2,1,1,1,1,1,1,1,1,1,1,4),(0.,0.1,0.2,0.3,0.4,0.5,
0.7,0.8,0.9,1.),(0.,0.0698059909791395,0.085464544232153,0.14307252604319,
0.163421915060124,0.207317404197561,0.221565924220345,0.323778199119081,
0.410088167007652,0.496398134896224,0.501567775266947,0.587812536516469,
0.674057297765991,0.675164654270003,0.757082776493476,0.83900089871695,
0.841965942879421,0.920982971439711,1.),.UNSPECIFIED.);
#23=B_SPLINE_SURFACE_WITH_KNOTS('',3,3,((#3992,#3993,#3994,#3995,#3996,
#3997,#3998,#3999,#4000,#4001,#4002,#4003,#4004,#4005,#4006,#4007,#4008,
#4009,#4010,#4011,#4012,#4013,#4014,#4015,#4016,#4017,#4018,#4019),(#4020,
#4021,#4022,#4023,#4024,#4025,#4026,#4027,#4028,#4029,#4030,#4031,#4032,
#4033,#4034,#4035,#4036,#4037,#4038,#4039,#4040,#4041,#4042,#4043,#4044,
#4045,#4046,#4047),(#4048,#4049,#4050,#4051,#4052,#4053,#4054,#4055,#4056,
#4057,#4058,#4059,#4060,#4061,#4062,#4063,#4064,#4065,#4066,#4067,#4068,
#4069,#4070,#4071,#4072,#4073,#4074,#4075),(#4076,#4077,#4078,#4079,#4080,
#4081,#4082,#4083,#4084,#4085,#4086,#4087,#4088,#4089,#4090,#4091,#4092,
#4093,#4094,#4095,#4096,#4097,#4098,#4099,#4100,#4101,#4102,#4103),(#4104,
#4105,#4106,#4107,#4108,#4109,#4110,#4111,#4112,#4113,#4114,#4115,#4116,
#4117,#4118,#4119,#4120,#4121,#4122,#4123,#4124,#4125,#4126,#4127,#4128,
#4129,#4130,#4131),(#4132,#4133,#4134,#4135,#4136,#4137,#4138,#4139,#4140,
#4141,#4142,#4143,#4144,#4145,#4146,#4147,#4148,#4149,#4150,#4151,#4152,
#4153,#4154,#4155,#4156,#4157,#4158,#4159),(#4160,#4161,#4162,#4163,#4164,
#4165,#4166,#4167,#4168,#4169,#4170,#4171,#4172,#4173,#4174,#4175,#4176,
#4177,#4178,#4179,#4180,#4181,#4182,#4183,#4184,#4185,#4186,#4187),(#4188,
#4189,#4190,#4191,#4192,#4193,#4194,#4195,#4196,#4197,#4198,#4199,#4200,
#4201,#4202,#4203,#4204,#4205,#4206,#4207,#4208,#4209,#4210,#4211,#4212,
#4213,#4214,#4215),(#4216,#4217,#4218,#4219,#4220,#4221,#4222,#4223,#4224,
#4225,#4226,#4227,#4228,#4229,#4230,#4231,#4232,#4233,#4234,#4235,#4236,
#4237,#4238,#4239,#4240,#4241,#4242,#4243),(#4244,#4245,#4246,#4247,#4248,
#4249,#4250,#4251,#4252,#4253,#4254,#4255,#4256,#4257,#4258,#4259,#4260,
#4261,#4262,#4263,#4264,#4265,#4266,#4267,#4268,#4269,#4270,#4271),(#4272,
#4273,#4274,#4275,#4276,#4277,#4278,#4279,#4280,#4281,#4282,#4283,#4284,
#4285,#4286,#4287,#4288,#4289,#4290,#4291,#4292,#4293,#4294,#4295,#4296,
#4297,#4298,#4299),(#4300,#4301,#4302,#4303,#4304,#4305,#4306,#4307,#4308,
#4309,#4310,#4311,#4312,#4313,#4314,#4315,#4316,#4317,#4318,#4319,#4320,
#4321,#4322,#4323,#4324,#4325,#4326,#4327),(#4328,#4329,#4330,#4331,#4332,
#4333,#4334,#4335,#4336,#4337,#4338,#4339,#4340,#4341,#4342,#4343,#4344,
#4345,#4346,#4347,#4348,#4349,#4350,#4351,#4352,#4353,#4354,#4355),(#4356,
#4357,#4358,#4359,#4360,#4361,#4362,#4363,#4364,#4365,#4366,#4367,#4368,
#4369,#4370,#4371,#4372,#4373,#4374,#4375,#4376,#4377,#4378,#4379,#4380,
#4381,#4382,#4383),(#4384,#4385,#4386,#4387,#4388,#4389,#4390,#4391,#4392,
#4393,#4394,#4395,#4396,#4397,#4398,#4399,#4400,#4401,#4402,#4403,#4404,
#4405,#4406,#4407,#4408,#4409,#4410,#4411),(#4412,#4413,#4414,#4415,#4416,
#4417,#4418,#4419,#4420,#4421,#4422,#4423,#4424,#4425,#4426,#4427,#4428,
#4429,#4430,#4431,#4432,#4433,#4434,#4435,#4436,#4437,#4438,#4439),(#4440,
#4441,#4442,#4443,#4444,#4445,#4446,#4447,#4448,#4449,#4450,#4451,#4452,
#4453,#4454,#4455,#4456,#4457,#4458,#4459,#4460,#4461,#4462,#4463,#4464,
#4465,#4466,#4467),(#4468,#4469,#4470,#4471,#4472,#4473,#4474,#4475,#4476,
#4477,#4478,#4479,#4480,#4481,#4482,#4483,#4484,#4485,#4486,#4487,#4488,
#4489,#4490,#4491,#4492,#4493,#4494,#4495),(#4496,#4497,#4498,#4499,#4500,
#4501,#4502,#4503,#4504,#4505,#4506,#4507,#4508,#4509,#4510,#4511,#4512,
#4513,#4514,#4515,#4516,#4517,#4518,#4519,#4520,#4521,#4522,#4523),(#4524,
#4525,#4526,#4527,#4528,#4529,#4530,#4531,#4532,#4533,#4534,#4535,#4536,
#4537,#4538,#4539,#4540,#4541,#4542,#4543,#4544,#4545,#4546,#4547,#4548,
#4549,#4550,#4551),(#4552,#4553,#4554,#4555,#4556,#4557,#4558,#4559,#4560,
#4561,#4562,#4563,#4564,#4565,#4566,#4567,#4568,#4569,#4570,#4571,#4572,
#4573,#4574,#4575,#4576,#4577,#4578,#4579),(#4580,#4581,#4582,#4583,#4584,
#4585,#4586,#4587,#4588,#4589,#4590,#4591,#4592,#4593,#4594,#4595,#4596,
#4597,#4598,#4599,#4600,#4601,#4602,#4603,#4604,#4605,#4606,#4607),(#4608,
#4609,#4610,#4611,#4612,#4613,#4614,#4615,#4616,#4617,#4618,#4619,#4620,
#4621,#4622,#4623,#4624,#4625,#4626,#4627,#4628,#4629,#4630,#4631,#4632,
#4633,#4634,#4635),(#4636,#4637,#4638,#4639,#4640,#4641,#4642,#4643,#4644,
#4645,#4646,#4647,#4648,#4649,#4650,#4651,#4652,#4653,#4654,#4655,#4656,
#4657,#4658,#4659,#4660,#4661,#4662,#4663),(#4664,#4665,#4666,#4667,#4668,
#4669,#4670,#4671,#4672,#4673,#4674,#4675,#4676,#4677,#4678,#4679,#4680,
#4681,#4682,#4683,#4684,#4685,#4686,#4687,#4688,#4689,#4690,#4691),(#4692,
#4693,#4694,#4695,#4696,#4697,#4698,#4699,#4700,#4701,#4702,#4703,#4704,
#4705,#4706,#4707,#4708,#4709,#4710,#4711,#4712,#4713,#4714,#4715,#4716,
#4717,#4718,#4719),(#4720,#4721,#4722,#4723,#4724,#4725,#4726,#4727,#4728,
#4729,#4730,#4731,#4732,#4733,#4734,#4735,#4736,#4737,#4738,#4739,#4740,
#4741,#4742,#4743,#4744,#4745,#4746,#4747),(#4748,#4749,#4750,#4751,#4752,
#4753,#4754,#4755,#4756,#4757,#4758,#4759,#4760,#4761,#4762,#4763,#4764,
#4765,#4766,#4767,#4768,#4769,#4770,#4771,#4772,#4773,#4774,#4775),(#4776,
#4777,#4778,#4779,#4780,#4781,#4782,#4783,#4784,#4785,#4786,#4787,#4788,
#4789,#4790,#4791,#4792,#4793,#4794,#4795,#4796,#4797,#4798,#4799,#4800,
#4801,#4802,#4803),(#4804,#4805,#4806,#4807,#4808,#4809,#4810,#4811,#4812,
#4813,#4814,#4815,#4816,#4817,#4818,#4819,#4820,#4821,#4822,#4823,#4824,
#4825,#4826,#4827,#4828,#4829,#4830,#4831),(#4832,#4833,#4834,#4835,#4836,
#4837,#4838,#4839,#4840,#4841,#4842,#4843,#4844,#4845,#4846,#4847,#4848,
#4849,#4850,#4851,#4852,#4853,#4854,#4855,#4856,#4857,#4858,#4859),(#4860,
#4861,#4862,#4863,#4864,#4865,#4866,#4867,#4868,#4869,#4870,#4871,#4872,
#4873,#4874,#4875,#4876,#4877,#4878,#4879,#4880,#4881,#4882,#4883,#4884,
#4885,#4886,#4887),(#4888,#4889,#4890,#4891,#4892,#4893,#4894,#4895,#4896,
#4897,#4898,#4899,#4900,#4901,#4902,#4903,#4904,#4905,#4906,#4907,#4908,
#4909,#4910,#4911,#4912,#4913,#4914,#4915),(#4916,#4917,#4918,#4919,#4920,
#4921,#4922,#4923,#4924,#4925,#4926,#4927,#4928,#4929,#4930,#4931,#4932,
#4933,#4934,#4935,#4936,#4937,#4938,#4939,#4940,#4941,#4942,#4943),(#4944,
#4945,#4946,#4947,#4948,#4949,#4950,#4951,#4952,#4953,#4954,#4955,#4956,
#4957,#4958,#4959,#4960,#4961,#4962,#4963,#4964,#4965,#4966,#4967,#4968,
#4969,#4970,#4971),(#4972,#4973,#4974,#4975,#4976,#4977,#4978,#4979,#4980,
#4981,#4982,#4983,#4984,#4985,#4986,#4987,#4988,#4989,#4990,#4991,#4992,
#4993,#4994,#4995,#4996,#4997,#4998,#4999),(#5000,#5001,#5002,#5003,#5004,
#5005,#5006,#5007,#5008,#5009,#5010,#5011,#5012,#5013,#5014,#5015,#5016,
#5017,#5018,#5019,#5020,#5021,#5022,#5023,#5024,#5025,#5026,#5027),(#5028,
#5029,#5030,#5031,#5032,#5033,#5034,#5035,#5036,#5037,#5038,#5039,#5040,
#5041,#5042,#5043,#5044,#5045,#5046,#5047,#5048,#5049,#5050,#5051,#5052,
#5053,#5054,#5055),(#5056,#5057,#5058,#5059,#5060,#5061,#5062,#5063,#5064,
#5065,#5066,#5067,#5068,#5069,#5070,#5071,#5072,#5073,#5074,#5075,#5076,
#5077,#5078,#5079,#5080,#5081,#5082,#5083),(#5084,#5085,#5086,#5087,#5088,
#5089,#5090,#5091,#5092,#5093,#5094,#5095,#5096,#5097,#5098,#5099,#5100,
#5101,#5102,#5103,#5104,#5105,#5106,#5107,#5108,#5109,#5110,#5111)),
 .UNSPECIFIED.,.F.,.F.,.F.,(4,1,1,1,1,1,1,1,1,1,2,1,2,1,1,1,2,1,1,1,1,1,
1,1,1,1,1,1,1,1,1,1,1,1,4),(4,1,1,1,1,1,1,1,1,1,1,1,1,2,1,1,1,1,1,1,1,1,
1,1,4),(0.,0.0345063273998613,0.0690126547997227,0.103518982199584,0.138025309599445,
0.146651891449411,0.155278473299376,0.172531636999307,0.207037964399168,
0.241544291799029,0.276050619198891,0.391210322517055,0.50637002583522,
0.562918792264381,0.619467558693543,0.676016325122705,0.732565091551866,
0.74092243244087,0.749279773329875,0.765994455107883,0.782709136885891,
0.7994238186639,0.816138500441908,0.832853182219916,0.849567863997925,0.857925204886929,
0.86001454010918,0.862103875331431,0.864193210553682,0.865237878164808,
0.866282545775933,0.89971190933195,0.933141272887967,0.966570636443983,
1.),(0.,0.0349029954895697,0.0698059909791393,0.0854645442321529,0.114268535137671,
0.14307252604319,0.163421915060124,0.185369659628842,0.20731740419756,0.221565924220345,
0.247118992945029,0.272672061669713,0.298225130394397,0.323778199119081,
0.410088167007652,0.496398134896223,0.501567775266946,0.587812536516468,
0.674057297765991,0.675164654270003,0.757082776493477,0.83900089871695,
0.841965942879422,0.920982971439711,1.),.UNSPECIFIED.);
#24=B_SPLINE_SURFACE_WITH_KNOTS('',3,3,((#5343,#5344,#5345,#5346),(#5347,
#5348,#5349,#5350),(#5351,#5352,#5353,#5354),(#5355,#5356,#5357,#5358)),
 .UNSPECIFIED.,.F.,.F.,.F.,(4,4),(4,4),(0.,1.),(0.,0.195696133824274),
 .UNSPECIFIED.);
#25=B_SPLINE_SURFACE_WITH_KNOTS('',3,3,((#5364,#5365,#5366,#5367,#5368,
#5369,#5370,#5371,#5372,#5373,#5374,#5375,#5376,#5377,#5378,#5379,#5380,
#5381,#5382),(#5383,#5384,#5385,#5386,#5387,#5388,#5389,#5390,#5391,#5392,
#5393,#5394,#5395,#5396,#5397,#5398,#5399,#5400,#5401),(#5402,#5403,#5404,
#5405,#5406,#5407,#5408,#5409,#5410,#5411,#5412,#5413,#5414,#5415,#5416,
#5417,#5418,#5419,#5420),(#5421,#5422,#5423,#5424,#5425,#5426,#5427,#5428,
#5429,#5430,#5431,#5432,#5433,#5434,#5435,#5436,#5437,#5438,#5439),(#5440,
#5441,#5442,#5443,#5444,#5445,#5446,#5447,#5448,#5449,#5450,#5451,#5452,
#5453,#5454,#5455,#5456,#5457,#5458)),.UNSPECIFIED.,.F.,.F.,.F.,(4,1,4),
(4,1,1,1,2,2,1,1,1,2,2,1,4),(0.,0.571428571428571,1.),(-6.49011667835137,
-6.19578261617149,-5.9014485539916,-5.60711449181172,-5.31278042963183,
-5.28625849695596,-4.8946382009342,-4.50301790491244,-4.11139760889068,
-3.71977731286892,-3.70856796099718,-3.3052526502917,-2.90193733958622),
 .UNSPECIFIED.);
#26=B_SPLINE_SURFACE_WITH_KNOTS('',3,3,((#5484,#5485,#5486,#5487,#5488,
#5489,#5490,#5491,#5492,#5493,#5494,#5495),(#5496,#5497,#5498,#5499,#5500,
#5501,#5502,#5503,#5504,#5505,#5506,#5507),(#5508,#5509,#5510,#5511,#5512,
#5513,#5514,#5515,#5516,#5517,#5518,#5519),(#5520,#5521,#5522,#5523,#5524,
#5525,#5526,#5527,#5528,#5529,#5530,#5531),(#5532,#5533,#5534,#5535,#5536,
#5537,#5538,#5539,#5540,#5541,#5542,#5543)),.UNSPECIFIED.,.F.,.F.,.F.,(4,
1,4),(4,2,2,2,1,1,4),(0.,0.5,1.),(-0.847739587776064,0.,0.35394302663869,
0.397542649015374,1.31331719465894,1.77120446748073,2.22909174030251),
 .UNSPECIFIED.);
#27=B_SPLINE_SURFACE_WITH_KNOTS('',3,3,((#5556,#5557,#5558,#5559,#5560),
(#5561,#5562,#5563,#5564,#5565),(#5566,#5567,#5568,#5569,#5570),(#5571,
#5572,#5573,#5574,#5575),(#5576,#5577,#5578,#5579,#5580)),.UNSPECIFIED.,
 .F.,.F.,.F.,(4,1,4),(4,1,4),(0.,0.5,1.),(0.,0.272755943438218,0.477322901016882),
 .UNSPECIFIED.);
#28=B_SPLINE_SURFACE_WITH_KNOTS('',3,3,((#5676,#5677,#5678,#5679,#5680,
#5681),(#5682,#5683,#5684,#5685,#5686,#5687),(#5688,#5689,#5690,#5691,#5692,
#5693),(#5694,#5695,#5696,#5697,#5698,#5699),(#5700,#5701,#5702,#5703,#5704,
#5705)),.UNSPECIFIED.,.F.,.F.,.F.,(4,1,4),(4,2,4),(0.,0.571428571428571,
1.),(1.58065377077415,1.71985244278331,2.24922955464628),.UNSPECIFIED.);
#29=B_SPLINE_SURFACE_WITH_KNOTS('',3,3,((#5713,#5714,#5715,#5716),(#5717,
#5718,#5719,#5720),(#5721,#5722,#5723,#5724),(#5725,#5726,#5727,#5728),
(#5729,#5730,#5731,#5732),(#5733,#5734,#5735,#5736)),.UNSPECIFIED.,.F.,
 .F.,.F.,(4,1,1,4),(4,4),(0.,0.285714285714286,0.571428571428571,1.),(3.92163260675437,
4.02585581356233),.UNSPECIFIED.);
#30=B_SPLINE_SURFACE_WITH_KNOTS('',3,3,((#5743,#5744,#5745,#5746,#5747,
#5748,#5749,#5750,#5751,#5752),(#5753,#5754,#5755,#5756,#5757,#5758,#5759,
#5760,#5761,#5762),(#5763,#5764,#5765,#5766,#5767,#5768,#5769,#5770,#5771,
#5772),(#5773,#5774,#5775,#5776,#5777,#5778,#5779,#5780,#5781,#5782),(#5783,
#5784,#5785,#5786,#5787,#5788,#5789,#5790,#5791,#5792),(#5793,#5794,#5795,
#5796,#5797,#5798,#5799,#5800,#5801,#5802)),.UNSPECIFIED.,.F.,.F.,.F.,(4,
1,1,4),(4,1,1,1,1,1,1,4),(0.,0.285714285714286,0.571428571428571,1.),(1.0032509810702E-14,
0.261018946372511,0.522037892745012,0.783056839117514,1.04407578549001,
1.30509473186252,1.56611367823502,1.82713262460752),.UNSPECIFIED.);
#31=B_SPLINE_SURFACE_WITH_KNOTS('',3,3,((#5858,#5859,#5860,#5861,#5862,
#5863),(#5864,#5865,#5866,#5867,#5868,#5869),(#5870,#5871,#5872,#5873,#5874,
#5875),(#5876,#5877,#5878,#5879,#5880,#5881)),.UNSPECIFIED.,.F.,.F.,.F.,
(4,4),(4,1,1,4),(0.,0.22472429758746),(0.815360024679848,0.83900089871695,
0.841965942879421,0.982267938381224),.UNSPECIFIED.);
#32=B_SPLINE_SURFACE_WITH_KNOTS('',3,3,((#5937,#5938,#5939,#5940),(#5941,
#5942,#5943,#5944),(#5945,#5946,#5947,#5948),(#5949,#5950,#5951,#5952)),
 .UNSPECIFIED.,.F.,.F.,.F.,(4,4),(4,4),(0.,1.),(-3.54042267700799,-2.43360388208101),
 .UNSPECIFIED.);
#33=B_SPLINE_SURFACE_WITH_KNOTS('',3,3,((#5966,#5967,#5968,#5969,#5970,
#5971,#5972,#5973,#5974),(#5975,#5976,#5977,#5978,#5979,#5980,#5981,#5982,
#5983),(#5984,#5985,#5986,#5987,#5988,#5989,#5990,#5991,#5992),(#5993,#5994,
#5995,#5996,#5997,#5998,#5999,#6000,#6001)),.UNSPECIFIED.,.F.,.F.,.F.,(4,
4),(4,1,1,1,2,4),(0.,1.),(-0.223370783430069,-0.134022470058042,-0.0893483133720277,
-0.0446741566860138,0.,0.00243922168815112),.UNSPECIFIED.);
#34=B_SPLINE_SURFACE_WITH_KNOTS('',3,3,((#6002,#6003,#6004,#6005,#6006,
#6007,#6008,#6009,#6010,#6011,#6012,#6013,#6014),(#6015,#6016,#6017,#6018,
#6019,#6020,#6021,#6022,#6023,#6024,#6025,#6026,#6027),(#6028,#6029,#6030,
#6031,#6032,#6033,#6034,#6035,#6036,#6037,#6038,#6039,#6040),(#6041,#6042,
#6043,#6044,#6045,#6046,#6047,#6048,#6049,#6050,#6051,#6052,#6053)),
 .UNSPECIFIED.,.F.,.F.,.F.,(4,4),(4,2,1,1,2,1,1,1,4),(0.,1.),(-3.26955127805294,
-3.2660177822249,-2.93869614823894,-2.61137451425298,-1.69822752629898,
-1.37392852715215,-1.04962952800532,-0.725330528858492,-0.0120548707986935),
 .UNSPECIFIED.);
#35=B_SPLINE_SURFACE_WITH_KNOTS('',3,3,((#6054,#6055,#6056,#6057,#6058,
#6059),(#6060,#6061,#6062,#6063,#6064,#6065),(#6066,#6067,#6068,#6069,#6070,
#6071),(#6072,#6073,#6074,#6075,#6076,#6077)),.UNSPECIFIED.,.F.,.F.,.F.,
(4,4),(4,2,4),(0.,1.),(-0.00436166543286317,0.,1.48215135679151),
 .UNSPECIFIED.);
#36=B_SPLINE_SURFACE_WITH_KNOTS('',3,3,((#6085,#6086,#6087,#6088,#6089,
#6090,#6091,#6092,#6093,#6094,#6095,#6096,#6097,#6098,#6099,#6100),(#6101,
#6102,#6103,#6104,#6105,#6106,#6107,#6108,#6109,#6110,#6111,#6112,#6113,
#6114,#6115,#6116),(#6117,#6118,#6119,#6120,#6121,#6122,#6123,#6124,#6125,
#6126,#6127,#6128,#6129,#6130,#6131,#6132),(#6133,#6134,#6135,#6136,#6137,
#6138,#6139,#6140,#6141,#6142,#6143,#6144,#6145,#6146,#6147,#6148)),
 .UNSPECIFIED.,.F.,.F.,.F.,(4,4),(4,1,1,1,1,2,1,1,1,1,2,4),(0.,1.),(-7.85684487977538E-6,
0.728657017380647,1.45732189160617,1.82165432871894,2.1859867658317,2.55031920294446,
3.04980460888905,3.1746759603752,3.54929001483364,4.29851812375052,5.0477462326674,
5.05250235246893),.UNSPECIFIED.);
#37=FACE_BOUND('',#302,.T.);
#38=FACE_BOUND('',#305,.T.);
#39=FACE_BOUND('',#308,.T.);
#40=FACE_BOUND('',#311,.T.);
#41=FACE_BOUND('',#320,.T.);
#42=FACE_BOUND('',#321,.T.);
#43=FACE_BOUND('',#322,.T.);
#44=FACE_BOUND('',#323,.T.);
#45=FACE_BOUND('',#327,.T.);
#46=FACE_BOUND('',#328,.T.);
#47=FACE_BOUND('',#329,.T.);
#48=FACE_BOUND('',#330,.T.);
#49=FACE_BOUND('',#365,.T.);
#50=FACE_BOUND('',#369,.T.);
#51=FACE_BOUND('',#382,.T.);
#52=FACE_BOUND('',#383,.T.);
#53=FACE_BOUND('',#384,.T.);
#54=FACE_BOUND('',#385,.T.);
#55=FACE_BOUND('',#401,.T.);
#56=FACE_BOUND('',#402,.T.);
#57=FACE_BOUND('',#403,.T.);
#58=FACE_BOUND('',#404,.T.);
#59=FACE_BOUND('',#405,.T.);
#60=FACE_BOUND('',#406,.T.);
#61=FACE_BOUND('',#407,.T.);
#62=FACE_BOUND('',#408,.T.);
#63=FACE_BOUND('',#409,.T.);
#64=FACE_BOUND('',#434,.T.);
#65=FACE_BOUND('',#435,.T.);
#66=FACE_BOUND('',#436,.T.);
#67=FACE_BOUND('',#437,.T.);
#68=FACE_BOUND('',#438,.T.);
#69=FACE_BOUND('',#439,.T.);
#70=FACE_BOUND('',#440,.T.);
#71=FACE_BOUND('',#441,.T.);
#72=FACE_BOUND('',#442,.T.);
#73=PLANE('',#2111);
#74=PLANE('',#2114);
#75=PLANE('',#2117);
#76=PLANE('',#2120);
#77=PLANE('',#2125);
#78=PLANE('',#2132);
#79=PLANE('',#2133);
#80=PLANE('',#2148);
#81=PLANE('',#2162);
#82=PLANE('',#2171);
#83=PLANE('',#2181);
#84=PLANE('',#2188);
#85=PLANE('',#2189);
#86=PLANE('',#2190);
#87=PLANE('',#2191);
#88=PLANE('',#2196);
#89=PLANE('',#2197);
#90=PLANE('',#2198);
#91=PLANE('',#2199);
#92=PLANE('',#2201);
#93=PLANE('',#2202);
#94=PLANE('',#2203);
#95=PLANE('',#2204);
#96=PLANE('',#2206);
#97=PLANE('',#2210);
#98=PLANE('',#2214);
#99=PLANE('',#2218);
#100=PLANE('',#2222);
#101=PLANE('',#2226);
#102=PLANE('',#2230);
#103=PLANE('',#2234);
#104=PLANE('',#2235);
#105=PLANE('',#2263);
#106=PLANE('',#2264);
#107=PLANE('',#2265);
#108=PLANE('',#2266);
#109=PLANE('',#2267);
#110=PLANE('',#2268);
#111=PLANE('',#2269);
#112=PLANE('',#2270);
#113=PLANE('',#2279);
#114=PLANE('',#2282);
#115=PLANE('',#2285);
#116=B_SPLINE_CURVE_WITH_KNOTS('',3,(#2834,#2835,#2836,#2837,#2838,#2839,
#2840,#2841,#2842,#2843,#2844,#2845,#2846,#2847,#2848,#2849,#2850,#2851,
#2852,#2853,#2854,#2855,#2856,#2857,#2858,#2859,#2860,#2861,#2862,#2863,
#2864,#2865,#2866,#2867,#2868,#2869,#2870,#2871,#2872,#2873),
 .UNSPECIFIED.,.F.,.F.,(4,2,2,2,2,2,2,2,2,2,2,2,2,2,2,2,2,2,2,4),(-2.07662613994694,
-2.05360255301491,-1.96529382928543,-1.86502158780356,-1.73150933378522,
-1.61529271110531,-1.51735081328605,-1.42133427304264,-1.31073622713732,
-1.16943938676976,-1.06543836201187,-0.977849209271044,-0.887698248272636,
-0.77905010389497,-0.655609444189697,-0.542027464919495,-0.43274679209419,
-0.326023399877846,-0.215582964468644,-0.165246368661413),.UNSPECIFIED.);
#117=B_SPLINE_CURVE_WITH_KNOTS('',3,(#2874,#2875,#2876,#2877,#2878,#2879),
 .UNSPECIFIED.,.F.,.F.,(4,2,4),(-0.165246368661413,-0.0966687110806658,
0.),.UNSPECIFIED.);
#118=B_SPLINE_CURVE_WITH_KNOTS('',3,(#2887,#2888,#2889,#2890,#2891,#2892,
#2893,#2894,#2895,#2896,#2897,#2898,#2899,#2900,#2901,#2902,#2903,#2904,
#2905,#2906,#2907,#2908,#2909,#2910,#2911,#2912,#2913,#2914,#2915,#2916,
#2917,#2918,#2919,#2920,#2921,#2922,#2923,#2924),.UNSPECIFIED.,.F.,.F.,
(4,2,2,2,2,2,2,2,2,2,2,2,2,2,2,2,2,2,4),(-1.91211374943576,-1.85254512492517,
-1.77363115761562,-1.66784855816137,-1.54224001553109,-1.42114745585585,
-1.31107731763194,-1.20413319199725,-1.08688368514556,-0.985037483565685,
-0.906256455665944,-0.833388153071267,-0.751043501347216,-0.640194862449469,
-0.52105716837243,-0.402854509783608,-0.290847190375289,-0.183429122069935,
-0.130282809725979),.UNSPECIFIED.);
#119=B_SPLINE_CURVE_WITH_KNOTS('',3,(#2925,#2926,#2927,#2928,#2929,#2930,
#2931,#2932,#2933,#2934,#2935,#2936,#2937),.UNSPECIFIED.,.F.,.F.,(4,3,3,
3,4),(-0.130282809725979,-0.092712589986007,-0.0765347533110044,-0.0382673766555022,
0.),.UNSPECIFIED.);
#120=B_SPLINE_CURVE_WITH_KNOTS('',3,(#2945,#2946,#2947,#2948,#2949,#2950,
#2951,#2952,#2953,#2954,#2955,#2956,#2957,#2958,#2959,#2960,#2961,#2962,
#2963,#2964,#2965,#2966,#2967,#2968,#2969,#2970,#2971,#2972,#2973,#2974,
#2975,#2976,#2977,#2978,#2979,#2980,#2981,#2982),.UNSPECIFIED.,.F.,.F.,
(4,2,2,2,2,2,2,2,2,2,2,2,2,2,2,2,2,2,4),(-1.91029415377936,-1.86241025982698,
-1.78080737100161,-1.67424574108048,-1.55817415721439,-1.44420592132581,
-1.3268622456824,-1.20873049191601,-1.08237317034896,-0.986947954220663,
-0.911848716734444,-0.840083751251597,-0.753323007615621,-0.636313498240412,
-0.517966296845214,-0.401006683248893,-0.288667189187466,-0.166872587577116,
-0.15653691786726),.UNSPECIFIED.);
#121=B_SPLINE_CURVE_WITH_KNOTS('',3,(#2983,#2984,#2985,#2986,#2987,#2988,
#2989,#2990,#2991,#2992,#2993,#2994,#2995),.UNSPECIFIED.,.F.,.F.,(4,3,3,
3,4),(-0.15653691786726,-0.114133344608785,-0.0739952963733859,-0.0313576160604937,
0.),.UNSPECIFIED.);
#122=B_SPLINE_CURVE_WITH_KNOTS('',3,(#3003,#3004,#3005,#3006,#3007,#3008,
#3009,#3010,#3011,#3012,#3013,#3014,#3015,#3016,#3017,#3018,#3019,#3020,
#3021,#3022,#3023,#3024,#3025,#3026,#3027,#3028,#3029,#3030,#3031,#3032,
#3033,#3034,#3035,#3036,#3037,#3038,#3039,#3040,#3041,#3042,#3043,#3044),
 .UNSPECIFIED.,.F.,.F.,(4,2,2,2,2,2,2,2,2,2,2,2,2,2,2,2,2,2,2,2,4),(-1.89128302549063,
-1.89109900924833,-1.83772324814846,-1.78223217883269,-1.70713392658372,
-1.58873458883804,-1.47045667703606,-1.35123055760196,-1.23897087126484,
-1.13204573016195,-1.0125225925747,-0.93963159198403,-0.88490892187882,
-0.830771587086504,-0.759945926504689,-0.639927428339938,-0.521869383721225,
-0.403127152031209,-0.291708566661621,-0.185935431030144,-0.127569745779136),
 .UNSPECIFIED.);
#123=B_SPLINE_CURVE_WITH_KNOTS('',3,(#3045,#3046,#3047,#3048,#3049,#3050,
#3051),.UNSPECIFIED.,.F.,.F.,(4,3,4),(-0.127569745779136,-0.0679932895869003,
0.),.UNSPECIFIED.);
#124=B_SPLINE_CURVE_WITH_KNOTS('',3,(#3082,#3083,#3084,#3085,#3086),
 .UNSPECIFIED.,.F.,.F.,(4,1,4),(-0.128387438210852,-0.0550231878046509,
0.),.UNSPECIFIED.);
#125=B_SPLINE_CURVE_WITH_KNOTS('',3,(#3089,#3090,#3091,#3092,#3093),
 .UNSPECIFIED.,.F.,.F.,(4,1,4),(0.,0.0550231878046509,0.128387438210852),
 .UNSPECIFIED.);
#126=B_SPLINE_CURVE_WITH_KNOTS('',3,(#3146,#3147,#3148,#3149,#3150,#3151,
#3152,#3153,#3154,#3155,#3156,#3157,#3158,#3159,#3160,#3161,#3162,#3163,
#3164,#3165,#3166,#3167,#3168,#3169,#3170),.UNSPECIFIED.,.F.,.F.,(4,3,3,
3,3,3,3,3,4),(0.,0.131087820446784,0.254534978040867,0.386169204546636,
0.571619444154469,0.686984880266729,0.796426551780352,0.907349571229777,
1.00001354111917),.UNSPECIFIED.);
#127=B_SPLINE_CURVE_WITH_KNOTS('',3,(#3171,#3172,#3173,#3174,#3175,#3176,
#3177,#3178,#3179,#3180),.UNSPECIFIED.,.F.,.F.,(4,2,1,1,1,1,4),(-3.47990509173083,
-3.47968488921652,-3.45983471333629,-3.43998453745607,-3.40028418569562,
-3.36058383393517,-3.28118313041427),.UNSPECIFIED.);
#128=B_SPLINE_CURVE_WITH_KNOTS('',3,(#3181,#3182,#3183,#3184,#3185,#3186,
#3187,#3188,#3189,#3190),.UNSPECIFIED.,.F.,.F.,(4,1,1,1,1,2,4),(3.28876838545299,
3.36058383393517,3.40028418569562,3.43998453745607,3.45983471333629,3.47968488921652,
3.48488896662853),.UNSPECIFIED.);
#129=B_SPLINE_CURVE_WITH_KNOTS('',3,(#3450,#3451,#3452,#3453,#3454,#3455,
#3456,#3457,#3458,#3459,#3460,#3461,#3462,#3463,#3464,#3465,#3466,#3467,
#3468,#3469,#3470,#3471,#3472,#3473,#3474,#3475,#3476,#3477,#3478,#3479,
#3480,#3481,#3482,#3483,#3484,#3485,#3486,#3487,#3488,#3489),
 .UNSPECIFIED.,.F.,.F.,(4,2,1,1,1,1,1,1,1,1,1,1,1,2,1,1,1,1,1,1,1,1,1,1,
1,1,1,1,1,1,1,1,1,1,1,4),(-0.00521132869481844,0.,0.00505403628770084,0.0101080725754017,
0.0202161451508034,0.0404322903016067,0.0808645806032135,0.12129687090482,
0.161729161206427,0.18194530635723,0.184472324501081,0.186999342644931,
0.192053378932632,0.202161451508034,0.213333709591439,0.216126774112291,
0.218919838633142,0.224505967674845,0.23567822575825,0.237074758018676,
0.238471290279102,0.239867822539527,0.241264354799953,0.242660887060379,
0.244057419320804,0.24545395158123,0.245803084646336,0.246152217711443,
0.246501350776549,0.246675917309102,0.246850483841656,0.25522967740421,
0.258022741925061,0.260815806445913,0.263608870966764,0.264563381385976),
 .UNSPECIFIED.);
#130=B_SPLINE_CURVE_WITH_KNOTS('',3,(#3491,#3492,#3493,#3494,#3495,#3496,
#3497,#3498,#3499,#3500,#3501,#3502,#3503,#3504,#3505,#3506),
 .UNSPECIFIED.,.F.,.F.,(4,2,2,2,2,2,2,4),(0.,0.0660261049211536,0.132818367132749,
0.200183593818475,0.267959039278147,0.335984405982347,0.438247058952126,
0.565160479105434),.UNSPECIFIED.);
#131=B_SPLINE_CURVE_WITH_KNOTS('',3,(#3507,#3508,#3509,#3510,#3511,#3512,
#3513,#3514,#3515,#3516,#3517,#3518,#3519,#3520,#3521,#3522,#3523,#3524,
#3525,#3526,#3527,#3528,#3529,#3530,#3531,#3532,#3533,#3534,#3535,#3536,
#3537,#3538,#3539,#3540,#3541,#3542,#3543,#3544,#3545,#3546,#3547),
 .UNSPECIFIED.,.F.,.F.,(4,1,1,1,1,1,1,1,1,1,1,1,1,1,1,1,1,1,1,1,1,1,1,1,
1,2,1,1,1,1,1,1,1,1,1,1,1,4),(-0.313368050592111,-0.291539516175278,-0.280367258091872,
-0.269195000008467,-0.263608870966764,-0.260815806445913,-0.258022741925061,
-0.25522967740421,-0.246850483841656,-0.246675917309102,-0.246501350776549,
-0.246152217711443,-0.245803084646336,-0.24545395158123,-0.244057419320804,
-0.242660887060379,-0.241264354799953,-0.239867822539527,-0.238471290279102,
-0.237074758018676,-0.23567822575825,-0.224505967674845,-0.218919838633142,
-0.216126774112291,-0.213333709591439,-0.202161451508034,-0.192053378932632,
-0.186999342644931,-0.184472324501081,-0.18194530635723,-0.161729161206427,
-0.12129687090482,-0.0808645806032135,-0.0404322903016067,-0.0202161451508034,
-0.0101080725754017,-0.00505403628770084,-4.43241984002708E-5),
 .UNSPECIFIED.);
#132=B_SPLINE_CURVE_WITH_KNOTS('',3,(#3556,#3557,#3558,#3559),
 .UNSPECIFIED.,.F.,.F.,(4,4),(0.,0.0298153060255358),.UNSPECIFIED.);
#133=B_SPLINE_CURVE_WITH_KNOTS('',3,(#3584,#3585,#3586,#3587),
 .UNSPECIFIED.,.F.,.F.,(4,4),(-0.0298153060255358,0.),.UNSPECIFIED.);
#134=B_SPLINE_CURVE_WITH_KNOTS('',3,(#3876,#3877,#3878,#3879,#3880),
 .UNSPECIFIED.,.F.,.F.,(4,1,4),(2.73782506945792,4.29769926631825,5.65743899897098),
 .UNSPECIFIED.);
#135=B_SPLINE_CURVE_WITH_KNOTS('',3,(#3882,#3883,#3884,#3885,#3886,#3887,
#3888),.UNSPECIFIED.,.F.,.F.,(4,1,1,1,4),(0.,0.59027010657611,1.20980211026392,
1.75304819191445,2.73782506945792),.UNSPECIFIED.);
#136=B_SPLINE_CURVE_WITH_KNOTS('',3,(#3892,#3893,#3894,#3895,#3896,#3897,
#3898,#3899),.UNSPECIFIED.,.F.,.F.,(4,1,1,1,1,4),(0.,0.716190520294416,
1.38166504670897,1.86317083337875,2.62897243658533,3.04857078986476),
 .UNSPECIFIED.);
#137=B_SPLINE_CURVE_WITH_KNOTS('',3,(#3901,#3902,#3903,#3904,#3905,#3906,
#3907),.UNSPECIFIED.,.F.,.F.,(4,1,1,1,4),(3.04857078986476,3.79931498169678,
5.00382288456037,6.1422234417357,7.08177547166755),.UNSPECIFIED.);
#138=B_SPLINE_CURVE_WITH_KNOTS('',3,(#3909,#3910,#3911,#3912,#3913,#3914),
 .UNSPECIFIED.,.F.,.F.,(4,2,4),(-0.00436166543286317,0.,1.48214351962538),
 .UNSPECIFIED.);
#139=B_SPLINE_CURVE_WITH_KNOTS('',3,(#3916,#3917,#3918,#3919,#3920,#3921,
#3922,#3923,#3924),.UNSPECIFIED.,.F.,.F.,(4,1,1,1,2,4),(-0.185520166761041,
-0.134022470058042,-0.0893483133720277,-0.0446741566860138,0.,0.00243922168815112),
 .UNSPECIFIED.);
#140=B_SPLINE_CURVE_WITH_KNOTS('',3,(#3926,#3927,#3928,#3929,#3930,#3931,
#3932,#3933,#3934,#3935,#3936,#3937,#3938,#3939,#3940,#3941,#3942,#3943,
#3944),.UNSPECIFIED.,.F.,.F.,(4,1,2,2,1,1,1,2,2,1,1,1,4),(2.91999896864341,
3.3052526502917,3.70856796099718,3.71977731286892,4.11139760889068,4.50301790491244,
4.8946382009342,5.28625849695596,5.31278042963183,5.60711449181172,5.9014485539916,
6.19578261617149,6.49011667835137),.UNSPECIFIED.);
#141=B_SPLINE_CURVE_WITH_KNOTS('',3,(#3946,#3947,#3948,#3949),
 .UNSPECIFIED.,.F.,.F.,(4,4),(-0.587912699797877,-0.45380259141047),
 .UNSPECIFIED.);
#142=B_SPLINE_CURVE_WITH_KNOTS('',3,(#3951,#3952,#3953,#3954),
 .UNSPECIFIED.,.F.,.F.,(4,4),(-0.260414195665302,-0.142154760199176),
 .UNSPECIFIED.);
#143=B_SPLINE_CURVE_WITH_KNOTS('',3,(#3956,#3957,#3958,#3959),
 .UNSPECIFIED.,.F.,.F.,(4,4),(-0.427605874526641,-0.368205802109093),
 .UNSPECIFIED.);
#144=B_SPLINE_CURVE_WITH_KNOTS('',3,(#3961,#3962,#3963,#3964),
 .UNSPECIFIED.,.F.,.F.,(4,4),(-3.01496207863803,-2.87873540460909),
 .UNSPECIFIED.);
#145=B_SPLINE_CURVE_WITH_KNOTS('',3,(#3966,#3967,#3968,#3969,#3970,#3971),
 .UNSPECIFIED.,.F.,.F.,(4,2,4),(-1.71986006938307,-1.71985244278331,-1.58065377077415),
 .UNSPECIFIED.);
#146=B_SPLINE_CURVE_WITH_KNOTS('',3,(#3973,#3974,#3975,#3976),
 .UNSPECIFIED.,.F.,.F.,(4,4),(-2.24922955464628,-1.71986006938307),
 .UNSPECIFIED.);
#147=B_SPLINE_CURVE_WITH_KNOTS('',3,(#3978,#3979,#3980,#3981),
 .UNSPECIFIED.,.F.,.F.,(4,4),(-4.02585581356233,-3.92163260675437),
 .UNSPECIFIED.);
#148=B_SPLINE_CURVE_WITH_KNOTS('',3,(#3982,#3983,#3984,#3985,#3986,#3987,
#3988,#3989,#3990,#3991),.UNSPECIFIED.,.F.,.F.,(4,1,1,1,1,1,1,4),(-1.82713262460752,
-1.56611367823502,-1.30509473186252,-1.04407578549001,-0.783056839117514,
-0.522037892745012,-0.261018946372511,-1.0032509810702E-14),
 .UNSPECIFIED.);
#149=B_SPLINE_CURVE_WITH_KNOTS('',3,(#5113,#5114,#5115,#5116),
 .UNSPECIFIED.,.F.,.F.,(4,4),(-1.06166006808302,-0.997306160859337),
 .UNSPECIFIED.);
#150=B_SPLINE_CURVE_WITH_KNOTS('',3,(#5118,#5119,#5120,#5121),
 .UNSPECIFIED.,.F.,.F.,(4,4),(-2.18190067155319,-1.79048632980735),
 .UNSPECIFIED.);
#151=B_SPLINE_CURVE_WITH_KNOTS('',3,(#5123,#5124,#5125,#5126),
 .UNSPECIFIED.,.F.,.F.,(4,4),(-0.34695991386292,-0.222026353181952),
 .UNSPECIFIED.);
#152=B_SPLINE_CURVE_WITH_KNOTS('',3,(#5128,#5129,#5130,#5131,#5132,#5133),
 .UNSPECIFIED.,.F.,.F.,(4,2,4),(-0.459905862901817,-0.444511418924518,-0.310151098553784),
 .UNSPECIFIED.);
#153=B_SPLINE_CURVE_WITH_KNOTS('',3,(#5135,#5136,#5137,#5138,#5139,#5140,
#5141,#5142,#5143,#5144),.UNSPECIFIED.,.F.,.F.,(4,2,2,2,4),(-0.150493026408095,
-0.0395696831136348,-0.0131635749863725,-0.00298997919743622,0.),
 .UNSPECIFIED.);
#154=B_SPLINE_CURVE_WITH_KNOTS('',3,(#5146,#5147,#5148,#5149,#5150),
 .UNSPECIFIED.,.F.,.F.,(4,1,4),(7.2111838673515,7.43272145983405,8.76388292389321),
 .UNSPECIFIED.);
#155=B_SPLINE_CURVE_WITH_KNOTS('',3,(#5152,#5153,#5154,#5155,#5156,#5157,
#5158,#5159,#5160),.UNSPECIFIED.,.F.,.F.,(4,2,1,1,1,4),(-1.6982749819452,
-1.69822752629898,-1.37392852715215,-1.04962952800532,-0.725330528858492,
-0.0120840603417674),.UNSPECIFIED.);
#156=B_SPLINE_CURVE_WITH_KNOTS('',3,(#5162,#5163,#5164,#5165,#5166,#5167,
#5168,#5169),.UNSPECIFIED.,.F.,.F.,(4,2,1,1,4),(-3.26955127805294,-3.2660177822249,
-2.93869614823894,-2.61137451425298,-1.6982749819452),.UNSPECIFIED.);
#157=B_SPLINE_CURVE_WITH_KNOTS('',3,(#5171,#5172,#5173,#5174,#5175,#5176,
#5177,#5178,#5179,#5180,#5181,#5182),.UNSPECIFIED.,.F.,.F.,(4,2,1,1,1,1,
2,4),(2.55029388727442,2.55031920294446,3.04980460888905,3.1746759603752,
3.54929001483364,4.29851812375052,5.0477462326674,5.05250235246893),
 .UNSPECIFIED.);
#158=B_SPLINE_CURVE_WITH_KNOTS('',3,(#5183,#5184,#5185,#5186,#5187,#5188,
#5189,#5190),.UNSPECIFIED.,.F.,.F.,(4,1,1,1,1,4),(-1.06111855732496E-8,
0.728657017380647,1.45732189160617,1.82165432871894,2.1859867658317,2.55029388727442),
 .UNSPECIFIED.);
#159=B_SPLINE_CURVE_WITH_KNOTS('',3,(#5213,#5214,#5215,#5216,#5217,#5218,
#5219,#5220,#5221,#5222,#5223,#5224,#5225,#5226,#5227,#5228,#5229,#5230),
 .UNSPECIFIED.,.F.,.F.,(4,1,1,1,2,2,1,1,1,2,2,4),(-6.49011667835137,-6.19578261617149,
-5.9014485539916,-5.60711449181172,-5.31278042963183,-5.28625849695596,
-4.8946382009342,-4.50301790491244,-4.11139760889068,-3.71977731286892,
-3.70856796099718,-3.41140609002113),.UNSPECIFIED.);
#160=B_SPLINE_CURVE_WITH_KNOTS('',3,(#5232,#5233,#5234,#5235),
 .UNSPECIFIED.,.F.,.F.,(4,4),(0.,0.195696133824274),.UNSPECIFIED.);
#161=B_SPLINE_CURVE_WITH_KNOTS('',3,(#5254,#5255,#5256,#5257),
 .UNSPECIFIED.,.F.,.F.,(4,4),(0.476771684447732,0.597264023439225),
 .UNSPECIFIED.);
#162=B_SPLINE_CURVE_WITH_KNOTS('',3,(#5268,#5269,#5270,#5271,#5272,#5273,
#5274,#5275,#5276,#5277),.UNSPECIFIED.,.F.,.F.,(4,2,2,2,4),(0.,0.410449367250921,
0.590844153213634,0.661943343673429,0.72080784871045),.UNSPECIFIED.);
#163=B_SPLINE_CURVE_WITH_KNOTS('',3,(#5280,#5281,#5282,#5283),
 .UNSPECIFIED.,.F.,.F.,(4,4),(0.,0.384730704667562),.UNSPECIFIED.);
#164=B_SPLINE_CURVE_WITH_KNOTS('',3,(#5315,#5316,#5317,#5318,#5319),
 .UNSPECIFIED.,.F.,.F.,(4,1,4),(0.,0.272755943438218,0.477322901016882),
 .UNSPECIFIED.);
#165=B_SPLINE_CURVE_WITH_KNOTS('',3,(#5320,#5321,#5322,#5323,#5324,#5325,
#5326,#5327,#5328,#5329,#5330,#5331),.UNSPECIFIED.,.F.,.F.,(4,2,2,2,1,1,
4),(-0.649101985815201,0.,0.35394302663869,0.397542649015374,1.31331719465894,
1.77120446748073,2.22909174030251),.UNSPECIFIED.);
#166=B_SPLINE_CURVE_WITH_KNOTS('',3,(#5360,#5361,#5362,#5363),
 .UNSPECIFIED.,.F.,.F.,(4,4),(-0.195696133824274,0.),.UNSPECIFIED.);
#167=B_SPLINE_CURVE_WITH_KNOTS('',3,(#5459,#5460,#5461,#5462,#5463,#5464,
#5465,#5466,#5467,#5468,#5469,#5470,#5471,#5472,#5473,#5474,#5475,#5476,
#5477,#5478,#5479,#5480,#5481,#5482,#5483),.UNSPECIFIED.,.F.,.F.,(4,3,3,
3,3,3,3,3,4),(0.0973449352182263,0.102914158875359,0.125666682016016,0.148388311072995,
0.16158906252127,0.184257051295142,0.206765998211699,0.228637044424038,
0.23920413020084),.UNSPECIFIED.);
#168=B_SPLINE_CURVE_WITH_KNOTS('',3,(#5546,#5547,#5548,#5549,#5550,#5551,
#5552,#5553,#5554,#5555),.UNSPECIFIED.,.F.,.F.,(4,1,1,2,2,4),(-2.22909174030251,
-1.77120446748073,-1.31331719465894,-0.397542649015374,-0.35394302663869,
0.),.UNSPECIFIED.);
#169=B_SPLINE_CURVE_WITH_KNOTS('',3,(#5583,#5584,#5585,#5586,#5587),
 .UNSPECIFIED.,.F.,.F.,(4,1,4),(-0.477322901016882,-0.272755943438218,0.),
 .UNSPECIFIED.);
#170=B_SPLINE_CURVE_WITH_KNOTS('',3,(#5597,#5598,#5599,#5600,#5601,#5602,
#5603,#5604,#5605,#5606),.UNSPECIFIED.,.F.,.F.,(4,2,2,2,4),(1.06889088882415,
1.15957223510079,1.25025358137743,1.38331121099819,1.51636884061895),
 .UNSPECIFIED.);
#171=B_SPLINE_CURVE_WITH_KNOTS('',3,(#5612,#5613,#5614,#5615,#5616,#5617,
#5618,#5619,#5620,#5621),.UNSPECIFIED.,.F.,.F.,(4,2,2,2,4),(0.,0.133057629620759,
0.266115259241518,0.356796605518159,0.4474779517948),.UNSPECIFIED.);
#172=B_SPLINE_CURVE_WITH_KNOTS('',3,(#5636,#5637,#5638,#5639,#5640,#5641,
#5642,#5643,#5644,#5645),.UNSPECIFIED.,.F.,.F.,(4,2,2,2,4),(0.,0.133057629620758,
0.266115259241515,0.356796605518158,0.4474779517948),.UNSPECIFIED.);
#173=B_SPLINE_CURVE_WITH_KNOTS('',3,(#5651,#5652,#5653,#5654,#5655,#5656,
#5657,#5658,#5659,#5660),.UNSPECIFIED.,.F.,.F.,(4,2,2,2,4),(1.06889088882415,
1.15957223510079,1.25025358137744,1.38331121099819,1.51636884061895),
 .UNSPECIFIED.);
#174=B_SPLINE_CURVE_WITH_KNOTS('',3,(#5706,#5707,#5708,#5709),
 .UNSPECIFIED.,.F.,.F.,(4,4),(2.0839831497504,2.24922955464628),
 .UNSPECIFIED.);
#175=B_SPLINE_CURVE_WITH_KNOTS('',3,(#5738,#5739,#5740,#5741),
 .UNSPECIFIED.,.F.,.F.,(4,4),(3.92163260675437,4.02585581356233),
 .UNSPECIFIED.);
#176=B_SPLINE_CURVE_WITH_KNOTS('',3,(#5803,#5804,#5805,#5806,#5807,#5808,
#5809,#5810,#5811,#5812),.UNSPECIFIED.,.F.,.F.,(4,1,1,1,1,1,1,4),(1.0032509810702E-14,
0.261018946372511,0.522037892745012,0.783056839117514,1.04407578549001,
1.30509473186252,1.56611367823502,1.82713262460752),.UNSPECIFIED.);
#177=B_SPLINE_CURVE_WITH_KNOTS('',3,(#5882,#5883,#5884,#5885),
 .UNSPECIFIED.,.F.,.F.,(4,4),(-3.54039339238763,-2.51545214740809),
 .UNSPECIFIED.);
#178=B_SPLINE_CURVE_WITH_KNOTS('',3,(#5887,#5888,#5889,#5890,#5891,#5892,
#5893,#5894,#5895),.UNSPECIFIED.,.F.,.F.,(4,2,1,1,1,4),(-0.00243922168815112,
0.,0.0446741566860138,0.0893483133720277,0.134022470058042,0.223370783430069),
 .UNSPECIFIED.);
#179=B_SPLINE_CURVE_WITH_KNOTS('',3,(#5897,#5898,#5899,#5900,#5901,#5902),
 .UNSPECIFIED.,.F.,.F.,(4,2,4),(-1.48215135679151,0.,0.00436166543286317),
 .UNSPECIFIED.);
#180=B_SPLINE_CURVE_WITH_KNOTS('',3,(#5903,#5904,#5905,#5906,#5907,#5908,
#5909,#5910,#5911,#5912,#5913,#5914,#5915,#5916,#5917,#5918),
 .UNSPECIFIED.,.F.,.F.,(4,2,1,1,1,1,2,1,1,1,1,4),(-5.05250235246893,-5.0477462326674,
-4.29851812375052,-3.54929001483364,-3.1746759603752,-3.04980460888905,
-2.55031920294446,-2.1859867658317,-1.82165432871894,-1.45732189160617,
-0.728657017380647,7.85684487977538E-6),.UNSPECIFIED.);
#181=B_SPLINE_CURVE_WITH_KNOTS('',3,(#5920,#5921,#5922,#5923,#5924,#5925,
#5926,#5927,#5928,#5929,#5930,#5931,#5932),.UNSPECIFIED.,.F.,.F.,(4,1,1,
1,2,1,1,2,4),(0.0120548707986935,0.725330528858492,1.04962952800532,1.37392852715215,
1.69822752629898,2.61137451425298,2.93869614823894,3.2660177822249,3.26955127805294),
 .UNSPECIFIED.);
#182=B_SPLINE_CURVE_WITH_KNOTS('',3,(#5933,#5934,#5935,#5936),
 .UNSPECIFIED.,.F.,.F.,(4,4),(2.43365952106103,3.54042267700799),
 .UNSPECIFIED.);
#183=B_SPLINE_CURVE_WITH_KNOTS('',3,(#5953,#5954,#5955,#5956,#5957,#5958,
#5959,#5960,#5961,#5962,#5963,#5964,#5965),.UNSPECIFIED.,.F.,.F.,(4,3,3,
3,4),(0.,0.276536650231569,0.557782870990676,0.833266641314438,1.0000000004334),
 .UNSPECIFIED.);
#184=B_SPLINE_CURVE_WITH_KNOTS('',3,(#6078,#6079,#6080,#6081,#6082,#6083,
#6084),.UNSPECIFIED.,.F.,.F.,(4,3,4),(0.,0.500000000015432,1.00000000003086),
 .UNSPECIFIED.);
#185=FACE_OUTER_BOUND('',#296,.T.);
#186=FACE_OUTER_BOUND('',#297,.T.);
#187=FACE_OUTER_BOUND('',#298,.T.);
#188=FACE_OUTER_BOUND('',#299,.T.);
#189=FACE_OUTER_BOUND('',#300,.T.);
#190=FACE_OUTER_BOUND('',#301,.T.);
#191=FACE_OUTER_BOUND('',#303,.T.);
#192=FACE_OUTER_BOUND('',#304,.T.);
#193=FACE_OUTER_BOUND('',#306,.T.);
#194=FACE_OUTER_BOUND('',#307,.T.);
#195=FACE_OUTER_BOUND('',#309,.T.);
#196=FACE_OUTER_BOUND('',#310,.T.);
#197=FACE_OUTER_BOUND('',#312,.T.);
#198=FACE_OUTER_BOUND('',#313,.T.);
#199=FACE_OUTER_BOUND('',#314,.T.);
#200=FACE_OUTER_BOUND('',#315,.T.);
#201=FACE_OUTER_BOUND('',#316,.T.);
#202=FACE_OUTER_BOUND('',#317,.T.);
#203=FACE_OUTER_BOUND('',#318,.T.);
#204=FACE_OUTER_BOUND('',#319,.T.);
#205=FACE_OUTER_BOUND('',#324,.T.);
#206=FACE_OUTER_BOUND('',#325,.T.);
#207=FACE_OUTER_BOUND('',#326,.T.);
#208=FACE_OUTER_BOUND('',#331,.T.);
#209=FACE_OUTER_BOUND('',#332,.T.);
#210=FACE_OUTER_BOUND('',#333,.T.);
#211=FACE_OUTER_BOUND('',#334,.T.);
#212=FACE_OUTER_BOUND('',#335,.T.);
#213=FACE_OUTER_BOUND('',#336,.T.);
#214=FACE_OUTER_BOUND('',#337,.T.);
#215=FACE_OUTER_BOUND('',#338,.T.);
#216=FACE_OUTER_BOUND('',#339,.T.);
#217=FACE_OUTER_BOUND('',#340,.T.);
#218=FACE_OUTER_BOUND('',#341,.T.);
#219=FACE_OUTER_BOUND('',#342,.T.);
#220=FACE_OUTER_BOUND('',#343,.T.);
#221=FACE_OUTER_BOUND('',#344,.T.);
#222=FACE_OUTER_BOUND('',#345,.T.);
#223=FACE_OUTER_BOUND('',#346,.T.);
#224=FACE_OUTER_BOUND('',#347,.T.);
#225=FACE_OUTER_BOUND('',#348,.T.);
#226=FACE_OUTER_BOUND('',#349,.T.);
#227=FACE_OUTER_BOUND('',#350,.T.);
#228=FACE_OUTER_BOUND('',#351,.T.);
#229=FACE_OUTER_BOUND('',#352,.T.);
#230=FACE_OUTER_BOUND('',#353,.T.);
#231=FACE_OUTER_BOUND('',#354,.T.);
#232=FACE_OUTER_BOUND('',#355,.T.);
#233=FACE_OUTER_BOUND('',#356,.T.);
#234=FACE_OUTER_BOUND('',#357,.T.);
#235=FACE_OUTER_BOUND('',#358,.T.);
#236=FACE_OUTER_BOUND('',#359,.T.);
#237=FACE_OUTER_BOUND('',#360,.T.);
#238=FACE_OUTER_BOUND('',#361,.T.);
#239=FACE_OUTER_BOUND('',#362,.T.);
#240=FACE_OUTER_BOUND('',#363,.T.);
#241=FACE_OUTER_BOUND('',#364,.T.);
#242=FACE_OUTER_BOUND('',#366,.T.);
#243=FACE_OUTER_BOUND('',#367,.T.);
#244=FACE_OUTER_BOUND('',#368,.T.);
#245=FACE_OUTER_BOUND('',#370,.T.);
#246=FACE_OUTER_BOUND('',#371,.T.);
#247=FACE_OUTER_BOUND('',#372,.T.);
#248=FACE_OUTER_BOUND('',#373,.T.);
#249=FACE_OUTER_BOUND('',#374,.T.);
#250=FACE_OUTER_BOUND('',#375,.T.);
#251=FACE_OUTER_BOUND('',#376,.T.);
#252=FACE_OUTER_BOUND('',#377,.T.);
#253=FACE_OUTER_BOUND('',#378,.T.);
#254=FACE_OUTER_BOUND('',#379,.T.);
#255=FACE_OUTER_BOUND('',#380,.T.);
#256=FACE_OUTER_BOUND('',#381,.T.);
#257=FACE_OUTER_BOUND('',#386,.T.);
#258=FACE_OUTER_BOUND('',#387,.T.);
#259=FACE_OUTER_BOUND('',#388,.T.);
#260=FACE_OUTER_BOUND('',#389,.T.);
#261=FACE_OUTER_BOUND('',#390,.T.);
#262=FACE_OUTER_BOUND('',#391,.T.);
#263=FACE_OUTER_BOUND('',#392,.T.);
#264=FACE_OUTER_BOUND('',#393,.T.);
#265=FACE_OUTER_BOUND('',#394,.T.);
#266=FACE_OUTER_BOUND('',#395,.T.);
#267=FACE_OUTER_BOUND('',#396,.T.);
#268=FACE_OUTER_BOUND('',#397,.T.);
#269=FACE_OUTER_BOUND('',#398,.T.);
#270=FACE_OUTER_BOUND('',#399,.T.);
#271=FACE_OUTER_BOUND('',#400,.T.);
#272=FACE_OUTER_BOUND('',#410,.T.);
#273=FACE_OUTER_BOUND('',#411,.T.);
#274=FACE_OUTER_BOUND('',#412,.T.);
#275=FACE_OUTER_BOUND('',#413,.T.);
#276=FACE_OUTER_BOUND('',#414,.T.);
#277=FACE_OUTER_BOUND('',#415,.T.);
#278=FACE_OUTER_BOUND('',#416,.T.);
#279=FACE_OUTER_BOUND('',#417,.T.);
#280=FACE_OUTER_BOUND('',#418,.T.);
#281=FACE_OUTER_BOUND('',#419,.T.);
#282=FACE_OUTER_BOUND('',#420,.T.);
#283=FACE_OUTER_BOUND('',#421,.T.);
#284=FACE_OUTER_BOUND('',#422,.T.);
#285=FACE_OUTER_BOUND('',#423,.T.);
#286=FACE_OUTER_BOUND('',#424,.T.);
#287=FACE_OUTER_BOUND('',#425,.T.);
#288=FACE_OUTER_BOUND('',#426,.T.);
#289=FACE_OUTER_BOUND('',#427,.T.);
#290=FACE_OUTER_BOUND('',#428,.T.);
#291=FACE_OUTER_BOUND('',#429,.T.);
#292=FACE_OUTER_BOUND('',#430,.T.);
#293=FACE_OUTER_BOUND('',#431,.T.);
#294=FACE_OUTER_BOUND('',#432,.T.);
#295=FACE_OUTER_BOUND('',#433,.T.);
#296=EDGE_LOOP('',(#1317,#1318,#1319,#1320));
#297=EDGE_LOOP('',(#1321,#1322,#1323,#1324));
#298=EDGE_LOOP('',(#1325,#1326,#1327,#1328));
#299=EDGE_LOOP('',(#1329,#1330,#1331,#1332));
#300=EDGE_LOOP('',(#1333,#1334,#1335,#1336,#1337));
#301=EDGE_LOOP('',(#1338));
#302=EDGE_LOOP('',(#1339));
#303=EDGE_LOOP('',(#1340,#1341,#1342,#1343,#1344));
#304=EDGE_LOOP('',(#1345));
#305=EDGE_LOOP('',(#1346));
#306=EDGE_LOOP('',(#1347,#1348,#1349,#1350,#1351));
#307=EDGE_LOOP('',(#1352));
#308=EDGE_LOOP('',(#1353));
#309=EDGE_LOOP('',(#1354,#1355,#1356,#1357,#1358));
#310=EDGE_LOOP('',(#1359));
#311=EDGE_LOOP('',(#1360));
#312=EDGE_LOOP('',(#1361,#1362,#1363,#1364));
#313=EDGE_LOOP('',(#1365,#1366,#1367,#1368));
#314=EDGE_LOOP('',(#1369,#1370,#1371,#1372));
#315=EDGE_LOOP('',(#1373,#1374,#1375,#1376));
#316=EDGE_LOOP('',(#1377,#1378,#1379,#1380,#1381));
#317=EDGE_LOOP('',(#1382,#1383,#1384,#1385));
#318=EDGE_LOOP('',(#1386,#1387,#1388,#1389,#1390,#1391,#1392,#1393,#1394,
#1395,#1396,#1397,#1398,#1399,#1400,#1401,#1402,#1403));
#319=EDGE_LOOP('',(#1404,#1405,#1406,#1407,#1408,#1409,#1410,#1411,#1412,
#1413,#1414,#1415,#1416,#1417,#1418,#1419));
#320=EDGE_LOOP('',(#1420,#1421));
#321=EDGE_LOOP('',(#1422,#1423));
#322=EDGE_LOOP('',(#1424,#1425));
#323=EDGE_LOOP('',(#1426,#1427));
#324=EDGE_LOOP('',(#1428,#1429,#1430,#1431));
#325=EDGE_LOOP('',(#1432,#1433,#1434,#1435,#1436,#1437,#1438,#1439,#1440,
#1441));
#326=EDGE_LOOP('',(#1442,#1443,#1444,#1445,#1446,#1447,#1448,#1449,#1450,
#1451,#1452,#1453,#1454,#1455,#1456,#1457,#1458,#1459,#1460,#1461,#1462,
#1463,#1464,#1465,#1466,#1467,#1468,#1469,#1470,#1471));
#327=EDGE_LOOP('',(#1472));
#328=EDGE_LOOP('',(#1473));
#329=EDGE_LOOP('',(#1474));
#330=EDGE_LOOP('',(#1475,#1476,#1477,#1478));
#331=EDGE_LOOP('',(#1479,#1480,#1481,#1482));
#332=EDGE_LOOP('',(#1483,#1484,#1485,#1486,#1487,#1488,#1489,#1490,#1491,
#1492));
#333=EDGE_LOOP('',(#1493,#1494,#1495,#1496));
#334=EDGE_LOOP('',(#1497,#1498,#1499,#1500));
#335=EDGE_LOOP('',(#1501,#1502,#1503,#1504,#1505));
#336=EDGE_LOOP('',(#1506,#1507,#1508,#1509,#1510));
#337=EDGE_LOOP('',(#1511,#1512,#1513,#1514));
#338=EDGE_LOOP('',(#1515,#1516,#1517,#1518));
#339=EDGE_LOOP('',(#1519,#1520,#1521,#1522,#1523));
#340=EDGE_LOOP('',(#1524,#1525,#1526,#1527,#1528));
#341=EDGE_LOOP('',(#1529,#1530,#1531,#1532,#1533));
#342=EDGE_LOOP('',(#1534,#1535,#1536,#1537,#1538,#1539,#1540));
#343=EDGE_LOOP('',(#1541,#1542,#1543,#1544,#1545));
#344=EDGE_LOOP('',(#1546,#1547,#1548,#1549,#1550));
#345=EDGE_LOOP('',(#1551,#1552,#1553,#1554,#1555));
#346=EDGE_LOOP('',(#1556,#1557,#1558,#1559,#1560,#1561,#1562));
#347=EDGE_LOOP('',(#1563,#1564,#1565));
#348=EDGE_LOOP('',(#1566,#1567,#1568,#1569,#1570));
#349=EDGE_LOOP('',(#1571,#1572,#1573,#1574));
#350=EDGE_LOOP('',(#1575,#1576,#1577,#1578));
#351=EDGE_LOOP('',(#1579,#1580,#1581,#1582));
#352=EDGE_LOOP('',(#1583,#1584,#1585,#1586));
#353=EDGE_LOOP('',(#1587,#1588,#1589,#1590,#1591));
#354=EDGE_LOOP('',(#1592,#1593,#1594,#1595));
#355=EDGE_LOOP('',(#1596,#1597,#1598,#1599,#1600));
#356=EDGE_LOOP('',(#1601,#1602,#1603,#1604));
#357=EDGE_LOOP('',(#1605,#1606,#1607,#1608));
#358=EDGE_LOOP('',(#1609));
#359=EDGE_LOOP('',(#1610,#1611,#1612));
#360=EDGE_LOOP('',(#1613,#1614,#1615));
#361=EDGE_LOOP('',(#1616,#1617,#1618,#1619));
#362=EDGE_LOOP('',(#1620,#1621,#1622,#1623));
#363=EDGE_LOOP('',(#1624,#1625,#1626,#1627));
#364=EDGE_LOOP('',(#1628,#1629,#1630,#1631));
#365=EDGE_LOOP('',(#1632));
#366=EDGE_LOOP('',(#1633,#1634,#1635,#1636));
#367=EDGE_LOOP('',(#1637,#1638,#1639,#1640));
#368=EDGE_LOOP('',(#1641,#1642,#1643,#1644,#1645,#1646,#1647,#1648));
#369=EDGE_LOOP('',(#1649));
#370=EDGE_LOOP('',(#1650,#1651,#1652,#1653));
#371=EDGE_LOOP('',(#1654,#1655,#1656,#1657));
#372=EDGE_LOOP('',(#1658,#1659,#1660,#1661));
#373=EDGE_LOOP('',(#1662,#1663,#1664,#1665));
#374=EDGE_LOOP('',(#1666,#1667,#1668));
#375=EDGE_LOOP('',(#1669,#1670,#1671,#1672,#1673,#1674,#1675,#1676));
#376=EDGE_LOOP('',(#1677,#1678,#1679,#1680));
#377=EDGE_LOOP('',(#1681,#1682,#1683));
#378=EDGE_LOOP('',(#1684,#1685,#1686,#1687));
#379=EDGE_LOOP('',(#1688,#1689,#1690));
#380=EDGE_LOOP('',(#1691,#1692,#1693,#1694));
#381=EDGE_LOOP('',(#1695,#1696));
#382=EDGE_LOOP('',(#1697));
#383=EDGE_LOOP('',(#1698));
#384=EDGE_LOOP('',(#1699));
#385=EDGE_LOOP('',(#1700));
#386=EDGE_LOOP('',(#1701,#1702,#1703,#1704));
#387=EDGE_LOOP('',(#1705,#1706,#1707,#1708));
#388=EDGE_LOOP('',(#1709,#1710,#1711,#1712));
#389=EDGE_LOOP('',(#1713,#1714,#1715,#1716));
#390=EDGE_LOOP('',(#1717,#1718,#1719,#1720));
#391=EDGE_LOOP('',(#1721,#1722,#1723,#1724));
#392=EDGE_LOOP('',(#1725,#1726,#1727,#1728));
#393=EDGE_LOOP('',(#1729,#1730,#1731,#1732));
#394=EDGE_LOOP('',(#1733,#1734,#1735,#1736));
#395=EDGE_LOOP('',(#1737,#1738,#1739,#1740));
#396=EDGE_LOOP('',(#1741,#1742,#1743,#1744));
#397=EDGE_LOOP('',(#1745,#1746,#1747,#1748));
#398=EDGE_LOOP('',(#1749,#1750,#1751,#1752));
#399=EDGE_LOOP('',(#1753,#1754,#1755,#1756));
#400=EDGE_LOOP('',(#1757,#1758,#1759,#1760,#1761,#1762,#1763,#1764,#1765,
#1766,#1767,#1768,#1769,#1770,#1771,#1772,#1773,#1774,#1775,#1776,#1777,
#1778));
#401=EDGE_LOOP('',(#1779));
#402=EDGE_LOOP('',(#1780));
#403=EDGE_LOOP('',(#1781));
#404=EDGE_LOOP('',(#1782,#1783,#1784,#1785));
#405=EDGE_LOOP('',(#1786,#1787,#1788,#1789));
#406=EDGE_LOOP('',(#1790));
#407=EDGE_LOOP('',(#1791));
#408=EDGE_LOOP('',(#1792));
#409=EDGE_LOOP('',(#1793));
#410=EDGE_LOOP('',(#1794,#1795,#1796,#1797));
#411=EDGE_LOOP('',(#1798,#1799,#1800,#1801));
#412=EDGE_LOOP('',(#1802,#1803,#1804,#1805));
#413=EDGE_LOOP('',(#1806,#1807,#1808,#1809));
#414=EDGE_LOOP('',(#1810,#1811,#1812,#1813));
#415=EDGE_LOOP('',(#1814,#1815,#1816,#1817));
#416=EDGE_LOOP('',(#1818,#1819,#1820,#1821));
#417=EDGE_LOOP('',(#1822,#1823,#1824,#1825));
#418=EDGE_LOOP('',(#1826,#1827,#1828,#1829));
#419=EDGE_LOOP('',(#1830,#1831,#1832,#1833));
#420=EDGE_LOOP('',(#1834,#1835,#1836,#1837));
#421=EDGE_LOOP('',(#1838,#1839,#1840,#1841));
#422=EDGE_LOOP('',(#1842,#1843,#1844,#1845));
#423=EDGE_LOOP('',(#1846,#1847,#1848,#1849));
#424=EDGE_LOOP('',(#1850,#1851,#1852,#1853));
#425=EDGE_LOOP('',(#1854,#1855,#1856,#1857));
#426=EDGE_LOOP('',(#1858,#1859,#1860,#1861));
#427=EDGE_LOOP('',(#1862,#1863,#1864,#1865));
#428=EDGE_LOOP('',(#1866,#1867,#1868,#1869));
#429=EDGE_LOOP('',(#1870,#1871,#1872,#1873));
#430=EDGE_LOOP('',(#1874,#1875,#1876,#1877));
#431=EDGE_LOOP('',(#1878,#1879,#1880,#1881));
#432=EDGE_LOOP('',(#1882,#1883,#1884,#1885));
#433=EDGE_LOOP('',(#1886,#1887,#1888,#1889,#1890,#1891,#1892,#1893,#1894,
#1895,#1896,#1897,#1898,#1899,#1900,#1901,#1902,#1903,#1904,#1905,#1906,
#1907));
#434=EDGE_LOOP('',(#1908));
#435=EDGE_LOOP('',(#1909));
#436=EDGE_LOOP('',(#1910));
#437=EDGE_LOOP('',(#1911,#1912,#1913,#1914));
#438=EDGE_LOOP('',(#1915,#1916,#1917,#1918));
#439=EDGE_LOOP('',(#1919));
#440=EDGE_LOOP('',(#1920));
#441=EDGE_LOOP('',(#1921));
#442=EDGE_LOOP('',(#1922));
#443=LINE('',#2808,#580);
#444=LINE('',#2814,#581);
#445=LINE('',#2820,#582);
#446=LINE('',#2826,#583);
#447=LINE('',#2832,#584);
#448=LINE('',#2885,#585);
#449=LINE('',#2943,#586);
#450=LINE('',#3001,#587);
#451=LINE('',#3550,#588);
#452=LINE('',#3553,#589);
#453=LINE('',#3561,#590);
#454=LINE('',#3562,#591);
#455=LINE('',#5197,#592);
#456=LINE('',#5200,#593);
#457=LINE('',#5203,#594);
#458=LINE('',#5205,#595);
#459=LINE('',#5207,#596);
#460=LINE('',#5209,#597);
#461=LINE('',#5211,#598);
#462=LINE('',#5237,#599);
#463=LINE('',#5238,#600);
#464=LINE('',#5241,#601);
#465=LINE('',#5245,#602);
#466=LINE('',#5253,#603);
#467=LINE('',#5258,#604);
#468=LINE('',#5259,#605);
#469=LINE('',#5263,#606);
#470=LINE('',#5267,#607);
#471=LINE('',#5279,#608);
#472=LINE('',#5297,#609);
#473=LINE('',#5299,#610);
#474=LINE('',#5301,#611);
#475=LINE('',#5302,#612);
#476=LINE('',#5305,#613);
#477=LINE('',#5308,#614);
#478=LINE('',#5311,#615);
#479=LINE('',#5313,#616);
#480=LINE('',#5333,#617);
#481=LINE('',#5335,#618);
#482=LINE('',#5336,#619);
#483=LINE('',#5341,#620);
#484=LINE('',#5591,#621);
#485=LINE('',#5594,#622);
#486=LINE('',#5611,#623);
#487=LINE('',#5624,#624);
#488=LINE('',#5625,#625);
#489=LINE('',#5635,#626);
#490=LINE('',#5648,#627);
#491=LINE('',#5663,#628);
#492=LINE('',#5664,#629);
#493=LINE('',#5711,#630);
#494=LINE('',#5712,#631);
#495=LINE('',#5815,#632);
#496=LINE('',#5818,#633);
#497=LINE('',#5822,#634);
#498=LINE('',#5828,#635);
#499=LINE('',#5834,#636);
#500=LINE('',#5839,#637);
#501=LINE('',#5841,#638);
#502=LINE('',#5843,#639);
#503=LINE('',#5844,#640);
#504=LINE('',#5846,#641);
#505=LINE('',#5847,#642);
#506=LINE('',#5849,#643);
#507=LINE('',#5852,#644);
#508=LINE('',#5855,#645);
#509=LINE('',#6155,#646);
#510=LINE('',#6158,#647);
#511=LINE('',#6161,#648);
#512=LINE('',#6163,#649);
#513=LINE('',#6164,#650);
#514=LINE('',#6170,#651);
#515=LINE('',#6173,#652);
#516=LINE('',#6176,#653);
#517=LINE('',#6178,#654);
#518=LINE('',#6179,#655);
#519=LINE('',#6185,#656);
#520=LINE('',#6188,#657);
#521=LINE('',#6191,#658);
#522=LINE('',#6193,#659);
#523=LINE('',#6194,#660);
#524=LINE('',#6200,#661);
#525=LINE('',#6203,#662);
#526=LINE('',#6206,#663);
#527=LINE('',#6208,#664);
#528=LINE('',#6209,#665);
#529=LINE('',#6215,#666);
#530=LINE('',#6218,#667);
#531=LINE('',#6221,#668);
#532=LINE('',#6223,#669);
#533=LINE('',#6224,#670);
#534=LINE('',#6230,#671);
#535=LINE('',#6233,#672);
#536=LINE('',#6236,#673);
#537=LINE('',#6238,#674);
#538=LINE('',#6239,#675);
#539=LINE('',#6245,#676);
#540=LINE('',#6247,#677);
#541=LINE('',#6248,#678);
#542=LINE('',#6254,#679);
#543=LINE('',#6259,#680);
#544=LINE('',#6269,#681);
#545=LINE('',#6271,#682);
#546=LINE('',#6273,#683);
#547=LINE('',#6274,#684);
#548=LINE('',#6277,#685);
#549=LINE('',#6279,#686);
#550=LINE('',#6281,#687);
#551=LINE('',#6282,#688);
#552=LINE('',#6296,#689);
#553=LINE('',#6300,#690);
#554=LINE('',#6304,#691);
#555=LINE('',#6308,#692);
#556=LINE('',#6312,#693);
#557=LINE('',#6316,#694);
#558=LINE('',#6319,#695);
#559=LINE('',#6321,#696);
#560=LINE('',#6322,#697);
#561=LINE('',#6325,#698);
#562=LINE('',#6326,#699);
#563=LINE('',#6329,#700);
#564=LINE('',#6330,#701);
#565=LINE('',#6332,#702);
#566=LINE('',#6335,#703);
#567=LINE('',#6337,#704);
#568=LINE('',#6338,#705);
#569=LINE('',#6341,#706);
#570=LINE('',#6342,#707);
#571=LINE('',#6345,#708);
#572=LINE('',#6346,#709);
#573=LINE('',#6348,#710);
#574=LINE('',#6352,#711);
#575=LINE('',#6356,#712);
#576=LINE('',#6360,#713);
#577=LINE('',#6364,#714);
#578=LINE('',#6369,#715);
#579=LINE('',#6370,#716);
#580=VECTOR('',#2292,1.);
#581=VECTOR('',#2299,1.);
#582=VECTOR('',#2306,0.999999999999996);
#583=VECTOR('',#2313,1.);
#584=VECTOR('',#2320,3.00000000000001);
#585=VECTOR('',#2327,3.);
#586=VECTOR('',#2334,3.);
#587=VECTOR('',#2341,3.);
#588=VECTOR('',#2350,10.);
#589=VECTOR('',#2353,10.);
#590=VECTOR('',#2356,10.);
#591=VECTOR('',#2357,10.);
#592=VECTOR('',#2368,10.);
#593=VECTOR('',#2371,10.);
#594=VECTOR('',#2374,10.);
#595=VECTOR('',#2375,4.);
#596=VECTOR('',#2376,10.);
#597=VECTOR('',#2377,4.);
#598=VECTOR('',#2378,10.);
#599=VECTOR('',#2379,10.);
#600=VECTOR('',#2380,10.);
#601=VECTOR('',#2383,10.);
#602=VECTOR('',#2386,10.);
#603=VECTOR('',#2393,10.);
#604=VECTOR('',#2394,10.);
#605=VECTOR('',#2395,10.);
#606=VECTOR('',#2398,10.);
#607=VECTOR('',#2401,10.);
#608=VECTOR('',#2402,10.);
#609=VECTOR('',#2415,10.);
#610=VECTOR('',#2416,10.);
#611=VECTOR('',#2417,10.);
#612=VECTOR('',#2418,10.);
#613=VECTOR('',#2421,10.);
#614=VECTOR('',#2424,10.);
#615=VECTOR('',#2427,10.);
#616=VECTOR('',#2428,10.);
#617=VECTOR('',#2429,3.99999999999999);
#618=VECTOR('',#2430,10.);
#619=VECTOR('',#2431,3.99999999999999);
#620=VECTOR('',#2436,10.);
#621=VECTOR('',#2449,10.);
#622=VECTOR('',#2452,3.99999999999999);
#623=VECTOR('',#2459,3.99999999999999);
#624=VECTOR('',#2462,10.);
#625=VECTOR('',#2463,10.);
#626=VECTOR('',#2476,4.);
#627=VECTOR('',#2479,4.);
#628=VECTOR('',#2484,10.);
#629=VECTOR('',#2485,10.);
#630=VECTOR('',#2504,10.);
#631=VECTOR('',#2505,10.);
#632=VECTOR('',#2512,1.49999999999999);
#633=VECTOR('',#2517,1.49999999999999);
#634=VECTOR('',#2522,1.49999999999999);
#635=VECTOR('',#2533,10.);
#636=VECTOR('',#2540,8.99999999999999);
#637=VECTOR('',#2545,10.);
#638=VECTOR('',#2546,10.);
#639=VECTOR('',#2547,10.);
#640=VECTOR('',#2548,10.);
#641=VECTOR('',#2551,10.);
#642=VECTOR('',#2552,10.);
#643=VECTOR('',#2555,10.);
#644=VECTOR('',#2560,10.);
#645=VECTOR('',#2565,10.);
#646=VECTOR('',#2578,4.);
#647=VECTOR('',#2581,4.);
#648=VECTOR('',#2584,10.);
#649=VECTOR('',#2585,10.);
#650=VECTOR('',#2586,10.);
#651=VECTOR('',#2591,4.);
#652=VECTOR('',#2594,4.);
#653=VECTOR('',#2597,10.);
#654=VECTOR('',#2598,10.);
#655=VECTOR('',#2599,10.);
#656=VECTOR('',#2604,3.99999999999999);
#657=VECTOR('',#2607,3.99999999999999);
#658=VECTOR('',#2610,10.);
#659=VECTOR('',#2611,10.);
#660=VECTOR('',#2612,10.);
#661=VECTOR('',#2617,3.99999999999999);
#662=VECTOR('',#2620,3.99999999999999);
#663=VECTOR('',#2623,10.);
#664=VECTOR('',#2624,10.);
#665=VECTOR('',#2625,10.);
#666=VECTOR('',#2630,10.);
#667=VECTOR('',#2633,10.);
#668=VECTOR('',#2636,10.);
#669=VECTOR('',#2637,10.);
#670=VECTOR('',#2638,10.);
#671=VECTOR('',#2643,10.);
#672=VECTOR('',#2646,10.);
#673=VECTOR('',#2649,10.);
#674=VECTOR('',#2650,10.);
#675=VECTOR('',#2651,10.);
#676=VECTOR('',#2658,10.);
#677=VECTOR('',#2661,10.);
#678=VECTOR('',#2662,10.);
#679=VECTOR('',#2669,10.);
#680=VECTOR('',#2676,10.);
#681=VECTOR('',#2685,10.);
#682=VECTOR('',#2686,10.);
#683=VECTOR('',#2687,10.);
#684=VECTOR('',#2688,10.);
#685=VECTOR('',#2689,10.);
#686=VECTOR('',#2690,10.);
#687=VECTOR('',#2691,10.);
#688=VECTOR('',#2692,10.);
#689=VECTOR('',#2709,10.);
#690=VECTOR('',#2714,10.);
#691=VECTOR('',#2719,0.999999999999996);
#692=VECTOR('',#2724,0.999999999999996);
#693=VECTOR('',#2729,1.49999999999999);
#694=VECTOR('',#2734,0.999999999999996);
#695=VECTOR('',#2737,10.);
#696=VECTOR('',#2738,10.);
#697=VECTOR('',#2739,10.);
#698=VECTOR('',#2742,10.);
#699=VECTOR('',#2743,10.);
#700=VECTOR('',#2746,10.);
#701=VECTOR('',#2747,10.);
#702=VECTOR('',#2750,10.);
#703=VECTOR('',#2753,10.);
#704=VECTOR('',#2754,10.);
#705=VECTOR('',#2755,10.);
#706=VECTOR('',#2758,10.);
#707=VECTOR('',#2759,10.);
#708=VECTOR('',#2762,10.);
#709=VECTOR('',#2763,10.);
#710=VECTOR('',#2766,10.);
#711=VECTOR('',#2771,1.49999999999999);
#712=VECTOR('',#2776,1.49999999999999);
#713=VECTOR('',#2781,0.999999999999996);
#714=VECTOR('',#2788,10.);
#715=VECTOR('',#2795,10.);
#716=VECTOR('',#2796,10.);
#717=CIRCLE('',#2098,1.);
#718=CIRCLE('',#2099,1.);
#719=CIRCLE('',#2101,1.);
#720=CIRCLE('',#2102,1.);
#721=CIRCLE('',#2104,0.999999999999996);
#722=CIRCLE('',#2105,0.999999999999996);
#723=CIRCLE('',#2107,1.);
#724=CIRCLE('',#2108,1.);
#725=CIRCLE('',#2110,3.00000000000001);
#726=CIRCLE('',#2113,3.);
#727=CIRCLE('',#2116,3.);
#728=CIRCLE('',#2119,3.);
#729=CIRCLE('',#2121,2.);
#730=CIRCLE('',#2122,2.00000000000005);
#731=CIRCLE('',#2124,2.);
#732=CIRCLE('',#2126,2.00000000000001);
#733=CIRCLE('',#2127,22.5);
#734=CIRCLE('',#2128,22.5);
#735=CIRCLE('',#2130,2.);
#736=CIRCLE('',#2131,2.);
#737=CIRCLE('',#2134,2.);
#738=CIRCLE('',#2135,3.99999999999999);
#739=CIRCLE('',#2136,3.5);
#740=CIRCLE('',#2137,3.99999999999999);
#741=CIRCLE('',#2138,3.50000000000001);
#742=CIRCLE('',#2139,2.);
#743=CIRCLE('',#2140,4.);
#744=CIRCLE('',#2141,3.5);
#745=CIRCLE('',#2142,4.);
#746=CIRCLE('',#2143,1.49999999999999);
#747=CIRCLE('',#2144,1.49999999999999);
#748=CIRCLE('',#2145,1.49999999999999);
#749=CIRCLE('',#2147,2.);
#750=CIRCLE('',#2150,2.);
#751=CIRCLE('',#2151,2.);
#752=CIRCLE('',#2152,1.99999999999996);
#753=CIRCLE('',#2153,2.);
#754=CIRCLE('',#2154,2.);
#755=CIRCLE('',#2156,2.);
#756=CIRCLE('',#2158,3.99999999999999);
#757=CIRCLE('',#2160,3.99999999999999);
#758=CIRCLE('',#2163,1.49999999999999);
#759=CIRCLE('',#2164,1.49999999999999);
#760=CIRCLE('',#2165,3.5);
#761=CIRCLE('',#2167,4.);
#762=CIRCLE('',#2169,4.);
#763=CIRCLE('',#2172,1.49999999999999);
#764=CIRCLE('',#2173,1.49999999999999);
#765=CIRCLE('',#2174,3.5);
#766=CIRCLE('',#2176,1.99999999999999);
#767=CIRCLE('',#2177,2.00000000000001);
#768=CIRCLE('',#2178,2.);
#769=CIRCLE('',#2180,1.99999999999998);
#770=CIRCLE('',#2187,1.49999999999999);
#771=CIRCLE('',#2194,8.99999999999999);
#772=CIRCLE('',#2195,8.99999999999999);
#773=CIRCLE('',#2200,22.5);
#774=CIRCLE('',#2208,4.);
#775=CIRCLE('',#2209,4.);
#776=CIRCLE('',#2212,4.);
#777=CIRCLE('',#2213,4.);
#778=CIRCLE('',#2216,3.99999999999999);
#779=CIRCLE('',#2217,3.99999999999999);
#780=CIRCLE('',#2220,3.99999999999999);
#781=CIRCLE('',#2221,3.99999999999999);
#782=CIRCLE('',#2224,2.);
#783=CIRCLE('',#2225,2.);
#784=CIRCLE('',#2228,2.);
#785=CIRCLE('',#2229,2.);
#786=CIRCLE('',#2232,2.);
#787=CIRCLE('',#2233,2.);
#788=CIRCLE('',#2236,3.5);
#789=CIRCLE('',#2237,2.);
#790=CIRCLE('',#2238,2.);
#791=CIRCLE('',#2239,3.5);
#792=CIRCLE('',#2240,2.);
#793=CIRCLE('',#2241,3.00000000000001);
#794=CIRCLE('',#2242,0.999999999999996);
#795=CIRCLE('',#2243,1.49999999999999);
#796=CIRCLE('',#2244,1.49999999999999);
#797=CIRCLE('',#2245,0.999999999999996);
#798=CIRCLE('',#2246,1.49999999999999);
#799=CIRCLE('',#2247,0.999999999999996);
#800=CIRCLE('',#2248,0.999999999999996);
#801=CIRCLE('',#2250,2.);
#802=CIRCLE('',#2252,2.);
#803=CIRCLE('',#2254,2.);
#804=CIRCLE('',#2256,0.999999999999996);
#805=CIRCLE('',#2258,0.999999999999996);
#806=CIRCLE('',#2260,1.49999999999999);
#807=CIRCLE('',#2262,0.999999999999996);
#808=CIRCLE('',#2272,1.49999999999999);
#809=CIRCLE('',#2274,1.49999999999999);
#810=CIRCLE('',#2276,0.999999999999996);
#811=CIRCLE('',#2278,3.5);
#812=CIRCLE('',#2281,3.5);
#813=CIRCLE('',#2284,3.00000000000001);
#814=VERTEX_POINT('',#2805);
#815=VERTEX_POINT('',#2807);
#816=VERTEX_POINT('',#2811);
#817=VERTEX_POINT('',#2813);
#818=VERTEX_POINT('',#2817);
#819=VERTEX_POINT('',#2819);
#820=VERTEX_POINT('',#2823);
#821=VERTEX_POINT('',#2825);
#822=VERTEX_POINT('',#2829);
#823=VERTEX_POINT('',#2831);
#824=VERTEX_POINT('',#2833);
#825=VERTEX_POINT('',#2882);
#826=VERTEX_POINT('',#2884);
#827=VERTEX_POINT('',#2886);
#828=VERTEX_POINT('',#2940);
#829=VERTEX_POINT('',#2942);
#830=VERTEX_POINT('',#2944);
#831=VERTEX_POINT('',#2998);
#832=VERTEX_POINT('',#3000);
#833=VERTEX_POINT('',#3002);
#834=VERTEX_POINT('',#3078);
#835=VERTEX_POINT('',#3079);
#836=VERTEX_POINT('',#3081);
#837=VERTEX_POINT('',#3087);
#838=VERTEX_POINT('',#3144);
#839=VERTEX_POINT('',#3145);
#840=VERTEX_POINT('',#3449);
#841=VERTEX_POINT('',#3490);
#842=VERTEX_POINT('',#3549);
#843=VERTEX_POINT('',#3551);
#844=VERTEX_POINT('',#3555);
#845=VERTEX_POINT('',#3560);
#846=VERTEX_POINT('',#3583);
#847=VERTEX_POINT('',#3875);
#848=VERTEX_POINT('',#3881);
#849=VERTEX_POINT('',#3889);
#850=VERTEX_POINT('',#3891);
#851=VERTEX_POINT('',#3900);
#852=VERTEX_POINT('',#3908);
#853=VERTEX_POINT('',#3915);
#854=VERTEX_POINT('',#3925);
#855=VERTEX_POINT('',#3945);
#856=VERTEX_POINT('',#3950);
#857=VERTEX_POINT('',#3955);
#858=VERTEX_POINT('',#3960);
#859=VERTEX_POINT('',#3965);
#860=VERTEX_POINT('',#3972);
#861=VERTEX_POINT('',#3977);
#862=VERTEX_POINT('',#5112);
#863=VERTEX_POINT('',#5117);
#864=VERTEX_POINT('',#5122);
#865=VERTEX_POINT('',#5127);
#866=VERTEX_POINT('',#5134);
#867=VERTEX_POINT('',#5145);
#868=VERTEX_POINT('',#5151);
#869=VERTEX_POINT('',#5161);
#870=VERTEX_POINT('',#5170);
#871=VERTEX_POINT('',#5193);
#872=VERTEX_POINT('',#5194);
#873=VERTEX_POINT('',#5196);
#874=VERTEX_POINT('',#5198);
#875=VERTEX_POINT('',#5202);
#876=VERTEX_POINT('',#5204);
#877=VERTEX_POINT('',#5206);
#878=VERTEX_POINT('',#5208);
#879=VERTEX_POINT('',#5210);
#880=VERTEX_POINT('',#5212);
#881=VERTEX_POINT('',#5231);
#882=VERTEX_POINT('',#5236);
#883=VERTEX_POINT('',#5240);
#884=VERTEX_POINT('',#5242);
#885=VERTEX_POINT('',#5244);
#886=VERTEX_POINT('',#5246);
#887=VERTEX_POINT('',#5248);
#888=VERTEX_POINT('',#5250);
#889=VERTEX_POINT('',#5252);
#890=VERTEX_POINT('',#5260);
#891=VERTEX_POINT('',#5262);
#892=VERTEX_POINT('',#5264);
#893=VERTEX_POINT('',#5266);
#894=VERTEX_POINT('',#5278);
#895=VERTEX_POINT('',#5284);
#896=VERTEX_POINT('',#5286);
#897=VERTEX_POINT('',#5289);
#898=VERTEX_POINT('',#5291);
#899=VERTEX_POINT('',#5293);
#900=VERTEX_POINT('',#5295);
#901=VERTEX_POINT('',#5296);
#902=VERTEX_POINT('',#5298);
#903=VERTEX_POINT('',#5300);
#904=VERTEX_POINT('',#5304);
#905=VERTEX_POINT('',#5306);
#906=VERTEX_POINT('',#5310);
#907=VERTEX_POINT('',#5312);
#908=VERTEX_POINT('',#5314);
#909=VERTEX_POINT('',#5332);
#910=VERTEX_POINT('',#5334);
#911=VERTEX_POINT('',#5338);
#912=VERTEX_POINT('',#5340);
#913=VERTEX_POINT('',#5544);
#914=VERTEX_POINT('',#5581);
#915=VERTEX_POINT('',#5589);
#916=VERTEX_POINT('',#5593);
#917=VERTEX_POINT('',#5595);
#918=VERTEX_POINT('',#5608);
#919=VERTEX_POINT('',#5609);
#920=VERTEX_POINT('',#5623);
#921=VERTEX_POINT('',#5627);
#922=VERTEX_POINT('',#5632);
#923=VERTEX_POINT('',#5633);
#924=VERTEX_POINT('',#5647);
#925=VERTEX_POINT('',#5649);
#926=VERTEX_POINT('',#5662);
#927=VERTEX_POINT('',#5666);
#928=VERTEX_POINT('',#5671);
#929=VERTEX_POINT('',#5673);
#930=VERTEX_POINT('',#5737);
#931=VERTEX_POINT('',#5821);
#932=VERTEX_POINT('',#5831);
#933=VERTEX_POINT('',#5833);
#934=VERTEX_POINT('',#5837);
#935=VERTEX_POINT('',#5838);
#936=VERTEX_POINT('',#5840);
#937=VERTEX_POINT('',#5842);
#938=VERTEX_POINT('',#5896);
#939=VERTEX_POINT('',#5919);
#940=VERTEX_POINT('',#6151);
#941=VERTEX_POINT('',#6152);
#942=VERTEX_POINT('',#6154);
#943=VERTEX_POINT('',#6156);
#944=VERTEX_POINT('',#6160);
#945=VERTEX_POINT('',#6162);
#946=VERTEX_POINT('',#6166);
#947=VERTEX_POINT('',#6167);
#948=VERTEX_POINT('',#6169);
#949=VERTEX_POINT('',#6171);
#950=VERTEX_POINT('',#6175);
#951=VERTEX_POINT('',#6177);
#952=VERTEX_POINT('',#6181);
#953=VERTEX_POINT('',#6182);
#954=VERTEX_POINT('',#6184);
#955=VERTEX_POINT('',#6186);
#956=VERTEX_POINT('',#6190);
#957=VERTEX_POINT('',#6192);
#958=VERTEX_POINT('',#6196);
#959=VERTEX_POINT('',#6197);
#960=VERTEX_POINT('',#6199);
#961=VERTEX_POINT('',#6201);
#962=VERTEX_POINT('',#6205);
#963=VERTEX_POINT('',#6207);
#964=VERTEX_POINT('',#6211);
#965=VERTEX_POINT('',#6212);
#966=VERTEX_POINT('',#6214);
#967=VERTEX_POINT('',#6216);
#968=VERTEX_POINT('',#6220);
#969=VERTEX_POINT('',#6222);
#970=VERTEX_POINT('',#6226);
#971=VERTEX_POINT('',#6227);
#972=VERTEX_POINT('',#6229);
#973=VERTEX_POINT('',#6231);
#974=VERTEX_POINT('',#6235);
#975=VERTEX_POINT('',#6237);
#976=VERTEX_POINT('',#6241);
#977=VERTEX_POINT('',#6243);
#978=VERTEX_POINT('',#6251);
#979=VERTEX_POINT('',#6253);
#980=VERTEX_POINT('',#6258);
#981=VERTEX_POINT('',#6261);
#982=VERTEX_POINT('',#6263);
#983=VERTEX_POINT('',#6265);
#984=VERTEX_POINT('',#6267);
#985=VERTEX_POINT('',#6268);
#986=VERTEX_POINT('',#6270);
#987=VERTEX_POINT('',#6272);
#988=VERTEX_POINT('',#6275);
#989=VERTEX_POINT('',#6276);
#990=VERTEX_POINT('',#6278);
#991=VERTEX_POINT('',#6280);
#992=VERTEX_POINT('',#6283);
#993=VERTEX_POINT('',#6285);
#994=VERTEX_POINT('',#6287);
#995=VERTEX_POINT('',#6289);
#996=VERTEX_POINT('',#6294);
#997=VERTEX_POINT('',#6298);
#998=VERTEX_POINT('',#6302);
#999=VERTEX_POINT('',#6306);
#1000=VERTEX_POINT('',#6310);
#1001=VERTEX_POINT('',#6314);
#1002=VERTEX_POINT('',#6318);
#1003=VERTEX_POINT('',#6320);
#1004=VERTEX_POINT('',#6324);
#1005=VERTEX_POINT('',#6328);
#1006=VERTEX_POINT('',#6334);
#1007=VERTEX_POINT('',#6336);
#1008=VERTEX_POINT('',#6340);
#1009=VERTEX_POINT('',#6344);
#1010=VERTEX_POINT('',#6350);
#1011=VERTEX_POINT('',#6354);
#1012=VERTEX_POINT('',#6358);
#1013=VERTEX_POINT('',#6368);
#1014=EDGE_CURVE('',#814,#814,#717,.T.);
#1015=EDGE_CURVE('',#814,#815,#443,.T.);
#1016=EDGE_CURVE('',#815,#815,#718,.T.);
#1017=EDGE_CURVE('',#816,#816,#719,.T.);
#1018=EDGE_CURVE('',#816,#817,#444,.T.);
#1019=EDGE_CURVE('',#817,#817,#720,.T.);
#1020=EDGE_CURVE('',#818,#818,#721,.T.);
#1021=EDGE_CURVE('',#818,#819,#445,.T.);
#1022=EDGE_CURVE('',#819,#819,#722,.T.);
#1023=EDGE_CURVE('',#820,#820,#723,.T.);
#1024=EDGE_CURVE('',#820,#821,#446,.T.);
#1025=EDGE_CURVE('',#821,#821,#724,.T.);
#1026=EDGE_CURVE('',#822,#822,#725,.T.);
#1027=EDGE_CURVE('',#822,#823,#447,.T.);
#1028=EDGE_CURVE('',#824,#823,#116,.T.);
#1029=EDGE_CURVE('',#823,#824,#117,.T.);
#1030=EDGE_CURVE('',#825,#825,#726,.T.);
#1031=EDGE_CURVE('',#825,#826,#448,.T.);
#1032=EDGE_CURVE('',#827,#826,#118,.T.);
#1033=EDGE_CURVE('',#826,#827,#119,.T.);
#1034=EDGE_CURVE('',#828,#828,#727,.T.);
#1035=EDGE_CURVE('',#828,#829,#449,.T.);
#1036=EDGE_CURVE('',#830,#829,#120,.T.);
#1037=EDGE_CURVE('',#829,#830,#121,.T.);
#1038=EDGE_CURVE('',#831,#831,#728,.T.);
#1039=EDGE_CURVE('',#831,#832,#450,.T.);
#1040=EDGE_CURVE('',#833,#832,#122,.T.);
#1041=EDGE_CURVE('',#832,#833,#123,.T.);
#1042=EDGE_CURVE('',#834,#835,#729,.T.);
#1043=EDGE_CURVE('',#835,#836,#124,.T.);
#1044=EDGE_CURVE('',#836,#837,#730,.T.);
#1045=EDGE_CURVE('',#837,#834,#125,.T.);
#1046=EDGE_CURVE('',#838,#839,#126,.T.);
#1047=EDGE_CURVE('',#839,#836,#127,.T.);
#1048=EDGE_CURVE('',#835,#838,#128,.T.);
#1049=EDGE_CURVE('',#838,#840,#129,.T.);
#1050=EDGE_CURVE('',#841,#840,#130,.T.);
#1051=EDGE_CURVE('',#841,#839,#131,.T.);
#1052=EDGE_CURVE('',#834,#842,#451,.T.);
#1053=EDGE_CURVE('',#842,#843,#731,.F.);
#1054=EDGE_CURVE('',#843,#835,#452,.T.);
#1055=EDGE_CURVE('',#844,#837,#132,.T.);
#1056=EDGE_CURVE('',#845,#844,#453,.T.);
#1057=EDGE_CURVE('',#842,#845,#454,.T.);
#1058=EDGE_CURVE('',#836,#846,#133,.T.);
#1059=EDGE_CURVE('',#844,#846,#732,.T.);
#1060=EDGE_CURVE('',#847,#839,#134,.T.);
#1061=EDGE_CURVE('',#848,#847,#135,.T.);
#1062=EDGE_CURVE('',#848,#849,#733,.T.);
#1063=EDGE_CURVE('',#849,#850,#136,.T.);
#1064=EDGE_CURVE('',#850,#851,#137,.T.);
#1065=EDGE_CURVE('',#852,#851,#138,.T.);
#1066=EDGE_CURVE('',#853,#852,#139,.T.);
#1067=EDGE_CURVE('',#854,#853,#140,.T.);
#1068=EDGE_CURVE('',#854,#855,#141,.T.);
#1069=EDGE_CURVE('',#855,#856,#142,.T.);
#1070=EDGE_CURVE('',#856,#857,#143,.T.);
#1071=EDGE_CURVE('',#858,#857,#144,.T.);
#1072=EDGE_CURVE('',#859,#858,#145,.T.);
#1073=EDGE_CURVE('',#860,#859,#146,.T.);
#1074=EDGE_CURVE('',#861,#860,#147,.T.);
#1075=EDGE_CURVE('',#846,#861,#148,.T.);
#1076=EDGE_CURVE('',#862,#841,#149,.T.);
#1077=EDGE_CURVE('',#863,#862,#150,.T.);
#1078=EDGE_CURVE('',#863,#864,#151,.T.);
#1079=EDGE_CURVE('',#864,#865,#152,.T.);
#1080=EDGE_CURVE('',#865,#866,#153,.T.);
#1081=EDGE_CURVE('',#866,#867,#154,.T.);
#1082=EDGE_CURVE('',#868,#867,#155,.T.);
#1083=EDGE_CURVE('',#869,#868,#156,.T.);
#1084=EDGE_CURVE('',#870,#869,#157,.T.);
#1085=EDGE_CURVE('',#851,#870,#158,.T.);
#1086=EDGE_CURVE('',#849,#848,#734,.T.);
#1087=EDGE_CURVE('',#871,#872,#735,.T.);
#1088=EDGE_CURVE('',#872,#873,#455,.T.);
#1089=EDGE_CURVE('',#873,#874,#736,.T.);
#1090=EDGE_CURVE('',#874,#871,#456,.T.);
#1091=EDGE_CURVE('',#875,#872,#457,.T.);
#1092=EDGE_CURVE('',#876,#875,#458,.T.);
#1093=EDGE_CURVE('',#877,#876,#459,.T.);
#1094=EDGE_CURVE('',#878,#877,#460,.T.);
#1095=EDGE_CURVE('',#879,#878,#461,.T.);
#1096=EDGE_CURVE('',#880,#879,#159,.T.);
#1097=EDGE_CURVE('',#881,#880,#160,.T.);
#1098=EDGE_CURVE('',#882,#881,#462,.T.);
#1099=EDGE_CURVE('',#873,#882,#463,.T.);
#1100=EDGE_CURVE('',#871,#883,#464,.T.);
#1101=EDGE_CURVE('',#884,#883,#737,.T.);
#1102=EDGE_CURVE('',#884,#885,#465,.T.);
#1103=EDGE_CURVE('',#886,#885,#738,.T.);
#1104=EDGE_CURVE('',#886,#887,#739,.T.);
#1105=EDGE_CURVE('',#887,#888,#740,.F.);
#1106=EDGE_CURVE('',#888,#889,#466,.T.);
#1107=EDGE_CURVE('',#889,#865,#161,.F.);
#1108=EDGE_CURVE('',#862,#864,#467,.T.);
#1109=EDGE_CURVE('',#843,#840,#468,.T.);
#1110=EDGE_CURVE('',#845,#890,#741,.T.);
#1111=EDGE_CURVE('',#890,#891,#469,.T.);
#1112=EDGE_CURVE('',#892,#891,#742,.F.);
#1113=EDGE_CURVE('',#893,#892,#470,.T.);
#1114=EDGE_CURVE('',#858,#893,#162,.F.);
#1115=EDGE_CURVE('',#856,#894,#471,.T.);
#1116=EDGE_CURVE('',#879,#894,#163,.T.);
#1117=EDGE_CURVE('',#895,#878,#743,.T.);
#1118=EDGE_CURVE('',#895,#896,#744,.T.);
#1119=EDGE_CURVE('',#896,#875,#745,.F.);
#1120=EDGE_CURVE('',#897,#897,#746,.T.);
#1121=EDGE_CURVE('',#898,#898,#747,.T.);
#1122=EDGE_CURVE('',#899,#899,#748,.T.);
#1123=EDGE_CURVE('',#900,#901,#472,.T.);
#1124=EDGE_CURVE('',#902,#901,#473,.T.);
#1125=EDGE_CURVE('',#902,#903,#474,.T.);
#1126=EDGE_CURVE('',#903,#900,#475,.T.);
#1127=EDGE_CURVE('',#883,#904,#476,.T.);
#1128=EDGE_CURVE('',#904,#905,#749,.T.);
#1129=EDGE_CURVE('',#905,#884,#477,.T.);
#1130=EDGE_CURVE('',#906,#905,#478,.T.);
#1131=EDGE_CURVE('',#907,#906,#479,.T.);
#1132=EDGE_CURVE('',#908,#907,#164,.T.);
#1133=EDGE_CURVE('',#889,#908,#165,.T.);
#1134=EDGE_CURVE('',#909,#888,#480,.T.);
#1135=EDGE_CURVE('',#910,#909,#481,.T.);
#1136=EDGE_CURVE('',#885,#910,#482,.T.);
#1137=EDGE_CURVE('',#881,#911,#750,.T.);
#1138=EDGE_CURVE('',#911,#912,#483,.T.);
#1139=EDGE_CURVE('',#912,#882,#751,.T.);
#1140=EDGE_CURVE('',#880,#853,#752,.T.);
#1141=EDGE_CURVE('',#853,#911,#166,.T.);
#1142=EDGE_CURVE('',#854,#894,#167,.F.);
#1143=EDGE_CURVE('',#908,#913,#753,.T.);
#1144=EDGE_CURVE('',#913,#866,#168,.T.);
#1145=EDGE_CURVE('',#907,#914,#754,.T.);
#1146=EDGE_CURVE('',#914,#913,#169,.T.);
#1147=EDGE_CURVE('',#906,#915,#755,.T.);
#1148=EDGE_CURVE('',#915,#914,#484,.T.);
#1149=EDGE_CURVE('',#887,#916,#485,.T.);
#1150=EDGE_CURVE('',#917,#916,#756,.F.);
#1151=EDGE_CURVE('',#909,#917,#170,.F.);
#1152=EDGE_CURVE('',#918,#919,#757,.T.);
#1153=EDGE_CURVE('',#919,#886,#486,.T.);
#1154=EDGE_CURVE('',#910,#918,#171,.T.);
#1155=EDGE_CURVE('',#917,#920,#487,.F.);
#1156=EDGE_CURVE('',#920,#918,#488,.T.);
#1157=EDGE_CURVE('',#920,#921,#758,.T.);
#1158=EDGE_CURVE('',#921,#920,#759,.T.);
#1159=EDGE_CURVE('',#916,#919,#760,.T.);
#1160=EDGE_CURVE('',#922,#923,#761,.T.);
#1161=EDGE_CURVE('',#923,#895,#489,.T.);
#1162=EDGE_CURVE('',#877,#922,#172,.T.);
#1163=EDGE_CURVE('',#896,#924,#490,.T.);
#1164=EDGE_CURVE('',#925,#924,#762,.F.);
#1165=EDGE_CURVE('',#876,#925,#173,.F.);
#1166=EDGE_CURVE('',#925,#926,#491,.F.);
#1167=EDGE_CURVE('',#926,#922,#492,.T.);
#1168=EDGE_CURVE('',#926,#927,#763,.T.);
#1169=EDGE_CURVE('',#927,#926,#764,.T.);
#1170=EDGE_CURVE('',#924,#923,#765,.T.);
#1171=EDGE_CURVE('',#860,#928,#766,.F.);
#1172=EDGE_CURVE('',#929,#860,#767,.F.);
#1173=EDGE_CURVE('',#928,#929,#768,.F.);
#1174=EDGE_CURVE('',#893,#929,#174,.T.);
#1175=EDGE_CURVE('',#891,#928,#493,.T.);
#1176=EDGE_CURVE('',#929,#892,#494,.T.);
#1177=EDGE_CURVE('',#928,#930,#175,.T.);
#1178=EDGE_CURVE('',#930,#861,#769,.T.);
#1179=EDGE_CURVE('',#930,#844,#176,.T.);
#1180=EDGE_CURVE('',#921,#897,#495,.T.);
#1181=EDGE_CURVE('',#927,#898,#496,.T.);
#1182=EDGE_CURVE('',#899,#931,#497,.T.);
#1183=EDGE_CURVE('',#931,#931,#770,.T.);
#1184=EDGE_CURVE('',#890,#930,#498,.T.);
#1185=EDGE_CURVE('',#932,#932,#771,.T.);
#1186=EDGE_CURVE('',#932,#933,#499,.T.);
#1187=EDGE_CURVE('',#933,#933,#772,.T.);
#1188=EDGE_CURVE('',#934,#935,#500,.T.);
#1189=EDGE_CURVE('',#936,#934,#501,.T.);
#1190=EDGE_CURVE('',#937,#936,#502,.T.);
#1191=EDGE_CURVE('',#935,#937,#503,.T.);
#1192=EDGE_CURVE('',#934,#900,#504,.T.);
#1193=EDGE_CURVE('',#935,#901,#505,.T.);
#1194=EDGE_CURVE('',#937,#902,#506,.T.);
#1195=EDGE_CURVE('',#912,#915,#773,.T.);
#1196=EDGE_CURVE('',#904,#874,#507,.T.);
#1197=EDGE_CURVE('',#936,#903,#508,.T.);
#1198=EDGE_CURVE('',#867,#913,#177,.T.);
#1199=EDGE_CURVE('',#852,#911,#178,.T.);
#1200=EDGE_CURVE('',#938,#852,#179,.T.);
#1201=EDGE_CURVE('',#869,#938,#180,.T.);
#1202=EDGE_CURVE('',#939,#869,#181,.T.);
#1203=EDGE_CURVE('',#914,#939,#182,.T.);
#1204=EDGE_CURVE('',#867,#939,#183,.T.);
#1205=EDGE_CURVE('',#938,#851,#184,.T.);
#1206=EDGE_CURVE('',#940,#941,#774,.F.);
#1207=EDGE_CURVE('',#940,#942,#509,.T.);
#1208=EDGE_CURVE('',#942,#943,#775,.T.);
#1209=EDGE_CURVE('',#943,#941,#510,.T.);
#1210=EDGE_CURVE('',#944,#943,#511,.T.);
#1211=EDGE_CURVE('',#945,#944,#512,.T.);
#1212=EDGE_CURVE('',#941,#945,#513,.T.);
#1213=EDGE_CURVE('',#946,#947,#776,.T.);
#1214=EDGE_CURVE('',#947,#948,#514,.T.);
#1215=EDGE_CURVE('',#949,#948,#777,.F.);
#1216=EDGE_CURVE('',#949,#946,#515,.T.);
#1217=EDGE_CURVE('',#950,#949,#516,.T.);
#1218=EDGE_CURVE('',#951,#950,#517,.T.);
#1219=EDGE_CURVE('',#946,#951,#518,.T.);
#1220=EDGE_CURVE('',#952,#953,#778,.T.);
#1221=EDGE_CURVE('',#953,#954,#519,.T.);
#1222=EDGE_CURVE('',#955,#954,#779,.F.);
#1223=EDGE_CURVE('',#955,#952,#520,.T.);
#1224=EDGE_CURVE('',#956,#955,#521,.T.);
#1225=EDGE_CURVE('',#957,#956,#522,.T.);
#1226=EDGE_CURVE('',#952,#957,#523,.T.);
#1227=EDGE_CURVE('',#958,#959,#780,.F.);
#1228=EDGE_CURVE('',#958,#960,#524,.T.);
#1229=EDGE_CURVE('',#960,#961,#781,.T.);
#1230=EDGE_CURVE('',#961,#959,#525,.T.);
#1231=EDGE_CURVE('',#962,#961,#526,.T.);
#1232=EDGE_CURVE('',#963,#962,#527,.T.);
#1233=EDGE_CURVE('',#959,#963,#528,.T.);
#1234=EDGE_CURVE('',#964,#965,#782,.T.);
#1235=EDGE_CURVE('',#965,#966,#529,.T.);
#1236=EDGE_CURVE('',#966,#967,#783,.T.);
#1237=EDGE_CURVE('',#967,#964,#530,.T.);
#1238=EDGE_CURVE('',#965,#968,#531,.T.);
#1239=EDGE_CURVE('',#968,#969,#532,.T.);
#1240=EDGE_CURVE('',#966,#969,#533,.T.);
#1241=EDGE_CURVE('',#970,#971,#784,.T.);
#1242=EDGE_CURVE('',#971,#972,#534,.T.);
#1243=EDGE_CURVE('',#972,#973,#785,.T.);
#1244=EDGE_CURVE('',#973,#970,#535,.T.);
#1245=EDGE_CURVE('',#974,#971,#536,.T.);
#1246=EDGE_CURVE('',#975,#974,#537,.T.);
#1247=EDGE_CURVE('',#972,#975,#538,.T.);
#1248=EDGE_CURVE('',#976,#957,#786,.T.);
#1249=EDGE_CURVE('',#956,#977,#787,.T.);
#1250=EDGE_CURVE('',#977,#976,#539,.T.);
#1251=EDGE_CURVE('',#976,#967,#540,.T.);
#1252=EDGE_CURVE('',#964,#977,#541,.T.);
#1253=EDGE_CURVE('',#958,#954,#788,.T.);
#1254=EDGE_CURVE('',#978,#963,#789,.T.);
#1255=EDGE_CURVE('',#978,#979,#542,.T.);
#1256=EDGE_CURVE('',#950,#979,#790,.T.);
#1257=EDGE_CURVE('',#940,#948,#791,.T.);
#1258=EDGE_CURVE('',#974,#945,#792,.T.);
#1259=EDGE_CURVE('',#980,#970,#543,.T.);
#1260=EDGE_CURVE('',#968,#980,#793,.T.);
#1261=EDGE_CURVE('',#981,#981,#794,.T.);
#1262=EDGE_CURVE('',#982,#982,#795,.T.);
#1263=EDGE_CURVE('',#983,#983,#796,.T.);
#1264=EDGE_CURVE('',#984,#985,#544,.T.);
#1265=EDGE_CURVE('',#986,#984,#545,.T.);
#1266=EDGE_CURVE('',#987,#986,#546,.T.);
#1267=EDGE_CURVE('',#985,#987,#547,.T.);
#1268=EDGE_CURVE('',#988,#989,#548,.T.);
#1269=EDGE_CURVE('',#990,#988,#549,.T.);
#1270=EDGE_CURVE('',#991,#990,#550,.T.);
#1271=EDGE_CURVE('',#989,#991,#551,.T.);
#1272=EDGE_CURVE('',#992,#992,#797,.T.);
#1273=EDGE_CURVE('',#993,#993,#798,.T.);
#1274=EDGE_CURVE('',#994,#994,#799,.T.);
#1275=EDGE_CURVE('',#995,#995,#800,.T.);
#1276=EDGE_CURVE('',#944,#975,#801,.T.);
#1277=EDGE_CURVE('',#962,#996,#802,.T.);
#1278=EDGE_CURVE('',#996,#978,#552,.T.);
#1279=EDGE_CURVE('',#997,#951,#803,.T.);
#1280=EDGE_CURVE('',#979,#997,#553,.T.);
#1281=EDGE_CURVE('',#998,#998,#804,.T.);
#1282=EDGE_CURVE('',#998,#995,#554,.T.);
#1283=EDGE_CURVE('',#999,#999,#805,.T.);
#1284=EDGE_CURVE('',#999,#994,#555,.T.);
#1285=EDGE_CURVE('',#1000,#1000,#806,.T.);
#1286=EDGE_CURVE('',#1000,#993,#556,.T.);
#1287=EDGE_CURVE('',#1001,#1001,#807,.T.);
#1288=EDGE_CURVE('',#1001,#992,#557,.T.);
#1289=EDGE_CURVE('',#988,#1002,#558,.T.);
#1290=EDGE_CURVE('',#1003,#1002,#559,.T.);
#1291=EDGE_CURVE('',#990,#1003,#560,.T.);
#1292=EDGE_CURVE('',#1004,#1003,#561,.T.);
#1293=EDGE_CURVE('',#991,#1004,#562,.T.);
#1294=EDGE_CURVE('',#1005,#1004,#563,.T.);
#1295=EDGE_CURVE('',#989,#1005,#564,.T.);
#1296=EDGE_CURVE('',#1002,#1005,#565,.T.);
#1297=EDGE_CURVE('',#984,#1006,#566,.T.);
#1298=EDGE_CURVE('',#1007,#1006,#567,.T.);
#1299=EDGE_CURVE('',#986,#1007,#568,.T.);
#1300=EDGE_CURVE('',#1008,#1007,#569,.T.);
#1301=EDGE_CURVE('',#987,#1008,#570,.T.);
#1302=EDGE_CURVE('',#1009,#1008,#571,.T.);
#1303=EDGE_CURVE('',#985,#1009,#572,.T.);
#1304=EDGE_CURVE('',#1006,#1009,#573,.T.);
#1305=EDGE_CURVE('',#1010,#1010,#808,.T.);
#1306=EDGE_CURVE('',#1010,#983,#574,.T.);
#1307=EDGE_CURVE('',#1011,#1011,#809,.T.);
#1308=EDGE_CURVE('',#1011,#982,#575,.T.);
#1309=EDGE_CURVE('',#1012,#1012,#810,.T.);
#1310=EDGE_CURVE('',#1012,#981,#576,.T.);
#1311=EDGE_CURVE('',#960,#953,#811,.T.);
#1312=EDGE_CURVE('',#997,#996,#577,.T.);
#1313=EDGE_CURVE('',#942,#947,#812,.T.);
#1314=EDGE_CURVE('',#1013,#973,#578,.T.);
#1315=EDGE_CURVE('',#980,#1013,#579,.T.);
#1316=EDGE_CURVE('',#969,#1013,#813,.T.);
#1317=ORIENTED_EDGE('',*,*,#1014,.F.);
#1318=ORIENTED_EDGE('',*,*,#1015,.T.);
#1319=ORIENTED_EDGE('',*,*,#1016,.F.);
#1320=ORIENTED_EDGE('',*,*,#1015,.F.);
#1321=ORIENTED_EDGE('',*,*,#1017,.F.);
#1322=ORIENTED_EDGE('',*,*,#1018,.T.);
#1323=ORIENTED_EDGE('',*,*,#1019,.F.);
#1324=ORIENTED_EDGE('',*,*,#1018,.F.);
#1325=ORIENTED_EDGE('',*,*,#1020,.F.);
#1326=ORIENTED_EDGE('',*,*,#1021,.T.);
#1327=ORIENTED_EDGE('',*,*,#1022,.F.);
#1328=ORIENTED_EDGE('',*,*,#1021,.F.);
#1329=ORIENTED_EDGE('',*,*,#1023,.F.);
#1330=ORIENTED_EDGE('',*,*,#1024,.T.);
#1331=ORIENTED_EDGE('',*,*,#1025,.F.);
#1332=ORIENTED_EDGE('',*,*,#1024,.F.);
#1333=ORIENTED_EDGE('',*,*,#1026,.F.);
#1334=ORIENTED_EDGE('',*,*,#1027,.T.);
#1335=ORIENTED_EDGE('',*,*,#1028,.F.);
#1336=ORIENTED_EDGE('',*,*,#1029,.F.);
#1337=ORIENTED_EDGE('',*,*,#1027,.F.);
#1338=ORIENTED_EDGE('',*,*,#1026,.T.);
#1339=ORIENTED_EDGE('',*,*,#1025,.T.);
#1340=ORIENTED_EDGE('',*,*,#1030,.F.);
#1341=ORIENTED_EDGE('',*,*,#1031,.T.);
#1342=ORIENTED_EDGE('',*,*,#1032,.F.);
#1343=ORIENTED_EDGE('',*,*,#1033,.F.);
#1344=ORIENTED_EDGE('',*,*,#1031,.F.);
#1345=ORIENTED_EDGE('',*,*,#1030,.T.);
#1346=ORIENTED_EDGE('',*,*,#1019,.T.);
#1347=ORIENTED_EDGE('',*,*,#1034,.F.);
#1348=ORIENTED_EDGE('',*,*,#1035,.T.);
#1349=ORIENTED_EDGE('',*,*,#1036,.F.);
#1350=ORIENTED_EDGE('',*,*,#1037,.F.);
#1351=ORIENTED_EDGE('',*,*,#1035,.F.);
#1352=ORIENTED_EDGE('',*,*,#1034,.T.);
#1353=ORIENTED_EDGE('',*,*,#1022,.T.);
#1354=ORIENTED_EDGE('',*,*,#1038,.F.);
#1355=ORIENTED_EDGE('',*,*,#1039,.T.);
#1356=ORIENTED_EDGE('',*,*,#1040,.F.);
#1357=ORIENTED_EDGE('',*,*,#1041,.F.);
#1358=ORIENTED_EDGE('',*,*,#1039,.F.);
#1359=ORIENTED_EDGE('',*,*,#1038,.T.);
#1360=ORIENTED_EDGE('',*,*,#1016,.T.);
#1361=ORIENTED_EDGE('',*,*,#1042,.T.);
#1362=ORIENTED_EDGE('',*,*,#1043,.T.);
#1363=ORIENTED_EDGE('',*,*,#1044,.T.);
#1364=ORIENTED_EDGE('',*,*,#1045,.T.);
#1365=ORIENTED_EDGE('',*,*,#1046,.T.);
#1366=ORIENTED_EDGE('',*,*,#1047,.T.);
#1367=ORIENTED_EDGE('',*,*,#1043,.F.);
#1368=ORIENTED_EDGE('',*,*,#1048,.T.);
#1369=ORIENTED_EDGE('',*,*,#1046,.F.);
#1370=ORIENTED_EDGE('',*,*,#1049,.T.);
#1371=ORIENTED_EDGE('',*,*,#1050,.F.);
#1372=ORIENTED_EDGE('',*,*,#1051,.T.);
#1373=ORIENTED_EDGE('',*,*,#1042,.F.);
#1374=ORIENTED_EDGE('',*,*,#1052,.T.);
#1375=ORIENTED_EDGE('',*,*,#1053,.T.);
#1376=ORIENTED_EDGE('',*,*,#1054,.T.);
#1377=ORIENTED_EDGE('',*,*,#1045,.F.);
#1378=ORIENTED_EDGE('',*,*,#1055,.F.);
#1379=ORIENTED_EDGE('',*,*,#1056,.F.);
#1380=ORIENTED_EDGE('',*,*,#1057,.F.);
#1381=ORIENTED_EDGE('',*,*,#1052,.F.);
#1382=ORIENTED_EDGE('',*,*,#1044,.F.);
#1383=ORIENTED_EDGE('',*,*,#1058,.T.);
#1384=ORIENTED_EDGE('',*,*,#1059,.F.);
#1385=ORIENTED_EDGE('',*,*,#1055,.T.);
#1386=ORIENTED_EDGE('',*,*,#1047,.F.);
#1387=ORIENTED_EDGE('',*,*,#1060,.F.);
#1388=ORIENTED_EDGE('',*,*,#1061,.F.);
#1389=ORIENTED_EDGE('',*,*,#1062,.T.);
#1390=ORIENTED_EDGE('',*,*,#1063,.T.);
#1391=ORIENTED_EDGE('',*,*,#1064,.T.);
#1392=ORIENTED_EDGE('',*,*,#1065,.F.);
#1393=ORIENTED_EDGE('',*,*,#1066,.F.);
#1394=ORIENTED_EDGE('',*,*,#1067,.F.);
#1395=ORIENTED_EDGE('',*,*,#1068,.T.);
#1396=ORIENTED_EDGE('',*,*,#1069,.T.);
#1397=ORIENTED_EDGE('',*,*,#1070,.T.);
#1398=ORIENTED_EDGE('',*,*,#1071,.F.);
#1399=ORIENTED_EDGE('',*,*,#1072,.F.);
#1400=ORIENTED_EDGE('',*,*,#1073,.F.);
#1401=ORIENTED_EDGE('',*,*,#1074,.F.);
#1402=ORIENTED_EDGE('',*,*,#1075,.F.);
#1403=ORIENTED_EDGE('',*,*,#1058,.F.);
#1404=ORIENTED_EDGE('',*,*,#1051,.F.);
#1405=ORIENTED_EDGE('',*,*,#1076,.F.);
#1406=ORIENTED_EDGE('',*,*,#1077,.F.);
#1407=ORIENTED_EDGE('',*,*,#1078,.T.);
#1408=ORIENTED_EDGE('',*,*,#1079,.T.);
#1409=ORIENTED_EDGE('',*,*,#1080,.T.);
#1410=ORIENTED_EDGE('',*,*,#1081,.T.);
#1411=ORIENTED_EDGE('',*,*,#1082,.F.);
#1412=ORIENTED_EDGE('',*,*,#1083,.F.);
#1413=ORIENTED_EDGE('',*,*,#1084,.F.);
#1414=ORIENTED_EDGE('',*,*,#1085,.F.);
#1415=ORIENTED_EDGE('',*,*,#1064,.F.);
#1416=ORIENTED_EDGE('',*,*,#1063,.F.);
#1417=ORIENTED_EDGE('',*,*,#1086,.T.);
#1418=ORIENTED_EDGE('',*,*,#1061,.T.);
#1419=ORIENTED_EDGE('',*,*,#1060,.T.);
#1420=ORIENTED_EDGE('',*,*,#1028,.T.);
#1421=ORIENTED_EDGE('',*,*,#1029,.T.);
#1422=ORIENTED_EDGE('',*,*,#1032,.T.);
#1423=ORIENTED_EDGE('',*,*,#1033,.T.);
#1424=ORIENTED_EDGE('',*,*,#1036,.T.);
#1425=ORIENTED_EDGE('',*,*,#1037,.T.);
#1426=ORIENTED_EDGE('',*,*,#1040,.T.);
#1427=ORIENTED_EDGE('',*,*,#1041,.T.);
#1428=ORIENTED_EDGE('',*,*,#1087,.T.);
#1429=ORIENTED_EDGE('',*,*,#1088,.T.);
#1430=ORIENTED_EDGE('',*,*,#1089,.T.);
#1431=ORIENTED_EDGE('',*,*,#1090,.T.);
#1432=ORIENTED_EDGE('',*,*,#1088,.F.);
#1433=ORIENTED_EDGE('',*,*,#1091,.F.);
#1434=ORIENTED_EDGE('',*,*,#1092,.F.);
#1435=ORIENTED_EDGE('',*,*,#1093,.F.);
#1436=ORIENTED_EDGE('',*,*,#1094,.F.);
#1437=ORIENTED_EDGE('',*,*,#1095,.F.);
#1438=ORIENTED_EDGE('',*,*,#1096,.F.);
#1439=ORIENTED_EDGE('',*,*,#1097,.F.);
#1440=ORIENTED_EDGE('',*,*,#1098,.F.);
#1441=ORIENTED_EDGE('',*,*,#1099,.F.);
#1442=ORIENTED_EDGE('',*,*,#1087,.F.);
#1443=ORIENTED_EDGE('',*,*,#1100,.T.);
#1444=ORIENTED_EDGE('',*,*,#1101,.F.);
#1445=ORIENTED_EDGE('',*,*,#1102,.T.);
#1446=ORIENTED_EDGE('',*,*,#1103,.F.);
#1447=ORIENTED_EDGE('',*,*,#1104,.T.);
#1448=ORIENTED_EDGE('',*,*,#1105,.T.);
#1449=ORIENTED_EDGE('',*,*,#1106,.T.);
#1450=ORIENTED_EDGE('',*,*,#1107,.T.);
#1451=ORIENTED_EDGE('',*,*,#1079,.F.);
#1452=ORIENTED_EDGE('',*,*,#1108,.F.);
#1453=ORIENTED_EDGE('',*,*,#1076,.T.);
#1454=ORIENTED_EDGE('',*,*,#1050,.T.);
#1455=ORIENTED_EDGE('',*,*,#1109,.F.);
#1456=ORIENTED_EDGE('',*,*,#1053,.F.);
#1457=ORIENTED_EDGE('',*,*,#1057,.T.);
#1458=ORIENTED_EDGE('',*,*,#1110,.T.);
#1459=ORIENTED_EDGE('',*,*,#1111,.T.);
#1460=ORIENTED_EDGE('',*,*,#1112,.F.);
#1461=ORIENTED_EDGE('',*,*,#1113,.F.);
#1462=ORIENTED_EDGE('',*,*,#1114,.F.);
#1463=ORIENTED_EDGE('',*,*,#1071,.T.);
#1464=ORIENTED_EDGE('',*,*,#1070,.F.);
#1465=ORIENTED_EDGE('',*,*,#1115,.T.);
#1466=ORIENTED_EDGE('',*,*,#1116,.F.);
#1467=ORIENTED_EDGE('',*,*,#1095,.T.);
#1468=ORIENTED_EDGE('',*,*,#1117,.F.);
#1469=ORIENTED_EDGE('',*,*,#1118,.T.);
#1470=ORIENTED_EDGE('',*,*,#1119,.T.);
#1471=ORIENTED_EDGE('',*,*,#1091,.T.);
#1472=ORIENTED_EDGE('',*,*,#1120,.T.);
#1473=ORIENTED_EDGE('',*,*,#1121,.T.);
#1474=ORIENTED_EDGE('',*,*,#1122,.T.);
#1475=ORIENTED_EDGE('',*,*,#1123,.T.);
#1476=ORIENTED_EDGE('',*,*,#1124,.F.);
#1477=ORIENTED_EDGE('',*,*,#1125,.T.);
#1478=ORIENTED_EDGE('',*,*,#1126,.T.);
#1479=ORIENTED_EDGE('',*,*,#1101,.T.);
#1480=ORIENTED_EDGE('',*,*,#1127,.T.);
#1481=ORIENTED_EDGE('',*,*,#1128,.T.);
#1482=ORIENTED_EDGE('',*,*,#1129,.T.);
#1483=ORIENTED_EDGE('',*,*,#1129,.F.);
#1484=ORIENTED_EDGE('',*,*,#1130,.F.);
#1485=ORIENTED_EDGE('',*,*,#1131,.F.);
#1486=ORIENTED_EDGE('',*,*,#1132,.F.);
#1487=ORIENTED_EDGE('',*,*,#1133,.F.);
#1488=ORIENTED_EDGE('',*,*,#1106,.F.);
#1489=ORIENTED_EDGE('',*,*,#1134,.F.);
#1490=ORIENTED_EDGE('',*,*,#1135,.F.);
#1491=ORIENTED_EDGE('',*,*,#1136,.F.);
#1492=ORIENTED_EDGE('',*,*,#1102,.F.);
#1493=ORIENTED_EDGE('',*,*,#1137,.T.);
#1494=ORIENTED_EDGE('',*,*,#1138,.T.);
#1495=ORIENTED_EDGE('',*,*,#1139,.T.);
#1496=ORIENTED_EDGE('',*,*,#1098,.T.);
#1497=ORIENTED_EDGE('',*,*,#1140,.T.);
#1498=ORIENTED_EDGE('',*,*,#1141,.T.);
#1499=ORIENTED_EDGE('',*,*,#1137,.F.);
#1500=ORIENTED_EDGE('',*,*,#1097,.T.);
#1501=ORIENTED_EDGE('',*,*,#1142,.F.);
#1502=ORIENTED_EDGE('',*,*,#1067,.T.);
#1503=ORIENTED_EDGE('',*,*,#1140,.F.);
#1504=ORIENTED_EDGE('',*,*,#1096,.T.);
#1505=ORIENTED_EDGE('',*,*,#1116,.T.);
#1506=ORIENTED_EDGE('',*,*,#1080,.F.);
#1507=ORIENTED_EDGE('',*,*,#1107,.F.);
#1508=ORIENTED_EDGE('',*,*,#1133,.T.);
#1509=ORIENTED_EDGE('',*,*,#1143,.T.);
#1510=ORIENTED_EDGE('',*,*,#1144,.T.);
#1511=ORIENTED_EDGE('',*,*,#1145,.T.);
#1512=ORIENTED_EDGE('',*,*,#1146,.T.);
#1513=ORIENTED_EDGE('',*,*,#1143,.F.);
#1514=ORIENTED_EDGE('',*,*,#1132,.T.);
#1515=ORIENTED_EDGE('',*,*,#1147,.T.);
#1516=ORIENTED_EDGE('',*,*,#1148,.T.);
#1517=ORIENTED_EDGE('',*,*,#1145,.F.);
#1518=ORIENTED_EDGE('',*,*,#1131,.T.);
#1519=ORIENTED_EDGE('',*,*,#1105,.F.);
#1520=ORIENTED_EDGE('',*,*,#1149,.T.);
#1521=ORIENTED_EDGE('',*,*,#1150,.F.);
#1522=ORIENTED_EDGE('',*,*,#1151,.F.);
#1523=ORIENTED_EDGE('',*,*,#1134,.T.);
#1524=ORIENTED_EDGE('',*,*,#1152,.T.);
#1525=ORIENTED_EDGE('',*,*,#1153,.T.);
#1526=ORIENTED_EDGE('',*,*,#1103,.T.);
#1527=ORIENTED_EDGE('',*,*,#1136,.T.);
#1528=ORIENTED_EDGE('',*,*,#1154,.T.);
#1529=ORIENTED_EDGE('',*,*,#1155,.T.);
#1530=ORIENTED_EDGE('',*,*,#1156,.T.);
#1531=ORIENTED_EDGE('',*,*,#1154,.F.);
#1532=ORIENTED_EDGE('',*,*,#1135,.T.);
#1533=ORIENTED_EDGE('',*,*,#1151,.T.);
#1534=ORIENTED_EDGE('',*,*,#1156,.F.);
#1535=ORIENTED_EDGE('',*,*,#1157,.T.);
#1536=ORIENTED_EDGE('',*,*,#1158,.T.);
#1537=ORIENTED_EDGE('',*,*,#1155,.F.);
#1538=ORIENTED_EDGE('',*,*,#1150,.T.);
#1539=ORIENTED_EDGE('',*,*,#1159,.T.);
#1540=ORIENTED_EDGE('',*,*,#1152,.F.);
#1541=ORIENTED_EDGE('',*,*,#1160,.T.);
#1542=ORIENTED_EDGE('',*,*,#1161,.T.);
#1543=ORIENTED_EDGE('',*,*,#1117,.T.);
#1544=ORIENTED_EDGE('',*,*,#1094,.T.);
#1545=ORIENTED_EDGE('',*,*,#1162,.T.);
#1546=ORIENTED_EDGE('',*,*,#1119,.F.);
#1547=ORIENTED_EDGE('',*,*,#1163,.T.);
#1548=ORIENTED_EDGE('',*,*,#1164,.F.);
#1549=ORIENTED_EDGE('',*,*,#1165,.F.);
#1550=ORIENTED_EDGE('',*,*,#1092,.T.);
#1551=ORIENTED_EDGE('',*,*,#1166,.T.);
#1552=ORIENTED_EDGE('',*,*,#1167,.T.);
#1553=ORIENTED_EDGE('',*,*,#1162,.F.);
#1554=ORIENTED_EDGE('',*,*,#1093,.T.);
#1555=ORIENTED_EDGE('',*,*,#1165,.T.);
#1556=ORIENTED_EDGE('',*,*,#1167,.F.);
#1557=ORIENTED_EDGE('',*,*,#1168,.T.);
#1558=ORIENTED_EDGE('',*,*,#1169,.T.);
#1559=ORIENTED_EDGE('',*,*,#1166,.F.);
#1560=ORIENTED_EDGE('',*,*,#1164,.T.);
#1561=ORIENTED_EDGE('',*,*,#1170,.T.);
#1562=ORIENTED_EDGE('',*,*,#1160,.F.);
#1563=ORIENTED_EDGE('',*,*,#1171,.F.);
#1564=ORIENTED_EDGE('',*,*,#1172,.F.);
#1565=ORIENTED_EDGE('',*,*,#1173,.F.);
#1566=ORIENTED_EDGE('',*,*,#1114,.T.);
#1567=ORIENTED_EDGE('',*,*,#1174,.T.);
#1568=ORIENTED_EDGE('',*,*,#1172,.T.);
#1569=ORIENTED_EDGE('',*,*,#1073,.T.);
#1570=ORIENTED_EDGE('',*,*,#1072,.T.);
#1571=ORIENTED_EDGE('',*,*,#1112,.T.);
#1572=ORIENTED_EDGE('',*,*,#1175,.T.);
#1573=ORIENTED_EDGE('',*,*,#1173,.T.);
#1574=ORIENTED_EDGE('',*,*,#1176,.T.);
#1575=ORIENTED_EDGE('',*,*,#1171,.T.);
#1576=ORIENTED_EDGE('',*,*,#1177,.T.);
#1577=ORIENTED_EDGE('',*,*,#1178,.T.);
#1578=ORIENTED_EDGE('',*,*,#1074,.T.);
#1579=ORIENTED_EDGE('',*,*,#1059,.T.);
#1580=ORIENTED_EDGE('',*,*,#1075,.T.);
#1581=ORIENTED_EDGE('',*,*,#1178,.F.);
#1582=ORIENTED_EDGE('',*,*,#1179,.T.);
#1583=ORIENTED_EDGE('',*,*,#1048,.F.);
#1584=ORIENTED_EDGE('',*,*,#1054,.F.);
#1585=ORIENTED_EDGE('',*,*,#1109,.T.);
#1586=ORIENTED_EDGE('',*,*,#1049,.F.);
#1587=ORIENTED_EDGE('',*,*,#1157,.F.);
#1588=ORIENTED_EDGE('',*,*,#1158,.F.);
#1589=ORIENTED_EDGE('',*,*,#1180,.T.);
#1590=ORIENTED_EDGE('',*,*,#1120,.F.);
#1591=ORIENTED_EDGE('',*,*,#1180,.F.);
#1592=ORIENTED_EDGE('',*,*,#1149,.F.);
#1593=ORIENTED_EDGE('',*,*,#1104,.F.);
#1594=ORIENTED_EDGE('',*,*,#1153,.F.);
#1595=ORIENTED_EDGE('',*,*,#1159,.F.);
#1596=ORIENTED_EDGE('',*,*,#1168,.F.);
#1597=ORIENTED_EDGE('',*,*,#1169,.F.);
#1598=ORIENTED_EDGE('',*,*,#1181,.T.);
#1599=ORIENTED_EDGE('',*,*,#1121,.F.);
#1600=ORIENTED_EDGE('',*,*,#1181,.F.);
#1601=ORIENTED_EDGE('',*,*,#1161,.F.);
#1602=ORIENTED_EDGE('',*,*,#1170,.F.);
#1603=ORIENTED_EDGE('',*,*,#1163,.F.);
#1604=ORIENTED_EDGE('',*,*,#1118,.F.);
#1605=ORIENTED_EDGE('',*,*,#1122,.F.);
#1606=ORIENTED_EDGE('',*,*,#1182,.T.);
#1607=ORIENTED_EDGE('',*,*,#1183,.T.);
#1608=ORIENTED_EDGE('',*,*,#1182,.F.);
#1609=ORIENTED_EDGE('',*,*,#1183,.F.);
#1610=ORIENTED_EDGE('',*,*,#1078,.F.);
#1611=ORIENTED_EDGE('',*,*,#1077,.T.);
#1612=ORIENTED_EDGE('',*,*,#1108,.T.);
#1613=ORIENTED_EDGE('',*,*,#1174,.F.);
#1614=ORIENTED_EDGE('',*,*,#1113,.T.);
#1615=ORIENTED_EDGE('',*,*,#1176,.F.);
#1616=ORIENTED_EDGE('',*,*,#1175,.F.);
#1617=ORIENTED_EDGE('',*,*,#1111,.F.);
#1618=ORIENTED_EDGE('',*,*,#1184,.T.);
#1619=ORIENTED_EDGE('',*,*,#1177,.F.);
#1620=ORIENTED_EDGE('',*,*,#1179,.F.);
#1621=ORIENTED_EDGE('',*,*,#1184,.F.);
#1622=ORIENTED_EDGE('',*,*,#1110,.F.);
#1623=ORIENTED_EDGE('',*,*,#1056,.T.);
#1624=ORIENTED_EDGE('',*,*,#1185,.F.);
#1625=ORIENTED_EDGE('',*,*,#1186,.T.);
#1626=ORIENTED_EDGE('',*,*,#1187,.F.);
#1627=ORIENTED_EDGE('',*,*,#1186,.F.);
#1628=ORIENTED_EDGE('',*,*,#1188,.F.);
#1629=ORIENTED_EDGE('',*,*,#1189,.F.);
#1630=ORIENTED_EDGE('',*,*,#1190,.F.);
#1631=ORIENTED_EDGE('',*,*,#1191,.F.);
#1632=ORIENTED_EDGE('',*,*,#1185,.T.);
#1633=ORIENTED_EDGE('',*,*,#1123,.F.);
#1634=ORIENTED_EDGE('',*,*,#1192,.F.);
#1635=ORIENTED_EDGE('',*,*,#1188,.T.);
#1636=ORIENTED_EDGE('',*,*,#1193,.T.);
#1637=ORIENTED_EDGE('',*,*,#1124,.T.);
#1638=ORIENTED_EDGE('',*,*,#1193,.F.);
#1639=ORIENTED_EDGE('',*,*,#1191,.T.);
#1640=ORIENTED_EDGE('',*,*,#1194,.T.);
#1641=ORIENTED_EDGE('',*,*,#1089,.F.);
#1642=ORIENTED_EDGE('',*,*,#1099,.T.);
#1643=ORIENTED_EDGE('',*,*,#1139,.F.);
#1644=ORIENTED_EDGE('',*,*,#1195,.T.);
#1645=ORIENTED_EDGE('',*,*,#1147,.F.);
#1646=ORIENTED_EDGE('',*,*,#1130,.T.);
#1647=ORIENTED_EDGE('',*,*,#1128,.F.);
#1648=ORIENTED_EDGE('',*,*,#1196,.T.);
#1649=ORIENTED_EDGE('',*,*,#1187,.T.);
#1650=ORIENTED_EDGE('',*,*,#1069,.F.);
#1651=ORIENTED_EDGE('',*,*,#1068,.F.);
#1652=ORIENTED_EDGE('',*,*,#1142,.T.);
#1653=ORIENTED_EDGE('',*,*,#1115,.F.);
#1654=ORIENTED_EDGE('',*,*,#1189,.T.);
#1655=ORIENTED_EDGE('',*,*,#1192,.T.);
#1656=ORIENTED_EDGE('',*,*,#1126,.F.);
#1657=ORIENTED_EDGE('',*,*,#1197,.F.);
#1658=ORIENTED_EDGE('',*,*,#1190,.T.);
#1659=ORIENTED_EDGE('',*,*,#1197,.T.);
#1660=ORIENTED_EDGE('',*,*,#1125,.F.);
#1661=ORIENTED_EDGE('',*,*,#1194,.F.);
#1662=ORIENTED_EDGE('',*,*,#1090,.F.);
#1663=ORIENTED_EDGE('',*,*,#1196,.F.);
#1664=ORIENTED_EDGE('',*,*,#1127,.F.);
#1665=ORIENTED_EDGE('',*,*,#1100,.F.);
#1666=ORIENTED_EDGE('',*,*,#1144,.F.);
#1667=ORIENTED_EDGE('',*,*,#1198,.F.);
#1668=ORIENTED_EDGE('',*,*,#1081,.F.);
#1669=ORIENTED_EDGE('',*,*,#1138,.F.);
#1670=ORIENTED_EDGE('',*,*,#1199,.F.);
#1671=ORIENTED_EDGE('',*,*,#1200,.F.);
#1672=ORIENTED_EDGE('',*,*,#1201,.F.);
#1673=ORIENTED_EDGE('',*,*,#1202,.F.);
#1674=ORIENTED_EDGE('',*,*,#1203,.F.);
#1675=ORIENTED_EDGE('',*,*,#1148,.F.);
#1676=ORIENTED_EDGE('',*,*,#1195,.F.);
#1677=ORIENTED_EDGE('',*,*,#1146,.F.);
#1678=ORIENTED_EDGE('',*,*,#1203,.T.);
#1679=ORIENTED_EDGE('',*,*,#1204,.F.);
#1680=ORIENTED_EDGE('',*,*,#1198,.T.);
#1681=ORIENTED_EDGE('',*,*,#1141,.F.);
#1682=ORIENTED_EDGE('',*,*,#1066,.T.);
#1683=ORIENTED_EDGE('',*,*,#1199,.T.);
#1684=ORIENTED_EDGE('',*,*,#1204,.T.);
#1685=ORIENTED_EDGE('',*,*,#1202,.T.);
#1686=ORIENTED_EDGE('',*,*,#1083,.T.);
#1687=ORIENTED_EDGE('',*,*,#1082,.T.);
#1688=ORIENTED_EDGE('',*,*,#1205,.F.);
#1689=ORIENTED_EDGE('',*,*,#1200,.T.);
#1690=ORIENTED_EDGE('',*,*,#1065,.T.);
#1691=ORIENTED_EDGE('',*,*,#1205,.T.);
#1692=ORIENTED_EDGE('',*,*,#1085,.T.);
#1693=ORIENTED_EDGE('',*,*,#1084,.T.);
#1694=ORIENTED_EDGE('',*,*,#1201,.T.);
#1695=ORIENTED_EDGE('',*,*,#1086,.F.);
#1696=ORIENTED_EDGE('',*,*,#1062,.F.);
#1697=ORIENTED_EDGE('',*,*,#1014,.T.);
#1698=ORIENTED_EDGE('',*,*,#1017,.T.);
#1699=ORIENTED_EDGE('',*,*,#1020,.T.);
#1700=ORIENTED_EDGE('',*,*,#1023,.T.);
#1701=ORIENTED_EDGE('',*,*,#1206,.F.);
#1702=ORIENTED_EDGE('',*,*,#1207,.T.);
#1703=ORIENTED_EDGE('',*,*,#1208,.T.);
#1704=ORIENTED_EDGE('',*,*,#1209,.T.);
#1705=ORIENTED_EDGE('',*,*,#1209,.F.);
#1706=ORIENTED_EDGE('',*,*,#1210,.F.);
#1707=ORIENTED_EDGE('',*,*,#1211,.F.);
#1708=ORIENTED_EDGE('',*,*,#1212,.F.);
#1709=ORIENTED_EDGE('',*,*,#1213,.T.);
#1710=ORIENTED_EDGE('',*,*,#1214,.T.);
#1711=ORIENTED_EDGE('',*,*,#1215,.F.);
#1712=ORIENTED_EDGE('',*,*,#1216,.T.);
#1713=ORIENTED_EDGE('',*,*,#1216,.F.);
#1714=ORIENTED_EDGE('',*,*,#1217,.F.);
#1715=ORIENTED_EDGE('',*,*,#1218,.F.);
#1716=ORIENTED_EDGE('',*,*,#1219,.F.);
#1717=ORIENTED_EDGE('',*,*,#1220,.T.);
#1718=ORIENTED_EDGE('',*,*,#1221,.T.);
#1719=ORIENTED_EDGE('',*,*,#1222,.F.);
#1720=ORIENTED_EDGE('',*,*,#1223,.T.);
#1721=ORIENTED_EDGE('',*,*,#1223,.F.);
#1722=ORIENTED_EDGE('',*,*,#1224,.F.);
#1723=ORIENTED_EDGE('',*,*,#1225,.F.);
#1724=ORIENTED_EDGE('',*,*,#1226,.F.);
#1725=ORIENTED_EDGE('',*,*,#1227,.F.);
#1726=ORIENTED_EDGE('',*,*,#1228,.T.);
#1727=ORIENTED_EDGE('',*,*,#1229,.T.);
#1728=ORIENTED_EDGE('',*,*,#1230,.T.);
#1729=ORIENTED_EDGE('',*,*,#1230,.F.);
#1730=ORIENTED_EDGE('',*,*,#1231,.F.);
#1731=ORIENTED_EDGE('',*,*,#1232,.F.);
#1732=ORIENTED_EDGE('',*,*,#1233,.F.);
#1733=ORIENTED_EDGE('',*,*,#1234,.T.);
#1734=ORIENTED_EDGE('',*,*,#1235,.T.);
#1735=ORIENTED_EDGE('',*,*,#1236,.T.);
#1736=ORIENTED_EDGE('',*,*,#1237,.T.);
#1737=ORIENTED_EDGE('',*,*,#1235,.F.);
#1738=ORIENTED_EDGE('',*,*,#1238,.T.);
#1739=ORIENTED_EDGE('',*,*,#1239,.T.);
#1740=ORIENTED_EDGE('',*,*,#1240,.F.);
#1741=ORIENTED_EDGE('',*,*,#1241,.T.);
#1742=ORIENTED_EDGE('',*,*,#1242,.T.);
#1743=ORIENTED_EDGE('',*,*,#1243,.T.);
#1744=ORIENTED_EDGE('',*,*,#1244,.T.);
#1745=ORIENTED_EDGE('',*,*,#1242,.F.);
#1746=ORIENTED_EDGE('',*,*,#1245,.F.);
#1747=ORIENTED_EDGE('',*,*,#1246,.F.);
#1748=ORIENTED_EDGE('',*,*,#1247,.F.);
#1749=ORIENTED_EDGE('',*,*,#1248,.T.);
#1750=ORIENTED_EDGE('',*,*,#1225,.T.);
#1751=ORIENTED_EDGE('',*,*,#1249,.T.);
#1752=ORIENTED_EDGE('',*,*,#1250,.T.);
#1753=ORIENTED_EDGE('',*,*,#1237,.F.);
#1754=ORIENTED_EDGE('',*,*,#1251,.F.);
#1755=ORIENTED_EDGE('',*,*,#1250,.F.);
#1756=ORIENTED_EDGE('',*,*,#1252,.F.);
#1757=ORIENTED_EDGE('',*,*,#1249,.F.);
#1758=ORIENTED_EDGE('',*,*,#1224,.T.);
#1759=ORIENTED_EDGE('',*,*,#1222,.T.);
#1760=ORIENTED_EDGE('',*,*,#1253,.F.);
#1761=ORIENTED_EDGE('',*,*,#1227,.T.);
#1762=ORIENTED_EDGE('',*,*,#1233,.T.);
#1763=ORIENTED_EDGE('',*,*,#1254,.F.);
#1764=ORIENTED_EDGE('',*,*,#1255,.T.);
#1765=ORIENTED_EDGE('',*,*,#1256,.F.);
#1766=ORIENTED_EDGE('',*,*,#1217,.T.);
#1767=ORIENTED_EDGE('',*,*,#1215,.T.);
#1768=ORIENTED_EDGE('',*,*,#1257,.F.);
#1769=ORIENTED_EDGE('',*,*,#1206,.T.);
#1770=ORIENTED_EDGE('',*,*,#1212,.T.);
#1771=ORIENTED_EDGE('',*,*,#1258,.F.);
#1772=ORIENTED_EDGE('',*,*,#1245,.T.);
#1773=ORIENTED_EDGE('',*,*,#1241,.F.);
#1774=ORIENTED_EDGE('',*,*,#1259,.F.);
#1775=ORIENTED_EDGE('',*,*,#1260,.F.);
#1776=ORIENTED_EDGE('',*,*,#1238,.F.);
#1777=ORIENTED_EDGE('',*,*,#1234,.F.);
#1778=ORIENTED_EDGE('',*,*,#1252,.T.);
#1779=ORIENTED_EDGE('',*,*,#1261,.F.);
#1780=ORIENTED_EDGE('',*,*,#1262,.F.);
#1781=ORIENTED_EDGE('',*,*,#1263,.F.);
#1782=ORIENTED_EDGE('',*,*,#1264,.F.);
#1783=ORIENTED_EDGE('',*,*,#1265,.F.);
#1784=ORIENTED_EDGE('',*,*,#1266,.F.);
#1785=ORIENTED_EDGE('',*,*,#1267,.F.);
#1786=ORIENTED_EDGE('',*,*,#1268,.F.);
#1787=ORIENTED_EDGE('',*,*,#1269,.F.);
#1788=ORIENTED_EDGE('',*,*,#1270,.F.);
#1789=ORIENTED_EDGE('',*,*,#1271,.F.);
#1790=ORIENTED_EDGE('',*,*,#1272,.F.);
#1791=ORIENTED_EDGE('',*,*,#1273,.F.);
#1792=ORIENTED_EDGE('',*,*,#1274,.F.);
#1793=ORIENTED_EDGE('',*,*,#1275,.F.);
#1794=ORIENTED_EDGE('',*,*,#1276,.T.);
#1795=ORIENTED_EDGE('',*,*,#1246,.T.);
#1796=ORIENTED_EDGE('',*,*,#1258,.T.);
#1797=ORIENTED_EDGE('',*,*,#1211,.T.);
#1798=ORIENTED_EDGE('',*,*,#1277,.T.);
#1799=ORIENTED_EDGE('',*,*,#1278,.T.);
#1800=ORIENTED_EDGE('',*,*,#1254,.T.);
#1801=ORIENTED_EDGE('',*,*,#1232,.T.);
#1802=ORIENTED_EDGE('',*,*,#1279,.T.);
#1803=ORIENTED_EDGE('',*,*,#1218,.T.);
#1804=ORIENTED_EDGE('',*,*,#1256,.T.);
#1805=ORIENTED_EDGE('',*,*,#1280,.T.);
#1806=ORIENTED_EDGE('',*,*,#1281,.F.);
#1807=ORIENTED_EDGE('',*,*,#1282,.T.);
#1808=ORIENTED_EDGE('',*,*,#1275,.T.);
#1809=ORIENTED_EDGE('',*,*,#1282,.F.);
#1810=ORIENTED_EDGE('',*,*,#1283,.F.);
#1811=ORIENTED_EDGE('',*,*,#1284,.T.);
#1812=ORIENTED_EDGE('',*,*,#1274,.T.);
#1813=ORIENTED_EDGE('',*,*,#1284,.F.);
#1814=ORIENTED_EDGE('',*,*,#1285,.F.);
#1815=ORIENTED_EDGE('',*,*,#1286,.T.);
#1816=ORIENTED_EDGE('',*,*,#1273,.T.);
#1817=ORIENTED_EDGE('',*,*,#1286,.F.);
#1818=ORIENTED_EDGE('',*,*,#1287,.F.);
#1819=ORIENTED_EDGE('',*,*,#1288,.T.);
#1820=ORIENTED_EDGE('',*,*,#1272,.T.);
#1821=ORIENTED_EDGE('',*,*,#1288,.F.);
#1822=ORIENTED_EDGE('',*,*,#1269,.T.);
#1823=ORIENTED_EDGE('',*,*,#1289,.T.);
#1824=ORIENTED_EDGE('',*,*,#1290,.F.);
#1825=ORIENTED_EDGE('',*,*,#1291,.F.);
#1826=ORIENTED_EDGE('',*,*,#1270,.T.);
#1827=ORIENTED_EDGE('',*,*,#1291,.T.);
#1828=ORIENTED_EDGE('',*,*,#1292,.F.);
#1829=ORIENTED_EDGE('',*,*,#1293,.F.);
#1830=ORIENTED_EDGE('',*,*,#1271,.T.);
#1831=ORIENTED_EDGE('',*,*,#1293,.T.);
#1832=ORIENTED_EDGE('',*,*,#1294,.F.);
#1833=ORIENTED_EDGE('',*,*,#1295,.F.);
#1834=ORIENTED_EDGE('',*,*,#1268,.T.);
#1835=ORIENTED_EDGE('',*,*,#1295,.T.);
#1836=ORIENTED_EDGE('',*,*,#1296,.F.);
#1837=ORIENTED_EDGE('',*,*,#1289,.F.);
#1838=ORIENTED_EDGE('',*,*,#1265,.T.);
#1839=ORIENTED_EDGE('',*,*,#1297,.T.);
#1840=ORIENTED_EDGE('',*,*,#1298,.F.);
#1841=ORIENTED_EDGE('',*,*,#1299,.F.);
#1842=ORIENTED_EDGE('',*,*,#1266,.T.);
#1843=ORIENTED_EDGE('',*,*,#1299,.T.);
#1844=ORIENTED_EDGE('',*,*,#1300,.F.);
#1845=ORIENTED_EDGE('',*,*,#1301,.F.);
#1846=ORIENTED_EDGE('',*,*,#1267,.T.);
#1847=ORIENTED_EDGE('',*,*,#1301,.T.);
#1848=ORIENTED_EDGE('',*,*,#1302,.F.);
#1849=ORIENTED_EDGE('',*,*,#1303,.F.);
#1850=ORIENTED_EDGE('',*,*,#1264,.T.);
#1851=ORIENTED_EDGE('',*,*,#1303,.T.);
#1852=ORIENTED_EDGE('',*,*,#1304,.F.);
#1853=ORIENTED_EDGE('',*,*,#1297,.F.);
#1854=ORIENTED_EDGE('',*,*,#1305,.F.);
#1855=ORIENTED_EDGE('',*,*,#1306,.T.);
#1856=ORIENTED_EDGE('',*,*,#1263,.T.);
#1857=ORIENTED_EDGE('',*,*,#1306,.F.);
#1858=ORIENTED_EDGE('',*,*,#1307,.F.);
#1859=ORIENTED_EDGE('',*,*,#1308,.T.);
#1860=ORIENTED_EDGE('',*,*,#1262,.T.);
#1861=ORIENTED_EDGE('',*,*,#1308,.F.);
#1862=ORIENTED_EDGE('',*,*,#1309,.F.);
#1863=ORIENTED_EDGE('',*,*,#1310,.T.);
#1864=ORIENTED_EDGE('',*,*,#1261,.T.);
#1865=ORIENTED_EDGE('',*,*,#1310,.F.);
#1866=ORIENTED_EDGE('',*,*,#1221,.F.);
#1867=ORIENTED_EDGE('',*,*,#1311,.F.);
#1868=ORIENTED_EDGE('',*,*,#1228,.F.);
#1869=ORIENTED_EDGE('',*,*,#1253,.T.);
#1870=ORIENTED_EDGE('',*,*,#1278,.F.);
#1871=ORIENTED_EDGE('',*,*,#1312,.F.);
#1872=ORIENTED_EDGE('',*,*,#1280,.F.);
#1873=ORIENTED_EDGE('',*,*,#1255,.F.);
#1874=ORIENTED_EDGE('',*,*,#1207,.F.);
#1875=ORIENTED_EDGE('',*,*,#1257,.T.);
#1876=ORIENTED_EDGE('',*,*,#1214,.F.);
#1877=ORIENTED_EDGE('',*,*,#1313,.F.);
#1878=ORIENTED_EDGE('',*,*,#1244,.F.);
#1879=ORIENTED_EDGE('',*,*,#1314,.F.);
#1880=ORIENTED_EDGE('',*,*,#1315,.F.);
#1881=ORIENTED_EDGE('',*,*,#1259,.T.);
#1882=ORIENTED_EDGE('',*,*,#1260,.T.);
#1883=ORIENTED_EDGE('',*,*,#1315,.T.);
#1884=ORIENTED_EDGE('',*,*,#1316,.F.);
#1885=ORIENTED_EDGE('',*,*,#1239,.F.);
#1886=ORIENTED_EDGE('',*,*,#1248,.F.);
#1887=ORIENTED_EDGE('',*,*,#1251,.T.);
#1888=ORIENTED_EDGE('',*,*,#1236,.F.);
#1889=ORIENTED_EDGE('',*,*,#1240,.T.);
#1890=ORIENTED_EDGE('',*,*,#1316,.T.);
#1891=ORIENTED_EDGE('',*,*,#1314,.T.);
#1892=ORIENTED_EDGE('',*,*,#1243,.F.);
#1893=ORIENTED_EDGE('',*,*,#1247,.T.);
#1894=ORIENTED_EDGE('',*,*,#1276,.F.);
#1895=ORIENTED_EDGE('',*,*,#1210,.T.);
#1896=ORIENTED_EDGE('',*,*,#1208,.F.);
#1897=ORIENTED_EDGE('',*,*,#1313,.T.);
#1898=ORIENTED_EDGE('',*,*,#1213,.F.);
#1899=ORIENTED_EDGE('',*,*,#1219,.T.);
#1900=ORIENTED_EDGE('',*,*,#1279,.F.);
#1901=ORIENTED_EDGE('',*,*,#1312,.T.);
#1902=ORIENTED_EDGE('',*,*,#1277,.F.);
#1903=ORIENTED_EDGE('',*,*,#1231,.T.);
#1904=ORIENTED_EDGE('',*,*,#1229,.F.);
#1905=ORIENTED_EDGE('',*,*,#1311,.T.);
#1906=ORIENTED_EDGE('',*,*,#1220,.F.);
#1907=ORIENTED_EDGE('',*,*,#1226,.T.);
#1908=ORIENTED_EDGE('',*,*,#1309,.T.);
#1909=ORIENTED_EDGE('',*,*,#1307,.T.);
#1910=ORIENTED_EDGE('',*,*,#1305,.T.);
#1911=ORIENTED_EDGE('',*,*,#1304,.T.);
#1912=ORIENTED_EDGE('',*,*,#1302,.T.);
#1913=ORIENTED_EDGE('',*,*,#1300,.T.);
#1914=ORIENTED_EDGE('',*,*,#1298,.T.);
#1915=ORIENTED_EDGE('',*,*,#1296,.T.);
#1916=ORIENTED_EDGE('',*,*,#1294,.T.);
#1917=ORIENTED_EDGE('',*,*,#1292,.T.);
#1918=ORIENTED_EDGE('',*,*,#1290,.T.);
#1919=ORIENTED_EDGE('',*,*,#1287,.T.);
#1920=ORIENTED_EDGE('',*,*,#1285,.T.);
#1921=ORIENTED_EDGE('',*,*,#1283,.T.);
#1922=ORIENTED_EDGE('',*,*,#1281,.T.);
#1923=CYLINDRICAL_SURFACE('',#2097,1.);
#1924=CYLINDRICAL_SURFACE('',#2100,1.);
#1925=CYLINDRICAL_SURFACE('',#2103,0.999999999999996);
#1926=CYLINDRICAL_SURFACE('',#2106,1.);
#1927=CYLINDRICAL_SURFACE('',#2109,3.00000000000001);
#1928=CYLINDRICAL_SURFACE('',#2112,3.);
#1929=CYLINDRICAL_SURFACE('',#2115,3.);
#1930=CYLINDRICAL_SURFACE('',#2118,3.);
#1931=CYLINDRICAL_SURFACE('',#2123,2.);
#1932=CYLINDRICAL_SURFACE('',#2129,2.);
#1933=CYLINDRICAL_SURFACE('',#2146,2.);
#1934=CYLINDRICAL_SURFACE('',#2149,2.);
#1935=CYLINDRICAL_SURFACE('',#2155,2.);
#1936=CYLINDRICAL_SURFACE('',#2157,3.99999999999999);
#1937=CYLINDRICAL_SURFACE('',#2159,3.99999999999999);
#1938=CYLINDRICAL_SURFACE('',#2161,2.);
#1939=CYLINDRICAL_SURFACE('',#2166,4.);
#1940=CYLINDRICAL_SURFACE('',#2168,4.);
#1941=CYLINDRICAL_SURFACE('',#2170,2.);
#1942=CYLINDRICAL_SURFACE('',#2179,2.);
#1943=CYLINDRICAL_SURFACE('',#2182,1.49999999999999);
#1944=CYLINDRICAL_SURFACE('',#2183,3.5);
#1945=CYLINDRICAL_SURFACE('',#2184,1.49999999999999);
#1946=CYLINDRICAL_SURFACE('',#2185,3.5);
#1947=CYLINDRICAL_SURFACE('',#2186,1.49999999999999);
#1948=CYLINDRICAL_SURFACE('',#2192,3.50000000000001);
#1949=CYLINDRICAL_SURFACE('',#2193,8.99999999999999);
#1950=CYLINDRICAL_SURFACE('',#2205,22.5);
#1951=CYLINDRICAL_SURFACE('',#2207,4.);
#1952=CYLINDRICAL_SURFACE('',#2211,4.);
#1953=CYLINDRICAL_SURFACE('',#2215,3.99999999999999);
#1954=CYLINDRICAL_SURFACE('',#2219,3.99999999999999);
#1955=CYLINDRICAL_SURFACE('',#2223,2.);
#1956=CYLINDRICAL_SURFACE('',#2227,2.);
#1957=CYLINDRICAL_SURFACE('',#2231,2.);
#1958=CYLINDRICAL_SURFACE('',#2249,2.);
#1959=CYLINDRICAL_SURFACE('',#2251,2.);
#1960=CYLINDRICAL_SURFACE('',#2253,2.);
#1961=CYLINDRICAL_SURFACE('',#2255,0.999999999999996);
#1962=CYLINDRICAL_SURFACE('',#2257,0.999999999999996);
#1963=CYLINDRICAL_SURFACE('',#2259,1.49999999999999);
#1964=CYLINDRICAL_SURFACE('',#2261,0.999999999999996);
#1965=CYLINDRICAL_SURFACE('',#2271,1.49999999999999);
#1966=CYLINDRICAL_SURFACE('',#2273,1.49999999999999);
#1967=CYLINDRICAL_SURFACE('',#2275,0.999999999999996);
#1968=CYLINDRICAL_SURFACE('',#2277,3.5);
#1969=CYLINDRICAL_SURFACE('',#2280,3.5);
#1970=CYLINDRICAL_SURFACE('',#2283,3.00000000000001);
#1971=ADVANCED_FACE('',(#185),#1923,.F.);
#1972=ADVANCED_FACE('',(#186),#1924,.F.);
#1973=ADVANCED_FACE('',(#187),#1925,.F.);
#1974=ADVANCED_FACE('',(#188),#1926,.F.);
#1975=ADVANCED_FACE('',(#189),#1927,.F.);
#1976=ADVANCED_FACE('',(#190,#37),#73,.T.);
#1977=ADVANCED_FACE('',(#191),#1928,.F.);
#1978=ADVANCED_FACE('',(#192,#38),#74,.T.);
#1979=ADVANCED_FACE('',(#193),#1929,.F.);
#1980=ADVANCED_FACE('',(#194,#39),#75,.T.);
#1981=ADVANCED_FACE('',(#195),#1930,.F.);
#1982=ADVANCED_FACE('',(#196,#40),#76,.T.);
#1983=ADVANCED_FACE('',(#197),#18,.F.);
#1984=ADVANCED_FACE('',(#198),#19,.F.);
#1985=ADVANCED_FACE('',(#199),#20,.F.);
#1986=ADVANCED_FACE('',(#200),#1931,.T.);
#1987=ADVANCED_FACE('',(#201),#77,.F.);
#1988=ADVANCED_FACE('',(#202),#21,.F.);
#1989=ADVANCED_FACE('',(#203),#22,.T.);
#1990=ADVANCED_FACE('',(#204,#41,#42,#43,#44),#23,.T.);
#1991=ADVANCED_FACE('',(#205),#1932,.T.);
#1992=ADVANCED_FACE('',(#206),#78,.T.);
#1993=ADVANCED_FACE('',(#207,#45,#46,#47,#48),#79,.T.);
#1994=ADVANCED_FACE('',(#208),#1933,.T.);
#1995=ADVANCED_FACE('',(#209),#80,.T.);
#1996=ADVANCED_FACE('',(#210),#1934,.F.);
#1997=ADVANCED_FACE('',(#211),#24,.T.);
#1998=ADVANCED_FACE('',(#212),#25,.T.);
#1999=ADVANCED_FACE('',(#213),#26,.T.);
#2000=ADVANCED_FACE('',(#214),#27,.T.);
#2001=ADVANCED_FACE('',(#215),#1935,.F.);
#2002=ADVANCED_FACE('',(#216),#1936,.F.);
#2003=ADVANCED_FACE('',(#217),#1937,.F.);
#2004=ADVANCED_FACE('',(#218),#1938,.F.);
#2005=ADVANCED_FACE('',(#219),#81,.F.);
#2006=ADVANCED_FACE('',(#220),#1939,.F.);
#2007=ADVANCED_FACE('',(#221),#1940,.F.);
#2008=ADVANCED_FACE('',(#222),#1941,.F.);
#2009=ADVANCED_FACE('',(#223),#82,.F.);
#2010=ADVANCED_FACE('',(#224),#17,.T.);
#2011=ADVANCED_FACE('',(#225),#28,.F.);
#2012=ADVANCED_FACE('',(#226),#1942,.T.);
#2013=ADVANCED_FACE('',(#227),#29,.F.);
#2014=ADVANCED_FACE('',(#228),#30,.F.);
#2015=ADVANCED_FACE('',(#229),#83,.F.);
#2016=ADVANCED_FACE('',(#230),#1943,.F.);
#2017=ADVANCED_FACE('',(#231),#1944,.T.);
#2018=ADVANCED_FACE('',(#232),#1945,.F.);
#2019=ADVANCED_FACE('',(#233),#1946,.T.);
#2020=ADVANCED_FACE('',(#234),#1947,.F.);
#2021=ADVANCED_FACE('',(#235),#84,.T.);
#2022=ADVANCED_FACE('',(#236),#85,.F.);
#2023=ADVANCED_FACE('',(#237),#86,.F.);
#2024=ADVANCED_FACE('',(#238),#87,.F.);
#2025=ADVANCED_FACE('',(#239),#1948,.F.);
#2026=ADVANCED_FACE('',(#240),#1949,.F.);
#2027=ADVANCED_FACE('',(#241,#49),#88,.F.);
#2028=ADVANCED_FACE('',(#242),#89,.T.);
#2029=ADVANCED_FACE('',(#243),#90,.T.);
#2030=ADVANCED_FACE('',(#244,#50),#91,.T.);
#2031=ADVANCED_FACE('',(#245),#92,.T.);
#2032=ADVANCED_FACE('',(#246),#93,.T.);
#2033=ADVANCED_FACE('',(#247),#94,.T.);
#2034=ADVANCED_FACE('',(#248),#95,.T.);
#2035=ADVANCED_FACE('',(#249),#31,.T.);
#2036=ADVANCED_FACE('',(#250),#1950,.T.);
#2037=ADVANCED_FACE('',(#251),#32,.F.);
#2038=ADVANCED_FACE('',(#252),#33,.F.);
#2039=ADVANCED_FACE('',(#253),#34,.F.);
#2040=ADVANCED_FACE('',(#254),#35,.T.);
#2041=ADVANCED_FACE('',(#255),#36,.T.);
#2042=ADVANCED_FACE('',(#256,#51,#52,#53,#54),#96,.T.);
#2043=ADVANCED_FACE('',(#257),#1951,.F.);
#2044=ADVANCED_FACE('',(#258),#97,.T.);
#2045=ADVANCED_FACE('',(#259),#1952,.F.);
#2046=ADVANCED_FACE('',(#260),#98,.T.);
#2047=ADVANCED_FACE('',(#261),#1953,.F.);
#2048=ADVANCED_FACE('',(#262),#99,.T.);
#2049=ADVANCED_FACE('',(#263),#1954,.F.);
#2050=ADVANCED_FACE('',(#264),#100,.T.);
#2051=ADVANCED_FACE('',(#265),#1955,.F.);
#2052=ADVANCED_FACE('',(#266),#101,.T.);
#2053=ADVANCED_FACE('',(#267),#1956,.F.);
#2054=ADVANCED_FACE('',(#268),#102,.T.);
#2055=ADVANCED_FACE('',(#269),#1957,.T.);
#2056=ADVANCED_FACE('',(#270),#103,.T.);
#2057=ADVANCED_FACE('',(#271,#55,#56,#57,#58,#59,#60,#61,#62,#63),#104,
 .F.);
#2058=ADVANCED_FACE('',(#272),#1958,.T.);
#2059=ADVANCED_FACE('',(#273),#1959,.T.);
#2060=ADVANCED_FACE('',(#274),#1960,.T.);
#2061=ADVANCED_FACE('',(#275),#1961,.F.);
#2062=ADVANCED_FACE('',(#276),#1962,.F.);
#2063=ADVANCED_FACE('',(#277),#1963,.F.);
#2064=ADVANCED_FACE('',(#278),#1964,.F.);
#2065=ADVANCED_FACE('',(#279),#105,.T.);
#2066=ADVANCED_FACE('',(#280),#106,.T.);
#2067=ADVANCED_FACE('',(#281),#107,.T.);
#2068=ADVANCED_FACE('',(#282),#108,.T.);
#2069=ADVANCED_FACE('',(#283),#109,.T.);
#2070=ADVANCED_FACE('',(#284),#110,.T.);
#2071=ADVANCED_FACE('',(#285),#111,.T.);
#2072=ADVANCED_FACE('',(#286),#112,.T.);
#2073=ADVANCED_FACE('',(#287),#1965,.F.);
#2074=ADVANCED_FACE('',(#288),#1966,.F.);
#2075=ADVANCED_FACE('',(#289),#1967,.F.);
#2076=ADVANCED_FACE('',(#290),#1968,.T.);
#2077=ADVANCED_FACE('',(#291),#113,.T.);
#2078=ADVANCED_FACE('',(#292),#1969,.T.);
#2079=ADVANCED_FACE('',(#293),#114,.T.);
#2080=ADVANCED_FACE('',(#294),#1970,.T.);
#2081=ADVANCED_FACE('',(#295,#64,#65,#66,#67,#68,#69,#70,#71,#72),#115,
 .T.);
#2082=CLOSED_SHELL('',(#1971,#1972,#1973,#1974,#1975,#1976,#1977,#1978,
#1979,#1980,#1981,#1982,#1983,#1984,#1985,#1986,#1987,#1988,#1989,#1990,
#1991,#1992,#1993,#1994,#1995,#1996,#1997,#1998,#1999,#2000,#2001,#2002,
#2003,#2004,#2005,#2006,#2007,#2008,#2009,#2010,#2011,#2012,#2013,#2014,
#2015,#2016,#2017,#2018,#2019,#2020,#2021,#2022,#2023,#2024,#2025,#2026,
#2027,#2028,#2029,#2030,#2031,#2032,#2033,#2034,#2035,#2036,#2037,#2038,
#2039,#2040,#2041,#2042));
#2083=CLOSED_SHELL('',(#2043,#2044,#2045,#2046,#2047,#2048,#2049,#2050,
#2051,#2052,#2053,#2054,#2055,#2056,#2057,#2058,#2059,#2060,#2061,#2062,
#2063,#2064,#2065,#2066,#2067,#2068,#2069,#2070,#2071,#2072,#2073,#2074,
#2075,#2076,#2077,#2078,#2079,#2080,#2081));
#2084=DERIVED_UNIT_ELEMENT(#2086,1.);
#2085=DERIVED_UNIT_ELEMENT(#6379,-3.);
#2086=(
MASS_UNIT()
NAMED_UNIT(*)
SI_UNIT(.KILO.,.GRAM.)
);
#2087=DERIVED_UNIT((#2084,#2085));
#2088=MEASURE_REPRESENTATION_ITEM('density measure',
POSITIVE_RATIO_MEASURE(7850.),#2087);
#2089=PROPERTY_DEFINITION_REPRESENTATION(#2094,#2091);
#2090=PROPERTY_DEFINITION_REPRESENTATION(#2095,#2092);
#2091=REPRESENTATION('material name',(#2093),#6376);
#2092=REPRESENTATION('density',(#2088),#6376);
#2093=DESCRIPTIVE_REPRESENTATION_ITEM('Steel','Steel');
#2094=PROPERTY_DEFINITION('material property','material name',#6386);
#2095=PROPERTY_DEFINITION('material property','density of part',#6386);
#2096=AXIS2_PLACEMENT_3D('',#2803,#2286,#2287);
#2097=AXIS2_PLACEMENT_3D('',#2804,#2288,#2289);
#2098=AXIS2_PLACEMENT_3D('',#2806,#2290,#2291);
#2099=AXIS2_PLACEMENT_3D('',#2809,#2293,#2294);
#2100=AXIS2_PLACEMENT_3D('',#2810,#2295,#2296);
#2101=AXIS2_PLACEMENT_3D('',#2812,#2297,#2298);
#2102=AXIS2_PLACEMENT_3D('',#2815,#2300,#2301);
#2103=AXIS2_PLACEMENT_3D('',#2816,#2302,#2303);
#2104=AXIS2_PLACEMENT_3D('',#2818,#2304,#2305);
#2105=AXIS2_PLACEMENT_3D('',#2821,#2307,#2308);
#2106=AXIS2_PLACEMENT_3D('',#2822,#2309,#2310);
#2107=AXIS2_PLACEMENT_3D('',#2824,#2311,#2312);
#2108=AXIS2_PLACEMENT_3D('',#2827,#2314,#2315);
#2109=AXIS2_PLACEMENT_3D('',#2828,#2316,#2317);
#2110=AXIS2_PLACEMENT_3D('',#2830,#2318,#2319);
#2111=AXIS2_PLACEMENT_3D('',#2880,#2321,#2322);
#2112=AXIS2_PLACEMENT_3D('',#2881,#2323,#2324);
#2113=AXIS2_PLACEMENT_3D('',#2883,#2325,#2326);
#2114=AXIS2_PLACEMENT_3D('',#2938,#2328,#2329);
#2115=AXIS2_PLACEMENT_3D('',#2939,#2330,#2331);
#2116=AXIS2_PLACEMENT_3D('',#2941,#2332,#2333);
#2117=AXIS2_PLACEMENT_3D('',#2996,#2335,#2336);
#2118=AXIS2_PLACEMENT_3D('',#2997,#2337,#2338);
#2119=AXIS2_PLACEMENT_3D('',#2999,#2339,#2340);
#2120=AXIS2_PLACEMENT_3D('',#3052,#2342,#2343);
#2121=AXIS2_PLACEMENT_3D('',#3080,#2344,#2345);
#2122=AXIS2_PLACEMENT_3D('',#3088,#2346,#2347);
#2123=AXIS2_PLACEMENT_3D('',#3548,#2348,#2349);
#2124=AXIS2_PLACEMENT_3D('',#3552,#2351,#2352);
#2125=AXIS2_PLACEMENT_3D('',#3554,#2354,#2355);
#2126=AXIS2_PLACEMENT_3D('',#3588,#2358,#2359);
#2127=AXIS2_PLACEMENT_3D('',#3890,#2360,#2361);
#2128=AXIS2_PLACEMENT_3D('',#5191,#2362,#2363);
#2129=AXIS2_PLACEMENT_3D('',#5192,#2364,#2365);
#2130=AXIS2_PLACEMENT_3D('',#5195,#2366,#2367);
#2131=AXIS2_PLACEMENT_3D('',#5199,#2369,#2370);
#2132=AXIS2_PLACEMENT_3D('',#5201,#2372,#2373);
#2133=AXIS2_PLACEMENT_3D('',#5239,#2381,#2382);
#2134=AXIS2_PLACEMENT_3D('',#5243,#2384,#2385);
#2135=AXIS2_PLACEMENT_3D('',#5247,#2387,#2388);
#2136=AXIS2_PLACEMENT_3D('',#5249,#2389,#2390);
#2137=AXIS2_PLACEMENT_3D('',#5251,#2391,#2392);
#2138=AXIS2_PLACEMENT_3D('',#5261,#2396,#2397);
#2139=AXIS2_PLACEMENT_3D('',#5265,#2399,#2400);
#2140=AXIS2_PLACEMENT_3D('',#5285,#2403,#2404);
#2141=AXIS2_PLACEMENT_3D('',#5287,#2405,#2406);
#2142=AXIS2_PLACEMENT_3D('',#5288,#2407,#2408);
#2143=AXIS2_PLACEMENT_3D('',#5290,#2409,#2410);
#2144=AXIS2_PLACEMENT_3D('',#5292,#2411,#2412);
#2145=AXIS2_PLACEMENT_3D('',#5294,#2413,#2414);
#2146=AXIS2_PLACEMENT_3D('',#5303,#2419,#2420);
#2147=AXIS2_PLACEMENT_3D('',#5307,#2422,#2423);
#2148=AXIS2_PLACEMENT_3D('',#5309,#2425,#2426);
#2149=AXIS2_PLACEMENT_3D('',#5337,#2432,#2433);
#2150=AXIS2_PLACEMENT_3D('',#5339,#2434,#2435);
#2151=AXIS2_PLACEMENT_3D('',#5342,#2437,#2438);
#2152=AXIS2_PLACEMENT_3D('',#5359,#2439,#2440);
#2153=AXIS2_PLACEMENT_3D('',#5545,#2441,#2442);
#2154=AXIS2_PLACEMENT_3D('',#5582,#2443,#2444);
#2155=AXIS2_PLACEMENT_3D('',#5588,#2445,#2446);
#2156=AXIS2_PLACEMENT_3D('',#5590,#2447,#2448);
#2157=AXIS2_PLACEMENT_3D('',#5592,#2450,#2451);
#2158=AXIS2_PLACEMENT_3D('',#5596,#2453,#2454);
#2159=AXIS2_PLACEMENT_3D('',#5607,#2455,#2456);
#2160=AXIS2_PLACEMENT_3D('',#5610,#2457,#2458);
#2161=AXIS2_PLACEMENT_3D('',#5622,#2460,#2461);
#2162=AXIS2_PLACEMENT_3D('',#5626,#2464,#2465);
#2163=AXIS2_PLACEMENT_3D('',#5628,#2466,#2467);
#2164=AXIS2_PLACEMENT_3D('',#5629,#2468,#2469);
#2165=AXIS2_PLACEMENT_3D('',#5630,#2470,#2471);
#2166=AXIS2_PLACEMENT_3D('',#5631,#2472,#2473);
#2167=AXIS2_PLACEMENT_3D('',#5634,#2474,#2475);
#2168=AXIS2_PLACEMENT_3D('',#5646,#2477,#2478);
#2169=AXIS2_PLACEMENT_3D('',#5650,#2480,#2481);
#2170=AXIS2_PLACEMENT_3D('',#5661,#2482,#2483);
#2171=AXIS2_PLACEMENT_3D('',#5665,#2486,#2487);
#2172=AXIS2_PLACEMENT_3D('',#5667,#2488,#2489);
#2173=AXIS2_PLACEMENT_3D('',#5668,#2490,#2491);
#2174=AXIS2_PLACEMENT_3D('',#5669,#2492,#2493);
#2175=AXIS2_PLACEMENT_3D('',#5670,#2494,#2495);
#2176=AXIS2_PLACEMENT_3D('',#5672,#2496,#2497);
#2177=AXIS2_PLACEMENT_3D('',#5674,#2498,#2499);
#2178=AXIS2_PLACEMENT_3D('',#5675,#2500,#2501);
#2179=AXIS2_PLACEMENT_3D('',#5710,#2502,#2503);
#2180=AXIS2_PLACEMENT_3D('',#5742,#2506,#2507);
#2181=AXIS2_PLACEMENT_3D('',#5813,#2508,#2509);
#2182=AXIS2_PLACEMENT_3D('',#5814,#2510,#2511);
#2183=AXIS2_PLACEMENT_3D('',#5816,#2513,#2514);
#2184=AXIS2_PLACEMENT_3D('',#5817,#2515,#2516);
#2185=AXIS2_PLACEMENT_3D('',#5819,#2518,#2519);
#2186=AXIS2_PLACEMENT_3D('',#5820,#2520,#2521);
#2187=AXIS2_PLACEMENT_3D('',#5823,#2523,#2524);
#2188=AXIS2_PLACEMENT_3D('',#5824,#2525,#2526);
#2189=AXIS2_PLACEMENT_3D('',#5825,#2527,#2528);
#2190=AXIS2_PLACEMENT_3D('',#5826,#2529,#2530);
#2191=AXIS2_PLACEMENT_3D('',#5827,#2531,#2532);
#2192=AXIS2_PLACEMENT_3D('',#5829,#2534,#2535);
#2193=AXIS2_PLACEMENT_3D('',#5830,#2536,#2537);
#2194=AXIS2_PLACEMENT_3D('',#5832,#2538,#2539);
#2195=AXIS2_PLACEMENT_3D('',#5835,#2541,#2542);
#2196=AXIS2_PLACEMENT_3D('',#5836,#2543,#2544);
#2197=AXIS2_PLACEMENT_3D('',#5845,#2549,#2550);
#2198=AXIS2_PLACEMENT_3D('',#5848,#2553,#2554);
#2199=AXIS2_PLACEMENT_3D('',#5850,#2556,#2557);
#2200=AXIS2_PLACEMENT_3D('',#5851,#2558,#2559);
#2201=AXIS2_PLACEMENT_3D('',#5853,#2561,#2562);
#2202=AXIS2_PLACEMENT_3D('',#5854,#2563,#2564);
#2203=AXIS2_PLACEMENT_3D('',#5856,#2566,#2567);
#2204=AXIS2_PLACEMENT_3D('',#5857,#2568,#2569);
#2205=AXIS2_PLACEMENT_3D('',#5886,#2570,#2571);
#2206=AXIS2_PLACEMENT_3D('',#6149,#2572,#2573);
#2207=AXIS2_PLACEMENT_3D('',#6150,#2574,#2575);
#2208=AXIS2_PLACEMENT_3D('',#6153,#2576,#2577);
#2209=AXIS2_PLACEMENT_3D('',#6157,#2579,#2580);
#2210=AXIS2_PLACEMENT_3D('',#6159,#2582,#2583);
#2211=AXIS2_PLACEMENT_3D('',#6165,#2587,#2588);
#2212=AXIS2_PLACEMENT_3D('',#6168,#2589,#2590);
#2213=AXIS2_PLACEMENT_3D('',#6172,#2592,#2593);
#2214=AXIS2_PLACEMENT_3D('',#6174,#2595,#2596);
#2215=AXIS2_PLACEMENT_3D('',#6180,#2600,#2601);
#2216=AXIS2_PLACEMENT_3D('',#6183,#2602,#2603);
#2217=AXIS2_PLACEMENT_3D('',#6187,#2605,#2606);
#2218=AXIS2_PLACEMENT_3D('',#6189,#2608,#2609);
#2219=AXIS2_PLACEMENT_3D('',#6195,#2613,#2614);
#2220=AXIS2_PLACEMENT_3D('',#6198,#2615,#2616);
#2221=AXIS2_PLACEMENT_3D('',#6202,#2618,#2619);
#2222=AXIS2_PLACEMENT_3D('',#6204,#2621,#2622);
#2223=AXIS2_PLACEMENT_3D('',#6210,#2626,#2627);
#2224=AXIS2_PLACEMENT_3D('',#6213,#2628,#2629);
#2225=AXIS2_PLACEMENT_3D('',#6217,#2631,#2632);
#2226=AXIS2_PLACEMENT_3D('',#6219,#2634,#2635);
#2227=AXIS2_PLACEMENT_3D('',#6225,#2639,#2640);
#2228=AXIS2_PLACEMENT_3D('',#6228,#2641,#2642);
#2229=AXIS2_PLACEMENT_3D('',#6232,#2644,#2645);
#2230=AXIS2_PLACEMENT_3D('',#6234,#2647,#2648);
#2231=AXIS2_PLACEMENT_3D('',#6240,#2652,#2653);
#2232=AXIS2_PLACEMENT_3D('',#6242,#2654,#2655);
#2233=AXIS2_PLACEMENT_3D('',#6244,#2656,#2657);
#2234=AXIS2_PLACEMENT_3D('',#6246,#2659,#2660);
#2235=AXIS2_PLACEMENT_3D('',#6249,#2663,#2664);
#2236=AXIS2_PLACEMENT_3D('',#6250,#2665,#2666);
#2237=AXIS2_PLACEMENT_3D('',#6252,#2667,#2668);
#2238=AXIS2_PLACEMENT_3D('',#6255,#2670,#2671);
#2239=AXIS2_PLACEMENT_3D('',#6256,#2672,#2673);
#2240=AXIS2_PLACEMENT_3D('',#6257,#2674,#2675);
#2241=AXIS2_PLACEMENT_3D('',#6260,#2677,#2678);
#2242=AXIS2_PLACEMENT_3D('',#6262,#2679,#2680);
#2243=AXIS2_PLACEMENT_3D('',#6264,#2681,#2682);
#2244=AXIS2_PLACEMENT_3D('',#6266,#2683,#2684);
#2245=AXIS2_PLACEMENT_3D('',#6284,#2693,#2694);
#2246=AXIS2_PLACEMENT_3D('',#6286,#2695,#2696);
#2247=AXIS2_PLACEMENT_3D('',#6288,#2697,#2698);
#2248=AXIS2_PLACEMENT_3D('',#6290,#2699,#2700);
#2249=AXIS2_PLACEMENT_3D('',#6291,#2701,#2702);
#2250=AXIS2_PLACEMENT_3D('',#6292,#2703,#2704);
#2251=AXIS2_PLACEMENT_3D('',#6293,#2705,#2706);
#2252=AXIS2_PLACEMENT_3D('',#6295,#2707,#2708);
#2253=AXIS2_PLACEMENT_3D('',#6297,#2710,#2711);
#2254=AXIS2_PLACEMENT_3D('',#6299,#2712,#2713);
#2255=AXIS2_PLACEMENT_3D('',#6301,#2715,#2716);
#2256=AXIS2_PLACEMENT_3D('',#6303,#2717,#2718);
#2257=AXIS2_PLACEMENT_3D('',#6305,#2720,#2721);
#2258=AXIS2_PLACEMENT_3D('',#6307,#2722,#2723);
#2259=AXIS2_PLACEMENT_3D('',#6309,#2725,#2726);
#2260=AXIS2_PLACEMENT_3D('',#6311,#2727,#2728);
#2261=AXIS2_PLACEMENT_3D('',#6313,#2730,#2731);
#2262=AXIS2_PLACEMENT_3D('',#6315,#2732,#2733);
#2263=AXIS2_PLACEMENT_3D('',#6317,#2735,#2736);
#2264=AXIS2_PLACEMENT_3D('',#6323,#2740,#2741);
#2265=AXIS2_PLACEMENT_3D('',#6327,#2744,#2745);
#2266=AXIS2_PLACEMENT_3D('',#6331,#2748,#2749);
#2267=AXIS2_PLACEMENT_3D('',#6333,#2751,#2752);
#2268=AXIS2_PLACEMENT_3D('',#6339,#2756,#2757);
#2269=AXIS2_PLACEMENT_3D('',#6343,#2760,#2761);
#2270=AXIS2_PLACEMENT_3D('',#6347,#2764,#2765);
#2271=AXIS2_PLACEMENT_3D('',#6349,#2767,#2768);
#2272=AXIS2_PLACEMENT_3D('',#6351,#2769,#2770);
#2273=AXIS2_PLACEMENT_3D('',#6353,#2772,#2773);
#2274=AXIS2_PLACEMENT_3D('',#6355,#2774,#2775);
#2275=AXIS2_PLACEMENT_3D('',#6357,#2777,#2778);
#2276=AXIS2_PLACEMENT_3D('',#6359,#2779,#2780);
#2277=AXIS2_PLACEMENT_3D('',#6361,#2782,#2783);
#2278=AXIS2_PLACEMENT_3D('',#6362,#2784,#2785);
#2279=AXIS2_PLACEMENT_3D('',#6363,#2786,#2787);
#2280=AXIS2_PLACEMENT_3D('',#6365,#2789,#2790);
#2281=AXIS2_PLACEMENT_3D('',#6366,#2791,#2792);
#2282=AXIS2_PLACEMENT_3D('',#6367,#2793,#2794);
#2283=AXIS2_PLACEMENT_3D('',#6371,#2797,#2798);
#2284=AXIS2_PLACEMENT_3D('',#6372,#2799,#2800);
#2285=AXIS2_PLACEMENT_3D('',#6373,#2801,#2802);
#2286=DIRECTION('axis',(0.,0.,1.));
#2287=DIRECTION('refdir',(1.,0.,0.));
#2288=DIRECTION('center_axis',(-1.,3.10862446895045E-14,1.77635683940026E-14));
#2289=DIRECTION('ref_axis',(-3.10862446895045E-14,-1.,-8.37269160313319E-30));
#2290=DIRECTION('center_axis',(-1.,3.15185549963301E-14,2.20306328050689E-14));
#2291=DIRECTION('ref_axis',(-3.10862446895045E-14,-1.,-8.37269160313319E-30));
#2292=DIRECTION('',(-1.,3.10862446895045E-14,1.77635683940026E-14));
#2293=DIRECTION('center_axis',(1.,-3.1557585324304E-14,-2.19464098174041E-14));
#2294=DIRECTION('ref_axis',(-3.10862446895045E-14,-1.,-8.37269160313319E-30));
#2295=DIRECTION('center_axis',(-1.,3.10862446895045E-14,1.77635683940026E-14));
#2296=DIRECTION('ref_axis',(-3.10862446895045E-14,-1.,-8.37269160313321E-30));
#2297=DIRECTION('center_axis',(-1.,3.15185549963301E-14,2.20306328050689E-14));
#2298=DIRECTION('ref_axis',(-3.10862446895045E-14,-1.,-8.37269160313321E-30));
#2299=DIRECTION('',(-1.,3.10862446895045E-14,1.77635683940026E-14));
#2300=DIRECTION('center_axis',(1.,-3.1557585324304E-14,-2.19464098174041E-14));
#2301=DIRECTION('ref_axis',(-3.10862446895045E-14,-1.,-8.37269160313321E-30));
#2302=DIRECTION('center_axis',(-1.,3.10862446895045E-14,1.77635683940026E-14));
#2303=DIRECTION('ref_axis',(-3.10862446895045E-14,-1.,-8.37269160313317E-30));
#2304=DIRECTION('center_axis',(-1.,3.15185549963301E-14,2.20306328050689E-14));
#2305=DIRECTION('ref_axis',(-3.10862446895045E-14,-1.,-8.37269160313317E-30));
#2306=DIRECTION('',(-1.,3.10862446895045E-14,1.77635683940026E-14));
#2307=DIRECTION('center_axis',(1.,-3.1557585324304E-14,-2.19464098174041E-14));
#2308=DIRECTION('ref_axis',(-3.10862446895045E-14,-1.,-8.37269160313317E-30));
#2309=DIRECTION('center_axis',(-1.,3.10862446895045E-14,1.77635683940026E-14));
#2310=DIRECTION('ref_axis',(-3.10862446895045E-14,-1.,-8.37269160313319E-30));
#2311=DIRECTION('center_axis',(-1.,3.15185549963301E-14,2.20306328050689E-14));
#2312=DIRECTION('ref_axis',(-3.10862446895045E-14,-1.,-8.37269160313319E-30));
#2313=DIRECTION('',(-1.,3.10862446895045E-14,1.77635683940026E-14));
#2314=DIRECTION('center_axis',(1.,-3.1557585324304E-14,-2.19464098174041E-14));
#2315=DIRECTION('ref_axis',(-3.10862446895045E-14,-1.,-8.37269160313319E-30));
#2316=DIRECTION('center_axis',(-1.,3.15467816478674E-14,2.18426100252179E-14));
#2317=DIRECTION('ref_axis',(-3.15467816478674E-14,-1.,-2.35980491242584E-31));
#2318=DIRECTION('center_axis',(-1.,3.1557585324304E-14,2.19464098174041E-14));
#2319=DIRECTION('ref_axis',(-3.1557585324304E-14,-1.,0.));
#2320=DIRECTION('',(-1.,3.15467816478674E-14,2.18426100252179E-14));
#2321=DIRECTION('center_axis',(-1.,3.1557585324304E-14,2.19464098174041E-14));
#2322=DIRECTION('ref_axis',(-3.1557585324304E-14,-1.,0.));
#2323=DIRECTION('center_axis',(-1.,3.15467816478674E-14,2.18426100252179E-14));
#2324=DIRECTION('ref_axis',(-3.15467816478674E-14,-1.,-2.35980491242584E-31));
#2325=DIRECTION('center_axis',(-1.,3.1557585324304E-14,2.19464098174041E-14));
#2326=DIRECTION('ref_axis',(-3.1557585324304E-14,-1.,0.));
#2327=DIRECTION('',(-1.,3.15467816478674E-14,2.18426100252179E-14));
#2328=DIRECTION('center_axis',(-1.,3.1557585324304E-14,2.19464098174041E-14));
#2329=DIRECTION('ref_axis',(-3.1557585324304E-14,-1.,0.));
#2330=DIRECTION('center_axis',(-1.,3.15796771448933E-14,2.18426100252179E-14));
#2331=DIRECTION('ref_axis',(-3.15796771448933E-14,-1.,4.82543021880529E-31));
#2332=DIRECTION('center_axis',(-1.,3.1557585324304E-14,2.19464098174041E-14));
#2333=DIRECTION('ref_axis',(-3.1557585324304E-14,-1.,0.));
#2334=DIRECTION('',(-1.,3.15796771448933E-14,2.18426100252179E-14));
#2335=DIRECTION('center_axis',(-1.,3.1557585324304E-14,2.19464098174041E-14));
#2336=DIRECTION('ref_axis',(-3.1557585324304E-14,-1.,0.));
#2337=DIRECTION('center_axis',(-1.,3.15796771448933E-14,2.18426100252179E-14));
#2338=DIRECTION('ref_axis',(-3.15796771448933E-14,-1.,4.82543021880529E-31));
#2339=DIRECTION('center_axis',(-1.,3.1557585324304E-14,2.19464098174041E-14));
#2340=DIRECTION('ref_axis',(-3.1557585324304E-14,-1.,0.));
#2341=DIRECTION('',(-1.,3.15796771448933E-14,2.18426100252179E-14));
#2342=DIRECTION('center_axis',(-1.,3.1557585324304E-14,2.19464098174041E-14));
#2343=DIRECTION('ref_axis',(-3.1557585324304E-14,-1.,0.));
#2344=DIRECTION('center_axis',(0.,0.,1.));
#2345=DIRECTION('ref_axis',(0.,-1.,0.));
#2346=DIRECTION('center_axis',(0.958102117538156,-8.50965624666383E-15,
-0.286426835978931));
#2347=DIRECTION('ref_axis',(0.285597962661523,0.076021739464001,0.955329523699783));
#2348=DIRECTION('center_axis',(0.,0.,1.));
#2349=DIRECTION('ref_axis',(0.707106781186544,-0.707106781186551,0.));
#2350=DIRECTION('',(0.,0.,-1.));
#2351=DIRECTION('center_axis',(0.,0.,-1.));
#2352=DIRECTION('ref_axis',(0.707106781186544,-0.707106781186551,0.));
#2353=DIRECTION('',(0.,0.,1.));
#2354=DIRECTION('center_axis',(-2.96059473233376E-15,1.,0.));
#2355=DIRECTION('ref_axis',(-1.,-2.96059473233376E-15,0.));
#2356=DIRECTION('',(0.,0.,1.));
#2357=DIRECTION('',(-1.,-2.96059473233376E-15,0.));
#2358=DIRECTION('center_axis',(-0.957674288383471,4.25292818021934E-14,
0.287854055676158));
#2359=DIRECTION('ref_axis',(-4.4408920985006E-14,-1.,0.));
#2360=DIRECTION('center_axis',(-1.,3.1557585324304E-14,2.19464098174041E-14));
#2361=DIRECTION('ref_axis',(-3.1557585324304E-14,-1.,0.));
#2362=DIRECTION('center_axis',(-1.,3.1557585324304E-14,2.19464098174041E-14));
#2363=DIRECTION('ref_axis',(-3.1557585324304E-14,-1.,0.));
#2364=DIRECTION('center_axis',(0.,0.,1.));
#2365=DIRECTION('ref_axis',(0.707106781186551,-0.707106781186544,0.));
#2366=DIRECTION('center_axis',(0.,0.,-1.));
#2367=DIRECTION('ref_axis',(0.707106781186551,-0.707106781186544,0.));
#2368=DIRECTION('',(0.,0.,-1.));
#2369=DIRECTION('center_axis',(2.15463615143833E-14,1.22464679914052E-16,
1.));
#2370=DIRECTION('ref_axis',(0.707106781186551,-0.707106781186544,0.));
#2371=DIRECTION('',(0.,0.,1.));
#2372=DIRECTION('center_axis',(0.,-1.,0.));
#2373=DIRECTION('ref_axis',(1.,0.,0.));
#2374=DIRECTION('',(1.,0.,0.));
#2375=DIRECTION('',(0.,0.,1.));
#2376=DIRECTION('',(1.,0.,0.));
#2377=DIRECTION('',(0.,0.,-1.));
#2378=DIRECTION('',(1.,0.,0.));
#2379=DIRECTION('',(2.1316282072803E-14,0.,1.));
#2380=DIRECTION('',(-1.,0.,0.));
#2381=DIRECTION('center_axis',(0.,0.,1.));
#2382=DIRECTION('ref_axis',(1.,0.,0.));
#2383=DIRECTION('',(0.,1.,0.));
#2384=DIRECTION('center_axis',(0.,0.,-1.));
#2385=DIRECTION('ref_axis',(0.707106781186548,0.707106781186548,0.));
#2386=DIRECTION('',(-1.,0.,0.));
#2387=DIRECTION('center_axis',(0.,0.,1.));
#2388=DIRECTION('ref_axis',(0.,1.,0.));
#2389=DIRECTION('center_axis',(0.,0.,1.));
#2390=DIRECTION('ref_axis',(1.,0.,0.));
#2391=DIRECTION('center_axis',(0.,0.,1.));
#2392=DIRECTION('ref_axis',(0.,1.,0.));
#2393=DIRECTION('',(-1.,0.,0.));
#2394=DIRECTION('',(1.,0.,0.));
#2395=DIRECTION('',(0.,1.,0.));
#2396=DIRECTION('center_axis',(0.,0.,1.));
#2397=DIRECTION('ref_axis',(0.,1.,0.));
#2398=DIRECTION('',(1.,2.96059473233376E-15,0.));
#2399=DIRECTION('center_axis',(0.,0.,-1.));
#2400=DIRECTION('ref_axis',(0.707106781186541,0.707106781186554,0.));
#2401=DIRECTION('',(0.,1.,0.));
#2402=DIRECTION('',(0.,-1.,0.));
#2403=DIRECTION('center_axis',(0.,0.,1.));
#2404=DIRECTION('ref_axis',(0.,-1.,0.));
#2405=DIRECTION('center_axis',(0.,0.,1.));
#2406=DIRECTION('ref_axis',(-1.,0.,0.));
#2407=DIRECTION('center_axis',(0.,0.,1.));
#2408=DIRECTION('ref_axis',(0.,-1.,0.));
#2409=DIRECTION('center_axis',(0.,0.,-1.));
#2410=DIRECTION('ref_axis',(-1.,0.,0.));
#2411=DIRECTION('center_axis',(0.,0.,-1.));
#2412=DIRECTION('ref_axis',(-1.,0.,0.));
#2413=DIRECTION('center_axis',(0.,0.,-1.));
#2414=DIRECTION('ref_axis',(-1.,0.,0.));
#2415=DIRECTION('',(0.,1.,0.));
#2416=DIRECTION('',(-1.,0.,0.));
#2417=DIRECTION('',(0.,-1.,0.));
#2418=DIRECTION('',(-1.,0.,0.));
#2419=DIRECTION('center_axis',(0.,0.,1.));
#2420=DIRECTION('ref_axis',(0.707106781186548,0.707106781186548,0.));
#2421=DIRECTION('',(0.,0.,-1.));
#2422=DIRECTION('center_axis',(2.15463615143833E-14,1.22464679914052E-16,
1.));
#2423=DIRECTION('ref_axis',(0.707106781186548,0.707106781186548,0.));
#2424=DIRECTION('',(0.,0.,1.));
#2425=DIRECTION('center_axis',(0.,1.,0.));
#2426=DIRECTION('ref_axis',(-1.,0.,0.));
#2427=DIRECTION('',(1.,0.,0.));
#2428=DIRECTION('',(-2.1316282072803E-14,0.,-1.));
#2429=DIRECTION('',(0.,0.,1.));
#2430=DIRECTION('',(-1.,0.,0.));
#2431=DIRECTION('',(0.,0.,-1.));
#2432=DIRECTION('center_axis',(2.1316282072803E-14,0.,1.));
#2433=DIRECTION('ref_axis',(-0.451753951452622,0.892142571199773,9.95556594172705E-15));
#2434=DIRECTION('center_axis',(2.20375846402998E-14,0.,1.));
#2435=DIRECTION('ref_axis',(0.,1.,0.));
#2436=DIRECTION('',(-2.1316282072803E-14,0.,-1.));
#2437=DIRECTION('center_axis',(-2.15463615143833E-14,-1.22464679914052E-16,
-1.));
#2438=DIRECTION('ref_axis',(-0.451753951452622,0.892142571199773,9.95556594172705E-15));
#2439=DIRECTION('center_axis',(-0.317595086406529,0.,0.948226429230081));
#2440=DIRECTION('ref_axis',(0.,1.,0.));
#2441=DIRECTION('center_axis',(0.704287275069171,0.,-0.709915089412559));
#2442=DIRECTION('ref_axis',(0.,-1.,0.));
#2443=DIRECTION('center_axis',(1.10187923202359E-14,0.,-1.));
#2444=DIRECTION('ref_axis',(0.,-1.,0.));
#2445=DIRECTION('center_axis',(-2.1316282072803E-14,0.,-1.));
#2446=DIRECTION('ref_axis',(-0.451753951452628,-0.89214257119977,9.95556594172707E-15));
#2447=DIRECTION('center_axis',(-2.15463615143833E-14,-1.22464679914052E-16,
-1.));
#2448=DIRECTION('ref_axis',(-0.451753951452628,-0.89214257119977,9.95556594172707E-15));
#2449=DIRECTION('',(2.1316282072803E-14,0.,1.));
#2450=DIRECTION('center_axis',(0.,0.,1.));
#2451=DIRECTION('ref_axis',(0.,1.,0.));
#2452=DIRECTION('',(0.,0.,-1.));
#2453=DIRECTION('center_axis',(0.,0.,-1.));
#2454=DIRECTION('ref_axis',(0.,1.,0.));
#2455=DIRECTION('center_axis',(0.,0.,-1.));
#2456=DIRECTION('ref_axis',(0.,1.,0.));
#2457=DIRECTION('center_axis',(0.,0.,-1.));
#2458=DIRECTION('ref_axis',(0.,1.,0.));
#2459=DIRECTION('',(0.,0.,1.));
#2460=DIRECTION('center_axis',(1.,0.,0.));
#2461=DIRECTION('ref_axis',(0.,-0.70710678118656,0.707106781186535));
#2462=DIRECTION('',(-1.,0.,0.));
#2463=DIRECTION('',(1.,0.,0.));
#2464=DIRECTION('center_axis',(0.,0.,1.));
#2465=DIRECTION('ref_axis',(-1.,0.,0.));
#2466=DIRECTION('center_axis',(0.,0.,1.));
#2467=DIRECTION('ref_axis',(-1.,0.,0.));
#2468=DIRECTION('center_axis',(0.,0.,1.));
#2469=DIRECTION('ref_axis',(-1.,0.,0.));
#2470=DIRECTION('center_axis',(0.,0.,-1.));
#2471=DIRECTION('ref_axis',(1.,0.,0.));
#2472=DIRECTION('center_axis',(0.,0.,-1.));
#2473=DIRECTION('ref_axis',(0.,-1.,0.));
#2474=DIRECTION('center_axis',(0.,0.,-1.));
#2475=DIRECTION('ref_axis',(0.,-1.,0.));
#2476=DIRECTION('',(0.,0.,1.));
#2477=DIRECTION('center_axis',(0.,0.,1.));
#2478=DIRECTION('ref_axis',(0.,-1.,0.));
#2479=DIRECTION('',(0.,0.,-1.));
#2480=DIRECTION('center_axis',(0.,0.,-1.));
#2481=DIRECTION('ref_axis',(0.,-1.,0.));
#2482=DIRECTION('center_axis',(-1.,0.,0.));
#2483=DIRECTION('ref_axis',(0.,0.707106781186557,0.707106781186538));
#2484=DIRECTION('',(1.,0.,0.));
#2485=DIRECTION('',(-1.,0.,0.));
#2486=DIRECTION('center_axis',(0.,0.,1.));
#2487=DIRECTION('ref_axis',(-1.,0.,0.));
#2488=DIRECTION('center_axis',(0.,0.,1.));
#2489=DIRECTION('ref_axis',(-1.,0.,0.));
#2490=DIRECTION('center_axis',(0.,0.,1.));
#2491=DIRECTION('ref_axis',(-1.,0.,0.));
#2492=DIRECTION('center_axis',(0.,0.,-1.));
#2493=DIRECTION('ref_axis',(-1.,0.,0.));
#2494=DIRECTION('center_axis',(0.,0.,1.));
#2495=DIRECTION('ref_axis',(1.,0.,0.));
#2496=DIRECTION('center_axis',(0.962314224173166,-1.91787808271591E-12,
-0.271939945491643));
#2497=DIRECTION('ref_axis',(0.2603268200473,-0.289112072810475,0.92121884268576));
#2498=DIRECTION('center_axis',(0.,0.954116238769882,0.299436475593094));
#2499=DIRECTION('ref_axis',(1.,0.,0.));
#2500=DIRECTION('center_axis',(-6.94555524205507E-12,0.,1.));
#2501=DIRECTION('ref_axis',(0.,1.,0.));
#2502=DIRECTION('center_axis',(0.,0.,1.));
#2503=DIRECTION('ref_axis',(0.707106781186541,0.707106781186554,0.));
#2504=DIRECTION('',(0.,0.,1.));
#2505=DIRECTION('',(0.,0.,-1.));
#2506=DIRECTION('center_axis',(0.956688396554113,5.9479699173782E-14,-0.291113915673435));
#2507=DIRECTION('ref_axis',(-6.21724893790093E-14,1.,0.));
#2508=DIRECTION('center_axis',(-1.,0.,0.));
#2509=DIRECTION('ref_axis',(0.,-1.,0.));
#2510=DIRECTION('center_axis',(0.,0.,-1.));
#2511=DIRECTION('ref_axis',(-1.,0.,0.));
#2512=DIRECTION('',(0.,0.,1.));
#2513=DIRECTION('center_axis',(0.,0.,-1.));
#2514=DIRECTION('ref_axis',(1.,0.,0.));
#2515=DIRECTION('center_axis',(0.,0.,-1.));
#2516=DIRECTION('ref_axis',(-1.,0.,0.));
#2517=DIRECTION('',(0.,0.,1.));
#2518=DIRECTION('center_axis',(0.,0.,-1.));
#2519=DIRECTION('ref_axis',(-1.,0.,0.));
#2520=DIRECTION('center_axis',(0.,0.,-1.));
#2521=DIRECTION('ref_axis',(-1.,0.,0.));
#2522=DIRECTION('',(0.,0.,-1.));
#2523=DIRECTION('center_axis',(0.,0.,-1.));
#2524=DIRECTION('ref_axis',(-1.,0.,0.));
#2525=DIRECTION('center_axis',(0.,0.,1.));
#2526=DIRECTION('ref_axis',(-1.,0.,0.));
#2527=DIRECTION('center_axis',(0.,1.,0.));
#2528=DIRECTION('ref_axis',(-1.,0.,0.));
#2529=DIRECTION('center_axis',(-1.,0.,0.));
#2530=DIRECTION('ref_axis',(0.,-1.,0.));
#2531=DIRECTION('center_axis',(2.96059473233376E-15,-1.,0.));
#2532=DIRECTION('ref_axis',(1.,2.96059473233376E-15,0.));
#2533=DIRECTION('',(0.,0.,1.));
#2534=DIRECTION('center_axis',(0.,0.,1.));
#2535=DIRECTION('ref_axis',(0.,1.,0.));
#2536=DIRECTION('center_axis',(0.,0.,1.));
#2537=DIRECTION('ref_axis',(1.,0.,0.));
#2538=DIRECTION('center_axis',(0.,0.,-1.));
#2539=DIRECTION('ref_axis',(1.,0.,0.));
#2540=DIRECTION('',(0.,0.,-1.));
#2541=DIRECTION('center_axis',(0.,0.,1.));
#2542=DIRECTION('ref_axis',(1.,0.,0.));
#2543=DIRECTION('center_axis',(0.,0.,-1.));
#2544=DIRECTION('ref_axis',(1.,0.,0.));
#2545=DIRECTION('',(0.,1.,0.));
#2546=DIRECTION('',(-1.,0.,0.));
#2547=DIRECTION('',(0.,-1.,0.));
#2548=DIRECTION('',(1.,0.,0.));
#2549=DIRECTION('center_axis',(1.,0.,0.));
#2550=DIRECTION('ref_axis',(0.,1.,0.));
#2551=DIRECTION('',(0.,0.,1.));
#2552=DIRECTION('',(0.,0.,1.));
#2553=DIRECTION('center_axis',(0.,-1.,0.));
#2554=DIRECTION('ref_axis',(1.,0.,0.));
#2555=DIRECTION('',(0.,0.,1.));
#2556=DIRECTION('center_axis',(-2.15463615143833E-14,-1.22464679914052E-16,
-1.));
#2557=DIRECTION('ref_axis',(-1.,0.,2.15463615143833E-14));
#2558=DIRECTION('center_axis',(-2.15463615143833E-14,-1.22464679914052E-16,
-1.));
#2559=DIRECTION('ref_axis',(-1.,0.,2.15463615143833E-14));
#2560=DIRECTION('',(0.,-1.,0.));
#2561=DIRECTION('center_axis',(-1.,0.,0.));
#2562=DIRECTION('ref_axis',(0.,-1.,0.));
#2563=DIRECTION('center_axis',(0.,1.,0.));
#2564=DIRECTION('ref_axis',(-1.,0.,0.));
#2565=DIRECTION('',(0.,0.,1.));
#2566=DIRECTION('center_axis',(-1.,0.,0.));
#2567=DIRECTION('ref_axis',(0.,-1.,0.));
#2568=DIRECTION('center_axis',(1.,0.,0.));
#2569=DIRECTION('ref_axis',(0.,1.,0.));
#2570=DIRECTION('center_axis',(2.1316282072803E-14,0.,1.));
#2571=DIRECTION('ref_axis',(-1.,0.,2.1316282072803E-14));
#2572=DIRECTION('center_axis',(1.,-3.15185549963301E-14,-2.20306328050689E-14));
#2573=DIRECTION('ref_axis',(-2.20306328050689E-14,0.,-1.));
#2574=DIRECTION('center_axis',(0.,0.,-1.));
#2575=DIRECTION('ref_axis',(0.,-1.,0.));
#2576=DIRECTION('center_axis',(0.,0.,-1.));
#2577=DIRECTION('ref_axis',(0.,-1.,0.));
#2578=DIRECTION('',(0.,0.,1.));
#2579=DIRECTION('center_axis',(0.,0.,1.));
#2580=DIRECTION('ref_axis',(0.,-1.,0.));
#2581=DIRECTION('',(0.,0.,-1.));
#2582=DIRECTION('center_axis',(0.,-1.,0.));
#2583=DIRECTION('ref_axis',(1.,0.,0.));
#2584=DIRECTION('',(1.,0.,0.));
#2585=DIRECTION('',(0.,0.,1.));
#2586=DIRECTION('',(-1.,0.,0.));
#2587=DIRECTION('center_axis',(0.,0.,1.));
#2588=DIRECTION('ref_axis',(0.,-1.,0.));
#2589=DIRECTION('center_axis',(0.,0.,1.));
#2590=DIRECTION('ref_axis',(0.,-1.,0.));
#2591=DIRECTION('',(0.,0.,-1.));
#2592=DIRECTION('center_axis',(0.,0.,-1.));
#2593=DIRECTION('ref_axis',(0.,-1.,0.));
#2594=DIRECTION('',(0.,0.,1.));
#2595=DIRECTION('center_axis',(0.,-1.,0.));
#2596=DIRECTION('ref_axis',(1.,0.,0.));
#2597=DIRECTION('',(-1.,0.,0.));
#2598=DIRECTION('',(0.,0.,-1.));
#2599=DIRECTION('',(1.,0.,0.));
#2600=DIRECTION('center_axis',(0.,0.,1.));
#2601=DIRECTION('ref_axis',(0.,1.,0.));
#2602=DIRECTION('center_axis',(0.,0.,1.));
#2603=DIRECTION('ref_axis',(0.,1.,0.));
#2604=DIRECTION('',(0.,0.,-1.));
#2605=DIRECTION('center_axis',(0.,0.,-1.));
#2606=DIRECTION('ref_axis',(0.,1.,0.));
#2607=DIRECTION('',(0.,0.,1.));
#2608=DIRECTION('center_axis',(0.,1.,0.));
#2609=DIRECTION('ref_axis',(-1.,0.,0.));
#2610=DIRECTION('',(1.,0.,0.));
#2611=DIRECTION('',(0.,0.,-1.));
#2612=DIRECTION('',(-1.,0.,0.));
#2613=DIRECTION('center_axis',(0.,0.,-1.));
#2614=DIRECTION('ref_axis',(0.,1.,0.));
#2615=DIRECTION('center_axis',(0.,0.,-1.));
#2616=DIRECTION('ref_axis',(0.,1.,0.));
#2617=DIRECTION('',(0.,0.,1.));
#2618=DIRECTION('center_axis',(0.,0.,1.));
#2619=DIRECTION('ref_axis',(0.,1.,0.));
#2620=DIRECTION('',(0.,0.,-1.));
#2621=DIRECTION('center_axis',(0.,1.,0.));
#2622=DIRECTION('ref_axis',(-1.,0.,0.));
#2623=DIRECTION('',(-1.,0.,0.));
#2624=DIRECTION('',(0.,0.,1.));
#2625=DIRECTION('',(1.,0.,0.));
#2626=DIRECTION('center_axis',(0.,0.,1.));
#2627=DIRECTION('ref_axis',(0.707106781186548,-0.707106781186548,0.));
#2628=DIRECTION('center_axis',(0.,0.,-1.));
#2629=DIRECTION('ref_axis',(0.707106781186548,-0.707106781186548,0.));
#2630=DIRECTION('',(0.,0.,1.));
#2631=DIRECTION('center_axis',(0.,0.,1.));
#2632=DIRECTION('ref_axis',(0.707106781186548,-0.707106781186548,0.));
#2633=DIRECTION('',(0.,0.,-1.));
#2634=DIRECTION('center_axis',(-2.53765262771465E-15,1.,0.));
#2635=DIRECTION('ref_axis',(-1.,-2.53765262771465E-15,0.));
#2636=DIRECTION('',(-1.,-2.53765262771465E-15,0.));
#2637=DIRECTION('',(0.,0.,1.));
#2638=DIRECTION('',(-1.,-2.53765262771465E-15,0.));
#2639=DIRECTION('center_axis',(0.,0.,1.));
#2640=DIRECTION('ref_axis',(0.707106781186544,0.707106781186551,0.));
#2641=DIRECTION('center_axis',(0.,0.,-1.));
#2642=DIRECTION('ref_axis',(0.707106781186544,0.707106781186551,0.));
#2643=DIRECTION('',(0.,0.,1.));
#2644=DIRECTION('center_axis',(0.,0.,1.));
#2645=DIRECTION('ref_axis',(0.707106781186544,0.707106781186551,0.));
#2646=DIRECTION('',(0.,0.,-1.));
#2647=DIRECTION('center_axis',(-1.,0.,0.));
#2648=DIRECTION('ref_axis',(0.,-1.,0.));
#2649=DIRECTION('',(0.,1.,0.));
#2650=DIRECTION('',(0.,0.,-1.));
#2651=DIRECTION('',(0.,-1.,0.));
#2652=DIRECTION('center_axis',(0.,0.,1.));
#2653=DIRECTION('ref_axis',(-0.707106781186548,0.707106781186548,0.));
#2654=DIRECTION('center_axis',(0.,0.,-1.));
#2655=DIRECTION('ref_axis',(-0.707106781186548,0.707106781186548,0.));
#2656=DIRECTION('center_axis',(0.,0.,1.));
#2657=DIRECTION('ref_axis',(-0.707106781186548,0.707106781186548,0.));
#2658=DIRECTION('',(0.,0.,1.));
#2659=DIRECTION('center_axis',(-1.,0.,0.));
#2660=DIRECTION('ref_axis',(0.,-1.,0.));
#2661=DIRECTION('',(0.,-1.,0.));
#2662=DIRECTION('',(0.,1.,0.));
#2663=DIRECTION('center_axis',(0.,0.,1.));
#2664=DIRECTION('ref_axis',(-1.,0.,0.));
#2665=DIRECTION('center_axis',(0.,0.,1.));
#2666=DIRECTION('ref_axis',(1.,0.,0.));
#2667=DIRECTION('center_axis',(0.,0.,1.));
#2668=DIRECTION('ref_axis',(0.707106781186548,0.707106781186548,0.));
#2669=DIRECTION('',(0.,-1.,0.));
#2670=DIRECTION('center_axis',(0.,0.,1.));
#2671=DIRECTION('ref_axis',(0.707106781186551,-0.707106781186544,0.));
#2672=DIRECTION('center_axis',(0.,0.,1.));
#2673=DIRECTION('ref_axis',(-1.,0.,0.));
#2674=DIRECTION('center_axis',(0.,0.,1.));
#2675=DIRECTION('ref_axis',(-0.707106781186544,-0.707106781186551,0.));
#2676=DIRECTION('',(1.,5.07530525542929E-15,0.));
#2677=DIRECTION('center_axis',(0.,0.,1.));
#2678=DIRECTION('ref_axis',(0.,1.,0.));
#2679=DIRECTION('center_axis',(0.,0.,-1.));
#2680=DIRECTION('ref_axis',(-1.,0.,0.));
#2681=DIRECTION('center_axis',(0.,0.,-1.));
#2682=DIRECTION('ref_axis',(-1.,0.,0.));
#2683=DIRECTION('center_axis',(0.,0.,-1.));
#2684=DIRECTION('ref_axis',(-1.,0.,0.));
#2685=DIRECTION('',(0.,-1.,0.));
#2686=DIRECTION('',(1.,0.,0.));
#2687=DIRECTION('',(0.,1.,0.));
#2688=DIRECTION('',(-1.,0.,0.));
#2689=DIRECTION('',(-1.,0.,0.));
#2690=DIRECTION('',(0.,-1.,0.));
#2691=DIRECTION('',(1.,0.,0.));
#2692=DIRECTION('',(0.,1.,0.));
#2693=DIRECTION('center_axis',(0.,0.,-1.));
#2694=DIRECTION('ref_axis',(-1.,0.,0.));
#2695=DIRECTION('center_axis',(0.,0.,-1.));
#2696=DIRECTION('ref_axis',(-1.,0.,0.));
#2697=DIRECTION('center_axis',(0.,0.,-1.));
#2698=DIRECTION('ref_axis',(-1.,0.,0.));
#2699=DIRECTION('center_axis',(0.,0.,-1.));
#2700=DIRECTION('ref_axis',(-1.,0.,0.));
#2701=DIRECTION('center_axis',(0.,0.,1.));
#2702=DIRECTION('ref_axis',(-0.707106781186544,-0.707106781186551,0.));
#2703=DIRECTION('center_axis',(0.,0.,-1.));
#2704=DIRECTION('ref_axis',(-0.707106781186544,-0.707106781186551,0.));
#2705=DIRECTION('center_axis',(0.,0.,1.));
#2706=DIRECTION('ref_axis',(0.707106781186548,0.707106781186548,0.));
#2707=DIRECTION('center_axis',(0.,0.,-1.));
#2708=DIRECTION('ref_axis',(0.707106781186548,0.707106781186548,0.));
#2709=DIRECTION('',(0.,0.,-1.));
#2710=DIRECTION('center_axis',(0.,0.,1.));
#2711=DIRECTION('ref_axis',(0.707106781186551,-0.707106781186544,0.));
#2712=DIRECTION('center_axis',(0.,0.,-1.));
#2713=DIRECTION('ref_axis',(0.707106781186551,-0.707106781186544,0.));
#2714=DIRECTION('',(0.,0.,1.));
#2715=DIRECTION('center_axis',(0.,0.,1.));
#2716=DIRECTION('ref_axis',(-1.,0.,0.));
#2717=DIRECTION('center_axis',(0.,0.,-1.));
#2718=DIRECTION('ref_axis',(-1.,0.,0.));
#2719=DIRECTION('',(0.,0.,-1.));
#2720=DIRECTION('center_axis',(0.,0.,1.));
#2721=DIRECTION('ref_axis',(-1.,0.,0.));
#2722=DIRECTION('center_axis',(0.,0.,-1.));
#2723=DIRECTION('ref_axis',(-1.,0.,0.));
#2724=DIRECTION('',(0.,0.,-1.));
#2725=DIRECTION('center_axis',(0.,0.,1.));
#2726=DIRECTION('ref_axis',(-1.,0.,0.));
#2727=DIRECTION('center_axis',(0.,0.,-1.));
#2728=DIRECTION('ref_axis',(-1.,0.,0.));
#2729=DIRECTION('',(0.,0.,-1.));
#2730=DIRECTION('center_axis',(0.,0.,1.));
#2731=DIRECTION('ref_axis',(-1.,0.,0.));
#2732=DIRECTION('center_axis',(0.,0.,-1.));
#2733=DIRECTION('ref_axis',(-1.,0.,0.));
#2734=DIRECTION('',(0.,0.,-1.));
#2735=DIRECTION('center_axis',(-1.,0.,0.));
#2736=DIRECTION('ref_axis',(0.,-1.,0.));
#2737=DIRECTION('',(0.,0.,1.));
#2738=DIRECTION('',(0.,-1.,0.));
#2739=DIRECTION('',(0.,0.,1.));
#2740=DIRECTION('center_axis',(0.,-1.,0.));
#2741=DIRECTION('ref_axis',(1.,0.,0.));
#2742=DIRECTION('',(1.,0.,0.));
#2743=DIRECTION('',(0.,0.,1.));
#2744=DIRECTION('center_axis',(1.,0.,0.));
#2745=DIRECTION('ref_axis',(0.,1.,0.));
#2746=DIRECTION('',(0.,1.,0.));
#2747=DIRECTION('',(0.,0.,1.));
#2748=DIRECTION('center_axis',(0.,1.,0.));
#2749=DIRECTION('ref_axis',(-1.,0.,0.));
#2750=DIRECTION('',(-1.,0.,0.));
#2751=DIRECTION('center_axis',(0.,-1.,0.));
#2752=DIRECTION('ref_axis',(1.,0.,0.));
#2753=DIRECTION('',(0.,0.,1.));
#2754=DIRECTION('',(1.,0.,0.));
#2755=DIRECTION('',(0.,0.,1.));
#2756=DIRECTION('center_axis',(1.,0.,0.));
#2757=DIRECTION('ref_axis',(0.,1.,0.));
#2758=DIRECTION('',(0.,1.,0.));
#2759=DIRECTION('',(0.,0.,1.));
#2760=DIRECTION('center_axis',(0.,1.,0.));
#2761=DIRECTION('ref_axis',(-1.,0.,0.));
#2762=DIRECTION('',(-1.,0.,0.));
#2763=DIRECTION('',(0.,0.,1.));
#2764=DIRECTION('center_axis',(-1.,0.,0.));
#2765=DIRECTION('ref_axis',(0.,-1.,0.));
#2766=DIRECTION('',(0.,-1.,0.));
#2767=DIRECTION('center_axis',(0.,0.,1.));
#2768=DIRECTION('ref_axis',(-1.,0.,0.));
#2769=DIRECTION('center_axis',(0.,0.,-1.));
#2770=DIRECTION('ref_axis',(-1.,0.,0.));
#2771=DIRECTION('',(0.,0.,-1.));
#2772=DIRECTION('center_axis',(0.,0.,1.));
#2773=DIRECTION('ref_axis',(-1.,0.,0.));
#2774=DIRECTION('center_axis',(0.,0.,-1.));
#2775=DIRECTION('ref_axis',(-1.,0.,0.));
#2776=DIRECTION('',(0.,0.,-1.));
#2777=DIRECTION('center_axis',(0.,0.,1.));
#2778=DIRECTION('ref_axis',(-1.,0.,0.));
#2779=DIRECTION('center_axis',(0.,0.,-1.));
#2780=DIRECTION('ref_axis',(-1.,0.,0.));
#2781=DIRECTION('',(0.,0.,-1.));
#2782=DIRECTION('center_axis',(0.,0.,1.));
#2783=DIRECTION('ref_axis',(1.,0.,0.));
#2784=DIRECTION('center_axis',(0.,0.,1.));
#2785=DIRECTION('ref_axis',(1.,0.,0.));
#2786=DIRECTION('center_axis',(1.,0.,0.));
#2787=DIRECTION('ref_axis',(0.,1.,0.));
#2788=DIRECTION('',(0.,1.,0.));
#2789=DIRECTION('center_axis',(0.,0.,1.));
#2790=DIRECTION('ref_axis',(-1.,0.,0.));
#2791=DIRECTION('center_axis',(0.,0.,1.));
#2792=DIRECTION('ref_axis',(-1.,0.,0.));
#2793=DIRECTION('center_axis',(5.07530525542929E-15,-1.,0.));
#2794=DIRECTION('ref_axis',(1.,5.07530525542929E-15,0.));
#2795=DIRECTION('',(1.,5.07530525542929E-15,0.));
#2796=DIRECTION('',(0.,0.,1.));
#2797=DIRECTION('center_axis',(0.,0.,1.));
#2798=DIRECTION('ref_axis',(0.,1.,0.));
#2799=DIRECTION('center_axis',(0.,0.,1.));
#2800=DIRECTION('ref_axis',(0.,1.,0.));
#2801=DIRECTION('center_axis',(0.,0.,1.));
#2802=DIRECTION('ref_axis',(-1.,0.,0.));
#2803=CARTESIAN_POINT('',(0.,0.,0.));
#2804=CARTESIAN_POINT('Origin',(-105.50000011176,40.4414585778398,187.464021359608));
#2805=CARTESIAN_POINT('',(-105.500000111759,41.4414585778398,187.464021359608));
#2806=CARTESIAN_POINT('Origin',(-105.500000111759,40.4414585778398,187.464021359608));
#2807=CARTESIAN_POINT('',(-107.500000111759,41.4414585778399,187.464021359608));
#2808=CARTESIAN_POINT('',(-105.500000111759,41.4414585778398,187.464021359608));
#2809=CARTESIAN_POINT('Origin',(-107.500000111759,40.4414585778399,187.464021359608));
#2810=CARTESIAN_POINT('Origin',(-105.50000011176,32.0850877342653,188.937475144576));
#2811=CARTESIAN_POINT('',(-105.50000011176,33.0850877342653,188.937475144576));
#2812=CARTESIAN_POINT('Origin',(-105.50000011176,32.0850877342653,188.937475144576));
#2813=CARTESIAN_POINT('',(-107.50000011176,33.0850877342653,188.937475144576));
#2814=CARTESIAN_POINT('',(-105.50000011176,33.0850877342653,188.937475144576));
#2815=CARTESIAN_POINT('Origin',(-107.50000011176,32.0850877342653,188.937475144576));
#2816=CARTESIAN_POINT('Origin',(-105.500000111759,41.9149122657333,195.820392380788));
#2817=CARTESIAN_POINT('',(-105.500000111759,42.9149122657333,195.820392380788));
#2818=CARTESIAN_POINT('Origin',(-105.500000111759,41.9149122657333,195.820392380788));
#2819=CARTESIAN_POINT('',(-107.500000111759,42.9149122657333,195.820392380788));
#2820=CARTESIAN_POINT('',(-105.500000111759,42.9149122657333,195.820392380788));
#2821=CARTESIAN_POINT('Origin',(-107.500000111759,41.9149122657333,195.820392380788));
#2822=CARTESIAN_POINT('Origin',(-105.50000011176,33.558541239064,197.293846037552));
#2823=CARTESIAN_POINT('',(-105.500000111759,34.558541239064,197.293846037552));
#2824=CARTESIAN_POINT('Origin',(-105.50000011176,33.558541239064,197.293846037552));
#2825=CARTESIAN_POINT('',(-107.500000111759,34.558541239064,197.293846037552));
#2826=CARTESIAN_POINT('',(-105.500000111759,34.558541239064,197.293846037552));
#2827=CARTESIAN_POINT('Origin',(-107.500000111759,33.558541239064,197.293846037552));
#2828=CARTESIAN_POINT('Origin',(-107.500000111759,33.558541239064,197.293846037552));
#2829=CARTESIAN_POINT('',(-107.500000111759,36.558541239064,197.293846037552));
#2830=CARTESIAN_POINT('Origin',(-107.500000111759,33.558541239064,197.293846037552));
#2831=CARTESIAN_POINT('',(-128.207453643053,36.5585412390647,197.293846037538));
#2832=CARTESIAN_POINT('',(-107.500000111759,36.558541239064,197.293846037552));
#2833=CARTESIAN_POINT('',(-127.435014019162,36.2127654741979,198.692092693057));
#2834=CARTESIAN_POINT('Ctrl Pts',(-127.435014019162,36.2127654741979,198.692092693057));
#2835=CARTESIAN_POINT('Ctrl Pts',(-127.394535928847,36.1823757565644,198.749780029354));
#2836=CARTESIAN_POINT('Ctrl Pts',(-127.353619494015,36.15023017995,198.806239911155));
#2837=CARTESIAN_POINT('Ctrl Pts',(-127.154063548593,35.9867395114088,199.073016573654));
#2838=CARTESIAN_POINT('Ctrl Pts',(-126.990257192523,35.8323552485658,199.266017214679));
#2839=CARTESIAN_POINT('Ctrl Pts',(-126.639691890001,35.4596459317871,199.631100496917));
#2840=CARTESIAN_POINT('Ctrl Pts',(-126.451790812258,35.2343412501392,199.797932932646));
#2841=CARTESIAN_POINT('Ctrl Pts',(-126.029146367799,34.6590410801552,200.10961005919));
#2842=CARTESIAN_POINT('Ctrl Pts',(-125.797576468672,34.2897130423317,200.230303811422));
#2843=CARTESIAN_POINT('Ctrl Pts',(-125.425540063466,33.5523380957498,200.31365066469));
#2844=CARTESIAN_POINT('Ctrl Pts',(-125.278126373285,33.1920054868354,200.294396346953));
#2845=CARTESIAN_POINT('Ctrl Pts',(-125.086170047935,32.528670687969,200.128829386178));
#2846=CARTESIAN_POINT('Ctrl Pts',(-125.03148662961,32.2334927071009,200.004799707146));
#2847=CARTESIAN_POINT('Ctrl Pts',(-125.001664692462,31.6905083346826,199.662682868211));
#2848=CARTESIAN_POINT('Ctrl Pts',(-125.025548776545,31.4526056087879,199.453185155298));
#2849=CARTESIAN_POINT('Ctrl Pts',(-125.153903752068,31.0223209450316,198.936169957311));
#2850=CARTESIAN_POINT('Ctrl Pts',(-125.267321887509,30.8510636145001,198.629388352079));
#2851=CARTESIAN_POINT('Ctrl Pts',(-125.595769175992,30.5900507231397,197.905655055773));
#2852=CARTESIAN_POINT('Ctrl Pts',(-125.826752766176,30.5383542340465,197.489165138634));
#2853=CARTESIAN_POINT('Ctrl Pts',(-126.258899059746,30.585379421199,196.797039003168));
#2854=CARTESIAN_POINT('Ctrl Pts',(-126.452623915323,30.6480745283829,196.51188060045));
#2855=CARTESIAN_POINT('Ctrl Pts',(-126.811294966351,30.8331455127302,196.016903094126));
#2856=CARTESIAN_POINT('Ctrl Pts',(-126.976874985666,30.9450280395749,195.800999658314));
#2857=CARTESIAN_POINT('Ctrl Pts',(-127.305364773242,31.2233561473194,195.393989109811));
#2858=CARTESIAN_POINT('Ctrl Pts',(-127.468719323179,31.3919070571098,195.202894249354));
#2859=CARTESIAN_POINT('Ctrl Pts',(-127.809519688712,31.8199904988179,194.829325800212));
#2860=CARTESIAN_POINT('Ctrl Pts',(-127.982428901602,32.0906796384179,194.656956519395));
#2861=CARTESIAN_POINT('Ctrl Pts',(-128.306976880365,32.7369781804174,194.384517646877));
#2862=CARTESIAN_POINT('Ctrl Pts',(-128.448646050592,33.1144105420535,194.300663061803));
#2863=CARTESIAN_POINT('Ctrl Pts',(-128.656047357007,33.8736656344389,194.288332908776));
#2864=CARTESIAN_POINT('Ctrl Pts',(-128.724297757111,34.2412836842105,194.348654289099));
#2865=CARTESIAN_POINT('Ctrl Pts',(-128.802173778417,34.9311476880766,194.602040170542));
#2866=CARTESIAN_POINT('Ctrl Pts',(-128.813437861406,35.2462650739065,194.78728339588));
#2867=CARTESIAN_POINT('Ctrl Pts',(-128.782634728515,35.7880569205334,195.255597741977));
#2868=CARTESIAN_POINT('Ctrl Pts',(-128.742070058592,36.0108067582183,195.531023961484));
#2869=CARTESIAN_POINT('Ctrl Pts',(-128.606582835144,36.3551744042185,196.149915705975));
#2870=CARTESIAN_POINT('Ctrl Pts',(-128.511304815152,36.4687390383017,196.487156028776));
#2871=CARTESIAN_POINT('Ctrl Pts',(-128.333425538363,36.5468137453094,196.985372811391));
#2872=CARTESIAN_POINT('Ctrl Pts',(-128.272782443737,36.5585412390633,197.140598225597));
#2873=CARTESIAN_POINT('Ctrl Pts',(-128.207453643053,36.5585412390647,197.293846037524));
#2874=CARTESIAN_POINT('Ctrl Pts',(-128.207453643053,36.5585412390647,197.293846037524));
#2875=CARTESIAN_POINT('Ctrl Pts',(-128.118450879723,36.5585412390666,197.502628053925));
#2876=CARTESIAN_POINT('Ctrl Pts',(-128.020719816054,36.5367674996752,197.707726161336));
#2877=CARTESIAN_POINT('Ctrl Pts',(-127.766951041692,36.4370108139126,198.18611096793));
#2878=CARTESIAN_POINT('Ctrl Pts',(-127.604968632634,36.3403622228023,198.449881934936));
#2879=CARTESIAN_POINT('Ctrl Pts',(-127.435014019162,36.212765474198,198.692092693057));
#2880=CARTESIAN_POINT('Origin',(-107.500000111759,33.558541239064,197.293846037552));
#2881=CARTESIAN_POINT('Origin',(-107.50000011176,32.0850877342653,188.937475144576));
#2882=CARTESIAN_POINT('',(-107.50000011176,35.0850877342653,188.937475144576));
#2883=CARTESIAN_POINT('Origin',(-107.50000011176,32.0850877342653,188.937475144576));
#2884=CARTESIAN_POINT('',(-129.5576167849,35.085087734266,188.937475144576));
#2885=CARTESIAN_POINT('',(-107.50000011176,35.0850877342653,188.937475144576));
#2886=CARTESIAN_POINT('',(-129.460836623513,34.8095137992651,190.193665126229));
#2887=CARTESIAN_POINT('Ctrl Pts',(-129.460637174833,34.8092796442244,190.193969648232));
#2888=CARTESIAN_POINT('Ctrl Pts',(-129.440551855826,34.7265421549495,190.373351888486));
#2889=CARTESIAN_POINT('Ctrl Pts',(-129.417771071043,34.6264371643138,190.543804463465));
#2890=CARTESIAN_POINT('Ctrl Pts',(-129.357135201911,34.3571220982928,190.913801738945));
#2891=CARTESIAN_POINT('Ctrl Pts',(-129.317033006396,34.1774254861962,191.102931566873));
#2892=CARTESIAN_POINT('Ctrl Pts',(-129.208303180296,33.7068856138295,191.485082771391));
#2893=CARTESIAN_POINT('Ctrl Pts',(-129.13526904612,33.4032586397844,191.654146532681));
#2894=CARTESIAN_POINT('Ctrl Pts',(-128.958169429795,32.6946864741647,191.903043180875));
#2895=CARTESIAN_POINT('Ctrl Pts',(-128.852327779848,32.2871549680752,191.958096354925));
#2896=CARTESIAN_POINT('Ctrl Pts',(-128.654168681913,31.4912264948785,191.904066200057));
#2897=CARTESIAN_POINT('Ctrl Pts',(-128.563056432114,31.1066507786059,191.801123495773));
#2898=CARTESIAN_POINT('Ctrl Pts',(-128.429334691598,30.4274112724522,191.463837338537));
#2899=CARTESIAN_POINT('Ctrl Pts',(-128.384438133641,30.1336473042925,191.245274213161));
#2900=CARTESIAN_POINT('Ctrl Pts',(-128.345800344163,29.6429501493402,190.715821001575));
#2901=CARTESIAN_POINT('Ctrl Pts',(-128.351184208088,29.4499326860197,190.414662405865));
#2902=CARTESIAN_POINT('Ctrl Pts',(-128.40974522145,29.1647552318086,189.726943839392));
#2903=CARTESIAN_POINT('Ctrl Pts',(-128.466479044187,29.0881318588254,189.344517810646));
#2904=CARTESIAN_POINT('Ctrl Pts',(-128.600624423032,29.0826095700134,188.627053439541));
#2905=CARTESIAN_POINT('Ctrl Pts',(-128.673256781942,29.1356771499262,188.296698837404));
#2906=CARTESIAN_POINT('Ctrl Pts',(-128.806322833834,29.3225303958255,187.740033675384));
#2907=CARTESIAN_POINT('Ctrl Pts',(-128.865443027283,29.4348188881783,187.508578651957));
#2908=CARTESIAN_POINT('Ctrl Pts',(-128.976367202893,29.7050259668186,187.095875676038));
#2909=CARTESIAN_POINT('Ctrl Pts',(-129.0281040305,29.8581478231981,186.913281376717));
#2910=CARTESIAN_POINT('Ctrl Pts',(-129.132656255775,30.2276546936579,186.566346944617));
#2911=CARTESIAN_POINT('Ctrl Pts',(-129.184300285532,30.4480785075129,186.408970941286));
#2912=CARTESIAN_POINT('Ctrl Pts',(-129.295377356724,31.0094805017919,186.113365506823));
#2913=CARTESIAN_POINT('Ctrl Pts',(-129.350410899623,31.3608772662172,186.003220596249));
#2914=CARTESIAN_POINT('Ctrl Pts',(-129.447610756849,32.1158012041529,185.911879605933));
#2915=CARTESIAN_POINT('Ctrl Pts',(-129.48758074803,32.5133851018508,185.941935006946));
#2916=CARTESIAN_POINT('Ctrl Pts',(-129.549272576763,33.2727345960692,186.154716752391));
#2917=CARTESIAN_POINT('Ctrl Pts',(-129.57053056009,33.6269500201781,186.334080320028));
#2918=CARTESIAN_POINT('Ctrl Pts',(-129.596442431546,34.2302479902391,186.807341624634));
#2919=CARTESIAN_POINT('Ctrl Pts',(-129.601700761329,34.4783872871688,187.090459722067));
#2920=CARTESIAN_POINT('Ctrl Pts',(-129.599617877493,34.8502728178907,187.720135791775));
#2921=CARTESIAN_POINT('Ctrl Pts',(-129.592841604807,34.9756534715426,188.058468279189));
#2922=CARTESIAN_POINT('Ctrl Pts',(-129.574194314979,35.0695630417486,188.584989931868));
#2923=CARTESIAN_POINT('Ctrl Pts',(-129.566649707732,35.085087734266,188.761271224179));
#2924=CARTESIAN_POINT('Ctrl Pts',(-129.5576167849,35.085087734266,188.937475144576));
#2925=CARTESIAN_POINT('Ctrl Pts',(-129.558127759498,35.0859151675131,188.936157463076));
#2926=CARTESIAN_POINT('Ctrl Pts',(-129.551814585754,35.0859816186061,189.060657551221));
#2927=CARTESIAN_POINT('Ctrl Pts',(-129.544768746609,35.0783049130665,189.185103949868));
#2928=CARTESIAN_POINT('Ctrl Pts',(-129.536894576634,35.0628928081537,189.30876592874));
#2929=CARTESIAN_POINT('Ctrl Pts',(-129.533503938072,35.0562563147335,189.362015106173));
#2930=CARTESIAN_POINT('Ctrl Pts',(-129.529959126538,35.048185301438,189.415118908671));
#2931=CARTESIAN_POINT('Ctrl Pts',(-129.52624975998,35.0386791969249,189.468019467851));
#2932=CARTESIAN_POINT('Ctrl Pts',(-129.51747537489,35.0161928180776,189.5931540078));
#2933=CARTESIAN_POINT('Ctrl Pts',(-129.507825794266,34.9857852980517,189.716532682379));
#2934=CARTESIAN_POINT('Ctrl Pts',(-129.497163859017,34.9477273540897,189.837425244314));
#2935=CARTESIAN_POINT('Ctrl Pts',(-129.486501923767,34.9096694101277,189.958317806249));
#2936=CARTESIAN_POINT('Ctrl Pts',(-129.47482727892,34.8639612312072,190.076723981545));
#2937=CARTESIAN_POINT('Ctrl Pts',(-129.46196430691,34.8108377125271,190.191943357959));
#2938=CARTESIAN_POINT('Origin',(-107.50000011176,32.0850877342653,188.937475144576));
#2939=CARTESIAN_POINT('Origin',(-107.500000111759,41.9149122657333,195.820392380788));
#2940=CARTESIAN_POINT('',(-107.500000111759,44.9149122657333,195.820392380788));
#2941=CARTESIAN_POINT('Origin',(-107.500000111759,41.9149122657333,195.820392380788));
#2942=CARTESIAN_POINT('',(-129.0212813722,44.914912265734,195.820392379079));
#2943=CARTESIAN_POINT('',(-107.500000111759,44.9149122657333,195.820392380788));
#2944=CARTESIAN_POINT('',(-128.74429630372,44.529305410903,197.291882124385));
#2945=CARTESIAN_POINT('Ctrl Pts',(-128.744080137684,44.5291474291383,197.292049443565));
#2946=CARTESIAN_POINT('Ctrl Pts',(-128.714877615426,44.4521705326263,197.428790342462));
#2947=CARTESIAN_POINT('Ctrl Pts',(-128.685691583159,44.3645719953768,197.55930167856));
#2948=CARTESIAN_POINT('Ctrl Pts',(-128.60744472305,44.1011232414175,197.892115613916));
#2949=CARTESIAN_POINT('Ctrl Pts',(-128.559102702055,43.9075884321335,198.07895957653));
#2950=CARTESIAN_POINT('Ctrl Pts',(-128.454145854909,43.4094314754826,198.445081579834));
#2951=CARTESIAN_POINT('Ctrl Pts',(-128.400147819102,43.0921718249967,198.602166750469));
#2952=CARTESIAN_POINT('Ctrl Pts',(-128.312004919543,42.3852273292181,198.808062275076));
#2953=CARTESIAN_POINT('Ctrl Pts',(-128.281185301746,41.9982383962969,198.844041800497));
#2954=CARTESIAN_POINT('Ctrl Pts',(-128.265583841856,41.2360708822322,198.767120724831));
#2955=CARTESIAN_POINT('Ctrl Pts',(-128.280421393716,40.8705354340832,198.657992563707));
#2956=CARTESIAN_POINT('Ctrl Pts',(-128.358175774579,40.1897463167697,198.30536281358));
#2957=CARTESIAN_POINT('Ctrl Pts',(-128.421440164703,39.8855602305618,198.062787602119));
#2958=CARTESIAN_POINT('Ctrl Pts',(-128.580133048388,39.3857205359605,197.479238674111));
#2959=CARTESIAN_POINT('Ctrl Pts',(-128.674161296965,39.1949621468808,197.142392120179));
#2960=CARTESIAN_POINT('Ctrl Pts',(-128.87201924048,38.9420056707343,196.393673462356));
#2961=CARTESIAN_POINT('Ctrl Pts',(-128.974314221895,38.8911458665486,195.982509194218));
#2962=CARTESIAN_POINT('Ctrl Pts',(-129.131774327355,38.9508995426055,195.262478376305));
#2963=CARTESIAN_POINT('Ctrl Pts',(-129.191609283438,39.0246836478873,194.957139397701));
#2964=CARTESIAN_POINT('Ctrl Pts',(-129.282001174008,39.2404061740526,194.439051322985));
#2965=CARTESIAN_POINT('Ctrl Pts',(-129.315771288439,39.363507605262,194.222840748431));
#2966=CARTESIAN_POINT('Ctrl Pts',(-129.371310662869,39.6547517232144,193.833399106124));
#2967=CARTESIAN_POINT('Ctrl Pts',(-129.393356649839,39.819440258099,193.660330064954));
#2968=CARTESIAN_POINT('Ctrl Pts',(-129.432806062903,40.2254241196785,193.32464543932));
#2969=CARTESIAN_POINT('Ctrl Pts',(-129.448110707264,40.47323952372,193.173686197067));
#2970=CARTESIAN_POINT('Ctrl Pts',(-129.472244606923,41.097510110475,192.907716657663));
#2971=CARTESIAN_POINT('Ctrl Pts',(-129.476835646269,41.4825441908821,192.826221044136));
#2972=CARTESIAN_POINT('Ctrl Pts',(-129.469595402328,42.2666767678126,192.815103497494));
#2973=CARTESIAN_POINT('Ctrl Pts',(-129.457557572757,42.6580078403533,192.887322287226));
#2974=CARTESIAN_POINT('Ctrl Pts',(-129.416302019675,43.3855560297912,193.176780714096));
#2975=CARTESIAN_POINT('Ctrl Pts',(-129.387611615938,43.7151633543402,193.389419110099));
#2976=CARTESIAN_POINT('Ctrl Pts',(-129.314507624307,44.2633353739816,193.916767942062));
#2977=CARTESIAN_POINT('Ctrl Pts',(-129.271370152489,44.4808039220391,194.222305574233));
#2978=CARTESIAN_POINT('Ctrl Pts',(-129.166912488861,44.8059743137754,194.923958876695));
#2979=CARTESIAN_POINT('Ctrl Pts',(-129.10544442085,44.8995889386525,195.318350932819));
#2980=CARTESIAN_POINT('Ctrl Pts',(-129.032748668668,44.9143365775489,195.752506558349));
#2981=CARTESIAN_POINT('Ctrl Pts',(-129.027030349413,44.9149122656953,195.786460334599));
#2982=CARTESIAN_POINT('Ctrl Pts',(-129.0212813722,44.914912265734,195.82039237737));
#2983=CARTESIAN_POINT('Ctrl Pts',(-129.021933707168,44.9154038640626,195.820008915751));
#2984=CARTESIAN_POINT('Ctrl Pts',(-128.998441461664,44.9154832146346,195.959098879466));
#2985=CARTESIAN_POINT('Ctrl Pts',(-128.974436886706,44.905871203802,196.097822554958));
#2986=CARTESIAN_POINT('Ctrl Pts',(-128.949984517206,44.886718870317,196.235196249542));
#2987=CARTESIAN_POINT('Ctrl Pts',(-128.926838581355,44.8685898017935,196.365230384776));
#2988=CARTESIAN_POINT('Ctrl Pts',(-128.90329103145,44.8419121787347,196.494055600869));
#2989=CARTESIAN_POINT('Ctrl Pts',(-128.879395879878,44.8067784999737,196.620861860794));
#2990=CARTESIAN_POINT('Ctrl Pts',(-128.854012686073,44.7694569130237,196.755564830209));
#2991=CARTESIAN_POINT('Ctrl Pts',(-128.828349786208,44.722766357046,196.887382842852));
#2992=CARTESIAN_POINT('Ctrl Pts',(-128.8025046278,44.6671258281773,197.015367599392));
#2993=CARTESIAN_POINT('Ctrl Pts',(-128.783496967241,44.6262053482436,197.109493190365));
#2994=CARTESIAN_POINT('Ctrl Pts',(-128.764390996723,44.580443076832,197.201546062427));
#2995=CARTESIAN_POINT('Ctrl Pts',(-128.745236244092,44.529992352485,197.291154581542));
#2996=CARTESIAN_POINT('Origin',(-107.500000111759,41.9149122657333,195.820392380788));
#2997=CARTESIAN_POINT('Origin',(-107.500000111759,40.4414585778399,187.464021359608));
#2998=CARTESIAN_POINT('',(-107.500000111759,43.4414585778399,187.464021359608));
#2999=CARTESIAN_POINT('Origin',(-107.500000111759,40.4414585778399,187.464021359608));
#3000=CARTESIAN_POINT('',(-129.869372641513,43.4414585778406,187.464021359608));
#3001=CARTESIAN_POINT('',(-107.500000111759,43.4414585778399,187.464021359608));
#3002=CARTESIAN_POINT('',(-129.786124018091,43.1765565293698,188.696685053719));
#3003=CARTESIAN_POINT('Ctrl Pts',(-129.78602657751,43.1764709845895,188.696785382011));
#3004=CARTESIAN_POINT('Ctrl Pts',(-129.785987381972,43.1762194457092,188.697343446609));
#3005=CARTESIAN_POINT('Ctrl Pts',(-129.785948190591,43.175967735873,188.697901434553));
#3006=CARTESIAN_POINT('Ctrl Pts',(-129.774542360237,43.1026553228371,188.860287071682));
#3007=CARTESIAN_POINT('Ctrl Pts',(-129.763551482975,43.015359463432,189.015337734675));
#3008=CARTESIAN_POINT('Ctrl Pts',(-129.742349052665,42.8103408962857,189.314019987134));
#3009=CARTESIAN_POINT('Ctrl Pts',(-129.732232325464,42.6919824485797,189.45632482653));
#3010=CARTESIAN_POINT('Ctrl Pts',(-129.710474240169,42.3843340585683,189.76353138655));
#3011=CARTESIAN_POINT('Ctrl Pts',(-129.699654234588,42.1859709297375,189.917440595847));
#3012=CARTESIAN_POINT('Ctrl Pts',(-129.676584976548,41.6314037926446,190.24603593105));
#3013=CARTESIAN_POINT('Ctrl Pts',(-129.667383530147,41.2556550857628,190.378266448511));
#3014=CARTESIAN_POINT('Ctrl Pts',(-129.657004597238,40.4746809214973,190.489631610173));
#3015=CARTESIAN_POINT('Ctrl Pts',(-129.655818028313,40.0771999361711,190.46781338846));
#3016=CARTESIAN_POINT('Ctrl Pts',(-129.657913441414,39.3103716766698,190.270904996989));
#3017=CARTESIAN_POINT('Ctrl Pts',(-129.660943104192,38.9488342601598,190.096503305703));
#3018=CARTESIAN_POINT('Ctrl Pts',(-129.669652676084,38.3334952914251,189.631154810071));
#3019=CARTESIAN_POINT('Ctrl Pts',(-129.675833521446,38.0799395955923,189.351654345867));
#3020=CARTESIAN_POINT('Ctrl Pts',(-129.692319596652,37.6980096013528,188.729104364294));
#3021=CARTESIAN_POINT('Ctrl Pts',(-129.702320669993,37.5673074829742,188.394678817659));
#3022=CARTESIAN_POINT('Ctrl Pts',(-129.728438858217,37.4211621270501,187.654635177898));
#3023=CARTESIAN_POINT('Ctrl Pts',(-129.74493522244,37.4225694034058,187.252668184443));
#3024=CARTESIAN_POINT('Ctrl Pts',(-129.775697943571,37.5509583747895,186.625030414811));
#3025=CARTESIAN_POINT('Ctrl Pts',(-129.78819759394,37.6282592298651,186.39408077283));
#3026=CARTESIAN_POINT('Ctrl Pts',(-129.811147962552,37.8107684101952,186.010526992691));
#3027=CARTESIAN_POINT('Ctrl Pts',(-129.821282289757,37.9038430928045,185.853531756269));
#3028=CARTESIAN_POINT('Ctrl Pts',(-129.841714351859,38.1161584321679,185.559961864742));
#3029=CARTESIAN_POINT('Ctrl Pts',(-129.851967335113,38.2346842843612,185.423773447132));
#3030=CARTESIAN_POINT('Ctrl Pts',(-129.875428291936,38.5348213680844,185.135867884332));
#3031=CARTESIAN_POINT('Ctrl Pts',(-129.888491077176,38.7235906634442,184.993288997521));
#3032=CARTESIAN_POINT('Ctrl Pts',(-129.92191324115,39.2720151260614,184.672601125896));
#3033=CARTESIAN_POINT('Ctrl Pts',(-129.940682701188,39.6538654221196,184.541771772957));
#3034=CARTESIAN_POINT('Ctrl Pts',(-129.97003037668,40.440176942159,184.438353729844));
#3035=CARTESIAN_POINT('Ctrl Pts',(-129.980452914526,40.8365108953993,184.464224664433));
#3036=CARTESIAN_POINT('Ctrl Pts',(-129.991286555819,41.5989968452568,184.66817592676));
#3037=CARTESIAN_POINT('Ctrl Pts',(-129.991661624627,41.9573439642313,184.845111675491));
#3038=CARTESIAN_POINT('Ctrl Pts',(-129.981541460942,42.5652433776015,185.312878985928));
#3039=CARTESIAN_POINT('Ctrl Pts',(-129.971476719198,42.8148361393987,185.591916176286));
#3040=CARTESIAN_POINT('Ctrl Pts',(-129.943040419722,43.1897138843495,186.210549750839));
#3041=CARTESIAN_POINT('Ctrl Pts',(-129.925327353966,43.317711902269,186.541496700097));
#3042=CARTESIAN_POINT('Ctrl Pts',(-129.893695367528,43.4227857501676,187.077486410681));
#3043=CARTESIAN_POINT('Ctrl Pts',(-129.88174216197,43.4414585778406,187.270770270261));
#3044=CARTESIAN_POINT('Ctrl Pts',(-129.869372641513,43.4414585778406,187.464021359608));
#3045=CARTESIAN_POINT('Ctrl Pts',(-129.869542824769,43.4415502268337,187.464036968565));
#3046=CARTESIAN_POINT('Ctrl Pts',(-129.856978839107,43.4416139760204,187.661204413314));
#3047=CARTESIAN_POINT('Ctrl Pts',(-129.844011231531,43.4222491205881,187.858315691398));
#3048=CARTESIAN_POINT('Ctrl Pts',(-129.830962217516,43.3834645615982,188.052462741675));
#3049=CARTESIAN_POINT('Ctrl Pts',(-129.816069192209,43.3391991927457,188.274045531732));
#3050=CARTESIAN_POINT('Ctrl Pts',(-129.801198441187,43.2700119164741,188.489901631264));
#3051=CARTESIAN_POINT('Ctrl Pts',(-129.786832821232,43.1771787999726,188.695955244762));
#3052=CARTESIAN_POINT('Origin',(-107.500000111759,40.4414585778399,187.464021359608));
#3053=CARTESIAN_POINT('Ctrl Pts',(-100.714402149101,70.3719363508287,167.856868440678));
#3054=CARTESIAN_POINT('Ctrl Pts',(-100.538676039937,70.3719363508287,167.804334715383));
#3055=CARTESIAN_POINT('Ctrl Pts',(-100.163068241515,70.3719363508288,167.565787427534));
#3056=CARTESIAN_POINT('Ctrl Pts',(-100.000000111763,70.3719363508287,167.139719763248));
#3057=CARTESIAN_POINT('Ctrl Pts',(-100.000000111763,70.3719363508287,166.895172261895));
#3058=CARTESIAN_POINT('Ctrl Pts',(-100.534701609434,70.3719363508287,168.457969475743));
#3059=CARTESIAN_POINT('Ctrl Pts',(-100.248287317889,70.37200449278,168.370802989133));
#3060=CARTESIAN_POINT('Ctrl Pts',(-99.6403570798747,70.3718636194911,167.976114259373));
#3061=CARTESIAN_POINT('Ctrl Pts',(-99.3932881592802,70.3715980861394,167.285580162079));
#3062=CARTESIAN_POINT('Ctrl Pts',(-99.4016015110789,70.3719363508287,166.895172261895));
#3063=CARTESIAN_POINT('Ctrl Pts',(-100.22444022145,70.928373362921,169.495798531818));
#3064=CARTESIAN_POINT('Ctrl Pts',(-99.748581951693,70.925646303203,169.349591578786));
#3065=CARTESIAN_POINT('Ctrl Pts',(-98.7407798314582,70.9132989662418,168.685438793055));
#3066=CARTESIAN_POINT('Ctrl Pts',(-98.3444825625708,70.8896182468237,167.536109365574));
#3067=CARTESIAN_POINT('Ctrl Pts',(-98.3660276699772,70.8750736904611,166.895172261895));
#3068=CARTESIAN_POINT('Ctrl Pts',(-100.132960363072,72.0548010745999,169.801800047787));
#3069=CARTESIAN_POINT('Ctrl Pts',(-99.5996917955713,72.0481862805531,169.641025009469));
#3070=CARTESIAN_POINT('Ctrl Pts',(-98.4643427732745,72.0183151830796,168.911562526081));
#3071=CARTESIAN_POINT('Ctrl Pts',(-97.9903356107688,71.9598356683484,167.625429865935));
#3072=CARTESIAN_POINT('Ctrl Pts',(-98.0000001117627,71.9231374003159,166.895172261895));
#3073=CARTESIAN_POINT('Ctrl Pts',(-100.143206223778,72.5239798297568,169.767527488077));
#3074=CARTESIAN_POINT('Ctrl Pts',(-99.6160278962788,72.5164467421366,169.61052576862));
#3075=CARTESIAN_POINT('Ctrl Pts',(-98.4892045010212,72.4822708112842,168.897601258812));
#3076=CARTESIAN_POINT('Ctrl Pts',(-98.0000001117627,72.4146321493469,167.625058770281));
#3077=CARTESIAN_POINT('Ctrl Pts',(-98.0000001117627,72.3719363508288,166.895172261895));
#3078=CARTESIAN_POINT('',(-100.000000111763,70.3719363508287,166.895172261895));
#3079=CARTESIAN_POINT('',(-98.0000001117627,72.3719363508288,166.895172261895));
#3080=CARTESIAN_POINT('Origin',(-100.000000111763,72.3719363508288,166.895172261895));
#3081=CARTESIAN_POINT('',(-100.143206223778,72.5239798297568,169.767527488077));
#3082=CARTESIAN_POINT('Ctrl Pts',(-98.0000001117627,72.3719363508288,166.895172261895));
#3083=CARTESIAN_POINT('Ctrl Pts',(-98.0000001117627,72.4146321493469,167.625058770281));
#3084=CARTESIAN_POINT('Ctrl Pts',(-98.4892045010212,72.4822708112842,168.897601258812));
#3085=CARTESIAN_POINT('Ctrl Pts',(-99.6160278962788,72.5164467421366,169.61052576862));
#3086=CARTESIAN_POINT('Ctrl Pts',(-100.143206223778,72.5239798297568,169.767527488077));
#3087=CARTESIAN_POINT('',(-100.714402149101,70.3719363508287,167.856868440678));
#3088=CARTESIAN_POINT('Origin',(-100.714402149101,72.3719363508288,167.856868440678));
#3089=CARTESIAN_POINT('Ctrl Pts',(-100.714402149101,70.3719363508287,167.856868440678));
#3090=CARTESIAN_POINT('Ctrl Pts',(-100.538676039937,70.3719363508287,167.804334715383));
#3091=CARTESIAN_POINT('Ctrl Pts',(-100.163068241515,70.3719363508288,167.565787427534));
#3092=CARTESIAN_POINT('Ctrl Pts',(-100.000000111763,70.3719363508287,167.139719763248));
#3093=CARTESIAN_POINT('Ctrl Pts',(-100.000000111763,70.3719363508287,166.895172261895));
#3094=CARTESIAN_POINT('Ctrl Pts',(-98.0000001117627,72.2959146113647,166.901538916978));
#3095=CARTESIAN_POINT('Ctrl Pts',(-98.0000001117627,72.5613039032817,166.880420177207));
#3096=CARTESIAN_POINT('Ctrl Pts',(-98.0000001117627,72.9575073464565,166.832198210447));
#3097=CARTESIAN_POINT('Ctrl Pts',(-98.0000001117627,73.4742362101411,166.718514557369));
#3098=CARTESIAN_POINT('Ctrl Pts',(-98.0000001117627,73.7913612235312,166.620391337684));
#3099=CARTESIAN_POINT('Ctrl Pts',(-98.0000001117627,74.0374376560059,166.52003035236));
#3100=CARTESIAN_POINT('Ctrl Pts',(-98.0000001117627,74.1562143470799,166.461406683282));
#3101=CARTESIAN_POINT('Ctrl Pts',(-98.0000001117627,74.2294471717766,166.421257998829));
#3102=CARTESIAN_POINT('Ctrl Pts',(-98.0000001117627,74.244650179801,166.412879413778));
#3103=CARTESIAN_POINT('Ctrl Pts',(-98.0000001117627,74.2598446286121,166.404461030924));
#3104=CARTESIAN_POINT('Ctrl Pts',(-98.0000001117627,72.3539885432213,167.631326765179));
#3105=CARTESIAN_POINT('Ctrl Pts',(-97.9999588369586,72.6404216550468,167.610305192221));
#3106=CARTESIAN_POINT('Ctrl Pts',(-98.0006335128255,73.0737007178917,167.561281309274));
#3107=CARTESIAN_POINT('Ctrl Pts',(-98.0005403589892,73.662211371585,167.441928014729));
#3108=CARTESIAN_POINT('Ctrl Pts',(-98.0005550913109,74.0410595559179,167.335454861429));
#3109=CARTESIAN_POINT('Ctrl Pts',(-98.0002909372418,74.3513801041286,167.222474354627));
#3110=CARTESIAN_POINT('Ctrl Pts',(-98.0001314304032,74.512244157001,167.15326376876));
#3111=CARTESIAN_POINT('Ctrl Pts',(-97.9999913104079,74.609368974924,167.106190338846));
#3112=CARTESIAN_POINT('Ctrl Pts',(-98.0000051891275,74.6229618706271,167.09813383437));
#3113=CARTESIAN_POINT('Ctrl Pts',(-98.0000001117627,74.6392757214324,167.089301150118));
#3114=CARTESIAN_POINT('Ctrl Pts',(-98.490812924369,72.4551318370928,168.902347073855));
#3115=CARTESIAN_POINT('Ctrl Pts',(-98.4932682718439,72.7780796818207,168.881393744734));
#3116=CARTESIAN_POINT('Ctrl Pts',(-98.4982209696,73.2772068096672,168.831344221021));
#3117=CARTESIAN_POINT('Ctrl Pts',(-98.5116284212462,73.9903987220928,168.701699041421));
#3118=CARTESIAN_POINT('Ctrl Pts',(-98.5258695935169,74.4766276905827,168.580342696735));
#3119=CARTESIAN_POINT('Ctrl Pts',(-98.5436546792966,74.8980917829771,168.444773253519));
#3120=CARTESIAN_POINT('Ctrl Pts',(-98.557107056185,75.1317428854791,168.356712297594));
#3121=CARTESIAN_POINT('Ctrl Pts',(-98.56522403244,75.2700612097913,168.297308492984));
#3122=CARTESIAN_POINT('Ctrl Pts',(-98.5644916370397,75.2808842813284,168.289841399079));
#3123=CARTESIAN_POINT('Ctrl Pts',(-98.5647616923517,75.2991294932839,168.280279813481));
#3124=CARTESIAN_POINT('Ctrl Pts',(-99.6170041547225,72.5115404822902,169.611208046111));
#3125=CARTESIAN_POINT('Ctrl Pts',(-99.6240736942828,72.8547256417996,169.587779187361));
#3126=CARTESIAN_POINT('Ctrl Pts',(-99.6386995723896,73.3891127896609,169.531608063209));
#3127=CARTESIAN_POINT('Ctrl Pts',(-99.6770936909421,74.1676063590666,169.382638649509));
#3128=CARTESIAN_POINT('Ctrl Pts',(-99.7176753638413,74.7070146420146,169.238846656047));
#3129=CARTESIAN_POINT('Ctrl Pts',(-99.7677750573786,75.1797394157538,169.073996538711));
#3130=CARTESIAN_POINT('Ctrl Pts',(-99.8053606594462,75.4441680214891,168.96341968345));
#3131=CARTESIAN_POINT('Ctrl Pts',(-99.827879383766,75.5989582057997,168.890237512571));
#3132=CARTESIAN_POINT('Ctrl Pts',(-99.8258479644007,75.608767018383,168.883751163911));
#3133=CARTESIAN_POINT('Ctrl Pts',(-99.8265966636767,75.6278394462185,168.873572686963));
#3134=CARTESIAN_POINT('Ctrl Pts',(-100.143206223778,72.5239798297567,169.767527488077));
#3135=CARTESIAN_POINT('Ctrl Pts',(-100.15200549902,72.8715072193462,169.74250305306));
#3136=CARTESIAN_POINT('Ctrl Pts',(-100.170378196201,73.4137223381701,169.682928256444));
#3137=CARTESIAN_POINT('Ctrl Pts',(-100.21803110958,74.2047709985014,169.524133197398));
#3138=CARTESIAN_POINT('Ctrl Pts',(-100.268270712362,74.7532105712206,169.369692053909));
#3139=CARTESIAN_POINT('Ctrl Pts',(-100.329962091645,75.2326978032133,169.191643787458));
#3140=CARTESIAN_POINT('Ctrl Pts',(-100.376054420281,75.4998786192749,169.07132118623));
#3141=CARTESIAN_POINT('Ctrl Pts',(-100.403575650968,75.655608927526,168.992361786586));
#3142=CARTESIAN_POINT('Ctrl Pts',(-100.401093151712,75.6654135419955,168.986352227292));
#3143=CARTESIAN_POINT('Ctrl Pts',(-100.402007889199,75.6845636568449,168.975954953208));
#3144=CARTESIAN_POINT('',(-98.0000001117627,74.2598446286121,166.404461030924));
#3145=CARTESIAN_POINT('',(-100.399299324685,75.627221731555,169.0069270759));
#3146=CARTESIAN_POINT('Ctrl Pts',(-98.0000001117627,74.2598446286121,166.404461030924));
#3147=CARTESIAN_POINT('Ctrl Pts',(-98.0000001117627,74.3448945609565,166.562667283608));
#3148=CARTESIAN_POINT('Ctrl Pts',(-98.0169814854253,74.4296415795819,166.720693092805));
#3149=CARTESIAN_POINT('Ctrl Pts',(-98.0497816304371,74.5129158801438,166.876211949597));
#3150=CARTESIAN_POINT('Ctrl Pts',(-98.0806699666423,74.5913364051778,167.022666141587));
#3151=CARTESIAN_POINT('Ctrl Pts',(-98.1255879060064,74.6684517652022,167.166897042132));
#3152=CARTESIAN_POINT('Ctrl Pts',(-98.1835769412626,74.7432380774428,167.306974329113));
#3153=CARTESIAN_POINT('Ctrl Pts',(-98.2454118344309,74.8229842502739,167.456341602384));
#3154=CARTESIAN_POINT('Ctrl Pts',(-98.3221100104626,74.9000819406291,167.600986059569));
#3155=CARTESIAN_POINT('Ctrl Pts',(-98.4125077289181,74.9732275789219,167.738583123082));
#3156=CARTESIAN_POINT('Ctrl Pts',(-98.5398627413079,75.0762773442281,167.932433986001));
#3157=CARTESIAN_POINT('Ctrl Pts',(-98.694410743557,75.1714751884012,168.112298290106));
#3158=CARTESIAN_POINT('Ctrl Pts',(-98.8728608384183,75.2550918375233,168.271704837906));
#3159=CARTESIAN_POINT('Ctrl Pts',(-98.9838716036861,75.3071083310722,168.370868936831));
#3160=CARTESIAN_POINT('Ctrl Pts',(-99.1041307983821,75.3546418171083,168.462116858822));
#3161=CARTESIAN_POINT('Ctrl Pts',(-99.2318049560381,75.397238145125,168.544634240409));
#3162=CARTESIAN_POINT('Ctrl Pts',(-99.3529233229758,75.437647244207,168.622914533658));
#3163=CARTESIAN_POINT('Ctrl Pts',(-99.4807140963026,75.4736126855198,168.693338351494));
#3164=CARTESIAN_POINT('Ctrl Pts',(-99.6136200641422,75.5047885821518,168.755197191228));
#3165=CARTESIAN_POINT('Ctrl Pts',(-99.7483249809415,75.5363864601872,168.817893321394));
#3166=CARTESIAN_POINT('Ctrl Pts',(-99.8882839285093,75.5630643423031,168.871791598319));
#3167=CARTESIAN_POINT('Ctrl Pts',(-100.031893416722,75.5845102134247,168.916132232162));
#3168=CARTESIAN_POINT('Ctrl Pts',(-100.151863332414,75.6024258775107,168.95317394974));
#3169=CARTESIAN_POINT('Ctrl Pts',(-100.274381212728,75.6166916310015,168.983545273589));
#3170=CARTESIAN_POINT('Ctrl Pts',(-100.398524498227,75.6271457187115,169.006788202875));
#3171=CARTESIAN_POINT('Ctrl Pts',(-100.398541645817,75.6272493092156,169.006735393692));
#3172=CARTESIAN_POINT('Ctrl Pts',(-100.398328241895,75.6259588969369,169.00739327995));
#3173=CARTESIAN_POINT('Ctrl Pts',(-100.398101036771,75.6246305397429,169.008068651414));
#3174=CARTESIAN_POINT('Ctrl Pts',(-100.376054420281,75.4998786192749,169.07132118623));
#3175=CARTESIAN_POINT('Ctrl Pts',(-100.329962091645,75.2326978032133,169.191643787458));
#3176=CARTESIAN_POINT('Ctrl Pts',(-100.268270712362,74.7532105712206,169.369692053909));
#3177=CARTESIAN_POINT('Ctrl Pts',(-100.21803110958,74.2047709985014,169.524133197398));
#3178=CARTESIAN_POINT('Ctrl Pts',(-100.170378196201,73.4137223381701,169.682928256444));
#3179=CARTESIAN_POINT('Ctrl Pts',(-100.15200549902,72.8715072193462,169.74250305306));
#3180=CARTESIAN_POINT('Ctrl Pts',(-100.143206223778,72.5239798297567,169.767527488077));
#3181=CARTESIAN_POINT('Ctrl Pts',(-98.0000001117627,72.3719370046702,166.895179709626));
#3182=CARTESIAN_POINT('Ctrl Pts',(-98.0000001117627,72.6117352477691,166.874127657609));
#3183=CARTESIAN_POINT('Ctrl Pts',(-98.0000001117627,72.9821892449984,166.826768034995));
#3184=CARTESIAN_POINT('Ctrl Pts',(-98.0000001117627,73.4742362101411,166.718514557369));
#3185=CARTESIAN_POINT('Ctrl Pts',(-98.0000001117627,73.7913612235312,166.620391337684));
#3186=CARTESIAN_POINT('Ctrl Pts',(-98.0000001117627,74.0374376560059,166.52003035236));
#3187=CARTESIAN_POINT('Ctrl Pts',(-98.0000001117627,74.1562143470799,166.461406683282));
#3188=CARTESIAN_POINT('Ctrl Pts',(-98.0000001117627,74.2294471717766,166.421257998829));
#3189=CARTESIAN_POINT('Ctrl Pts',(-98.0000001117627,74.244650179801,166.412879413778));
#3190=CARTESIAN_POINT('Ctrl Pts',(-98.0000001117627,74.2598446286121,166.404461030924));
#3191=CARTESIAN_POINT('Ctrl Pts',(-98.0000001117627,74.2598821549435,166.404535071968));
#3192=CARTESIAN_POINT('Ctrl Pts',(-98.0000001117627,74.2753772571695,166.396681666467));
#3193=CARTESIAN_POINT('Ctrl Pts',(-98.0000001117627,74.2908674958384,166.388820051914));
#3194=CARTESIAN_POINT('Ctrl Pts',(-98.0000001117626,74.3213714131232,166.373316023334));
#3195=CARTESIAN_POINT('Ctrl Pts',(-98.0000001117625,74.3514656784553,166.358165988416));
#3196=CARTESIAN_POINT('Ctrl Pts',(-98.0000001117623,74.4118884907703,166.32831380144));
#3197=CARTESIAN_POINT('Ctrl Pts',(-98.0000001117614,74.5181783915511,166.277234218391));
#3198=CARTESIAN_POINT('Ctrl Pts',(-98.0000001117604,74.7329897070899,166.179336785683));
#3199=CARTESIAN_POINT('Ctrl Pts',(-98.0000001117523,75.0441878978424,166.050281277862));
#3200=CARTESIAN_POINT('Ctrl Pts',(-98.0000001117369,75.422603183334,165.904590624086));
#3201=CARTESIAN_POINT('Ctrl Pts',(-98.0000001117283,75.7382510303286,165.782720000081));
#3202=CARTESIAN_POINT('Ctrl Pts',(-98.0000001117224,75.9322502448638,165.701179421428));
#3203=CARTESIAN_POINT('Ctrl Pts',(-98.0000001117219,76.0091363855965,165.667086115505));
#3204=CARTESIAN_POINT('Ctrl Pts',(-98.0000001117218,76.0398197068157,165.653310296098));
#3205=CARTESIAN_POINT('Ctrl Pts',(-98.0000001117213,76.0933231864906,165.628812429038));
#3206=CARTESIAN_POINT('Ctrl Pts',(-98.0000001117196,76.1388166589966,165.60706261294));
#3207=CARTESIAN_POINT('Ctrl Pts',(-98.000000111718,76.2022311426117,165.575639303722));
#3208=CARTESIAN_POINT('Ctrl Pts',(-98.0000001117156,76.2435407929225,165.554364797609));
#3209=CARTESIAN_POINT('Ctrl Pts',(-98.0000001117153,76.2924600077605,165.527568145325));
#3210=CARTESIAN_POINT('Ctrl Pts',(-98.0000001117148,76.3249068912005,165.509322909622));
#3211=CARTESIAN_POINT('Ctrl Pts',(-98.0000001117139,76.3810082945553,165.476445126425));
#3212=CARTESIAN_POINT('Ctrl Pts',(-98.0000001117088,76.4327481905796,165.443166331082));
#3213=CARTESIAN_POINT('Ctrl Pts',(-98.0000001117084,76.4711510334558,165.415862903288));
#3214=CARTESIAN_POINT('Ctrl Pts',(-98.0000001117083,76.4825672862278,165.407552453311));
#3215=CARTESIAN_POINT('Ctrl Pts',(-98.0000001117083,76.4938699787485,165.399119386096));
#3216=CARTESIAN_POINT('Ctrl Pts',(-98.0000001117082,76.5050485396079,165.390557881108));
#3217=CARTESIAN_POINT('Ctrl Pts',(-98.0000001117081,76.5160927928039,165.381861439233));
#3218=CARTESIAN_POINT('Ctrl Pts',(-98.000000111708,76.5269917369593,165.373021720202));
#3219=CARTESIAN_POINT('Ctrl Pts',(-98.000000111708,76.53504821651,165.366277016339));
#3220=CARTESIAN_POINT('Ctrl Pts',(-98.0000001117079,76.5403660295328,165.361728835305));
#3221=CARTESIAN_POINT('Ctrl Pts',(-98.000000111708,76.543014133365,165.359444219009));
#3222=CARTESIAN_POINT('Ctrl Pts',(-98.000000111708,76.545211505096,165.357531301543));
#3223=CARTESIAN_POINT('Ctrl Pts',(-98.000000111708,76.546963972839,165.355995607846));
#3224=CARTESIAN_POINT('Ctrl Pts',(-98.0000001117086,76.5688151456824,165.336748683128));
#3225=CARTESIAN_POINT('Ctrl Pts',(-98.0000001117121,76.5958496500838,165.31033539806));
#3226=CARTESIAN_POINT('Ctrl Pts',(-98.0000001117121,76.6244021587806,165.2735295854));
#3227=CARTESIAN_POINT('Ctrl Pts',(-98.0000001117131,76.6397523191564,165.250227626793));
#3228=CARTESIAN_POINT('Ctrl Pts',(-98.0000001117138,76.6581685083713,165.217879225402));
#3229=CARTESIAN_POINT('Ctrl Pts',(-98.0000001117166,76.6861160636673,165.158775226239));
#3230=CARTESIAN_POINT('Ctrl Pts',(-98.0000001117268,76.7181808576429,165.069701753384));
#3231=CARTESIAN_POINT('Ctrl Pts',(-98.0000001117351,76.757903291669,164.9264104957));
#3232=CARTESIAN_POINT('Ctrl Pts',(-98.0000001117627,76.7792098439656,164.816646995489));
#3233=CARTESIAN_POINT('Ctrl Pts',(-98.0000001117627,76.7909727482499,164.743072198266));
#3234=CARTESIAN_POINT('Ctrl Pts',(-98.0000001117627,74.4353092260619,166.750660125626));
#3235=CARTESIAN_POINT('Ctrl Pts',(-98.0000001788527,74.4509190666045,166.742720006146));
#3236=CARTESIAN_POINT('Ctrl Pts',(-98.0000002836072,74.4666531450404,166.734739111802));
#3237=CARTESIAN_POINT('Ctrl Pts',(-98.0000007276402,74.4970447031642,166.719143287254));
#3238=CARTESIAN_POINT('Ctrl Pts',(-98.0000029299346,74.5243637032791,166.704545646495));
#3239=CARTESIAN_POINT('Ctrl Pts',(-98.000005737748,74.5812943454432,166.675257962031));
#3240=CARTESIAN_POINT('Ctrl Pts',(-98.0000128237114,74.6807337947659,166.625258833234));
#3241=CARTESIAN_POINT('Ctrl Pts',(-98.0000228273983,74.8840163017879,166.528685541655));
#3242=CARTESIAN_POINT('Ctrl Pts',(-98.0000534093464,75.1825134335853,166.400030664232));
#3243=CARTESIAN_POINT('Ctrl Pts',(-98.0000998078827,75.5547223346504,166.252499521477));
#3244=CARTESIAN_POINT('Ctrl Pts',(-98.0001299752914,75.8746034038879,166.127125008895));
#3245=CARTESIAN_POINT('Ctrl Pts',(-98.0001473859927,76.0779548007635,166.041772111401));
#3246=CARTESIAN_POINT('Ctrl Pts',(-98.0001480174577,76.160036745008,166.005727299058));
#3247=CARTESIAN_POINT('Ctrl Pts',(-98.000148056672,76.1929354233655,165.991129378854));
#3248=CARTESIAN_POINT('Ctrl Pts',(-98.0001488204654,76.2506922749425,165.965075124119));
#3249=CARTESIAN_POINT('Ctrl Pts',(-98.0001529889583,76.3005453286363,165.941757884985));
#3250=CARTESIAN_POINT('Ctrl Pts',(-98.0001557393497,76.3709697921828,165.907814992592));
#3251=CARTESIAN_POINT('Ctrl Pts',(-98.0001618016901,76.4174806674334,165.884678551281));
#3252=CARTESIAN_POINT('Ctrl Pts',(-98.0001598454554,76.4739875605051,165.8551222549));
#3253=CARTESIAN_POINT('Ctrl Pts',(-98.0001590577979,76.5118932938791,165.834875048986));
#3254=CARTESIAN_POINT('Ctrl Pts',(-98.0001569190739,76.5787222186038,165.797989387838));
#3255=CARTESIAN_POINT('Ctrl Pts',(-98.0001656246572,76.6432982006063,165.759730829548));
#3256=CARTESIAN_POINT('Ctrl Pts',(-98.0001589211233,76.6947034196623,165.726982210587));
#3257=CARTESIAN_POINT('Ctrl Pts',(-98.0001566326164,76.7102674880327,165.716904151486));
#3258=CARTESIAN_POINT('Ctrl Pts',(-98.0001539635073,76.725984315149,165.70655704831));
#3259=CARTESIAN_POINT('Ctrl Pts',(-98.0001511597792,76.7418793448196,165.695910450886));
#3260=CARTESIAN_POINT('Ctrl Pts',(-98.0001480729,76.757981095657,165.684931499304));
#3261=CARTESIAN_POINT('Ctrl Pts',(-98.0001445320455,76.7743281735546,165.673577038743));
#3262=CARTESIAN_POINT('Ctrl Pts',(-98.000141654338,76.7868083891226,165.664740104091));
#3263=CARTESIAN_POINT('Ctrl Pts',(-98.0001393521059,76.7952395250604,165.658693710018));
#3264=CARTESIAN_POINT('Ctrl Pts',(-98.0001381384334,76.7994789050835,165.655638379091));
#3265=CARTESIAN_POINT('Ctrl Pts',(-98.0001371496984,76.8030311742306,165.65306387571));
#3266=CARTESIAN_POINT('Ctrl Pts',(-98.0001362437249,76.8058875228317,165.650987498405));
#3267=CARTESIAN_POINT('Ctrl Pts',(-98.0001270233254,76.8416546002751,165.624862792178));
#3268=CARTESIAN_POINT('Ctrl Pts',(-98.0001201275348,76.8923941144184,165.586723743565));
#3269=CARTESIAN_POINT('Ctrl Pts',(-98.0000672793877,76.9674807455878,165.519076778423));
#3270=CARTESIAN_POINT('Ctrl Pts',(-98.0000360654315,77.0090902907846,165.475752066263));
#3271=CARTESIAN_POINT('Ctrl Pts',(-97.9999979705019,77.0547957671308,165.420237324636));
#3272=CARTESIAN_POINT('Ctrl Pts',(-97.9999546921752,77.1143714796364,165.330363578232));
#3273=CARTESIAN_POINT('Ctrl Pts',(-97.9999477059713,77.1718961694475,165.212000809508));
#3274=CARTESIAN_POINT('Ctrl Pts',(-97.9999233944374,77.2378578543075,165.034831847168));
#3275=CARTESIAN_POINT('Ctrl Pts',(-98.0000219141501,77.2710413792416,164.907060392604));
#3276=CARTESIAN_POINT('Ctrl Pts',(-98.0000001117627,77.2897237809606,164.822810925125));
#3277=CARTESIAN_POINT('Ctrl Pts',(-98.1529899820679,74.7856969888278,167.441990046461));
#3278=CARTESIAN_POINT('Ctrl Pts',(-98.1529697342089,74.8015361625448,167.433876817023));
#3279=CARTESIAN_POINT('Ctrl Pts',(-98.1529730108271,74.817757067843,167.425657701304));
#3280=CARTESIAN_POINT('Ctrl Pts',(-98.1528675728531,74.8479242118551,167.409879366427));
#3281=CARTESIAN_POINT('Ctrl Pts',(-98.1522664272928,74.86969959846,167.39639016872));
#3282=CARTESIAN_POINT('Ctrl Pts',(-98.1514466634933,74.9196551165264,167.368236746756));
#3283=CARTESIAN_POINT('Ctrl Pts',(-98.1498699512416,75.0054066161678,167.320409860921));
#3284=CARTESIAN_POINT('Ctrl Pts',(-98.1470849397485,75.1856578605793,167.226505470588));
#3285=CARTESIAN_POINT('Ctrl Pts',(-98.1436459603366,75.4587333243941,167.098687760876));
#3286=CARTESIAN_POINT('Ctrl Pts',(-98.1406805278511,75.8184500900466,166.947520333616));
#3287=CARTESIAN_POINT('Ctrl Pts',(-98.1393279044319,76.146733032526,166.815160213303));
#3288=CARTESIAN_POINT('Ctrl Pts',(-98.1393885362325,76.3687323249759,166.722192782707));
#3289=CARTESIAN_POINT('Ctrl Pts',(-98.1396334290394,76.4611934855766,166.68224666239));
#3290=CARTESIAN_POINT('Ctrl Pts',(-98.1397529623983,76.4985179638015,166.666005110151));
#3291=CARTESIAN_POINT('Ctrl Pts',(-98.1400234286954,76.5647701818535,166.636838955208));
#3292=CARTESIAN_POINT('Ctrl Pts',(-98.1403767556099,76.6233226634264,166.610387525431));
#3293=CARTESIAN_POINT('Ctrl Pts',(-98.1410323156481,76.7077428464476,166.571405585847));
#3294=CARTESIAN_POINT('Ctrl Pts',(-98.141580789782,76.7646289111817,166.544545280565));
#3295=CARTESIAN_POINT('Ctrl Pts',(-98.1425185656094,76.8362926319474,166.509468056102));
#3296=CARTESIAN_POINT('Ctrl Pts',(-98.1432309866916,76.8851009193645,166.485215579899));
#3297=CARTESIAN_POINT('Ctrl Pts',(-98.1447473117555,76.9733546525541,166.440310988814));
#3298=CARTESIAN_POINT('Ctrl Pts',(-98.1468176033408,77.0635392230206,166.392088736221));
#3299=CARTESIAN_POINT('Ctrl Pts',(-98.1492390041589,77.1409114685074,166.348443686116));
#3300=CARTESIAN_POINT('Ctrl Pts',(-98.1500342225239,77.1647590145148,166.334828425538));
#3301=CARTESIAN_POINT('Ctrl Pts',(-98.1509044448208,77.1892912028701,166.320651080842));
#3302=CARTESIAN_POINT('Ctrl Pts',(-98.15186212038,77.2146047253098,166.305831943948));
#3303=CARTESIAN_POINT('Ctrl Pts',(-98.1529203540225,77.2408055130664,166.290285406404));
#3304=CARTESIAN_POINT('Ctrl Pts',(-98.1540964045358,77.2680313627129,166.273898653381));
#3305=CARTESIAN_POINT('Ctrl Pts',(-98.1550827718081,77.2893441752935,166.260874961805));
#3306=CARTESIAN_POINT('Ctrl Pts',(-98.1557923366763,77.3039917250356,166.251830504662));
#3307=CARTESIAN_POINT('Ctrl Pts',(-98.1561579966299,77.3114084394431,166.247232903731));
#3308=CARTESIAN_POINT('Ctrl Pts',(-98.15647242507,77.3176658953347,166.243334519961));
#3309=CARTESIAN_POINT('Ctrl Pts',(-98.1567297108166,77.322726440363,166.240176185236));
#3310=CARTESIAN_POINT('Ctrl Pts',(-98.1600051801851,77.3862749285727,166.200288811033));
#3311=CARTESIAN_POINT('Ctrl Pts',(-98.165698569972,77.4843203303752,166.138684670678));
#3312=CARTESIAN_POINT('Ctrl Pts',(-98.1807125449035,77.6522484982566,166.009340609723));
#3313=CARTESIAN_POINT('Ctrl Pts',(-98.1904062530504,77.746215818285,165.925970133535));
#3314=CARTESIAN_POINT('Ctrl Pts',(-98.2015604830976,77.8463111429053,165.824131741261));
#3315=CARTESIAN_POINT('Ctrl Pts',(-98.2162973212843,77.9688658019219,165.672748818068));
#3316=CARTESIAN_POINT('Ctrl Pts',(-98.2303419687473,78.0769587722583,165.495864915909));
#3317=CARTESIAN_POINT('Ctrl Pts',(-98.2467545765676,78.1950122406079,165.251027091234));
#3318=CARTESIAN_POINT('Ctrl Pts',(-98.2557499402419,78.2514927467035,165.087320010521));
#3319=CARTESIAN_POINT('Ctrl Pts',(-98.2611476478316,78.2839125269148,164.981758655878));
#3320=CARTESIAN_POINT('Ctrl Pts',(-98.9132047103849,75.3088616241072,168.474216066675));
#3321=CARTESIAN_POINT('Ctrl Pts',(-98.9130886360579,75.3250545259601,168.465867701265));
#3322=CARTESIAN_POINT('Ctrl Pts',(-98.9131074652452,75.3420010025572,168.457289009467));
#3323=CARTESIAN_POINT('Ctrl Pts',(-98.9125030603492,75.3718955128188,168.441357924009));
#3324=CARTESIAN_POINT('Ctrl Pts',(-98.9090562744053,75.3857475751528,168.430206032883));
#3325=CARTESIAN_POINT('Ctrl Pts',(-98.9043540397796,75.4257480857671,168.404681301003));
#3326=CARTESIAN_POINT('Ctrl Pts',(-98.8953043278944,75.4919273597822,168.361897986316));
#3327=CARTESIAN_POINT('Ctrl Pts',(-98.879306676337,75.6391364887777,168.275182236587));
#3328=CARTESIAN_POINT('Ctrl Pts',(-98.8594866042544,75.8758088806566,168.152556410104));
#3329=CARTESIAN_POINT('Ctrl Pts',(-98.8423336843722,76.2183303677065,167.999252098949));
#3330=CARTESIAN_POINT('Ctrl Pts',(-98.8344679175543,76.5601657203638,167.857849428579));
#3331=CARTESIAN_POINT('Ctrl Pts',(-98.8347813164946,76.8105422116602,167.75327258028));
#3332=CARTESIAN_POINT('Ctrl Pts',(-98.8361923211051,76.918604731707,167.707146830619));
#3333=CARTESIAN_POINT('Ctrl Pts',(-98.8368816134015,76.962571310478,167.688283992291));
#3334=CARTESIAN_POINT('Ctrl Pts',(-98.838439485445,77.0415553568124,167.65410727256));
#3335=CARTESIAN_POINT('Ctrl Pts',(-98.8404663959041,77.1131269036972,167.62252393955));
#3336=CARTESIAN_POINT('Ctrl Pts',(-98.8442381033864,77.2183893815114,167.575202716698));
#3337=CARTESIAN_POINT('Ctrl Pts',(-98.8473839293089,77.2907153163183,167.542114713721));
#3338=CARTESIAN_POINT('Ctrl Pts',(-98.8527891421123,77.3847061979022,167.49768903972));
#3339=CARTESIAN_POINT('Ctrl Pts',(-98.8568927372541,77.4495415680202,167.466626159265));
#3340=CARTESIAN_POINT('Ctrl Pts',(-98.8656231254924,77.5691512489302,167.408015860096));
#3341=CARTESIAN_POINT('Ctrl Pts',(-98.8775052701536,77.6966100125215,167.342621393545));
#3342=CARTESIAN_POINT('Ctrl Pts',(-98.8914156839157,77.8111348244169,167.28015975878));
#3343=CARTESIAN_POINT('Ctrl Pts',(-98.8959821986617,77.8467947919561,167.260436525962));
#3344=CARTESIAN_POINT('Ctrl Pts',(-98.9009775853133,77.8838552987359,167.239646306594));
#3345=CARTESIAN_POINT('Ctrl Pts',(-98.9064718971577,77.9225059466019,167.217626473184));
#3346=CARTESIAN_POINT('Ctrl Pts',(-98.9125397638171,77.9629504069928,167.194202929306));
#3347=CARTESIAN_POINT('Ctrl Pts',(-98.9192792973014,78.0054506453917,167.169146549988));
#3348=CARTESIAN_POINT('Ctrl Pts',(-98.924927797802,78.039104694695,167.148919436044));
#3349=CARTESIAN_POINT('Ctrl Pts',(-98.9289896286705,78.0624051193267,167.13472280433));
#3350=CARTESIAN_POINT('Ctrl Pts',(-98.9310825017863,78.0742383022731,167.127475840018));
#3351=CARTESIAN_POINT('Ctrl Pts',(-98.9328815553334,78.0842499319802,167.121304866258));
#3352=CARTESIAN_POINT('Ctrl Pts',(-98.9343538138378,78.0923666040942,167.116289142905));
#3353=CARTESIAN_POINT('Ctrl Pts',(-98.9530845853648,78.1943783853672,167.052806364405));
#3354=CARTESIAN_POINT('Ctrl Pts',(-98.9856783566878,78.3579839016843,166.950628014765));
#3355=CARTESIAN_POINT('Ctrl Pts',(-99.0707151449219,78.6449727231251,166.718912826396));
#3356=CARTESIAN_POINT('Ctrl Pts',(-99.1252906921854,78.8029422184668,166.570571449587));
#3357=CARTESIAN_POINT('Ctrl Pts',(-99.1877805540761,78.9666421535882,166.395028260354));
#3358=CARTESIAN_POINT('Ctrl Pts',(-99.2697818166821,79.1580980935056,166.148304578535));
#3359=CARTESIAN_POINT('Ctrl Pts',(-99.3471703232624,79.3161050605694,165.883893225875));
#3360=CARTESIAN_POINT('Ctrl Pts',(-99.4369930813181,79.4805838389799,165.540687212789));
#3361=CARTESIAN_POINT('Ctrl Pts',(-99.4855834069882,79.5548703598433,165.326654788823));
#3362=CARTESIAN_POINT('Ctrl Pts',(-99.5147735787663,79.5968254802433,165.191662997942));
#3363=CARTESIAN_POINT('Ctrl Pts',(-99.7979037399958,75.5300439105757,168.910618101344));
#3364=CARTESIAN_POINT('Ctrl Pts',(-99.797690961693,75.5464084621836,168.902212442655));
#3365=CARTESIAN_POINT('Ctrl Pts',(-99.7977251305897,75.5636572739593,168.893475271843));
#3366=CARTESIAN_POINT('Ctrl Pts',(-99.796616816091,75.5935466441085,168.877701312879));
#3367=CARTESIAN_POINT('Ctrl Pts',(-99.790295860057,75.6046638224638,168.868805918357));
#3368=CARTESIAN_POINT('Ctrl Pts',(-99.7816658539819,75.6412617090605,168.846128591629));
#3369=CARTESIAN_POINT('Ctrl Pts',(-99.7650398305192,75.7006218874019,168.808840612706));
#3370=CARTESIAN_POINT('Ctrl Pts',(-99.7355945429107,75.8361798435708,168.731143941663));
#3371=CARTESIAN_POINT('Ctrl Pts',(-99.6989597506354,76.0595475992619,168.618214366982));
#3372=CARTESIAN_POINT('Ctrl Pts',(-99.6671064344862,76.3961977615006,168.470438187952));
#3373=CARTESIAN_POINT('Ctrl Pts',(-99.6524616581852,76.7448942275003,168.32788463655));
#3374=CARTESIAN_POINT('Ctrl Pts',(-99.6530174924977,77.0078305643709,168.217987550069));
#3375=CARTESIAN_POINT('Ctrl Pts',(-99.6556351720509,77.1226965573845,168.168571418592));
#3376=CARTESIAN_POINT('Ctrl Pts',(-99.656914200961,77.1695457380261,168.148280958958));
#3377=CARTESIAN_POINT('Ctrl Pts',(-99.659803644064,77.2539992189029,168.111294280444));
#3378=CARTESIAN_POINT('Ctrl Pts',(-99.6635578924945,77.3310285724129,168.076692756922));
#3379=CARTESIAN_POINT('Ctrl Pts',(-99.6705465908468,77.4449394700993,168.024309254896));
#3380=CARTESIAN_POINT('Ctrl Pts',(-99.6763693634483,77.523535777529,167.98733990038));
#3381=CARTESIAN_POINT('Ctrl Pts',(-99.6863777217287,77.6264523777331,167.936877111945));
#3382=CARTESIAN_POINT('Ctrl Pts',(-99.6939719703888,77.6976124023953,167.901371443807));
#3383=CARTESIAN_POINT('Ctrl Pts',(-99.7101141000569,77.8293400564442,167.833706892437));
#3384=CARTESIAN_POINT('Ctrl Pts',(-99.7320392052097,77.9704905574197,167.756762323242));
#3385=CARTESIAN_POINT('Ctrl Pts',(-99.7576396705665,78.097832353929,167.681572811679));
#3386=CARTESIAN_POINT('Ctrl Pts',(-99.7660373919311,78.1374943426263,167.657719398265));
#3387=CARTESIAN_POINT('Ctrl Pts',(-99.7752169913454,78.178721842827,167.632460225816));
#3388=CARTESIAN_POINT('Ctrl Pts',(-99.7853044339001,78.2217118332339,167.605580898728));
#3389=CARTESIAN_POINT('Ctrl Pts',(-99.7964343379515,78.2666798589226,167.576851849175));
#3390=CARTESIAN_POINT('Ctrl Pts',(-99.8087832705239,78.3139002116127,167.545972019127));
#3391=CARTESIAN_POINT('Ctrl Pts',(-99.8191208627671,78.3512486085293,167.520923605272));
#3392=CARTESIAN_POINT('Ctrl Pts',(-99.8265484110003,78.3770812418786,167.503288853101));
#3393=CARTESIAN_POINT('Ctrl Pts',(-99.8303743571644,78.3901954966768,167.494275709892));
#3394=CARTESIAN_POINT('Ctrl Pts',(-99.8336615826581,78.401282966933,167.486592644464));
#3395=CARTESIAN_POINT('Ctrl Pts',(-99.8363516776954,78.4102724453367,167.48034080389));
#3396=CARTESIAN_POINT('Ctrl Pts',(-99.8705492298823,78.5231021445229,167.401211879225));
#3397=CARTESIAN_POINT('Ctrl Pts',(-99.9302168068883,78.7049759068419,167.27159211691));
#3398=CARTESIAN_POINT('Ctrl Pts',(-100.082824048333,79.0073223339263,166.977764254134));
#3399=CARTESIAN_POINT('Ctrl Pts',(-100.179737661264,79.1670411743708,166.792531359562));
#3400=CARTESIAN_POINT('Ctrl Pts',(-100.289710782798,79.3264117885261,166.577634769956));
#3401=CARTESIAN_POINT('Ctrl Pts',(-100.43226321682,79.5025682808475,166.284410715075));
#3402=CARTESIAN_POINT('Ctrl Pts',(-100.564492048217,79.6360766022228,165.982969711625));
#3403=CARTESIAN_POINT('Ctrl Pts',(-100.71592686894,79.7653349612078,165.603148567589));
#3404=CARTESIAN_POINT('Ctrl Pts',(-100.796171659458,79.8149711891895,165.374159879221));
#3405=CARTESIAN_POINT('Ctrl Pts',(-100.844214860134,79.8424834131069,165.230938005961));
#3406=CARTESIAN_POINT('Ctrl Pts',(-100.366857395757,75.5855790967101,169.02019137962));
#3407=CARTESIAN_POINT('Ctrl Pts',(-100.366596287884,75.6020025137282,169.011804271498));
#3408=CARTESIAN_POINT('Ctrl Pts',(-100.366638471115,75.6193255530354,169.003021755604));
#3409=CARTESIAN_POINT('Ctrl Pts',(-100.365278557111,75.6493020160919,168.98745565822));
#3410=CARTESIAN_POINT('Ctrl Pts',(-100.357519892052,75.6602350395965,168.980086397019));
#3411=CARTESIAN_POINT('Ctrl Pts',(-100.346918237328,75.696631942542,168.959442494656));
#3412=CARTESIAN_POINT('Ctrl Pts',(-100.326479955241,75.7555191602614,168.92607576725));
#3413=CARTESIAN_POINT('Ctrl Pts',(-100.290211823809,75.8900852853038,168.855192604916));
#3414=CARTESIAN_POINT('Ctrl Pts',(-100.244957125319,76.1124243029257,168.750330329655));
#3415=CARTESIAN_POINT('Ctrl Pts',(-100.205494297983,76.4498337719918,168.608676217222));
#3416=CARTESIAN_POINT('Ctrl Pts',(-100.187306295153,76.8017810999572,168.467847869701));
#3417=CARTESIAN_POINT('Ctrl Pts',(-100.188005199998,77.0686750003766,168.356264321771));
#3418=CARTESIAN_POINT('Ctrl Pts',(-100.19125822089,77.1853930951677,168.305509628258));
#3419=CARTESIAN_POINT('Ctrl Pts',(-100.192847460779,77.2330116801594,168.284619075359));
#3420=CARTESIAN_POINT('Ctrl Pts',(-100.196437318376,77.3189023564267,168.246399887676));
#3421=CARTESIAN_POINT('Ctrl Pts',(-100.201100758914,77.3973496680346,168.210384877372));
#3422=CARTESIAN_POINT('Ctrl Pts',(-100.209776478406,77.5133506008873,168.155550337916));
#3423=CARTESIAN_POINT('Ctrl Pts',(-100.217003694688,77.5934559880209,168.116639550829));
#3424=CARTESIAN_POINT('Ctrl Pts',(-100.229409107383,77.698163679751,168.063067910523));
#3425=CARTESIAN_POINT('Ctrl Pts',(-100.238818538169,77.7705424676915,168.025251059628));
#3426=CARTESIAN_POINT('Ctrl Pts',(-100.258800389413,77.9043895503206,167.952823057361));
#3427=CARTESIAN_POINT('Ctrl Pts',(-100.285906922401,78.0476155319854,167.869687783951));
#3428=CARTESIAN_POINT('Ctrl Pts',(-100.317446966128,78.1758593742192,167.787687225209));
#3429=CARTESIAN_POINT('Ctrl Pts',(-100.327785159196,78.2157331743893,167.761625983816));
#3430=CARTESIAN_POINT('Ctrl Pts',(-100.339077357774,78.2571040909431,167.733981123873));
#3431=CARTESIAN_POINT('Ctrl Pts',(-100.351475724147,78.3001533908807,167.70451274013));
#3432=CARTESIAN_POINT('Ctrl Pts',(-100.365142616187,78.3450749156879,167.672964516692));
#3433=CARTESIAN_POINT('Ctrl Pts',(-100.38029053992,78.3921131907331,167.639001252878));
#3434=CARTESIAN_POINT('Ctrl Pts',(-100.392956664866,78.4291984175288,167.611411063347));
#3435=CARTESIAN_POINT('Ctrl Pts',(-100.402049324661,78.4547840712668,167.59197061819));
#3436=CARTESIAN_POINT('Ctrl Pts',(-100.406731552321,78.4677603743837,167.582031083492));
#3437=CARTESIAN_POINT('Ctrl Pts',(-100.410752699105,78.4787189611292,167.573556524019));
#3438=CARTESIAN_POINT('Ctrl Pts',(-100.414043151728,78.487598231788,167.566657788636));
#3439=CARTESIAN_POINT('Ctrl Pts',(-100.455845677324,78.598932860058,167.479367748923));
#3440=CARTESIAN_POINT('Ctrl Pts',(-100.528982448901,78.7782075344057,167.335149494102));
#3441=CARTESIAN_POINT('Ctrl Pts',(-100.712350260225,79.0582141330138,167.012261094881));
#3442=CARTESIAN_POINT('Ctrl Pts',(-100.827587350072,79.1998830026276,166.811250487957));
#3443=CARTESIAN_POINT('Ctrl Pts',(-100.957177490428,79.3356955066488,166.581043627961));
#3444=CARTESIAN_POINT('Ctrl Pts',(-101.123114321375,79.476882461804,166.272480299073));
#3445=CARTESIAN_POINT('Ctrl Pts',(-101.274446512488,79.5739877184307,165.962467379616));
#3446=CARTESIAN_POINT('Ctrl Pts',(-101.445379663844,79.65852945127,165.577832943055));
#3447=CARTESIAN_POINT('Ctrl Pts',(-101.534321577408,79.6840197090826,165.349630416458));
#3448=CARTESIAN_POINT('Ctrl Pts',(-101.587188287337,79.6960530586254,165.207527187188));
#3449=CARTESIAN_POINT('',(-98.0000001117627,76.6577893286613,165.217387405716));
#3450=CARTESIAN_POINT('Ctrl Pts',(-98.0000001117627,74.2598821549435,166.404535071968));
#3451=CARTESIAN_POINT('Ctrl Pts',(-98.0000001117627,74.2753772571695,166.396681666467));
#3452=CARTESIAN_POINT('Ctrl Pts',(-98.0000001117627,74.2908674958384,166.388820051914));
#3453=CARTESIAN_POINT('Ctrl Pts',(-98.0000001117626,74.3213714131232,166.373316023334));
#3454=CARTESIAN_POINT('Ctrl Pts',(-98.0000001117625,74.3514656784553,166.358165988416));
#3455=CARTESIAN_POINT('Ctrl Pts',(-98.0000001117623,74.4118884907703,166.32831380144));
#3456=CARTESIAN_POINT('Ctrl Pts',(-98.0000001117614,74.5181783915511,166.277234218391));
#3457=CARTESIAN_POINT('Ctrl Pts',(-98.0000001117604,74.7329897070899,166.179336785683));
#3458=CARTESIAN_POINT('Ctrl Pts',(-98.0000001117523,75.0441878978424,166.050281277862));
#3459=CARTESIAN_POINT('Ctrl Pts',(-98.0000001117369,75.422603183334,165.904590624086));
#3460=CARTESIAN_POINT('Ctrl Pts',(-98.0000001117283,75.7382510303286,165.782720000081));
#3461=CARTESIAN_POINT('Ctrl Pts',(-98.0000001117224,75.9322502448638,165.701179421428));
#3462=CARTESIAN_POINT('Ctrl Pts',(-98.0000001117219,76.0091363855965,165.667086115505));
#3463=CARTESIAN_POINT('Ctrl Pts',(-98.0000001117218,76.0398197068157,165.653310296098));
#3464=CARTESIAN_POINT('Ctrl Pts',(-98.0000001117213,76.0933231864906,165.628812429038));
#3465=CARTESIAN_POINT('Ctrl Pts',(-98.0000001117196,76.1388166589966,165.60706261294));
#3466=CARTESIAN_POINT('Ctrl Pts',(-98.000000111718,76.2022311426117,165.575639303722));
#3467=CARTESIAN_POINT('Ctrl Pts',(-98.0000001117156,76.2435407929225,165.554364797609));
#3468=CARTESIAN_POINT('Ctrl Pts',(-98.0000001117153,76.2924600077605,165.527568145325));
#3469=CARTESIAN_POINT('Ctrl Pts',(-98.0000001117148,76.3249068912005,165.509322909622));
#3470=CARTESIAN_POINT('Ctrl Pts',(-98.0000001117139,76.3810082945553,165.476445126425));
#3471=CARTESIAN_POINT('Ctrl Pts',(-98.0000001117088,76.4327481905796,165.443166331082));
#3472=CARTESIAN_POINT('Ctrl Pts',(-98.0000001117084,76.4711510334558,165.415862903288));
#3473=CARTESIAN_POINT('Ctrl Pts',(-98.0000001117083,76.4825672862278,165.407552453311));
#3474=CARTESIAN_POINT('Ctrl Pts',(-98.0000001117083,76.4938699787485,165.399119386096));
#3475=CARTESIAN_POINT('Ctrl Pts',(-98.0000001117082,76.5050485396079,165.390557881108));
#3476=CARTESIAN_POINT('Ctrl Pts',(-98.0000001117081,76.5160927928039,165.381861439233));
#3477=CARTESIAN_POINT('Ctrl Pts',(-98.000000111708,76.5269917369593,165.373021720202));
#3478=CARTESIAN_POINT('Ctrl Pts',(-98.000000111708,76.53504821651,165.366277016339));
#3479=CARTESIAN_POINT('Ctrl Pts',(-98.0000001117079,76.5403660295328,165.361728835305));
#3480=CARTESIAN_POINT('Ctrl Pts',(-98.000000111708,76.543014133365,165.359444219009));
#3481=CARTESIAN_POINT('Ctrl Pts',(-98.000000111708,76.545211505096,165.357531301543));
#3482=CARTESIAN_POINT('Ctrl Pts',(-98.000000111708,76.546963972839,165.355995607846));
#3483=CARTESIAN_POINT('Ctrl Pts',(-98.0000001117086,76.5688151456824,165.336748683128));
#3484=CARTESIAN_POINT('Ctrl Pts',(-98.0000001117121,76.5958496500838,165.31033539806));
#3485=CARTESIAN_POINT('Ctrl Pts',(-98.0000001117121,76.6244021587806,165.2735295854));
#3486=CARTESIAN_POINT('Ctrl Pts',(-98.0000001117131,76.6397523191564,165.250227626793));
#3487=CARTESIAN_POINT('Ctrl Pts',(-98.0000001117135,76.6505338149829,165.231289715669));
#3488=CARTESIAN_POINT('Ctrl Pts',(-98.0000001117139,76.6563442839191,165.220225075433));
#3489=CARTESIAN_POINT('Ctrl Pts',(-98.000000111714,76.6578018618637,165.217393858105));
#3490=CARTESIAN_POINT('',(-101.583514784997,79.6952087357567,165.217387405725));
#3491=CARTESIAN_POINT('Ctrl Pts',(-101.583514785003,79.695208735758,165.217387405717));
#3492=CARTESIAN_POINT('Ctrl Pts',(-101.367737547131,79.738550152509,165.217387405717));
#3493=CARTESIAN_POINT('Ctrl Pts',(-101.147830526399,79.7577232543717,165.217387405717));
#3494=CARTESIAN_POINT('Ctrl Pts',(-100.705236898317,79.7469343842496,165.217387405717));
#3495=CARTESIAN_POINT('Ctrl Pts',(-100.484011779115,79.716435497757,165.217387405718));
#3496=CARTESIAN_POINT('Ctrl Pts',(-100.050664721394,79.6060168004873,165.217387405718));
#3497=CARTESIAN_POINT('Ctrl Pts',(-99.8400978289968,79.5260485005866,165.217387405725));
#3498=CARTESIAN_POINT('Ctrl Pts',(-99.4396991465705,79.3196101705155,165.217387405725));
#3499=CARTESIAN_POINT('Ctrl Pts',(-99.2513731612694,79.1935692921773,165.21738740576));
#3500=CARTESIAN_POINT('Ctrl Pts',(-98.9059708525642,78.9009204469148,165.21738740576));
#3501=CARTESIAN_POINT('Ctrl Pts',(-98.7502170905576,78.7351897697649,165.217387405954));
#3502=CARTESIAN_POINT('Ctrl Pts',(-98.4102950914201,78.2804652705284,165.217387405954));
#3503=CARTESIAN_POINT('Ctrl Pts',(-98.254127667021,77.9753385456876,165.217387405717));
#3504=CARTESIAN_POINT('Ctrl Pts',(-98.0219071630233,77.2466838965909,165.217387405717));
#3505=CARTESIAN_POINT('Ctrl Pts',(-98.0000001117627,76.8932765130722,165.217387405717));
#3506=CARTESIAN_POINT('Ctrl Pts',(-98.0000001117627,76.6577893286602,165.217387405717));
#3507=CARTESIAN_POINT('Ctrl Pts',(-101.583515459015,79.6952113514139,165.217387826677));
#3508=CARTESIAN_POINT('Ctrl Pts',(-101.531573799554,79.6832258917009,165.356670934476));
#3509=CARTESIAN_POINT('Ctrl Pts',(-101.44340606133,79.6575533282935,165.582273951045));
#3510=CARTESIAN_POINT('Ctrl Pts',(-101.274446512488,79.5739877184307,165.962467379616));
#3511=CARTESIAN_POINT('Ctrl Pts',(-101.123114321375,79.476882461804,166.272480299073));
#3512=CARTESIAN_POINT('Ctrl Pts',(-100.957177490428,79.3356955066488,166.581043627961));
#3513=CARTESIAN_POINT('Ctrl Pts',(-100.827587350072,79.1998830026276,166.811250487957));
#3514=CARTESIAN_POINT('Ctrl Pts',(-100.712350260225,79.0582141330138,167.012261094881));
#3515=CARTESIAN_POINT('Ctrl Pts',(-100.528982448901,78.7782075344057,167.335149494102));
#3516=CARTESIAN_POINT('Ctrl Pts',(-100.455845677324,78.598932860058,167.479367748923));
#3517=CARTESIAN_POINT('Ctrl Pts',(-100.414043151728,78.487598231788,167.566657788636));
#3518=CARTESIAN_POINT('Ctrl Pts',(-100.410752699105,78.4787189611292,167.573556524019));
#3519=CARTESIAN_POINT('Ctrl Pts',(-100.406731552321,78.4677603743837,167.582031083492));
#3520=CARTESIAN_POINT('Ctrl Pts',(-100.402049324661,78.4547840712668,167.59197061819));
#3521=CARTESIAN_POINT('Ctrl Pts',(-100.392956664866,78.4291984175288,167.611411063347));
#3522=CARTESIAN_POINT('Ctrl Pts',(-100.38029053992,78.3921131907331,167.639001252878));
#3523=CARTESIAN_POINT('Ctrl Pts',(-100.365142616187,78.3450749156879,167.672964516692));
#3524=CARTESIAN_POINT('Ctrl Pts',(-100.351475724147,78.3001533908807,167.70451274013));
#3525=CARTESIAN_POINT('Ctrl Pts',(-100.339077357774,78.2571040909431,167.733981123873));
#3526=CARTESIAN_POINT('Ctrl Pts',(-100.327785159196,78.2157331743893,167.761625983816));
#3527=CARTESIAN_POINT('Ctrl Pts',(-100.317446966128,78.1758593742192,167.787687225209));
#3528=CARTESIAN_POINT('Ctrl Pts',(-100.285906922401,78.0476155319854,167.869687783951));
#3529=CARTESIAN_POINT('Ctrl Pts',(-100.258800389413,77.9043895503206,167.952823057361));
#3530=CARTESIAN_POINT('Ctrl Pts',(-100.238818538169,77.7705424676915,168.025251059628));
#3531=CARTESIAN_POINT('Ctrl Pts',(-100.229409107383,77.698163679751,168.063067910523));
#3532=CARTESIAN_POINT('Ctrl Pts',(-100.217003694688,77.5934559880209,168.116639550829));
#3533=CARTESIAN_POINT('Ctrl Pts',(-100.209776478406,77.5133506008873,168.155550337916));
#3534=CARTESIAN_POINT('Ctrl Pts',(-100.201100758914,77.3973496680346,168.210384877372));
#3535=CARTESIAN_POINT('Ctrl Pts',(-100.196437318376,77.3189023564267,168.246399887676));
#3536=CARTESIAN_POINT('Ctrl Pts',(-100.192847460779,77.2330116801594,168.284619075359));
#3537=CARTESIAN_POINT('Ctrl Pts',(-100.19125822089,77.1853930951677,168.305509628258));
#3538=CARTESIAN_POINT('Ctrl Pts',(-100.188005199998,77.0686750003766,168.356264321771));
#3539=CARTESIAN_POINT('Ctrl Pts',(-100.187306295153,76.8017810999572,168.467847869701));
#3540=CARTESIAN_POINT('Ctrl Pts',(-100.205494297983,76.4498337719918,168.608676217222));
#3541=CARTESIAN_POINT('Ctrl Pts',(-100.244957125319,76.1124243029257,168.750330329655));
#3542=CARTESIAN_POINT('Ctrl Pts',(-100.290211823809,75.8900852853038,168.855192604916));
#3543=CARTESIAN_POINT('Ctrl Pts',(-100.326479955241,75.7555191602614,168.92607576725));
#3544=CARTESIAN_POINT('Ctrl Pts',(-100.346918237328,75.696631942542,168.959442494656));
#3545=CARTESIAN_POINT('Ctrl Pts',(-100.357496647767,75.6603148403466,168.980041134957));
#3546=CARTESIAN_POINT('Ctrl Pts',(-100.365210560418,75.6493980390605,168.987390972586));
#3547=CARTESIAN_POINT('Ctrl Pts',(-100.365929741657,75.6349296078103,168.994918729369));
#3548=CARTESIAN_POINT('Origin',(-100.000000111763,72.3719363508288,165.217387405717));
#3549=CARTESIAN_POINT('',(-100.000000111763,70.3719363508287,165.217387405717));
#3550=CARTESIAN_POINT('',(-100.000000111763,70.3719363508287,165.217387405717));
#3551=CARTESIAN_POINT('',(-98.0000001117627,72.3719363508288,165.217387405717));
#3552=CARTESIAN_POINT('Origin',(-100.000000111763,72.3719363508288,165.217387405717));
#3553=CARTESIAN_POINT('',(-98.0000001117627,72.3719363508288,165.217387405717));
#3554=CARTESIAN_POINT('Origin',(-98.0000001117627,70.3719363508288,165.217387405717));
#3555=CARTESIAN_POINT('',(-101.000000111763,70.3719363508287,167.942476107096));
#3556=CARTESIAN_POINT('Ctrl Pts',(-101.000000111763,70.3719363508287,167.942476107096));
#3557=CARTESIAN_POINT('Ctrl Pts',(-100.904822271826,70.3719363508287,167.913867917894));
#3558=CARTESIAN_POINT('Ctrl Pts',(-100.80962213317,70.3719363508288,167.885334674349));
#3559=CARTESIAN_POINT('Ctrl Pts',(-100.714402149101,70.3719363508288,167.856868440678));
#3560=CARTESIAN_POINT('',(-101.000000111763,70.3719363508287,165.217387405717));
#3561=CARTESIAN_POINT('',(-101.000000111763,70.3719363508287,165.217387405717));
#3562=CARTESIAN_POINT('',(-98.0000001117627,70.3719363508288,165.217387405717));
#3563=CARTESIAN_POINT('Ctrl Pts',(-101.000000111763,70.3719363508287,167.942476107096));
#3564=CARTESIAN_POINT('Ctrl Pts',(-100.904822271826,70.3719363508287,167.913867917894));
#3565=CARTESIAN_POINT('Ctrl Pts',(-100.80962213317,70.3719363508288,167.885334674349));
#3566=CARTESIAN_POINT('Ctrl Pts',(-100.714402149101,70.3719363508288,167.856868440678));
#3567=CARTESIAN_POINT('Ctrl Pts',(-100.819118848983,70.3719363508287,168.544257917006));
#3568=CARTESIAN_POINT('Ctrl Pts',(-100.724361466885,70.3719529447015,168.515401917574));
#3569=CARTESIAN_POINT('Ctrl Pts',(-100.629546537478,70.3719215727301,168.486658062016));
#3570=CARTESIAN_POINT('Ctrl Pts',(-100.534701609434,70.3719363508288,168.457969475743));
#3571=CARTESIAN_POINT('Ctrl Pts',(-100.50684567905,70.9302506706679,169.583173228078));
#3572=CARTESIAN_POINT('Ctrl Pts',(-100.412791892748,70.9295881437516,169.553945457715));
#3573=CARTESIAN_POINT('Ctrl Pts',(-100.318657357438,70.9289649710083,169.524821040675));
#3574=CARTESIAN_POINT('Ctrl Pts',(-100.224440259463,70.9283735474174,169.495798404664));
#3575=CARTESIAN_POINT('Ctrl Pts',(-100.415408739442,72.0593425828199,169.887378794563));
#3576=CARTESIAN_POINT('Ctrl Pts',(-100.321341297915,72.0577377697576,169.858779730205));
#3577=CARTESIAN_POINT('Ctrl Pts',(-100.227187348837,72.0562356399019,169.830262887605));
#3578=CARTESIAN_POINT('Ctrl Pts',(-100.132960363072,72.0548010745999,169.801800047787));
#3579=CARTESIAN_POINT('Ctrl Pts',(-100.426073818808,72.5291677367979,169.851896674054));
#3580=CARTESIAN_POINT('Ctrl Pts',(-100.331855890099,72.5273415280978,169.823727390576));
#3581=CARTESIAN_POINT('Ctrl Pts',(-100.237566313521,72.5256135474569,169.79560664889));
#3582=CARTESIAN_POINT('Ctrl Pts',(-100.143206223778,72.5239798297567,169.767527488077));
#3583=CARTESIAN_POINT('',(-100.426073818808,72.529167736798,169.851896674054));
#3584=CARTESIAN_POINT('Ctrl Pts',(-100.143206223778,72.5239798297567,169.767527488077));
#3585=CARTESIAN_POINT('Ctrl Pts',(-100.237566313521,72.5256135474569,169.79560664889));
#3586=CARTESIAN_POINT('Ctrl Pts',(-100.331855890099,72.5273415280978,169.823727390576));
#3587=CARTESIAN_POINT('Ctrl Pts',(-100.426073818808,72.5291677367979,169.851896674054));
#3588=CARTESIAN_POINT('Origin',(-101.000000111763,72.3719363508288,167.942476107096));
#3589=CARTESIAN_POINT('Ctrl Pts',(-105.500000111759,58.4301393872087,199.234524608464));
#3590=CARTESIAN_POINT('Ctrl Pts',(-107.423072005986,58.1067915576457,199.496365507677));
#3591=CARTESIAN_POINT('Ctrl Pts',(-108.458318346462,55.962497223132,201.824973144259));
#3592=CARTESIAN_POINT('Ctrl Pts',(-112.356920594675,55.0233969292413,202.218518059842));
#3593=CARTESIAN_POINT('Ctrl Pts',(-115.47312185205,55.6734121518512,200.798155974087));
#3594=CARTESIAN_POINT('Ctrl Pts',(-117.002735525785,57.1381219654415,198.093066030586));
#3595=CARTESIAN_POINT('Ctrl Pts',(-117.087752892466,58.3034929144048,196.070160879837));
#3596=CARTESIAN_POINT('Ctrl Pts',(-117.355272845204,60.6695513030309,192.113792322871));
#3597=CARTESIAN_POINT('Ctrl Pts',(-117.607340660015,62.3815549148931,189.448019144835));
#3598=CARTESIAN_POINT('Ctrl Pts',(-117.294736933144,65.2968680370112,184.930005303151));
#3599=CARTESIAN_POINT('Ctrl Pts',(-116.446630933028,68.1397035728965,180.540320618273));
#3600=CARTESIAN_POINT('Ctrl Pts',(-114.010829041681,70.7921077043699,176.459308689106));
#3601=CARTESIAN_POINT('Ctrl Pts',(-110.527840171254,72.9021652271582,173.212551511833));
#3602=CARTESIAN_POINT('Ctrl Pts',(-105.977072859152,74.4368237322403,170.850251233825));
#3603=CARTESIAN_POINT('Ctrl Pts',(-100.705921229903,75.5286280358101,169.160760556191));
#3604=CARTESIAN_POINT('Ctrl Pts',(-95.7940598297343,76.7541929954078,167.257787219221));
#3605=CARTESIAN_POINT('Ctrl Pts',(-91.2292166921918,78.1033786402821,165.157581122132));
#3606=CARTESIAN_POINT('Ctrl Pts',(-87.2321795448448,79.9319572452352,162.353708223623));
#3607=CARTESIAN_POINT('Ctrl Pts',(-83.7023115378695,82.0384399612868,159.164247676642));
#3608=CARTESIAN_POINT('Ctrl Pts',(-80.6281391802899,84.3963364955772,155.626199527746));
#3609=CARTESIAN_POINT('Ctrl Pts',(-79.0751432147135,87.0237060698328,151.708675902539));
#3610=CARTESIAN_POINT('Ctrl Pts',(-78.8239483876688,88.358684205664,149.717387405717));
#3611=CARTESIAN_POINT('Ctrl Pts',(-105.500000111759,59.0103724179314,197.420753191067));
#3612=CARTESIAN_POINT('Ctrl Pts',(-107.411431556135,58.6536910853128,197.748538114345));
#3613=CARTESIAN_POINT('Ctrl Pts',(-108.439938820909,56.4403797242943,200.202255927001));
#3614=CARTESIAN_POINT('Ctrl Pts',(-112.330702311983,55.3537840500527,200.853872862284));
#3615=CARTESIAN_POINT('Ctrl Pts',(-115.442201482751,55.8926166886094,199.624327678887));
#3616=CARTESIAN_POINT('Ctrl Pts',(-116.958621838167,57.2088628968977,197.170884760042));
#3617=CARTESIAN_POINT('Ctrl Pts',(-117.029948564384,58.2797186224341,195.306732932964));
#3618=CARTESIAN_POINT('Ctrl Pts',(-117.254167930489,60.4671565288788,191.648203333235));
#3619=CARTESIAN_POINT('Ctrl Pts',(-117.449778873144,62.076333549447,189.150634845445));
#3620=CARTESIAN_POINT('Ctrl Pts',(-116.982669240842,64.9230673710379,184.738916402211));
#3621=CARTESIAN_POINT('Ctrl Pts',(-115.994102130231,67.708870271912,180.434625487013));
#3622=CARTESIAN_POINT('Ctrl Pts',(-113.415650250296,70.314272422632,176.418648543669));
#3623=CARTESIAN_POINT('Ctrl Pts',(-109.791097275631,72.3834948834341,173.225646960353));
#3624=CARTESIAN_POINT('Ctrl Pts',(-105.099848136667,73.8834722268498,170.905892077836));
#3625=CARTESIAN_POINT('Ctrl Pts',(-99.6932616029379,74.9525801644996,169.238969108259));
#3626=CARTESIAN_POINT('Ctrl Pts',(-94.6502147093272,76.16147827727,167.349420152653));
#3627=CARTESIAN_POINT('Ctrl Pts',(-89.9583482542751,77.4994828193541,165.254357485647));
#3628=CARTESIAN_POINT('Ctrl Pts',(-85.834415271172,79.3267413749619,162.441256545773));
#3629=CARTESIAN_POINT('Ctrl Pts',(-82.180622998346,81.4369552588964,159.236100916497));
#3630=CARTESIAN_POINT('Ctrl Pts',(-78.9854442280029,83.8032854405569,155.676372432565));
#3631=CARTESIAN_POINT('Ctrl Pts',(-77.3149913088625,86.4478592422132,151.726960746995));
#3632=CARTESIAN_POINT('Ctrl Pts',(-77.0053858292197,87.7936467329983,149.717387405717));
#3633=CARTESIAN_POINT('Ctrl Pts',(-105.500000111759,59.7079102566581,193.644813390568));
#3634=CARTESIAN_POINT('Ctrl Pts',(-107.388656030498,59.2910428480482,194.092202313737));
#3635=CARTESIAN_POINT('Ctrl Pts',(-108.425611434161,56.9682962675789,196.752225293811));
#3636=CARTESIAN_POINT('Ctrl Pts',(-112.300445217318,55.5916730999747,197.888787536257));
#3637=CARTESIAN_POINT('Ctrl Pts',(-115.397814111145,55.898091348897,197.029423729724));
#3638=CARTESIAN_POINT('Ctrl Pts',(-116.902431804741,56.9057758524856,195.061257381112));
#3639=CARTESIAN_POINT('Ctrl Pts',(-116.951905077552,57.7820770534712,193.500826854214));
#3640=CARTESIAN_POINT('Ctrl Pts',(-117.088967853451,59.603602335613,190.4086919309));
#3641=CARTESIAN_POINT('Ctrl Pts',(-117.169451006578,61.0003840529547,188.232494925296));
#3642=CARTESIAN_POINT('Ctrl Pts',(-116.416304937692,63.716936841134,184.033629075196));
#3643=CARTESIAN_POINT('Ctrl Pts',(-115.157253922982,66.3958643570941,179.907157998448));
#3644=CARTESIAN_POINT('Ctrl Pts',(-112.298091962297,68.9127497713301,176.040894831957));
#3645=CARTESIAN_POINT('Ctrl Pts',(-108.399689111674,70.905569582046,172.977344843035));
#3646=CARTESIAN_POINT('Ctrl Pts',(-103.442416618818,72.3415277689604,170.766175756083));
#3647=CARTESIAN_POINT('Ctrl Pts',(-97.7831466627631,73.3706520188925,169.16997909433));
#3648=CARTESIAN_POINT('Ctrl Pts',(-92.4925643593111,74.5501158244712,167.335472458266));
#3649=CARTESIAN_POINT('Ctrl Pts',(-87.5581723648728,75.8683854688147,165.281062918478));
#3650=CARTESIAN_POINT('Ctrl Pts',(-83.1857479391174,77.6900578242049,162.486265461216));
#3651=CARTESIAN_POINT('Ctrl Pts',(-79.2858346149228,79.8006663093424,159.288612873359));
#3652=CARTESIAN_POINT('Ctrl Pts',(-75.8469195721471,82.1729482045913,155.726300129096));
#3653=CARTESIAN_POINT('Ctrl Pts',(-73.9385352891843,84.8383311711871,151.748852596357));
#3654=CARTESIAN_POINT('Ctrl Pts',(-73.5122257547718,86.1992461849137,149.717387405717));
#3655=CARTESIAN_POINT('Ctrl Pts',(-105.500000111759,59.2984652503741,187.899949058948));
#3656=CARTESIAN_POINT('Ctrl Pts',(-107.358237045195,58.8137594317917,188.486717006129));
#3657=CARTESIAN_POINT('Ctrl Pts',(-108.459814657253,56.4150898361949,191.332856208218));
#3658=CARTESIAN_POINT('Ctrl Pts',(-112.310500219354,54.667063365198,193.074605529263));
#3659=CARTESIAN_POINT('Ctrl Pts',(-115.374556911815,54.6427816916962,192.705577898989));
#3660=CARTESIAN_POINT('Ctrl Pts',(-116.896497814077,55.2164744929067,191.371834784621));
#3661=CARTESIAN_POINT('Ctrl Pts',(-116.926255711257,55.8242503156929,190.201877919216));
#3662=CARTESIAN_POINT('Ctrl Pts',(-116.935391557851,57.1422927176799,187.830214639137));
#3663=CARTESIAN_POINT('Ctrl Pts',(-116.841459243389,58.2396654731088,186.068322890884));
#3664=CARTESIAN_POINT('Ctrl Pts',(-115.72730916963,60.7866677890977,182.177051540195));
#3665=CARTESIAN_POINT('Ctrl Pts',(-114.108913516064,63.3241170996786,178.327374466073));
#3666=CARTESIAN_POINT('Ctrl Pts',(-110.873285163913,65.7180564852626,174.727522430006));
#3667=CARTESIAN_POINT('Ctrl Pts',(-106.624473154562,67.6008808257428,171.909520549513));
#3668=CARTESIAN_POINT('Ctrl Pts',(-101.346397272876,68.9443147641415,169.916389748449));
#3669=CARTESIAN_POINT('Ctrl Pts',(-95.3972562704839,69.9131633856062,168.490412397634));
#3670=CARTESIAN_POINT('Ctrl Pts',(-89.8150918257197,71.0448247538707,166.809134907818));
#3671=CARTESIAN_POINT('Ctrl Pts',(-84.587564596725,72.3261515925419,164.892961564592));
#3672=CARTESIAN_POINT('Ctrl Pts',(-79.8945990442952,74.1193616633381,162.21930450006));
#3673=CARTESIAN_POINT('Ctrl Pts',(-75.6649923580106,76.2016188757731,159.132403682715));
#3674=CARTESIAN_POINT('Ctrl Pts',(-71.8870876454415,78.5461573395752,155.670227464929));
#3675=CARTESIAN_POINT('Ctrl Pts',(-69.6355453615514,81.2029318364427,151.743294577235));
#3676=CARTESIAN_POINT('Ctrl Pts',(-69.041156400949,82.5687296603415,149.717387405717));
#3677=CARTESIAN_POINT('Ctrl Pts',(-105.500000111759,57.4585024230528,182.442134239951));
#3678=CARTESIAN_POINT('Ctrl Pts',(-107.331929187759,56.9284245386434,183.13051513183));
#3679=CARTESIAN_POINT('Ctrl Pts',(-108.538449177057,54.5524752250093,186.05087471784));
#3680=CARTESIAN_POINT('Ctrl Pts',(-112.365131323343,52.5621386017825,188.267340544404));
#3681=CARTESIAN_POINT('Ctrl Pts',(-115.386944304417,52.2865661293466,188.311099611603));
#3682=CARTESIAN_POINT('Ctrl Pts',(-116.953067501318,52.5378400331873,187.503460586044));
#3683=CARTESIAN_POINT('Ctrl Pts',(-116.974073690061,52.9518603118127,186.651071629605));
#3684=CARTESIAN_POINT('Ctrl Pts',(-116.860307654825,53.906787759717,184.857791217467));
#3685=CARTESIAN_POINT('Ctrl Pts',(-116.596518866872,54.7748089258258,183.434170233188));
#3686=CARTESIAN_POINT('Ctrl Pts',(-115.189868817064,57.1809366604541,179.828123287547));
#3687=CARTESIAN_POINT('Ctrl Pts',(-113.270747270215,59.5912293256924,176.247916109301));
#3688=CARTESIAN_POINT('Ctrl Pts',(-109.730026819939,61.85412988438,172.929871465467));
#3689=CARTESIAN_POINT('Ctrl Pts',(-105.218563678239,63.6102140172558,170.379044700146));
#3690=CARTESIAN_POINT('Ctrl Pts',(-99.7252972281786,64.8376133422883,168.62914052453));
#3691=CARTESIAN_POINT('Ctrl Pts',(-93.6029613627942,65.7151997908576,167.406707734017));
#3692=CARTESIAN_POINT('Ctrl Pts',(-87.8375613223131,66.7654166943562,165.919024036832));
#3693=CARTESIAN_POINT('Ctrl Pts',(-82.41705494987,67.9737377935635,164.187911240204));
#3694=CARTESIAN_POINT('Ctrl Pts',(-77.4866673510942,69.6948865558699,161.698639436939));
#3695=CARTESIAN_POINT('Ctrl Pts',(-72.9962854116499,71.7022987314587,158.792817667239));
#3696=CARTESIAN_POINT('Ctrl Pts',(-68.9344453604742,73.9701920824876,155.507313502738));
#3697=CARTESIAN_POINT('Ctrl Pts',(-66.3740757093281,76.5766392101271,151.704806366031));
#3698=CARTESIAN_POINT('Ctrl Pts',(-65.6257355561296,77.9310463747806,149.717387405717));
#3699=CARTESIAN_POINT('Ctrl Pts',(-105.500000111759,54.3066879653285,177.621731763289));
#3700=CARTESIAN_POINT('Ctrl Pts',(-107.311055251692,53.7552565210759,178.373428696811));
#3701=CARTESIAN_POINT('Ctrl Pts',(-108.651545480866,51.5017420994164,181.268828608617));
#3702=CARTESIAN_POINT('Ctrl Pts',(-112.458986989811,49.4401718843447,183.818869266669));
#3703=CARTESIAN_POINT('Ctrl Pts',(-115.435754866607,49.0347241470436,184.182825401674));
#3704=CARTESIAN_POINT('Ctrl Pts',(-117.069321251638,49.1307749074693,183.774878833396));
#3705=CARTESIAN_POINT('Ctrl Pts',(-117.09282642254,49.4601839839729,183.157176955587));
#3706=CARTESIAN_POINT('Ctrl Pts',(-116.870282699463,50.2547786652608,181.783735858206));
#3707=CARTESIAN_POINT('Ctrl Pts',(-116.449705383537,50.9980291607231,180.61234682542));
#3708=CARTESIAN_POINT('Ctrl Pts',(-114.818830284099,53.2958547117904,177.257552208305));
#3709=CARTESIAN_POINT('Ctrl Pts',(-112.667401879567,55.5915914304581,173.924256889832));
#3710=CARTESIAN_POINT('Ctrl Pts',(-108.911846886626,57.7080543502973,170.87892990906));
#3711=CARTESIAN_POINT('Ctrl Pts',(-104.24347378268,59.3103376744494,168.591578744646));
#3712=CARTESIAN_POINT('Ctrl Pts',(-98.6570530536674,60.3854077209049,167.083630631998));
#3713=CARTESIAN_POINT('Ctrl Pts',(-92.4939071797756,61.1247919068289,166.072184159593));
#3714=CARTESIAN_POINT('Ctrl Pts',(-86.6707054828791,62.0446590123269,164.792316447223));
#3715=CARTESIAN_POINT('Ctrl Pts',(-81.1758617283045,63.1290782325258,163.267068514743));
#3716=CARTESIAN_POINT('Ctrl Pts',(-76.1122998549111,64.7234167991171,160.998516699524));
#3717=CARTESIAN_POINT('Ctrl Pts',(-71.4515624855282,66.6020173776591,158.318111727977));
#3718=CARTESIAN_POINT('Ctrl Pts',(-67.1825869599185,68.7404627306721,155.260642846629));
#3719=CARTESIAN_POINT('Ctrl Pts',(-64.3661815448442,71.2560169949917,151.638941964725));
#3720=CARTESIAN_POINT('Ctrl Pts',(-63.4848995177778,72.5843618441748,149.717387405717));
#3721=CARTESIAN_POINT('Ctrl Pts',(-105.50000011176,51.4658979297797,175.038652221341));
#3722=CARTESIAN_POINT('Ctrl Pts',(-107.301008231697,50.9162630414147,175.808530666272));
#3723=CARTESIAN_POINT('Ctrl Pts',(-108.744086223734,48.8045818576244,178.626529201141));
#3724=CARTESIAN_POINT('Ctrl Pts',(-112.546905940636,46.8157050706796,181.2929020902));
#3725=CARTESIAN_POINT('Ctrl Pts',(-115.497926589269,46.4139012968835,181.794722341493));
#3726=CARTESIAN_POINT('Ctrl Pts',(-117.192069843794,46.5293654398432,181.551543323987));
#3727=CARTESIAN_POINT('Ctrl Pts',(-117.226903250265,46.881384604112,181.025011805712));
#3728=CARTESIAN_POINT('Ctrl Pts',(-116.949282439447,47.7160767543763,179.80824292879));
#3729=CARTESIAN_POINT('Ctrl Pts',(-116.440426057825,48.4534320745641,178.737586431074));
#3730=CARTESIAN_POINT('Ctrl Pts',(-114.705885196119,50.702742723907,175.520519812881));
#3731=CARTESIAN_POINT('Ctrl Pts',(-112.44912791971,52.9336203379481,172.327801830606));
#3732=CARTESIAN_POINT('Ctrl Pts',(-108.61752655279,54.9459423737134,169.447258063998));
#3733=CARTESIAN_POINT('Ctrl Pts',(-103.920202051978,56.4323749411433,167.321311417314));
#3734=CARTESIAN_POINT('Ctrl Pts',(-98.3560082491151,57.3858043188832,165.963226424084));
#3735=CARTESIAN_POINT('Ctrl Pts',(-92.2554658417152,58.0056094340436,165.087180591582));
#3736=CARTESIAN_POINT('Ctrl Pts',(-86.4802109671052,58.8094623443419,163.94510488424));
#3737=CARTESIAN_POINT('Ctrl Pts',(-81.0189146532061,59.7808627110448,162.560301066533));
#3738=CARTESIAN_POINT('Ctrl Pts',(-75.9430339270498,61.2582403090993,160.451210747894));
#3739=CARTESIAN_POINT('Ctrl Pts',(-71.237282977953,63.0197057200743,157.938164371267));
#3740=CARTESIAN_POINT('Ctrl Pts',(-66.8912295747513,65.0417353744829,155.054261834746));
#3741=CARTESIAN_POINT('Ctrl Pts',(-63.949511369281,67.4735169921468,151.580425468493));
#3742=CARTESIAN_POINT('Ctrl Pts',(-62.9983748554423,68.7757293206777,149.717387405717));
#3743=CARTESIAN_POINT('Ctrl Pts',(-105.50000011176,46.7868138116661,171.760091219661));
#3744=CARTESIAN_POINT('Ctrl Pts',(-107.289437353219,46.252572718644,172.539139920869));
#3745=CARTESIAN_POINT('Ctrl Pts',(-108.891096502153,44.3869198549285,175.198972016877));
#3746=CARTESIAN_POINT('Ctrl Pts',(-112.696337501144,42.5827528093588,177.947273585124));
#3747=CARTESIAN_POINT('Ctrl Pts',(-115.615809107372,42.2450862699394,178.585187709268));
#3748=CARTESIAN_POINT('Ctrl Pts',(-117.411791324693,42.4683048011191,178.494901380868));
#3749=CARTESIAN_POINT('Ctrl Pts',(-117.471724767123,42.9041340116257,178.04543916033));
#3750=CARTESIAN_POINT('Ctrl Pts',(-117.130270897703,43.8917288646212,176.952473272093));
#3751=CARTESIAN_POINT('Ctrl Pts',(-116.506110390007,44.6705443621383,175.971940632657));
#3752=CARTESIAN_POINT('Ctrl Pts',(-114.650364833538,46.866733327015,172.93339567067));
#3753=CARTESIAN_POINT('Ctrl Pts',(-112.274614016354,49.013885935494,169.929077714635));
#3754=CARTESIAN_POINT('Ctrl Pts',(-108.381037692849,50.8760741703529,167.279068969318));
#3755=CARTESIAN_POINT('Ctrl Pts',(-103.696674021811,52.1913605357952,165.381861327368));
#3756=CARTESIAN_POINT('Ctrl Pts',(-98.226377263692,52.961516408942,164.238511469657));
#3757=CARTESIAN_POINT('Ctrl Pts',(-92.2829549251072,53.3961427635955,163.561525775964));
#3758=CARTESIAN_POINT('Ctrl Pts',(-86.641443105646,54.0184523042109,162.62495035858));
#3759=CARTESIAN_POINT('Ctrl Pts',(-81.2908554542104,54.8112939747994,161.452189093004));
#3760=CARTESIAN_POINT('Ctrl Pts',(-76.25467113775,56.101803144788,159.5885417146));
#3761=CARTESIAN_POINT('Ctrl Pts',(-71.535461876296,57.6757408736797,157.33503325023));
#3762=CARTESIAN_POINT('Ctrl Pts',(-67.1239071043962,59.5109784474504,154.722071052022));
#3763=CARTESIAN_POINT('Ctrl Pts',(-64.0349269792558,61.8051008769421,151.484466686387));
#3764=CARTESIAN_POINT('Ctrl Pts',(-62.9965473024445,63.0623426642217,149.717387405717));
#3765=CARTESIAN_POINT('Ctrl Pts',(-105.50000011176,41.2593286814411,169.708125945701));
#3766=CARTESIAN_POINT('Ctrl Pts',(-107.284691572407,40.7656011300583,170.460649614275));
#3767=CARTESIAN_POINT('Ctrl Pts',(-109.054714147819,39.2000732449505,172.866435283632));
#3768=CARTESIAN_POINT('Ctrl Pts',(-112.881578484016,37.696012317756,175.479254644862));
#3769=CARTESIAN_POINT('Ctrl Pts',(-115.784175829582,37.5093719535536,176.08464197762));
#3770=CARTESIAN_POINT('Ctrl Pts',(-117.704583762922,37.955670618602,175.92119338063));
#3771=CARTESIAN_POINT('Ctrl Pts',(-117.806342200881,38.5481279601617,175.405353257586));
#3772=CARTESIAN_POINT('Ctrl Pts',(-117.439101391859,39.82482117465,174.169473448666));
#3773=CARTESIAN_POINT('Ctrl Pts',(-116.734347433134,40.7204236086591,173.134443310856));
#3774=CARTESIAN_POINT('Ctrl Pts',(-114.826109447139,42.9026206212174,170.218446293286));
#3775=CARTESIAN_POINT('Ctrl Pts',(-112.410305894551,45.0013332779634,167.362780467489));
#3776=CARTESIAN_POINT('Ctrl Pts',(-108.561656691924,46.7458295547246,164.923968920913));
#3777=CARTESIAN_POINT('Ctrl Pts',(-104.006284057433,47.9200603810233,163.245231751));
#3778=CARTESIAN_POINT('Ctrl Pts',(-98.7547905804138,48.5340363317262,162.316005918422));
#3779=CARTESIAN_POINT('Ctrl Pts',(-93.0990447429549,48.8035908331384,161.851244832876));
#3780=CARTESIAN_POINT('Ctrl Pts',(-87.7189312047712,49.2598737981572,161.138428282441));
#3781=CARTESIAN_POINT('Ctrl Pts',(-82.6036752052218,49.8856471498037,160.200302086701));
#3782=CARTESIAN_POINT('Ctrl Pts',(-77.7269257912508,50.9921483812888,158.611952098193));
#3783=CARTESIAN_POINT('Ctrl Pts',(-73.10516030205,52.3763143535473,156.649357584552));
#3784=CARTESIAN_POINT('Ctrl Pts',(-68.7306299703978,54.0176465625245,154.340156897267));
#3785=CARTESIAN_POINT('Ctrl Pts',(-65.5766073902469,56.1568174396155,151.372123719549));
#3786=CARTESIAN_POINT('Ctrl Pts',(-64.4861109764475,57.3575329906664,149.717387405717));
#3787=CARTESIAN_POINT('Ctrl Pts',(-105.50000011176,33.5813219949858,169.89529210734));
#3788=CARTESIAN_POINT('Ctrl Pts',(-107.296662171541,33.1970337762606,170.540813131318));
#3789=CARTESIAN_POINT('Ctrl Pts',(-109.255589643754,32.0509219521848,172.489056901025));
#3790=CARTESIAN_POINT('Ctrl Pts',(-113.137639910763,31.0789134803246,174.510503152352));
#3791=CARTESIAN_POINT('Ctrl Pts',(-116.046223186179,31.2096243019631,174.731824134871));
#3792=CARTESIAN_POINT('Ctrl Pts',(-118.127971220258,32.0953274411265,174.024470938773));
#3793=CARTESIAN_POINT('Ctrl Pts',(-118.297780275396,32.979855086221,173.143524122515));
#3794=CARTESIAN_POINT('Ctrl Pts',(-117.965987168224,34.797742362423,171.209671050977));
#3795=CARTESIAN_POINT('Ctrl Pts',(-117.236285043767,35.950249320086,169.819643352285));
#3796=CARTESIAN_POINT('Ctrl Pts',(-115.395024365034,38.2070024282811,166.909304604972));
#3797=CARTESIAN_POINT('Ctrl Pts',(-113.086684304425,40.3365233511985,164.127565720908));
#3798=CARTESIAN_POINT('Ctrl Pts',(-109.495523157428,42.038732098715,161.877552629096));
#3799=CARTESIAN_POINT('Ctrl Pts',(-105.3052166185,43.1404061766722,160.419820416583));
#3800=CARTESIAN_POINT('Ctrl Pts',(-100.53157068381,43.6609654420864,159.730277704564));
#3801=CARTESIAN_POINT('Ctrl Pts',(-95.4409788521143,43.8102735223185,159.537869849095));
#3802=CARTESIAN_POINT('Ctrl Pts',(-90.5956072922461,44.1340979025509,159.120079856225));
#3803=CARTESIAN_POINT('Ctrl Pts',(-85.9845939016368,44.6157499849328,158.49810732525));
#3804=CARTESIAN_POINT('Ctrl Pts',(-81.5288428728789,45.5380972865419,157.283326549744));
#3805=CARTESIAN_POINT('Ctrl Pts',(-77.2486261979987,46.718148881037,155.712484809932));
#3806=CARTESIAN_POINT('Ctrl Pts',(-73.1381364001334,48.1381376048531,153.80977271787));
#3807=CARTESIAN_POINT('Ctrl Pts',(-70.1053784825376,50.0668340592473,151.211721269907));
#3808=CARTESIAN_POINT('Ctrl Pts',(-69.0433522338726,51.1754322173905,149.717387405717));
#3809=CARTESIAN_POINT('Ctrl Pts',(-105.50000011176,28.043661900308,171.473485102755));
#3810=CARTESIAN_POINT('Ctrl Pts',(-107.315431504784,27.7696292365135,172.004392803893));
#3811=CARTESIAN_POINT('Ctrl Pts',(-109.385935357409,26.9367237898792,173.583653569221));
#3812=CARTESIAN_POINT('Ctrl Pts',(-113.321951842526,26.4352909105143,175.009084267371));
#3813=CARTESIAN_POINT('Ctrl Pts',(-116.251428296303,26.8729783735611,174.810958872551));
#3814=CARTESIAN_POINT('Ctrl Pts',(-118.442467925087,28.172223348408,173.528789398032));
#3815=CARTESIAN_POINT('Ctrl Pts',(-118.666387125293,29.3242306564579,172.273529231082));
#3816=CARTESIAN_POINT('Ctrl Pts',(-118.397252249549,31.6385147830559,169.633436973272));
#3817=CARTESIAN_POINT('Ctrl Pts',(-117.695461956955,33.0431408931861,167.87064969764));
#3818=CARTESIAN_POINT('Ctrl Pts',(-115.973174627631,35.4056431953635,164.874735483254));
#3819=CARTESIAN_POINT('Ctrl Pts',(-113.821497045783,37.6038389458244,162.06967143762));
#3820=CARTESIAN_POINT('Ctrl Pts',(-110.505968132551,39.320837250992,159.889325039881));
#3821=CARTESIAN_POINT('Ctrl Pts',(-106.661423909361,40.4125725803417,158.534149821794));
#3822=CARTESIAN_POINT('Ctrl Pts',(-102.305982676327,40.903274287561,157.972990981458));
#3823=CARTESIAN_POINT('Ctrl Pts',(-97.6910184163726,40.9921539182178,157.950691801514));
#3824=CARTESIAN_POINT('Ctrl Pts',(-93.3041029201361,41.2414022410753,157.723928318522));
#3825=CARTESIAN_POINT('Ctrl Pts',(-89.13395998913,41.6354094814299,157.312064147512));
#3826=CARTESIAN_POINT('Ctrl Pts',(-85.074944515245,42.4353817519971,156.351726509305));
#3827=CARTESIAN_POINT('Ctrl Pts',(-81.141195385091,43.4763949450393,155.048742169755));
#3828=CARTESIAN_POINT('Ctrl Pts',(-77.3281916156384,44.742560345394,153.425112343546));
#3829=CARTESIAN_POINT('Ctrl Pts',(-74.4970239948482,46.5117711182541,151.09160458764));
#3830=CARTESIAN_POINT('Ctrl Pts',(-73.5124035951783,47.5444609444422,149.717387405717));
#3831=CARTESIAN_POINT('Ctrl Pts',(-105.50000011176,24.7342487587779,173.42035302432));
#3832=CARTESIAN_POINT('Ctrl Pts',(-107.334829043198,24.5527005890554,173.853122983317));
#3833=CARTESIAN_POINT('Ctrl Pts',(-109.452477686041,23.9215582437702,175.194304626693));
#3834=CARTESIAN_POINT('Ctrl Pts',(-113.435158264135,23.7883855272665,176.16421920414));
#3835=CARTESIAN_POINT('Ctrl Pts',(-116.393271280644,24.4866348217913,175.631820266145));
#3836=CARTESIAN_POINT('Ctrl Pts',(-118.646250296741,26.1298686399138,173.902334978342));
#3837=CARTESIAN_POINT('Ctrl Pts',(-118.908323216261,27.4993284964706,172.361940084325));
#3838=CARTESIAN_POINT('Ctrl Pts',(-118.709412191114,30.2176286796727,169.187802467461));
#3839=CARTESIAN_POINT('Ctrl Pts',(-118.062844177182,31.8380488830718,167.134389671655));
#3840=CARTESIAN_POINT('Ctrl Pts',(-116.465921256287,34.3063527684926,164.014314057453));
#3841=CARTESIAN_POINT('Ctrl Pts',(-114.464886652977,36.5779294605441,161.129920706072));
#3842=CARTESIAN_POINT('Ctrl Pts',(-111.373302171214,38.3248331132185,158.930852319421));
#3843=CARTESIAN_POINT('Ctrl Pts',(-107.786052065357,39.4263454311703,157.582834278467));
#3844=CARTESIAN_POINT('Ctrl Pts',(-103.721529523098,39.9072449291468,157.053708859136));
#3845=CARTESIAN_POINT('Ctrl Pts',(-99.4259592468102,39.9565512434628,157.102377485995));
#3846=CARTESIAN_POINT('Ctrl Pts',(-95.3531837819243,40.1539454666834,156.963371726815));
#3847=CARTESIAN_POINT('Ctrl Pts',(-91.4912900119829,40.4852655050348,156.654076811563));
#3848=CARTESIAN_POINT('Ctrl Pts',(-87.7302671173591,41.1995996987437,155.826569779257));
#3849=CARTESIAN_POINT('Ctrl Pts',(-84.0731860550075,42.1465000003772,154.665975863346));
#3850=CARTESIAN_POINT('Ctrl Pts',(-80.5162098675224,43.310847197694,153.193322442688));
#3851=CARTESIAN_POINT('Ctrl Pts',(-77.8962976293611,44.9716573558864,151.0153043743));
#3852=CARTESIAN_POINT('Ctrl Pts',(-77.0053858292212,45.9502259686586,149.717387405717));
#3853=CARTESIAN_POINT('Ctrl Pts',(-105.50000011176,23.2283125263874,174.585940081765));
#3854=CARTESIAN_POINT('Ctrl Pts',(-107.346612979724,23.0982397032716,174.963701305379));
#3855=CARTESIAN_POINT('Ctrl Pts',(-109.478963944908,22.5630500337911,176.194508152987));
#3856=CARTESIAN_POINT('Ctrl Pts',(-113.488401586044,22.6255942556778,176.932409117637));
#3857=CARTESIAN_POINT('Ctrl Pts',(-116.465424265592,23.4675097366803,176.226851498432));
#3858=CARTESIAN_POINT('Ctrl Pts',(-118.745971546636,25.2985767603625,174.268666343233));
#3859=CARTESIAN_POINT('Ctrl Pts',(-119.027561703155,26.7855787468401,172.584115357844));
#3860=CARTESIAN_POINT('Ctrl Pts',(-118.872532653441,29.7220848860191,169.140961530935));
#3861=CARTESIAN_POINT('Ctrl Pts',(-118.264025205426,31.4617501488901,166.93851437475));
#3862=CARTESIAN_POINT('Ctrl Pts',(-116.741156040546,33.992571169889,163.737509045083));
#3863=CARTESIAN_POINT('Ctrl Pts',(-114.825700284734,36.3072382616905,160.79562822952));
#3864=CARTESIAN_POINT('Ctrl Pts',(-111.851532695035,38.0728619039199,158.567985588503));
#3865=CARTESIAN_POINT('Ctrl Pts',(-108.39328047103,39.1813440207,157.205730019803));
#3866=CARTESIAN_POINT('Ctrl Pts',(-104.469087569441,39.6575908373531,156.676569238499));
#3867=CARTESIAN_POINT('Ctrl Pts',(-100.324469413184,39.684332441157,156.747877310848));
#3868=CARTESIAN_POINT('Ctrl Pts',(-96.4021834690442,39.8525086807905,156.640414020099));
#3869=CARTESIAN_POINT('Ctrl Pts',(-92.6899467009738,40.1486945984806,156.370603118772));
#3870=CARTESIAN_POINT('Ctrl Pts',(-89.0800838311823,40.8171550983861,155.597445987719));
#3871=CARTESIAN_POINT('Ctrl Pts',(-85.5682859046036,41.7152166670252,154.496053022938));
#3872=CARTESIAN_POINT('Ctrl Pts',(-82.1508316394203,42.8280712446303,153.086998746492));
#3873=CARTESIAN_POINT('Ctrl Pts',(-79.6563734800981,44.434282404438,150.979037601787));
#3874=CARTESIAN_POINT('Ctrl Pts',(-78.8239483876703,45.3851884959931,149.717387405717));
#3875=CARTESIAN_POINT('',(-117.437822285268,63.962221083202,186.998380582168));
#3876=CARTESIAN_POINT('Ctrl Pts',(-117.437822285268,63.962221083202,186.998380582167));
#3877=CARTESIAN_POINT('Ctrl Pts',(-117.131942064334,66.8149590687945,182.577344778269));
#3878=CARTESIAN_POINT('Ctrl Pts',(-114.177498263631,72.630552110744,173.631997278519));
#3879=CARTESIAN_POINT('Ctrl Pts',(-104.705905178823,74.6250817142386,170.560081547719));
#3880=CARTESIAN_POINT('Ctrl Pts',(-100.399299324684,75.6272217315551,169.0069270759));
#3881=CARTESIAN_POINT('',(-105.500000111759,58.4301393872087,199.234524608465));
#3882=CARTESIAN_POINT('Ctrl Pts',(-105.500000111759,58.4301393872087,199.234524608464));
#3883=CARTESIAN_POINT('Ctrl Pts',(-107.423072005986,58.1067915576457,199.496365507677));
#3884=CARTESIAN_POINT('Ctrl Pts',(-109.156127224464,54.5171283577441,203.394575783998));
#3885=CARTESIAN_POINT('Ctrl Pts',(-116.920508260945,55.7452332715684,200.541709246583));
#3886=CARTESIAN_POINT('Ctrl Pts',(-117.143552343683,59.5240655425118,193.898682501596));
#3887=CARTESIAN_POINT('Ctrl Pts',(-117.630930017596,62.1612358424973,189.789460685444));
#3888=CARTESIAN_POINT('Ctrl Pts',(-117.437822285268,63.962221083202,186.998380582167));
#3889=CARTESIAN_POINT('',(-105.50000011176,23.2283125263874,174.585940081765));
#3890=CARTESIAN_POINT('Origin',(-105.50000011176,36.9999999999993,192.378933762682));
#3891=CARTESIAN_POINT('',(-115.543588538191,35.2693774088965,162.11582081192));
#3892=CARTESIAN_POINT('Ctrl Pts',(-105.50000011176,23.2283125263874,174.585940081765));
#3893=CARTESIAN_POINT('Ctrl Pts',(-107.833314716626,23.0639571148457,175.063265781971));
#3894=CARTESIAN_POINT('Ctrl Pts',(-111.837904301543,21.8722587622912,177.774474793858));
#3895=CARTESIAN_POINT('Ctrl Pts',(-118.948866634873,24.3218774434268,175.398168728645));
#3896=CARTESIAN_POINT('Ctrl Pts',(-119.097919522927,28.8516548107539,170.224553626389));
#3897=CARTESIAN_POINT('Ctrl Pts',(-118.095923870199,32.1495407984794,166.074994666335));
#3898=CARTESIAN_POINT('Ctrl Pts',(-116.30515286774,34.4946910037566,163.098477139184));
#3899=CARTESIAN_POINT('Ctrl Pts',(-115.543588538191,35.2693774088965,162.11582081192));
#3900=CARTESIAN_POINT('',(-79.511250740765,44.7094160914241,150.611901129468));
#3901=CARTESIAN_POINT('Ctrl Pts',(-115.543588538191,35.2693774088965,162.11582081192));
#3902=CARTESIAN_POINT('Ctrl Pts',(-114.180999784811,36.6554441429635,160.357654878963));
#3903=CARTESIAN_POINT('Ctrl Pts',(-109.567724272742,39.8031950972505,156.37016736224));
#3904=CARTESIAN_POINT('Ctrl Pts',(-98.3375723267926,39.472669777745,157.056943960436));
#3905=CARTESIAN_POINT('Ctrl Pts',(-87.7693439696699,40.7297424391165,155.782877380491));
#3906=CARTESIAN_POINT('Ctrl Pts',(-81.3081382161793,43.1673077508562,152.648042178357));
#3907=CARTESIAN_POINT('Ctrl Pts',(-79.511250740769,44.7094160914206,150.611901129473));
#3908=CARTESIAN_POINT('',(-69.1906430755081,51.3717791560104,149.717387405717));
#3909=CARTESIAN_POINT('Ctrl Pts',(-69.1906430755082,51.3717791560104,149.717387405717));
#3910=CARTESIAN_POINT('Ctrl Pts',(-69.1989690186991,51.3630633678103,149.718188440259));
#3911=CARTESIAN_POINT('Ctrl Pts',(-69.2071376309159,51.3543932877168,149.719047879023));
#3912=CARTESIAN_POINT('Ctrl Pts',(-72.038275522986,48.3854269961093,149.998655842898));
#3913=CARTESIAN_POINT('Ctrl Pts',(-75.5911062264671,46.0812143255402,150.325207144023));
#3914=CARTESIAN_POINT('Ctrl Pts',(-79.5112005676296,44.7094591975134,150.611844269666));
#3915=CARTESIAN_POINT('',(-67.6559796560836,53.4703024572847,150.674047776746));
#3916=CARTESIAN_POINT('Ctrl Pts',(-67.6559046193047,53.4703577143367,150.673578303022));
#3917=CARTESIAN_POINT('Ctrl Pts',(-67.7738221173801,53.2806126394307,150.632397706473));
#3918=CARTESIAN_POINT('Ctrl Pts',(-68.0010594240891,52.9256772009767,150.541551954045));
#3919=CARTESIAN_POINT('Ctrl Pts',(-68.358004412061,52.4006322205376,150.351649346974));
#3920=CARTESIAN_POINT('Ctrl Pts',(-68.7309385749139,51.89076106764,150.08159834947));
#3921=CARTESIAN_POINT('Ctrl Pts',(-69.0194330286003,51.5534687372279,149.831106659927));
#3922=CARTESIAN_POINT('Ctrl Pts',(-69.1744987262011,51.388808686289,149.728189926107));
#3923=CARTESIAN_POINT('Ctrl Pts',(-69.1834633698414,51.3793336847589,149.718125372399));
#3924=CARTESIAN_POINT('Ctrl Pts',(-69.1906430755078,51.3717791560108,149.717387405716));
#3925=CARTESIAN_POINT('',(-97.500000111764,53.1396814850463,164.269992072793));
#3926=CARTESIAN_POINT('Ctrl Pts',(-97.5000016634068,53.1396826397501,164.269984196485));
#3927=CARTESIAN_POINT('Ctrl Pts',(-96.208912258596,53.1248649765672,164.009350070005));
#3928=CARTESIAN_POINT('Ctrl Pts',(-93.587052579812,53.0920427945475,163.548291562323));
#3929=CARTESIAN_POINT('Ctrl Pts',(-91.0217083143656,53.0630196896693,163.093336285529));
#3930=CARTESIAN_POINT('Ctrl Pts',(-89.6972427862235,53.0505605492288,162.823484073896));
#3931=CARTESIAN_POINT('Ctrl Pts',(-89.6614366373056,53.0502254667444,162.816159591623));
#3932=CARTESIAN_POINT('Ctrl Pts',(-88.3753983723052,53.0382355524917,162.552173877942));
#3933=CARTESIAN_POINT('Ctrl Pts',(-85.8943298207925,53.0176822049718,161.975215378025));
#3934=CARTESIAN_POINT('Ctrl Pts',(-82.2763698021315,52.9986857237356,160.894620563678));
#3935=CARTESIAN_POINT('Ctrl Pts',(-78.7493161466206,52.9961275208381,159.550628679083));
#3936=CARTESIAN_POINT('Ctrl Pts',(-76.4945518639901,53.0102507989234,158.453471068454));
#3937=CARTESIAN_POINT('Ctrl Pts',(-75.3334634975903,53.0235445240834,157.811936669213));
#3938=CARTESIAN_POINT('Ctrl Pts',(-75.2600008582618,53.0244095490874,157.77102457792));
#3939=CARTESIAN_POINT('Ctrl Pts',(-74.3727999078792,53.0351984433594,157.272467194438));
#3940=CARTESIAN_POINT('Ctrl Pts',(-72.7992921366062,53.0619751137173,156.306819314348));
#3941=CARTESIAN_POINT('Ctrl Pts',(-70.6274306141968,53.1399277505308,154.649613008523));
#3942=CARTESIAN_POINT('Ctrl Pts',(-68.7982958190905,53.2755763510708,152.787435402491));
#3943=CARTESIAN_POINT('Ctrl Pts',(-67.939965433586,53.4078642488624,151.392734727955));
#3944=CARTESIAN_POINT('Ctrl Pts',(-67.6559796560577,53.4703024573277,150.674047776757));
#3945=CARTESIAN_POINT('',(-97.5000001117627,54.3719363508287,164.779859165804));
#3946=CARTESIAN_POINT('Ctrl Pts',(-97.5000001117627,53.1396814850464,164.269992072793));
#3947=CARTESIAN_POINT('Ctrl Pts',(-97.5000001117627,53.5490291115159,164.443435195415));
#3948=CARTESIAN_POINT('Ctrl Pts',(-97.5000001117627,53.9597437215949,164.613422580327));
#3949=CARTESIAN_POINT('Ctrl Pts',(-97.5000001117627,54.3719363508287,164.779859165804));
#3950=CARTESIAN_POINT('',(-97.5000001117627,55.480345105663,165.217387405717));
#3951=CARTESIAN_POINT('Ctrl Pts',(-97.5000001117627,54.3719363508287,164.779859165804));
#3952=CARTESIAN_POINT('Ctrl Pts',(-97.5000001117627,54.7419287643272,164.929256000166));
#3953=CARTESIAN_POINT('Ctrl Pts',(-97.5000001117627,55.111127768808,165.074994133415));
#3954=CARTESIAN_POINT('Ctrl Pts',(-97.5000001117627,55.480345105663,165.217387405717));
#3955=CARTESIAN_POINT('',(-98.0000001117627,55.2001697093011,165.217387405717));
#3956=CARTESIAN_POINT('Ctrl Pts',(-97.5000001117627,55.480345105663,165.217387405717));
#3957=CARTESIAN_POINT('Ctrl Pts',(-97.6662566933265,55.3872833777703,165.217387405717));
#3958=CARTESIAN_POINT('Ctrl Pts',(-97.8329522292199,55.2939414541111,165.217387405717));
#3959=CARTESIAN_POINT('Ctrl Pts',(-98.0000001117627,55.2001697093011,165.217387405717));
#3960=CARTESIAN_POINT('',(-99.559812475348,54.3120379247393,165.217387405717));
#3961=CARTESIAN_POINT('Ctrl Pts',(-99.5598124753479,54.3120379247392,165.217387405717));
#3962=CARTESIAN_POINT('Ctrl Pts',(-99.0371054845422,54.6157811677099,165.217387405717));
#3963=CARTESIAN_POINT('Ctrl Pts',(-98.5164729555646,54.9102494841951,165.217387405717));
#3964=CARTESIAN_POINT('Ctrl Pts',(-98.0000001117627,55.2001697093011,165.217387405717));
#3965=CARTESIAN_POINT('',(-99.5399913721856,55.6486002299233,165.759751285006));
#3966=CARTESIAN_POINT('Ctrl Pts',(-99.5399851945428,55.6486042960768,165.759740741561));
#3967=CARTESIAN_POINT('Ctrl Pts',(-99.5399855399469,55.6485797883957,165.759731087581));
#3968=CARTESIAN_POINT('Ctrl Pts',(-99.5399858853518,55.648555280715,165.759721433588));
#3969=CARTESIAN_POINT('Ctrl Pts',(-99.5462904850892,55.2012231028676,165.583509406666));
#3970=CARTESIAN_POINT('Ctrl Pts',(-99.5528908508493,54.7557435665893,165.402640919163));
#3971=CARTESIAN_POINT('Ctrl Pts',(-99.559812475348,54.312037924739,165.217387405717));
#3972=CARTESIAN_POINT('',(-99.4793464716681,60.7937122052078,167.575504492895));
#3973=CARTESIAN_POINT('Ctrl Pts',(-99.4793464716679,60.7937122052292,167.575504492902));
#3974=CARTESIAN_POINT('Ctrl Pts',(-99.4961960559592,59.0522479100717,167.033730996449));
#3975=CARTESIAN_POINT('Ctrl Pts',(-99.516010373985,57.3497055599875,166.42983257946));
#3976=CARTESIAN_POINT('Ctrl Pts',(-99.5399851945428,55.6486042960768,165.759740741561));
#3977=CARTESIAN_POINT('',(-100.442957378919,60.7900712640944,167.856760429373));
#3978=CARTESIAN_POINT('Ctrl Pts',(-100.442957378919,60.7900712640944,167.856760429373));
#3979=CARTESIAN_POINT('Ctrl Pts',(-100.123825992312,60.7909157030669,167.759919278544));
#3980=CARTESIAN_POINT('Ctrl Pts',(-99.8025426663504,60.7921468956895,167.666345109539));
#3981=CARTESIAN_POINT('Ctrl Pts',(-99.4793464716643,60.7937122052078,167.575504492894));
#3982=CARTESIAN_POINT('Ctrl Pts',(-100.426073818808,72.529167736798,169.851896674054));
#3983=CARTESIAN_POINT('Ctrl Pts',(-101.250907361014,72.5451553329123,170.098505469118));
#3984=CARTESIAN_POINT('Ctrl Pts',(-102.862493670206,72.124801119195,170.640463137292));
#3985=CARTESIAN_POINT('Ctrl Pts',(-104.740842405305,70.3465367806629,171.396346241992));
#3986=CARTESIAN_POINT('Ctrl Pts',(-105.751006708164,67.7068592747736,171.655590180575));
#3987=CARTESIAN_POINT('Ctrl Pts',(-105.586587838771,64.9017544520545,171.059687478418));
#3988=CARTESIAN_POINT('Ctrl Pts',(-104.499198430878,62.687380900722,169.937847842835));
#3989=CARTESIAN_POINT('Ctrl Pts',(-102.766701867261,61.1824012830909,168.745052753942));
#3990=CARTESIAN_POINT('Ctrl Pts',(-101.242197210795,60.7879564321138,168.099291588499));
#3991=CARTESIAN_POINT('Ctrl Pts',(-100.442957378919,60.7900712640943,167.856760429373));
#3992=CARTESIAN_POINT('Ctrl Pts',(-105.50000011176,23.2283125263874,174.585940081765));
#3993=CARTESIAN_POINT('Ctrl Pts',(-106.423306545742,23.1632761148295,174.774820693572));
#3994=CARTESIAN_POINT('Ctrl Pts',(-108.220569943135,22.8858202127846,175.455316845373));
#3995=CARTESIAN_POINT('Ctrl Pts',(-110.456738065063,22.5775433198625,176.375920844023));
#3996=CARTESIAN_POINT('Ctrl Pts',(-112.681469829881,22.6144617618824,176.781403151629));
#3997=CARTESIAN_POINT('Ctrl Pts',(-114.903810321727,23.0251389557029,176.59752387622));
#3998=CARTESIAN_POINT('Ctrl Pts',(-117.00356410656,23.9010090706909,175.763134542799));
#3999=CARTESIAN_POINT('Ctrl Pts',(-118.335330122372,24.9690021633175,174.621023316575));
#4000=CARTESIAN_POINT('Ctrl Pts',(-118.896426443699,26.1008578430248,173.359689588239));
#4001=CARTESIAN_POINT('Ctrl Pts',(-119.00675437428,27.1874727130949,172.112711138494));
#4002=CARTESIAN_POINT('Ctrl Pts',(-118.945366812382,28.319200806627,170.786139489464));
#4003=CARTESIAN_POINT('Ctrl Pts',(-118.790192433878,29.4389343820292,169.441106600604));
#4004=CARTESIAN_POINT('Ctrl Pts',(-118.471532944606,30.6535215781767,167.946048473355));
#4005=CARTESIAN_POINT('Ctrl Pts',(-118.022289435689,31.7849108476941,166.529479579063));
#4006=CARTESIAN_POINT('Ctrl Pts',(-117.643774618638,32.4916702227745,165.636205427494));
#4007=CARTESIAN_POINT('Ctrl Pts',(-116.742224274143,33.9921234440459,163.737624132837));
#4008=CARTESIAN_POINT('Ctrl Pts',(-114.82550676429,36.3074789583555,160.795371362883));
#4009=CARTESIAN_POINT('Ctrl Pts',(-111.851771887504,38.0728033248829,158.567949507743));
#4010=CARTESIAN_POINT('Ctrl Pts',(-108.393466902849,39.1813086980539,157.205686479916));
#4011=CARTESIAN_POINT('Ctrl Pts',(-104.469215435903,39.6575629874503,156.676544449575));
#4012=CARTESIAN_POINT('Ctrl Pts',(-100.324549263822,39.6843171154105,156.747858696302));
#4013=CARTESIAN_POINT('Ctrl Pts',(-96.4022551098838,39.8524949271302,156.640397297315));
#4014=CARTESIAN_POINT('Ctrl Pts',(-92.6899911697925,40.1486862669856,156.370592382174));
#4015=CARTESIAN_POINT('Ctrl Pts',(-89.0801112712676,40.817149984251,155.59743931118));
#4016=CARTESIAN_POINT('Ctrl Pts',(-85.5683095969178,41.7152122706997,154.496047224187));
#4017=CARTESIAN_POINT('Ctrl Pts',(-82.1508429111733,42.8280692210754,153.086995866769));
#4018=CARTESIAN_POINT('Ctrl Pts',(-79.6563734800982,44.434282404438,150.979037601787));
#4019=CARTESIAN_POINT('Ctrl Pts',(-78.8239483876703,45.3851884959931,149.717387405717));
#4020=CARTESIAN_POINT('Ctrl Pts',(-105.50000011176,22.7086692396056,174.988141367937));
#4021=CARTESIAN_POINT('Ctrl Pts',(-106.425339647601,22.6525139538628,175.167531232579));
#4022=CARTESIAN_POINT('Ctrl Pts',(-108.226438715425,22.3975967622664,175.82273665133));
#4023=CARTESIAN_POINT('Ctrl Pts',(-110.467084733972,22.1257745652153,176.700569377177));
#4024=CARTESIAN_POINT('Ctrl Pts',(-112.696061032325,22.2005985111424,177.060840109757));
#4025=CARTESIAN_POINT('Ctrl Pts',(-114.922474686058,22.6488633230215,176.831656831771));
#4026=CARTESIAN_POINT('Ctrl Pts',(-117.026990975288,23.5665435696784,175.946407965161));
#4027=CARTESIAN_POINT('Ctrl Pts',(-118.363601568246,24.6727120252388,174.75760460477));
#4028=CARTESIAN_POINT('Ctrl Pts',(-118.929556763131,25.8383417755379,173.454810648845));
#4029=CARTESIAN_POINT('Ctrl Pts',(-119.044827521373,26.9540843230063,172.171973860156));
#4030=CARTESIAN_POINT('Ctrl Pts',(-118.989248457078,28.1148179145614,170.809636142289));
#4031=CARTESIAN_POINT('Ctrl Pts',(-118.840934134832,29.2625016391507,169.430092169497));
#4032=CARTESIAN_POINT('Ctrl Pts',(-118.53156079534,30.5043701758126,167.901339580318));
#4033=CARTESIAN_POINT('Ctrl Pts',(-118.09300942935,31.6561741089374,166.459613066355));
#4034=CARTESIAN_POINT('Ctrl Pts',(-117.722671036134,32.371056631658,165.55642556782));
#4035=CARTESIAN_POINT('Ctrl Pts',(-116.840286346521,33.8822907797023,163.644928901975));
#4036=CARTESIAN_POINT('Ctrl Pts',(-114.957699494291,36.2101944525743,160.687039648075));
#4037=CARTESIAN_POINT('Ctrl Pts',(-112.026592785706,37.9809130455397,158.451686055072));
#4038=CARTESIAN_POINT('Ctrl Pts',(-108.613849473301,39.0912941547925,157.085468140033));
#4039=CARTESIAN_POINT('Ctrl Pts',(-104.738028429756,39.5659390396995,156.556321040338));
#4040=CARTESIAN_POINT('Ctrl Pts',(-100.644144830706,39.5855654681285,156.634255427282));
#4041=CARTESIAN_POINT('Ctrl Pts',(-96.7721571520976,39.7444794250175,156.53619733378));
#4042=CARTESIAN_POINT('Ctrl Pts',(-93.1096341909027,40.0295058195094,156.278282038592));
#4043=CARTESIAN_POINT('Ctrl Pts',(-89.5498801615693,40.6831662274775,155.522026147249));
#4044=CARTESIAN_POINT('Ctrl Pts',(-86.0864222112725,41.5652781059976,154.439429534712));
#4045=CARTESIAN_POINT('Ctrl Pts',(-82.7155516976265,42.661147601977,153.050910823048));
#4046=CARTESIAN_POINT('Ctrl Pts',(-80.2637110156394,44.2488540443264,150.966523270526));
#4047=CARTESIAN_POINT('Ctrl Pts',(-79.4514675380601,45.1902148157432,149.717387405717));
#4048=CARTESIAN_POINT('Ctrl Pts',(-105.50000011176,21.6396636870441,175.888302762954));
#4049=CARTESIAN_POINT('Ctrl Pts',(-106.43274710531,21.6002744413845,176.049744476425));
#4050=CARTESIAN_POINT('Ctrl Pts',(-108.255144161734,21.3878060244912,176.645510542573));
#4051=CARTESIAN_POINT('Ctrl Pts',(-110.535817839596,21.1863242038956,177.403650882381));
#4052=CARTESIAN_POINT('Ctrl Pts',(-112.80180515699,21.3297971485921,177.638178366095));
#4053=CARTESIAN_POINT('Ctrl Pts',(-115.058350608703,21.8404814620259,177.287781108756));
#4054=CARTESIAN_POINT('Ctrl Pts',(-117.185782943896,22.8176078450218,176.277501087818));
#4055=CARTESIAN_POINT('Ctrl Pts',(-118.538510881407,23.9717817492065,174.98114429926));
#4056=CARTESIAN_POINT('Ctrl Pts',(-119.119077714424,25.1772612427141,173.585607953229));
#4057=CARTESIAN_POINT('Ctrl Pts',(-119.248816482554,26.3280423492562,172.221310953126));
#4058=CARTESIAN_POINT('Ctrl Pts',(-119.210105625828,27.5261183624932,170.774511663257));
#4059=CARTESIAN_POINT('Ctrl Pts',(-119.081257286771,28.7135922643315,169.308801201837));
#4060=CARTESIAN_POINT('Ctrl Pts',(-118.797600638288,29.9993257995167,167.690622462476));
#4061=CARTESIAN_POINT('Ctrl Pts',(-118.386338101855,31.1874735864988,166.180068261107));
#4062=CARTESIAN_POINT('Ctrl Pts',(-118.034376293042,31.9185489605229,165.250544358168));
#4063=CARTESIAN_POINT('Ctrl Pts',(-117.192201201601,33.4541344435522,163.307741920093));
#4064=CARTESIAN_POINT('Ctrl Pts',(-115.378887852403,35.817991150173,160.317298379357));
#4065=CARTESIAN_POINT('Ctrl Pts',(-112.5221744071,37.6175714686726,158.080823331794));
#4066=CARTESIAN_POINT('Ctrl Pts',(-109.186252874653,38.7549964058693,156.723382454136));
#4067=CARTESIAN_POINT('Ctrl Pts',(-105.389448038677,39.2545029059095,156.213156113099));
#4068=CARTESIAN_POINT('Ctrl Pts',(-101.379704789944,39.2912553969023,156.324700045759));
#4069=CARTESIAN_POINT('Ctrl Pts',(-97.5941194460662,39.461699239613,156.265206842895));
#4070=CARTESIAN_POINT('Ctrl Pts',(-94.0203037840425,39.7535152394625,156.049706518053));
#4071=CARTESIAN_POINT('Ctrl Pts',(-90.5606455515225,40.4042924824442,155.341146151097));
#4072=CARTESIAN_POINT('Ctrl Pts',(-87.1989862777562,41.2767318100872,154.307434594859));
#4073=CARTESIAN_POINT('Ctrl Pts',(-83.9312708763439,42.356515072711,152.968881787318));
#4074=CARTESIAN_POINT('Ctrl Pts',(-81.5723987365231,43.9110543332123,150.938651901376));
#4075=CARTESIAN_POINT('Ctrl Pts',(-80.8019929802563,44.8308480971011,149.717387405717));
#4076=CARTESIAN_POINT('Ctrl Pts',(-105.50000011176,20.0223475907691,177.547465275312));
#4077=CARTESIAN_POINT('Ctrl Pts',(-106.451817664321,20.004605962862,177.68562569694));
#4078=CARTESIAN_POINT('Ctrl Pts',(-108.34769914866,19.8518338518737,178.170220712031));
#4079=CARTESIAN_POINT('Ctrl Pts',(-110.785896132903,19.7573143318095,178.665968193059));
#4080=CARTESIAN_POINT('Ctrl Pts',(-113.202947543352,19.9961010919749,178.62617111897));
#4081=CARTESIAN_POINT('Ctrl Pts',(-115.58459730394,20.5788971907702,178.021567246029));
#4082=CARTESIAN_POINT('Ctrl Pts',(-117.808795645763,21.5967111855591,176.771157514511));
#4083=CARTESIAN_POINT('Ctrl Pts',(-119.228367614681,22.7627623385776,175.284309479276));
#4084=CARTESIAN_POINT('Ctrl Pts',(-119.867360944987,23.9685770369983,173.73057645895));
#4085=CARTESIAN_POINT('Ctrl Pts',(-120.051041267099,25.1222658642132,172.22469600204));
#4086=CARTESIAN_POINT('Ctrl Pts',(-120.071657276638,26.33338887293,170.623285840537));
#4087=CARTESIAN_POINT('Ctrl Pts',(-120.006149474841,27.5487685321794,168.989362246591));
#4088=CARTESIAN_POINT('Ctrl Pts',(-119.797508201151,28.8819129664379,167.184908142066));
#4089=CARTESIAN_POINT('Ctrl Pts',(-119.454379965148,30.119152544013,165.526330275676));
#4090=CARTESIAN_POINT('Ctrl Pts',(-119.13785089244,30.8757398543071,164.541376504337));
#4091=CARTESIAN_POINT('Ctrl Pts',(-118.361118047722,32.4552758244928,162.53678259261));
#4092=CARTESIAN_POINT('Ctrl Pts',(-116.646293131427,34.8974155312659,159.490450731251));
#4093=CARTESIAN_POINT('Ctrl Pts',(-113.854673260058,36.7787364248436,157.279939390074));
#4094=CARTESIAN_POINT('Ctrl Pts',(-110.574244480092,38.0066162670317,155.966778522899));
#4095=CARTESIAN_POINT('Ctrl Pts',(-106.824143452446,38.6047024633403,155.518910888798));
#4096=CARTESIAN_POINT('Ctrl Pts',(-102.866614960761,38.7353302709599,155.717951086077));
#4097=CARTESIAN_POINT('Ctrl Pts',(-99.1464103321925,38.9888101064614,155.751606624131));
#4098=CARTESIAN_POINT('Ctrl Pts',(-95.6505670984631,39.3541353414067,155.633300570251));
#4099=CARTESIAN_POINT('Ctrl Pts',(-92.3175557776239,40.0600013384062,155.018472093877));
#4100=CARTESIAN_POINT('Ctrl Pts',(-89.1023269882156,40.9674429642646,154.075765752657));
#4101=CARTESIAN_POINT('Ctrl Pts',(-85.9988015098382,42.0628835438415,152.825976961012));
#4102=CARTESIAN_POINT('Ctrl Pts',(-83.793467058011,43.5763625974293,150.889837506492));
#4103=CARTESIAN_POINT('Ctrl Pts',(-83.0887537470163,44.4576768317414,149.717387405717));
#4104=CARTESIAN_POINT('Ctrl Pts',(-105.50000011176,18.4717968581217,179.524809083275));
#4105=CARTESIAN_POINT('Ctrl Pts',(-106.477329440031,18.4721385500713,179.643210692974));
#4106=CARTESIAN_POINT('Ctrl Pts',(-108.488094992776,18.3817047079241,180.002587031077));
#4107=CARTESIAN_POINT('Ctrl Pts',(-111.185390683619,18.4151923286867,180.180581375904));
#4108=CARTESIAN_POINT('Ctrl Pts',(-113.858155818416,18.7677106150947,179.811489203526));
#4109=CARTESIAN_POINT('Ctrl Pts',(-116.458308757314,19.431557517242,178.910554440314));
#4110=CARTESIAN_POINT('Ctrl Pts',(-118.863075945846,20.4817667305938,177.398010224014));
#4111=CARTESIAN_POINT('Ctrl Pts',(-120.414918843393,21.6398513005809,175.717191896765));
#4112=CARTESIAN_POINT('Ctrl Pts',(-121.169786667208,22.8238402339171,174.008026498306));
#4113=CARTESIAN_POINT('Ctrl Pts',(-121.4576521451,23.9628290300571,172.360689836911));
#4114=CARTESIAN_POINT('Ctrl Pts',(-121.589224052679,25.1749018405727,170.597405113726));
#4115=CARTESIAN_POINT('Ctrl Pts',(-121.637595087227,26.4143132159472,168.777942722811));
#4116=CARTESIAN_POINT('Ctrl Pts',(-121.554904843469,27.8007114524175,166.757658893225));
#4117=CARTESIAN_POINT('Ctrl Pts',(-121.316177311874,29.0965866455297,164.922779039302));
#4118=CARTESIAN_POINT('Ctrl Pts',(-121.044844759485,29.8831315855614,163.87133405628));
#4119=CARTESIAN_POINT('Ctrl Pts',(-120.33770224783,31.5128157441091,161.792109768898));
#4120=CARTESIAN_POINT('Ctrl Pts',(-118.707704892201,34.0448281342244,158.675974666405));
#4121=CARTESIAN_POINT('Ctrl Pts',(-115.920025111785,36.0181342667463,156.49424984186));
#4122=CARTESIAN_POINT('Ctrl Pts',(-112.618118319289,37.3517132387688,155.227067938032));
#4123=CARTESIAN_POINT('Ctrl Pts',(-108.823478804208,38.0690626120377,154.841296054643));
#4124=CARTESIAN_POINT('Ctrl Pts',(-104.821834422669,38.3169632128981,155.127523268665));
#4125=CARTESIAN_POINT('Ctrl Pts',(-101.080191036968,38.6762284079326,155.253269017166));
#4126=CARTESIAN_POINT('Ctrl Pts',(-97.584081793978,39.1368642315327,155.230838932142));
#4127=CARTESIAN_POINT('Ctrl Pts',(-94.3302509329327,39.9208295129552,154.702041406102));
#4128=CARTESIAN_POINT('Ctrl Pts',(-91.2329646351964,40.8827163726368,153.843037411693));
#4129=CARTESIAN_POINT('Ctrl Pts',(-88.2825583630532,42.0095637449888,152.67552229303));
#4130=CARTESIAN_POINT('Ctrl Pts',(-86.2350054900856,43.4834383068022,150.83589890268));
#4131=CARTESIAN_POINT('Ctrl Pts',(-85.5978583331846,44.3216978441317,149.717387405717));
#4132=CARTESIAN_POINT('Ctrl Pts',(-105.50000011176,17.4207496063439,181.241260432412));
#4133=CARTESIAN_POINT('Ctrl Pts',(-106.500732888051,17.4324095594277,181.346697967384));
#4134=CARTESIAN_POINT('Ctrl Pts',(-108.623122701601,17.3964407168881,181.609637159395));
#4135=CARTESIAN_POINT('Ctrl Pts',(-111.579204448896,17.5608439089285,181.531863090043));
#4136=CARTESIAN_POINT('Ctrl Pts',(-114.510222927648,18.0368892384474,180.902700185548));
#4137=CARTESIAN_POINT('Ctrl Pts',(-117.334466458488,18.7967644324785,179.775532149295));
#4138=CARTESIAN_POINT('Ctrl Pts',(-119.929480954489,19.9017665891656,178.078998140576));
#4139=CARTESIAN_POINT('Ctrl Pts',(-121.62403926236,21.0755459195221,176.275021380485));
#4140=CARTESIAN_POINT('Ctrl Pts',(-122.503865265142,22.2599601209018,174.473213925736));
#4141=CARTESIAN_POINT('Ctrl Pts',(-122.903325540731,23.4037035193742,172.738978996795));
#4142=CARTESIAN_POINT('Ctrl Pts',(-123.152250080428,24.635355662052,170.868940837916));
#4143=CARTESIAN_POINT('Ctrl Pts',(-123.319440622257,25.9154745047182,168.917793996198));
#4144=CARTESIAN_POINT('Ctrl Pts',(-123.364611256855,27.3686541937959,166.73442655715));
#4145=CARTESIAN_POINT('Ctrl Pts',(-123.227713523116,28.7296935903286,164.761200909457));
#4146=CARTESIAN_POINT('Ctrl Pts',(-122.996637998112,29.5452779131674,163.65573720884));
#4147=CARTESIAN_POINT('Ctrl Pts',(-122.343566253684,31.2160074496275,161.512827744517));
#4148=CARTESIAN_POINT('Ctrl Pts',(-120.767608489578,33.812717861027,158.327066098181));
#4149=CARTESIAN_POINT('Ctrl Pts',(-117.94219464621,35.8360554909674,156.147237313243));
#4150=CARTESIAN_POINT('Ctrl Pts',(-114.57359300393,37.2281023891473,154.889362099517));
#4151=CARTESIAN_POINT('Ctrl Pts',(-110.68524997298,38.0120833553013,154.519987090507));
#4152=CARTESIAN_POINT('Ctrl Pts',(-106.587133529381,38.3238350349991,154.837757332809));
#4153=CARTESIAN_POINT('Ctrl Pts',(-102.771658539525,38.739083544472,154.999676238611));
#4154=CARTESIAN_POINT('Ctrl Pts',(-99.2233858374686,39.2489663647219,155.016701939025));
#4155=CARTESIAN_POINT('Ctrl Pts',(-95.9957138359528,40.0745514755853,154.520219412816));
#4156=CARTESIAN_POINT('Ctrl Pts',(-92.9659374180409,41.0636737721514,153.696281176887));
#4157=CARTESIAN_POINT('Ctrl Pts',(-90.1208710329627,42.203575144276,152.567190614079));
#4158=CARTESIAN_POINT('Ctrl Pts',(-88.1921650397552,43.6412755836086,150.793397191745));
#4159=CARTESIAN_POINT('Ctrl Pts',(-87.6067489018642,44.4452463872018,149.717387405717));
#4160=CARTESIAN_POINT('Ctrl Pts',(-105.50000011176,16.7920692804392,182.475158489229));
#4161=CARTESIAN_POINT('Ctrl Pts',(-106.517420418317,16.8101390977415,182.572954416496));
#4162=CARTESIAN_POINT('Ctrl Pts',(-108.720504432708,16.8155572789776,182.7726903784));
#4163=CARTESIAN_POINT('Ctrl Pts',(-111.862828409985,17.0864946042082,182.525752294171));
#4164=CARTESIAN_POINT('Ctrl Pts',(-114.979136831201,17.6674573458624,181.727070037473));
#4165=CARTESIAN_POINT('Ctrl Pts',(-117.962949380902,18.5137519754451,180.456793277908));
#4166=CARTESIAN_POINT('Ctrl Pts',(-120.691604266671,19.6784839367829,178.652189697821));
#4167=CARTESIAN_POINT('Ctrl Pts',(-122.485009927485,20.882346637829,176.783291671897));
#4168=CARTESIAN_POINT('Ctrl Pts',(-123.451256889466,22.0839873155425,174.936255941129));
#4169=CARTESIAN_POINT('Ctrl Pts',(-123.927801495346,23.2459271063791,173.158069329366));
#4170=CARTESIAN_POINT('Ctrl Pts',(-124.258005920339,24.5066392866419,171.229235852746));
#4171=CARTESIAN_POINT('Ctrl Pts',(-124.507534412357,25.8306006813882,169.200053188954));
#4172=CARTESIAN_POINT('Ctrl Pts',(-124.641584198865,27.3457100657008,166.914375112721));
#4173=CARTESIAN_POINT('Ctrl Pts',(-124.575436194936,28.7628193019996,164.851414605217));
#4174=CARTESIAN_POINT('Ctrl Pts',(-124.371931977205,29.601243364317,163.709768026088));
#4175=CARTESIAN_POINT('Ctrl Pts',(-123.75557304472,31.3004963364705,161.521651280582));
#4176=CARTESIAN_POINT('Ctrl Pts',(-122.214988132733,33.935506801671,158.28067309991));
#4177=CARTESIAN_POINT('Ctrl Pts',(-119.358569721066,35.9765220930829,156.087097368905));
#4178=CARTESIAN_POINT('Ctrl Pts',(-115.937787139797,37.3891608553898,154.817095901025));
#4179=CARTESIAN_POINT('Ctrl Pts',(-111.97791566559,38.1968810462686,154.436643502257));
#4180=CARTESIAN_POINT('Ctrl Pts',(-107.806166780934,38.5285975967656,154.751366898239));
#4181=CARTESIAN_POINT('Ctrl Pts',(-103.933767107598,38.9595373127359,154.913777037572));
#4182=CARTESIAN_POINT('Ctrl Pts',(-100.344200418644,39.4813236003765,154.93431648284));
#4183=CARTESIAN_POINT('Ctrl Pts',(-97.1323746948369,40.317519517221,154.437813338761));
#4184=CARTESIAN_POINT('Ctrl Pts',(-94.1482737685985,41.3107776121235,153.618955447597));
#4185=CARTESIAN_POINT('Ctrl Pts',(-91.3760765181733,42.448237585703,152.500424709038));
#4186=CARTESIAN_POINT('Ctrl Pts',(-89.5290859066479,43.8573335475029,150.764652425552));
#4187=CARTESIAN_POINT('Ctrl Pts',(-88.9780952384868,44.6379964632824,149.717387405717));
#4188=CARTESIAN_POINT('Ctrl Pts',(-105.50000011176,16.3937164695561,183.320760859523));
#4189=CARTESIAN_POINT('Ctrl Pts',(-106.528854105671,16.4157973666905,183.413665326996));
#4190=CARTESIAN_POINT('Ctrl Pts',(-108.786911887115,16.4500832336191,183.571700041856));
#4191=CARTESIAN_POINT('Ctrl Pts',(-112.055805323242,16.7970876344393,183.212587810979));
#4192=CARTESIAN_POINT('Ctrl Pts',(-115.297628700859,17.4538930531952,182.302232092438));
#4193=CARTESIAN_POINT('Ctrl Pts',(-118.389013678924,18.3637245172996,180.938824483151));
#4194=CARTESIAN_POINT('Ctrl Pts',(-121.206849844874,19.5744647574396,179.066238304306));
#4195=CARTESIAN_POINT('Ctrl Pts',(-123.065573163328,20.8036750081031,177.15872276149));
#4196=CARTESIAN_POINT('Ctrl Pts',(-124.088829993979,22.0213697341464,175.286021657107));
#4197=CARTESIAN_POINT('Ctrl Pts',(-124.616255640803,23.1995032733892,173.482314332674));
#4198=CARTESIAN_POINT('Ctrl Pts',(-125.000220042744,24.4838818506408,171.517678407821));
#4199=CARTESIAN_POINT('Ctrl Pts',(-125.304299928037,25.8415281209187,169.439191271012));
#4200=CARTESIAN_POINT('Ctrl Pts',(-125.497460009287,27.4025270827075,167.087183444441));
#4201=CARTESIAN_POINT('Ctrl Pts',(-125.478486170232,28.8603318392392,164.965212839944));
#4202=CARTESIAN_POINT('Ctrl Pts',(-125.293382195629,29.7148981854525,163.799436031566));
#4203=CARTESIAN_POINT('Ctrl Pts',(-124.701611648382,31.4334245746635,161.580526291724));
#4204=CARTESIAN_POINT('Ctrl Pts',(-123.184884249757,34.0926507738717,158.30038162122));
#4205=CARTESIAN_POINT('Ctrl Pts',(-120.307403294153,36.1412192820107,156.093565483699));
#4206=CARTESIAN_POINT('Ctrl Pts',(-116.851241653381,37.5626415609777,154.810468670903));
#4207=CARTESIAN_POINT('Ctrl Pts',(-112.842930938134,38.3805697565914,154.416692989338));
#4208=CARTESIAN_POINT('Ctrl Pts',(-108.621474112813,38.7195047113168,154.72281893711));
#4209=CARTESIAN_POINT('Ctrl Pts',(-104.710812538848,39.1550466362765,154.879159380419));
#4210=CARTESIAN_POINT('Ctrl Pts',(-101.093686038327,39.679139009634,154.895818300755));
#4211=CARTESIAN_POINT('Ctrl Pts',(-97.8933531817483,40.5177553910938,154.393487932631));
#4212=CARTESIAN_POINT('Ctrl Pts',(-94.9409730018307,41.5099758045434,153.57306817419));
#4213=CARTESIAN_POINT('Ctrl Pts',(-92.2189233600201,42.6428181089629,152.457470735957));
#4214=CARTESIAN_POINT('Ctrl Pts',(-90.42729746072,44.0316418504693,150.745452841574));
#4215=CARTESIAN_POINT('Ctrl Pts',(-89.8992579344454,44.7967025380225,149.717387405717));
#4216=CARTESIAN_POINT('Ctrl Pts',(-105.50000011176,15.7549047189262,184.85876491233));
#4217=CARTESIAN_POINT('Ctrl Pts',(-106.549658907801,15.7833700617047,184.943552468997));
#4218=CARTESIAN_POINT('Ctrl Pts',(-108.905983813236,15.8714215771876,185.030055009044));
#4219=CARTESIAN_POINT('Ctrl Pts',(-112.400000982269,16.3646341598792,184.476957930241));
#4220=CARTESIAN_POINT('Ctrl Pts',(-115.863530254838,17.1695042304192,183.375535100027));
#4221=CARTESIAN_POINT('Ctrl Pts',(-119.143118926687,18.2060865183941,181.855795410715));
#4222=CARTESIAN_POINT('Ctrl Pts',(-122.113715372687,19.5137831522934,179.875448043686));
#4223=CARTESIAN_POINT('Ctrl Pts',(-124.082031691449,20.8015695399811,177.91290708718));
#4224=CARTESIAN_POINT('Ctrl Pts',(-125.20057833172,22.0596711702767,176.00732477176));
#4225=CARTESIAN_POINT('Ctrl Pts',(-125.813221535816,23.277088912188,174.169094834927));
#4226=CARTESIAN_POINT('Ctrl Pts',(-126.287637902108,24.614364646699,172.151020356326));
#4227=CARTESIAN_POINT('Ctrl Pts',(-126.683899129518,26.0427916824613,169.993770201595));
#4228=CARTESIAN_POINT('Ctrl Pts',(-126.977856149644,27.6962031556555,167.531110510427));
#4229=CARTESIAN_POINT('Ctrl Pts',(-127.039912831006,29.2338803774024,165.308426507018));
#4230=CARTESIAN_POINT('Ctrl Pts',(-126.886682592182,30.1190751846643,164.10052539522));
#4231=CARTESIAN_POINT('Ctrl Pts',(-126.338126196567,31.8719049747381,161.826167755828));
#4232=CARTESIAN_POINT('Ctrl Pts',(-124.864733669029,34.5698952864992,158.471286318155));
#4233=CARTESIAN_POINT('Ctrl Pts',(-121.951759928234,36.6203295270301,156.23030790411));
#4234=CARTESIAN_POINT('Ctrl Pts',(-118.435116647026,38.0438616510219,154.910755487462));
#4235=CARTESIAN_POINT('Ctrl Pts',(-114.343494774188,38.8644985966367,154.477728254899));
#4236=CARTESIAN_POINT('Ctrl Pts',(-110.037223416336,39.1996888103214,154.751103224318));
#4237=CARTESIAN_POINT('Ctrl Pts',(-106.062348834105,39.6275016079123,154.879628143124));
#4238=CARTESIAN_POINT('Ctrl Pts',(-102.400352470264,40.1405126003692,154.872709702579));
#4239=CARTESIAN_POINT('Ctrl Pts',(-99.225285514236,40.9707926860228,154.344628028972));
#4240=CARTESIAN_POINT('Ctrl Pts',(-96.3339029651551,41.9509623683386,153.50821400983));
#4241=CARTESIAN_POINT('Ctrl Pts',(-93.7053703024141,43.0676962055239,152.386699841599));
#4242=CARTESIAN_POINT('Ctrl Pts',(-92.0134024407269,44.4178748543584,150.711906526493));
#4243=CARTESIAN_POINT('Ctrl Pts',(-91.5255244658525,45.1555814702807,149.717387405717));
#4244=CARTESIAN_POINT('Ctrl Pts',(-105.50000011176,15.0328951712625,187.208223918161));
#4245=CARTESIAN_POINT('Ctrl Pts',(-106.581114526649,15.0685935533396,187.28272401827));
#4246=CARTESIAN_POINT('Ctrl Pts',(-109.077529727472,15.2417589637467,187.271763408345));
#4247=CARTESIAN_POINT('Ctrl Pts',(-112.885199143713,15.9775749451718,186.451151633723));
#4248=CARTESIAN_POINT('Ctrl Pts',(-116.650211224373,17.0340007374501,185.091861912409));
#4249=CARTESIAN_POINT('Ctrl Pts',(-120.176648476792,18.2926082592889,183.369719473031));
#4250=CARTESIAN_POINT('Ctrl Pts',(-123.331609014344,19.7828300400241,181.267998259219));
#4251=CARTESIAN_POINT('Ctrl Pts',(-125.420709018547,21.1928229720089,179.262250390014));
#4252=CARTESIAN_POINT('Ctrl Pts',(-126.642651538986,22.5422679531326,177.343203113097));
#4253=CARTESIAN_POINT('Ctrl Pts',(-127.348676125633,23.8455842021228,175.484062503073));
#4254=CARTESIAN_POINT('Ctrl Pts',(-127.924580777322,25.2894701622869,173.415801114353));
#4255=CARTESIAN_POINT('Ctrl Pts',(-128.426503657667,26.8506753322469,171.16798712718));
#4256=CARTESIAN_POINT('Ctrl Pts',(-128.841162638179,28.6681549409478,168.563943564587));
#4257=CARTESIAN_POINT('Ctrl Pts',(-129.004044129394,30.3426507322739,166.205947533419));
#4258=CARTESIAN_POINT('Ctrl Pts',(-128.89265228863,31.2777307646247,164.938737528381));
#4259=CARTESIAN_POINT('Ctrl Pts',(-128.406106724251,33.0808572136422,162.581288090928));
#4260=CARTESIAN_POINT('Ctrl Pts',(-127.004812886208,35.8239258929202,159.102907993661));
#4261=CARTESIAN_POINT('Ctrl Pts',(-124.061738740806,37.846154286452,156.781822241881));
#4262=CARTESIAN_POINT('Ctrl Pts',(-120.483045622798,39.2364809246646,155.371863211342));
#4263=CARTESIAN_POINT('Ctrl Pts',(-116.300497599671,40.0196379707136,154.837579453071));
#4264=CARTESIAN_POINT('Ctrl Pts',(-111.905185679149,40.3047148324735,155.01413064933));
#4265=CARTESIAN_POINT('Ctrl Pts',(-107.871183771825,40.6784800022811,155.054191509927));
#4266=CARTESIAN_POINT('Ctrl Pts',(-104.178093915813,41.1344239976647,154.966144970701));
#4267=CARTESIAN_POINT('Ctrl Pts',(-101.073138027286,41.9185619230853,154.357383464871));
#4268=CARTESIAN_POINT('Ctrl Pts',(-98.299864586113,42.8537212292314,153.460659787255));
#4269=CARTESIAN_POINT('Ctrl Pts',(-95.8328513035641,43.9257103946568,152.299457244264));
#4270=CARTESIAN_POINT('Ctrl Pts',(-94.2951104714607,45.2127988126185,150.66467987103));
#4271=CARTESIAN_POINT('Ctrl Pts',(-93.8642162768121,45.9117401972331,149.717387405717));
#4272=CARTESIAN_POINT('Ctrl Pts',(-105.50000011176,14.5315245621584,190.211892070219));
#4273=CARTESIAN_POINT('Ctrl Pts',(-106.620530916442,14.573161125321,190.27552055635));
#4274=CARTESIAN_POINT('Ctrl Pts',(-109.267776283766,14.8512322059908,190.153251811088));
#4275=CARTESIAN_POINT('Ctrl Pts',(-113.392515496119,15.8992895568868,189.021289350467));
#4276=CARTESIAN_POINT('Ctrl Pts',(-117.44135893465,17.2829684392261,187.367327476835));
#4277=CARTESIAN_POINT('Ctrl Pts',(-121.174555334789,18.8339180387912,185.422028287624));
#4278=CARTESIAN_POINT('Ctrl Pts',(-124.436957963402,20.570009715494,183.205045165497));
#4279=CARTESIAN_POINT('Ctrl Pts',(-126.560020414364,22.149468101612,181.180198709132));
#4280=CARTESIAN_POINT('Ctrl Pts',(-127.8054158246,23.62810561552,179.276032264914));
#4281=CARTESIAN_POINT('Ctrl Pts',(-128.536189621648,25.0521854040712,177.417936471015));
#4282=CARTESIAN_POINT('Ctrl Pts',(-129.147489089789,26.6429093180299,175.313538423335));
#4283=CARTESIAN_POINT('Ctrl Pts',(-129.69432517284,28.3834525836096,172.977159467282));
#4284=CARTESIAN_POINT('Ctrl Pts',(-130.178289125482,30.4187603635774,170.218668141119));
#4285=CARTESIAN_POINT('Ctrl Pts',(-130.412325761118,32.272588325719,167.705970981966));
#4286=CARTESIAN_POINT('Ctrl Pts',(-130.33858113239,33.271667033325,166.368125463972));
#4287=CARTESIAN_POINT('Ctrl Pts',(-129.925557838588,35.135784385119,163.907045451786));
#4288=CARTESIAN_POINT('Ctrl Pts',(-128.640416506002,37.9261918956814,160.263484670802));
#4289=CARTESIAN_POINT('Ctrl Pts',(-125.733858692938,39.8940771953851,157.81483333621));
#4290=CARTESIAN_POINT('Ctrl Pts',(-122.168434005646,41.2211902776419,156.25779946008));
#4291=CARTESIAN_POINT('Ctrl Pts',(-117.97878451415,41.9329641994093,155.556881946082));
#4292=CARTESIAN_POINT('Ctrl Pts',(-113.59022046529,42.1302237551556,155.566686932809));
#4293=CARTESIAN_POINT('Ctrl Pts',(-109.596195817403,42.4127777734183,155.451278167452));
#4294=CARTESIAN_POINT('Ctrl Pts',(-105.974406932713,42.7755127102177,155.21736456006));
#4295=CARTESIAN_POINT('Ctrl Pts',(-103.052413295104,43.4849642381854,154.466397415891));
#4296=CARTESIAN_POINT('Ctrl Pts',(-100.505145127901,44.3513679663159,153.457751973683));
#4297=CARTESIAN_POINT('Ctrl Pts',(-98.3023203861609,45.3592554106541,152.214961708389));
#4298=CARTESIAN_POINT('Ctrl Pts',(-96.9761352145733,46.5692066373603,150.611279605123));
#4299=CARTESIAN_POINT('Ctrl Pts',(-96.6122515511969,47.2238747124774,149.717387405717));
#4300=CARTESIAN_POINT('Ctrl Pts',(-105.50000011176,14.4750885124135,192.287966320979));
#4301=CARTESIAN_POINT('Ctrl Pts',(-106.646672833451,14.5186173095662,192.345539912207));
#4302=CARTESIAN_POINT('Ctrl Pts',(-109.378744014435,14.8587270137621,192.148704937097));
#4303=CARTESIAN_POINT('Ctrl Pts',(-113.664092821557,16.0967234987507,190.805506445354));
#4304=CARTESIAN_POINT('Ctrl Pts',(-117.839430486338,17.6774822380738,188.950197822417));
#4305=CARTESIAN_POINT('Ctrl Pts',(-121.641317156574,19.4005293274157,186.851405964622));
#4306=CARTESIAN_POINT('Ctrl Pts',(-124.891787883985,21.273260113917,184.552690336108));
#4307=CARTESIAN_POINT('Ctrl Pts',(-126.957850013822,22.9396856798925,182.51109097786));
#4308=CARTESIAN_POINT('Ctrl Pts',(-128.147122677421,24.4810991339547,180.613218249901));
#4309=CARTESIAN_POINT('Ctrl Pts',(-128.831869822226,25.9654962888098,178.752574593784));
#4310=CARTESIAN_POINT('Ctrl Pts',(-129.404784238861,27.634402558041,176.620406073932));
#4311=CARTESIAN_POINT('Ctrl Pts',(-129.922511755636,29.4760786302378,174.220999504575));
#4312=CARTESIAN_POINT('Ctrl Pts',(-130.397668154992,31.6398503247384,171.35508288699));
#4313=CARTESIAN_POINT('Ctrl Pts',(-130.642514767527,33.6022799484011,168.735710375306));
#4314=CARTESIAN_POINT('Ctrl Pts',(-130.584327358017,34.6411764619108,167.349558623376));
#4315=CARTESIAN_POINT('Ctrl Pts',(-130.219271672773,36.5456746912559,164.817944410703));
#4316=CARTESIAN_POINT('Ctrl Pts',(-129.030691548364,39.3737773828708,161.06306829594));
#4317=CARTESIAN_POINT('Ctrl Pts',(-126.200138839699,41.3223641928428,158.529130102363));
#4318=CARTESIAN_POINT('Ctrl Pts',(-122.706069758879,42.6281946496029,156.873912412963));
#4319=CARTESIAN_POINT('Ctrl Pts',(-118.585115482668,43.317373030197,156.061411456024));
#4320=CARTESIAN_POINT('Ctrl Pts',(-114.281813077913,43.4841070025293,155.959356503249));
#4321=CARTESIAN_POINT('Ctrl Pts',(-110.392750691548,43.7335188647571,155.73894137163));
#4322=CARTESIAN_POINT('Ctrl Pts',(-106.89396289486,44.0610812862347,155.406238035449));
#4323=CARTESIAN_POINT('Ctrl Pts',(-104.160231756603,44.7457766715751,154.557165753222));
#4324=CARTESIAN_POINT('Ctrl Pts',(-101.818544114336,45.5880997782024,153.469910328567));
#4325=CARTESIAN_POINT('Ctrl Pts',(-99.8358216296392,46.57181581416,152.168170045714));
#4326=CARTESIAN_POINT('Ctrl Pts',(-98.6662512880931,47.7408573850808,150.578958733775));
#4327=CARTESIAN_POINT('Ctrl Pts',(-98.3452424060976,48.3684322773089,149.717387405717));
#4328=CARTESIAN_POINT('Ctrl Pts',(-105.50000011176,14.6596207360741,196.808965525153));
#4329=CARTESIAN_POINT('Ctrl Pts',(-106.702774517507,14.7055099447703,196.85381776114));
#4330=CARTESIAN_POINT('Ctrl Pts',(-109.603233387158,15.1625552295962,196.493050079333));
#4331=CARTESIAN_POINT('Ctrl Pts',(-114.192558653903,16.7656989884913,194.680383686971));
#4332=CARTESIAN_POINT('Ctrl Pts',(-118.589502264377,18.7186836448254,192.372859078001));
#4333=CARTESIAN_POINT('Ctrl Pts',(-122.485195469287,20.7571216980043,189.921976141624));
#4334=CARTESIAN_POINT('Ctrl Pts',(-125.646365052819,22.8596177292846,187.420244710608));
#4335=CARTESIAN_POINT('Ctrl Pts',(-127.530132958874,24.6532735018804,185.316079592453));
#4336=CARTESIAN_POINT('Ctrl Pts',(-128.544757936356,26.2760188759674,183.407678434922));
#4337=CARTESIAN_POINT('Ctrl Pts',(-129.083704567911,27.8436654423423,181.52043232602));
#4338=CARTESIAN_POINT('Ctrl Pts',(-129.527411969381,29.6344572136408,179.307754685593));
#4339=CARTESIAN_POINT('Ctrl Pts',(-129.938091492603,31.6495225356741,176.753104544778));
#4340=CARTESIAN_POINT('Ctrl Pts',(-130.352614912082,34.0482278285488,173.637974266117));
#4341=CARTESIAN_POINT('Ctrl Pts',(-130.592706559733,36.2166013764951,170.777030426703));
#4342=CARTESIAN_POINT('Ctrl Pts',(-130.560753394238,37.3341396332932,169.283579744615));
#4343=CARTESIAN_POINT('Ctrl Pts',(-130.297327816839,39.3247047350458,166.599323638459));
#4344=CARTESIAN_POINT('Ctrl Pts',(-129.329315552093,42.2497910889728,162.610555730168));
#4345=CARTESIAN_POINT('Ctrl Pts',(-126.698225478939,44.1993234019829,159.909934206963));
#4346=CARTESIAN_POINT('Ctrl Pts',(-123.401754573071,45.5110967786733,158.063920795407));
#4347=CARTESIAN_POINT('Ctrl Pts',(-119.480043107555,46.2120146769593,157.035801503218));
#4348=CARTESIAN_POINT('Ctrl Pts',(-115.41698049839,46.3804273409502,156.719231301758));
#4349=CARTESIAN_POINT('Ctrl Pts',(-111.808094375675,46.623966785242,156.29789454777));
#4350=CARTESIAN_POINT('Ctrl Pts',(-108.626373690758,46.9397009922,155.776008646322));
#4351=CARTESIAN_POINT('Ctrl Pts',(-106.341868612433,47.6279345258007,154.734949236933));
#4352=CARTESIAN_POINT('Ctrl Pts',(-104.478390020049,48.4668770510143,153.492843665078));
#4353=CARTESIAN_POINT('Ctrl Pts',(-102.997350959802,49.439106991133,152.073878771494));
#4354=CARTESIAN_POINT('Ctrl Pts',(-102.17303952021,50.5398583976651,150.514216243508));
#4355=CARTESIAN_POINT('Ctrl Pts',(-101.942784811186,51.1127308378335,149.717387405717));
#4356=CARTESIAN_POINT('Ctrl Pts',(-105.50000011176,16.6739590676646,203.858428842301));
#4357=CARTESIAN_POINT('Ctrl Pts',(-106.784702591677,16.7133800337583,203.887499947059));
#4358=CARTESIAN_POINT('Ctrl Pts',(-109.932437680613,17.2921881626728,203.285303116894));
#4359=CARTESIAN_POINT('Ctrl Pts',(-114.970266649943,19.3135468973487,200.769016424876));
#4360=CARTESIAN_POINT('Ctrl Pts',(-119.694769792547,21.6757104360038,197.778316190388));
#4361=CARTESIAN_POINT('Ctrl Pts',(-123.729907577512,24.0316262945848,194.789046005414));
#4362=CARTESIAN_POINT('Ctrl Pts',(-126.760763734017,26.3004995080449,191.963692304056));
#4363=CARTESIAN_POINT('Ctrl Pts',(-128.376973033187,28.12064719507,189.74343195097));
#4364=CARTESIAN_POINT('Ctrl Pts',(-129.135077036742,29.7191725915269,187.797380133493));
#4365=CARTESIAN_POINT('Ctrl Pts',(-129.459800963074,31.2850341565671,185.850961937817));
#4366=CARTESIAN_POINT('Ctrl Pts',(-129.71353999928,33.1324003668547,183.49912035522));
#4367=CARTESIAN_POINT('Ctrl Pts',(-129.966618952082,35.286407376876,180.69520698925));
#4368=CARTESIAN_POINT('Ctrl Pts',(-130.29130237706,37.9231233173079,177.192039665312));
#4369=CARTESIAN_POINT('Ctrl Pts',(-130.523017150526,40.3232836018193,173.958989592574));
#4370=CARTESIAN_POINT('Ctrl Pts',(-130.528113022655,41.5385696758837,172.300701813623));
#4371=CARTESIAN_POINT('Ctrl Pts',(-130.409910426349,43.6544727188365,169.38232029491));
#4372=CARTESIAN_POINT('Ctrl Pts',(-129.741409029895,46.7622436996482,165.039095399647));
#4373=CARTESIAN_POINT('Ctrl Pts',(-127.34883507238,48.819713646861,162.088705890006));
#4374=CARTESIAN_POINT('Ctrl Pts',(-124.277935054913,50.2706416110959,159.958449536144));
#4375=CARTESIAN_POINT('Ctrl Pts',(-120.574206851398,51.1422997276977,158.610619166948));
#4376=CARTESIAN_POINT('Ctrl Pts',(-116.782404914715,51.4855705632188,157.974386941051));
#4377=CARTESIAN_POINT('Ctrl Pts',(-113.505897748116,51.8895377095036,157.251122965196));
#4378=CARTESIAN_POINT('Ctrl Pts',(-110.7133284652,52.3534924692291,156.442398999276));
#4379=CARTESIAN_POINT('Ctrl Pts',(-109.020535644863,53.1985524694734,155.102757361278));
#4380=CARTESIAN_POINT('Ctrl Pts',(-107.801268410534,54.1644619420464,153.611704758598));
#4381=CARTESIAN_POINT('Ctrl Pts',(-107.008398456953,55.2329228783617,151.994458434155));
#4382=CARTESIAN_POINT('Ctrl Pts',(-106.66501743232,56.2973127645386,150.44115641003));
#4383=CARTESIAN_POINT('Ctrl Pts',(-106.561990096729,56.8061862476825,149.717387405717));
#4384=CARTESIAN_POINT('Ctrl Pts',(-105.500000111759,21.479146333296,208.987101535269));
#4385=CARTESIAN_POINT('Ctrl Pts',(-106.824548742121,21.4939433559208,208.999758947123));
#4386=CARTESIAN_POINT('Ctrl Pts',(-110.090874180432,22.0594287940511,208.267184760361));
#4387=CARTESIAN_POINT('Ctrl Pts',(-115.339219305875,24.1377532754777,205.404117815207));
#4388=CARTESIAN_POINT('Ctrl Pts',(-120.215566345845,26.5375925861642,202.079675161164));
#4389=CARTESIAN_POINT('Ctrl Pts',(-124.311804777263,28.8827350745847,198.828485494167));
#4390=CARTESIAN_POINT('Ctrl Pts',(-127.274313080884,31.0461051538923,195.844070210692));
#4391=CARTESIAN_POINT('Ctrl Pts',(-128.757522240546,32.7088209088366,193.563573660333));
#4392=CARTESIAN_POINT('Ctrl Pts',(-129.389465201974,34.1458022991936,191.593554574028));
#4393=CARTESIAN_POINT('Ctrl Pts',(-129.609595369834,35.5829143568978,189.611469943229));
#4394=CARTESIAN_POINT('Ctrl Pts',(-129.77175137902,37.332585277083,187.182558134236));
#4395=CARTESIAN_POINT('Ctrl Pts',(-129.95051051636,39.4367705950763,184.244892421507));
#4396=CARTESIAN_POINT('Ctrl Pts',(-130.237110750007,42.0829980767927,180.532404216692));
#4397=CARTESIAN_POINT('Ctrl Pts',(-130.474107868922,44.5299510441283,177.089603144192));
#4398=CARTESIAN_POINT('Ctrl Pts',(-130.506320181737,45.7814379943446,175.325217763916));
#4399=CARTESIAN_POINT('Ctrl Pts',(-130.482992716526,47.9759156082258,172.226765647053));
#4400=CARTESIAN_POINT('Ctrl Pts',(-129.95610331149,51.241201969537,167.603510821239));
#4401=CARTESIAN_POINT('Ctrl Pts',(-127.615115619578,53.4898277000975,164.408487985851));
#4402=CARTESIAN_POINT('Ctrl Pts',(-124.567927355314,55.1715702681447,162.012982348407));
#4403=CARTESIAN_POINT('Ctrl Pts',(-120.864206086207,56.3140024666779,160.377749937656));
#4404=CARTESIAN_POINT('Ctrl Pts',(-117.082483137482,56.9513484331423,159.451345727071));
#4405=CARTESIAN_POINT('Ctrl Pts',(-113.85015430207,57.6409992015683,158.447195595336));
#4406=CARTESIAN_POINT('Ctrl Pts',(-111.133056847474,58.3822539700597,157.366699770921));
#4407=CARTESIAN_POINT('Ctrl Pts',(-109.632859924087,59.5010619471133,155.745370001293));
#4408=CARTESIAN_POINT('Ctrl Pts',(-108.652558716102,60.70922273763,153.998634475257));
#4409=CARTESIAN_POINT('Ctrl Pts',(-108.139694761172,61.9886395099456,152.152301632584));
#4410=CARTESIAN_POINT('Ctrl Pts',(-108.030671518795,63.1582830871676,150.470794342461));
#4411=CARTESIAN_POINT('Ctrl Pts',(-108.007010629843,63.6840510259597,149.717387405717));
#4412=CARTESIAN_POINT('Ctrl Pts',(-105.500000111759,25.3791255931518,211.709704886363));
#4413=CARTESIAN_POINT('Ctrl Pts',(-106.826758023834,25.3700549060749,211.706094840894));
#4414=CARTESIAN_POINT('Ctrl Pts',(-110.093734442518,25.8787389349014,210.942615344019));
#4415=CARTESIAN_POINT('Ctrl Pts',(-115.336421482616,27.8723527635678,208.043442110102));
#4416=CARTESIAN_POINT('Ctrl Pts',(-120.204836710969,30.1876414077425,204.68583007525));
#4417=CARTESIAN_POINT('Ctrl Pts',(-124.292227017412,32.451618704827,201.403856110175));
#4418=CARTESIAN_POINT('Ctrl Pts',(-127.244808825867,34.5283911160692,198.385602405355));
#4419=CARTESIAN_POINT('Ctrl Pts',(-128.719778597087,36.1151310469739,196.072671363694));
#4420=CARTESIAN_POINT('Ctrl Pts',(-129.345626738909,37.4875416897744,194.071740563272));
#4421=CARTESIAN_POINT('Ctrl Pts',(-129.562159943697,38.8718207406773,192.05976669937));
#4422=CARTESIAN_POINT('Ctrl Pts',(-129.722797330712,40.57183410695,189.597101808893));
#4423=CARTESIAN_POINT('Ctrl Pts',(-129.903073168481,42.6321588148726,186.621084662892));
#4424=CARTESIAN_POINT('Ctrl Pts',(-130.197382322205,45.2431632811341,182.85899872696));
#4425=CARTESIAN_POINT('Ctrl Pts',(-130.449273006133,47.6743362864658,179.361193772747));
#4426=CARTESIAN_POINT('Ctrl Pts',(-130.496980048548,48.9302965755977,177.556179638285));
#4427=CARTESIAN_POINT('Ctrl Pts',(-130.514688307287,51.1535166002213,174.363592751196));
#4428=CARTESIAN_POINT('Ctrl Pts',(-130.02531272535,54.4875547906633,169.582611344374));
#4429=CARTESIAN_POINT('Ctrl Pts',(-127.684153511755,56.8478679487118,166.204061650601));
#4430=CARTESIAN_POINT('Ctrl Pts',(-124.623202661797,58.6571167858946,163.617619205999));
#4431=CARTESIAN_POINT('Ctrl Pts',(-120.892986107857,59.9430124606682,161.783496298535));
#4432=CARTESIAN_POINT('Ctrl Pts',(-117.074963438694,60.7395453621062,160.654500004941));
#4433=CARTESIAN_POINT('Ctrl Pts',(-113.808803895792,61.5890502449206,159.451294653081));
#4434=CARTESIAN_POINT('Ctrl Pts',(-111.060229424672,62.4901654758554,158.175684157619));
#4435=CARTESIAN_POINT('Ctrl Pts',(-109.542843019133,63.7703631096135,156.359404735585));
#4436=CARTESIAN_POINT('Ctrl Pts',(-108.559084731191,65.1325118007303,154.424923770712));
#4437=CARTESIAN_POINT('Ctrl Pts',(-108.055654889183,66.5587686246008,152.397748997285));
#4438=CARTESIAN_POINT('Ctrl Pts',(-107.990771250786,67.8564476456064,150.5500371145));
#4439=CARTESIAN_POINT('Ctrl Pts',(-108.000300524968,68.4403481370731,149.717387405717));
#4440=CARTESIAN_POINT('Ctrl Pts',(-105.500000111759,28.2557372646723,213.319219592661));
#4441=CARTESIAN_POINT('Ctrl Pts',(-106.819172375446,28.2325680061324,213.306368060958));
#4442=CARTESIAN_POINT('Ctrl Pts',(-110.046039816759,28.6763947811744,212.558460580253));
#4443=CARTESIAN_POINT('Ctrl Pts',(-115.214966533077,30.5425090484754,209.718322385839));
#4444=CARTESIAN_POINT('Ctrl Pts',(-120.039116568048,32.747668411591,206.395269217244));
#4445=CARTESIAN_POINT('Ctrl Pts',(-124.1074259582,34.9213625873612,203.123650264274));
#4446=CARTESIAN_POINT('Ctrl Pts',(-127.069266856918,36.9257184602839,200.079342935033));
#4447=CARTESIAN_POINT('Ctrl Pts',(-128.561909259482,38.462104980607,197.720772378562));
#4448=CARTESIAN_POINT('Ctrl Pts',(-129.210023734155,39.7957607474726,195.671806154224));
#4449=CARTESIAN_POINT('Ctrl Pts',(-129.450095482629,41.145410969373,193.620829487791));
#4450=CARTESIAN_POINT('Ctrl Pts',(-129.637273780484,42.805564288471,191.127763824876));
#4451=CARTESIAN_POINT('Ctrl Pts',(-129.844245389449,44.8209358290135,188.132493379048));
#4452=CARTESIAN_POINT('Ctrl Pts',(-130.16357046772,47.381837895872,184.361023035686));
#4453=CARTESIAN_POINT('Ctrl Pts',(-130.435086648567,49.7769780314538,180.854127631575));
#4454=CARTESIAN_POINT('Ctrl Pts',(-130.493176978379,51.0258379397732,179.034769158557));
#4455=CARTESIAN_POINT('Ctrl Pts',(-130.527504938575,53.2563876650443,175.798012924998));
#4456=CARTESIAN_POINT('Ctrl Pts',(-130.05022862692,56.6269047077197,170.932511484717));
#4457=CARTESIAN_POINT('Ctrl Pts',(-127.709933534023,59.0741742441367,167.429483967217));
#4458=CARTESIAN_POINT('Ctrl Pts',(-124.635327112443,60.9813297491229,164.716744014071));
#4459=CARTESIAN_POINT('Ctrl Pts',(-120.875082228381,62.3740217858036,162.757233329518));
#4460=CARTESIAN_POINT('Ctrl Pts',(-117.007197076407,63.2873948783384,161.502380067139));
#4461=CARTESIAN_POINT('Ctrl Pts',(-113.688089800596,64.2544643849935,160.173064053229));
#4462=CARTESIAN_POINT('Ctrl Pts',(-110.884140772589,65.273620507213,158.771193023647));
#4463=CARTESIAN_POINT('Ctrl Pts',(-109.30325858983,66.6710107121471,156.826983129259));
#4464=CARTESIAN_POINT('Ctrl Pts',(-108.262262853558,68.1477957158738,154.762502331904));
#4465=CARTESIAN_POINT('Ctrl Pts',(-107.708545510557,69.6862167997558,152.603348805293));
#4466=CARTESIAN_POINT('Ctrl Pts',(-107.641258624213,71.0876302546199,150.619067085341));
#4467=CARTESIAN_POINT('Ctrl Pts',(-107.668781115629,71.7199101779177,149.717387405717));
#4468=CARTESIAN_POINT('Ctrl Pts',(-105.500000111758,33.2818552031383,214.782549593456));
#4469=CARTESIAN_POINT('Ctrl Pts',(-106.786117833246,33.2408424635492,214.761586456267));
#4470=CARTESIAN_POINT('Ctrl Pts',(-109.859195732996,33.5241042717906,214.134280175952));
#4471=CARTESIAN_POINT('Ctrl Pts',(-114.755199739748,35.0328025035088,211.613390502477));
#4472=CARTESIAN_POINT('Ctrl Pts',(-119.423046087112,36.946899272137,208.518718124925));
#4473=CARTESIAN_POINT('Ctrl Pts',(-123.432173552818,38.8997355954731,205.383299715886));
#4474=CARTESIAN_POINT('Ctrl Pts',(-126.444863019577,40.7597006669875,202.349890757917));
#4475=CARTESIAN_POINT('Ctrl Pts',(-128.017694255043,42.2194702536461,199.922179711212));
#4476=CARTESIAN_POINT('Ctrl Pts',(-128.760536271613,43.5035182564926,197.786836113107));
#4477=CARTESIAN_POINT('Ctrl Pts',(-129.095996439733,44.8011538529992,195.676223104539));
#4478=CARTESIAN_POINT('Ctrl Pts',(-129.386960606834,46.3844807466001,193.161930745394));
#4479=CARTESIAN_POINT('Ctrl Pts',(-129.693469179164,48.2945374702144,190.193259825608));
#4480=CARTESIAN_POINT('Ctrl Pts',(-130.096315221604,50.7169894288749,186.501047927339));
#4481=CARTESIAN_POINT('Ctrl Pts',(-130.419677994975,52.9975205730803,183.070597325925));
#4482=CARTESIAN_POINT('Ctrl Pts',(-130.493063541942,54.2112369307489,181.267084039229));
#4483=CARTESIAN_POINT('Ctrl Pts',(-130.527387765323,56.4237040719784,178.010311298834));
#4484=CARTESIAN_POINT('Ctrl Pts',(-130.023931793934,59.8157939165178,173.069721301886));
#4485=CARTESIAN_POINT('Ctrl Pts',(-127.653120358342,62.3994901900567,169.373782925195));
#4486=CARTESIAN_POINT('Ctrl Pts',(-124.50566766432,64.4556623947727,166.472092940255));
#4487=CARTESIAN_POINT('Ctrl Pts',(-120.623743586579,66.0036164177856,164.33653276702));
#4488=CARTESIAN_POINT('Ctrl Pts',(-116.567887954405,67.0831908803706,162.908919169672));
#4489=CARTESIAN_POINT('Ctrl Pts',(-113.047120899465,68.2200155790321,161.399526115946));
#4490=CARTESIAN_POINT('Ctrl Pts',(-110.029562167987,69.411555194959,159.811493854628));
#4491=CARTESIAN_POINT('Ctrl Pts',(-108.18798675659,70.9803990143236,157.674125800024));
#4492=CARTESIAN_POINT('Ctrl Pts',(-106.895526269856,72.6346919309715,155.398560245347));
#4493=CARTESIAN_POINT('Ctrl Pts',(-106.102809255604,74.356439395653,153.01109460639));
#4494=CARTESIAN_POINT('Ctrl Pts',(-105.943014102434,75.9494434445946,150.760013786632));
#4495=CARTESIAN_POINT('Ctrl Pts',(-105.984608061424,76.6763965691114,149.717387405717));
#4496=CARTESIAN_POINT('Ctrl Pts',(-105.500000111758,38.6653821189888,215.033725375099));
#4497=CARTESIAN_POINT('Ctrl Pts',(-106.737867196161,38.6090333051643,215.010649017825));
#4498=CARTESIAN_POINT('Ctrl Pts',(-109.59031113044,38.6899032474221,214.588673960448));
#4499=CARTESIAN_POINT('Ctrl Pts',(-114.099523384576,39.7347316077746,212.589206479412));
#4500=CARTESIAN_POINT('Ctrl Pts',(-118.54784859216,41.2816130472897,209.894904495777));
#4501=CARTESIAN_POINT('Ctrl Pts',(-122.476847486065,42.9672491311781,207.03119281887));
#4502=CARTESIAN_POINT('Ctrl Pts',(-125.566858532638,44.6738018438368,204.103871218458));
#4503=CARTESIAN_POINT('Ctrl Pts',(-127.258222370685,46.0714181327652,201.6629816429));
#4504=CARTESIAN_POINT('Ctrl Pts',(-128.139130271432,47.3252576189568,199.48234543969));
#4505=CARTESIAN_POINT('Ctrl Pts',(-128.612615647014,48.5825068442298,197.355665400731));
#4506=CARTESIAN_POINT('Ctrl Pts',(-129.052503319069,50.0883533879662,194.881703923528));
#4507=CARTESIAN_POINT('Ctrl Pts',(-129.500525882732,51.877064606156,192.021202259309));
#4508=CARTESIAN_POINT('Ctrl Pts',(-130.019087648225,54.125891653561,188.51453757665));
#4509=CARTESIAN_POINT('Ctrl Pts',(-130.409457126225,56.2545411120817,185.252546976448));
#4510=CARTESIAN_POINT('Ctrl Pts',(-130.497482193798,57.4163621765924,183.500137934875));
#4511=CARTESIAN_POINT('Ctrl Pts',(-130.51205464725,59.5865514570984,180.26355485061));
#4512=CARTESIAN_POINT('Ctrl Pts',(-129.939070005388,62.9600526679747,175.291850990933));
#4513=CARTESIAN_POINT('Ctrl Pts',(-127.486647267771,65.6482895352302,171.402411907979));
#4514=CARTESIAN_POINT('Ctrl Pts',(-124.195886555595,67.8131599872123,168.313221395305));
#4515=CARTESIAN_POINT('Ctrl Pts',(-120.098704490979,69.4643852057259,166.010253788361));
#4516=CARTESIAN_POINT('Ctrl Pts',(-115.732018765518,70.6519671704648,164.418366571277));
#4517=CARTESIAN_POINT('Ctrl Pts',(-111.880951988423,71.9035674283279,162.732755076374));
#4518=CARTESIAN_POINT('Ctrl Pts',(-108.516833573897,73.2161354802329,160.957407557773));
#4519=CARTESIAN_POINT('Ctrl Pts',(-106.260124930244,74.910856832132,158.62356289842));
#4520=CARTESIAN_POINT('Ctrl Pts',(-104.566654794443,76.710957853376,156.12379749613));
#4521=CARTESIAN_POINT('Ctrl Pts',(-103.391902582674,78.5976431251422,153.485450717331));
#4522=CARTESIAN_POINT('Ctrl Pts',(-103.059968509358,80.3943570395231,150.925930821014));
#4523=CARTESIAN_POINT('Ctrl Pts',(-103.10249503304,81.2303921574478,149.717387405716));
#4524=CARTESIAN_POINT('Ctrl Pts',(-105.500000111758,42.2014748606517,214.341274609239));
#4525=CARTESIAN_POINT('Ctrl Pts',(-106.699059694405,42.1354089155502,214.321859659252));
#4526=CARTESIAN_POINT('Ctrl Pts',(-109.378672257624,42.0697877483806,214.081025894113));
#4527=CARTESIAN_POINT('Ctrl Pts',(-113.585900420881,42.7778848510632,212.536533816165));
#4528=CARTESIAN_POINT('Ctrl Pts',(-117.863940655034,44.0676153435084,210.209349740543));
#4529=CARTESIAN_POINT('Ctrl Pts',(-121.731632786964,45.5754407883985,207.615430642834));
#4530=CARTESIAN_POINT('Ctrl Pts',(-124.883881693957,47.1980065604286,204.838165647213));
#4531=CARTESIAN_POINT('Ctrl Pts',(-126.669383842729,48.580138197419,202.450325849823));
#4532=CARTESIAN_POINT('Ctrl Pts',(-127.659595510997,49.8397559560337,200.291353250975));
#4533=CARTESIAN_POINT('Ctrl Pts',(-128.24173196677,51.0903077176772,198.202410816536));
#4534=CARTESIAN_POINT('Ctrl Pts',(-128.79857589467,52.5598106128437,195.810580618121));
#4535=CARTESIAN_POINT('Ctrl Pts',(-129.357177602531,54.2759578166633,193.084093816662));
#4536=CARTESIAN_POINT('Ctrl Pts',(-129.965130191251,56.4085209832372,189.771370720255));
#4537=CARTESIAN_POINT('Ctrl Pts',(-130.405598226695,58.4294761322423,186.678030760137));
#4538=CARTESIAN_POINT('Ctrl Pts',(-130.502363941036,59.5511437427545,184.980619685367));
#4539=CARTESIAN_POINT('Ctrl Pts',(-130.494901889024,61.6808812811516,181.779396183384));
#4540=CARTESIAN_POINT('Ctrl Pts',(-129.850778782182,65.010724589303,176.8120285201));
#4541=CARTESIAN_POINT('Ctrl Pts',(-127.308610224382,67.7246644995063,172.796268113322));
#4542=CARTESIAN_POINT('Ctrl Pts',(-123.875990662478,69.9087683806785,169.584466557279));
#4543=CARTESIAN_POINT('Ctrl Pts',(-119.577870157559,71.5664214184653,167.172383196791));
#4544=CARTESIAN_POINT('Ctrl Pts',(-114.932324317213,72.7572434716082,165.472218108975));
#4545=CARTESIAN_POINT('Ctrl Pts',(-110.78789339069,74.0198798153742,163.667726324369));
#4546=CARTESIAN_POINT('Ctrl Pts',(-107.117824855988,75.3503092012872,161.764467311883));
#4547=CARTESIAN_POINT('Ctrl Pts',(-104.503036561287,77.0739989234489,159.295590816935));
#4548=CARTESIAN_POINT('Ctrl Pts',(-102.464922458399,78.9275266674968,156.639557475374));
#4549=CARTESIAN_POINT('Ctrl Pts',(-100.96244978946,80.8910602110527,153.824501577842));
#4550=CARTESIAN_POINT('Ctrl Pts',(-100.473625068858,82.8169638242515,151.04435750849));
#4551=CARTESIAN_POINT('Ctrl Pts',(-100.507053099246,83.729816312946,149.717387405716));
#4552=CARTESIAN_POINT('Ctrl Pts',(-105.500000111758,44.1342891686872,213.719718603446));
#4553=CARTESIAN_POINT('Ctrl Pts',(-106.676220700471,44.062712902936,213.703803169355));
#4554=CARTESIAN_POINT('Ctrl Pts',(-109.254268801392,43.9140395113475,213.575663885729));
#4555=CARTESIAN_POINT('Ctrl Pts',(-113.284848626002,44.4334651254845,212.312265407514));
#4556=CARTESIAN_POINT('Ctrl Pts',(-117.463351844976,45.5827737936732,210.217198161541));
#4557=CARTESIAN_POINT('Ctrl Pts',(-121.295477753258,46.9974835089753,207.799278666368));
#4558=CARTESIAN_POINT('Ctrl Pts',(-124.484503731935,48.5837966032366,205.131111082645));
#4559=CARTESIAN_POINT('Ctrl Pts',(-126.325464477883,49.9689807765436,202.794294081476));
#4560=CARTESIAN_POINT('Ctrl Pts',(-127.379873902029,51.2427545517318,200.666087160558));
#4561=CARTESIAN_POINT('Ctrl Pts',(-128.025821727627,52.4986918899475,198.614988968002));
#4562=CARTESIAN_POINT('Ctrl Pts',(-128.65123864661,53.9560208614845,196.287069602113));
#4563=CARTESIAN_POINT('Ctrl Pts',(-129.274619021332,55.638212109331,193.654335820824));
#4564=CARTESIAN_POINT('Ctrl Pts',(-129.934749689568,57.710319366681,190.470050925029));
#4565=CARTESIAN_POINT('Ctrl Pts',(-130.404121485775,59.6727467136046,187.486417356382));
#4566=CARTESIAN_POINT('Ctrl Pts',(-130.50558030466,60.7714579423904,185.825223318748));
#4567=CARTESIAN_POINT('Ctrl Pts',(-130.483816414284,62.8753160014339,182.64953692487));
#4568=CARTESIAN_POINT('Ctrl Pts',(-129.794239745111,66.1708644757455,177.690257790702));
#4569=CARTESIAN_POINT('Ctrl Pts',(-127.192282507912,68.882167752671,173.603934760698));
#4570=CARTESIAN_POINT('Ctrl Pts',(-123.668362333438,71.0570532862297,170.322529713556));
#4571=CARTESIAN_POINT('Ctrl Pts',(-119.243031075346,72.6949759267387,167.848022082565));
#4572=CARTESIAN_POINT('Ctrl Pts',(-114.423783045555,73.8625173865271,166.084553461992));
#4573=CARTESIAN_POINT('Ctrl Pts',(-110.097133029417,75.1072035247742,164.21049673904));
#4574=CARTESIAN_POINT('Ctrl Pts',(-106.237708708125,76.424654964267,162.232040062866));
#4575=CARTESIAN_POINT('Ctrl Pts',(-103.403211996151,78.14447287726,159.684173370379));
#4576=CARTESIAN_POINT('Ctrl Pts',(-101.154055782541,80.0116312776559,156.937078669236));
#4577=CARTESIAN_POINT('Ctrl Pts',(-99.4512992593917,82.0055416203829,154.019338291729));
#4578=CARTESIAN_POINT('Ctrl Pts',(-98.8638101907055,83.9998896046878,151.112250683262));
#4579=CARTESIAN_POINT('Ctrl Pts',(-98.8892874835297,84.9565752258093,149.717387405716));
#4580=CARTESIAN_POINT('Ctrl Pts',(-105.500000111758,44.6284582503944,213.55131392953));
#4581=CARTESIAN_POINT('Ctrl Pts',(-106.670334230233,44.5554779116778,213.536335266484));
#4582=CARTESIAN_POINT('Ctrl Pts',(-109.221753112712,44.3856237664913,213.437695183615));
#4583=CARTESIAN_POINT('Ctrl Pts',(-113.205578869116,44.8572180673575,212.24782779687));
#4584=CARTESIAN_POINT('Ctrl Pts',(-117.35696638338,45.9713353137528,210.213842458671));
#4585=CARTESIAN_POINT('Ctrl Pts',(-121.17839796063,47.3631756350966,207.842569532105));
#4586=CARTESIAN_POINT('Ctrl Pts',(-124.375111535561,48.9415201281762,205.203997978419));
#4587=CARTESIAN_POINT('Ctrl Pts',(-126.228689912608,50.3288110457327,202.881690808423));
#4588=CARTESIAN_POINT('Ctrl Pts',(-127.298126784155,51.6074159607062,200.762644677389));
#4589=CARTESIAN_POINT('Ctrl Pts',(-127.959215713774,52.8657698836276,198.722368943646));
#4590=CARTESIAN_POINT('Ctrl Pts',(-128.601003660194,54.3209639851589,196.412008976079));
#4591=CARTESIAN_POINT('Ctrl Pts',(-129.239842264815,55.9953433331304,193.804495765178));
#4592=CARTESIAN_POINT('Ctrl Pts',(-129.912256286877,58.0527155047329,190.654345666374));
#4593=CARTESIAN_POINT('Ctrl Pts',(-130.388287591617,60.0005870205456,187.699728828934));
#4594=CARTESIAN_POINT('Ctrl Pts',(-130.490754324309,61.0934929075608,186.04809795982));
#4595=CARTESIAN_POINT('Ctrl Pts',(-130.465226775799,63.1905717946896,182.879206781108));
#4596=CARTESIAN_POINT('Ctrl Pts',(-129.764300643407,66.4766979101779,177.922021889421));
#4597=CARTESIAN_POINT('Ctrl Pts',(-127.147936700242,69.1860015913326,173.817150928809));
#4598=CARTESIAN_POINT('Ctrl Pts',(-123.601733458119,71.3569710850854,170.517270319637));
#4599=CARTESIAN_POINT('Ctrl Pts',(-119.145032034943,72.9879925371275,168.026060689832));
#4600=CARTESIAN_POINT('Ctrl Pts',(-114.282579965971,74.147586669735,166.245511860544));
#4601=CARTESIAN_POINT('Ctrl Pts',(-109.910441122833,75.3857487023968,164.352803717873));
#4602=CARTESIAN_POINT('Ctrl Pts',(-106.003644132473,76.698047288705,162.35422812334));
#4603=CARTESIAN_POINT('Ctrl Pts',(-103.113677289605,78.4152650426333,159.78538677788));
#4604=CARTESIAN_POINT('Ctrl Pts',(-100.811043929202,80.2846068369103,157.01430297475));
#4605=CARTESIAN_POINT('Ctrl Pts',(-99.0573709730333,82.2852760128739,154.069670256449));
#4606=CARTESIAN_POINT('Ctrl Pts',(-98.4445514833712,84.2968103198454,151.129742763242));
#4607=CARTESIAN_POINT('Ctrl Pts',(-98.4678947097831,85.2647818865846,149.717387405716));
#4608=CARTESIAN_POINT('Ctrl Pts',(-105.500000111758,45.6006848044786,213.181796443715));
#4609=CARTESIAN_POINT('Ctrl Pts',(-106.658483764566,45.5248885867554,213.16892579117));
#4610=CARTESIAN_POINT('Ctrl Pts',(-109.154768616425,45.313494160204,213.130869651761));
#4611=CARTESIAN_POINT('Ctrl Pts',(-113.039582163254,45.6921236601846,212.092043064992));
#4612=CARTESIAN_POINT('Ctrl Pts',(-117.130218019129,46.739318148739,210.184737874268));
#4613=CARTESIAN_POINT('Ctrl Pts',(-120.923314792936,48.0892777527085,207.911447504012));
#4614=CARTESIAN_POINT('Ctrl Pts',(-124.127260445355,49.6564073667154,205.337425165783));
#4615=CARTESIAN_POINT('Ctrl Pts',(-125.998412284186,51.0524283261777,203.049093135507));
#4616=CARTESIAN_POINT('Ctrl Pts',(-127.091020225458,52.3447736470169,200.952808780304));
#4617=CARTESIAN_POINT('Ctrl Pts',(-127.776415259153,53.6114790871725,198.938071282487));
#4618=CARTESIAN_POINT('Ctrl Pts',(-128.445015006191,55.0658477210497,196.666765558089));
#4619=CARTESIAN_POINT('Ctrl Pts',(-129.109115347257,56.7278166793326,194.113536425481));
#4620=CARTESIAN_POINT('Ctrl Pts',(-129.800789749234,58.7586093892099,191.035405323455));
#4621=CARTESIAN_POINT('Ctrl Pts',(-130.286572351331,60.6791735391641,188.141511593783));
#4622=CARTESIAN_POINT('Ctrl Pts',(-130.390111421785,61.7608083821229,186.509893160808));
#4623=CARTESIAN_POINT('Ctrl Pts',(-130.356846303178,63.8439587053232,183.355343952859));
#4624=CARTESIAN_POINT('Ctrl Pts',(-129.634881764568,67.1090541412562,178.402639124238));
#4625=CARTESIAN_POINT('Ctrl Pts',(-126.994477114739,69.8096766467523,174.259565913344));
#4626=CARTESIAN_POINT('Ctrl Pts',(-123.409483016621,71.9672602977408,170.921171706585));
#4627=CARTESIAN_POINT('Ctrl Pts',(-118.896774872253,73.5780749542775,168.394564628501));
#4628=CARTESIAN_POINT('Ctrl Pts',(-113.955236500546,74.7148101860401,166.577478653065));
#4629=CARTESIAN_POINT('Ctrl Pts',(-109.49912262074,75.9332098926223,164.645122266766));
#4630=CARTESIAN_POINT('Ctrl Pts',(-105.504271752745,77.2287366895088,162.603999028751));
#4631=CARTESIAN_POINT('Ctrl Pts',(-102.508940666869,78.9350941168108,159.991187991298));
#4632=CARTESIAN_POINT('Ctrl Pts',(-100.103792226589,80.8040808648745,157.170454554828));
#4633=CARTESIAN_POINT('Ctrl Pts',(-98.2516488495533,82.8144396420331,154.170698141389));
#4634=CARTESIAN_POINT('Ctrl Pts',(-97.5889178432678,84.8587734406413,151.16465011339));
#4635=CARTESIAN_POINT('Ctrl Pts',(-97.6075574636591,85.8492367331912,149.717387405716));
#4636=CARTESIAN_POINT('Ctrl Pts',(-105.500000111757,46.7828604588783,212.660610379414));
#4637=CARTESIAN_POINT('Ctrl Pts',(-106.643498469051,46.703463677719,212.650901592865));
#4638=CARTESIAN_POINT('Ctrl Pts',(-109.067320926858,46.4415574239523,212.690993675506));
#4639=CARTESIAN_POINT('Ctrl Pts',(-112.817335465635,46.7083271726759,211.847131058113));
#4640=CARTESIAN_POINT('Ctrl Pts',(-116.818763596947,47.6773658003516,210.10519461585));
#4641=CARTESIAN_POINT('Ctrl Pts',(-120.562053086191,48.9809561555879,207.961838846658));
#4642=CARTESIAN_POINT('Ctrl Pts',(-123.758006018013,50.5412969011494,205.47713166784));
#4643=CARTESIAN_POINT('Ctrl Pts',(-125.635022310493,51.9550675479655,203.23935780988));
#4644=CARTESIAN_POINT('Ctrl Pts',(-126.742142458065,53.2707754092428,201.178750653634));
#4645=CARTESIAN_POINT('Ctrl Pts',(-127.445311790232,54.5532366557664,199.202293704498));
#4646=CARTESIAN_POINT('Ctrl Pts',(-128.134931006488,56.0118165707261,196.986166564349));
#4647=CARTESIAN_POINT('Ctrl Pts',(-128.818680404848,57.663179283678,194.506973022653));
#4648=CARTESIAN_POINT('Ctrl Pts',(-129.523271762614,59.6651930016673,191.524844727592));
#4649=CARTESIAN_POINT('Ctrl Pts',(-130.013784419177,61.5544092789623,188.71113164118));
#4650=CARTESIAN_POINT('Ctrl Pts',(-130.116679252157,62.6224332684884,187.106017538456));
#4651=CARTESIAN_POINT('Ctrl Pts',(-130.07347167965,64.6875785561151,183.97066850013));
#4652=CARTESIAN_POINT('Ctrl Pts',(-129.328831118263,67.9227622381742,179.024502263036));
#4653=CARTESIAN_POINT('Ctrl Pts',(-126.668719774538,70.605018500128,174.832509364492));
#4654=CARTESIAN_POINT('Ctrl Pts',(-123.047665970999,72.7369000492206,171.444254874308));
#4655=CARTESIAN_POINT('Ctrl Pts',(-118.479614623972,74.312284216173,168.870846449138));
#4656=CARTESIAN_POINT('Ctrl Pts',(-113.455150035427,75.4093098231285,167.005072367912));
#4657=CARTESIAN_POINT('Ctrl Pts',(-108.909418375965,76.5923396511459,165.020059716122));
#4658=CARTESIAN_POINT('Ctrl Pts',(-104.819129219775,77.8565565230664,162.922792771232));
#4659=CARTESIAN_POINT('Ctrl Pts',(-101.704558727527,79.5403425430901,160.252340320194));
#4660=CARTESIAN_POINT('Ctrl Pts',(-99.1812986670384,81.401327155993,157.367404878542));
#4661=CARTESIAN_POINT('Ctrl Pts',(-97.2137339805828,83.4176086495875,154.297118877348));
#4662=CARTESIAN_POINT('Ctrl Pts',(-96.4906966960027,85.5003488961321,151.207988151694));
#4663=CARTESIAN_POINT('Ctrl Pts',(-96.5025587346411,86.5186782917643,149.717387405715));
#4664=CARTESIAN_POINT('Ctrl Pts',(-105.500000111757,48.1398624615608,211.947621513097));
#4665=CARTESIAN_POINT('Ctrl Pts',(-106.625541032273,48.056095369901,211.942413865478));
#4666=CARTESIAN_POINT('Ctrl Pts',(-108.95664287578,47.7348587865714,212.078684771361));
#4667=CARTESIAN_POINT('Ctrl Pts',(-112.526589417954,47.871497957638,211.4737001763));
#4668=CARTESIAN_POINT('Ctrl Pts',(-116.397929346376,48.7513164709558,209.936338051184));
#4669=CARTESIAN_POINT('Ctrl Pts',(-120.056086920964,50.0039458546252,207.955671395155));
#4670=CARTESIAN_POINT('Ctrl Pts',(-123.21176525569,51.5613086400053,205.586570415687));
#4671=CARTESIAN_POINT('Ctrl Pts',(-125.066713484318,53.0010461744929,203.417643384484));
#4672=CARTESIAN_POINT('Ctrl Pts',(-126.164914146461,54.3488926457346,201.407313105187));
#4673=CARTESIAN_POINT('Ctrl Pts',(-126.866478135147,55.6538364997207,199.483243248135));
#4674=CARTESIAN_POINT('Ctrl Pts',(-127.558499481736,57.1210587186816,197.339669898181));
#4675=CARTESIAN_POINT('Ctrl Pts',(-128.244095000788,58.7631616662014,194.95528566869));
#4676=CARTESIAN_POINT('Ctrl Pts',(-128.943924585612,60.7338667064306,192.093990884197));
#4677=CARTESIAN_POINT('Ctrl Pts',(-129.426605327246,62.5874505763002,189.380587370755));
#4678=CARTESIAN_POINT('Ctrl Pts',(-129.525258670161,63.639387940883,187.808844833675));
#4679=CARTESIAN_POINT('Ctrl Pts',(-129.469682397546,65.6819989949683,184.698566699574));
#4680=CARTESIAN_POINT('Ctrl Pts',(-128.70504104138,68.8776619459875,179.762770662339));
#4681=CARTESIAN_POINT('Ctrl Pts',(-126.0404419234,71.5305532447304,175.514003790074));
#4682=CARTESIAN_POINT('Ctrl Pts',(-122.399507487328,73.623189907463,172.067323775705));
#4683=CARTESIAN_POINT('Ctrl Pts',(-117.792466831448,75.1465595519795,169.438730649555));
#4684=CARTESIAN_POINT('Ctrl Pts',(-112.698749635125,76.1858306944635,167.514880620359));
#4685=CARTESIAN_POINT('Ctrl Pts',(-108.074604707232,77.3166549579427,165.466961180898));
#4686=CARTESIAN_POINT('Ctrl Pts',(-103.897854547401,78.5339275637105,163.302468161987));
#4687=CARTESIAN_POINT('Ctrl Pts',(-100.66439072263,80.1823598929016,160.563031484075));
#4688=CARTESIAN_POINT('Ctrl Pts',(-98.0191876342761,82.0267036697019,157.601407837273));
#4689=CARTESIAN_POINT('Ctrl Pts',(-95.9287260016821,84.0442242942941,154.447004050933));
#4690=CARTESIAN_POINT('Ctrl Pts',(-95.1377460139219,86.170082597191,151.259286008829));
#4691=CARTESIAN_POINT('Ctrl Pts',(-95.1401680744218,87.2213156432656,149.717387405715));
#4692=CARTESIAN_POINT('Ctrl Pts',(-105.500000111757,49.4277081571103,211.15547590272));
#4693=CARTESIAN_POINT('Ctrl Pts',(-106.607721148089,49.3394591051259,211.155541813759));
#4694=CARTESIAN_POINT('Ctrl Pts',(-108.841098226925,48.959207568284,211.388575063486));
#4695=CARTESIAN_POINT('Ctrl Pts',(-112.213905537607,48.9663960999666,211.022203297206));
#4696=CARTESIAN_POINT('Ctrl Pts',(-115.932859105566,49.7568085887866,209.689899471576));
#4697=CARTESIAN_POINT('Ctrl Pts',(-119.48077405694,50.9575695238191,207.873117468336));
#4698=CARTESIAN_POINT('Ctrl Pts',(-122.565257191287,52.5099595791546,205.622081498651));
#4699=CARTESIAN_POINT('Ctrl Pts',(-124.368650678219,53.9732960218925,203.524910922753));
#4700=CARTESIAN_POINT('Ctrl Pts',(-125.431183874692,55.3509875011428,201.567650689537));
#4701=CARTESIAN_POINT('Ctrl Pts',(-126.107770061754,56.6764653620861,199.698297042423));
#4702=CARTESIAN_POINT('Ctrl Pts',(-126.778918213939,58.1505708994257,197.629323531986));
#4703=CARTESIAN_POINT('Ctrl Pts',(-127.444192022678,59.7819467327046,195.341403559967));
#4704=CARTESIAN_POINT('Ctrl Pts',(-128.11866066877,61.7201777223655,192.602261428234));
#4705=CARTESIAN_POINT('Ctrl Pts',(-128.579838129674,63.537333712192,189.990222215522));
#4706=CARTESIAN_POINT('Ctrl Pts',(-128.670753045847,64.5727727511579,188.452622705249));
#4707=CARTESIAN_POINT('Ctrl Pts',(-128.602560541474,66.5920888078112,185.369230384893));
#4708=CARTESIAN_POINT('Ctrl Pts',(-127.82546352007,69.7468559517373,180.447696718778));
#4709=CARTESIAN_POINT('Ctrl Pts',(-125.176015457637,72.3684565024054,176.148043816316));
#4710=CARTESIAN_POINT('Ctrl Pts',(-121.539216787699,74.4199784974438,172.64908639066));
#4711=CARTESIAN_POINT('Ctrl Pts',(-116.921542016804,75.8896107108572,169.971567911132));
#4712=CARTESIAN_POINT('Ctrl Pts',(-111.79001091925,76.8695558734661,167.995815180166));
#4713=CARTESIAN_POINT('Ctrl Pts',(-107.117844161418,77.9466809462103,165.890876155148));
#4714=CARTESIAN_POINT('Ctrl Pts',(-102.883951644825,79.1155640067826,163.664806699079));
#4715=CARTESIAN_POINT('Ctrl Pts',(-99.5572816589782,80.7273192917747,160.86134484471));
#4716=CARTESIAN_POINT('Ctrl Pts',(-96.8113332450323,82.5536616581608,157.82749871031));
#4717=CARTESIAN_POINT('Ctrl Pts',(-94.6148606683459,84.5710233041471,154.592977526504));
#4718=CARTESIAN_POINT('Ctrl Pts',(-93.7609876900101,86.7385237153842,151.30951922351));
#4719=CARTESIAN_POINT('Ctrl Pts',(-93.7526024336837,87.8219010212326,149.717387405715));
#4720=CARTESIAN_POINT('Ctrl Pts',(-105.500000111757,50.6399997166618,210.29345130698));
#4721=CARTESIAN_POINT('Ctrl Pts',(-106.590195236017,50.5471280008291,210.299581780643));
#4722=CARTESIAN_POINT('Ctrl Pts',(-108.722218670382,50.1072213322351,210.628231946227));
#4723=CARTESIAN_POINT('Ctrl Pts',(-111.884169435645,49.9823978076355,210.495101521262));
#4724=CARTESIAN_POINT('Ctrl Pts',(-115.431721212993,50.6786457010603,209.362847984491));
#4725=CARTESIAN_POINT('Ctrl Pts',(-118.84733945913,51.821267685,207.705699614831));
#4726=CARTESIAN_POINT('Ctrl Pts',(-121.832792923612,53.3597803718921,205.569391994656));
#4727=CARTESIAN_POINT('Ctrl Pts',(-123.557919319165,54.8375616255423,203.541770952848));
#4728=CARTESIAN_POINT('Ctrl Pts',(-124.560437274876,56.2366117608595,201.635867558106));
#4729=CARTESIAN_POINT('Ctrl Pts',(-125.190707223281,57.5753449924751,199.819557587991));
#4730=CARTESIAN_POINT('Ctrl Pts',(-125.819690270473,59.0494101550605,197.823069125245));
#4731=CARTESIAN_POINT('Ctrl Pts',(-126.444369361448,60.6638378383794,195.629072591026));
#4732=CARTESIAN_POINT('Ctrl Pts',(-127.074707568891,62.5642047488712,193.009201933519));
#4733=CARTESIAN_POINT('Ctrl Pts',(-127.501973124361,64.341461016794,190.496626340718));
#4734=CARTESIAN_POINT('Ctrl Pts',(-127.581998366567,65.3593726320404,188.993145341034));
#4735=CARTESIAN_POINT('Ctrl Pts',(-127.501086746418,67.3547665165736,185.938287107353));
#4736=CARTESIAN_POINT('Ctrl Pts',(-126.718529864124,70.4694873514421,181.036148576502));
#4737=CARTESIAN_POINT('Ctrl Pts',(-124.101934093076,73.0630860897098,176.695298399937));
#4738=CARTESIAN_POINT('Ctrl Pts',(-120.491065848058,75.0779946792752,173.154671356121));
#4739=CARTESIAN_POINT('Ctrl Pts',(-115.888645653168,76.4996788681473,170.439549491225));
#4740=CARTESIAN_POINT('Ctrl Pts',(-110.748244965902,77.4270346399181,168.423553994059));
#4741=CARTESIAN_POINT('Ctrl Pts',(-106.056123387905,78.456978677739,166.272822811));
#4742=CARTESIAN_POINT('Ctrl Pts',(-101.792249191087,79.5837491262783,163.9960114322));
#4743=CARTESIAN_POINT('Ctrl Pts',(-98.3965296608658,81.1642308997583,161.138035810579));
#4744=CARTESIAN_POINT('Ctrl Pts',(-95.5699375084286,82.9767215832229,158.040341154358));
#4745=CARTESIAN_POINT('Ctrl Pts',(-93.2836420291291,84.9968767111485,154.732999348812));
#4746=CARTESIAN_POINT('Ctrl Pts',(-92.3717072142129,87.205956695588,151.35835958904));
#4747=CARTESIAN_POINT('Ctrl Pts',(-92.3511313513106,88.3205151348427,149.717387405714));
#4748=CARTESIAN_POINT('Ctrl Pts',(-105.500000111757,51.7716231801441,209.371572188765));
#4749=CARTESIAN_POINT('Ctrl Pts',(-106.573202843984,51.6740218664891,209.384487239289));
#4750=CARTESIAN_POINT('Ctrl Pts',(-108.602130599804,51.1730440100672,209.80616369252));
#4751=CARTESIAN_POINT('Ctrl Pts',(-111.544823403579,50.9112360475076,209.896310968546));
#4752=CARTESIAN_POINT('Ctrl Pts',(-114.907545844432,51.50492963459,208.954348058767));
#4753=CARTESIAN_POINT('Ctrl Pts',(-118.17445400582,52.5788608507566,207.447856896157));
#4754=CARTESIAN_POINT('Ctrl Pts',(-121.039169742439,54.0889406315665,205.418051611588));
#4755=CARTESIAN_POINT('Ctrl Pts',(-122.66499109346,55.5664345059713,203.453487824319));
#4756=CARTESIAN_POINT('Ctrl Pts',(-123.588103152011,56.9732148705747,201.593525341719));
#4757=CARTESIAN_POINT('Ctrl Pts',(-124.155023528209,58.3135395132278,199.825238967957));
#4758=CARTESIAN_POINT('Ctrl Pts',(-124.724756776487,59.7763951276505,197.89563540819));
#4759=CARTESIAN_POINT('Ctrl Pts',(-125.292599265798,61.3637882952615,195.789448820501));
#4760=CARTESIAN_POINT('Ctrl Pts',(-125.863851252546,63.2174995167269,193.282353775736));
#4761=CARTESIAN_POINT('Ctrl Pts',(-126.247356334693,64.9492412107255,190.864790932189));
#4762=CARTESIAN_POINT('Ctrl Pts',(-126.314046288946,65.9481391168656,189.394668218811));
#4763=CARTESIAN_POINT('Ctrl Pts',(-126.220371388478,67.919053887164,186.369917703884));
#4764=CARTESIAN_POINT('Ctrl Pts',(-125.438030689269,70.9965206086844,181.493174991823));
#4765=CARTESIAN_POINT('Ctrl Pts',(-122.867795038278,73.5696828211583,177.123977787086));
#4766=CARTESIAN_POINT('Ctrl Pts',(-119.299838538744,75.5578317239079,173.555806758939));
#4767=CARTESIAN_POINT('Ctrl Pts',(-114.732925858812,76.943542748229,170.818570230156));
#4768=CARTESIAN_POINT('Ctrl Pts',(-109.606738322512,77.832018240903,168.778315654246));
#4769=CARTESIAN_POINT('Ctrl Pts',(-104.917079455553,78.8279447207525,166.597347366837));
#4770=CARTESIAN_POINT('Ctrl Pts',(-100.645113402567,79.9253629850788,164.28472063795));
#4771=CARTESIAN_POINT('Ctrl Pts',(-97.2001625967941,81.4855479987237,161.385448461861));
#4772=CARTESIAN_POINT('Ctrl Pts',(-94.3096179443905,83.2929136721629,158.235447655822));
#4773=CARTESIAN_POINT('Ctrl Pts',(-91.9472041598937,85.3224424715885,154.865238941001));
#4774=CARTESIAN_POINT('Ctrl Pts',(-90.9809816575091,87.574107993527,151.40553331808));
#4775=CARTESIAN_POINT('Ctrl Pts',(-90.9468996335618,88.7187186689473,149.717387405714));
#4776=CARTESIAN_POINT('Ctrl Pts',(-105.500000111756,52.6442007956894,208.562224774251));
#4777=CARTESIAN_POINT('Ctrl Pts',(-106.559445122109,52.5424146497939,208.581594712596));
#4778=CARTESIAN_POINT('Ctrl Pts',(-108.503222841914,51.9892705142568,209.077375981267));
#4779=CARTESIAN_POINT('Ctrl Pts',(-111.261623452632,51.6081244238422,209.342387489328));
#4780=CARTESIAN_POINT('Ctrl Pts',(-114.465301832973,52.1077500411956,208.547728329285));
#4781=CARTESIAN_POINT('Ctrl Pts',(-117.600723192426,53.1134418489552,207.156501362974));
#4782=CARTESIAN_POINT('Ctrl Pts',(-120.353655011452,54.5847091273272,205.205740370517));
#4783=CARTESIAN_POINT('Ctrl Pts',(-121.88556036987,56.046612792166,203.285971928912));
#4784=CARTESIAN_POINT('Ctrl Pts',(-122.732117998846,57.4457230353624,201.457644057146));
#4785=CARTESIAN_POINT('Ctrl Pts',(-123.23693054577,58.7752388466883,199.723359348531));
#4786=CARTESIAN_POINT('Ctrl Pts',(-123.747926717693,60.2171913957638,197.842793545847));
#4787=CARTESIAN_POINT('Ctrl Pts',(-124.25947236117,61.7716106510877,195.802596179039));
#4788=CARTESIAN_POINT('Ctrl Pts',(-124.773372323681,63.5773927416482,193.381864471578));
#4789=CARTESIAN_POINT('Ctrl Pts',(-125.115161241438,65.2655112686435,191.038130055134));
#4790=CARTESIAN_POINT('Ctrl Pts',(-125.169383483415,66.2470554525891,189.594797363658));
#4791=CARTESIAN_POINT('Ctrl Pts',(-125.065334573828,68.1973497746322,186.596118000738));
#4792=CARTESIAN_POINT('Ctrl Pts',(-124.286037943971,71.2470487133967,181.746181551104));
#4793=CARTESIAN_POINT('Ctrl Pts',(-121.761048912515,73.8119626171676,177.365576941387));
#4794=CARTESIAN_POINT('Ctrl Pts',(-118.237216326392,75.7888371408389,173.788286937272));
#4795=CARTESIAN_POINT('Ctrl Pts',(-113.710427862519,77.158187213154,171.047397413526));
#4796=CARTESIAN_POINT('Ctrl Pts',(-108.608289224226,78.0294731236807,169.002606484915));
#4797=CARTESIAN_POINT('Ctrl Pts',(-103.932792057501,79.0118252498683,166.811485662622));
#4798=CARTESIAN_POINT('Ctrl Pts',(-99.6658543698768,80.0989142648865,164.483727490207));
#4799=CARTESIAN_POINT('Ctrl Pts',(-96.1912398848918,81.6545303328023,161.562846627462));
#4800=CARTESIAN_POINT('Ctrl Pts',(-93.2571355893567,83.4674354480297,158.38054390475));
#4801=CARTESIAN_POINT('Ctrl Pts',(-90.8393311416924,85.5121667909945,154.967795329614));
#4802=CARTESIAN_POINT('Ctrl Pts',(-89.8300515665978,87.8008048245878,151.443069574394));
#4803=CARTESIAN_POINT('Ctrl Pts',(-89.7834310852582,88.969269800735,149.717387405714));
#4804=CARTESIAN_POINT('Ctrl Pts',(-105.500000111756,53.1760495212204,208.020549742032));
#4805=CARTESIAN_POINT('Ctrl Pts',(-106.550879514134,53.0715012221729,208.044387248506));
#4806=CARTESIAN_POINT('Ctrl Pts',(-108.44060950907,52.4838254378879,208.586466427323));
#4807=CARTESIAN_POINT('Ctrl Pts',(-111.081472039597,52.0228515442918,208.958638368714));
#4808=CARTESIAN_POINT('Ctrl Pts',(-114.182549547039,52.4571169553881,208.253422563793));
#4809=CARTESIAN_POINT('Ctrl Pts',(-117.232226337615,53.4129922035407,206.931319367093));
#4810=CARTESIAN_POINT('Ctrl Pts',(-119.910831528351,54.8512899009136,205.026618399406));
#4811=CARTESIAN_POINT('Ctrl Pts',(-121.379799871138,56.2951475478821,203.131744779507));
#4812=CARTESIAN_POINT('Ctrl Pts',(-122.174613894263,57.6819213373415,201.320458137701));
#4813=CARTESIAN_POINT('Ctrl Pts',(-122.637237264236,58.9981517945247,199.605000746654));
#4814=CARTESIAN_POINT('Ctrl Pts',(-123.108135509104,60.4205647961714,197.752666148051));
#4815=CARTESIAN_POINT('Ctrl Pts',(-123.581282219501,61.9482426265073,195.751375909327));
#4816=CARTESIAN_POINT('Ctrl Pts',(-124.056340741824,63.7183338500778,193.382506268507));
#4817=CARTESIAN_POINT('Ctrl Pts',(-124.370037040281,65.3752711462428,191.083735056704));
#4818=CARTESIAN_POINT('Ctrl Pts',(-124.415953775894,66.3448456219499,189.657138436693));
#4819=CARTESIAN_POINT('Ctrl Pts',(-124.305227246018,68.2815938631418,186.675945618889));
#4820=CARTESIAN_POINT('Ctrl Pts',(-123.528483355971,71.3151565581599,181.846037777081));
#4821=CARTESIAN_POINT('Ctrl Pts',(-121.033410882924,73.8792959492896,177.464294860869));
#4822=CARTESIAN_POINT('Ctrl Pts',(-117.539289534445,75.8547771934861,173.887918062129));
#4823=CARTESIAN_POINT('Ctrl Pts',(-113.040008356453,77.2206216377315,171.152198548984));
#4824=CARTESIAN_POINT('Ctrl Pts',(-107.955625997674,78.088882838281,169.112195188721));
#4825=CARTESIAN_POINT('Ctrl Pts',(-103.29147493116,79.0702090275151,166.922071253786));
#4826=CARTESIAN_POINT('Ctrl Pts',(-99.030083210194,80.158156088939,164.591753367423));
#4827=CARTESIAN_POINT('Ctrl Pts',(-95.5387191319481,81.7173101710965,161.663321175658));
#4828=CARTESIAN_POINT('Ctrl Pts',(-92.5786456138368,83.5390085953169,158.465733327559));
#4829=CARTESIAN_POINT('Ctrl Pts',(-90.1270104908949,85.5975597992767,155.030302299182));
#4830=CARTESIAN_POINT('Ctrl Pts',(-89.089945687853,87.9108815039468,151.466546060984));
#4831=CARTESIAN_POINT('Ctrl Pts',(-89.0346609786084,89.0942427368662,149.717387405714));
#4832=CARTESIAN_POINT('Ctrl Pts',(-105.500000111756,53.4146738758453,207.76797775177));
#4833=CARTESIAN_POINT('Ctrl Pts',(-106.546998535127,53.3088368318628,207.793936910947));
#4834=CARTESIAN_POINT('Ctrl Pts',(-108.41214124416,52.7051369967239,208.356996896394));
#4835=CARTESIAN_POINT('Ctrl Pts',(-110.99946335316,52.2069617517981,208.777330978148));
#4836=CARTESIAN_POINT('Ctrl Pts',(-114.053648431547,52.6103263724183,208.112149573272));
#4837=CARTESIAN_POINT('Ctrl Pts',(-117.064010803588,53.5422222860341,206.82082344271));
#4838=CARTESIAN_POINT('Ctrl Pts',(-119.708346226108,54.9638722893105,204.936368825377));
#4839=CARTESIAN_POINT('Ctrl Pts',(-121.148231417577,56.3979227718468,203.052199358009));
#4840=CARTESIAN_POINT('Ctrl Pts',(-121.91907880276,57.7776281617221,201.248124377635));
#4841=CARTESIAN_POINT('Ctrl Pts',(-122.362132462487,59.0865568005288,199.540747565221));
#4842=CARTESIAN_POINT('Ctrl Pts',(-122.81440601778,60.4988465173891,197.700753229027));
#4843=CARTESIAN_POINT('Ctrl Pts',(-123.269720454122,62.0132042892762,195.716656388283));
#4844=CARTESIAN_POINT('Ctrl Pts',(-123.726775821696,63.7659985037312,193.370891847729));
#4845=CARTESIAN_POINT('Ctrl Pts',(-124.027470104805,65.4080385215443,191.092276861149));
#4846=CARTESIAN_POINT('Ctrl Pts',(-124.069550884929,66.3719649547208,189.673271379615));
#4847=CARTESIAN_POINT('Ctrl Pts',(-123.955767058167,68.3024436747401,186.700239760102));
#4848=CARTESIAN_POINT('Ctrl Pts',(-123.18021619161,71.3289170613299,181.880063627212));
#4849=CARTESIAN_POINT('Ctrl Pts',(-120.698804058897,73.8935534234685,177.498969102602));
#4850=CARTESIAN_POINT('Ctrl Pts',(-117.218292882829,75.8694937271112,173.924296732705));
#4851=CARTESIAN_POINT('Ctrl Pts',(-112.731646543346,77.2350589275216,171.19235557676));
#4852=CARTESIAN_POINT('Ctrl Pts',(-107.655499363678,78.1034485441633,169.155995503155));
#4853=CARTESIAN_POINT('Ctrl Pts',(-102.996649339377,79.085764728682,166.967733416962));
#4854=CARTESIAN_POINT('Ctrl Pts',(-98.7379162302377,80.1755228801463,164.637586232062));
#4855=CARTESIAN_POINT('Ctrl Pts',(-95.2390336204223,81.7375309066682,161.70686999822));
#4856=CARTESIAN_POINT('Ctrl Pts',(-92.267202228478,83.5642560032288,158.503293727066));
#4857=CARTESIAN_POINT('Ctrl Pts',(-89.8001923157805,85.6299126224262,155.058332365723));
#4858=CARTESIAN_POINT('Ctrl Pts',(-88.7502861821991,87.9547345131047,151.477187151263));
#4859=CARTESIAN_POINT('Ctrl Pts',(-88.6908968095028,89.1448430226777,149.717387405714));
#4860=CARTESIAN_POINT('Ctrl Pts',(-105.500000111756,53.5326145445669,207.6411997476));
#4861=CARTESIAN_POINT('Ctrl Pts',(-106.545073395903,53.4261307204357,207.668231095867));
#4862=CARTESIAN_POINT('Ctrl Pts',(-108.397998325071,52.8144023707423,208.241703607714));
#4863=CARTESIAN_POINT('Ctrl Pts',(-110.958705849793,52.2975587216459,208.685856302235));
#4864=CARTESIAN_POINT('Ctrl Pts',(-113.989551984297,52.6853290327441,208.040441057269));
#4865=CARTESIAN_POINT('Ctrl Pts',(-116.980324888839,53.6050407494007,206.764276915598));
#4866=CARTESIAN_POINT('Ctrl Pts',(-119.607549785038,55.0180829420817,204.889743182565));
#4867=CARTESIAN_POINT('Ctrl Pts',(-121.032902680429,56.4469359298833,203.010769298409));
#4868=CARTESIAN_POINT('Ctrl Pts',(-121.791763892523,57.8228333426222,201.210170617988));
#4869=CARTESIAN_POINT('Ctrl Pts',(-122.225025660859,59.1278783706548,199.506712855675));
#4870=CARTESIAN_POINT('Ctrl Pts',(-122.667975430438,60.534886869614,197.672751103656));
#4871=CARTESIAN_POINT('Ctrl Pts',(-123.114363507332,62.0423908082101,195.697097957572));
#4872=CARTESIAN_POINT('Ctrl Pts',(-123.562413031821,63.7863736699721,193.362718944375));
#4873=CARTESIAN_POINT('Ctrl Pts',(-123.856606340327,65.4208653500989,191.094062132298));
#4874=CARTESIAN_POINT('Ctrl Pts',(-123.896770740661,66.3819437019451,189.678824999983));
#4875=CARTESIAN_POINT('Ctrl Pts',(-123.781462896081,68.3092839918089,186.709892380951));
#4876=CARTESIAN_POINT('Ctrl Pts',(-123.006507746211,71.3322847492934,181.894678103061));
#4877=CARTESIAN_POINT('Ctrl Pts',(-120.53188372385,73.89733904639,177.51414193679));
#4878=CARTESIAN_POINT('Ctrl Pts',(-117.058143017775,75.8737284919216,173.940576240597));
#4879=CARTESIAN_POINT('Ctrl Pts',(-112.577784756884,77.2394200808194,171.210801333075));
#4880=CARTESIAN_POINT('Ctrl Pts',(-107.505745502327,78.1081778246375,169.176546753446));
#4881=CARTESIAN_POINT('Ctrl Pts',(-102.849541488398,79.091280222613,166.989493997842));
#4882=CARTESIAN_POINT('Ctrl Pts',(-98.592141516119,80.1822260286417,164.659699979805));
#4883=CARTESIAN_POINT('Ctrl Pts',(-95.0895281813379,81.7459039270335,161.728080480683));
#4884=CARTESIAN_POINT('Ctrl Pts',(-92.1118523853851,83.5753349386827,158.521722012431));
#4885=CARTESIAN_POINT('Ctrl Pts',(-89.6371949550766,85.6446888326741,155.072182176157));
#4886=CARTESIAN_POINT('Ctrl Pts',(-88.580860680248,87.9752810606092,151.482468585665));
#4887=CARTESIAN_POINT('Ctrl Pts',(-88.5193983597498,89.1687374867264,149.717387405714));
#4888=CARTESIAN_POINT('Ctrl Pts',(-105.500000111756,53.6297543991532,207.535159202224));
#4889=CARTESIAN_POINT('Ctrl Pts',(-106.543478249913,53.522726580432,207.563097758625));
#4890=CARTESIAN_POINT('Ctrl Pts',(-108.386293471039,52.9042991611829,208.145177142841));
#4891=CARTESIAN_POINT('Ctrl Pts',(-110.924960585809,52.3718452339073,208.608961538959));
#4892=CARTESIAN_POINT('Ctrl Pts',(-113.936461098819,52.7465068922504,207.979806909677));
#4893=CARTESIAN_POINT('Ctrl Pts',(-116.910976689227,53.6559067124213,206.716091591238));
#4894=CARTESIAN_POINT('Ctrl Pts',(-119.523977117074,55.0615441901557,204.849658816774));
#4895=CARTESIAN_POINT('Ctrl Pts',(-120.937239292022,56.4858245725718,202.974887974624));
#4896=CARTESIAN_POINT('Ctrl Pts',(-121.686122793093,57.8583254089483,201.177079304063));
#4897=CARTESIAN_POINT('Ctrl Pts',(-122.111227870206,59.1599430422776,199.476789244773));
#4898=CARTESIAN_POINT('Ctrl Pts',(-122.546408667132,60.5623714629982,197.647741320177));
#4899=CARTESIAN_POINT('Ctrl Pts',(-122.985358516152,62.0640057068726,195.678998851288));
#4900=CARTESIAN_POINT('Ctrl Pts',(-123.425908268171,63.8005136946548,193.353969499997));
#4901=CARTESIAN_POINT('Ctrl Pts',(-123.714690724025,65.4286351619767,191.093510726299));
#4902=CARTESIAN_POINT('Ctrl Pts',(-123.753259391644,66.3873196217535,189.681392870278));
#4903=CARTESIAN_POINT('Ctrl Pts',(-123.636689661375,68.3120446827455,186.715886835924));
#4904=CARTESIAN_POINT('Ctrl Pts',(-122.862222751542,71.3322076185171,181.904890550014));
#4905=CARTESIAN_POINT('Ctrl Pts',(-120.393213425337,73.8977504845729,177.525009004233));
#4906=CARTESIAN_POINT('Ctrl Pts',(-116.925071409874,75.8746908570196,173.952578281363));
#4907=CARTESIAN_POINT('Ctrl Pts',(-112.44991888007,77.240708643243,171.224830557327));
#4908=CARTESIAN_POINT('Ctrl Pts',(-107.381278892233,78.1100198775979,169.192565538132));
#4909=CARTESIAN_POINT('Ctrl Pts',(-102.727264243442,79.0940173572126,167.006745919486));
#4910=CARTESIAN_POINT('Ctrl Pts',(-98.4709625736765,80.1861815190615,164.677468454036));
#4911=CARTESIAN_POINT('Ctrl Pts',(-94.9652552754929,81.7514512300466,161.745289454241));
#4912=CARTESIAN_POINT('Ctrl Pts',(-91.9827299825109,83.5832945357012,158.536786300793));
#4913=CARTESIAN_POINT('Ctrl Pts',(-89.5017229708841,85.655845895904,155.083586590373));
#4914=CARTESIAN_POINT('Ctrl Pts',(-88.4400288087309,87.9912646348317,151.486834094672));
#4915=CARTESIAN_POINT('Ctrl Pts',(-88.3768178986063,89.1874874390671,149.717387405714));
#4916=CARTESIAN_POINT('Ctrl Pts',(-105.500000111756,53.7067787278796,207.450102551701));
#4917=CARTESIAN_POINT('Ctrl Pts',(-106.542212417745,53.599316197098,207.478770103946));
#4918=CARTESIAN_POINT('Ctrl Pts',(-108.376980062706,52.9755208529047,208.067698057726));
#4919=CARTESIAN_POINT('Ctrl Pts',(-110.898107655425,52.4305504086047,208.547053046099));
#4920=CARTESIAN_POINT('Ctrl Pts',(-113.894199266437,52.7946567163637,207.930781600797));
#4921=CARTESIAN_POINT('Ctrl Pts',(-116.855759234083,53.695714442429,206.676911003996));
#4922=CARTESIAN_POINT('Ctrl Pts',(-119.457409487477,55.0952898809013,204.816859217591));
#4923=CARTESIAN_POINT('Ctrl Pts',(-120.861020440974,56.5157687327481,202.945373857409));
#4924=CARTESIAN_POINT('Ctrl Pts',(-121.601933639443,57.8854173772787,201.149735311106));
#4925=CARTESIAN_POINT('Ctrl Pts',(-122.020522630504,59.1841794174073,199.451919901026));
#4926=CARTESIAN_POINT('Ctrl Pts',(-122.449494309502,60.5828363752584,197.626735721794));
#4927=CARTESIAN_POINT('Ctrl Pts',(-122.882500258033,62.0796809286023,195.663445672159));
#4928=CARTESIAN_POINT('Ctrl Pts',(-123.317059027734,63.8101306350348,193.345812473648));
#4929=CARTESIAN_POINT('Ctrl Pts',(-123.601519720083,65.4331080123627,191.091852254893));
#4930=CARTESIAN_POINT('Ctrl Pts',(-123.63881541999,66.3898666638424,189.68221500101));
#4931=CARTESIAN_POINT('Ctrl Pts',(-123.521236404833,68.3124962228133,186.719461642983));
#4932=CARTESIAN_POINT('Ctrl Pts',(-122.747157738515,71.3304262150419,181.911883904708));
#4933=CARTESIAN_POINT('Ctrl Pts',(-120.282605374547,73.896441117617,177.532643171208));
#4934=CARTESIAN_POINT('Ctrl Pts',(-116.818912273395,75.8739310509767,173.961242790316));
#4935=CARTESIAN_POINT('Ctrl Pts',(-112.347891026468,77.2403379920683,171.23525497548));
#4936=CARTESIAN_POINT('Ctrl Pts',(-107.281948766802,78.1102421758406,169.204718055435));
#4937=CARTESIAN_POINT('Ctrl Pts',(-102.629665247132,79.0950974581401,167.020021995155));
#4938=CARTESIAN_POINT('Ctrl Pts',(-98.374229480965,80.1883758136168,164.691286470184));
#4939=CARTESIAN_POINT('Ctrl Pts',(-94.8660465853357,81.7550370284877,161.758777700348));
#4940=CARTESIAN_POINT('Ctrl Pts',(-91.8796476240934,83.5889041790638,158.548662764337));
#4941=CARTESIAN_POINT('Ctrl Pts',(-89.3935743316601,85.664084605401,155.092625944045));
#4942=CARTESIAN_POINT('Ctrl Pts',(-88.3275820410822,88.0033718844152,151.490307814145));
#4943=CARTESIAN_POINT('Ctrl Pts',(-88.2629642294665,89.2017955849082,149.717387405714));
#4944=CARTESIAN_POINT('Ctrl Pts',(-105.500000111756,54.3575960835616,206.725877722002));
#4945=CARTESIAN_POINT('Ctrl Pts',(-106.531449724979,54.2463943613142,206.760826850219));
#4946=CARTESIAN_POINT('Ctrl Pts',(-108.298117001581,53.5769845339281,207.407684161898));
#4947=CARTESIAN_POINT('Ctrl Pts',(-110.67065915944,52.9254600575119,208.018674929366));
#4948=CARTESIAN_POINT('Ctrl Pts',(-113.53619999644,53.1995097466487,207.511181455697));
#4949=CARTESIAN_POINT('Ctrl Pts',(-116.387907244925,54.0291465682614,206.340385971474));
#4950=CARTESIAN_POINT('Ctrl Pts',(-118.893260973433,55.3764471965563,204.534026434233));
#4951=CARTESIAN_POINT('Ctrl Pts',(-120.214950611334,56.7638202892364,202.690069741346));
#4952=CARTESIAN_POINT('Ctrl Pts',(-120.888219266509,58.1085069825783,200.912520741143));
#4953=CARTESIAN_POINT('Ctrl Pts',(-121.251469280362,59.3823694608182,199.235430454817));
#4954=CARTESIAN_POINT('Ctrl Pts',(-121.627715521943,60.7483914760177,197.44271423165));
#4955=CARTESIAN_POINT('Ctrl Pts',(-122.01023777329,62.2040111026337,195.525359517976));
#4956=CARTESIAN_POINT('Ctrl Pts',(-122.393928669639,63.8825432487807,193.270134734348));
#4957=CARTESIAN_POINT('Ctrl Pts',(-122.641709705311,65.4615478965074,191.07106942828));
#4958=CARTESIAN_POINT('Ctrl Pts',(-122.668181785217,66.4018620461915,189.682462117758));
#4959=CARTESIAN_POINT('Ctrl Pts',(-122.542089255879,68.3067082683762,186.743102653972));
#4960=CARTESIAN_POINT('Ctrl Pts',(-121.771230678992,71.3058126245519,181.964895977278));
#4961=CARTESIAN_POINT('Ctrl Pts',(-119.344400475384,73.8763113751373,177.591696212442));
#4962=CARTESIAN_POINT('Ctrl Pts',(-115.918297262674,75.8590186002528,174.029787690078));
#4963=CARTESIAN_POINT('Ctrl Pts',(-111.482246749594,77.2294801080315,171.31943913748));
#4964=CARTESIAN_POINT('Ctrl Pts',(-106.439074810499,78.1052069301745,169.304382978919));
#4965=CARTESIAN_POINT('Ctrl Pts',(-101.801408021453,79.0981470820799,167.12994985013));
#4966=CARTESIAN_POINT('Ctrl Pts',(-97.5532061560048,80.2016180362271,164.806574213555));
#4967=CARTESIAN_POINT('Ctrl Pts',(-94.0240020546073,81.7807709261018,161.871872516693));
#4968=CARTESIAN_POINT('Ctrl Pts',(-91.0047164678759,83.6323502725114,158.648625915749));
#4969=CARTESIAN_POINT('Ctrl Pts',(-88.4756012213229,85.7302394164877,155.169003886735));
#4970=CARTESIAN_POINT('Ctrl Pts',(-87.3731045110732,88.1024823158068,151.519687137724));
#4971=CARTESIAN_POINT('Ctrl Pts',(-87.296420480106,89.319515655338,149.717387405714));
#4972=CARTESIAN_POINT('Ctrl Pts',(-105.500000111757,55.4782315763523,205.30317049446));
#4973=CARTESIAN_POINT('Ctrl Pts',(-106.511841579201,55.3592831146692,205.35167852007));
#4974=CARTESIAN_POINT('Ctrl Pts',(-108.157139979414,54.6019233970326,206.10138929649));
#4975=CARTESIAN_POINT('Ctrl Pts',(-110.263381365798,53.741251622591,206.940032926286));
#4976=CARTESIAN_POINT('Ctrl Pts',(-112.893806902228,53.8311606990825,206.617151106641));
#4977=CARTESIAN_POINT('Ctrl Pts',(-115.546130526306,54.5072891245173,205.584701543157));
#4978=CARTESIAN_POINT('Ctrl Pts',(-117.87498385543,55.7296913996337,203.862741081588));
#4979=CARTESIAN_POINT('Ctrl Pts',(-119.045785571324,57.0276637370539,202.057605732703));
#4980=CARTESIAN_POINT('Ctrl Pts',(-119.594173001976,58.3004859542442,200.302961398688));
#4981=CARTESIAN_POINT('Ctrl Pts',(-119.85477157628,59.5060772859147,198.654785550264));
#4982=CARTESIAN_POINT('Ctrl Pts',(-120.133099876963,60.7903857917068,196.911722223435));
#4983=CARTESIAN_POINT('Ctrl Pts',(-120.421792872505,62.1501614980933,195.068381834397));
#4984=CARTESIAN_POINT('Ctrl Pts',(-120.711268188453,63.715284095796,192.917233695378));
#4985=CARTESIAN_POINT('Ctrl Pts',(-120.891314165131,65.2017091650473,190.812000884984));
#4986=CARTESIAN_POINT('Ctrl Pts',(-120.897625619047,66.1083965643185,189.461269809213));
#4987=CARTESIAN_POINT('Ctrl Pts',(-120.756248500728,67.979356353266,186.567655397395));
#4988=CARTESIAN_POINT('Ctrl Pts',(-119.989604033912,70.9485701191443,181.854543886807));
#4989=CARTESIAN_POINT('Ctrl Pts',(-117.627691051142,73.5429179639461,177.513241558773));
#4990=CARTESIAN_POINT('Ctrl Pts',(-114.26548863954,75.5547570921419,173.992437748311));
#4991=CARTESIAN_POINT('Ctrl Pts',(-109.888909641212,76.9570454974109,171.335749586961));
#4992=CARTESIAN_POINT('Ctrl Pts',(-104.882608920713,77.8707096085313,169.375556713337));
#4993=CARTESIAN_POINT('Ctrl Pts',(-100.267348523523,78.905225225818,167.244902749154));
#4994=CARTESIAN_POINT('Ctrl Pts',(-96.0278480555235,80.0530125314217,164.955702722173));
#4995=CARTESIAN_POINT('Ctrl Pts',(-92.4569722541752,81.6778499810379,162.03753871449));
#4996=CARTESIAN_POINT('Ctrl Pts',(-89.3745281435981,83.5803912627524,158.807907444013));
#4997=CARTESIAN_POINT('Ctrl Pts',(-86.7635977754712,85.7343017889759,155.300024430001));
#4998=CARTESIAN_POINT('Ctrl Pts',(-85.5903277213885,88.1714722746885,151.571867719056));
#4999=CARTESIAN_POINT('Ctrl Pts',(-85.4882368338363,89.4214551686151,149.717387405715));
#5000=CARTESIAN_POINT('Ctrl Pts',(-105.500000111758,56.7856929698289,203.18091771003));
#5001=CARTESIAN_POINT('Ctrl Pts',(-106.488107638357,56.6542676839717,203.252740456804));
#5002=CARTESIAN_POINT('Ctrl Pts',(-107.994263731502,55.7750817126505,204.133262344649));
#5003=CARTESIAN_POINT('Ctrl Pts',(-109.8020738528,54.6239826224385,205.241305354335));
#5004=CARTESIAN_POINT('Ctrl Pts',(-112.172551153545,54.4435071539957,205.134333459819));
#5005=CARTESIAN_POINT('Ctrl Pts',(-114.607738264289,54.8809969758317,204.261536183405));
#5006=CARTESIAN_POINT('Ctrl Pts',(-116.748511433167,55.8866745145758,202.634923672801));
#5007=CARTESIAN_POINT('Ctrl Pts',(-117.760155686423,57.0131430179501,200.871818107063));
#5008=CARTESIAN_POINT('Ctrl Pts',(-118.177816617098,58.1413497010154,199.141032117701));
#5009=CARTESIAN_POINT('Ctrl Pts',(-118.331728163359,59.2144603106094,197.523990133988));
#5010=CARTESIAN_POINT('Ctrl Pts',(-118.508617427241,60.3508223543792,195.836514342224));
#5011=CARTESIAN_POINT('Ctrl Pts',(-118.70000817791,61.5484611655729,194.077727131365));
#5012=CARTESIAN_POINT('Ctrl Pts',(-118.890743488391,62.9333501249205,192.048147556526));
#5013=CARTESIAN_POINT('Ctrl Pts',(-118.99876758221,64.2778784051484,190.056134831505));
#5014=CARTESIAN_POINT('Ctrl Pts',(-118.982886745441,65.1341838423459,188.755206542112));
#5015=CARTESIAN_POINT('Ctrl Pts',(-118.821692282569,66.9555717865288,185.932069509291));
#5016=CARTESIAN_POINT('Ctrl Pts',(-118.044519629794,69.8902715795013,181.32940324943));
#5017=CARTESIAN_POINT('Ctrl Pts',(-115.720905728015,72.5364949519001,177.073977295645));
#5018=CARTESIAN_POINT('Ctrl Pts',(-112.388492603924,74.6157127556603,173.652584520795));
#5019=CARTESIAN_POINT('Ctrl Pts',(-108.028758507961,76.0970156694055,171.11344111279));
#5020=CARTESIAN_POINT('Ctrl Pts',(-103.006464927384,77.1050615659171,169.270752035357));
#5021=CARTESIAN_POINT('Ctrl Pts',(-98.3584493902672,78.2374557979029,167.241186392214));
#5022=CARTESIAN_POINT('Ctrl Pts',(-94.0709399392544,79.4858970007018,165.037962305919));
#5023=CARTESIAN_POINT('Ctrl Pts',(-90.39546085415,81.2082405662246,162.176588749651));
#5024=CARTESIAN_POINT('Ctrl Pts',(-87.1883499124509,83.2078140125233,158.969178601087));
#5025=CARTESIAN_POINT('Ctrl Pts',(-84.4359366185449,85.4583214899766,155.450579582518));
#5026=CARTESIAN_POINT('Ctrl Pts',(-83.1450966345085,87.9851507384362,151.635679860927));
#5027=CARTESIAN_POINT('Ctrl Pts',(-82.9998600802353,89.2751906527807,149.717387405716));
#5028=CARTESIAN_POINT('Ctrl Pts',(-105.500000111758,57.7696542401696,201.121565410447));
#5029=CARTESIAN_POINT('Ctrl Pts',(-106.470378908975,57.6241272998017,201.220649843073));
#5030=CARTESIAN_POINT('Ctrl Pts',(-107.886170430985,56.6454566435484,202.212524959141));
#5031=CARTESIAN_POINT('Ctrl Pts',(-109.5079083061,55.2638888461577,203.533091422231));
#5032=CARTESIAN_POINT('Ctrl Pts',(-111.721108877592,54.8611560449348,203.603030493748));
#5033=CARTESIAN_POINT('Ctrl Pts',(-114.028668341944,55.095198429306,202.869150314566));
#5034=CARTESIAN_POINT('Ctrl Pts',(-116.064237567084,55.904212976031,201.342525871036));
#5035=CARTESIAN_POINT('Ctrl Pts',(-116.98884170667,56.8670445160057,199.641276026322));
#5036=CARTESIAN_POINT('Ctrl Pts',(-117.336603522108,57.8544284153433,197.956578087332));
#5037=CARTESIAN_POINT('Ctrl Pts',(-117.434239537466,58.8004120538183,196.386676286439));
#5038=CARTESIAN_POINT('Ctrl Pts',(-117.558205936989,59.7994028140037,194.76275222413));
#5039=CARTESIAN_POINT('Ctrl Pts',(-117.698594989473,60.8515216559665,193.086432478197));
#5040=CARTESIAN_POINT('Ctrl Pts',(-117.836229367,62.0797109222179,191.165007487123));
#5041=CARTESIAN_POINT('Ctrl Pts',(-117.904215330024,63.3022408004087,189.271771231253));
#5042=CARTESIAN_POINT('Ctrl Pts',(-117.87475328105,64.1138921148986,188.016952832218));
#5043=CARTESIAN_POINT('Ctrl Pts',(-117.698142645235,65.8876114632525,185.26535470568));
#5044=CARTESIAN_POINT('Ctrl Pts',(-116.891699778801,68.7844465881273,180.775077400659));
#5045=CARTESIAN_POINT('Ctrl Pts',(-114.541059324018,71.4632163334533,176.61577142384));
#5046=CARTESIAN_POINT('Ctrl Pts',(-111.164686248476,73.5906283373624,173.297944833243));
#5047=CARTESIAN_POINT('Ctrl Pts',(-106.741948512579,75.1335947892306,170.872073652737));
#5048=CARTESIAN_POINT('Ctrl Pts',(-101.624551254887,76.2198484733814,169.136976581206));
#5049=CARTESIAN_POINT('Ctrl Pts',(-96.8706563989018,77.4342356367187,167.199804744177));
#5050=CARTESIAN_POINT('Ctrl Pts',(-92.46739293939,78.7674747943548,165.075417839619));
#5051=CARTESIAN_POINT('Ctrl Pts',(-88.6415909323562,80.5732261857426,162.26568631144));
#5052=CARTESIAN_POINT('Ctrl Pts',(-85.277511912413,82.6541387662381,159.082179075414));
#5053=CARTESIAN_POINT('Ctrl Pts',(-82.3632602510837,84.983984747109,155.561124745112));
#5054=CARTESIAN_POINT('Ctrl Pts',(-80.9431661748179,87.5803640331536,151.683302809519));
#5055=CARTESIAN_POINT('Ctrl Pts',(-80.7485604351711,88.9000085856949,149.717387405716));
#5056=CARTESIAN_POINT('Ctrl Pts',(-105.500000111759,58.2361711778963,199.840856849661));
#5057=CARTESIAN_POINT('Ctrl Pts',(-106.463481723022,58.080068852076,199.960754965493));
#5058=CARTESIAN_POINT('Ctrl Pts',(-107.852575169797,57.0576299731189,201.014725912953));
#5059=CARTESIAN_POINT('Ctrl Pts',(-109.423576619047,55.5854919282239,202.443056569626));
#5060=CARTESIAN_POINT('Ctrl Pts',(-111.593884226633,55.091745925055,202.614065398666));
#5061=CARTESIAN_POINT('Ctrl Pts',(-113.866333070689,55.238827444038,201.971593327613));
#5062=CARTESIAN_POINT('Ctrl Pts',(-115.872405099692,55.9574409462307,200.533583531963));
#5063=CARTESIAN_POINT('Ctrl Pts',(-116.772508947936,56.8409309583686,198.90652713852));
#5064=CARTESIAN_POINT('Ctrl Pts',(-117.100513885777,57.7586041148235,197.28578296179));
#5065=CARTESIAN_POINT('Ctrl Pts',(-117.18208942303,58.6425407905851,195.773490958576));
#5066=CARTESIAN_POINT('Ctrl Pts',(-117.290837731902,59.5766446102812,194.211659276532));
#5067=CARTESIAN_POINT('Ctrl Pts',(-117.416471681573,60.5623845647603,192.601357162259));
#5068=CARTESIAN_POINT('Ctrl Pts',(-117.538655249072,61.7210752598695,190.75310493715));
#5069=CARTESIAN_POINT('Ctrl Pts',(-117.594587896803,62.8889441559821,188.921813848634));
#5070=CARTESIAN_POINT('Ctrl Pts',(-117.560361572241,63.67825399829,187.696323932872));
#5071=CARTESIAN_POINT('Ctrl Pts',(-117.377092497655,65.4221121636342,184.992329429913));
#5072=CARTESIAN_POINT('Ctrl Pts',(-116.543397841258,68.2850718888571,180.570823822796));
#5073=CARTESIAN_POINT('Ctrl Pts',(-114.140281568923,70.9534238819416,176.466945877032));
#5074=CARTESIAN_POINT('Ctrl Pts',(-110.697185118587,73.0774457268307,173.201363610448));
#5075=CARTESIAN_POINT('Ctrl Pts',(-106.193439781116,74.6237292372709,170.824787732506));
#5076=CARTESIAN_POINT('Ctrl Pts',(-100.97680571794,75.7229178718414,169.128535365159));
#5077=CARTESIAN_POINT('Ctrl Pts',(-96.1202904956692,76.9537657249539,167.222101456165));
#5078=CARTESIAN_POINT('Ctrl Pts',(-91.6113763327929,78.3063512059948,165.121379437018));
#5079=CARTESIAN_POINT('Ctrl Pts',(-87.6711968582746,80.135006112852,162.321884249289));
#5080=CARTESIAN_POINT('Ctrl Pts',(-84.195456070604,82.2399162628526,159.138812559436));
#5081=CARTESIAN_POINT('Ctrl Pts',(-81.1725209142224,84.5947459210687,155.608955158416));
#5082=CARTESIAN_POINT('Ctrl Pts',(-79.6635507944587,87.2162079993635,151.70256339541));
#5083=CARTESIAN_POINT('Ctrl Pts',(-79.4318822768263,88.5475726366291,149.717387405717));
#5084=CARTESIAN_POINT('Ctrl Pts',(-105.500000111759,58.4301393872087,199.234524608464));
#5085=CARTESIAN_POINT('Ctrl Pts',(-106.461536058872,58.2684654724272,199.365445058071));
#5086=CARTESIAN_POINT('Ctrl Pts',(-107.84585667884,57.2310809039196,200.447347671252));
#5087=CARTESIAN_POINT('Ctrl Pts',(-109.409391514202,55.7334038789726,201.920974979455));
#5088=CARTESIAN_POINT('Ctrl Pts',(-111.572033615655,55.2124635935834,202.139283600507));
#5089=CARTESIAN_POINT('Ctrl Pts',(-113.836943137174,55.3321244630477,201.54391453882));
#5090=CARTESIAN_POINT('Ctrl Pts',(-115.834687545354,56.0196547182324,200.158703478551));
#5091=CARTESIAN_POINT('Ctrl Pts',(-116.727217141929,56.874311997435,198.580284917526));
#5092=CARTESIAN_POINT('Ctrl Pts',(-117.04853666326,57.76610678929,197.0029832636));
#5093=CARTESIAN_POINT('Ctrl Pts',(-117.124354476609,58.6273429591922,195.528641932216));
#5094=CARTESIAN_POINT('Ctrl Pts',(-117.227370588297,59.538457251062,194.00513639537));
#5095=CARTESIAN_POINT('Ctrl Pts',(-117.347478145758,60.501535676886,192.432506305361));
#5096=CARTESIAN_POINT('Ctrl Pts',(-117.464250803726,61.6371559619536,190.6224927972));
#5097=CARTESIAN_POINT('Ctrl Pts',(-117.516101292603,62.7864606799659,188.821896853035));
#5098=CARTESIAN_POINT('Ctrl Pts',(-117.48021093256,63.5670620884718,187.61077862064));
#5099=CARTESIAN_POINT('Ctrl Pts',(-117.294644566462,65.2965990696775,184.930411440876));
#5100=CARTESIAN_POINT('Ctrl Pts',(-116.446575402825,68.1396681756546,180.540374504472));
#5101=CARTESIAN_POINT('Ctrl Pts',(-114.010728530574,70.7919289996135,176.459578739282));
#5102=CARTESIAN_POINT('Ctrl Pts',(-110.527738703078,72.9021117971116,173.212633058658));
#5103=CARTESIAN_POINT('Ctrl Pts',(-105.977086479754,74.4368002197486,170.850284798578));
#5104=CARTESIAN_POINT('Ctrl Pts',(-100.705932117361,75.5286357064595,169.160747493876));
#5105=CARTESIAN_POINT('Ctrl Pts',(-95.7940759150049,76.7542027914039,167.257771081657));
#5106=CARTESIAN_POINT('Ctrl Pts',(-91.2292417916563,78.103391244947,165.157561572939));
#5107=CARTESIAN_POINT('Ctrl Pts',(-87.232237788682,79.9319695947435,162.353689653406));
#5108=CARTESIAN_POINT('Ctrl Pts',(-83.7024062725427,82.0384477078063,159.164235434238));
#5109=CARTESIAN_POINT('Ctrl Pts',(-80.6280585383478,84.3963742228267,155.626147384637));
#5110=CARTESIAN_POINT('Ctrl Pts',(-79.0751432147135,87.0237060698328,151.708675902539));
#5111=CARTESIAN_POINT('Ctrl Pts',(-78.8239483876688,88.358684205664,149.717387405717));
#5112=CARTESIAN_POINT('',(-100.529663218883,79.8719363507957,165.217387405717));
#5113=CARTESIAN_POINT('Ctrl Pts',(-100.529663218879,79.8719363507632,165.217387405717));
#5114=CARTESIAN_POINT('Ctrl Pts',(-100.882436807253,79.824765810558,165.217387405717));
#5115=CARTESIAN_POINT('Ctrl Pts',(-101.233991070335,79.7654147182387,165.217387405717));
#5116=CARTESIAN_POINT('Ctrl Pts',(-101.583514784998,79.6952087357591,165.217387405717));
#5117=CARTESIAN_POINT('',(-98.0000001117627,79.8719363508287,165.398663267376));
#5118=CARTESIAN_POINT('Ctrl Pts',(-98.0000001117627,79.8719363508287,165.398663267376));
#5119=CARTESIAN_POINT('Ctrl Pts',(-99.145310557955,79.8719363508287,165.54019836529));
#5120=CARTESIAN_POINT('Ctrl Pts',(-99.9261034564062,79.8719363508288,165.510176233987));
#5121=CARTESIAN_POINT('Ctrl Pts',(-100.529663218789,79.8719363508288,165.217387405523));
#5122=CARTESIAN_POINT('',(-96.8798473323503,79.8719363508287,165.217387405717));
#5123=CARTESIAN_POINT('Ctrl Pts',(-98.0000001117627,79.8719363508288,165.398663267376));
#5124=CARTESIAN_POINT('Ctrl Pts',(-97.6419735943466,79.8719363508288,165.354419090291));
#5125=CARTESIAN_POINT('Ctrl Pts',(-97.2662619842816,79.8719363508288,165.292473707274));
#5126=CARTESIAN_POINT('Ctrl Pts',(-96.8798473323503,79.8719363508288,165.217387405717));
#5127=CARTESIAN_POINT('',(-94.9214608272785,79.400213829119,165.217387405717));
#5128=CARTESIAN_POINT('Ctrl Pts',(-96.8798473323503,79.8719363508287,165.217387405717));
#5129=CARTESIAN_POINT('Ctrl Pts',(-96.8065261824943,79.8610309065696,165.217387405717));
#5130=CARTESIAN_POINT('Ctrl Pts',(-96.7332480860691,79.849402166067,165.217387405717));
#5131=CARTESIAN_POINT('Ctrl Pts',(-96.0208809512446,79.7291561642965,165.217387405717));
#5132=CARTESIAN_POINT('Ctrl Pts',(-95.4478627435154,79.5763185119855,165.217387405717));
#5133=CARTESIAN_POINT('Ctrl Pts',(-94.9214608272784,79.400213829119,165.217387405717));
#5134=CARTESIAN_POINT('',(-87.1123631683129,80.0765320095461,162.139251547343));
#5135=CARTESIAN_POINT('Ctrl Pts',(-94.9214608272784,79.400213829119,165.217387405717));
#5136=CARTESIAN_POINT('Ctrl Pts',(-92.230364361118,79.4814515138202,164.346170056295));
#5137=CARTESIAN_POINT('Ctrl Pts',(-89.5564423505063,79.7596342139279,163.218433361128));
#5138=CARTESIAN_POINT('Ctrl Pts',(-88.1057783806005,79.9265207161604,162.59817605309));
#5139=CARTESIAN_POINT('Ctrl Pts',(-87.6479619995653,79.9805072170268,162.400543293926));
#5140=CARTESIAN_POINT('Ctrl Pts',(-87.2716638177442,80.0370753606546,162.226649291368));
#5141=CARTESIAN_POINT('Ctrl Pts',(-87.1895712224926,80.0515816216424,162.186738319117));
#5142=CARTESIAN_POINT('Ctrl Pts',(-87.1297108866196,80.0690669854009,162.151555712266));
#5143=CARTESIAN_POINT('Ctrl Pts',(-87.1196413503134,80.0727961743866,162.144944056865));
#5144=CARTESIAN_POINT('Ctrl Pts',(-87.1123631683134,80.0765320095465,162.139251547342));
#5145=CARTESIAN_POINT('',(-79.0704044981872,87.4638256701883,151.052142176581));
#5146=CARTESIAN_POINT('Ctrl Pts',(-87.1123631683129,80.0765320095461,162.139251547342));
#5147=CARTESIAN_POINT('Ctrl Pts',(-86.5705447537383,80.3546432581249,161.715477247029));
#5148=CARTESIAN_POINT('Ctrl Pts',(-82.8765155817427,82.3859606324802,158.628890076504));
#5149=CARTESIAN_POINT('Ctrl Pts',(-79.9478147974504,85.0387091368109,154.669479815372));
#5150=CARTESIAN_POINT('Ctrl Pts',(-79.0704044981872,87.4638256701883,151.052142176581));
#5151=CARTESIAN_POINT('',(-99.130858861776,84.1183977170509,150.708261202917));
#5152=CARTESIAN_POINT('Ctrl Pts',(-99.1323840448589,84.1204754791148,150.707583310505));
#5153=CARTESIAN_POINT('Ctrl Pts',(-99.1322243884518,84.1205942345976,150.707588090593));
#5154=CARTESIAN_POINT('Ctrl Pts',(-99.1320647304886,84.1207129878119,150.707592870628));
#5155=CARTESIAN_POINT('Ctrl Pts',(-98.0408352740605,84.9323434538667,150.74026273374));
#5156=CARTESIAN_POINT('Ctrl Pts',(-95.6864193639571,86.3745009994627,150.797566876404));
#5157=CARTESIAN_POINT('Ctrl Pts',(-91.8486493410834,87.8372041228823,150.870629997716));
#5158=CARTESIAN_POINT('Ctrl Pts',(-86.2601185533295,88.8627966106868,150.962063332808));
#5159=CARTESIAN_POINT('Ctrl Pts',(-81.875561380206,88.3784583545528,151.023161067715));
#5160=CARTESIAN_POINT('Ctrl Pts',(-79.0704043059358,87.4638262573337,151.052142098135));
#5161=CARTESIAN_POINT('',(-108.00000011176,66.8719363508293,149.717387405718));
#5162=CARTESIAN_POINT('Ctrl Pts',(-108.00000011176,66.8719363508293,149.717387405718));
#5163=CARTESIAN_POINT('Ctrl Pts',(-108.000000111768,66.8873305756934,149.718836455256));
#5164=CARTESIAN_POINT('Ctrl Pts',(-107.999981709362,66.9027240519306,149.720283945686));
#5165=CARTESIAN_POINT('Ctrl Pts',(-107.998203718845,68.3446825320628,149.856751797237));
#5166=CARTESIAN_POINT('Ctrl Pts',(-107.669337173985,71.1843563213518,150.088789452689));
#5167=CARTESIAN_POINT('Ctrl Pts',(-105.594928001665,77.5904978062349,150.463275949375));
#5168=CARTESIAN_POINT('Ctrl Pts',(-102.204351287092,81.8354876134818,150.615609077539));
#5169=CARTESIAN_POINT('Ctrl Pts',(-99.1323840448589,84.1204754791148,150.707583310505));
#5170=CARTESIAN_POINT('',(-100.177584220986,47.7418945096844,151.449470682054));
#5171=CARTESIAN_POINT('Ctrl Pts',(-100.178286523312,47.7409916083817,151.449400988772));
#5172=CARTESIAN_POINT('Ctrl Pts',(-100.178341541463,47.7410391443745,151.449399790916));
#5173=CARTESIAN_POINT('Ctrl Pts',(-100.17839655931,47.7410866806562,151.449398593023));
#5174=CARTESIAN_POINT('Ctrl Pts',(-101.263963441758,48.6790443441921,151.42576191049));
#5175=CARTESIAN_POINT('Ctrl Pts',(-102.482786321617,50.0076782309281,151.377508106311));
#5176=CARTESIAN_POINT('Ctrl Pts',(-104.137697172129,52.371653234804,151.235693115102));
#5177=CARTESIAN_POINT('Ctrl Pts',(-105.876218437098,55.5082851059777,150.994950169802));
#5178=CARTESIAN_POINT('Ctrl Pts',(-107.528998155548,60.591353426197,150.420818181502));
#5179=CARTESIAN_POINT('Ctrl Pts',(-107.998868690491,64.7563350960193,149.94316865781));
#5180=CARTESIAN_POINT('Ctrl Pts',(-107.999860610208,66.8455564596631,149.72030639538));
#5181=CARTESIAN_POINT('Ctrl Pts',(-108.000137975773,66.8588141818775,149.718728940177));
#5182=CARTESIAN_POINT('Ctrl Pts',(-108.00000011176,66.8719363508293,149.717387405718));
#5183=CARTESIAN_POINT('Ctrl Pts',(-79.5112507520283,44.709416120031,150.611901111624));
#5184=CARTESIAN_POINT('Ctrl Pts',(-81.4379939312042,44.0379176186146,150.751548170767));
#5185=CARTESIAN_POINT('Ctrl Pts',(-85.4741028326376,43.1420338587514,151.027075469044));
#5186=CARTESIAN_POINT('Ctrl Pts',(-90.7748686945605,43.292509053891,151.338401139131));
#5187=CARTESIAN_POINT('Ctrl Pts',(-94.8232375206466,44.4158319690202,151.461140691328));
#5188=CARTESIAN_POINT('Ctrl Pts',(-97.6772815517923,45.8084332675867,151.486056464617));
#5189=CARTESIAN_POINT('Ctrl Pts',(-99.3865435381386,47.0569212032248,151.466638835133));
#5190=CARTESIAN_POINT('Ctrl Pts',(-100.178286523312,47.7409916083817,151.449400988772));
#5191=CARTESIAN_POINT('Origin',(-105.50000011176,36.9999999999993,192.378933762682));
#5192=CARTESIAN_POINT('Origin',(-60.5000001117627,56.3719363508287,139.717387405717));
#5193=CARTESIAN_POINT('',(-58.5000001117627,56.3719363508287,165.217387405717));
#5194=CARTESIAN_POINT('',(-60.5000001117627,54.3719363508287,165.217387405717));
#5195=CARTESIAN_POINT('Origin',(-60.5000001117627,56.3719363508287,165.217387405717));
#5196=CARTESIAN_POINT('',(-60.5000001117627,54.3719363508287,139.717387405717));
#5197=CARTESIAN_POINT('',(-60.5000001117627,54.3719363508287,139.717387405717));
#5198=CARTESIAN_POINT('',(-58.5000001117627,56.3719363508287,139.717387405717));
#5199=CARTESIAN_POINT('Origin',(-60.5000001117627,56.3719363508287,139.717387405717));
#5200=CARTESIAN_POINT('',(-58.5000001117627,56.3719363508287,139.717387405717));
#5201=CARTESIAN_POINT('Origin',(-97.5000001117627,54.3719363508287,139.717387405717));
#5202=CARTESIAN_POINT('',(-61.0166853382148,54.3719363508287,165.217387405717));
#5203=CARTESIAN_POINT('',(-58.5000001117627,54.3719363508287,165.217387405717));
#5204=CARTESIAN_POINT('',(-61.0166853382148,54.3719363508287,161.217387405717));
#5205=CARTESIAN_POINT('',(-61.0166853382148,54.3719363508287,165.217387405717));
#5206=CARTESIAN_POINT('',(-75.9833148853106,54.3719363508287,161.217387405717));
#5207=CARTESIAN_POINT('',(-83.0000001117627,54.3719363508287,161.217387405717));
#5208=CARTESIAN_POINT('',(-75.9833148853106,54.3719363508287,165.217387405717));
#5209=CARTESIAN_POINT('',(-75.9833148853106,54.3719363508287,165.217387405717));
#5210=CARTESIAN_POINT('',(-92.2951895825213,54.3719363508287,165.217387405717));
#5211=CARTESIAN_POINT('',(-58.5000001117627,54.3719363508287,165.217387405717));
#5212=CARTESIAN_POINT('',(-66.0711100491016,54.3719363508287,151.204877528223));
#5213=CARTESIAN_POINT('Ctrl Pts',(-66.0711100491006,54.3719363508287,151.20487752822));
#5214=CARTESIAN_POINT('Ctrl Pts',(-66.3827068887986,54.3719363508287,152.135195317493));
#5215=CARTESIAN_POINT('Ctrl Pts',(-67.3616537239946,54.3719363508295,153.879911206397));
#5216=CARTESIAN_POINT('Ctrl Pts',(-69.3926192284592,54.3719363508302,156.031781111559));
#5217=CARTESIAN_POINT('Ctrl Pts',(-71.7327380426478,54.3719363508305,157.855802571679));
#5218=CARTESIAN_POINT('Ctrl Pts',(-73.3979243517482,54.3719363508324,158.8883214081));
#5219=CARTESIAN_POINT('Ctrl Pts',(-74.3320596353951,54.3719363508326,159.417820273126));
#5220=CARTESIAN_POINT('Ctrl Pts',(-74.409397094187,54.3719363508326,159.461246445473));
#5221=CARTESIAN_POINT('Ctrl Pts',(-75.631531755389,54.3719363508321,160.142054982922));
#5222=CARTESIAN_POINT('Ctrl Pts',(-77.9971001964626,54.3719363508293,161.298127951901));
#5223=CARTESIAN_POINT('Ctrl Pts',(-81.6716142845756,54.3719363508272,162.696758834207));
#5224=CARTESIAN_POINT('Ctrl Pts',(-85.4165247529973,54.3719363508257,163.80808182215));
#5225=CARTESIAN_POINT('Ctrl Pts',(-87.9699493166055,54.3719363508209,164.394123267696));
#5226=CARTESIAN_POINT('Ctrl Pts',(-89.290092382212,54.3719363508203,164.660593867058));
#5227=CARTESIAN_POINT('Ctrl Pts',(-89.3268410964386,54.3719363508203,164.667984411578));
#5228=CARTESIAN_POINT('Ctrl Pts',(-90.3378676792522,54.3719363508213,164.870479355144));
#5229=CARTESIAN_POINT('Ctrl Pts',(-91.3161959832561,54.3719363508226,165.046683015871));
#5230=CARTESIAN_POINT('Ctrl Pts',(-92.2952071578615,54.3719363508239,165.217286549334));
#5231=CARTESIAN_POINT('',(-65.751582453628,54.3719363508287,149.282817903047));
#5232=CARTESIAN_POINT('Ctrl Pts',(-65.751582453628,54.3719363508287,149.282817903047));
#5233=CARTESIAN_POINT('Ctrl Pts',(-65.751582453628,54.3719363508287,149.935138349127));
#5234=CARTESIAN_POINT('Ctrl Pts',(-65.8639362806651,54.3719363508287,150.58633004092));
#5235=CARTESIAN_POINT('Ctrl Pts',(-66.0711100491016,54.3719363508287,151.204877528223));
#5236=CARTESIAN_POINT('',(-65.7515824536282,54.3719363508287,139.717387405717));
#5237=CARTESIAN_POINT('',(-65.7515824536282,54.3719363508287,139.717387405717));
#5238=CARTESIAN_POINT('',(-58.5000001117627,54.3719363508287,139.717387405717));
#5239=CARTESIAN_POINT('Origin',(-78.0000001117627,66.8719363508287,165.217387405717));
#5240=CARTESIAN_POINT('',(-58.5000001117627,77.3719363508287,165.217387405717));
#5241=CARTESIAN_POINT('',(-58.5000001117627,79.3719363508287,165.217387405717));
#5242=CARTESIAN_POINT('',(-60.5000001117627,79.3719363508287,165.217387405717));
#5243=CARTESIAN_POINT('Origin',(-60.5000001117627,77.3719363508287,165.217387405717));
#5244=CARTESIAN_POINT('',(-61.0166853382148,79.3719363508287,165.217387405717));
#5245=CARTESIAN_POINT('',(-97.5000001117627,79.3719363508287,165.217387405717));
#5246=CARTESIAN_POINT('',(-65.0077865507737,83.1052696841621,165.217387405717));
#5247=CARTESIAN_POINT('Origin',(-61.0166853382148,83.3719363508287,165.217387405717));
#5248=CARTESIAN_POINT('',(-71.9922136727517,83.1052696841621,165.217387405717));
#5249=CARTESIAN_POINT('Origin',(-68.5000001117627,82.8719363508287,165.217387405717));
#5250=CARTESIAN_POINT('',(-75.9833148853106,79.3719363508287,165.217387405717));
#5251=CARTESIAN_POINT('Origin',(-75.9833148853106,83.3719363508287,165.217387405717));
#5252=CARTESIAN_POINT('',(-92.9161893609821,79.3719363508287,165.217387405717));
#5253=CARTESIAN_POINT('',(-97.5000001117627,79.3719363508287,165.217387405717));
#5254=CARTESIAN_POINT('Ctrl Pts',(-94.9214608272675,79.4002138291187,165.217387405717));
#5255=CARTESIAN_POINT('Ctrl Pts',(-94.2574323560614,79.3840955048404,165.217387405717));
#5256=CARTESIAN_POINT('Ctrl Pts',(-93.585796261481,79.3719363508288,165.217387405717));
#5257=CARTESIAN_POINT('Ctrl Pts',(-92.9161893609826,79.3719363508287,165.217387405717));
#5258=CARTESIAN_POINT('',(-98.0000001117627,79.8719363508287,165.217387405717));
#5259=CARTESIAN_POINT('',(-98.0000001117627,70.3719363508288,165.217387405717));
#5260=CARTESIAN_POINT('',(-101.000000111763,63.3719363508288,165.217387405717));
#5261=CARTESIAN_POINT('Origin',(-101.000000111763,66.8719363508287,165.217387405717));
#5262=CARTESIAN_POINT('',(-100.000000111763,63.3719363508288,165.217387405717));
#5263=CARTESIAN_POINT('',(-101.000000111763,63.3719363508288,165.217387405717));
#5264=CARTESIAN_POINT('',(-98.0000001117627,61.3719363508287,165.217387405717));
#5265=CARTESIAN_POINT('Origin',(-100.000000111763,61.3719363508287,165.217387405717));
#5266=CARTESIAN_POINT('',(-98.0000001117627,59.7970712070099,165.217387405717));
#5267=CARTESIAN_POINT('',(-98.0000001117627,53.8719363508287,165.217387405717));
#5268=CARTESIAN_POINT('Ctrl Pts',(-98.0000001117627,59.7970712070102,165.217387405717));
#5269=CARTESIAN_POINT('Ctrl Pts',(-98.0000001117627,58.4289066495071,165.217387405717));
#5270=CARTESIAN_POINT('Ctrl Pts',(-98.1461131727596,57.2068565327894,165.217387405717));
#5271=CARTESIAN_POINT('Ctrl Pts',(-98.5363102462407,55.8233857982519,165.217387405717));
#5272=CARTESIAN_POINT('Ctrl Pts',(-98.7003586256235,55.3777513769623,165.217387405159));
#5273=CARTESIAN_POINT('Ctrl Pts',(-99.0116427353988,54.8547398301847,165.217387405159));
#5274=CARTESIAN_POINT('Ctrl Pts',(-99.1136832996604,54.7098616724955,165.217387405717));
#5275=CARTESIAN_POINT('Ctrl Pts',(-99.3268511854878,54.4790332489752,165.217387405717));
#5276=CARTESIAN_POINT('Ctrl Pts',(-99.436907004138,54.3834578733161,165.217387405717));
#5277=CARTESIAN_POINT('Ctrl Pts',(-99.5598124753481,54.3120379247392,165.217387405717));
#5278=CARTESIAN_POINT('',(-97.5000001117609,54.1490908547548,165.217387405717));
#5279=CARTESIAN_POINT('',(-97.5000001117627,54.3719363508287,165.217387405717));
#5280=CARTESIAN_POINT('Ctrl Pts',(-92.2951895825247,54.3719363508287,165.217387405717));
#5281=CARTESIAN_POINT('Ctrl Pts',(-93.5776252647499,54.3719363508287,165.217387405717));
#5282=CARTESIAN_POINT('Ctrl Pts',(-95.6432952557627,54.3366305045599,165.217387405717));
#5283=CARTESIAN_POINT('Ctrl Pts',(-97.5000001117609,54.1490908547546,165.217387405717));
#5284=CARTESIAN_POINT('',(-71.9922136727517,50.6386030174954,165.217387405717));
#5285=CARTESIAN_POINT('Origin',(-75.9833148853106,50.3719363508287,165.217387405717));
#5286=CARTESIAN_POINT('',(-65.0077865507737,50.6386030174954,165.217387405717));
#5287=CARTESIAN_POINT('Origin',(-68.5000001117627,50.8719363508287,165.217387405717));
#5288=CARTESIAN_POINT('Origin',(-61.0166853382148,50.3719363508287,165.217387405717));
#5289=CARTESIAN_POINT('',(-67.0000001117627,82.8719363508287,165.217387405717));
#5290=CARTESIAN_POINT('Origin',(-68.5000001117627,82.8719363508287,165.217387405717));
#5291=CARTESIAN_POINT('',(-67.0000001117627,50.8719363508287,165.217387405717));
#5292=CARTESIAN_POINT('Origin',(-68.5000001117627,50.8719363508287,165.217387405717));
#5293=CARTESIAN_POINT('',(-99.5000001117627,66.8719363508287,165.217387405717));
#5294=CARTESIAN_POINT('Origin',(-101.000000111763,66.8719363508287,165.217387405717));
#5295=CARTESIAN_POINT('',(-95.5000001117627,56.3719363508287,165.217387405717));
#5296=CARTESIAN_POINT('',(-95.5000001117627,77.3719363508287,165.217387405717));
#5297=CARTESIAN_POINT('',(-95.5000001117627,56.3719363508287,165.217387405717));
#5298=CARTESIAN_POINT('',(-60.5000001117627,77.3719363508287,165.217387405717));
#5299=CARTESIAN_POINT('',(-88.5000001117627,77.3719363508287,165.217387405717));
#5300=CARTESIAN_POINT('',(-60.5000001117627,56.3719363508287,165.217387405717));
#5301=CARTESIAN_POINT('',(-60.5000001117627,77.3719363508287,165.217387405717));
#5302=CARTESIAN_POINT('',(-60.5000001117627,56.3719363508287,165.217387405717));
#5303=CARTESIAN_POINT('Origin',(-60.5000001117627,77.3719363508287,139.717387405717));
#5304=CARTESIAN_POINT('',(-58.5000001117627,77.3719363508287,139.717387405717));
#5305=CARTESIAN_POINT('',(-58.5000001117627,77.3719363508287,139.717387405717));
#5306=CARTESIAN_POINT('',(-60.5000001117627,79.3719363508287,139.717387405717));
#5307=CARTESIAN_POINT('Origin',(-60.5000001117627,77.3719363508287,139.717387405717));
#5308=CARTESIAN_POINT('',(-60.5000001117627,79.3719363508287,139.717387405717));
#5309=CARTESIAN_POINT('Origin',(-58.5000001117627,79.3719363508287,139.717387405717));
#5310=CARTESIAN_POINT('',(-65.7515824536282,79.3719363508287,139.717387405717));
#5311=CARTESIAN_POINT('',(-97.5000001117627,79.3719363508287,139.717387405717));
#5312=CARTESIAN_POINT('',(-65.751582453628,79.3719363508287,148.104969394322));
#5313=CARTESIAN_POINT('',(-65.7515824536282,79.3719363508287,139.717387405717));
#5314=CARTESIAN_POINT('',(-67.5897659908587,79.3719363508287,152.377554989218));
#5315=CARTESIAN_POINT('Ctrl Pts',(-67.589765990614,79.3719363508287,152.377554988971));
#5316=CARTESIAN_POINT('Ctrl Pts',(-66.9494375234613,79.3719363508287,151.732109789001));
#5317=CARTESIAN_POINT('Ctrl Pts',(-66.0460293782954,79.3719363508288,150.377675697102));
#5318=CARTESIAN_POINT('Ctrl Pts',(-65.751582453628,79.3719363508288,148.786859252916));
#5319=CARTESIAN_POINT('Ctrl Pts',(-65.751582453628,79.3719363508288,148.104969394322));
#5320=CARTESIAN_POINT('Ctrl Pts',(-92.9165894005091,79.3719363508285,165.219871441325));
#5321=CARTESIAN_POINT('Ctrl Pts',(-90.7941518185841,79.3719363508281,164.813073251548));
#5322=CARTESIAN_POINT('Ctrl Pts',(-88.7022299842128,79.3719363508269,164.253577317425));
#5323=CARTESIAN_POINT('Ctrl Pts',(-85.5211854530933,79.3719363508263,163.2261879116));
#5324=CARTESIAN_POINT('Ctrl Pts',(-84.4136507204761,79.371936350826,162.816531005293));
#5325=CARTESIAN_POINT('Ctrl Pts',(-83.1867618901092,79.3719363508259,162.315879782287));
#5326=CARTESIAN_POINT('Ctrl Pts',(-83.0524228654189,79.3719363508259,162.260420361933));
#5327=CARTESIAN_POINT('Ctrl Pts',(-80.1020377869246,79.3719363508263,161.026772444269));
#5328=CARTESIAN_POINT('Ctrl Pts',(-76.0201688022832,79.3719363508281,158.917196168515));
#5329=CARTESIAN_POINT('Ctrl Pts',(-70.9833904392171,79.3719363508282,155.456806364725));
#5330=CARTESIAN_POINT('Ctrl Pts',(-68.6647132563228,79.3719363508288,153.461091936722));
#5331=CARTESIAN_POINT('Ctrl Pts',(-67.5897659908588,79.3719363508288,152.377554989218));
#5332=CARTESIAN_POINT('',(-75.9833148853106,79.3719363508287,161.217387405717));
#5333=CARTESIAN_POINT('',(-75.9833148853106,79.3719363508287,165.217387405717));
#5334=CARTESIAN_POINT('',(-61.0166853382148,79.3719363508287,161.217387405717));
#5335=CARTESIAN_POINT('',(-63.5000001117627,79.3719363508287,161.217387405717));
#5336=CARTESIAN_POINT('',(-61.0166853382148,79.3719363508287,165.217387405717));
#5337=CARTESIAN_POINT('Origin',(-65.7515824536282,52.3719363508287,139.717387405717));
#5338=CARTESIAN_POINT('',(-67.3636981808224,53.5556098202165,149.282817903047));
#5339=CARTESIAN_POINT('Origin',(-65.751582453628,52.3719363508287,149.282817903047));
#5340=CARTESIAN_POINT('',(-67.3636981808226,53.5556098202165,139.717387405717));
#5341=CARTESIAN_POINT('',(-67.3636981808226,53.5556098202165,139.717387405717));
#5342=CARTESIAN_POINT('Origin',(-65.7515824536282,52.3719363508287,139.717387405717));
#5343=CARTESIAN_POINT('Ctrl Pts',(-67.3636981808224,53.5556098202165,149.282817903047));
#5344=CARTESIAN_POINT('Ctrl Pts',(-67.3766120676459,53.5380216250041,149.752408866286));
#5345=CARTESIAN_POINT('Ctrl Pts',(-67.4780558449937,53.5093104178797,150.223543602687));
#5346=CARTESIAN_POINT('Ctrl Pts',(-67.6559796560585,53.4703024573276,150.674047776759));
#5347=CARTESIAN_POINT('Ctrl Pts',(-66.9938157184956,54.0593748788681,149.282817903047));
#5348=CARTESIAN_POINT('Ctrl Pts',(-67.0080564760892,54.0518516098463,149.794063567863));
#5349=CARTESIAN_POINT('Ctrl Pts',(-67.1186238450855,54.038682380723,150.305717103098));
#5350=CARTESIAN_POINT('Ctrl Pts',(-67.3124895735203,54.0215371016931,150.78909494174));
#5351=CARTESIAN_POINT('Ctrl Pts',(-66.3765562692838,54.3719363508287,149.282817903047));
#5352=CARTESIAN_POINT('Ctrl Pts',(-66.3839302804201,54.3721250371793,149.864099868656));
#5353=CARTESIAN_POINT('Ctrl Pts',(-66.4955967516586,54.3714696248266,150.445191280966));
#5354=CARTESIAN_POINT('Ctrl Pts',(-66.6965664984692,54.3719363508287,150.995389700258));
#5355=CARTESIAN_POINT('Ctrl Pts',(-65.751582453628,54.3719363508287,149.282817903047));
#5356=CARTESIAN_POINT('Ctrl Pts',(-65.751582453628,54.3719363508287,149.935138349127));
#5357=CARTESIAN_POINT('Ctrl Pts',(-65.8639362806651,54.3719363508287,150.58633004092));
#5358=CARTESIAN_POINT('Ctrl Pts',(-66.0711100491016,54.3719363508287,151.204877528223));
#5359=CARTESIAN_POINT('Origin',(-66.0711100491016,52.3719363508288,151.204877528223));
#5360=CARTESIAN_POINT('Ctrl Pts',(-67.6559796560585,53.4703024573276,150.674047776759));
#5361=CARTESIAN_POINT('Ctrl Pts',(-67.4780558449937,53.5093104178797,150.223543602687));
#5362=CARTESIAN_POINT('Ctrl Pts',(-67.3766120676459,53.5380216250041,149.752408866286));
#5363=CARTESIAN_POINT('Ctrl Pts',(-67.3636981808224,53.5556098202165,149.282817903047));
#5364=CARTESIAN_POINT('Ctrl Pts',(-67.6559796560577,53.4703024573277,150.674047776757));
#5365=CARTESIAN_POINT('Ctrl Pts',(-67.939965433586,53.4078642488624,151.392734727955));
#5366=CARTESIAN_POINT('Ctrl Pts',(-68.7982958190905,53.2755763510708,152.787435402491));
#5367=CARTESIAN_POINT('Ctrl Pts',(-70.6274306141968,53.1399277505308,154.649613008523));
#5368=CARTESIAN_POINT('Ctrl Pts',(-72.7992921366062,53.0619751137173,156.306819314348));
#5369=CARTESIAN_POINT('Ctrl Pts',(-74.3727999078792,53.0351984433594,157.272467194438));
#5370=CARTESIAN_POINT('Ctrl Pts',(-75.2600008582618,53.0244095490874,157.77102457792));
#5371=CARTESIAN_POINT('Ctrl Pts',(-75.3334634975903,53.0235445240834,157.811936669213));
#5372=CARTESIAN_POINT('Ctrl Pts',(-76.4945518639901,53.0102507989234,158.453471068454));
#5373=CARTESIAN_POINT('Ctrl Pts',(-78.7493161466206,52.9961275208381,159.550628679083));
#5374=CARTESIAN_POINT('Ctrl Pts',(-82.2763698021315,52.9986857237356,160.894620563678));
#5375=CARTESIAN_POINT('Ctrl Pts',(-85.8943298207925,53.0176822049718,161.975215378025));
#5376=CARTESIAN_POINT('Ctrl Pts',(-88.3753983723052,53.0382355524917,162.552173877942));
#5377=CARTESIAN_POINT('Ctrl Pts',(-89.6614366373056,53.0502254667444,162.816159591623));
#5378=CARTESIAN_POINT('Ctrl Pts',(-89.6972427862235,53.0505605492288,162.823484073896));
#5379=CARTESIAN_POINT('Ctrl Pts',(-91.0217083143656,53.0630196896693,163.093336285529));
#5380=CARTESIAN_POINT('Ctrl Pts',(-93.6458100214256,53.0927075487535,163.558711999249));
#5381=CARTESIAN_POINT('Ctrl Pts',(-96.3290456833805,53.1263705084883,164.03047372625));
#5382=CARTESIAN_POINT('Ctrl Pts',(-97.6816567139908,53.1417584567129,164.30687850142));
#5383=CARTESIAN_POINT('Ctrl Pts',(-67.459699608893,53.7852936826794,150.739789013889));
#5384=CARTESIAN_POINT('Ctrl Pts',(-67.755861830284,53.7427416411595,151.482311781593));
#5385=CARTESIAN_POINT('Ctrl Pts',(-68.6463757275872,53.6504729540554,152.905696850948));
#5386=CARTESIAN_POINT('Ctrl Pts',(-70.5128887199676,53.5540370503894,154.77932813957));
#5387=CARTESIAN_POINT('Ctrl Pts',(-72.7085387095719,53.497729124528,156.439267225758));
#5388=CARTESIAN_POINT('Ctrl Pts',(-74.2923669248463,53.4782521172056,157.405888866222));
#5389=CARTESIAN_POINT('Ctrl Pts',(-75.1844603058471,53.470416328927,157.905119476313));
#5390=CARTESIAN_POINT('Ctrl Pts',(-75.2583214990982,53.4697851254495,157.946086079792));
#5391=CARTESIAN_POINT('Ctrl Pts',(-76.4256484957134,53.4600993917536,158.588494320114));
#5392=CARTESIAN_POINT('Ctrl Pts',(-78.6903679174458,53.4497698936964,159.687707096549));
#5393=CARTESIAN_POINT('Ctrl Pts',(-82.22871455434,53.4516440342199,161.036433148368));
#5394=CARTESIAN_POINT('Ctrl Pts',(-85.8556569576788,53.4655123629542,162.123131969956));
#5395=CARTESIAN_POINT('Ctrl Pts',(-88.3417623879251,53.4804675381951,162.704797719295));
#5396=CARTESIAN_POINT('Ctrl Pts',(-89.630203425641,53.4891662601411,162.971282436049));
#5397=CARTESIAN_POINT('Ctrl Pts',(-89.6660765169019,53.4894093706123,162.978676737904));
#5398=CARTESIAN_POINT('Ctrl Pts',(-90.9929591222792,53.4984461658321,163.251098542034));
#5399=CARTESIAN_POINT('Ctrl Pts',(-93.6192256501228,53.5199237987063,163.721676524286));
#5400=CARTESIAN_POINT('Ctrl Pts',(-96.2989598984518,53.5441352959139,164.197972825371));
#5401=CARTESIAN_POINT('Ctrl Pts',(-97.6479269645229,53.5551309047202,164.475940549556));
#5402=CARTESIAN_POINT('Ctrl Pts',(-66.9648219275315,54.2302187145754,150.905541322753));
#5403=CARTESIAN_POINT('Ctrl Pts',(-67.2728853773472,54.2194945558041,151.712208485899));
#5404=CARTESIAN_POINT('Ctrl Pts',(-68.2079910940947,54.1957049560475,153.24056110004));
#5405=CARTESIAN_POINT('Ctrl Pts',(-70.1431075717899,54.1703599492985,155.193523288287));
#5406=CARTESIAN_POINT('Ctrl Pts',(-72.3927634941906,54.1553231638939,156.898079941602));
#5407=CARTESIAN_POINT('Ctrl Pts',(-74.004925268148,54.1500845520262,157.882367750991));
#5408=CARTESIAN_POINT('Ctrl Pts',(-74.9112749013661,54.1479799048158,158.389786312725));
#5409=CARTESIAN_POINT('Ctrl Pts',(-74.9863184987634,54.1478096047512,158.43142963406));
#5410=CARTESIAN_POINT('Ctrl Pts',(-76.1722093158999,54.1452001864707,159.084355476804));
#5411=CARTESIAN_POINT('Ctrl Pts',(-78.4699604698906,54.1424065702342,160.199703230597));
#5412=CARTESIAN_POINT('Ctrl Pts',(-82.0514129448203,54.1429143241715,161.564665220868));
#5413=CARTESIAN_POINT('Ctrl Pts',(-85.7151056586302,54.146658500191,162.662116119847));
#5414=CARTESIAN_POINT('Ctrl Pts',(-88.2221062397028,54.1506822939976,163.24827888526));
#5415=CARTESIAN_POINT('Ctrl Pts',(-89.5204318169704,54.1530158253438,163.516546221966));
#5416=CARTESIAN_POINT('Ctrl Pts',(-89.5565762138666,54.1530810441223,163.52398784637));
#5417=CARTESIAN_POINT('Ctrl Pts',(-90.8935138066311,54.1555046284568,163.798231115778));
#5418=CARTESIAN_POINT('Ctrl Pts',(-93.5298173975878,54.1612497698203,164.26970067831));
#5419=CARTESIAN_POINT('Ctrl Pts',(-96.200985112903,54.1676876013664,164.743424828639));
#5420=CARTESIAN_POINT('Ctrl Pts',(-97.5396593838076,54.1705925722642,165.018605088467));
#5421=CARTESIAN_POINT('Ctrl Pts',(-66.3391628131153,54.3719363508287,151.115097030521));
#5422=CARTESIAN_POINT('Ctrl Pts',(-66.6496874508486,54.3719363508287,152.008038638129));
#5423=CARTESIAN_POINT('Ctrl Pts',(-67.6154582507715,54.3719363508295,153.688272551093));
#5424=CARTESIAN_POINT('Ctrl Pts',(-69.6176985163682,54.3719363508302,155.780276678039));
#5425=CARTESIAN_POINT('Ctrl Pts',(-71.9306606746967,54.3719363508305,157.568584874875));
#5426=CARTESIAN_POINT('Ctrl Pts',(-73.5799546225163,54.3719363508324,158.58665311555));
#5427=CARTESIAN_POINT('Ctrl Pts',(-74.5057417868542,54.3719363508326,159.109511999954));
#5428=CARTESIAN_POINT('Ctrl Pts',(-74.5823923322264,54.3719363508326,159.152405336738));
#5429=CARTESIAN_POINT('Ctrl Pts',(-75.7936597471073,54.3719363508321,159.824861926162));
#5430=CARTESIAN_POINT('Ctrl Pts',(-78.1388847067056,54.3719363508293,160.96874341105));
#5431=CARTESIAN_POINT('Ctrl Pts',(-81.7855011383523,54.3719363508272,162.357282447098));
#5432=CARTESIAN_POINT('Ctrl Pts',(-85.5060597502478,54.3719363508257,163.46445181379));
#5433=CARTESIAN_POINT('Ctrl Pts',(-88.0455601792024,54.3719363508209,164.050526213535));
#5434=CARTESIAN_POINT('Ctrl Pts',(-89.3591654974252,54.3719363508203,164.317534975513));
#5435=CARTESIAN_POINT('Ctrl Pts',(-89.3957325243016,54.3719363508203,164.324940361925));
#5436=CARTESIAN_POINT('Ctrl Pts',(-90.7481746996743,54.3719363508216,164.597765498951));
#5437=CARTESIAN_POINT('Ctrl Pts',(-93.400734979731,54.3719363508256,165.06114041907));
#5438=CARTESIAN_POINT('Ctrl Pts',(-96.0611111700467,54.3719363508287,165.520903752496));
#5439=CARTESIAN_POINT('Ctrl Pts',(-97.3862180694477,54.3719363508287,165.787691822987));
#5440=CARTESIAN_POINT('Ctrl Pts',(-66.0711100491006,54.3719363508287,151.20487752822));
#5441=CARTESIAN_POINT('Ctrl Pts',(-66.3827068887986,54.3719363508287,152.135195317493));
#5442=CARTESIAN_POINT('Ctrl Pts',(-67.3616537239946,54.3719363508295,153.879911206397));
#5443=CARTESIAN_POINT('Ctrl Pts',(-69.3926192284592,54.3719363508302,156.031781111559));
#5444=CARTESIAN_POINT('Ctrl Pts',(-71.7327380426478,54.3719363508305,157.855802571679));
#5445=CARTESIAN_POINT('Ctrl Pts',(-73.3979243517482,54.3719363508324,158.8883214081));
#5446=CARTESIAN_POINT('Ctrl Pts',(-74.3320596353951,54.3719363508326,159.417820273126));
#5447=CARTESIAN_POINT('Ctrl Pts',(-74.409397094187,54.3719363508326,159.461246445473));
#5448=CARTESIAN_POINT('Ctrl Pts',(-75.631531755389,54.3719363508321,160.142054982922));
#5449=CARTESIAN_POINT('Ctrl Pts',(-77.9971001964626,54.3719363508293,161.298127951901));
#5450=CARTESIAN_POINT('Ctrl Pts',(-81.6716142845756,54.3719363508272,162.696758834207));
#5451=CARTESIAN_POINT('Ctrl Pts',(-85.4165247529973,54.3719363508257,163.80808182215));
#5452=CARTESIAN_POINT('Ctrl Pts',(-87.9699493166055,54.3719363508209,164.394123267696));
#5453=CARTESIAN_POINT('Ctrl Pts',(-89.290092382212,54.3719363508203,164.660593867058));
#5454=CARTESIAN_POINT('Ctrl Pts',(-89.3268410964386,54.3719363508203,164.667984411578));
#5455=CARTESIAN_POINT('Ctrl Pts',(-90.6859025848196,54.3719363508216,164.940186037203));
#5456=CARTESIAN_POINT('Ctrl Pts',(-93.3454542652437,54.3719363508256,165.400125482673));
#5457=CARTESIAN_POINT('Ctrl Pts',(-96.0011676564344,54.3719363508287,165.853889060133));
#5458=CARTESIAN_POINT('Ctrl Pts',(-97.3204955813364,54.3719363508287,166.117109581021));
#5459=CARTESIAN_POINT('Ctrl Pts',(-97.500028929831,54.1490140439753,165.21724296225));
#5460=CARTESIAN_POINT('Ctrl Pts',(-97.5000256082214,54.1406560760558,165.200749516496));
#5461=CARTESIAN_POINT('Ctrl Pts',(-97.5000215378025,54.1320741356087,165.184379292959));
#5462=CARTESIAN_POINT('Ctrl Pts',(-97.5000165691777,54.1232692099868,165.168137531348));
#5463=CARTESIAN_POINT('Ctrl Pts',(-97.499996270343,54.0872975402714,165.101783389436));
#5464=CARTESIAN_POINT('Ctrl Pts',(-97.4999614072671,54.0476075677499,165.037571076858));
#5465=CARTESIAN_POINT('Ctrl Pts',(-97.4999278657574,54.0044637276366,164.975728413515));
#5466=CARTESIAN_POINT('Ctrl Pts',(-97.4998943697914,53.9613784695715,164.913969722065));
#5467=CARTESIAN_POINT('Ctrl Pts',(-97.499862329658,53.9148480082085,164.854573593432));
#5468=CARTESIAN_POINT('Ctrl Pts',(-97.4998409864027,53.8650981370716,164.79780128827));
#5469=CARTESIAN_POINT('Ctrl Pts',(-97.4998285864551,53.8361945896272,164.764817865835));
#5470=CARTESIAN_POINT('Ctrl Pts',(-97.4998196640371,53.8062037347063,164.732720764764));
#5471=CARTESIAN_POINT('Ctrl Pts',(-97.4998147244787,53.7751654461085,164.701567912));
#5472=CARTESIAN_POINT('Ctrl Pts',(-97.4998062423479,53.7218669922407,164.648072730373));
#5473=CARTESIAN_POINT('Ctrl Pts',(-97.4998100242586,53.665775729767,164.597654663907));
#5474=CARTESIAN_POINT('Ctrl Pts',(-97.4998257825895,53.6071601154061,164.550537779144));
#5475=CARTESIAN_POINT('Ctrl Pts',(-97.4998414303576,53.5489557565945,164.503751473195));
#5476=CARTESIAN_POINT('Ctrl Pts',(-97.4998690116782,53.488261596477,164.460219589996));
#5477=CARTESIAN_POINT('Ctrl Pts',(-97.4999000533331,53.4253083004469,164.420200145361));
#5478=CARTESIAN_POINT('Ctrl Pts',(-97.4999302152714,53.3641390928515,164.381314846718));
#5479=CARTESIAN_POINT('Ctrl Pts',(-97.4999637254539,53.3008362613302,164.345745337208));
#5480=CARTESIAN_POINT('Ctrl Pts',(-97.4999835977959,53.2355917904871,164.313771863882));
#5481=CARTESIAN_POINT('Ctrl Pts',(-97.4999931991996,53.2040686565151,164.298323748967));
#5482=CARTESIAN_POINT('Ctrl Pts',(-97.4999994701163,53.1720920392165,164.28371577985));
#5483=CARTESIAN_POINT('Ctrl Pts',(-97.4999996025955,53.1396826160984,164.269983780466));
#5484=CARTESIAN_POINT('Ctrl Pts',(-95.052688374692,79.813898623456,164.307932522549));
#5485=CARTESIAN_POINT('Ctrl Pts',(-92.3714737482826,79.933597631984,163.770792611778));
#5486=CARTESIAN_POINT('Ctrl Pts',(-89.71193704566,80.0127549257653,163.036131033088));
#5487=CARTESIAN_POINT('Ctrl Pts',(-86.0316159263626,80.107244515824,161.762102608916));
#5488=CARTESIAN_POINT('Ctrl Pts',(-84.9785076496459,80.1506425943727,161.336018934755));
#5489=CARTESIAN_POINT('Ctrl Pts',(-83.7977422282242,80.1827955315,160.828602663165));
#5490=CARTESIAN_POINT('Ctrl Pts',(-83.6686250497136,80.186467674277,160.772354114349));
#5491=CARTESIAN_POINT('Ctrl Pts',(-80.8301225680435,80.2636361727851,159.524492196061));
#5492=CARTESIAN_POINT('Ctrl Pts',(-76.8796521704536,80.3300717528153,157.436340896151));
#5493=CARTESIAN_POINT('Ctrl Pts',(-72.0328920754459,80.3679263924686,154.077585558662));
#5494=CARTESIAN_POINT('Ctrl Pts',(-69.8290841961506,80.3737852760748,152.17395680713));
#5495=CARTESIAN_POINT('Ctrl Pts',(-68.820560661802,80.3748347359724,151.156517378156));
#5496=CARTESIAN_POINT('Ctrl Pts',(-95.0275561242331,79.6722598732082,164.482108207117));
#5497=CARTESIAN_POINT('Ctrl Pts',(-92.3316201113736,79.7551509234502,163.954172648303));
#5498=CARTESIAN_POINT('Ctrl Pts',(-89.663216334511,79.8112436047856,163.216972340012));
#5499=CARTESIAN_POINT('Ctrl Pts',(-85.9699515252485,79.8783422978619,161.938667482268));
#5500=CARTESIAN_POINT('Ctrl Pts',(-84.9120600976384,79.909328572855,161.509895335294));
#5501=CARTESIAN_POINT('Ctrl Pts',(-83.7274403150883,79.9324049270465,160.999730882873));
#5502=CARTESIAN_POINT('Ctrl Pts',(-83.5978904409985,79.9350383109125,160.943169088028));
#5503=CARTESIAN_POINT('Ctrl Pts',(-80.7501286336371,79.9904905060152,159.688450925622));
#5504=CARTESIAN_POINT('Ctrl Pts',(-76.7899230337388,80.0389902161636,157.590174154418));
#5505=CARTESIAN_POINT('Ctrl Pts',(-71.9267322949552,80.0666471520017,154.216892952073));
#5506=CARTESIAN_POINT('Ctrl Pts',(-69.7118925361958,80.0709918671676,152.303440253301));
#5507=CARTESIAN_POINT('Ctrl Pts',(-68.6968189005074,80.0717600483516,151.27927818316));
#5508=CARTESIAN_POINT('Ctrl Pts',(-94.9703749858285,79.4492608443643,164.878394402906));
#5509=CARTESIAN_POINT('Ctrl Pts',(-92.2385519113381,79.4713012019382,164.387834852421));
#5510=CARTESIAN_POINT('Ctrl Pts',(-89.544691365013,79.486593460534,163.65984830074));
#5511=CARTESIAN_POINT('Ctrl Pts',(-85.8129102067562,79.5051065165565,162.389118311859));
#5512=CARTESIAN_POINT('Ctrl Pts',(-84.7393449930806,79.5137374003254,161.962567509753));
#5513=CARTESIAN_POINT('Ctrl Pts',(-83.5415722187112,79.5202216553162,161.45229721752));
#5514=CARTESIAN_POINT('Ctrl Pts',(-83.4105314701407,79.5209634096081,161.395731494959));
#5515=CARTESIAN_POINT('Ctrl Pts',(-80.5309788376987,79.53654464064,160.140076051845));
#5516=CARTESIAN_POINT('Ctrl Pts',(-76.5344109017292,79.5503830078147,158.030194319494));
#5517=CARTESIAN_POINT('Ctrl Pts',(-71.6168567931652,79.5583555178088,154.624116718235));
#5518=CARTESIAN_POINT('Ctrl Pts',(-69.3685681406329,79.5595697017558,152.683024241936));
#5519=CARTESIAN_POINT('Ctrl Pts',(-68.3339439495538,79.5597925266798,151.639276462066));
#5520=CARTESIAN_POINT('Ctrl Pts',(-94.9058615484879,79.3719363508288,165.325496111166));
#5521=CARTESIAN_POINT('Ctrl Pts',(-92.1312696873493,79.3718565147389,164.892986861762));
#5522=CARTESIAN_POINT('Ctrl Pts',(-89.4030230671875,79.3719667094651,164.191256459959));
#5523=CARTESIAN_POINT('Ctrl Pts',(-85.618446747111,79.3719207647314,162.947079389252));
#5524=CARTESIAN_POINT('Ctrl Pts',(-84.5222467678829,79.3718851634894,162.531770441968));
#5525=CARTESIAN_POINT('Ctrl Pts',(-83.3050754977268,79.3718507549739,162.027895091507));
#5526=CARTESIAN_POINT('Ctrl Pts',(-83.1718378803681,79.3718435391275,161.972064304979));
#5527=CARTESIAN_POINT('Ctrl Pts',(-80.2450859214892,79.3717972253239,160.731043384644));
#5528=CARTESIAN_POINT('Ctrl Pts',(-76.191659703425,79.3718921118842,158.621351971335));
#5529=CARTESIAN_POINT('Ctrl Pts',(-71.1946695471953,79.3718611877373,155.179061510101));
#5530=CARTESIAN_POINT('Ctrl Pts',(-68.8994596141854,79.3719382614661,153.201579547239));
#5531=CARTESIAN_POINT('Ctrl Pts',(-67.8379689010755,79.3719363508288,152.131319694489));
#5532=CARTESIAN_POINT('Ctrl Pts',(-94.8736001339953,79.3719363508288,165.549079509061));
#5533=CARTESIAN_POINT('Ctrl Pts',(-92.0776126902991,79.3719363508288,165.145639402657));
#5534=CARTESIAN_POINT('Ctrl Pts',(-89.3321868152093,79.371936350827,164.457035951205));
#5535=CARTESIAN_POINT('Ctrl Pts',(-85.5211854530933,79.3719363508263,163.2261879116));
#5536=CARTESIAN_POINT('Ctrl Pts',(-84.4136507204761,79.371936350826,162.816531005293));
#5537=CARTESIAN_POINT('Ctrl Pts',(-83.1867618901092,79.3719363508259,162.315879782287));
#5538=CARTESIAN_POINT('Ctrl Pts',(-83.0524228654189,79.3719363508259,162.260420361933));
#5539=CARTESIAN_POINT('Ctrl Pts',(-80.1020377869246,79.3719363508263,161.026772444269));
#5540=CARTESIAN_POINT('Ctrl Pts',(-76.0201688022832,79.3719363508281,158.917196168515));
#5541=CARTESIAN_POINT('Ctrl Pts',(-70.9833904392171,79.3719363508282,155.456806364725));
#5542=CARTESIAN_POINT('Ctrl Pts',(-68.6647132563228,79.3719363508288,153.461091936722));
#5543=CARTESIAN_POINT('Ctrl Pts',(-67.5897659908588,79.3719363508288,152.377554989218));
#5544=CARTESIAN_POINT('',(-68.8205606617301,80.374834736029,151.156517378037));
#5545=CARTESIAN_POINT('Origin',(-67.5897659908587,81.3719363508287,152.377554989218));
#5546=CARTESIAN_POINT('Ctrl Pts',(-68.820560661802,80.3748347359724,151.156517378156));
#5547=CARTESIAN_POINT('Ctrl Pts',(-69.8290841961506,80.3737852760748,152.17395680713));
#5548=CARTESIAN_POINT('Ctrl Pts',(-72.0328920754459,80.3679263924686,154.077585558662));
#5549=CARTESIAN_POINT('Ctrl Pts',(-76.8796521704536,80.3300717528153,157.436340896151));
#5550=CARTESIAN_POINT('Ctrl Pts',(-80.8301225680435,80.2636361727851,159.524492196061));
#5551=CARTESIAN_POINT('Ctrl Pts',(-83.6686250497136,80.186467674277,160.772354114349));
#5552=CARTESIAN_POINT('Ctrl Pts',(-83.7977422282242,80.1827955315,160.828602663165));
#5553=CARTESIAN_POINT('Ctrl Pts',(-84.9785076496459,80.1506425943727,161.336018934755));
#5554=CARTESIAN_POINT('Ctrl Pts',(-86.0316159263626,80.107244515824,161.762102608916));
#5555=CARTESIAN_POINT('Ctrl Pts',(-87.1156159612643,80.0794135968359,162.137354336007));
#5556=CARTESIAN_POINT('Ctrl Pts',(-68.8205606615717,80.3748347359732,151.156517377923));
#5557=CARTESIAN_POINT('Ctrl Pts',(-68.3079362121635,80.3065800141855,150.695533586658));
#5558=CARTESIAN_POINT('Ctrl Pts',(-67.594117276725,80.2158864578027,149.72825716684));
#5559=CARTESIAN_POINT('Ctrl Pts',(-67.3635326380512,80.188037418835,148.592034141245));
#5560=CARTESIAN_POINT('Ctrl Pts',(-67.3636981808225,80.188262881441,148.104969394322));
#5561=CARTESIAN_POINT('Ctrl Pts',(-68.6968189002757,80.0717600483521,151.279278182925));
#5562=CARTESIAN_POINT('Ctrl Pts',(-68.1647034933801,80.021799117869,150.80646520328));
#5563=CARTESIAN_POINT('Ctrl Pts',(-67.4199275629474,79.9562253257142,149.802787384735));
#5564=CARTESIAN_POINT('Ctrl Pts',(-67.1785834967677,79.936218503954,148.614338314622));
#5565=CARTESIAN_POINT('Ctrl Pts',(-67.178756949659,79.9363803521152,148.104969394322));
#5566=CARTESIAN_POINT('Ctrl Pts',(-68.3339453298653,79.5597891649162,151.639275092224));
#5567=CARTESIAN_POINT('Ctrl Pts',(-67.7598227494149,79.545297088349,151.116245115748));
#5568=CARTESIAN_POINT('Ctrl Pts',(-66.9514913116701,79.526786242988,150.000203823442));
#5569=CARTESIAN_POINT('Ctrl Pts',(-66.6885631245314,79.5212267298403,148.673622275576));
#5570=CARTESIAN_POINT('Ctrl Pts',(-66.6887026329985,79.5212722810217,148.104969394322));
#5571=CARTESIAN_POINT('Ctrl Pts',(-67.8379689008337,79.3719363508287,152.131319694246));
#5572=CARTESIAN_POINT('Ctrl Pts',(-67.2196913214514,79.3720606147682,151.526766576498));
#5573=CARTESIAN_POINT('Ctrl Pts',(-66.3479634572341,79.3720018029593,150.251809161441));
#5574=CARTESIAN_POINT('Ctrl Pts',(-66.0640226932015,79.3719366642329,148.749087177596));
#5575=CARTESIAN_POINT('Ctrl Pts',(-66.0640693614559,79.3719363508288,148.104969394322));
#5576=CARTESIAN_POINT('Ctrl Pts',(-67.589765990614,79.3719363508287,152.377554988971));
#5577=CARTESIAN_POINT('Ctrl Pts',(-66.9494375234613,79.3719363508287,151.732109789001));
#5578=CARTESIAN_POINT('Ctrl Pts',(-66.0460293782954,79.3719363508288,150.377675697102));
#5579=CARTESIAN_POINT('Ctrl Pts',(-65.751582453628,79.3719363508288,148.786859252916));
#5580=CARTESIAN_POINT('Ctrl Pts',(-65.751582453628,79.3719363508288,148.104969394322));
#5581=CARTESIAN_POINT('',(-67.3636981808098,80.1882628814238,148.104969394322));
#5582=CARTESIAN_POINT('Origin',(-65.751582453628,81.3719363508287,148.104969394322));
#5583=CARTESIAN_POINT('Ctrl Pts',(-67.3636981808225,80.188262881441,148.104969394322));
#5584=CARTESIAN_POINT('Ctrl Pts',(-67.3635326380512,80.188037418835,148.592034141245));
#5585=CARTESIAN_POINT('Ctrl Pts',(-67.594117276725,80.2158864578027,149.72825716684));
#5586=CARTESIAN_POINT('Ctrl Pts',(-68.3079362121635,80.3065800141855,150.695533586658));
#5587=CARTESIAN_POINT('Ctrl Pts',(-68.8205606615717,80.3748347359732,151.156517377923));
#5588=CARTESIAN_POINT('Origin',(-65.7515824536282,81.3719363508287,139.717387405717));
#5589=CARTESIAN_POINT('',(-67.3636981808226,80.188262881441,139.717387405717));
#5590=CARTESIAN_POINT('Origin',(-65.7515824536282,81.3719363508287,139.717387405717));
#5591=CARTESIAN_POINT('',(-67.3636981808226,80.188262881441,139.717387405717));
#5592=CARTESIAN_POINT('Origin',(-75.9833148853106,83.3719363508287,165.217387405717));
#5593=CARTESIAN_POINT('',(-71.9922136727517,83.1052696841621,163.217387405717));
#5594=CARTESIAN_POINT('',(-71.9922136727517,83.1052696841621,165.217387405717));
#5595=CARTESIAN_POINT('',(-72.5192132701728,81.3719363508288,163.217387405717));
#5596=CARTESIAN_POINT('Origin',(-75.9833148853106,83.3719363508287,163.217387405717));
#5597=CARTESIAN_POINT('Ctrl Pts',(-72.5192132701728,81.3719363508288,163.217387405717));
#5598=CARTESIAN_POINT('Ctrl Pts',(-72.6703488473005,81.1101618524123,163.217387405717));
#5599=CARTESIAN_POINT('Ctrl Pts',(-72.8621411930508,80.8509562665611,163.163711017405));
#5600=CARTESIAN_POINT('Ctrl Pts',(-73.2901242325971,80.3980854764676,162.981249827791));
#5601=CARTESIAN_POINT('Ctrl Pts',(-73.5261862528549,80.2039390628248,162.853359010693));
#5602=CARTESIAN_POINT('Ctrl Pts',(-74.0819999870116,79.8302345511698,162.525291061839));
#5603=CARTESIAN_POINT('Ctrl Pts',(-74.4574696691452,79.652670754915,162.278726604318));
#5604=CARTESIAN_POINT('Ctrl Pts',(-75.226951163034,79.4236389465905,161.752601256634));
#5605=CARTESIAN_POINT('Ctrl Pts',(-75.6211778864716,79.3719363508288,161.473456933315));
#5606=CARTESIAN_POINT('Ctrl Pts',(-75.9833148853106,79.3719363508288,161.217387405717));
#5607=CARTESIAN_POINT('Origin',(-61.0166853382148,83.3719363508287,165.217387405717));
#5608=CARTESIAN_POINT('',(-64.4807869533526,81.3719363508288,163.217387405717));
#5609=CARTESIAN_POINT('',(-65.0077865507737,83.1052696841621,163.217387405717));
#5610=CARTESIAN_POINT('Origin',(-61.0166853382148,83.3719363508287,163.217387405717));
#5611=CARTESIAN_POINT('',(-65.0077865507737,83.1052696841621,165.217387405717));
#5612=CARTESIAN_POINT('Ctrl Pts',(-61.0166853382148,79.3719363508288,161.217387405717));
#5613=CARTESIAN_POINT('Ctrl Pts',(-61.3788223370538,79.3719363508288,161.473456933315));
#5614=CARTESIAN_POINT('Ctrl Pts',(-61.7730490604914,79.4236389465905,161.752601256634));
#5615=CARTESIAN_POINT('Ctrl Pts',(-62.5425305543802,79.6526707549149,162.278726604318));
#5616=CARTESIAN_POINT('Ctrl Pts',(-62.9180002365138,79.8302345511698,162.525291061839));
#5617=CARTESIAN_POINT('Ctrl Pts',(-63.4738139706706,80.2039390628248,162.853359010693));
#5618=CARTESIAN_POINT('Ctrl Pts',(-63.7098759909283,80.3980854764676,162.981249827791));
#5619=CARTESIAN_POINT('Ctrl Pts',(-64.1378590304746,80.8509562665611,163.163711017405));
#5620=CARTESIAN_POINT('Ctrl Pts',(-64.3296513762249,81.1101618524123,163.217387405717));
#5621=CARTESIAN_POINT('Ctrl Pts',(-64.4807869533526,81.3719363508288,163.217387405717));
#5622=CARTESIAN_POINT('Origin',(-63.5000001117627,81.3719363508288,161.217387405717));
#5623=CARTESIAN_POINT('',(-68.5000001117627,81.3719363508288,163.217387405717));
#5624=CARTESIAN_POINT('',(-63.5000001117627,81.3719363508288,163.217387405717));
#5625=CARTESIAN_POINT('',(-63.5000001117627,81.3719363508288,163.217387405717));
#5626=CARTESIAN_POINT('Origin',(-68.5000001117627,82.8719363508287,163.217387405717));
#5627=CARTESIAN_POINT('',(-67.0000001117627,82.8719363508287,163.217387405717));
#5628=CARTESIAN_POINT('Origin',(-68.5000001117627,82.8719363508287,163.217387405717));
#5629=CARTESIAN_POINT('Origin',(-68.5000001117627,82.8719363508287,163.217387405717));
#5630=CARTESIAN_POINT('Origin',(-68.5000001117627,82.8719363508287,163.217387405717));
#5631=CARTESIAN_POINT('Origin',(-75.9833148853106,50.3719363508287,165.217387405717));
#5632=CARTESIAN_POINT('',(-72.5192132701728,52.3719363508287,163.217387405717));
#5633=CARTESIAN_POINT('',(-71.9922136727517,50.6386030174954,163.217387405717));
#5634=CARTESIAN_POINT('Origin',(-75.9833148853106,50.3719363508287,163.217387405717));
#5635=CARTESIAN_POINT('',(-71.9922136727517,50.6386030174954,165.217387405717));
#5636=CARTESIAN_POINT('Ctrl Pts',(-75.9833148853106,54.3719363508287,161.217387405717));
#5637=CARTESIAN_POINT('Ctrl Pts',(-75.6211778864716,54.3719363508287,161.473456933315));
#5638=CARTESIAN_POINT('Ctrl Pts',(-75.226951163034,54.320233755067,161.752601256634));
#5639=CARTESIAN_POINT('Ctrl Pts',(-74.4574696691452,54.0912019467426,162.278726604318));
#5640=CARTESIAN_POINT('Ctrl Pts',(-74.0819999870117,53.9136381504877,162.525291061839));
#5641=CARTESIAN_POINT('Ctrl Pts',(-73.5261862528549,53.5399336388327,162.853359010693));
#5642=CARTESIAN_POINT('Ctrl Pts',(-73.2901242325971,53.34578722519,162.981249827791));
#5643=CARTESIAN_POINT('Ctrl Pts',(-72.8621411930509,52.8929164350965,163.163711017405));
#5644=CARTESIAN_POINT('Ctrl Pts',(-72.6703488473005,52.6337108492452,163.217387405717));
#5645=CARTESIAN_POINT('Ctrl Pts',(-72.5192132701728,52.3719363508287,163.217387405717));
#5646=CARTESIAN_POINT('Origin',(-61.0166853382148,50.3719363508287,165.217387405717));
#5647=CARTESIAN_POINT('',(-65.0077865507737,50.6386030174954,163.217387405717));
#5648=CARTESIAN_POINT('',(-65.0077865507737,50.6386030174954,165.217387405717));
#5649=CARTESIAN_POINT('',(-64.4807869533526,52.3719363508287,163.217387405717));
#5650=CARTESIAN_POINT('Origin',(-61.0166853382148,50.3719363508287,163.217387405717));
#5651=CARTESIAN_POINT('Ctrl Pts',(-64.4807869533526,52.3719363508287,163.217387405717));
#5652=CARTESIAN_POINT('Ctrl Pts',(-64.3296513762248,52.6337108492452,163.217387405717));
#5653=CARTESIAN_POINT('Ctrl Pts',(-64.1378590304745,52.8929164350964,163.163711017405));
#5654=CARTESIAN_POINT('Ctrl Pts',(-63.7098759909283,53.34578722519,162.981249827791));
#5655=CARTESIAN_POINT('Ctrl Pts',(-63.4738139706705,53.5399336388327,162.853359010693));
#5656=CARTESIAN_POINT('Ctrl Pts',(-62.9180002365137,53.9136381504877,162.525291061839));
#5657=CARTESIAN_POINT('Ctrl Pts',(-62.5425305543802,54.0912019467426,162.278726604318));
#5658=CARTESIAN_POINT('Ctrl Pts',(-61.7730490604914,54.320233755067,161.752601256634));
#5659=CARTESIAN_POINT('Ctrl Pts',(-61.3788223370538,54.3719363508287,161.473456933315));
#5660=CARTESIAN_POINT('Ctrl Pts',(-61.0166853382148,54.3719363508287,161.217387405717));
#5661=CARTESIAN_POINT('Origin',(-83.0000001117627,52.3719363508287,161.217387405717));
#5662=CARTESIAN_POINT('',(-68.5000001117627,52.3719363508287,163.217387405717));
#5663=CARTESIAN_POINT('',(-83.0000001117627,52.3719363508287,163.217387405717));
#5664=CARTESIAN_POINT('',(-83.0000001117627,52.3719363508287,163.217387405717));
#5665=CARTESIAN_POINT('Origin',(-68.5000001117627,50.8719363508287,163.217387405717));
#5666=CARTESIAN_POINT('',(-67.0000001117627,50.8719363508287,163.217387405717));
#5667=CARTESIAN_POINT('Origin',(-68.5000001117627,50.8719363508287,163.217387405717));
#5668=CARTESIAN_POINT('Origin',(-68.5000001117627,50.8719363508287,163.217387405717));
#5669=CARTESIAN_POINT('Origin',(-68.5000001117627,50.8719363508287,163.217387405717));
#5670=CARTESIAN_POINT('Origin',(-100.000000111763,61.3719363508495,165.73306680753));
#5671=CARTESIAN_POINT('',(-100.000000111759,63.3719363508288,165.733066807523));
#5672=CARTESIAN_POINT('Origin',(-100.000000111763,61.3719363508288,165.733066807524));
#5673=CARTESIAN_POINT('',(-98.0000001117627,61.3719363508287,165.733066807536));
#5674=CARTESIAN_POINT('Origin',(-100.000000111763,61.3719363508495,165.73306680753));
#5675=CARTESIAN_POINT('Origin',(-100.000000111763,61.3719363508287,165.733066807522));
#5676=CARTESIAN_POINT('Ctrl Pts',(-98.0000001117627,55.0695499357713,163.419496864586));
#5677=CARTESIAN_POINT('Ctrl Pts',(-98.0000001117627,55.5006575517185,163.601137064396));
#5678=CARTESIAN_POINT('Ctrl Pts',(-98.0000001117627,55.9332720613828,163.778381410507));
#5679=CARTESIAN_POINT('Ctrl Pts',(-98.0000001117627,58.0205338705043,164.608093077016));
#5680=CARTESIAN_POINT('Ctrl Pts',(-98.0000001117627,59.6817252681004,165.202616922033));
#5681=CARTESIAN_POINT('Ctrl Pts',(-98.0000001117627,61.3719363508495,165.73306680753));
#5682=CARTESIAN_POINT('Ctrl Pts',(-98.0000001117627,54.8700294150279,163.893041906489));
#5683=CARTESIAN_POINT('Ctrl Pts',(-98.0000364201652,55.3048338995395,164.074755826071));
#5684=CARTESIAN_POINT('Ctrl Pts',(-98.0000568388634,55.7411722954202,164.252122590528));
#5685=CARTESIAN_POINT('Ctrl Pts',(-98.0001352225996,57.8459867883012,165.082392878534));
#5686=CARTESIAN_POINT('Ctrl Pts',(-97.9999184060156,59.5186769982122,165.676989729747));
#5687=CARTESIAN_POINT('Ctrl Pts',(-98.0000001117627,61.2227958089159,166.208284172555));
#5688=CARTESIAN_POINT('Ctrl Pts',(-98.3646379206849,54.5229897566348,164.716711115868));
#5689=CARTESIAN_POINT('Ctrl Pts',(-98.3626209275442,54.9641616611559,164.898640348458));
#5690=CARTESIAN_POINT('Ctrl Pts',(-98.360707548449,55.406934591346,165.076288951226));
#5691=CARTESIAN_POINT('Ctrl Pts',(-98.3519599616262,57.5421072125844,165.90783082474));
#5692=CARTESIAN_POINT('Ctrl Pts',(-98.3463728925492,59.2350212333362,166.502496460454));
#5693=CARTESIAN_POINT('Ctrl Pts',(-98.3415905826897,60.9632001277877,167.035452787863));
#5694=CARTESIAN_POINT('Ctrl Pts',(-99.1838669718928,54.3449728496549,165.139219153443));
#5695=CARTESIAN_POINT('Ctrl Pts',(-99.1782288174312,54.7885974112581,165.323222627544));
#5696=CARTESIAN_POINT('Ctrl Pts',(-99.1728609310984,55.2339340640893,165.5028932272));
#5697=CARTESIAN_POINT('Ctrl Pts',(-99.148262656389,57.381501325982,166.343702663922));
#5698=CARTESIAN_POINT('Ctrl Pts',(-99.1322803314465,59.0830818444692,166.944126637997));
#5699=CARTESIAN_POINT('Ctrl Pts',(-99.1186733299799,60.8228311674955,167.482720623801));
#5700=CARTESIAN_POINT('Ctrl Pts',(-99.559812475348,54.312037924739,165.217387405717));
#5701=CARTESIAN_POINT('Ctrl Pts',(-99.5528908508493,54.7557435665893,165.402640919163));
#5702=CARTESIAN_POINT('Ctrl Pts',(-99.5462904850892,55.2012231028676,165.583509406666));
#5703=CARTESIAN_POINT('Ctrl Pts',(-99.5160109449134,57.3496565031102,166.429815178778));
#5704=CARTESIAN_POINT('Ctrl Pts',(-99.4961962987104,59.0522228208825,167.033723191145));
#5705=CARTESIAN_POINT('Ctrl Pts',(-99.4793464716679,60.7937122052292,167.575504492902));
#5706=CARTESIAN_POINT('Ctrl Pts',(-98.0000001117627,59.7969842302889,165.21764272641));
#5707=CARTESIAN_POINT('Ctrl Pts',(-98.0000001117627,60.3195566737253,165.395660944239));
#5708=CARTESIAN_POINT('Ctrl Pts',(-98.0000001117627,60.8443326848041,165.56748553363));
#5709=CARTESIAN_POINT('Ctrl Pts',(-98.0000001117627,61.3719363508495,165.73306680753));
#5710=CARTESIAN_POINT('Origin',(-100.000000111763,61.3719363508287,165.217387405717));
#5711=CARTESIAN_POINT('',(-100.000000111763,63.3719363508288,165.217387405717));
#5712=CARTESIAN_POINT('',(-98.0000001117627,61.3719363508287,165.217387405717));
#5713=CARTESIAN_POINT('Ctrl Pts',(-100.000000111759,63.3719363508288,165.733066807523));
#5714=CARTESIAN_POINT('Ctrl Pts',(-100.334239035598,63.3719363508288,165.827519235271));
#5715=CARTESIAN_POINT('Ctrl Pts',(-100.667636336413,63.3719363508288,165.925013402979));
#5716=CARTESIAN_POINT('Ctrl Pts',(-101.000000111762,63.3719363508288,166.026149489106));
#5717=CARTESIAN_POINT('Ctrl Pts',(-99.9034435350253,63.3719363508288,166.074751686));
#5718=CARTESIAN_POINT('Ctrl Pts',(-100.235567091794,63.3719370991117,166.168768485625));
#5719=CARTESIAN_POINT('Ctrl Pts',(-100.566663988748,63.3719359460919,166.265719379181));
#5720=CARTESIAN_POINT('Ctrl Pts',(-100.896530034688,63.3719363508288,166.366183464803));
#5721=CARTESIAN_POINT('Ctrl Pts',(-99.7109238244168,63.1782236007533,166.75602142597));
#5722=CARTESIAN_POINT('Ctrl Pts',(-100.038826499123,63.1780500575217,166.849166846136));
#5723=CARTESIAN_POINT('Ctrl Pts',(-100.365346002134,63.1779150593069,166.945032707855));
#5724=CARTESIAN_POINT('Ctrl Pts',(-100.690227911049,63.1778212805292,167.044154654926));
#5725=CARTESIAN_POINT('Ctrl Pts',(-99.4660131582216,62.2555318197608,167.622687105798));
#5726=CARTESIAN_POINT('Ctrl Pts',(-99.7886383498156,62.2546098026554,167.714446639003));
#5727=CARTESIAN_POINT('Ctrl Pts',(-100.109372353607,62.2538824861564,167.808712577922));
#5728=CARTESIAN_POINT('Ctrl Pts',(-100.427979593593,62.253384413731,167.90598196313));
#5729=CARTESIAN_POINT('Ctrl Pts',(-99.4374729636,61.3035664275419,167.723682328091));
#5730=CARTESIAN_POINT('Ctrl Pts',(-99.7596078480814,61.3020954554807,167.814735467139));
#5731=CARTESIAN_POINT('Ctrl Pts',(-100.079862466858,61.3009457415405,167.908393434889));
#5732=CARTESIAN_POINT('Ctrl Pts',(-100.397803159891,61.3001516419506,168.005150853444));
#5733=CARTESIAN_POINT('Ctrl Pts',(-99.4793464716643,60.7937122052078,167.575504492894));
#5734=CARTESIAN_POINT('Ctrl Pts',(-99.8025426663504,60.7921468956895,167.666345109539));
#5735=CARTESIAN_POINT('Ctrl Pts',(-100.123825992312,60.7909157030669,167.759919278544));
#5736=CARTESIAN_POINT('Ctrl Pts',(-100.442957378919,60.7900712640944,167.856760429373));
#5737=CARTESIAN_POINT('',(-101.000000111763,63.3719363508288,166.026149489106));
#5738=CARTESIAN_POINT('Ctrl Pts',(-100.000000111759,63.3719363508288,165.733066807523));
#5739=CARTESIAN_POINT('Ctrl Pts',(-100.334239035598,63.3719363508288,165.827519235271));
#5740=CARTESIAN_POINT('Ctrl Pts',(-100.667636336413,63.3719363508288,165.925013402979));
#5741=CARTESIAN_POINT('Ctrl Pts',(-101.000000111762,63.3719363508288,166.026149489106));
#5742=CARTESIAN_POINT('Origin',(-101.000000111762,61.3719363508288,166.026149489106));
#5743=CARTESIAN_POINT('Ctrl Pts',(-101.000000111763,63.3719363508287,166.026149489106));
#5744=CARTESIAN_POINT('Ctrl Pts',(-101.529696045377,63.3719363508287,166.279436980917));
#5745=CARTESIAN_POINT('Ctrl Pts',(-102.552807124878,63.6148453809653,166.948651942991));
#5746=CARTESIAN_POINT('Ctrl Pts',(-103.736089515394,64.529987885527,168.173695269096));
#5747=CARTESIAN_POINT('Ctrl Pts',(-104.480123640452,65.8711563442098,169.307951076293));
#5748=CARTESIAN_POINT('Ctrl Pts',(-104.570741573075,67.5611503977478,169.863419350742));
#5749=CARTESIAN_POINT('Ctrl Pts',(-103.850358732856,69.1183113596074,169.532011595453));
#5750=CARTESIAN_POINT('Ctrl Pts',(-102.578180177746,70.1264174271422,168.740662593479));
#5751=CARTESIAN_POINT('Ctrl Pts',(-101.530241910567,70.3719363508288,168.192927314835));
#5752=CARTESIAN_POINT('Ctrl Pts',(-101.000000111763,70.3719363508287,167.942476107096));
#5753=CARTESIAN_POINT('Ctrl Pts',(-100.896530034689,63.3719363508288,166.366183464803));
#5754=CARTESIAN_POINT('Ctrl Pts',(-101.407360335337,63.3562286105226,166.605185121401));
#5755=CARTESIAN_POINT('Ctrl Pts',(-102.416541602656,63.5508272191483,167.236886912362));
#5756=CARTESIAN_POINT('Ctrl Pts',(-103.653839611413,64.4255433442183,168.413330278793));
#5757=CARTESIAN_POINT('Ctrl Pts',(-104.467578565819,65.7907395359654,169.519335334497));
#5758=CARTESIAN_POINT('Ctrl Pts',(-104.583924234411,67.5551150112303,170.071927866786));
#5759=CARTESIAN_POINT('Ctrl Pts',(-103.820924936405,69.1702856815503,169.763246761444));
#5760=CARTESIAN_POINT('Ctrl Pts',(-102.491526440798,70.1714303370259,169.010058829318));
#5761=CARTESIAN_POINT('Ctrl Pts',(-101.436877702903,70.385668820021,168.485864898306));
#5762=CARTESIAN_POINT('Ctrl Pts',(-100.909559480373,70.3719363508287,168.243367012051));
#5763=CARTESIAN_POINT('Ctrl Pts',(-100.690228604273,63.1778206206055,167.044152376782));
#5764=CARTESIAN_POINT('Ctrl Pts',(-101.192981736968,63.1400119687716,167.254751696825));
#5765=CARTESIAN_POINT('Ctrl Pts',(-102.221264726057,63.2788680262251,167.812013788435));
#5766=CARTESIAN_POINT('Ctrl Pts',(-103.580973175537,64.1477971147721,168.891812028332));
#5767=CARTESIAN_POINT('Ctrl Pts',(-104.51782079415,65.6129942905406,169.941605467413));
#5768=CARTESIAN_POINT('Ctrl Pts',(-104.674944658728,67.5548470395438,170.488534124653));
#5769=CARTESIAN_POINT('Ctrl Pts',(-103.83395578474,69.3234303057592,170.22519843385));
#5770=CARTESIAN_POINT('Ctrl Pts',(-102.379960384841,70.3735739301928,169.548023557531));
#5771=CARTESIAN_POINT('Ctrl Pts',(-101.273526928736,70.5574696712204,169.070594563052));
#5772=CARTESIAN_POINT('Ctrl Pts',(-100.72904877558,70.5230148582935,168.843915996333));
#5773=CARTESIAN_POINT('Ctrl Pts',(-100.427980980147,62.2533837413037,167.905977406496));
#5774=CARTESIAN_POINT('Ctrl Pts',(-101.01853812028,62.2152735670509,168.095213930551));
#5775=CARTESIAN_POINT('Ctrl Pts',(-102.219190844179,62.409230016634,168.596302774958));
#5776=CARTESIAN_POINT('Ctrl Pts',(-103.785786220329,63.4953588153321,169.59836990187));
#5777=CARTESIAN_POINT('Ctrl Pts',(-104.856134668506,65.2714448200528,170.601344549198));
#5778=CARTESIAN_POINT('Ctrl Pts',(-105.044410994608,67.5955926895054,171.150745038757));
#5779=CARTESIAN_POINT('Ctrl Pts',(-104.10015135134,69.7334806404566,170.93736735837));
#5780=CARTESIAN_POINT('Ctrl Pts',(-102.428748445816,71.0544254189327,170.325600066161));
#5781=CARTESIAN_POINT('Ctrl Pts',(-101.126043919287,71.299255022952,169.883253590535));
#5782=CARTESIAN_POINT('Ctrl Pts',(-100.48115064271,71.2570981967876,169.668659171935));
#5783=CARTESIAN_POINT('Ctrl Pts',(-100.397803159891,61.3001516419505,168.005150853444));
#5784=CARTESIAN_POINT('Ctrl Pts',(-101.117871398111,61.2860855172674,168.219965314331));
#5785=CARTESIAN_POINT('Ctrl Pts',(-102.521070213251,61.6112579503498,168.790951627166));
#5786=CARTESIAN_POINT('Ctrl Pts',(-104.198941999343,62.9711379961182,169.878748397813));
#5787=CARTESIAN_POINT('Ctrl Pts',(-105.289434994468,65.0303868275436,170.932495131333));
#5788=CARTESIAN_POINT('Ctrl Pts',(-105.466985898217,67.6595656928953,171.504803578253));
#5789=CARTESIAN_POINT('Ctrl Pts',(-104.478014077598,70.1140257302561,171.27811121952));
#5790=CARTESIAN_POINT('Ctrl Pts',(-102.671657325988,71.728158328347,170.605620125159));
#5791=CARTESIAN_POINT('Ctrl Pts',(-101.173492265933,72.0858515621554,170.116761603607));
#5792=CARTESIAN_POINT('Ctrl Pts',(-100.415408739442,72.0593425828199,169.887378794563));
#5793=CARTESIAN_POINT('Ctrl Pts',(-100.442957378919,60.7900712640943,167.856760429373));
#5794=CARTESIAN_POINT('Ctrl Pts',(-101.242197210795,60.7879564321138,168.099291588499));
#5795=CARTESIAN_POINT('Ctrl Pts',(-102.766701867261,61.1824012830909,168.745052753942));
#5796=CARTESIAN_POINT('Ctrl Pts',(-104.499198430878,62.687380900722,169.937847842835));
#5797=CARTESIAN_POINT('Ctrl Pts',(-105.586587838771,64.9017544520545,171.059687478418));
#5798=CARTESIAN_POINT('Ctrl Pts',(-105.751006708164,67.7068592747736,171.655590180575));
#5799=CARTESIAN_POINT('Ctrl Pts',(-104.740842405305,70.3465367806629,171.396346241992));
#5800=CARTESIAN_POINT('Ctrl Pts',(-102.862493670206,72.124801119195,170.640463137292));
#5801=CARTESIAN_POINT('Ctrl Pts',(-101.250907361014,72.5451553329123,170.098505469118));
#5802=CARTESIAN_POINT('Ctrl Pts',(-100.426073818808,72.529167736798,169.851896674054));
#5803=CARTESIAN_POINT('Ctrl Pts',(-101.000000111763,63.3719363508287,166.026149489106));
#5804=CARTESIAN_POINT('Ctrl Pts',(-101.529696045377,63.3719363508287,166.279436980917));
#5805=CARTESIAN_POINT('Ctrl Pts',(-102.552807124878,63.6148453809653,166.948651942991));
#5806=CARTESIAN_POINT('Ctrl Pts',(-103.736089515394,64.529987885527,168.173695269096));
#5807=CARTESIAN_POINT('Ctrl Pts',(-104.480123640452,65.8711563442098,169.307951076293));
#5808=CARTESIAN_POINT('Ctrl Pts',(-104.570741573075,67.5611503977478,169.863419350742));
#5809=CARTESIAN_POINT('Ctrl Pts',(-103.850358732856,69.1183113596074,169.532011595453));
#5810=CARTESIAN_POINT('Ctrl Pts',(-102.578180177746,70.1264174271422,168.740662593479));
#5811=CARTESIAN_POINT('Ctrl Pts',(-101.530241910567,70.3719363508288,168.192927314835));
#5812=CARTESIAN_POINT('Ctrl Pts',(-101.000000111763,70.3719363508287,167.942476107096));
#5813=CARTESIAN_POINT('Origin',(-98.0000001117627,79.8719363508287,165.217387405717));
#5814=CARTESIAN_POINT('Origin',(-68.5000001117627,82.8719363508287,165.217387405717));
#5815=CARTESIAN_POINT('',(-67.0000001117627,82.8719363508287,165.217387405717));
#5816=CARTESIAN_POINT('Origin',(-68.5000001117627,82.8719363508287,165.217387405717));
#5817=CARTESIAN_POINT('Origin',(-68.5000001117627,50.8719363508287,165.217387405717));
#5818=CARTESIAN_POINT('',(-67.0000001117627,50.8719363508287,165.217387405717));
#5819=CARTESIAN_POINT('Origin',(-68.5000001117627,50.8719363508287,165.217387405717));
#5820=CARTESIAN_POINT('Origin',(-101.000000111763,66.8719363508287,165.217387405717));
#5821=CARTESIAN_POINT('',(-99.5000001117627,66.8719363508287,157.217387405717));
#5822=CARTESIAN_POINT('',(-99.5000001117627,66.8719363508287,165.217387405717));
#5823=CARTESIAN_POINT('Origin',(-101.000000111763,66.8719363508287,157.217387405717));
#5824=CARTESIAN_POINT('Origin',(-101.000000111763,66.8719363508287,157.217387405717));
#5825=CARTESIAN_POINT('Origin',(-72.0000001117627,79.8719363508287,165.217387405717));
#5826=CARTESIAN_POINT('Origin',(-98.0000001117627,63.3719363508288,165.217387405717));
#5827=CARTESIAN_POINT('Origin',(-101.000000111763,63.3719363508288,165.217387405717));
#5828=CARTESIAN_POINT('',(-101.000000111763,63.3719363508288,165.217387405717));
#5829=CARTESIAN_POINT('Origin',(-101.000000111763,66.8719363508287,165.217387405717));
#5830=CARTESIAN_POINT('Origin',(-85.5000001117627,66.8719363508287,139.717387405717));
#5831=CARTESIAN_POINT('',(-94.5000001117627,66.8719363508287,142.217387405717));
#5832=CARTESIAN_POINT('Origin',(-85.5000001117627,66.8719363508287,142.217387405717));
#5833=CARTESIAN_POINT('',(-94.5000001117627,66.8719363508287,139.717387405717));
#5834=CARTESIAN_POINT('',(-94.5000001117627,66.8719363508287,139.717387405717));
#5835=CARTESIAN_POINT('Origin',(-85.5000001117627,66.8719363508287,139.717387405717));
#5836=CARTESIAN_POINT('Origin',(-78.0000001117627,66.8719363508287,142.217387405717));
#5837=CARTESIAN_POINT('',(-95.5000001117627,56.3719363508287,142.217387405717));
#5838=CARTESIAN_POINT('',(-95.5000001117627,77.3719363508287,142.217387405717));
#5839=CARTESIAN_POINT('',(-95.5000001117627,61.6219363508287,142.217387405717));
#5840=CARTESIAN_POINT('',(-60.5000001117627,56.3719363508287,142.217387405717));
#5841=CARTESIAN_POINT('',(-69.2500001117627,56.3719363508287,142.217387405717));
#5842=CARTESIAN_POINT('',(-60.5000001117627,77.3719363508287,142.217387405717));
#5843=CARTESIAN_POINT('',(-60.5000001117627,72.1219363508287,142.217387405717));
#5844=CARTESIAN_POINT('',(-86.7500001117627,77.3719363508287,142.217387405717));
#5845=CARTESIAN_POINT('Origin',(-95.5000001117627,56.3719363508287,139.717387405717));
#5846=CARTESIAN_POINT('',(-95.5000001117627,56.3719363508287,139.717387405717));
#5847=CARTESIAN_POINT('',(-95.5000001117627,77.3719363508287,139.717387405717));
#5848=CARTESIAN_POINT('Origin',(-95.5000001117627,77.3719363508287,139.717387405717));
#5849=CARTESIAN_POINT('',(-60.5000001117627,77.3719363508287,139.717387405717));
#5850=CARTESIAN_POINT('Origin',(-85.5000001117597,66.8719363508288,139.717387405717));
#5851=CARTESIAN_POINT('Origin',(-85.5000001117597,66.8719363508288,139.717387405717));
#5852=CARTESIAN_POINT('',(-58.5000001117627,79.3719363508287,139.717387405717));
#5853=CARTESIAN_POINT('Origin',(-97.5000001117627,79.3719363508287,139.717387405717));
#5854=CARTESIAN_POINT('Origin',(-60.5000001117627,56.3719363508287,139.717387405717));
#5855=CARTESIAN_POINT('',(-60.5000001117627,56.3719363508287,139.717387405717));
#5856=CARTESIAN_POINT('Origin',(-60.5000001117627,77.3719363508287,139.717387405717));
#5857=CARTESIAN_POINT('Origin',(-58.5000001117627,54.3719363508287,139.717387405717));
#5858=CARTESIAN_POINT('Ctrl Pts',(-87.1123631683131,80.076532009546,162.139251547343));
#5859=CARTESIAN_POINT('Ctrl Pts',(-86.5702411453563,80.3547990979855,161.715239784761));
#5860=CARTESIAN_POINT('Ctrl Pts',(-85.9771046204146,80.6810183028621,161.219550549671));
#5861=CARTESIAN_POINT('Ctrl Pts',(-82.3820228653089,82.8261650295517,157.971551573799));
#5862=CARTESIAN_POINT('Ctrl Pts',(-79.9199745800367,85.1156443745415,154.554722135564));
#5863=CARTESIAN_POINT('Ctrl Pts',(-79.0704005132257,87.4638366844473,151.052125747558));
#5864=CARTESIAN_POINT('Ctrl Pts',(-83.9578372846005,78.7184169216557,162.332217592152));
#5865=CARTESIAN_POINT('Ctrl Pts',(-83.3753988723884,78.9969271739391,161.904408788152));
#5866=CARTESIAN_POINT('Ctrl Pts',(-82.7369679834565,79.3239325492835,161.403751872005));
#5867=CARTESIAN_POINT('Ctrl Pts',(-78.8582877835804,81.4776179863017,158.119834983698));
#5868=CARTESIAN_POINT('Ctrl Pts',(-76.155341323321,83.7910908025724,154.650288019075));
#5869=CARTESIAN_POINT('Ctrl Pts',(-75.0721261913886,86.1784567234441,151.078986244647));
#5870=CARTESIAN_POINT('Ctrl Pts',(-81.1854431984379,76.254950209978,162.196262816096));
#5871=CARTESIAN_POINT('Ctrl Pts',(-80.5642636045791,76.5323601442324,161.77868736562));
#5872=CARTESIAN_POINT('Ctrl Pts',(-79.8820197110204,76.8581835802746,161.289166261814));
#5873=CARTESIAN_POINT('Ctrl Pts',(-75.7255265743727,79.00454169656,158.072442844783));
#5874=CARTESIAN_POINT('Ctrl Pts',(-72.7719792523868,81.3124424203326,154.64759831916));
#5875=CARTESIAN_POINT('Ctrl Pts',(-71.4531627462808,83.7097772425076,151.07969684057));
#5876=CARTESIAN_POINT('Ctrl Pts',(-79.2052012032542,73.1069186264448,161.861564570403));
#5877=CARTESIAN_POINT('Ctrl Pts',(-78.5555652920564,73.3776567258948,161.461711277176));
#5878=CARTESIAN_POINT('Ctrl Pts',(-77.8404112580148,73.6959186712959,160.992046573966));
#5879=CARTESIAN_POINT('Ctrl Pts',(-73.4724710618855,75.7941128014696,157.899366006917));
#5880=CARTESIAN_POINT('Ctrl Pts',(-70.3077316042841,78.0581051296359,154.577347347453));
#5881=CARTESIAN_POINT('Ctrl Pts',(-68.7791015293186,80.4387808124513,151.062101058685));
#5882=CARTESIAN_POINT('Ctrl Pts',(-79.0704002597273,87.4638374736777,151.052125754953));
#5883=CARTESIAN_POINT('Ctrl Pts',(-75.0455329955374,86.1711538695821,151.091157540728));
#5884=CARTESIAN_POINT('Ctrl Pts',(-71.4482485946051,83.6584413559981,151.128693007457));
#5885=CARTESIAN_POINT('Ctrl Pts',(-68.8195584357474,80.3756373177315,151.156523573278));
#5886=CARTESIAN_POINT('Origin',(-85.5000001117597,66.8719363508288,139.717387405717));
#5887=CARTESIAN_POINT('Ctrl Pts',(-69.1906430755078,51.3717791560108,149.717387405716));
#5888=CARTESIAN_POINT('Ctrl Pts',(-69.1838232290752,51.3789550387456,149.715726184621));
#5889=CARTESIAN_POINT('Ctrl Pts',(-69.176620077131,51.3865443439195,149.713941923633));
#5890=CARTESIAN_POINT('Ctrl Pts',(-69.0414306626792,51.5291811937585,149.680693169874));
#5891=CARTESIAN_POINT('Ctrl Pts',(-68.7870138060449,51.8043920523125,149.617042127585));
#5892=CARTESIAN_POINT('Ctrl Pts',(-68.4159401685688,52.2264746939056,149.525389870261));
#5893=CARTESIAN_POINT('Ctrl Pts',(-67.9336804339054,52.8034836569639,149.410257683621));
#5894=CARTESIAN_POINT('Ctrl Pts',(-67.5873876996681,53.2509536792572,149.331962266786));
#5895=CARTESIAN_POINT('Ctrl Pts',(-67.3636981808224,53.5556098202165,149.282817903047));
#5896=CARTESIAN_POINT('',(-79.4855660608529,45.1906867778153,148.529441214944));
#5897=CARTESIAN_POINT('Ctrl Pts',(-79.485566060853,45.1906867778153,148.529441214945));
#5898=CARTESIAN_POINT('Ctrl Pts',(-75.5926228448942,46.2649115692531,148.89512723605));
#5899=CARTESIAN_POINT('Ctrl Pts',(-72.0012476704115,48.4155146181379,149.339348454096));
#5900=CARTESIAN_POINT('Ctrl Pts',(-69.2069859736104,51.3547905771463,149.715130894115));
#5901=CARTESIAN_POINT('Ctrl Pts',(-69.1988157228754,51.3629767112568,149.71632945704));
#5902=CARTESIAN_POINT('Ctrl Pts',(-69.1906430755082,51.3717791560104,149.717387405717));
#5903=CARTESIAN_POINT('Ctrl Pts',(-108.00000011176,66.8719363508293,149.717387405718));
#5904=CARTESIAN_POINT('Ctrl Pts',(-108.000058546904,66.8591361119901,149.716090955652));
#5905=CARTESIAN_POINT('Ctrl Pts',(-107.99993307623,66.8459329076384,149.714696300487));
#5906=CARTESIAN_POINT('Ctrl Pts',(-107.9975715033,64.7950117734336,149.504606228668));
#5907=CARTESIAN_POINT('Ctrl Pts',(-107.431184723236,60.7191440486855,149.039527166255));
#5908=CARTESIAN_POINT('Ctrl Pts',(-105.383554222758,55.9946149633137,148.448389743627));
#5909=CARTESIAN_POINT('Ctrl Pts',(-103.407324312667,53.1937444161444,148.136555231346));
#5910=CARTESIAN_POINT('Ctrl Pts',(-101.620173025087,51.094838270933,147.926185246819));
#5911=CARTESIAN_POINT('Ctrl Pts',(-100.363266076622,49.926238788646,147.829461338823));
#5912=CARTESIAN_POINT('Ctrl Pts',(-98.49955826238,48.4806329385697,147.734450535681));
#5913=CARTESIAN_POINT('Ctrl Pts',(-96.8357410871518,47.3574390227313,147.676486441821));
#5914=CARTESIAN_POINT('Ctrl Pts',(-94.1299546447711,46.021316037229,147.665250548958));
#5915=CARTESIAN_POINT('Ctrl Pts',(-90.3510956133213,44.7422698736163,147.754491956772));
#5916=CARTESIAN_POINT('Ctrl Pts',(-85.3578072007618,44.1058766634825,148.035383026769));
#5917=CARTESIAN_POINT('Ctrl Pts',(-81.3981354025526,44.6612032594788,148.351682595556));
#5918=CARTESIAN_POINT('Ctrl Pts',(-79.4855660608529,45.1906867778153,148.529441214944));
#5919=CARTESIAN_POINT('',(-78.8134957704608,88.355433731232,148.151145781322));
#5920=CARTESIAN_POINT('Ctrl Pts',(-78.8134957704608,88.355433731232,148.151145781322));
#5921=CARTESIAN_POINT('Ctrl Pts',(-81.7485911117943,89.2769919240394,148.165645827906));
#5922=CARTESIAN_POINT('Ctrl Pts',(-86.34234916866,89.7086213759258,148.195307647619));
#5923=CARTESIAN_POINT('Ctrl Pts',(-92.1228894236667,88.5120128773468,148.283663717009));
#5924=CARTESIAN_POINT('Ctrl Pts',(-96.0542195427017,86.8954245258754,148.371173227788));
#5925=CARTESIAN_POINT('Ctrl Pts',(-98.4329787796506,85.3370207360406,148.450173421783));
#5926=CARTESIAN_POINT('Ctrl Pts',(-102.607739017606,82.0221093673182,148.622597249011));
#5927=CARTESIAN_POINT('Ctrl Pts',(-105.873044812494,77.5622739919327,148.853688391505));
#5928=CARTESIAN_POINT('Ctrl Pts',(-107.728262806538,71.1043846474152,149.32482200316));
#5929=CARTESIAN_POINT('Ctrl Pts',(-107.999179198595,68.3082079281299,149.575901640228));
#5930=CARTESIAN_POINT('Ctrl Pts',(-107.999985064264,66.9019839998182,149.714431161063));
#5931=CARTESIAN_POINT('Ctrl Pts',(-108.000000111759,66.8869600796604,149.715908699315));
#5932=CARTESIAN_POINT('Ctrl Pts',(-108.00000011176,66.8719363508293,149.717387405718));
#5933=CARTESIAN_POINT('Ctrl Pts',(-67.3636970750677,80.188263690205,148.104969465583));
#5934=CARTESIAN_POINT('Ctrl Pts',(-70.1895218792294,84.0522673952681,148.097958158042));
#5935=CARTESIAN_POINT('Ctrl Pts',(-74.268517710146,86.9527753176367,148.127023999752));
#5936=CARTESIAN_POINT('Ctrl Pts',(-78.8134957704609,88.355433731232,148.151145781316));
#5937=CARTESIAN_POINT('Ctrl Pts',(-79.0707452562864,87.4639482743542,151.052122409301));
#5938=CARTESIAN_POINT('Ctrl Pts',(-74.7243246197799,86.0680737780771,151.094272346128));
#5939=CARTESIAN_POINT('Ctrl Pts',(-70.8765125097862,83.2494453043408,151.134677621215));
#5940=CARTESIAN_POINT('Ctrl Pts',(-68.2086099872096,79.5746735190405,151.163001085014));
#5941=CARTESIAN_POINT('Ctrl Pts',(-78.8975923566904,88.0390775227962,150.212665648577));
#5942=CARTESIAN_POINT('Ctrl Pts',(-74.4223119649413,86.6362559491072,150.242485405786));
#5943=CARTESIAN_POINT('Ctrl Pts',(-70.4297616408017,83.7624394481615,150.271344729548));
#5944=CARTESIAN_POINT('Ctrl Pts',(-67.6647663046752,79.9717939633387,150.29627574805));
#5945=CARTESIAN_POINT('Ctrl Pts',(-78.8063135660535,88.3553996880792,149.183323889472));
#5946=CARTESIAN_POINT('Ctrl Pts',(-74.260273650112,86.9511862603474,149.186354327278));
#5947=CARTESIAN_POINT('Ctrl Pts',(-70.1843040958063,84.0492652706538,149.186492161744));
#5948=CARTESIAN_POINT('Ctrl Pts',(-67.3624237727165,80.1910411476714,149.202545759579));
#5949=CARTESIAN_POINT('Ctrl Pts',(-78.8134957704609,88.355433731232,148.151145781316));
#5950=CARTESIAN_POINT('Ctrl Pts',(-74.2682892259015,86.9527048034684,148.127022787107));
#5951=CARTESIAN_POINT('Ctrl Pts',(-70.1891117634525,84.0519757639534,148.097955235645));
#5952=CARTESIAN_POINT('Ctrl Pts',(-67.3632709066403,80.1876809315939,148.10497052327));
#5953=CARTESIAN_POINT('Ctrl Pts',(-79.0704043145641,87.4638262601471,151.052142098046));
#5954=CARTESIAN_POINT('Ctrl Pts',(-79.0225721518953,87.6227936781247,150.820128185637));
#5955=CARTESIAN_POINT('Ctrl Pts',(-78.9809758865343,87.7620610140903,150.573499770695));
#5956=CARTESIAN_POINT('Ctrl Pts',(-78.9459887029153,87.8803380460633,150.316247112194));
#5957=CARTESIAN_POINT('Ctrl Pts',(-78.9104056684075,88.0006294006348,150.0546133001));
#5958=CARTESIAN_POINT('Ctrl Pts',(-78.8816589078089,88.0992088595028,149.781991601533));
#5959=CARTESIAN_POINT('Ctrl Pts',(-78.8601278335662,88.1747608020805,149.502612296514));
#5960=CARTESIAN_POINT('Ctrl Pts',(-78.8390379092448,88.2487647618151,149.228957190717));
#5961=CARTESIAN_POINT('Ctrl Pts',(-78.8248710861688,88.3006749054893,148.948819933501));
#5962=CARTESIAN_POINT('Ctrl Pts',(-78.817969805346,88.3293000299102,148.666186832598));
#5963=CARTESIAN_POINT('Ctrl Pts',(-78.8137928851141,88.3466250546995,148.495126424007));
#5964=CARTESIAN_POINT('Ctrl Pts',(-78.8122771529702,88.3554213545215,148.323151871231));
#5965=CARTESIAN_POINT('Ctrl Pts',(-78.8134957704608,88.355433731232,148.151145781322));
#5966=CARTESIAN_POINT('Ctrl Pts',(-67.4016122247396,53.8885162724395,150.753738576696));
#5967=CARTESIAN_POINT('Ctrl Pts',(-67.5975076524795,53.5594449138942,150.697892906313));
#5968=CARTESIAN_POINT('Ctrl Pts',(-67.9051348898801,53.0667765212771,150.592585922142));
#5969=CARTESIAN_POINT('Ctrl Pts',(-68.358004412061,52.4006322205376,150.351649346974));
#5970=CARTESIAN_POINT('Ctrl Pts',(-68.7309385749139,51.89076106764,150.08159834947));
#5971=CARTESIAN_POINT('Ctrl Pts',(-69.0194330286003,51.5534687372279,149.831106659927));
#5972=CARTESIAN_POINT('Ctrl Pts',(-69.1744987262011,51.388808686289,149.728189926107));
#5973=CARTESIAN_POINT('Ctrl Pts',(-69.1834633698414,51.3793336847589,149.718125372399));
#5974=CARTESIAN_POINT('Ctrl Pts',(-69.1906430755078,51.3717791560108,149.717387405716));
#5975=CARTESIAN_POINT('Ctrl Pts',(-67.3272685427925,53.7353695762771,150.278516785506));
#5976=CARTESIAN_POINT('Ctrl Pts',(-67.5419496403592,53.4193206540932,150.25438404512));
#5977=CARTESIAN_POINT('Ctrl Pts',(-67.8771700311709,52.9502984730507,150.205606031155));
#5978=CARTESIAN_POINT('Ctrl Pts',(-68.359552241091,52.3277673313338,150.078529764362));
#5979=CARTESIAN_POINT('Ctrl Pts',(-68.745533127061,51.8581388078681,149.926820556165));
#5980=CARTESIAN_POINT('Ctrl Pts',(-69.0265990626899,51.5452147861078,149.780969019934));
#5981=CARTESIAN_POINT('Ctrl Pts',(-69.1752009662034,51.3880492965239,149.723440620384));
#5982=CARTESIAN_POINT('Ctrl Pts',(-69.1835833229194,51.3792074694211,149.717325643139));
#5983=CARTESIAN_POINT('Ctrl Pts',(-69.1906430755078,51.3717791560108,149.717387405716));
#5984=CARTESIAN_POINT('Ctrl Pts',(-67.3144370094997,53.622701557155,149.7807021067));
#5985=CARTESIAN_POINT('Ctrl Pts',(-67.5385529050258,53.3151627154058,149.793193513497));
#5986=CARTESIAN_POINT('Ctrl Pts',(-67.8868048607162,52.861749057757,149.807938831254));
#5987=CARTESIAN_POINT('Ctrl Pts',(-68.3789616691831,52.269479431695,149.801959371773));
#5988=CARTESIAN_POINT('Ctrl Pts',(-68.7642378751619,51.8293471612145,149.771930120958));
#5989=CARTESIAN_POINT('Ctrl Pts',(-69.0339315231446,51.5371188371021,149.730830967877));
#5990=CARTESIAN_POINT('Ctrl Pts',(-69.17590808909,51.3872945165005,149.718691275692));
#5991=CARTESIAN_POINT('Ctrl Pts',(-69.1837032759973,51.3790812540834,149.71652591388));
#5992=CARTESIAN_POINT('Ctrl Pts',(-69.1906430755078,51.3717791560108,149.717387405716));
#5993=CARTESIAN_POINT('Ctrl Pts',(-67.3636981808224,53.5556098202165,149.282817903047));
#5994=CARTESIAN_POINT('Ctrl Pts',(-67.5873876996681,53.2509536792572,149.331962266786));
#5995=CARTESIAN_POINT('Ctrl Pts',(-67.9336804339054,52.8034836569639,149.410257683621));
#5996=CARTESIAN_POINT('Ctrl Pts',(-68.4159401685688,52.2264746939056,149.525389870261));
#5997=CARTESIAN_POINT('Ctrl Pts',(-68.7870138060449,51.8043920523125,149.617042127585));
#5998=CARTESIAN_POINT('Ctrl Pts',(-69.0414306626792,51.5291811937585,149.680693169874));
#5999=CARTESIAN_POINT('Ctrl Pts',(-69.176620077131,51.3865443439195,149.713941923633));
#6000=CARTESIAN_POINT('Ctrl Pts',(-69.1838232290752,51.3789550387456,149.715726184621));
#6001=CARTESIAN_POINT('Ctrl Pts',(-69.1906430755078,51.3717791560108,149.717387405716));
#6002=CARTESIAN_POINT('Ctrl Pts',(-108.00000011176,66.8719363508293,149.717387405718));
#6003=CARTESIAN_POINT('Ctrl Pts',(-108.000000111768,66.8873305756934,149.718836455256));
#6004=CARTESIAN_POINT('Ctrl Pts',(-107.999981709362,66.9027240519306,149.720283945686));
#6005=CARTESIAN_POINT('Ctrl Pts',(-107.998203718845,68.3446825320628,149.856751797237));
#6006=CARTESIAN_POINT('Ctrl Pts',(-107.669337173985,71.1843563213518,150.088789452689));
#6007=CARTESIAN_POINT('Ctrl Pts',(-105.594865209205,77.5906917204305,150.463287285099));
#6008=CARTESIAN_POINT('Ctrl Pts',(-102.204091853278,81.8358124192692,150.615620733155));
#6009=CARTESIAN_POINT('Ctrl Pts',(-98.0408352740605,84.9323434538667,150.74026273374));
#6010=CARTESIAN_POINT('Ctrl Pts',(-95.6864193639571,86.3745009994627,150.797566876404));
#6011=CARTESIAN_POINT('Ctrl Pts',(-91.8486493410834,87.8372041228823,150.870629997716));
#6012=CARTESIAN_POINT('Ctrl Pts',(-86.2599987697095,88.862818593062,150.962065292575));
#6013=CARTESIAN_POINT('Ctrl Pts',(-81.8753146762754,88.3784311015166,151.023164505465));
#6014=CARTESIAN_POINT('Ctrl Pts',(-79.0700599046358,87.4637139607194,151.052145656207));
#6015=CARTESIAN_POINT('Ctrl Pts',(-108.000000111759,66.8719363508292,149.717387405717));
#6016=CARTESIAN_POINT('Ctrl Pts',(-108.000000111763,66.8872070770149,149.717860536609));
#6017=CARTESIAN_POINT('Ctrl Pts',(-107.999983698573,66.902477367896,149.71833301748));
#6018=CARTESIAN_POINT('Ctrl Pts',(-107.998780356014,68.3323287681259,149.763040162951));
#6019=CARTESIAN_POINT('Ctrl Pts',(-107.704346117421,71.1587345650827,149.834743645242));
#6020=CARTESIAN_POINT('Ctrl Pts',(-105.761135114762,77.6095116856266,149.940155594249));
#6021=CARTESIAN_POINT('Ctrl Pts',(-102.444721044428,81.9855552070809,149.987641037613));
#6022=CARTESIAN_POINT('Ctrl Pts',(-98.2731230545485,85.2148225427629,150.0354387222));
#6023=CARTESIAN_POINT('Ctrl Pts',(-95.9030986931792,86.727272699538,150.059052251611));
#6024=CARTESIAN_POINT('Ctrl Pts',(-92.0072891826258,88.2830447817763,150.095120195555));
#6025=CARTESIAN_POINT('Ctrl Pts',(-86.2995714978789,89.4117406226728,150.147889897548));
#6026=CARTESIAN_POINT('Ctrl Pts',(-81.7865004136768,88.9593993376958,150.191764833699));
#6027=CARTESIAN_POINT('Ctrl Pts',(-78.897103291719,88.0389174787649,150.212685111091));
#6028=CARTESIAN_POINT('Ctrl Pts',(-108.00000011176,66.8719363508294,149.717387405718));
#6029=CARTESIAN_POINT('Ctrl Pts',(-108.00000011176,66.8870835783371,149.716884617962));
#6030=CARTESIAN_POINT('Ctrl Pts',(-107.999984816874,66.9022306838588,149.716382089272));
#6031=CARTESIAN_POINT('Ctrl Pts',(-107.999104514604,68.3201670554883,149.669470505966));
#6032=CARTESIAN_POINT('Ctrl Pts',(-107.723968685394,71.132037657039,149.579782733644));
#6033=CARTESIAN_POINT('Ctrl Pts',(-105.854782540861,77.5996224857385,149.396937032295));
#6034=CARTESIAN_POINT('Ctrl Pts',(-102.582962199995,82.0488484570852,149.305265990323));
#6035=CARTESIAN_POINT('Ctrl Pts',(-98.4087966664772,85.354778259442,149.243185108767));
#6036=CARTESIAN_POINT('Ctrl Pts',(-96.0310260048565,86.908250270386,149.215625558107));
#6037=CARTESIAN_POINT('Ctrl Pts',(-92.1033138468284,88.5190391920226,149.190127517943));
#6038=CARTESIAN_POINT('Ctrl Pts',(-86.3288594920898,89.7097579767625,149.172660091395));
#6039=CARTESIAN_POINT('Ctrl Pts',(-81.7417532457109,89.2775761927342,149.180002359827));
#6040=CARTESIAN_POINT('Ctrl Pts',(-78.8060675572493,88.3553232168888,149.183333697045));
#6041=CARTESIAN_POINT('Ctrl Pts',(-108.00000011176,66.8719363508293,149.717387405718));
#6042=CARTESIAN_POINT('Ctrl Pts',(-108.000000111759,66.8869600796604,149.715908699315));
#6043=CARTESIAN_POINT('Ctrl Pts',(-107.999985064264,66.9019839998182,149.714431161063));
#6044=CARTESIAN_POINT('Ctrl Pts',(-107.999179198595,68.3082079281299,149.575901640228));
#6045=CARTESIAN_POINT('Ctrl Pts',(-107.728262806538,71.1043846474152,149.32482200316));
#6046=CARTESIAN_POINT('Ctrl Pts',(-105.873044812494,77.5622739919327,148.853688391505));
#6047=CARTESIAN_POINT('Ctrl Pts',(-102.607739017606,82.0221093673182,148.622597249011));
#6048=CARTESIAN_POINT('Ctrl Pts',(-98.4329787796506,85.3370207360406,148.450173421783));
#6049=CARTESIAN_POINT('Ctrl Pts',(-96.0542195427017,86.8954245258754,148.371173227788));
#6050=CARTESIAN_POINT('Ctrl Pts',(-92.1228894236667,88.5120128773468,148.283663717009));
#6051=CARTESIAN_POINT('Ctrl Pts',(-86.34234916866,89.7086213759258,148.195307647619));
#6052=CARTESIAN_POINT('Ctrl Pts',(-81.7485911117943,89.2769919240394,148.165645827906));
#6053=CARTESIAN_POINT('Ctrl Pts',(-78.8134957704608,88.355433731232,148.151145781322));
#6054=CARTESIAN_POINT('Ctrl Pts',(-69.1906430755082,51.3717791560104,149.717387405717));
#6055=CARTESIAN_POINT('Ctrl Pts',(-69.1988157228754,51.3629767112568,149.71632945704));
#6056=CARTESIAN_POINT('Ctrl Pts',(-69.2069859736104,51.3547905771463,149.715130894115));
#6057=CARTESIAN_POINT('Ctrl Pts',(-72.0012476704115,48.4155146181379,149.339348454096));
#6058=CARTESIAN_POINT('Ctrl Pts',(-75.5926228448942,46.2649115692531,148.89512723605));
#6059=CARTESIAN_POINT('Ctrl Pts',(-79.485566060853,45.1906867778153,148.529441214945));
#6060=CARTESIAN_POINT('Ctrl Pts',(-69.1906430755082,51.3717791560104,149.717387405717));
#6061=CARTESIAN_POINT('Ctrl Pts',(-69.1988230041831,51.3629226706164,149.716944329354));
#6062=CARTESIAN_POINT('Ctrl Pts',(-69.2070788082701,51.3547371644465,149.716440989623));
#6063=CARTESIAN_POINT('Ctrl Pts',(-72.0117981859591,48.4027400966046,149.559077095002));
#6064=CARTESIAN_POINT('Ctrl Pts',(-75.6315613602772,46.2429235531224,149.37152029394));
#6065=CARTESIAN_POINT('Ctrl Pts',(-79.5365388354743,45.1770693446101,149.245615366296));
#6066=CARTESIAN_POINT('Ctrl Pts',(-69.1906430755081,51.3717791560104,149.717387405717));
#6067=CARTESIAN_POINT('Ctrl Pts',(-69.1988763405982,51.3629442456999,149.717557126472));
#6068=CARTESIAN_POINT('Ctrl Pts',(-69.207127258029,51.3546117307127,149.717753056636));
#6069=CARTESIAN_POINT('Ctrl Pts',(-72.0241992018719,48.3923896515606,149.7787321283));
#6070=CARTESIAN_POINT('Ctrl Pts',(-75.6310072411362,46.1828275637492,149.848133123686));
#6071=CARTESIAN_POINT('Ctrl Pts',(-79.5453706029746,45.0116674206711,149.961323824841));
#6072=CARTESIAN_POINT('Ctrl Pts',(-69.1906430755082,51.3717791560104,149.717387405717));
#6073=CARTESIAN_POINT('Ctrl Pts',(-69.1989690186991,51.3630633678103,149.718188440259));
#6074=CARTESIAN_POINT('Ctrl Pts',(-69.2071376309159,51.3543932877168,149.719047879023));
#6075=CARTESIAN_POINT('Ctrl Pts',(-72.0382904493369,48.3854113430982,149.99865731705));
#6076=CARTESIAN_POINT('Ctrl Pts',(-75.5911437992651,46.0811899574765,150.325210597451));
#6077=CARTESIAN_POINT('Ctrl Pts',(-79.5112627527934,44.7094374372033,150.611848816637));
#6078=CARTESIAN_POINT('Ctrl Pts',(-79.4855660608529,45.1906867778153,148.529441214944));
#6079=CARTESIAN_POINT('Ctrl Pts',(-79.5110474985197,45.1838794286135,148.887489811107));
#6080=CARTESIAN_POINT('Ctrl Pts',(-79.5259996438596,45.139127745612,149.245492816757));
#6081=CARTESIAN_POINT('Ctrl Pts',(-79.5303138941703,45.0582877313277,149.595288885648));
#6082=CARTESIAN_POINT('Ctrl Pts',(-79.534628144481,44.9774477170435,149.945084954538));
#6083=CARTESIAN_POINT('Ctrl Pts',(-79.5283044740729,44.8605198533528,150.286671997502));
#6084=CARTESIAN_POINT('Ctrl Pts',(-79.5112507477207,44.7094161215323,150.611901111312));
#6085=CARTESIAN_POINT('Ctrl Pts',(-79.4855660608529,45.1906867778153,148.529441214944));
#6086=CARTESIAN_POINT('Ctrl Pts',(-81.3981354025526,44.6612032594788,148.351682595556));
#6087=CARTESIAN_POINT('Ctrl Pts',(-85.3578072007618,44.1058766634825,148.035383026769));
#6088=CARTESIAN_POINT('Ctrl Pts',(-90.3510956133213,44.7422698736163,147.754491956772));
#6089=CARTESIAN_POINT('Ctrl Pts',(-94.1299546447711,46.021316037229,147.665250548958));
#6090=CARTESIAN_POINT('Ctrl Pts',(-96.8357410871518,47.3574390227313,147.676486441821));
#6091=CARTESIAN_POINT('Ctrl Pts',(-98.49955826238,48.4806329385697,147.734450535681));
#6092=CARTESIAN_POINT('Ctrl Pts',(-100.363266076622,49.926238788646,147.829461338823));
#6093=CARTESIAN_POINT('Ctrl Pts',(-101.620173025087,51.094838270933,147.926185246819));
#6094=CARTESIAN_POINT('Ctrl Pts',(-103.407324312667,53.1937444161444,148.136555231346));
#6095=CARTESIAN_POINT('Ctrl Pts',(-105.383554222758,55.9946149633137,148.448389743627));
#6096=CARTESIAN_POINT('Ctrl Pts',(-107.431184723236,60.7191440486855,149.039527166255));
#6097=CARTESIAN_POINT('Ctrl Pts',(-107.9975715033,64.7950117734336,149.504606228668));
#6098=CARTESIAN_POINT('Ctrl Pts',(-107.99993307623,66.8459329076384,149.714696300487));
#6099=CARTESIAN_POINT('Ctrl Pts',(-108.000058546904,66.8591361119901,149.716090955652));
#6100=CARTESIAN_POINT('Ctrl Pts',(-108.00000011176,66.8719363508293,149.717387405718));
#6101=CARTESIAN_POINT('Ctrl Pts',(-79.5365151744744,45.1770759530681,149.24563277967));
#6102=CARTESIAN_POINT('Ctrl Pts',(-81.4536893066617,44.6513062530375,149.18488626367));
#6103=CARTESIAN_POINT('Ctrl Pts',(-85.4228313924566,44.10730819451,149.095678883961));
#6104=CARTESIAN_POINT('Ctrl Pts',(-90.3978272812099,44.7604519141134,149.084936099534));
#6105=CARTESIAN_POINT('Ctrl Pts',(-94.1367527021254,46.0341645623041,149.105320191776));
#6106=CARTESIAN_POINT('Ctrl Pts',(-96.8141098148309,47.3551937323945,149.122824556078));
#6107=CARTESIAN_POINT('Ctrl Pts',(-98.4642079360281,48.4647505458373,149.141635418383));
#6108=CARTESIAN_POINT('Ctrl Pts',(-100.316423411984,49.894131578771,149.169685363773));
#6109=CARTESIAN_POINT('Ctrl Pts',(-101.568797031088,51.0492669320939,149.195497564273));
#6110=CARTESIAN_POINT('Ctrl Pts',(-103.35727185459,53.1335061549292,149.251097466202));
#6111=CARTESIAN_POINT('Ctrl Pts',(-105.344678197356,55.9232116907142,149.331279144574));
#6112=CARTESIAN_POINT('Ctrl Pts',(-107.423750968124,60.6736615901803,149.498145902286));
#6113=CARTESIAN_POINT('Ctrl Pts',(-107.997565441003,64.7832667746263,149.651449762374));
#6114=CARTESIAN_POINT('Ctrl Pts',(-107.99993761998,66.8457540821866,149.716537195503));
#6115=CARTESIAN_POINT('Ctrl Pts',(-108.000053382381,66.8590844272908,149.71700060505));
#6116=CARTESIAN_POINT('Ctrl Pts',(-108.000000111759,66.8719363508293,149.717387405718));
#6117=CARTESIAN_POINT('Ctrl Pts',(-79.5453214368537,45.0116739410838,149.961358600074));
#6118=CARTESIAN_POINT('Ctrl Pts',(-81.4677022307178,44.4351411748555,150.017114255642));
#6119=CARTESIAN_POINT('Ctrl Pts',(-85.4626441991411,43.7682030221501,150.153994600861));
#6120=CARTESIAN_POINT('Ctrl Pts',(-90.5530188251113,44.2266487735524,150.406093243052));
#6121=CARTESIAN_POINT('Ctrl Pts',(-94.3969948463468,45.4311546021083,150.530650056197));
#6122=CARTESIAN_POINT('Ctrl Pts',(-97.1303889736021,46.7733108948756,150.554246405599));
#6123=CARTESIAN_POINT('Ctrl Pts',(-98.7956203414625,47.9330213783343,150.535717584464));
#6124=CARTESIAN_POINT('Ctrl Pts',(-100.649567918089,49.4332360147009,150.49967129892));
#6125=CARTESIAN_POINT('Ctrl Pts',(-101.88405938561,50.65211305546,150.457183756893));
#6126=CARTESIAN_POINT('Ctrl Pts',(-103.618897177796,52.8392634307483,150.361644506062));
#6127=CARTESIAN_POINT('Ctrl Pts',(-105.514446640644,55.7558521360059,150.213635530176));
#6128=CARTESIAN_POINT('Ctrl Pts',(-107.455355007425,60.6316397677979,149.956862454304));
#6129=CARTESIAN_POINT('Ctrl Pts',(-107.998295753354,64.7702243898844,149.798274438245));
#6130=CARTESIAN_POINT('Ctrl Pts',(-107.999901879617,66.8456334181666,149.718378366306));
#6131=CARTESIAN_POINT('Ctrl Pts',(-108.000091836614,66.8589721903334,149.717909994048));
#6132=CARTESIAN_POINT('Ctrl Pts',(-108.00000011176,66.8719363508294,149.717387405718));
#6133=CARTESIAN_POINT('Ctrl Pts',(-79.5111885101135,44.7094378123479,150.611896600434));
#6134=CARTESIAN_POINT('Ctrl Pts',(-81.4379504703198,44.0379272655358,150.751545203884));
#6135=CARTESIAN_POINT('Ctrl Pts',(-85.4740800011669,43.1420332106243,151.027074128101));
#6136=CARTESIAN_POINT('Ctrl Pts',(-90.7748686945605,43.292509053891,151.338401139131));
#6137=CARTESIAN_POINT('Ctrl Pts',(-94.8232375206466,44.4158319690202,151.461140691328));
#6138=CARTESIAN_POINT('Ctrl Pts',(-97.6773476578199,45.8084655233399,151.486057041722));
#6139=CARTESIAN_POINT('Ctrl Pts',(-99.3866623102445,47.0570079579145,151.466637485807));
#6140=CARTESIAN_POINT('Ctrl Pts',(-101.263963441758,48.6790443441921,151.42576191049));
#6141=CARTESIAN_POINT('Ctrl Pts',(-102.482786321617,50.0076782309281,151.377508106311));
#6142=CARTESIAN_POINT('Ctrl Pts',(-104.137697172129,52.371653234804,151.235693115102));
#6143=CARTESIAN_POINT('Ctrl Pts',(-105.876218437098,55.5082851059777,150.994950169802));
#6144=CARTESIAN_POINT('Ctrl Pts',(-107.528998155548,60.591353426197,150.420818181502));
#6145=CARTESIAN_POINT('Ctrl Pts',(-107.998868690491,64.7563350960193,149.94316865781));
#6146=CARTESIAN_POINT('Ctrl Pts',(-107.999860610208,66.8455564596631,149.72030639538));
#6147=CARTESIAN_POINT('Ctrl Pts',(-108.000137975773,66.8588141818775,149.718728940177));
#6148=CARTESIAN_POINT('Ctrl Pts',(-108.00000011176,66.8719363508293,149.717387405718));
#6149=CARTESIAN_POINT('Origin',(-105.50000011176,37.3706896057317,191.849534141135));
#6150=CARTESIAN_POINT('Origin',(-75.9833148853106,50.3719363508287,165.217387405717));
#6151=CARTESIAN_POINT('',(-71.9922136727517,50.6386030174954,165.217387405717));
#6152=CARTESIAN_POINT('',(-75.9833148853106,54.3719363508287,165.217387405717));
#6153=CARTESIAN_POINT('Origin',(-75.9833148853106,50.3719363508287,165.217387405717));
#6154=CARTESIAN_POINT('',(-71.9922136727517,50.6386030174954,167.217387405717));
#6155=CARTESIAN_POINT('',(-71.9922136727517,50.6386030174954,165.217387405717));
#6156=CARTESIAN_POINT('',(-75.9833148853106,54.3719363508287,167.217387405717));
#6157=CARTESIAN_POINT('Origin',(-75.9833148853106,50.3719363508287,167.217387405717));
#6158=CARTESIAN_POINT('',(-75.9833148853106,54.3719363508287,165.217387405717));
#6159=CARTESIAN_POINT('Origin',(-97.5000001117627,54.3719363508287,165.217387405717));
#6160=CARTESIAN_POINT('',(-95.5000001117627,54.3719363508287,167.217387405717));
#6161=CARTESIAN_POINT('',(-58.5000001117627,54.3719363508287,167.217387405717));
#6162=CARTESIAN_POINT('',(-95.5000001117627,54.3719363508287,165.217387405717));
#6163=CARTESIAN_POINT('',(-95.5000001117627,54.3719363508287,165.217387405717));
#6164=CARTESIAN_POINT('',(-58.5000001117627,54.3719363508287,165.217387405717));
#6165=CARTESIAN_POINT('Origin',(-61.0166853382148,50.3719363508287,165.217387405717));
#6166=CARTESIAN_POINT('',(-61.0166853382148,54.3719363508287,167.217387405717));
#6167=CARTESIAN_POINT('',(-65.0077865507737,50.6386030174954,167.217387405717));
#6168=CARTESIAN_POINT('Origin',(-61.0166853382148,50.3719363508287,167.217387405717));
#6169=CARTESIAN_POINT('',(-65.0077865507737,50.6386030174954,165.217387405717));
#6170=CARTESIAN_POINT('',(-65.0077865507737,50.6386030174954,165.217387405717));
#6171=CARTESIAN_POINT('',(-61.0166853382148,54.3719363508287,165.217387405717));
#6172=CARTESIAN_POINT('Origin',(-61.0166853382148,50.3719363508287,165.217387405717));
#6173=CARTESIAN_POINT('',(-61.0166853382148,54.3719363508287,165.217387405717));
#6174=CARTESIAN_POINT('Origin',(-65.0000001117627,54.3719363508287,165.217387405717));
#6175=CARTESIAN_POINT('',(-60.5000001117627,54.3719363508287,165.217387405717));
#6176=CARTESIAN_POINT('',(-58.5000001117627,54.3719363508287,165.217387405717));
#6177=CARTESIAN_POINT('',(-60.5000001117627,54.3719363508287,167.217387405717));
#6178=CARTESIAN_POINT('',(-60.5000001117627,54.3719363508287,165.217387405717));
#6179=CARTESIAN_POINT('',(-58.5000001117627,54.3719363508287,167.217387405717));
#6180=CARTESIAN_POINT('Origin',(-75.9833148853106,83.3719363508287,165.217387405717));
#6181=CARTESIAN_POINT('',(-75.9833148853106,79.3719363508287,167.217387405717));
#6182=CARTESIAN_POINT('',(-71.9922136727517,83.1052696841621,167.217387405717));
#6183=CARTESIAN_POINT('Origin',(-75.9833148853106,83.3719363508287,167.217387405717));
#6184=CARTESIAN_POINT('',(-71.9922136727517,83.1052696841621,165.217387405717));
#6185=CARTESIAN_POINT('',(-71.9922136727517,83.1052696841621,165.217387405717));
#6186=CARTESIAN_POINT('',(-75.9833148853106,79.3719363508287,165.217387405717));
#6187=CARTESIAN_POINT('Origin',(-75.9833148853106,83.3719363508287,165.217387405717));
#6188=CARTESIAN_POINT('',(-75.9833148853106,79.3719363508287,165.217387405717));
#6189=CARTESIAN_POINT('Origin',(-72.0000001117627,79.3719363508287,165.217387405717));
#6190=CARTESIAN_POINT('',(-95.5000001117627,79.3719363508287,165.217387405717));
#6191=CARTESIAN_POINT('',(-97.5000001117627,79.3719363508287,165.217387405717));
#6192=CARTESIAN_POINT('',(-95.5000001117627,79.3719363508287,167.217387405717));
#6193=CARTESIAN_POINT('',(-95.5000001117627,79.3719363508287,165.217387405717));
#6194=CARTESIAN_POINT('',(-97.5000001117627,79.3719363508287,167.217387405717));
#6195=CARTESIAN_POINT('Origin',(-61.0166853382148,83.3719363508287,165.217387405717));
#6196=CARTESIAN_POINT('',(-65.0077865507737,83.1052696841621,165.217387405717));
#6197=CARTESIAN_POINT('',(-61.0166853382148,79.3719363508287,165.217387405717));
#6198=CARTESIAN_POINT('Origin',(-61.0166853382148,83.3719363508287,165.217387405717));
#6199=CARTESIAN_POINT('',(-65.0077865507737,83.1052696841621,167.217387405717));
#6200=CARTESIAN_POINT('',(-65.0077865507737,83.1052696841621,165.217387405717));
#6201=CARTESIAN_POINT('',(-61.0166853382148,79.3719363508287,167.217387405717));
#6202=CARTESIAN_POINT('Origin',(-61.0166853382148,83.3719363508287,167.217387405717));
#6203=CARTESIAN_POINT('',(-61.0166853382148,79.3719363508287,165.217387405717));
#6204=CARTESIAN_POINT('Origin',(-58.5000001117627,79.3719363508287,165.217387405717));
#6205=CARTESIAN_POINT('',(-60.5000001117627,79.3719363508287,167.217387405717));
#6206=CARTESIAN_POINT('',(-97.5000001117627,79.3719363508287,167.217387405717));
#6207=CARTESIAN_POINT('',(-60.5000001117627,79.3719363508287,165.217387405717));
#6208=CARTESIAN_POINT('',(-60.5000001117627,79.3719363508287,165.217387405717));
#6209=CARTESIAN_POINT('',(-97.5000001117627,79.3719363508287,165.217387405717));
#6210=CARTESIAN_POINT('Origin',(-99.5000001117627,71.8719363508288,165.217387405717));
#6211=CARTESIAN_POINT('',(-97.5000001117627,71.8719363508288,165.217387405717));
#6212=CARTESIAN_POINT('',(-99.5000001117627,69.8719363508288,165.217387405717));
#6213=CARTESIAN_POINT('Origin',(-99.5000001117627,71.8719363508288,165.217387405717));
#6214=CARTESIAN_POINT('',(-99.5000001117627,69.8719363508288,167.217387405717));
#6215=CARTESIAN_POINT('',(-99.5000001117627,69.8719363508288,165.217387405717));
#6216=CARTESIAN_POINT('',(-97.5000001117627,71.8719363508288,167.217387405717));
#6217=CARTESIAN_POINT('Origin',(-99.5000001117627,71.8719363508288,167.217387405717));
#6218=CARTESIAN_POINT('',(-97.5000001117627,71.8719363508288,165.217387405717));
#6219=CARTESIAN_POINT('Origin',(-97.5000001117627,69.8719363508288,165.217387405717));
#6220=CARTESIAN_POINT('',(-101.000000111763,69.8719363508288,165.217387405717));
#6221=CARTESIAN_POINT('',(-97.5000001117627,69.8719363508288,165.217387405717));
#6222=CARTESIAN_POINT('',(-101.000000111763,69.8719363508288,167.217387405717));
#6223=CARTESIAN_POINT('',(-101.000000111763,69.8719363508288,165.217387405717));
#6224=CARTESIAN_POINT('',(-97.5000001117627,69.8719363508288,167.217387405717));
#6225=CARTESIAN_POINT('Origin',(-99.5000001117627,61.8719363508287,165.217387405717));
#6226=CARTESIAN_POINT('',(-99.5000001117627,63.8719363508287,165.217387405717));
#6227=CARTESIAN_POINT('',(-97.5000001117627,61.8719363508287,165.217387405717));
#6228=CARTESIAN_POINT('Origin',(-99.5000001117627,61.8719363508287,165.217387405717));
#6229=CARTESIAN_POINT('',(-97.5000001117627,61.8719363508287,167.217387405717));
#6230=CARTESIAN_POINT('',(-97.5000001117627,61.8719363508287,165.217387405717));
#6231=CARTESIAN_POINT('',(-99.5000001117627,63.8719363508287,167.217387405717));
#6232=CARTESIAN_POINT('Origin',(-99.5000001117627,61.8719363508287,167.217387405717));
#6233=CARTESIAN_POINT('',(-99.5000001117627,63.8719363508287,165.217387405717));
#6234=CARTESIAN_POINT('Origin',(-97.5000001117627,63.8719363508288,165.217387405717));
#6235=CARTESIAN_POINT('',(-97.5000001117627,56.3719363508287,165.217387405717));
#6236=CARTESIAN_POINT('',(-97.5000001117627,54.3719363508287,165.217387405717));
#6237=CARTESIAN_POINT('',(-97.5000001117627,56.3719363508287,167.217387405717));
#6238=CARTESIAN_POINT('',(-97.5000001117627,56.3719363508287,165.217387405717));
#6239=CARTESIAN_POINT('',(-97.5000001117627,54.3719363508287,167.217387405717));
#6240=CARTESIAN_POINT('Origin',(-95.5000001117627,77.3719363508287,165.217387405717));
#6241=CARTESIAN_POINT('',(-97.5000001117627,77.3719363508287,167.217387405717));
#6242=CARTESIAN_POINT('Origin',(-95.5000001117627,77.3719363508287,167.217387405717));
#6243=CARTESIAN_POINT('',(-97.5000001117627,77.3719363508287,165.217387405717));
#6244=CARTESIAN_POINT('Origin',(-95.5000001117627,77.3719363508287,165.217387405717));
#6245=CARTESIAN_POINT('',(-97.5000001117627,77.3719363508287,165.217387405717));
#6246=CARTESIAN_POINT('Origin',(-97.5000001117627,79.3719363508287,165.217387405717));
#6247=CARTESIAN_POINT('',(-97.5000001117627,54.3719363508287,167.217387405717));
#6248=CARTESIAN_POINT('',(-97.5000001117627,54.3719363508287,165.217387405717));
#6249=CARTESIAN_POINT('Origin',(-81.2500001117627,66.8719363508287,165.217387405717));
#6250=CARTESIAN_POINT('Origin',(-68.5000001117627,82.8719363508287,165.217387405717));
#6251=CARTESIAN_POINT('',(-58.5000001117627,77.3719363508287,165.217387405717));
#6252=CARTESIAN_POINT('Origin',(-60.5000001117627,77.3719363508287,165.217387405717));
#6253=CARTESIAN_POINT('',(-58.5000001117627,56.3719363508287,165.217387405717));
#6254=CARTESIAN_POINT('',(-58.5000001117627,79.3719363508287,165.217387405717));
#6255=CARTESIAN_POINT('Origin',(-60.5000001117627,56.3719363508287,165.217387405717));
#6256=CARTESIAN_POINT('Origin',(-68.5000001117627,50.8719363508287,165.217387405717));
#6257=CARTESIAN_POINT('Origin',(-95.5000001117627,56.3719363508287,165.217387405717));
#6258=CARTESIAN_POINT('',(-101.000000111763,63.8719363508287,165.217387405717));
#6259=CARTESIAN_POINT('',(-101.000000111763,63.8719363508287,165.217387405717));
#6260=CARTESIAN_POINT('Origin',(-101.000000111763,66.8719363508287,165.217387405717));
#6261=CARTESIAN_POINT('',(-62.0000001117627,74.8719363508287,165.217387405717));
#6262=CARTESIAN_POINT('Origin',(-63.0000001117627,74.8719363508287,165.217387405717));
#6263=CARTESIAN_POINT('',(-67.0000001117627,50.8719363508287,165.217387405717));
#6264=CARTESIAN_POINT('Origin',(-68.5000001117627,50.8719363508287,165.217387405717));
#6265=CARTESIAN_POINT('',(-67.0000001117627,82.8719363508287,165.217387405717));
#6266=CARTESIAN_POINT('Origin',(-68.5000001117627,82.8719363508287,165.217387405717));
#6267=CARTESIAN_POINT('',(-71.0000001117627,63.8719363508287,165.217387405717));
#6268=CARTESIAN_POINT('',(-71.0000001117627,56.3719363508287,165.217387405717));
#6269=CARTESIAN_POINT('',(-71.0000001117627,56.3719363508287,165.217387405717));
#6270=CARTESIAN_POINT('',(-83.0000001117627,63.8719363508287,165.217387405717));
#6271=CARTESIAN_POINT('',(-71.0000001117627,63.8719363508287,165.217387405717));
#6272=CARTESIAN_POINT('',(-83.0000001117627,56.3719363508287,165.217387405717));
#6273=CARTESIAN_POINT('',(-83.0000001117627,63.8719363508287,165.217387405717));
#6274=CARTESIAN_POINT('',(-60.5000001117627,56.3719363508287,165.217387405717));
#6275=CARTESIAN_POINT('',(-71.0000001117627,69.8719363508287,165.217387405717));
#6276=CARTESIAN_POINT('',(-83.0000001117627,69.8719363508287,165.217387405717));
#6277=CARTESIAN_POINT('',(-71.0000001117627,69.8719363508287,165.217387405717));
#6278=CARTESIAN_POINT('',(-71.0000001117627,77.3719363508287,165.217387405717));
#6279=CARTESIAN_POINT('',(-71.0000001117627,77.3719363508287,165.217387405717));
#6280=CARTESIAN_POINT('',(-83.0000001117627,77.3719363508287,165.217387405717));
#6281=CARTESIAN_POINT('',(-95.5000001117627,77.3719363508287,165.217387405717));
#6282=CARTESIAN_POINT('',(-83.0000001117627,69.8719363508287,165.217387405717));
#6283=CARTESIAN_POINT('',(-92.0000001117627,74.8719363508287,165.217387405717));
#6284=CARTESIAN_POINT('Origin',(-93.0000001117627,74.8719363508287,165.217387405717));
#6285=CARTESIAN_POINT('',(-99.5000001117627,66.8719363508287,165.217387405717));
#6286=CARTESIAN_POINT('Origin',(-101.000000111763,66.8719363508287,165.217387405717));
#6287=CARTESIAN_POINT('',(-62.0000001117627,58.8719363508287,165.217387405717));
#6288=CARTESIAN_POINT('Origin',(-63.0000001117627,58.8719363508287,165.217387405717));
#6289=CARTESIAN_POINT('',(-92.0000001117627,58.8719363508287,165.217387405717));
#6290=CARTESIAN_POINT('Origin',(-93.0000001117627,58.8719363508287,165.217387405717));
#6291=CARTESIAN_POINT('Origin',(-95.5000001117627,56.3719363508287,165.217387405717));
#6292=CARTESIAN_POINT('Origin',(-95.5000001117627,56.3719363508287,167.217387405717));
#6293=CARTESIAN_POINT('Origin',(-60.5000001117627,77.3719363508287,165.217387405717));
#6294=CARTESIAN_POINT('',(-58.5000001117627,77.3719363508287,167.217387405717));
#6295=CARTESIAN_POINT('Origin',(-60.5000001117627,77.3719363508287,167.217387405717));
#6296=CARTESIAN_POINT('',(-58.5000001117627,77.3719363508287,165.217387405717));
#6297=CARTESIAN_POINT('Origin',(-60.5000001117627,56.3719363508287,165.217387405717));
#6298=CARTESIAN_POINT('',(-58.5000001117627,56.3719363508287,167.217387405717));
#6299=CARTESIAN_POINT('Origin',(-60.5000001117627,56.3719363508287,167.217387405717));
#6300=CARTESIAN_POINT('',(-58.5000001117627,56.3719363508287,165.217387405717));
#6301=CARTESIAN_POINT('Origin',(-93.0000001117627,58.8719363508287,165.217387405717));
#6302=CARTESIAN_POINT('',(-92.0000001117627,58.8719363508287,167.217387405717));
#6303=CARTESIAN_POINT('Origin',(-93.0000001117627,58.8719363508287,167.217387405717));
#6304=CARTESIAN_POINT('',(-92.0000001117627,58.8719363508287,165.217387405717));
#6305=CARTESIAN_POINT('Origin',(-63.0000001117627,58.8719363508287,165.217387405717));
#6306=CARTESIAN_POINT('',(-62.0000001117627,58.8719363508287,167.217387405717));
#6307=CARTESIAN_POINT('Origin',(-63.0000001117627,58.8719363508287,167.217387405717));
#6308=CARTESIAN_POINT('',(-62.0000001117627,58.8719363508287,165.217387405717));
#6309=CARTESIAN_POINT('Origin',(-101.000000111763,66.8719363508287,165.217387405717));
#6310=CARTESIAN_POINT('',(-99.5000001117627,66.8719363508287,167.217387405717));
#6311=CARTESIAN_POINT('Origin',(-101.000000111763,66.8719363508287,167.217387405717));
#6312=CARTESIAN_POINT('',(-99.5000001117627,66.8719363508287,165.217387405717));
#6313=CARTESIAN_POINT('Origin',(-93.0000001117627,74.8719363508287,165.217387405717));
#6314=CARTESIAN_POINT('',(-92.0000001117627,74.8719363508287,167.217387405717));
#6315=CARTESIAN_POINT('Origin',(-93.0000001117627,74.8719363508287,167.217387405717));
#6316=CARTESIAN_POINT('',(-92.0000001117627,74.8719363508287,165.217387405717));
#6317=CARTESIAN_POINT('Origin',(-71.0000001117627,77.3719363508287,165.217387405717));
#6318=CARTESIAN_POINT('',(-71.0000001117627,69.8719363508287,167.217387405717));
#6319=CARTESIAN_POINT('',(-71.0000001117627,69.8719363508287,165.217387405717));
#6320=CARTESIAN_POINT('',(-71.0000001117627,77.3719363508287,167.217387405717));
#6321=CARTESIAN_POINT('',(-71.0000001117627,77.3719363508287,167.217387405717));
#6322=CARTESIAN_POINT('',(-71.0000001117627,77.3719363508287,165.217387405717));
#6323=CARTESIAN_POINT('Origin',(-83.0000001117627,77.3719363508287,165.217387405717));
#6324=CARTESIAN_POINT('',(-83.0000001117627,77.3719363508287,167.217387405717));
#6325=CARTESIAN_POINT('',(-95.5000001117627,77.3719363508287,167.217387405717));
#6326=CARTESIAN_POINT('',(-83.0000001117627,77.3719363508287,165.217387405717));
#6327=CARTESIAN_POINT('Origin',(-83.0000001117627,69.8719363508287,165.217387405717));
#6328=CARTESIAN_POINT('',(-83.0000001117627,69.8719363508287,167.217387405717));
#6329=CARTESIAN_POINT('',(-83.0000001117627,69.8719363508287,167.217387405717));
#6330=CARTESIAN_POINT('',(-83.0000001117627,69.8719363508287,165.217387405717));
#6331=CARTESIAN_POINT('Origin',(-71.0000001117627,69.8719363508287,165.217387405717));
#6332=CARTESIAN_POINT('',(-71.0000001117627,69.8719363508287,167.217387405717));
#6333=CARTESIAN_POINT('Origin',(-83.0000001117627,63.8719363508287,165.217387405717));
#6334=CARTESIAN_POINT('',(-71.0000001117627,63.8719363508287,167.217387405717));
#6335=CARTESIAN_POINT('',(-71.0000001117627,63.8719363508287,165.217387405717));
#6336=CARTESIAN_POINT('',(-83.0000001117627,63.8719363508287,167.217387405717));
#6337=CARTESIAN_POINT('',(-71.0000001117627,63.8719363508287,167.217387405717));
#6338=CARTESIAN_POINT('',(-83.0000001117627,63.8719363508287,165.217387405717));
#6339=CARTESIAN_POINT('Origin',(-83.0000001117627,56.3719363508287,165.217387405717));
#6340=CARTESIAN_POINT('',(-83.0000001117627,56.3719363508287,167.217387405717));
#6341=CARTESIAN_POINT('',(-83.0000001117627,63.8719363508287,167.217387405717));
#6342=CARTESIAN_POINT('',(-83.0000001117627,56.3719363508287,165.217387405717));
#6343=CARTESIAN_POINT('Origin',(-71.0000001117627,56.3719363508287,165.217387405717));
#6344=CARTESIAN_POINT('',(-71.0000001117627,56.3719363508287,167.217387405717));
#6345=CARTESIAN_POINT('',(-60.5000001117627,56.3719363508287,167.217387405717));
#6346=CARTESIAN_POINT('',(-71.0000001117627,56.3719363508287,165.217387405717));
#6347=CARTESIAN_POINT('Origin',(-71.0000001117627,63.8719363508287,165.217387405717));
#6348=CARTESIAN_POINT('',(-71.0000001117627,56.3719363508287,167.217387405717));
#6349=CARTESIAN_POINT('Origin',(-68.5000001117627,82.8719363508287,165.217387405717));
#6350=CARTESIAN_POINT('',(-67.0000001117627,82.8719363508287,167.217387405717));
#6351=CARTESIAN_POINT('Origin',(-68.5000001117627,82.8719363508287,167.217387405717));
#6352=CARTESIAN_POINT('',(-67.0000001117627,82.8719363508287,165.217387405717));
#6353=CARTESIAN_POINT('Origin',(-68.5000001117627,50.8719363508287,165.217387405717));
#6354=CARTESIAN_POINT('',(-67.0000001117627,50.8719363508287,167.217387405717));
#6355=CARTESIAN_POINT('Origin',(-68.5000001117627,50.8719363508287,167.217387405717));
#6356=CARTESIAN_POINT('',(-67.0000001117627,50.8719363508287,165.217387405717));
#6357=CARTESIAN_POINT('Origin',(-63.0000001117627,74.8719363508287,165.217387405717));
#6358=CARTESIAN_POINT('',(-62.0000001117627,74.8719363508287,167.217387405717));
#6359=CARTESIAN_POINT('Origin',(-63.0000001117627,74.8719363508287,167.217387405717));
#6360=CARTESIAN_POINT('',(-62.0000001117627,74.8719363508287,165.217387405717));
#6361=CARTESIAN_POINT('Origin',(-68.5000001117627,82.8719363508287,165.217387405717));
#6362=CARTESIAN_POINT('Origin',(-68.5000001117627,82.8719363508287,167.217387405717));
#6363=CARTESIAN_POINT('Origin',(-58.5000001117627,54.3719363508287,165.217387405717));
#6364=CARTESIAN_POINT('',(-58.5000001117627,79.3719363508287,167.217387405717));
#6365=CARTESIAN_POINT('Origin',(-68.5000001117627,50.8719363508287,165.217387405717));
#6366=CARTESIAN_POINT('Origin',(-68.5000001117627,50.8719363508287,167.217387405717));
#6367=CARTESIAN_POINT('Origin',(-101.000000111763,63.8719363508287,165.217387405717));
#6368=CARTESIAN_POINT('',(-101.000000111763,63.8719363508287,167.217387405717));
#6369=CARTESIAN_POINT('',(-101.000000111763,63.8719363508287,167.217387405717));
#6370=CARTESIAN_POINT('',(-101.000000111763,63.8719363508287,165.217387405717));
#6371=CARTESIAN_POINT('Origin',(-101.000000111763,66.8719363508287,165.217387405717));
#6372=CARTESIAN_POINT('Origin',(-101.000000111763,66.8719363508287,167.217387405717));
#6373=CARTESIAN_POINT('Origin',(-81.2500001117627,66.8719363508287,167.217387405717));
#6374=UNCERTAINTY_MEASURE_WITH_UNIT(LENGTH_MEASURE(0.01),#6378,
'DISTANCE_ACCURACY_VALUE',
'Maximum model space distance between geometric entities at asserted c
onnectivities');
#6375=UNCERTAINTY_MEASURE_WITH_UNIT(LENGTH_MEASURE(0.01),#6378,
'DISTANCE_ACCURACY_VALUE',
'Maximum model space distance between geometric entities at asserted c
onnectivities');
#6376=(
GEOMETRIC_REPRESENTATION_CONTEXT(3)
GLOBAL_UNCERTAINTY_ASSIGNED_CONTEXT((#6374))
GLOBAL_UNIT_ASSIGNED_CONTEXT((#6378,#6380,#6381))
REPRESENTATION_CONTEXT('','3D')
);
#6377=(
GEOMETRIC_REPRESENTATION_CONTEXT(3)
GLOBAL_UNCERTAINTY_ASSIGNED_CONTEXT((#6375))
GLOBAL_UNIT_ASSIGNED_CONTEXT((#6378,#6380,#6381))
REPRESENTATION_CONTEXT('','3D')
);
#6378=(
LENGTH_UNIT()
NAMED_UNIT(*)
SI_UNIT(.MILLI.,.METRE.)
);
#6379=(
LENGTH_UNIT()
NAMED_UNIT(*)
SI_UNIT($,.METRE.)
);
#6380=(
NAMED_UNIT(*)
PLANE_ANGLE_UNIT()
SI_UNIT($,.RADIAN.)
);
#6381=(
NAMED_UNIT(*)
SI_UNIT($,.STERADIAN.)
SOLID_ANGLE_UNIT()
);
#6382=SHAPE_DEFINITION_REPRESENTATION(#6383,#6384);
#6383=PRODUCT_DEFINITION_SHAPE('',$,#6386);
#6384=SHAPE_REPRESENTATION('',(#2096),#6376);
#6385=PRODUCT_DEFINITION_CONTEXT('part definition',#6390,'design');
#6386=PRODUCT_DEFINITION('L4','L4',#6387,#6385);
#6387=PRODUCT_DEFINITION_FORMATION('',$,#6392);
#6388=PRODUCT_RELATED_PRODUCT_CATEGORY('L4','L4',(#6392));
#6389=APPLICATION_PROTOCOL_DEFINITION('international standard',
'automotive_design',2009,#6390);
#6390=APPLICATION_CONTEXT(
'Core Data for Automotive Mechanical Design Process');
#6391=PRODUCT_CONTEXT('part definition',#6390,'mechanical');
#6392=PRODUCT('L4','L4',$,(#6391));
#6393=PRESENTATION_STYLE_ASSIGNMENT((#6394));
#6394=SURFACE_STYLE_USAGE(.BOTH.,#6395);
#6395=SURFACE_SIDE_STYLE('',(#6396));
#6396=SURFACE_STYLE_FILL_AREA(#6397);
#6397=FILL_AREA_STYLE('Steel - Satin',(#6398));
#6398=FILL_AREA_STYLE_COLOUR('Steel - Satin',#6399);
#6399=COLOUR_RGB('Steel - Satin',0.627450980392157,0.627450980392157,0.627450980392157);
ENDSEC;
END-ISO-10303-21;
