ISO-10303-21;
HEADER;
/* Generated by software containing ST-Developer
 * from STEP Tools, Inc. (www.steptools.com) 
 */

FILE_DESCRIPTION(
/* description */ (''),
/* implementation_level */ '2;1');

FILE_NAME(
/* name */ 'L5.step',
/* time_stamp */ '2025-11-07T15:05:56+08:00',
/* author */ (''),
/* organization */ (''),
/* preprocessor_version */ 'ST-DEVELOPER v20.1',
/* originating_system */ 'Autodesk Translation Framework v14.17.0.0',
/* authorisation */ '');

FILE_SCHEMA (('AUTOMOTIVE_DESIGN { 1 0 10303 214 3 1 1 }'));
ENDSEC;

DATA;
#10=MECHANICAL_DESIGN_GEOMETRIC_PRESENTATION_REPRESENTATION('',(#13,#14),
#5234);
#11=SHAPE_REPRESENTATION_RELATIONSHIP('SRR','None',#5241,#12);
#12=ADVANCED_BREP_SHAPE_REPRESENTATION('',(#15,#16),#5233);
#13=STYLED_ITEM('',(#5250),#15);
#14=STYLED_ITEM('',(#5250),#16);
#15=MANIFOLD_SOLID_BREP('Body1',#2049);
#16=MANIFOLD_SOLID_BREP('Body2',#2050);
#17=FACE_BOUND('',#278,.T.);
#18=FACE_BOUND('',#279,.T.);
#19=FACE_BOUND('',#280,.T.);
#20=FACE_BOUND('',#309,.T.);
#21=FACE_BOUND('',#310,.T.);
#22=FACE_BOUND('',#311,.T.);
#23=FACE_BOUND('',#312,.T.);
#24=FACE_BOUND('',#326,.T.);
#25=FACE_BOUND('',#329,.T.);
#26=FACE_BOUND('',#334,.T.);
#27=FACE_BOUND('',#337,.T.);
#28=FACE_BOUND('',#340,.T.);
#29=FACE_BOUND('',#343,.T.);
#30=FACE_BOUND('',#349,.T.);
#31=FACE_BOUND('',#350,.T.);
#32=FACE_BOUND('',#351,.T.);
#33=FACE_BOUND('',#352,.T.);
#34=FACE_BOUND('',#360,.T.);
#35=FACE_BOUND('',#361,.T.);
#36=FACE_BOUND('',#362,.T.);
#37=FACE_BOUND('',#363,.T.);
#38=FACE_BOUND('',#364,.T.);
#39=FACE_BOUND('',#365,.T.);
#40=FACE_BOUND('',#366,.T.);
#41=FACE_BOUND('',#367,.T.);
#42=FACE_BOUND('',#368,.T.);
#43=FACE_BOUND('',#405,.T.);
#44=FACE_BOUND('',#406,.T.);
#45=FACE_BOUND('',#407,.T.);
#46=FACE_BOUND('',#408,.T.);
#47=FACE_BOUND('',#409,.T.);
#48=FACE_BOUND('',#410,.T.);
#49=FACE_BOUND('',#411,.T.);
#50=FACE_BOUND('',#412,.T.);
#51=FACE_BOUND('',#413,.T.);
#52=B_SPLINE_SURFACE_WITH_KNOTS('',3,3,((#2853,#2854,#2855,#2856,#2857,
#2858,#2859,#2860,#2861,#2862,#2863,#2864,#2865,#2866,#2867,#2868,#2869,
#2870,#2871,#2872,#2873,#2874,#2875,#2876,#2877,#2878,#2879,#2880),(#2881,
#2882,#2883,#2884,#2885,#2886,#2887,#2888,#2889,#2890,#2891,#2892,#2893,
#2894,#2895,#2896,#2897,#2898,#2899,#2900,#2901,#2902,#2903,#2904,#2905,
#2906,#2907,#2908),(#2909,#2910,#2911,#2912,#2913,#2914,#2915,#2916,#2917,
#2918,#2919,#2920,#2921,#2922,#2923,#2924,#2925,#2926,#2927,#2928,#2929,
#2930,#2931,#2932,#2933,#2934,#2935,#2936),(#2937,#2938,#2939,#2940,#2941,
#2942,#2943,#2944,#2945,#2946,#2947,#2948,#2949,#2950,#2951,#2952,#2953,
#2954,#2955,#2956,#2957,#2958,#2959,#2960,#2961,#2962,#2963,#2964),(#2965,
#2966,#2967,#2968,#2969,#2970,#2971,#2972,#2973,#2974,#2975,#2976,#2977,
#2978,#2979,#2980,#2981,#2982,#2983,#2984,#2985,#2986,#2987,#2988,#2989,
#2990,#2991,#2992),(#2993,#2994,#2995,#2996,#2997,#2998,#2999,#3000,#3001,
#3002,#3003,#3004,#3005,#3006,#3007,#3008,#3009,#3010,#3011,#3012,#3013,
#3014,#3015,#3016,#3017,#3018,#3019,#3020),(#3021,#3022,#3023,#3024,#3025,
#3026,#3027,#3028,#3029,#3030,#3031,#3032,#3033,#3034,#3035,#3036,#3037,
#3038,#3039,#3040,#3041,#3042,#3043,#3044,#3045,#3046,#3047,#3048),(#3049,
#3050,#3051,#3052,#3053,#3054,#3055,#3056,#3057,#3058,#3059,#3060,#3061,
#3062,#3063,#3064,#3065,#3066,#3067,#3068,#3069,#3070,#3071,#3072,#3073,
#3074,#3075,#3076),(#3077,#3078,#3079,#3080,#3081,#3082,#3083,#3084,#3085,
#3086,#3087,#3088,#3089,#3090,#3091,#3092,#3093,#3094,#3095,#3096,#3097,
#3098,#3099,#3100,#3101,#3102,#3103,#3104),(#3105,#3106,#3107,#3108,#3109,
#3110,#3111,#3112,#3113,#3114,#3115,#3116,#3117,#3118,#3119,#3120,#3121,
#3122,#3123,#3124,#3125,#3126,#3127,#3128,#3129,#3130,#3131,#3132),(#3133,
#3134,#3135,#3136,#3137,#3138,#3139,#3140,#3141,#3142,#3143,#3144,#3145,
#3146,#3147,#3148,#3149,#3150,#3151,#3152,#3153,#3154,#3155,#3156,#3157,
#3158,#3159,#3160),(#3161,#3162,#3163,#3164,#3165,#3166,#3167,#3168,#3169,
#3170,#3171,#3172,#3173,#3174,#3175,#3176,#3177,#3178,#3179,#3180,#3181,
#3182,#3183,#3184,#3185,#3186,#3187,#3188),(#3189,#3190,#3191,#3192,#3193,
#3194,#3195,#3196,#3197,#3198,#3199,#3200,#3201,#3202,#3203,#3204,#3205,
#3206,#3207,#3208,#3209,#3210,#3211,#3212,#3213,#3214,#3215,#3216),(#3217,
#3218,#3219,#3220,#3221,#3222,#3223,#3224,#3225,#3226,#3227,#3228,#3229,
#3230,#3231,#3232,#3233,#3234,#3235,#3236,#3237,#3238,#3239,#3240,#3241,
#3242,#3243,#3244),(#3245,#3246,#3247,#3248,#3249,#3250,#3251,#3252,#3253,
#3254,#3255,#3256,#3257,#3258,#3259,#3260,#3261,#3262,#3263,#3264,#3265,
#3266,#3267,#3268,#3269,#3270,#3271,#3272),(#3273,#3274,#3275,#3276,#3277,
#3278,#3279,#3280,#3281,#3282,#3283,#3284,#3285,#3286,#3287,#3288,#3289,
#3290,#3291,#3292,#3293,#3294,#3295,#3296,#3297,#3298,#3299,#3300),(#3301,
#3302,#3303,#3304,#3305,#3306,#3307,#3308,#3309,#3310,#3311,#3312,#3313,
#3314,#3315,#3316,#3317,#3318,#3319,#3320,#3321,#3322,#3323,#3324,#3325,
#3326,#3327,#3328),(#3329,#3330,#3331,#3332,#3333,#3334,#3335,#3336,#3337,
#3338,#3339,#3340,#3341,#3342,#3343,#3344,#3345,#3346,#3347,#3348,#3349,
#3350,#3351,#3352,#3353,#3354,#3355,#3356),(#3357,#3358,#3359,#3360,#3361,
#3362,#3363,#3364,#3365,#3366,#3367,#3368,#3369,#3370,#3371,#3372,#3373,
#3374,#3375,#3376,#3377,#3378,#3379,#3380,#3381,#3382,#3383,#3384),(#3385,
#3386,#3387,#3388,#3389,#3390,#3391,#3392,#3393,#3394,#3395,#3396,#3397,
#3398,#3399,#3400,#3401,#3402,#3403,#3404,#3405,#3406,#3407,#3408,#3409,
#3410,#3411,#3412),(#3413,#3414,#3415,#3416,#3417,#3418,#3419,#3420,#3421,
#3422,#3423,#3424,#3425,#3426,#3427,#3428,#3429,#3430,#3431,#3432,#3433,
#3434,#3435,#3436,#3437,#3438,#3439,#3440),(#3441,#3442,#3443,#3444,#3445,
#3446,#3447,#3448,#3449,#3450,#3451,#3452,#3453,#3454,#3455,#3456,#3457,
#3458,#3459,#3460,#3461,#3462,#3463,#3464,#3465,#3466,#3467,#3468),(#3469,
#3470,#3471,#3472,#3473,#3474,#3475,#3476,#3477,#3478,#3479,#3480,#3481,
#3482,#3483,#3484,#3485,#3486,#3487,#3488,#3489,#3490,#3491,#3492,#3493,
#3494,#3495,#3496),(#3497,#3498,#3499,#3500,#3501,#3502,#3503,#3504,#3505,
#3506,#3507,#3508,#3509,#3510,#3511,#3512,#3513,#3514,#3515,#3516,#3517,
#3518,#3519,#3520,#3521,#3522,#3523,#3524),(#3525,#3526,#3527,#3528,#3529,
#3530,#3531,#3532,#3533,#3534,#3535,#3536,#3537,#3538,#3539,#3540,#3541,
#3542,#3543,#3544,#3545,#3546,#3547,#3548,#3549,#3550,#3551,#3552),(#3553,
#3554,#3555,#3556,#3557,#3558,#3559,#3560,#3561,#3562,#3563,#3564,#3565,
#3566,#3567,#3568,#3569,#3570,#3571,#3572,#3573,#3574,#3575,#3576,#3577,
#3578,#3579,#3580),(#3581,#3582,#3583,#3584,#3585,#3586,#3587,#3588,#3589,
#3590,#3591,#3592,#3593,#3594,#3595,#3596,#3597,#3598,#3599,#3600,#3601,
#3602,#3603,#3604,#3605,#3606,#3607,#3608),(#3609,#3610,#3611,#3612,#3613,
#3614,#3615,#3616,#3617,#3618,#3619,#3620,#3621,#3622,#3623,#3624,#3625,
#3626,#3627,#3628,#3629,#3630,#3631,#3632,#3633,#3634,#3635,#3636),(#3637,
#3638,#3639,#3640,#3641,#3642,#3643,#3644,#3645,#3646,#3647,#3648,#3649,
#3650,#3651,#3652,#3653,#3654,#3655,#3656,#3657,#3658,#3659,#3660,#3661,
#3662,#3663,#3664),(#3665,#3666,#3667,#3668,#3669,#3670,#3671,#3672,#3673,
#3674,#3675,#3676,#3677,#3678,#3679,#3680,#3681,#3682,#3683,#3684,#3685,
#3686,#3687,#3688,#3689,#3690,#3691,#3692),(#3693,#3694,#3695,#3696,#3697,
#3698,#3699,#3700,#3701,#3702,#3703,#3704,#3705,#3706,#3707,#3708,#3709,
#3710,#3711,#3712,#3713,#3714,#3715,#3716,#3717,#3718,#3719,#3720),(#3721,
#3722,#3723,#3724,#3725,#3726,#3727,#3728,#3729,#3730,#3731,#3732,#3733,
#3734,#3735,#3736,#3737,#3738,#3739,#3740,#3741,#3742,#3743,#3744,#3745,
#3746,#3747,#3748),(#3749,#3750,#3751,#3752,#3753,#3754,#3755,#3756,#3757,
#3758,#3759,#3760,#3761,#3762,#3763,#3764,#3765,#3766,#3767,#3768,#3769,
#3770,#3771,#3772,#3773,#3774,#3775,#3776)),.UNSPECIFIED.,.T.,.F.,.F.,(4,
1,2,2,1,1,1,2,1,2,1,1,1,2,1,2,1,1,1,2,2,1,4),(4,1,1,1,1,1,1,1,1,2,1,1,1,
1,1,2,1,1,1,1,1,2,4),(0.,0.0700123941889446,0.140024788377889,0.153532613726241,
0.20176630686312,0.25,0.29823369313688,0.346467386273759,0.353221298947935,
0.359975211622111,0.429987605811055,0.5,0.570012394188945,0.640024788377889,
0.646778701052065,0.65353261372624,0.70176630686312,0.75,0.79823369313688,
0.846467386273759,0.859975211622111,0.929987605811055,1.),(0.,0.024317053607422,
0.048634107214844,0.0972682144296881,0.145902321644532,0.194536428859376,
0.24317053607422,0.291804643289064,0.340438750503908,0.389072857718752,
0.454298778292783,0.519524698866814,0.527677938938568,0.535831179010321,
0.584750619440844,0.649976540014875,0.737482405011156,0.803111803758367,
0.824988270007438,0.868741202505578,0.912494135003719,1.,1.09178618087143),
 .UNSPECIFIED.);
#53=B_SPLINE_SURFACE_WITH_KNOTS('',3,3,((#4668,#4669,#4670,#4671,#4672),
(#4673,#4674,#4675,#4676,#4677),(#4678,#4679,#4680,#4681,#4682),(#4683,
#4684,#4685,#4686,#4687),(#4688,#4689,#4690,#4691,#4692)),.UNSPECIFIED.,
 .F.,.F.,.F.,(4,1,4),(4,1,4),(0.,0.571428571428571,1.),(0.,0.262070585862612,
0.611498033679428),.UNSPECIFIED.);
#54=B_SPLINE_SURFACE_WITH_KNOTS('',3,3,((#4715,#4716,#4717,#4718,#4719),
(#4720,#4721,#4722,#4723,#4724),(#4725,#4726,#4727,#4728,#4729),(#4730,
#4731,#4732,#4733,#4734),(#4735,#4736,#4737,#4738,#4739)),.UNSPECIFIED.,
 .F.,.F.,.F.,(4,1,4),(4,1,4),(0.,0.571428571428571,1.),(-4.9960036108132E-16,
0.349427447817328,0.611498033680324),.UNSPECIFIED.);
#55=B_SPLINE_SURFACE_WITH_KNOTS('',3,3,((#4749,#4750,#4751,#4752,#4753,
#4754),(#4755,#4756,#4757,#4758,#4759,#4760),(#4761,#4762,#4763,#4764,#4765,
#4766),(#4767,#4768,#4769,#4770,#4771,#4772),(#4773,#4774,#4775,#4776,#4777,
#4778)),.UNSPECIFIED.,.F.,.F.,.F.,(4,1,4),(4,2,4),(0.,0.571428571428571,
1.),(-0.637569204255999,0.414734797441414,1.46702068739587),
 .UNSPECIFIED.);
#56=B_SPLINE_CURVE_WITH_KNOTS('',3,(#2799,#2800,#2801,#2802,#2803,#2804,
#2805,#2806,#2807,#2808,#2809,#2810,#2811,#2812),.UNSPECIFIED.,.F.,.F.,
(4,2,2,2,2,2,4),(-0.571766725591324,-0.566223458135845,-0.541618557940917,
-0.504708908534481,-0.445480035499853,-0.386408155176116,-0.335378876283111),
 .UNSPECIFIED.);
#57=B_SPLINE_CURVE_WITH_KNOTS('',3,(#2814,#2815,#2816,#2817,#2818,#2819,
#2820,#2821,#2822,#2823,#2824,#2825,#2826,#2827,#2828,#2829,#2830,#2831,
#2832,#2833,#2834,#2835,#2836,#2837,#2838),.UNSPECIFIED.,.F.,.F.,(4,2,2,
3,2,2,2,2,2,2,2,4),(-0.0982908605256217,-0.0878259537036726,-0.0483500806066278,
0.,0.0500370759355372,0.109543728974288,0.168452242323954,0.224320150334443,
0.276611955543689,0.329024634254699,0.357882177149024,0.3751419648863),
 .UNSPECIFIED.);
#58=B_SPLINE_CURVE_WITH_KNOTS('',3,(#2839,#2840,#2841,#2842,#2843,#2844,
#2845,#2846,#2847,#2848,#2849,#2850,#2851,#2852),.UNSPECIFIED.,.F.,.F.,
(4,2,2,2,2,2,4),(-0.335378876283111,-0.331282888555874,-0.277096945074163,
-0.223524165263062,-0.167931899084288,-0.125596451338641,-0.0982908605256217),
 .UNSPECIFIED.);
#59=B_SPLINE_CURVE_WITH_KNOTS('',3,(#3778,#3779,#3780,#3781),
 .UNSPECIFIED.,.F.,.F.,(4,4),(0.678231516921584,0.68785305011382),
 .UNSPECIFIED.);
#60=B_SPLINE_CURVE_WITH_KNOTS('',3,(#3783,#3784,#3785,#3786,#3787,#3788),
 .UNSPECIFIED.,.F.,.F.,(4,2,4),(-1.46702068739587,-0.414734797441414,-0.414734594684575),
 .UNSPECIFIED.);
#61=B_SPLINE_CURVE_WITH_KNOTS('',3,(#3790,#3791,#3792,#3793,#3794,#3795,
#3796,#3797,#3798,#3799),.UNSPECIFIED.,.F.,.F.,(4,2,2,2,4),(-0.355665344418569,
-0.354846004627055,-0.219134607104289,-0.101159233727519,0.),
 .UNSPECIFIED.);
#62=B_SPLINE_CURVE_WITH_KNOTS('',3,(#3801,#3802,#3803,#3804,#3805,#3806,
#3807,#3808,#3809,#3810,#3811,#3812,#3813,#3814),.UNSPECIFIED.,.F.,.F.,
(4,2,2,2,2,2,4),(-1.06275583975758,-0.804017065465296,-0.497205554947838,
-0.3610970088395,-0.255484534506427,-0.14107013472491,0.),.UNSPECIFIED.);
#63=B_SPLINE_CURVE_WITH_KNOTS('',3,(#3816,#3817,#3818,#3819,#3820,#3821),
 .UNSPECIFIED.,.F.,.F.,(4,2,4),(0.,0.373556200947255,0.37413282772033),
 .UNSPECIFIED.);
#64=B_SPLINE_CURVE_WITH_KNOTS('',3,(#3823,#3824,#3825,#3826,#3827,#3828,
#3829,#3830,#3831,#3832,#3833,#3834,#3835,#3836,#3837,#3838),
 .UNSPECIFIED.,.F.,.F.,(4,2,2,2,2,2,2,4),(-0.5856275814672,-0.579351907521455,
-0.571886374158512,-0.554073083637018,-0.511949886267272,-0.456255549964873,
-0.341120172594097,0.),.UNSPECIFIED.);
#65=B_SPLINE_CURVE_WITH_KNOTS('',3,(#3844,#3845,#3846,#3847,#3848,#3849,
#3850,#3851,#3852,#3853,#3854,#3855,#3856,#3857),.UNSPECIFIED.,.F.,.F.,
(4,2,2,2,2,2,4),(-0.243827721966012,-0.0830905931697785,-0.040793243894353,
-0.0238552115531651,-0.00875951079443149,-0.00342472549864703,0.),
 .UNSPECIFIED.);
#66=B_SPLINE_CURVE_WITH_KNOTS('',3,(#3859,#3860,#3861,#3862,#3863,#3864),
 .UNSPECIFIED.,.F.,.F.,(4,2,4),(2.20759312458718,2.22986511089959,2.27804618312461),
 .UNSPECIFIED.);
#67=B_SPLINE_CURVE_WITH_KNOTS('',3,(#3866,#3867,#3868,#3869,#3870,#3871,
#3872,#3873,#3874,#3875,#3876,#3877),.UNSPECIFIED.,.F.,.F.,(4,2,2,2,2,4),
(-1.99799546544167,-1.66904564482823,-1.43182811694497,-1.17756860135018,
-0.820403189709231,-0.215025341200967),.UNSPECIFIED.);
#68=B_SPLINE_CURVE_WITH_KNOTS('',3,(#3879,#3880,#3881,#3882,#3883,#3884,
#3885,#3886,#3887,#3888),.UNSPECIFIED.,.F.,.F.,(4,2,2,2,4),(-0.376978530690945,
-0.26950977257479,-0.144176015113234,0.,0.000870441495422767),
 .UNSPECIFIED.);
#69=B_SPLINE_CURVE_WITH_KNOTS('',3,(#3889,#3890,#3891,#3892),
 .UNSPECIFIED.,.F.,.F.,(4,4),(-0.414734594684575,0.637569204255999),
 .UNSPECIFIED.);
#70=B_SPLINE_CURVE_WITH_KNOTS('',3,(#3894,#3895,#3896,#3897,#3898,#3899,
#3900,#3901,#3902,#3903,#3904,#3905,#3906,#3907,#3908,#3909,#3910,#3911,
#3912,#3913,#3914,#3915,#3916,#3917,#3918,#3919,#3920,#3921,#3922,#3923,
#3924,#3925,#3926,#3927,#3928,#3929,#3930,#3931,#3932,#3933,#3934,#3935,
#3936,#3937,#3938,#3939,#3940,#3941,#3942,#3943,#3944,#3945,#3946,#3947,
#3948,#3949,#3950,#3951,#3952,#3953,#3954,#3955,#3956,#3957,#3958,#3959,
#3960,#3961,#3962,#3963,#3964,#3965,#3966,#3967,#3968,#3969,#3970,#3971,
#3972,#3973,#3974,#3975,#3976,#3977,#3978,#3979,#3980,#3981,#3982,#3983,
#3984,#3985,#3986,#3987,#3988,#3989,#3990,#3991,#3992,#3993,#3994,#3995,
#3996,#3997,#3998,#3999,#4000,#4001,#4002,#4003,#4004,#4005,#4006,#4007,
#4008,#4009,#4010,#4011,#4012,#4013,#4014,#4015,#4016,#4017),
 .UNSPECIFIED.,.F.,.F.,(4,3,3,3,3,3,3,3,3,3,3,3,3,3,3,3,3,3,3,3,3,3,3,3,
3,3,3,3,3,3,3,3,3,3,3,3,3,3,3,3,3,4),(0.297047191655648,0.304302100497082,
0.311567363865094,0.318864573931439,0.326214892260876,0.333627548881107,
0.341186471272397,0.348876619933143,0.356738584178027,0.365034989967148,
0.373689390876271,0.383162851711978,0.389072857718752,0.396281825382089,
0.403432518095591,0.410600704211157,0.417828965916681,0.425164194064265,
0.432662686452624,0.440383773989746,0.44838205218738,0.456757581230918,
0.465629583990028,0.475176826614823,0.484473083046467,0.493134196756314,
0.501271594289815,0.509036771223875,0.516548681665273,0.523885409015176,
0.531099826767188,0.538233618951,0.545321982295801,0.55238903281892,0.559462189175619,
0.566574847919812,0.573759948015799,0.581055612115403,0.588615411504394,
0.596423448482684,0.604718868233314,0.606235593596957),.UNSPECIFIED.);
#71=B_SPLINE_CURVE_WITH_KNOTS('',3,(#4019,#4020,#4021,#4022,#4023,#4024,
#4025,#4026,#4027,#4028,#4029,#4030,#4031,#4032,#4033,#4034,#4035,#4036,
#4037,#4038),.UNSPECIFIED.,.F.,.F.,(4,2,2,2,2,2,2,2,2,4),(-1.87547814342368,
-1.79508010225254,-1.67789150437941,-1.55370882801522,-1.4263450936674,
-1.30562539098949,-1.18929036871288,-1.07101155661708,-0.954092735242918,
-0.915527385669904),.UNSPECIFIED.);
#72=B_SPLINE_CURVE_WITH_KNOTS('',3,(#4040,#4041,#4042,#4043,#4044,#4045,
#4046),.UNSPECIFIED.,.F.,.F.,(4,3,4),(0.200405272405399,0.243170536080582,
0.245872747651207),.UNSPECIFIED.);
#73=B_SPLINE_CURVE_WITH_KNOTS('',3,(#4048,#4049,#4050,#4051,#4052,#4053,
#4054,#4055,#4056,#4057,#4058,#4059,#4060,#4061,#4062,#4063,#4064,#4065,
#4066,#4067,#4068,#4069,#4070,#4071,#4072,#4073,#4074,#4075,#4076,#4077,
#4078,#4079,#4080,#4081,#4082,#4083,#4084,#4085,#4086,#4087,#4088,#4089,
#4090,#4091,#4092,#4093,#4094,#4095,#4096,#4097,#4098,#4099,#4100,#4101,
#4102,#4103,#4104,#4105,#4106,#4107,#4108,#4109,#4110,#4111,#4112,#4113,
#4114,#4115,#4116,#4117,#4118,#4119,#4120,#4121,#4122,#4123),
 .UNSPECIFIED.,.F.,.F.,(4,3,3,3,3,3,3,3,3,3,3,3,3,3,3,3,3,3,3,3,3,3,3,3,
3,4),(-1.81605099481947,-1.7756148851038,-1.73591667768483,-1.69217868032052,
-1.64702533707058,-1.61962649903935,-1.59810318093517,-1.54566132504392,
-1.49874711112452,-1.4555653805763,-1.41377018922997,-1.38254454544491,
-1.34191260759551,-1.30129004053566,-1.27277135997033,-1.23028075434792,
-1.18649056825103,-1.1624545812323,-1.11213783665539,-1.0602871677565,-1.04126487619883,
-0.995918581750266,-0.952934721361071,-0.924125444610722,-0.884620618068137,
-0.858980772344539),.UNSPECIFIED.);
#74=B_SPLINE_CURVE_WITH_KNOTS('',3,(#4125,#4126,#4127,#4128,#4129,#4130,
#4131,#4132),.UNSPECIFIED.,.F.,.F.,(4,1,1,1,1,4),(0.,0.024317053607422,
0.048634107214844,0.0972682144296881,0.145902321644532,0.157351131137233),
 .UNSPECIFIED.);
#75=B_SPLINE_CURVE_WITH_KNOTS('',3,(#4134,#4135,#4136,#4137,#4138,#4139,
#4140,#4141,#4142,#4143,#4144,#4145,#4146,#4147,#4148,#4149,#4150,#4151,
#4152,#4153,#4154,#4155,#4156),.UNSPECIFIED.,.F.,.F.,(4,2,2,2,2,2,2,2,3,
2,4),(-0.858980772344539,-0.809798493174848,-0.695215443613398,-0.574486673974422,
-0.463085891995273,-0.353849573633433,-0.23890046490156,-0.117588829652257,
0.,0.0625213818503303,0.097855171282063),.UNSPECIFIED.);
#76=B_SPLINE_CURVE_WITH_KNOTS('',3,(#4157,#4158,#4159,#4160,#4161,#4162,
#4163,#4164,#4165,#4166,#4167,#4168,#4169,#4170,#4171,#4172,#4173,#4174,
#4175,#4176,#4177,#4178,#4179,#4180,#4181,#4182,#4183,#4184,#4185,#4186,
#4187,#4188,#4189,#4190,#4191,#4192,#4193,#4194,#4195,#4196,#4197,#4198,
#4199,#4200,#4201,#4202,#4203,#4204,#4205,#4206,#4207,#4208,#4209,#4210,
#4211,#4212,#4213,#4214,#4215,#4216,#4217,#4218,#4219,#4220,#4221,#4222,
#4223,#4224,#4225,#4226,#4227,#4228,#4229,#4230,#4231,#4232,#4233,#4234,
#4235),.UNSPECIFIED.,.F.,.F.,(4,3,3,3,3,3,3,3,3,3,3,3,3,3,3,3,3,3,3,3,3,
3,3,3,3,3,4),(-0.915527385669904,-0.876946215049736,-0.838365044429569,
-0.797587194147205,-0.754128296074258,-0.722132030243256,-0.672072321409344,
-0.625218429950567,-0.603470547843836,-0.562924445454544,-0.522850661869328,
-0.486575683790522,-0.447714838297621,-0.408414679991026,-0.368432319731248,
-0.363335433091081,-0.322398692794337,-0.280006455076437,-0.237971128397021,
-0.18985766758317,-0.142837435404758,-0.114633607563275,-0.0723210201937865,
-0.0318467527088445,0.,0.0133511029058653,0.0443371925293696),
 .UNSPECIFIED.);
#77=B_SPLINE_CURVE_WITH_KNOTS('',3,(#4238,#4239,#4240,#4241,#4242,#4243,
#4244,#4245,#4246,#4247,#4248,#4249,#4250,#4251,#4252,#4253,#4254,#4255,
#4256,#4257,#4258,#4259,#4260,#4261,#4262,#4263,#4264,#4265,#4266,#4267,
#4268,#4269,#4270,#4271),.UNSPECIFIED.,.F.,.F.,(4,2,2,2,2,2,2,2,2,2,2,2,
2,2,2,2,4),(-1.90683702597996,-1.8150037902377,-1.69603412017757,-1.57360121135382,
-1.46905153569278,-1.37120130061784,-1.26413503724895,-1.14682465964844,
-1.02867144104001,-0.911372514256903,-0.793719529293444,-0.673686030237691,
-0.562041528048454,-0.451188027770308,-0.338483786350679,-0.223797147002108,
-0.137638525183942),.UNSPECIFIED.);
#78=B_SPLINE_CURVE_WITH_KNOTS('',3,(#4272,#4273,#4274,#4275,#4276,#4277),
 .UNSPECIFIED.,.F.,.F.,(4,2,4),(-0.137638525183942,-0.117911227757261,0.),
 .UNSPECIFIED.);
#79=B_SPLINE_CURVE_WITH_KNOTS('',3,(#4280,#4281,#4282,#4283,#4284,#4285,
#4286,#4287,#4288,#4289,#4290,#4291,#4292,#4293,#4294,#4295,#4296,#4297,
#4298,#4299,#4300,#4301,#4302,#4303,#4304,#4305,#4306,#4307,#4308,#4309,
#4310,#4311,#4312,#4313),.UNSPECIFIED.,.F.,.F.,(4,2,2,2,2,2,2,2,2,2,2,2,
2,2,2,2,4),(-1.9064483032804,-1.80897480458901,-1.69661144519778,-1.58594800581003,
-1.47360272439733,-1.36274377871973,-1.24125971546321,-1.12383074752908,
-1.01025176528843,-0.892283022835275,-0.786679946374864,-0.688870100952884,
-0.583145616776297,-0.468910505109412,-0.346938299689764,-0.230457501867043,
-0.121805829874289),.UNSPECIFIED.);
#80=B_SPLINE_CURVE_WITH_KNOTS('',3,(#4314,#4315,#4316,#4317,#4318,#4319),
 .UNSPECIFIED.,.F.,.F.,(4,2,4),(-0.121805829874289,-0.116899569586978,0.),
 .UNSPECIFIED.);
#81=B_SPLINE_CURVE_WITH_KNOTS('',3,(#4322,#4323,#4324,#4325,#4326,#4327,
#4328,#4329,#4330,#4331,#4332,#4333,#4334,#4335),.UNSPECIFIED.,.F.,.F.,
(4,2,2,2,2,2,4),(0.279929744765318,0.310929910114056,0.356532507631262,
0.407286303809842,0.474606390942509,0.548859312610669,0.603350826066114),
 .UNSPECIFIED.);
#82=B_SPLINE_CURVE_WITH_KNOTS('',3,(#4337,#4338,#4339,#4340),
 .UNSPECIFIED.,.F.,.F.,(4,4),(-0.648321787428227,-0.26486364621764),
 .UNSPECIFIED.);
#83=B_SPLINE_CURVE_WITH_KNOTS('',3,(#4342,#4343,#4344,#4345,#4346,#4347,
#4348,#4349,#4350,#4351,#4352,#4353,#4354,#4355,#4356,#4357,#4358,#4359,
#4360,#4361,#4362,#4363,#4364,#4365,#4366,#4367,#4368,#4369,#4370,#4371,
#4372,#4373,#4374,#4375,#4376,#4377,#4378),.UNSPECIFIED.,.F.,.F.,(4,3,3,
3,3,3,3,3,3,3,3,3,4),(-0.325618074917971,-0.295186442371093,-0.262668042458083,
-0.233843574084287,-0.203811087114316,-0.17582160871222,-0.164177317097567,
-0.136707308905688,-0.109237300713809,-0.0804427096475992,-0.0585513185957033,
-0.0248851445191139,0.),.UNSPECIFIED.);
#84=B_SPLINE_CURVE_WITH_KNOTS('',3,(#4380,#4381,#4382,#4383,#4384,#4385,
#4386,#4387,#4388,#4389),.UNSPECIFIED.,.F.,.F.,(4,2,2,2,4),(-2.22337234360449,
-2.06855448845634,-1.5637532982536,-0.580010272238512,-0.27148179468279),
 .UNSPECIFIED.);
#85=B_SPLINE_CURVE_WITH_KNOTS('',3,(#4391,#4392,#4393,#4394,#4395,#4396,
#4397,#4398,#4399,#4400,#4401,#4402,#4403,#4404,#4405,#4406,#4407,#4408,
#4409,#4410,#4411,#4412,#4413,#4414,#4415,#4416,#4417,#4418,#4419,#4420,
#4421,#4422,#4423,#4424,#4425,#4426,#4427,#4428,#4429,#4430,#4431,#4432,
#4433),.UNSPECIFIED.,.F.,.F.,(4,3,3,3,3,3,3,3,3,3,3,3,3,3,4),(-0.365295657088444,
-0.331252972086839,-0.318364363633094,-0.288356800997698,-0.271176599878086,
-0.244376617494824,-0.219843370447676,-0.193005751056807,-0.165274584140924,
-0.155956061289491,-0.123524159737193,-0.0906024827468434,-0.0837855328443147,
-0.0530488201308099,-0.039109232219295),.UNSPECIFIED.);
#86=B_SPLINE_CURVE_WITH_KNOTS('',3,(#4435,#4436,#4437,#4438),
 .UNSPECIFIED.,.F.,.F.,(4,4),(-0.844081121778333,-0.27095573445606),
 .UNSPECIFIED.);
#87=B_SPLINE_CURVE_WITH_KNOTS('',3,(#4440,#4441,#4442,#4443,#4444,#4445,
#4446,#4447,#4448,#4449,#4450,#4451,#4452,#4453),.UNSPECIFIED.,.F.,.F.,
(4,2,2,2,2,2,4),(0.263820020996907,0.310681439311556,0.377931146477092,
0.450720255384668,0.50323594403543,0.548847791692708,0.586757415603377),
 .UNSPECIFIED.);
#88=B_SPLINE_CURVE_WITH_KNOTS('',3,(#4455,#4456,#4457,#4458),
 .UNSPECIFIED.,.F.,.F.,(4,4),(-0.163064202825366,-0.0555560004482922),
 .UNSPECIFIED.);
#89=B_SPLINE_CURVE_WITH_KNOTS('',3,(#4460,#4461,#4462,#4463,#4464,#4465,
#4466,#4467,#4468,#4469,#4470,#4471,#4472,#4473,#4474,#4475,#4476,#4477,
#4478,#4479,#4480,#4481,#4482,#4483,#4484,#4485),.UNSPECIFIED.,.F.,.F.,
(4,2,2,2,2,2,2,2,2,2,2,2,4),(-1.28113017200529,-1.2806582198717,-1.1062763646897,
-0.961800376568086,-0.832912485306627,-0.769690799245898,-0.722462892725212,
-0.67161724772435,-0.592150603875281,-0.434267527068629,-0.25913897790778,
-0.133423725632971,-0.0404109246028087),.UNSPECIFIED.);
#90=B_SPLINE_CURVE_WITH_KNOTS('',3,(#4487,#4488,#4489,#4490),
 .UNSPECIFIED.,.F.,.F.,(4,4),(-0.353959373094943,-0.251786630847656),
 .UNSPECIFIED.);
#91=B_SPLINE_CURVE_WITH_KNOTS('',3,(#4492,#4493,#4494,#4495,#4496,#4497,
#4498,#4499,#4500,#4501,#4502,#4503),.UNSPECIFIED.,.F.,.F.,(4,2,2,2,2,4),
(-0.785903974038918,-0.759889953282426,-0.705476903531171,-0.628562137003317,
-0.551161278798824,-0.48933759752198),.UNSPECIFIED.);
#92=B_SPLINE_CURVE_WITH_KNOTS('',3,(#4505,#4506,#4507,#4508),
 .UNSPECIFIED.,.F.,.F.,(4,4),(-1.66657716805066,-0.232729306282033),
 .UNSPECIFIED.);
#93=B_SPLINE_CURVE_WITH_KNOTS('',3,(#4510,#4511,#4512,#4513,#4514,#4515,
#4516,#4517,#4518,#4519,#4520,#4521),.UNSPECIFIED.,.F.,.F.,(4,2,2,2,2,4),
(-1.18232762117469,-1.13048703001792,-1.07726086036781,-0.997561394746741,
-0.924816481385277,-0.867221698991587),.UNSPECIFIED.);
#94=B_SPLINE_CURVE_WITH_KNOTS('',3,(#4523,#4524,#4525,#4526),
 .UNSPECIFIED.,.F.,.F.,(4,4),(-0.724898817779699,-0.245452273321601),
 .UNSPECIFIED.);
#95=B_SPLINE_CURVE_WITH_KNOTS('',3,(#4528,#4529,#4530,#4531,#4532,#4533,
#4534,#4535,#4536,#4537,#4538,#4539),.UNSPECIFIED.,.F.,.F.,(4,2,2,2,2,4),
(-0.866442742289581,-0.841162025242007,-0.770206247971793,-0.696750640818148,
-0.617298116834056,-0.551353786657441),.UNSPECIFIED.);
#96=B_SPLINE_CURVE_WITH_KNOTS('',3,(#4541,#4542,#4543,#4544),
 .UNSPECIFIED.,.F.,.F.,(4,4),(-0.135221352796974,-0.0477405808886617),
 .UNSPECIFIED.);
#97=B_SPLINE_CURVE_WITH_KNOTS('',3,(#4546,#4547,#4548,#4549,#4550,#4551,
#4552,#4553,#4554,#4555,#4556,#4557,#4558,#4559,#4560,#4561,#4562,#4563,
#4564,#4565,#4566,#4567),.UNSPECIFIED.,.F.,.F.,(4,2,2,2,2,2,2,2,2,2,4),
(0.541773909354127,0.565529287234384,0.723187682703597,0.878003225464165,
1.03133395099043,1.17367413707162,1.31612844434745,1.46090496100356,1.61965137452656,
1.77449982288825,1.80273456039951),.UNSPECIFIED.);
#98=B_SPLINE_CURVE_WITH_KNOTS('',3,(#4569,#4570,#4571,#4572),
 .UNSPECIFIED.,.F.,.F.,(4,4),(-0.301719478327556,-0.216208145673373),
 .UNSPECIFIED.);
#99=B_SPLINE_CURVE_WITH_KNOTS('',3,(#4574,#4575,#4576,#4577,#4578,#4579,
#4580,#4581,#4582,#4583,#4584,#4585),.UNSPECIFIED.,.F.,.F.,(4,2,2,2,2,4),
(-0.867445480274153,-0.838025785708755,-0.761296854437733,-0.682269672001867,
-0.611805626055508,-0.552345186162658),.UNSPECIFIED.);
#100=B_SPLINE_CURVE_WITH_KNOTS('',3,(#4587,#4588,#4589,#4590),
 .UNSPECIFIED.,.F.,.F.,(4,4),(-0.730946875716811,-0.246198961814984),
 .UNSPECIFIED.);
#101=B_SPLINE_CURVE_WITH_KNOTS('',3,(#4592,#4593,#4594,#4595,#4596,#4597,
#4598,#4599,#4600,#4601,#4602,#4603),.UNSPECIFIED.,.F.,.F.,(4,2,2,2,2,4),
(-0.315256388796962,-0.298756730821492,-0.232593449346356,-0.158660345781864,
-0.0792269475914671,0.),.UNSPECIFIED.);
#102=B_SPLINE_CURVE_WITH_KNOTS('',3,(#4605,#4606,#4607,#4608),
 .UNSPECIFIED.,.F.,.F.,(4,4),(-2.20661216158252,-0.249283664424156),
 .UNSPECIFIED.);
#103=B_SPLINE_CURVE_WITH_KNOTS('',3,(#4610,#4611,#4612,#4613,#4614,#4615,
#4616,#4617,#4618,#4619,#4620,#4621,#4622,#4623,#4624),.UNSPECIFIED.,.F.,
 .F.,(4,2,3,2,2,2,4),(-0.107818573044479,-0.0798563327361266,0.,0.0462846693686612,
0.0987214317285039,0.170279015303994,0.219668561928095),.UNSPECIFIED.);
#104=B_SPLINE_CURVE_WITH_KNOTS('',3,(#4626,#4627,#4628,#4629),
 .UNSPECIFIED.,.F.,.F.,(4,4),(-0.154533590758859,-0.0522491423754546),
 .UNSPECIFIED.);
#105=B_SPLINE_CURVE_WITH_KNOTS('',3,(#4631,#4632,#4633,#4634,#4635,#4636,
#4637,#4638,#4639,#4640,#4641,#4642,#4643,#4644,#4645,#4646,#4647,#4648,
#4649,#4650,#4651,#4652,#4653,#4654),.UNSPECIFIED.,.F.,.F.,(4,2,2,2,2,2,
2,2,2,2,2,4),(-1.41449236365336,-1.33445294448116,-1.18141342383429,-1.02730884244333,
-0.878259810446707,-0.805716702500142,-0.758159804999381,-0.712807573130957,
-0.650084443832995,-0.512513352603722,-0.344892421192331,-0.200615930935926),
 .UNSPECIFIED.);
#106=B_SPLINE_CURVE_WITH_KNOTS('',3,(#4655,#4656,#4657,#4658),
 .UNSPECIFIED.,.F.,.F.,(4,4),(-0.366563908063221,-0.259327678217833),
 .UNSPECIFIED.);
#107=B_SPLINE_CURVE_WITH_KNOTS('',3,(#4693,#4694,#4695,#4696,#4697),
 .UNSPECIFIED.,.F.,.F.,(4,1,4),(-0.611498033679428,-0.262070585862612,0.),
 .UNSPECIFIED.);
#108=B_SPLINE_CURVE_WITH_KNOTS('',3,(#4698,#4699,#4700,#4701),
 .UNSPECIFIED.,.F.,.F.,(4,4),(0.,0.184342494763373),.UNSPECIFIED.);
#109=B_SPLINE_CURVE_WITH_KNOTS('',3,(#4740,#4741,#4742,#4743),
 .UNSPECIFIED.,.F.,.F.,(4,4),(0.427155454004423,0.611498033680324),
 .UNSPECIFIED.);
#110=B_SPLINE_CURVE_WITH_KNOTS('',3,(#4744,#4745,#4746,#4747,#4748),
 .UNSPECIFIED.,.F.,.F.,(4,1,4),(-0.611498033680324,-0.349427447817328,4.9960036108132E-16),
 .UNSPECIFIED.);
#111=B_SPLINE_CURVE_WITH_KNOTS('',3,(#4779,#4780,#4781,#4782,#4783,#4784),
 .UNSPECIFIED.,.F.,.F.,(4,2,4),(-0.635285756666299,0.414734797441414,1.46473727734891),
 .UNSPECIFIED.);
#112=PLANE('',#2067);
#113=PLANE('',#2071);
#114=PLANE('',#2080);
#115=PLANE('',#2084);
#116=PLANE('',#2093);
#117=PLANE('',#2096);
#118=PLANE('',#2099);
#119=PLANE('',#2102);
#120=PLANE('',#2105);
#121=PLANE('',#2108);
#122=PLANE('',#2111);
#123=PLANE('',#2114);
#124=PLANE('',#2117);
#125=PLANE('',#2123);
#126=PLANE('',#2124);
#127=PLANE('',#2126);
#128=PLANE('',#2127);
#129=PLANE('',#2129);
#130=PLANE('',#2131);
#131=PLANE('',#2132);
#132=PLANE('',#2136);
#133=PLANE('',#2137);
#134=PLANE('',#2138);
#135=PLANE('',#2139);
#136=PLANE('',#2140);
#137=PLANE('',#2144);
#138=PLANE('',#2149);
#139=PLANE('',#2154);
#140=PLANE('',#2159);
#141=PLANE('',#2165);
#142=PLANE('',#2169);
#143=PLANE('',#2173);
#144=PLANE('',#2177);
#145=PLANE('',#2178);
#146=PLANE('',#2198);
#147=PLANE('',#2201);
#148=PLANE('',#2204);
#149=PLANE('',#2207);
#150=PLANE('',#2210);
#151=PLANE('',#2213);
#152=PLANE('',#2222);
#153=PLANE('',#2223);
#154=PLANE('',#2224);
#155=PLANE('',#2225);
#156=PLANE('',#2228);
#157=PLANE('',#2229);
#158=PLANE('',#2230);
#159=PLANE('',#2231);
#160=PLANE('',#2240);
#161=PLANE('',#2241);
#162=PLANE('',#2244);
#163=PLANE('',#2247);
#164=PLANE('',#2248);
#165=FACE_OUTER_BOUND('',#272,.T.);
#166=FACE_OUTER_BOUND('',#273,.T.);
#167=FACE_OUTER_BOUND('',#274,.T.);
#168=FACE_OUTER_BOUND('',#275,.T.);
#169=FACE_OUTER_BOUND('',#276,.T.);
#170=FACE_OUTER_BOUND('',#277,.T.);
#171=FACE_OUTER_BOUND('',#281,.T.);
#172=FACE_OUTER_BOUND('',#282,.T.);
#173=FACE_OUTER_BOUND('',#283,.T.);
#174=FACE_OUTER_BOUND('',#284,.T.);
#175=FACE_OUTER_BOUND('',#285,.T.);
#176=FACE_OUTER_BOUND('',#286,.T.);
#177=FACE_OUTER_BOUND('',#287,.T.);
#178=FACE_OUTER_BOUND('',#288,.T.);
#179=FACE_OUTER_BOUND('',#289,.T.);
#180=FACE_OUTER_BOUND('',#290,.T.);
#181=FACE_OUTER_BOUND('',#291,.T.);
#182=FACE_OUTER_BOUND('',#292,.T.);
#183=FACE_OUTER_BOUND('',#293,.T.);
#184=FACE_OUTER_BOUND('',#294,.T.);
#185=FACE_OUTER_BOUND('',#295,.T.);
#186=FACE_OUTER_BOUND('',#296,.T.);
#187=FACE_OUTER_BOUND('',#297,.T.);
#188=FACE_OUTER_BOUND('',#298,.T.);
#189=FACE_OUTER_BOUND('',#299,.T.);
#190=FACE_OUTER_BOUND('',#300,.T.);
#191=FACE_OUTER_BOUND('',#301,.T.);
#192=FACE_OUTER_BOUND('',#302,.T.);
#193=FACE_OUTER_BOUND('',#303,.T.);
#194=FACE_OUTER_BOUND('',#304,.T.);
#195=FACE_OUTER_BOUND('',#305,.T.);
#196=FACE_OUTER_BOUND('',#306,.T.);
#197=FACE_OUTER_BOUND('',#307,.T.);
#198=FACE_OUTER_BOUND('',#308,.T.);
#199=FACE_OUTER_BOUND('',#313,.T.);
#200=FACE_OUTER_BOUND('',#314,.T.);
#201=FACE_OUTER_BOUND('',#315,.T.);
#202=FACE_OUTER_BOUND('',#316,.T.);
#203=FACE_OUTER_BOUND('',#317,.T.);
#204=FACE_OUTER_BOUND('',#318,.T.);
#205=FACE_OUTER_BOUND('',#319,.T.);
#206=FACE_OUTER_BOUND('',#320,.T.);
#207=FACE_OUTER_BOUND('',#321,.T.);
#208=FACE_OUTER_BOUND('',#322,.T.);
#209=FACE_OUTER_BOUND('',#323,.T.);
#210=FACE_OUTER_BOUND('',#324,.T.);
#211=FACE_OUTER_BOUND('',#325,.T.);
#212=FACE_OUTER_BOUND('',#327,.T.);
#213=FACE_OUTER_BOUND('',#328,.T.);
#214=FACE_OUTER_BOUND('',#330,.T.);
#215=FACE_OUTER_BOUND('',#331,.T.);
#216=FACE_OUTER_BOUND('',#332,.T.);
#217=FACE_OUTER_BOUND('',#333,.T.);
#218=FACE_OUTER_BOUND('',#335,.T.);
#219=FACE_OUTER_BOUND('',#336,.T.);
#220=FACE_OUTER_BOUND('',#338,.T.);
#221=FACE_OUTER_BOUND('',#339,.T.);
#222=FACE_OUTER_BOUND('',#341,.T.);
#223=FACE_OUTER_BOUND('',#342,.T.);
#224=FACE_OUTER_BOUND('',#344,.T.);
#225=FACE_OUTER_BOUND('',#345,.T.);
#226=FACE_OUTER_BOUND('',#346,.T.);
#227=FACE_OUTER_BOUND('',#347,.T.);
#228=FACE_OUTER_BOUND('',#348,.T.);
#229=FACE_OUTER_BOUND('',#353,.T.);
#230=FACE_OUTER_BOUND('',#354,.T.);
#231=FACE_OUTER_BOUND('',#355,.T.);
#232=FACE_OUTER_BOUND('',#356,.T.);
#233=FACE_OUTER_BOUND('',#357,.T.);
#234=FACE_OUTER_BOUND('',#358,.T.);
#235=FACE_OUTER_BOUND('',#359,.T.);
#236=FACE_OUTER_BOUND('',#369,.T.);
#237=FACE_OUTER_BOUND('',#370,.T.);
#238=FACE_OUTER_BOUND('',#371,.T.);
#239=FACE_OUTER_BOUND('',#372,.T.);
#240=FACE_OUTER_BOUND('',#373,.T.);
#241=FACE_OUTER_BOUND('',#374,.T.);
#242=FACE_OUTER_BOUND('',#375,.T.);
#243=FACE_OUTER_BOUND('',#376,.T.);
#244=FACE_OUTER_BOUND('',#377,.T.);
#245=FACE_OUTER_BOUND('',#378,.T.);
#246=FACE_OUTER_BOUND('',#379,.T.);
#247=FACE_OUTER_BOUND('',#380,.T.);
#248=FACE_OUTER_BOUND('',#381,.T.);
#249=FACE_OUTER_BOUND('',#382,.T.);
#250=FACE_OUTER_BOUND('',#383,.T.);
#251=FACE_OUTER_BOUND('',#384,.T.);
#252=FACE_OUTER_BOUND('',#385,.T.);
#253=FACE_OUTER_BOUND('',#386,.T.);
#254=FACE_OUTER_BOUND('',#387,.T.);
#255=FACE_OUTER_BOUND('',#388,.T.);
#256=FACE_OUTER_BOUND('',#389,.T.);
#257=FACE_OUTER_BOUND('',#390,.T.);
#258=FACE_OUTER_BOUND('',#391,.T.);
#259=FACE_OUTER_BOUND('',#392,.T.);
#260=FACE_OUTER_BOUND('',#393,.T.);
#261=FACE_OUTER_BOUND('',#394,.T.);
#262=FACE_OUTER_BOUND('',#395,.T.);
#263=FACE_OUTER_BOUND('',#396,.T.);
#264=FACE_OUTER_BOUND('',#397,.T.);
#265=FACE_OUTER_BOUND('',#398,.T.);
#266=FACE_OUTER_BOUND('',#399,.T.);
#267=FACE_OUTER_BOUND('',#400,.T.);
#268=FACE_OUTER_BOUND('',#401,.T.);
#269=FACE_OUTER_BOUND('',#402,.T.);
#270=FACE_OUTER_BOUND('',#403,.T.);
#271=FACE_OUTER_BOUND('',#404,.T.);
#272=EDGE_LOOP('',(#1302,#1303,#1304,#1305));
#273=EDGE_LOOP('',(#1306));
#274=EDGE_LOOP('',(#1307,#1308,#1309,#1310));
#275=EDGE_LOOP('',(#1311));
#276=EDGE_LOOP('',(#1312,#1313,#1314,#1315,#1316,#1317));
#277=EDGE_LOOP('',(#1318,#1319,#1320,#1321,#1322,#1323,#1324,#1325,#1326,
#1327,#1328,#1329,#1330,#1331,#1332,#1333,#1334,#1335,#1336,#1337,#1338,
#1339,#1340,#1341,#1342,#1343,#1344,#1345));
#278=EDGE_LOOP('',(#1346,#1347));
#279=EDGE_LOOP('',(#1348,#1349));
#280=EDGE_LOOP('',(#1350,#1351,#1352,#1353,#1354,#1355,#1356,#1357,#1358,
#1359,#1360,#1361,#1362,#1363,#1364,#1365,#1366,#1367,#1368,#1369,#1370,
#1371,#1372,#1373,#1374,#1375));
#281=EDGE_LOOP('',(#1376,#1377,#1378,#1379));
#282=EDGE_LOOP('',(#1380,#1381,#1382,#1383));
#283=EDGE_LOOP('',(#1384,#1385,#1386,#1387,#1388,#1389));
#284=EDGE_LOOP('',(#1390,#1391,#1392,#1393));
#285=EDGE_LOOP('',(#1394,#1395,#1396,#1397));
#286=EDGE_LOOP('',(#1398,#1399,#1400,#1401,#1402));
#287=EDGE_LOOP('',(#1403,#1404,#1405,#1406));
#288=EDGE_LOOP('',(#1407,#1408,#1409,#1410));
#289=EDGE_LOOP('',(#1411,#1412,#1413,#1414));
#290=EDGE_LOOP('',(#1415,#1416,#1417,#1418,#1419));
#291=EDGE_LOOP('',(#1420,#1421,#1422,#1423));
#292=EDGE_LOOP('',(#1424,#1425,#1426,#1427));
#293=EDGE_LOOP('',(#1428,#1429,#1430,#1431));
#294=EDGE_LOOP('',(#1432,#1433,#1434,#1435));
#295=EDGE_LOOP('',(#1436,#1437,#1438,#1439));
#296=EDGE_LOOP('',(#1440,#1441,#1442,#1443));
#297=EDGE_LOOP('',(#1444,#1445,#1446,#1447));
#298=EDGE_LOOP('',(#1448,#1449,#1450,#1451));
#299=EDGE_LOOP('',(#1452,#1453,#1454,#1455));
#300=EDGE_LOOP('',(#1456,#1457,#1458,#1459));
#301=EDGE_LOOP('',(#1460,#1461,#1462,#1463));
#302=EDGE_LOOP('',(#1464,#1465,#1466,#1467));
#303=EDGE_LOOP('',(#1468,#1469,#1470,#1471));
#304=EDGE_LOOP('',(#1472,#1473,#1474,#1475));
#305=EDGE_LOOP('',(#1476,#1477,#1478,#1479));
#306=EDGE_LOOP('',(#1480,#1481,#1482,#1483));
#307=EDGE_LOOP('',(#1484,#1485,#1486,#1487));
#308=EDGE_LOOP('',(#1488,#1489,#1490,#1491,#1492,#1493,#1494,#1495,#1496,
#1497,#1498,#1499,#1500,#1501,#1502,#1503,#1504,#1505,#1506,#1507,#1508,
#1509,#1510,#1511,#1512,#1513));
#309=EDGE_LOOP('',(#1514));
#310=EDGE_LOOP('',(#1515));
#311=EDGE_LOOP('',(#1516));
#312=EDGE_LOOP('',(#1517,#1518,#1519,#1520));
#313=EDGE_LOOP('',(#1521,#1522,#1523,#1524));
#314=EDGE_LOOP('',(#1525,#1526,#1527,#1528));
#315=EDGE_LOOP('',(#1529,#1530,#1531,#1532));
#316=EDGE_LOOP('',(#1533,#1534,#1535,#1536));
#317=EDGE_LOOP('',(#1537,#1538,#1539,#1540));
#318=EDGE_LOOP('',(#1541,#1542,#1543,#1544));
#319=EDGE_LOOP('',(#1545,#1546,#1547,#1548));
#320=EDGE_LOOP('',(#1549,#1550,#1551,#1552));
#321=EDGE_LOOP('',(#1553,#1554,#1555,#1556));
#322=EDGE_LOOP('',(#1557,#1558,#1559,#1560));
#323=EDGE_LOOP('',(#1561,#1562,#1563,#1564));
#324=EDGE_LOOP('',(#1565,#1566,#1567,#1568));
#325=EDGE_LOOP('',(#1569,#1570,#1571,#1572));
#326=EDGE_LOOP('',(#1573));
#327=EDGE_LOOP('',(#1574,#1575,#1576,#1577));
#328=EDGE_LOOP('',(#1578,#1579,#1580,#1581,#1582,#1583,#1584,#1585));
#329=EDGE_LOOP('',(#1586));
#330=EDGE_LOOP('',(#1587,#1588,#1589,#1590));
#331=EDGE_LOOP('',(#1591,#1592,#1593,#1594,#1595,#1596));
#332=EDGE_LOOP('',(#1597,#1598,#1599,#1600));
#333=EDGE_LOOP('',(#1601));
#334=EDGE_LOOP('',(#1602));
#335=EDGE_LOOP('',(#1603,#1604,#1605,#1606));
#336=EDGE_LOOP('',(#1607));
#337=EDGE_LOOP('',(#1608));
#338=EDGE_LOOP('',(#1609,#1610,#1611,#1612));
#339=EDGE_LOOP('',(#1613));
#340=EDGE_LOOP('',(#1614));
#341=EDGE_LOOP('',(#1615,#1616,#1617,#1618));
#342=EDGE_LOOP('',(#1619));
#343=EDGE_LOOP('',(#1620));
#344=EDGE_LOOP('',(#1621,#1622,#1623,#1624,#1625));
#345=EDGE_LOOP('',(#1626,#1627,#1628,#1629,#1630));
#346=EDGE_LOOP('',(#1631,#1632,#1633,#1634,#1635));
#347=EDGE_LOOP('',(#1636,#1637,#1638,#1639,#1640));
#348=EDGE_LOOP('',(#1641));
#349=EDGE_LOOP('',(#1642));
#350=EDGE_LOOP('',(#1643));
#351=EDGE_LOOP('',(#1644));
#352=EDGE_LOOP('',(#1645));
#353=EDGE_LOOP('',(#1646,#1647,#1648,#1649));
#354=EDGE_LOOP('',(#1650,#1651,#1652,#1653));
#355=EDGE_LOOP('',(#1654,#1655,#1656,#1657));
#356=EDGE_LOOP('',(#1658,#1659,#1660,#1661));
#357=EDGE_LOOP('',(#1662,#1663,#1664,#1665));
#358=EDGE_LOOP('',(#1666,#1667,#1668,#1669));
#359=EDGE_LOOP('',(#1670,#1671,#1672,#1673,#1674,#1675,#1676,#1677,#1678,
#1679,#1680,#1681,#1682,#1683,#1684,#1685,#1686,#1687,#1688,#1689,#1690,
#1691,#1692,#1693,#1694,#1695));
#360=EDGE_LOOP('',(#1696));
#361=EDGE_LOOP('',(#1697));
#362=EDGE_LOOP('',(#1698));
#363=EDGE_LOOP('',(#1699,#1700,#1701,#1702));
#364=EDGE_LOOP('',(#1703));
#365=EDGE_LOOP('',(#1704,#1705,#1706,#1707));
#366=EDGE_LOOP('',(#1708));
#367=EDGE_LOOP('',(#1709));
#368=EDGE_LOOP('',(#1710));
#369=EDGE_LOOP('',(#1711,#1712,#1713,#1714));
#370=EDGE_LOOP('',(#1715,#1716,#1717,#1718));
#371=EDGE_LOOP('',(#1719,#1720,#1721,#1722));
#372=EDGE_LOOP('',(#1723,#1724,#1725,#1726));
#373=EDGE_LOOP('',(#1727,#1728,#1729,#1730));
#374=EDGE_LOOP('',(#1731,#1732,#1733,#1734));
#375=EDGE_LOOP('',(#1735,#1736,#1737,#1738));
#376=EDGE_LOOP('',(#1739,#1740,#1741,#1742));
#377=EDGE_LOOP('',(#1743,#1744,#1745,#1746));
#378=EDGE_LOOP('',(#1747,#1748,#1749,#1750));
#379=EDGE_LOOP('',(#1751,#1752,#1753,#1754));
#380=EDGE_LOOP('',(#1755,#1756,#1757,#1758));
#381=EDGE_LOOP('',(#1759,#1760,#1761,#1762));
#382=EDGE_LOOP('',(#1763,#1764,#1765,#1766));
#383=EDGE_LOOP('',(#1767,#1768,#1769,#1770));
#384=EDGE_LOOP('',(#1771,#1772,#1773,#1774));
#385=EDGE_LOOP('',(#1775,#1776,#1777,#1778));
#386=EDGE_LOOP('',(#1779,#1780,#1781,#1782));
#387=EDGE_LOOP('',(#1783,#1784,#1785,#1786));
#388=EDGE_LOOP('',(#1787,#1788,#1789,#1790));
#389=EDGE_LOOP('',(#1791,#1792,#1793,#1794));
#390=EDGE_LOOP('',(#1795,#1796,#1797,#1798));
#391=EDGE_LOOP('',(#1799,#1800,#1801,#1802));
#392=EDGE_LOOP('',(#1803,#1804,#1805,#1806));
#393=EDGE_LOOP('',(#1807,#1808,#1809,#1810));
#394=EDGE_LOOP('',(#1811,#1812,#1813,#1814));
#395=EDGE_LOOP('',(#1815,#1816,#1817,#1818));
#396=EDGE_LOOP('',(#1819,#1820,#1821,#1822));
#397=EDGE_LOOP('',(#1823,#1824,#1825,#1826));
#398=EDGE_LOOP('',(#1827,#1828,#1829,#1830));
#399=EDGE_LOOP('',(#1831,#1832,#1833,#1834));
#400=EDGE_LOOP('',(#1835,#1836,#1837,#1838));
#401=EDGE_LOOP('',(#1839,#1840,#1841,#1842));
#402=EDGE_LOOP('',(#1843,#1844,#1845,#1846));
#403=EDGE_LOOP('',(#1847,#1848,#1849,#1850));
#404=EDGE_LOOP('',(#1851,#1852,#1853,#1854,#1855,#1856,#1857,#1858,#1859,
#1860,#1861,#1862,#1863,#1864,#1865,#1866,#1867,#1868,#1869,#1870,#1871,
#1872,#1873,#1874,#1875,#1876));
#405=EDGE_LOOP('',(#1877));
#406=EDGE_LOOP('',(#1878));
#407=EDGE_LOOP('',(#1879));
#408=EDGE_LOOP('',(#1880,#1881,#1882,#1883));
#409=EDGE_LOOP('',(#1884));
#410=EDGE_LOOP('',(#1885,#1886,#1887,#1888));
#411=EDGE_LOOP('',(#1889));
#412=EDGE_LOOP('',(#1890));
#413=EDGE_LOOP('',(#1891));
#414=LINE('',#2783,#571);
#415=LINE('',#2790,#572);
#416=LINE('',#2797,#573);
#417=LINE('',#4664,#574);
#418=LINE('',#4667,#575);
#419=LINE('',#4704,#576);
#420=LINE('',#4705,#577);
#421=LINE('',#4711,#578);
#422=LINE('',#4714,#579);
#423=LINE('',#4786,#580);
#424=LINE('',#4790,#581);
#425=LINE('',#4793,#582);
#426=LINE('',#4796,#583);
#427=LINE('',#4803,#584);
#428=LINE('',#4804,#585);
#429=LINE('',#4807,#586);
#430=LINE('',#4808,#587);
#431=LINE('',#4813,#588);
#432=LINE('',#4814,#589);
#433=LINE('',#4816,#590);
#434=LINE('',#4819,#591);
#435=LINE('',#4823,#592);
#436=LINE('',#4824,#593);
#437=LINE('',#4827,#594);
#438=LINE('',#4830,#595);
#439=LINE('',#4833,#596);
#440=LINE('',#4834,#597);
#441=LINE('',#4837,#598);
#442=LINE('',#4840,#599);
#443=LINE('',#4842,#600);
#444=LINE('',#4845,#601);
#445=LINE('',#4848,#602);
#446=LINE('',#4851,#603);
#447=LINE('',#4852,#604);
#448=LINE('',#4855,#605);
#449=LINE('',#4858,#606);
#450=LINE('',#4861,#607);
#451=LINE('',#4862,#608);
#452=LINE('',#4865,#609);
#453=LINE('',#4868,#610);
#454=LINE('',#4871,#611);
#455=LINE('',#4872,#612);
#456=LINE('',#4878,#613);
#457=LINE('',#4880,#614);
#458=LINE('',#4883,#615);
#459=LINE('',#4886,#616);
#460=LINE('',#4889,#617);
#461=LINE('',#4892,#618);
#462=LINE('',#4894,#619);
#463=LINE('',#4896,#620);
#464=LINE('',#4897,#621);
#465=LINE('',#4899,#622);
#466=LINE('',#4902,#623);
#467=LINE('',#4904,#624);
#468=LINE('',#4907,#625);
#469=LINE('',#4910,#626);
#470=LINE('',#4914,#627);
#471=LINE('',#4916,#628);
#472=LINE('',#4917,#629);
#473=LINE('',#4920,#630);
#474=LINE('',#4921,#631);
#475=LINE('',#4926,#632);
#476=LINE('',#4930,#633);
#477=LINE('',#4931,#634);
#478=LINE('',#4933,#635);
#479=LINE('',#4935,#636);
#480=LINE('',#4942,#637);
#481=LINE('',#4951,#638);
#482=LINE('',#4960,#639);
#483=LINE('',#4969,#640);
#484=LINE('',#4975,#641);
#485=LINE('',#4977,#642);
#486=LINE('',#4979,#643);
#487=LINE('',#4981,#644);
#488=LINE('',#4988,#645);
#489=LINE('',#4991,#646);
#490=LINE('',#4994,#647);
#491=LINE('',#4996,#648);
#492=LINE('',#4997,#649);
#493=LINE('',#5003,#650);
#494=LINE('',#5006,#651);
#495=LINE('',#5009,#652);
#496=LINE('',#5011,#653);
#497=LINE('',#5012,#654);
#498=LINE('',#5018,#655);
#499=LINE('',#5021,#656);
#500=LINE('',#5023,#657);
#501=LINE('',#5024,#658);
#502=LINE('',#5027,#659);
#503=LINE('',#5030,#660);
#504=LINE('',#5034,#661);
#505=LINE('',#5038,#662);
#506=LINE('',#5042,#663);
#507=LINE('',#5046,#664);
#508=LINE('',#5050,#665);
#509=LINE('',#5054,#666);
#510=LINE('',#5058,#667);
#511=LINE('',#5062,#668);
#512=LINE('',#5072,#669);
#513=LINE('',#5074,#670);
#514=LINE('',#5076,#671);
#515=LINE('',#5077,#672);
#516=LINE('',#5082,#673);
#517=LINE('',#5084,#674);
#518=LINE('',#5086,#675);
#519=LINE('',#5087,#676);
#520=LINE('',#5097,#677);
#521=LINE('',#5100,#678);
#522=LINE('',#5101,#679);
#523=LINE('',#5104,#680);
#524=LINE('',#5108,#681);
#525=LINE('',#5109,#682);
#526=LINE('',#5112,#683);
#527=LINE('',#5115,#684);
#528=LINE('',#5118,#685);
#529=LINE('',#5119,#686);
#530=LINE('',#5123,#687);
#531=LINE('',#5126,#688);
#532=LINE('',#5127,#689);
#533=LINE('',#5130,#690);
#534=LINE('',#5134,#691);
#535=LINE('',#5135,#692);
#536=LINE('',#5138,#693);
#537=LINE('',#5141,#694);
#538=LINE('',#5144,#695);
#539=LINE('',#5145,#696);
#540=LINE('',#5149,#697);
#541=LINE('',#5153,#698);
#542=LINE('',#5157,#699);
#543=LINE('',#5161,#700);
#544=LINE('',#5164,#701);
#545=LINE('',#5166,#702);
#546=LINE('',#5167,#703);
#547=LINE('',#5170,#704);
#548=LINE('',#5171,#705);
#549=LINE('',#5174,#706);
#550=LINE('',#5175,#707);
#551=LINE('',#5177,#708);
#552=LINE('',#5181,#709);
#553=LINE('',#5184,#710);
#554=LINE('',#5186,#711);
#555=LINE('',#5187,#712);
#556=LINE('',#5190,#713);
#557=LINE('',#5191,#714);
#558=LINE('',#5194,#715);
#559=LINE('',#5195,#716);
#560=LINE('',#5197,#717);
#561=LINE('',#5201,#718);
#562=LINE('',#5205,#719);
#563=LINE('',#5209,#720);
#564=LINE('',#5212,#721);
#565=LINE('',#5215,#722);
#566=LINE('',#5218,#723);
#567=LINE('',#5219,#724);
#568=LINE('',#5224,#725);
#569=LINE('',#5225,#726);
#570=LINE('',#5229,#727);
#571=VECTOR('',#2255,1.5);
#572=VECTOR('',#2264,1.5);
#573=VECTOR('',#2273,1.49999999999999);
#574=VECTOR('',#2284,10.);
#575=VECTOR('',#2287,10.);
#576=VECTOR('',#2290,10.);
#577=VECTOR('',#2291,10.);
#578=VECTOR('',#2296,10.);
#579=VECTOR('',#2299,10.);
#580=VECTOR('',#2302,10.);
#581=VECTOR('',#2307,10.);
#582=VECTOR('',#2310,10.);
#583=VECTOR('',#2313,10.);
#584=VECTOR('',#2322,10.);
#585=VECTOR('',#2323,10.);
#586=VECTOR('',#2326,10.);
#587=VECTOR('',#2327,10.);
#588=VECTOR('',#2332,10.);
#589=VECTOR('',#2333,10.);
#590=VECTOR('',#2336,10.);
#591=VECTOR('',#2339,10.);
#592=VECTOR('',#2344,10.);
#593=VECTOR('',#2345,10.);
#594=VECTOR('',#2348,10.);
#595=VECTOR('',#2351,10.);
#596=VECTOR('',#2354,10.);
#597=VECTOR('',#2355,10.);
#598=VECTOR('',#2358,10.);
#599=VECTOR('',#2361,10.);
#600=VECTOR('',#2364,10.);
#601=VECTOR('',#2367,10.);
#602=VECTOR('',#2370,10.);
#603=VECTOR('',#2373,10.);
#604=VECTOR('',#2374,10.);
#605=VECTOR('',#2377,10.);
#606=VECTOR('',#2380,10.);
#607=VECTOR('',#2383,10.);
#608=VECTOR('',#2384,10.);
#609=VECTOR('',#2387,10.);
#610=VECTOR('',#2390,10.);
#611=VECTOR('',#2393,10.);
#612=VECTOR('',#2394,10.);
#613=VECTOR('',#2403,10.);
#614=VECTOR('',#2404,10.);
#615=VECTOR('',#2407,10.);
#616=VECTOR('',#2410,10.);
#617=VECTOR('',#2413,10.);
#618=VECTOR('',#2414,10.);
#619=VECTOR('',#2415,10.);
#620=VECTOR('',#2416,10.);
#621=VECTOR('',#2417,10.);
#622=VECTOR('',#2420,10.);
#623=VECTOR('',#2425,10.);
#624=VECTOR('',#2428,10.);
#625=VECTOR('',#2433,10.);
#626=VECTOR('',#2438,10.);
#627=VECTOR('',#2443,10.);
#628=VECTOR('',#2444,10.);
#629=VECTOR('',#2445,10.);
#630=VECTOR('',#2448,10.);
#631=VECTOR('',#2449,10.);
#632=VECTOR('',#2454,8.99999999999999);
#633=VECTOR('',#2459,10.);
#634=VECTOR('',#2460,10.);
#635=VECTOR('',#2463,10.);
#636=VECTOR('',#2466,10.);
#637=VECTOR('',#2475,0.999999999999996);
#638=VECTOR('',#2486,1.00000000000001);
#639=VECTOR('',#2497,0.999999999999996);
#640=VECTOR('',#2508,0.999999999999996);
#641=VECTOR('',#2517,3.);
#642=VECTOR('',#2520,2.99999999999999);
#643=VECTOR('',#2523,3.00000000000001);
#644=VECTOR('',#2526,3.00000000000001);
#645=VECTOR('',#2533,10.);
#646=VECTOR('',#2536,10.);
#647=VECTOR('',#2539,10.);
#648=VECTOR('',#2540,10.);
#649=VECTOR('',#2541,10.);
#650=VECTOR('',#2546,10.);
#651=VECTOR('',#2549,10.);
#652=VECTOR('',#2552,10.);
#653=VECTOR('',#2553,10.);
#654=VECTOR('',#2554,10.);
#655=VECTOR('',#2561,10.);
#656=VECTOR('',#2564,10.);
#657=VECTOR('',#2565,10.);
#658=VECTOR('',#2566,10.);
#659=VECTOR('',#2569,10.);
#660=VECTOR('',#2572,10.);
#661=VECTOR('',#2575,10.);
#662=VECTOR('',#2578,10.);
#663=VECTOR('',#2581,10.);
#664=VECTOR('',#2584,10.);
#665=VECTOR('',#2587,10.);
#666=VECTOR('',#2590,10.);
#667=VECTOR('',#2593,10.);
#668=VECTOR('',#2596,10.);
#669=VECTOR('',#2605,10.);
#670=VECTOR('',#2606,10.);
#671=VECTOR('',#2607,10.);
#672=VECTOR('',#2608,10.);
#673=VECTOR('',#2611,10.);
#674=VECTOR('',#2612,10.);
#675=VECTOR('',#2613,10.);
#676=VECTOR('',#2614,10.);
#677=VECTOR('',#2625,10.);
#678=VECTOR('',#2628,10.);
#679=VECTOR('',#2629,10.);
#680=VECTOR('',#2632,10.);
#681=VECTOR('',#2637,10.);
#682=VECTOR('',#2638,10.);
#683=VECTOR('',#2641,10.);
#684=VECTOR('',#2644,10.);
#685=VECTOR('',#2647,10.);
#686=VECTOR('',#2648,10.);
#687=VECTOR('',#2653,10.);
#688=VECTOR('',#2656,10.);
#689=VECTOR('',#2657,10.);
#690=VECTOR('',#2660,10.);
#691=VECTOR('',#2665,10.);
#692=VECTOR('',#2666,10.);
#693=VECTOR('',#2669,10.);
#694=VECTOR('',#2672,10.);
#695=VECTOR('',#2675,10.);
#696=VECTOR('',#2676,10.);
#697=VECTOR('',#2681,10.);
#698=VECTOR('',#2686,1.5);
#699=VECTOR('',#2691,0.999999999999996);
#700=VECTOR('',#2696,0.999999999999996);
#701=VECTOR('',#2699,10.);
#702=VECTOR('',#2700,10.);
#703=VECTOR('',#2701,10.);
#704=VECTOR('',#2704,10.);
#705=VECTOR('',#2705,10.);
#706=VECTOR('',#2708,10.);
#707=VECTOR('',#2709,10.);
#708=VECTOR('',#2712,10.);
#709=VECTOR('',#2717,1.49999999999999);
#710=VECTOR('',#2720,10.);
#711=VECTOR('',#2721,10.);
#712=VECTOR('',#2722,10.);
#713=VECTOR('',#2725,10.);
#714=VECTOR('',#2726,10.);
#715=VECTOR('',#2729,10.);
#716=VECTOR('',#2730,10.);
#717=VECTOR('',#2733,10.);
#718=VECTOR('',#2738,0.999999999999996);
#719=VECTOR('',#2743,1.5);
#720=VECTOR('',#2748,0.999999999999996);
#721=VECTOR('',#2751,10.);
#722=VECTOR('',#2756,10.);
#723=VECTOR('',#2759,10.);
#724=VECTOR('',#2760,10.);
#725=VECTOR('',#2767,10.);
#726=VECTOR('',#2768,10.);
#727=VECTOR('',#2775,10.);
#728=CIRCLE('',#2065,1.5);
#729=CIRCLE('',#2066,1.5);
#730=CIRCLE('',#2069,1.5);
#731=CIRCLE('',#2070,1.5);
#732=CIRCLE('',#2073,1.49999999999999);
#733=CIRCLE('',#2074,22.5);
#734=CIRCLE('',#2075,22.5);
#735=CIRCLE('',#2076,22.5);
#736=CIRCLE('',#2078,2.);
#737=CIRCLE('',#2079,2.);
#738=CIRCLE('',#2082,2.);
#739=CIRCLE('',#2083,1.99999999999999);
#740=CIRCLE('',#2086,2.);
#741=CIRCLE('',#2088,2.);
#742=CIRCLE('',#2090,22.5);
#743=CIRCLE('',#2092,2.);
#744=CIRCLE('',#2095,2.);
#745=CIRCLE('',#2098,2.);
#746=CIRCLE('',#2101,2.);
#747=CIRCLE('',#2104,2.);
#748=CIRCLE('',#2107,2.);
#749=CIRCLE('',#2110,2.);
#750=CIRCLE('',#2113,2.);
#751=CIRCLE('',#2116,2.);
#752=CIRCLE('',#2118,4.);
#753=CIRCLE('',#2119,3.99999999999999);
#754=CIRCLE('',#2120,2.);
#755=CIRCLE('',#2121,4.);
#756=CIRCLE('',#2134,8.99999999999999);
#757=CIRCLE('',#2135,8.99999999999999);
#758=CIRCLE('',#2142,0.999999999999996);
#759=CIRCLE('',#2143,0.999999999999996);
#760=CIRCLE('',#2145,3.00000000000001);
#761=CIRCLE('',#2147,1.00000000000001);
#762=CIRCLE('',#2148,1.00000000000001);
#763=CIRCLE('',#2150,3.);
#764=CIRCLE('',#2152,0.999999999999996);
#765=CIRCLE('',#2153,0.999999999999996);
#766=CIRCLE('',#2155,2.99999999999999);
#767=CIRCLE('',#2157,0.999999999999996);
#768=CIRCLE('',#2158,0.999999999999996);
#769=CIRCLE('',#2160,3.00000000000001);
#770=CIRCLE('',#2167,2.);
#771=CIRCLE('',#2168,2.);
#772=CIRCLE('',#2171,2.);
#773=CIRCLE('',#2172,2.);
#774=CIRCLE('',#2175,2.);
#775=CIRCLE('',#2176,2.);
#776=CIRCLE('',#2179,3.5);
#777=CIRCLE('',#2180,2.);
#778=CIRCLE('',#2181,2.);
#779=CIRCLE('',#2182,3.5);
#780=CIRCLE('',#2183,2.);
#781=CIRCLE('',#2184,2.);
#782=CIRCLE('',#2185,2.);
#783=CIRCLE('',#2186,3.5);
#784=CIRCLE('',#2187,2.);
#785=CIRCLE('',#2188,2.);
#786=CIRCLE('',#2189,0.999999999999996);
#787=CIRCLE('',#2190,1.5);
#788=CIRCLE('',#2191,0.999999999999996);
#789=CIRCLE('',#2192,1.49999999999999);
#790=CIRCLE('',#2193,0.999999999999996);
#791=CIRCLE('',#2194,0.999999999999996);
#792=CIRCLE('',#2195,1.5);
#793=CIRCLE('',#2197,2.);
#794=CIRCLE('',#2200,2.);
#795=CIRCLE('',#2203,2.);
#796=CIRCLE('',#2206,2.);
#797=CIRCLE('',#2209,2.);
#798=CIRCLE('',#2212,2.);
#799=CIRCLE('',#2215,2.);
#800=CIRCLE('',#2217,1.5);
#801=CIRCLE('',#2219,0.999999999999996);
#802=CIRCLE('',#2221,0.999999999999996);
#803=CIRCLE('',#2227,1.49999999999999);
#804=CIRCLE('',#2233,0.999999999999996);
#805=CIRCLE('',#2235,1.5);
#806=CIRCLE('',#2237,0.999999999999996);
#807=CIRCLE('',#2239,3.5);
#808=CIRCLE('',#2243,3.5);
#809=CIRCLE('',#2246,3.5);
#810=VERTEX_POINT('',#2780);
#811=VERTEX_POINT('',#2782);
#812=VERTEX_POINT('',#2787);
#813=VERTEX_POINT('',#2789);
#814=VERTEX_POINT('',#2794);
#815=VERTEX_POINT('',#2796);
#816=VERTEX_POINT('',#2798);
#817=VERTEX_POINT('',#2813);
#818=VERTEX_POINT('',#3777);
#819=VERTEX_POINT('',#3782);
#820=VERTEX_POINT('',#3789);
#821=VERTEX_POINT('',#3800);
#822=VERTEX_POINT('',#3815);
#823=VERTEX_POINT('',#3822);
#824=VERTEX_POINT('',#3839);
#825=VERTEX_POINT('',#3841);
#826=VERTEX_POINT('',#3843);
#827=VERTEX_POINT('',#3858);
#828=VERTEX_POINT('',#3865);
#829=VERTEX_POINT('',#3878);
#830=VERTEX_POINT('',#3893);
#831=VERTEX_POINT('',#4018);
#832=VERTEX_POINT('',#4039);
#833=VERTEX_POINT('',#4047);
#834=VERTEX_POINT('',#4124);
#835=VERTEX_POINT('',#4236);
#836=VERTEX_POINT('',#4237);
#837=VERTEX_POINT('',#4278);
#838=VERTEX_POINT('',#4279);
#839=VERTEX_POINT('',#4320);
#840=VERTEX_POINT('',#4321);
#841=VERTEX_POINT('',#4336);
#842=VERTEX_POINT('',#4341);
#843=VERTEX_POINT('',#4379);
#844=VERTEX_POINT('',#4390);
#845=VERTEX_POINT('',#4434);
#846=VERTEX_POINT('',#4439);
#847=VERTEX_POINT('',#4454);
#848=VERTEX_POINT('',#4459);
#849=VERTEX_POINT('',#4486);
#850=VERTEX_POINT('',#4491);
#851=VERTEX_POINT('',#4504);
#852=VERTEX_POINT('',#4509);
#853=VERTEX_POINT('',#4522);
#854=VERTEX_POINT('',#4527);
#855=VERTEX_POINT('',#4540);
#856=VERTEX_POINT('',#4545);
#857=VERTEX_POINT('',#4568);
#858=VERTEX_POINT('',#4573);
#859=VERTEX_POINT('',#4586);
#860=VERTEX_POINT('',#4591);
#861=VERTEX_POINT('',#4604);
#862=VERTEX_POINT('',#4609);
#863=VERTEX_POINT('',#4625);
#864=VERTEX_POINT('',#4630);
#865=VERTEX_POINT('',#4660);
#866=VERTEX_POINT('',#4661);
#867=VERTEX_POINT('',#4663);
#868=VERTEX_POINT('',#4665);
#869=VERTEX_POINT('',#4703);
#870=VERTEX_POINT('',#4707);
#871=VERTEX_POINT('',#4708);
#872=VERTEX_POINT('',#4710);
#873=VERTEX_POINT('',#4712);
#874=VERTEX_POINT('',#4788);
#875=VERTEX_POINT('',#4792);
#876=VERTEX_POINT('',#4794);
#877=VERTEX_POINT('',#4800);
#878=VERTEX_POINT('',#4801);
#879=VERTEX_POINT('',#4806);
#880=VERTEX_POINT('',#4810);
#881=VERTEX_POINT('',#4811);
#882=VERTEX_POINT('',#4818);
#883=VERTEX_POINT('',#4822);
#884=VERTEX_POINT('',#4826);
#885=VERTEX_POINT('',#4828);
#886=VERTEX_POINT('',#4832);
#887=VERTEX_POINT('',#4836);
#888=VERTEX_POINT('',#4838);
#889=VERTEX_POINT('',#4844);
#890=VERTEX_POINT('',#4846);
#891=VERTEX_POINT('',#4850);
#892=VERTEX_POINT('',#4854);
#893=VERTEX_POINT('',#4856);
#894=VERTEX_POINT('',#4860);
#895=VERTEX_POINT('',#4864);
#896=VERTEX_POINT('',#4866);
#897=VERTEX_POINT('',#4870);
#898=VERTEX_POINT('',#4876);
#899=VERTEX_POINT('',#4879);
#900=VERTEX_POINT('',#4881);
#901=VERTEX_POINT('',#4884);
#902=VERTEX_POINT('',#4887);
#903=VERTEX_POINT('',#4890);
#904=VERTEX_POINT('',#4891);
#905=VERTEX_POINT('',#4893);
#906=VERTEX_POINT('',#4895);
#907=VERTEX_POINT('',#4913);
#908=VERTEX_POINT('',#4915);
#909=VERTEX_POINT('',#4919);
#910=VERTEX_POINT('',#4923);
#911=VERTEX_POINT('',#4925);
#912=VERTEX_POINT('',#4929);
#913=VERTEX_POINT('',#4939);
#914=VERTEX_POINT('',#4941);
#915=VERTEX_POINT('',#4945);
#916=VERTEX_POINT('',#4948);
#917=VERTEX_POINT('',#4950);
#918=VERTEX_POINT('',#4954);
#919=VERTEX_POINT('',#4957);
#920=VERTEX_POINT('',#4959);
#921=VERTEX_POINT('',#4963);
#922=VERTEX_POINT('',#4966);
#923=VERTEX_POINT('',#4968);
#924=VERTEX_POINT('',#4972);
#925=VERTEX_POINT('',#4984);
#926=VERTEX_POINT('',#4985);
#927=VERTEX_POINT('',#4987);
#928=VERTEX_POINT('',#4989);
#929=VERTEX_POINT('',#4993);
#930=VERTEX_POINT('',#4995);
#931=VERTEX_POINT('',#4999);
#932=VERTEX_POINT('',#5000);
#933=VERTEX_POINT('',#5002);
#934=VERTEX_POINT('',#5004);
#935=VERTEX_POINT('',#5008);
#936=VERTEX_POINT('',#5010);
#937=VERTEX_POINT('',#5014);
#938=VERTEX_POINT('',#5016);
#939=VERTEX_POINT('',#5020);
#940=VERTEX_POINT('',#5022);
#941=VERTEX_POINT('',#5026);
#942=VERTEX_POINT('',#5029);
#943=VERTEX_POINT('',#5031);
#944=VERTEX_POINT('',#5033);
#945=VERTEX_POINT('',#5035);
#946=VERTEX_POINT('',#5037);
#947=VERTEX_POINT('',#5039);
#948=VERTEX_POINT('',#5041);
#949=VERTEX_POINT('',#5043);
#950=VERTEX_POINT('',#5045);
#951=VERTEX_POINT('',#5047);
#952=VERTEX_POINT('',#5049);
#953=VERTEX_POINT('',#5051);
#954=VERTEX_POINT('',#5053);
#955=VERTEX_POINT('',#5055);
#956=VERTEX_POINT('',#5057);
#957=VERTEX_POINT('',#5059);
#958=VERTEX_POINT('',#5061);
#959=VERTEX_POINT('',#5064);
#960=VERTEX_POINT('',#5066);
#961=VERTEX_POINT('',#5068);
#962=VERTEX_POINT('',#5070);
#963=VERTEX_POINT('',#5071);
#964=VERTEX_POINT('',#5073);
#965=VERTEX_POINT('',#5075);
#966=VERTEX_POINT('',#5078);
#967=VERTEX_POINT('',#5080);
#968=VERTEX_POINT('',#5081);
#969=VERTEX_POINT('',#5083);
#970=VERTEX_POINT('',#5085);
#971=VERTEX_POINT('',#5088);
#972=VERTEX_POINT('',#5090);
#973=VERTEX_POINT('',#5092);
#974=VERTEX_POINT('',#5095);
#975=VERTEX_POINT('',#5099);
#976=VERTEX_POINT('',#5103);
#977=VERTEX_POINT('',#5107);
#978=VERTEX_POINT('',#5111);
#979=VERTEX_POINT('',#5113);
#980=VERTEX_POINT('',#5117);
#981=VERTEX_POINT('',#5121);
#982=VERTEX_POINT('',#5125);
#983=VERTEX_POINT('',#5129);
#984=VERTEX_POINT('',#5133);
#985=VERTEX_POINT('',#5137);
#986=VERTEX_POINT('',#5139);
#987=VERTEX_POINT('',#5143);
#988=VERTEX_POINT('',#5147);
#989=VERTEX_POINT('',#5151);
#990=VERTEX_POINT('',#5155);
#991=VERTEX_POINT('',#5159);
#992=VERTEX_POINT('',#5163);
#993=VERTEX_POINT('',#5165);
#994=VERTEX_POINT('',#5169);
#995=VERTEX_POINT('',#5173);
#996=VERTEX_POINT('',#5179);
#997=VERTEX_POINT('',#5183);
#998=VERTEX_POINT('',#5185);
#999=VERTEX_POINT('',#5189);
#1000=VERTEX_POINT('',#5193);
#1001=VERTEX_POINT('',#5199);
#1002=VERTEX_POINT('',#5203);
#1003=VERTEX_POINT('',#5207);
#1004=VERTEX_POINT('',#5211);
#1005=VERTEX_POINT('',#5217);
#1006=VERTEX_POINT('',#5223);
#1007=EDGE_CURVE('',#810,#810,#728,.T.);
#1008=EDGE_CURVE('',#810,#811,#414,.T.);
#1009=EDGE_CURVE('',#811,#811,#729,.T.);
#1010=EDGE_CURVE('',#812,#812,#730,.T.);
#1011=EDGE_CURVE('',#812,#813,#415,.T.);
#1012=EDGE_CURVE('',#813,#813,#731,.T.);
#1013=EDGE_CURVE('',#814,#814,#732,.T.);
#1014=EDGE_CURVE('',#814,#815,#416,.T.);
#1015=EDGE_CURVE('',#816,#815,#56,.T.);
#1016=EDGE_CURVE('',#817,#816,#57,.T.);
#1017=EDGE_CURVE('',#815,#817,#58,.T.);
#1018=EDGE_CURVE('',#816,#818,#59,.T.);
#1019=EDGE_CURVE('',#819,#818,#60,.T.);
#1020=EDGE_CURVE('',#819,#820,#61,.T.);
#1021=EDGE_CURVE('',#820,#821,#62,.T.);
#1022=EDGE_CURVE('',#822,#821,#63,.T.);
#1023=EDGE_CURVE('',#823,#822,#64,.T.);
#1024=EDGE_CURVE('',#824,#823,#733,.T.);
#1025=EDGE_CURVE('',#825,#824,#734,.T.);
#1026=EDGE_CURVE('',#826,#825,#65,.T.);
#1027=EDGE_CURVE('',#827,#826,#66,.T.);
#1028=EDGE_CURVE('',#827,#828,#67,.T.);
#1029=EDGE_CURVE('',#829,#828,#68,.F.);
#1030=EDGE_CURVE('',#818,#829,#69,.T.);
#1031=EDGE_CURVE('',#830,#817,#70,.T.);
#1032=EDGE_CURVE('',#830,#831,#71,.T.);
#1033=EDGE_CURVE('',#832,#831,#72,.T.);
#1034=EDGE_CURVE('',#832,#833,#73,.T.);
#1035=EDGE_CURVE('',#834,#833,#74,.T.);
#1036=EDGE_CURVE('',#834,#834,#735,.T.);
#1037=EDGE_CURVE('',#833,#832,#75,.T.);
#1038=EDGE_CURVE('',#831,#830,#76,.T.);
#1039=EDGE_CURVE('',#835,#836,#77,.T.);
#1040=EDGE_CURVE('',#836,#835,#78,.T.);
#1041=EDGE_CURVE('',#837,#838,#79,.T.);
#1042=EDGE_CURVE('',#838,#837,#80,.T.);
#1043=EDGE_CURVE('',#839,#840,#81,.T.);
#1044=EDGE_CURVE('',#839,#841,#82,.T.);
#1045=EDGE_CURVE('',#842,#841,#83,.T.);
#1046=EDGE_CURVE('',#842,#843,#84,.T.);
#1047=EDGE_CURVE('',#844,#843,#85,.T.);
#1048=EDGE_CURVE('',#844,#845,#86,.T.);
#1049=EDGE_CURVE('',#846,#845,#87,.T.);
#1050=EDGE_CURVE('',#846,#847,#88,.T.);
#1051=EDGE_CURVE('',#847,#848,#89,.T.);
#1052=EDGE_CURVE('',#848,#849,#90,.T.);
#1053=EDGE_CURVE('',#850,#849,#91,.T.);
#1054=EDGE_CURVE('',#850,#851,#92,.T.);
#1055=EDGE_CURVE('',#852,#851,#93,.T.);
#1056=EDGE_CURVE('',#852,#853,#94,.T.);
#1057=EDGE_CURVE('',#854,#853,#95,.T.);
#1058=EDGE_CURVE('',#854,#855,#96,.T.);
#1059=EDGE_CURVE('',#855,#856,#97,.T.);
#1060=EDGE_CURVE('',#856,#857,#98,.T.);
#1061=EDGE_CURVE('',#858,#857,#99,.T.);
#1062=EDGE_CURVE('',#858,#859,#100,.T.);
#1063=EDGE_CURVE('',#860,#859,#101,.T.);
#1064=EDGE_CURVE('',#860,#861,#102,.T.);
#1065=EDGE_CURVE('',#862,#861,#103,.T.);
#1066=EDGE_CURVE('',#862,#863,#104,.T.);
#1067=EDGE_CURVE('',#863,#864,#105,.T.);
#1068=EDGE_CURVE('',#864,#840,#106,.T.);
#1069=EDGE_CURVE('',#865,#866,#736,.T.);
#1070=EDGE_CURVE('',#866,#867,#417,.T.);
#1071=EDGE_CURVE('',#867,#868,#737,.T.);
#1072=EDGE_CURVE('',#868,#865,#418,.T.);
#1073=EDGE_CURVE('',#819,#868,#107,.T.);
#1074=EDGE_CURVE('',#867,#820,#108,.T.);
#1075=EDGE_CURVE('',#866,#869,#419,.T.);
#1076=EDGE_CURVE('',#822,#869,#420,.T.);
#1077=EDGE_CURVE('',#870,#871,#738,.T.);
#1078=EDGE_CURVE('',#871,#872,#421,.T.);
#1079=EDGE_CURVE('',#872,#873,#739,.T.);
#1080=EDGE_CURVE('',#873,#870,#422,.T.);
#1081=EDGE_CURVE('',#828,#873,#109,.T.);
#1082=EDGE_CURVE('',#872,#829,#110,.T.);
#1083=EDGE_CURVE('',#872,#868,#111,.T.);
#1084=EDGE_CURVE('',#871,#865,#423,.T.);
#1085=EDGE_CURVE('',#869,#874,#740,.T.);
#1086=EDGE_CURVE('',#874,#823,#424,.T.);
#1087=EDGE_CURVE('',#825,#875,#425,.T.);
#1088=EDGE_CURVE('',#875,#876,#741,.T.);
#1089=EDGE_CURVE('',#876,#826,#426,.T.);
#1090=EDGE_CURVE('',#875,#874,#742,.T.);
#1091=EDGE_CURVE('',#877,#878,#743,.T.);
#1092=EDGE_CURVE('',#877,#842,#427,.T.);
#1093=EDGE_CURVE('',#841,#878,#428,.T.);
#1094=EDGE_CURVE('',#879,#839,#429,.T.);
#1095=EDGE_CURVE('',#878,#879,#430,.T.);
#1096=EDGE_CURVE('',#880,#881,#744,.T.);
#1097=EDGE_CURVE('',#880,#844,#431,.T.);
#1098=EDGE_CURVE('',#843,#881,#432,.T.);
#1099=EDGE_CURVE('',#881,#877,#433,.T.);
#1100=EDGE_CURVE('',#840,#882,#434,.T.);
#1101=EDGE_CURVE('',#882,#879,#745,.F.);
#1102=EDGE_CURVE('',#883,#864,#435,.T.);
#1103=EDGE_CURVE('',#882,#883,#436,.T.);
#1104=EDGE_CURVE('',#861,#884,#437,.T.);
#1105=EDGE_CURVE('',#884,#885,#746,.F.);
#1106=EDGE_CURVE('',#885,#862,#438,.T.);
#1107=EDGE_CURVE('',#886,#860,#439,.T.);
#1108=EDGE_CURVE('',#884,#886,#440,.T.);
#1109=EDGE_CURVE('',#845,#887,#441,.T.);
#1110=EDGE_CURVE('',#887,#888,#747,.F.);
#1111=EDGE_CURVE('',#888,#846,#442,.T.);
#1112=EDGE_CURVE('',#887,#880,#443,.T.);
#1113=EDGE_CURVE('',#849,#889,#444,.T.);
#1114=EDGE_CURVE('',#889,#890,#748,.F.);
#1115=EDGE_CURVE('',#890,#850,#445,.T.);
#1116=EDGE_CURVE('',#891,#848,#446,.T.);
#1117=EDGE_CURVE('',#891,#889,#447,.T.);
#1118=EDGE_CURVE('',#853,#892,#448,.T.);
#1119=EDGE_CURVE('',#892,#893,#749,.F.);
#1120=EDGE_CURVE('',#893,#854,#449,.T.);
#1121=EDGE_CURVE('',#894,#852,#450,.T.);
#1122=EDGE_CURVE('',#892,#894,#451,.T.);
#1123=EDGE_CURVE('',#857,#895,#452,.T.);
#1124=EDGE_CURVE('',#895,#896,#750,.F.);
#1125=EDGE_CURVE('',#896,#858,#453,.T.);
#1126=EDGE_CURVE('',#897,#896,#454,.T.);
#1127=EDGE_CURVE('',#859,#897,#455,.T.);
#1128=EDGE_CURVE('',#886,#897,#751,.T.);
#1129=EDGE_CURVE('',#898,#883,#752,.T.);
#1130=EDGE_CURVE('',#898,#885,#456,.T.);
#1131=EDGE_CURVE('',#895,#899,#457,.T.);
#1132=EDGE_CURVE('',#900,#899,#753,.T.);
#1133=EDGE_CURVE('',#900,#893,#458,.T.);
#1134=EDGE_CURVE('',#894,#901,#754,.T.);
#1135=EDGE_CURVE('',#901,#890,#459,.T.);
#1136=EDGE_CURVE('',#902,#891,#755,.T.);
#1137=EDGE_CURVE('',#888,#902,#460,.T.);
#1138=EDGE_CURVE('',#903,#904,#461,.T.);
#1139=EDGE_CURVE('',#905,#903,#462,.T.);
#1140=EDGE_CURVE('',#906,#905,#463,.T.);
#1141=EDGE_CURVE('',#904,#906,#464,.T.);
#1142=EDGE_CURVE('',#851,#901,#465,.T.);
#1143=EDGE_CURVE('',#900,#855,#466,.T.);
#1144=EDGE_CURVE('',#899,#856,#467,.T.);
#1145=EDGE_CURVE('',#898,#863,#468,.T.);
#1146=EDGE_CURVE('',#902,#847,#469,.T.);
#1147=EDGE_CURVE('',#907,#905,#470,.T.);
#1148=EDGE_CURVE('',#907,#908,#471,.T.);
#1149=EDGE_CURVE('',#908,#906,#472,.T.);
#1150=EDGE_CURVE('',#909,#903,#473,.T.);
#1151=EDGE_CURVE('',#909,#907,#474,.T.);
#1152=EDGE_CURVE('',#910,#910,#756,.T.);
#1153=EDGE_CURVE('',#910,#911,#475,.T.);
#1154=EDGE_CURVE('',#911,#911,#757,.T.);
#1155=EDGE_CURVE('',#912,#909,#476,.T.);
#1156=EDGE_CURVE('',#908,#912,#477,.T.);
#1157=EDGE_CURVE('',#912,#904,#478,.T.);
#1158=EDGE_CURVE('',#876,#870,#479,.T.);
#1159=EDGE_CURVE('',#913,#913,#758,.T.);
#1160=EDGE_CURVE('',#913,#914,#480,.T.);
#1161=EDGE_CURVE('',#914,#914,#759,.T.);
#1162=EDGE_CURVE('',#915,#915,#760,.T.);
#1163=EDGE_CURVE('',#916,#916,#761,.T.);
#1164=EDGE_CURVE('',#916,#917,#481,.T.);
#1165=EDGE_CURVE('',#917,#917,#762,.T.);
#1166=EDGE_CURVE('',#918,#918,#763,.T.);
#1167=EDGE_CURVE('',#919,#919,#764,.T.);
#1168=EDGE_CURVE('',#919,#920,#482,.T.);
#1169=EDGE_CURVE('',#920,#920,#765,.T.);
#1170=EDGE_CURVE('',#921,#921,#766,.T.);
#1171=EDGE_CURVE('',#922,#922,#767,.T.);
#1172=EDGE_CURVE('',#922,#923,#483,.T.);
#1173=EDGE_CURVE('',#923,#923,#768,.T.);
#1174=EDGE_CURVE('',#924,#924,#769,.T.);
#1175=EDGE_CURVE('',#918,#830,#484,.T.);
#1176=EDGE_CURVE('',#921,#838,#485,.T.);
#1177=EDGE_CURVE('',#924,#836,#486,.T.);
#1178=EDGE_CURVE('',#915,#832,#487,.T.);
#1179=EDGE_CURVE('',#925,#926,#770,.T.);
#1180=EDGE_CURVE('',#926,#927,#488,.T.);
#1181=EDGE_CURVE('',#927,#928,#771,.T.);
#1182=EDGE_CURVE('',#928,#925,#489,.T.);
#1183=EDGE_CURVE('',#929,#926,#490,.T.);
#1184=EDGE_CURVE('',#929,#930,#491,.T.);
#1185=EDGE_CURVE('',#927,#930,#492,.T.);
#1186=EDGE_CURVE('',#931,#932,#772,.T.);
#1187=EDGE_CURVE('',#932,#933,#493,.T.);
#1188=EDGE_CURVE('',#933,#934,#773,.T.);
#1189=EDGE_CURVE('',#934,#931,#494,.T.);
#1190=EDGE_CURVE('',#932,#935,#495,.T.);
#1191=EDGE_CURVE('',#936,#935,#496,.T.);
#1192=EDGE_CURVE('',#933,#936,#497,.T.);
#1193=EDGE_CURVE('',#937,#936,#774,.T.);
#1194=EDGE_CURVE('',#935,#938,#775,.T.);
#1195=EDGE_CURVE('',#938,#937,#498,.T.);
#1196=EDGE_CURVE('',#938,#939,#499,.T.);
#1197=EDGE_CURVE('',#940,#939,#500,.T.);
#1198=EDGE_CURVE('',#937,#940,#501,.T.);
#1199=EDGE_CURVE('',#931,#941,#502,.T.);
#1200=EDGE_CURVE('',#941,#929,#776,.T.);
#1201=EDGE_CURVE('',#942,#925,#503,.T.);
#1202=EDGE_CURVE('',#943,#942,#777,.T.);
#1203=EDGE_CURVE('',#944,#943,#504,.T.);
#1204=EDGE_CURVE('',#945,#944,#778,.T.);
#1205=EDGE_CURVE('',#946,#945,#505,.T.);
#1206=EDGE_CURVE('',#946,#947,#779,.T.);
#1207=EDGE_CURVE('',#948,#947,#506,.T.);
#1208=EDGE_CURVE('',#949,#948,#780,.T.);
#1209=EDGE_CURVE('',#950,#949,#507,.T.);
#1210=EDGE_CURVE('',#951,#950,#781,.T.);
#1211=EDGE_CURVE('',#952,#951,#508,.T.);
#1212=EDGE_CURVE('',#953,#952,#782,.T.);
#1213=EDGE_CURVE('',#954,#953,#509,.T.);
#1214=EDGE_CURVE('',#954,#955,#783,.T.);
#1215=EDGE_CURVE('',#956,#955,#510,.T.);
#1216=EDGE_CURVE('',#957,#956,#784,.T.);
#1217=EDGE_CURVE('',#958,#957,#511,.T.);
#1218=EDGE_CURVE('',#939,#958,#785,.T.);
#1219=EDGE_CURVE('',#959,#959,#786,.T.);
#1220=EDGE_CURVE('',#960,#960,#787,.T.);
#1221=EDGE_CURVE('',#961,#961,#788,.T.);
#1222=EDGE_CURVE('',#962,#963,#512,.T.);
#1223=EDGE_CURVE('',#963,#964,#513,.T.);
#1224=EDGE_CURVE('',#964,#965,#514,.T.);
#1225=EDGE_CURVE('',#965,#962,#515,.T.);
#1226=EDGE_CURVE('',#966,#966,#789,.T.);
#1227=EDGE_CURVE('',#967,#968,#516,.T.);
#1228=EDGE_CURVE('',#968,#969,#517,.T.);
#1229=EDGE_CURVE('',#969,#970,#518,.T.);
#1230=EDGE_CURVE('',#970,#967,#519,.T.);
#1231=EDGE_CURVE('',#971,#971,#790,.T.);
#1232=EDGE_CURVE('',#972,#972,#791,.T.);
#1233=EDGE_CURVE('',#973,#973,#792,.T.);
#1234=EDGE_CURVE('',#974,#940,#793,.T.);
#1235=EDGE_CURVE('',#958,#974,#520,.T.);
#1236=EDGE_CURVE('',#975,#957,#521,.T.);
#1237=EDGE_CURVE('',#974,#975,#522,.T.);
#1238=EDGE_CURVE('',#956,#976,#523,.T.);
#1239=EDGE_CURVE('',#976,#975,#794,.T.);
#1240=EDGE_CURVE('',#955,#977,#524,.T.);
#1241=EDGE_CURVE('',#976,#977,#525,.T.);
#1242=EDGE_CURVE('',#952,#978,#526,.T.);
#1243=EDGE_CURVE('',#978,#979,#795,.T.);
#1244=EDGE_CURVE('',#979,#953,#527,.T.);
#1245=EDGE_CURVE('',#980,#951,#528,.T.);
#1246=EDGE_CURVE('',#978,#980,#529,.T.);
#1247=EDGE_CURVE('',#981,#980,#796,.T.);
#1248=EDGE_CURVE('',#950,#981,#530,.T.);
#1249=EDGE_CURVE('',#982,#949,#531,.T.);
#1250=EDGE_CURVE('',#981,#982,#532,.T.);
#1251=EDGE_CURVE('',#948,#983,#533,.T.);
#1252=EDGE_CURVE('',#983,#982,#797,.T.);
#1253=EDGE_CURVE('',#947,#984,#534,.T.);
#1254=EDGE_CURVE('',#983,#984,#535,.T.);
#1255=EDGE_CURVE('',#944,#985,#536,.T.);
#1256=EDGE_CURVE('',#985,#986,#798,.T.);
#1257=EDGE_CURVE('',#986,#945,#537,.T.);
#1258=EDGE_CURVE('',#987,#943,#538,.T.);
#1259=EDGE_CURVE('',#985,#987,#539,.T.);
#1260=EDGE_CURVE('',#988,#987,#799,.T.);
#1261=EDGE_CURVE('',#942,#988,#540,.T.);
#1262=EDGE_CURVE('',#989,#989,#800,.T.);
#1263=EDGE_CURVE('',#989,#973,#541,.T.);
#1264=EDGE_CURVE('',#990,#990,#801,.T.);
#1265=EDGE_CURVE('',#990,#972,#542,.T.);
#1266=EDGE_CURVE('',#991,#991,#802,.T.);
#1267=EDGE_CURVE('',#991,#971,#543,.T.);
#1268=EDGE_CURVE('',#968,#992,#544,.T.);
#1269=EDGE_CURVE('',#993,#992,#545,.T.);
#1270=EDGE_CURVE('',#969,#993,#546,.T.);
#1271=EDGE_CURVE('',#994,#993,#547,.T.);
#1272=EDGE_CURVE('',#970,#994,#548,.T.);
#1273=EDGE_CURVE('',#995,#994,#549,.T.);
#1274=EDGE_CURVE('',#967,#995,#550,.T.);
#1275=EDGE_CURVE('',#992,#995,#551,.T.);
#1276=EDGE_CURVE('',#996,#996,#803,.T.);
#1277=EDGE_CURVE('',#996,#966,#552,.T.);
#1278=EDGE_CURVE('',#963,#997,#553,.T.);
#1279=EDGE_CURVE('',#998,#997,#554,.T.);
#1280=EDGE_CURVE('',#964,#998,#555,.T.);
#1281=EDGE_CURVE('',#999,#998,#556,.T.);
#1282=EDGE_CURVE('',#965,#999,#557,.T.);
#1283=EDGE_CURVE('',#1000,#999,#558,.T.);
#1284=EDGE_CURVE('',#962,#1000,#559,.T.);
#1285=EDGE_CURVE('',#997,#1000,#560,.T.);
#1286=EDGE_CURVE('',#1001,#1001,#804,.T.);
#1287=EDGE_CURVE('',#1001,#961,#561,.T.);
#1288=EDGE_CURVE('',#1002,#1002,#805,.T.);
#1289=EDGE_CURVE('',#1002,#960,#562,.T.);
#1290=EDGE_CURVE('',#1003,#1003,#806,.T.);
#1291=EDGE_CURVE('',#1003,#959,#563,.T.);
#1292=EDGE_CURVE('',#941,#1004,#564,.T.);
#1293=EDGE_CURVE('',#930,#1004,#807,.T.);
#1294=EDGE_CURVE('',#988,#928,#565,.T.);
#1295=EDGE_CURVE('',#1005,#986,#566,.T.);
#1296=EDGE_CURVE('',#946,#1005,#567,.T.);
#1297=EDGE_CURVE('',#984,#1005,#808,.T.);
#1298=EDGE_CURVE('',#1006,#979,#568,.T.);
#1299=EDGE_CURVE('',#954,#1006,#569,.T.);
#1300=EDGE_CURVE('',#977,#1006,#809,.T.);
#1301=EDGE_CURVE('',#1004,#934,#570,.T.);
#1302=ORIENTED_EDGE('',*,*,#1007,.F.);
#1303=ORIENTED_EDGE('',*,*,#1008,.T.);
#1304=ORIENTED_EDGE('',*,*,#1009,.T.);
#1305=ORIENTED_EDGE('',*,*,#1008,.F.);
#1306=ORIENTED_EDGE('',*,*,#1009,.F.);
#1307=ORIENTED_EDGE('',*,*,#1010,.F.);
#1308=ORIENTED_EDGE('',*,*,#1011,.T.);
#1309=ORIENTED_EDGE('',*,*,#1012,.T.);
#1310=ORIENTED_EDGE('',*,*,#1011,.F.);
#1311=ORIENTED_EDGE('',*,*,#1012,.F.);
#1312=ORIENTED_EDGE('',*,*,#1013,.F.);
#1313=ORIENTED_EDGE('',*,*,#1014,.T.);
#1314=ORIENTED_EDGE('',*,*,#1015,.F.);
#1315=ORIENTED_EDGE('',*,*,#1016,.F.);
#1316=ORIENTED_EDGE('',*,*,#1017,.F.);
#1317=ORIENTED_EDGE('',*,*,#1014,.F.);
#1318=ORIENTED_EDGE('',*,*,#1016,.T.);
#1319=ORIENTED_EDGE('',*,*,#1018,.T.);
#1320=ORIENTED_EDGE('',*,*,#1019,.F.);
#1321=ORIENTED_EDGE('',*,*,#1020,.T.);
#1322=ORIENTED_EDGE('',*,*,#1021,.T.);
#1323=ORIENTED_EDGE('',*,*,#1022,.F.);
#1324=ORIENTED_EDGE('',*,*,#1023,.F.);
#1325=ORIENTED_EDGE('',*,*,#1024,.F.);
#1326=ORIENTED_EDGE('',*,*,#1025,.F.);
#1327=ORIENTED_EDGE('',*,*,#1026,.F.);
#1328=ORIENTED_EDGE('',*,*,#1027,.F.);
#1329=ORIENTED_EDGE('',*,*,#1028,.T.);
#1330=ORIENTED_EDGE('',*,*,#1029,.F.);
#1331=ORIENTED_EDGE('',*,*,#1030,.F.);
#1332=ORIENTED_EDGE('',*,*,#1018,.F.);
#1333=ORIENTED_EDGE('',*,*,#1015,.T.);
#1334=ORIENTED_EDGE('',*,*,#1017,.T.);
#1335=ORIENTED_EDGE('',*,*,#1031,.F.);
#1336=ORIENTED_EDGE('',*,*,#1032,.T.);
#1337=ORIENTED_EDGE('',*,*,#1033,.F.);
#1338=ORIENTED_EDGE('',*,*,#1034,.T.);
#1339=ORIENTED_EDGE('',*,*,#1035,.F.);
#1340=ORIENTED_EDGE('',*,*,#1036,.T.);
#1341=ORIENTED_EDGE('',*,*,#1035,.T.);
#1342=ORIENTED_EDGE('',*,*,#1037,.T.);
#1343=ORIENTED_EDGE('',*,*,#1033,.T.);
#1344=ORIENTED_EDGE('',*,*,#1038,.T.);
#1345=ORIENTED_EDGE('',*,*,#1031,.T.);
#1346=ORIENTED_EDGE('',*,*,#1039,.T.);
#1347=ORIENTED_EDGE('',*,*,#1040,.T.);
#1348=ORIENTED_EDGE('',*,*,#1041,.T.);
#1349=ORIENTED_EDGE('',*,*,#1042,.T.);
#1350=ORIENTED_EDGE('',*,*,#1043,.F.);
#1351=ORIENTED_EDGE('',*,*,#1044,.T.);
#1352=ORIENTED_EDGE('',*,*,#1045,.F.);
#1353=ORIENTED_EDGE('',*,*,#1046,.T.);
#1354=ORIENTED_EDGE('',*,*,#1047,.F.);
#1355=ORIENTED_EDGE('',*,*,#1048,.T.);
#1356=ORIENTED_EDGE('',*,*,#1049,.F.);
#1357=ORIENTED_EDGE('',*,*,#1050,.T.);
#1358=ORIENTED_EDGE('',*,*,#1051,.T.);
#1359=ORIENTED_EDGE('',*,*,#1052,.T.);
#1360=ORIENTED_EDGE('',*,*,#1053,.F.);
#1361=ORIENTED_EDGE('',*,*,#1054,.T.);
#1362=ORIENTED_EDGE('',*,*,#1055,.F.);
#1363=ORIENTED_EDGE('',*,*,#1056,.T.);
#1364=ORIENTED_EDGE('',*,*,#1057,.F.);
#1365=ORIENTED_EDGE('',*,*,#1058,.T.);
#1366=ORIENTED_EDGE('',*,*,#1059,.T.);
#1367=ORIENTED_EDGE('',*,*,#1060,.T.);
#1368=ORIENTED_EDGE('',*,*,#1061,.F.);
#1369=ORIENTED_EDGE('',*,*,#1062,.T.);
#1370=ORIENTED_EDGE('',*,*,#1063,.F.);
#1371=ORIENTED_EDGE('',*,*,#1064,.T.);
#1372=ORIENTED_EDGE('',*,*,#1065,.F.);
#1373=ORIENTED_EDGE('',*,*,#1066,.T.);
#1374=ORIENTED_EDGE('',*,*,#1067,.T.);
#1375=ORIENTED_EDGE('',*,*,#1068,.T.);
#1376=ORIENTED_EDGE('',*,*,#1069,.T.);
#1377=ORIENTED_EDGE('',*,*,#1070,.T.);
#1378=ORIENTED_EDGE('',*,*,#1071,.T.);
#1379=ORIENTED_EDGE('',*,*,#1072,.T.);
#1380=ORIENTED_EDGE('',*,*,#1020,.F.);
#1381=ORIENTED_EDGE('',*,*,#1073,.T.);
#1382=ORIENTED_EDGE('',*,*,#1071,.F.);
#1383=ORIENTED_EDGE('',*,*,#1074,.T.);
#1384=ORIENTED_EDGE('',*,*,#1074,.F.);
#1385=ORIENTED_EDGE('',*,*,#1070,.F.);
#1386=ORIENTED_EDGE('',*,*,#1075,.T.);
#1387=ORIENTED_EDGE('',*,*,#1076,.F.);
#1388=ORIENTED_EDGE('',*,*,#1022,.T.);
#1389=ORIENTED_EDGE('',*,*,#1021,.F.);
#1390=ORIENTED_EDGE('',*,*,#1077,.T.);
#1391=ORIENTED_EDGE('',*,*,#1078,.T.);
#1392=ORIENTED_EDGE('',*,*,#1079,.T.);
#1393=ORIENTED_EDGE('',*,*,#1080,.T.);
#1394=ORIENTED_EDGE('',*,*,#1029,.T.);
#1395=ORIENTED_EDGE('',*,*,#1081,.T.);
#1396=ORIENTED_EDGE('',*,*,#1079,.F.);
#1397=ORIENTED_EDGE('',*,*,#1082,.T.);
#1398=ORIENTED_EDGE('',*,*,#1073,.F.);
#1399=ORIENTED_EDGE('',*,*,#1019,.T.);
#1400=ORIENTED_EDGE('',*,*,#1030,.T.);
#1401=ORIENTED_EDGE('',*,*,#1082,.F.);
#1402=ORIENTED_EDGE('',*,*,#1083,.T.);
#1403=ORIENTED_EDGE('',*,*,#1072,.F.);
#1404=ORIENTED_EDGE('',*,*,#1083,.F.);
#1405=ORIENTED_EDGE('',*,*,#1078,.F.);
#1406=ORIENTED_EDGE('',*,*,#1084,.T.);
#1407=ORIENTED_EDGE('',*,*,#1023,.T.);
#1408=ORIENTED_EDGE('',*,*,#1076,.T.);
#1409=ORIENTED_EDGE('',*,*,#1085,.T.);
#1410=ORIENTED_EDGE('',*,*,#1086,.T.);
#1411=ORIENTED_EDGE('',*,*,#1026,.T.);
#1412=ORIENTED_EDGE('',*,*,#1087,.T.);
#1413=ORIENTED_EDGE('',*,*,#1088,.T.);
#1414=ORIENTED_EDGE('',*,*,#1089,.T.);
#1415=ORIENTED_EDGE('',*,*,#1086,.F.);
#1416=ORIENTED_EDGE('',*,*,#1090,.F.);
#1417=ORIENTED_EDGE('',*,*,#1087,.F.);
#1418=ORIENTED_EDGE('',*,*,#1025,.T.);
#1419=ORIENTED_EDGE('',*,*,#1024,.T.);
#1420=ORIENTED_EDGE('',*,*,#1091,.F.);
#1421=ORIENTED_EDGE('',*,*,#1092,.T.);
#1422=ORIENTED_EDGE('',*,*,#1045,.T.);
#1423=ORIENTED_EDGE('',*,*,#1093,.T.);
#1424=ORIENTED_EDGE('',*,*,#1093,.F.);
#1425=ORIENTED_EDGE('',*,*,#1044,.F.);
#1426=ORIENTED_EDGE('',*,*,#1094,.F.);
#1427=ORIENTED_EDGE('',*,*,#1095,.F.);
#1428=ORIENTED_EDGE('',*,*,#1096,.F.);
#1429=ORIENTED_EDGE('',*,*,#1097,.T.);
#1430=ORIENTED_EDGE('',*,*,#1047,.T.);
#1431=ORIENTED_EDGE('',*,*,#1098,.T.);
#1432=ORIENTED_EDGE('',*,*,#1092,.F.);
#1433=ORIENTED_EDGE('',*,*,#1099,.F.);
#1434=ORIENTED_EDGE('',*,*,#1098,.F.);
#1435=ORIENTED_EDGE('',*,*,#1046,.F.);
#1436=ORIENTED_EDGE('',*,*,#1043,.T.);
#1437=ORIENTED_EDGE('',*,*,#1100,.T.);
#1438=ORIENTED_EDGE('',*,*,#1101,.T.);
#1439=ORIENTED_EDGE('',*,*,#1094,.T.);
#1440=ORIENTED_EDGE('',*,*,#1100,.F.);
#1441=ORIENTED_EDGE('',*,*,#1068,.F.);
#1442=ORIENTED_EDGE('',*,*,#1102,.F.);
#1443=ORIENTED_EDGE('',*,*,#1103,.F.);
#1444=ORIENTED_EDGE('',*,*,#1065,.T.);
#1445=ORIENTED_EDGE('',*,*,#1104,.T.);
#1446=ORIENTED_EDGE('',*,*,#1105,.T.);
#1447=ORIENTED_EDGE('',*,*,#1106,.T.);
#1448=ORIENTED_EDGE('',*,*,#1104,.F.);
#1449=ORIENTED_EDGE('',*,*,#1064,.F.);
#1450=ORIENTED_EDGE('',*,*,#1107,.F.);
#1451=ORIENTED_EDGE('',*,*,#1108,.F.);
#1452=ORIENTED_EDGE('',*,*,#1049,.T.);
#1453=ORIENTED_EDGE('',*,*,#1109,.T.);
#1454=ORIENTED_EDGE('',*,*,#1110,.T.);
#1455=ORIENTED_EDGE('',*,*,#1111,.T.);
#1456=ORIENTED_EDGE('',*,*,#1097,.F.);
#1457=ORIENTED_EDGE('',*,*,#1112,.F.);
#1458=ORIENTED_EDGE('',*,*,#1109,.F.);
#1459=ORIENTED_EDGE('',*,*,#1048,.F.);
#1460=ORIENTED_EDGE('',*,*,#1053,.T.);
#1461=ORIENTED_EDGE('',*,*,#1113,.T.);
#1462=ORIENTED_EDGE('',*,*,#1114,.T.);
#1463=ORIENTED_EDGE('',*,*,#1115,.T.);
#1464=ORIENTED_EDGE('',*,*,#1113,.F.);
#1465=ORIENTED_EDGE('',*,*,#1052,.F.);
#1466=ORIENTED_EDGE('',*,*,#1116,.F.);
#1467=ORIENTED_EDGE('',*,*,#1117,.T.);
#1468=ORIENTED_EDGE('',*,*,#1057,.T.);
#1469=ORIENTED_EDGE('',*,*,#1118,.T.);
#1470=ORIENTED_EDGE('',*,*,#1119,.T.);
#1471=ORIENTED_EDGE('',*,*,#1120,.T.);
#1472=ORIENTED_EDGE('',*,*,#1118,.F.);
#1473=ORIENTED_EDGE('',*,*,#1056,.F.);
#1474=ORIENTED_EDGE('',*,*,#1121,.F.);
#1475=ORIENTED_EDGE('',*,*,#1122,.F.);
#1476=ORIENTED_EDGE('',*,*,#1061,.T.);
#1477=ORIENTED_EDGE('',*,*,#1123,.T.);
#1478=ORIENTED_EDGE('',*,*,#1124,.T.);
#1479=ORIENTED_EDGE('',*,*,#1125,.T.);
#1480=ORIENTED_EDGE('',*,*,#1125,.F.);
#1481=ORIENTED_EDGE('',*,*,#1126,.F.);
#1482=ORIENTED_EDGE('',*,*,#1127,.F.);
#1483=ORIENTED_EDGE('',*,*,#1062,.F.);
#1484=ORIENTED_EDGE('',*,*,#1128,.F.);
#1485=ORIENTED_EDGE('',*,*,#1107,.T.);
#1486=ORIENTED_EDGE('',*,*,#1063,.T.);
#1487=ORIENTED_EDGE('',*,*,#1127,.T.);
#1488=ORIENTED_EDGE('',*,*,#1091,.T.);
#1489=ORIENTED_EDGE('',*,*,#1095,.T.);
#1490=ORIENTED_EDGE('',*,*,#1101,.F.);
#1491=ORIENTED_EDGE('',*,*,#1103,.T.);
#1492=ORIENTED_EDGE('',*,*,#1129,.F.);
#1493=ORIENTED_EDGE('',*,*,#1130,.T.);
#1494=ORIENTED_EDGE('',*,*,#1105,.F.);
#1495=ORIENTED_EDGE('',*,*,#1108,.T.);
#1496=ORIENTED_EDGE('',*,*,#1128,.T.);
#1497=ORIENTED_EDGE('',*,*,#1126,.T.);
#1498=ORIENTED_EDGE('',*,*,#1124,.F.);
#1499=ORIENTED_EDGE('',*,*,#1131,.T.);
#1500=ORIENTED_EDGE('',*,*,#1132,.F.);
#1501=ORIENTED_EDGE('',*,*,#1133,.T.);
#1502=ORIENTED_EDGE('',*,*,#1119,.F.);
#1503=ORIENTED_EDGE('',*,*,#1122,.T.);
#1504=ORIENTED_EDGE('',*,*,#1134,.T.);
#1505=ORIENTED_EDGE('',*,*,#1135,.T.);
#1506=ORIENTED_EDGE('',*,*,#1114,.F.);
#1507=ORIENTED_EDGE('',*,*,#1117,.F.);
#1508=ORIENTED_EDGE('',*,*,#1136,.F.);
#1509=ORIENTED_EDGE('',*,*,#1137,.F.);
#1510=ORIENTED_EDGE('',*,*,#1110,.F.);
#1511=ORIENTED_EDGE('',*,*,#1112,.T.);
#1512=ORIENTED_EDGE('',*,*,#1096,.T.);
#1513=ORIENTED_EDGE('',*,*,#1099,.T.);
#1514=ORIENTED_EDGE('',*,*,#1007,.T.);
#1515=ORIENTED_EDGE('',*,*,#1010,.T.);
#1516=ORIENTED_EDGE('',*,*,#1013,.T.);
#1517=ORIENTED_EDGE('',*,*,#1138,.F.);
#1518=ORIENTED_EDGE('',*,*,#1139,.F.);
#1519=ORIENTED_EDGE('',*,*,#1140,.F.);
#1520=ORIENTED_EDGE('',*,*,#1141,.F.);
#1521=ORIENTED_EDGE('',*,*,#1134,.F.);
#1522=ORIENTED_EDGE('',*,*,#1121,.T.);
#1523=ORIENTED_EDGE('',*,*,#1055,.T.);
#1524=ORIENTED_EDGE('',*,*,#1142,.T.);
#1525=ORIENTED_EDGE('',*,*,#1115,.F.);
#1526=ORIENTED_EDGE('',*,*,#1135,.F.);
#1527=ORIENTED_EDGE('',*,*,#1142,.F.);
#1528=ORIENTED_EDGE('',*,*,#1054,.F.);
#1529=ORIENTED_EDGE('',*,*,#1120,.F.);
#1530=ORIENTED_EDGE('',*,*,#1133,.F.);
#1531=ORIENTED_EDGE('',*,*,#1143,.T.);
#1532=ORIENTED_EDGE('',*,*,#1058,.F.);
#1533=ORIENTED_EDGE('',*,*,#1059,.F.);
#1534=ORIENTED_EDGE('',*,*,#1143,.F.);
#1535=ORIENTED_EDGE('',*,*,#1132,.T.);
#1536=ORIENTED_EDGE('',*,*,#1144,.T.);
#1537=ORIENTED_EDGE('',*,*,#1123,.F.);
#1538=ORIENTED_EDGE('',*,*,#1060,.F.);
#1539=ORIENTED_EDGE('',*,*,#1144,.F.);
#1540=ORIENTED_EDGE('',*,*,#1131,.F.);
#1541=ORIENTED_EDGE('',*,*,#1106,.F.);
#1542=ORIENTED_EDGE('',*,*,#1130,.F.);
#1543=ORIENTED_EDGE('',*,*,#1145,.T.);
#1544=ORIENTED_EDGE('',*,*,#1066,.F.);
#1545=ORIENTED_EDGE('',*,*,#1067,.F.);
#1546=ORIENTED_EDGE('',*,*,#1145,.F.);
#1547=ORIENTED_EDGE('',*,*,#1129,.T.);
#1548=ORIENTED_EDGE('',*,*,#1102,.T.);
#1549=ORIENTED_EDGE('',*,*,#1111,.F.);
#1550=ORIENTED_EDGE('',*,*,#1137,.T.);
#1551=ORIENTED_EDGE('',*,*,#1146,.T.);
#1552=ORIENTED_EDGE('',*,*,#1050,.F.);
#1553=ORIENTED_EDGE('',*,*,#1051,.F.);
#1554=ORIENTED_EDGE('',*,*,#1146,.F.);
#1555=ORIENTED_EDGE('',*,*,#1136,.T.);
#1556=ORIENTED_EDGE('',*,*,#1116,.T.);
#1557=ORIENTED_EDGE('',*,*,#1140,.T.);
#1558=ORIENTED_EDGE('',*,*,#1147,.F.);
#1559=ORIENTED_EDGE('',*,*,#1148,.T.);
#1560=ORIENTED_EDGE('',*,*,#1149,.T.);
#1561=ORIENTED_EDGE('',*,*,#1139,.T.);
#1562=ORIENTED_EDGE('',*,*,#1150,.F.);
#1563=ORIENTED_EDGE('',*,*,#1151,.T.);
#1564=ORIENTED_EDGE('',*,*,#1147,.T.);
#1565=ORIENTED_EDGE('',*,*,#1152,.F.);
#1566=ORIENTED_EDGE('',*,*,#1153,.T.);
#1567=ORIENTED_EDGE('',*,*,#1154,.F.);
#1568=ORIENTED_EDGE('',*,*,#1153,.F.);
#1569=ORIENTED_EDGE('',*,*,#1148,.F.);
#1570=ORIENTED_EDGE('',*,*,#1151,.F.);
#1571=ORIENTED_EDGE('',*,*,#1155,.F.);
#1572=ORIENTED_EDGE('',*,*,#1156,.F.);
#1573=ORIENTED_EDGE('',*,*,#1152,.T.);
#1574=ORIENTED_EDGE('',*,*,#1138,.T.);
#1575=ORIENTED_EDGE('',*,*,#1157,.F.);
#1576=ORIENTED_EDGE('',*,*,#1155,.T.);
#1577=ORIENTED_EDGE('',*,*,#1150,.T.);
#1578=ORIENTED_EDGE('',*,*,#1069,.F.);
#1579=ORIENTED_EDGE('',*,*,#1084,.F.);
#1580=ORIENTED_EDGE('',*,*,#1077,.F.);
#1581=ORIENTED_EDGE('',*,*,#1158,.F.);
#1582=ORIENTED_EDGE('',*,*,#1088,.F.);
#1583=ORIENTED_EDGE('',*,*,#1090,.T.);
#1584=ORIENTED_EDGE('',*,*,#1085,.F.);
#1585=ORIENTED_EDGE('',*,*,#1075,.F.);
#1586=ORIENTED_EDGE('',*,*,#1154,.T.);
#1587=ORIENTED_EDGE('',*,*,#1141,.T.);
#1588=ORIENTED_EDGE('',*,*,#1149,.F.);
#1589=ORIENTED_EDGE('',*,*,#1156,.T.);
#1590=ORIENTED_EDGE('',*,*,#1157,.T.);
#1591=ORIENTED_EDGE('',*,*,#1081,.F.);
#1592=ORIENTED_EDGE('',*,*,#1028,.F.);
#1593=ORIENTED_EDGE('',*,*,#1027,.T.);
#1594=ORIENTED_EDGE('',*,*,#1089,.F.);
#1595=ORIENTED_EDGE('',*,*,#1158,.T.);
#1596=ORIENTED_EDGE('',*,*,#1080,.F.);
#1597=ORIENTED_EDGE('',*,*,#1159,.F.);
#1598=ORIENTED_EDGE('',*,*,#1160,.T.);
#1599=ORIENTED_EDGE('',*,*,#1161,.T.);
#1600=ORIENTED_EDGE('',*,*,#1160,.F.);
#1601=ORIENTED_EDGE('',*,*,#1162,.F.);
#1602=ORIENTED_EDGE('',*,*,#1159,.T.);
#1603=ORIENTED_EDGE('',*,*,#1163,.F.);
#1604=ORIENTED_EDGE('',*,*,#1164,.T.);
#1605=ORIENTED_EDGE('',*,*,#1165,.T.);
#1606=ORIENTED_EDGE('',*,*,#1164,.F.);
#1607=ORIENTED_EDGE('',*,*,#1166,.F.);
#1608=ORIENTED_EDGE('',*,*,#1163,.T.);
#1609=ORIENTED_EDGE('',*,*,#1167,.F.);
#1610=ORIENTED_EDGE('',*,*,#1168,.T.);
#1611=ORIENTED_EDGE('',*,*,#1169,.T.);
#1612=ORIENTED_EDGE('',*,*,#1168,.F.);
#1613=ORIENTED_EDGE('',*,*,#1170,.F.);
#1614=ORIENTED_EDGE('',*,*,#1167,.T.);
#1615=ORIENTED_EDGE('',*,*,#1171,.F.);
#1616=ORIENTED_EDGE('',*,*,#1172,.T.);
#1617=ORIENTED_EDGE('',*,*,#1173,.T.);
#1618=ORIENTED_EDGE('',*,*,#1172,.F.);
#1619=ORIENTED_EDGE('',*,*,#1174,.F.);
#1620=ORIENTED_EDGE('',*,*,#1171,.T.);
#1621=ORIENTED_EDGE('',*,*,#1166,.T.);
#1622=ORIENTED_EDGE('',*,*,#1175,.T.);
#1623=ORIENTED_EDGE('',*,*,#1038,.F.);
#1624=ORIENTED_EDGE('',*,*,#1032,.F.);
#1625=ORIENTED_EDGE('',*,*,#1175,.F.);
#1626=ORIENTED_EDGE('',*,*,#1170,.T.);
#1627=ORIENTED_EDGE('',*,*,#1176,.T.);
#1628=ORIENTED_EDGE('',*,*,#1041,.F.);
#1629=ORIENTED_EDGE('',*,*,#1042,.F.);
#1630=ORIENTED_EDGE('',*,*,#1176,.F.);
#1631=ORIENTED_EDGE('',*,*,#1174,.T.);
#1632=ORIENTED_EDGE('',*,*,#1177,.T.);
#1633=ORIENTED_EDGE('',*,*,#1039,.F.);
#1634=ORIENTED_EDGE('',*,*,#1040,.F.);
#1635=ORIENTED_EDGE('',*,*,#1177,.F.);
#1636=ORIENTED_EDGE('',*,*,#1162,.T.);
#1637=ORIENTED_EDGE('',*,*,#1178,.T.);
#1638=ORIENTED_EDGE('',*,*,#1037,.F.);
#1639=ORIENTED_EDGE('',*,*,#1034,.F.);
#1640=ORIENTED_EDGE('',*,*,#1178,.F.);
#1641=ORIENTED_EDGE('',*,*,#1036,.F.);
#1642=ORIENTED_EDGE('',*,*,#1161,.F.);
#1643=ORIENTED_EDGE('',*,*,#1165,.F.);
#1644=ORIENTED_EDGE('',*,*,#1169,.F.);
#1645=ORIENTED_EDGE('',*,*,#1173,.F.);
#1646=ORIENTED_EDGE('',*,*,#1179,.T.);
#1647=ORIENTED_EDGE('',*,*,#1180,.T.);
#1648=ORIENTED_EDGE('',*,*,#1181,.T.);
#1649=ORIENTED_EDGE('',*,*,#1182,.T.);
#1650=ORIENTED_EDGE('',*,*,#1180,.F.);
#1651=ORIENTED_EDGE('',*,*,#1183,.F.);
#1652=ORIENTED_EDGE('',*,*,#1184,.T.);
#1653=ORIENTED_EDGE('',*,*,#1185,.F.);
#1654=ORIENTED_EDGE('',*,*,#1186,.T.);
#1655=ORIENTED_EDGE('',*,*,#1187,.T.);
#1656=ORIENTED_EDGE('',*,*,#1188,.T.);
#1657=ORIENTED_EDGE('',*,*,#1189,.T.);
#1658=ORIENTED_EDGE('',*,*,#1187,.F.);
#1659=ORIENTED_EDGE('',*,*,#1190,.T.);
#1660=ORIENTED_EDGE('',*,*,#1191,.F.);
#1661=ORIENTED_EDGE('',*,*,#1192,.F.);
#1662=ORIENTED_EDGE('',*,*,#1193,.T.);
#1663=ORIENTED_EDGE('',*,*,#1191,.T.);
#1664=ORIENTED_EDGE('',*,*,#1194,.T.);
#1665=ORIENTED_EDGE('',*,*,#1195,.T.);
#1666=ORIENTED_EDGE('',*,*,#1195,.F.);
#1667=ORIENTED_EDGE('',*,*,#1196,.T.);
#1668=ORIENTED_EDGE('',*,*,#1197,.F.);
#1669=ORIENTED_EDGE('',*,*,#1198,.F.);
#1670=ORIENTED_EDGE('',*,*,#1194,.F.);
#1671=ORIENTED_EDGE('',*,*,#1190,.F.);
#1672=ORIENTED_EDGE('',*,*,#1186,.F.);
#1673=ORIENTED_EDGE('',*,*,#1199,.T.);
#1674=ORIENTED_EDGE('',*,*,#1200,.T.);
#1675=ORIENTED_EDGE('',*,*,#1183,.T.);
#1676=ORIENTED_EDGE('',*,*,#1179,.F.);
#1677=ORIENTED_EDGE('',*,*,#1201,.F.);
#1678=ORIENTED_EDGE('',*,*,#1202,.F.);
#1679=ORIENTED_EDGE('',*,*,#1203,.F.);
#1680=ORIENTED_EDGE('',*,*,#1204,.F.);
#1681=ORIENTED_EDGE('',*,*,#1205,.F.);
#1682=ORIENTED_EDGE('',*,*,#1206,.T.);
#1683=ORIENTED_EDGE('',*,*,#1207,.F.);
#1684=ORIENTED_EDGE('',*,*,#1208,.F.);
#1685=ORIENTED_EDGE('',*,*,#1209,.F.);
#1686=ORIENTED_EDGE('',*,*,#1210,.F.);
#1687=ORIENTED_EDGE('',*,*,#1211,.F.);
#1688=ORIENTED_EDGE('',*,*,#1212,.F.);
#1689=ORIENTED_EDGE('',*,*,#1213,.F.);
#1690=ORIENTED_EDGE('',*,*,#1214,.T.);
#1691=ORIENTED_EDGE('',*,*,#1215,.F.);
#1692=ORIENTED_EDGE('',*,*,#1216,.F.);
#1693=ORIENTED_EDGE('',*,*,#1217,.F.);
#1694=ORIENTED_EDGE('',*,*,#1218,.F.);
#1695=ORIENTED_EDGE('',*,*,#1196,.F.);
#1696=ORIENTED_EDGE('',*,*,#1219,.T.);
#1697=ORIENTED_EDGE('',*,*,#1220,.T.);
#1698=ORIENTED_EDGE('',*,*,#1221,.T.);
#1699=ORIENTED_EDGE('',*,*,#1222,.T.);
#1700=ORIENTED_EDGE('',*,*,#1223,.T.);
#1701=ORIENTED_EDGE('',*,*,#1224,.T.);
#1702=ORIENTED_EDGE('',*,*,#1225,.T.);
#1703=ORIENTED_EDGE('',*,*,#1226,.T.);
#1704=ORIENTED_EDGE('',*,*,#1227,.T.);
#1705=ORIENTED_EDGE('',*,*,#1228,.T.);
#1706=ORIENTED_EDGE('',*,*,#1229,.T.);
#1707=ORIENTED_EDGE('',*,*,#1230,.T.);
#1708=ORIENTED_EDGE('',*,*,#1231,.T.);
#1709=ORIENTED_EDGE('',*,*,#1232,.T.);
#1710=ORIENTED_EDGE('',*,*,#1233,.T.);
#1711=ORIENTED_EDGE('',*,*,#1234,.T.);
#1712=ORIENTED_EDGE('',*,*,#1197,.T.);
#1713=ORIENTED_EDGE('',*,*,#1218,.T.);
#1714=ORIENTED_EDGE('',*,*,#1235,.T.);
#1715=ORIENTED_EDGE('',*,*,#1235,.F.);
#1716=ORIENTED_EDGE('',*,*,#1217,.T.);
#1717=ORIENTED_EDGE('',*,*,#1236,.F.);
#1718=ORIENTED_EDGE('',*,*,#1237,.F.);
#1719=ORIENTED_EDGE('',*,*,#1216,.T.);
#1720=ORIENTED_EDGE('',*,*,#1238,.T.);
#1721=ORIENTED_EDGE('',*,*,#1239,.T.);
#1722=ORIENTED_EDGE('',*,*,#1236,.T.);
#1723=ORIENTED_EDGE('',*,*,#1238,.F.);
#1724=ORIENTED_EDGE('',*,*,#1215,.T.);
#1725=ORIENTED_EDGE('',*,*,#1240,.T.);
#1726=ORIENTED_EDGE('',*,*,#1241,.F.);
#1727=ORIENTED_EDGE('',*,*,#1212,.T.);
#1728=ORIENTED_EDGE('',*,*,#1242,.T.);
#1729=ORIENTED_EDGE('',*,*,#1243,.T.);
#1730=ORIENTED_EDGE('',*,*,#1244,.T.);
#1731=ORIENTED_EDGE('',*,*,#1242,.F.);
#1732=ORIENTED_EDGE('',*,*,#1211,.T.);
#1733=ORIENTED_EDGE('',*,*,#1245,.F.);
#1734=ORIENTED_EDGE('',*,*,#1246,.F.);
#1735=ORIENTED_EDGE('',*,*,#1247,.T.);
#1736=ORIENTED_EDGE('',*,*,#1245,.T.);
#1737=ORIENTED_EDGE('',*,*,#1210,.T.);
#1738=ORIENTED_EDGE('',*,*,#1248,.T.);
#1739=ORIENTED_EDGE('',*,*,#1248,.F.);
#1740=ORIENTED_EDGE('',*,*,#1209,.T.);
#1741=ORIENTED_EDGE('',*,*,#1249,.F.);
#1742=ORIENTED_EDGE('',*,*,#1250,.F.);
#1743=ORIENTED_EDGE('',*,*,#1208,.T.);
#1744=ORIENTED_EDGE('',*,*,#1251,.T.);
#1745=ORIENTED_EDGE('',*,*,#1252,.T.);
#1746=ORIENTED_EDGE('',*,*,#1249,.T.);
#1747=ORIENTED_EDGE('',*,*,#1251,.F.);
#1748=ORIENTED_EDGE('',*,*,#1207,.T.);
#1749=ORIENTED_EDGE('',*,*,#1253,.T.);
#1750=ORIENTED_EDGE('',*,*,#1254,.F.);
#1751=ORIENTED_EDGE('',*,*,#1204,.T.);
#1752=ORIENTED_EDGE('',*,*,#1255,.T.);
#1753=ORIENTED_EDGE('',*,*,#1256,.T.);
#1754=ORIENTED_EDGE('',*,*,#1257,.T.);
#1755=ORIENTED_EDGE('',*,*,#1255,.F.);
#1756=ORIENTED_EDGE('',*,*,#1203,.T.);
#1757=ORIENTED_EDGE('',*,*,#1258,.F.);
#1758=ORIENTED_EDGE('',*,*,#1259,.F.);
#1759=ORIENTED_EDGE('',*,*,#1260,.T.);
#1760=ORIENTED_EDGE('',*,*,#1258,.T.);
#1761=ORIENTED_EDGE('',*,*,#1202,.T.);
#1762=ORIENTED_EDGE('',*,*,#1261,.T.);
#1763=ORIENTED_EDGE('',*,*,#1262,.F.);
#1764=ORIENTED_EDGE('',*,*,#1263,.T.);
#1765=ORIENTED_EDGE('',*,*,#1233,.F.);
#1766=ORIENTED_EDGE('',*,*,#1263,.F.);
#1767=ORIENTED_EDGE('',*,*,#1264,.F.);
#1768=ORIENTED_EDGE('',*,*,#1265,.T.);
#1769=ORIENTED_EDGE('',*,*,#1232,.F.);
#1770=ORIENTED_EDGE('',*,*,#1265,.F.);
#1771=ORIENTED_EDGE('',*,*,#1266,.F.);
#1772=ORIENTED_EDGE('',*,*,#1267,.T.);
#1773=ORIENTED_EDGE('',*,*,#1231,.F.);
#1774=ORIENTED_EDGE('',*,*,#1267,.F.);
#1775=ORIENTED_EDGE('',*,*,#1228,.F.);
#1776=ORIENTED_EDGE('',*,*,#1268,.T.);
#1777=ORIENTED_EDGE('',*,*,#1269,.F.);
#1778=ORIENTED_EDGE('',*,*,#1270,.F.);
#1779=ORIENTED_EDGE('',*,*,#1229,.F.);
#1780=ORIENTED_EDGE('',*,*,#1270,.T.);
#1781=ORIENTED_EDGE('',*,*,#1271,.F.);
#1782=ORIENTED_EDGE('',*,*,#1272,.F.);
#1783=ORIENTED_EDGE('',*,*,#1230,.F.);
#1784=ORIENTED_EDGE('',*,*,#1272,.T.);
#1785=ORIENTED_EDGE('',*,*,#1273,.F.);
#1786=ORIENTED_EDGE('',*,*,#1274,.F.);
#1787=ORIENTED_EDGE('',*,*,#1227,.F.);
#1788=ORIENTED_EDGE('',*,*,#1274,.T.);
#1789=ORIENTED_EDGE('',*,*,#1275,.F.);
#1790=ORIENTED_EDGE('',*,*,#1268,.F.);
#1791=ORIENTED_EDGE('',*,*,#1276,.F.);
#1792=ORIENTED_EDGE('',*,*,#1277,.T.);
#1793=ORIENTED_EDGE('',*,*,#1226,.F.);
#1794=ORIENTED_EDGE('',*,*,#1277,.F.);
#1795=ORIENTED_EDGE('',*,*,#1223,.F.);
#1796=ORIENTED_EDGE('',*,*,#1278,.T.);
#1797=ORIENTED_EDGE('',*,*,#1279,.F.);
#1798=ORIENTED_EDGE('',*,*,#1280,.F.);
#1799=ORIENTED_EDGE('',*,*,#1224,.F.);
#1800=ORIENTED_EDGE('',*,*,#1280,.T.);
#1801=ORIENTED_EDGE('',*,*,#1281,.F.);
#1802=ORIENTED_EDGE('',*,*,#1282,.F.);
#1803=ORIENTED_EDGE('',*,*,#1225,.F.);
#1804=ORIENTED_EDGE('',*,*,#1282,.T.);
#1805=ORIENTED_EDGE('',*,*,#1283,.F.);
#1806=ORIENTED_EDGE('',*,*,#1284,.F.);
#1807=ORIENTED_EDGE('',*,*,#1222,.F.);
#1808=ORIENTED_EDGE('',*,*,#1284,.T.);
#1809=ORIENTED_EDGE('',*,*,#1285,.F.);
#1810=ORIENTED_EDGE('',*,*,#1278,.F.);
#1811=ORIENTED_EDGE('',*,*,#1286,.F.);
#1812=ORIENTED_EDGE('',*,*,#1287,.T.);
#1813=ORIENTED_EDGE('',*,*,#1221,.F.);
#1814=ORIENTED_EDGE('',*,*,#1287,.F.);
#1815=ORIENTED_EDGE('',*,*,#1288,.F.);
#1816=ORIENTED_EDGE('',*,*,#1289,.T.);
#1817=ORIENTED_EDGE('',*,*,#1220,.F.);
#1818=ORIENTED_EDGE('',*,*,#1289,.F.);
#1819=ORIENTED_EDGE('',*,*,#1290,.F.);
#1820=ORIENTED_EDGE('',*,*,#1291,.T.);
#1821=ORIENTED_EDGE('',*,*,#1219,.F.);
#1822=ORIENTED_EDGE('',*,*,#1291,.F.);
#1823=ORIENTED_EDGE('',*,*,#1200,.F.);
#1824=ORIENTED_EDGE('',*,*,#1292,.T.);
#1825=ORIENTED_EDGE('',*,*,#1293,.F.);
#1826=ORIENTED_EDGE('',*,*,#1184,.F.);
#1827=ORIENTED_EDGE('',*,*,#1182,.F.);
#1828=ORIENTED_EDGE('',*,*,#1294,.F.);
#1829=ORIENTED_EDGE('',*,*,#1261,.F.);
#1830=ORIENTED_EDGE('',*,*,#1201,.T.);
#1831=ORIENTED_EDGE('',*,*,#1257,.F.);
#1832=ORIENTED_EDGE('',*,*,#1295,.F.);
#1833=ORIENTED_EDGE('',*,*,#1296,.F.);
#1834=ORIENTED_EDGE('',*,*,#1205,.T.);
#1835=ORIENTED_EDGE('',*,*,#1206,.F.);
#1836=ORIENTED_EDGE('',*,*,#1296,.T.);
#1837=ORIENTED_EDGE('',*,*,#1297,.F.);
#1838=ORIENTED_EDGE('',*,*,#1253,.F.);
#1839=ORIENTED_EDGE('',*,*,#1244,.F.);
#1840=ORIENTED_EDGE('',*,*,#1298,.F.);
#1841=ORIENTED_EDGE('',*,*,#1299,.F.);
#1842=ORIENTED_EDGE('',*,*,#1213,.T.);
#1843=ORIENTED_EDGE('',*,*,#1214,.F.);
#1844=ORIENTED_EDGE('',*,*,#1299,.T.);
#1845=ORIENTED_EDGE('',*,*,#1300,.F.);
#1846=ORIENTED_EDGE('',*,*,#1240,.F.);
#1847=ORIENTED_EDGE('',*,*,#1189,.F.);
#1848=ORIENTED_EDGE('',*,*,#1301,.F.);
#1849=ORIENTED_EDGE('',*,*,#1292,.F.);
#1850=ORIENTED_EDGE('',*,*,#1199,.F.);
#1851=ORIENTED_EDGE('',*,*,#1193,.F.);
#1852=ORIENTED_EDGE('',*,*,#1198,.T.);
#1853=ORIENTED_EDGE('',*,*,#1234,.F.);
#1854=ORIENTED_EDGE('',*,*,#1237,.T.);
#1855=ORIENTED_EDGE('',*,*,#1239,.F.);
#1856=ORIENTED_EDGE('',*,*,#1241,.T.);
#1857=ORIENTED_EDGE('',*,*,#1300,.T.);
#1858=ORIENTED_EDGE('',*,*,#1298,.T.);
#1859=ORIENTED_EDGE('',*,*,#1243,.F.);
#1860=ORIENTED_EDGE('',*,*,#1246,.T.);
#1861=ORIENTED_EDGE('',*,*,#1247,.F.);
#1862=ORIENTED_EDGE('',*,*,#1250,.T.);
#1863=ORIENTED_EDGE('',*,*,#1252,.F.);
#1864=ORIENTED_EDGE('',*,*,#1254,.T.);
#1865=ORIENTED_EDGE('',*,*,#1297,.T.);
#1866=ORIENTED_EDGE('',*,*,#1295,.T.);
#1867=ORIENTED_EDGE('',*,*,#1256,.F.);
#1868=ORIENTED_EDGE('',*,*,#1259,.T.);
#1869=ORIENTED_EDGE('',*,*,#1260,.F.);
#1870=ORIENTED_EDGE('',*,*,#1294,.T.);
#1871=ORIENTED_EDGE('',*,*,#1181,.F.);
#1872=ORIENTED_EDGE('',*,*,#1185,.T.);
#1873=ORIENTED_EDGE('',*,*,#1293,.T.);
#1874=ORIENTED_EDGE('',*,*,#1301,.T.);
#1875=ORIENTED_EDGE('',*,*,#1188,.F.);
#1876=ORIENTED_EDGE('',*,*,#1192,.T.);
#1877=ORIENTED_EDGE('',*,*,#1290,.T.);
#1878=ORIENTED_EDGE('',*,*,#1288,.T.);
#1879=ORIENTED_EDGE('',*,*,#1286,.T.);
#1880=ORIENTED_EDGE('',*,*,#1285,.T.);
#1881=ORIENTED_EDGE('',*,*,#1283,.T.);
#1882=ORIENTED_EDGE('',*,*,#1281,.T.);
#1883=ORIENTED_EDGE('',*,*,#1279,.T.);
#1884=ORIENTED_EDGE('',*,*,#1276,.T.);
#1885=ORIENTED_EDGE('',*,*,#1275,.T.);
#1886=ORIENTED_EDGE('',*,*,#1273,.T.);
#1887=ORIENTED_EDGE('',*,*,#1271,.T.);
#1888=ORIENTED_EDGE('',*,*,#1269,.T.);
#1889=ORIENTED_EDGE('',*,*,#1266,.T.);
#1890=ORIENTED_EDGE('',*,*,#1264,.T.);
#1891=ORIENTED_EDGE('',*,*,#1262,.T.);
#1892=CYLINDRICAL_SURFACE('',#2064,1.5);
#1893=CYLINDRICAL_SURFACE('',#2068,1.5);
#1894=CYLINDRICAL_SURFACE('',#2072,1.49999999999999);
#1895=CYLINDRICAL_SURFACE('',#2077,2.);
#1896=CYLINDRICAL_SURFACE('',#2081,2.);
#1897=CYLINDRICAL_SURFACE('',#2085,2.);
#1898=CYLINDRICAL_SURFACE('',#2087,2.);
#1899=CYLINDRICAL_SURFACE('',#2089,22.5);
#1900=CYLINDRICAL_SURFACE('',#2091,2.);
#1901=CYLINDRICAL_SURFACE('',#2094,2.);
#1902=CYLINDRICAL_SURFACE('',#2097,2.);
#1903=CYLINDRICAL_SURFACE('',#2100,2.);
#1904=CYLINDRICAL_SURFACE('',#2103,2.);
#1905=CYLINDRICAL_SURFACE('',#2106,2.);
#1906=CYLINDRICAL_SURFACE('',#2109,2.);
#1907=CYLINDRICAL_SURFACE('',#2112,2.);
#1908=CYLINDRICAL_SURFACE('',#2115,2.);
#1909=CYLINDRICAL_SURFACE('',#2122,2.);
#1910=CYLINDRICAL_SURFACE('',#2125,3.99999999999999);
#1911=CYLINDRICAL_SURFACE('',#2128,4.);
#1912=CYLINDRICAL_SURFACE('',#2130,4.);
#1913=CYLINDRICAL_SURFACE('',#2133,8.99999999999999);
#1914=CYLINDRICAL_SURFACE('',#2141,0.999999999999996);
#1915=CYLINDRICAL_SURFACE('',#2146,1.00000000000001);
#1916=CYLINDRICAL_SURFACE('',#2151,0.999999999999996);
#1917=CYLINDRICAL_SURFACE('',#2156,0.999999999999996);
#1918=CYLINDRICAL_SURFACE('',#2161,3.);
#1919=CYLINDRICAL_SURFACE('',#2162,2.99999999999999);
#1920=CYLINDRICAL_SURFACE('',#2163,3.00000000000001);
#1921=CYLINDRICAL_SURFACE('',#2164,3.00000000000001);
#1922=CYLINDRICAL_SURFACE('',#2166,2.);
#1923=CYLINDRICAL_SURFACE('',#2170,2.);
#1924=CYLINDRICAL_SURFACE('',#2174,2.);
#1925=CYLINDRICAL_SURFACE('',#2196,2.);
#1926=CYLINDRICAL_SURFACE('',#2199,2.);
#1927=CYLINDRICAL_SURFACE('',#2202,2.);
#1928=CYLINDRICAL_SURFACE('',#2205,2.);
#1929=CYLINDRICAL_SURFACE('',#2208,2.);
#1930=CYLINDRICAL_SURFACE('',#2211,2.);
#1931=CYLINDRICAL_SURFACE('',#2214,2.);
#1932=CYLINDRICAL_SURFACE('',#2216,1.5);
#1933=CYLINDRICAL_SURFACE('',#2218,0.999999999999996);
#1934=CYLINDRICAL_SURFACE('',#2220,0.999999999999996);
#1935=CYLINDRICAL_SURFACE('',#2226,1.49999999999999);
#1936=CYLINDRICAL_SURFACE('',#2232,0.999999999999996);
#1937=CYLINDRICAL_SURFACE('',#2234,1.5);
#1938=CYLINDRICAL_SURFACE('',#2236,0.999999999999996);
#1939=CYLINDRICAL_SURFACE('',#2238,3.5);
#1940=CYLINDRICAL_SURFACE('',#2242,3.5);
#1941=CYLINDRICAL_SURFACE('',#2245,3.5);
#1942=ADVANCED_FACE('',(#165),#1892,.F.);
#1943=ADVANCED_FACE('',(#166),#112,.F.);
#1944=ADVANCED_FACE('',(#167),#1893,.F.);
#1945=ADVANCED_FACE('',(#168),#113,.F.);
#1946=ADVANCED_FACE('',(#169),#1894,.F.);
#1947=ADVANCED_FACE('',(#170,#17,#18,#19),#52,.T.);
#1948=ADVANCED_FACE('',(#171),#1895,.T.);
#1949=ADVANCED_FACE('',(#172),#53,.F.);
#1950=ADVANCED_FACE('',(#173),#114,.T.);
#1951=ADVANCED_FACE('',(#174),#1896,.T.);
#1952=ADVANCED_FACE('',(#175),#54,.F.);
#1953=ADVANCED_FACE('',(#176),#55,.T.);
#1954=ADVANCED_FACE('',(#177),#115,.T.);
#1955=ADVANCED_FACE('',(#178),#1897,.F.);
#1956=ADVANCED_FACE('',(#179),#1898,.F.);
#1957=ADVANCED_FACE('',(#180),#1899,.T.);
#1958=ADVANCED_FACE('',(#181),#1900,.F.);
#1959=ADVANCED_FACE('',(#182),#116,.F.);
#1960=ADVANCED_FACE('',(#183),#1901,.F.);
#1961=ADVANCED_FACE('',(#184),#117,.F.);
#1962=ADVANCED_FACE('',(#185),#1902,.T.);
#1963=ADVANCED_FACE('',(#186),#118,.F.);
#1964=ADVANCED_FACE('',(#187),#1903,.T.);
#1965=ADVANCED_FACE('',(#188),#119,.F.);
#1966=ADVANCED_FACE('',(#189),#1904,.T.);
#1967=ADVANCED_FACE('',(#190),#120,.F.);
#1968=ADVANCED_FACE('',(#191),#1905,.T.);
#1969=ADVANCED_FACE('',(#192),#121,.F.);
#1970=ADVANCED_FACE('',(#193),#1906,.T.);
#1971=ADVANCED_FACE('',(#194),#122,.F.);
#1972=ADVANCED_FACE('',(#195),#1907,.T.);
#1973=ADVANCED_FACE('',(#196),#123,.F.);
#1974=ADVANCED_FACE('',(#197),#1908,.F.);
#1975=ADVANCED_FACE('',(#198,#20,#21,#22,#23),#124,.F.);
#1976=ADVANCED_FACE('',(#199),#1909,.F.);
#1977=ADVANCED_FACE('',(#200),#125,.F.);
#1978=ADVANCED_FACE('',(#201),#126,.F.);
#1979=ADVANCED_FACE('',(#202),#1910,.F.);
#1980=ADVANCED_FACE('',(#203),#127,.F.);
#1981=ADVANCED_FACE('',(#204),#128,.F.);
#1982=ADVANCED_FACE('',(#205),#1911,.F.);
#1983=ADVANCED_FACE('',(#206),#129,.F.);
#1984=ADVANCED_FACE('',(#207),#1912,.F.);
#1985=ADVANCED_FACE('',(#208),#130,.F.);
#1986=ADVANCED_FACE('',(#209),#131,.T.);
#1987=ADVANCED_FACE('',(#210),#1913,.F.);
#1988=ADVANCED_FACE('',(#211,#24),#132,.F.);
#1989=ADVANCED_FACE('',(#212),#133,.T.);
#1990=ADVANCED_FACE('',(#213,#25),#134,.T.);
#1991=ADVANCED_FACE('',(#214),#135,.T.);
#1992=ADVANCED_FACE('',(#215),#136,.T.);
#1993=ADVANCED_FACE('',(#216),#1914,.F.);
#1994=ADVANCED_FACE('',(#217,#26),#137,.T.);
#1995=ADVANCED_FACE('',(#218),#1915,.F.);
#1996=ADVANCED_FACE('',(#219,#27),#138,.T.);
#1997=ADVANCED_FACE('',(#220),#1916,.F.);
#1998=ADVANCED_FACE('',(#221,#28),#139,.T.);
#1999=ADVANCED_FACE('',(#222),#1917,.F.);
#2000=ADVANCED_FACE('',(#223,#29),#140,.T.);
#2001=ADVANCED_FACE('',(#224),#1918,.F.);
#2002=ADVANCED_FACE('',(#225),#1919,.F.);
#2003=ADVANCED_FACE('',(#226),#1920,.F.);
#2004=ADVANCED_FACE('',(#227),#1921,.F.);
#2005=ADVANCED_FACE('',(#228,#30,#31,#32,#33),#141,.F.);
#2006=ADVANCED_FACE('',(#229),#1922,.F.);
#2007=ADVANCED_FACE('',(#230),#142,.T.);
#2008=ADVANCED_FACE('',(#231),#1923,.F.);
#2009=ADVANCED_FACE('',(#232),#143,.T.);
#2010=ADVANCED_FACE('',(#233),#1924,.T.);
#2011=ADVANCED_FACE('',(#234),#144,.T.);
#2012=ADVANCED_FACE('',(#235,#34,#35,#36,#37,#38,#39,#40,#41,#42),#145,
 .T.);
#2013=ADVANCED_FACE('',(#236),#1925,.T.);
#2014=ADVANCED_FACE('',(#237),#146,.T.);
#2015=ADVANCED_FACE('',(#238),#1926,.F.);
#2016=ADVANCED_FACE('',(#239),#147,.T.);
#2017=ADVANCED_FACE('',(#240),#1927,.F.);
#2018=ADVANCED_FACE('',(#241),#148,.T.);
#2019=ADVANCED_FACE('',(#242),#1928,.T.);
#2020=ADVANCED_FACE('',(#243),#149,.T.);
#2021=ADVANCED_FACE('',(#244),#1929,.F.);
#2022=ADVANCED_FACE('',(#245),#150,.T.);
#2023=ADVANCED_FACE('',(#246),#1930,.F.);
#2024=ADVANCED_FACE('',(#247),#151,.T.);
#2025=ADVANCED_FACE('',(#248),#1931,.T.);
#2026=ADVANCED_FACE('',(#249),#1932,.F.);
#2027=ADVANCED_FACE('',(#250),#1933,.F.);
#2028=ADVANCED_FACE('',(#251),#1934,.F.);
#2029=ADVANCED_FACE('',(#252),#152,.T.);
#2030=ADVANCED_FACE('',(#253),#153,.T.);
#2031=ADVANCED_FACE('',(#254),#154,.T.);
#2032=ADVANCED_FACE('',(#255),#155,.T.);
#2033=ADVANCED_FACE('',(#256),#1935,.F.);
#2034=ADVANCED_FACE('',(#257),#156,.T.);
#2035=ADVANCED_FACE('',(#258),#157,.T.);
#2036=ADVANCED_FACE('',(#259),#158,.T.);
#2037=ADVANCED_FACE('',(#260),#159,.T.);
#2038=ADVANCED_FACE('',(#261),#1936,.F.);
#2039=ADVANCED_FACE('',(#262),#1937,.F.);
#2040=ADVANCED_FACE('',(#263),#1938,.F.);
#2041=ADVANCED_FACE('',(#264),#1939,.T.);
#2042=ADVANCED_FACE('',(#265),#160,.T.);
#2043=ADVANCED_FACE('',(#266),#161,.T.);
#2044=ADVANCED_FACE('',(#267),#1940,.T.);
#2045=ADVANCED_FACE('',(#268),#162,.T.);
#2046=ADVANCED_FACE('',(#269),#1941,.T.);
#2047=ADVANCED_FACE('',(#270),#163,.T.);
#2048=ADVANCED_FACE('',(#271,#43,#44,#45,#46,#47,#48,#49,#50,#51),#164,
 .F.);
#2049=CLOSED_SHELL('',(#1942,#1943,#1944,#1945,#1946,#1947,#1948,#1949,
#1950,#1951,#1952,#1953,#1954,#1955,#1956,#1957,#1958,#1959,#1960,#1961,
#1962,#1963,#1964,#1965,#1966,#1967,#1968,#1969,#1970,#1971,#1972,#1973,
#1974,#1975,#1976,#1977,#1978,#1979,#1980,#1981,#1982,#1983,#1984,#1985,
#1986,#1987,#1988,#1989,#1990,#1991,#1992,#1993,#1994,#1995,#1996,#1997,
#1998,#1999,#2000,#2001,#2002,#2003,#2004,#2005));
#2050=CLOSED_SHELL('',(#2006,#2007,#2008,#2009,#2010,#2011,#2012,#2013,
#2014,#2015,#2016,#2017,#2018,#2019,#2020,#2021,#2022,#2023,#2024,#2025,
#2026,#2027,#2028,#2029,#2030,#2031,#2032,#2033,#2034,#2035,#2036,#2037,
#2038,#2039,#2040,#2041,#2042,#2043,#2044,#2045,#2046,#2047,#2048));
#2051=DERIVED_UNIT_ELEMENT(#2053,1.);
#2052=DERIVED_UNIT_ELEMENT(#5236,-3.);
#2053=(
MASS_UNIT()
NAMED_UNIT(*)
SI_UNIT(.KILO.,.GRAM.)
);
#2054=DERIVED_UNIT((#2051,#2052));
#2055=MEASURE_REPRESENTATION_ITEM('density measure',
POSITIVE_RATIO_MEASURE(7850.),#2054);
#2056=PROPERTY_DEFINITION_REPRESENTATION(#2061,#2058);
#2057=PROPERTY_DEFINITION_REPRESENTATION(#2062,#2059);
#2058=REPRESENTATION('material name',(#2060),#5233);
#2059=REPRESENTATION('density',(#2055),#5233);
#2060=DESCRIPTIVE_REPRESENTATION_ITEM('Steel','Steel');
#2061=PROPERTY_DEFINITION('material property','material name',#5243);
#2062=PROPERTY_DEFINITION('material property','density of part',#5243);
#2063=AXIS2_PLACEMENT_3D('',#2778,#2249,#2250);
#2064=AXIS2_PLACEMENT_3D('',#2779,#2251,#2252);
#2065=AXIS2_PLACEMENT_3D('',#2781,#2253,#2254);
#2066=AXIS2_PLACEMENT_3D('',#2784,#2256,#2257);
#2067=AXIS2_PLACEMENT_3D('',#2785,#2258,#2259);
#2068=AXIS2_PLACEMENT_3D('',#2786,#2260,#2261);
#2069=AXIS2_PLACEMENT_3D('',#2788,#2262,#2263);
#2070=AXIS2_PLACEMENT_3D('',#2791,#2265,#2266);
#2071=AXIS2_PLACEMENT_3D('',#2792,#2267,#2268);
#2072=AXIS2_PLACEMENT_3D('',#2793,#2269,#2270);
#2073=AXIS2_PLACEMENT_3D('',#2795,#2271,#2272);
#2074=AXIS2_PLACEMENT_3D('',#3840,#2274,#2275);
#2075=AXIS2_PLACEMENT_3D('',#3842,#2276,#2277);
#2076=AXIS2_PLACEMENT_3D('',#4133,#2278,#2279);
#2077=AXIS2_PLACEMENT_3D('',#4659,#2280,#2281);
#2078=AXIS2_PLACEMENT_3D('',#4662,#2282,#2283);
#2079=AXIS2_PLACEMENT_3D('',#4666,#2285,#2286);
#2080=AXIS2_PLACEMENT_3D('',#4702,#2288,#2289);
#2081=AXIS2_PLACEMENT_3D('',#4706,#2292,#2293);
#2082=AXIS2_PLACEMENT_3D('',#4709,#2294,#2295);
#2083=AXIS2_PLACEMENT_3D('',#4713,#2297,#2298);
#2084=AXIS2_PLACEMENT_3D('',#4785,#2300,#2301);
#2085=AXIS2_PLACEMENT_3D('',#4787,#2303,#2304);
#2086=AXIS2_PLACEMENT_3D('',#4789,#2305,#2306);
#2087=AXIS2_PLACEMENT_3D('',#4791,#2308,#2309);
#2088=AXIS2_PLACEMENT_3D('',#4795,#2311,#2312);
#2089=AXIS2_PLACEMENT_3D('',#4797,#2314,#2315);
#2090=AXIS2_PLACEMENT_3D('',#4798,#2316,#2317);
#2091=AXIS2_PLACEMENT_3D('',#4799,#2318,#2319);
#2092=AXIS2_PLACEMENT_3D('',#4802,#2320,#2321);
#2093=AXIS2_PLACEMENT_3D('',#4805,#2324,#2325);
#2094=AXIS2_PLACEMENT_3D('',#4809,#2328,#2329);
#2095=AXIS2_PLACEMENT_3D('',#4812,#2330,#2331);
#2096=AXIS2_PLACEMENT_3D('',#4815,#2334,#2335);
#2097=AXIS2_PLACEMENT_3D('',#4817,#2337,#2338);
#2098=AXIS2_PLACEMENT_3D('',#4820,#2340,#2341);
#2099=AXIS2_PLACEMENT_3D('',#4821,#2342,#2343);
#2100=AXIS2_PLACEMENT_3D('',#4825,#2346,#2347);
#2101=AXIS2_PLACEMENT_3D('',#4829,#2349,#2350);
#2102=AXIS2_PLACEMENT_3D('',#4831,#2352,#2353);
#2103=AXIS2_PLACEMENT_3D('',#4835,#2356,#2357);
#2104=AXIS2_PLACEMENT_3D('',#4839,#2359,#2360);
#2105=AXIS2_PLACEMENT_3D('',#4841,#2362,#2363);
#2106=AXIS2_PLACEMENT_3D('',#4843,#2365,#2366);
#2107=AXIS2_PLACEMENT_3D('',#4847,#2368,#2369);
#2108=AXIS2_PLACEMENT_3D('',#4849,#2371,#2372);
#2109=AXIS2_PLACEMENT_3D('',#4853,#2375,#2376);
#2110=AXIS2_PLACEMENT_3D('',#4857,#2378,#2379);
#2111=AXIS2_PLACEMENT_3D('',#4859,#2381,#2382);
#2112=AXIS2_PLACEMENT_3D('',#4863,#2385,#2386);
#2113=AXIS2_PLACEMENT_3D('',#4867,#2388,#2389);
#2114=AXIS2_PLACEMENT_3D('',#4869,#2391,#2392);
#2115=AXIS2_PLACEMENT_3D('',#4873,#2395,#2396);
#2116=AXIS2_PLACEMENT_3D('',#4874,#2397,#2398);
#2117=AXIS2_PLACEMENT_3D('',#4875,#2399,#2400);
#2118=AXIS2_PLACEMENT_3D('',#4877,#2401,#2402);
#2119=AXIS2_PLACEMENT_3D('',#4882,#2405,#2406);
#2120=AXIS2_PLACEMENT_3D('',#4885,#2408,#2409);
#2121=AXIS2_PLACEMENT_3D('',#4888,#2411,#2412);
#2122=AXIS2_PLACEMENT_3D('',#4898,#2418,#2419);
#2123=AXIS2_PLACEMENT_3D('',#4900,#2421,#2422);
#2124=AXIS2_PLACEMENT_3D('',#4901,#2423,#2424);
#2125=AXIS2_PLACEMENT_3D('',#4903,#2426,#2427);
#2126=AXIS2_PLACEMENT_3D('',#4905,#2429,#2430);
#2127=AXIS2_PLACEMENT_3D('',#4906,#2431,#2432);
#2128=AXIS2_PLACEMENT_3D('',#4908,#2434,#2435);
#2129=AXIS2_PLACEMENT_3D('',#4909,#2436,#2437);
#2130=AXIS2_PLACEMENT_3D('',#4911,#2439,#2440);
#2131=AXIS2_PLACEMENT_3D('',#4912,#2441,#2442);
#2132=AXIS2_PLACEMENT_3D('',#4918,#2446,#2447);
#2133=AXIS2_PLACEMENT_3D('',#4922,#2450,#2451);
#2134=AXIS2_PLACEMENT_3D('',#4924,#2452,#2453);
#2135=AXIS2_PLACEMENT_3D('',#4927,#2455,#2456);
#2136=AXIS2_PLACEMENT_3D('',#4928,#2457,#2458);
#2137=AXIS2_PLACEMENT_3D('',#4932,#2461,#2462);
#2138=AXIS2_PLACEMENT_3D('',#4934,#2464,#2465);
#2139=AXIS2_PLACEMENT_3D('',#4936,#2467,#2468);
#2140=AXIS2_PLACEMENT_3D('',#4937,#2469,#2470);
#2141=AXIS2_PLACEMENT_3D('',#4938,#2471,#2472);
#2142=AXIS2_PLACEMENT_3D('',#4940,#2473,#2474);
#2143=AXIS2_PLACEMENT_3D('',#4943,#2476,#2477);
#2144=AXIS2_PLACEMENT_3D('',#4944,#2478,#2479);
#2145=AXIS2_PLACEMENT_3D('',#4946,#2480,#2481);
#2146=AXIS2_PLACEMENT_3D('',#4947,#2482,#2483);
#2147=AXIS2_PLACEMENT_3D('',#4949,#2484,#2485);
#2148=AXIS2_PLACEMENT_3D('',#4952,#2487,#2488);
#2149=AXIS2_PLACEMENT_3D('',#4953,#2489,#2490);
#2150=AXIS2_PLACEMENT_3D('',#4955,#2491,#2492);
#2151=AXIS2_PLACEMENT_3D('',#4956,#2493,#2494);
#2152=AXIS2_PLACEMENT_3D('',#4958,#2495,#2496);
#2153=AXIS2_PLACEMENT_3D('',#4961,#2498,#2499);
#2154=AXIS2_PLACEMENT_3D('',#4962,#2500,#2501);
#2155=AXIS2_PLACEMENT_3D('',#4964,#2502,#2503);
#2156=AXIS2_PLACEMENT_3D('',#4965,#2504,#2505);
#2157=AXIS2_PLACEMENT_3D('',#4967,#2506,#2507);
#2158=AXIS2_PLACEMENT_3D('',#4970,#2509,#2510);
#2159=AXIS2_PLACEMENT_3D('',#4971,#2511,#2512);
#2160=AXIS2_PLACEMENT_3D('',#4973,#2513,#2514);
#2161=AXIS2_PLACEMENT_3D('',#4974,#2515,#2516);
#2162=AXIS2_PLACEMENT_3D('',#4976,#2518,#2519);
#2163=AXIS2_PLACEMENT_3D('',#4978,#2521,#2522);
#2164=AXIS2_PLACEMENT_3D('',#4980,#2524,#2525);
#2165=AXIS2_PLACEMENT_3D('',#4982,#2527,#2528);
#2166=AXIS2_PLACEMENT_3D('',#4983,#2529,#2530);
#2167=AXIS2_PLACEMENT_3D('',#4986,#2531,#2532);
#2168=AXIS2_PLACEMENT_3D('',#4990,#2534,#2535);
#2169=AXIS2_PLACEMENT_3D('',#4992,#2537,#2538);
#2170=AXIS2_PLACEMENT_3D('',#4998,#2542,#2543);
#2171=AXIS2_PLACEMENT_3D('',#5001,#2544,#2545);
#2172=AXIS2_PLACEMENT_3D('',#5005,#2547,#2548);
#2173=AXIS2_PLACEMENT_3D('',#5007,#2550,#2551);
#2174=AXIS2_PLACEMENT_3D('',#5013,#2555,#2556);
#2175=AXIS2_PLACEMENT_3D('',#5015,#2557,#2558);
#2176=AXIS2_PLACEMENT_3D('',#5017,#2559,#2560);
#2177=AXIS2_PLACEMENT_3D('',#5019,#2562,#2563);
#2178=AXIS2_PLACEMENT_3D('',#5025,#2567,#2568);
#2179=AXIS2_PLACEMENT_3D('',#5028,#2570,#2571);
#2180=AXIS2_PLACEMENT_3D('',#5032,#2573,#2574);
#2181=AXIS2_PLACEMENT_3D('',#5036,#2576,#2577);
#2182=AXIS2_PLACEMENT_3D('',#5040,#2579,#2580);
#2183=AXIS2_PLACEMENT_3D('',#5044,#2582,#2583);
#2184=AXIS2_PLACEMENT_3D('',#5048,#2585,#2586);
#2185=AXIS2_PLACEMENT_3D('',#5052,#2588,#2589);
#2186=AXIS2_PLACEMENT_3D('',#5056,#2591,#2592);
#2187=AXIS2_PLACEMENT_3D('',#5060,#2594,#2595);
#2188=AXIS2_PLACEMENT_3D('',#5063,#2597,#2598);
#2189=AXIS2_PLACEMENT_3D('',#5065,#2599,#2600);
#2190=AXIS2_PLACEMENT_3D('',#5067,#2601,#2602);
#2191=AXIS2_PLACEMENT_3D('',#5069,#2603,#2604);
#2192=AXIS2_PLACEMENT_3D('',#5079,#2609,#2610);
#2193=AXIS2_PLACEMENT_3D('',#5089,#2615,#2616);
#2194=AXIS2_PLACEMENT_3D('',#5091,#2617,#2618);
#2195=AXIS2_PLACEMENT_3D('',#5093,#2619,#2620);
#2196=AXIS2_PLACEMENT_3D('',#5094,#2621,#2622);
#2197=AXIS2_PLACEMENT_3D('',#5096,#2623,#2624);
#2198=AXIS2_PLACEMENT_3D('',#5098,#2626,#2627);
#2199=AXIS2_PLACEMENT_3D('',#5102,#2630,#2631);
#2200=AXIS2_PLACEMENT_3D('',#5105,#2633,#2634);
#2201=AXIS2_PLACEMENT_3D('',#5106,#2635,#2636);
#2202=AXIS2_PLACEMENT_3D('',#5110,#2639,#2640);
#2203=AXIS2_PLACEMENT_3D('',#5114,#2642,#2643);
#2204=AXIS2_PLACEMENT_3D('',#5116,#2645,#2646);
#2205=AXIS2_PLACEMENT_3D('',#5120,#2649,#2650);
#2206=AXIS2_PLACEMENT_3D('',#5122,#2651,#2652);
#2207=AXIS2_PLACEMENT_3D('',#5124,#2654,#2655);
#2208=AXIS2_PLACEMENT_3D('',#5128,#2658,#2659);
#2209=AXIS2_PLACEMENT_3D('',#5131,#2661,#2662);
#2210=AXIS2_PLACEMENT_3D('',#5132,#2663,#2664);
#2211=AXIS2_PLACEMENT_3D('',#5136,#2667,#2668);
#2212=AXIS2_PLACEMENT_3D('',#5140,#2670,#2671);
#2213=AXIS2_PLACEMENT_3D('',#5142,#2673,#2674);
#2214=AXIS2_PLACEMENT_3D('',#5146,#2677,#2678);
#2215=AXIS2_PLACEMENT_3D('',#5148,#2679,#2680);
#2216=AXIS2_PLACEMENT_3D('',#5150,#2682,#2683);
#2217=AXIS2_PLACEMENT_3D('',#5152,#2684,#2685);
#2218=AXIS2_PLACEMENT_3D('',#5154,#2687,#2688);
#2219=AXIS2_PLACEMENT_3D('',#5156,#2689,#2690);
#2220=AXIS2_PLACEMENT_3D('',#5158,#2692,#2693);
#2221=AXIS2_PLACEMENT_3D('',#5160,#2694,#2695);
#2222=AXIS2_PLACEMENT_3D('',#5162,#2697,#2698);
#2223=AXIS2_PLACEMENT_3D('',#5168,#2702,#2703);
#2224=AXIS2_PLACEMENT_3D('',#5172,#2706,#2707);
#2225=AXIS2_PLACEMENT_3D('',#5176,#2710,#2711);
#2226=AXIS2_PLACEMENT_3D('',#5178,#2713,#2714);
#2227=AXIS2_PLACEMENT_3D('',#5180,#2715,#2716);
#2228=AXIS2_PLACEMENT_3D('',#5182,#2718,#2719);
#2229=AXIS2_PLACEMENT_3D('',#5188,#2723,#2724);
#2230=AXIS2_PLACEMENT_3D('',#5192,#2727,#2728);
#2231=AXIS2_PLACEMENT_3D('',#5196,#2731,#2732);
#2232=AXIS2_PLACEMENT_3D('',#5198,#2734,#2735);
#2233=AXIS2_PLACEMENT_3D('',#5200,#2736,#2737);
#2234=AXIS2_PLACEMENT_3D('',#5202,#2739,#2740);
#2235=AXIS2_PLACEMENT_3D('',#5204,#2741,#2742);
#2236=AXIS2_PLACEMENT_3D('',#5206,#2744,#2745);
#2237=AXIS2_PLACEMENT_3D('',#5208,#2746,#2747);
#2238=AXIS2_PLACEMENT_3D('',#5210,#2749,#2750);
#2239=AXIS2_PLACEMENT_3D('',#5213,#2752,#2753);
#2240=AXIS2_PLACEMENT_3D('',#5214,#2754,#2755);
#2241=AXIS2_PLACEMENT_3D('',#5216,#2757,#2758);
#2242=AXIS2_PLACEMENT_3D('',#5220,#2761,#2762);
#2243=AXIS2_PLACEMENT_3D('',#5221,#2763,#2764);
#2244=AXIS2_PLACEMENT_3D('',#5222,#2765,#2766);
#2245=AXIS2_PLACEMENT_3D('',#5226,#2769,#2770);
#2246=AXIS2_PLACEMENT_3D('',#5227,#2771,#2772);
#2247=AXIS2_PLACEMENT_3D('',#5228,#2773,#2774);
#2248=AXIS2_PLACEMENT_3D('',#5230,#2776,#2777);
#2249=DIRECTION('axis',(0.,0.,1.));
#2250=DIRECTION('refdir',(1.,0.,0.));
#2251=DIRECTION('center_axis',(-1.,0.,0.));
#2252=DIRECTION('ref_axis',(0.,-1.,0.));
#2253=DIRECTION('center_axis',(-1.,0.,0.));
#2254=DIRECTION('ref_axis',(0.,-1.,0.));
#2255=DIRECTION('',(-1.,0.,0.));
#2256=DIRECTION('center_axis',(-1.,0.,0.));
#2257=DIRECTION('ref_axis',(0.,-1.,0.));
#2258=DIRECTION('center_axis',(-1.,0.,0.));
#2259=DIRECTION('ref_axis',(0.,-1.,0.));
#2260=DIRECTION('center_axis',(-1.,0.,0.));
#2261=DIRECTION('ref_axis',(0.,-1.,0.));
#2262=DIRECTION('center_axis',(-1.,0.,0.));
#2263=DIRECTION('ref_axis',(0.,-1.,0.));
#2264=DIRECTION('',(-1.,0.,0.));
#2265=DIRECTION('center_axis',(-1.,0.,0.));
#2266=DIRECTION('ref_axis',(0.,-1.,0.));
#2267=DIRECTION('center_axis',(-1.,0.,0.));
#2268=DIRECTION('ref_axis',(0.,-1.,0.));
#2269=DIRECTION('center_axis',(-1.,0.,0.));
#2270=DIRECTION('ref_axis',(0.,-1.,0.));
#2271=DIRECTION('center_axis',(-1.,0.,0.));
#2272=DIRECTION('ref_axis',(0.,-1.,0.));
#2273=DIRECTION('',(-1.,0.,0.));
#2274=DIRECTION('center_axis',(-1.,-5.9211894646675E-16,-2.13685124984193E-18));
#2275=DIRECTION('ref_axis',(5.9211894646675E-16,-1.,1.54945906375051E-31));
#2276=DIRECTION('center_axis',(-1.,-5.9211894646675E-16,-2.13685124984193E-18));
#2277=DIRECTION('ref_axis',(5.9211894646675E-16,-1.,1.54945906375051E-31));
#2278=DIRECTION('center_axis',(2.13685124984367E-18,-2.88085611266194E-15,
-1.));
#2279=DIRECTION('ref_axis',(-1.,0.,-2.13685124984367E-18));
#2280=DIRECTION('center_axis',(1.,0.,0.));
#2281=DIRECTION('ref_axis',(0.,-0.707106781186548,0.707106781186548));
#2282=DIRECTION('center_axis',(1.,5.9211894646675E-16,2.13685124984197E-18));
#2283=DIRECTION('ref_axis',(0.,-0.707106781186548,0.707106781186548));
#2284=DIRECTION('',(1.,0.,0.));
#2285=DIRECTION('center_axis',(-1.,0.,0.));
#2286=DIRECTION('ref_axis',(0.,-1.,0.));
#2287=DIRECTION('',(-1.,0.,0.));
#2288=DIRECTION('center_axis',(0.,-1.,0.));
#2289=DIRECTION('ref_axis',(0.,0.,-1.));
#2290=DIRECTION('',(0.,0.,-1.));
#2291=DIRECTION('',(-1.,0.,0.));
#2292=DIRECTION('center_axis',(1.,0.,0.));
#2293=DIRECTION('ref_axis',(0.,0.707106781186548,0.707106781186548));
#2294=DIRECTION('center_axis',(1.,5.9211894646675E-16,2.13685124984197E-18));
#2295=DIRECTION('ref_axis',(0.,0.707106781186548,0.707106781186548));
#2296=DIRECTION('',(1.,0.,0.));
#2297=DIRECTION('center_axis',(-1.,0.,0.));
#2298=DIRECTION('ref_axis',(0.,-1.32034028155204E-8,1.));
#2299=DIRECTION('',(-1.,0.,0.));
#2300=DIRECTION('center_axis',(0.,0.,1.));
#2301=DIRECTION('ref_axis',(0.,-1.,0.));
#2302=DIRECTION('',(0.,-1.,0.));
#2303=DIRECTION('center_axis',(-1.,-8.88178419700125E-16,0.));
#2304=DIRECTION('ref_axis',(0.,0.89214257119977,-0.451753951452628));
#2305=DIRECTION('center_axis',(-1.,-5.9211894646675E-16,-2.13685124984197E-18));
#2306=DIRECTION('ref_axis',(0.,0.89214257119977,-0.451753951452628));
#2307=DIRECTION('',(1.,8.88178419700125E-16,0.));
#2308=DIRECTION('center_axis',(1.,8.88178419700125E-16,0.));
#2309=DIRECTION('ref_axis',(0.,-0.89214257119977,-0.451753951452628));
#2310=DIRECTION('',(-1.,-8.88178419700125E-16,0.));
#2311=DIRECTION('center_axis',(-1.,-5.9211894646675E-16,-2.13685124984197E-18));
#2312=DIRECTION('ref_axis',(0.,-0.89214257119977,-0.451753951452628));
#2313=DIRECTION('',(1.,0.,0.));
#2314=DIRECTION('center_axis',(1.,8.88178419700125E-16,0.));
#2315=DIRECTION('ref_axis',(2.45423392735426E-30,-2.72576759905774E-15,
-1.));
#2316=DIRECTION('center_axis',(-1.,-5.9211894646675E-16,-2.13685124984197E-18));
#2317=DIRECTION('ref_axis',(5.9211894646675E-16,-1.,0.));
#2318=DIRECTION('center_axis',(1.,0.,0.));
#2319=DIRECTION('ref_axis',(0.,0.707106781186548,-0.707106781186548));
#2320=DIRECTION('center_axis',(1.,0.,0.));
#2321=DIRECTION('ref_axis',(0.,0.707106781186548,-0.707106781186548));
#2322=DIRECTION('',(1.,0.,0.));
#2323=DIRECTION('',(-1.,0.,0.));
#2324=DIRECTION('center_axis',(0.,1.,0.));
#2325=DIRECTION('ref_axis',(0.,0.,1.));
#2326=DIRECTION('',(1.,0.,0.));
#2327=DIRECTION('',(0.,0.,1.));
#2328=DIRECTION('center_axis',(1.,0.,0.));
#2329=DIRECTION('ref_axis',(0.,-0.707106781186548,-0.707106781186548));
#2330=DIRECTION('center_axis',(1.,0.,0.));
#2331=DIRECTION('ref_axis',(0.,-0.707106781186548,-0.707106781186548));
#2332=DIRECTION('',(1.,0.,0.));
#2333=DIRECTION('',(-1.,0.,0.));
#2334=DIRECTION('center_axis',(0.,0.,-1.));
#2335=DIRECTION('ref_axis',(0.,1.,0.));
#2336=DIRECTION('',(0.,1.,0.));
#2337=DIRECTION('center_axis',(1.,0.,0.));
#2338=DIRECTION('ref_axis',(0.,-0.707106781186548,0.707106781186548));
#2339=DIRECTION('',(-1.,0.,0.));
#2340=DIRECTION('center_axis',(-1.,0.,0.));
#2341=DIRECTION('ref_axis',(0.,-0.707106781186548,0.707106781186548));
#2342=DIRECTION('center_axis',(0.,0.,-1.));
#2343=DIRECTION('ref_axis',(0.,1.,0.));
#2344=DIRECTION('',(1.,0.,0.));
#2345=DIRECTION('',(0.,1.,0.));
#2346=DIRECTION('center_axis',(1.,0.,0.));
#2347=DIRECTION('ref_axis',(0.,-0.707106781186548,-0.707106781186548));
#2348=DIRECTION('',(-1.,0.,0.));
#2349=DIRECTION('center_axis',(-1.,0.,0.));
#2350=DIRECTION('ref_axis',(0.,-0.707106781186548,-0.707106781186548));
#2351=DIRECTION('',(1.,0.,0.));
#2352=DIRECTION('center_axis',(0.,1.,0.));
#2353=DIRECTION('ref_axis',(0.,0.,1.));
#2354=DIRECTION('',(1.,0.,0.));
#2355=DIRECTION('',(0.,0.,1.));
#2356=DIRECTION('center_axis',(1.,0.,0.));
#2357=DIRECTION('ref_axis',(0.,0.707106781186551,0.707106781186544));
#2358=DIRECTION('',(-1.,0.,0.));
#2359=DIRECTION('center_axis',(-1.,0.,0.));
#2360=DIRECTION('ref_axis',(0.,0.707106781186551,0.707106781186544));
#2361=DIRECTION('',(1.,0.,0.));
#2362=DIRECTION('center_axis',(0.,-1.,0.));
#2363=DIRECTION('ref_axis',(0.,0.,-1.));
#2364=DIRECTION('',(0.,0.,-1.));
#2365=DIRECTION('center_axis',(1.,0.,0.));
#2366=DIRECTION('ref_axis',(0.,0.707106781186551,-0.707106781186544));
#2367=DIRECTION('',(-1.,0.,0.));
#2368=DIRECTION('center_axis',(-1.,0.,0.));
#2369=DIRECTION('ref_axis',(0.,0.707106781186551,-0.707106781186544));
#2370=DIRECTION('',(1.,0.,0.));
#2371=DIRECTION('center_axis',(0.,0.,1.));
#2372=DIRECTION('ref_axis',(0.,-1.,0.));
#2373=DIRECTION('',(1.,0.,0.));
#2374=DIRECTION('',(0.,1.,0.));
#2375=DIRECTION('center_axis',(1.,0.,0.));
#2376=DIRECTION('ref_axis',(0.,0.707106781186557,-0.707106781186538));
#2377=DIRECTION('',(-1.,0.,0.));
#2378=DIRECTION('center_axis',(-1.,0.,0.));
#2379=DIRECTION('ref_axis',(0.,0.707106781186557,-0.707106781186538));
#2380=DIRECTION('',(1.,0.,0.));
#2381=DIRECTION('center_axis',(0.,0.,1.));
#2382=DIRECTION('ref_axis',(0.,-1.,0.));
#2383=DIRECTION('',(1.,0.,0.));
#2384=DIRECTION('',(0.,-1.,0.));
#2385=DIRECTION('center_axis',(1.,0.,0.));
#2386=DIRECTION('ref_axis',(0.,-0.707106781186551,-0.707106781186544));
#2387=DIRECTION('',(-1.,0.,0.));
#2388=DIRECTION('center_axis',(-1.,0.,0.));
#2389=DIRECTION('ref_axis',(0.,-0.707106781186551,-0.707106781186544));
#2390=DIRECTION('',(1.,0.,0.));
#2391=DIRECTION('center_axis',(0.,0.,1.));
#2392=DIRECTION('ref_axis',(0.,-1.,0.));
#2393=DIRECTION('',(0.,-1.,0.));
#2394=DIRECTION('',(-1.,0.,0.));
#2395=DIRECTION('center_axis',(1.,0.,0.));
#2396=DIRECTION('ref_axis',(0.,0.707106781186544,0.707106781186551));
#2397=DIRECTION('center_axis',(1.,0.,0.));
#2398=DIRECTION('ref_axis',(0.,0.707106781186544,0.707106781186551));
#2399=DIRECTION('center_axis',(-1.,0.,0.));
#2400=DIRECTION('ref_axis',(0.,-1.,0.));
#2401=DIRECTION('center_axis',(-1.,0.,0.));
#2402=DIRECTION('ref_axis',(0.,0.,1.));
#2403=DIRECTION('',(0.,-1.,0.));
#2404=DIRECTION('',(0.,0.,1.));
#2405=DIRECTION('center_axis',(-1.,0.,0.));
#2406=DIRECTION('ref_axis',(0.,-1.,0.));
#2407=DIRECTION('',(0.,0.,-1.));
#2408=DIRECTION('center_axis',(1.,0.,0.));
#2409=DIRECTION('ref_axis',(0.,-0.707106781186551,0.707106781186544));
#2410=DIRECTION('',(0.,0.,-1.));
#2411=DIRECTION('center_axis',(-1.,0.,0.));
#2412=DIRECTION('ref_axis',(0.,0.,-1.));
#2413=DIRECTION('',(0.,-1.,0.));
#2414=DIRECTION('',(0.,-1.,0.));
#2415=DIRECTION('',(0.,0.,1.));
#2416=DIRECTION('',(0.,1.,0.));
#2417=DIRECTION('',(0.,0.,-1.));
#2418=DIRECTION('center_axis',(1.,0.,0.));
#2419=DIRECTION('ref_axis',(0.,-0.707106781186551,0.707106781186544));
#2420=DIRECTION('',(-1.,0.,0.));
#2421=DIRECTION('center_axis',(0.,-1.,0.));
#2422=DIRECTION('ref_axis',(0.,0.,-1.));
#2423=DIRECTION('center_axis',(0.,-1.,0.));
#2424=DIRECTION('ref_axis',(0.,0.,-1.));
#2425=DIRECTION('',(1.,0.,0.));
#2426=DIRECTION('center_axis',(1.,0.,0.));
#2427=DIRECTION('ref_axis',(0.,-1.,0.));
#2428=DIRECTION('',(1.,0.,0.));
#2429=DIRECTION('center_axis',(0.,1.,0.));
#2430=DIRECTION('ref_axis',(0.,0.,1.));
#2431=DIRECTION('center_axis',(0.,0.,1.));
#2432=DIRECTION('ref_axis',(0.,-1.,0.));
#2433=DIRECTION('',(1.,0.,0.));
#2434=DIRECTION('center_axis',(1.,0.,0.));
#2435=DIRECTION('ref_axis',(0.,0.,1.));
#2436=DIRECTION('center_axis',(0.,0.,-1.));
#2437=DIRECTION('ref_axis',(0.,1.,0.));
#2438=DIRECTION('',(1.,0.,0.));
#2439=DIRECTION('center_axis',(1.,0.,0.));
#2440=DIRECTION('ref_axis',(0.,0.,-1.));
#2441=DIRECTION('center_axis',(0.,0.,-1.));
#2442=DIRECTION('ref_axis',(0.,1.,0.));
#2443=DIRECTION('',(1.,0.,0.));
#2444=DIRECTION('',(0.,-1.,0.));
#2445=DIRECTION('',(1.,0.,0.));
#2446=DIRECTION('center_axis',(0.,-1.,0.));
#2447=DIRECTION('ref_axis',(0.,0.,-1.));
#2448=DIRECTION('',(1.,0.,0.));
#2449=DIRECTION('',(0.,0.,-1.));
#2450=DIRECTION('center_axis',(1.,0.,0.));
#2451=DIRECTION('ref_axis',(0.,-1.,0.));
#2452=DIRECTION('center_axis',(-1.,0.,0.));
#2453=DIRECTION('ref_axis',(0.,-1.,0.));
#2454=DIRECTION('',(-1.,0.,0.));
#2455=DIRECTION('center_axis',(1.,0.,0.));
#2456=DIRECTION('ref_axis',(0.,-1.,0.));
#2457=DIRECTION('center_axis',(-1.,0.,0.));
#2458=DIRECTION('ref_axis',(0.,-1.,0.));
#2459=DIRECTION('',(0.,1.,0.));
#2460=DIRECTION('',(0.,0.,1.));
#2461=DIRECTION('center_axis',(0.,0.,-1.));
#2462=DIRECTION('ref_axis',(0.,1.,0.));
#2463=DIRECTION('',(1.,0.,0.));
#2464=DIRECTION('center_axis',(-1.,-5.9211894646675E-16,-2.13685124984197E-18));
#2465=DIRECTION('ref_axis',(5.9211894646675E-16,-1.,0.));
#2466=DIRECTION('',(0.,0.,1.));
#2467=DIRECTION('center_axis',(0.,1.,0.));
#2468=DIRECTION('ref_axis',(0.,0.,1.));
#2469=DIRECTION('center_axis',(0.,1.,0.));
#2470=DIRECTION('ref_axis',(0.,0.,1.));
#2471=DIRECTION('center_axis',(0.,-4.44089209850064E-15,-1.));
#2472=DIRECTION('ref_axis',(-1.,9.48952583110198E-33,0.));
#2473=DIRECTION('center_axis',(-2.13685124984367E-18,2.88085611266194E-15,
1.));
#2474=DIRECTION('ref_axis',(-1.,0.,-2.13685124984367E-18));
#2475=DIRECTION('',(0.,4.44089209850064E-15,1.));
#2476=DIRECTION('center_axis',(-2.13685124984367E-18,2.88085611266194E-15,
1.));
#2477=DIRECTION('ref_axis',(-1.,0.,-2.13685124984367E-18));
#2478=DIRECTION('center_axis',(2.13685124984367E-18,-2.88085611266194E-15,
-1.));
#2479=DIRECTION('ref_axis',(-1.,0.,-2.13685124984367E-18));
#2480=DIRECTION('center_axis',(-2.13685124984367E-18,2.88085611266194E-15,
1.));
#2481=DIRECTION('ref_axis',(-1.,6.07329653190525E-33,0.));
#2482=DIRECTION('center_axis',(0.,-4.44089209850064E-15,-1.));
#2483=DIRECTION('ref_axis',(-1.,9.48952583110198E-33,0.));
#2484=DIRECTION('center_axis',(-2.13685124984367E-18,2.88085611266194E-15,
1.));
#2485=DIRECTION('ref_axis',(-1.,0.,-2.13685124984367E-18));
#2486=DIRECTION('',(0.,4.44089209850064E-15,1.));
#2487=DIRECTION('center_axis',(-2.13685124984367E-18,2.88085611266194E-15,
1.));
#2488=DIRECTION('ref_axis',(-1.,0.,-2.13685124984367E-18));
#2489=DIRECTION('center_axis',(2.13685124984367E-18,-2.88085611266194E-15,
-1.));
#2490=DIRECTION('ref_axis',(-1.,0.,-2.13685124984367E-18));
#2491=DIRECTION('center_axis',(-2.13685124984367E-18,2.88085611266194E-15,
1.));
#2492=DIRECTION('ref_axis',(-1.,6.07329653190525E-33,0.));
#2493=DIRECTION('center_axis',(0.,-4.44089209850064E-15,-1.));
#2494=DIRECTION('ref_axis',(-1.,9.48952583110198E-33,0.));
#2495=DIRECTION('center_axis',(-2.13685124984367E-18,2.88085611266194E-15,
1.));
#2496=DIRECTION('ref_axis',(-1.,0.,-2.13685124984367E-18));
#2497=DIRECTION('',(0.,4.44089209850064E-15,1.));
#2498=DIRECTION('center_axis',(-2.13685124984367E-18,2.88085611266194E-15,
1.));
#2499=DIRECTION('ref_axis',(-1.,0.,-2.13685124984367E-18));
#2500=DIRECTION('center_axis',(2.13685124984367E-18,-2.88085611266194E-15,
-1.));
#2501=DIRECTION('ref_axis',(-1.,0.,-2.13685124984367E-18));
#2502=DIRECTION('center_axis',(-2.13685124984367E-18,2.88085611266194E-15,
1.));
#2503=DIRECTION('ref_axis',(-1.,6.07329653190525E-33,0.));
#2504=DIRECTION('center_axis',(0.,-4.44089209850064E-15,-1.));
#2505=DIRECTION('ref_axis',(-1.,9.48952583110198E-33,0.));
#2506=DIRECTION('center_axis',(-2.13685124984367E-18,2.88085611266194E-15,
1.));
#2507=DIRECTION('ref_axis',(-1.,0.,-2.13685124984367E-18));
#2508=DIRECTION('',(0.,4.44089209850064E-15,1.));
#2509=DIRECTION('center_axis',(-2.13685124984367E-18,2.88085611266194E-15,
1.));
#2510=DIRECTION('ref_axis',(-1.,0.,-2.13685124984367E-18));
#2511=DIRECTION('center_axis',(2.13685124984367E-18,-2.88085611266194E-15,
-1.));
#2512=DIRECTION('ref_axis',(-1.,0.,-2.13685124984367E-18));
#2513=DIRECTION('center_axis',(-2.13685124984367E-18,2.88085611266194E-15,
1.));
#2514=DIRECTION('ref_axis',(-1.,6.07329653190525E-33,0.));
#2515=DIRECTION('center_axis',(0.,-2.8421709430404E-15,-1.));
#2516=DIRECTION('ref_axis',(-1.,6.07329653190525E-33,0.));
#2517=DIRECTION('',(0.,-2.8421709430404E-15,-1.));
#2518=DIRECTION('center_axis',(0.,-2.8421709430404E-15,-1.));
#2519=DIRECTION('ref_axis',(-1.,6.07329653190525E-33,0.));
#2520=DIRECTION('',(0.,-2.8421709430404E-15,-1.));
#2521=DIRECTION('center_axis',(0.,-2.8421709430404E-15,-1.));
#2522=DIRECTION('ref_axis',(-1.,6.07329653190525E-33,0.));
#2523=DIRECTION('',(0.,-2.8421709430404E-15,-1.));
#2524=DIRECTION('center_axis',(0.,-2.8421709430404E-15,-1.));
#2525=DIRECTION('ref_axis',(-1.,6.07329653190525E-33,0.));
#2526=DIRECTION('',(0.,-2.8421709430404E-15,-1.));
#2527=DIRECTION('center_axis',(2.13685124984367E-18,-2.88085611266194E-15,
-1.));
#2528=DIRECTION('ref_axis',(-1.,0.,-2.13685124984367E-18));
#2529=DIRECTION('center_axis',(1.,0.,0.));
#2530=DIRECTION('ref_axis',(0.,0.707106781186548,-0.707106781186548));
#2531=DIRECTION('center_axis',(-1.,0.,0.));
#2532=DIRECTION('ref_axis',(0.,0.707106781186548,-0.707106781186548));
#2533=DIRECTION('',(1.,0.,0.));
#2534=DIRECTION('center_axis',(1.,0.,0.));
#2535=DIRECTION('ref_axis',(0.,0.707106781186548,-0.707106781186548));
#2536=DIRECTION('',(-1.,0.,0.));
#2537=DIRECTION('center_axis',(0.,0.,1.));
#2538=DIRECTION('ref_axis',(0.,-1.,0.));
#2539=DIRECTION('',(0.,1.,0.));
#2540=DIRECTION('',(1.,0.,0.));
#2541=DIRECTION('',(0.,-1.,0.));
#2542=DIRECTION('center_axis',(1.,0.,0.));
#2543=DIRECTION('ref_axis',(0.,0.707106781186548,0.707106781186548));
#2544=DIRECTION('center_axis',(-1.,0.,0.));
#2545=DIRECTION('ref_axis',(0.,0.707106781186548,0.707106781186548));
#2546=DIRECTION('',(1.,0.,0.));
#2547=DIRECTION('center_axis',(1.,0.,0.));
#2548=DIRECTION('ref_axis',(0.,0.707106781186548,0.707106781186548));
#2549=DIRECTION('',(-1.,0.,0.));
#2550=DIRECTION('center_axis',(0.,-1.,0.));
#2551=DIRECTION('ref_axis',(0.,0.,-1.));
#2552=DIRECTION('',(0.,0.,-1.));
#2553=DIRECTION('',(-1.,0.,0.));
#2554=DIRECTION('',(0.,0.,-1.));
#2555=DIRECTION('center_axis',(1.,0.,0.));
#2556=DIRECTION('ref_axis',(0.,-0.707106781186548,-0.707106781186548));
#2557=DIRECTION('center_axis',(-1.,0.,0.));
#2558=DIRECTION('ref_axis',(0.,-0.707106781186548,-0.707106781186548));
#2559=DIRECTION('center_axis',(1.,0.,0.));
#2560=DIRECTION('ref_axis',(0.,-0.707106781186548,-0.707106781186548));
#2561=DIRECTION('',(1.,0.,0.));
#2562=DIRECTION('center_axis',(0.,0.,-1.));
#2563=DIRECTION('ref_axis',(0.,1.,0.));
#2564=DIRECTION('',(0.,1.,0.));
#2565=DIRECTION('',(-1.,0.,0.));
#2566=DIRECTION('',(0.,1.,0.));
#2567=DIRECTION('center_axis',(-1.,0.,0.));
#2568=DIRECTION('ref_axis',(0.,-1.,0.));
#2569=DIRECTION('',(0.,-1.,0.));
#2570=DIRECTION('center_axis',(-1.,0.,0.));
#2571=DIRECTION('ref_axis',(0.,0.,-1.));
#2572=DIRECTION('',(0.,0.,-1.));
#2573=DIRECTION('center_axis',(1.,0.,0.));
#2574=DIRECTION('ref_axis',(0.,-0.707106781186548,0.707106781186548));
#2575=DIRECTION('',(0.,-1.,0.));
#2576=DIRECTION('center_axis',(-1.,0.,0.));
#2577=DIRECTION('ref_axis',(0.,0.707106781186548,-0.707106781186548));
#2578=DIRECTION('',(0.,0.,-1.));
#2579=DIRECTION('center_axis',(-1.,0.,0.));
#2580=DIRECTION('ref_axis',(0.,-1.,0.));
#2581=DIRECTION('',(0.,0.,1.));
#2582=DIRECTION('center_axis',(-1.,0.,0.));
#2583=DIRECTION('ref_axis',(0.,-0.707106781186548,-0.707106781186548));
#2584=DIRECTION('',(0.,-1.,0.));
#2585=DIRECTION('center_axis',(1.,0.,0.));
#2586=DIRECTION('ref_axis',(0.,0.707106781186548,0.707106781186548));
#2587=DIRECTION('',(0.,0.,1.));
#2588=DIRECTION('center_axis',(-1.,0.,0.));
#2589=DIRECTION('ref_axis',(0.,-0.707106781186548,-0.707106781186548));
#2590=DIRECTION('',(0.,-1.,0.));
#2591=DIRECTION('center_axis',(-1.,0.,0.));
#2592=DIRECTION('ref_axis',(0.,0.,1.));
#2593=DIRECTION('',(0.,1.,0.));
#2594=DIRECTION('center_axis',(-1.,0.,0.));
#2595=DIRECTION('ref_axis',(0.,-0.707106781186548,0.707106781186548));
#2596=DIRECTION('',(0.,0.,1.));
#2597=DIRECTION('center_axis',(1.,0.,0.));
#2598=DIRECTION('ref_axis',(0.,0.707106781186548,-0.707106781186548));
#2599=DIRECTION('center_axis',(1.,0.,0.));
#2600=DIRECTION('ref_axis',(0.,-1.,0.));
#2601=DIRECTION('center_axis',(1.,0.,0.));
#2602=DIRECTION('ref_axis',(0.,-1.,0.));
#2603=DIRECTION('center_axis',(1.,0.,0.));
#2604=DIRECTION('ref_axis',(0.,-1.,0.));
#2605=DIRECTION('',(0.,0.,-1.));
#2606=DIRECTION('',(0.,1.,0.));
#2607=DIRECTION('',(0.,0.,1.));
#2608=DIRECTION('',(0.,-1.,0.));
#2609=DIRECTION('center_axis',(1.,0.,0.));
#2610=DIRECTION('ref_axis',(0.,-1.,0.));
#2611=DIRECTION('',(0.,-1.,0.));
#2612=DIRECTION('',(0.,0.,-1.));
#2613=DIRECTION('',(0.,1.,0.));
#2614=DIRECTION('',(0.,0.,1.));
#2615=DIRECTION('center_axis',(1.,0.,0.));
#2616=DIRECTION('ref_axis',(0.,-1.,0.));
#2617=DIRECTION('center_axis',(1.,0.,0.));
#2618=DIRECTION('ref_axis',(0.,-1.,0.));
#2619=DIRECTION('center_axis',(1.,0.,0.));
#2620=DIRECTION('ref_axis',(0.,-1.,0.));
#2621=DIRECTION('center_axis',(1.,0.,0.));
#2622=DIRECTION('ref_axis',(0.,0.707106781186548,-0.707106781186548));
#2623=DIRECTION('center_axis',(-1.,0.,0.));
#2624=DIRECTION('ref_axis',(0.,0.707106781186548,-0.707106781186548));
#2625=DIRECTION('',(1.,0.,0.));
#2626=DIRECTION('center_axis',(0.,1.,0.));
#2627=DIRECTION('ref_axis',(0.,0.,1.));
#2628=DIRECTION('',(-1.,0.,0.));
#2629=DIRECTION('',(0.,0.,1.));
#2630=DIRECTION('center_axis',(1.,0.,0.));
#2631=DIRECTION('ref_axis',(0.,-0.707106781186548,0.707106781186548));
#2632=DIRECTION('',(1.,0.,0.));
#2633=DIRECTION('center_axis',(1.,0.,0.));
#2634=DIRECTION('ref_axis',(0.,-0.707106781186548,0.707106781186548));
#2635=DIRECTION('center_axis',(0.,0.,-1.));
#2636=DIRECTION('ref_axis',(0.,1.,0.));
#2637=DIRECTION('',(1.,0.,0.));
#2638=DIRECTION('',(0.,1.,0.));
#2639=DIRECTION('center_axis',(1.,0.,0.));
#2640=DIRECTION('ref_axis',(0.,-0.707106781186548,-0.707106781186548));
#2641=DIRECTION('',(1.,0.,0.));
#2642=DIRECTION('center_axis',(1.,0.,0.));
#2643=DIRECTION('ref_axis',(0.,-0.707106781186548,-0.707106781186548));
#2644=DIRECTION('',(-1.,0.,0.));
#2645=DIRECTION('center_axis',(0.,1.,0.));
#2646=DIRECTION('ref_axis',(0.,0.,1.));
#2647=DIRECTION('',(-1.,0.,0.));
#2648=DIRECTION('',(0.,0.,1.));
#2649=DIRECTION('center_axis',(1.,0.,0.));
#2650=DIRECTION('ref_axis',(0.,0.707106781186548,0.707106781186548));
#2651=DIRECTION('center_axis',(-1.,0.,0.));
#2652=DIRECTION('ref_axis',(0.,0.707106781186548,0.707106781186548));
#2653=DIRECTION('',(1.,0.,0.));
#2654=DIRECTION('center_axis',(0.,0.,1.));
#2655=DIRECTION('ref_axis',(0.,-1.,0.));
#2656=DIRECTION('',(-1.,0.,0.));
#2657=DIRECTION('',(0.,-1.,0.));
#2658=DIRECTION('center_axis',(1.,0.,0.));
#2659=DIRECTION('ref_axis',(0.,-0.707106781186548,-0.707106781186548));
#2660=DIRECTION('',(1.,0.,0.));
#2661=DIRECTION('center_axis',(1.,0.,0.));
#2662=DIRECTION('ref_axis',(0.,-0.707106781186548,-0.707106781186548));
#2663=DIRECTION('center_axis',(0.,1.,0.));
#2664=DIRECTION('ref_axis',(0.,0.,1.));
#2665=DIRECTION('',(1.,0.,0.));
#2666=DIRECTION('',(0.,0.,1.));
#2667=DIRECTION('center_axis',(1.,0.,0.));
#2668=DIRECTION('ref_axis',(0.,0.707106781186548,-0.707106781186548));
#2669=DIRECTION('',(1.,0.,0.));
#2670=DIRECTION('center_axis',(1.,0.,0.));
#2671=DIRECTION('ref_axis',(0.,0.707106781186548,-0.707106781186548));
#2672=DIRECTION('',(-1.,0.,0.));
#2673=DIRECTION('center_axis',(0.,0.,1.));
#2674=DIRECTION('ref_axis',(0.,-1.,0.));
#2675=DIRECTION('',(-1.,0.,0.));
#2676=DIRECTION('',(0.,-1.,0.));
#2677=DIRECTION('center_axis',(1.,0.,0.));
#2678=DIRECTION('ref_axis',(0.,-0.707106781186548,0.707106781186548));
#2679=DIRECTION('center_axis',(-1.,0.,0.));
#2680=DIRECTION('ref_axis',(0.,-0.707106781186548,0.707106781186548));
#2681=DIRECTION('',(1.,0.,0.));
#2682=DIRECTION('center_axis',(1.,0.,0.));
#2683=DIRECTION('ref_axis',(0.,-1.,0.));
#2684=DIRECTION('center_axis',(-1.,0.,0.));
#2685=DIRECTION('ref_axis',(0.,-1.,0.));
#2686=DIRECTION('',(-1.,0.,0.));
#2687=DIRECTION('center_axis',(1.,0.,0.));
#2688=DIRECTION('ref_axis',(0.,-1.,0.));
#2689=DIRECTION('center_axis',(-1.,0.,0.));
#2690=DIRECTION('ref_axis',(0.,-1.,0.));
#2691=DIRECTION('',(-1.,0.,0.));
#2692=DIRECTION('center_axis',(1.,0.,0.));
#2693=DIRECTION('ref_axis',(0.,-1.,0.));
#2694=DIRECTION('center_axis',(-1.,0.,0.));
#2695=DIRECTION('ref_axis',(0.,-1.,0.));
#2696=DIRECTION('',(-1.,0.,0.));
#2697=DIRECTION('center_axis',(0.,1.,0.));
#2698=DIRECTION('ref_axis',(0.,0.,1.));
#2699=DIRECTION('',(1.,0.,0.));
#2700=DIRECTION('',(0.,0.,1.));
#2701=DIRECTION('',(1.,0.,0.));
#2702=DIRECTION('center_axis',(0.,0.,1.));
#2703=DIRECTION('ref_axis',(0.,-1.,0.));
#2704=DIRECTION('',(0.,-1.,0.));
#2705=DIRECTION('',(1.,0.,0.));
#2706=DIRECTION('center_axis',(0.,-1.,0.));
#2707=DIRECTION('ref_axis',(0.,0.,-1.));
#2708=DIRECTION('',(0.,0.,-1.));
#2709=DIRECTION('',(1.,0.,0.));
#2710=DIRECTION('center_axis',(0.,0.,-1.));
#2711=DIRECTION('ref_axis',(0.,1.,0.));
#2712=DIRECTION('',(0.,1.,0.));
#2713=DIRECTION('center_axis',(1.,0.,0.));
#2714=DIRECTION('ref_axis',(0.,-1.,0.));
#2715=DIRECTION('center_axis',(-1.,0.,0.));
#2716=DIRECTION('ref_axis',(0.,-1.,0.));
#2717=DIRECTION('',(-1.,0.,0.));
#2718=DIRECTION('center_axis',(0.,0.,1.));
#2719=DIRECTION('ref_axis',(0.,-1.,0.));
#2720=DIRECTION('',(1.,0.,0.));
#2721=DIRECTION('',(0.,-1.,0.));
#2722=DIRECTION('',(1.,0.,0.));
#2723=DIRECTION('center_axis',(0.,-1.,0.));
#2724=DIRECTION('ref_axis',(0.,0.,-1.));
#2725=DIRECTION('',(0.,0.,-1.));
#2726=DIRECTION('',(1.,0.,0.));
#2727=DIRECTION('center_axis',(0.,0.,-1.));
#2728=DIRECTION('ref_axis',(0.,1.,0.));
#2729=DIRECTION('',(0.,1.,0.));
#2730=DIRECTION('',(1.,0.,0.));
#2731=DIRECTION('center_axis',(0.,1.,0.));
#2732=DIRECTION('ref_axis',(0.,0.,1.));
#2733=DIRECTION('',(0.,0.,1.));
#2734=DIRECTION('center_axis',(1.,0.,0.));
#2735=DIRECTION('ref_axis',(0.,-1.,0.));
#2736=DIRECTION('center_axis',(-1.,0.,0.));
#2737=DIRECTION('ref_axis',(0.,-1.,0.));
#2738=DIRECTION('',(-1.,0.,0.));
#2739=DIRECTION('center_axis',(1.,0.,0.));
#2740=DIRECTION('ref_axis',(0.,-1.,0.));
#2741=DIRECTION('center_axis',(-1.,0.,0.));
#2742=DIRECTION('ref_axis',(0.,-1.,0.));
#2743=DIRECTION('',(-1.,0.,0.));
#2744=DIRECTION('center_axis',(1.,0.,0.));
#2745=DIRECTION('ref_axis',(0.,-1.,0.));
#2746=DIRECTION('center_axis',(-1.,0.,0.));
#2747=DIRECTION('ref_axis',(0.,-1.,0.));
#2748=DIRECTION('',(-1.,0.,0.));
#2749=DIRECTION('center_axis',(1.,0.,0.));
#2750=DIRECTION('ref_axis',(0.,0.,-1.));
#2751=DIRECTION('',(1.,0.,0.));
#2752=DIRECTION('center_axis',(1.,0.,0.));
#2753=DIRECTION('ref_axis',(0.,0.,-1.));
#2754=DIRECTION('center_axis',(0.,-1.,0.));
#2755=DIRECTION('ref_axis',(0.,0.,-1.));
#2756=DIRECTION('',(0.,0.,-1.));
#2757=DIRECTION('center_axis',(0.,-1.,0.));
#2758=DIRECTION('ref_axis',(0.,0.,-1.));
#2759=DIRECTION('',(0.,0.,-1.));
#2760=DIRECTION('',(1.,0.,0.));
#2761=DIRECTION('center_axis',(1.,0.,0.));
#2762=DIRECTION('ref_axis',(0.,-1.,0.));
#2763=DIRECTION('center_axis',(1.,0.,0.));
#2764=DIRECTION('ref_axis',(0.,-1.,0.));
#2765=DIRECTION('center_axis',(0.,0.,1.));
#2766=DIRECTION('ref_axis',(0.,-1.,0.));
#2767=DIRECTION('',(0.,-1.,0.));
#2768=DIRECTION('',(1.,0.,0.));
#2769=DIRECTION('center_axis',(1.,0.,0.));
#2770=DIRECTION('ref_axis',(0.,0.,1.));
#2771=DIRECTION('center_axis',(1.,0.,0.));
#2772=DIRECTION('ref_axis',(0.,0.,1.));
#2773=DIRECTION('center_axis',(0.,0.,-1.));
#2774=DIRECTION('ref_axis',(0.,1.,0.));
#2775=DIRECTION('',(0.,1.,0.));
#2776=DIRECTION('center_axis',(-1.,0.,0.));
#2777=DIRECTION('ref_axis',(0.,-1.,0.));
#2778=CARTESIAN_POINT('',(0.,0.,0.));
#2779=CARTESIAN_POINT('Origin',(-55.0000002235214,50.8719363508286,89.2173874057173));
#2780=CARTESIAN_POINT('',(-55.0000002235214,52.3719363508286,89.2173874057173));
#2781=CARTESIAN_POINT('Origin',(-55.0000002235214,50.8719363508286,89.2173874057173));
#2782=CARTESIAN_POINT('',(-63.0000002235214,52.3719363508286,89.2173874057173));
#2783=CARTESIAN_POINT('',(-55.0000002235214,52.3719363508286,89.2173874057173));
#2784=CARTESIAN_POINT('Origin',(-63.0000002235214,50.8719363508286,89.2173874057173));
#2785=CARTESIAN_POINT('Origin',(-63.0000002235214,50.8719363508286,89.2173874057173));
#2786=CARTESIAN_POINT('Origin',(-55.0000002235214,82.8719363508286,89.2173874057173));
#2787=CARTESIAN_POINT('',(-55.0000002235214,84.3719363508286,89.2173874057173));
#2788=CARTESIAN_POINT('Origin',(-55.0000002235214,82.8719363508286,89.2173874057173));
#2789=CARTESIAN_POINT('',(-63.0000002235214,84.3719363508286,89.2173874057173));
#2790=CARTESIAN_POINT('',(-55.0000002235214,84.3719363508286,89.2173874057173));
#2791=CARTESIAN_POINT('Origin',(-63.0000002235214,82.8719363508286,89.2173874057173));
#2792=CARTESIAN_POINT('Origin',(-63.0000002235214,82.8719363508286,89.2173874057173));
#2793=CARTESIAN_POINT('Origin',(-55.0000002235214,66.8719363508286,119.717387405717));
#2794=CARTESIAN_POINT('',(-55.0000002235214,68.3719363508286,119.717387405717));
#2795=CARTESIAN_POINT('Origin',(-55.0000002235214,66.8719363508286,119.717387405717));
#2796=CARTESIAN_POINT('',(-56.5141820148385,68.3719363508286,119.717387405717));
#2797=CARTESIAN_POINT('',(-55.0000002235214,68.3719363508286,119.717387405717));
#2798=CARTESIAN_POINT('',(-56.560711685162,66.8719363508285,118.217387405717));
#2799=CARTESIAN_POINT('Ctrl Pts',(-56.560711685162,66.8719363508285,118.217387405717));
#2800=CARTESIAN_POINT('Ctrl Pts',(-56.560711685162,66.8904044134054,118.217387405717));
#2801=CARTESIAN_POINT('Ctrl Pts',(-56.5606689999722,66.9088762724005,118.217728472007));
#2802=CARTESIAN_POINT('Ctrl Pts',(-56.5602051816896,67.0093096891654,118.22144077209));
#2803=CARTESIAN_POINT('Ctrl Pts',(-56.5589804561302,67.0908697709759,118.231186841956));
#2804=CARTESIAN_POINT('Ctrl Pts',(-56.5540323675925,67.291754751357,118.272090446116));
#2805=CARTESIAN_POINT('Ctrl Pts',(-56.5493704809915,67.4087519809392,118.311352147218));
#2806=CARTESIAN_POINT('Ctrl Pts',(-56.5348195698533,67.6975075116499,118.449581613462));
#2807=CARTESIAN_POINT('Ctrl Pts',(-56.5236403801237,67.8568601929723,118.568988080388));
#2808=CARTESIAN_POINT('Ctrl Pts',(-56.5060474614834,68.1198892129536,118.862224429342));
#2809=CARTESIAN_POINT('Ctrl Pts',(-56.4999695624247,68.2212057726491,119.033104622675));
#2810=CARTESIAN_POINT('Ctrl Pts',(-56.5000269303071,68.3431897750702,119.379237033066));
#2811=CARTESIAN_POINT('Ctrl Pts',(-56.5046831619519,68.3719363508286,119.547778321116));
#2812=CARTESIAN_POINT('Ctrl Pts',(-56.5141820148385,68.3719363508286,119.717387405717));
#2813=CARTESIAN_POINT('',(-56.7091757623192,66.8719363508286,121.217387405717));
#2814=CARTESIAN_POINT('Ctrl Pts',(-56.7091757623192,66.8719363508286,121.217387405717));
#2815=CARTESIAN_POINT('Ctrl Pts',(-56.7091757623192,66.8371200532752,121.217387405717));
#2816=CARTESIAN_POINT('Ctrl Pts',(-56.7089362671261,66.8022831557181,121.216175272062));
#2817=CARTESIAN_POINT('Ctrl Pts',(-56.706651336624,66.6362308831052,121.2045844932));
#2818=CARTESIAN_POINT('Ctrl Pts',(-56.7014277892985,66.5069038747907,121.17820914971));
#2819=CARTESIAN_POINT('Ctrl Pts',(-56.683257127873,66.2306849083031,121.082917436368));
#2820=CARTESIAN_POINT('Ctrl Pts',(-56.6689623343061,66.0883412584923,121.006447022553));
#2821=CARTESIAN_POINT('Ctrl Pts',(-56.6522645415417,65.9609875160791,120.909097194294));
#2822=CARTESIAN_POINT('Ctrl Pts',(-56.6349841417157,65.829190240876,120.808350707675));
#2823=CARTESIAN_POINT('Ctrl Pts',(-56.6153849683548,65.7151026926291,120.686503409331));
#2824=CARTESIAN_POINT('Ctrl Pts',(-56.5733468534066,65.5141100769827,120.38456861649));
#2825=CARTESIAN_POINT('Ctrl Pts',(-56.551540955323,65.4381303112941,120.200373039528));
#2826=CARTESIAN_POINT('Ctrl Pts',(-56.5182084827433,65.3623386951885,119.81438335367));
#2827=CARTESIAN_POINT('Ctrl Pts',(-56.5070174873159,65.3625002194494,119.616614479131));
#2828=CARTESIAN_POINT('Ctrl Pts',(-56.4981357465182,65.4373115079639,119.241438830064));
#2829=CARTESIAN_POINT('Ctrl Pts',(-56.4998298773753,65.5073794339056,119.067289613547));
#2830=CARTESIAN_POINT('Ctrl Pts',(-56.5107972046281,65.7012389257798,118.763544001248));
#2831=CARTESIAN_POINT('Ctrl Pts',(-56.5194233063084,65.8197860892638,118.634210194172));
#2832=CARTESIAN_POINT('Ctrl Pts',(-56.5372259211796,66.0960885831895,118.421820543789));
#2833=CARTESIAN_POINT('Ctrl Pts',(-56.5461645824464,66.2519562501953,118.34039334655));
#2834=CARTESIAN_POINT('Ctrl Pts',(-56.5556238742649,66.5100277409132,118.258530203017));
#2835=CARTESIAN_POINT('Ctrl Pts',(-56.5581134863938,66.6042616667226,118.238332747419));
#2836=CARTESIAN_POINT('Ctrl Pts',(-56.5602958969654,66.7569670367371,118.220693749527));
#2837=CARTESIAN_POINT('Ctrl Pts',(-56.560711685162,66.8144332910257,118.217387405717));
#2838=CARTESIAN_POINT('Ctrl Pts',(-56.560711685162,66.8719363508285,118.217387405717));
#2839=CARTESIAN_POINT('Ctrl Pts',(-56.5141820148385,68.3719363508286,119.717387405717));
#2840=CARTESIAN_POINT('Ctrl Pts',(-56.5149444630974,68.3719363508286,119.731001486575));
#2841=CARTESIAN_POINT('Ctrl Pts',(-56.5157372248232,68.3717510092858,119.744622496868));
#2842=CARTESIAN_POINT('Ctrl Pts',(-56.527443844163,68.3664683557897,119.938483343247));
#2843=CARTESIAN_POINT('Ctrl Pts',(-56.5434994807196,68.3291264071566,120.115958343783));
#2844=CARTESIAN_POINT('Ctrl Pts',(-56.5811964153121,68.194591482969,120.44685230895));
#2845=CARTESIAN_POINT('Ctrl Pts',(-56.6024139110114,68.0990594519907,120.598090475979));
#2846=CARTESIAN_POINT('Ctrl Pts',(-56.6439611080937,67.8552606130882,120.864976023289));
#2847=CARTESIAN_POINT('Ctrl Pts',(-56.6638398383661,67.7069451675495,120.977096277062));
#2848=CARTESIAN_POINT('Ctrl Pts',(-56.6906188721668,67.4158575467141,121.122353277925));
#2849=CARTESIAN_POINT('Ctrl Pts',(-56.6993476952602,67.2816601327565,121.167220528872));
#2850=CARTESIAN_POINT('Ctrl Pts',(-56.7075384130771,67.0534851684248,121.209136096079));
#2851=CARTESIAN_POINT('Ctrl Pts',(-56.7091757623192,66.9627808839707,121.217387405717));
#2852=CARTESIAN_POINT('Ctrl Pts',(-56.7091757623192,66.8719363508286,121.217387405717));
#2853=CARTESIAN_POINT('Ctrl Pts',(-108.000000111763,66.8719363508287,159.217387405717));
#2854=CARTESIAN_POINT('Ctrl Pts',(-108.000000111763,66.8719363508287,158.476512067577));
#2855=CARTESIAN_POINT('Ctrl Pts',(-107.75522254417,66.8719363508287,157.01690839118));
#2856=CARTESIAN_POINT('Ctrl Pts',(-106.261099143274,66.8719363508286,154.233120776251));
#2857=CARTESIAN_POINT('Ctrl Pts',(-102.559107408943,66.8719363508286,151.11936416403));
#2858=CARTESIAN_POINT('Ctrl Pts',(-96.1735245141703,66.8719363508287,148.385392942924));
#2859=CARTESIAN_POINT('Ctrl Pts',(-89.238230557941,66.8719363508286,146.776544209487));
#2860=CARTESIAN_POINT('Ctrl Pts',(-82.7163447887256,66.8719363508286,145.785369864882));
#2861=CARTESIAN_POINT('Ctrl Pts',(-76.9378549953569,66.8719363508286,144.494943837428));
#2862=CARTESIAN_POINT('Ctrl Pts',(-71.975803441614,66.8719363508286,142.320281357284));
#2863=CARTESIAN_POINT('Ctrl Pts',(-69.2253192080039,66.8719363508286,140.286503156533));
#2864=CARTESIAN_POINT('Ctrl Pts',(-66.3592363413809,66.8719363508286,137.790251929048));
#2865=CARTESIAN_POINT('Ctrl Pts',(-62.9659439310553,66.8719363508286,134.111175706541));
#2866=CARTESIAN_POINT('Ctrl Pts',(-60.0533557833317,66.8719363508286,129.438731945172));
#2867=CARTESIAN_POINT('Ctrl Pts',(-58.804279491283,66.8719363508286,126.974905578908));
#2868=CARTESIAN_POINT('Ctrl Pts',(-57.8807772310858,66.8719363508286,125.053292422305));
#2869=CARTESIAN_POINT('Ctrl Pts',(-56.7022183980093,66.8719363508285,121.894561669888));
#2870=CARTESIAN_POINT('Ctrl Pts',(-56.4995364247015,66.8719363508286,120.015845309418));
#2871=CARTESIAN_POINT('Ctrl Pts',(-56.497757385648,66.8719363508286,118.147637640193));
#2872=CARTESIAN_POINT('Ctrl Pts',(-56.8745705464501,66.8719363508286,116.482023339727));
#2873=CARTESIAN_POINT('Ctrl Pts',(-57.6137708399624,66.8719363508285,114.84495121638));
#2874=CARTESIAN_POINT('Ctrl Pts',(-58.1356186696399,66.8719363508286,113.775059351022));
#2875=CARTESIAN_POINT('Ctrl Pts',(-58.547446491346,66.8719363508285,112.992949421741));
#2876=CARTESIAN_POINT('Ctrl Pts',(-59.1712347569179,66.8719363508286,112.034382695927));
#2877=CARTESIAN_POINT('Ctrl Pts',(-59.8222866426154,66.8719363508285,111.716659294283));
#2878=CARTESIAN_POINT('Ctrl Pts',(-61.2087944071476,66.8719363508286,111.717668538344));
#2879=CARTESIAN_POINT('Ctrl Pts',(-61.9152364667516,66.8719363508286,111.717387405717));
#2880=CARTESIAN_POINT('Ctrl Pts',(-62.6228545883666,66.8719363508286,111.717387405717));
#2881=CARTESIAN_POINT('Ctrl Pts',(-108.000000111763,70.171192699492,159.217387405717));
#2882=CARTESIAN_POINT('Ctrl Pts',(-108.000000111763,70.1545415255615,158.476512067577));
#2883=CARTESIAN_POINT('Ctrl Pts',(-107.75531168079,70.1207593951009,157.016908259738));
#2884=CARTESIAN_POINT('Ctrl Pts',(-106.261153849602,70.0515634590875,154.233120520922));
#2885=CARTESIAN_POINT('Ctrl Pts',(-102.5593566607,69.9627935252889,151.119363143427));
#2886=CARTESIAN_POINT('Ctrl Pts',(-96.1733713889625,69.8547001314916,148.385391645552));
#2887=CARTESIAN_POINT('Ctrl Pts',(-89.2377959856143,69.7473627453588,146.776541470331));
#2888=CARTESIAN_POINT('Ctrl Pts',(-82.7162809281483,69.6430743528937,145.785362917671));
#2889=CARTESIAN_POINT('Ctrl Pts',(-76.9372606114916,69.5438289527025,144.494934918325));
#2890=CARTESIAN_POINT('Ctrl Pts',(-71.9751191685564,69.452035198074,142.320266615729));
#2891=CARTESIAN_POINT('Ctrl Pts',(-69.2248530104496,69.3972801523379,140.286474429964));
#2892=CARTESIAN_POINT('Ctrl Pts',(-66.3589523944426,69.3377893428978,137.790210955384));
#2893=CARTESIAN_POINT('Ctrl Pts',(-62.965821930831,69.2620036522576,134.11112597077));
#2894=CARTESIAN_POINT('Ctrl Pts',(-60.0532597669417,69.189971524164,129.438647433956));
#2895=CARTESIAN_POINT('Ctrl Pts',(-58.8042071764768,69.1585947942271,126.974804487071));
#2896=CARTESIAN_POINT('Ctrl Pts',(-57.8807083597434,69.135627502654,125.05317584292));
#2897=CARTESIAN_POINT('Ctrl Pts',(-56.7021646498512,69.1077735037006,121.894415710428));
#2898=CARTESIAN_POINT('Ctrl Pts',(-56.4994920103394,69.1234960070852,120.015509522312));
#2899=CARTESIAN_POINT('Ctrl Pts',(-56.4977223321345,69.1900624317675,118.147033041503));
#2900=CARTESIAN_POINT('Ctrl Pts',(-56.8745465335224,69.2977325593123,116.481158176586));
#2901=CARTESIAN_POINT('Ctrl Pts',(-57.6137611760713,69.4720821358388,114.844775096852));
#2902=CARTESIAN_POINT('Ctrl Pts',(-58.1356179066296,69.6148754233622,113.775203619777));
#2903=CARTESIAN_POINT('Ctrl Pts',(-58.5474521509204,69.7393500021167,112.993352532802));
#2904=CARTESIAN_POINT('Ctrl Pts',(-59.171254347749,69.9414694296182,112.035461241956));
#2905=CARTESIAN_POINT('Ctrl Pts',(-59.8223049055426,70.0863928826928,111.717613815795));
#2906=CARTESIAN_POINT('Ctrl Pts',(-61.2088115057092,70.2604045882496,111.718547694139));
#2907=CARTESIAN_POINT('Ctrl Pts',(-61.9152515232653,70.3366098987879,111.71814008944));
#2908=CARTESIAN_POINT('Ctrl Pts',(-62.6228545883666,70.3897410140797,111.717387405717));
#2909=CARTESIAN_POINT('Ctrl Pts',(-106.52316141676,76.7664484517904,159.217387405717));
#2910=CARTESIAN_POINT('Ctrl Pts',(-106.52316141676,76.7234896613165,158.491038366887));
#2911=CARTESIAN_POINT('Ctrl Pts',(-106.28893042155,76.6336900187728,157.056006131382));
#2912=CARTESIAN_POINT('Ctrl Pts',(-104.853170401589,76.4409024151255,154.305435666959));
#2913=CARTESIAN_POINT('Ctrl Pts',(-101.284427144475,76.1793136775652,151.207088162624));
#2914=CARTESIAN_POINT('Ctrl Pts',(-95.1251959348217,75.8461086124405,148.461822076701));
#2915=CARTESIAN_POINT('Ctrl Pts',(-88.4523052484439,75.5069995179833,146.823887393148));
#2916=CARTESIAN_POINT('Ctrl Pts',(-82.1985213626584,75.1754158366822,145.797830675656));
#2917=CARTESIAN_POINT('Ctrl Pts',(-76.6639310753969,74.8651077610303,144.478719020978));
#2918=CARTESIAN_POINT('Ctrl Pts',(-71.8910481707955,74.5893807840002,142.293563336643));
#2919=CARTESIAN_POINT('Ctrl Pts',(-69.2100351804886,74.4376301324015,140.272915853722));
#2920=CARTESIAN_POINT('Ctrl Pts',(-66.3803733061468,74.2840666067007,137.808492607678));
#2921=CARTESIAN_POINT('Ctrl Pts',(-63.0079389340375,74.0769079446372,134.17203339907));
#2922=CARTESIAN_POINT('Ctrl Pts',(-60.0898109867049,73.8665098076227,129.533616187311));
#2923=CARTESIAN_POINT('Ctrl Pts',(-58.8338024464258,73.7711043679418,127.07802745436));
#2924=CARTESIAN_POINT('Ctrl Pts',(-57.9042268089891,73.7003827040469,125.160732278494));
#2925=CARTESIAN_POINT('Ctrl Pts',(-56.7116017465955,73.6082049968108,121.994009521463));
#2926=CARTESIAN_POINT('Ctrl Pts',(-56.4997845815009,73.6387499454949,120.064688528081));
#2927=CARTESIAN_POINT('Ctrl Pts',(-56.4980017543956,73.8106265629898,118.082349213452));
#2928=CARTESIAN_POINT('Ctrl Pts',(-56.8116263917181,74.1350159855966,116.198017568004));
#2929=CARTESIAN_POINT('Ctrl Pts',(-57.4470164410664,74.6840549964503,114.220789092617));
#2930=CARTESIAN_POINT('Ctrl Pts',(-57.9079187344411,75.131953502243,112.895385133316));
#2931=CARTESIAN_POINT('Ctrl Pts',(-58.2858757851435,75.519344622168,111.908017320304));
#2932=CARTESIAN_POINT('Ctrl Pts',(-58.9186390379011,76.1333960235865,110.67121914925));
#2933=CARTESIAN_POINT('Ctrl Pts',(-59.6779363782275,76.5471839660084,110.23960463744));
#2934=CARTESIAN_POINT('Ctrl Pts',(-61.3602251683383,76.9961597656527,110.240630933101));
#2935=CARTESIAN_POINT('Ctrl Pts',(-62.2975187574287,77.163611946497,110.323935990733));
#2936=CARTESIAN_POINT('Ctrl Pts',(-63.3466592065704,77.2273145284858,110.530324866805));
#2937=CARTESIAN_POINT('Ctrl Pts',(-102.381793480774,82.1091952063047,159.217387405716));
#2938=CARTESIAN_POINT('Ctrl Pts',(-102.381793480774,82.0519593903776,158.526481096869));
#2939=CARTESIAN_POINT('Ctrl Pts',(-102.177641007445,81.9359237995404,157.151400541846));
#2940=CARTESIAN_POINT('Ctrl Pts',(-100.907337205932,81.6985061690425,154.481876443548));
#2941=CARTESIAN_POINT('Ctrl Pts',(-97.7165462416601,81.3943753161623,151.421124476275));
#2942=CARTESIAN_POINT('Ctrl Pts',(-92.1971828684542,81.0244542843546,148.648299621208));
#2943=CARTESIAN_POINT('Ctrl Pts',(-86.2649244867469,80.6573773748239,146.939395921076));
#2944=CARTESIAN_POINT('Ctrl Pts',(-80.7667319809182,80.3008255083438,145.828223303176));
#2945=CARTESIAN_POINT('Ctrl Pts',(-75.9146193791539,79.9613090279421,144.439118577714));
#2946=CARTESIAN_POINT('Ctrl Pts',(-71.6661791011366,79.6469617611365,142.228351702781));
#2947=CARTESIAN_POINT('Ctrl Pts',(-69.1718426492996,79.4590794480058,140.239720701815));
#2948=CARTESIAN_POINT('Ctrl Pts',(-66.4313489428894,79.2546001558117,137.852936037538));
#2949=CARTESIAN_POINT('Ctrl Pts',(-63.1100611647359,78.9511420864943,134.320444854969));
#2950=CARTESIAN_POINT('Ctrl Pts',(-60.1784320615013,78.6122377395801,129.764996414603));
#2951=CARTESIAN_POINT('Ctrl Pts',(-58.9055297941944,78.4506772132198,127.329481593869));
#2952=CARTESIAN_POINT('Ctrl Pts',(-57.9611227187021,78.3290990724166,125.422698421043));
#2953=CARTESIAN_POINT('Ctrl Pts',(-56.7341748267252,78.1578269360659,122.236431495774));
#2954=CARTESIAN_POINT('Ctrl Pts',(-56.5000580023104,78.1742620260282,120.183352894292));
#2955=CARTESIAN_POINT('Ctrl Pts',(-56.4982588232951,78.4030556077404,117.922136810629));
#2956=CARTESIAN_POINT('Ctrl Pts',(-56.6577280096388,78.8096265088564,115.44491533454));
#2957=CARTESIAN_POINT('Ctrl Pts',(-57.0399922842282,79.4871641692612,112.512681716403));
#2958=CARTESIAN_POINT('Ctrl Pts',(-57.3522880019518,80.0405686547336,110.463458278275));
#2959=CARTESIAN_POINT('Ctrl Pts',(-57.6476787501306,80.5205757373036,108.891606494589));
#2960=CARTESIAN_POINT('Ctrl Pts',(-58.3024957276565,81.2883542503673,106.859279902165));
#2961=CARTESIAN_POINT('Ctrl Pts',(-59.3258990121993,81.8177740784672,106.099154531175));
#2962=CARTESIAN_POINT('Ctrl Pts',(-61.7298520668052,82.4159070713416,106.100108358176));
#2963=CARTESIAN_POINT('Ctrl Pts',(-63.2303681221813,82.6549016300913,106.424160887911));
#2964=CARTESIAN_POINT('Ctrl Pts',(-65.1126290794402,82.7795674320624,107.226375953078));
#2965=CARTESIAN_POINT('Ctrl Pts',(-99.3488238262326,84.6171234914655,159.217387405715));
#2966=CARTESIAN_POINT('Ctrl Pts',(-99.3488238262326,84.5543756215988,158.551433034336));
#2967=CARTESIAN_POINT('Ctrl Pts',(-99.1666276922834,84.4328555695681,157.218559093));
#2968=CARTESIAN_POINT('Ctrl Pts',(-98.0179194719793,84.2043179721408,154.606092407782));
#2969=CARTESIAN_POINT('Ctrl Pts',(-95.1044048397311,83.9428116820496,151.571809124481));
#2970=CARTESIAN_POINT('Ctrl Pts',(-90.0554587789668,83.6587028881832,148.779583114871));
#2971=CARTESIAN_POINT('Ctrl Pts',(-84.6671269052036,83.3949093954192,147.020718890999));
#2972=CARTESIAN_POINT('Ctrl Pts',(-79.722373144933,83.1421008552395,145.849630415445));
#2973=CARTESIAN_POINT('Ctrl Pts',(-75.3708738778696,82.8914369445247,144.411253039053));
#2974=CARTESIAN_POINT('Ctrl Pts',(-71.5055795095831,82.6333970801564,142.182464487355));
#2975=CARTESIAN_POINT('Ctrl Pts',(-69.1459927725933,82.4503211188112,140.216394423943));
#2976=CARTESIAN_POINT('Ctrl Pts',(-66.467981095843,82.226011498747,137.88428636192));
#2977=CARTESIAN_POINT('Ctrl Pts',(-63.1824550616636,81.8736248945778,134.425002641371));
#2978=CARTESIAN_POINT('Ctrl Pts',(-60.2413048839815,81.4604898686595,129.928017290493));
#2979=CARTESIAN_POINT('Ctrl Pts',(-58.9564887188919,81.2588918061972,127.506659668877));
#2980=CARTESIAN_POINT('Ctrl Pts',(-58.0016512207172,81.1061879023078,125.607300392713));
#2981=CARTESIAN_POINT('Ctrl Pts',(-56.7505404693619,80.8840185877843,122.407318566645));
#2982=CARTESIAN_POINT('Ctrl Pts',(-56.5007265962928,80.8850630461822,120.267400166821));
#2983=CARTESIAN_POINT('Ctrl Pts',(-56.4989110042458,81.1361153222884,117.810258463877));
#2984=CARTESIAN_POINT('Ctrl Pts',(-56.5498054368581,81.5184539055384,114.903189005201));
#2985=CARTESIAN_POINT('Ctrl Pts',(-56.7537063203652,82.1243607535002,111.270065558387));
#2986=CARTESIAN_POINT('Ctrl Pts',(-56.9612743763467,82.6217512912613,108.688768878137));
#2987=CARTESIAN_POINT('Ctrl Pts',(-57.1984512300853,83.0569011420537,106.686699201639));
#2988=CARTESIAN_POINT('Ctrl Pts',(-57.8686403555848,83.7708375210466,104.067610714725));
#2989=CARTESIAN_POINT('Ctrl Pts',(-59.0779550892779,84.29682889728,103.065390661431));
#2990=CARTESIAN_POINT('Ctrl Pts',(-61.9899727613248,84.9526284384471,103.066407196917));
#2991=CARTESIAN_POINT('Ctrl Pts',(-63.8870385122511,85.2547346930184,103.568212560323));
#2992=CARTESIAN_POINT('Ctrl Pts',(-66.35596833693,85.4929930203122,104.81141190568));
#2993=CARTESIAN_POINT('Ctrl Pts',(-98.8410500530592,85.0019723729242,159.217387405716));
#2994=CARTESIAN_POINT('Ctrl Pts',(-98.8410500530592,84.9384267589432,158.555587473701));
#2995=CARTESIAN_POINT('Ctrl Pts',(-98.6622030162912,84.8163545555382,157.229740802888));
#2996=CARTESIAN_POINT('Ctrl Pts',(-97.5318186553834,84.5903301837917,154.626774013489));
#2997=CARTESIAN_POINT('Ctrl Pts',(-94.6602254303535,84.3378357353924,151.596897517014));
#2998=CARTESIAN_POINT('Ctrl Pts',(-89.6821447149613,84.0707828678664,148.801441192707));
#2999=CARTESIAN_POINT('Ctrl Pts',(-84.3759334341011,83.8272678865957,147.034258305348));
#3000=CARTESIAN_POINT('Ctrl Pts',(-79.5151797930193,83.5949241548222,145.853192949423));
#3001=CARTESIAN_POINT('Ctrl Pts',(-75.2395191194191,83.3617263282605,144.406611309023));
#3002=CARTESIAN_POINT('Ctrl Pts',(-71.4327877792906,83.115170780334,142.174820765208));
#3003=CARTESIAN_POINT('Ctrl Pts',(-69.0943712378258,82.9336916817102,140.212503622556));
#3004=CARTESIAN_POINT('Ctrl Pts',(-66.4268619621379,82.7065169911033,137.889496089866));
#3005=CARTESIAN_POINT('Ctrl Pts',(-63.153161797561,82.3465487202083,134.442399096479));
#3006=CARTESIAN_POINT('Ctrl Pts',(-60.2227381011587,81.9215698766995,129.955139202626));
#3007=CARTESIAN_POINT('Ctrl Pts',(-58.9431802145997,81.7135389510233,127.536134663681));
#3008=CARTESIAN_POINT('Ctrl Pts',(-57.9923399430489,81.5558299737536,125.638007658559));
#3009=CARTESIAN_POINT('Ctrl Pts',(-56.7473787266026,81.3253948114394,122.435735143021));
#3010=CARTESIAN_POINT('Ctrl Pts',(-56.499989590545,81.3237174892143,120.281311660919));
#3011=CARTESIAN_POINT('Ctrl Pts',(-56.4981293726276,81.5779291926541,117.791483010497));
#3012=CARTESIAN_POINT('Ctrl Pts',(-56.5309849466139,81.9540260411049,114.812475785407));
#3013=CARTESIAN_POINT('Ctrl Pts',(-56.70553979122,82.5439188932156,111.062170219324));
#3014=CARTESIAN_POINT('Ctrl Pts',(-56.8958918587517,83.0286563540069,108.391839609717));
#3015=CARTESIAN_POINT('Ctrl Pts',(-57.1235559818187,83.4535268914572,106.317766850405));
#3016=CARTESIAN_POINT('Ctrl Pts',(-57.7966412833087,84.15440342403,103.600538564041));
#3017=CARTESIAN_POINT('Ctrl Pts',(-59.0369399582305,84.6775971319433,102.557718263225));
#3018=CARTESIAN_POINT('Ctrl Pts',(-62.0335287885588,85.3417341495105,102.558726794495));
#3019=CARTESIAN_POINT('Ctrl Pts',(-63.9965389492722,85.6546372846782,103.09028858477));
#3020=CARTESIAN_POINT('Ctrl Pts',(-66.5628202970318,85.9134929080567,104.407211135352));
#3021=CARTESIAN_POINT('Ctrl Pts',(-96.4499753962958,86.6596034053662,159.217387405715));
#3022=CARTESIAN_POINT('Ctrl Pts',(-96.4499753962958,86.5928237967973,158.575053416149));
#3023=CARTESIAN_POINT('Ctrl Pts',(-96.2851391139993,86.4693619998423,157.282133618979));
#3024=CARTESIAN_POINT('Ctrl Pts',(-95.232618326309,86.2583332502021,154.723679374048));
#3025=CARTESIAN_POINT('Ctrl Pts',(-92.5386269728816,86.0532286537838,151.71445157267));
#3026=CARTESIAN_POINT('Ctrl Pts',(-87.8627139706222,85.8737477624521,148.90385949249));
#3027=CARTESIAN_POINT('Ctrl Pts',(-82.9066980040265,85.733471928419,147.097699550088));
#3028=CARTESIAN_POINT('Ctrl Pts',(-78.4033552997318,85.6049872190154,145.869888736521));
#3029=CARTESIAN_POINT('Ctrl Pts',(-74.4534414306046,85.4610937381634,144.384866317504));
#3030=CARTESIAN_POINT('Ctrl Pts',(-70.899215470131,85.2743050167846,142.139012444977));
#3031=CARTESIAN_POINT('Ctrl Pts',(-68.6533783034576,85.1029931894412,140.194286466233));
#3032=CARTESIAN_POINT('Ctrl Pts',(-66.0344761037929,84.864358245549,137.913925909065));
#3033=CARTESIAN_POINT('Ctrl Pts',(-62.8416459067196,84.4757700344535,134.523934869882));
#3034=CARTESIAN_POINT('Ctrl Pts',(-60.0165594368716,84.0071676843465,130.08226067744));
#3035=CARTESIAN_POINT('Ctrl Pts',(-58.7940564751533,83.7755894866148,127.674289473208));
#3036=CARTESIAN_POINT('Ctrl Pts',(-57.887784426508,83.5995339079514,125.78194364113));
#3037=CARTESIAN_POINT('Ctrl Pts',(-56.7172972242946,83.3391360087586,122.568951722564));
#3038=CARTESIAN_POINT('Ctrl Pts',(-56.504240565964,83.3283307950114,120.34665271624));
#3039=CARTESIAN_POINT('Ctrl Pts',(-56.5025831992007,83.5955065351272,117.70379311733));
#3040=CARTESIAN_POINT('Ctrl Pts',(-56.4505962001048,83.9323196984136,114.386540967902));
#3041=CARTESIAN_POINT('Ctrl Pts',(-56.4844117486514,84.4271878970885,110.084065926682));
#3042=CARTESIAN_POINT('Ctrl Pts',(-56.5920692936939,84.8364920841649,106.994185483932));
#3043=CARTESIAN_POINT('Ctrl Pts',(-56.7735104428599,85.1995555227993,104.580761809303));
#3044=CARTESIAN_POINT('Ctrl Pts',(-57.4570605214187,85.8194042125038,101.400780022693));
#3045=CARTESIAN_POINT('Ctrl Pts',(-58.8422715396966,86.3190666611791,100.166670354056));
#3046=CARTESIAN_POINT('Ctrl Pts',(-62.2353157214036,87.0169783827667,100.167676773429));
#3047=CARTESIAN_POINT('Ctrl Pts',(-64.508051351563,87.3825270270379,100.839539635026));
#3048=CARTESIAN_POINT('Ctrl Pts',(-67.5335069462663,87.7470854281072,102.504310481244));
#3049=CARTESIAN_POINT('Ctrl Pts',(-92.3185421224183,88.6784479170722,159.217387405715));
#3050=CARTESIAN_POINT('Ctrl Pts',(-92.3185421224183,88.6089158470315,158.608128171541));
#3051=CARTESIAN_POINT('Ctrl Pts',(-92.1692012174214,88.489630635944,157.371154726074));
#3052=CARTESIAN_POINT('Ctrl Pts',(-91.2021008400341,88.3208994238248,154.888332148356));
#3053=CARTESIAN_POINT('Ctrl Pts',(-88.7039449442558,88.2232194747895,151.914188779002));
#3054=CARTESIAN_POINT('Ctrl Pts',(-84.3618554424341,88.2310687985956,149.077879420318));
#3055=CARTESIAN_POINT('Ctrl Pts',(-79.7960267560677,88.307536358553,147.205493314442));
#3056=CARTESIAN_POINT('Ctrl Pts',(-75.6966237833542,88.3962176413798,145.898257160458));
#3057=CARTESIAN_POINT('Ctrl Pts',(-72.1203464418866,88.4411124484297,144.347919805409));
#3058=CARTESIAN_POINT('Ctrl Pts',(-68.867413431094,88.3856536675192,142.078171195315));
#3059=CARTESIAN_POINT('Ctrl Pts',(-66.7455886861116,88.2442226951979,140.163335453295));
#3060=CARTESIAN_POINT('Ctrl Pts',(-64.2098798712462,87.995639733787,137.95543756841));
#3061=CARTESIAN_POINT('Ctrl Pts',(-61.1361052194078,87.5983574043091,134.662476347586));
#3062=CARTESIAN_POINT('Ctrl Pts',(-58.4500345048445,87.1261212401111,130.298259547486));
#3063=CARTESIAN_POINT('Ctrl Pts',(-57.300939174346,86.8942453955243,127.909036287637));
#3064=CARTESIAN_POINT('Ctrl Pts',(-56.4515935714275,86.7183099031478,126.026514332467));
#3065=CARTESIAN_POINT('Ctrl Pts',(-55.3744733516733,86.4601946433488,122.795310943711));
#3066=CARTESIAN_POINT('Ctrl Pts',(-55.2029467636627,86.4553872133348,120.457696712522));
#3067=CARTESIAN_POINT('Ctrl Pts',(-55.2011349874199,86.733549230214,117.554838828387));
#3068=CARTESIAN_POINT('Ctrl Pts',(-55.1474813102622,86.9480181192765,113.655371011262));
#3069=CARTESIAN_POINT('Ctrl Pts',(-55.250555071885,87.1711924802294,108.398543628841));
#3070=CARTESIAN_POINT('Ctrl Pts',(-55.4637487072722,87.3637690232121,104.582892732577));
#3071=CARTESIAN_POINT('Ctrl Pts',(-55.7716415819884,87.5471438151043,101.582117443069));
#3072=CARTESIAN_POINT('Ctrl Pts',(-56.7609039088102,87.9199090732295,97.6007857175505));
#3073=CARTESIAN_POINT('Ctrl Pts',(-58.5144683709316,88.3234864740542,96.0352187671556));
#3074=CARTESIAN_POINT('Ctrl Pts',(-62.5809063599789,89.0501920642774,96.0362266324609));
#3075=CARTESIAN_POINT('Ctrl Pts',(-65.2896712128871,89.5164673530923,96.9512113668886));
#3076=CARTESIAN_POINT('Ctrl Pts',(-68.8661544506087,90.112488498443,99.2189967910493));
#3077=CARTESIAN_POINT('Ctrl Pts',(-85.4998505494161,89.71979075456,159.217387405714));
#3078=CARTESIAN_POINT('Ctrl Pts',(-85.4998505494161,89.6520705903492,158.661730902108));
#3079=CARTESIAN_POINT('Ctrl Pts',(-85.3598532993867,89.542143761686,157.515427123002));
#3080=CARTESIAN_POINT('Ctrl Pts',(-84.445109439274,89.4121575814619,155.155177294868));
#3081=CARTESIAN_POINT('Ctrl Pts',(-82.0683587002961,89.3951019995049,152.237893614571));
#3082=CARTESIAN_POINT('Ctrl Pts',(-77.9389450286931,89.5338811062555,149.359905437285));
#3083=CARTESIAN_POINT('Ctrl Pts',(-73.6300037917901,89.7582388548475,147.380189583003));
#3084=CARTESIAN_POINT('Ctrl Pts',(-69.8089513443496,89.9945378231067,145.944232268599));
#3085=CARTESIAN_POINT('Ctrl Pts',(-66.5100139395625,90.1694025304376,144.288041927444));
#3086=CARTESIAN_POINT('Ctrl Pts',(-63.5105536788141,90.2090997259191,141.979567976801));
#3087=CARTESIAN_POINT('Ctrl Pts',(-61.5266769094614,90.0964351518682,140.113173382853));
#3088=CARTESIAN_POINT('Ctrl Pts',(-59.1254729360506,89.8544071495447,138.02271190087));
#3089=CARTESIAN_POINT('Ctrl Pts',(-56.185990421703,89.4746149007794,134.887002068018));
#3090=CARTESIAN_POINT('Ctrl Pts',(-53.6010969788836,89.0297680418388,130.64831544898));
#3091=CARTESIAN_POINT('Ctrl Pts',(-52.4979706511951,88.8127912410845,128.289475430273));
#3092=CARTESIAN_POINT('Ctrl Pts',(-51.6830015282319,88.6484453748985,126.422873937025));
#3093=CARTESIAN_POINT('Ctrl Pts',(-50.6545827754854,88.4095030605904,123.162154840076));
#3094=CARTESIAN_POINT('Ctrl Pts',(-50.4994515014222,88.4110403585938,120.637646670281));
#3095=CARTESIAN_POINT('Ctrl Pts',(-50.49767265717,88.6819705872813,117.313410409244));
#3096=CARTESIAN_POINT('Ctrl Pts',(-50.7254487695011,88.7971818177746,112.456901120565));
#3097=CARTESIAN_POINT('Ctrl Pts',(-51.5479310023109,88.8139466885594,105.624583377486));
#3098=CARTESIAN_POINT('Ctrl Pts',(-52.418258474745,88.8409779435364,100.60964777744));
#3099=CARTESIAN_POINT('Ctrl Pts',(-53.3361904620045,88.8857935674311,96.6377601411501));
#3100=CARTESIAN_POINT('Ctrl Pts',(-55.3875389248294,89.0616335838525,91.3308243680473));
#3101=CARTESIAN_POINT('Ctrl Pts',(-57.9816074281727,89.3743482591307,89.2165370998929));
#3102=CARTESIAN_POINT('Ctrl Pts',(-63.1395070857845,90.0820975524114,89.2175441830752));
#3103=CARTESIAN_POINT('Ctrl Pts',(-66.3766511555226,90.595101006646,90.5350027251049));
#3104=CARTESIAN_POINT('Ctrl Pts',(-70.396864792037,91.3240943433667,93.8013984388263));
#3105=CARTESIAN_POINT('Ctrl Pts',(-78.6811587901868,88.6783861623681,159.217387405712));
#3106=CARTESIAN_POINT('Ctrl Pts',(-78.6811587901868,88.6174577219743,158.715333632676));
#3107=CARTESIAN_POINT('Ctrl Pts',(-78.5505052014632,88.5124084058618,157.659699516366));
#3108=CARTESIAN_POINT('Ctrl Pts',(-77.6881235495726,88.3616852463603,155.422022434454));
#3109=CARTESIAN_POINT('Ctrl Pts',(-75.432787901422,88.2695626276848,152.561598422459));
#3110=CARTESIAN_POINT('Ctrl Pts',(-71.5160746720902,88.2654882407254,149.641931419065));
#3111=CARTESIAN_POINT('Ctrl Pts',(-67.4640467715594,88.3199723918425,147.55488577727));
#3112=CARTESIAN_POINT('Ctrl Pts',(-63.9213630374667,88.3851432384457,145.990207188314));
#3113=CARTESIAN_POINT('Ctrl Pts',(-60.8997909178574,88.4135324312081,144.228163807569));
#3114=CARTESIAN_POINT('Ctrl Pts',(-58.1538170758701,88.3571056336325,141.880964358459));
#3115=CARTESIAN_POINT('Ctrl Pts',(-56.3078850735708,88.2310750366967,140.063010533272));
#3116=CARTESIAN_POINT('Ctrl Pts',(-54.0411803826221,88.0132413473201,138.089985122019));
#3117=CARTESIAN_POINT('Ctrl Pts',(-51.2359933188484,87.6409255081057,135.111526439487));
#3118=CARTESIAN_POINT('Ctrl Pts',(-48.7522921769979,87.1757276660106,130.998369058312));
#3119=CARTESIAN_POINT('Ctrl Pts',(-47.6951444347678,86.9423123367148,128.669911831039));
#3120=CARTESIAN_POINT('Ctrl Pts',(-46.9145610763521,86.7641529990876,126.819230379649));
#3121=CARTESIAN_POINT('Ctrl Pts',(-45.9348580863963,86.4954648035327,123.528994777645));
#3122=CARTESIAN_POINT('Ctrl Pts',(-45.796133947893,86.4700924233051,120.817587520628));
#3123=CARTESIAN_POINT('Ctrl Pts',(-45.7943963643739,86.7138391966301,117.071965591828));
#3124=CARTESIAN_POINT('Ctrl Pts',(-46.3035933002573,86.9302470793656,111.258407744047));
#3125=CARTESIAN_POINT('Ctrl Pts',(-47.8454138960948,87.1867947693148,102.8506182853));
#3126=CARTESIAN_POINT('Ctrl Pts',(-49.372830269617,87.4043416252037,96.6364066363099));
#3127=CARTESIAN_POINT('Ctrl Pts',(-50.9007646977482,87.6056929868205,91.6934136446098));
#3128=CARTESIAN_POINT('Ctrl Pts',(-54.0141321707607,87.989254527499,85.0608921027221));
#3129=CARTESIAN_POINT('Ctrl Pts',(-57.4486970985786,88.3673063939251,82.397881135485));
#3130=CARTESIAN_POINT('Ctrl Pts',(-63.6980622121841,89.0040952356056,82.398885392432));
#3131=CARTESIAN_POINT('Ctrl Pts',(-67.4636018777361,89.394778437227,84.118814324621));
#3132=CARTESIAN_POINT('Ctrl Pts',(-71.9276103319088,89.8718890650778,88.3837999455093));
#3133=CARTESIAN_POINT('Ctrl Pts',(-74.5496620078552,86.6595146711681,159.217387405711));
#3134=CARTESIAN_POINT('Ctrl Pts',(-74.5496620078552,86.6057934052766,158.748408388066));
#3135=CARTESIAN_POINT('Ctrl Pts',(-74.4345050308708,86.5039428207466,157.748720626234));
#3136=CARTESIAN_POINT('Ctrl Pts',(-73.6575378199402,86.3202454040062,155.586675214151));
#3137=CARTESIAN_POINT('Ctrl Pts',(-71.598030765581,86.1235868142967,152.761335650335));
#3138=CARTESIAN_POINT('Ctrl Pts',(-68.0151117005942,85.9259927213421,149.815951374279));
#3139=CARTESIAN_POINT('Ctrl Pts',(-64.3532422634499,85.7523420218421,147.662679599448));
#3140=CARTESIAN_POINT('Ctrl Pts',(-61.2144860843099,85.5881966185219,146.018575758909));
#3141=CARTESIAN_POINT('Ctrl Pts',(-58.5665187942521,85.4192305030189,144.19121748376));
#3142=CARTESIAN_POINT('Ctrl Pts',(-56.1218238340914,85.2309732153119,141.820123419998));
#3143=CARTESIAN_POINT('Ctrl Pts',(-54.3999113505207,85.0830533331285,140.032060126767));
#3144=CARTESIAN_POINT('Ctrl Pts',(-52.2164086770553,84.8911025244594,138.13149764634));
#3145=CARTESIAN_POINT('Ctrl Pts',(-49.5302736377244,84.5404081849595,135.250068967142));
#3146=CARTESIAN_POINT('Ctrl Pts',(-47.1855676724278,84.0824679536617,131.214369712438));
#3147=CARTESIAN_POINT('Ctrl Pts',(-46.2018146888825,83.8485403458851,128.904660779573));
#3148=CARTESIAN_POINT('Ctrl Pts',(-45.4781454094951,83.6690964541391,127.063803532044));
#3149=CARTESIAN_POINT('Ctrl Pts',(-44.5917901198573,83.3926315168845,123.75535708008));
#3150=CARTESIAN_POINT('Ctrl Pts',(-44.494580783497,83.3505980706107,120.92863860557));
#3151=CARTESIAN_POINT('Ctrl Pts',(-44.4926788680819,83.5655295283196,116.923024066314));
#3152=CARTESIAN_POINT('Ctrl Pts',(-45.0002249946194,83.9052791004431,110.527249105266));
#3153=CARTESIAN_POINT('Ctrl Pts',(-46.6113986051555,84.450850248653,101.165077874413));
#3154=CARTESIAN_POINT('Ctrl Pts',(-48.244413579003,84.8980791544959,94.2250771004914));
#3155=CARTESIAN_POINT('Ctrl Pts',(-49.8988508962023,85.2884470852647,88.6947171064044));
#3156=CARTESIAN_POINT('Ctrl Pts',(-53.3180211203699,85.9247308110684,81.2608174743092));
#3157=CARTESIAN_POINT('Ctrl Pts',(-57.1209529872107,86.3856446860152,78.2663458896259));
#3158=CARTESIAN_POINT('Ctrl Pts',(-64.0437073796901,86.9470784229153,78.26735318352));
#3159=CARTESIAN_POINT('Ctrl Pts',(-68.245253466539,87.1978864483962,80.2304110255247));
#3160=CARTESIAN_POINT('Ctrl Pts',(-73.2602044105822,87.3819126559458,85.0984381384713));
#3161=CARTESIAN_POINT('Ctrl Pts',(-72.4201435153906,85.1831582630989,159.21738740571));
#3162=CARTESIAN_POINT('Ctrl Pts',(-72.4201435153906,85.1341262576339,158.765744948558));
#3163=CARTESIAN_POINT('Ctrl Pts',(-72.3174645034228,85.0365009133726,157.795382179068));
#3164=CARTESIAN_POINT('Ctrl Pts',(-71.6098532323058,84.8432372294024,155.672980072491));
#3165=CARTESIAN_POINT('Ctrl Pts',(-69.7085369252071,84.6055294560799,152.866030403416));
#3166=CARTESIAN_POINT('Ctrl Pts',(-66.3947745652104,84.3274627024713,149.907166060418));
#3167=CARTESIAN_POINT('Ctrl Pts',(-63.0448376473231,84.0572625046197,147.719180866039));
#3168=CARTESIAN_POINT('Ctrl Pts',(-60.2244257948963,83.7956511747853,146.033444856408));
#3169=CARTESIAN_POINT('Ctrl Pts',(-57.8666164458859,83.5437128116875,144.171850749206));
#3170=CARTESIAN_POINT('Ctrl Pts',(-55.6468288891137,83.30202548449,141.788231465065));
#3171=CARTESIAN_POINT('Ctrl Pts',(-54.0073623040723,83.1482639039903,140.015834361094));
#3172=CARTESIAN_POINT('Ctrl Pts',(-51.8671394476636,82.9729650634787,138.153253106952));
#3173=CARTESIAN_POINT('Ctrl Pts',(-49.2530334702861,82.6530094727673,135.322683131372));
#3174=CARTESIAN_POINT('Ctrl Pts',(-47.0021681522806,82.23543102294,131.327581273951));
#3175=CARTESIAN_POINT('Ctrl Pts',(-46.0692456143057,82.0221704472982,129.027697937661));
#3176=CARTESIAN_POINT('Ctrl Pts',(-45.3852855594399,81.858618316992,127.191988712434));
#3177=CARTESIAN_POINT('Ctrl Pts',(-44.5652826311916,81.6066449678301,123.873994036352));
#3178=CARTESIAN_POINT('Ctrl Pts',(-44.4986711901913,81.5684382977864,120.986815788317));
#3179=CARTESIAN_POINT('Ctrl Pts',(-44.496965062326,81.7646001571428,116.844897402115));
#3180=CARTESIAN_POINT('Ctrl Pts',(-44.9289352402992,82.139747964826,110.147865181293));
#3181=CARTESIAN_POINT('Ctrl Pts',(-46.4146422685207,82.7768873718747,100.29395872992));
#3182=CARTESIAN_POINT('Ctrl Pts',(-47.9739306050361,83.2965055051611,92.980317483471));
#3183=CARTESIAN_POINT('Ctrl Pts',(-49.5871376122938,83.7456652713868,87.1477401130984));
#3184=CARTESIAN_POINT('Ctrl Pts',(-53.0155102263049,84.4563065265724,79.3017394129379));
#3185=CARTESIAN_POINT('Ctrl Pts',(-56.9474902227611,84.9328167862843,76.1368972869269));
#3186=CARTESIAN_POINT('Ctrl Pts',(-64.2233385032112,85.4452711739208,76.1378990625669));
#3187=CARTESIAN_POINT('Ctrl Pts',(-68.7007576126325,85.6333134992028,78.225904581041));
#3188=CARTESIAN_POINT('Ctrl Pts',(-74.1247671600471,85.6982787719369,83.4036931526975));
#3189=CARTESIAN_POINT('Ctrl Pts',(-71.9046750916319,84.809446971538,159.21738740571));
#3190=CARTESIAN_POINT('Ctrl Pts',(-71.9046750916319,84.7615868808229,158.769951550196));
#3191=CARTESIAN_POINT('Ctrl Pts',(-71.8052145206191,84.6650983353996,157.806704302872));
#3192=CARTESIAN_POINT('Ctrl Pts',(-71.1152679168125,84.4698096067189,155.693921388448));
#3193=CARTESIAN_POINT('Ctrl Pts',(-69.2543468078185,84.2227161457261,152.891433945766));
#3194=CARTESIAN_POINT('Ctrl Pts',(-66.0089755043181,83.9258942234136,149.929298768288));
#3195=CARTESIAN_POINT('Ctrl Pts',(-62.7383250483033,83.633146424997,147.732890668134));
#3196=CARTESIAN_POINT('Ctrl Pts',(-59.9990274986063,83.348866789797,146.03705310916));
#3197=CARTESIAN_POINT('Ctrl Pts',(-57.7146597735568,83.0775390590475,144.167152007453));
#3198=CARTESIAN_POINT('Ctrl Pts',(-55.5517450134309,82.8235242887473,141.780493867135));
#3199=CARTESIAN_POINT('Ctrl Pts',(-53.9330401122286,82.668676992527,140.011898794383));
#3200=CARTESIAN_POINT('Ctrl Pts',(-51.8034308158339,82.4976222836615,138.158534076246));
#3201=CARTESIAN_POINT('Ctrl Pts',(-49.2040892334799,82.1858079146563,135.340305088366));
#3202=CARTESIAN_POINT('Ctrl Pts',(-46.9700495818016,81.7791865281169,131.355055746086));
#3203=CARTESIAN_POINT('Ctrl Pts',(-46.0459588453912,81.5715908237223,129.057557396113));
#3204=CARTESIAN_POINT('Ctrl Pts',(-45.3688317611285,81.412384375649,127.223098117392));
#3205=CARTESIAN_POINT('Ctrl Pts',(-44.559989879295,81.16722560375,123.902788170157));
#3206=CARTESIAN_POINT('Ctrl Pts',(-44.4982852288077,81.1303215519276,121.000949722763));
#3207=CARTESIAN_POINT('Ctrl Pts',(-44.4965259371654,81.3217784048587,116.825972220891));
#3208=CARTESIAN_POINT('Ctrl Pts',(-44.9101828137765,81.7044247232479,110.055991785172));
#3209=CARTESIAN_POINT('Ctrl Pts',(-46.3661076400047,82.3617977844629,100.083024698404));
#3210=CARTESIAN_POINT('Ctrl Pts',(-47.9079033975851,82.8973181828785,92.6789387108862));
#3211=CARTESIAN_POINT('Ctrl Pts',(-49.5114276972138,83.3593390638097,86.7732112609494));
#3212=CARTESIAN_POINT('Ctrl Pts',(-52.9426705427834,84.0861008706036,78.8274538843354));
#3213=CARTESIAN_POINT('Ctrl Pts',(-56.905985692753,84.5653144891521,75.6213957166096));
#3214=CARTESIAN_POINT('Ctrl Pts',(-64.2674649557593,85.0655038280007,75.6224001093872));
#3215=CARTESIAN_POINT('Ctrl Pts',(-68.8116783113495,85.2386676813013,77.7406443724727));
#3216=CARTESIAN_POINT('Ctrl Pts',(-74.3343053392165,85.2757582118615,82.9934178755769));
#3217=CARTESIAN_POINT('Ctrl Pts',(-71.4055504007232,84.4141711271675,159.21738740571));
#3218=CARTESIAN_POINT('Ctrl Pts',(-71.4055504007232,84.3675211680703,158.774046523276));
#3219=CARTESIAN_POINT('Ctrl Pts',(-71.309525715044,84.2723439584842,157.8177259668));
#3220=CARTESIAN_POINT('Ctrl Pts',(-70.6385907652163,84.0758502864091,155.714306975111));
#3221=CARTESIAN_POINT('Ctrl Pts',(-68.8210411211987,83.8210105456692,152.916163287852));
#3222=CARTESIAN_POINT('Ctrl Pts',(-65.6492560577458,83.5082719108735,149.950844051107));
#3223=CARTESIAN_POINT('Ctrl Pts',(-62.4637460813308,83.1961354217557,147.746236448574));
#3224=CARTESIAN_POINT('Ctrl Pts',(-59.8111766810232,82.892171266758,146.040565075666));
#3225=CARTESIAN_POINT('Ctrl Pts',(-57.6053434260271,82.604294573277,144.162577266086));
#3226=CARTESIAN_POINT('Ctrl Pts',(-55.5027292389135,82.339940388105,141.772960461213));
#3227=CARTESIAN_POINT('Ctrl Pts',(-53.9054497095946,82.1844891478832,140.00806544846));
#3228=CARTESIAN_POINT('Ctrl Pts',(-51.7860926463391,82.0177203909365,138.163671747039));
#3229=CARTESIAN_POINT('Ctrl Pts',(-49.1955464195119,81.7147155810342,135.357455584269));
#3230=CARTESIAN_POINT('Ctrl Pts',(-46.9661622927899,81.3204003950036,131.381794623737));
#3231=CARTESIAN_POINT('Ctrl Pts',(-46.0437766348582,81.1192478275343,129.086616692121));
#3232=CARTESIAN_POINT('Ctrl Pts',(-45.3678468586061,80.9650233982539,127.25337299625));
#3233=CARTESIAN_POINT('Ctrl Pts',(-44.5601879869978,80.7277473844591,123.930806951249));
#3234=CARTESIAN_POINT('Ctrl Pts',(-44.4984885226941,80.6926267454584,121.014682695267));
#3235=CARTESIAN_POINT('Ctrl Pts',(-44.4967585712938,80.8792657899131,116.807502620277));
#3236=CARTESIAN_POINT('Ctrl Pts',(-44.8926252411732,81.2670829351798,109.966781149959));
#3237=CARTESIAN_POINT('Ctrl Pts',(-46.3191580362359,81.9394811224176,99.8785906312186));
#3238=CARTESIAN_POINT('Ctrl Pts',(-47.8437085787089,82.486817341365,92.3869843867877));
#3239=CARTESIAN_POINT('Ctrl Pts',(-49.4376332592452,82.9582896010822,86.4104843736864));
#3240=CARTESIAN_POINT('Ctrl Pts',(-52.8712811768076,83.6962062047077,78.3682525741078));
#3241=CARTESIAN_POINT('Ctrl Pts',(-56.8651280803911,84.1760345567161,75.1223123732466));
#3242=CARTESIAN_POINT('Ctrl Pts',(-64.3100009226203,84.6635901552452,75.123313501365));
#3243=CARTESIAN_POINT('Ctrl Pts',(-68.91931509515,84.8230753672429,77.2708010688906));
#3244=CARTESIAN_POINT('Ctrl Pts',(-74.5383539890032,84.835833452654,82.5960489955916));
#3245=CARTESIAN_POINT('Ctrl Pts',(-68.6175962784311,82.1090286585855,159.217387405711));
#3246=CARTESIAN_POINT('Ctrl Pts',(-68.6175962784311,82.0693595953043,158.796980707347));
#3247=CARTESIAN_POINT('Ctrl Pts',(-68.541788757194,81.9823766985397,157.879453648415));
#3248=CARTESIAN_POINT('Ctrl Pts',(-67.9825940950287,81.7817371563564,155.828478037905));
#3249=CARTESIAN_POINT('Ctrl Pts',(-66.419963380328,81.4889301889858,153.05466232004));
#3250=CARTESIAN_POINT('Ctrl Pts',(-63.6803548244599,81.0947444857204,150.07151070316));
#3251=CARTESIAN_POINT('Ctrl Pts',(-60.9946334532193,80.6828461468321,147.820982083282));
#3252=CARTESIAN_POINT('Ctrl Pts',(-58.8508725580632,80.2782494060623,146.060238287782));
#3253=CARTESIAN_POINT('Ctrl Pts',(-57.104916334251,79.9051354377944,144.136961494675));
#3254=CARTESIAN_POINT('Ctrl Pts',(-55.3544070519822,79.5888410436788,141.730777999083));
#3255=CARTESIAN_POINT('Ctrl Pts',(-53.881071733478,79.4323803006709,139.986613881254));
#3256=CARTESIAN_POINT('Ctrl Pts',(-51.8192246347627,79.2906626714271,138.192470387702));
#3257=CARTESIAN_POINT('Ctrl Pts',(-49.2616026509864,79.0381449655414,135.453538188649));
#3258=CARTESIAN_POINT('Ctrl Pts',(-47.0234443391606,78.7135841385539,131.531598643039));
#3259=CARTESIAN_POINT('Ctrl Pts',(-46.090097423186,78.5488607806713,129.249426394692));
#3260=CARTESIAN_POINT('Ctrl Pts',(-45.4045642930935,78.4227272386706,127.423000012916));
#3261=CARTESIAN_POINT('Ctrl Pts',(-44.57467315167,78.229843363217,124.087816284506));
#3262=CARTESIAN_POINT('Ctrl Pts',(-44.4985332763497,78.2043087365597,121.091798042491));
#3263=CARTESIAN_POINT('Ctrl Pts',(-44.4967883041554,78.3628791944608,116.704427603918));
#3264=CARTESIAN_POINT('Ctrl Pts',(-44.7929197197684,78.7734512761312,109.468485947234));
#3265=CARTESIAN_POINT('Ctrl Pts',(-46.0556649565398,79.5190225860448,98.7363033251337));
#3266=CARTESIAN_POINT('Ctrl Pts',(-47.4840706796841,80.123359801441,90.7557330602893));
#3267=CARTESIAN_POINT('Ctrl Pts',(-49.0245829531646,80.6400292461855,84.3838706968763));
#3268=CARTESIAN_POINT('Ctrl Pts',(-52.4725034518088,81.429746428175,75.8025440824148));
#3269=CARTESIAN_POINT('Ctrl Pts',(-56.6372731194191,81.9070645048158,72.3340131315129));
#3270=CARTESIAN_POINT('Ctrl Pts',(-64.5491227783789,82.3216180965605,72.3350415090686));
#3271=CARTESIAN_POINT('Ctrl Pts',(-69.5228783352925,82.4062906767981,74.6458738368349));
#3272=CARTESIAN_POINT('Ctrl Pts',(-75.6810221818103,82.288282057354,80.3761850397608));
#3273=CARTESIAN_POINT('Ctrl Pts',(-64.4774243453459,76.7669286484922,159.217387405713));
#3274=CARTESIAN_POINT('Ctrl Pts',(-64.4774243453459,76.7419518875965,158.832423437333));
#3275=CARTESIAN_POINT('Ctrl Pts',(-64.431565279675,76.6819265760023,157.97484822695));
#3276=CARTESIAN_POINT('Ctrl Pts',(-64.0378221658003,76.5267425085664,156.004919140972));
#3277=CARTESIAN_POINT('Ctrl Pts',(-62.8527634794131,76.276767634732,153.268699938683));
#3278=CARTESIAN_POINT('Ctrl Pts',(-60.7533718012105,75.9184345634433,150.257989906549));
#3279=CARTESIAN_POINT('Ctrl Pts',(-58.8084392159595,75.5331922171797,147.93649411362));
#3280=CARTESIAN_POINT('Ctrl Pts',(-57.4195412189783,75.1524657825212,146.090639798321));
#3281=CARTESIAN_POINT('Ctrl Pts',(-56.3565837595451,74.8074162225477,144.097372455779));
#3282=CARTESIAN_POINT('Ctrl Pts',(-55.130494610915,74.5295707497326,141.665585214437));
#3283=CARTESIAN_POINT('Ctrl Pts',(-53.8434918424702,74.4100432412944,139.953455460432));
#3284=CARTESIAN_POINT('Ctrl Pts',(-51.8705574444471,74.3207919911983,138.236966208332));
#3285=CARTESIAN_POINT('Ctrl Pts',(-49.3638623739162,74.1658549176585,135.602013238943));
#3286=CARTESIAN_POINT('Ctrl Pts',(-47.1121775254442,73.9701619403544,131.763086930173));
#3287=CARTESIAN_POINT('Ctrl Pts',(-46.1619125592999,73.871539989863,129.501009794769));
#3288=CARTESIAN_POINT('Ctrl Pts',(-45.4615530265866,73.7961673537732,127.685115219108));
#3289=CARTESIAN_POINT('Ctrl Pts',(-44.5973308989249,73.6818866756029,124.330424889144));
#3290=CARTESIAN_POINT('Ctrl Pts',(-44.498893648709,73.6693970962659,121.210891761186));
#3291=CARTESIAN_POINT('Ctrl Pts',(-44.4971359056441,73.7692697578314,116.544988268147));
#3292=CARTESIAN_POINT('Ctrl Pts',(-44.6391148229544,74.0977055459186,108.716620763055));
#3293=CARTESIAN_POINT('Ctrl Pts',(-45.6486498560315,74.7168285782832,97.0288322692607));
#3294=CARTESIAN_POINT('Ctrl Pts',(-46.9284080418907,75.217118120026,88.3242571132771));
#3295=CARTESIAN_POINT('Ctrl Pts',(-48.3863229138314,75.6422471365252,81.3677666872411));
#3296=CARTESIAN_POINT('Ctrl Pts',(-51.8562140726923,76.2791821241575,71.990309635543));
#3297=CARTESIAN_POINT('Ctrl Pts',(-56.2851080297163,76.6396427860522,68.1935385340542));
#3298=CARTESIAN_POINT('Ctrl Pts',(-64.918631405671,76.9006671219299,68.1945908089419));
#3299=CARTESIAN_POINT('Ctrl Pts',(-70.4556224712029,76.9100514293484,70.7462500799003));
#3300=CARTESIAN_POINT('Ctrl Pts',(-77.4469814019066,76.7249120540904,77.0731422712764));
#3301=CARTESIAN_POINT('Ctrl Pts',(-62.2587097869069,66.871936350827,159.217387405714));
#3302=CARTESIAN_POINT('Ctrl Pts',(-62.2587097869069,66.871936350827,158.854212886298));
#3303=CARTESIAN_POINT('Ctrl Pts',(-62.2288054203752,66.871936350827,158.033494669959));
#3304=CARTESIAN_POINT('Ctrl Pts',(-61.9226976182503,66.871936350827,156.113391152062));
#3305=CARTESIAN_POINT('Ctrl Pts',(-60.9380553455058,66.871936350827,153.400284637591));
#3306=CARTESIAN_POINT('Ctrl Pts',(-59.1781993705727,66.871936350827,150.37263195597));
#3307=CARTESIAN_POINT('Ctrl Pts',(-57.6271021788138,66.8719363508269,148.007505402822));
#3308=CARTESIAN_POINT('Ctrl Pts',(-56.6413964012778,66.8719363508269,146.109322172343));
#3309=CARTESIAN_POINT('Ctrl Pts',(-55.9441365745547,66.8719363508269,144.073023879218));
#3310=CARTESIAN_POINT('Ctrl Pts',(-55.0020494938471,66.8719363508269,141.625489420998));
#3311=CARTESIAN_POINT('Ctrl Pts',(-53.819615833833,66.8719363508269,139.933037944155));
#3312=CARTESIAN_POINT('Ctrl Pts',(-51.9015352075238,66.8719363508269,138.26427507659));
#3313=CARTESIAN_POINT('Ctrl Pts',(-49.4263140816438,66.8719363508269,135.693236475978));
#3314=CARTESIAN_POINT('Ctrl Pts',(-47.1663264324289,66.8719363508269,131.905305730786));
#3315=CARTESIAN_POINT('Ctrl Pts',(-46.2056785333203,66.8719363508269,129.655563942183));
#3316=CARTESIAN_POINT('Ctrl Pts',(-45.496203712345,66.8719363508269,127.846126625676));
#3317=CARTESIAN_POINT('Ctrl Pts',(-44.6108819614687,66.8719363508268,124.479410894975));
#3318=CARTESIAN_POINT('Ctrl Pts',(-44.4987474456763,66.8719363508269,121.283729212391));
#3319=CARTESIAN_POINT('Ctrl Pts',(-44.4970021565883,66.8719363508269,116.446286118301));
#3320=CARTESIAN_POINT('Ctrl Pts',(-44.5442711793848,66.8719363508268,108.289132902988));
#3321=CARTESIAN_POINT('Ctrl Pts',(-45.3981924842387,66.8719363508267,96.0911767481666));
#3322=CARTESIAN_POINT('Ctrl Pts',(-46.5866202441047,66.8719363508267,87.0030931322983));
#3323=CARTESIAN_POINT('Ctrl Pts',(-47.9938017008202,66.8719363508267,79.7385052444868));
#3324=CARTESIAN_POINT('Ctrl Pts',(-51.4772493658164,66.8719363508267,69.9438045794697));
#3325=CARTESIAN_POINT('Ctrl Pts',(-56.0685614744349,66.8719363508268,65.9757149107725));
#3326=CARTESIAN_POINT('Ctrl Pts',(-65.1457582868751,66.8719363508271,65.9766968405019));
#3327=CARTESIAN_POINT('Ctrl Pts',(-71.0289957562302,66.8719363508273,68.6538121115092));
#3328=CARTESIAN_POINT('Ctrl Pts',(-78.5325684824659,66.8719363508276,75.2899296519776));
#3329=CARTESIAN_POINT('Ctrl Pts',(-64.4774243453465,56.9769440531622,159.217387405715));
#3330=CARTESIAN_POINT('Ctrl Pts',(-64.4774243453465,57.0019208140579,158.832423437334));
#3331=CARTESIAN_POINT('Ctrl Pts',(-64.4315652796756,57.0619461256521,157.974848226952));
#3332=CARTESIAN_POINT('Ctrl Pts',(-64.037822165801,57.2171301930879,156.004919140973));
#3333=CARTESIAN_POINT('Ctrl Pts',(-62.8527634794138,57.4671050669224,153.268699938684));
#3334=CARTESIAN_POINT('Ctrl Pts',(-60.7533718012111,57.8254381382111,150.25798990655));
#3335=CARTESIAN_POINT('Ctrl Pts',(-58.8084392159601,58.2106804844746,147.936494113622));
#3336=CARTESIAN_POINT('Ctrl Pts',(-57.4195412189788,58.591406919133,146.090639798322));
#3337=CARTESIAN_POINT('Ctrl Pts',(-56.3565837595456,58.9364564791065,144.097372455781));
#3338=CARTESIAN_POINT('Ctrl Pts',(-55.1304946109155,59.2143019519216,141.665585214439));
#3339=CARTESIAN_POINT('Ctrl Pts',(-53.8434918424707,59.3338294603598,139.953455460433));
#3340=CARTESIAN_POINT('Ctrl Pts',(-51.8705574444476,59.423080710456,138.236966208334));
#3341=CARTESIAN_POINT('Ctrl Pts',(-49.3638623739166,59.5780177839956,135.602013238944));
#3342=CARTESIAN_POINT('Ctrl Pts',(-47.1121775254446,59.7737107612998,131.763086930174));
#3343=CARTESIAN_POINT('Ctrl Pts',(-46.1619125593003,59.8723327117912,129.501009794771));
#3344=CARTESIAN_POINT('Ctrl Pts',(-45.461553026587,59.947705347881,127.685115219109));
#3345=CARTESIAN_POINT('Ctrl Pts',(-44.5973308989253,60.0619860260511,124.330424889145));
#3346=CARTESIAN_POINT('Ctrl Pts',(-44.4988936487094,60.0744756053883,121.210891761187));
#3347=CARTESIAN_POINT('Ctrl Pts',(-44.4971359056446,59.9746029438227,116.544988268148));
#3348=CARTESIAN_POINT('Ctrl Pts',(-44.6391148229549,59.6461671557354,108.716620763056));
#3349=CARTESIAN_POINT('Ctrl Pts',(-45.648649856032,59.0270441233706,97.0288322692617));
#3350=CARTESIAN_POINT('Ctrl Pts',(-46.9284080418912,58.5267545816278,88.324257113278));
#3351=CARTESIAN_POINT('Ctrl Pts',(-48.3863229138319,58.1016255651285,81.367766687242));
#3352=CARTESIAN_POINT('Ctrl Pts',(-51.8562140726928,57.4646905774964,71.9903096355438));
#3353=CARTESIAN_POINT('Ctrl Pts',(-56.2851080297169,57.1042299156017,68.1935385340549));
#3354=CARTESIAN_POINT('Ctrl Pts',(-64.9186314056717,56.8432055797247,68.1945908089426));
#3355=CARTESIAN_POINT('Ctrl Pts',(-70.4556224712036,56.8338212723065,70.7462500799011));
#3356=CARTESIAN_POINT('Ctrl Pts',(-77.4469814019073,57.0189606475651,77.0731422712771));
#3357=CARTESIAN_POINT('Ctrl Pts',(-68.6175962784323,51.6348440430674,159.217387405714));
#3358=CARTESIAN_POINT('Ctrl Pts',(-68.6175962784323,51.6745131063486,158.79698070735));
#3359=CARTESIAN_POINT('Ctrl Pts',(-68.5417887571952,51.7614960031133,157.879453648417));
#3360=CARTESIAN_POINT('Ctrl Pts',(-67.9825940950299,51.9621355452966,155.828478037908));
#3361=CARTESIAN_POINT('Ctrl Pts',(-66.4199633803292,52.2549425126671,153.054662320043));
#3362=CARTESIAN_POINT('Ctrl Pts',(-63.680354824461,52.6491282159326,150.071510703163));
#3363=CARTESIAN_POINT('Ctrl Pts',(-60.9946334532204,53.0610265548207,147.820982083284));
#3364=CARTESIAN_POINT('Ctrl Pts',(-58.8508725580642,53.4656232955906,146.060238287785));
#3365=CARTESIAN_POINT('Ctrl Pts',(-57.104916334252,53.8387372638585,144.136961494678));
#3366=CARTESIAN_POINT('Ctrl Pts',(-55.3544070519832,54.1550316579741,141.730777999086));
#3367=CARTESIAN_POINT('Ctrl Pts',(-53.8810717334789,54.3114924009819,139.986613881256));
#3368=CARTESIAN_POINT('Ctrl Pts',(-51.8192246347636,54.4532100302257,138.192470387704));
#3369=CARTESIAN_POINT('Ctrl Pts',(-49.2616026509873,54.7057277361113,135.453538188651));
#3370=CARTESIAN_POINT('Ctrl Pts',(-47.0234443391614,55.0302885630989,131.531598643041));
#3371=CARTESIAN_POINT('Ctrl Pts',(-46.0900974231868,55.1950119209814,129.249426394694));
#3372=CARTESIAN_POINT('Ctrl Pts',(-45.4045642930943,55.3211454629822,127.423000012918));
#3373=CARTESIAN_POINT('Ctrl Pts',(-44.5746731516708,55.5140293384357,124.087816284509));
#3374=CARTESIAN_POINT('Ctrl Pts',(-44.4985332763505,55.5395639650931,121.091798042493));
#3375=CARTESIAN_POINT('Ctrl Pts',(-44.4967883041562,55.3809935071919,116.70442760392));
#3376=CARTESIAN_POINT('Ctrl Pts',(-44.7929197197692,54.9704214255215,109.468485947236));
#3377=CARTESIAN_POINT('Ctrl Pts',(-46.0556649565406,54.2248501156077,98.7363033251355));
#3378=CARTESIAN_POINT('Ctrl Pts',(-47.484070679685,53.6205129002115,90.755733060291));
#3379=CARTESIAN_POINT('Ctrl Pts',(-49.0245829531655,53.1038434554669,84.3838706968779));
#3380=CARTESIAN_POINT('Ctrl Pts',(-52.4725034518097,52.3141262734775,75.8025440824163));
#3381=CARTESIAN_POINT('Ctrl Pts',(-56.6372731194202,51.8368081968368,72.3340131315144));
#3382=CARTESIAN_POINT('Ctrl Pts',(-64.5491227783801,51.4222546050926,72.33504150907));
#3383=CARTESIAN_POINT('Ctrl Pts',(-69.5228783352938,51.3375820248553,74.6458738368363));
#3384=CARTESIAN_POINT('Ctrl Pts',(-75.6810221818116,51.4555906443,80.3761850397622));
#3385=CARTESIAN_POINT('Ctrl Pts',(-71.4055504007247,49.3297015744849,159.217387405714));
#3386=CARTESIAN_POINT('Ctrl Pts',(-71.4055504007247,49.3763515335821,158.77404652328));
#3387=CARTESIAN_POINT('Ctrl Pts',(-71.3095257150454,49.4715287431682,157.817725966804));
#3388=CARTESIAN_POINT('Ctrl Pts',(-70.6385907652178,49.6680224152432,155.714306975115));
#3389=CARTESIAN_POINT('Ctrl Pts',(-68.8210411212001,49.9228621559831,152.916163287856));
#3390=CARTESIAN_POINT('Ctrl Pts',(-65.6492560577472,50.2356007907789,149.95084405111));
#3391=CARTESIAN_POINT('Ctrl Pts',(-62.4637460813321,50.5477372798967,147.746236448577));
#3392=CARTESIAN_POINT('Ctrl Pts',(-59.8111766810244,50.8517014348943,146.04056507567));
#3393=CARTESIAN_POINT('Ctrl Pts',(-57.6053434260284,51.1395781283753,144.162577266089));
#3394=CARTESIAN_POINT('Ctrl Pts',(-55.5027292389147,51.4039323135473,141.772960461216));
#3395=CARTESIAN_POINT('Ctrl Pts',(-53.9054497095957,51.5593835537691,140.008065448463));
#3396=CARTESIAN_POINT('Ctrl Pts',(-51.7860926463402,51.7261523107158,138.163671747042));
#3397=CARTESIAN_POINT('Ctrl Pts',(-49.1955464195129,52.029157120618,135.357455584272));
#3398=CARTESIAN_POINT('Ctrl Pts',(-46.9661622927909,52.4234723066486,131.38179462374));
#3399=CARTESIAN_POINT('Ctrl Pts',(-46.0437766348592,52.6246248741179,129.086616692124));
#3400=CARTESIAN_POINT('Ctrl Pts',(-45.3678468586071,52.7788493033982,127.253372996253));
#3401=CARTESIAN_POINT('Ctrl Pts',(-44.5601879869989,53.0161253171929,123.930806951252));
#3402=CARTESIAN_POINT('Ctrl Pts',(-44.4984885226951,53.0512459561938,121.014682695269));
#3403=CARTESIAN_POINT('Ctrl Pts',(-44.4967585712948,52.8646069117391,116.807502620279));
#3404=CARTESIAN_POINT('Ctrl Pts',(-44.8926252411742,52.4767897664723,109.966781149961));
#3405=CARTESIAN_POINT('Ctrl Pts',(-46.319158036237,51.8043915792343,99.8785906312209));
#3406=CARTESIAN_POINT('Ctrl Pts',(-47.84370857871,51.2570553602868,92.3869843867897));
#3407=CARTESIAN_POINT('Ctrl Pts',(-49.4376332592463,50.7855831005696,86.4104843736883));
#3408=CARTESIAN_POINT('Ctrl Pts',(-52.8712811768088,50.0476664969442,78.3682525741096));
#3409=CARTESIAN_POINT('Ctrl Pts',(-56.8651280803924,49.5678381449358,75.1223123732484));
#3410=CARTESIAN_POINT('Ctrl Pts',(-64.3100009226217,49.0802825464073,75.1233135013668));
#3411=CARTESIAN_POINT('Ctrl Pts',(-68.9193150951516,48.9207973344099,77.2708010688923));
#3412=CARTESIAN_POINT('Ctrl Pts',(-74.5383539890048,48.9080392489993,82.5960489955934));
#3413=CARTESIAN_POINT('Ctrl Pts',(-71.9046750916334,48.9344257301145,159.217387405714));
#3414=CARTESIAN_POINT('Ctrl Pts',(-71.9046750916334,48.9822858208295,158.7699515502));
#3415=CARTESIAN_POINT('Ctrl Pts',(-71.8052145206206,49.0787743662529,157.806704302876));
#3416=CARTESIAN_POINT('Ctrl Pts',(-71.115267916814,49.2740630949335,155.693921388452));
#3417=CARTESIAN_POINT('Ctrl Pts',(-69.2543468078199,49.5211565559263,152.891433945769));
#3418=CARTESIAN_POINT('Ctrl Pts',(-66.0089755043195,49.8179784782388,149.929298768291));
#3419=CARTESIAN_POINT('Ctrl Pts',(-62.7383250483046,50.1107262766554,147.732890668138));
#3420=CARTESIAN_POINT('Ctrl Pts',(-59.9990274986075,50.3950059118553,146.037053109163));
#3421=CARTESIAN_POINT('Ctrl Pts',(-57.714659773558,50.6663336426049,144.167152007456));
#3422=CARTESIAN_POINT('Ctrl Pts',(-55.5517450134321,50.920348412905,141.780493867138));
#3423=CARTESIAN_POINT('Ctrl Pts',(-53.9330401122297,51.0751957091253,140.011898794386));
#3424=CARTESIAN_POINT('Ctrl Pts',(-51.803430815835,51.2462504179908,138.158534076249));
#3425=CARTESIAN_POINT('Ctrl Pts',(-49.2040892334809,51.5580647869959,135.340305088369));
#3426=CARTESIAN_POINT('Ctrl Pts',(-46.9700495818026,51.9646861735354,131.355055746089));
#3427=CARTESIAN_POINT('Ctrl Pts',(-46.0459588453922,52.1722818779299,129.057557396116));
#3428=CARTESIAN_POINT('Ctrl Pts',(-45.3688317611295,52.3314883260033,127.223098117395));
#3429=CARTESIAN_POINT('Ctrl Pts',(-44.559989879296,52.5766470979021,123.90278817016));
#3430=CARTESIAN_POINT('Ctrl Pts',(-44.4982852288087,52.6135511497246,121.000949722765));
#3431=CARTESIAN_POINT('Ctrl Pts',(-44.4965259371664,52.4220942967934,116.825972220894));
#3432=CARTESIAN_POINT('Ctrl Pts',(-44.9101828137775,52.0394479784041,110.055991785174));
#3433=CARTESIAN_POINT('Ctrl Pts',(-46.3661076400058,51.382074917189,100.083024698406));
#3434=CARTESIAN_POINT('Ctrl Pts',(-47.9079033975862,50.8465545187735,92.6789387108883));
#3435=CARTESIAN_POINT('Ctrl Pts',(-49.5114276972149,50.3845336378422,86.7732112609514));
#3436=CARTESIAN_POINT('Ctrl Pts',(-52.9426705427846,49.6577718310483,78.8274538843373));
#3437=CARTESIAN_POINT('Ctrl Pts',(-56.9059856927543,49.1785582124999,75.6213957166114));
#3438=CARTESIAN_POINT('Ctrl Pts',(-64.2674649557607,48.6783688736518,75.6224001093889));
#3439=CARTESIAN_POINT('Ctrl Pts',(-68.8116783113511,48.5052050203515,77.7406443724744));
#3440=CARTESIAN_POINT('Ctrl Pts',(-74.3343053392181,48.4681144897918,82.9934178755786));
#3441=CARTESIAN_POINT('Ctrl Pts',(-72.420143515392,48.5607144385535,159.217387405714));
#3442=CARTESIAN_POINT('Ctrl Pts',(-72.420143515392,48.6097464440185,158.765744948561));
#3443=CARTESIAN_POINT('Ctrl Pts',(-72.3174645034243,48.7073717882798,157.795382179071));
#3444=CARTESIAN_POINT('Ctrl Pts',(-71.6098532323073,48.90063547225,155.672980072494));
#3445=CARTESIAN_POINT('Ctrl Pts',(-69.7085369252085,49.1383432455724,152.86603040342));
#3446=CARTESIAN_POINT('Ctrl Pts',(-66.3947745652118,49.4164099991811,149.907166060422));
#3447=CARTESIAN_POINT('Ctrl Pts',(-63.0448376473245,49.6866101970326,147.719180866043));
#3448=CARTESIAN_POINT('Ctrl Pts',(-60.2244257948976,49.9482215268669,146.033444856412));
#3449=CARTESIAN_POINT('Ctrl Pts',(-57.8666164458871,50.2001598899648,144.171850749209));
#3450=CARTESIAN_POINT('Ctrl Pts',(-55.6468288891149,50.4418472171623,141.788231465069));
#3451=CARTESIAN_POINT('Ctrl Pts',(-54.0073623040735,50.5956087976621,140.015834361097));
#3452=CARTESIAN_POINT('Ctrl Pts',(-51.8671394476647,50.7709076381737,138.153253106955));
#3453=CARTESIAN_POINT('Ctrl Pts',(-49.2530334702871,51.0908632288849,135.322683131375));
#3454=CARTESIAN_POINT('Ctrl Pts',(-47.0021681522816,51.5084416787123,131.327581273954));
#3455=CARTESIAN_POINT('Ctrl Pts',(-46.0692456143067,51.721702254354,129.027697937664));
#3456=CARTESIAN_POINT('Ctrl Pts',(-45.3852855594409,51.8852543846602,127.191988712437));
#3457=CARTESIAN_POINT('Ctrl Pts',(-44.5652826311926,52.137227733822,123.873994036354));
#3458=CARTESIAN_POINT('Ctrl Pts',(-44.4986711901923,52.1754344038658,120.98681578832));
#3459=CARTESIAN_POINT('Ctrl Pts',(-44.496965062327,51.9792725445094,116.844897402118));
#3460=CARTESIAN_POINT('Ctrl Pts',(-44.9289352403002,51.6041247368262,110.147865181295));
#3461=CARTESIAN_POINT('Ctrl Pts',(-46.4146422685218,50.9669853297772,100.293958729923));
#3462=CARTESIAN_POINT('Ctrl Pts',(-47.9739306050372,50.4473671964909,92.9803174834731));
#3463=CARTESIAN_POINT('Ctrl Pts',(-49.5871376122949,49.998207430265,87.1477401131003));
#3464=CARTESIAN_POINT('Ctrl Pts',(-53.0155102263061,49.2875661750795,79.3017394129398));
#3465=CARTESIAN_POINT('Ctrl Pts',(-56.9474902227625,48.8110559153677,76.1368972869287));
#3466=CARTESIAN_POINT('Ctrl Pts',(-64.2233385032127,48.2986015277317,76.1378990625686));
#3467=CARTESIAN_POINT('Ctrl Pts',(-68.7007576126342,48.11055920245,78.2259045810428));
#3468=CARTESIAN_POINT('Ctrl Pts',(-74.1247671600487,48.0455939297164,83.4036931526993));
#3469=CARTESIAN_POINT('Ctrl Pts',(-74.5496620078565,47.0843580304848,159.217387405714));
#3470=CARTESIAN_POINT('Ctrl Pts',(-74.5496620078565,47.1380792963763,158.748408388069));
#3471=CARTESIAN_POINT('Ctrl Pts',(-74.4345050308721,47.2399298809062,157.748720626238));
#3472=CARTESIAN_POINT('Ctrl Pts',(-73.6575378199415,47.4236272976466,155.586675214155));
#3473=CARTESIAN_POINT('Ctrl Pts',(-71.5980307655823,47.6202858873562,152.761335650338));
#3474=CARTESIAN_POINT('Ctrl Pts',(-68.0151117005955,47.8178799803107,149.815951374283));
#3475=CARTESIAN_POINT('Ctrl Pts',(-64.3532422634511,47.9915306798107,147.662679599451));
#3476=CARTESIAN_POINT('Ctrl Pts',(-61.214486084311,48.1556760831307,146.018575758912));
#3477=CARTESIAN_POINT('Ctrl Pts',(-58.5665187942532,48.3246421986339,144.191217483763));
#3478=CARTESIAN_POINT('Ctrl Pts',(-56.1218238340925,48.5128994863408,141.820123420001));
#3479=CARTESIAN_POINT('Ctrl Pts',(-54.3999113505218,48.6608193685243,140.03206012677));
#3480=CARTESIAN_POINT('Ctrl Pts',(-52.2164086770563,48.8527701771934,138.131497646343));
#3481=CARTESIAN_POINT('Ctrl Pts',(-49.5302736377253,49.2034645166931,135.250068967145));
#3482=CARTESIAN_POINT('Ctrl Pts',(-47.1855676724288,49.6614047479909,131.214369712441));
#3483=CARTESIAN_POINT('Ctrl Pts',(-46.2018146888834,49.8953323557675,128.904660779576));
#3484=CARTESIAN_POINT('Ctrl Pts',(-45.478145409496,50.0747762475135,127.063803532046));
#3485=CARTESIAN_POINT('Ctrl Pts',(-44.5917901198582,50.351241184768,123.755357080083));
#3486=CARTESIAN_POINT('Ctrl Pts',(-44.4945807834979,50.3932746310419,120.928638605573));
#3487=CARTESIAN_POINT('Ctrl Pts',(-44.4926788680829,50.178343173333,116.923024066317));
#3488=CARTESIAN_POINT('Ctrl Pts',(-45.0002249946203,49.8385936012094,110.527249105268));
#3489=CARTESIAN_POINT('Ctrl Pts',(-46.6113986051565,49.2930224529994,101.165077874415));
#3490=CARTESIAN_POINT('Ctrl Pts',(-48.244413579004,48.8457935471564,94.2250771004934));
#3491=CARTESIAN_POINT('Ctrl Pts',(-49.8988508962034,48.4554256163876,88.6947171064062));
#3492=CARTESIAN_POINT('Ctrl Pts',(-53.318021120371,47.819141890584,81.2608174743109));
#3493=CARTESIAN_POINT('Ctrl Pts',(-57.1209529872119,47.3582280156372,78.2663458896275));
#3494=CARTESIAN_POINT('Ctrl Pts',(-64.0437073796914,46.7967942787376,78.2673531835215));
#3495=CARTESIAN_POINT('Ctrl Pts',(-68.2452534665405,46.545986253257,80.2304110255262));
#3496=CARTESIAN_POINT('Ctrl Pts',(-73.2602044105837,46.3619600457079,85.0984381384729));
#3497=CARTESIAN_POINT('Ctrl Pts',(-78.6811587901877,45.0654865392859,159.217387405715));
#3498=CARTESIAN_POINT('Ctrl Pts',(-78.6811587901877,45.1264149796797,158.715333632678));
#3499=CARTESIAN_POINT('Ctrl Pts',(-78.5505052014641,45.2314642957922,157.659699516368));
#3500=CARTESIAN_POINT('Ctrl Pts',(-77.6881235495735,45.3821874552938,155.422022434456));
#3501=CARTESIAN_POINT('Ctrl Pts',(-75.4327879014229,45.4743100739691,152.561598422461));
#3502=CARTESIAN_POINT('Ctrl Pts',(-71.516074672091,45.4783844609286,149.641931419067));
#3503=CARTESIAN_POINT('Ctrl Pts',(-67.4640467715601,45.4239003098114,147.554885777272));
#3504=CARTESIAN_POINT('Ctrl Pts',(-63.9213630374674,45.3587294632082,145.990207188316));
#3505=CARTESIAN_POINT('Ctrl Pts',(-60.8997909178581,45.3303402704459,144.228163807571));
#3506=CARTESIAN_POINT('Ctrl Pts',(-58.1538170758708,45.3867670680215,141.880964358461));
#3507=CARTESIAN_POINT('Ctrl Pts',(-56.3078850735715,45.5127976649573,140.063010533274));
#3508=CARTESIAN_POINT('Ctrl Pts',(-54.0411803826227,45.7306313543338,138.089985122021));
#3509=CARTESIAN_POINT('Ctrl Pts',(-51.235993318849,46.1029471935482,135.111526439489));
#3510=CARTESIAN_POINT('Ctrl Pts',(-48.7522921769985,46.5681450356433,130.998369058314));
#3511=CARTESIAN_POINT('Ctrl Pts',(-47.6951444347684,46.801560364939,128.66991183104));
#3512=CARTESIAN_POINT('Ctrl Pts',(-46.9145610763527,46.9797197025663,126.819230379651));
#3513=CARTESIAN_POINT('Ctrl Pts',(-45.9348580863969,47.248407898121,123.528994777647));
#3514=CARTESIAN_POINT('Ctrl Pts',(-45.7961339478937,47.2737802783487,120.81758752063));
#3515=CARTESIAN_POINT('Ctrl Pts',(-45.7943963643746,47.0300335050237,117.07196559183));
#3516=CARTESIAN_POINT('Ctrl Pts',(-46.303593300258,46.8136256222882,111.258407744049));
#3517=CARTESIAN_POINT('Ctrl Pts',(-47.8454138960954,46.5570779323388,102.850618285302));
#3518=CARTESIAN_POINT('Ctrl Pts',(-49.3728302696177,46.3395310764499,96.6364066363112));
#3519=CARTESIAN_POINT('Ctrl Pts',(-50.900764697749,46.138179714833,91.6934136446111));
#3520=CARTESIAN_POINT('Ctrl Pts',(-54.0141321707615,45.7546181741547,85.0608921027233));
#3521=CARTESIAN_POINT('Ctrl Pts',(-57.4486970985794,45.3765663077285,82.397881135486));
#3522=CARTESIAN_POINT('Ctrl Pts',(-63.698062212185,44.7397774660485,82.398885392433));
#3523=CARTESIAN_POINT('Ctrl Pts',(-67.4636018777371,44.3490942644274,84.118814324622));
#3524=CARTESIAN_POINT('Ctrl Pts',(-71.9276103319098,43.8719836365769,88.3837999455103));
#3525=CARTESIAN_POINT('Ctrl Pts',(-85.4998505494167,44.0240819470949,159.217387405715));
#3526=CARTESIAN_POINT('Ctrl Pts',(-85.4998505494167,44.0918021113057,158.66173090211));
#3527=CARTESIAN_POINT('Ctrl Pts',(-85.3598532993873,44.201728939969,157.515427123004));
#3528=CARTESIAN_POINT('Ctrl Pts',(-84.4451094392745,44.331715120193,155.15517729487));
#3529=CARTESIAN_POINT('Ctrl Pts',(-82.0683587002967,44.34877070215,152.237893614573));
#3530=CARTESIAN_POINT('Ctrl Pts',(-77.9389450286936,44.2099915953994,149.359905437287));
#3531=CARTESIAN_POINT('Ctrl Pts',(-73.6300037917906,43.9856338468074,147.380189583004));
#3532=CARTESIAN_POINT('Ctrl Pts',(-69.8089513443501,43.749334878548,145.944232268601));
#3533=CARTESIAN_POINT('Ctrl Pts',(-66.510013939563,43.5744701712173,144.288041927445));
#3534=CARTESIAN_POINT('Ctrl Pts',(-63.5105536788145,43.5347729757358,141.979567976803));
#3535=CARTESIAN_POINT('Ctrl Pts',(-61.5266769094619,43.6474375497867,140.113173382854));
#3536=CARTESIAN_POINT('Ctrl Pts',(-59.125472936051,43.8894655521102,138.022711900872));
#3537=CARTESIAN_POINT('Ctrl Pts',(-56.1859904217034,44.2692578008753,134.887002068019));
#3538=CARTESIAN_POINT('Ctrl Pts',(-53.601096978884,44.714104659816,130.648315448981));
#3539=CARTESIAN_POINT('Ctrl Pts',(-52.4979706511955,44.9310814605703,128.289475430275));
#3540=CARTESIAN_POINT('Ctrl Pts',(-51.6830015282323,45.0954273267563,126.422873937026));
#3541=CARTESIAN_POINT('Ctrl Pts',(-50.6545827754858,45.3343696410643,123.162154840077));
#3542=CARTESIAN_POINT('Ctrl Pts',(-50.4994515014226,45.3328323430609,120.637646670282));
#3543=CARTESIAN_POINT('Ctrl Pts',(-50.4976726571705,45.0619021143735,117.313410409246));
#3544=CARTESIAN_POINT('Ctrl Pts',(-50.7254487695016,44.9466908838801,112.456901120566));
#3545=CARTESIAN_POINT('Ctrl Pts',(-51.5479310023113,44.9299260130952,105.624583377487));
#3546=CARTESIAN_POINT('Ctrl Pts',(-52.4182584747455,44.9028947581181,100.609647777441));
#3547=CARTESIAN_POINT('Ctrl Pts',(-53.336190462005,44.8580791342235,96.637760141151));
#3548=CARTESIAN_POINT('Ctrl Pts',(-55.3875389248299,44.6822391178021,91.3308243680481));
#3549=CARTESIAN_POINT('Ctrl Pts',(-57.9816074281732,44.3695244425239,89.2165370998936));
#3550=CARTESIAN_POINT('Ctrl Pts',(-63.1395070857851,43.6617751492435,89.2175441830759));
#3551=CARTESIAN_POINT('Ctrl Pts',(-66.3766511555233,43.1487716950092,90.5350027251056));
#3552=CARTESIAN_POINT('Ctrl Pts',(-70.3968647920377,42.4197783582888,93.801398438827));
#3553=CARTESIAN_POINT('Ctrl Pts',(-92.3185421224185,45.0654247845834,159.217387405716));
#3554=CARTESIAN_POINT('Ctrl Pts',(-92.3185421224185,45.1349568546241,158.608128171542));
#3555=CARTESIAN_POINT('Ctrl Pts',(-92.1692012174216,45.2542420657116,157.371154726075));
#3556=CARTESIAN_POINT('Ctrl Pts',(-91.2021008400343,45.4229732778308,154.888332148357));
#3557=CARTESIAN_POINT('Ctrl Pts',(-88.703944944256,45.520653226866,151.914188779003));
#3558=CARTESIAN_POINT('Ctrl Pts',(-84.3618554424343,45.51280390306,149.077879420319));
#3559=CARTESIAN_POINT('Ctrl Pts',(-79.7960267560679,45.4363363431025,147.205493314443));
#3560=CARTESIAN_POINT('Ctrl Pts',(-75.6966237833544,45.3476550602757,145.898257160459));
#3561=CARTESIAN_POINT('Ctrl Pts',(-72.1203464418868,45.3027602532259,144.34791980541));
#3562=CARTESIAN_POINT('Ctrl Pts',(-68.8674134310942,45.3582190341363,142.078171195315));
#3563=CARTESIAN_POINT('Ctrl Pts',(-66.7455886861118,45.4996500064576,140.163335453296));
#3564=CARTESIAN_POINT('Ctrl Pts',(-64.2098798712463,45.7482329678686,137.955437568411));
#3565=CARTESIAN_POINT('Ctrl Pts',(-61.136105219408,46.1455152973463,134.662476347587));
#3566=CARTESIAN_POINT('Ctrl Pts',(-58.4500345048447,46.6177514615444,130.298259547487));
#3567=CARTESIAN_POINT('Ctrl Pts',(-57.3009391743462,46.8496273061312,127.909036287637));
#3568=CARTESIAN_POINT('Ctrl Pts',(-56.4515935714277,47.0255627985077,126.026514332468));
#3569=CARTESIAN_POINT('Ctrl Pts',(-55.3744733516735,47.2836780583066,122.795310943711));
#3570=CARTESIAN_POINT('Ctrl Pts',(-55.2029467636629,47.2884854883207,120.457696712523));
#3571=CARTESIAN_POINT('Ctrl Pts',(-55.2011349874201,47.0103234714415,117.554838828387));
#3572=CARTESIAN_POINT('Ctrl Pts',(-55.1474813102624,46.7958545823789,113.655371011262));
#3573=CARTESIAN_POINT('Ctrl Pts',(-55.2505550718852,46.5726802214259,108.398543628842));
#3574=CARTESIAN_POINT('Ctrl Pts',(-55.4637487072725,46.3801036784432,104.582892732578));
#3575=CARTESIAN_POINT('Ctrl Pts',(-55.7716415819886,46.196728886551,101.58211744307));
#3576=CARTESIAN_POINT('Ctrl Pts',(-56.7609039088105,45.8239636284259,97.6007857175508));
#3577=CARTESIAN_POINT('Ctrl Pts',(-58.5144683709319,45.4203862276011,96.0352187671559));
#3578=CARTESIAN_POINT('Ctrl Pts',(-62.5809063599793,44.6936806373782,96.0362266324611));
#3579=CARTESIAN_POINT('Ctrl Pts',(-65.2896712128875,44.2274053485635,96.9512113668889));
#3580=CARTESIAN_POINT('Ctrl Pts',(-68.8661544506091,43.631384203213,99.2189967910496));
#3581=CARTESIAN_POINT('Ctrl Pts',(-96.449975396296,47.0842692962897,159.217387405716));
#3582=CARTESIAN_POINT('Ctrl Pts',(-96.449975396296,47.1510489048586,158.57505341615));
#3583=CARTESIAN_POINT('Ctrl Pts',(-96.2851391139994,47.2745107018137,157.28213361898));
#3584=CARTESIAN_POINT('Ctrl Pts',(-95.2326183263092,47.4855394514538,154.723679374048));
#3585=CARTESIAN_POINT('Ctrl Pts',(-92.5386269728818,47.6906440478721,151.714451572671));
#3586=CARTESIAN_POINT('Ctrl Pts',(-87.8627139706224,47.8701249392038,148.903859492491));
#3587=CARTESIAN_POINT('Ctrl Pts',(-82.9066980040267,48.0104007732369,147.097699550089));
#3588=CARTESIAN_POINT('Ctrl Pts',(-78.403355299732,48.1388854826404,145.869888736522));
#3589=CARTESIAN_POINT('Ctrl Pts',(-74.4534414306048,48.2827789634925,144.384866317505));
#3590=CARTESIAN_POINT('Ctrl Pts',(-70.8992154701312,48.4695676848713,142.139012444978));
#3591=CARTESIAN_POINT('Ctrl Pts',(-68.6533783034578,48.6408795122148,140.194286466234));
#3592=CARTESIAN_POINT('Ctrl Pts',(-66.034476103793,48.8795144561069,137.913925909066));
#3593=CARTESIAN_POINT('Ctrl Pts',(-62.8416459067198,49.2681026672023,134.523934869882));
#3594=CARTESIAN_POINT('Ctrl Pts',(-60.0165594368718,49.7367050173094,130.08226067744));
#3595=CARTESIAN_POINT('Ctrl Pts',(-58.7940564751534,49.968283215041,127.674289473209));
#3596=CARTESIAN_POINT('Ctrl Pts',(-57.8877844265082,50.1443387937044,125.781943641131));
#3597=CARTESIAN_POINT('Ctrl Pts',(-56.7172972242948,50.4047366928971,122.568951722564));
#3598=CARTESIAN_POINT('Ctrl Pts',(-56.5042405659642,50.4155419066444,120.34665271624));
#3599=CARTESIAN_POINT('Ctrl Pts',(-56.5025831992009,50.1483661665286,117.70379311733));
#3600=CARTESIAN_POINT('Ctrl Pts',(-56.450596200105,49.8115530032421,114.386540967902));
#3601=CARTESIAN_POINT('Ctrl Pts',(-56.4844117486516,49.3166848045673,110.084065926683));
#3602=CARTESIAN_POINT('Ctrl Pts',(-56.5920692936941,48.9073806174908,106.994185483932));
#3603=CARTESIAN_POINT('Ctrl Pts',(-56.7735104428601,48.5443171788564,104.580761809304));
#3604=CARTESIAN_POINT('Ctrl Pts',(-57.4570605214189,47.9244684891519,101.400780022693));
#3605=CARTESIAN_POINT('Ctrl Pts',(-58.8422715396968,47.4248060404765,100.166670354057));
#3606=CARTESIAN_POINT('Ctrl Pts',(-62.2353157214039,46.7268943188893,100.167676773429));
#3607=CARTESIAN_POINT('Ctrl Pts',(-64.5080513515633,46.3613456746182,100.839539635027));
#3608=CARTESIAN_POINT('Ctrl Pts',(-67.5335069462666,45.9967872735491,102.504310481244));
#3609=CARTESIAN_POINT('Ctrl Pts',(-98.8410500530593,48.7419003287318,159.217387405716));
#3610=CARTESIAN_POINT('Ctrl Pts',(-98.8410500530593,48.8054459427128,158.555587473702));
#3611=CARTESIAN_POINT('Ctrl Pts',(-98.6622030162913,48.9275181461179,157.229740802889));
#3612=CARTESIAN_POINT('Ctrl Pts',(-97.5318186553835,49.1535425178643,154.62677401349));
#3613=CARTESIAN_POINT('Ctrl Pts',(-94.6602254303536,49.4060369662636,151.596897517015));
#3614=CARTESIAN_POINT('Ctrl Pts',(-89.6821447149614,49.6730898337897,148.801441192707));
#3615=CARTESIAN_POINT('Ctrl Pts',(-84.3759334341012,49.9166048150602,147.034258305349));
#3616=CARTESIAN_POINT('Ctrl Pts',(-79.5151797930194,50.1489485468338,145.853192949423));
#3617=CARTESIAN_POINT('Ctrl Pts',(-75.2395191194192,50.3821463733955,144.406611309024));
#3618=CARTESIAN_POINT('Ctrl Pts',(-71.4327877792907,50.628701921322,142.174820765208));
#3619=CARTESIAN_POINT('Ctrl Pts',(-69.0943712378259,50.8101810199458,140.212503622556));
#3620=CARTESIAN_POINT('Ctrl Pts',(-66.4268619621379,51.0373557105527,137.889496089867));
#3621=CARTESIAN_POINT('Ctrl Pts',(-63.1531617975611,51.3973239814476,134.442399096479));
#3622=CARTESIAN_POINT('Ctrl Pts',(-60.2227381011588,51.8223028249565,129.955139202626));
#3623=CARTESIAN_POINT('Ctrl Pts',(-58.9431802145998,52.0303337506327,127.536134663681));
#3624=CARTESIAN_POINT('Ctrl Pts',(-57.9923399430491,52.1880427279024,125.63800765856));
#3625=CARTESIAN_POINT('Ctrl Pts',(-56.7473787266027,52.4184778902164,122.435735143021));
#3626=CARTESIAN_POINT('Ctrl Pts',(-56.4999895905451,52.4201552124417,120.281311660919));
#3627=CARTESIAN_POINT('Ctrl Pts',(-56.4981293726277,52.1659435090018,117.791483010498));
#3628=CARTESIAN_POINT('Ctrl Pts',(-56.5309849466141,51.7898466605509,114.812475785407));
#3629=CARTESIAN_POINT('Ctrl Pts',(-56.7055397912202,51.1999538084402,111.062170219325));
#3630=CARTESIAN_POINT('Ctrl Pts',(-56.8958918587519,50.715216347649,108.391839609717));
#3631=CARTESIAN_POINT('Ctrl Pts',(-57.1235559818189,50.2903458101986,106.317766850405));
#3632=CARTESIAN_POINT('Ctrl Pts',(-57.7966412833089,49.5894692776258,103.600538564041));
#3633=CARTESIAN_POINT('Ctrl Pts',(-59.0369399582307,49.0662755697124,102.557718263225));
#3634=CARTESIAN_POINT('Ctrl Pts',(-62.033528788559,48.4021385521455,102.558726794495));
#3635=CARTESIAN_POINT('Ctrl Pts',(-63.9965389492724,48.0892354169779,103.09028858477));
#3636=CARTESIAN_POINT('Ctrl Pts',(-66.5628202970321,47.8303797935996,104.407211135352));
#3637=CARTESIAN_POINT('Ctrl Pts',(-99.3488238262327,49.1267492101904,159.217387405716));
#3638=CARTESIAN_POINT('Ctrl Pts',(-99.3488238262327,49.1894970800572,158.551433034337));
#3639=CARTESIAN_POINT('Ctrl Pts',(-99.1666276922835,49.3110171320879,157.218559093));
#3640=CARTESIAN_POINT('Ctrl Pts',(-98.0179194719793,49.5395547295152,154.606092407782));
#3641=CARTESIAN_POINT('Ctrl Pts',(-95.1044048397312,49.8010610196064,151.571809124482));
#3642=CARTESIAN_POINT('Ctrl Pts',(-90.0554587789669,50.0851698134728,148.779583114872));
#3643=CARTESIAN_POINT('Ctrl Pts',(-84.6671269052037,50.3489633062367,147.020718890999));
#3644=CARTESIAN_POINT('Ctrl Pts',(-79.7223731449331,50.6017718464163,145.849630415445));
#3645=CARTESIAN_POINT('Ctrl Pts',(-75.3708738778697,50.8524357571313,144.411253039053));
#3646=CARTESIAN_POINT('Ctrl Pts',(-71.5055795095832,51.1104756214995,142.182464487356));
#3647=CARTESIAN_POINT('Ctrl Pts',(-69.1459927725934,51.2935515828448,140.216394423943));
#3648=CARTESIAN_POINT('Ctrl Pts',(-66.4679810958431,51.517861202909,137.88428636192));
#3649=CARTESIAN_POINT('Ctrl Pts',(-63.1824550616637,51.870247807078,134.425002641372));
#3650=CARTESIAN_POINT('Ctrl Pts',(-60.2413048839816,52.2833828329964,129.928017290494));
#3651=CARTESIAN_POINT('Ctrl Pts',(-58.956488718892,52.4849808954587,127.506659668878));
#3652=CARTESIAN_POINT('Ctrl Pts',(-58.0016512207173,52.6376847993481,125.607300392713));
#3653=CARTESIAN_POINT('Ctrl Pts',(-56.750540469362,52.8598541138715,122.407318566645));
#3654=CARTESIAN_POINT('Ctrl Pts',(-56.5007265962929,52.8588096554737,120.267400166821));
#3655=CARTESIAN_POINT('Ctrl Pts',(-56.498911004246,52.6077573793675,117.810258463878));
#3656=CARTESIAN_POINT('Ctrl Pts',(-56.5498054368583,52.2254187961175,114.903189005202));
#3657=CARTESIAN_POINT('Ctrl Pts',(-56.7537063203653,51.6195119481556,111.270065558388));
#3658=CARTESIAN_POINT('Ctrl Pts',(-56.9612743763469,51.1221214103945,108.688768878138));
#3659=CARTESIAN_POINT('Ctrl Pts',(-57.1984512300854,50.6869715596021,106.686699201639));
#3660=CARTESIAN_POINT('Ctrl Pts',(-57.8686403555849,49.9730351806092,104.067610714725));
#3661=CARTESIAN_POINT('Ctrl Pts',(-59.0779550892781,49.4470438043757,103.065390661431));
#3662=CARTESIAN_POINT('Ctrl Pts',(-61.989972761325,48.7912442632089,103.066407196917));
#3663=CARTESIAN_POINT('Ctrl Pts',(-63.8870385122513,48.4891380086377,103.568212560323));
#3664=CARTESIAN_POINT('Ctrl Pts',(-66.3559683369303,48.250879681344,104.81141190568));
#3665=CARTESIAN_POINT('Ctrl Pts',(-102.381793480774,51.6346774953516,159.217387405716));
#3666=CARTESIAN_POINT('Ctrl Pts',(-102.381793480774,51.6919133112787,158.526481096869));
#3667=CARTESIAN_POINT('Ctrl Pts',(-102.177641007445,51.8079489021159,157.151400541847));
#3668=CARTESIAN_POINT('Ctrl Pts',(-100.907337205932,52.0453665326138,154.481876443548));
#3669=CARTESIAN_POINT('Ctrl Pts',(-97.7165462416602,52.349497385494,151.421124476275));
#3670=CARTESIAN_POINT('Ctrl Pts',(-92.1971828684544,52.7194184173017,148.648299621209));
#3671=CARTESIAN_POINT('Ctrl Pts',(-86.264924486747,53.0864953268323,146.939395921077));
#3672=CARTESIAN_POINT('Ctrl Pts',(-80.7667319809183,53.4430471933124,145.828223303177));
#3673=CARTESIAN_POINT('Ctrl Pts',(-75.914619379154,53.7825636737142,144.439118577714));
#3674=CARTESIAN_POINT('Ctrl Pts',(-71.6661791011367,54.0969109405198,142.228351702781));
#3675=CARTESIAN_POINT('Ctrl Pts',(-69.1718426492997,54.2847932536505,140.239720701816));
#3676=CARTESIAN_POINT('Ctrl Pts',(-66.4313489428895,54.4892725458446,137.852936037539));
#3677=CARTESIAN_POINT('Ctrl Pts',(-63.110061164736,54.7927306151619,134.32044485497));
#3678=CARTESIAN_POINT('Ctrl Pts',(-60.1784320615014,55.1316349620761,129.764996414603));
#3679=CARTESIAN_POINT('Ctrl Pts',(-58.9055297941945,55.2931954884363,127.32948159387));
#3680=CARTESIAN_POINT('Ctrl Pts',(-57.9611227187022,55.4147736292396,125.422698421043));
#3681=CARTESIAN_POINT('Ctrl Pts',(-56.7341748267253,55.5860457655902,122.236431495775));
#3682=CARTESIAN_POINT('Ctrl Pts',(-56.5000580023105,55.569610675628,120.183352894292));
#3683=CARTESIAN_POINT('Ctrl Pts',(-56.4982588232952,55.3408170939158,117.922136810629));
#3684=CARTESIAN_POINT('Ctrl Pts',(-56.6577280096389,54.9342461927998,115.44491533454));
#3685=CARTESIAN_POINT('Ctrl Pts',(-57.0399922842284,54.2567085323948,112.512681716403));
#3686=CARTESIAN_POINT('Ctrl Pts',(-57.3522880019519,53.7033040469225,110.463458278275));
#3687=CARTESIAN_POINT('Ctrl Pts',(-57.6476787501307,53.2232969643525,108.89160649459));
#3688=CARTESIAN_POINT('Ctrl Pts',(-58.3024957276566,52.4555184512888,106.859279902165));
#3689=CARTESIAN_POINT('Ctrl Pts',(-59.3258990121995,51.9260986231888,106.099154531175));
#3690=CARTESIAN_POINT('Ctrl Pts',(-61.7298520668054,51.3279656303147,106.100108358176));
#3691=CARTESIAN_POINT('Ctrl Pts',(-63.2303681221815,51.088971071565,106.424160887911));
#3692=CARTESIAN_POINT('Ctrl Pts',(-65.1126290794404,50.964305269594,107.226375953078));
#3693=CARTESIAN_POINT('Ctrl Pts',(-106.52316141676,56.9774242498666,159.217387405717));
#3694=CARTESIAN_POINT('Ctrl Pts',(-106.52316141676,57.0203830403405,158.491038366887));
#3695=CARTESIAN_POINT('Ctrl Pts',(-106.28893042155,57.1101826828842,157.056006131382));
#3696=CARTESIAN_POINT('Ctrl Pts',(-104.853170401589,57.3029702865316,154.305435666959));
#3697=CARTESIAN_POINT('Ctrl Pts',(-101.284427144475,57.5645590240918,151.207088162624));
#3698=CARTESIAN_POINT('Ctrl Pts',(-95.1251959348217,57.8977640892165,148.461822076701));
#3699=CARTESIAN_POINT('Ctrl Pts',(-88.4523052484439,58.2368731836737,146.823887393148));
#3700=CARTESIAN_POINT('Ctrl Pts',(-82.1985213626584,58.5684568649747,145.797830675657));
#3701=CARTESIAN_POINT('Ctrl Pts',(-76.663931075397,58.8787649406268,144.478719020978));
#3702=CARTESIAN_POINT('Ctrl Pts',(-71.8910481707955,59.1544919176568,142.293563336644));
#3703=CARTESIAN_POINT('Ctrl Pts',(-69.2100351804886,59.3062425692556,140.272915853723));
#3704=CARTESIAN_POINT('Ctrl Pts',(-66.3803733061468,59.4598060949563,137.808492607678));
#3705=CARTESIAN_POINT('Ctrl Pts',(-63.0079389340376,59.6669647570197,134.17203339907));
#3706=CARTESIAN_POINT('Ctrl Pts',(-60.089810986705,59.8773628940343,129.533616187311));
#3707=CARTESIAN_POINT('Ctrl Pts',(-58.8338024464258,59.9727683337151,127.07802745436));
#3708=CARTESIAN_POINT('Ctrl Pts',(-57.9042268089892,60.0434899976101,125.160732278494));
#3709=CARTESIAN_POINT('Ctrl Pts',(-56.7116017465956,60.135667704846,121.994009521463));
#3710=CARTESIAN_POINT('Ctrl Pts',(-56.499784581501,60.1051227561621,120.064688528081));
#3711=CARTESIAN_POINT('Ctrl Pts',(-56.4980017543956,59.9332461386672,118.082349213452));
#3712=CARTESIAN_POINT('Ctrl Pts',(-56.8116263917181,59.6088567160603,116.198017568004));
#3713=CARTESIAN_POINT('Ctrl Pts',(-57.4470164410664,59.0598177052066,114.220789092617));
#3714=CARTESIAN_POINT('Ctrl Pts',(-57.9079187344411,58.6119191994139,112.895385133316));
#3715=CARTESIAN_POINT('Ctrl Pts',(-58.2858757851436,58.2245280794888,111.908017320304));
#3716=CARTESIAN_POINT('Ctrl Pts',(-58.9186390379011,57.6104766780704,110.67121914925));
#3717=CARTESIAN_POINT('Ctrl Pts',(-59.6779363782275,57.1966887356484,110.23960463744));
#3718=CARTESIAN_POINT('Ctrl Pts',(-61.3602251683384,56.7477129360043,110.240630933101));
#3719=CARTESIAN_POINT('Ctrl Pts',(-62.2975187574287,56.58026075516,110.323935990734));
#3720=CARTESIAN_POINT('Ctrl Pts',(-63.3466592065705,56.5165581731713,110.530324866805));
#3721=CARTESIAN_POINT('Ctrl Pts',(-108.000000111763,63.5726800021653,159.217387405717));
#3722=CARTESIAN_POINT('Ctrl Pts',(-108.000000111763,63.5893311760957,158.476512067577));
#3723=CARTESIAN_POINT('Ctrl Pts',(-107.75531168079,63.6231133065564,157.016908259738));
#3724=CARTESIAN_POINT('Ctrl Pts',(-106.261153849602,63.6923092425697,154.233120520922));
#3725=CARTESIAN_POINT('Ctrl Pts',(-102.5593566607,63.7810791763683,151.119363143427));
#3726=CARTESIAN_POINT('Ctrl Pts',(-96.1733713889624,63.8891725701657,148.385391645552));
#3727=CARTESIAN_POINT('Ctrl Pts',(-89.2377959856143,63.9965099562984,146.776541470331));
#3728=CARTESIAN_POINT('Ctrl Pts',(-82.7162809281483,64.1007983487634,145.785362917671));
#3729=CARTESIAN_POINT('Ctrl Pts',(-76.9372606114916,64.2000437489548,144.494934918325));
#3730=CARTESIAN_POINT('Ctrl Pts',(-71.9751191685564,64.2918375035833,142.320266615729));
#3731=CARTESIAN_POINT('Ctrl Pts',(-69.2248530104496,64.3465925493194,140.286474429964));
#3732=CARTESIAN_POINT('Ctrl Pts',(-66.3589523944426,64.4060833587595,137.790210955384));
#3733=CARTESIAN_POINT('Ctrl Pts',(-62.9658219308309,64.4818690493995,134.11112597077));
#3734=CARTESIAN_POINT('Ctrl Pts',(-60.0532597669417,64.5539011774932,129.438647433956));
#3735=CARTESIAN_POINT('Ctrl Pts',(-58.8042071764768,64.5852779074301,126.974804487071));
#3736=CARTESIAN_POINT('Ctrl Pts',(-57.8807083597434,64.6082451990032,125.05317584292));
#3737=CARTESIAN_POINT('Ctrl Pts',(-56.7021646498512,64.6360991979564,121.894415710428));
#3738=CARTESIAN_POINT('Ctrl Pts',(-56.4994920103394,64.620376694572,120.015509522312));
#3739=CARTESIAN_POINT('Ctrl Pts',(-56.4977223321345,64.5538102698896,118.147033041503));
#3740=CARTESIAN_POINT('Ctrl Pts',(-56.8745465335224,64.4461401423448,116.481158176586));
#3741=CARTESIAN_POINT('Ctrl Pts',(-57.6137611760713,64.2717905658182,114.844775096852));
#3742=CARTESIAN_POINT('Ctrl Pts',(-58.1356179066296,64.128997278295,113.775203619777));
#3743=CARTESIAN_POINT('Ctrl Pts',(-58.5474521509204,64.0045226995404,112.993352532802));
#3744=CARTESIAN_POINT('Ctrl Pts',(-59.171254347749,63.8024032720389,112.035461241956));
#3745=CARTESIAN_POINT('Ctrl Pts',(-59.8223049055426,63.6574798189643,111.717613815795));
#3746=CARTESIAN_POINT('Ctrl Pts',(-61.2088115057092,63.4834681134076,111.718547694139));
#3747=CARTESIAN_POINT('Ctrl Pts',(-61.9152515232653,63.4072628028693,111.71814008944));
#3748=CARTESIAN_POINT('Ctrl Pts',(-62.6228545883666,63.3541316875776,111.717387405717));
#3749=CARTESIAN_POINT('Ctrl Pts',(-108.000000111763,66.8719363508286,159.217387405717));
#3750=CARTESIAN_POINT('Ctrl Pts',(-108.000000111763,66.8719363508286,158.476512067577));
#3751=CARTESIAN_POINT('Ctrl Pts',(-107.75522254417,66.8719363508286,157.01690839118));
#3752=CARTESIAN_POINT('Ctrl Pts',(-106.261099143274,66.8719363508286,154.233120776251));
#3753=CARTESIAN_POINT('Ctrl Pts',(-102.559107408943,66.8719363508286,151.11936416403));
#3754=CARTESIAN_POINT('Ctrl Pts',(-96.1735245141703,66.8719363508286,148.385392942924));
#3755=CARTESIAN_POINT('Ctrl Pts',(-89.238230557941,66.8719363508286,146.776544209487));
#3756=CARTESIAN_POINT('Ctrl Pts',(-82.7163447887256,66.8719363508286,145.785369864882));
#3757=CARTESIAN_POINT('Ctrl Pts',(-76.9378549953569,66.8719363508286,144.494943837428));
#3758=CARTESIAN_POINT('Ctrl Pts',(-71.975803441614,66.8719363508286,142.320281357284));
#3759=CARTESIAN_POINT('Ctrl Pts',(-69.2253192080039,66.8719363508286,140.286503156533));
#3760=CARTESIAN_POINT('Ctrl Pts',(-66.3592363413809,66.8719363508286,137.790251929048));
#3761=CARTESIAN_POINT('Ctrl Pts',(-62.9659439310553,66.8719363508286,134.111175706541));
#3762=CARTESIAN_POINT('Ctrl Pts',(-60.0533557833317,66.8719363508286,129.438731945172));
#3763=CARTESIAN_POINT('Ctrl Pts',(-58.804279491283,66.8719363508286,126.974905578908));
#3764=CARTESIAN_POINT('Ctrl Pts',(-57.8807772310858,66.8719363508286,125.053292422305));
#3765=CARTESIAN_POINT('Ctrl Pts',(-56.7022183980093,66.8719363508285,121.894561669888));
#3766=CARTESIAN_POINT('Ctrl Pts',(-56.4995364247015,66.8719363508286,120.015845309418));
#3767=CARTESIAN_POINT('Ctrl Pts',(-56.497757385648,66.8719363508286,118.147637640193));
#3768=CARTESIAN_POINT('Ctrl Pts',(-56.8745705464501,66.8719363508286,116.482023339727));
#3769=CARTESIAN_POINT('Ctrl Pts',(-57.6137708399624,66.8719363508285,114.84495121638));
#3770=CARTESIAN_POINT('Ctrl Pts',(-58.1356186696399,66.8719363508286,113.775059351022));
#3771=CARTESIAN_POINT('Ctrl Pts',(-58.547446491346,66.8719363508285,112.992949421741));
#3772=CARTESIAN_POINT('Ctrl Pts',(-59.1712347569179,66.8719363508286,112.034382695927));
#3773=CARTESIAN_POINT('Ctrl Pts',(-59.8222866426154,66.8719363508285,111.716659294283));
#3774=CARTESIAN_POINT('Ctrl Pts',(-61.2087944071476,66.8719363508286,111.717668538344));
#3775=CARTESIAN_POINT('Ctrl Pts',(-61.9152364667516,66.8719363508286,111.717387405717));
#3776=CARTESIAN_POINT('Ctrl Pts',(-62.6228545883666,66.8719363508286,111.717387405717));
#3777=CARTESIAN_POINT('',(-56.6074687104463,66.8719363508285,117.892500589935));
#3778=CARTESIAN_POINT('Ctrl Pts',(-56.5611409488521,66.8719363508286,118.216827314048));
#3779=CARTESIAN_POINT('Ctrl Pts',(-56.5749209530051,66.8719363508286,118.107071022609));
#3780=CARTESIAN_POINT('Ctrl Pts',(-56.5908160691126,66.8719363508286,117.998582713005));
#3781=CARTESIAN_POINT('Ctrl Pts',(-56.6086559054422,66.8719363508286,117.891305958446));
#3782=CARTESIAN_POINT('',(-56.5226259846953,56.3605193142171,118.133420636004));
#3783=CARTESIAN_POINT('Ctrl Pts',(-56.5226259846953,56.3605193142171,118.133420636004));
#3784=CARTESIAN_POINT('Ctrl Pts',(-56.5460165163013,59.8719526368334,118.054235845651));
#3785=CARTESIAN_POINT('Ctrl Pts',(-56.6071099678425,63.3821102519127,117.892405578094));
#3786=CARTESIAN_POINT('Ctrl Pts',(-56.6071098523003,66.8719350059708,117.892405923802));
#3787=CARTESIAN_POINT('Ctrl Pts',(-56.6071098523003,66.8719356783981,117.892405923802));
#3788=CARTESIAN_POINT('Ctrl Pts',(-56.6071098523003,66.8719363508253,117.892405923802));
#3789=CARTESIAN_POINT('',(-56.7402538735119,54.3719363508286,114.635601896014));
#3790=CARTESIAN_POINT('Ctrl Pts',(-56.5226259846953,56.3605193142171,118.133420636004));
#3791=CARTESIAN_POINT('Ctrl Pts',(-56.5227013759717,56.3584879127515,118.131350296324));
#3792=CARTESIAN_POINT('Ctrl Pts',(-56.5227768899144,56.3564564564014,118.129279979936));
#3793=CARTESIAN_POINT('Ctrl Pts',(-56.5353802753507,56.0179425277078,117.784301285268));
#3794=CARTESIAN_POINT('Ctrl Pts',(-56.5516703028705,55.6570055467078,117.419824685744));
#3795=CARTESIAN_POINT('Ctrl Pts',(-56.588541055124,55.0615756041965,116.673006762379));
#3796=CARTESIAN_POINT('Ctrl Pts',(-56.6098556863397,54.7812277163162,116.255410575731));
#3797=CARTESIAN_POINT('Ctrl Pts',(-56.6711947672482,54.432026374712,115.352283784022));
#3798=CARTESIAN_POINT('Ctrl Pts',(-56.7035351563971,54.3719363508286,114.97079415911));
#3799=CARTESIAN_POINT('Ctrl Pts',(-56.7402538735119,54.3719363508286,114.635601896014));
#3800=CARTESIAN_POINT('',(-60.5000002235214,54.3719363508286,107.925674339587));
#3801=CARTESIAN_POINT('Ctrl Pts',(-56.7402538735119,54.3719363508287,114.635601896014));
#3802=CARTESIAN_POINT('Ctrl Pts',(-56.824261630921,54.3719363508287,113.868724604643));
#3803=CARTESIAN_POINT('Ctrl Pts',(-56.9298825236714,54.3719363508286,113.110794752012));
#3804=CARTESIAN_POINT('Ctrl Pts',(-57.2102769807944,54.3719363508286,111.507975800423));
#3805=CARTESIAN_POINT('Ctrl Pts',(-57.4508747536719,54.3719363508159,110.337692982434));
#3806=CARTESIAN_POINT('Ctrl Pts',(-57.9453032973171,54.3719363508159,109.093374678467));
#3807=CARTESIAN_POINT('Ctrl Pts',(-58.1033657707478,54.3719363508281,108.805739978835));
#3808=CARTESIAN_POINT('Ctrl Pts',(-58.4066774461169,54.3719363508281,108.411416283625));
#3809=CARTESIAN_POINT('Ctrl Pts',(-58.5601595132167,54.3719363508245,108.261665176694));
#3810=CARTESIAN_POINT('Ctrl Pts',(-58.9431679221948,54.3719363508245,108.01819626971));
#3811=CARTESIAN_POINT('Ctrl Pts',(-59.1604566223701,54.3719363508286,107.94138479403));
#3812=CARTESIAN_POINT('Ctrl Pts',(-59.6781130357016,54.3719363508286,107.851596008292));
#3813=CARTESIAN_POINT('Ctrl Pts',(-60.0360758109114,54.3719363508286,107.848902277546));
#3814=CARTESIAN_POINT('Ctrl Pts',(-60.5000002235214,54.3719363508286,107.925674339587));
#3815=CARTESIAN_POINT('',(-64.1740592360272,54.3719363508286,108.965805063849));
#3816=CARTESIAN_POINT('Ctrl Pts',(-64.1740592360269,54.3719363508286,108.965805063849));
#3817=CARTESIAN_POINT('Ctrl Pts',(-63.0093908999342,54.3719363508286,108.525306289889));
#3818=CARTESIAN_POINT('Ctrl Pts',(-61.731861177225,54.3719363508286,108.130102600446));
#3819=CARTESIAN_POINT('Ctrl Pts',(-60.5038502522003,54.3719363508286,107.926311915897));
#3820=CARTESIAN_POINT('Ctrl Pts',(-60.5019359534869,54.3719363508286,107.925994671902));
#3821=CARTESIAN_POINT('Ctrl Pts',(-60.5000002235214,54.3719363508286,107.925674339587));
#3822=CARTESIAN_POINT('',(-60.5000002235214,53.5556098202164,107.353689336654));
#3823=CARTESIAN_POINT('Ctrl Pts',(-60.5000002235214,53.5556098202164,107.353689336654));
#3824=CARTESIAN_POINT('Ctrl Pts',(-60.5000002235214,53.5619261850161,107.358327039339));
#3825=CARTESIAN_POINT('Ctrl Pts',(-60.5003422640539,53.5682021320954,107.362992186056));
#3826=CARTESIAN_POINT('Ctrl Pts',(-60.5018337857141,53.5818604506844,107.373269377454));
#3827=CARTESIAN_POINT('Ctrl Pts',(-60.5031199043131,53.5891888950366,107.378864578364));
#3828=CARTESIAN_POINT('Ctrl Pts',(-60.5090186040196,53.6137060017072,107.397849202879));
#3829=CARTESIAN_POINT('Ctrl Pts',(-60.5157076947764,53.6302167672038,107.411086622757));
#3830=CARTESIAN_POINT('Ctrl Pts',(-60.5449500887437,53.6833097610467,107.454963256614));
#3831=CARTESIAN_POINT('Ctrl Pts',(-60.5790642166207,53.7209359508675,107.488299141283));
#3832=CARTESIAN_POINT('Ctrl Pts',(-60.6962248459269,53.8098212955105,107.573891598009));
#3833=CARTESIAN_POINT('Ctrl Pts',(-60.7835620513584,53.855535710492,107.623079109059));
#3834=CARTESIAN_POINT('Ctrl Pts',(-61.0762366829616,53.980796586545,107.770573727902));
#3835=CARTESIAN_POINT('Ctrl Pts',(-61.3213599819438,54.04970755097,107.872531697148));
#3836=CARTESIAN_POINT('Ctrl Pts',(-62.1767419229788,54.250681225727,108.217789305138));
#3837=CARTESIAN_POINT('Ctrl Pts',(-63.1105194987253,54.3719363508286,108.563554967559));
#3838=CARTESIAN_POINT('Ctrl Pts',(-64.1740592360269,54.3719363508287,108.965805063849));
#3839=CARTESIAN_POINT('',(-60.5000002235214,66.8719363508235,66.7173874057173));
#3840=CARTESIAN_POINT('Origin',(-60.5000002235214,66.8719363508286,89.2173874057173));
#3841=CARTESIAN_POINT('',(-60.5000002235214,80.1882628814409,107.353689336654));
#3842=CARTESIAN_POINT('Origin',(-60.5000002235214,66.8719363508286,89.2173874057173));
#3843=CARTESIAN_POINT('',(-64.1740592360268,79.3719363508286,108.965805063849));
#3844=CARTESIAN_POINT('Ctrl Pts',(-64.1740592360267,79.3719363508287,108.965805063849));
#3845=CARTESIAN_POINT('Ctrl Pts',(-62.968845572916,79.3719363508287,108.509971308858));
#3846=CARTESIAN_POINT('Ctrl Pts',(-61.9260179777782,79.5276161522751,108.126611064229));
#3847=CARTESIAN_POINT('Ctrl Pts',(-61.1174342315391,79.7555541324908,107.784859589041));
#3848=CARTESIAN_POINT('Ctrl Pts',(-60.9241131906709,79.8197172801936,107.699448915297));
#3849=CARTESIAN_POINT('Ctrl Pts',(-60.7126322426452,79.9277191150803,107.581490071389));
#3850=CARTESIAN_POINT('Ctrl Pts',(-60.650582693736,79.9649162157758,107.543247833671));
#3851=CARTESIAN_POINT('Ctrl Pts',(-60.5575252329422,80.0452390120183,107.468288887688));
#3852=CARTESIAN_POINT('Ctrl Pts',(-60.529051419843,80.0827024530764,107.436042571715));
#3853=CARTESIAN_POINT('Ctrl Pts',(-60.5083327027344,80.1332925395839,107.395439367069));
#3854=CARTESIAN_POINT('Ctrl Pts',(-60.5044016259721,80.1469049173482,107.384789821879));
#3855=CARTESIAN_POINT('Ctrl Pts',(-60.5007261432051,80.1699574631753,107.367251027528));
#3856=CARTESIAN_POINT('Ctrl Pts',(-60.5000002235214,80.1790611250448,107.360445597842));
#3857=CARTESIAN_POINT('Ctrl Pts',(-60.5000002235214,80.1882628814409,107.353689336654));
#3858=CARTESIAN_POINT('',(-60.5000002235214,79.3719363508286,107.925674339587));
#3859=CARTESIAN_POINT('Ctrl Pts',(-60.5000002235214,79.3719363508287,107.925674339587));
#3860=CARTESIAN_POINT('Ctrl Pts',(-60.7320492563799,79.3719363508287,107.964074739012));
#3861=CARTESIAN_POINT('Ctrl Pts',(-61.0366091079536,79.3719363508208,108.020735528716));
#3862=CARTESIAN_POINT('Ctrl Pts',(-62.2479839200572,79.3719363508208,108.302895139446));
#3863=CARTESIAN_POINT('Ctrl Pts',(-63.1659131558887,79.3719363508286,108.584505857447));
#3864=CARTESIAN_POINT('Ctrl Pts',(-64.1740592360268,79.3719363508286,108.965805063849));
#3865=CARTESIAN_POINT('',(-56.7402538735118,79.3719363508286,114.635601896014));
#3866=CARTESIAN_POINT('Ctrl Pts',(-60.5000002235214,79.3719363508286,107.925674339587));
#3867=CARTESIAN_POINT('Ctrl Pts',(-60.0041817948822,79.3719363508286,107.843624328572));
#3868=CARTESIAN_POINT('Ctrl Pts',(-59.6249531326254,79.3719363508282,107.851633762952));
#3869=CARTESIAN_POINT('Ctrl Pts',(-59.1069002838592,79.3719363508282,107.959292784191));
#3870=CARTESIAN_POINT('Ctrl Pts',(-58.9049043493272,79.3719363508968,108.038101977457));
#3871=CARTESIAN_POINT('Ctrl Pts',(-58.5208552447254,79.3719363508968,108.292027809268));
#3872=CARTESIAN_POINT('Ctrl Pts',(-58.3510894045002,79.3719363508287,108.466799737239));
#3873=CARTESIAN_POINT('Ctrl Pts',(-57.9873834220002,79.3719363508287,108.993193364203));
#3874=CARTESIAN_POINT('Ctrl Pts',(-57.7876724942994,79.3719363508286,109.421516883577));
#3875=CARTESIAN_POINT('Ctrl Pts',(-57.2587939500587,79.3719363508286,111.123043536598));
#3876=CARTESIAN_POINT('Ctrl Pts',(-56.9461255175295,79.3719363508286,112.756272015019));
#3877=CARTESIAN_POINT('Ctrl Pts',(-56.7402538735118,79.3719363508286,114.635601896014));
#3878=CARTESIAN_POINT('',(-56.5226259846953,77.3833533874402,118.133420636004));
#3879=CARTESIAN_POINT('Ctrl Pts',(-56.7402538735119,79.3719363508286,114.635601896014));
#3880=CARTESIAN_POINT('Ctrl Pts',(-56.7035351563972,79.3719363508286,114.970794159109));
#3881=CARTESIAN_POINT('Ctrl Pts',(-56.6711947672483,79.3118463269457,115.352283784021));
#3882=CARTESIAN_POINT('Ctrl Pts',(-56.6098556863398,78.962644985342,116.255410575729));
#3883=CARTESIAN_POINT('Ctrl Pts',(-56.5885410551241,78.6822970974623,116.673006762377));
#3884=CARTESIAN_POINT('Ctrl Pts',(-56.5516703030635,78.0868671580655,117.419824681835));
#3885=CARTESIAN_POINT('Ctrl Pts',(-56.5353802756507,77.7259301818137,117.784301277083));
#3886=CARTESIAN_POINT('Ctrl Pts',(-56.5227768901135,77.3874162506089,118.129279974485));
#3887=CARTESIAN_POINT('Ctrl Pts',(-56.5227013757729,77.385384783548,118.131350301784));
#3888=CARTESIAN_POINT('Ctrl Pts',(-56.5226259846953,77.3833533874402,118.133420636004));
#3889=CARTESIAN_POINT('Ctrl Pts',(-56.6071098523003,66.8719363508253,117.892405923802));
#3890=CARTESIAN_POINT('Ctrl Pts',(-56.6071097132135,70.3618198340001,117.892406331877));
#3891=CARTESIAN_POINT('Ctrl Pts',(-56.546016558208,73.871913773706,118.054235703783));
#3892=CARTESIAN_POINT('Ctrl Pts',(-56.5226259846953,77.3833533874402,118.133420636004));
#3893=CARTESIAN_POINT('',(-76.4999677769964,66.871936350829,144.155049034177));
#3894=CARTESIAN_POINT('Ctrl Pts',(-76.5000001117627,66.8719363508286,144.154939274147));
#3895=CARTESIAN_POINT('Ctrl Pts',(-76.2373591555137,66.8719363508286,144.064232599352));
#3896=CARTESIAN_POINT('Ctrl Pts',(-75.9777380215932,66.8719363508287,143.970312801733));
#3897=CARTESIAN_POINT('Ctrl Pts',(-75.7211515777285,66.8719363508287,143.873078538676));
#3898=CARTESIAN_POINT('Ctrl Pts',(-75.4641989223495,66.8719363508286,143.775705498581));
#3899=CARTESIAN_POINT('Ctrl Pts',(-75.2102895331225,66.8719363508287,143.675008521462));
#3900=CARTESIAN_POINT('Ctrl Pts',(-74.9594378291367,66.8719363508287,143.570938199238));
#3901=CARTESIAN_POINT('Ctrl Pts',(-74.7074830841036,66.8719363508287,143.466410260681));
#3902=CARTESIAN_POINT('Ctrl Pts',(-74.4586128990295,66.8719363508287,143.358479264818));
#3903=CARTESIAN_POINT('Ctrl Pts',(-74.2128426287013,66.8719363508287,143.247147862862));
#3904=CARTESIAN_POINT('Ctrl Pts',(-73.9652836703597,66.8719363508287,143.135006203653));
#3905=CARTESIAN_POINT('Ctrl Pts',(-73.7208698540991,66.8719363508287,143.019414506774));
#3906=CARTESIAN_POINT('Ctrl Pts',(-73.4796186354278,66.8719363508287,142.900428406859));
#3907=CARTESIAN_POINT('Ctrl Pts',(-73.2363213572594,66.8719363508287,142.780433181929));
#3908=CARTESIAN_POINT('Ctrl Pts',(-72.9962404923972,66.8719363508287,142.656985785702));
#3909=CARTESIAN_POINT('Ctrl Pts',(-72.7593965808141,66.8719363508287,142.530196158034));
#3910=CARTESIAN_POINT('Ctrl Pts',(-72.51787928975,66.8719363508287,142.400904730591));
#3911=CARTESIAN_POINT('Ctrl Pts',(-72.2797279093223,66.8719363508287,142.268137884685));
#3912=CARTESIAN_POINT('Ctrl Pts',(-72.0449677494414,66.8719363508287,142.132066650922));
#3913=CARTESIAN_POINT('Ctrl Pts',(-71.8061320483122,66.8719363508287,141.993633159755));
#3914=CARTESIAN_POINT('Ctrl Pts',(-71.570806314489,66.8719363508286,141.851779661559));
#3915=CARTESIAN_POINT('Ctrl Pts',(-71.3390213340415,66.8719363508286,141.70674113165));
#3916=CARTESIAN_POINT('Ctrl Pts',(-71.1020577447573,66.8719363508286,141.558462107853));
#3917=CARTESIAN_POINT('Ctrl Pts',(-70.8687948948389,66.8719363508287,141.406854292905));
#3918=CARTESIAN_POINT('Ctrl Pts',(-70.6392701317954,66.8719363508287,141.252223718301));
#3919=CARTESIAN_POINT('Ctrl Pts',(-70.397062139804,66.8719363508287,141.089048466625));
#3920=CARTESIAN_POINT('Ctrl Pts',(-70.1590167947943,66.8719363508286,140.922507162591));
#3921=CARTESIAN_POINT('Ctrl Pts',(-69.9251827950106,66.8719363508286,140.753019260084));
#3922=CARTESIAN_POINT('Ctrl Pts',(-69.6812587112868,66.8719363508286,140.576217848144));
#3923=CARTESIAN_POINT('Ctrl Pts',(-69.4419173950621,66.8719363508286,140.396210470147));
#3924=CARTESIAN_POINT('Ctrl Pts',(-69.2072179113031,66.8719363508286,140.213533118211));
#3925=CARTESIAN_POINT('Ctrl Pts',(-68.9503062670543,66.8719363508286,140.01356702497));
#3926=CARTESIAN_POINT('Ctrl Pts',(-68.6989568724077,66.8719363508287,139.810401940773));
#3927=CARTESIAN_POINT('Ctrl Pts',(-68.453248787617,66.8719363508287,139.604806355865));
#3928=CARTESIAN_POINT('Ctrl Pts',(-68.2999641240489,66.8719363508287,139.476545822271));
#3929=CARTESIAN_POINT('Ctrl Pts',(-68.1488750053432,66.8719363508286,139.347340656403));
#3930=CARTESIAN_POINT('Ctrl Pts',(-68.0000002235214,66.8719363508286,139.217387405717));
#3931=CARTESIAN_POINT('Ctrl Pts',(-67.8184042172214,66.8719363508286,139.058871698481));
#3932=CARTESIAN_POINT('Ctrl Pts',(-67.6362320307004,66.8719363508286,138.895861277751));
#3933=CARTESIAN_POINT('Ctrl Pts',(-67.4537410508864,66.8719363508286,138.728425037803));
#3934=CARTESIAN_POINT('Ctrl Pts',(-67.2727252687971,66.8719363508286,138.562342297959));
#3935=CARTESIAN_POINT('Ctrl Pts',(-67.0913958123042,66.8719363508286,138.391904848458));
#3936=CARTESIAN_POINT('Ctrl Pts',(-66.910011371417,66.8719363508286,138.217230294294));
#3937=CARTESIAN_POINT('Ctrl Pts',(-66.7281831929675,66.8719363508286,138.042128417585));
#3938=CARTESIAN_POINT('Ctrl Pts',(-66.5462998107547,66.8719363508287,137.862768652846));
#3939=CARTESIAN_POINT('Ctrl Pts',(-66.3646290547818,66.8719363508287,137.67932158089));
#3940=CARTESIAN_POINT('Ctrl Pts',(-66.1814357409864,66.8719363508287,137.49433706405));
#3941=CARTESIAN_POINT('Ctrl Pts',(-65.9984587052647,66.8719363508286,137.305196450176));
#3942=CARTESIAN_POINT('Ctrl Pts',(-65.8159790007024,66.8719363508286,137.112127794231));
#3943=CARTESIAN_POINT('Ctrl Pts',(-65.6307988951943,66.8719363508286,136.916202038191));
#3944=CARTESIAN_POINT('Ctrl Pts',(-65.4461310514684,66.8719363508286,136.716231168524));
#3945=CARTESIAN_POINT('Ctrl Pts',(-65.2622744633208,66.8719363508286,136.512507714425));
#3946=CARTESIAN_POINT('Ctrl Pts',(-65.0743256771294,66.8719363508286,136.30424987443));
#3947=CARTESIAN_POINT('Ctrl Pts',(-64.8872248049862,66.8719363508286,136.092070637027));
#3948=CARTESIAN_POINT('Ctrl Pts',(-64.7012948600522,66.8719363508286,135.87633778842));
#3949=CARTESIAN_POINT('Ctrl Pts',(-64.5098455251384,66.8719363508286,135.654200841089));
#3950=CARTESIAN_POINT('Ctrl Pts',(-64.3196378723315,66.8719363508286,135.428296336529));
#3951=CARTESIAN_POINT('Ctrl Pts',(-64.1310256534008,66.8719363508286,135.199081890397));
#3952=CARTESIAN_POINT('Ctrl Pts',(-63.9356421674311,66.8719363508286,134.961638538243));
#3953=CARTESIAN_POINT('Ctrl Pts',(-63.7419710128317,66.8719363508286,134.720643532594));
#3954=CARTESIAN_POINT('Ctrl Pts',(-63.5504027846609,66.8719363508286,134.476662063953));
#3955=CARTESIAN_POINT('Ctrl Pts',(-63.3497989522839,66.8719363508286,134.221172841623));
#3956=CARTESIAN_POINT('Ctrl Pts',(-63.151501532182,66.8719363508286,133.962409136815));
#3957=CARTESIAN_POINT('Ctrl Pts',(-62.9559505570367,66.8719363508286,133.701076693492));
#3958=CARTESIAN_POINT('Ctrl Pts',(-62.7488079655637,66.8719363508286,133.42425332554));
#3959=CARTESIAN_POINT('Ctrl Pts',(-62.544747751053,66.8719363508286,133.144548284133));
#3960=CARTESIAN_POINT('Ctrl Pts',(-62.3442748021751,66.8719363508286,132.862855241708));
#3961=CARTESIAN_POINT('Ctrl Pts',(-62.1285440438996,66.8719363508286,132.559722804222));
#3962=CARTESIAN_POINT('Ctrl Pts',(-61.91696853381,66.8719363508286,132.254289405301));
#3963=CARTESIAN_POINT('Ctrl Pts',(-61.7101422558629,66.8719363508286,131.94771651502));
#3964=CARTESIAN_POINT('Ctrl Pts',(-61.508753206463,66.8719363508286,131.649203078728));
#3965=CARTESIAN_POINT('Ctrl Pts',(-61.3118674475984,66.8719363508286,131.349611344663));
#3966=CARTESIAN_POINT('Ctrl Pts',(-61.119989566008,66.8719363508286,131.050031690825));
#3967=CARTESIAN_POINT('Ctrl Pts',(-60.941221245332,66.8719363508286,130.77092004345));
#3968=CARTESIAN_POINT('Ctrl Pts',(-60.7667998465188,66.8719363508286,130.491820299943));
#3969=CARTESIAN_POINT('Ctrl Pts',(-60.5970925076482,66.8719363508286,130.213605736193));
#3970=CARTESIAN_POINT('Ctrl Pts',(-60.4376469528378,66.8719363508286,129.95221412067));
#3971=CARTESIAN_POINT('Ctrl Pts',(-60.2823625170206,66.8719363508286,129.6916046793));
#3972=CARTESIAN_POINT('Ctrl Pts',(-60.1315070274246,66.8719363508286,129.432478807409));
#3973=CARTESIAN_POINT('Ctrl Pts',(-59.9875519652117,66.8719363508286,129.185205863555));
#3974=CARTESIAN_POINT('Ctrl Pts',(-59.8476298837587,66.8719363508286,128.939284376488));
#3975=CARTESIAN_POINT('Ctrl Pts',(-59.7119399281283,66.8719363508286,128.695293213865));
#3976=CARTESIAN_POINT('Ctrl Pts',(-59.5806755920869,66.8719363508286,128.459259987877));
#3977=CARTESIAN_POINT('Ctrl Pts',(-59.4533718256716,66.8719363508286,128.2250335268));
#3978=CARTESIAN_POINT('Ctrl Pts',(-59.3301770724589,66.8719363508286,127.99310259217));
#3979=CARTESIAN_POINT('Ctrl Pts',(-59.2098553084667,66.8719363508286,127.766580451808));
#3980=CARTESIAN_POINT('Ctrl Pts',(-59.093453190084,66.8719363508286,127.542248192175));
#3981=CARTESIAN_POINT('Ctrl Pts',(-58.9810775104102,66.8719363508286,127.320523634387));
#3982=CARTESIAN_POINT('Ctrl Pts',(-58.8705752306241,66.8719363508286,127.102495416971));
#3983=CARTESIAN_POINT('Ctrl Pts',(-58.7639662930082,66.8719363508286,126.886988805958));
#3984=CARTESIAN_POINT('Ctrl Pts',(-58.6613207765495,66.8719363508286,126.674362121651));
#3985=CARTESIAN_POINT('Ctrl Pts',(-58.5598223870485,66.8719363508286,126.464111671688));
#3986=CARTESIAN_POINT('Ctrl Pts',(-58.4621993444632,66.8719363508286,126.256677226239));
#3987=CARTESIAN_POINT('Ctrl Pts',(-58.3684879676383,66.8719363508286,126.052365203284));
#3988=CARTESIAN_POINT('Ctrl Pts',(-58.2753733560319,66.8719363508286,125.849354263646));
#3989=CARTESIAN_POINT('Ctrl Pts',(-58.1861207521413,66.8719363508286,125.649426162141));
#3990=CARTESIAN_POINT('Ctrl Pts',(-58.1007343792144,66.8719363508286,125.452840644003));
#3991=CARTESIAN_POINT('Ctrl Pts',(-58.0156047403813,66.8719363508286,125.256846206187));
#3992=CARTESIAN_POINT('Ctrl Pts',(-57.9343180773027,66.8719363508286,125.064174333822));
#3993=CARTESIAN_POINT('Ctrl Pts',(-57.8568474289144,66.8719363508286,124.875040959986));
#3994=CARTESIAN_POINT('Ctrl Pts',(-57.7793098469609,66.8719363508286,124.68574417754));
#3995=CARTESIAN_POINT('Ctrl Pts',(-57.7055947510999,66.8719363508286,124.499992122868));
#3996=CARTESIAN_POINT('Ctrl Pts',(-57.6356452453545,66.8719363508286,124.317958184768));
#3997=CARTESIAN_POINT('Ctrl Pts',(-57.5653050833953,66.8719363508286,124.13490761777));
#3998=CARTESIAN_POINT('Ctrl Pts',(-57.4987725710536,66.8719363508286,123.955616873421));
#3999=CARTESIAN_POINT('Ctrl Pts',(-57.435961473013,66.8719363508286,123.7802173369));
#4000=CARTESIAN_POINT('Ctrl Pts',(-57.3725106534542,66.8719363508286,123.603031382671));
#4001=CARTESIAN_POINT('Ctrl Pts',(-57.3128573234715,66.8719363508286,123.429816306354));
#4002=CARTESIAN_POINT('Ctrl Pts',(-57.2568854407644,66.8719363508286,123.260661287088));
#4003=CARTESIAN_POINT('Ctrl Pts',(-57.2000522651929,66.8719363508286,123.08890331784));
#4004=CARTESIAN_POINT('Ctrl Pts',(-57.1470145955482,66.8719363508286,122.921331262913));
#4005=CARTESIAN_POINT('Ctrl Pts',(-57.0976248067142,66.8719363508286,122.757991351127));
#4006=CARTESIAN_POINT('Ctrl Pts',(-57.046446889207,66.8719363508286,122.588737812524));
#4007=CARTESIAN_POINT('Ctrl Pts',(-56.9991857154381,66.8719363508286,122.424028393257));
#4008=CARTESIAN_POINT('Ctrl Pts',(-56.9556503731271,66.8719363508286,122.263864592292));
#4009=CARTESIAN_POINT('Ctrl Pts',(-56.9106854811854,66.8719363508286,122.098441567663));
#4010=CARTESIAN_POINT('Ctrl Pts',(-56.8696951436298,66.8719363508286,121.937867223645));
#4011=CARTESIAN_POINT('Ctrl Pts',(-56.8324417632979,66.8719363508286,121.782093354907));
#4012=CARTESIAN_POINT('Ctrl Pts',(-56.7928630026129,66.8719363508286,121.616595979453));
#4013=CARTESIAN_POINT('Ctrl Pts',(-56.7575024441711,66.8719363508286,121.456516619446));
#4014=CARTESIAN_POINT('Ctrl Pts',(-56.7260429112347,66.8719363508286,121.30174866065));
#4015=CARTESIAN_POINT('Ctrl Pts',(-56.7202908850603,66.8719363508286,121.273451058402));
#4016=CARTESIAN_POINT('Ctrl Pts',(-56.7146691854939,66.8719363508286,121.245330904456));
#4017=CARTESIAN_POINT('Ctrl Pts',(-56.7091757623192,66.8719363508286,121.217387405717));
#4018=CARTESIAN_POINT('',(-82.49993872391,66.8719363508248,145.670979418888));
#4019=CARTESIAN_POINT('Ctrl Pts',(-76.5000001117627,66.8719363508286,144.154939274147));
#4020=CARTESIAN_POINT('Ctrl Pts',(-76.5000001117627,67.1384676897863,144.154939274147));
#4021=CARTESIAN_POINT('Ctrl Pts',(-76.535497936853,67.4038634150771,144.167644730214));
#4022=CARTESIAN_POINT('Ctrl Pts',(-76.7080751530811,68.0366118340509,144.228255681823));
#4023=CARTESIAN_POINT('Ctrl Pts',(-76.8815222080462,68.3853490057633,144.288668943141));
#4024=CARTESIAN_POINT('Ctrl Pts',(-77.3598802918459,69.0131468996267,144.446587823333));
#4025=CARTESIAN_POINT('Ctrl Pts',(-77.6674754785808,69.2808736157535,144.544306299547));
#4026=CARTESIAN_POINT('Ctrl Pts',(-78.3741734285434,69.6829859839221,144.753028141826));
#4027=CARTESIAN_POINT('Ctrl Pts',(-78.7703431781866,69.8108813352748,144.862643820263));
#4028=CARTESIAN_POINT('Ctrl Pts',(-79.5683983072313,69.8964801895952,145.066827411608));
#4029=CARTESIAN_POINT('Ctrl Pts',(-79.9628335048154,69.8620925334023,145.160422918081));
#4030=CARTESIAN_POINT('Ctrl Pts',(-80.7055269370567,69.6451801188219,145.325684312464));
#4031=CARTESIAN_POINT('Ctrl Pts',(-81.0482973271725,69.469978230408,145.396683509215));
#4032=CARTESIAN_POINT('Ctrl Pts',(-81.6570568187782,68.9930462341413,145.51735956373));
#4033=CARTESIAN_POINT('Ctrl Pts',(-81.9153765497036,68.6941040916652,145.565527443353));
#4034=CARTESIAN_POINT('Ctrl Pts',(-82.3008940067311,68.0146538055308,145.635914349735));
#4035=CARTESIAN_POINT('Ctrl Pts',(-82.4255172411471,67.6421682211891,145.657743680596));
#4036=CARTESIAN_POINT('Ctrl Pts',(-82.4918058036824,67.1281123206396,145.669392524456));
#4037=CARTESIAN_POINT('Ctrl Pts',(-82.5000001117627,66.9999541039038,145.670826924664));
#4038=CARTESIAN_POINT('Ctrl Pts',(-82.5000001117627,66.8719363508286,145.670826924664));
#4039=CARTESIAN_POINT('',(-88.4993463642275,66.8719363508264,146.727928055038));
#4040=CARTESIAN_POINT('Ctrl Pts',(-88.4982767264343,66.8719363508286,146.726841879815));
#4041=CARTESIAN_POINT('Ctrl Pts',(-86.5413940701081,66.8719363508286,146.365687548679));
#4042=CARTESIAN_POINT('Ctrl Pts',(-84.6429186684803,66.8719363508286,146.069873230333));
#4043=CARTESIAN_POINT('Ctrl Pts',(-82.8402441180334,66.8719363508286,145.735494584407));
#4044=CARTESIAN_POINT('Ctrl Pts',(-82.7263384008774,66.8719363508286,145.714366178586));
#4045=CARTESIAN_POINT('Ctrl Pts',(-82.6128151787175,66.8719363508286,145.693083800621));
#4046=CARTESIAN_POINT('Ctrl Pts',(-82.499676539687,66.8719363508286,145.671630726963));
#4047=CARTESIAN_POINT('',(-94.5002652053494,66.8719363508279,148.090918575588));
#4048=CARTESIAN_POINT('Ctrl Pts',(-88.4982767264413,66.8719363508269,146.726841879816));
#4049=CARTESIAN_POINT('Ctrl Pts',(-88.4982846837405,67.0061036819067,146.726845916128));
#4050=CARTESIAN_POINT('Ctrl Pts',(-88.5072685117416,67.1400891163755,146.728704713842));
#4051=CARTESIAN_POINT('Ctrl Pts',(-88.5251470483746,67.2729782231276,146.732405085727));
#4052=CARTESIAN_POINT('Ctrl Pts',(-88.542699326786,67.4034422900385,146.736037931014));
#4053=CARTESIAN_POINT('Ctrl Pts',(-88.5688248515168,67.5328497659089,146.741445772495));
#4054=CARTESIAN_POINT('Ctrl Pts',(-88.603492328394,67.6603335441113,146.748633838328));
#4055=CARTESIAN_POINT('Ctrl Pts',(-88.6416876233895,67.800790276305,146.756553373283));
#4056=CARTESIAN_POINT('Ctrl Pts',(-88.6899359385023,67.9377840707508,146.766568542568));
#4057=CARTESIAN_POINT('Ctrl Pts',(-88.7476420466289,68.0703401353363,146.778585454639));
#4058=CARTESIAN_POINT('Ctrl Pts',(-88.8072155036885,68.2071856665624,146.790991229668));
#4059=CARTESIAN_POINT('Ctrl Pts',(-88.8768688976529,68.3393018157563,146.805530441014));
#4060=CARTESIAN_POINT('Ctrl Pts',(-88.9559970423395,68.4656014666336,146.822121852135));
#4061=CARTESIAN_POINT('Ctrl Pts',(-89.0040116313807,68.5422395055631,146.832189443));
#4062=CARTESIAN_POINT('Ctrl Pts',(-89.0555157897724,68.616735611253,146.843013077971));
#4063=CARTESIAN_POINT('Ctrl Pts',(-89.1103822824779,68.688843922777,146.854578264758));
#4064=CARTESIAN_POINT('Ctrl Pts',(-89.1534829780044,68.7454890303219,146.86366336515));
#4065=CARTESIAN_POINT('Ctrl Pts',(-89.198489574886,68.8004481821527,146.873170645981));
#4066=CARTESIAN_POINT('Ctrl Pts',(-89.2452975705244,68.8536456112665,146.88308419073));
#4067=CARTESIAN_POINT('Ctrl Pts',(-89.3593458854706,68.9832618673599,146.907238676697));
#4068=CARTESIAN_POINT('Ctrl Pts',(-89.4840901114643,69.1024220664107,146.933805838566));
#4069=CARTESIAN_POINT('Ctrl Pts',(-89.6179954828875,69.2100041762025,146.962543566577));
#4070=CARTESIAN_POINT('Ctrl Pts',(-89.7377865378215,69.306246576989,146.9882521899));
#4071=CARTESIAN_POINT('Ctrl Pts',(-89.8649099353246,69.3932225704633,147.01569839631));
#4072=CARTESIAN_POINT('Ctrl Pts',(-89.9982448882474,69.4701033099368,147.044697281075));
#4073=CARTESIAN_POINT('Ctrl Pts',(-90.1209717449664,69.5408674366042,147.071389021669));
#4074=CARTESIAN_POINT('Ctrl Pts',(-90.2481252120435,69.602615351411,147.099214963839));
#4075=CARTESIAN_POINT('Ctrl Pts',(-90.3787295056034,69.6550856640737,147.127992426071));
#4076=CARTESIAN_POINT('Ctrl Pts',(-90.505140174437,69.7058711867913,147.155845861428));
#4077=CARTESIAN_POINT('Ctrl Pts',(-90.6347836928002,69.7479652038318,147.184590864123));
#4078=CARTESIAN_POINT('Ctrl Pts',(-90.7667330874018,69.7811184264893,147.214041880835));
#4079=CARTESIAN_POINT('Ctrl Pts',(-90.8653139207647,69.8058875611118,147.236045056975));
#4080=CARTESIAN_POINT('Ctrl Pts',(-90.9651810128528,69.8256659112332,147.258441921522));
#4081=CARTESIAN_POINT('Ctrl Pts',(-91.0659311337464,69.8403454973165,147.281146700242));
#4082=CARTESIAN_POINT('Ctrl Pts',(-91.1970308375235,69.8594471060294,147.310690980071));
#4083=CARTESIAN_POINT('Ctrl Pts',(-91.3289482340817,69.8698217427465,147.340604307879));
#4084=CARTESIAN_POINT('Ctrl Pts',(-91.460858668199,69.8715110952907,147.370696654903));
#4085=CARTESIAN_POINT('Ctrl Pts',(-91.5927386803138,69.8732000582259,147.400782061843));
#4086=CARTESIAN_POINT('Ctrl Pts',(-91.7246117300834,69.8662075908648,147.431046455132));
#4087=CARTESIAN_POINT('Ctrl Pts',(-91.8556061285374,69.8505720487318,147.461278922276));
#4088=CARTESIAN_POINT('Ctrl Pts',(-91.9475694798405,69.8395952675033,147.482503333621));
#4089=CARTESIAN_POINT('Ctrl Pts',(-92.0390987862727,69.8243585775939,147.503711563757));
#4090=CARTESIAN_POINT('Ctrl Pts',(-92.1298784348152,69.8048749527611,147.524824350575));
#4091=CARTESIAN_POINT('Ctrl Pts',(-92.2651330177165,69.7758458741903,147.556280753204));
#4092=CARTESIAN_POINT('Ctrl Pts',(-92.3980578683096,69.7375397671143,147.587370806539));
#4093=CARTESIAN_POINT('Ctrl Pts',(-92.5277572471227,69.6902738796225,147.617855042348));
#4094=CARTESIAN_POINT('Ctrl Pts',(-92.6614234976192,69.6415623590644,147.649271642313));
#4095=CARTESIAN_POINT('Ctrl Pts',(-92.791663805593,69.5833342529852,147.680044714002));
#4096=CARTESIAN_POINT('Ctrl Pts',(-92.9174459788462,69.5159469415224,147.709893603669));
#4097=CARTESIAN_POINT('Ctrl Pts',(-92.9864865322891,69.4789587327954,147.726277355111));
#4098=CARTESIAN_POINT('Ctrl Pts',(-93.0541830532196,69.4392112451741,147.742382352301));
#4099=CARTESIAN_POINT('Ctrl Pts',(-93.1203588427121,69.396765427841,147.75816013687));
#4100=CARTESIAN_POINT('Ctrl Pts',(-93.258890715544,69.3079096905067,147.791189225943));
#4101=CARTESIAN_POINT('Ctrl Pts',(-93.3898164058901,69.2078550512268,147.822560054932));
#4102=CARTESIAN_POINT('Ctrl Pts',(-93.5118414813499,69.0976137076072,147.851899841391));
#4103=CARTESIAN_POINT('Ctrl Pts',(-93.6375865357693,68.9840116163938,147.882134061949));
#4104=CARTESIAN_POINT('Ctrl Pts',(-93.7538783893992,68.8595916358505,147.910210794598));
#4105=CARTESIAN_POINT('Ctrl Pts',(-93.8592737934041,68.7255077894427,147.935722354307));
#4106=CARTESIAN_POINT('Ctrl Pts',(-93.8979398732522,68.6763168711054,147.945081699851));
#4107=CARTESIAN_POINT('Ctrl Pts',(-93.9351392582196,68.6258257671524,147.954095854668));
#4108=CARTESIAN_POINT('Ctrl Pts',(-93.9708005126964,68.5740931916049,147.962745021911));
#4109=CARTESIAN_POINT('Ctrl Pts',(-94.0558116030273,68.4507704785529,147.983363341389));
#4110=CARTESIAN_POINT('Ctrl Pts',(-94.1314322036502,68.3213605166811,148.001749845257));
#4111=CARTESIAN_POINT('Ctrl Pts',(-94.1970311943194,68.1869540146437,148.017719078119));
#4112=CARTESIAN_POINT('Ctrl Pts',(-94.2592126336385,68.0595497716018,148.03285635194));
#4113=CARTESIAN_POINT('Ctrl Pts',(-94.3123890250588,67.9276564509773,148.045821577009));
#4114=CARTESIAN_POINT('Ctrl Pts',(-94.3560594708315,67.7922246912623,148.056475135871));
#4115=CARTESIAN_POINT('Ctrl Pts',(-94.385328920962,67.7014536201885,148.06361552119));
#4116=CARTESIAN_POINT('Ctrl Pts',(-94.4103289251087,67.6090934708612,148.069717846009));
#4117=CARTESIAN_POINT('Ctrl Pts',(-94.4309199553196,67.5154349640323,148.074745362789));
#4118=CARTESIAN_POINT('Ctrl Pts',(-94.4591547275315,67.3870088202729,148.081639179642));
#4119=CARTESIAN_POINT('Ctrl Pts',(-94.4788751965018,67.2571048570107,148.086456664513));
#4120=CARTESIAN_POINT('Ctrl Pts',(-94.4900144014858,67.1265911159259,148.089176298672));
#4121=CARTESIAN_POINT('Ctrl Pts',(-94.4972440876349,67.0418836895405,148.090941424768));
#4122=CARTESIAN_POINT('Ctrl Pts',(-94.5008599509567,66.956919510554,148.091823231772));
#4123=CARTESIAN_POINT('Ctrl Pts',(-94.500854675632,66.8719363508262,148.091820078327));
#4124=CARTESIAN_POINT('',(-108.000000111763,66.8719363508287,159.217387405717));
#4125=CARTESIAN_POINT('Ctrl Pts',(-108.000000111763,66.8719363508286,159.217387405717));
#4126=CARTESIAN_POINT('Ctrl Pts',(-108.000000111763,66.8719363508286,158.476512067577));
#4127=CARTESIAN_POINT('Ctrl Pts',(-107.75522254417,66.8719363508286,157.01690839118));
#4128=CARTESIAN_POINT('Ctrl Pts',(-106.261099143274,66.8719363508286,154.233120776251));
#4129=CARTESIAN_POINT('Ctrl Pts',(-102.559107408943,66.8719363508286,151.11936416403));
#4130=CARTESIAN_POINT('Ctrl Pts',(-97.8009818321564,66.8719363508286,149.082184691504));
#4131=CARTESIAN_POINT('Ctrl Pts',(-95.0315529253234,66.8719363508286,148.242528329237));
#4132=CARTESIAN_POINT('Ctrl Pts',(-94.5008546756258,66.8719363508286,148.091820078325));
#4133=CARTESIAN_POINT('Origin',(-85.5000001117627,66.8719363508287,159.217387405717));
#4134=CARTESIAN_POINT('Ctrl Pts',(-94.5000001117627,66.8719363508286,148.090513156348));
#4135=CARTESIAN_POINT('Ctrl Pts',(-94.5000001117627,66.7088968995178,148.090513156348));
#4136=CARTESIAN_POINT('Ctrl Pts',(-94.4867097027043,66.5457516336887,148.087251891108));
#4137=CARTESIAN_POINT('Ctrl Pts',(-94.398023856392,66.0075928714638,148.06550360284));
#4138=CARTESIAN_POINT('Ctrl Pts',(-94.2649553857603,65.6477264481834,148.032855086908));
#4139=CARTESIAN_POINT('Ctrl Pts',(-93.8630872329121,64.9810869455705,147.934937341071));
#4140=CARTESIAN_POINT('Ctrl Pts',(-93.5918367220645,64.6854922256698,147.869108124747));
#4141=CARTESIAN_POINT('Ctrl Pts',(-92.9785894846515,64.2362449038545,147.722219398905));
#4142=CARTESIAN_POINT('Ctrl Pts',(-92.6483840934633,64.0768167318523,147.643890233447));
#4143=CARTESIAN_POINT('Ctrl Pts',(-91.9561582321142,63.8855774152263,147.482355455193));
#4144=CARTESIAN_POINT('Ctrl Pts',(-91.5993221714976,63.8525712016048,147.400337034316));
#4145=CARTESIAN_POINT('Ctrl Pts',(-90.8722247478607,63.9145897872812,147.236191802949));
#4146=CARTESIAN_POINT('Ctrl Pts',(-90.5075458015697,64.0159475065954,147.155488524071));
#4147=CARTESIAN_POINT('Ctrl Pts',(-89.8141649579739,64.3588284847465,147.004593287166));
#4148=CARTESIAN_POINT('Ctrl Pts',(-89.4950353355959,64.6046301322015,146.936593934754));
#4149=CARTESIAN_POINT('Ctrl Pts',(-88.9783127306719,65.201023243544,146.827661260095));
#4150=CARTESIAN_POINT('Ctrl Pts',(-88.7824878913752,65.5422402137312,146.78701139353));
#4151=CARTESIAN_POINT('Ctrl Pts',(-88.6574490011264,65.9128205166249,146.761120766327));
#4152=CARTESIAN_POINT('Ctrl Pts',(-88.5909664599998,66.109856176321,146.747354851704));
#4153=CARTESIAN_POINT('Ctrl Pts',(-88.5450870107492,66.3134619892918,146.737890891082));
#4154=CARTESIAN_POINT('Ctrl Pts',(-88.5068734682357,66.6372959938571,146.730008622249));
#4155=CARTESIAN_POINT('Ctrl Pts',(-88.5000001117627,66.754688463092,146.728591910029));
#4156=CARTESIAN_POINT('Ctrl Pts',(-88.5000001117627,66.8719363508286,146.728591910029));
#4157=CARTESIAN_POINT('Ctrl Pts',(-82.4996765388613,66.8719363508253,145.671630726806));
#4158=CARTESIAN_POINT('Ctrl Pts',(-82.4996927439497,66.7438565884995,145.671635417566));
#4159=CARTESIAN_POINT('Ctrl Pts',(-82.4914869576447,66.6159283810997,145.670198587317));
#4160=CARTESIAN_POINT('Ctrl Pts',(-82.4751126759802,66.4889414057045,145.667317695136));
#4161=CARTESIAN_POINT('Ctrl Pts',(-82.4587383943157,66.3619544303093,145.664436802955));
#4162=CARTESIAN_POINT('Ctrl Pts',(-82.4341958142524,66.2359089238385,145.660111866855));
#4163=CARTESIAN_POINT('Ctrl Pts',(-82.4015945988061,66.1115907125105,145.654328743192));
#4164=CARTESIAN_POINT('Ctrl Pts',(-82.3671371288359,65.9801940460076,145.648216338877));
#4165=CARTESIAN_POINT('Ctrl Pts',(-82.3239224494982,65.8516738246838,145.640518293056));
#4166=CARTESIAN_POINT('Ctrl Pts',(-82.2723597733669,65.7268623221733,145.631242781016));
#4167=CARTESIAN_POINT('Ctrl Pts',(-82.2174069724998,65.5938447567948,145.621357425865));
#4168=CARTESIAN_POINT('Ctrl Pts',(-82.1529727779744,65.4650400536392,145.609680544952));
#4169=CARTESIAN_POINT('Ctrl Pts',(-82.0796080700656,65.3414353535784,145.596205364882));
#4170=CARTESIAN_POINT('Ctrl Pts',(-82.0255938911299,65.2504323825765,145.58628437142));
#4171=CARTESIAN_POINT('Ctrl Pts',(-81.9667401906196,65.162247652762,145.575388259123));
#4172=CARTESIAN_POINT('Ctrl Pts',(-81.90328139564,65.0772668733213,145.563508192778));
#4173=CARTESIAN_POINT('Ctrl Pts',(-81.8039970348835,64.9443103246494,145.544921253124));
#4174=CARTESIAN_POINT('Ctrl Pts',(-81.6942831099267,64.8203723581359,145.52408330968));
#4175=CARTESIAN_POINT('Ctrl Pts',(-81.5754994997903,64.7064928134936,145.501037013228));
#4176=CARTESIAN_POINT('Ctrl Pts',(-81.4643227769117,64.5999061003798,145.479466598665));
#4177=CARTESIAN_POINT('Ctrl Pts',(-81.3452023150837,64.5021301651452,145.455961331816));
#4178=CARTESIAN_POINT('Ctrl Pts',(-81.21922975617,64.4139830414977,145.430540488082));
#4179=CARTESIAN_POINT('Ctrl Pts',(-81.1607578496828,64.3730683342355,145.418741051677));
#4180=CARTESIAN_POINT('Ctrl Pts',(-81.1008091985919,64.3342276848746,145.40652870362));
#4181=CARTESIAN_POINT('Ctrl Pts',(-81.0394899025078,64.2975406692046,145.393904357692));
#4182=CARTESIAN_POINT('Ctrl Pts',(-80.9251680368079,64.2291424920206,145.370367903886));
#4183=CARTESIAN_POINT('Ctrl Pts',(-80.8068483103299,64.1686996048609,145.345555986456));
#4184=CARTESIAN_POINT('Ctrl Pts',(-80.6854148452408,64.1164284204403,145.319538643169));
#4185=CARTESIAN_POINT('Ctrl Pts',(-80.5653959503724,64.0647661395113,145.293824374154));
#4186=CARTESIAN_POINT('Ctrl Pts',(-80.4423355392109,64.0210860643644,145.266932408399));
#4187=CARTESIAN_POINT('Ctrl Pts',(-80.3170373683303,63.9855879614898,145.238933834484));
#4188=CARTESIAN_POINT('Ctrl Pts',(-80.2036168725505,63.9534549111907,145.213589393202));
#4189=CARTESIAN_POINT('Ctrl Pts',(-80.088362176598,63.9280259254255,145.187338131902));
#4190=CARTESIAN_POINT('Ctrl Pts',(-79.9718331101891,63.9094447216105,145.160237311854));
#4191=CARTESIAN_POINT('Ctrl Pts',(-79.8469972512863,63.8895389538123,145.131204605663));
#4192=CARTESIAN_POINT('Ctrl Pts',(-79.7214174815294,63.8776113074405,145.101362889329));
#4193=CARTESIAN_POINT('Ctrl Pts',(-79.5958800144449,63.8735753949589,145.070849886571));
#4194=CARTESIAN_POINT('Ctrl Pts',(-79.4689233755131,63.869493857426,145.039991941418));
#4195=CARTESIAN_POINT('Ctrl Pts',(-79.3420097624981,63.8734833435111,145.008447169316));
#4196=CARTESIAN_POINT('Ctrl Pts',(-79.2159026091742,63.8854571226579,144.976377674152));
#4197=CARTESIAN_POINT('Ctrl Pts',(-79.087606392243,63.897638751744,144.943751492371));
#4198=CARTESIAN_POINT('Ctrl Pts',(-78.9601446113572,63.9180841291448,144.910581916027));
#4199=CARTESIAN_POINT('Ctrl Pts',(-78.8342737352295,63.9467068625864,144.877064303232));
#4200=CARTESIAN_POINT('Ctrl Pts',(-78.8182279194559,63.9503556423666,144.872791532146));
#4201=CARTESIAN_POINT('Ctrl Pts',(-78.8022078982308,63.9541373183849,144.868513140957));
#4202=CARTESIAN_POINT('Ctrl Pts',(-78.7862151881868,63.9580517191413,144.864229566205));
#4203=CARTESIAN_POINT('Ctrl Pts',(-78.6577663008691,63.9894910699636,144.829825115112));
#4204=CARTESIAN_POINT('Ctrl Pts',(-78.5317417533276,64.0293405096014,144.795259806674));
#4205=CARTESIAN_POINT('Ctrl Pts',(-78.408963856956,64.0772417253818,144.760820184188));
#4206=CARTESIAN_POINT('Ctrl Pts',(-78.2818206176126,64.1268460590835,144.725156067975));
#4207=CARTESIAN_POINT('Ctrl Pts',(-78.1581585284789,64.1850847101573,144.689626470887));
#4208=CARTESIAN_POINT('Ctrl Pts',(-78.0388537628068,64.2515746599256,144.654590954962));
#4209=CARTESIAN_POINT('Ctrl Pts',(-77.9205534543208,64.3175048138846,144.619850411964));
#4210=CARTESIAN_POINT('Ctrl Pts',(-77.8065367263079,64.3915478288605,144.585595880673));
#4211=CARTESIAN_POINT('Ctrl Pts',(-77.6976312016685,64.4733466034593,144.552217823327));
#4212=CARTESIAN_POINT('Ctrl Pts',(-77.572978389235,64.5669731420681,144.514013437136));
#4213=CARTESIAN_POINT('Ctrl Pts',(-77.4557594429427,64.6702378925249,144.477183707004));
#4214=CARTESIAN_POINT('Ctrl Pts',(-77.3470734190875,64.782179446682,144.442361937479));
#4215=CARTESIAN_POINT('Ctrl Pts',(-77.2408569468202,64.8915774774587,144.408331384279));
#4216=CARTESIAN_POINT('Ctrl Pts',(-77.1427890845574,65.0092625730411,144.376219972857));
#4217=CARTESIAN_POINT('Ctrl Pts',(-77.0539014122748,65.1343693534383,144.34665445785));
#4218=CARTESIAN_POINT('Ctrl Pts',(-77.0005845210102,65.2094113073515,144.328920374952));
#4219=CARTESIAN_POINT('Ctrl Pts',(-76.9505707140474,65.2871241042478,144.312103048378));
#4220=CARTESIAN_POINT('Ctrl Pts',(-76.9040855293368,65.3673265026808,144.296342533189));
#4221=CARTESIAN_POINT('Ctrl Pts',(-76.8343464694293,65.487649566983,144.272697935029));
#4222=CARTESIAN_POINT('Ctrl Pts',(-76.7730722835893,65.6126964659938,144.251611993645));
#4223=CARTESIAN_POINT('Ctrl Pts',(-76.7206822239701,65.7415610420307,144.233432231382));
#4224=CARTESIAN_POINT('Ctrl Pts',(-76.6705683118128,65.8648269457274,144.216042310171));
#4225=CARTESIAN_POINT('Ctrl Pts',(-76.6285833617023,65.9915862367738,144.201311850482));
#4226=CARTESIAN_POINT('Ctrl Pts',(-76.5951293002091,66.121058936009,144.189516983065));
#4227=CARTESIAN_POINT('Ctrl Pts',(-76.5688063229278,66.2229331709565,144.180236315392));
#4228=CARTESIAN_POINT('Ctrl Pts',(-76.5477655799951,66.3264875988699,144.172772674976));
#4229=CARTESIAN_POINT('Ctrl Pts',(-76.5322192595601,66.4313470302173,144.16724543468));
#4230=CARTESIAN_POINT('Ctrl Pts',(-76.5257017811273,66.4753072126375,144.164928251681));
#4231=CARTESIAN_POINT('Ctrl Pts',(-76.5201598418045,66.5194215059378,144.162954685956));
#4232=CARTESIAN_POINT('Ctrl Pts',(-76.5155993671562,66.5636587160068,144.161328990099));
#4233=CARTESIAN_POINT('Ctrl Pts',(-76.505015759846,66.6663211132268,144.157556197159));
#4234=CARTESIAN_POINT('Ctrl Pts',(-76.4997607841161,66.7692055115832,144.15567371344));
#4235=CARTESIAN_POINT('Ctrl Pts',(-76.4997834912579,66.8719363508307,144.155674590212));
#4236=CARTESIAN_POINT('',(-82.8062424034406,74.192416961392,145.859752645974));
#4237=CARTESIAN_POINT('',(-82.5000002235214,72.8719364402356,145.756332882593));
#4238=CARTESIAN_POINT('Ctrl Pts',(-82.8062424034406,74.192416961392,145.859752645974));
#4239=CARTESIAN_POINT('Ctrl Pts',(-82.9400376187952,74.4653569267125,145.895897201121));
#4240=CARTESIAN_POINT('Ctrl Pts',(-83.1141135794703,74.7155315478295,145.939662918259));
#4241=CARTESIAN_POINT('Ctrl Pts',(-83.591070524465,75.2191079179901,146.052881723083));
#4242=CARTESIAN_POINT('Ctrl Pts',(-83.9125376798121,75.4471340398172,146.125049928491));
#4243=CARTESIAN_POINT('Ctrl Pts',(-84.6330399656595,75.7717673562132,146.278329186083));
#4244=CARTESIAN_POINT('Ctrl Pts',(-85.0278356067976,75.8615517396444,146.35833610233));
#4245=CARTESIAN_POINT('Ctrl Pts',(-85.7709098442328,75.879230829906,146.50122285275));
#4246=CARTESIAN_POINT('Ctrl Pts',(-86.1128470670978,75.8287439305382,146.563994734184));
#4247=CARTESIAN_POINT('Ctrl Pts',(-86.7451881596955,75.6202312695773,146.673741368213));
#4248=CARTESIAN_POINT('Ctrl Pts',(-87.0336071314196,75.4705753371107,146.720782564677));
#4249=CARTESIAN_POINT('Ctrl Pts',(-87.5773016140276,75.0651939927644,146.802509753108));
#4250=CARTESIAN_POINT('Ctrl Pts',(-87.8223604371408,74.8041753746785,146.834916317487));
#4251=CARTESIAN_POINT('Ctrl Pts',(-88.2288451830378,74.1779822474065,146.878469639877));
#4252=CARTESIAN_POINT('Ctrl Pts',(-88.3755991311152,73.812011875483,146.886829788867));
#4253=CARTESIAN_POINT('Ctrl Pts',(-88.5210002862519,73.0409725734414,146.875596761581));
#4254=CARTESIAN_POINT('Ctrl Pts',(-88.5169813711494,72.6440708609583,146.855979398598));
#4255=CARTESIAN_POINT('Ctrl Pts',(-88.3573571577681,71.8782619451815,146.793396141751));
#4256=CARTESIAN_POINT('Ctrl Pts',(-88.2044690125793,71.5168577792551,146.751264334545));
#4257=CARTESIAN_POINT('Ctrl Pts',(-87.7703411249696,70.872723832791,146.650485212257));
#4258=CARTESIAN_POINT('Ctrl Pts',(-87.4927813478502,70.5962294463019,146.59273114456));
#4259=CARTESIAN_POINT('Ctrl Pts',(-86.842940007155,70.1603568532501,146.466695390874));
#4260=CARTESIAN_POINT('Ctrl Pts',(-86.4748421009243,70.0074613966193,146.399346342888));
#4261=CARTESIAN_POINT('Ctrl Pts',(-85.7284189039044,69.858237981224,146.267021013241));
#4262=CARTESIAN_POINT('Ctrl Pts',(-85.3584104601844,69.8528743469095,146.20317610253));
#4263=CARTESIAN_POINT('Ctrl Pts',(-84.6371326073859,69.9756733405905,146.080027004618));
#4264=CARTESIAN_POINT('Ctrl Pts',(-84.291277609841,70.1019556357688,146.021592421152));
#4265=CARTESIAN_POINT('Ctrl Pts',(-83.6558346816897,70.4766572119383,145.915142574231));
#4266=CARTESIAN_POINT('Ctrl Pts',(-83.3725114035706,70.7240163348159,145.868201677278));
#4267=CARTESIAN_POINT('Ctrl Pts',(-82.9063591493532,71.3170230676794,145.794168427426));
#4268=CARTESIAN_POINT('Ctrl Pts',(-82.7297762059975,71.6587547215221,145.768223503103));
#4269=CARTESIAN_POINT('Ctrl Pts',(-82.5409558873276,72.300597243738,145.748179322277));
#4270=CARTESIAN_POINT('Ctrl Pts',(-82.5000002235214,72.5857226042046,145.747915816509));
#4271=CARTESIAN_POINT('Ctrl Pts',(-82.5000002235214,72.8719364402356,145.756332882593));
#4272=CARTESIAN_POINT('Ctrl Pts',(-82.5000002235214,72.8719364402356,145.756332882593));
#4273=CARTESIAN_POINT('Ctrl Pts',(-82.5000002235214,72.9374693532728,145.758260095014));
#4274=CARTESIAN_POINT('Ctrl Pts',(-82.5021474628042,73.0030593765783,145.760640788538));
#4275=CARTESIAN_POINT('Ctrl Pts',(-82.5321902371044,73.4603553668339,145.780423753956));
#4276=CARTESIAN_POINT('Ctrl Pts',(-82.6344532033434,73.8419699129477,145.81334407897));
#4277=CARTESIAN_POINT('Ctrl Pts',(-82.8062424034406,74.192416961392,145.859752645974));
#4278=CARTESIAN_POINT('',(-82.7420154365967,62.0524107063343,145.771544245044));
#4279=CARTESIAN_POINT('',(-82.5000002235214,60.8719362542742,145.756332883013));
#4280=CARTESIAN_POINT('Ctrl Pts',(-82.7420154365967,62.0524107063343,145.771544245044));
#4281=CARTESIAN_POINT('Ctrl Pts',(-82.8696860624119,62.3506921687183,145.788747988928));
#4282=CARTESIAN_POINT('Ctrl Pts',(-83.0446186692559,62.6256440632653,145.815742049415));
#4283=CARTESIAN_POINT('Ctrl Pts',(-83.507156430822,63.1451040718432,145.890367427498));
#4284=CARTESIAN_POINT('Ctrl Pts',(-83.8038216193212,63.3739941371474,145.939791768953));
#4285=CARTESIAN_POINT('Ctrl Pts',(-84.4586320610495,63.7089671777115,146.049859129192));
#4286=CARTESIAN_POINT('Ctrl Pts',(-84.810634741169,63.8142410213449,146.109460221482));
#4287=CARTESIAN_POINT('Ctrl Pts',(-85.5394638530748,63.8943325131563,146.234400830228));
#4288=CARTESIAN_POINT('Ctrl Pts',(-85.9108592520284,63.8665182866808,146.29888305606));
#4289=CARTESIAN_POINT('Ctrl Pts',(-86.619992265325,63.6787781012515,146.425863488547));
#4290=CARTESIAN_POINT('Ctrl Pts',(-86.9526677126142,63.5220448522309,146.487454262471));
#4291=CARTESIAN_POINT('Ctrl Pts',(-87.5743582926658,63.0758276060176,146.609289096772));
#4292=CARTESIAN_POINT('Ctrl Pts',(-87.8502374705968,62.7792754073353,146.66772945567));
#4293=CARTESIAN_POINT('Ctrl Pts',(-88.2624325556759,62.104786565527,146.766489608543));
#4294=CARTESIAN_POINT('Ctrl Pts',(-88.3992192625959,61.7362019357567,146.806412226466));
#4295=CARTESIAN_POINT('Ctrl Pts',(-88.5218114252983,60.9780131707749,146.862564001058));
#4296=CARTESIAN_POINT('Ctrl Pts',(-88.5112396121611,60.5966918015909,146.878955314893));
#4297=CARTESIAN_POINT('Ctrl Pts',(-88.3453121970959,59.8429490573797,146.885740785089));
#4298=CARTESIAN_POINT('Ctrl Pts',(-88.1862024530875,59.4796930030432,146.874980471926));
#4299=CARTESIAN_POINT('Ctrl Pts',(-87.7611792244858,58.8693140874106,146.82710462416));
#4300=CARTESIAN_POINT('Ctrl Pts',(-87.5119467890681,58.6193483874442,146.793280335448));
#4301=CARTESIAN_POINT('Ctrl Pts',(-86.9615014759194,58.2320988557977,146.70923914496));
#4302=CARTESIAN_POINT('Ctrl Pts',(-86.6692783410119,58.0905209753761,146.661010062514));
#4303=CARTESIAN_POINT('Ctrl Pts',(-86.0280446055744,57.8983733618596,146.548662424112));
#4304=CARTESIAN_POINT('Ctrl Pts',(-85.6809041904684,57.8574487738567,146.484387415067));
#4305=CARTESIAN_POINT('Ctrl Pts',(-84.9617032313295,57.8970125158344,146.344956035912));
#4306=CARTESIAN_POINT('Ctrl Pts',(-84.5953104506316,57.9872417352536,146.270386366582));
#4307=CARTESIAN_POINT('Ctrl Pts',(-83.8915941651102,58.3082373335155,146.120501734285));
#4308=CARTESIAN_POINT('Ctrl Pts',(-83.563967367946,58.5453510256336,146.046742370451));
#4309=CARTESIAN_POINT('Ctrl Pts',(-83.0325204581134,59.1230579177294,145.919980373038));
#4310=CARTESIAN_POINT('Ctrl Pts',(-82.8284365375669,59.4534907030827,145.86735169272));
#4311=CARTESIAN_POINT('Ctrl Pts',(-82.5653865598791,60.1522869321412,145.791336226165));
#4312=CARTESIAN_POINT('Ctrl Pts',(-82.5000002252449,60.510243405046,145.766969659697));
#4313=CARTESIAN_POINT('Ctrl Pts',(-82.5000002235214,60.8719362471267,145.756332883014));
#4314=CARTESIAN_POINT('Ctrl Pts',(-82.5000002235214,60.8719362471267,145.756332883013));
#4315=CARTESIAN_POINT('Ctrl Pts',(-82.5000002234436,60.8882688004576,145.755852570156));
#4316=CARTESIAN_POINT('Ctrl Pts',(-82.5001335990807,60.904608967689,145.755400091381));
#4317=CARTESIAN_POINT('Ctrl Pts',(-82.5067654575045,61.3104301865197,145.744859685654));
#4318=CARTESIAN_POINT('Ctrl Pts',(-82.5889005755621,61.6946829645729,145.750911865142));
#4319=CARTESIAN_POINT('Ctrl Pts',(-82.7420154365967,62.0524107063343,145.771544245044));
#4320=CARTESIAN_POINT('',(-49.3980877772563,79.8719363508286,83.2173874057173));
#4321=CARTESIAN_POINT('',(-49.5114777061748,81.8719363508285,85.2173874057173));
#4322=CARTESIAN_POINT('Ctrl Pts',(-49.3980877772563,79.8719363508286,83.2173874057173));
#4323=CARTESIAN_POINT('Ctrl Pts',(-49.3677576270493,79.8719363508286,83.315616821654));
#4324=CARTESIAN_POINT('Ctrl Pts',(-49.3399177632785,79.8791717752645,83.4145241541926));
#4325=CARTESIAN_POINT('Ctrl Pts',(-49.2779032708923,79.9156831435938,83.6585856039366));
#4326=CARTESIAN_POINT('Ctrl Pts',(-49.2472184825659,79.9535672435761,83.8023830368547));
#4327=CARTESIAN_POINT('Ctrl Pts',(-49.1971067319559,80.0680024968519,84.0968868987466));
#4328=CARTESIAN_POINT('Ctrl Pts',(-49.1796329457986,80.1477727979451,84.2447953790052));
#4329=CARTESIAN_POINT('Ctrl Pts',(-49.1615376753895,80.3756154617867,84.5630567180391));
#4330=CARTESIAN_POINT('Ctrl Pts',(-49.1684720337187,80.5347350149382,84.7211101499186));
#4331=CARTESIAN_POINT('Ctrl Pts',(-49.2204866674345,80.9157274816206,84.9909794728226));
#4332=CARTESIAN_POINT('Ctrl Pts',(-49.2686528315713,81.1365567393503,85.0923550823551));
#4333=CARTESIAN_POINT('Ctrl Pts',(-49.3855391253829,81.5345390553832,85.19639643307));
#4334=CARTESIAN_POINT('Ctrl Pts',(-49.4444601404265,81.7045057868471,85.2173874057173));
#4335=CARTESIAN_POINT('Ctrl Pts',(-49.5114777061748,81.8719363508285,85.2173874057173));
#4336=CARTESIAN_POINT('',(-51.0757636301755,79.8719363508286,78.7173874057179));
#4337=CARTESIAN_POINT('Ctrl Pts',(-49.3980877772563,79.8719363508286,83.2173874057173));
#4338=CARTESIAN_POINT('Ctrl Pts',(-49.9159901465115,79.8719363508286,81.5400713721016));
#4339=CARTESIAN_POINT('Ctrl Pts',(-50.4730014117066,79.8719363508286,80.0422538541274));
#4340=CARTESIAN_POINT('Ctrl Pts',(-51.0757636301758,79.8719363508286,78.717387405718));
#4341=CARTESIAN_POINT('',(-51.2207416268978,77.8719363508286,76.7173874057173));
#4342=CARTESIAN_POINT('Ctrl Pts',(-51.2198622556353,77.8712905682419,76.7180319646392));
#4343=CARTESIAN_POINT('Ctrl Pts',(-51.2549237979884,77.9662479043228,76.7180729137794));
#4344=CARTESIAN_POINT('Ctrl Pts',(-51.2877322761937,78.0619920325555,76.7248768078194));
#4345=CARTESIAN_POINT('Ctrl Pts',(-51.3177430123592,78.1578124785468,76.7387926420521));
#4346=CARTESIAN_POINT('Ctrl Pts',(-51.3498116540533,78.2602035539447,76.7536627171953));
#4347=CARTESIAN_POINT('Ctrl Pts',(-51.378498873287,78.362082222989,76.7765635322173));
#4348=CARTESIAN_POINT('Ctrl Pts',(-51.4031441677864,78.4623789224319,76.8076397642515));
#4349=CARTESIAN_POINT('Ctrl Pts',(-51.4249898771004,78.5512824062694,76.8351858879796));
#4350=CARTESIAN_POINT('Ctrl Pts',(-51.4436594946561,78.6389432171733,76.8691535150889));
#4351=CARTESIAN_POINT('Ctrl Pts',(-51.4587071890377,78.7246376059302,76.9096207011309));
#4352=CARTESIAN_POINT('Ctrl Pts',(-51.4743855245264,78.8139234023018,76.951783846059));
#4353=CARTESIAN_POINT('Ctrl Pts',(-51.4859321713045,78.9000084105195,77.000519431018));
#4354=CARTESIAN_POINT('Ctrl Pts',(-51.4931093783681,78.9821709964043,77.0554326418651));
#4355=CARTESIAN_POINT('Ctrl Pts',(-51.4997983442968,79.0587443393107,77.1066102926049));
#4356=CARTESIAN_POINT('Ctrl Pts',(-51.5026922661785,79.1319111648257,77.1631530036399));
#4357=CARTESIAN_POINT('Ctrl Pts',(-51.5016222908246,79.2011069166911,77.224774492481));
#4358=CARTESIAN_POINT('Ctrl Pts',(-51.5011771555183,79.2298940023824,77.2504105038239));
#4359=CARTESIAN_POINT('Ctrl Pts',(-51.5000462486874,79.2579940030403,77.2769259996479));
#4360=CARTESIAN_POINT('Ctrl Pts',(-51.498218656954,79.2853671191796,77.3043026441856));
#4361=CARTESIAN_POINT('Ctrl Pts',(-51.4939071915982,79.3499429430657,77.3688867919041));
#4362=CARTESIAN_POINT('Ctrl Pts',(-51.4857712693209,79.4095959923076,77.4373910475779));
#4363=CARTESIAN_POINT('Ctrl Pts',(-51.4739958884557,79.4641186761191,77.5092097857908));
#4364=CARTESIAN_POINT('Ctrl Pts',(-51.4622205075906,79.5186413599306,77.5810285240036));
#4365=CARTESIAN_POINT('Ctrl Pts',(-51.4468059460441,79.5680339507328,77.6561619619214));
#4366=CARTESIAN_POINT('Ctrl Pts',(-51.4279504126009,79.61209026187,77.7340641813067));
#4367=CARTESIAN_POINT('Ctrl Pts',(-51.408185679695,79.6582709347777,77.8157227863819));
#4368=CARTESIAN_POINT('Ctrl Pts',(-51.3848235579051,79.6981660159838,77.89967293491));
#4369=CARTESIAN_POINT('Ctrl Pts',(-51.3583196426849,79.7318661885346,77.9851673563511));
#4370=CARTESIAN_POINT('Ctrl Pts',(-51.3381697620648,79.7574870995636,78.0501653904687));
#4371=CARTESIAN_POINT('Ctrl Pts',(-51.3162040384578,79.779527137343,78.1160574529294));
#4372=CARTESIAN_POINT('Ctrl Pts',(-51.2926214634884,79.7980203776463,78.1825341339455));
#4373=CARTESIAN_POINT('Ctrl Pts',(-51.2563544637253,79.8264606282369,78.2847668111571));
#4374=CARTESIAN_POINT('Ctrl Pts',(-51.2164544871881,79.8463709250593,78.3878517470148));
#4375=CARTESIAN_POINT('Ctrl Pts',(-51.1737242190481,79.8581655806709,78.4907742033977));
#4376=CARTESIAN_POINT('Ctrl Pts',(-51.1421391361817,79.8668838778192,78.5668517581422));
#4377=CARTESIAN_POINT('Ctrl Pts',(-51.1090072702422,79.8711671464768,78.6428418764257));
#4378=CARTESIAN_POINT('Ctrl Pts',(-51.0746431151388,79.8711695920849,78.7183424685985));
#4379=CARTESIAN_POINT('',(-51.2207416268976,55.8719363508287,76.7173874057173));
#4380=CARTESIAN_POINT('Ctrl Pts',(-51.2207416268977,77.8719363508286,76.7173874057173));
#4381=CARTESIAN_POINT('Ctrl Pts',(-51.0001434338817,77.2740120137921,76.7173874057173));
#4382=CARTESIAN_POINT('Ctrl Pts',(-50.8078793734531,76.6668773727353,76.7173874057173));
#4383=CARTESIAN_POINT('Ctrl Pts',(-50.0939714582538,74.0912121780335,76.7173874057173));
#4384=CARTESIAN_POINT('Ctrl Pts',(-49.763430802243,71.9805322220548,76.7173874065189));
#4385=CARTESIAN_POINT('Ctrl Pts',(-49.289837518785,65.9565734006837,76.7173874065189));
#4386=CARTESIAN_POINT('Ctrl Pts',(-49.6090128529279,62.0651419912272,76.7173874057173));
#4387=CARTESIAN_POINT('Ctrl Pts',(-50.5674547657414,57.8769679238839,76.7173874057173));
#4388=CARTESIAN_POINT('Ctrl Pts',(-50.8565920904624,56.8589520066613,76.7173874057173));
#4389=CARTESIAN_POINT('Ctrl Pts',(-51.2207416268976,55.8719363508287,76.7173874057173));
#4390=CARTESIAN_POINT('',(-51.0757636301753,53.8719363508286,78.7173874057179));
#4391=CARTESIAN_POINT('Ctrl Pts',(-51.0746431151395,53.8727031095682,78.7183424685998));
#4392=CARTESIAN_POINT('Ctrl Pts',(-51.1215610527273,53.8727064485965,78.6152602871597));
#4393=CARTESIAN_POINT('Ctrl Pts',(-51.1662017129911,53.8806847556185,78.5112275376707));
#4394=CARTESIAN_POINT('Ctrl Pts',(-51.2077550781666,53.8970628933242,78.4072583746518));
#4395=CARTESIAN_POINT('Ctrl Pts',(-51.2234872407049,53.9032636793104,78.3678955032052));
#4396=CARTESIAN_POINT('Ctrl Pts',(-51.2387765521027,53.9106688829389,78.3285418513037));
#4397=CARTESIAN_POINT('Ctrl Pts',(-51.2535779758755,53.9193030337892,78.2892532886289));
#4398=CARTESIAN_POINT('Ctrl Pts',(-51.2880390003181,53.9394052677405,78.1977807289999));
#4399=CARTESIAN_POINT('Ctrl Pts',(-51.3197444372868,53.9661058169611,78.1069513883484));
#4400=CARTESIAN_POINT('Ctrl Pts',(-51.3481524907022,53.9995617197301,78.0175574429459));
#4401=CARTESIAN_POINT('Ctrl Pts',(-51.3644169263388,54.0187161957265,77.9663768129311));
#4402=CARTESIAN_POINT('Ctrl Pts',(-51.3796003004802,54.0400853944795,77.91566735495));
#4403=CARTESIAN_POINT('Ctrl Pts',(-51.3935998418274,54.063701754881,77.8655849977078));
#4404=CARTESIAN_POINT('Ctrl Pts',(-51.4154382044207,54.1005417219054,77.7874598184704));
#4405=CARTESIAN_POINT('Ctrl Pts',(-51.434247502982,54.1426035609094,77.7113840283788));
#4406=CARTESIAN_POINT('Ctrl Pts',(-51.4497688734306,54.1897889161078,77.6379036375547));
#4407=CARTESIAN_POINT('Ctrl Pts',(-51.4639774505215,54.2329833465943,77.5706381985173));
#4408=CARTESIAN_POINT('Ctrl Pts',(-51.4754306322953,54.2804714503238,77.5055479372319));
#4409=CARTESIAN_POINT('Ctrl Pts',(-51.4839352855511,54.332180254258,77.4430896077764));
#4410=CARTESIAN_POINT('Ctrl Pts',(-51.493238768563,54.3887459912139,77.3747646579443));
#4411=CARTESIAN_POINT('Ctrl Pts',(-51.4989036355229,54.4496950516856,77.310395223482));
#4412=CARTESIAN_POINT('Ctrl Pts',(-51.5009578712122,54.5146213124868,77.2503282608845));
#4413=CARTESIAN_POINT('Ctrl Pts',(-51.5030805018358,54.5817092664994,77.1882613934152));
#4414=CARTESIAN_POINT('Ctrl Pts',(-51.5013479202924,54.6530439718816,77.1307885695166));
#4415=CARTESIAN_POINT('Ctrl Pts',(-51.4958121963071,54.7281645810173,77.0783423909348));
#4416=CARTESIAN_POINT('Ctrl Pts',(-51.4939520232169,54.7534074103208,77.0607188659289));
#4417=CARTESIAN_POINT('Ctrl Pts',(-51.4916625944372,54.7790776069648,77.0436633163328));
#4418=CARTESIAN_POINT('Ctrl Pts',(-51.4889464429911,54.8051572877552,77.0271932617283));
#4419=CARTESIAN_POINT('Ctrl Pts',(-51.4794932326802,54.895924210088,76.9698713880785));
#4420=CARTESIAN_POINT('Ctrl Pts',(-51.4650318301406,54.99026081083,76.9204843616702));
#4421=CARTESIAN_POINT('Ctrl Pts',(-51.4461155466118,55.0871528325455,76.8790644897582));
#4422=CARTESIAN_POINT('Ctrl Pts',(-51.4269135958662,55.185508084294,76.8370191091667));
#4423=CARTESIAN_POINT('Ctrl Pts',(-51.4031219559794,55.2864965362078,76.8031859844574));
#4424=CARTESIAN_POINT('Ctrl Pts',(-51.3753515937035,55.3890201312726,76.7775941308314));
#4425=CARTESIAN_POINT('Ctrl Pts',(-51.3696013043587,55.4102492506637,76.7722949358927));
#4426=CARTESIAN_POINT('Ctrl Pts',(-51.3636805083053,55.4315440666202,76.7673490020835));
#4427=CARTESIAN_POINT('Ctrl Pts',(-51.3575947518193,55.4528946384088,76.7627564059655));
#4428=CARTESIAN_POINT('Ctrl Pts',(-51.3301548921416,55.5491615027275,76.7420490061009));
#4429=CARTESIAN_POINT('Ctrl Pts',(-51.2995906085954,55.6457736293937,76.7286889166927));
#4430=CARTESIAN_POINT('Ctrl Pts',(-51.2664629316577,55.7419900030988,76.7223532224066));
#4431=CARTESIAN_POINT('Ctrl Pts',(-51.2514390034555,55.7856256583587,76.719479884314));
#4432=CARTESIAN_POINT('Ctrl Pts',(-51.2358879346244,55.829179713452,76.7180506813805));
#4433=CARTESIAN_POINT('Ctrl Pts',(-51.2198622556358,55.8725821334118,76.7180319646404));
#4434=CARTESIAN_POINT('',(-49.3980877772562,53.8719363508286,83.2173874057173));
#4435=CARTESIAN_POINT('Ctrl Pts',(-51.0757636301756,53.8719363508286,78.717387405718));
#4436=CARTESIAN_POINT('Ctrl Pts',(-50.4730014223927,53.8719363508286,80.042253830639));
#4437=CARTESIAN_POINT('Ctrl Pts',(-49.9159901579066,53.8719363508286,81.5400713351962));
#4438=CARTESIAN_POINT('Ctrl Pts',(-49.3980877772562,53.8719363508286,83.2173874057173));
#4439=CARTESIAN_POINT('',(-49.5114777061746,51.8719363508287,85.2173874057173));
#4440=CARTESIAN_POINT('Ctrl Pts',(-49.5114777061746,51.8719363508287,85.2173874057173));
#4441=CARTESIAN_POINT('Ctrl Pts',(-49.4537384059371,52.0161869438593,85.2173874057173));
#4442=CARTESIAN_POINT('Ctrl Pts',(-49.4019648425767,52.1624276144448,85.2018002235524));
#4443=CARTESIAN_POINT('Ctrl Pts',(-49.2925800063027,52.5171457190125,85.1225351833438));
#4444=CARTESIAN_POINT('Ctrl Pts',(-49.2435196353355,52.7208048546262,85.0417612621706));
#4445=CARTESIAN_POINT('Ctrl Pts',(-49.1765370049835,53.1144943108482,84.8027448069017));
#4446=CARTESIAN_POINT('Ctrl Pts',(-49.1624262029622,53.2963219443836,84.642020915211));
#4447=CARTESIAN_POINT('Ctrl Pts',(-49.173207914202,53.5532072910142,84.3145453491543));
#4448=CARTESIAN_POINT('Ctrl Pts',(-49.1882708401994,53.6419653589412,84.1644101992306));
#4449=CARTESIAN_POINT('Ctrl Pts',(-49.2346274509833,53.7692066007807,83.8676849040395));
#4450=CARTESIAN_POINT('Ctrl Pts',(-49.263305030987,53.8121478671768,83.7246871862274));
#4451=CARTESIAN_POINT('Ctrl Pts',(-49.3275491530882,53.8610786309084,83.4589531854767));
#4452=CARTESIAN_POINT('Ctrl Pts',(-49.3609349881611,53.8719363508286,83.3377131129201));
#4453=CARTESIAN_POINT('Ctrl Pts',(-49.3980877772562,53.8719363508286,83.2173874057173));
#4454=CARTESIAN_POINT('',(-49.9467530622281,50.8719363508286,85.2173874057173));
#4455=CARTESIAN_POINT('Ctrl Pts',(-49.5114777061746,51.8719363508287,85.2173874057173));
#4456=CARTESIAN_POINT('Ctrl Pts',(-49.6471644630487,51.5329489529044,85.2173874057173));
#4457=CARTESIAN_POINT('Ctrl Pts',(-49.7920320724209,51.1986424873459,85.2173874057173));
#4458=CARTESIAN_POINT('Ctrl Pts',(-49.9467530622281,50.8719363508287,85.2173874057173));
#4459=CARTESIAN_POINT('',(-47.8441742686782,50.8719363508286,93.2173874057173));
#4460=CARTESIAN_POINT('Ctrl Pts',(-49.9467530622281,50.8719363508286,85.2173874057173));
#4461=CARTESIAN_POINT('Ctrl Pts',(-49.9474662496355,50.8704303967703,85.2173874057173));
#4462=CARTESIAN_POINT('Ctrl Pts',(-49.9481794600648,50.8689244067521,85.2173882561789));
#4463=CARTESIAN_POINT('Ctrl Pts',(-50.2124256240453,50.3109562566338,85.2180184773358));
#4464=CARTESIAN_POINT('Ctrl Pts',(-50.4705572424722,49.7563509321222,85.3348033295421));
#4465=CARTESIAN_POINT('Ctrl Pts',(-50.9367008094436,48.8134089976971,85.7559678099386));
#4466=CARTESIAN_POINT('Ctrl Pts',(-51.1470322560743,48.4163388736347,86.0233032112547));
#4467=CARTESIAN_POINT('Ctrl Pts',(-51.4851633144604,47.7652467638117,86.6613703052708));
#4468=CARTESIAN_POINT('Ctrl Pts',(-51.6202172987048,47.4988098178506,87.0200130660579));
#4469=CARTESIAN_POINT('Ctrl Pts',(-51.7242048455717,47.1955643704418,87.6255459839192));
#4470=CARTESIAN_POINT('Ctrl Pts',(-51.7421437200479,47.1117466031382,87.8344697936334));
#4471=CARTESIAN_POINT('Ctrl Pts',(-51.7369179897561,46.996205188731,88.213674124653));
#4472=CARTESIAN_POINT('Ctrl Pts',(-51.7230249060138,46.9573604495375,88.378040263071));
#4473=CARTESIAN_POINT('Ctrl Pts',(-51.6684222513406,46.8984542117164,88.7230527853542));
#4474=CARTESIAN_POINT('Ctrl Pts',(-51.6262244120186,46.880581824602,88.9008451871965));
#4475=CARTESIAN_POINT('Ctrl Pts',(-51.4850394856894,46.8647296851018,89.3526115908991));
#4476=CARTESIAN_POINT('Ctrl Pts',(-51.3692068953842,46.8838003546791,89.6184995111182));
#4477=CARTESIAN_POINT('Ctrl Pts',(-50.9661248836353,47.0095205852139,90.376153689234));
#4478=CARTESIAN_POINT('Ctrl Pts',(-50.612551951141,47.1874723401828,90.8513659837507));
#4479=CARTESIAN_POINT('Ctrl Pts',(-49.8378231727274,47.7249293819699,91.7468123977488));
#4480=CARTESIAN_POINT('Ctrl Pts',(-49.3917065567847,48.1176527024156,92.1812676274594));
#4481=CARTESIAN_POINT('Ctrl Pts',(-48.6997432384469,48.9821880186537,92.7698309920793));
#4482=CARTESIAN_POINT('Ctrl Pts',(-48.4342391208474,49.398721210094,92.9671543086711));
#4483=CARTESIAN_POINT('Ctrl Pts',(-48.0607364698336,50.2081593419166,93.1779320184064));
#4484=CARTESIAN_POINT('Ctrl Pts',(-47.9434175859584,50.5517332025759,93.2173874057173));
#4485=CARTESIAN_POINT('Ctrl Pts',(-47.8441742686782,50.8719363508286,93.2173874057173));
#4486=CARTESIAN_POINT('',(-47.5563950399158,51.8719363508286,93.2173874057173));
#4487=CARTESIAN_POINT('Ctrl Pts',(-47.8441742686782,50.8719363508286,93.2173874057173));
#4488=CARTESIAN_POINT('Ctrl Pts',(-47.7421795580813,51.2010167194955,93.2173874057173));
#4489=CARTESIAN_POINT('Ctrl Pts',(-47.6463848453616,51.53517526717,93.2173874057173));
#4490=CARTESIAN_POINT('Ctrl Pts',(-47.5563950399158,51.8719363508286,93.2173874057173));
#4491=CARTESIAN_POINT('',(-46.7528497382153,53.8719363508286,95.2173874057185));
#4492=CARTESIAN_POINT('Ctrl Pts',(-46.7528497382155,53.8719363508286,95.2173874057185));
#4493=CARTESIAN_POINT('Ctrl Pts',(-46.7675597728978,53.8719363508287,95.1260638492134));
#4494=CARTESIAN_POINT('Ctrl Pts',(-46.7835160634602,53.8656813530261,95.0346770430069));
#4495=CARTESIAN_POINT('Ctrl Pts',(-46.8365707601285,53.8269253401123,94.7539450334653));
#4496=CARTESIAN_POINT('Ctrl Pts',(-46.8773330010744,53.7735145722166,94.5686577267965));
#4497=CARTESIAN_POINT('Ctrl Pts',(-46.9860256055545,53.5827098504794,94.1464610716691));
#4498=CARTESIAN_POINT('Ctrl Pts',(-47.0570606694114,53.4218328205351,93.9245370842285));
#4499=CARTESIAN_POINT('Ctrl Pts',(-47.2094786781991,53.0200338732305,93.5571323515329));
#4500=CARTESIAN_POINT('Ctrl Pts',(-47.2896768426686,52.7820743646948,93.4153428088847));
#4501=CARTESIAN_POINT('Ctrl Pts',(-47.4337827587695,52.3139827040599,93.2545064852204));
#4502=CARTESIAN_POINT('Ctrl Pts',(-47.4969444480638,52.094413170698,93.2173874057173));
#4503=CARTESIAN_POINT('Ctrl Pts',(-47.5563950399158,51.8719363508286,93.2173874057173));
#4504=CARTESIAN_POINT('',(-44.6426347941179,53.8719363508286,114.717387405715));
#4505=CARTESIAN_POINT('Ctrl Pts',(-46.7528497382155,53.8719363508286,95.2173874057186));
#4506=CARTESIAN_POINT('Ctrl Pts',(-45.681581484063,53.8719363508286,101.868087356655));
#4507=CARTESIAN_POINT('Ctrl Pts',(-44.9399966895306,53.8719363508287,109.249475682977));
#4508=CARTESIAN_POINT('Ctrl Pts',(-44.6426347941178,53.8719363508287,114.717387405714));
#4509=CARTESIAN_POINT('',(-44.538746896594,55.8719363362079,116.717387405717));
#4510=CARTESIAN_POINT('Ctrl Pts',(-44.538746896594,55.8719363215893,116.717387405717));
#4511=CARTESIAN_POINT('Ctrl Pts',(-44.539679657563,55.6991393829162,116.717387403191));
#4512=CARTESIAN_POINT('Ctrl Pts',(-44.5412616686781,55.5270744416841,116.694993127619));
#4513=CARTESIAN_POINT('Ctrl Pts',(-44.5460433523313,55.1885536015248,116.605364983803));
#4514=CARTESIAN_POINT('Ctrl Pts',(-44.5492678682374,55.0238777719879,116.537348024988));
#4515=CARTESIAN_POINT('Ctrl Pts',(-44.5597014657538,54.6404673047781,116.315517986595));
#4516=CARTESIAN_POINT('Ctrl Pts',(-44.5680270638964,54.439426105852,116.138085648275));
#4517=CARTESIAN_POINT('Ctrl Pts',(-44.5881940208721,54.1324220887295,115.733653893392));
#4518=CARTESIAN_POINT('Ctrl Pts',(-44.5995111695772,54.0222477766954,115.515696925622));
#4519=CARTESIAN_POINT('Ctrl Pts',(-44.62180154936,53.8994440929862,115.099534316148));
#4520=CARTESIAN_POINT('Ctrl Pts',(-44.6322199227361,53.8719363508284,114.908896802839));
#4521=CARTESIAN_POINT('Ctrl Pts',(-44.6426347941178,53.8719363508287,114.717387405715));
#4522=CARTESIAN_POINT('',(-44.5188292184216,60.8719363527328,116.717387405717));
#4523=CARTESIAN_POINT('Ctrl Pts',(-44.5387468965056,55.871936337961,116.717387405717));
#4524=CARTESIAN_POINT('Ctrl Pts',(-44.5297846650265,57.5322183778683,116.717387405717));
#4525=CARTESIAN_POINT('Ctrl Pts',(-44.5232966588452,59.2201249692067,116.717387405717));
#4526=CARTESIAN_POINT('Ctrl Pts',(-44.5188292184267,60.8719363527328,116.717387405717));
#4527=CARTESIAN_POINT('',(-44.5005591273005,62.8719363508287,118.717387405717));
#4528=CARTESIAN_POINT('Ctrl Pts',(-44.5005591273005,62.8719363508286,118.717387405717));
#4529=CARTESIAN_POINT('Ctrl Pts',(-44.5007479812294,62.8719363508286,118.633471909203));
#4530=CARTESIAN_POINT('Ctrl Pts',(-44.5009860220097,62.8666551463736,118.549461556637));
#4531=CARTESIAN_POINT('Ctrl Pts',(-44.5020816410203,62.8263085073099,118.23120035789));
#4532=CARTESIAN_POINT('Ctrl Pts',(-44.5032754926608,62.7551674791897,118.003673959621));
#4533=CARTESIAN_POINT('Ctrl Pts',(-44.5063054225172,62.5328803059093,117.576675760546));
#4534=CARTESIAN_POINT('Ctrl Pts',(-44.5081362591542,62.3808817861761,117.382082255648));
#4535=CARTESIAN_POINT('Ctrl Pts',(-44.5120526778318,61.9992121116948,117.044248204006));
#4536=CARTESIAN_POINT('Ctrl Pts',(-44.5141035789776,61.7679844119035,116.909835478319));
#4537=CARTESIAN_POINT('Ctrl Pts',(-44.5171497341148,61.3092376025057,116.753440000945));
#4538=CARTESIAN_POINT('Ctrl Pts',(-44.5182362694784,61.0911759453958,116.717387405926));
#4539=CARTESIAN_POINT('Ctrl Pts',(-44.5188292184267,60.8719363527328,116.717387405717));
#4540=CARTESIAN_POINT('',(-44.5012529523596,62.8719363508286,119.717387405717));
#4541=CARTESIAN_POINT('Ctrl Pts',(-44.5005591273005,62.8719363508286,118.717387405717));
#4542=CARTESIAN_POINT('Ctrl Pts',(-44.4997846214642,62.8719363508286,119.061531910334));
#4543=CARTESIAN_POINT('Ctrl Pts',(-44.4995759552698,62.8719363508286,119.399560149206));
#4544=CARTESIAN_POINT('Ctrl Pts',(-44.5012529523596,62.8719363508286,119.717387405717));
#4545=CARTESIAN_POINT('',(-44.5012529523596,70.8719363508286,119.717387405717));
#4546=CARTESIAN_POINT('Ctrl Pts',(-44.5012529523596,62.8719363508286,119.717387405717));
#4547=CARTESIAN_POINT('Ctrl Pts',(-44.5016698387498,62.8719363508286,119.796396402501));
#4548=CARTESIAN_POINT('Ctrl Pts',(-44.5022011419198,62.8742772354532,119.875477720405));
#4549=CARTESIAN_POINT('Ctrl Pts',(-44.507244337814,62.9101298207631,120.479162793539));
#4550=CARTESIAN_POINT('Ctrl Pts',(-44.5176351740235,63.0443330042011,120.992306522016));
#4551=CARTESIAN_POINT('Ctrl Pts',(-44.5528185804416,63.4991875539027,121.928873133261));
#4552=CARTESIAN_POINT('Ctrl Pts',(-44.5770263439736,63.8120817366448,122.344733392666));
#4553=CARTESIAN_POINT('Ctrl Pts',(-44.6277262451939,64.5743920856976,123.03127880541));
#4554=CARTESIAN_POINT('Ctrl Pts',(-44.6532916561802,65.0157468593484,123.297259361139));
#4555=CARTESIAN_POINT('Ctrl Pts',(-44.6880134030157,65.9405771225242,123.636242856378));
#4556=CARTESIAN_POINT('Ctrl Pts',(-44.6976795432664,66.4113409735435,123.719016962303));
#4557=CARTESIAN_POINT('Ctrl Pts',(-44.6973086976515,67.3607935574249,123.715707937336));
#4558=CARTESIAN_POINT('Ctrl Pts',(-44.6872613487807,67.8313362391887,123.629517146295));
#4559=CARTESIAN_POINT('Ctrl Pts',(-44.652996675125,68.727332903892,123.293714170935));
#4560=CARTESIAN_POINT('Ctrl Pts',(-44.6291064514042,69.1444892303091,123.044220972837));
#4561=CARTESIAN_POINT('Ctrl Pts',(-44.5791044869896,69.9047112124897,122.378513478406));
#4562=CARTESIAN_POINT('Ctrl Pts',(-44.5539769345777,70.2295655438495,121.954822366929));
#4563=CARTESIAN_POINT('Ctrl Pts',(-44.5183829554233,70.6900085995404,121.016826419168));
#4564=CARTESIAN_POINT('Ctrl Pts',(-44.5078695199057,70.8256478998814,120.514021110644));
#4565=CARTESIAN_POINT('Ctrl Pts',(-44.5024050074379,70.8686324013492,119.905216348047));
#4566=CARTESIAN_POINT('Ctrl Pts',(-44.5017482260951,70.8719363508286,119.811252501567));
#4567=CARTESIAN_POINT('Ctrl Pts',(-44.5012529523596,70.8719363508286,119.717387405717));
#4568=CARTESIAN_POINT('',(-44.5005591273005,70.8719363508286,118.717387405717));
#4569=CARTESIAN_POINT('Ctrl Pts',(-44.5012529523596,70.8719363508286,119.717387405717));
#4570=CARTESIAN_POINT('Ctrl Pts',(-44.4995759553883,70.8719363508286,119.399560171663));
#4571=CARTESIAN_POINT('Ctrl Pts',(-44.4997846215205,70.8719363508286,119.061531885335));
#4572=CARTESIAN_POINT('Ctrl Pts',(-44.5005591273005,70.8719363508286,118.717387405717));
#4573=CARTESIAN_POINT('',(-44.5188292184216,72.8719363489245,116.717387405717));
#4574=CARTESIAN_POINT('Ctrl Pts',(-44.5188292184267,72.8719363489244,116.717387405717));
#4575=CARTESIAN_POINT('Ctrl Pts',(-44.5185651682858,72.7743052703851,116.71738740581));
#4576=CARTESIAN_POINT('Ctrl Pts',(-44.5182029685338,72.6765902783661,116.724536106494));
#4577=CARTESIAN_POINT('Ctrl Pts',(-44.5165950629051,72.3265710261854,116.776256769827));
#4578=CARTESIAN_POINT('Ctrl Pts',(-44.5148870650958,72.0830682472746,116.861829262973));
#4579=CARTESIAN_POINT('Ctrl Pts',(-44.5110405034674,71.6349131642232,117.123913341645));
#4580=CARTESIAN_POINT('Ctrl Pts',(-44.5089368090932,71.4360239228595,117.300510075657));
#4581=CARTESIAN_POINT('Ctrl Pts',(-44.5053485537627,71.1353546818895,117.697854286178));
#4582=CARTESIAN_POINT('Ctrl Pts',(-44.5038505052887,71.0277241821331,117.908656078973));
#4583=CARTESIAN_POINT('Ctrl Pts',(-44.5017220606605,70.901247285962,118.322842450196));
#4584=CARTESIAN_POINT('Ctrl Pts',(-44.5010040187985,70.8719363508286,118.519703983565));
#4585=CARTESIAN_POINT('Ctrl Pts',(-44.5005591273005,70.8719363508286,118.717387405717));
#4586=CARTESIAN_POINT('',(-44.538746896594,77.8719363654494,116.717387405717));
#4587=CARTESIAN_POINT('Ctrl Pts',(-44.5188292184267,72.8719363489245,116.717387405717));
#4588=CARTESIAN_POINT('Ctrl Pts',(-44.5232966588414,74.5237477310552,116.717387405717));
#4589=CARTESIAN_POINT('Ctrl Pts',(-44.5297846650241,76.2116543233409,116.717387405717));
#4590=CARTESIAN_POINT('Ctrl Pts',(-44.5387468965056,77.8719363636963,116.717387405717));
#4591=CARTESIAN_POINT('',(-44.6426347941179,79.8719363508286,114.717387405715));
#4592=CARTESIAN_POINT('Ctrl Pts',(-44.6426347941177,79.8719363508286,114.717387405715));
#4593=CARTESIAN_POINT('Ctrl Pts',(-44.6396546836493,79.8719363508287,114.772185889371));
#4594=CARTESIAN_POINT('Ctrl Pts',(-44.6366673180152,79.8696842152626,114.827021743449));
#4595=CARTESIAN_POINT('Ctrl Pts',(-44.6217387806313,79.8470713153304,115.101239522701));
#4596=CARTESIAN_POINT('Ctrl Pts',(-44.6100942294365,79.7928405608437,115.316268661089));
#4597=CARTESIAN_POINT('Ctrl Pts',(-44.5876615768767,79.6060774051755,115.743717953429));
#4598=CARTESIAN_POINT('Ctrl Pts',(-44.5773368954169,79.4666873286488,115.949229689567));
#4599=CARTESIAN_POINT('Ctrl Pts',(-44.5597430706591,79.1072704847346,116.312372677058));
#4600=CARTESIAN_POINT('Ctrl Pts',(-44.5529022665706,78.8855916332552,116.461688690025));
#4601=CARTESIAN_POINT('Ctrl Pts',(-44.5430940599463,78.3974937691067,116.665080803882));
#4602=CARTESIAN_POINT('Ctrl Pts',(-44.5401724374308,78.136022357857,116.717387401856));
#4603=CARTESIAN_POINT('Ctrl Pts',(-44.538746896594,77.8719363800715,116.717387405717));
#4604=CARTESIAN_POINT('',(-46.7528497382153,79.8719363508286,95.2173874057185));
#4605=CARTESIAN_POINT('Ctrl Pts',(-44.6426347941178,79.8719363508286,114.717387405714));
#4606=CARTESIAN_POINT('Ctrl Pts',(-44.9399967497194,79.8719363508286,109.249474576222));
#4607=CARTESIAN_POINT('Ctrl Pts',(-45.6815817544511,79.8719363508286,101.868085678018));
#4608=CARTESIAN_POINT('Ctrl Pts',(-46.7528497382155,79.8719363508286,95.2173874057186));
#4609=CARTESIAN_POINT('',(-47.5563950399159,81.8719363508286,93.2173874057173));
#4610=CARTESIAN_POINT('Ctrl Pts',(-47.5563950399159,81.8719363508286,93.2173874057173));
#4611=CARTESIAN_POINT('Ctrl Pts',(-47.5319979186109,81.7806371090076,93.2173874057173));
#4612=CARTESIAN_POINT('Ctrl Pts',(-47.5069129365448,81.6896306518747,93.223640478344));
#4613=CARTESIAN_POINT('Ctrl Pts',(-47.4083990452416,81.3424110529678,93.2713686726532));
#4614=CARTESIAN_POINT('Ctrl Pts',(-47.332783942331,81.0966748763816,93.3561257214739));
#4615=CARTESIAN_POINT('Ctrl Pts',(-47.2584164697071,80.8750962113963,93.4835160908797));
#4616=CARTESIAN_POINT('Ctrl Pts',(-47.2153131394609,80.7466693866648,93.5573514515415));
#4617=CARTESIAN_POINT('Ctrl Pts',(-47.1727014476876,80.6266535338215,93.6453360054956));
#4618=CARTESIAN_POINT('Ctrl Pts',(-47.0840654213248,80.3935060725046,93.8599717930972));
#4619=CARTESIAN_POINT('Ctrl Pts',(-47.0389418303976,80.2850053110144,93.9887357952265));
#4620=CARTESIAN_POINT('Ctrl Pts',(-46.9382385958223,80.0699198095466,94.3203041570365));
#4621=CARTESIAN_POINT('Ctrl Pts',(-46.8853690479378,79.97960762176,94.5312047629986));
#4622=CARTESIAN_POINT('Ctrl Pts',(-46.8067463043768,79.890223356181,94.9051875050159));
#4623=CARTESIAN_POINT('Ctrl Pts',(-46.7780010785061,79.8719363508285,95.0612416252493));
#4624=CARTESIAN_POINT('Ctrl Pts',(-46.7528497382155,79.8719363508286,95.2173874057186));
#4625=CARTESIAN_POINT('',(-47.8441742686783,82.8719363508286,93.2173874057173));
#4626=CARTESIAN_POINT('Ctrl Pts',(-47.5563950399159,81.8719363508287,93.2173874057173));
#4627=CARTESIAN_POINT('Ctrl Pts',(-47.6463848467745,82.2086974397746,93.2173874057173));
#4628=CARTESIAN_POINT('Ctrl Pts',(-47.7421795637739,82.5428560005285,93.2173874057173));
#4629=CARTESIAN_POINT('Ctrl Pts',(-47.8441742686783,82.8719363508286,93.2173874057173));
#4630=CARTESIAN_POINT('',(-49.9467530622283,82.8719363508286,85.2173874057173));
#4631=CARTESIAN_POINT('Ctrl Pts',(-47.8441742686783,82.8719363508286,93.2173874057173));
#4632=CARTESIAN_POINT('Ctrl Pts',(-47.8982690198328,83.04647011389,93.2173874057173));
#4633=CARTESIAN_POINT('Ctrl Pts',(-47.9562609246847,83.2186020625132,93.2059632881965));
#4634=CARTESIAN_POINT('Ctrl Pts',(-48.1359544881966,83.709650654788,93.142173408715));
#4635=CARTESIAN_POINT('Ctrl Pts',(-48.3596976604299,84.2490060644188,93.0296592105661));
#4636=CARTESIAN_POINT('Ctrl Pts',(-49.1680437638556,85.3978238777378,92.3884490163879));
#4637=CARTESIAN_POINT('Ctrl Pts',(-49.6384667795987,85.8514992947498,91.9502110006782));
#4638=CARTESIAN_POINT('Ctrl Pts',(-50.5055895139428,86.5013460721364,90.9925403874039));
#4639=CARTESIAN_POINT('Ctrl Pts',(-50.9108758040813,86.712112745227,90.4661909981233));
#4640=CARTESIAN_POINT('Ctrl Pts',(-51.3523599364468,86.8569348547595,89.6560026418971));
#4641=CARTESIAN_POINT('Ctrl Pts',(-51.4733136631242,86.8781456303243,89.3826459982938));
#4642=CARTESIAN_POINT('Ctrl Pts',(-51.62053625369,86.8652617554405,88.9233561737931));
#4643=CARTESIAN_POINT('Ctrl Pts',(-51.6639504491544,86.8478376428263,88.7435998855806));
#4644=CARTESIAN_POINT('Ctrl Pts',(-51.7209914189805,86.7907227849398,88.397353048728));
#4645=CARTESIAN_POINT('Ctrl Pts',(-51.7354519129396,86.7526076772775,88.2336701431717));
#4646=CARTESIAN_POINT('Ctrl Pts',(-51.7432920028521,86.6401659356235,87.8562547103107));
#4647=CARTESIAN_POINT('Ctrl Pts',(-51.7265014346841,86.5583522773337,87.6499896935522));
#4648=CARTESIAN_POINT('Ctrl Pts',(-51.6260686144054,86.2555620047602,87.0323749683248));
#4649=CARTESIAN_POINT('Ctrl Pts',(-51.4851889190146,85.9783160769103,86.6569653595294));
#4650=CARTESIAN_POINT('Ctrl Pts',(-51.1094553557608,85.2556393397966,85.9581196162639));
#4651=CARTESIAN_POINT('Ctrl Pts',(-50.8570341826685,84.7789916087754,85.6568080989096));
#4652=CARTESIAN_POINT('Ctrl Pts',(-50.3844646171667,83.7994865803748,85.2965822556092));
#4653=CARTESIAN_POINT('Ctrl Pts',(-50.1644158850382,83.3315493612692,85.2173874057173));
#4654=CARTESIAN_POINT('Ctrl Pts',(-49.9467530622283,82.8719363508286,85.2173874057173));
#4655=CARTESIAN_POINT('Ctrl Pts',(-49.9467530622283,82.8719363508286,85.2173874057173));
#4656=CARTESIAN_POINT('Ctrl Pts',(-49.7920320231056,82.5452301101779,85.2173874057173));
#4657=CARTESIAN_POINT('Ctrl Pts',(-49.6471644503229,82.2109237169595,85.2173874057173));
#4658=CARTESIAN_POINT('Ctrl Pts',(-49.5114777061748,81.8719363508285,85.2173874057173));
#4659=CARTESIAN_POINT('Origin',(-80.5000002235214,56.3719363508286,114.217387405717));
#4660=CARTESIAN_POINT('',(-80.5000002235214,56.3719363508286,116.217387405717));
#4661=CARTESIAN_POINT('',(-80.5000002235214,54.3719363508286,114.217387405717));
#4662=CARTESIAN_POINT('Origin',(-80.5000002235214,56.3719363508286,114.217387405717));
#4663=CARTESIAN_POINT('',(-58.5209605950941,54.3719363508286,114.217387405717));
#4664=CARTESIAN_POINT('',(-80.5000002235214,54.3719363508286,114.217387405717));
#4665=CARTESIAN_POINT('',(-58.5209605950941,56.3719363508287,116.217387405717));
#4666=CARTESIAN_POINT('Origin',(-58.5209605950941,56.3719363508286,114.217387405717));
#4667=CARTESIAN_POINT('',(-80.5000002235214,56.3719363508286,116.217387405717));
#4668=CARTESIAN_POINT('Ctrl Pts',(-58.5209605950941,54.3719363508286,114.217387405717));
#4669=CARTESIAN_POINT('Ctrl Pts',(-57.647391975552,54.3719363508286,114.217387405717));
#4670=CARTESIAN_POINT('Ctrl Pts',(-55.6064260931163,54.3719363508287,114.90931142884));
#4671=CARTESIAN_POINT('Ctrl Pts',(-54.5733232697374,54.3719363508286,116.88572269716));
#4672=CARTESIAN_POINT('Ctrl Pts',(-54.5244219828829,54.3719363508286,118.049453866291));
#4673=CARTESIAN_POINT('Ctrl Pts',(-58.5209605950941,54.3719363508286,114.815786006401));
#4674=CARTESIAN_POINT('Ctrl Pts',(-57.778656572321,54.3719562836162,114.815299009267));
#4675=CARTESIAN_POINT('Ctrl Pts',(-56.0425302144324,54.3719697031292,115.403019129736));
#4676=CARTESIAN_POINT('Ctrl Pts',(-55.1617273785434,54.3719352509738,117.084982766316));
#4677=CARTESIAN_POINT('Ctrl Pts',(-55.1201201957214,54.3719363508286,118.074485772248));
#4678=CARTESIAN_POINT('Ctrl Pts',(-58.520960595094,54.8741176263985,115.851734588453));
#4679=CARTESIAN_POINT('Ctrl Pts',(-58.004110882698,54.8732651884664,115.850472618561));
#4680=CARTESIAN_POINT('Ctrl Pts',(-56.7945869594549,54.8712883497575,116.256681622101));
#4681=CARTESIAN_POINT('Ctrl Pts',(-56.1806273975422,54.8703038936998,117.427652226804));
#4682=CARTESIAN_POINT('Ctrl Pts',(-56.151555009348,54.8702565928215,118.117827818101));
#4683=CARTESIAN_POINT('Ctrl Pts',(-58.5209605950941,55.9231374003158,116.217387405717));
#4684=CARTESIAN_POINT('Ctrl Pts',(-58.0844974380956,55.9209879366758,116.216821241224));
#4685=CARTESIAN_POINT('Ctrl Pts',(-57.0631818364596,55.9159870900009,116.561734596525));
#4686=CARTESIAN_POINT('Ctrl Pts',(-56.5445710083213,55.9134782797197,117.551146923808));
#4687=CARTESIAN_POINT('Ctrl Pts',(-56.5200755690807,55.9133586638236,118.133313464684));
#4688=CARTESIAN_POINT('Ctrl Pts',(-58.5209605950941,56.3719363508286,116.217387405717));
#4689=CARTESIAN_POINT('Ctrl Pts',(-58.0841619641741,56.3694353414332,116.217387405717));
#4690=CARTESIAN_POINT('Ctrl Pts',(-57.0636456495945,56.3636021019309,116.563349417277));
#4691=CARTESIAN_POINT('Ctrl Pts',(-56.5470774245641,56.3606587070932,117.551555051447));
#4692=CARTESIAN_POINT('Ctrl Pts',(-56.5226259846953,56.3605193142171,118.133420636004));
#4693=CARTESIAN_POINT('Ctrl Pts',(-56.5226259846953,56.3605193142171,118.133420636004));
#4694=CARTESIAN_POINT('Ctrl Pts',(-56.5470774245641,56.3606587070932,117.551555051447));
#4695=CARTESIAN_POINT('Ctrl Pts',(-57.0636456495945,56.3636021019309,116.563349417277));
#4696=CARTESIAN_POINT('Ctrl Pts',(-58.0841619641741,56.3694353414332,116.217387405717));
#4697=CARTESIAN_POINT('Ctrl Pts',(-58.5209605950941,56.3719363508286,116.217387405717));
#4698=CARTESIAN_POINT('Ctrl Pts',(-58.5209605950941,54.3719363508286,114.217387405717));
#4699=CARTESIAN_POINT('Ctrl Pts',(-57.9064856125495,54.3719363508286,114.217387405717));
#4700=CARTESIAN_POINT('Ctrl Pts',(-57.2914510090088,54.3719363508286,114.364109658343));
#4701=CARTESIAN_POINT('Ctrl Pts',(-56.7406776622435,54.3719363508286,114.636458910926));
#4702=CARTESIAN_POINT('Origin',(-80.5000002235214,54.3719363508286,116.217387405717));
#4703=CARTESIAN_POINT('',(-80.5000002235214,54.3719363508286,108.965805063849));
#4704=CARTESIAN_POINT('',(-80.5000002235214,54.3719363508286,116.217387405717));
#4705=CARTESIAN_POINT('',(-80.5000002235214,54.3719363508286,108.965805063849));
#4706=CARTESIAN_POINT('Origin',(-80.5000002235214,77.3719363508286,114.217387405717));
#4707=CARTESIAN_POINT('',(-80.5000002235214,79.3719363508286,114.217387405717));
#4708=CARTESIAN_POINT('',(-80.5000002235214,77.3719363508286,116.217387405717));
#4709=CARTESIAN_POINT('Origin',(-80.5000002235214,77.3719363508286,114.217387405717));
#4710=CARTESIAN_POINT('',(-58.5209605953965,77.3719363244218,116.217387405717));
#4711=CARTESIAN_POINT('',(-80.5000002235214,77.3719363508286,116.217387405717));
#4712=CARTESIAN_POINT('',(-58.5209605953965,79.3719363508286,114.217387405717));
#4713=CARTESIAN_POINT('Origin',(-58.5209605953965,77.3719363508286,114.217387405717));
#4714=CARTESIAN_POINT('',(-80.5000002235214,79.3719363508286,114.217387405717));
#4715=CARTESIAN_POINT('Ctrl Pts',(-54.5244219828829,79.3719363508286,118.049453866291));
#4716=CARTESIAN_POINT('Ctrl Pts',(-54.5733232697375,79.3719363508286,116.885722697158));
#4717=CARTESIAN_POINT('Ctrl Pts',(-55.6064330562266,79.3719363508286,114.909320159838));
#4718=CARTESIAN_POINT('Ctrl Pts',(-57.6473919755598,79.3719363508286,114.217387405715));
#4719=CARTESIAN_POINT('Ctrl Pts',(-58.5209605951031,79.3719363508286,114.217387405717));
#4720=CARTESIAN_POINT('Ctrl Pts',(-55.1201201957214,79.3719363508286,118.074485772248));
#4721=CARTESIAN_POINT('Ctrl Pts',(-55.1617273785436,79.3719374506835,117.084982766312));
#4722=CARTESIAN_POINT('Ctrl Pts',(-56.0425390923012,79.3719028971258,115.403028397412));
#4723=CARTESIAN_POINT('Ctrl Pts',(-57.7786565723273,79.3719164180411,114.815299009266));
#4724=CARTESIAN_POINT('Ctrl Pts',(-58.5209605951017,79.3719363508286,114.815786006401));
#4725=CARTESIAN_POINT('Ctrl Pts',(-56.1515463302637,78.8736056277694,118.117827453396));
#4726=CARTESIAN_POINT('Ctrl Pts',(-56.1806187184582,78.8735583268911,117.427651862092));
#4727=CARTESIAN_POINT('Ctrl Pts',(-56.7945869040213,78.8725738092519,116.256680326123));
#4728=CARTESIAN_POINT('Ctrl Pts',(-58.0041108827019,78.8705969081502,115.850463784568));
#4729=CARTESIAN_POINT('Ctrl Pts',(-58.5209605950994,78.8697444702181,115.851725754462));
#4730=CARTESIAN_POINT('Ctrl Pts',(-56.5200755690807,77.8305140378337,118.133313464684));
#4731=CARTESIAN_POINT('Ctrl Pts',(-56.5445710083217,77.8303944219376,117.5511469238));
#4732=CARTESIAN_POINT('Ctrl Pts',(-57.0631870135239,77.8278856236502,116.561740054009));
#4733=CARTESIAN_POINT('Ctrl Pts',(-58.0844974380986,77.8228847649814,116.216821241223));
#4734=CARTESIAN_POINT('Ctrl Pts',(-58.5209605950986,77.8207353013414,116.217387405717));
#4735=CARTESIAN_POINT('Ctrl Pts',(-56.5226259846953,77.3833533874402,118.133420636004));
#4736=CARTESIAN_POINT('Ctrl Pts',(-56.5470774245645,77.383213994564,117.551555051439));
#4737=CARTESIAN_POINT('Ctrl Pts',(-57.0636491312642,77.3802705796885,116.563353782777));
#4738=CARTESIAN_POINT('Ctrl Pts',(-58.0841619641771,77.3744373602241,116.217387405716));
#4739=CARTESIAN_POINT('Ctrl Pts',(-58.5209605950986,77.3719363508286,116.217387405717));
#4740=CARTESIAN_POINT('Ctrl Pts',(-56.7406794019023,79.3719363508286,114.636462422948));
#4741=CARTESIAN_POINT('Ctrl Pts',(-57.2914519189442,79.3719363508286,114.364111644916));
#4742=CARTESIAN_POINT('Ctrl Pts',(-57.9064853295167,79.3719363508286,114.217387405716));
#4743=CARTESIAN_POINT('Ctrl Pts',(-58.5209605951031,79.3719363508286,114.217387405717));
#4744=CARTESIAN_POINT('Ctrl Pts',(-58.5209605950986,77.3719363508286,116.217387405717));
#4745=CARTESIAN_POINT('Ctrl Pts',(-58.0841619641771,77.3744373602241,116.217387405716));
#4746=CARTESIAN_POINT('Ctrl Pts',(-57.0636491312642,77.3802705796885,116.563353782777));
#4747=CARTESIAN_POINT('Ctrl Pts',(-56.5470774245645,77.383213994564,117.551555051439));
#4748=CARTESIAN_POINT('Ctrl Pts',(-56.5226259846953,77.3833533874402,118.133420636004));
#4749=CARTESIAN_POINT('Ctrl Pts',(-56.5226259846953,77.3833533874402,118.133420636004));
#4750=CARTESIAN_POINT('Ctrl Pts',(-56.5460165627149,73.8719130971254,118.054235688525));
#4751=CARTESIAN_POINT('Ctrl Pts',(-56.6071097367562,70.3618184813574,117.892406269515));
#4752=CARTESIAN_POINT('Ctrl Pts',(-56.6071099678425,63.3821102519127,117.892405578094));
#4753=CARTESIAN_POINT('Ctrl Pts',(-56.5460165163013,59.8719526368334,118.054235845651));
#4754=CARTESIAN_POINT('Ctrl Pts',(-56.5226259846953,56.3605193142171,118.133420636004));
#4755=CARTESIAN_POINT('Ctrl Pts',(-56.5470767185092,77.3834930903549,117.551533904927));
#4756=CARTESIAN_POINT('Ctrl Pts',(-56.5909941527553,73.8722065433576,117.485267502017));
#4757=CARTESIAN_POINT('Ctrl Pts',(-56.6941612977445,70.3626925680276,117.362880383948));
#4758=CARTESIAN_POINT('Ctrl Pts',(-56.694161783927,63.3812361766123,117.362879944267));
#4759=CARTESIAN_POINT('Ctrl Pts',(-56.5909941508155,59.8716591827322,117.485267674148));
#4760=CARTESIAN_POINT('Ctrl Pts',(-56.5470767185092,56.3603796113024,117.551533904927));
#4761=CARTESIAN_POINT('Ctrl Pts',(-57.0635936736111,77.3864442870203,116.563319547482));
#4762=CARTESIAN_POINT('Ctrl Pts',(-57.1176006094363,73.8760001718957,116.543017482117));
#4763=CARTESIAN_POINT('Ctrl Pts',(-57.2389226789804,70.3673890748064,116.508604358244));
#4764=CARTESIAN_POINT('Ctrl Pts',(-57.2389233186571,63.3765397483759,116.508604253859));
#4765=CARTESIAN_POINT('Ctrl Pts',(-57.1176006203249,59.8678656104629,116.543017543022));
#4766=CARTESIAN_POINT('Ctrl Pts',(-57.0635936736111,56.357428414637,116.563319547482));
#4767=CARTESIAN_POINT('Ctrl Pts',(-58.0840369450916,77.3922747418587,116.217387405717));
#4768=CARTESIAN_POINT('Ctrl Pts',(-58.11375634081,73.8837426186157,116.217387405717));
#4769=CARTESIAN_POINT('Ctrl Pts',(-58.1785197224053,70.37587637014,116.217387405717));
#4770=CARTESIAN_POINT('Ctrl Pts',(-58.1785200479957,63.3680525803647,116.217387405717));
#4771=CARTESIAN_POINT('Ctrl Pts',(-58.1137563168023,59.8601231521997,116.217387405717));
#4772=CARTESIAN_POINT('Ctrl Pts',(-58.0840369450916,56.3515979597986,116.217387405717));
#4773=CARTESIAN_POINT('Ctrl Pts',(-58.5208299865076,77.3947704240518,116.217387405717));
#4774=CARTESIAN_POINT('Ctrl Pts',(-58.540871309943,73.8871480827584,116.217387405717));
#4775=CARTESIAN_POINT('Ctrl Pts',(-58.5808768325856,70.3796181435138,116.217387405717));
#4776=CARTESIAN_POINT('Ctrl Pts',(-58.5808770029354,63.3643108596375,116.217387405717));
#4777=CARTESIAN_POINT('Ctrl Pts',(-58.5408712701753,59.8567176587762,116.217387405717));
#4778=CARTESIAN_POINT('Ctrl Pts',(-58.5208299865076,56.3491022776055,116.217387405717));
#4779=CARTESIAN_POINT('Ctrl Pts',(-58.5209607339494,77.371936324844,116.217387405717));
#4780=CARTESIAN_POINT('Ctrl Pts',(-58.5410447415773,73.8719257493759,116.217387405717));
#4781=CARTESIAN_POINT('Ctrl Pts',(-58.5808768327704,70.3720066432534,116.217387405717));
#4782=CARTESIAN_POINT('Ctrl Pts',(-58.5808770027506,63.3719222347553,116.217387405717));
#4783=CARTESIAN_POINT('Ctrl Pts',(-58.5410447028531,59.8719402778513,116.217387405717));
#4784=CARTESIAN_POINT('Ctrl Pts',(-58.520960733795,56.3719363500823,116.217387405717));
#4785=CARTESIAN_POINT('Origin',(-80.5000002235214,79.3719363508286,116.217387405717));
#4786=CARTESIAN_POINT('',(-80.5000002235214,79.3719363508286,116.217387405717));
#4787=CARTESIAN_POINT('Origin',(-80.5000002235214,52.3719363508286,108.965805063849));
#4788=CARTESIAN_POINT('',(-80.5000002235214,53.5556098202164,107.353689336654));
#4789=CARTESIAN_POINT('Origin',(-80.5000002235214,52.3719363508286,108.965805063849));
#4790=CARTESIAN_POINT('',(-80.5000002235214,53.5556098202164,107.353689336654));
#4791=CARTESIAN_POINT('Origin',(-80.5000002235214,81.3719363508286,108.965805063849));
#4792=CARTESIAN_POINT('',(-80.5000002235214,80.1882628814409,107.353689336654));
#4793=CARTESIAN_POINT('',(-80.5000002235214,80.1882628814409,107.353689336654));
#4794=CARTESIAN_POINT('',(-80.5000002235214,79.3719363508286,108.965805063849));
#4795=CARTESIAN_POINT('Origin',(-80.5000002235214,81.3719363508286,108.965805063849));
#4796=CARTESIAN_POINT('',(-80.5000002235214,79.3719363508286,108.965805063849));
#4797=CARTESIAN_POINT('Origin',(-80.5000002235214,66.8719363508286,89.2173874057173));
#4798=CARTESIAN_POINT('Origin',(-80.5000002235214,66.8719363508286,89.2173874057173));
#4799=CARTESIAN_POINT('Origin',(-55.0000002235214,77.8719363508286,78.7173874057173));
#4800=CARTESIAN_POINT('',(-55.0000002235214,77.8719363508286,76.7173874057173));
#4801=CARTESIAN_POINT('',(-55.0000002235214,79.8719363508286,78.7173874057173));
#4802=CARTESIAN_POINT('Origin',(-55.0000002235214,77.8719363508286,78.7173874057173));
#4803=CARTESIAN_POINT('',(-55.0000002235214,77.8719363508286,76.7173874057173));
#4804=CARTESIAN_POINT('',(-55.0000002235214,79.8719363508286,78.7173874057173));
#4805=CARTESIAN_POINT('Origin',(-55.0000002235214,79.8719363508286,76.7173874057173));
#4806=CARTESIAN_POINT('',(-55.0000002235214,79.8719363508286,83.2173874057173));
#4807=CARTESIAN_POINT('',(-55.0000002235214,79.8719363508286,83.2173874057173));
#4808=CARTESIAN_POINT('',(-55.0000002235214,79.8719363508286,76.7173874057173));
#4809=CARTESIAN_POINT('Origin',(-55.0000002235214,55.8719363508286,78.7173874057173));
#4810=CARTESIAN_POINT('',(-55.0000002235214,53.8719363508286,78.7173874057173));
#4811=CARTESIAN_POINT('',(-55.0000002235214,55.8719363508286,76.7173874057173));
#4812=CARTESIAN_POINT('Origin',(-55.0000002235214,55.8719363508286,78.7173874057173));
#4813=CARTESIAN_POINT('',(-55.0000002235214,53.8719363508286,78.7173874057173));
#4814=CARTESIAN_POINT('',(-55.0000002235214,55.8719363508286,76.7173874057173));
#4815=CARTESIAN_POINT('Origin',(-55.0000002235214,53.8719363508286,76.7173874057173));
#4816=CARTESIAN_POINT('',(-55.0000002235214,53.8719363508286,76.7173874057173));
#4817=CARTESIAN_POINT('Origin',(-55.0000002235214,81.8719363508286,83.2173874057173));
#4818=CARTESIAN_POINT('',(-55.0000002235214,81.8719363508286,85.2173874057173));
#4819=CARTESIAN_POINT('',(-55.0000002235214,81.8719363508286,85.2173874057173));
#4820=CARTESIAN_POINT('Origin',(-55.0000002235214,81.8719363508286,83.2173874057173));
#4821=CARTESIAN_POINT('Origin',(-55.0000002235214,79.8719363508286,85.2173874057173));
#4822=CARTESIAN_POINT('',(-55.0000002235214,82.8719363508286,85.2173874057173));
#4823=CARTESIAN_POINT('',(-55.0000002235214,82.8719363508286,85.2173874057173));
#4824=CARTESIAN_POINT('',(-55.0000002235214,79.8719363508286,85.2173874057173));
#4825=CARTESIAN_POINT('Origin',(-55.0000002235214,81.8719363508286,95.2173874057173));
#4826=CARTESIAN_POINT('',(-55.0000002235214,79.8719363508286,95.2173874057173));
#4827=CARTESIAN_POINT('',(-55.0000002235214,79.8719363508286,95.2173874057173));
#4828=CARTESIAN_POINT('',(-55.0000002235214,81.8719363508286,93.2173874057173));
#4829=CARTESIAN_POINT('Origin',(-55.0000002235214,81.8719363508286,95.2173874057173));
#4830=CARTESIAN_POINT('',(-55.0000002235214,81.8719363508286,93.2173874057173));
#4831=CARTESIAN_POINT('Origin',(-55.0000002235214,79.8719363508286,93.2173874057173));
#4832=CARTESIAN_POINT('',(-55.0000002235214,79.8719363508286,114.717387405717));
#4833=CARTESIAN_POINT('',(-55.0000002235214,79.8719363508286,114.717387405717));
#4834=CARTESIAN_POINT('',(-55.0000002235214,79.8719363508286,93.2173874057173));
#4835=CARTESIAN_POINT('Origin',(-55.0000002235214,51.8719363508286,83.2173874057173));
#4836=CARTESIAN_POINT('',(-55.0000002235214,53.8719363508286,83.2173874057173));
#4837=CARTESIAN_POINT('',(-55.0000002235214,53.8719363508286,83.2173874057173));
#4838=CARTESIAN_POINT('',(-55.0000002235214,51.8719363508286,85.2173874057173));
#4839=CARTESIAN_POINT('Origin',(-55.0000002235214,51.8719363508286,83.2173874057173));
#4840=CARTESIAN_POINT('',(-55.0000002235214,51.8719363508286,85.2173874057173));
#4841=CARTESIAN_POINT('Origin',(-55.0000002235214,53.8719363508286,85.2173874057173));
#4842=CARTESIAN_POINT('',(-55.0000002235214,53.8719363508286,85.2173874057173));
#4843=CARTESIAN_POINT('Origin',(-55.0000002235214,51.8719363508286,95.2173874057173));
#4844=CARTESIAN_POINT('',(-55.0000002235214,51.8719363508286,93.2173874057173));
#4845=CARTESIAN_POINT('',(-55.0000002235214,51.8719363508286,93.2173874057173));
#4846=CARTESIAN_POINT('',(-55.0000002235214,53.8719363508286,95.2173874057173));
#4847=CARTESIAN_POINT('Origin',(-55.0000002235214,51.8719363508286,95.2173874057173));
#4848=CARTESIAN_POINT('',(-55.0000002235214,53.8719363508286,95.2173874057173));
#4849=CARTESIAN_POINT('Origin',(-55.0000002235214,53.8719363508286,93.2173874057173));
#4850=CARTESIAN_POINT('',(-55.0000002235214,50.8719363508286,93.2173874057173));
#4851=CARTESIAN_POINT('',(-55.0000002235214,50.8719363508286,93.2173874057173));
#4852=CARTESIAN_POINT('',(-55.0000002235214,50.8719363508286,93.2173874057173));
#4853=CARTESIAN_POINT('Origin',(-55.0000002235214,60.8719363508286,118.717387405717));
#4854=CARTESIAN_POINT('',(-55.0000002235214,60.8719363508286,116.717387405717));
#4855=CARTESIAN_POINT('',(-55.0000002235214,60.8719363508286,116.717387405717));
#4856=CARTESIAN_POINT('',(-55.0000002235214,62.8719363508286,118.717387405717));
#4857=CARTESIAN_POINT('Origin',(-55.0000002235214,60.8719363508286,118.717387405717));
#4858=CARTESIAN_POINT('',(-55.0000002235214,62.8719363508286,118.717387405717));
#4859=CARTESIAN_POINT('Origin',(-55.0000002235214,62.8719363508286,116.717387405717));
#4860=CARTESIAN_POINT('',(-55.0000002235214,55.8719363508287,116.717387405717));
#4861=CARTESIAN_POINT('',(-55.0000002235214,55.8719363508287,116.717387405717));
#4862=CARTESIAN_POINT('',(-55.0000002235214,62.8719363508286,116.717387405717));
#4863=CARTESIAN_POINT('Origin',(-55.0000002235214,72.8719363508286,118.717387405717));
#4864=CARTESIAN_POINT('',(-55.0000002235214,70.8719363508286,118.717387405717));
#4865=CARTESIAN_POINT('',(-55.0000002235214,70.8719363508286,118.717387405717));
#4866=CARTESIAN_POINT('',(-55.0000002235214,72.8719363508286,116.717387405717));
#4867=CARTESIAN_POINT('Origin',(-55.0000002235214,72.8719363508286,118.717387405717));
#4868=CARTESIAN_POINT('',(-55.0000002235214,72.8719363508286,116.717387405717));
#4869=CARTESIAN_POINT('Origin',(-55.0000002235214,79.8719363508286,116.717387405717));
#4870=CARTESIAN_POINT('',(-55.0000002235214,77.8719363508286,116.717387405717));
#4871=CARTESIAN_POINT('',(-55.0000002235214,79.8719363508286,116.717387405717));
#4872=CARTESIAN_POINT('',(-55.0000002235214,77.8719363508286,116.717387405717));
#4873=CARTESIAN_POINT('Origin',(-55.0000002235214,77.8719363508286,114.717387405717));
#4874=CARTESIAN_POINT('Origin',(-55.0000002235214,77.8719363508286,114.717387405717));
#4875=CARTESIAN_POINT('Origin',(-55.0000002235214,66.8719363508286,96.7173874057173));
#4876=CARTESIAN_POINT('',(-55.0000002235214,82.8719363508286,93.2173874057173));
#4877=CARTESIAN_POINT('Origin',(-55.0000002235214,82.8719363508286,89.2173874057173));
#4878=CARTESIAN_POINT('',(-55.0000002235214,82.8719363508286,93.2173874057173));
#4879=CARTESIAN_POINT('',(-55.0000002235214,70.8719363508286,119.717387405717));
#4880=CARTESIAN_POINT('',(-55.0000002235214,70.8719363508286,116.717387405717));
#4881=CARTESIAN_POINT('',(-55.0000002235214,62.8719363508286,119.717387405717));
#4882=CARTESIAN_POINT('Origin',(-55.0000002235214,66.8719363508286,119.717387405717));
#4883=CARTESIAN_POINT('',(-55.0000002235214,62.8719363508286,119.717387405717));
#4884=CARTESIAN_POINT('',(-55.0000002235214,53.8719363508286,114.717387405717));
#4885=CARTESIAN_POINT('Origin',(-55.0000002235214,55.8719363508287,114.717387405717));
#4886=CARTESIAN_POINT('',(-55.0000002235214,53.8719363508286,116.717387405717));
#4887=CARTESIAN_POINT('',(-55.0000002235214,50.8719363508286,85.2173874057173));
#4888=CARTESIAN_POINT('Origin',(-55.0000002235214,50.8719363508286,89.2173874057173));
#4889=CARTESIAN_POINT('',(-55.0000002235214,53.8719363508286,85.2173874057173));
#4890=CARTESIAN_POINT('',(-55.0000002235214,77.3719363508286,114.217387405717));
#4891=CARTESIAN_POINT('',(-55.0000002235214,56.3719363508286,114.217387405717));
#4892=CARTESIAN_POINT('',(-55.0000002235214,61.6219363508286,114.217387405717));
#4893=CARTESIAN_POINT('',(-55.0000002235214,77.3719363508286,79.2173874057173));
#4894=CARTESIAN_POINT('',(-55.0000002235214,77.3719363508286,105.467387405717));
#4895=CARTESIAN_POINT('',(-55.0000002235214,56.3719363508286,79.2173874057173));
#4896=CARTESIAN_POINT('',(-55.0000002235214,61.6219363508286,79.2173874057173));
#4897=CARTESIAN_POINT('',(-55.0000002235214,56.3719363508286,87.9673874057173));
#4898=CARTESIAN_POINT('Origin',(-55.0000002235214,55.8719363508287,114.717387405717));
#4899=CARTESIAN_POINT('',(-55.0000002235214,53.8719363508286,114.717387405717));
#4900=CARTESIAN_POINT('Origin',(-55.0000002235214,53.8719363508286,116.717387405717));
#4901=CARTESIAN_POINT('Origin',(-55.0000002235214,62.8719363508286,119.717387405717));
#4902=CARTESIAN_POINT('',(-55.0000002235214,62.8719363508286,119.717387405717));
#4903=CARTESIAN_POINT('Origin',(-55.0000002235214,66.8719363508286,119.717387405717));
#4904=CARTESIAN_POINT('',(-55.0000002235214,70.8719363508286,119.717387405717));
#4905=CARTESIAN_POINT('Origin',(-55.0000002235214,70.8719363508286,116.717387405717));
#4906=CARTESIAN_POINT('Origin',(-55.0000002235214,82.8719363508286,93.2173874057173));
#4907=CARTESIAN_POINT('',(-55.0000002235214,82.8719363508286,93.2173874057173));
#4908=CARTESIAN_POINT('Origin',(-55.0000002235214,82.8719363508286,89.2173874057173));
#4909=CARTESIAN_POINT('Origin',(-55.0000002235214,50.8719363508286,85.2173874057173));
#4910=CARTESIAN_POINT('',(-55.0000002235214,50.8719363508286,85.2173874057173));
#4911=CARTESIAN_POINT('Origin',(-55.0000002235214,50.8719363508286,89.2173874057173));
#4912=CARTESIAN_POINT('Origin',(-80.5000002235214,56.3719363508286,79.2173874057173));
#4913=CARTESIAN_POINT('',(-78.0000002235214,77.3719363508286,79.2173874057173));
#4914=CARTESIAN_POINT('',(-80.5000002235214,77.3719363508286,79.2173874057173));
#4915=CARTESIAN_POINT('',(-78.0000002235214,56.3719363508286,79.2173874057173));
#4916=CARTESIAN_POINT('',(-78.0000002235214,61.6219363508286,79.2173874057173));
#4917=CARTESIAN_POINT('',(-80.5000002235214,56.3719363508286,79.2173874057173));
#4918=CARTESIAN_POINT('Origin',(-80.5000002235214,77.3719363508286,114.217387405717));
#4919=CARTESIAN_POINT('',(-78.0000002235214,77.3719363508286,114.217387405717));
#4920=CARTESIAN_POINT('',(-80.5000002235214,77.3719363508286,114.217387405717));
#4921=CARTESIAN_POINT('',(-78.0000002235214,77.3719363508286,105.467387405717));
#4922=CARTESIAN_POINT('Origin',(-80.5000002235214,66.8719363508286,89.2173874057173));
#4923=CARTESIAN_POINT('',(-78.0000002235214,75.8719363508286,89.2173874057173));
#4924=CARTESIAN_POINT('Origin',(-78.0000002235214,66.8719363508286,89.2173874057173));
#4925=CARTESIAN_POINT('',(-80.5000002235214,75.8719363508286,89.2173874057173));
#4926=CARTESIAN_POINT('',(-80.5000002235214,75.8719363508286,89.2173874057173));
#4927=CARTESIAN_POINT('Origin',(-80.5000002235214,66.8719363508286,89.2173874057173));
#4928=CARTESIAN_POINT('Origin',(-78.0000002235214,66.8719363508286,96.7173874057173));
#4929=CARTESIAN_POINT('',(-78.0000002235214,56.3719363508286,114.217387405717));
#4930=CARTESIAN_POINT('',(-78.0000002235214,61.6219363508286,114.217387405717));
#4931=CARTESIAN_POINT('',(-78.0000002235214,56.3719363508286,87.9673874057173));
#4932=CARTESIAN_POINT('Origin',(-80.5000002235214,56.3719363508286,114.217387405717));
#4933=CARTESIAN_POINT('',(-80.5000002235214,56.3719363508286,114.217387405717));
#4934=CARTESIAN_POINT('Origin',(-80.5000002235214,66.8719363508286,89.2173874057173));
#4935=CARTESIAN_POINT('',(-80.5000002235214,79.3719363508286,77.2173874057173));
#4936=CARTESIAN_POINT('Origin',(-80.5000002235214,56.3719363508286,79.2173874057173));
#4937=CARTESIAN_POINT('Origin',(-80.5000002235214,79.3719363508286,77.2173874057173));
#4938=CARTESIAN_POINT('Origin',(-91.5000001117627,66.8719363508287,159.217387405717));
#4939=CARTESIAN_POINT('',(-90.5000001117627,66.8719363508287,157.217387405717));
#4940=CARTESIAN_POINT('Origin',(-91.5000001117627,66.8719363508287,157.217387405717));
#4941=CARTESIAN_POINT('',(-90.5000001117627,66.8719363508287,159.217387405717));
#4942=CARTESIAN_POINT('',(-90.5000001117627,66.8719363508287,159.217387405717));
#4943=CARTESIAN_POINT('Origin',(-91.5000001117627,66.8719363508287,159.217387405717));
#4944=CARTESIAN_POINT('Origin',(-91.5000001117627,66.8719363508287,157.217387405717));
#4945=CARTESIAN_POINT('',(-88.5000001117627,66.8719363508287,157.217387405717));
#4946=CARTESIAN_POINT('Origin',(-91.5000001117627,66.8719363508287,157.217387405717));
#4947=CARTESIAN_POINT('Origin',(-79.5000001117627,66.8719363508287,159.217387405717));
#4948=CARTESIAN_POINT('',(-78.5000001117627,66.8719363508287,157.217387405717));
#4949=CARTESIAN_POINT('Origin',(-79.5000001117627,66.8719363508287,157.217387405717));
#4950=CARTESIAN_POINT('',(-78.5000001117627,66.8719363508287,159.217387405717));
#4951=CARTESIAN_POINT('',(-78.5000001117627,66.8719363508287,159.217387405717));
#4952=CARTESIAN_POINT('Origin',(-79.5000001117627,66.8719363508287,159.217387405717));
#4953=CARTESIAN_POINT('Origin',(-79.5000001117627,66.8719363508287,157.217387405717));
#4954=CARTESIAN_POINT('',(-76.5000001117627,66.8719363508287,157.217387405717));
#4955=CARTESIAN_POINT('Origin',(-79.5000001117627,66.8719363508287,157.217387405717));
#4956=CARTESIAN_POINT('Origin',(-85.5000002235214,60.8719362614217,159.217387405717));
#4957=CARTESIAN_POINT('',(-84.5000002235214,60.8719362614217,157.217387405717));
#4958=CARTESIAN_POINT('Origin',(-85.5000002235214,60.8719362614217,157.217387405717));
#4959=CARTESIAN_POINT('',(-84.5000002235214,60.8719362614217,159.217387405717));
#4960=CARTESIAN_POINT('',(-84.5000002235214,60.8719362614217,159.217387405717));
#4961=CARTESIAN_POINT('Origin',(-85.5000002235214,60.8719362614217,159.217387405717));
#4962=CARTESIAN_POINT('Origin',(-85.5000002235214,60.8719362614217,157.217387405717));
#4963=CARTESIAN_POINT('',(-82.5000002235214,60.8719362614217,157.217387405717));
#4964=CARTESIAN_POINT('Origin',(-85.5000002235214,60.8719362614217,157.217387405717));
#4965=CARTESIAN_POINT('Origin',(-85.5000002235214,72.8719364402356,159.217387405717));
#4966=CARTESIAN_POINT('',(-84.5000002235214,72.8719364402356,157.217387405717));
#4967=CARTESIAN_POINT('Origin',(-85.5000002235214,72.8719364402356,157.217387405717));
#4968=CARTESIAN_POINT('',(-84.5000002235214,72.8719364402356,159.217387405717));
#4969=CARTESIAN_POINT('',(-84.5000002235214,72.8719364402356,159.217387405717));
#4970=CARTESIAN_POINT('Origin',(-85.5000002235214,72.8719364402356,159.217387405717));
#4971=CARTESIAN_POINT('Origin',(-85.5000002235214,72.8719364402356,157.217387405717));
#4972=CARTESIAN_POINT('',(-82.5000002235214,72.8719364402356,157.217387405717));
#4973=CARTESIAN_POINT('Origin',(-85.5000002235214,72.8719364402356,157.217387405717));
#4974=CARTESIAN_POINT('Origin',(-79.5000001117627,66.8719363508287,159.217387405717));
#4975=CARTESIAN_POINT('',(-76.5000001117627,66.8719363508287,159.217387405717));
#4976=CARTESIAN_POINT('Origin',(-85.5000002235214,60.8719362614217,159.217387405717));
#4977=CARTESIAN_POINT('',(-82.5000002235214,60.8719362614217,159.217387405717));
#4978=CARTESIAN_POINT('Origin',(-85.5000002235214,72.8719364402356,159.217387405717));
#4979=CARTESIAN_POINT('',(-82.5000002235214,72.8719364402356,159.217387405717));
#4980=CARTESIAN_POINT('Origin',(-91.5000001117627,66.8719363508287,159.217387405717));
#4981=CARTESIAN_POINT('',(-88.5000001117627,66.8719363508287,159.217387405717));
#4982=CARTESIAN_POINT('Origin',(-85.5000001117627,66.8719363508287,159.217387405717));
#4983=CARTESIAN_POINT('Origin',(-55.0000002235214,52.3719363508286,94.7173874057173));
#4984=CARTESIAN_POINT('',(-55.0000002235214,54.3719363508286,94.7173874057173));
#4985=CARTESIAN_POINT('',(-55.0000002235214,52.3719363508286,92.7173874057173));
#4986=CARTESIAN_POINT('Origin',(-55.0000002235214,52.3719363508286,94.7173874057173));
#4987=CARTESIAN_POINT('',(-53.0000002235214,52.3719363508286,92.7173874057173));
#4988=CARTESIAN_POINT('',(-55.0000002235214,52.3719363508286,92.7173874057173));
#4989=CARTESIAN_POINT('',(-53.0000002235214,54.3719363508286,94.7173874057173));
#4990=CARTESIAN_POINT('Origin',(-53.0000002235214,52.3719363508286,94.7173874057173));
#4991=CARTESIAN_POINT('',(-55.0000002235214,54.3719363508286,94.7173874057173));
#4992=CARTESIAN_POINT('Origin',(-55.0000002235214,54.3719363508286,92.7173874057173));
#4993=CARTESIAN_POINT('',(-55.0000002235214,50.8719363508286,92.7173874057173));
#4994=CARTESIAN_POINT('',(-55.0000002235214,50.8719363508286,92.7173874057173));
#4995=CARTESIAN_POINT('',(-53.0000002235214,50.8719363508286,92.7173874057173));
#4996=CARTESIAN_POINT('',(-55.0000002235214,50.8719363508286,92.7173874057173));
#4997=CARTESIAN_POINT('',(-53.0000002235214,50.8719363508286,92.7173874057173));
#4998=CARTESIAN_POINT('Origin',(-55.0000002235214,52.3719363508286,83.7173874057173));
#4999=CARTESIAN_POINT('',(-55.0000002235214,52.3719363508286,85.7173874057173));
#5000=CARTESIAN_POINT('',(-55.0000002235214,54.3719363508286,83.7173874057173));
#5001=CARTESIAN_POINT('Origin',(-55.0000002235214,52.3719363508286,83.7173874057173));
#5002=CARTESIAN_POINT('',(-53.0000002235214,54.3719363508286,83.7173874057173));
#5003=CARTESIAN_POINT('',(-55.0000002235214,54.3719363508286,83.7173874057173));
#5004=CARTESIAN_POINT('',(-53.0000002235214,52.3719363508286,85.7173874057173));
#5005=CARTESIAN_POINT('Origin',(-53.0000002235214,52.3719363508286,83.7173874057173));
#5006=CARTESIAN_POINT('',(-55.0000002235214,52.3719363508286,85.7173874057173));
#5007=CARTESIAN_POINT('Origin',(-55.0000002235214,54.3719363508286,85.7173874057173));
#5008=CARTESIAN_POINT('',(-55.0000002235214,54.3719363508286,79.2173874057173));
#5009=CARTESIAN_POINT('',(-55.0000002235214,54.3719363508286,116.217387405717));
#5010=CARTESIAN_POINT('',(-53.0000002235214,54.3719363508286,79.2173874057173));
#5011=CARTESIAN_POINT('',(-55.0000002235214,54.3719363508286,79.2173874057173));
#5012=CARTESIAN_POINT('',(-53.0000002235214,54.3719363508286,116.217387405717));
#5013=CARTESIAN_POINT('Origin',(-55.0000002235214,56.3719363508286,79.2173874057173));
#5014=CARTESIAN_POINT('',(-53.0000002235214,56.3719363508286,77.2173874057173));
#5015=CARTESIAN_POINT('Origin',(-53.0000002235214,56.3719363508286,79.2173874057173));
#5016=CARTESIAN_POINT('',(-55.0000002235214,56.3719363508286,77.2173874057173));
#5017=CARTESIAN_POINT('Origin',(-55.0000002235214,56.3719363508286,79.2173874057173));
#5018=CARTESIAN_POINT('',(-55.0000002235214,56.3719363508286,77.2173874057173));
#5019=CARTESIAN_POINT('Origin',(-55.0000002235214,54.3719363508286,77.2173874057173));
#5020=CARTESIAN_POINT('',(-55.0000002235214,77.3719363508286,77.2173874057173));
#5021=CARTESIAN_POINT('',(-55.0000002235214,54.3719363508286,77.2173874057173));
#5022=CARTESIAN_POINT('',(-53.0000002235214,77.3719363508286,77.2173874057173));
#5023=CARTESIAN_POINT('',(-55.0000002235214,77.3719363508286,77.2173874057173));
#5024=CARTESIAN_POINT('',(-53.0000002235214,54.3719363508286,77.2173874057173));
#5025=CARTESIAN_POINT('Origin',(-55.0000002235214,66.8719363508286,100.217387405717));
#5026=CARTESIAN_POINT('',(-55.0000002235214,50.8719363508286,85.7173874057173));
#5027=CARTESIAN_POINT('',(-55.0000002235214,54.3719363508286,85.7173874057173));
#5028=CARTESIAN_POINT('Origin',(-55.0000002235214,50.8719363508286,89.2173874057173));
#5029=CARTESIAN_POINT('',(-55.0000002235214,54.3719363508286,114.217387405717));
#5030=CARTESIAN_POINT('',(-55.0000002235214,54.3719363508286,116.217387405717));
#5031=CARTESIAN_POINT('',(-55.0000002235214,56.3719363508286,116.217387405717));
#5032=CARTESIAN_POINT('Origin',(-55.0000002235214,56.3719363508286,114.217387405717));
#5033=CARTESIAN_POINT('',(-55.0000002235214,61.3719363508286,116.217387405717));
#5034=CARTESIAN_POINT('',(-55.0000002235214,79.3719363508286,116.217387405717));
#5035=CARTESIAN_POINT('',(-55.0000002235214,63.3719363508286,118.217387405717));
#5036=CARTESIAN_POINT('Origin',(-55.0000002235214,61.3719363508286,118.217387405717));
#5037=CARTESIAN_POINT('',(-55.0000002235214,63.3719363508286,119.717387405717));
#5038=CARTESIAN_POINT('',(-55.0000002235214,63.3719363508286,119.717387405717));
#5039=CARTESIAN_POINT('',(-55.0000002235214,70.3719363508286,119.717387405717));
#5040=CARTESIAN_POINT('Origin',(-55.0000002235214,66.8719363508286,119.717387405717));
#5041=CARTESIAN_POINT('',(-55.0000002235214,70.3719363508286,118.217387405717));
#5042=CARTESIAN_POINT('',(-55.0000002235214,70.3719363508286,116.217387405717));
#5043=CARTESIAN_POINT('',(-55.0000002235214,72.3719363508286,116.217387405717));
#5044=CARTESIAN_POINT('Origin',(-55.0000002235214,72.3719363508286,118.217387405717));
#5045=CARTESIAN_POINT('',(-55.0000002235214,77.3719363508286,116.217387405717));
#5046=CARTESIAN_POINT('',(-55.0000002235214,79.3719363508286,116.217387405717));
#5047=CARTESIAN_POINT('',(-55.0000002235214,79.3719363508286,114.217387405717));
#5048=CARTESIAN_POINT('Origin',(-55.0000002235214,77.3719363508286,114.217387405717));
#5049=CARTESIAN_POINT('',(-55.0000002235214,79.3719363508286,94.7173874057173));
#5050=CARTESIAN_POINT('',(-55.0000002235214,79.3719363508286,77.2173874057173));
#5051=CARTESIAN_POINT('',(-55.0000002235214,81.3719363508286,92.7173874057173));
#5052=CARTESIAN_POINT('Origin',(-55.0000002235214,81.3719363508286,94.7173874057173));
#5053=CARTESIAN_POINT('',(-55.0000002235214,82.8719363508286,92.7173874057173));
#5054=CARTESIAN_POINT('',(-55.0000002235214,82.8719363508286,92.7173874057173));
#5055=CARTESIAN_POINT('',(-55.0000002235214,82.8719363508286,85.7173874057173));
#5056=CARTESIAN_POINT('Origin',(-55.0000002235214,82.8719363508286,89.2173874057173));
#5057=CARTESIAN_POINT('',(-55.0000002235214,81.3719363508286,85.7173874057173));
#5058=CARTESIAN_POINT('',(-55.0000002235214,79.3719363508286,85.7173874057173));
#5059=CARTESIAN_POINT('',(-55.0000002235214,79.3719363508286,83.7173874057173));
#5060=CARTESIAN_POINT('Origin',(-55.0000002235214,81.3719363508286,83.7173874057173));
#5061=CARTESIAN_POINT('',(-55.0000002235214,79.3719363508286,79.2173874057173));
#5062=CARTESIAN_POINT('',(-55.0000002235214,79.3719363508286,77.2173874057173));
#5063=CARTESIAN_POINT('Origin',(-55.0000002235214,77.3719363508286,79.2173874057173));
#5064=CARTESIAN_POINT('',(-55.0000002235214,75.8719363508286,111.717387405717));
#5065=CARTESIAN_POINT('Origin',(-55.0000002235214,74.8719363508286,111.717387405717));
#5066=CARTESIAN_POINT('',(-55.0000002235214,84.3719363508286,89.2173874057173));
#5067=CARTESIAN_POINT('Origin',(-55.0000002235214,82.8719363508286,89.2173874057173));
#5068=CARTESIAN_POINT('',(-55.0000002235214,59.8719363508286,111.717387405717));
#5069=CARTESIAN_POINT('Origin',(-55.0000002235214,58.8719363508286,111.717387405717));
#5070=CARTESIAN_POINT('',(-55.0000002235214,69.8719363508286,103.717387405717));
#5071=CARTESIAN_POINT('',(-55.0000002235214,69.8719363508286,91.7173874057173));
#5072=CARTESIAN_POINT('',(-55.0000002235214,69.8719363508286,103.717387405717));
#5073=CARTESIAN_POINT('',(-55.0000002235214,77.3719363508286,91.7173874057173));
#5074=CARTESIAN_POINT('',(-55.0000002235214,69.8719363508286,91.7173874057173));
#5075=CARTESIAN_POINT('',(-55.0000002235214,77.3719363508286,103.717387405717));
#5076=CARTESIAN_POINT('',(-55.0000002235214,77.3719363508286,79.2173874057173));
#5077=CARTESIAN_POINT('',(-55.0000002235214,77.3719363508286,103.717387405717));
#5078=CARTESIAN_POINT('',(-55.0000002235214,68.3719363508286,119.717387405717));
#5079=CARTESIAN_POINT('Origin',(-55.0000002235214,66.8719363508286,119.717387405717));
#5080=CARTESIAN_POINT('',(-55.0000002235214,63.8719363508286,103.717387405717));
#5081=CARTESIAN_POINT('',(-55.0000002235214,56.3719363508286,103.717387405717));
#5082=CARTESIAN_POINT('',(-55.0000002235214,56.3719363508286,103.717387405717));
#5083=CARTESIAN_POINT('',(-55.0000002235214,56.3719363508286,91.7173874057173));
#5084=CARTESIAN_POINT('',(-55.0000002235214,56.3719363508286,114.217387405717));
#5085=CARTESIAN_POINT('',(-55.0000002235214,63.8719363508286,91.7173874057173));
#5086=CARTESIAN_POINT('',(-55.0000002235214,63.8719363508286,91.7173874057173));
#5087=CARTESIAN_POINT('',(-55.0000002235214,63.8719363508286,103.717387405717));
#5088=CARTESIAN_POINT('',(-55.0000002235214,59.8719363508286,81.7173874057173));
#5089=CARTESIAN_POINT('Origin',(-55.0000002235214,58.8719363508286,81.7173874057173));
#5090=CARTESIAN_POINT('',(-55.0000002235214,75.8719363508286,81.7173874057173));
#5091=CARTESIAN_POINT('Origin',(-55.0000002235214,74.8719363508286,81.7173874057173));
#5092=CARTESIAN_POINT('',(-55.0000002235214,52.3719363508286,89.2173874057173));
#5093=CARTESIAN_POINT('Origin',(-55.0000002235214,50.8719363508286,89.2173874057173));
#5094=CARTESIAN_POINT('Origin',(-55.0000002235214,77.3719363508286,79.2173874057173));
#5095=CARTESIAN_POINT('',(-53.0000002235214,79.3719363508286,79.2173874057173));
#5096=CARTESIAN_POINT('Origin',(-53.0000002235214,77.3719363508286,79.2173874057173));
#5097=CARTESIAN_POINT('',(-55.0000002235214,79.3719363508286,79.2173874057173));
#5098=CARTESIAN_POINT('Origin',(-55.0000002235214,79.3719363508286,77.2173874057173));
#5099=CARTESIAN_POINT('',(-53.0000002235214,79.3719363508286,83.7173874057173));
#5100=CARTESIAN_POINT('',(-55.0000002235214,79.3719363508286,83.7173874057173));
#5101=CARTESIAN_POINT('',(-53.0000002235214,79.3719363508286,77.2173874057173));
#5102=CARTESIAN_POINT('Origin',(-55.0000002235214,81.3719363508286,83.7173874057173));
#5103=CARTESIAN_POINT('',(-53.0000002235214,81.3719363508286,85.7173874057173));
#5104=CARTESIAN_POINT('',(-55.0000002235214,81.3719363508286,85.7173874057173));
#5105=CARTESIAN_POINT('Origin',(-53.0000002235214,81.3719363508286,83.7173874057173));
#5106=CARTESIAN_POINT('Origin',(-55.0000002235214,79.3719363508286,85.7173874057173));
#5107=CARTESIAN_POINT('',(-53.0000002235214,82.8719363508286,85.7173874057173));
#5108=CARTESIAN_POINT('',(-55.0000002235214,82.8719363508286,85.7173874057173));
#5109=CARTESIAN_POINT('',(-53.0000002235214,79.3719363508286,85.7173874057173));
#5110=CARTESIAN_POINT('Origin',(-55.0000002235214,81.3719363508286,94.7173874057173));
#5111=CARTESIAN_POINT('',(-53.0000002235214,79.3719363508286,94.7173874057173));
#5112=CARTESIAN_POINT('',(-55.0000002235214,79.3719363508286,94.7173874057173));
#5113=CARTESIAN_POINT('',(-53.0000002235214,81.3719363508286,92.7173874057173));
#5114=CARTESIAN_POINT('Origin',(-53.0000002235214,81.3719363508286,94.7173874057173));
#5115=CARTESIAN_POINT('',(-55.0000002235214,81.3719363508286,92.7173874057173));
#5116=CARTESIAN_POINT('Origin',(-55.0000002235214,79.3719363508286,92.7173874057173));
#5117=CARTESIAN_POINT('',(-53.0000002235214,79.3719363508286,114.217387405717));
#5118=CARTESIAN_POINT('',(-55.0000002235214,79.3719363508286,114.217387405717));
#5119=CARTESIAN_POINT('',(-53.0000002235214,79.3719363508286,77.2173874057173));
#5120=CARTESIAN_POINT('Origin',(-55.0000002235214,77.3719363508286,114.217387405717));
#5121=CARTESIAN_POINT('',(-53.0000002235214,77.3719363508286,116.217387405717));
#5122=CARTESIAN_POINT('Origin',(-53.0000002235214,77.3719363508286,114.217387405717));
#5123=CARTESIAN_POINT('',(-55.0000002235214,77.3719363508286,116.217387405717));
#5124=CARTESIAN_POINT('Origin',(-55.0000002235214,79.3719363508286,116.217387405717));
#5125=CARTESIAN_POINT('',(-53.0000002235214,72.3719363508286,116.217387405717));
#5126=CARTESIAN_POINT('',(-55.0000002235214,72.3719363508286,116.217387405717));
#5127=CARTESIAN_POINT('',(-53.0000002235214,79.3719363508286,116.217387405717));
#5128=CARTESIAN_POINT('Origin',(-55.0000002235214,72.3719363508286,118.217387405717));
#5129=CARTESIAN_POINT('',(-53.0000002235214,70.3719363508286,118.217387405717));
#5130=CARTESIAN_POINT('',(-55.0000002235214,70.3719363508286,118.217387405717));
#5131=CARTESIAN_POINT('Origin',(-53.0000002235214,72.3719363508286,118.217387405717));
#5132=CARTESIAN_POINT('Origin',(-55.0000002235214,70.3719363508286,116.217387405717));
#5133=CARTESIAN_POINT('',(-53.0000002235214,70.3719363508286,119.717387405717));
#5134=CARTESIAN_POINT('',(-55.0000002235214,70.3719363508286,119.717387405717));
#5135=CARTESIAN_POINT('',(-53.0000002235214,70.3719363508286,116.217387405717));
#5136=CARTESIAN_POINT('Origin',(-55.0000002235214,61.3719363508286,118.217387405717));
#5137=CARTESIAN_POINT('',(-53.0000002235214,61.3719363508286,116.217387405717));
#5138=CARTESIAN_POINT('',(-55.0000002235214,61.3719363508286,116.217387405717));
#5139=CARTESIAN_POINT('',(-53.0000002235214,63.3719363508286,118.217387405717));
#5140=CARTESIAN_POINT('Origin',(-53.0000002235214,61.3719363508286,118.217387405717));
#5141=CARTESIAN_POINT('',(-55.0000002235214,63.3719363508286,118.217387405717));
#5142=CARTESIAN_POINT('Origin',(-55.0000002235214,63.3719363508286,116.217387405717));
#5143=CARTESIAN_POINT('',(-53.0000002235214,56.3719363508286,116.217387405717));
#5144=CARTESIAN_POINT('',(-55.0000002235214,56.3719363508286,116.217387405717));
#5145=CARTESIAN_POINT('',(-53.0000002235214,79.3719363508286,116.217387405717));
#5146=CARTESIAN_POINT('Origin',(-55.0000002235214,56.3719363508286,114.217387405717));
#5147=CARTESIAN_POINT('',(-53.0000002235214,54.3719363508286,114.217387405717));
#5148=CARTESIAN_POINT('Origin',(-53.0000002235214,56.3719363508286,114.217387405717));
#5149=CARTESIAN_POINT('',(-55.0000002235214,54.3719363508286,114.217387405717));
#5150=CARTESIAN_POINT('Origin',(-55.0000002235214,50.8719363508286,89.2173874057173));
#5151=CARTESIAN_POINT('',(-53.0000002235214,52.3719363508286,89.2173874057173));
#5152=CARTESIAN_POINT('Origin',(-53.0000002235214,50.8719363508286,89.2173874057173));
#5153=CARTESIAN_POINT('',(-55.0000002235214,52.3719363508286,89.2173874057173));
#5154=CARTESIAN_POINT('Origin',(-55.0000002235214,74.8719363508286,81.7173874057173));
#5155=CARTESIAN_POINT('',(-53.0000002235214,75.8719363508286,81.7173874057173));
#5156=CARTESIAN_POINT('Origin',(-53.0000002235214,74.8719363508286,81.7173874057173));
#5157=CARTESIAN_POINT('',(-55.0000002235214,75.8719363508286,81.7173874057173));
#5158=CARTESIAN_POINT('Origin',(-55.0000002235214,58.8719363508286,81.7173874057173));
#5159=CARTESIAN_POINT('',(-53.0000002235214,59.8719363508286,81.7173874057173));
#5160=CARTESIAN_POINT('Origin',(-53.0000002235214,58.8719363508286,81.7173874057173));
#5161=CARTESIAN_POINT('',(-55.0000002235214,59.8719363508286,81.7173874057173));
#5162=CARTESIAN_POINT('Origin',(-55.0000002235214,56.3719363508286,91.7173874057173));
#5163=CARTESIAN_POINT('',(-53.0000002235214,56.3719363508286,103.717387405717));
#5164=CARTESIAN_POINT('',(-55.0000002235214,56.3719363508286,103.717387405717));
#5165=CARTESIAN_POINT('',(-53.0000002235214,56.3719363508286,91.7173874057173));
#5166=CARTESIAN_POINT('',(-53.0000002235214,56.3719363508286,114.217387405717));
#5167=CARTESIAN_POINT('',(-55.0000002235214,56.3719363508286,91.7173874057173));
#5168=CARTESIAN_POINT('Origin',(-55.0000002235214,63.8719363508286,91.7173874057173));
#5169=CARTESIAN_POINT('',(-53.0000002235214,63.8719363508286,91.7173874057173));
#5170=CARTESIAN_POINT('',(-53.0000002235214,63.8719363508286,91.7173874057173));
#5171=CARTESIAN_POINT('',(-55.0000002235214,63.8719363508286,91.7173874057173));
#5172=CARTESIAN_POINT('Origin',(-55.0000002235214,63.8719363508286,103.717387405717));
#5173=CARTESIAN_POINT('',(-53.0000002235214,63.8719363508286,103.717387405717));
#5174=CARTESIAN_POINT('',(-53.0000002235214,63.8719363508286,103.717387405717));
#5175=CARTESIAN_POINT('',(-55.0000002235214,63.8719363508286,103.717387405717));
#5176=CARTESIAN_POINT('Origin',(-55.0000002235214,56.3719363508286,103.717387405717));
#5177=CARTESIAN_POINT('',(-53.0000002235214,56.3719363508286,103.717387405717));
#5178=CARTESIAN_POINT('Origin',(-55.0000002235214,66.8719363508286,119.717387405717));
#5179=CARTESIAN_POINT('',(-53.0000002235214,68.3719363508286,119.717387405717));
#5180=CARTESIAN_POINT('Origin',(-53.0000002235214,66.8719363508286,119.717387405717));
#5181=CARTESIAN_POINT('',(-55.0000002235214,68.3719363508286,119.717387405717));
#5182=CARTESIAN_POINT('Origin',(-55.0000002235214,77.3719363508286,91.7173874057173));
#5183=CARTESIAN_POINT('',(-53.0000002235214,69.8719363508286,91.7173874057173));
#5184=CARTESIAN_POINT('',(-55.0000002235214,69.8719363508286,91.7173874057173));
#5185=CARTESIAN_POINT('',(-53.0000002235214,77.3719363508286,91.7173874057173));
#5186=CARTESIAN_POINT('',(-53.0000002235214,69.8719363508286,91.7173874057173));
#5187=CARTESIAN_POINT('',(-55.0000002235214,77.3719363508286,91.7173874057173));
#5188=CARTESIAN_POINT('Origin',(-55.0000002235214,77.3719363508286,103.717387405717));
#5189=CARTESIAN_POINT('',(-53.0000002235214,77.3719363508286,103.717387405717));
#5190=CARTESIAN_POINT('',(-53.0000002235214,77.3719363508286,79.2173874057173));
#5191=CARTESIAN_POINT('',(-55.0000002235214,77.3719363508286,103.717387405717));
#5192=CARTESIAN_POINT('Origin',(-55.0000002235214,69.8719363508286,103.717387405717));
#5193=CARTESIAN_POINT('',(-53.0000002235214,69.8719363508286,103.717387405717));
#5194=CARTESIAN_POINT('',(-53.0000002235214,77.3719363508286,103.717387405717));
#5195=CARTESIAN_POINT('',(-55.0000002235214,69.8719363508286,103.717387405717));
#5196=CARTESIAN_POINT('Origin',(-55.0000002235214,69.8719363508286,91.7173874057173));
#5197=CARTESIAN_POINT('',(-53.0000002235214,69.8719363508286,103.717387405717));
#5198=CARTESIAN_POINT('Origin',(-55.0000002235214,58.8719363508286,111.717387405717));
#5199=CARTESIAN_POINT('',(-53.0000002235214,59.8719363508286,111.717387405717));
#5200=CARTESIAN_POINT('Origin',(-53.0000002235214,58.8719363508286,111.717387405717));
#5201=CARTESIAN_POINT('',(-55.0000002235214,59.8719363508286,111.717387405717));
#5202=CARTESIAN_POINT('Origin',(-55.0000002235214,82.8719363508286,89.2173874057173));
#5203=CARTESIAN_POINT('',(-53.0000002235214,84.3719363508286,89.2173874057173));
#5204=CARTESIAN_POINT('Origin',(-53.0000002235214,82.8719363508286,89.2173874057173));
#5205=CARTESIAN_POINT('',(-55.0000002235214,84.3719363508286,89.2173874057173));
#5206=CARTESIAN_POINT('Origin',(-55.0000002235214,74.8719363508286,111.717387405717));
#5207=CARTESIAN_POINT('',(-53.0000002235214,75.8719363508286,111.717387405717));
#5208=CARTESIAN_POINT('Origin',(-53.0000002235214,74.8719363508286,111.717387405717));
#5209=CARTESIAN_POINT('',(-55.0000002235214,75.8719363508286,111.717387405717));
#5210=CARTESIAN_POINT('Origin',(-55.0000002235214,50.8719363508286,89.2173874057173));
#5211=CARTESIAN_POINT('',(-53.0000002235214,50.8719363508286,85.7173874057173));
#5212=CARTESIAN_POINT('',(-55.0000002235214,50.8719363508286,85.7173874057173));
#5213=CARTESIAN_POINT('Origin',(-53.0000002235214,50.8719363508286,89.2173874057173));
#5214=CARTESIAN_POINT('Origin',(-55.0000002235214,54.3719363508286,116.217387405717));
#5215=CARTESIAN_POINT('',(-53.0000002235214,54.3719363508286,116.217387405717));
#5216=CARTESIAN_POINT('Origin',(-55.0000002235214,63.3719363508286,119.717387405717));
#5217=CARTESIAN_POINT('',(-53.0000002235214,63.3719363508286,119.717387405717));
#5218=CARTESIAN_POINT('',(-53.0000002235214,63.3719363508286,119.717387405717));
#5219=CARTESIAN_POINT('',(-55.0000002235214,63.3719363508286,119.717387405717));
#5220=CARTESIAN_POINT('Origin',(-55.0000002235214,66.8719363508286,119.717387405717));
#5221=CARTESIAN_POINT('Origin',(-53.0000002235214,66.8719363508286,119.717387405717));
#5222=CARTESIAN_POINT('Origin',(-55.0000002235214,82.8719363508286,92.7173874057173));
#5223=CARTESIAN_POINT('',(-53.0000002235214,82.8719363508286,92.7173874057173));
#5224=CARTESIAN_POINT('',(-53.0000002235214,82.8719363508286,92.7173874057173));
#5225=CARTESIAN_POINT('',(-55.0000002235214,82.8719363508286,92.7173874057173));
#5226=CARTESIAN_POINT('Origin',(-55.0000002235214,82.8719363508286,89.2173874057173));
#5227=CARTESIAN_POINT('Origin',(-53.0000002235214,82.8719363508286,89.2173874057173));
#5228=CARTESIAN_POINT('Origin',(-55.0000002235214,50.8719363508286,85.7173874057173));
#5229=CARTESIAN_POINT('',(-53.0000002235214,54.3719363508286,85.7173874057173));
#5230=CARTESIAN_POINT('Origin',(-53.0000002235214,66.8719363508286,100.217387405717));
#5231=UNCERTAINTY_MEASURE_WITH_UNIT(LENGTH_MEASURE(0.01),#5235,
'DISTANCE_ACCURACY_VALUE',
'Maximum model space distance between geometric entities at asserted c
onnectivities');
#5232=UNCERTAINTY_MEASURE_WITH_UNIT(LENGTH_MEASURE(0.01),#5235,
'DISTANCE_ACCURACY_VALUE',
'Maximum model space distance between geometric entities at asserted c
onnectivities');
#5233=(
GEOMETRIC_REPRESENTATION_CONTEXT(3)
GLOBAL_UNCERTAINTY_ASSIGNED_CONTEXT((#5231))
GLOBAL_UNIT_ASSIGNED_CONTEXT((#5235,#5237,#5238))
REPRESENTATION_CONTEXT('','3D')
);
#5234=(
GEOMETRIC_REPRESENTATION_CONTEXT(3)
GLOBAL_UNCERTAINTY_ASSIGNED_CONTEXT((#5232))
GLOBAL_UNIT_ASSIGNED_CONTEXT((#5235,#5237,#5238))
REPRESENTATION_CONTEXT('','3D')
);
#5235=(
LENGTH_UNIT()
NAMED_UNIT(*)
SI_UNIT(.MILLI.,.METRE.)
);
#5236=(
LENGTH_UNIT()
NAMED_UNIT(*)
SI_UNIT($,.METRE.)
);
#5237=(
NAMED_UNIT(*)
PLANE_ANGLE_UNIT()
SI_UNIT($,.RADIAN.)
);
#5238=(
NAMED_UNIT(*)
SI_UNIT($,.STERADIAN.)
SOLID_ANGLE_UNIT()
);
#5239=SHAPE_DEFINITION_REPRESENTATION(#5240,#5241);
#5240=PRODUCT_DEFINITION_SHAPE('',$,#5243);
#5241=SHAPE_REPRESENTATION('',(#2063),#5233);
#5242=PRODUCT_DEFINITION_CONTEXT('part definition',#5247,'design');
#5243=PRODUCT_DEFINITION('L5','L5',#5244,#5242);
#5244=PRODUCT_DEFINITION_FORMATION('',$,#5249);
#5245=PRODUCT_RELATED_PRODUCT_CATEGORY('L5','L5',(#5249));
#5246=APPLICATION_PROTOCOL_DEFINITION('international standard',
'automotive_design',2009,#5247);
#5247=APPLICATION_CONTEXT(
'Core Data for Automotive Mechanical Design Process');
#5248=PRODUCT_CONTEXT('part definition',#5247,'mechanical');
#5249=PRODUCT('L5','L5',$,(#5248));
#5250=PRESENTATION_STYLE_ASSIGNMENT((#5251));
#5251=SURFACE_STYLE_USAGE(.BOTH.,#5252);
#5252=SURFACE_SIDE_STYLE('',(#5253));
#5253=SURFACE_STYLE_FILL_AREA(#5254);
#5254=FILL_AREA_STYLE('Steel - Satin',(#5255));
#5255=FILL_AREA_STYLE_COLOUR('Steel - Satin',#5256);
#5256=COLOUR_RGB('Steel - Satin',0.627450980392157,0.627450980392157,0.627450980392157);
ENDSEC;
END-ISO-10303-21;
