ISO-10303-21;
HEADER;
/* Generated by software containing ST-Developer
 * from STEP Tools, Inc. (www.steptools.com) 
 */

FILE_DESCRIPTION(
/* description */ (''),
/* implementation_level */ '2;1');

FILE_NAME(
/* name */ 'L6.step',
/* time_stamp */ '2025-11-07T15:06:01+08:00',
/* author */ (''),
/* organization */ (''),
/* preprocessor_version */ 'ST-DEVELOPER v20.1',
/* originating_system */ 'Autodesk Translation Framework v14.17.0.0',
/* authorisation */ '');

FILE_SCHEMA (('AUTOMOTIVE_DESIGN { 1 0 10303 214 3 1 1 }'));
ENDSEC;

DATA;
#10=MECHANICAL_DESIGN_GEOMETRIC_PRESENTATION_REPRESENTATION('',(#13,#14),
#5126);
#11=SHAPE_REPRESENTATION_RELATIONSHIP('SRR','None',#5133,#12);
#12=ADVANCED_BREP_SHAPE_REPRESENTATION('',(#15,#16),#5125);
#13=STYLED_ITEM('',(#5142),#15);
#14=STYLED_ITEM('',(#5142),#16);
#15=MANIFOLD_SOLID_BREP('Body1',#2559);
#16=MANIFOLD_SOLID_BREP('Body3',#2560);
#17=(
BOUNDED_SURFACE()
B_SPLINE_SURFACE(1,2,((#4108,#4109,#4110),(#4111,#4112,#4113)),
 .UNSPECIFIED.,.F.,.F.,.F.)
B_SPLINE_SURFACE_WITH_KNOTS((2,2),(3,3),(0.889130029911497,3.7473154588625),
(-1.5707963267949,3.71511834097896E-15),.UNSPECIFIED.)
GEOMETRIC_REPRESENTATION_ITEM()
RATIONAL_B_SPLINE_SURFACE(((1.,0.707106781186546,1.),(1.,0.707106781186546,
1.)))
REPRESENTATION_ITEM('')
SURFACE()
);
#18=(
BOUNDED_SURFACE()
B_SPLINE_SURFACE(1,2,((#4306,#4307,#4308),(#4309,#4310,#4311)),
 .UNSPECIFIED.,.F.,.F.,.F.)
B_SPLINE_SURFACE_WITH_KNOTS((2,2),(3,3),(0.732377145740944,3.74731545102991),
(-3.14159265358979,-1.57079632679489),.UNSPECIFIED.)
GEOMETRIC_REPRESENTATION_ITEM()
RATIONAL_B_SPLINE_SURFACE(((1.,0.707106781186544,1.),(1.,0.707106781186544,
1.)))
REPRESENTATION_ITEM('')
SURFACE()
);
#19=(
BOUNDED_SURFACE()
B_SPLINE_SURFACE(1,2,((#4722,#4723,#4724),(#4725,#4726,#4727)),
 .UNSPECIFIED.,.F.,.F.,.F.)
B_SPLINE_SURFACE_WITH_KNOTS((2,2),(3,3),(1.32223158401381,3.17312665530446),
(-3.1415926535898,-1.57079632679489),.UNSPECIFIED.)
GEOMETRIC_REPRESENTATION_ITEM()
RATIONAL_B_SPLINE_SURFACE(((1.,0.707106781186544,1.),(1.,0.707106781186544,
1.)))
REPRESENTATION_ITEM('')
SURFACE()
);
#20=(
BOUNDED_SURFACE()
B_SPLINE_SURFACE(1,2,((#4903,#4904,#4905),(#4906,#4907,#4908)),
 .UNSPECIFIED.,.F.,.F.,.F.)
B_SPLINE_SURFACE_WITH_KNOTS((2,2),(3,3),(1.01041951454797,3.17312665530446),
(-1.57079632679493,1.84825064897755E-12),.UNSPECIFIED.)
GEOMETRIC_REPRESENTATION_ITEM()
RATIONAL_B_SPLINE_SURFACE(((1.,0.707106781185883,1.),(1.,0.707106781185883,
1.)))
REPRESENTATION_ITEM('')
SURFACE()
);
#21=TOROIDAL_SURFACE('',#2666,24.5,2.);
#22=TOROIDAL_SURFACE('',#2709,12.5,10.);
#23=SPHERICAL_SURFACE('',#2639,2.);
#24=SPHERICAL_SURFACE('',#2734,22.5);
#25=B_SPLINE_SURFACE_WITH_KNOTS('',3,3,((#3846,#3847,#3848,#3849,#3850),
(#3851,#3852,#3853,#3854,#3855),(#3856,#3857,#3858,#3859,#3860),(#3861,
#3862,#3863,#3864,#3865),(#3866,#3867,#3868,#3869,#3870)),.UNSPECIFIED.,
 .F.,.F.,.F.,(4,1,4),(4,1,4),(0.,0.571428571428571,1.),(3.00612814826577,
3.32125777258186,3.74143060500331),.UNSPECIFIED.);
#26=B_SPLINE_SURFACE_WITH_KNOTS('',3,3,((#4058,#4059,#4060,#4061,#4062,
#4063),(#4064,#4065,#4066,#4067,#4068,#4069),(#4070,#4071,#4072,#4073,#4074,
#4075),(#4076,#4077,#4078,#4079,#4080,#4081),(#4082,#4083,#4084,#4085,#4086,
#4087)),.UNSPECIFIED.,.F.,.F.,.F.,(4,1,4),(4,1,1,4),(0.,0.571428571428571,
1.),(0.,0.193898358366033,0.290847537549049,0.678644254281115),
 .UNSPECIFIED.);
#27=B_SPLINE_SURFACE_WITH_KNOTS('',3,3,((#4359,#4360,#4361,#4362,#4363,
#4364,#4365),(#4366,#4367,#4368,#4369,#4370,#4371,#4372),(#4373,#4374,#4375,
#4376,#4377,#4378,#4379),(#4380,#4381,#4382,#4383,#4384,#4385,#4386)),
 .UNSPECIFIED.,.F.,.F.,.F.,(4,4),(4,1,1,1,4),(0.,1.),(-4.10081620914113E-15,
0.106721566425763,0.320164699277296,0.533607832128829,0.747050964980363),
 .UNSPECIFIED.);
#28=B_SPLINE_SURFACE_WITH_KNOTS('',3,3,((#4407,#4408,#4409,#4410,#4411,
#4412,#4413,#4414),(#4415,#4416,#4417,#4418,#4419,#4420,#4421,#4422),(#4423,
#4424,#4425,#4426,#4427,#4428,#4429,#4430),(#4431,#4432,#4433,#4434,#4435,
#4436,#4437,#4438)),.UNSPECIFIED.,.F.,.F.,.F.,(4,4),(4,1,1,2,4),(0.,1.),
(-0.486466143548421,-0.291879686129052,-0.194586457419368,0.,0.00133301071126954),
 .UNSPECIFIED.);
#29=B_SPLINE_SURFACE_WITH_KNOTS('',3,3,((#4447,#4448,#4449,#4450,#4451,
#4452,#4453,#4454),(#4455,#4456,#4457,#4458,#4459,#4460,#4461,#4462),(#4463,
#4464,#4465,#4466,#4467,#4468,#4469,#4470),(#4471,#4472,#4473,#4474,#4475,
#4476,#4477,#4478)),.UNSPECIFIED.,.F.,.F.,.F.,(4,4),(4,2,1,1,4),(0.,1.),
(-0.487799088497393,-0.486466077789377,-0.291879646673626,-0.194586431115751,
0.),.UNSPECIFIED.);
#30=B_SPLINE_SURFACE_WITH_KNOTS('',3,3,((#4489,#4490,#4491,#4492,#4493,
#4494,#4495),(#4496,#4497,#4498,#4499,#4500,#4501,#4502),(#4503,#4504,#4505,
#4506,#4507,#4508,#4509),(#4510,#4511,#4512,#4513,#4514,#4515,#4516)),
 .UNSPECIFIED.,.F.,.F.,.F.,(4,4),(4,1,1,1,4),(0.,1.),(9.69647720280985E-15,
0.320155913075391,0.533593188458979,0.640311826150772,0.747030463842566),
 .UNSPECIFIED.);
#31=B_SPLINE_SURFACE_WITH_KNOTS('',3,3,((#4544,#4545,#4546,#4547,#4548),
(#4549,#4550,#4551,#4552,#4553),(#4554,#4555,#4556,#4557,#4558),(#4559,
#4560,#4561,#4562,#4563)),.UNSPECIFIED.,.F.,.F.,.F.,(4,4),(4,1,4),(0.,1.),
(5.17846955999684,5.95605645485066,6.99283898132242),.UNSPECIFIED.);
#32=B_SPLINE_SURFACE_WITH_KNOTS('',3,3,((#4576,#4577,#4578,#4579),(#4580,
#4581,#4582,#4583),(#4584,#4585,#4586,#4587),(#4588,#4589,#4590,#4591)),
 .UNSPECIFIED.,.F.,.F.,.F.,(4,4),(4,4),(0.,1.),(8.52329626256137E-12,0.0579027147040362),
 .UNSPECIFIED.);
#33=B_SPLINE_SURFACE_WITH_KNOTS('',3,3,((#4606,#4607,#4608,#4609,#4610,
#4611,#4612,#4613),(#4614,#4615,#4616,#4617,#4618,#4619,#4620,#4621),(#4622,
#4623,#4624,#4625,#4626,#4627,#4628,#4629),(#4630,#4631,#4632,#4633,#4634,
#4635,#4636,#4637),(#4638,#4639,#4640,#4641,#4642,#4643,#4644,#4645)),
 .UNSPECIFIED.,.F.,.F.,.F.,(4,1,4),(4,1,1,1,1,4),(0.,0.571428571428571,
1.),(13.4744145791058,13.8142181169322,14.1540216547586,14.493825192585,
15.1734322682378,15.8530393438906),.UNSPECIFIED.);
#34=B_SPLINE_SURFACE_WITH_KNOTS('',3,3,((#4676,#4677,#4678,#4679,#4680,
#4681,#4682,#4683),(#4684,#4685,#4686,#4687,#4688,#4689,#4690,#4691),(#4692,
#4693,#4694,#4695,#4696,#4697,#4698,#4699),(#4700,#4701,#4702,#4703,#4704,
#4705,#4706,#4707)),.UNSPECIFIED.,.F.,.F.,.F.,(4,4),(4,2,1,1,4),(0.,1.),
(-0.00320685372776291,0.,0.739081001818937,0.985441335758583,1.23180166969823),
 .UNSPECIFIED.);
#35=B_SPLINE_SURFACE_WITH_KNOTS('',3,3,((#4740,#4741,#4742,#4743,#4744,
#4745,#4746,#4747),(#4748,#4749,#4750,#4751,#4752,#4753,#4754,#4755),(#4756,
#4757,#4758,#4759,#4760,#4761,#4762,#4763),(#4764,#4765,#4766,#4767,#4768,
#4769,#4770,#4771)),.UNSPECIFIED.,.F.,.F.,.F.,(4,4),(4,1,1,2,4),(0.,1.),
(2.4340868710463,2.92680751304409,3.17316783404298,3.66588847604077,3.66909533224931),
 .UNSPECIFIED.);
#36=B_SPLINE_SURFACE_WITH_KNOTS('',3,3,((#4797,#4798,#4799,#4800,#4801,
#4802,#4803),(#4804,#4805,#4806,#4807,#4808,#4809,#4810),(#4811,#4812,#4813,
#4814,#4815,#4816,#4817),(#4818,#4819,#4820,#4821,#4822,#4823,#4824),(#4825,
#4826,#4827,#4828,#4829,#4830,#4831)),.UNSPECIFIED.,.F.,.F.,.F.,(4,1,4),
(4,1,1,1,4),(0.,0.571428571428571,1.),(6.18169595263094,7.2011065451573,
7.88071360684154,8.22051713768366,8.56032066852578),.UNSPECIFIED.);
#37=B_SPLINE_SURFACE_WITH_KNOTS('',3,3,((#4855,#4856,#4857,#4858),(#4859,
#4860,#4861,#4862),(#4863,#4864,#4865,#4866),(#4867,#4868,#4869,#4870)),
 .UNSPECIFIED.,.F.,.F.,.F.,(4,4),(4,4),(0.,1.),(0.,0.0579027146997765),
 .UNSPECIFIED.);
#38=B_SPLINE_SURFACE_WITH_KNOTS('',3,3,((#4877,#4878,#4879,#4880,#4881),
(#4882,#4883,#4884,#4885,#4886),(#4887,#4888,#4889,#4890,#4891),(#4892,
#4893,#4894,#4895,#4896)),.UNSPECIFIED.,.F.,.F.,.F.,(4,4),(4,1,4),(0.,1.),
(0.,0.778111552417478,1.81559362230745),.UNSPECIFIED.);
#39=ELLIPSE('',#2616,17.5531913224016,15.);
#40=ELLIPSE('',#2634,17.5531913224016,15.);
#41=ELLIPSE('',#2652,2.82842712474617,1.99999999999999);
#42=ELLIPSE('',#2657,2.82842712474618,1.99999999999999);
#43=ELLIPSE('',#2660,3.07856972736319,2.);
#44=ELLIPSE('',#2668,17.5531913224016,15.);
#45=ELLIPSE('',#2670,17.5531913224016,15.);
#46=ELLIPSE('',#2671,17.5531913224016,15.);
#47=ELLIPSE('',#2672,17.5531913224016,15.);
#48=ELLIPSE('',#2730,29.5962501604785,22.5);
#49=ELLIPSE('',#2732,29.5962501604785,22.5);
#50=B_SPLINE_CURVE_WITH_KNOTS('',3,(#3486,#3487,#3488,#3489,#3490,#3491,
#3492,#3493,#3494,#3495),.UNSPECIFIED.,.F.,.F.,(4,2,2,2,4),(0.460447085651225,
0.573224865852171,0.686002646053117,0.803448408677777,0.920894171302436),
 .UNSPECIFIED.);
#51=B_SPLINE_CURVE_WITH_KNOTS('',3,(#3497,#3498,#3499,#3500,#3501,#3502,
#3503,#3504,#3505,#3506),.UNSPECIFIED.,.F.,.F.,(4,2,2,2,4),(0.,0.117445762624663,
0.234891525249326,0.347669305450276,0.460447085651225),.UNSPECIFIED.);
#52=B_SPLINE_CURVE_WITH_KNOTS('',3,(#3508,#3509,#3510,#3511,#3512,#3513,
#3514,#3515,#3516,#3517),.UNSPECIFIED.,.F.,.F.,(4,2,2,2,4),(1.38191704508287,
1.49472313700101,1.60752922891916,1.72523457389122,1.84293991886328),
 .UNSPECIFIED.);
#53=B_SPLINE_CURVE_WITH_KNOTS('',3,(#3518,#3519,#3520,#3521,#3522,#3523,
#3524,#3525,#3526,#3527),.UNSPECIFIED.,.F.,.F.,(4,2,2,2,4),(0.920894171302436,
1.0385995162745,1.15630486124656,1.26911095316471,1.38191704508287),
 .UNSPECIFIED.);
#54=B_SPLINE_CURVE_WITH_KNOTS('',3,(#3532,#3533,#3534,#3535,#3536,#3537,
#3538,#3539,#3540,#3541,#3542,#3543,#3544,#3545,#3546,#3547,#3548,#3549),
 .UNSPECIFIED.,.F.,.F.,(4,2,2,2,2,2,2,2,4),(0.,0.117445762624655,0.234891525249311,
0.347669305450259,0.460447085651207,0.573224865852154,0.686002646053102,
0.803448408677757,0.920894171302411),.UNSPECIFIED.);
#55=B_SPLINE_CURVE_WITH_KNOTS('',3,(#3550,#3551,#3552,#3553,#3554,#3555,
#3556,#3557,#3558,#3559,#3560,#3561,#3562,#3563,#3564,#3565,#3566,#3567),
 .UNSPECIFIED.,.F.,.F.,(4,2,2,2,2,2,2,2,4),(0.920894171302411,1.03859951627447,
1.15630486124652,1.26911095316467,1.38191704508282,1.49472313700097,1.60752922891912,
1.72523457389118,1.84293991886323),.UNSPECIFIED.);
#56=B_SPLINE_CURVE_WITH_KNOTS('',3,(#3572,#3573,#3574,#3575,#3576,#3577,
#3578,#3579,#3580,#3581,#3582,#3583,#3584,#3585,#3586,#3587,#3588,#3589),
 .UNSPECIFIED.,.F.,.F.,(4,2,2,2,2,2,2,2,4),(0.,0.116356159898097,0.232712319796193,
0.346581209749653,0.460450099703112,0.57322787990406,0.686005660105008,
0.803451422729676,0.920897185354343),.UNSPECIFIED.);
#57=B_SPLINE_CURVE_WITH_KNOTS('',3,(#3590,#3591,#3592,#3593,#3594,#3595,
#3596,#3597,#3598,#3599,#3600,#3601,#3602,#3603,#3604,#3605,#3606,#3607),
 .UNSPECIFIED.,.F.,.F.,(4,2,2,2,2,2,2,2,4),(0.920897185354343,1.03860253032641,
1.15630787529848,1.26911396721663,1.38192005913478,1.49472615105293,1.60753224297107,
1.72523758794314,1.84294293291521),.UNSPECIFIED.);
#58=B_SPLINE_CURVE_WITH_KNOTS('',3,(#3612,#3613,#3614,#3615,#3616,#3617,
#3618,#3619,#3620,#3621,#3622,#3623,#3624,#3625,#3626,#3627,#3628,#3629),
 .UNSPECIFIED.,.F.,.F.,(4,2,2,2,2,2,2,2,4),(0.,0.112806091918152,0.225612183836304,
0.343317528808366,0.461022873780428,0.578468636405087,0.695914399029746,
0.808692179230692,0.921469959431638),.UNSPECIFIED.);
#59=B_SPLINE_CURVE_WITH_KNOTS('',3,(#3630,#3631,#3632,#3633,#3634,#3635,
#3636,#3637,#3638,#3639,#3640,#3641,#3642,#3643,#3644,#3645,#3646,#3647),
 .UNSPECIFIED.,.F.,.F.,(4,2,2,2,2,2,2,2,4),(0.921469959431638,1.03424773963259,
1.14702551983354,1.2644712824582,1.38191704508286,1.49962239005492,1.61732773502698,
1.73013382694513,1.84293991886328),.UNSPECIFIED.);
#60=B_SPLINE_CURVE_WITH_KNOTS('',3,(#3731,#3732,#3733,#3734,#3735,#3736,
#3737,#3738),.UNSPECIFIED.,.F.,.F.,(4,2,2,4),(3.42754402906649,3.53279998491506,
3.82067716521292,4.10855434551079),.UNSPECIFIED.);
#61=B_SPLINE_CURVE_WITH_KNOTS('',3,(#3756,#3757,#3758,#3759,#3760,#3761),
 .UNSPECIFIED.,.F.,.F.,(4,2,4),(4.35136810418851,4.37578587135812,4.56476074732649),
 .UNSPECIFIED.);
#62=B_SPLINE_CURVE_WITH_KNOTS('',3,(#3765,#3766,#3767,#3768,#3769,#3770),
 .UNSPECIFIED.,.F.,.F.,(4,2,4),(3.58289644807824,3.62054712478747,3.93922387414518),
 .UNSPECIFIED.);
#63=B_SPLINE_CURVE_WITH_KNOTS('',3,(#3780,#3781,#3782,#3783,#3784,#3785),
 .UNSPECIFIED.,.F.,.F.,(4,2,4),(4.42226219202874,4.74093894138656,5.13328442613668),
 .UNSPECIFIED.);
#64=B_SPLINE_CURVE_WITH_KNOTS('',3,(#3789,#3790,#3791,#3792,#3793,#3794),
 .UNSPECIFIED.,.F.,.F.,(4,2,4),(1.58468854337921,1.77366341934758,1.79808118651716),
 .UNSPECIFIED.);
#65=B_SPLINE_CURVE_WITH_KNOTS('',3,(#3873,#3874,#3875,#3876,#3877,#3878,
#3879,#3880),.UNSPECIFIED.,.F.,.F.,(4,2,2,4),(0.,0.0472211299589005,0.116496155303102,
0.179663992460959),.UNSPECIFIED.);
#66=B_SPLINE_CURVE_WITH_KNOTS('',3,(#3882,#3883,#3884,#3885,#3886),
 .UNSPECIFIED.,.F.,.F.,(4,1,4),(3.10597228346714,3.32125777258186,3.74143060500331),
 .UNSPECIFIED.);
#67=B_SPLINE_CURVE_WITH_KNOTS('',3,(#3889,#3890,#3891,#3892,#3893),
 .UNSPECIFIED.,.F.,.F.,(4,1,4),(-3.74143060500331,-3.32125777258186,-3.00612814826577),
 .UNSPECIFIED.);
#68=B_SPLINE_CURVE_WITH_KNOTS('',3,(#3904,#3905,#3906,#3907,#3908,#3909),
 .UNSPECIFIED.,.F.,.F.,(4,2,4),(3.02579165294286,3.0787657268325,3.61303353272613),
 .UNSPECIFIED.);
#69=B_SPLINE_CURVE_WITH_KNOTS('',3,(#3922,#3923,#3924,#3925,#3926,#3927),
 .UNSPECIFIED.,.F.,.F.,(4,2,4),(1.59533796963233,1.64848925653942,1.6992020980683),
 .UNSPECIFIED.);
#70=B_SPLINE_CURVE_WITH_KNOTS('',3,(#3929,#3930,#3931,#3932,#3933,#3934,
#3935,#3936,#3937,#3938,#3939,#3940,#3941,#3942,#3943,#3944,#3945,#3946,
#3947,#3948,#3949,#3950,#3951),.UNSPECIFIED.,.F.,.F.,(4,2,2,2,2,3,2,2,2,
2,4),(-0.546234666227644,-0.446110510185435,-0.26724262394545,-0.133621311972725,
-0.0668106559863624,0.,0.0668106559863623,0.133621311972725,0.267242623945449,
0.446110510185435,0.546234666227648),.UNSPECIFIED.);
#71=B_SPLINE_CURVE_WITH_KNOTS('',3,(#3953,#3954,#3955,#3956,#3957,#3958),
 .UNSPECIFIED.,.F.,.F.,(4,2,4),(0.406010379756057,0.456723221284934,0.509874508192017),
 .UNSPECIFIED.);
#72=B_SPLINE_CURVE_WITH_KNOTS('',3,(#3962,#3963,#3964,#3965,#3966,#3967),
 .UNSPECIFIED.,.F.,.F.,(4,1,1,4),(-0.678644254281115,-0.290847537549049,
-0.193898358366033,0.),.UNSPECIFIED.);
#73=B_SPLINE_CURVE_WITH_KNOTS('',3,(#3971,#3972,#3973,#3974),
 .UNSPECIFIED.,.F.,.F.,(4,4),(0.,0.0137873362972691),.UNSPECIFIED.);
#74=B_SPLINE_CURVE_WITH_KNOTS('',3,(#3976,#3977,#3978,#3979),
 .UNSPECIFIED.,.F.,.F.,(4,4),(-4.09620538311976,-3.96158885624301),
 .UNSPECIFIED.);
#75=B_SPLINE_CURVE_WITH_KNOTS('',3,(#3983,#3984,#3985,#3986,#3987,#3988),
 .UNSPECIFIED.,.F.,.F.,(4,2,4),(3.60593995411684,3.80432401625399,4.0975972082366),
 .UNSPECIFIED.);
#76=B_SPLINE_CURVE_WITH_KNOTS('',3,(#3992,#3993,#3994,#3995,#3996,#3997),
 .UNSPECIFIED.,.F.,.F.,(4,2,4),(0.,0.293273191982609,0.491657254119738),
 .UNSPECIFIED.);
#77=B_SPLINE_CURVE_WITH_KNOTS('',3,(#4001,#4002,#4003,#4004,#4005,#4006,
#4007,#4008,#4009,#4010,#4011,#4012,#4013,#4014),.UNSPECIFIED.,.F.,.F.,
(4,2,2,2,2,2,4),(-2.08677739463729,-1.84413261189935,-1.60148782916141,
-1.11619826368552,-0.558099131842759,-0.27904956592138,0.),
 .UNSPECIFIED.);
#78=B_SPLINE_CURVE_WITH_KNOTS('',3,(#4044,#4045,#4046,#4047,#4048,#4049,
#4050,#4051,#4052,#4053,#4054,#4055,#4056,#4057),.UNSPECIFIED.,.F.,.F.,
(4,2,2,2,2,2,4),(0.,0.0718391353433751,0.146912542428111,0.228846723449689,
0.278160823469391,0.3277745092473,0.32846032422511),.UNSPECIFIED.);
#79=B_SPLINE_CURVE_WITH_KNOTS('',3,(#4091,#4092,#4093,#4094,#4095,#4096),
 .UNSPECIFIED.,.F.,.F.,(4,1,1,4),(0.,0.193898358366033,0.290847537549049,
0.678644254281115),.UNSPECIFIED.);
#80=B_SPLINE_CURVE_WITH_KNOTS('',3,(#4124,#4125,#4126,#4127,#4128,#4129,
#4130,#4131,#4132,#4133,#4134,#4135,#4136,#4137),.UNSPECIFIED.,.F.,.F.,
(4,2,2,2,2,2,4),(1.2154279600701,1.31979535327701,1.42416274648393,1.50621386898254,
1.58826499148115,1.72183194295456,1.82679118212999),.UNSPECIFIED.);
#81=B_SPLINE_CURVE_WITH_KNOTS('',3,(#4140,#4141,#4142,#4143,#4144,#4145),
 .UNSPECIFIED.,.F.,.F.,(4,2,4),(2.20213680422024,2.31076067762626,2.41253144849418),
 .UNSPECIFIED.);
#82=B_SPLINE_CURVE_WITH_KNOTS('',3,(#4149,#4150,#4151,#4152,#4153,#4154,
#4155,#4156),.UNSPECIFIED.,.F.,.F.,(4,1,1,2,4),(-0.486466143548421,-0.291879686129052,
-0.194586457419368,0.,0.00133301071126954),.UNSPECIFIED.);
#83=B_SPLINE_CURVE_WITH_KNOTS('',3,(#4158,#4159,#4160,#4161,#4162,#4163),
 .UNSPECIFIED.,.F.,.F.,(4,1,1,4),(0.129832606813652,0.320164699277296,0.533607832128829,
0.747050964980363),.UNSPECIFIED.);
#84=B_SPLINE_CURVE_WITH_KNOTS('',3,(#4165,#4166,#4167,#4168),
 .UNSPECIFIED.,.F.,.F.,(4,4),(8.48674911423784,8.52848184388377),
 .UNSPECIFIED.);
#85=B_SPLINE_CURVE_WITH_KNOTS('',3,(#4170,#4171,#4172,#4173,#4174,#4175,
#4176,#4177,#4178,#4179,#4180,#4181),.UNSPECIFIED.,.F.,.F.,(4,2,2,2,2,4),
(1.51742324698339,1.54605302012757,1.85916158962337,2.15347338744198,2.44778518526059,
2.52454474123374),.UNSPECIFIED.);
#86=B_SPLINE_CURVE_WITH_KNOTS('',3,(#4235,#4236,#4237,#4238,#4239,#4240),
 .UNSPECIFIED.,.F.,.F.,(4,2,4),(0.932207278233843,0.965825908197139,1.02216377150948),
 .UNSPECIFIED.);
#87=B_SPLINE_CURVE_WITH_KNOTS('',3,(#4243,#4244,#4245,#4246,#4247,#4248),
 .UNSPECIFIED.,.F.,.F.,(4,2,4),(1.02216377150948,1.07850163482182,1.11212026478512),
 .UNSPECIFIED.);
#88=B_SPLINE_CURVE_WITH_KNOTS('',3,(#4279,#4280,#4281,#4282,#4283,#4284,
#4285,#4286,#4287,#4288,#4289,#4290,#4291,#4292),.UNSPECIFIED.,.F.,.F.,
(4,2,2,2,2,2,4),(-1.73547937054764,-1.70518043770837,-1.3150196709227,-0.913884551946925,
-0.502209643773157,0.,0.00155296000759404),.UNSPECIFIED.);
#89=B_SPLINE_CURVE_WITH_KNOTS('',3,(#4293,#4294,#4295,#4296,#4297,#4298,
#4299,#4300,#4301,#4302,#4303,#4304),.UNSPECIFIED.,.F.,.F.,(4,2,2,2,2,4),
(-5.74734557607857,-5.63963770511236,-5.22799392931359,-4.82685042602214,
-4.43679069233448,-4.40697777730021),.UNSPECIFIED.);
#90=B_SPLINE_CURVE_WITH_KNOTS('',3,(#4315,#4316,#4317,#4318,#4319,#4320,
#4321,#4322,#4323,#4324,#4325,#4326),.UNSPECIFIED.,.F.,.F.,(4,2,2,2,2,4),
(8.47835867204545,8.55511831479473,8.8494301188404,9.14374192288607,9.45685047897566,
9.4854802054934),.UNSPECIFIED.);
#91=B_SPLINE_CURVE_WITH_KNOTS('',3,(#4328,#4329,#4330,#4331),
 .UNSPECIFIED.,.F.,.F.,(4,4),(0.242746085928171,0.284478829571848),
 .UNSPECIFIED.);
#92=B_SPLINE_CURVE_WITH_KNOTS('',3,(#4333,#4334,#4335,#4336,#4337,#4338),
 .UNSPECIFIED.,.F.,.F.,(4,1,1,4),(9.69647720280985E-15,0.320155913075391,
0.533593188458979,0.616931211007335),.UNSPECIFIED.);
#93=B_SPLINE_CURVE_WITH_KNOTS('',3,(#4339,#4340,#4341,#4342,#4343,#4344,
#4345,#4346),.UNSPECIFIED.,.F.,.F.,(4,2,1,1,4),(-0.487799088497393,-0.486466077789377,
-0.291879646673626,-0.194586431115751,0.),.UNSPECIFIED.);
#94=B_SPLINE_CURVE_WITH_KNOTS('',3,(#4388,#4389,#4390,#4391,#4392,#4393,
#4394,#4395,#4396,#4397),.UNSPECIFIED.,.F.,.F.,(4,2,2,2,4),(0.,0.0171441005737299,
0.0837052174563915,0.147761902633709,0.148494905511917),.UNSPECIFIED.);
#95=B_SPLINE_CURVE_WITH_KNOTS('',3,(#4400,#4401,#4402,#4403,#4404,#4405,
#4406),.UNSPECIFIED.,.F.,.F.,(4,1,1,1,4),(-0.747050964980363,-0.533607832128829,
-0.320164699277296,-0.106721566425763,4.10081620914113E-15),
 .UNSPECIFIED.);
#96=B_SPLINE_CURVE_WITH_KNOTS('',3,(#4439,#4440,#4441,#4442,#4443,#4444,
#4445,#4446),.UNSPECIFIED.,.F.,.F.,(4,2,1,1,4),(-0.00133301071126954,0.,
0.194586457419368,0.291879686129052,0.486466143548421),.UNSPECIFIED.);
#97=B_SPLINE_CURVE_WITH_KNOTS('',3,(#4481,#4482,#4483,#4484,#4485,#4486,
#4487,#4488),.UNSPECIFIED.,.F.,.F.,(4,1,1,2,4),(0.,0.194586431115751,0.291879646673626,
0.486466077789377,0.487799088497393),.UNSPECIFIED.);
#98=B_SPLINE_CURVE_WITH_KNOTS('',3,(#4518,#4519,#4520,#4521,#4522,#4523,
#4524,#4525),.UNSPECIFIED.,.F.,.F.,(4,2,2,4),(-0.000736905867533422,0.,
0.0823806494407998,0.187971308123181),.UNSPECIFIED.);
#99=B_SPLINE_CURVE_WITH_KNOTS('',3,(#4526,#4527,#4528,#4529,#4530,#4531,
#4532),.UNSPECIFIED.,.F.,.F.,(4,1,1,1,4),(-0.747030463842566,-0.640311826150772,
-0.533593188458979,-0.320155913075391,-9.69647720280985E-15),
 .UNSPECIFIED.);
#100=B_SPLINE_CURVE_WITH_KNOTS('',3,(#4535,#4536,#4537,#4538,#4539),
 .UNSPECIFIED.,.F.,.F.,(4,1,4),(0.,0.778111552417478,0.909526728894491),
 .UNSPECIFIED.);
#101=B_SPLINE_CURVE_WITH_KNOTS('',3,(#4540,#4541,#4542,#4543),
 .UNSPECIFIED.,.F.,.F.,(4,4),(0.,0.0579027146997765),.UNSPECIFIED.);
#102=B_SPLINE_CURVE_WITH_KNOTS('',3,(#4565,#4566,#4567,#4568),
 .UNSPECIFIED.,.F.,.F.,(4,4),(6.08332215878116,6.99283898132242),
 .UNSPECIFIED.);
#103=B_SPLINE_CURVE_WITH_KNOTS('',3,(#4571,#4572,#4573,#4574,#4575),
 .UNSPECIFIED.,.F.,.F.,(4,1,4),(-6.99283898132242,-5.95605645485066,-5.18039125978001),
 .UNSPECIFIED.);
#104=B_SPLINE_CURVE_WITH_KNOTS('',3,(#4594,#4595,#4596,#4597),
 .UNSPECIFIED.,.F.,.F.,(4,4),(-0.0579027147040362,-8.52329626256137E-12),
 .UNSPECIFIED.);
#105=B_SPLINE_CURVE_WITH_KNOTS('',3,(#4598,#4599,#4600,#4601),
 .UNSPECIFIED.,.F.,.F.,(4,4),(8.52329626256137E-12,0.0579027147040362),
 .UNSPECIFIED.);
#106=B_SPLINE_CURVE_WITH_KNOTS('',3,(#4647,#4648,#4649,#4650,#4651,#4652,
#4653,#4654),.UNSPECIFIED.,.F.,.F.,(4,1,1,1,1,4),(-15.8530393438906,-15.1734322682378,
-14.493825192585,-14.1540216547586,-13.8142181169322,-13.4744145791058),
 .UNSPECIFIED.);
#107=B_SPLINE_CURVE_WITH_KNOTS('',3,(#4656,#4657,#4658,#4659,#4660),
 .UNSPECIFIED.,.F.,.F.,(4,1,4),(13.4744145791058,13.8142181169322,14.1036430431727),
 .UNSPECIFIED.);
#108=B_SPLINE_CURVE_WITH_KNOTS('',3,(#4662,#4663,#4664,#4665,#4666,#4667,
#4668,#4669),.UNSPECIFIED.,.F.,.F.,(4,2,2,4),(-0.00143212567393775,0.,0.206439519678476,
0.522530008687401),.UNSPECIFIED.);
#109=B_SPLINE_CURVE_WITH_KNOTS('',3,(#4670,#4671,#4672,#4673,#4674,#4675),
 .UNSPECIFIED.,.F.,.F.,(4,2,4),(0.,0.974124689425442,1.14849583466392),
 .UNSPECIFIED.);
#110=B_SPLINE_CURVE_WITH_KNOTS('',3,(#4708,#4709,#4710,#4711,#4712,#4713),
 .UNSPECIFIED.,.F.,.F.,(4,2,4),(-0.595620321079908,0.,0.00320685372776291),
 .UNSPECIFIED.);
#111=B_SPLINE_CURVE_WITH_KNOTS('',3,(#4714,#4715,#4716,#4717,#4718,#4719,
#4720,#4721),.UNSPECIFIED.,.F.,.F.,(4,2,1,1,4),(-0.00320685372776291,0.,
0.739081001818937,0.985441335758583,1.23180166969823),.UNSPECIFIED.);
#112=B_SPLINE_CURVE_WITH_KNOTS('',3,(#4730,#4731,#4732,#4733,#4734,#4735,
#4736,#4737),.UNSPECIFIED.,.F.,.F.,(4,2,2,4),(2.41695874409669,2.79781185146808,
3.17866495883946,3.36587787412159),.UNSPECIFIED.);
#113=B_SPLINE_CURVE_WITH_KNOTS('',3,(#4773,#4774,#4775,#4776,#4777,#4778,
#4779,#4780),.UNSPECIFIED.,.F.,.F.,(4,1,1,2,4),(2.4340868710463,2.92680751304409,
3.17316783404298,3.66588847604077,3.66909533224931),.UNSPECIFIED.);
#114=B_SPLINE_CURVE_WITH_KNOTS('',3,(#4782,#4783,#4784,#4785,#4786,#4787,
#4788),.UNSPECIFIED.,.F.,.F.,(4,2,1,4),(-3.66909533224931,-3.66588847604077,
-3.17316783404298,-3.07042315801801),.UNSPECIFIED.);
#115=B_SPLINE_CURVE_WITH_KNOTS('',3,(#4789,#4790,#4791,#4792,#4793,#4794,
#4795,#4796),.UNSPECIFIED.,.F.,.F.,(4,2,2,4),(-0.531702926584857,-0.530249646079571,
-0.320760158659588,0.),.UNSPECIFIED.);
#116=B_SPLINE_CURVE_WITH_KNOTS('',3,(#4832,#4833,#4834,#4835,#4836),
 .UNSPECIFIED.,.F.,.F.,(4,1,4),(7.93122950221244,8.22051713768366,8.56032066852578),
 .UNSPECIFIED.);
#117=B_SPLINE_CURVE_WITH_KNOTS('',3,(#4840,#4841,#4842,#4843,#4844,#4845,
#4846),.UNSPECIFIED.,.F.,.F.,(4,1,1,1,4),(-8.56032066852578,-8.22051713768366,
-7.88071360684154,-7.2011065451573,-6.18169595263094),.UNSPECIFIED.);
#118=B_SPLINE_CURVE_WITH_KNOTS('',3,(#4847,#4848,#4849,#4850),
 .UNSPECIFIED.,.F.,.F.,(4,4),(0.275120441832982,0.689801743178272),
 .UNSPECIFIED.);
#119=B_SPLINE_CURVE_WITH_KNOTS('',3,(#4873,#4874,#4875,#4876),
 .UNSPECIFIED.,.F.,.F.,(4,4),(-0.0579027146997765,0.),.UNSPECIFIED.);
#120=B_SPLINE_CURVE_WITH_KNOTS('',3,(#4897,#4898,#4899,#4900,#4901),
 .UNSPECIFIED.,.F.,.F.,(4,1,4),(-1.81244763658056,-0.778111552417478,0.),
 .UNSPECIFIED.);
#121=B_SPLINE_CURVE_WITH_KNOTS('',3,(#4910,#4911,#4912,#4913,#4914,#4915,
#4916,#4917),.UNSPECIFIED.,.F.,.F.,(4,2,2,4),(2.2728986548403,2.46011160696804,
2.84096471097037,3.2218178149727),.UNSPECIFIED.);
#122=FACE_BOUND('',#343,.T.);
#123=FACE_BOUND('',#346,.T.);
#124=FACE_BOUND('',#349,.T.);
#125=FACE_BOUND('',#352,.T.);
#126=FACE_BOUND('',#363,.T.);
#127=FACE_BOUND('',#374,.T.);
#128=FACE_BOUND('',#376,.T.);
#129=FACE_BOUND('',#383,.T.);
#130=FACE_BOUND('',#420,.T.);
#131=FACE_BOUND('',#424,.T.);
#132=FACE_BOUND('',#450,.T.);
#133=FACE_BOUND('',#451,.T.);
#134=FACE_BOUND('',#452,.T.);
#135=FACE_BOUND('',#454,.T.);
#136=FACE_BOUND('',#455,.T.);
#137=FACE_BOUND('',#456,.T.);
#138=FACE_BOUND('',#457,.T.);
#139=FACE_BOUND('',#474,.T.);
#140=FACE_BOUND('',#475,.T.);
#141=FACE_BOUND('',#494,.T.);
#142=FACE_BOUND('',#495,.T.);
#143=PLANE('',#2577);
#144=PLANE('',#2582);
#145=PLANE('',#2587);
#146=PLANE('',#2592);
#147=PLANE('',#2601);
#148=PLANE('',#2605);
#149=PLANE('',#2607);
#150=PLANE('',#2609);
#151=PLANE('',#2610);
#152=PLANE('',#2611);
#153=PLANE('',#2612);
#154=PLANE('',#2614);
#155=PLANE('',#2615);
#156=PLANE('',#2617);
#157=PLANE('',#2618);
#158=PLANE('',#2619);
#159=PLANE('',#2620);
#160=PLANE('',#2623);
#161=PLANE('',#2630);
#162=PLANE('',#2653);
#163=PLANE('',#2673);
#164=PLANE('',#2674);
#165=PLANE('',#2678);
#166=PLANE('',#2681);
#167=PLANE('',#2682);
#168=PLANE('',#2688);
#169=PLANE('',#2689);
#170=PLANE('',#2692);
#171=PLANE('',#2693);
#172=PLANE('',#2696);
#173=PLANE('',#2697);
#174=PLANE('',#2700);
#175=PLANE('',#2701);
#176=PLANE('',#2706);
#177=PLANE('',#2707);
#178=PLANE('',#2708);
#179=PLANE('',#2710);
#180=PLANE('',#2711);
#181=PLANE('',#2714);
#182=PLANE('',#2737);
#183=PLANE('',#2738);
#184=PLANE('',#2739);
#185=PLANE('',#2740);
#186=PLANE('',#2741);
#187=PLANE('',#2742);
#188=PLANE('',#2743);
#189=PLANE('',#2744);
#190=PLANE('',#2745);
#191=PLANE('',#2746);
#192=PLANE('',#2749);
#193=PLANE('',#2752);
#194=PLANE('',#2758);
#195=PLANE('',#2759);
#196=PLANE('',#2771);
#197=PLANE('',#2774);
#198=PLANE('',#2777);
#199=PLANE('',#2780);
#200=PLANE('',#2783);
#201=PLANE('',#2786);
#202=PLANE('',#2793);
#203=PLANE('',#2794);
#204=PLANE('',#2795);
#205=PLANE('',#2796);
#206=FACE_OUTER_BOUND('',#341,.T.);
#207=FACE_OUTER_BOUND('',#342,.T.);
#208=FACE_OUTER_BOUND('',#344,.T.);
#209=FACE_OUTER_BOUND('',#345,.T.);
#210=FACE_OUTER_BOUND('',#347,.T.);
#211=FACE_OUTER_BOUND('',#348,.T.);
#212=FACE_OUTER_BOUND('',#350,.T.);
#213=FACE_OUTER_BOUND('',#351,.T.);
#214=FACE_OUTER_BOUND('',#353,.T.);
#215=FACE_OUTER_BOUND('',#354,.T.);
#216=FACE_OUTER_BOUND('',#355,.T.);
#217=FACE_OUTER_BOUND('',#356,.T.);
#218=FACE_OUTER_BOUND('',#357,.T.);
#219=FACE_OUTER_BOUND('',#358,.T.);
#220=FACE_OUTER_BOUND('',#359,.T.);
#221=FACE_OUTER_BOUND('',#360,.T.);
#222=FACE_OUTER_BOUND('',#361,.T.);
#223=FACE_OUTER_BOUND('',#362,.T.);
#224=FACE_OUTER_BOUND('',#364,.T.);
#225=FACE_OUTER_BOUND('',#365,.T.);
#226=FACE_OUTER_BOUND('',#366,.T.);
#227=FACE_OUTER_BOUND('',#367,.T.);
#228=FACE_OUTER_BOUND('',#368,.T.);
#229=FACE_OUTER_BOUND('',#369,.T.);
#230=FACE_OUTER_BOUND('',#370,.T.);
#231=FACE_OUTER_BOUND('',#371,.T.);
#232=FACE_OUTER_BOUND('',#372,.T.);
#233=FACE_OUTER_BOUND('',#373,.T.);
#234=FACE_OUTER_BOUND('',#375,.T.);
#235=FACE_OUTER_BOUND('',#377,.T.);
#236=FACE_OUTER_BOUND('',#378,.T.);
#237=FACE_OUTER_BOUND('',#379,.T.);
#238=FACE_OUTER_BOUND('',#380,.T.);
#239=FACE_OUTER_BOUND('',#381,.T.);
#240=FACE_OUTER_BOUND('',#382,.T.);
#241=FACE_OUTER_BOUND('',#384,.T.);
#242=FACE_OUTER_BOUND('',#385,.T.);
#243=FACE_OUTER_BOUND('',#386,.T.);
#244=FACE_OUTER_BOUND('',#387,.T.);
#245=FACE_OUTER_BOUND('',#388,.T.);
#246=FACE_OUTER_BOUND('',#389,.T.);
#247=FACE_OUTER_BOUND('',#390,.T.);
#248=FACE_OUTER_BOUND('',#391,.T.);
#249=FACE_OUTER_BOUND('',#392,.T.);
#250=FACE_OUTER_BOUND('',#393,.T.);
#251=FACE_OUTER_BOUND('',#394,.T.);
#252=FACE_OUTER_BOUND('',#395,.T.);
#253=FACE_OUTER_BOUND('',#396,.T.);
#254=FACE_OUTER_BOUND('',#397,.T.);
#255=FACE_OUTER_BOUND('',#398,.T.);
#256=FACE_OUTER_BOUND('',#399,.T.);
#257=FACE_OUTER_BOUND('',#400,.T.);
#258=FACE_OUTER_BOUND('',#401,.T.);
#259=FACE_OUTER_BOUND('',#402,.T.);
#260=FACE_OUTER_BOUND('',#403,.T.);
#261=FACE_OUTER_BOUND('',#404,.T.);
#262=FACE_OUTER_BOUND('',#405,.T.);
#263=FACE_OUTER_BOUND('',#406,.T.);
#264=FACE_OUTER_BOUND('',#407,.T.);
#265=FACE_OUTER_BOUND('',#408,.T.);
#266=FACE_OUTER_BOUND('',#409,.T.);
#267=FACE_OUTER_BOUND('',#410,.T.);
#268=FACE_OUTER_BOUND('',#411,.T.);
#269=FACE_OUTER_BOUND('',#412,.T.);
#270=FACE_OUTER_BOUND('',#413,.T.);
#271=FACE_OUTER_BOUND('',#414,.T.);
#272=FACE_OUTER_BOUND('',#415,.T.);
#273=FACE_OUTER_BOUND('',#416,.T.);
#274=FACE_OUTER_BOUND('',#417,.T.);
#275=FACE_OUTER_BOUND('',#418,.T.);
#276=FACE_OUTER_BOUND('',#419,.T.);
#277=FACE_OUTER_BOUND('',#421,.T.);
#278=FACE_OUTER_BOUND('',#422,.T.);
#279=FACE_OUTER_BOUND('',#423,.T.);
#280=FACE_OUTER_BOUND('',#425,.T.);
#281=FACE_OUTER_BOUND('',#426,.T.);
#282=FACE_OUTER_BOUND('',#427,.T.);
#283=FACE_OUTER_BOUND('',#428,.T.);
#284=FACE_OUTER_BOUND('',#429,.T.);
#285=FACE_OUTER_BOUND('',#430,.T.);
#286=FACE_OUTER_BOUND('',#431,.T.);
#287=FACE_OUTER_BOUND('',#432,.T.);
#288=FACE_OUTER_BOUND('',#433,.T.);
#289=FACE_OUTER_BOUND('',#434,.T.);
#290=FACE_OUTER_BOUND('',#435,.T.);
#291=FACE_OUTER_BOUND('',#436,.T.);
#292=FACE_OUTER_BOUND('',#437,.T.);
#293=FACE_OUTER_BOUND('',#438,.T.);
#294=FACE_OUTER_BOUND('',#439,.T.);
#295=FACE_OUTER_BOUND('',#440,.T.);
#296=FACE_OUTER_BOUND('',#441,.T.);
#297=FACE_OUTER_BOUND('',#442,.T.);
#298=FACE_OUTER_BOUND('',#443,.T.);
#299=FACE_OUTER_BOUND('',#444,.T.);
#300=FACE_OUTER_BOUND('',#445,.T.);
#301=FACE_OUTER_BOUND('',#446,.T.);
#302=FACE_OUTER_BOUND('',#447,.T.);
#303=FACE_OUTER_BOUND('',#448,.T.);
#304=FACE_OUTER_BOUND('',#449,.T.);
#305=FACE_OUTER_BOUND('',#453,.T.);
#306=FACE_OUTER_BOUND('',#458,.T.);
#307=FACE_OUTER_BOUND('',#459,.T.);
#308=FACE_OUTER_BOUND('',#460,.T.);
#309=FACE_OUTER_BOUND('',#461,.T.);
#310=FACE_OUTER_BOUND('',#462,.T.);
#311=FACE_OUTER_BOUND('',#463,.T.);
#312=FACE_OUTER_BOUND('',#464,.T.);
#313=FACE_OUTER_BOUND('',#465,.T.);
#314=FACE_OUTER_BOUND('',#466,.T.);
#315=FACE_OUTER_BOUND('',#467,.T.);
#316=FACE_OUTER_BOUND('',#468,.T.);
#317=FACE_OUTER_BOUND('',#469,.T.);
#318=FACE_OUTER_BOUND('',#470,.T.);
#319=FACE_OUTER_BOUND('',#471,.T.);
#320=FACE_OUTER_BOUND('',#472,.T.);
#321=FACE_OUTER_BOUND('',#473,.T.);
#322=FACE_OUTER_BOUND('',#476,.T.);
#323=FACE_OUTER_BOUND('',#477,.T.);
#324=FACE_OUTER_BOUND('',#478,.T.);
#325=FACE_OUTER_BOUND('',#479,.T.);
#326=FACE_OUTER_BOUND('',#480,.T.);
#327=FACE_OUTER_BOUND('',#481,.T.);
#328=FACE_OUTER_BOUND('',#482,.T.);
#329=FACE_OUTER_BOUND('',#483,.T.);
#330=FACE_OUTER_BOUND('',#484,.T.);
#331=FACE_OUTER_BOUND('',#485,.T.);
#332=FACE_OUTER_BOUND('',#486,.T.);
#333=FACE_OUTER_BOUND('',#487,.T.);
#334=FACE_OUTER_BOUND('',#488,.T.);
#335=FACE_OUTER_BOUND('',#489,.T.);
#336=FACE_OUTER_BOUND('',#490,.T.);
#337=FACE_OUTER_BOUND('',#491,.T.);
#338=FACE_OUTER_BOUND('',#492,.T.);
#339=FACE_OUTER_BOUND('',#493,.T.);
#340=FACE_OUTER_BOUND('',#496,.T.);
#341=EDGE_LOOP('',(#1618,#1619,#1620,#1621));
#342=EDGE_LOOP('',(#1622));
#343=EDGE_LOOP('',(#1623));
#344=EDGE_LOOP('',(#1624,#1625,#1626,#1627));
#345=EDGE_LOOP('',(#1628));
#346=EDGE_LOOP('',(#1629));
#347=EDGE_LOOP('',(#1630,#1631,#1632,#1633));
#348=EDGE_LOOP('',(#1634));
#349=EDGE_LOOP('',(#1635));
#350=EDGE_LOOP('',(#1636,#1637,#1638,#1639));
#351=EDGE_LOOP('',(#1640));
#352=EDGE_LOOP('',(#1641));
#353=EDGE_LOOP('',(#1642,#1643,#1644,#1645,#1646,#1647,#1648));
#354=EDGE_LOOP('',(#1649,#1650,#1651,#1652,#1653));
#355=EDGE_LOOP('',(#1654,#1655,#1656,#1657,#1658));
#356=EDGE_LOOP('',(#1659,#1660,#1661,#1662,#1663));
#357=EDGE_LOOP('',(#1664,#1665,#1666,#1667));
#358=EDGE_LOOP('',(#1668,#1669,#1670,#1671,#1672,#1673,#1674,#1675,#1676,
#1677,#1678,#1679,#1680,#1681));
#359=EDGE_LOOP('',(#1682,#1683,#1684,#1685));
#360=EDGE_LOOP('',(#1686,#1687,#1688,#1689));
#361=EDGE_LOOP('',(#1690,#1691,#1692,#1693));
#362=EDGE_LOOP('',(#1694,#1695,#1696,#1697,#1698,#1699,#1700,#1701,#1702));
#363=EDGE_LOOP('',(#1703,#1704,#1705,#1706));
#364=EDGE_LOOP('',(#1707,#1708,#1709,#1710,#1711));
#365=EDGE_LOOP('',(#1712,#1713,#1714,#1715));
#366=EDGE_LOOP('',(#1716,#1717,#1718,#1719,#1720));
#367=EDGE_LOOP('',(#1721,#1722,#1723,#1724,#1725));
#368=EDGE_LOOP('',(#1726,#1727,#1728,#1729,#1730));
#369=EDGE_LOOP('',(#1731,#1732,#1733,#1734,#1735,#1736,#1737,#1738,#1739,
#1740));
#370=EDGE_LOOP('',(#1741,#1742,#1743,#1744,#1745,#1746,#1747,#1748,#1749,
#1750));
#371=EDGE_LOOP('',(#1751,#1752,#1753,#1754,#1755));
#372=EDGE_LOOP('',(#1756,#1757,#1758,#1759,#1760,#1761,#1762,#1763,#1764,
#1765,#1766,#1767,#1768));
#373=EDGE_LOOP('',(#1769,#1770,#1771,#1772,#1773,#1774,#1775,#1776));
#374=EDGE_LOOP('',(#1777));
#375=EDGE_LOOP('',(#1778,#1779,#1780,#1781,#1782,#1783,#1784,#1785,#1786));
#376=EDGE_LOOP('',(#1787));
#377=EDGE_LOOP('',(#1788,#1789,#1790,#1791));
#378=EDGE_LOOP('',(#1792,#1793,#1794));
#379=EDGE_LOOP('',(#1795,#1796,#1797,#1798));
#380=EDGE_LOOP('',(#1799,#1800,#1801,#1802,#1803));
#381=EDGE_LOOP('',(#1804,#1805,#1806,#1807));
#382=EDGE_LOOP('',(#1808,#1809,#1810,#1811,#1812,#1813,#1814,#1815,#1816,
#1817,#1818,#1819,#1820,#1821,#1822,#1823,#1824,#1825,#1826));
#383=EDGE_LOOP('',(#1827,#1828,#1829,#1830));
#384=EDGE_LOOP('',(#1831,#1832,#1833,#1834,#1835));
#385=EDGE_LOOP('',(#1836,#1837,#1838,#1839,#1840,#1841));
#386=EDGE_LOOP('',(#1842,#1843,#1844,#1845));
#387=EDGE_LOOP('',(#1846,#1847,#1848,#1849,#1850));
#388=EDGE_LOOP('',(#1851,#1852,#1853,#1854));
#389=EDGE_LOOP('',(#1855,#1856,#1857,#1858,#1859));
#390=EDGE_LOOP('',(#1860,#1861,#1862,#1863));
#391=EDGE_LOOP('',(#1864,#1865,#1866,#1867));
#392=EDGE_LOOP('',(#1868,#1869,#1870,#1871));
#393=EDGE_LOOP('',(#1872,#1873,#1874,#1875));
#394=EDGE_LOOP('',(#1876,#1877,#1878,#1879,#1880,#1881,#1882,#1883,#1884,
#1885,#1886,#1887,#1888,#1889,#1890,#1891,#1892,#1893,#1894));
#395=EDGE_LOOP('',(#1895,#1896,#1897,#1898));
#396=EDGE_LOOP('',(#1899,#1900,#1901,#1902,#1903,#1904,#1905,#1906));
#397=EDGE_LOOP('',(#1907,#1908,#1909,#1910));
#398=EDGE_LOOP('',(#1911,#1912,#1913,#1914,#1915,#1916,#1917,#1918,#1919,
#1920,#1921));
#399=EDGE_LOOP('',(#1922,#1923,#1924,#1925));
#400=EDGE_LOOP('',(#1926,#1927,#1928,#1929));
#401=EDGE_LOOP('',(#1930,#1931,#1932,#1933,#1934));
#402=EDGE_LOOP('',(#1935,#1936,#1937,#1938));
#403=EDGE_LOOP('',(#1939,#1940,#1941,#1942));
#404=EDGE_LOOP('',(#1943,#1944,#1945,#1946));
#405=EDGE_LOOP('',(#1947,#1948,#1949,#1950,#1951,#1952));
#406=EDGE_LOOP('',(#1953,#1954,#1955,#1956,#1957,#1958));
#407=EDGE_LOOP('',(#1959,#1960,#1961,#1962,#1963,#1964));
#408=EDGE_LOOP('',(#1965,#1966));
#409=EDGE_LOOP('',(#1967));
#410=EDGE_LOOP('',(#1968,#1969,#1970));
#411=EDGE_LOOP('',(#1971,#1972,#1973));
#412=EDGE_LOOP('',(#1974,#1975,#1976,#1977,#1978,#1979));
#413=EDGE_LOOP('',(#1980,#1981,#1982,#1983));
#414=EDGE_LOOP('',(#1984,#1985,#1986,#1987));
#415=EDGE_LOOP('',(#1988,#1989,#1990,#1991));
#416=EDGE_LOOP('',(#1992,#1993,#1994));
#417=EDGE_LOOP('',(#1995,#1996,#1997,#1998));
#418=EDGE_LOOP('',(#1999,#2000,#2001,#2002));
#419=EDGE_LOOP('',(#2003,#2004,#2005,#2006));
#420=EDGE_LOOP('',(#2007));
#421=EDGE_LOOP('',(#2008,#2009,#2010,#2011));
#422=EDGE_LOOP('',(#2012,#2013,#2014,#2015,#2016,#2017,#2018,#2019,#2020,
#2021));
#423=EDGE_LOOP('',(#2022,#2023,#2024,#2025,#2026,#2027,#2028,#2029,#2030,
#2031));
#424=EDGE_LOOP('',(#2032));
#425=EDGE_LOOP('',(#2033,#2034,#2035,#2036,#2037,#2038,#2039,#2040,#2041,
#2042));
#426=EDGE_LOOP('',(#2043,#2044,#2045,#2046,#2047));
#427=EDGE_LOOP('',(#2048,#2049,#2050,#2051,#2052,#2053,#2054,#2055));
#428=EDGE_LOOP('',(#2056,#2057,#2058,#2059));
#429=EDGE_LOOP('',(#2060,#2061,#2062));
#430=EDGE_LOOP('',(#2063,#2064,#2065));
#431=EDGE_LOOP('',(#2066,#2067,#2068,#2069));
#432=EDGE_LOOP('',(#2070,#2071,#2072,#2073));
#433=EDGE_LOOP('',(#2074,#2075,#2076,#2077));
#434=EDGE_LOOP('',(#2078,#2079,#2080,#2081));
#435=EDGE_LOOP('',(#2082,#2083,#2084,#2085));
#436=EDGE_LOOP('',(#2086,#2087,#2088,#2089,#2090));
#437=EDGE_LOOP('',(#2091,#2092,#2093));
#438=EDGE_LOOP('',(#2094,#2095,#2096,#2097,#2098,#2099));
#439=EDGE_LOOP('',(#2100,#2101,#2102));
#440=EDGE_LOOP('',(#2103,#2104,#2105,#2106));
#441=EDGE_LOOP('',(#2107,#2108,#2109));
#442=EDGE_LOOP('',(#2110,#2111,#2112,#2113,#2114));
#443=EDGE_LOOP('',(#2115,#2116,#2117,#2118));
#444=EDGE_LOOP('',(#2119,#2120,#2121,#2122));
#445=EDGE_LOOP('',(#2123,#2124,#2125,#2126));
#446=EDGE_LOOP('',(#2127,#2128,#2129));
#447=EDGE_LOOP('',(#2130,#2131,#2132,#2133,#2134,#2135,#2136));
#448=EDGE_LOOP('',(#2137,#2138,#2139,#2140,#2141,#2142,#2143,#2144,#2145,
#2146,#2147,#2148,#2149,#2150));
#449=EDGE_LOOP('',(#2151,#2152,#2153,#2154,#2155,#2156,#2157,#2158,#2159,
#2160,#2161,#2162,#2163,#2164,#2165,#2166,#2167,#2168,#2169));
#450=EDGE_LOOP('',(#2170,#2171));
#451=EDGE_LOOP('',(#2172,#2173));
#452=EDGE_LOOP('',(#2174,#2175));
#453=EDGE_LOOP('',(#2176));
#454=EDGE_LOOP('',(#2177));
#455=EDGE_LOOP('',(#2178));
#456=EDGE_LOOP('',(#2179));
#457=EDGE_LOOP('',(#2180));
#458=EDGE_LOOP('',(#2181,#2182,#2183,#2184,#2185));
#459=EDGE_LOOP('',(#2186,#2187,#2188,#2189));
#460=EDGE_LOOP('',(#2190,#2191,#2192,#2193));
#461=EDGE_LOOP('',(#2194,#2195,#2196,#2197));
#462=EDGE_LOOP('',(#2198,#2199,#2200,#2201));
#463=EDGE_LOOP('',(#2202,#2203,#2204,#2205));
#464=EDGE_LOOP('',(#2206,#2207,#2208,#2209));
#465=EDGE_LOOP('',(#2210,#2211,#2212,#2213,#2214));
#466=EDGE_LOOP('',(#2215,#2216,#2217,#2218,#2219,#2220,#2221,#2222,#2223,
#2224,#2225,#2226,#2227,#2228));
#467=EDGE_LOOP('',(#2229,#2230,#2231,#2232,#2233));
#468=EDGE_LOOP('',(#2234,#2235,#2236,#2237));
#469=EDGE_LOOP('',(#2238,#2239,#2240,#2241));
#470=EDGE_LOOP('',(#2242,#2243,#2244,#2245));
#471=EDGE_LOOP('',(#2246,#2247,#2248,#2249));
#472=EDGE_LOOP('',(#2250,#2251,#2252,#2253));
#473=EDGE_LOOP('',(#2254,#2255,#2256,#2257,#2258,#2259,#2260,#2261,#2262,
#2263,#2264,#2265,#2266,#2267,#2268,#2269));
#474=EDGE_LOOP('',(#2270));
#475=EDGE_LOOP('',(#2271));
#476=EDGE_LOOP('',(#2272,#2273,#2274,#2275));
#477=EDGE_LOOP('',(#2276,#2277,#2278,#2279));
#478=EDGE_LOOP('',(#2280,#2281,#2282,#2283));
#479=EDGE_LOOP('',(#2284,#2285,#2286,#2287));
#480=EDGE_LOOP('',(#2288,#2289,#2290,#2291));
#481=EDGE_LOOP('',(#2292,#2293,#2294,#2295));
#482=EDGE_LOOP('',(#2296,#2297,#2298,#2299));
#483=EDGE_LOOP('',(#2300,#2301,#2302,#2303));
#484=EDGE_LOOP('',(#2304,#2305,#2306,#2307));
#485=EDGE_LOOP('',(#2308,#2309,#2310,#2311));
#486=EDGE_LOOP('',(#2312,#2313,#2314,#2315));
#487=EDGE_LOOP('',(#2316,#2317,#2318,#2319));
#488=EDGE_LOOP('',(#2320,#2321,#2322,#2323));
#489=EDGE_LOOP('',(#2324,#2325,#2326,#2327));
#490=EDGE_LOOP('',(#2328,#2329,#2330,#2331));
#491=EDGE_LOOP('',(#2332,#2333,#2334,#2335));
#492=EDGE_LOOP('',(#2336,#2337,#2338,#2339));
#493=EDGE_LOOP('',(#2340,#2341,#2342,#2343,#2344,#2345,#2346,#2347,#2348,
#2349,#2350,#2351,#2352,#2353,#2354,#2355,#2356,#2357));
#494=EDGE_LOOP('',(#2358));
#495=EDGE_LOOP('',(#2359));
#496=EDGE_LOOP('',(#2360,#2361,#2362,#2363,#2364,#2365,#2366,#2367,#2368,
#2369,#2370,#2371,#2372,#2373));
#497=LINE('',#3450,#697);
#498=LINE('',#3459,#698);
#499=LINE('',#3468,#699);
#500=LINE('',#3477,#700);
#501=LINE('',#3484,#701);
#502=LINE('',#3530,#702);
#503=LINE('',#3570,#703);
#504=LINE('',#3610,#704);
#505=LINE('',#3653,#705);
#506=LINE('',#3656,#706);
#507=LINE('',#3659,#707);
#508=LINE('',#3661,#708);
#509=LINE('',#3663,#709);
#510=LINE('',#3665,#710);
#511=LINE('',#3667,#711);
#512=LINE('',#3669,#712);
#513=LINE('',#3671,#713);
#514=LINE('',#3673,#714);
#515=LINE('',#3675,#715);
#516=LINE('',#3677,#716);
#517=LINE('',#3679,#717);
#518=LINE('',#3681,#718);
#519=LINE('',#3682,#719);
#520=LINE('',#3688,#720);
#521=LINE('',#3691,#721);
#522=LINE('',#3694,#722);
#523=LINE('',#3697,#723);
#524=LINE('',#3700,#724);
#525=LINE('',#3703,#725);
#526=LINE('',#3706,#726);
#527=LINE('',#3708,#727);
#528=LINE('',#3709,#728);
#529=LINE('',#3711,#729);
#530=LINE('',#3713,#730);
#531=LINE('',#3715,#731);
#532=LINE('',#3716,#732);
#533=LINE('',#3719,#733);
#534=LINE('',#3721,#734);
#535=LINE('',#3723,#735);
#536=LINE('',#3724,#736);
#537=LINE('',#3727,#737);
#538=LINE('',#3729,#738);
#539=LINE('',#3739,#739);
#540=LINE('',#3742,#740);
#541=LINE('',#3744,#741);
#542=LINE('',#3745,#742);
#543=LINE('',#3748,#743);
#544=LINE('',#3751,#744);
#545=LINE('',#3754,#745);
#546=LINE('',#3762,#746);
#547=LINE('',#3774,#747);
#548=LINE('',#3775,#748);
#549=LINE('',#3776,#749);
#550=LINE('',#3778,#750);
#551=LINE('',#3786,#751);
#552=LINE('',#3795,#752);
#553=LINE('',#3798,#753);
#554=LINE('',#3800,#754);
#555=LINE('',#3802,#755);
#556=LINE('',#3804,#756);
#557=LINE('',#3806,#757);
#558=LINE('',#3813,#758);
#559=LINE('',#3821,#759);
#560=LINE('',#3828,#760);
#561=LINE('',#3832,#761);
#562=LINE('',#3842,#762);
#563=LINE('',#3899,#763);
#564=LINE('',#3900,#764);
#565=LINE('',#3903,#765);
#566=LINE('',#3912,#766);
#567=LINE('',#3915,#767);
#568=LINE('',#3920,#768);
#569=LINE('',#3960,#769);
#570=LINE('',#3981,#770);
#571=LINE('',#3999,#771);
#572=LINE('',#4017,#772);
#573=LINE('',#4020,#773);
#574=LINE('',#4023,#774);
#575=LINE('',#4025,#775);
#576=LINE('',#4027,#776);
#577=LINE('',#4028,#777);
#578=LINE('',#4032,#778);
#579=LINE('',#4034,#779);
#580=LINE('',#4040,#780);
#581=LINE('',#4043,#781);
#582=LINE('',#4099,#782);
#583=LINE('',#4104,#783);
#584=LINE('',#4105,#784);
#585=LINE('',#4122,#785);
#586=LINE('',#4147,#786);
#587=LINE('',#4182,#787);
#588=LINE('',#4184,#788);
#589=LINE('',#4187,#789);
#590=LINE('',#4193,#790);
#591=LINE('',#4194,#791);
#592=LINE('',#4198,#792);
#593=LINE('',#4200,#793);
#594=LINE('',#4201,#794);
#595=LINE('',#4203,#795);
#596=LINE('',#4204,#796);
#597=LINE('',#4206,#797);
#598=LINE('',#4207,#798);
#599=LINE('',#4211,#799);
#600=LINE('',#4213,#800);
#601=LINE('',#4216,#801);
#602=LINE('',#4217,#802);
#603=LINE('',#4221,#803);
#604=LINE('',#4224,#804);
#605=LINE('',#4228,#805);
#606=LINE('',#4229,#806);
#607=LINE('',#4233,#807);
#608=LINE('',#4250,#808);
#609=LINE('',#4254,#809);
#610=LINE('',#4257,#810);
#611=LINE('',#4262,#811);
#612=LINE('',#4264,#812);
#613=LINE('',#4270,#813);
#614=LINE('',#4273,#814);
#615=LINE('',#4274,#815);
#616=LINE('',#4276,#816);
#617=LINE('',#4313,#817);
#618=LINE('',#4353,#818);
#619=LINE('',#4355,#819);
#620=LINE('',#4357,#820);
#621=LINE('',#4358,#821);
#622=LINE('',#4605,#822);
#623=LINE('',#4729,#823);
#624=LINE('',#4854,#824);
#625=LINE('',#4918,#825);
#626=LINE('',#4923,#826);
#627=LINE('',#4936,#827);
#628=LINE('',#4938,#828);
#629=LINE('',#4940,#829);
#630=LINE('',#4941,#830);
#631=LINE('',#4944,#831);
#632=LINE('',#4946,#832);
#633=LINE('',#4947,#833);
#634=LINE('',#4950,#834);
#635=LINE('',#4952,#835);
#636=LINE('',#4953,#836);
#637=LINE('',#4957,#837);
#638=LINE('',#4959,#838);
#639=LINE('',#4961,#839);
#640=LINE('',#4962,#840);
#641=LINE('',#4965,#841);
#642=LINE('',#4967,#842);
#643=LINE('',#4968,#843);
#644=LINE('',#4971,#844);
#645=LINE('',#4973,#845);
#646=LINE('',#4974,#846);
#647=LINE('',#4977,#847);
#648=LINE('',#4979,#848);
#649=LINE('',#4981,#849);
#650=LINE('',#4982,#850);
#651=LINE('',#4985,#851);
#652=LINE('',#4986,#852);
#653=LINE('',#4988,#853);
#654=LINE('',#4992,#854);
#655=LINE('',#4995,#855);
#656=LINE('',#4998,#856);
#657=LINE('',#5000,#857);
#658=LINE('',#5001,#858);
#659=LINE('',#5006,#859);
#660=LINE('',#5007,#860);
#661=LINE('',#5010,#861);
#662=LINE('',#5011,#862);
#663=LINE('',#5015,#863);
#664=LINE('',#5021,#864);
#665=LINE('',#5024,#865);
#666=LINE('',#5027,#866);
#667=LINE('',#5029,#867);
#668=LINE('',#5030,#868);
#669=LINE('',#5033,#869);
#670=LINE('',#5037,#870);
#671=LINE('',#5041,#871);
#672=LINE('',#5045,#872);
#673=LINE('',#5050,#873);
#674=LINE('',#5054,#874);
#675=LINE('',#5064,#875);
#676=LINE('',#5065,#876);
#677=LINE('',#5068,#877);
#678=LINE('',#5069,#878);
#679=LINE('',#5072,#879);
#680=LINE('',#5076,#880);
#681=LINE('',#5077,#881);
#682=LINE('',#5081,#882);
#683=LINE('',#5083,#883);
#684=LINE('',#5087,#884);
#685=LINE('',#5090,#885);
#686=LINE('',#5091,#886);
#687=LINE('',#5094,#887);
#688=LINE('',#5098,#888);
#689=LINE('',#5099,#889);
#690=LINE('',#5102,#890);
#691=LINE('',#5106,#891);
#692=LINE('',#5107,#892);
#693=LINE('',#5112,#893);
#694=LINE('',#5117,#894);
#695=LINE('',#5119,#895);
#696=LINE('',#5121,#896);
#697=VECTOR('',#2803,0.999999999999996);
#698=VECTOR('',#2814,0.999999999999996);
#699=VECTOR('',#2825,0.999999999999996);
#700=VECTOR('',#2836,0.999999999999996);
#701=VECTOR('',#2845,3.00000000000001);
#702=VECTOR('',#2848,3.);
#703=VECTOR('',#2851,3.);
#704=VECTOR('',#2854,3.);
#705=VECTOR('',#2859,10.);
#706=VECTOR('',#2862,10.);
#707=VECTOR('',#2865,10.);
#708=VECTOR('',#2866,10.);
#709=VECTOR('',#2867,10.);
#710=VECTOR('',#2868,10.);
#711=VECTOR('',#2869,10.);
#712=VECTOR('',#2870,10.);
#713=VECTOR('',#2871,10.);
#714=VECTOR('',#2872,10.);
#715=VECTOR('',#2873,10.);
#716=VECTOR('',#2874,10.);
#717=VECTOR('',#2875,10.);
#718=VECTOR('',#2876,10.);
#719=VECTOR('',#2877,10.);
#720=VECTOR('',#2882,10.);
#721=VECTOR('',#2885,10.);
#722=VECTOR('',#2888,10.);
#723=VECTOR('',#2891,10.);
#724=VECTOR('',#2894,10.);
#725=VECTOR('',#2897,10.);
#726=VECTOR('',#2900,10.);
#727=VECTOR('',#2901,10.);
#728=VECTOR('',#2902,10.);
#729=VECTOR('',#2903,10.);
#730=VECTOR('',#2904,10.);
#731=VECTOR('',#2905,10.);
#732=VECTOR('',#2906,10.);
#733=VECTOR('',#2907,10.);
#734=VECTOR('',#2908,10.);
#735=VECTOR('',#2909,10.);
#736=VECTOR('',#2910,10.);
#737=VECTOR('',#2913,10.);
#738=VECTOR('',#2914,10.);
#739=VECTOR('',#2915,10.);
#740=VECTOR('',#2918,10.);
#741=VECTOR('',#2919,10.);
#742=VECTOR('',#2920,10.);
#743=VECTOR('',#2923,10.);
#744=VECTOR('',#2926,10.);
#745=VECTOR('',#2929,10.);
#746=VECTOR('',#2930,10.);
#747=VECTOR('',#2937,10.);
#748=VECTOR('',#2938,10.);
#749=VECTOR('',#2939,10.);
#750=VECTOR('',#2942,10.);
#751=VECTOR('',#2943,10.);
#752=VECTOR('',#2946,10.);
#753=VECTOR('',#2949,10.);
#754=VECTOR('',#2950,10.);
#755=VECTOR('',#2951,10.);
#756=VECTOR('',#2952,10.);
#757=VECTOR('',#2953,10.);
#758=VECTOR('',#2962,10.);
#759=VECTOR('',#2969,10.);
#760=VECTOR('',#2976,10.);
#761=VECTOR('',#2979,10.);
#762=VECTOR('',#2988,10.);
#763=VECTOR('',#3003,10.);
#764=VECTOR('',#3004,10.);
#765=VECTOR('',#3007,10.);
#766=VECTOR('',#3010,10.);
#767=VECTOR('',#3013,10.);
#768=VECTOR('',#3018,10.);
#769=VECTOR('',#3019,10.);
#770=VECTOR('',#3022,10.);
#771=VECTOR('',#3025,10.);
#772=VECTOR('',#3030,1.99999999999999);
#773=VECTOR('',#3033,1.99999999999999);
#774=VECTOR('',#3036,10.);
#775=VECTOR('',#3037,10.);
#776=VECTOR('',#3038,10.);
#777=VECTOR('',#3039,10.);
#778=VECTOR('',#3046,1.99999999999999);
#779=VECTOR('',#3047,1.99999999999999);
#780=VECTOR('',#3054,10.);
#781=VECTOR('',#3057,10.);
#782=VECTOR('',#3064,10.);
#783=VECTOR('',#3069,10.);
#784=VECTOR('',#3070,10.);
#785=VECTOR('',#3083,10.);
#786=VECTOR('',#3086,10.);
#787=VECTOR('',#3087,10.);
#788=VECTOR('',#3090,10.);
#789=VECTOR('',#3093,10.);
#790=VECTOR('',#3100,10.);
#791=VECTOR('',#3101,10.);
#792=VECTOR('',#3104,10.);
#793=VECTOR('',#3105,10.);
#794=VECTOR('',#3106,10.);
#795=VECTOR('',#3107,10.);
#796=VECTOR('',#3108,10.);
#797=VECTOR('',#3109,10.);
#798=VECTOR('',#3110,10.);
#799=VECTOR('',#3115,10.);
#800=VECTOR('',#3118,10.);
#801=VECTOR('',#3121,10.);
#802=VECTOR('',#3122,10.);
#803=VECTOR('',#3129,10.);
#804=VECTOR('',#3132,1.5);
#805=VECTOR('',#3137,10.);
#806=VECTOR('',#3138,10.);
#807=VECTOR('',#3143,1.5);
#808=VECTOR('',#3148,10.);
#809=VECTOR('',#3153,10.);
#810=VECTOR('',#3158,10.);
#811=VECTOR('',#3167,10.);
#812=VECTOR('',#3170,10.);
#813=VECTOR('',#3177,8.99999999999999);
#814=VECTOR('',#3182,10.);
#815=VECTOR('',#3183,10.);
#816=VECTOR('',#3186,10.);
#817=VECTOR('',#3193,10.);
#818=VECTOR('',#3202,10.);
#819=VECTOR('',#3203,10.);
#820=VECTOR('',#3204,10.);
#821=VECTOR('',#3205,10.);
#822=VECTOR('',#3220,10.);
#823=VECTOR('',#3221,10.);
#824=VECTOR('',#3232,10.);
#825=VECTOR('',#3237,10.);
#826=VECTOR('',#3242,22.5);
#827=VECTOR('',#3261,10.);
#828=VECTOR('',#3262,10.);
#829=VECTOR('',#3263,10.);
#830=VECTOR('',#3264,10.);
#831=VECTOR('',#3267,10.);
#832=VECTOR('',#3268,10.);
#833=VECTOR('',#3269,10.);
#834=VECTOR('',#3272,10.);
#835=VECTOR('',#3273,10.);
#836=VECTOR('',#3274,10.);
#837=VECTOR('',#3277,10.);
#838=VECTOR('',#3278,10.);
#839=VECTOR('',#3279,10.);
#840=VECTOR('',#3280,10.);
#841=VECTOR('',#3283,10.);
#842=VECTOR('',#3284,10.);
#843=VECTOR('',#3285,10.);
#844=VECTOR('',#3288,10.);
#845=VECTOR('',#3289,10.);
#846=VECTOR('',#3290,10.);
#847=VECTOR('',#3293,10.);
#848=VECTOR('',#3294,10.);
#849=VECTOR('',#3295,10.);
#850=VECTOR('',#3296,10.);
#851=VECTOR('',#3299,10.);
#852=VECTOR('',#3300,10.);
#853=VECTOR('',#3301,10.);
#854=VECTOR('',#3304,10.);
#855=VECTOR('',#3307,10.);
#856=VECTOR('',#3310,10.);
#857=VECTOR('',#3311,10.);
#858=VECTOR('',#3312,10.);
#859=VECTOR('',#3317,10.);
#860=VECTOR('',#3318,10.);
#861=VECTOR('',#3321,10.);
#862=VECTOR('',#3322,10.);
#863=VECTOR('',#3327,10.);
#864=VECTOR('',#3332,10.);
#865=VECTOR('',#3335,10.);
#866=VECTOR('',#3338,10.);
#867=VECTOR('',#3339,10.);
#868=VECTOR('',#3340,10.);
#869=VECTOR('',#3343,10.);
#870=VECTOR('',#3346,10.);
#871=VECTOR('',#3349,10.);
#872=VECTOR('',#3352,10.);
#873=VECTOR('',#3357,10.);
#874=VECTOR('',#3360,10.);
#875=VECTOR('',#3371,10.);
#876=VECTOR('',#3372,10.);
#877=VECTOR('',#3375,10.);
#878=VECTOR('',#3376,10.);
#879=VECTOR('',#3379,10.);
#880=VECTOR('',#3384,10.);
#881=VECTOR('',#3385,10.);
#882=VECTOR('',#3390,10.);
#883=VECTOR('',#3393,10.);
#884=VECTOR('',#3398,10.);
#885=VECTOR('',#3401,10.);
#886=VECTOR('',#3402,10.);
#887=VECTOR('',#3405,10.);
#888=VECTOR('',#3410,10.);
#889=VECTOR('',#3411,10.);
#890=VECTOR('',#3414,1.5);
#891=VECTOR('',#3419,10.);
#892=VECTOR('',#3420,10.);
#893=VECTOR('',#3427,1.5);
#894=VECTOR('',#3436,10.);
#895=VECTOR('',#3439,10.);
#896=VECTOR('',#3442,10.);
#897=CIRCLE('',#2575,0.999999999999996);
#898=CIRCLE('',#2576,0.999999999999996);
#899=CIRCLE('',#2578,3.00000000000001);
#900=CIRCLE('',#2580,0.999999999999996);
#901=CIRCLE('',#2581,0.999999999999996);
#902=CIRCLE('',#2583,3.);
#903=CIRCLE('',#2585,0.999999999999996);
#904=CIRCLE('',#2586,0.999999999999996);
#905=CIRCLE('',#2588,3.);
#906=CIRCLE('',#2590,0.999999999999996);
#907=CIRCLE('',#2591,0.999999999999996);
#908=CIRCLE('',#2593,3.);
#909=CIRCLE('',#2599,5.);
#910=CIRCLE('',#2600,5.);
#911=CIRCLE('',#2603,5.);
#912=CIRCLE('',#2604,5.);
#913=CIRCLE('',#2606,22.5);
#914=CIRCLE('',#2608,22.5);
#915=CIRCLE('',#2613,15.);
#916=CIRCLE('',#2621,12.5);
#917=CIRCLE('',#2622,12.5);
#918=CIRCLE('',#2624,1.);
#919=CIRCLE('',#2625,1.99999999999999);
#920=CIRCLE('',#2626,3.5);
#921=CIRCLE('',#2627,1.99999999999999);
#922=CIRCLE('',#2628,1.);
#923=CIRCLE('',#2629,1.5);
#924=CIRCLE('',#2631,1.);
#925=CIRCLE('',#2632,2.);
#926=CIRCLE('',#2633,3.5);
#927=CIRCLE('',#2635,3.99999999999999);
#928=CIRCLE('',#2636,1.);
#929=CIRCLE('',#2637,1.5);
#930=CIRCLE('',#2638,2.);
#931=CIRCLE('',#2640,2.00000000000188);
#932=CIRCLE('',#2641,2.00000000000001);
#933=CIRCLE('',#2645,2.);
#934=CIRCLE('',#2647,22.5);
#935=CIRCLE('',#2648,22.5);
#936=CIRCLE('',#2649,22.5);
#937=CIRCLE('',#2650,22.5);
#938=CIRCLE('',#2655,2.);
#939=CIRCLE('',#2661,1.99999999999992);
#940=CIRCLE('',#2662,2.);
#941=CIRCLE('',#2665,2.);
#942=CIRCLE('',#2667,24.5);
#943=CIRCLE('',#2669,15.);
#944=CIRCLE('',#2675,1.);
#945=CIRCLE('',#2677,1.);
#946=CIRCLE('',#2680,1.);
#947=CIRCLE('',#2684,1.);
#948=CIRCLE('',#2687,1.5);
#949=CIRCLE('',#2691,1.5);
#950=CIRCLE('',#2695,3.5);
#951=CIRCLE('',#2698,3.99999999999999);
#952=CIRCLE('',#2704,8.99999999999999);
#953=CIRCLE('',#2705,8.99999999999999);
#954=CIRCLE('',#2712,10.4256583422795);
#955=CIRCLE('',#2713,10.4256583422795);
#956=CIRCLE('',#2715,5.);
#957=CIRCLE('',#2716,4.99999999999999);
#958=CIRCLE('',#2718,5.);
#959=CIRCLE('',#2719,5.);
#960=CIRCLE('',#2721,4.99999999999831);
#961=CIRCLE('',#2724,5.00000000000002);
#962=CIRCLE('',#2726,5.00000000000112);
#963=CIRCLE('',#2727,5.);
#964=CIRCLE('',#2731,22.5);
#965=CIRCLE('',#2733,22.5);
#966=CIRCLE('',#2735,22.5);
#967=CIRCLE('',#2736,22.5);
#968=CIRCLE('',#2747,1.);
#969=CIRCLE('',#2748,1.);
#970=CIRCLE('',#2751,1.);
#971=CIRCLE('',#2754,1.);
#972=CIRCLE('',#2756,1.);
#973=CIRCLE('',#2757,1.);
#974=CIRCLE('',#2760,1.);
#975=CIRCLE('',#2761,1.);
#976=CIRCLE('',#2762,3.5);
#977=CIRCLE('',#2763,1.);
#978=CIRCLE('',#2764,1.);
#979=CIRCLE('',#2765,3.5);
#980=CIRCLE('',#2766,1.);
#981=CIRCLE('',#2767,1.5);
#982=CIRCLE('',#2768,1.5);
#983=CIRCLE('',#2770,1.);
#984=CIRCLE('',#2773,1.);
#985=CIRCLE('',#2776,1.);
#986=CIRCLE('',#2779,1.);
#987=CIRCLE('',#2782,1.);
#988=CIRCLE('',#2785,1.5);
#989=CIRCLE('',#2788,3.5);
#990=CIRCLE('',#2790,1.5);
#991=CIRCLE('',#2792,3.5);
#992=VERTEX_POINT('',#3447);
#993=VERTEX_POINT('',#3449);
#994=VERTEX_POINT('',#3453);
#995=VERTEX_POINT('',#3456);
#996=VERTEX_POINT('',#3458);
#997=VERTEX_POINT('',#3462);
#998=VERTEX_POINT('',#3465);
#999=VERTEX_POINT('',#3467);
#1000=VERTEX_POINT('',#3471);
#1001=VERTEX_POINT('',#3474);
#1002=VERTEX_POINT('',#3476);
#1003=VERTEX_POINT('',#3480);
#1004=VERTEX_POINT('',#3483);
#1005=VERTEX_POINT('',#3485);
#1006=VERTEX_POINT('',#3496);
#1007=VERTEX_POINT('',#3507);
#1008=VERTEX_POINT('',#3529);
#1009=VERTEX_POINT('',#3531);
#1010=VERTEX_POINT('',#3569);
#1011=VERTEX_POINT('',#3571);
#1012=VERTEX_POINT('',#3609);
#1013=VERTEX_POINT('',#3611);
#1014=VERTEX_POINT('',#3649);
#1015=VERTEX_POINT('',#3650);
#1016=VERTEX_POINT('',#3652);
#1017=VERTEX_POINT('',#3654);
#1018=VERTEX_POINT('',#3658);
#1019=VERTEX_POINT('',#3660);
#1020=VERTEX_POINT('',#3662);
#1021=VERTEX_POINT('',#3664);
#1022=VERTEX_POINT('',#3666);
#1023=VERTEX_POINT('',#3668);
#1024=VERTEX_POINT('',#3670);
#1025=VERTEX_POINT('',#3672);
#1026=VERTEX_POINT('',#3674);
#1027=VERTEX_POINT('',#3676);
#1028=VERTEX_POINT('',#3678);
#1029=VERTEX_POINT('',#3680);
#1030=VERTEX_POINT('',#3684);
#1031=VERTEX_POINT('',#3685);
#1032=VERTEX_POINT('',#3687);
#1033=VERTEX_POINT('',#3689);
#1034=VERTEX_POINT('',#3693);
#1035=VERTEX_POINT('',#3695);
#1036=VERTEX_POINT('',#3699);
#1037=VERTEX_POINT('',#3701);
#1038=VERTEX_POINT('',#3705);
#1039=VERTEX_POINT('',#3707);
#1040=VERTEX_POINT('',#3710);
#1041=VERTEX_POINT('',#3712);
#1042=VERTEX_POINT('',#3714);
#1043=VERTEX_POINT('',#3717);
#1044=VERTEX_POINT('',#3718);
#1045=VERTEX_POINT('',#3720);
#1046=VERTEX_POINT('',#3722);
#1047=VERTEX_POINT('',#3726);
#1048=VERTEX_POINT('',#3728);
#1049=VERTEX_POINT('',#3730);
#1050=VERTEX_POINT('',#3741);
#1051=VERTEX_POINT('',#3743);
#1052=VERTEX_POINT('',#3747);
#1053=VERTEX_POINT('',#3749);
#1054=VERTEX_POINT('',#3753);
#1055=VERTEX_POINT('',#3755);
#1056=VERTEX_POINT('',#3764);
#1057=VERTEX_POINT('',#3773);
#1058=VERTEX_POINT('',#3779);
#1059=VERTEX_POINT('',#3788);
#1060=VERTEX_POINT('',#3797);
#1061=VERTEX_POINT('',#3799);
#1062=VERTEX_POINT('',#3801);
#1063=VERTEX_POINT('',#3803);
#1064=VERTEX_POINT('',#3805);
#1065=VERTEX_POINT('',#3810);
#1066=VERTEX_POINT('',#3812);
#1067=VERTEX_POINT('',#3814);
#1068=VERTEX_POINT('',#3816);
#1069=VERTEX_POINT('',#3818);
#1070=VERTEX_POINT('',#3820);
#1071=VERTEX_POINT('',#3823);
#1072=VERTEX_POINT('',#3826);
#1073=VERTEX_POINT('',#3827);
#1074=VERTEX_POINT('',#3829);
#1075=VERTEX_POINT('',#3831);
#1076=VERTEX_POINT('',#3833);
#1077=VERTEX_POINT('',#3835);
#1078=VERTEX_POINT('',#3837);
#1079=VERTEX_POINT('',#3839);
#1080=VERTEX_POINT('',#3841);
#1081=VERTEX_POINT('',#3844);
#1082=VERTEX_POINT('',#3871);
#1083=VERTEX_POINT('',#3872);
#1084=VERTEX_POINT('',#3881);
#1085=VERTEX_POINT('',#3887);
#1086=VERTEX_POINT('',#3895);
#1087=VERTEX_POINT('',#3902);
#1088=VERTEX_POINT('',#3911);
#1089=VERTEX_POINT('',#3913);
#1090=VERTEX_POINT('',#3917);
#1091=VERTEX_POINT('',#3919);
#1092=VERTEX_POINT('',#3921);
#1093=VERTEX_POINT('',#3928);
#1094=VERTEX_POINT('',#3952);
#1095=VERTEX_POINT('',#3959);
#1096=VERTEX_POINT('',#3961);
#1097=VERTEX_POINT('',#3968);
#1098=VERTEX_POINT('',#3970);
#1099=VERTEX_POINT('',#3975);
#1100=VERTEX_POINT('',#3980);
#1101=VERTEX_POINT('',#3982);
#1102=VERTEX_POINT('',#3989);
#1103=VERTEX_POINT('',#3991);
#1104=VERTEX_POINT('',#3998);
#1105=VERTEX_POINT('',#4000);
#1106=VERTEX_POINT('',#4018);
#1107=VERTEX_POINT('',#4022);
#1108=VERTEX_POINT('',#4024);
#1109=VERTEX_POINT('',#4026);
#1110=VERTEX_POINT('',#4033);
#1111=VERTEX_POINT('',#4038);
#1112=VERTEX_POINT('',#4039);
#1113=VERTEX_POINT('',#4041);
#1114=VERTEX_POINT('',#4088);
#1115=VERTEX_POINT('',#4090);
#1116=VERTEX_POINT('',#4101);
#1117=VERTEX_POINT('',#4102);
#1118=VERTEX_POINT('',#4115);
#1119=VERTEX_POINT('',#4117);
#1120=VERTEX_POINT('',#4119);
#1121=VERTEX_POINT('',#4121);
#1122=VERTEX_POINT('',#4123);
#1123=VERTEX_POINT('',#4138);
#1124=VERTEX_POINT('',#4146);
#1125=VERTEX_POINT('',#4148);
#1126=VERTEX_POINT('',#4157);
#1127=VERTEX_POINT('',#4164);
#1128=VERTEX_POINT('',#4169);
#1129=VERTEX_POINT('',#4186);
#1130=VERTEX_POINT('',#4190);
#1131=VERTEX_POINT('',#4191);
#1132=VERTEX_POINT('',#4196);
#1133=VERTEX_POINT('',#4197);
#1134=VERTEX_POINT('',#4199);
#1135=VERTEX_POINT('',#4202);
#1136=VERTEX_POINT('',#4205);
#1137=VERTEX_POINT('',#4209);
#1138=VERTEX_POINT('',#4215);
#1139=VERTEX_POINT('',#4223);
#1140=VERTEX_POINT('',#4227);
#1141=VERTEX_POINT('',#4232);
#1142=VERTEX_POINT('',#4234);
#1143=VERTEX_POINT('',#4241);
#1144=VERTEX_POINT('',#4253);
#1145=VERTEX_POINT('',#4267);
#1146=VERTEX_POINT('',#4269);
#1147=VERTEX_POINT('',#4312);
#1148=VERTEX_POINT('',#4314);
#1149=VERTEX_POINT('',#4327);
#1150=VERTEX_POINT('',#4332);
#1151=VERTEX_POINT('',#4348);
#1152=VERTEX_POINT('',#4352);
#1153=VERTEX_POINT('',#4354);
#1154=VERTEX_POINT('',#4356);
#1155=VERTEX_POINT('',#4387);
#1156=VERTEX_POINT('',#4398);
#1157=VERTEX_POINT('',#4479);
#1158=VERTEX_POINT('',#4517);
#1159=VERTEX_POINT('',#4534);
#1160=VERTEX_POINT('',#4564);
#1161=VERTEX_POINT('',#4569);
#1162=VERTEX_POINT('',#4592);
#1163=VERTEX_POINT('',#4603);
#1164=VERTEX_POINT('',#4646);
#1165=VERTEX_POINT('',#4655);
#1166=VERTEX_POINT('',#4661);
#1167=VERTEX_POINT('',#4728);
#1168=VERTEX_POINT('',#4772);
#1169=VERTEX_POINT('',#4781);
#1170=VERTEX_POINT('',#4837);
#1171=VERTEX_POINT('',#4839);
#1172=VERTEX_POINT('',#4852);
#1173=VERTEX_POINT('',#4871);
#1174=VERTEX_POINT('',#4909);
#1175=VERTEX_POINT('',#4920);
#1176=VERTEX_POINT('',#4922);
#1177=VERTEX_POINT('',#4929);
#1178=VERTEX_POINT('',#4934);
#1179=VERTEX_POINT('',#4935);
#1180=VERTEX_POINT('',#4937);
#1181=VERTEX_POINT('',#4939);
#1182=VERTEX_POINT('',#4943);
#1183=VERTEX_POINT('',#4945);
#1184=VERTEX_POINT('',#4949);
#1185=VERTEX_POINT('',#4951);
#1186=VERTEX_POINT('',#4955);
#1187=VERTEX_POINT('',#4956);
#1188=VERTEX_POINT('',#4958);
#1189=VERTEX_POINT('',#4960);
#1190=VERTEX_POINT('',#4964);
#1191=VERTEX_POINT('',#4966);
#1192=VERTEX_POINT('',#4970);
#1193=VERTEX_POINT('',#4972);
#1194=VERTEX_POINT('',#4976);
#1195=VERTEX_POINT('',#4978);
#1196=VERTEX_POINT('',#4980);
#1197=VERTEX_POINT('',#4984);
#1198=VERTEX_POINT('',#4987);
#1199=VERTEX_POINT('',#4989);
#1200=VERTEX_POINT('',#4991);
#1201=VERTEX_POINT('',#4993);
#1202=VERTEX_POINT('',#4997);
#1203=VERTEX_POINT('',#4999);
#1204=VERTEX_POINT('',#5003);
#1205=VERTEX_POINT('',#5004);
#1206=VERTEX_POINT('',#5009);
#1207=VERTEX_POINT('',#5013);
#1208=VERTEX_POINT('',#5017);
#1209=VERTEX_POINT('',#5018);
#1210=VERTEX_POINT('',#5020);
#1211=VERTEX_POINT('',#5022);
#1212=VERTEX_POINT('',#5026);
#1213=VERTEX_POINT('',#5028);
#1214=VERTEX_POINT('',#5032);
#1215=VERTEX_POINT('',#5034);
#1216=VERTEX_POINT('',#5036);
#1217=VERTEX_POINT('',#5038);
#1218=VERTEX_POINT('',#5040);
#1219=VERTEX_POINT('',#5042);
#1220=VERTEX_POINT('',#5044);
#1221=VERTEX_POINT('',#5047);
#1222=VERTEX_POINT('',#5049);
#1223=VERTEX_POINT('',#5051);
#1224=VERTEX_POINT('',#5053);
#1225=VERTEX_POINT('',#5056);
#1226=VERTEX_POINT('',#5058);
#1227=VERTEX_POINT('',#5061);
#1228=VERTEX_POINT('',#5062);
#1229=VERTEX_POINT('',#5067);
#1230=VERTEX_POINT('',#5071);
#1231=VERTEX_POINT('',#5075);
#1232=VERTEX_POINT('',#5079);
#1233=VERTEX_POINT('',#5085);
#1234=VERTEX_POINT('',#5089);
#1235=VERTEX_POINT('',#5093);
#1236=VERTEX_POINT('',#5097);
#1237=VERTEX_POINT('',#5101);
#1238=VERTEX_POINT('',#5105);
#1239=VERTEX_POINT('',#5111);
#1240=EDGE_CURVE('',#992,#992,#897,.T.);
#1241=EDGE_CURVE('',#992,#993,#497,.T.);
#1242=EDGE_CURVE('',#993,#993,#898,.T.);
#1243=EDGE_CURVE('',#994,#994,#899,.T.);
#1244=EDGE_CURVE('',#995,#995,#900,.T.);
#1245=EDGE_CURVE('',#995,#996,#498,.T.);
#1246=EDGE_CURVE('',#996,#996,#901,.T.);
#1247=EDGE_CURVE('',#997,#997,#902,.T.);
#1248=EDGE_CURVE('',#998,#998,#903,.T.);
#1249=EDGE_CURVE('',#998,#999,#499,.T.);
#1250=EDGE_CURVE('',#999,#999,#904,.T.);
#1251=EDGE_CURVE('',#1000,#1000,#905,.T.);
#1252=EDGE_CURVE('',#1001,#1001,#906,.T.);
#1253=EDGE_CURVE('',#1001,#1002,#500,.T.);
#1254=EDGE_CURVE('',#1002,#1002,#907,.T.);
#1255=EDGE_CURVE('',#1003,#1003,#908,.T.);
#1256=EDGE_CURVE('',#994,#1004,#501,.T.);
#1257=EDGE_CURVE('',#1005,#1004,#50,.T.);
#1258=EDGE_CURVE('',#1006,#1005,#51,.T.);
#1259=EDGE_CURVE('',#1007,#1006,#52,.T.);
#1260=EDGE_CURVE('',#1004,#1007,#53,.T.);
#1261=EDGE_CURVE('',#1000,#1008,#502,.T.);
#1262=EDGE_CURVE('',#1009,#1008,#54,.T.);
#1263=EDGE_CURVE('',#1008,#1009,#55,.T.);
#1264=EDGE_CURVE('',#997,#1010,#503,.T.);
#1265=EDGE_CURVE('',#1011,#1010,#56,.T.);
#1266=EDGE_CURVE('',#1010,#1011,#57,.T.);
#1267=EDGE_CURVE('',#1003,#1012,#504,.T.);
#1268=EDGE_CURVE('',#1013,#1012,#58,.T.);
#1269=EDGE_CURVE('',#1012,#1013,#59,.T.);
#1270=EDGE_CURVE('',#1014,#1015,#909,.F.);
#1271=EDGE_CURVE('',#1015,#1016,#505,.T.);
#1272=EDGE_CURVE('',#1017,#1016,#910,.T.);
#1273=EDGE_CURVE('',#1017,#1014,#506,.T.);
#1274=EDGE_CURVE('',#1014,#1018,#507,.T.);
#1275=EDGE_CURVE('',#1019,#1017,#508,.T.);
#1276=EDGE_CURVE('',#1020,#1019,#509,.T.);
#1277=EDGE_CURVE('',#1021,#1020,#510,.T.);
#1278=EDGE_CURVE('',#1022,#1021,#511,.T.);
#1279=EDGE_CURVE('',#1022,#1023,#512,.T.);
#1280=EDGE_CURVE('',#1024,#1023,#513,.T.);
#1281=EDGE_CURVE('',#1025,#1024,#514,.T.);
#1282=EDGE_CURVE('',#1026,#1025,#515,.T.);
#1283=EDGE_CURVE('',#1026,#1027,#516,.T.);
#1284=EDGE_CURVE('',#1027,#1028,#517,.T.);
#1285=EDGE_CURVE('',#1028,#1029,#518,.T.);
#1286=EDGE_CURVE('',#1018,#1029,#519,.T.);
#1287=EDGE_CURVE('',#1030,#1031,#911,.F.);
#1288=EDGE_CURVE('',#1031,#1032,#520,.T.);
#1289=EDGE_CURVE('',#1032,#1033,#912,.F.);
#1290=EDGE_CURVE('',#1033,#1030,#521,.T.);
#1291=EDGE_CURVE('',#1034,#1031,#522,.T.);
#1292=EDGE_CURVE('',#1035,#1034,#913,.T.);
#1293=EDGE_CURVE('',#1032,#1035,#523,.T.);
#1294=EDGE_CURVE('',#1015,#1036,#524,.T.);
#1295=EDGE_CURVE('',#1037,#1036,#914,.T.);
#1296=EDGE_CURVE('',#1016,#1037,#525,.T.);
#1297=EDGE_CURVE('',#1019,#1038,#526,.T.);
#1298=EDGE_CURVE('',#1038,#1039,#527,.T.);
#1299=EDGE_CURVE('',#1039,#1018,#528,.T.);
#1300=EDGE_CURVE('',#1040,#1029,#529,.T.);
#1301=EDGE_CURVE('',#1041,#1040,#530,.T.);
#1302=EDGE_CURVE('',#1042,#1041,#531,.T.);
#1303=EDGE_CURVE('',#1020,#1042,#532,.T.);
#1304=EDGE_CURVE('',#1043,#1044,#533,.T.);
#1305=EDGE_CURVE('',#1044,#1045,#534,.T.);
#1306=EDGE_CURVE('',#1045,#1046,#535,.T.);
#1307=EDGE_CURVE('',#1046,#1043,#536,.T.);
#1308=EDGE_CURVE('',#1033,#1047,#537,.T.);
#1309=EDGE_CURVE('',#1048,#1047,#538,.T.);
#1310=EDGE_CURVE('',#1049,#1048,#60,.T.);
#1311=EDGE_CURVE('',#1030,#1049,#539,.T.);
#1312=EDGE_CURVE('',#1046,#1050,#540,.T.);
#1313=EDGE_CURVE('',#1051,#1050,#541,.T.);
#1314=EDGE_CURVE('',#1043,#1051,#542,.T.);
#1315=EDGE_CURVE('',#1045,#1052,#543,.T.);
#1316=EDGE_CURVE('',#1053,#1052,#915,.T.);
#1317=EDGE_CURVE('',#1050,#1053,#544,.T.);
#1318=EDGE_CURVE('',#1054,#1051,#545,.T.);
#1319=EDGE_CURVE('',#1055,#1054,#61,.T.);
#1320=EDGE_CURVE('',#1044,#1055,#546,.T.);
#1321=EDGE_CURVE('',#1056,#1055,#62,.T.);
#1322=EDGE_CURVE('',#1052,#1056,#39,.T.);
#1323=EDGE_CURVE('',#1039,#1057,#547,.T.);
#1324=EDGE_CURVE('',#1047,#1057,#548,.T.);
#1325=EDGE_CURVE('',#1036,#1035,#549,.T.);
#1326=EDGE_CURVE('',#1034,#1037,#550,.T.);
#1327=EDGE_CURVE('',#1058,#1049,#63,.T.);
#1328=EDGE_CURVE('',#1038,#1058,#551,.T.);
#1329=EDGE_CURVE('',#1059,#1058,#64,.T.);
#1330=EDGE_CURVE('',#1057,#1059,#552,.T.);
#1331=EDGE_CURVE('',#1053,#1060,#553,.T.);
#1332=EDGE_CURVE('',#1060,#1061,#554,.T.);
#1333=EDGE_CURVE('',#1062,#1061,#555,.T.);
#1334=EDGE_CURVE('',#1063,#1062,#556,.T.);
#1335=EDGE_CURVE('',#1064,#1063,#557,.T.);
#1336=EDGE_CURVE('',#1048,#1064,#916,.T.);
#1337=EDGE_CURVE('',#1054,#1059,#917,.T.);
#1338=EDGE_CURVE('',#1065,#1022,#918,.F.);
#1339=EDGE_CURVE('',#1066,#1065,#558,.T.);
#1340=EDGE_CURVE('',#1066,#1067,#919,.F.);
#1341=EDGE_CURVE('',#1067,#1068,#920,.T.);
#1342=EDGE_CURVE('',#1069,#1068,#921,.T.);
#1343=EDGE_CURVE('',#1070,#1069,#559,.T.);
#1344=EDGE_CURVE('',#1023,#1070,#922,.F.);
#1345=EDGE_CURVE('',#1071,#1071,#923,.T.);
#1346=EDGE_CURVE('',#1072,#1073,#560,.T.);
#1347=EDGE_CURVE('',#1074,#1072,#924,.F.);
#1348=EDGE_CURVE('',#1075,#1074,#561,.T.);
#1349=EDGE_CURVE('',#1075,#1076,#925,.F.);
#1350=EDGE_CURVE('',#1076,#1077,#926,.T.);
#1351=EDGE_CURVE('',#1078,#1077,#40,.T.);
#1352=EDGE_CURVE('',#1079,#1078,#927,.T.);
#1353=EDGE_CURVE('',#1080,#1079,#562,.T.);
#1354=EDGE_CURVE('',#1073,#1080,#928,.F.);
#1355=EDGE_CURVE('',#1081,#1081,#929,.T.);
#1356=EDGE_CURVE('',#1082,#1083,#65,.T.);
#1357=EDGE_CURVE('',#1082,#1084,#66,.T.);
#1358=EDGE_CURVE('',#1084,#1085,#930,.T.);
#1359=EDGE_CURVE('',#1085,#1083,#67,.T.);
#1360=EDGE_CURVE('',#1084,#1086,#931,.T.);
#1361=EDGE_CURVE('',#1086,#1085,#932,.T.);
#1362=EDGE_CURVE('',#1075,#1086,#563,.T.);
#1363=EDGE_CURVE('',#1084,#1076,#564,.T.);
#1364=EDGE_CURVE('',#1087,#1082,#565,.T.);
#1365=EDGE_CURVE('',#1077,#1087,#68,.T.);
#1366=EDGE_CURVE('',#1086,#1088,#566,.T.);
#1367=EDGE_CURVE('',#1088,#1089,#933,.T.);
#1368=EDGE_CURVE('',#1089,#1085,#567,.T.);
#1369=EDGE_CURVE('',#1090,#1089,#934,.T.);
#1370=EDGE_CURVE('',#1091,#1090,#568,.T.);
#1371=EDGE_CURVE('',#1091,#1092,#69,.T.);
#1372=EDGE_CURVE('',#1092,#1093,#70,.T.);
#1373=EDGE_CURVE('',#1093,#1094,#71,.T.);
#1374=EDGE_CURVE('',#1095,#1094,#569,.T.);
#1375=EDGE_CURVE('',#1096,#1095,#72,.T.);
#1376=EDGE_CURVE('',#1097,#1096,#935,.T.);
#1377=EDGE_CURVE('',#1097,#1098,#73,.T.);
#1378=EDGE_CURVE('',#1099,#1098,#74,.T.);
#1379=EDGE_CURVE('',#1100,#1099,#570,.T.);
#1380=EDGE_CURVE('',#1101,#1100,#75,.T.);
#1381=EDGE_CURVE('',#1102,#1101,#936,.T.);
#1382=EDGE_CURVE('',#1103,#1102,#76,.T.);
#1383=EDGE_CURVE('',#1104,#1103,#571,.T.);
#1384=EDGE_CURVE('',#1105,#1104,#77,.T.);
#1385=EDGE_CURVE('',#1083,#1105,#937,.T.);
#1386=EDGE_CURVE('',#1068,#1092,#572,.T.);
#1387=EDGE_CURVE('',#1106,#1091,#41,.T.);
#1388=EDGE_CURVE('',#1106,#1069,#573,.T.);
#1389=EDGE_CURVE('',#1107,#1106,#574,.T.);
#1390=EDGE_CURVE('',#1107,#1108,#575,.T.);
#1391=EDGE_CURVE('',#1108,#1109,#576,.T.);
#1392=EDGE_CURVE('',#1070,#1109,#577,.T.);
#1393=EDGE_CURVE('',#1090,#1107,#938,.T.);
#1394=EDGE_CURVE('',#1093,#1067,#578,.T.);
#1395=EDGE_CURVE('',#1066,#1110,#579,.T.);
#1396=EDGE_CURVE('',#1094,#1110,#42,.T.);
#1397=EDGE_CURVE('',#1111,#1112,#580,.T.);
#1398=EDGE_CURVE('',#1112,#1113,#43,.T.);
#1399=EDGE_CURVE('',#1113,#1098,#581,.T.);
#1400=EDGE_CURVE('',#1097,#1111,#78,.T.);
#1401=EDGE_CURVE('',#1114,#1095,#939,.T.);
#1402=EDGE_CURVE('',#1115,#1114,#79,.F.);
#1403=EDGE_CURVE('',#1096,#1115,#940,.T.);
#1404=EDGE_CURVE('',#1110,#1114,#582,.T.);
#1405=EDGE_CURVE('',#1116,#1117,#941,.T.);
#1406=EDGE_CURVE('',#1117,#1115,#583,.T.);
#1407=EDGE_CURVE('',#1114,#1116,#584,.T.);
#1408=EDGE_CURVE('',#1115,#1111,#942,.T.);
#1409=EDGE_CURVE('',#1113,#1042,#44,.T.);
#1410=EDGE_CURVE('',#1041,#1118,#943,.T.);
#1411=EDGE_CURVE('',#1118,#1119,#45,.T.);
#1412=EDGE_CURVE('',#1119,#1120,#46,.T.);
#1413=EDGE_CURVE('',#1120,#1121,#585,.T.);
#1414=EDGE_CURVE('',#1121,#1122,#80,.T.);
#1415=EDGE_CURVE('',#1122,#1123,#47,.T.);
#1416=EDGE_CURVE('',#1123,#1078,#81,.T.);
#1417=EDGE_CURVE('',#1087,#1124,#586,.T.);
#1418=EDGE_CURVE('',#1125,#1124,#82,.T.);
#1419=EDGE_CURVE('',#1126,#1125,#83,.T.);
#1420=EDGE_CURVE('',#1127,#1126,#84,.T.);
#1421=EDGE_CURVE('',#1127,#1128,#85,.T.);
#1422=EDGE_CURVE('',#1099,#1128,#587,.T.);
#1423=EDGE_CURVE('',#1117,#1112,#588,.T.);
#1424=EDGE_CURVE('',#1129,#1116,#589,.T.);
#1425=EDGE_CURVE('',#1021,#1129,#944,.T.);
#1426=EDGE_CURVE('',#1130,#1131,#945,.T.);
#1427=EDGE_CURVE('',#1131,#1074,#590,.T.);
#1428=EDGE_CURVE('',#1072,#1130,#591,.T.);
#1429=EDGE_CURVE('',#1132,#1133,#592,.T.);
#1430=EDGE_CURVE('',#1134,#1132,#593,.T.);
#1431=EDGE_CURVE('',#1134,#1130,#594,.T.);
#1432=EDGE_CURVE('',#1135,#1073,#595,.T.);
#1433=EDGE_CURVE('',#1135,#1118,#596,.T.);
#1434=EDGE_CURVE('',#1136,#1040,#597,.T.);
#1435=EDGE_CURVE('',#1133,#1136,#598,.T.);
#1436=EDGE_CURVE('',#1137,#1135,#946,.T.);
#1437=EDGE_CURVE('',#1080,#1137,#599,.T.);
#1438=EDGE_CURVE('',#1137,#1119,#600,.T.);
#1439=EDGE_CURVE('',#1138,#1079,#601,.T.);
#1440=EDGE_CURVE('',#1119,#1138,#602,.T.);
#1441=EDGE_CURVE('',#1109,#1024,#947,.T.);
#1442=EDGE_CURVE('',#1129,#1065,#603,.T.);
#1443=EDGE_CURVE('',#1081,#1139,#604,.T.);
#1444=EDGE_CURVE('',#1139,#1139,#948,.T.);
#1445=EDGE_CURVE('',#1140,#1131,#605,.T.);
#1446=EDGE_CURVE('',#1140,#1088,#606,.T.);
#1447=EDGE_CURVE('',#1071,#1141,#607,.T.);
#1448=EDGE_CURVE('',#1142,#1141,#86,.T.);
#1449=EDGE_CURVE('',#1142,#1143,#949,.T.);
#1450=EDGE_CURVE('',#1141,#1143,#87,.T.);
#1451=EDGE_CURVE('',#1143,#1142,#608,.T.);
#1452=EDGE_CURVE('',#1144,#1121,#609,.T.);
#1453=EDGE_CURVE('',#1122,#1144,#950,.T.);
#1454=EDGE_CURVE('',#1144,#1120,#610,.T.);
#1455=EDGE_CURVE('',#1123,#1138,#951,.T.);
#1456=EDGE_CURVE('',#1108,#1025,#611,.T.);
#1457=EDGE_CURVE('',#1134,#1140,#612,.T.);
#1458=EDGE_CURVE('',#1145,#1145,#952,.T.);
#1459=EDGE_CURVE('',#1145,#1146,#613,.T.);
#1460=EDGE_CURVE('',#1146,#1146,#953,.T.);
#1461=EDGE_CURVE('',#1026,#1132,#614,.T.);
#1462=EDGE_CURVE('',#1027,#1133,#615,.T.);
#1463=EDGE_CURVE('',#1028,#1136,#616,.T.);
#1464=EDGE_CURVE('',#1064,#1102,#88,.F.);
#1465=EDGE_CURVE('',#1101,#1056,#89,.F.);
#1466=EDGE_CURVE('',#1100,#1147,#617,.T.);
#1467=EDGE_CURVE('',#1147,#1148,#90,.T.);
#1468=EDGE_CURVE('',#1149,#1148,#91,.T.);
#1469=EDGE_CURVE('',#1150,#1149,#92,.T.);
#1470=EDGE_CURVE('',#1060,#1150,#93,.T.);
#1471=EDGE_CURVE('',#1128,#1151,#954,.T.);
#1472=EDGE_CURVE('',#1151,#1147,#955,.T.);
#1473=EDGE_CURVE('',#1105,#1152,#618,.T.);
#1474=EDGE_CURVE('',#1152,#1153,#619,.T.);
#1475=EDGE_CURVE('',#1154,#1153,#620,.T.);
#1476=EDGE_CURVE('',#1124,#1154,#621,.T.);
#1477=EDGE_CURVE('',#1155,#1126,#94,.F.);
#1478=EDGE_CURVE('',#1125,#1156,#956,.T.);
#1479=EDGE_CURVE('',#1156,#1155,#95,.T.);
#1480=EDGE_CURVE('',#1124,#1156,#96,.T.);
#1481=EDGE_CURVE('',#1150,#1157,#957,.T.);
#1482=EDGE_CURVE('',#1157,#1060,#97,.T.);
#1483=EDGE_CURVE('',#1149,#1158,#98,.F.);
#1484=EDGE_CURVE('',#1158,#1157,#99,.T.);
#1485=EDGE_CURVE('',#1159,#1157,#100,.T.);
#1486=EDGE_CURVE('',#1061,#1159,#101,.T.);
#1487=EDGE_CURVE('',#1156,#1160,#102,.T.);
#1488=EDGE_CURVE('',#1160,#1161,#958,.T.);
#1489=EDGE_CURVE('',#1161,#1155,#103,.T.);
#1490=EDGE_CURVE('',#1154,#1162,#959,.T.);
#1491=EDGE_CURVE('',#1162,#1161,#104,.T.);
#1492=EDGE_CURVE('',#1160,#1154,#105,.T.);
#1493=EDGE_CURVE('',#1153,#1163,#960,.T.);
#1494=EDGE_CURVE('',#1163,#1162,#622,.T.);
#1495=EDGE_CURVE('',#1164,#1163,#106,.T.);
#1496=EDGE_CURVE('',#1153,#1165,#107,.T.);
#1497=EDGE_CURVE('',#1165,#1166,#108,.T.);
#1498=EDGE_CURVE('',#1164,#1166,#109,.T.);
#1499=EDGE_CURVE('',#1165,#1152,#110,.T.);
#1500=EDGE_CURVE('',#1152,#1166,#111,.T.);
#1501=EDGE_CURVE('',#1104,#1167,#623,.T.);
#1502=EDGE_CURVE('',#1167,#1164,#112,.T.);
#1503=EDGE_CURVE('',#1168,#1063,#113,.T.);
#1504=EDGE_CURVE('',#1063,#1169,#114,.T.);
#1505=EDGE_CURVE('',#1169,#1168,#115,.T.);
#1506=EDGE_CURVE('',#1169,#1062,#116,.T.);
#1507=EDGE_CURVE('',#1062,#1170,#961,.T.);
#1508=EDGE_CURVE('',#1170,#1171,#117,.T.);
#1509=EDGE_CURVE('',#1168,#1171,#118,.T.);
#1510=EDGE_CURVE('',#1061,#1172,#962,.T.);
#1511=EDGE_CURVE('',#1172,#1170,#624,.T.);
#1512=EDGE_CURVE('',#1159,#1173,#963,.T.);
#1513=EDGE_CURVE('',#1173,#1172,#119,.T.);
#1514=EDGE_CURVE('',#1158,#1173,#120,.T.);
#1515=EDGE_CURVE('',#1171,#1174,#121,.T.);
#1516=EDGE_CURVE('',#1103,#1174,#625,.T.);
#1517=EDGE_CURVE('',#1175,#1167,#48,.T.);
#1518=EDGE_CURVE('',#1175,#1176,#626,.T.);
#1519=EDGE_CURVE('',#1176,#1176,#964,.T.);
#1520=EDGE_CURVE('',#1174,#1175,#49,.T.);
#1521=EDGE_CURVE('',#1161,#1173,#965,.T.);
#1522=EDGE_CURVE('',#1151,#1007,#966,.T.);
#1523=EDGE_CURVE('',#1005,#1177,#967,.T.);
#1524=EDGE_CURVE('',#1178,#1179,#627,.T.);
#1525=EDGE_CURVE('',#1178,#1180,#628,.T.);
#1526=EDGE_CURVE('',#1181,#1180,#629,.T.);
#1527=EDGE_CURVE('',#1179,#1181,#630,.T.);
#1528=EDGE_CURVE('',#1182,#1178,#631,.T.);
#1529=EDGE_CURVE('',#1182,#1183,#632,.T.);
#1530=EDGE_CURVE('',#1180,#1183,#633,.T.);
#1531=EDGE_CURVE('',#1184,#1182,#634,.T.);
#1532=EDGE_CURVE('',#1185,#1184,#635,.T.);
#1533=EDGE_CURVE('',#1183,#1185,#636,.T.);
#1534=EDGE_CURVE('',#1186,#1187,#637,.T.);
#1535=EDGE_CURVE('',#1188,#1186,#638,.T.);
#1536=EDGE_CURVE('',#1189,#1188,#639,.T.);
#1537=EDGE_CURVE('',#1189,#1187,#640,.T.);
#1538=EDGE_CURVE('',#1187,#1190,#641,.T.);
#1539=EDGE_CURVE('',#1191,#1189,#642,.T.);
#1540=EDGE_CURVE('',#1190,#1191,#643,.T.);
#1541=EDGE_CURVE('',#1192,#1186,#644,.T.);
#1542=EDGE_CURVE('',#1193,#1192,#645,.T.);
#1543=EDGE_CURVE('',#1188,#1193,#646,.T.);
#1544=EDGE_CURVE('',#1194,#1181,#647,.T.);
#1545=EDGE_CURVE('',#1195,#1194,#648,.T.);
#1546=EDGE_CURVE('',#1196,#1195,#649,.T.);
#1547=EDGE_CURVE('',#1196,#1179,#650,.T.);
#1548=EDGE_CURVE('',#1196,#1197,#651,.T.);
#1549=EDGE_CURVE('',#1191,#1197,#652,.T.);
#1550=EDGE_CURVE('',#1198,#1193,#653,.T.);
#1551=EDGE_CURVE('',#1199,#1198,#968,.T.);
#1552=EDGE_CURVE('',#1200,#1199,#654,.T.);
#1553=EDGE_CURVE('',#1201,#1200,#969,.T.);
#1554=EDGE_CURVE('',#1184,#1201,#655,.T.);
#1555=EDGE_CURVE('',#1202,#1197,#656,.T.);
#1556=EDGE_CURVE('',#1202,#1203,#657,.T.);
#1557=EDGE_CURVE('',#1190,#1203,#658,.T.);
#1558=EDGE_CURVE('',#1204,#1205,#970,.T.);
#1559=EDGE_CURVE('',#1205,#1201,#659,.T.);
#1560=EDGE_CURVE('',#1200,#1204,#660,.T.);
#1561=EDGE_CURVE('',#1206,#1199,#661,.T.);
#1562=EDGE_CURVE('',#1204,#1206,#662,.T.);
#1563=EDGE_CURVE('',#1207,#1206,#971,.T.);
#1564=EDGE_CURVE('',#1198,#1207,#663,.T.);
#1565=EDGE_CURVE('',#1208,#1209,#972,.T.);
#1566=EDGE_CURVE('',#1209,#1210,#664,.T.);
#1567=EDGE_CURVE('',#1210,#1211,#973,.T.);
#1568=EDGE_CURVE('',#1211,#1208,#665,.T.);
#1569=EDGE_CURVE('',#1211,#1212,#666,.T.);
#1570=EDGE_CURVE('',#1213,#1212,#667,.T.);
#1571=EDGE_CURVE('',#1208,#1213,#668,.T.);
#1572=EDGE_CURVE('',#1214,#1210,#669,.T.);
#1573=EDGE_CURVE('',#1215,#1214,#974,.T.);
#1574=EDGE_CURVE('',#1215,#1216,#670,.T.);
#1575=EDGE_CURVE('',#1217,#1216,#975,.T.);
#1576=EDGE_CURVE('',#1217,#1218,#671,.T.);
#1577=EDGE_CURVE('',#1218,#1219,#976,.T.);
#1578=EDGE_CURVE('',#1219,#1220,#672,.T.);
#1579=EDGE_CURVE('',#1197,#1220,#977,.T.);
#1580=EDGE_CURVE('',#1221,#1196,#978,.T.);
#1581=EDGE_CURVE('',#1221,#1222,#673,.T.);
#1582=EDGE_CURVE('',#1222,#1223,#979,.T.);
#1583=EDGE_CURVE('',#1223,#1224,#674,.T.);
#1584=EDGE_CURVE('',#1212,#1224,#980,.T.);
#1585=EDGE_CURVE('',#1225,#1225,#981,.T.);
#1586=EDGE_CURVE('',#1226,#1226,#982,.T.);
#1587=EDGE_CURVE('',#1227,#1228,#983,.T.);
#1588=EDGE_CURVE('',#1228,#1215,#675,.T.);
#1589=EDGE_CURVE('',#1214,#1227,#676,.T.);
#1590=EDGE_CURVE('',#1228,#1229,#677,.T.);
#1591=EDGE_CURVE('',#1216,#1229,#678,.T.);
#1592=EDGE_CURVE('',#1224,#1230,#679,.T.);
#1593=EDGE_CURVE('',#1230,#1213,#984,.T.);
#1594=EDGE_CURVE('',#1231,#1223,#680,.T.);
#1595=EDGE_CURVE('',#1231,#1230,#681,.T.);
#1596=EDGE_CURVE('',#1195,#1232,#985,.T.);
#1597=EDGE_CURVE('',#1232,#1221,#682,.T.);
#1598=EDGE_CURVE('',#1185,#1205,#683,.T.);
#1599=EDGE_CURVE('',#1229,#1233,#986,.T.);
#1600=EDGE_CURVE('',#1233,#1217,#684,.T.);
#1601=EDGE_CURVE('',#1234,#1233,#685,.T.);
#1602=EDGE_CURVE('',#1234,#1218,#686,.T.);
#1603=EDGE_CURVE('',#1220,#1235,#687,.T.);
#1604=EDGE_CURVE('',#1235,#1202,#987,.T.);
#1605=EDGE_CURVE('',#1236,#1219,#688,.T.);
#1606=EDGE_CURVE('',#1235,#1236,#689,.T.);
#1607=EDGE_CURVE('',#1225,#1237,#690,.T.);
#1608=EDGE_CURVE('',#1237,#1237,#988,.T.);
#1609=EDGE_CURVE('',#1232,#1238,#691,.T.);
#1610=EDGE_CURVE('',#1238,#1222,#692,.T.);
#1611=EDGE_CURVE('',#1231,#1238,#989,.T.);
#1612=EDGE_CURVE('',#1226,#1239,#693,.T.);
#1613=EDGE_CURVE('',#1239,#1239,#990,.T.);
#1614=EDGE_CURVE('',#1236,#1234,#991,.T.);
#1615=EDGE_CURVE('',#1207,#1192,#694,.T.);
#1616=EDGE_CURVE('',#1227,#1209,#695,.T.);
#1617=EDGE_CURVE('',#1203,#1194,#696,.T.);
#1618=ORIENTED_EDGE('',*,*,#1240,.F.);
#1619=ORIENTED_EDGE('',*,*,#1241,.T.);
#1620=ORIENTED_EDGE('',*,*,#1242,.T.);
#1621=ORIENTED_EDGE('',*,*,#1241,.F.);
#1622=ORIENTED_EDGE('',*,*,#1243,.F.);
#1623=ORIENTED_EDGE('',*,*,#1240,.T.);
#1624=ORIENTED_EDGE('',*,*,#1244,.F.);
#1625=ORIENTED_EDGE('',*,*,#1245,.T.);
#1626=ORIENTED_EDGE('',*,*,#1246,.T.);
#1627=ORIENTED_EDGE('',*,*,#1245,.F.);
#1628=ORIENTED_EDGE('',*,*,#1247,.F.);
#1629=ORIENTED_EDGE('',*,*,#1244,.T.);
#1630=ORIENTED_EDGE('',*,*,#1248,.F.);
#1631=ORIENTED_EDGE('',*,*,#1249,.T.);
#1632=ORIENTED_EDGE('',*,*,#1250,.T.);
#1633=ORIENTED_EDGE('',*,*,#1249,.F.);
#1634=ORIENTED_EDGE('',*,*,#1251,.F.);
#1635=ORIENTED_EDGE('',*,*,#1248,.T.);
#1636=ORIENTED_EDGE('',*,*,#1252,.F.);
#1637=ORIENTED_EDGE('',*,*,#1253,.T.);
#1638=ORIENTED_EDGE('',*,*,#1254,.T.);
#1639=ORIENTED_EDGE('',*,*,#1253,.F.);
#1640=ORIENTED_EDGE('',*,*,#1255,.F.);
#1641=ORIENTED_EDGE('',*,*,#1252,.T.);
#1642=ORIENTED_EDGE('',*,*,#1243,.T.);
#1643=ORIENTED_EDGE('',*,*,#1256,.T.);
#1644=ORIENTED_EDGE('',*,*,#1257,.F.);
#1645=ORIENTED_EDGE('',*,*,#1258,.F.);
#1646=ORIENTED_EDGE('',*,*,#1259,.F.);
#1647=ORIENTED_EDGE('',*,*,#1260,.F.);
#1648=ORIENTED_EDGE('',*,*,#1256,.F.);
#1649=ORIENTED_EDGE('',*,*,#1251,.T.);
#1650=ORIENTED_EDGE('',*,*,#1261,.T.);
#1651=ORIENTED_EDGE('',*,*,#1262,.F.);
#1652=ORIENTED_EDGE('',*,*,#1263,.F.);
#1653=ORIENTED_EDGE('',*,*,#1261,.F.);
#1654=ORIENTED_EDGE('',*,*,#1247,.T.);
#1655=ORIENTED_EDGE('',*,*,#1264,.T.);
#1656=ORIENTED_EDGE('',*,*,#1265,.F.);
#1657=ORIENTED_EDGE('',*,*,#1266,.F.);
#1658=ORIENTED_EDGE('',*,*,#1264,.F.);
#1659=ORIENTED_EDGE('',*,*,#1255,.T.);
#1660=ORIENTED_EDGE('',*,*,#1267,.T.);
#1661=ORIENTED_EDGE('',*,*,#1268,.F.);
#1662=ORIENTED_EDGE('',*,*,#1269,.F.);
#1663=ORIENTED_EDGE('',*,*,#1267,.F.);
#1664=ORIENTED_EDGE('',*,*,#1270,.T.);
#1665=ORIENTED_EDGE('',*,*,#1271,.T.);
#1666=ORIENTED_EDGE('',*,*,#1272,.F.);
#1667=ORIENTED_EDGE('',*,*,#1273,.T.);
#1668=ORIENTED_EDGE('',*,*,#1274,.F.);
#1669=ORIENTED_EDGE('',*,*,#1273,.F.);
#1670=ORIENTED_EDGE('',*,*,#1275,.F.);
#1671=ORIENTED_EDGE('',*,*,#1276,.F.);
#1672=ORIENTED_EDGE('',*,*,#1277,.F.);
#1673=ORIENTED_EDGE('',*,*,#1278,.F.);
#1674=ORIENTED_EDGE('',*,*,#1279,.T.);
#1675=ORIENTED_EDGE('',*,*,#1280,.F.);
#1676=ORIENTED_EDGE('',*,*,#1281,.F.);
#1677=ORIENTED_EDGE('',*,*,#1282,.F.);
#1678=ORIENTED_EDGE('',*,*,#1283,.T.);
#1679=ORIENTED_EDGE('',*,*,#1284,.T.);
#1680=ORIENTED_EDGE('',*,*,#1285,.T.);
#1681=ORIENTED_EDGE('',*,*,#1286,.F.);
#1682=ORIENTED_EDGE('',*,*,#1287,.T.);
#1683=ORIENTED_EDGE('',*,*,#1288,.T.);
#1684=ORIENTED_EDGE('',*,*,#1289,.T.);
#1685=ORIENTED_EDGE('',*,*,#1290,.T.);
#1686=ORIENTED_EDGE('',*,*,#1288,.F.);
#1687=ORIENTED_EDGE('',*,*,#1291,.F.);
#1688=ORIENTED_EDGE('',*,*,#1292,.F.);
#1689=ORIENTED_EDGE('',*,*,#1293,.F.);
#1690=ORIENTED_EDGE('',*,*,#1271,.F.);
#1691=ORIENTED_EDGE('',*,*,#1294,.T.);
#1692=ORIENTED_EDGE('',*,*,#1295,.F.);
#1693=ORIENTED_EDGE('',*,*,#1296,.F.);
#1694=ORIENTED_EDGE('',*,*,#1297,.T.);
#1695=ORIENTED_EDGE('',*,*,#1298,.T.);
#1696=ORIENTED_EDGE('',*,*,#1299,.T.);
#1697=ORIENTED_EDGE('',*,*,#1286,.T.);
#1698=ORIENTED_EDGE('',*,*,#1300,.F.);
#1699=ORIENTED_EDGE('',*,*,#1301,.F.);
#1700=ORIENTED_EDGE('',*,*,#1302,.F.);
#1701=ORIENTED_EDGE('',*,*,#1303,.F.);
#1702=ORIENTED_EDGE('',*,*,#1276,.T.);
#1703=ORIENTED_EDGE('',*,*,#1304,.T.);
#1704=ORIENTED_EDGE('',*,*,#1305,.T.);
#1705=ORIENTED_EDGE('',*,*,#1306,.T.);
#1706=ORIENTED_EDGE('',*,*,#1307,.T.);
#1707=ORIENTED_EDGE('',*,*,#1290,.F.);
#1708=ORIENTED_EDGE('',*,*,#1308,.T.);
#1709=ORIENTED_EDGE('',*,*,#1309,.F.);
#1710=ORIENTED_EDGE('',*,*,#1310,.F.);
#1711=ORIENTED_EDGE('',*,*,#1311,.F.);
#1712=ORIENTED_EDGE('',*,*,#1307,.F.);
#1713=ORIENTED_EDGE('',*,*,#1312,.T.);
#1714=ORIENTED_EDGE('',*,*,#1313,.F.);
#1715=ORIENTED_EDGE('',*,*,#1314,.F.);
#1716=ORIENTED_EDGE('',*,*,#1306,.F.);
#1717=ORIENTED_EDGE('',*,*,#1315,.T.);
#1718=ORIENTED_EDGE('',*,*,#1316,.F.);
#1719=ORIENTED_EDGE('',*,*,#1317,.F.);
#1720=ORIENTED_EDGE('',*,*,#1312,.F.);
#1721=ORIENTED_EDGE('',*,*,#1304,.F.);
#1722=ORIENTED_EDGE('',*,*,#1314,.T.);
#1723=ORIENTED_EDGE('',*,*,#1318,.F.);
#1724=ORIENTED_EDGE('',*,*,#1319,.F.);
#1725=ORIENTED_EDGE('',*,*,#1320,.F.);
#1726=ORIENTED_EDGE('',*,*,#1305,.F.);
#1727=ORIENTED_EDGE('',*,*,#1320,.T.);
#1728=ORIENTED_EDGE('',*,*,#1321,.F.);
#1729=ORIENTED_EDGE('',*,*,#1322,.F.);
#1730=ORIENTED_EDGE('',*,*,#1315,.F.);
#1731=ORIENTED_EDGE('',*,*,#1299,.F.);
#1732=ORIENTED_EDGE('',*,*,#1323,.T.);
#1733=ORIENTED_EDGE('',*,*,#1324,.F.);
#1734=ORIENTED_EDGE('',*,*,#1308,.F.);
#1735=ORIENTED_EDGE('',*,*,#1289,.F.);
#1736=ORIENTED_EDGE('',*,*,#1293,.T.);
#1737=ORIENTED_EDGE('',*,*,#1325,.F.);
#1738=ORIENTED_EDGE('',*,*,#1294,.F.);
#1739=ORIENTED_EDGE('',*,*,#1270,.F.);
#1740=ORIENTED_EDGE('',*,*,#1274,.T.);
#1741=ORIENTED_EDGE('',*,*,#1297,.F.);
#1742=ORIENTED_EDGE('',*,*,#1275,.T.);
#1743=ORIENTED_EDGE('',*,*,#1272,.T.);
#1744=ORIENTED_EDGE('',*,*,#1296,.T.);
#1745=ORIENTED_EDGE('',*,*,#1326,.F.);
#1746=ORIENTED_EDGE('',*,*,#1291,.T.);
#1747=ORIENTED_EDGE('',*,*,#1287,.F.);
#1748=ORIENTED_EDGE('',*,*,#1311,.T.);
#1749=ORIENTED_EDGE('',*,*,#1327,.F.);
#1750=ORIENTED_EDGE('',*,*,#1328,.F.);
#1751=ORIENTED_EDGE('',*,*,#1298,.F.);
#1752=ORIENTED_EDGE('',*,*,#1328,.T.);
#1753=ORIENTED_EDGE('',*,*,#1329,.F.);
#1754=ORIENTED_EDGE('',*,*,#1330,.F.);
#1755=ORIENTED_EDGE('',*,*,#1323,.F.);
#1756=ORIENTED_EDGE('',*,*,#1318,.T.);
#1757=ORIENTED_EDGE('',*,*,#1313,.T.);
#1758=ORIENTED_EDGE('',*,*,#1317,.T.);
#1759=ORIENTED_EDGE('',*,*,#1331,.T.);
#1760=ORIENTED_EDGE('',*,*,#1332,.T.);
#1761=ORIENTED_EDGE('',*,*,#1333,.F.);
#1762=ORIENTED_EDGE('',*,*,#1334,.F.);
#1763=ORIENTED_EDGE('',*,*,#1335,.F.);
#1764=ORIENTED_EDGE('',*,*,#1336,.F.);
#1765=ORIENTED_EDGE('',*,*,#1309,.T.);
#1766=ORIENTED_EDGE('',*,*,#1324,.T.);
#1767=ORIENTED_EDGE('',*,*,#1330,.T.);
#1768=ORIENTED_EDGE('',*,*,#1337,.F.);
#1769=ORIENTED_EDGE('',*,*,#1279,.F.);
#1770=ORIENTED_EDGE('',*,*,#1338,.F.);
#1771=ORIENTED_EDGE('',*,*,#1339,.F.);
#1772=ORIENTED_EDGE('',*,*,#1340,.T.);
#1773=ORIENTED_EDGE('',*,*,#1341,.T.);
#1774=ORIENTED_EDGE('',*,*,#1342,.F.);
#1775=ORIENTED_EDGE('',*,*,#1343,.F.);
#1776=ORIENTED_EDGE('',*,*,#1344,.F.);
#1777=ORIENTED_EDGE('',*,*,#1345,.T.);
#1778=ORIENTED_EDGE('',*,*,#1346,.F.);
#1779=ORIENTED_EDGE('',*,*,#1347,.F.);
#1780=ORIENTED_EDGE('',*,*,#1348,.F.);
#1781=ORIENTED_EDGE('',*,*,#1349,.T.);
#1782=ORIENTED_EDGE('',*,*,#1350,.T.);
#1783=ORIENTED_EDGE('',*,*,#1351,.F.);
#1784=ORIENTED_EDGE('',*,*,#1352,.F.);
#1785=ORIENTED_EDGE('',*,*,#1353,.F.);
#1786=ORIENTED_EDGE('',*,*,#1354,.F.);
#1787=ORIENTED_EDGE('',*,*,#1355,.T.);
#1788=ORIENTED_EDGE('',*,*,#1356,.F.);
#1789=ORIENTED_EDGE('',*,*,#1357,.T.);
#1790=ORIENTED_EDGE('',*,*,#1358,.T.);
#1791=ORIENTED_EDGE('',*,*,#1359,.T.);
#1792=ORIENTED_EDGE('',*,*,#1360,.T.);
#1793=ORIENTED_EDGE('',*,*,#1361,.T.);
#1794=ORIENTED_EDGE('',*,*,#1358,.F.);
#1795=ORIENTED_EDGE('',*,*,#1349,.F.);
#1796=ORIENTED_EDGE('',*,*,#1362,.T.);
#1797=ORIENTED_EDGE('',*,*,#1360,.F.);
#1798=ORIENTED_EDGE('',*,*,#1363,.T.);
#1799=ORIENTED_EDGE('',*,*,#1363,.F.);
#1800=ORIENTED_EDGE('',*,*,#1357,.F.);
#1801=ORIENTED_EDGE('',*,*,#1364,.F.);
#1802=ORIENTED_EDGE('',*,*,#1365,.F.);
#1803=ORIENTED_EDGE('',*,*,#1350,.F.);
#1804=ORIENTED_EDGE('',*,*,#1361,.F.);
#1805=ORIENTED_EDGE('',*,*,#1366,.T.);
#1806=ORIENTED_EDGE('',*,*,#1367,.T.);
#1807=ORIENTED_EDGE('',*,*,#1368,.T.);
#1808=ORIENTED_EDGE('',*,*,#1359,.F.);
#1809=ORIENTED_EDGE('',*,*,#1368,.F.);
#1810=ORIENTED_EDGE('',*,*,#1369,.F.);
#1811=ORIENTED_EDGE('',*,*,#1370,.F.);
#1812=ORIENTED_EDGE('',*,*,#1371,.T.);
#1813=ORIENTED_EDGE('',*,*,#1372,.T.);
#1814=ORIENTED_EDGE('',*,*,#1373,.T.);
#1815=ORIENTED_EDGE('',*,*,#1374,.F.);
#1816=ORIENTED_EDGE('',*,*,#1375,.F.);
#1817=ORIENTED_EDGE('',*,*,#1376,.F.);
#1818=ORIENTED_EDGE('',*,*,#1377,.T.);
#1819=ORIENTED_EDGE('',*,*,#1378,.F.);
#1820=ORIENTED_EDGE('',*,*,#1379,.F.);
#1821=ORIENTED_EDGE('',*,*,#1380,.F.);
#1822=ORIENTED_EDGE('',*,*,#1381,.F.);
#1823=ORIENTED_EDGE('',*,*,#1382,.F.);
#1824=ORIENTED_EDGE('',*,*,#1383,.F.);
#1825=ORIENTED_EDGE('',*,*,#1384,.F.);
#1826=ORIENTED_EDGE('',*,*,#1385,.F.);
#1827=ORIENTED_EDGE('',*,*,#1325,.T.);
#1828=ORIENTED_EDGE('',*,*,#1292,.T.);
#1829=ORIENTED_EDGE('',*,*,#1326,.T.);
#1830=ORIENTED_EDGE('',*,*,#1295,.T.);
#1831=ORIENTED_EDGE('',*,*,#1342,.T.);
#1832=ORIENTED_EDGE('',*,*,#1386,.T.);
#1833=ORIENTED_EDGE('',*,*,#1371,.F.);
#1834=ORIENTED_EDGE('',*,*,#1387,.F.);
#1835=ORIENTED_EDGE('',*,*,#1388,.T.);
#1836=ORIENTED_EDGE('',*,*,#1343,.T.);
#1837=ORIENTED_EDGE('',*,*,#1388,.F.);
#1838=ORIENTED_EDGE('',*,*,#1389,.F.);
#1839=ORIENTED_EDGE('',*,*,#1390,.T.);
#1840=ORIENTED_EDGE('',*,*,#1391,.T.);
#1841=ORIENTED_EDGE('',*,*,#1392,.F.);
#1842=ORIENTED_EDGE('',*,*,#1387,.T.);
#1843=ORIENTED_EDGE('',*,*,#1370,.T.);
#1844=ORIENTED_EDGE('',*,*,#1393,.T.);
#1845=ORIENTED_EDGE('',*,*,#1389,.T.);
#1846=ORIENTED_EDGE('',*,*,#1373,.F.);
#1847=ORIENTED_EDGE('',*,*,#1394,.T.);
#1848=ORIENTED_EDGE('',*,*,#1340,.F.);
#1849=ORIENTED_EDGE('',*,*,#1395,.T.);
#1850=ORIENTED_EDGE('',*,*,#1396,.F.);
#1851=ORIENTED_EDGE('',*,*,#1386,.F.);
#1852=ORIENTED_EDGE('',*,*,#1341,.F.);
#1853=ORIENTED_EDGE('',*,*,#1394,.F.);
#1854=ORIENTED_EDGE('',*,*,#1372,.F.);
#1855=ORIENTED_EDGE('',*,*,#1397,.T.);
#1856=ORIENTED_EDGE('',*,*,#1398,.T.);
#1857=ORIENTED_EDGE('',*,*,#1399,.T.);
#1858=ORIENTED_EDGE('',*,*,#1377,.F.);
#1859=ORIENTED_EDGE('',*,*,#1400,.T.);
#1860=ORIENTED_EDGE('',*,*,#1375,.T.);
#1861=ORIENTED_EDGE('',*,*,#1401,.F.);
#1862=ORIENTED_EDGE('',*,*,#1402,.F.);
#1863=ORIENTED_EDGE('',*,*,#1403,.F.);
#1864=ORIENTED_EDGE('',*,*,#1396,.T.);
#1865=ORIENTED_EDGE('',*,*,#1404,.T.);
#1866=ORIENTED_EDGE('',*,*,#1401,.T.);
#1867=ORIENTED_EDGE('',*,*,#1374,.T.);
#1868=ORIENTED_EDGE('',*,*,#1405,.T.);
#1869=ORIENTED_EDGE('',*,*,#1406,.T.);
#1870=ORIENTED_EDGE('',*,*,#1402,.T.);
#1871=ORIENTED_EDGE('',*,*,#1407,.T.);
#1872=ORIENTED_EDGE('',*,*,#1376,.T.);
#1873=ORIENTED_EDGE('',*,*,#1403,.T.);
#1874=ORIENTED_EDGE('',*,*,#1408,.T.);
#1875=ORIENTED_EDGE('',*,*,#1400,.F.);
#1876=ORIENTED_EDGE('',*,*,#1399,.F.);
#1877=ORIENTED_EDGE('',*,*,#1409,.T.);
#1878=ORIENTED_EDGE('',*,*,#1302,.T.);
#1879=ORIENTED_EDGE('',*,*,#1410,.T.);
#1880=ORIENTED_EDGE('',*,*,#1411,.T.);
#1881=ORIENTED_EDGE('',*,*,#1412,.T.);
#1882=ORIENTED_EDGE('',*,*,#1413,.T.);
#1883=ORIENTED_EDGE('',*,*,#1414,.T.);
#1884=ORIENTED_EDGE('',*,*,#1415,.T.);
#1885=ORIENTED_EDGE('',*,*,#1416,.T.);
#1886=ORIENTED_EDGE('',*,*,#1351,.T.);
#1887=ORIENTED_EDGE('',*,*,#1365,.T.);
#1888=ORIENTED_EDGE('',*,*,#1417,.T.);
#1889=ORIENTED_EDGE('',*,*,#1418,.F.);
#1890=ORIENTED_EDGE('',*,*,#1419,.F.);
#1891=ORIENTED_EDGE('',*,*,#1420,.F.);
#1892=ORIENTED_EDGE('',*,*,#1421,.T.);
#1893=ORIENTED_EDGE('',*,*,#1422,.F.);
#1894=ORIENTED_EDGE('',*,*,#1378,.T.);
#1895=ORIENTED_EDGE('',*,*,#1397,.F.);
#1896=ORIENTED_EDGE('',*,*,#1408,.F.);
#1897=ORIENTED_EDGE('',*,*,#1406,.F.);
#1898=ORIENTED_EDGE('',*,*,#1423,.T.);
#1899=ORIENTED_EDGE('',*,*,#1405,.F.);
#1900=ORIENTED_EDGE('',*,*,#1424,.F.);
#1901=ORIENTED_EDGE('',*,*,#1425,.F.);
#1902=ORIENTED_EDGE('',*,*,#1277,.T.);
#1903=ORIENTED_EDGE('',*,*,#1303,.T.);
#1904=ORIENTED_EDGE('',*,*,#1409,.F.);
#1905=ORIENTED_EDGE('',*,*,#1398,.F.);
#1906=ORIENTED_EDGE('',*,*,#1423,.F.);
#1907=ORIENTED_EDGE('',*,*,#1426,.T.);
#1908=ORIENTED_EDGE('',*,*,#1427,.T.);
#1909=ORIENTED_EDGE('',*,*,#1347,.T.);
#1910=ORIENTED_EDGE('',*,*,#1428,.T.);
#1911=ORIENTED_EDGE('',*,*,#1429,.F.);
#1912=ORIENTED_EDGE('',*,*,#1430,.F.);
#1913=ORIENTED_EDGE('',*,*,#1431,.T.);
#1914=ORIENTED_EDGE('',*,*,#1428,.F.);
#1915=ORIENTED_EDGE('',*,*,#1346,.T.);
#1916=ORIENTED_EDGE('',*,*,#1432,.F.);
#1917=ORIENTED_EDGE('',*,*,#1433,.T.);
#1918=ORIENTED_EDGE('',*,*,#1410,.F.);
#1919=ORIENTED_EDGE('',*,*,#1301,.T.);
#1920=ORIENTED_EDGE('',*,*,#1434,.F.);
#1921=ORIENTED_EDGE('',*,*,#1435,.F.);
#1922=ORIENTED_EDGE('',*,*,#1436,.T.);
#1923=ORIENTED_EDGE('',*,*,#1432,.T.);
#1924=ORIENTED_EDGE('',*,*,#1354,.T.);
#1925=ORIENTED_EDGE('',*,*,#1437,.T.);
#1926=ORIENTED_EDGE('',*,*,#1436,.F.);
#1927=ORIENTED_EDGE('',*,*,#1438,.T.);
#1928=ORIENTED_EDGE('',*,*,#1411,.F.);
#1929=ORIENTED_EDGE('',*,*,#1433,.F.);
#1930=ORIENTED_EDGE('',*,*,#1437,.F.);
#1931=ORIENTED_EDGE('',*,*,#1353,.T.);
#1932=ORIENTED_EDGE('',*,*,#1439,.F.);
#1933=ORIENTED_EDGE('',*,*,#1440,.F.);
#1934=ORIENTED_EDGE('',*,*,#1438,.F.);
#1935=ORIENTED_EDGE('',*,*,#1441,.T.);
#1936=ORIENTED_EDGE('',*,*,#1280,.T.);
#1937=ORIENTED_EDGE('',*,*,#1344,.T.);
#1938=ORIENTED_EDGE('',*,*,#1392,.T.);
#1939=ORIENTED_EDGE('',*,*,#1425,.T.);
#1940=ORIENTED_EDGE('',*,*,#1442,.T.);
#1941=ORIENTED_EDGE('',*,*,#1338,.T.);
#1942=ORIENTED_EDGE('',*,*,#1278,.T.);
#1943=ORIENTED_EDGE('',*,*,#1355,.F.);
#1944=ORIENTED_EDGE('',*,*,#1443,.T.);
#1945=ORIENTED_EDGE('',*,*,#1444,.T.);
#1946=ORIENTED_EDGE('',*,*,#1443,.F.);
#1947=ORIENTED_EDGE('',*,*,#1348,.T.);
#1948=ORIENTED_EDGE('',*,*,#1427,.F.);
#1949=ORIENTED_EDGE('',*,*,#1445,.F.);
#1950=ORIENTED_EDGE('',*,*,#1446,.T.);
#1951=ORIENTED_EDGE('',*,*,#1366,.F.);
#1952=ORIENTED_EDGE('',*,*,#1362,.F.);
#1953=ORIENTED_EDGE('',*,*,#1339,.T.);
#1954=ORIENTED_EDGE('',*,*,#1442,.F.);
#1955=ORIENTED_EDGE('',*,*,#1424,.T.);
#1956=ORIENTED_EDGE('',*,*,#1407,.F.);
#1957=ORIENTED_EDGE('',*,*,#1404,.F.);
#1958=ORIENTED_EDGE('',*,*,#1395,.F.);
#1959=ORIENTED_EDGE('',*,*,#1345,.F.);
#1960=ORIENTED_EDGE('',*,*,#1447,.T.);
#1961=ORIENTED_EDGE('',*,*,#1448,.F.);
#1962=ORIENTED_EDGE('',*,*,#1449,.T.);
#1963=ORIENTED_EDGE('',*,*,#1450,.F.);
#1964=ORIENTED_EDGE('',*,*,#1447,.F.);
#1965=ORIENTED_EDGE('',*,*,#1451,.F.);
#1966=ORIENTED_EDGE('',*,*,#1449,.F.);
#1967=ORIENTED_EDGE('',*,*,#1444,.F.);
#1968=ORIENTED_EDGE('',*,*,#1414,.F.);
#1969=ORIENTED_EDGE('',*,*,#1452,.F.);
#1970=ORIENTED_EDGE('',*,*,#1453,.F.);
#1971=ORIENTED_EDGE('',*,*,#1413,.F.);
#1972=ORIENTED_EDGE('',*,*,#1454,.F.);
#1973=ORIENTED_EDGE('',*,*,#1452,.T.);
#1974=ORIENTED_EDGE('',*,*,#1453,.T.);
#1975=ORIENTED_EDGE('',*,*,#1454,.T.);
#1976=ORIENTED_EDGE('',*,*,#1412,.F.);
#1977=ORIENTED_EDGE('',*,*,#1440,.T.);
#1978=ORIENTED_EDGE('',*,*,#1455,.F.);
#1979=ORIENTED_EDGE('',*,*,#1415,.F.);
#1980=ORIENTED_EDGE('',*,*,#1416,.F.);
#1981=ORIENTED_EDGE('',*,*,#1455,.T.);
#1982=ORIENTED_EDGE('',*,*,#1439,.T.);
#1983=ORIENTED_EDGE('',*,*,#1352,.T.);
#1984=ORIENTED_EDGE('',*,*,#1441,.F.);
#1985=ORIENTED_EDGE('',*,*,#1391,.F.);
#1986=ORIENTED_EDGE('',*,*,#1456,.T.);
#1987=ORIENTED_EDGE('',*,*,#1281,.T.);
#1988=ORIENTED_EDGE('',*,*,#1426,.F.);
#1989=ORIENTED_EDGE('',*,*,#1431,.F.);
#1990=ORIENTED_EDGE('',*,*,#1457,.T.);
#1991=ORIENTED_EDGE('',*,*,#1445,.T.);
#1992=ORIENTED_EDGE('',*,*,#1448,.T.);
#1993=ORIENTED_EDGE('',*,*,#1450,.T.);
#1994=ORIENTED_EDGE('',*,*,#1451,.T.);
#1995=ORIENTED_EDGE('',*,*,#1458,.F.);
#1996=ORIENTED_EDGE('',*,*,#1459,.T.);
#1997=ORIENTED_EDGE('',*,*,#1460,.F.);
#1998=ORIENTED_EDGE('',*,*,#1459,.F.);
#1999=ORIENTED_EDGE('',*,*,#1461,.T.);
#2000=ORIENTED_EDGE('',*,*,#1429,.T.);
#2001=ORIENTED_EDGE('',*,*,#1462,.F.);
#2002=ORIENTED_EDGE('',*,*,#1283,.F.);
#2003=ORIENTED_EDGE('',*,*,#1435,.T.);
#2004=ORIENTED_EDGE('',*,*,#1463,.F.);
#2005=ORIENTED_EDGE('',*,*,#1284,.F.);
#2006=ORIENTED_EDGE('',*,*,#1462,.T.);
#2007=ORIENTED_EDGE('',*,*,#1458,.T.);
#2008=ORIENTED_EDGE('',*,*,#1463,.T.);
#2009=ORIENTED_EDGE('',*,*,#1434,.T.);
#2010=ORIENTED_EDGE('',*,*,#1300,.T.);
#2011=ORIENTED_EDGE('',*,*,#1285,.F.);
#2012=ORIENTED_EDGE('',*,*,#1319,.T.);
#2013=ORIENTED_EDGE('',*,*,#1337,.T.);
#2014=ORIENTED_EDGE('',*,*,#1329,.T.);
#2015=ORIENTED_EDGE('',*,*,#1327,.T.);
#2016=ORIENTED_EDGE('',*,*,#1310,.T.);
#2017=ORIENTED_EDGE('',*,*,#1336,.T.);
#2018=ORIENTED_EDGE('',*,*,#1464,.T.);
#2019=ORIENTED_EDGE('',*,*,#1381,.T.);
#2020=ORIENTED_EDGE('',*,*,#1465,.T.);
#2021=ORIENTED_EDGE('',*,*,#1321,.T.);
#2022=ORIENTED_EDGE('',*,*,#1369,.T.);
#2023=ORIENTED_EDGE('',*,*,#1367,.F.);
#2024=ORIENTED_EDGE('',*,*,#1446,.F.);
#2025=ORIENTED_EDGE('',*,*,#1457,.F.);
#2026=ORIENTED_EDGE('',*,*,#1430,.T.);
#2027=ORIENTED_EDGE('',*,*,#1461,.F.);
#2028=ORIENTED_EDGE('',*,*,#1282,.T.);
#2029=ORIENTED_EDGE('',*,*,#1456,.F.);
#2030=ORIENTED_EDGE('',*,*,#1390,.F.);
#2031=ORIENTED_EDGE('',*,*,#1393,.F.);
#2032=ORIENTED_EDGE('',*,*,#1460,.T.);
#2033=ORIENTED_EDGE('',*,*,#1322,.T.);
#2034=ORIENTED_EDGE('',*,*,#1465,.F.);
#2035=ORIENTED_EDGE('',*,*,#1380,.T.);
#2036=ORIENTED_EDGE('',*,*,#1466,.T.);
#2037=ORIENTED_EDGE('',*,*,#1467,.T.);
#2038=ORIENTED_EDGE('',*,*,#1468,.F.);
#2039=ORIENTED_EDGE('',*,*,#1469,.F.);
#2040=ORIENTED_EDGE('',*,*,#1470,.F.);
#2041=ORIENTED_EDGE('',*,*,#1331,.F.);
#2042=ORIENTED_EDGE('',*,*,#1316,.T.);
#2043=ORIENTED_EDGE('',*,*,#1379,.T.);
#2044=ORIENTED_EDGE('',*,*,#1422,.T.);
#2045=ORIENTED_EDGE('',*,*,#1471,.T.);
#2046=ORIENTED_EDGE('',*,*,#1472,.T.);
#2047=ORIENTED_EDGE('',*,*,#1466,.F.);
#2048=ORIENTED_EDGE('',*,*,#1356,.T.);
#2049=ORIENTED_EDGE('',*,*,#1385,.T.);
#2050=ORIENTED_EDGE('',*,*,#1473,.T.);
#2051=ORIENTED_EDGE('',*,*,#1474,.T.);
#2052=ORIENTED_EDGE('',*,*,#1475,.F.);
#2053=ORIENTED_EDGE('',*,*,#1476,.F.);
#2054=ORIENTED_EDGE('',*,*,#1417,.F.);
#2055=ORIENTED_EDGE('',*,*,#1364,.T.);
#2056=ORIENTED_EDGE('',*,*,#1477,.T.);
#2057=ORIENTED_EDGE('',*,*,#1419,.T.);
#2058=ORIENTED_EDGE('',*,*,#1478,.T.);
#2059=ORIENTED_EDGE('',*,*,#1479,.T.);
#2060=ORIENTED_EDGE('',*,*,#1418,.T.);
#2061=ORIENTED_EDGE('',*,*,#1480,.T.);
#2062=ORIENTED_EDGE('',*,*,#1478,.F.);
#2063=ORIENTED_EDGE('',*,*,#1481,.T.);
#2064=ORIENTED_EDGE('',*,*,#1482,.T.);
#2065=ORIENTED_EDGE('',*,*,#1470,.T.);
#2066=ORIENTED_EDGE('',*,*,#1483,.T.);
#2067=ORIENTED_EDGE('',*,*,#1484,.T.);
#2068=ORIENTED_EDGE('',*,*,#1481,.F.);
#2069=ORIENTED_EDGE('',*,*,#1469,.T.);
#2070=ORIENTED_EDGE('',*,*,#1482,.F.);
#2071=ORIENTED_EDGE('',*,*,#1485,.F.);
#2072=ORIENTED_EDGE('',*,*,#1486,.F.);
#2073=ORIENTED_EDGE('',*,*,#1332,.F.);
#2074=ORIENTED_EDGE('',*,*,#1479,.F.);
#2075=ORIENTED_EDGE('',*,*,#1487,.T.);
#2076=ORIENTED_EDGE('',*,*,#1488,.T.);
#2077=ORIENTED_EDGE('',*,*,#1489,.T.);
#2078=ORIENTED_EDGE('',*,*,#1490,.T.);
#2079=ORIENTED_EDGE('',*,*,#1491,.T.);
#2080=ORIENTED_EDGE('',*,*,#1488,.F.);
#2081=ORIENTED_EDGE('',*,*,#1492,.T.);
#2082=ORIENTED_EDGE('',*,*,#1493,.T.);
#2083=ORIENTED_EDGE('',*,*,#1494,.T.);
#2084=ORIENTED_EDGE('',*,*,#1490,.F.);
#2085=ORIENTED_EDGE('',*,*,#1475,.T.);
#2086=ORIENTED_EDGE('',*,*,#1495,.T.);
#2087=ORIENTED_EDGE('',*,*,#1493,.F.);
#2088=ORIENTED_EDGE('',*,*,#1496,.T.);
#2089=ORIENTED_EDGE('',*,*,#1497,.T.);
#2090=ORIENTED_EDGE('',*,*,#1498,.F.);
#2091=ORIENTED_EDGE('',*,*,#1499,.T.);
#2092=ORIENTED_EDGE('',*,*,#1500,.T.);
#2093=ORIENTED_EDGE('',*,*,#1497,.F.);
#2094=ORIENTED_EDGE('',*,*,#1384,.T.);
#2095=ORIENTED_EDGE('',*,*,#1501,.T.);
#2096=ORIENTED_EDGE('',*,*,#1502,.T.);
#2097=ORIENTED_EDGE('',*,*,#1498,.T.);
#2098=ORIENTED_EDGE('',*,*,#1500,.F.);
#2099=ORIENTED_EDGE('',*,*,#1473,.F.);
#2100=ORIENTED_EDGE('',*,*,#1499,.F.);
#2101=ORIENTED_EDGE('',*,*,#1496,.F.);
#2102=ORIENTED_EDGE('',*,*,#1474,.F.);
#2103=ORIENTED_EDGE('',*,*,#1480,.F.);
#2104=ORIENTED_EDGE('',*,*,#1476,.T.);
#2105=ORIENTED_EDGE('',*,*,#1492,.F.);
#2106=ORIENTED_EDGE('',*,*,#1487,.F.);
#2107=ORIENTED_EDGE('',*,*,#1503,.T.);
#2108=ORIENTED_EDGE('',*,*,#1504,.T.);
#2109=ORIENTED_EDGE('',*,*,#1505,.T.);
#2110=ORIENTED_EDGE('',*,*,#1506,.T.);
#2111=ORIENTED_EDGE('',*,*,#1507,.T.);
#2112=ORIENTED_EDGE('',*,*,#1508,.T.);
#2113=ORIENTED_EDGE('',*,*,#1509,.F.);
#2114=ORIENTED_EDGE('',*,*,#1505,.F.);
#2115=ORIENTED_EDGE('',*,*,#1510,.T.);
#2116=ORIENTED_EDGE('',*,*,#1511,.T.);
#2117=ORIENTED_EDGE('',*,*,#1507,.F.);
#2118=ORIENTED_EDGE('',*,*,#1333,.T.);
#2119=ORIENTED_EDGE('',*,*,#1512,.T.);
#2120=ORIENTED_EDGE('',*,*,#1513,.T.);
#2121=ORIENTED_EDGE('',*,*,#1510,.F.);
#2122=ORIENTED_EDGE('',*,*,#1486,.T.);
#2123=ORIENTED_EDGE('',*,*,#1484,.F.);
#2124=ORIENTED_EDGE('',*,*,#1514,.T.);
#2125=ORIENTED_EDGE('',*,*,#1512,.F.);
#2126=ORIENTED_EDGE('',*,*,#1485,.T.);
#2127=ORIENTED_EDGE('',*,*,#1506,.F.);
#2128=ORIENTED_EDGE('',*,*,#1504,.F.);
#2129=ORIENTED_EDGE('',*,*,#1334,.T.);
#2130=ORIENTED_EDGE('',*,*,#1382,.T.);
#2131=ORIENTED_EDGE('',*,*,#1464,.F.);
#2132=ORIENTED_EDGE('',*,*,#1335,.T.);
#2133=ORIENTED_EDGE('',*,*,#1503,.F.);
#2134=ORIENTED_EDGE('',*,*,#1509,.T.);
#2135=ORIENTED_EDGE('',*,*,#1515,.T.);
#2136=ORIENTED_EDGE('',*,*,#1516,.F.);
#2137=ORIENTED_EDGE('',*,*,#1495,.F.);
#2138=ORIENTED_EDGE('',*,*,#1502,.F.);
#2139=ORIENTED_EDGE('',*,*,#1517,.F.);
#2140=ORIENTED_EDGE('',*,*,#1518,.T.);
#2141=ORIENTED_EDGE('',*,*,#1519,.T.);
#2142=ORIENTED_EDGE('',*,*,#1518,.F.);
#2143=ORIENTED_EDGE('',*,*,#1520,.F.);
#2144=ORIENTED_EDGE('',*,*,#1515,.F.);
#2145=ORIENTED_EDGE('',*,*,#1508,.F.);
#2146=ORIENTED_EDGE('',*,*,#1511,.F.);
#2147=ORIENTED_EDGE('',*,*,#1513,.F.);
#2148=ORIENTED_EDGE('',*,*,#1521,.F.);
#2149=ORIENTED_EDGE('',*,*,#1491,.F.);
#2150=ORIENTED_EDGE('',*,*,#1494,.F.);
#2151=ORIENTED_EDGE('',*,*,#1489,.F.);
#2152=ORIENTED_EDGE('',*,*,#1521,.T.);
#2153=ORIENTED_EDGE('',*,*,#1514,.F.);
#2154=ORIENTED_EDGE('',*,*,#1483,.F.);
#2155=ORIENTED_EDGE('',*,*,#1468,.T.);
#2156=ORIENTED_EDGE('',*,*,#1467,.F.);
#2157=ORIENTED_EDGE('',*,*,#1472,.F.);
#2158=ORIENTED_EDGE('',*,*,#1522,.T.);
#2159=ORIENTED_EDGE('',*,*,#1259,.T.);
#2160=ORIENTED_EDGE('',*,*,#1258,.T.);
#2161=ORIENTED_EDGE('',*,*,#1523,.T.);
#2162=ORIENTED_EDGE('',*,*,#1523,.F.);
#2163=ORIENTED_EDGE('',*,*,#1257,.T.);
#2164=ORIENTED_EDGE('',*,*,#1260,.T.);
#2165=ORIENTED_EDGE('',*,*,#1522,.F.);
#2166=ORIENTED_EDGE('',*,*,#1471,.F.);
#2167=ORIENTED_EDGE('',*,*,#1421,.F.);
#2168=ORIENTED_EDGE('',*,*,#1420,.T.);
#2169=ORIENTED_EDGE('',*,*,#1477,.F.);
#2170=ORIENTED_EDGE('',*,*,#1262,.T.);
#2171=ORIENTED_EDGE('',*,*,#1263,.T.);
#2172=ORIENTED_EDGE('',*,*,#1265,.T.);
#2173=ORIENTED_EDGE('',*,*,#1266,.T.);
#2174=ORIENTED_EDGE('',*,*,#1268,.T.);
#2175=ORIENTED_EDGE('',*,*,#1269,.T.);
#2176=ORIENTED_EDGE('',*,*,#1519,.F.);
#2177=ORIENTED_EDGE('',*,*,#1242,.F.);
#2178=ORIENTED_EDGE('',*,*,#1246,.F.);
#2179=ORIENTED_EDGE('',*,*,#1250,.F.);
#2180=ORIENTED_EDGE('',*,*,#1254,.F.);
#2181=ORIENTED_EDGE('',*,*,#1383,.T.);
#2182=ORIENTED_EDGE('',*,*,#1516,.T.);
#2183=ORIENTED_EDGE('',*,*,#1520,.T.);
#2184=ORIENTED_EDGE('',*,*,#1517,.T.);
#2185=ORIENTED_EDGE('',*,*,#1501,.F.);
#2186=ORIENTED_EDGE('',*,*,#1524,.F.);
#2187=ORIENTED_EDGE('',*,*,#1525,.T.);
#2188=ORIENTED_EDGE('',*,*,#1526,.F.);
#2189=ORIENTED_EDGE('',*,*,#1527,.F.);
#2190=ORIENTED_EDGE('',*,*,#1528,.F.);
#2191=ORIENTED_EDGE('',*,*,#1529,.T.);
#2192=ORIENTED_EDGE('',*,*,#1530,.F.);
#2193=ORIENTED_EDGE('',*,*,#1525,.F.);
#2194=ORIENTED_EDGE('',*,*,#1531,.F.);
#2195=ORIENTED_EDGE('',*,*,#1532,.F.);
#2196=ORIENTED_EDGE('',*,*,#1533,.F.);
#2197=ORIENTED_EDGE('',*,*,#1529,.F.);
#2198=ORIENTED_EDGE('',*,*,#1534,.F.);
#2199=ORIENTED_EDGE('',*,*,#1535,.F.);
#2200=ORIENTED_EDGE('',*,*,#1536,.F.);
#2201=ORIENTED_EDGE('',*,*,#1537,.T.);
#2202=ORIENTED_EDGE('',*,*,#1538,.F.);
#2203=ORIENTED_EDGE('',*,*,#1537,.F.);
#2204=ORIENTED_EDGE('',*,*,#1539,.F.);
#2205=ORIENTED_EDGE('',*,*,#1540,.F.);
#2206=ORIENTED_EDGE('',*,*,#1541,.F.);
#2207=ORIENTED_EDGE('',*,*,#1542,.F.);
#2208=ORIENTED_EDGE('',*,*,#1543,.F.);
#2209=ORIENTED_EDGE('',*,*,#1535,.T.);
#2210=ORIENTED_EDGE('',*,*,#1527,.T.);
#2211=ORIENTED_EDGE('',*,*,#1544,.F.);
#2212=ORIENTED_EDGE('',*,*,#1545,.F.);
#2213=ORIENTED_EDGE('',*,*,#1546,.F.);
#2214=ORIENTED_EDGE('',*,*,#1547,.T.);
#2215=ORIENTED_EDGE('',*,*,#1531,.T.);
#2216=ORIENTED_EDGE('',*,*,#1528,.T.);
#2217=ORIENTED_EDGE('',*,*,#1524,.T.);
#2218=ORIENTED_EDGE('',*,*,#1547,.F.);
#2219=ORIENTED_EDGE('',*,*,#1548,.T.);
#2220=ORIENTED_EDGE('',*,*,#1549,.F.);
#2221=ORIENTED_EDGE('',*,*,#1539,.T.);
#2222=ORIENTED_EDGE('',*,*,#1536,.T.);
#2223=ORIENTED_EDGE('',*,*,#1543,.T.);
#2224=ORIENTED_EDGE('',*,*,#1550,.F.);
#2225=ORIENTED_EDGE('',*,*,#1551,.F.);
#2226=ORIENTED_EDGE('',*,*,#1552,.F.);
#2227=ORIENTED_EDGE('',*,*,#1553,.F.);
#2228=ORIENTED_EDGE('',*,*,#1554,.F.);
#2229=ORIENTED_EDGE('',*,*,#1540,.T.);
#2230=ORIENTED_EDGE('',*,*,#1549,.T.);
#2231=ORIENTED_EDGE('',*,*,#1555,.F.);
#2232=ORIENTED_EDGE('',*,*,#1556,.T.);
#2233=ORIENTED_EDGE('',*,*,#1557,.F.);
#2234=ORIENTED_EDGE('',*,*,#1558,.T.);
#2235=ORIENTED_EDGE('',*,*,#1559,.T.);
#2236=ORIENTED_EDGE('',*,*,#1553,.T.);
#2237=ORIENTED_EDGE('',*,*,#1560,.T.);
#2238=ORIENTED_EDGE('',*,*,#1560,.F.);
#2239=ORIENTED_EDGE('',*,*,#1552,.T.);
#2240=ORIENTED_EDGE('',*,*,#1561,.F.);
#2241=ORIENTED_EDGE('',*,*,#1562,.F.);
#2242=ORIENTED_EDGE('',*,*,#1563,.T.);
#2243=ORIENTED_EDGE('',*,*,#1561,.T.);
#2244=ORIENTED_EDGE('',*,*,#1551,.T.);
#2245=ORIENTED_EDGE('',*,*,#1564,.T.);
#2246=ORIENTED_EDGE('',*,*,#1565,.T.);
#2247=ORIENTED_EDGE('',*,*,#1566,.T.);
#2248=ORIENTED_EDGE('',*,*,#1567,.T.);
#2249=ORIENTED_EDGE('',*,*,#1568,.T.);
#2250=ORIENTED_EDGE('',*,*,#1568,.F.);
#2251=ORIENTED_EDGE('',*,*,#1569,.T.);
#2252=ORIENTED_EDGE('',*,*,#1570,.F.);
#2253=ORIENTED_EDGE('',*,*,#1571,.F.);
#2254=ORIENTED_EDGE('',*,*,#1567,.F.);
#2255=ORIENTED_EDGE('',*,*,#1572,.F.);
#2256=ORIENTED_EDGE('',*,*,#1573,.F.);
#2257=ORIENTED_EDGE('',*,*,#1574,.T.);
#2258=ORIENTED_EDGE('',*,*,#1575,.F.);
#2259=ORIENTED_EDGE('',*,*,#1576,.T.);
#2260=ORIENTED_EDGE('',*,*,#1577,.T.);
#2261=ORIENTED_EDGE('',*,*,#1578,.T.);
#2262=ORIENTED_EDGE('',*,*,#1579,.F.);
#2263=ORIENTED_EDGE('',*,*,#1548,.F.);
#2264=ORIENTED_EDGE('',*,*,#1580,.F.);
#2265=ORIENTED_EDGE('',*,*,#1581,.T.);
#2266=ORIENTED_EDGE('',*,*,#1582,.T.);
#2267=ORIENTED_EDGE('',*,*,#1583,.T.);
#2268=ORIENTED_EDGE('',*,*,#1584,.F.);
#2269=ORIENTED_EDGE('',*,*,#1569,.F.);
#2270=ORIENTED_EDGE('',*,*,#1585,.T.);
#2271=ORIENTED_EDGE('',*,*,#1586,.T.);
#2272=ORIENTED_EDGE('',*,*,#1587,.T.);
#2273=ORIENTED_EDGE('',*,*,#1588,.T.);
#2274=ORIENTED_EDGE('',*,*,#1573,.T.);
#2275=ORIENTED_EDGE('',*,*,#1589,.T.);
#2276=ORIENTED_EDGE('',*,*,#1588,.F.);
#2277=ORIENTED_EDGE('',*,*,#1590,.T.);
#2278=ORIENTED_EDGE('',*,*,#1591,.F.);
#2279=ORIENTED_EDGE('',*,*,#1574,.F.);
#2280=ORIENTED_EDGE('',*,*,#1584,.T.);
#2281=ORIENTED_EDGE('',*,*,#1592,.T.);
#2282=ORIENTED_EDGE('',*,*,#1593,.T.);
#2283=ORIENTED_EDGE('',*,*,#1570,.T.);
#2284=ORIENTED_EDGE('',*,*,#1592,.F.);
#2285=ORIENTED_EDGE('',*,*,#1583,.F.);
#2286=ORIENTED_EDGE('',*,*,#1594,.F.);
#2287=ORIENTED_EDGE('',*,*,#1595,.T.);
#2288=ORIENTED_EDGE('',*,*,#1580,.T.);
#2289=ORIENTED_EDGE('',*,*,#1546,.T.);
#2290=ORIENTED_EDGE('',*,*,#1596,.T.);
#2291=ORIENTED_EDGE('',*,*,#1597,.T.);
#2292=ORIENTED_EDGE('',*,*,#1532,.T.);
#2293=ORIENTED_EDGE('',*,*,#1554,.T.);
#2294=ORIENTED_EDGE('',*,*,#1559,.F.);
#2295=ORIENTED_EDGE('',*,*,#1598,.F.);
#2296=ORIENTED_EDGE('',*,*,#1599,.T.);
#2297=ORIENTED_EDGE('',*,*,#1600,.T.);
#2298=ORIENTED_EDGE('',*,*,#1575,.T.);
#2299=ORIENTED_EDGE('',*,*,#1591,.T.);
#2300=ORIENTED_EDGE('',*,*,#1600,.F.);
#2301=ORIENTED_EDGE('',*,*,#1601,.F.);
#2302=ORIENTED_EDGE('',*,*,#1602,.T.);
#2303=ORIENTED_EDGE('',*,*,#1576,.F.);
#2304=ORIENTED_EDGE('',*,*,#1579,.T.);
#2305=ORIENTED_EDGE('',*,*,#1603,.T.);
#2306=ORIENTED_EDGE('',*,*,#1604,.T.);
#2307=ORIENTED_EDGE('',*,*,#1555,.T.);
#2308=ORIENTED_EDGE('',*,*,#1603,.F.);
#2309=ORIENTED_EDGE('',*,*,#1578,.F.);
#2310=ORIENTED_EDGE('',*,*,#1605,.F.);
#2311=ORIENTED_EDGE('',*,*,#1606,.F.);
#2312=ORIENTED_EDGE('',*,*,#1585,.F.);
#2313=ORIENTED_EDGE('',*,*,#1607,.T.);
#2314=ORIENTED_EDGE('',*,*,#1608,.F.);
#2315=ORIENTED_EDGE('',*,*,#1607,.F.);
#2316=ORIENTED_EDGE('',*,*,#1597,.F.);
#2317=ORIENTED_EDGE('',*,*,#1609,.T.);
#2318=ORIENTED_EDGE('',*,*,#1610,.T.);
#2319=ORIENTED_EDGE('',*,*,#1581,.F.);
#2320=ORIENTED_EDGE('',*,*,#1611,.F.);
#2321=ORIENTED_EDGE('',*,*,#1594,.T.);
#2322=ORIENTED_EDGE('',*,*,#1582,.F.);
#2323=ORIENTED_EDGE('',*,*,#1610,.F.);
#2324=ORIENTED_EDGE('',*,*,#1586,.F.);
#2325=ORIENTED_EDGE('',*,*,#1612,.T.);
#2326=ORIENTED_EDGE('',*,*,#1613,.F.);
#2327=ORIENTED_EDGE('',*,*,#1612,.F.);
#2328=ORIENTED_EDGE('',*,*,#1614,.F.);
#2329=ORIENTED_EDGE('',*,*,#1605,.T.);
#2330=ORIENTED_EDGE('',*,*,#1577,.F.);
#2331=ORIENTED_EDGE('',*,*,#1602,.F.);
#2332=ORIENTED_EDGE('',*,*,#1542,.T.);
#2333=ORIENTED_EDGE('',*,*,#1615,.F.);
#2334=ORIENTED_EDGE('',*,*,#1564,.F.);
#2335=ORIENTED_EDGE('',*,*,#1550,.T.);
#2336=ORIENTED_EDGE('',*,*,#1566,.F.);
#2337=ORIENTED_EDGE('',*,*,#1616,.F.);
#2338=ORIENTED_EDGE('',*,*,#1589,.F.);
#2339=ORIENTED_EDGE('',*,*,#1572,.T.);
#2340=ORIENTED_EDGE('',*,*,#1565,.F.);
#2341=ORIENTED_EDGE('',*,*,#1571,.T.);
#2342=ORIENTED_EDGE('',*,*,#1593,.F.);
#2343=ORIENTED_EDGE('',*,*,#1595,.F.);
#2344=ORIENTED_EDGE('',*,*,#1611,.T.);
#2345=ORIENTED_EDGE('',*,*,#1609,.F.);
#2346=ORIENTED_EDGE('',*,*,#1596,.F.);
#2347=ORIENTED_EDGE('',*,*,#1545,.T.);
#2348=ORIENTED_EDGE('',*,*,#1617,.F.);
#2349=ORIENTED_EDGE('',*,*,#1556,.F.);
#2350=ORIENTED_EDGE('',*,*,#1604,.F.);
#2351=ORIENTED_EDGE('',*,*,#1606,.T.);
#2352=ORIENTED_EDGE('',*,*,#1614,.T.);
#2353=ORIENTED_EDGE('',*,*,#1601,.T.);
#2354=ORIENTED_EDGE('',*,*,#1599,.F.);
#2355=ORIENTED_EDGE('',*,*,#1590,.F.);
#2356=ORIENTED_EDGE('',*,*,#1587,.F.);
#2357=ORIENTED_EDGE('',*,*,#1616,.T.);
#2358=ORIENTED_EDGE('',*,*,#1608,.T.);
#2359=ORIENTED_EDGE('',*,*,#1613,.T.);
#2360=ORIENTED_EDGE('',*,*,#1533,.T.);
#2361=ORIENTED_EDGE('',*,*,#1598,.T.);
#2362=ORIENTED_EDGE('',*,*,#1558,.F.);
#2363=ORIENTED_EDGE('',*,*,#1562,.T.);
#2364=ORIENTED_EDGE('',*,*,#1563,.F.);
#2365=ORIENTED_EDGE('',*,*,#1615,.T.);
#2366=ORIENTED_EDGE('',*,*,#1541,.T.);
#2367=ORIENTED_EDGE('',*,*,#1534,.T.);
#2368=ORIENTED_EDGE('',*,*,#1538,.T.);
#2369=ORIENTED_EDGE('',*,*,#1557,.T.);
#2370=ORIENTED_EDGE('',*,*,#1617,.T.);
#2371=ORIENTED_EDGE('',*,*,#1544,.T.);
#2372=ORIENTED_EDGE('',*,*,#1526,.T.);
#2373=ORIENTED_EDGE('',*,*,#1530,.T.);
#2374=CYLINDRICAL_SURFACE('',#2574,0.999999999999996);
#2375=CYLINDRICAL_SURFACE('',#2579,0.999999999999996);
#2376=CYLINDRICAL_SURFACE('',#2584,0.999999999999996);
#2377=CYLINDRICAL_SURFACE('',#2589,0.999999999999996);
#2378=CYLINDRICAL_SURFACE('',#2594,3.00000000000001);
#2379=CYLINDRICAL_SURFACE('',#2595,3.);
#2380=CYLINDRICAL_SURFACE('',#2596,3.);
#2381=CYLINDRICAL_SURFACE('',#2597,3.);
#2382=CYLINDRICAL_SURFACE('',#2598,5.);
#2383=CYLINDRICAL_SURFACE('',#2602,5.);
#2384=CYLINDRICAL_SURFACE('',#2642,2.);
#2385=CYLINDRICAL_SURFACE('',#2643,3.5);
#2386=CYLINDRICAL_SURFACE('',#2644,2.);
#2387=CYLINDRICAL_SURFACE('',#2646,22.5);
#2388=CYLINDRICAL_SURFACE('',#2651,1.99999999999999);
#2389=CYLINDRICAL_SURFACE('',#2654,2.);
#2390=CYLINDRICAL_SURFACE('',#2656,1.99999999999999);
#2391=CYLINDRICAL_SURFACE('',#2658,3.5);
#2392=CYLINDRICAL_SURFACE('',#2659,2.);
#2393=CYLINDRICAL_SURFACE('',#2663,2.);
#2394=CYLINDRICAL_SURFACE('',#2664,2.);
#2395=CYLINDRICAL_SURFACE('',#2676,1.);
#2396=CYLINDRICAL_SURFACE('',#2679,1.);
#2397=CYLINDRICAL_SURFACE('',#2683,1.);
#2398=CYLINDRICAL_SURFACE('',#2685,1.);
#2399=CYLINDRICAL_SURFACE('',#2686,1.5);
#2400=CYLINDRICAL_SURFACE('',#2690,1.5);
#2401=CYLINDRICAL_SURFACE('',#2694,3.5);
#2402=CYLINDRICAL_SURFACE('',#2699,3.99999999999999);
#2403=CYLINDRICAL_SURFACE('',#2702,22.5);
#2404=CYLINDRICAL_SURFACE('',#2703,8.99999999999999);
#2405=CYLINDRICAL_SURFACE('',#2717,15.);
#2406=CYLINDRICAL_SURFACE('',#2720,5.);
#2407=CYLINDRICAL_SURFACE('',#2722,15.);
#2408=CYLINDRICAL_SURFACE('',#2723,15.);
#2409=CYLINDRICAL_SURFACE('',#2725,5.);
#2410=CYLINDRICAL_SURFACE('',#2728,15.);
#2411=CYLINDRICAL_SURFACE('',#2729,22.5);
#2412=CYLINDRICAL_SURFACE('',#2750,1.);
#2413=CYLINDRICAL_SURFACE('',#2753,1.);
#2414=CYLINDRICAL_SURFACE('',#2755,1.);
#2415=CYLINDRICAL_SURFACE('',#2769,1.);
#2416=CYLINDRICAL_SURFACE('',#2772,1.);
#2417=CYLINDRICAL_SURFACE('',#2775,1.);
#2418=CYLINDRICAL_SURFACE('',#2778,1.);
#2419=CYLINDRICAL_SURFACE('',#2781,1.);
#2420=CYLINDRICAL_SURFACE('',#2784,1.5);
#2421=CYLINDRICAL_SURFACE('',#2787,3.5);
#2422=CYLINDRICAL_SURFACE('',#2789,1.5);
#2423=CYLINDRICAL_SURFACE('',#2791,3.5);
#2424=ADVANCED_FACE('',(#206),#2374,.F.);
#2425=ADVANCED_FACE('',(#207,#122),#143,.T.);
#2426=ADVANCED_FACE('',(#208),#2375,.F.);
#2427=ADVANCED_FACE('',(#209,#123),#144,.T.);
#2428=ADVANCED_FACE('',(#210),#2376,.F.);
#2429=ADVANCED_FACE('',(#211,#124),#145,.T.);
#2430=ADVANCED_FACE('',(#212),#2377,.F.);
#2431=ADVANCED_FACE('',(#213,#125),#146,.T.);
#2432=ADVANCED_FACE('',(#214),#2378,.F.);
#2433=ADVANCED_FACE('',(#215),#2379,.F.);
#2434=ADVANCED_FACE('',(#216),#2380,.F.);
#2435=ADVANCED_FACE('',(#217),#2381,.F.);
#2436=ADVANCED_FACE('',(#218),#2382,.T.);
#2437=ADVANCED_FACE('',(#219),#147,.F.);
#2438=ADVANCED_FACE('',(#220),#2383,.T.);
#2439=ADVANCED_FACE('',(#221),#148,.T.);
#2440=ADVANCED_FACE('',(#222),#149,.F.);
#2441=ADVANCED_FACE('',(#223,#126),#150,.F.);
#2442=ADVANCED_FACE('',(#224),#151,.F.);
#2443=ADVANCED_FACE('',(#225),#152,.F.);
#2444=ADVANCED_FACE('',(#226),#153,.F.);
#2445=ADVANCED_FACE('',(#227),#154,.F.);
#2446=ADVANCED_FACE('',(#228),#155,.F.);
#2447=ADVANCED_FACE('',(#229),#156,.F.);
#2448=ADVANCED_FACE('',(#230),#157,.F.);
#2449=ADVANCED_FACE('',(#231),#158,.F.);
#2450=ADVANCED_FACE('',(#232),#159,.T.);
#2451=ADVANCED_FACE('',(#233,#127),#160,.F.);
#2452=ADVANCED_FACE('',(#234,#128),#161,.T.);
#2453=ADVANCED_FACE('',(#235),#25,.T.);
#2454=ADVANCED_FACE('',(#236),#23,.F.);
#2455=ADVANCED_FACE('',(#237),#2384,.F.);
#2456=ADVANCED_FACE('',(#238),#2385,.T.);
#2457=ADVANCED_FACE('',(#239),#2386,.F.);
#2458=ADVANCED_FACE('',(#240,#129),#2387,.T.);
#2459=ADVANCED_FACE('',(#241),#2388,.F.);
#2460=ADVANCED_FACE('',(#242),#162,.T.);
#2461=ADVANCED_FACE('',(#243),#2389,.F.);
#2462=ADVANCED_FACE('',(#244),#2390,.F.);
#2463=ADVANCED_FACE('',(#245),#2391,.T.);
#2464=ADVANCED_FACE('',(#246),#2392,.F.);
#2465=ADVANCED_FACE('',(#247),#26,.T.);
#2466=ADVANCED_FACE('',(#248),#2393,.F.);
#2467=ADVANCED_FACE('',(#249),#2394,.T.);
#2468=ADVANCED_FACE('',(#250),#21,.F.);
#2469=ADVANCED_FACE('',(#251),#17,.F.);
#2470=ADVANCED_FACE('',(#252),#163,.F.);
#2471=ADVANCED_FACE('',(#253),#164,.T.);
#2472=ADVANCED_FACE('',(#254),#2395,.T.);
#2473=ADVANCED_FACE('',(#255),#165,.F.);
#2474=ADVANCED_FACE('',(#256),#2396,.T.);
#2475=ADVANCED_FACE('',(#257),#166,.T.);
#2476=ADVANCED_FACE('',(#258),#167,.F.);
#2477=ADVANCED_FACE('',(#259),#2397,.T.);
#2478=ADVANCED_FACE('',(#260),#2398,.T.);
#2479=ADVANCED_FACE('',(#261),#2399,.F.);
#2480=ADVANCED_FACE('',(#262),#168,.T.);
#2481=ADVANCED_FACE('',(#263),#169,.T.);
#2482=ADVANCED_FACE('',(#264),#2400,.F.);
#2483=ADVANCED_FACE('',(#265),#170,.T.);
#2484=ADVANCED_FACE('',(#266),#171,.T.);
#2485=ADVANCED_FACE('',(#267),#2401,.F.);
#2486=ADVANCED_FACE('',(#268),#172,.F.);
#2487=ADVANCED_FACE('',(#269),#173,.F.);
#2488=ADVANCED_FACE('',(#270),#2402,.F.);
#2489=ADVANCED_FACE('',(#271),#174,.T.);
#2490=ADVANCED_FACE('',(#272),#175,.T.);
#2491=ADVANCED_FACE('',(#273),#2403,.T.);
#2492=ADVANCED_FACE('',(#274),#2404,.F.);
#2493=ADVANCED_FACE('',(#275),#176,.T.);
#2494=ADVANCED_FACE('',(#276,#130),#177,.F.);
#2495=ADVANCED_FACE('',(#277),#178,.F.);
#2496=ADVANCED_FACE('',(#278),#22,.T.);
#2497=ADVANCED_FACE('',(#279,#131),#179,.T.);
#2498=ADVANCED_FACE('',(#280),#18,.F.);
#2499=ADVANCED_FACE('',(#281),#180,.T.);
#2500=ADVANCED_FACE('',(#282),#181,.T.);
#2501=ADVANCED_FACE('',(#283),#27,.F.);
#2502=ADVANCED_FACE('',(#284),#28,.F.);
#2503=ADVANCED_FACE('',(#285),#29,.F.);
#2504=ADVANCED_FACE('',(#286),#30,.F.);
#2505=ADVANCED_FACE('',(#287),#2405,.T.);
#2506=ADVANCED_FACE('',(#288),#31,.T.);
#2507=ADVANCED_FACE('',(#289),#32,.T.);
#2508=ADVANCED_FACE('',(#290),#2406,.F.);
#2509=ADVANCED_FACE('',(#291),#33,.T.);
#2510=ADVANCED_FACE('',(#292),#34,.T.);
#2511=ADVANCED_FACE('',(#293),#19,.F.);
#2512=ADVANCED_FACE('',(#294),#2407,.T.);
#2513=ADVANCED_FACE('',(#295),#2408,.T.);
#2514=ADVANCED_FACE('',(#296),#35,.T.);
#2515=ADVANCED_FACE('',(#297),#36,.T.);
#2516=ADVANCED_FACE('',(#298),#2409,.F.);
#2517=ADVANCED_FACE('',(#299),#37,.T.);
#2518=ADVANCED_FACE('',(#300),#38,.T.);
#2519=ADVANCED_FACE('',(#301),#2410,.T.);
#2520=ADVANCED_FACE('',(#302),#20,.F.);
#2521=ADVANCED_FACE('',(#303),#2411,.T.);
#2522=ADVANCED_FACE('',(#304,#132,#133,#134),#24,.T.);
#2523=ADVANCED_FACE('',(#305,#135,#136,#137,#138),#182,.F.);
#2524=ADVANCED_FACE('',(#306),#183,.T.);
#2525=ADVANCED_FACE('',(#307),#184,.F.);
#2526=ADVANCED_FACE('',(#308),#185,.F.);
#2527=ADVANCED_FACE('',(#309),#186,.F.);
#2528=ADVANCED_FACE('',(#310),#187,.F.);
#2529=ADVANCED_FACE('',(#311),#188,.F.);
#2530=ADVANCED_FACE('',(#312),#189,.F.);
#2531=ADVANCED_FACE('',(#313),#190,.T.);
#2532=ADVANCED_FACE('',(#314),#191,.T.);
#2533=ADVANCED_FACE('',(#315),#192,.T.);
#2534=ADVANCED_FACE('',(#316),#2412,.T.);
#2535=ADVANCED_FACE('',(#317),#193,.T.);
#2536=ADVANCED_FACE('',(#318),#2413,.T.);
#2537=ADVANCED_FACE('',(#319),#2414,.T.);
#2538=ADVANCED_FACE('',(#320),#194,.T.);
#2539=ADVANCED_FACE('',(#321,#139,#140),#195,.T.);
#2540=ADVANCED_FACE('',(#322),#2415,.T.);
#2541=ADVANCED_FACE('',(#323),#196,.T.);
#2542=ADVANCED_FACE('',(#324),#2416,.F.);
#2543=ADVANCED_FACE('',(#325),#197,.T.);
#2544=ADVANCED_FACE('',(#326),#2417,.F.);
#2545=ADVANCED_FACE('',(#327),#198,.T.);
#2546=ADVANCED_FACE('',(#328),#2418,.F.);
#2547=ADVANCED_FACE('',(#329),#199,.T.);
#2548=ADVANCED_FACE('',(#330),#2419,.F.);
#2549=ADVANCED_FACE('',(#331),#200,.T.);
#2550=ADVANCED_FACE('',(#332),#2420,.F.);
#2551=ADVANCED_FACE('',(#333),#201,.T.);
#2552=ADVANCED_FACE('',(#334),#2421,.T.);
#2553=ADVANCED_FACE('',(#335),#2422,.F.);
#2554=ADVANCED_FACE('',(#336),#2423,.T.);
#2555=ADVANCED_FACE('',(#337),#202,.T.);
#2556=ADVANCED_FACE('',(#338),#203,.T.);
#2557=ADVANCED_FACE('',(#339,#141,#142),#204,.T.);
#2558=ADVANCED_FACE('',(#340),#205,.T.);
#2559=CLOSED_SHELL('',(#2424,#2425,#2426,#2427,#2428,#2429,#2430,#2431,
#2432,#2433,#2434,#2435,#2436,#2437,#2438,#2439,#2440,#2441,#2442,#2443,
#2444,#2445,#2446,#2447,#2448,#2449,#2450,#2451,#2452,#2453,#2454,#2455,
#2456,#2457,#2458,#2459,#2460,#2461,#2462,#2463,#2464,#2465,#2466,#2467,
#2468,#2469,#2470,#2471,#2472,#2473,#2474,#2475,#2476,#2477,#2478,#2479,
#2480,#2481,#2482,#2483,#2484,#2485,#2486,#2487,#2488,#2489,#2490,#2491,
#2492,#2493,#2494,#2495,#2496,#2497,#2498,#2499,#2500,#2501,#2502,#2503,
#2504,#2505,#2506,#2507,#2508,#2509,#2510,#2511,#2512,#2513,#2514,#2515,
#2516,#2517,#2518,#2519,#2520,#2521,#2522,#2523,#2524));
#2560=CLOSED_SHELL('',(#2525,#2526,#2527,#2528,#2529,#2530,#2531,#2532,
#2533,#2534,#2535,#2536,#2537,#2538,#2539,#2540,#2541,#2542,#2543,#2544,
#2545,#2546,#2547,#2548,#2549,#2550,#2551,#2552,#2553,#2554,#2555,#2556,
#2557,#2558));
#2561=DERIVED_UNIT_ELEMENT(#2563,1.);
#2562=DERIVED_UNIT_ELEMENT(#5128,-3.);
#2563=(
MASS_UNIT()
NAMED_UNIT(*)
SI_UNIT(.KILO.,.GRAM.)
);
#2564=DERIVED_UNIT((#2561,#2562));
#2565=MEASURE_REPRESENTATION_ITEM('density measure',
POSITIVE_RATIO_MEASURE(7850.),#2564);
#2566=PROPERTY_DEFINITION_REPRESENTATION(#2571,#2568);
#2567=PROPERTY_DEFINITION_REPRESENTATION(#2572,#2569);
#2568=REPRESENTATION('material name',(#2570),#5125);
#2569=REPRESENTATION('density',(#2565),#5125);
#2570=DESCRIPTIVE_REPRESENTATION_ITEM('Steel','Steel');
#2571=PROPERTY_DEFINITION('material property','material name',#5135);
#2572=PROPERTY_DEFINITION('material property','density of part',#5135);
#2573=AXIS2_PLACEMENT_3D('',#3445,#2797,#2798);
#2574=AXIS2_PLACEMENT_3D('',#3446,#2799,#2800);
#2575=AXIS2_PLACEMENT_3D('',#3448,#2801,#2802);
#2576=AXIS2_PLACEMENT_3D('',#3451,#2804,#2805);
#2577=AXIS2_PLACEMENT_3D('',#3452,#2806,#2807);
#2578=AXIS2_PLACEMENT_3D('',#3454,#2808,#2809);
#2579=AXIS2_PLACEMENT_3D('',#3455,#2810,#2811);
#2580=AXIS2_PLACEMENT_3D('',#3457,#2812,#2813);
#2581=AXIS2_PLACEMENT_3D('',#3460,#2815,#2816);
#2582=AXIS2_PLACEMENT_3D('',#3461,#2817,#2818);
#2583=AXIS2_PLACEMENT_3D('',#3463,#2819,#2820);
#2584=AXIS2_PLACEMENT_3D('',#3464,#2821,#2822);
#2585=AXIS2_PLACEMENT_3D('',#3466,#2823,#2824);
#2586=AXIS2_PLACEMENT_3D('',#3469,#2826,#2827);
#2587=AXIS2_PLACEMENT_3D('',#3470,#2828,#2829);
#2588=AXIS2_PLACEMENT_3D('',#3472,#2830,#2831);
#2589=AXIS2_PLACEMENT_3D('',#3473,#2832,#2833);
#2590=AXIS2_PLACEMENT_3D('',#3475,#2834,#2835);
#2591=AXIS2_PLACEMENT_3D('',#3478,#2837,#2838);
#2592=AXIS2_PLACEMENT_3D('',#3479,#2839,#2840);
#2593=AXIS2_PLACEMENT_3D('',#3481,#2841,#2842);
#2594=AXIS2_PLACEMENT_3D('',#3482,#2843,#2844);
#2595=AXIS2_PLACEMENT_3D('',#3528,#2846,#2847);
#2596=AXIS2_PLACEMENT_3D('',#3568,#2849,#2850);
#2597=AXIS2_PLACEMENT_3D('',#3608,#2852,#2853);
#2598=AXIS2_PLACEMENT_3D('',#3648,#2855,#2856);
#2599=AXIS2_PLACEMENT_3D('',#3651,#2857,#2858);
#2600=AXIS2_PLACEMENT_3D('',#3655,#2860,#2861);
#2601=AXIS2_PLACEMENT_3D('',#3657,#2863,#2864);
#2602=AXIS2_PLACEMENT_3D('',#3683,#2878,#2879);
#2603=AXIS2_PLACEMENT_3D('',#3686,#2880,#2881);
#2604=AXIS2_PLACEMENT_3D('',#3690,#2883,#2884);
#2605=AXIS2_PLACEMENT_3D('',#3692,#2886,#2887);
#2606=AXIS2_PLACEMENT_3D('',#3696,#2889,#2890);
#2607=AXIS2_PLACEMENT_3D('',#3698,#2892,#2893);
#2608=AXIS2_PLACEMENT_3D('',#3702,#2895,#2896);
#2609=AXIS2_PLACEMENT_3D('',#3704,#2898,#2899);
#2610=AXIS2_PLACEMENT_3D('',#3725,#2911,#2912);
#2611=AXIS2_PLACEMENT_3D('',#3740,#2916,#2917);
#2612=AXIS2_PLACEMENT_3D('',#3746,#2921,#2922);
#2613=AXIS2_PLACEMENT_3D('',#3750,#2924,#2925);
#2614=AXIS2_PLACEMENT_3D('',#3752,#2927,#2928);
#2615=AXIS2_PLACEMENT_3D('',#3763,#2931,#2932);
#2616=AXIS2_PLACEMENT_3D('',#3771,#2933,#2934);
#2617=AXIS2_PLACEMENT_3D('',#3772,#2935,#2936);
#2618=AXIS2_PLACEMENT_3D('',#3777,#2940,#2941);
#2619=AXIS2_PLACEMENT_3D('',#3787,#2944,#2945);
#2620=AXIS2_PLACEMENT_3D('',#3796,#2947,#2948);
#2621=AXIS2_PLACEMENT_3D('',#3807,#2954,#2955);
#2622=AXIS2_PLACEMENT_3D('',#3808,#2956,#2957);
#2623=AXIS2_PLACEMENT_3D('',#3809,#2958,#2959);
#2624=AXIS2_PLACEMENT_3D('',#3811,#2960,#2961);
#2625=AXIS2_PLACEMENT_3D('',#3815,#2963,#2964);
#2626=AXIS2_PLACEMENT_3D('',#3817,#2965,#2966);
#2627=AXIS2_PLACEMENT_3D('',#3819,#2967,#2968);
#2628=AXIS2_PLACEMENT_3D('',#3822,#2970,#2971);
#2629=AXIS2_PLACEMENT_3D('',#3824,#2972,#2973);
#2630=AXIS2_PLACEMENT_3D('',#3825,#2974,#2975);
#2631=AXIS2_PLACEMENT_3D('',#3830,#2977,#2978);
#2632=AXIS2_PLACEMENT_3D('',#3834,#2980,#2981);
#2633=AXIS2_PLACEMENT_3D('',#3836,#2982,#2983);
#2634=AXIS2_PLACEMENT_3D('',#3838,#2984,#2985);
#2635=AXIS2_PLACEMENT_3D('',#3840,#2986,#2987);
#2636=AXIS2_PLACEMENT_3D('',#3843,#2989,#2990);
#2637=AXIS2_PLACEMENT_3D('',#3845,#2991,#2992);
#2638=AXIS2_PLACEMENT_3D('',#3888,#2993,#2994);
#2639=AXIS2_PLACEMENT_3D('',#3894,#2995,#2996);
#2640=AXIS2_PLACEMENT_3D('',#3896,#2997,#2998);
#2641=AXIS2_PLACEMENT_3D('',#3897,#2999,#3000);
#2642=AXIS2_PLACEMENT_3D('',#3898,#3001,#3002);
#2643=AXIS2_PLACEMENT_3D('',#3901,#3005,#3006);
#2644=AXIS2_PLACEMENT_3D('',#3910,#3008,#3009);
#2645=AXIS2_PLACEMENT_3D('',#3914,#3011,#3012);
#2646=AXIS2_PLACEMENT_3D('',#3916,#3014,#3015);
#2647=AXIS2_PLACEMENT_3D('',#3918,#3016,#3017);
#2648=AXIS2_PLACEMENT_3D('',#3969,#3020,#3021);
#2649=AXIS2_PLACEMENT_3D('',#3990,#3023,#3024);
#2650=AXIS2_PLACEMENT_3D('',#4015,#3026,#3027);
#2651=AXIS2_PLACEMENT_3D('',#4016,#3028,#3029);
#2652=AXIS2_PLACEMENT_3D('',#4019,#3031,#3032);
#2653=AXIS2_PLACEMENT_3D('',#4021,#3034,#3035);
#2654=AXIS2_PLACEMENT_3D('',#4029,#3040,#3041);
#2655=AXIS2_PLACEMENT_3D('',#4030,#3042,#3043);
#2656=AXIS2_PLACEMENT_3D('',#4031,#3044,#3045);
#2657=AXIS2_PLACEMENT_3D('',#4035,#3048,#3049);
#2658=AXIS2_PLACEMENT_3D('',#4036,#3050,#3051);
#2659=AXIS2_PLACEMENT_3D('',#4037,#3052,#3053);
#2660=AXIS2_PLACEMENT_3D('',#4042,#3055,#3056);
#2661=AXIS2_PLACEMENT_3D('',#4089,#3058,#3059);
#2662=AXIS2_PLACEMENT_3D('',#4097,#3060,#3061);
#2663=AXIS2_PLACEMENT_3D('',#4098,#3062,#3063);
#2664=AXIS2_PLACEMENT_3D('',#4100,#3065,#3066);
#2665=AXIS2_PLACEMENT_3D('',#4103,#3067,#3068);
#2666=AXIS2_PLACEMENT_3D('',#4106,#3071,#3072);
#2667=AXIS2_PLACEMENT_3D('',#4107,#3073,#3074);
#2668=AXIS2_PLACEMENT_3D('',#4114,#3075,#3076);
#2669=AXIS2_PLACEMENT_3D('',#4116,#3077,#3078);
#2670=AXIS2_PLACEMENT_3D('',#4118,#3079,#3080);
#2671=AXIS2_PLACEMENT_3D('',#4120,#3081,#3082);
#2672=AXIS2_PLACEMENT_3D('',#4139,#3084,#3085);
#2673=AXIS2_PLACEMENT_3D('',#4183,#3088,#3089);
#2674=AXIS2_PLACEMENT_3D('',#4185,#3091,#3092);
#2675=AXIS2_PLACEMENT_3D('',#4188,#3094,#3095);
#2676=AXIS2_PLACEMENT_3D('',#4189,#3096,#3097);
#2677=AXIS2_PLACEMENT_3D('',#4192,#3098,#3099);
#2678=AXIS2_PLACEMENT_3D('',#4195,#3102,#3103);
#2679=AXIS2_PLACEMENT_3D('',#4208,#3111,#3112);
#2680=AXIS2_PLACEMENT_3D('',#4210,#3113,#3114);
#2681=AXIS2_PLACEMENT_3D('',#4212,#3116,#3117);
#2682=AXIS2_PLACEMENT_3D('',#4214,#3119,#3120);
#2683=AXIS2_PLACEMENT_3D('',#4218,#3123,#3124);
#2684=AXIS2_PLACEMENT_3D('',#4219,#3125,#3126);
#2685=AXIS2_PLACEMENT_3D('',#4220,#3127,#3128);
#2686=AXIS2_PLACEMENT_3D('',#4222,#3130,#3131);
#2687=AXIS2_PLACEMENT_3D('',#4225,#3133,#3134);
#2688=AXIS2_PLACEMENT_3D('',#4226,#3135,#3136);
#2689=AXIS2_PLACEMENT_3D('',#4230,#3139,#3140);
#2690=AXIS2_PLACEMENT_3D('',#4231,#3141,#3142);
#2691=AXIS2_PLACEMENT_3D('',#4242,#3144,#3145);
#2692=AXIS2_PLACEMENT_3D('',#4249,#3146,#3147);
#2693=AXIS2_PLACEMENT_3D('',#4251,#3149,#3150);
#2694=AXIS2_PLACEMENT_3D('',#4252,#3151,#3152);
#2695=AXIS2_PLACEMENT_3D('',#4255,#3154,#3155);
#2696=AXIS2_PLACEMENT_3D('',#4256,#3156,#3157);
#2697=AXIS2_PLACEMENT_3D('',#4258,#3159,#3160);
#2698=AXIS2_PLACEMENT_3D('',#4259,#3161,#3162);
#2699=AXIS2_PLACEMENT_3D('',#4260,#3163,#3164);
#2700=AXIS2_PLACEMENT_3D('',#4261,#3165,#3166);
#2701=AXIS2_PLACEMENT_3D('',#4263,#3168,#3169);
#2702=AXIS2_PLACEMENT_3D('',#4265,#3171,#3172);
#2703=AXIS2_PLACEMENT_3D('',#4266,#3173,#3174);
#2704=AXIS2_PLACEMENT_3D('',#4268,#3175,#3176);
#2705=AXIS2_PLACEMENT_3D('',#4271,#3178,#3179);
#2706=AXIS2_PLACEMENT_3D('',#4272,#3180,#3181);
#2707=AXIS2_PLACEMENT_3D('',#4275,#3184,#3185);
#2708=AXIS2_PLACEMENT_3D('',#4277,#3187,#3188);
#2709=AXIS2_PLACEMENT_3D('',#4278,#3189,#3190);
#2710=AXIS2_PLACEMENT_3D('',#4305,#3191,#3192);
#2711=AXIS2_PLACEMENT_3D('',#4347,#3194,#3195);
#2712=AXIS2_PLACEMENT_3D('',#4349,#3196,#3197);
#2713=AXIS2_PLACEMENT_3D('',#4350,#3198,#3199);
#2714=AXIS2_PLACEMENT_3D('',#4351,#3200,#3201);
#2715=AXIS2_PLACEMENT_3D('',#4399,#3206,#3207);
#2716=AXIS2_PLACEMENT_3D('',#4480,#3208,#3209);
#2717=AXIS2_PLACEMENT_3D('',#4533,#3210,#3211);
#2718=AXIS2_PLACEMENT_3D('',#4570,#3212,#3213);
#2719=AXIS2_PLACEMENT_3D('',#4593,#3214,#3215);
#2720=AXIS2_PLACEMENT_3D('',#4602,#3216,#3217);
#2721=AXIS2_PLACEMENT_3D('',#4604,#3218,#3219);
#2722=AXIS2_PLACEMENT_3D('',#4738,#3222,#3223);
#2723=AXIS2_PLACEMENT_3D('',#4739,#3224,#3225);
#2724=AXIS2_PLACEMENT_3D('',#4838,#3226,#3227);
#2725=AXIS2_PLACEMENT_3D('',#4851,#3228,#3229);
#2726=AXIS2_PLACEMENT_3D('',#4853,#3230,#3231);
#2727=AXIS2_PLACEMENT_3D('',#4872,#3233,#3234);
#2728=AXIS2_PLACEMENT_3D('',#4902,#3235,#3236);
#2729=AXIS2_PLACEMENT_3D('',#4919,#3238,#3239);
#2730=AXIS2_PLACEMENT_3D('',#4921,#3240,#3241);
#2731=AXIS2_PLACEMENT_3D('',#4924,#3243,#3244);
#2732=AXIS2_PLACEMENT_3D('',#4925,#3245,#3246);
#2733=AXIS2_PLACEMENT_3D('',#4926,#3247,#3248);
#2734=AXIS2_PLACEMENT_3D('',#4927,#3249,#3250);
#2735=AXIS2_PLACEMENT_3D('',#4928,#3251,#3252);
#2736=AXIS2_PLACEMENT_3D('',#4930,#3253,#3254);
#2737=AXIS2_PLACEMENT_3D('',#4931,#3255,#3256);
#2738=AXIS2_PLACEMENT_3D('',#4932,#3257,#3258);
#2739=AXIS2_PLACEMENT_3D('',#4933,#3259,#3260);
#2740=AXIS2_PLACEMENT_3D('',#4942,#3265,#3266);
#2741=AXIS2_PLACEMENT_3D('',#4948,#3270,#3271);
#2742=AXIS2_PLACEMENT_3D('',#4954,#3275,#3276);
#2743=AXIS2_PLACEMENT_3D('',#4963,#3281,#3282);
#2744=AXIS2_PLACEMENT_3D('',#4969,#3286,#3287);
#2745=AXIS2_PLACEMENT_3D('',#4975,#3291,#3292);
#2746=AXIS2_PLACEMENT_3D('',#4983,#3297,#3298);
#2747=AXIS2_PLACEMENT_3D('',#4990,#3302,#3303);
#2748=AXIS2_PLACEMENT_3D('',#4994,#3305,#3306);
#2749=AXIS2_PLACEMENT_3D('',#4996,#3308,#3309);
#2750=AXIS2_PLACEMENT_3D('',#5002,#3313,#3314);
#2751=AXIS2_PLACEMENT_3D('',#5005,#3315,#3316);
#2752=AXIS2_PLACEMENT_3D('',#5008,#3319,#3320);
#2753=AXIS2_PLACEMENT_3D('',#5012,#3323,#3324);
#2754=AXIS2_PLACEMENT_3D('',#5014,#3325,#3326);
#2755=AXIS2_PLACEMENT_3D('',#5016,#3328,#3329);
#2756=AXIS2_PLACEMENT_3D('',#5019,#3330,#3331);
#2757=AXIS2_PLACEMENT_3D('',#5023,#3333,#3334);
#2758=AXIS2_PLACEMENT_3D('',#5025,#3336,#3337);
#2759=AXIS2_PLACEMENT_3D('',#5031,#3341,#3342);
#2760=AXIS2_PLACEMENT_3D('',#5035,#3344,#3345);
#2761=AXIS2_PLACEMENT_3D('',#5039,#3347,#3348);
#2762=AXIS2_PLACEMENT_3D('',#5043,#3350,#3351);
#2763=AXIS2_PLACEMENT_3D('',#5046,#3353,#3354);
#2764=AXIS2_PLACEMENT_3D('',#5048,#3355,#3356);
#2765=AXIS2_PLACEMENT_3D('',#5052,#3358,#3359);
#2766=AXIS2_PLACEMENT_3D('',#5055,#3361,#3362);
#2767=AXIS2_PLACEMENT_3D('',#5057,#3363,#3364);
#2768=AXIS2_PLACEMENT_3D('',#5059,#3365,#3366);
#2769=AXIS2_PLACEMENT_3D('',#5060,#3367,#3368);
#2770=AXIS2_PLACEMENT_3D('',#5063,#3369,#3370);
#2771=AXIS2_PLACEMENT_3D('',#5066,#3373,#3374);
#2772=AXIS2_PLACEMENT_3D('',#5070,#3377,#3378);
#2773=AXIS2_PLACEMENT_3D('',#5073,#3380,#3381);
#2774=AXIS2_PLACEMENT_3D('',#5074,#3382,#3383);
#2775=AXIS2_PLACEMENT_3D('',#5078,#3386,#3387);
#2776=AXIS2_PLACEMENT_3D('',#5080,#3388,#3389);
#2777=AXIS2_PLACEMENT_3D('',#5082,#3391,#3392);
#2778=AXIS2_PLACEMENT_3D('',#5084,#3394,#3395);
#2779=AXIS2_PLACEMENT_3D('',#5086,#3396,#3397);
#2780=AXIS2_PLACEMENT_3D('',#5088,#3399,#3400);
#2781=AXIS2_PLACEMENT_3D('',#5092,#3403,#3404);
#2782=AXIS2_PLACEMENT_3D('',#5095,#3406,#3407);
#2783=AXIS2_PLACEMENT_3D('',#5096,#3408,#3409);
#2784=AXIS2_PLACEMENT_3D('',#5100,#3412,#3413);
#2785=AXIS2_PLACEMENT_3D('',#5103,#3415,#3416);
#2786=AXIS2_PLACEMENT_3D('',#5104,#3417,#3418);
#2787=AXIS2_PLACEMENT_3D('',#5108,#3421,#3422);
#2788=AXIS2_PLACEMENT_3D('',#5109,#3423,#3424);
#2789=AXIS2_PLACEMENT_3D('',#5110,#3425,#3426);
#2790=AXIS2_PLACEMENT_3D('',#5113,#3428,#3429);
#2791=AXIS2_PLACEMENT_3D('',#5114,#3430,#3431);
#2792=AXIS2_PLACEMENT_3D('',#5115,#3432,#3433);
#2793=AXIS2_PLACEMENT_3D('',#5116,#3434,#3435);
#2794=AXIS2_PLACEMENT_3D('',#5118,#3437,#3438);
#2795=AXIS2_PLACEMENT_3D('',#5120,#3440,#3441);
#2796=AXIS2_PLACEMENT_3D('',#5122,#3443,#3444);
#2797=DIRECTION('axis',(0.,0.,1.));
#2798=DIRECTION('refdir',(1.,0.,0.));
#2799=DIRECTION('center_axis',(-1.,0.,3.55271367880051E-14));
#2800=DIRECTION('ref_axis',(0.,-1.,8.25948441771534E-45));
#2801=DIRECTION('center_axis',(1.,2.32483818411844E-31,-3.35044492150161E-14));
#2802=DIRECTION('ref_axis',(2.32483818411844E-31,-1.,0.));
#2803=DIRECTION('',(1.,0.,-3.55271367880051E-14));
#2804=DIRECTION('center_axis',(1.,2.32483818411844E-31,-3.35044492150161E-14));
#2805=DIRECTION('ref_axis',(2.32483818411844E-31,-1.,0.));
#2806=DIRECTION('center_axis',(-1.,-2.32483818411844E-31,3.35044492150161E-14));
#2807=DIRECTION('ref_axis',(2.32483818411844E-31,-1.,0.));
#2808=DIRECTION('center_axis',(1.,2.32483818411844E-31,-3.35044492150161E-14));
#2809=DIRECTION('ref_axis',(3.35034391228655E-14,7.78924228729265E-45,1.));
#2810=DIRECTION('center_axis',(-1.,0.,3.55271367880051E-14));
#2811=DIRECTION('ref_axis',(0.,-1.,8.25948441771534E-45));
#2812=DIRECTION('center_axis',(1.,2.32483818411844E-31,-3.35044492150161E-14));
#2813=DIRECTION('ref_axis',(2.32483818411844E-31,-1.,0.));
#2814=DIRECTION('',(1.,0.,-3.55271367880051E-14));
#2815=DIRECTION('center_axis',(1.,2.32483818411844E-31,-3.35044492150161E-14));
#2816=DIRECTION('ref_axis',(2.32483818411844E-31,-1.,0.));
#2817=DIRECTION('center_axis',(-1.,-2.32483818411844E-31,3.35044492150161E-14));
#2818=DIRECTION('ref_axis',(2.32483818411844E-31,-1.,0.));
#2819=DIRECTION('center_axis',(1.,2.32483818411844E-31,-3.35044492150161E-14));
#2820=DIRECTION('ref_axis',(0.,-1.,7.78900745721253E-45));
#2821=DIRECTION('center_axis',(-1.,0.,3.55271367880051E-14));
#2822=DIRECTION('ref_axis',(0.,-1.,8.25948441771534E-45));
#2823=DIRECTION('center_axis',(1.,2.32483818411844E-31,-3.35044492150161E-14));
#2824=DIRECTION('ref_axis',(2.32483818411844E-31,-1.,0.));
#2825=DIRECTION('',(1.,0.,-3.55271367880051E-14));
#2826=DIRECTION('center_axis',(1.,2.32483818411844E-31,-3.35044492150161E-14));
#2827=DIRECTION('ref_axis',(2.32483818411844E-31,-1.,0.));
#2828=DIRECTION('center_axis',(-1.,-2.32483818411844E-31,3.35044492150161E-14));
#2829=DIRECTION('ref_axis',(2.32483818411844E-31,-1.,0.));
#2830=DIRECTION('center_axis',(1.,2.32483818411844E-31,-3.35044492150161E-14));
#2831=DIRECTION('ref_axis',(0.,1.,-7.78900745721253E-45));
#2832=DIRECTION('center_axis',(-1.,0.,3.55271367880051E-14));
#2833=DIRECTION('ref_axis',(0.,-1.,8.25948441771534E-45));
#2834=DIRECTION('center_axis',(1.,2.32483818411844E-31,-3.35044492150161E-14));
#2835=DIRECTION('ref_axis',(2.32483818411844E-31,-1.,0.));
#2836=DIRECTION('',(1.,0.,-3.55271367880051E-14));
#2837=DIRECTION('center_axis',(1.,2.32483818411844E-31,-3.35044492150161E-14));
#2838=DIRECTION('ref_axis',(2.32483818411844E-31,-1.,0.));
#2839=DIRECTION('center_axis',(-1.,-2.32483818411844E-31,3.35044492150161E-14));
#2840=DIRECTION('ref_axis',(2.32483818411844E-31,-1.,0.));
#2841=DIRECTION('center_axis',(1.,2.32483818411844E-31,-3.35044492150161E-14));
#2842=DIRECTION('ref_axis',(0.,-1.,7.78900745721253E-45));
#2843=DIRECTION('center_axis',(-1.,0.,3.35034391228655E-14));
#2844=DIRECTION('ref_axis',(3.35034391228655E-14,7.78924228729265E-45,1.));
#2845=DIRECTION('',(-1.,0.,3.35034391228655E-14));
#2846=DIRECTION('center_axis',(-1.,0.,3.35034391228655E-14));
#2847=DIRECTION('ref_axis',(0.,1.,-7.78900745721253E-45));
#2848=DIRECTION('',(-1.,0.,3.35034391228655E-14));
#2849=DIRECTION('center_axis',(-1.,0.,3.35034391228655E-14));
#2850=DIRECTION('ref_axis',(0.,-1.,7.78900745721253E-45));
#2851=DIRECTION('',(-1.,0.,3.35034391228655E-14));
#2852=DIRECTION('center_axis',(-1.,0.,3.35034391228655E-14));
#2853=DIRECTION('ref_axis',(0.,-1.,7.78900745721253E-45));
#2854=DIRECTION('',(-1.,0.,3.35034391228655E-14));
#2855=DIRECTION('center_axis',(1.,0.,0.));
#2856=DIRECTION('ref_axis',(0.,-0.707106781186547,0.707106781186547));
#2857=DIRECTION('center_axis',(1.,0.,0.));
#2858=DIRECTION('ref_axis',(0.,-0.707106781186547,0.707106781186547));
#2859=DIRECTION('',(-1.,0.,0.));
#2860=DIRECTION('center_axis',(-1.,0.,0.));
#2861=DIRECTION('ref_axis',(0.,-0.707106781186547,0.707106781186547));
#2862=DIRECTION('',(1.,0.,0.));
#2863=DIRECTION('center_axis',(0.,1.,0.));
#2864=DIRECTION('ref_axis',(-1.,0.,0.));
#2865=DIRECTION('',(0.,0.,1.));
#2866=DIRECTION('',(0.,0.,-1.));
#2867=DIRECTION('',(1.,0.,0.));
#2868=DIRECTION('',(0.,0.,1.));
#2869=DIRECTION('',(-1.,0.,0.));
#2870=DIRECTION('',(0.,0.,-1.));
#2871=DIRECTION('',(1.,0.,0.));
#2872=DIRECTION('',(0.,0.,1.));
#2873=DIRECTION('',(-1.,0.,0.));
#2874=DIRECTION('',(0.,0.,1.));
#2875=DIRECTION('',(1.,0.,0.));
#2876=DIRECTION('',(0.,0.,1.));
#2877=DIRECTION('',(1.,0.,0.));
#2878=DIRECTION('center_axis',(1.,0.,0.));
#2879=DIRECTION('ref_axis',(0.,-0.707106781186547,-0.707106781186547));
#2880=DIRECTION('center_axis',(-1.,0.,0.));
#2881=DIRECTION('ref_axis',(0.,-0.707106781186547,-0.707106781186547));
#2882=DIRECTION('',(1.,0.,0.));
#2883=DIRECTION('center_axis',(1.,0.,0.));
#2884=DIRECTION('ref_axis',(0.,-0.707106781186547,-0.707106781186547));
#2885=DIRECTION('',(-1.,0.,0.));
#2886=DIRECTION('center_axis',(0.,0.,-1.));
#2887=DIRECTION('ref_axis',(1.,0.,0.));
#2888=DIRECTION('',(0.,-1.,0.));
#2889=DIRECTION('center_axis',(0.,0.,1.));
#2890=DIRECTION('ref_axis',(-1.,-7.41131187798458E-44,-4.44089209850063E-15));
#2891=DIRECTION('',(0.,1.,0.));
#2892=DIRECTION('center_axis',(0.,0.,-1.));
#2893=DIRECTION('ref_axis',(1.,0.,0.));
#2894=DIRECTION('',(0.,1.,0.));
#2895=DIRECTION('center_axis',(0.,0.,-1.));
#2896=DIRECTION('ref_axis',(-1.,-7.41131187798458E-44,-4.44089209850063E-15));
#2897=DIRECTION('',(0.,1.,0.));
#2898=DIRECTION('center_axis',(0.,0.,1.));
#2899=DIRECTION('ref_axis',(1.,0.,0.));
#2900=DIRECTION('',(0.,-1.,0.));
#2901=DIRECTION('',(1.,0.,0.));
#2902=DIRECTION('',(0.,1.,0.));
#2903=DIRECTION('',(0.,1.,0.));
#2904=DIRECTION('',(1.,0.,0.));
#2905=DIRECTION('',(-0.649652331153471,-0.760231444118737,1.96427974587265E-15));
#2906=DIRECTION('',(0.,-1.,0.));
#2907=DIRECTION('',(-1.,0.,0.));
#2908=DIRECTION('',(0.,-1.,0.));
#2909=DIRECTION('',(1.,0.,0.));
#2910=DIRECTION('',(0.,1.,0.));
#2911=DIRECTION('center_axis',(0.,1.,0.));
#2912=DIRECTION('ref_axis',(-1.,0.,0.));
#2913=DIRECTION('',(0.,0.,1.));
#2914=DIRECTION('',(1.,0.,6.0068977583384E-46));
#2915=DIRECTION('',(0.,0.,1.));
#2916=DIRECTION('center_axis',(1.,0.,0.));
#2917=DIRECTION('ref_axis',(0.,1.,0.));
#2918=DIRECTION('',(0.,0.,1.));
#2919=DIRECTION('',(0.,-1.,2.58379176640036E-15));
#2920=DIRECTION('',(0.,0.,1.));
#2921=DIRECTION('center_axis',(0.,-1.,0.));
#2922=DIRECTION('ref_axis',(1.,0.,0.));
#2923=DIRECTION('',(0.,0.,1.));
#2924=DIRECTION('center_axis',(0.,-1.,0.));
#2925=DIRECTION('ref_axis',(1.,0.,-1.27609891594372E-15));
#2926=DIRECTION('',(-1.,0.,-6.0068977583384E-46));
#2927=DIRECTION('center_axis',(0.,1.,0.));
#2928=DIRECTION('ref_axis',(-1.,0.,0.));
#2929=DIRECTION('',(1.,0.,6.0068977583384E-46));
#2930=DIRECTION('',(0.,0.,1.));
#2931=DIRECTION('center_axis',(-1.,0.,0.));
#2932=DIRECTION('ref_axis',(0.,-1.,0.));
#2933=DIRECTION('center_axis',(-1.,0.,0.));
#2934=DIRECTION('ref_axis',(0.,-1.,1.49330722785795E-15));
#2935=DIRECTION('center_axis',(1.,0.,0.));
#2936=DIRECTION('ref_axis',(0.,1.,0.));
#2937=DIRECTION('',(0.,0.,1.));
#2938=DIRECTION('',(0.,-1.,2.58379176640036E-15));
#2939=DIRECTION('',(-4.44089209850063E-15,6.21724893790088E-15,1.));
#2940=DIRECTION('center_axis',(-1.,0.,0.));
#2941=DIRECTION('ref_axis',(0.,-1.,0.));
#2942=DIRECTION('',(4.44089209850063E-15,-6.21724893790088E-15,-1.));
#2943=DIRECTION('',(0.,0.,1.));
#2944=DIRECTION('center_axis',(0.,-1.,0.));
#2945=DIRECTION('ref_axis',(1.,0.,0.));
#2946=DIRECTION('',(-1.,0.,-6.0068977583384E-46));
#2947=DIRECTION('center_axis',(-6.0068977583384E-46,2.58379176640036E-15,
1.));
#2948=DIRECTION('ref_axis',(-1.,-2.32483818411844E-31,0.));
#2949=DIRECTION('',(-0.649652331153471,-0.760231444118737,1.96427974587265E-15));
#2950=DIRECTION('',(0.,-1.,0.));
#2951=DIRECTION('',(-1.,-8.65493107442481E-29,0.));
#2952=DIRECTION('',(0.,-1.,0.));
#2953=DIRECTION('',(-0.649652331153471,-0.760231444118737,1.96427974587265E-15));
#2954=DIRECTION('center_axis',(6.0068977583384E-46,-2.58379176640036E-15,
-1.));
#2955=DIRECTION('ref_axis',(0.649652331153467,0.760231444118741,-1.96427974587266E-15));
#2956=DIRECTION('center_axis',(6.0068977583384E-46,-2.58379176640036E-15,
-1.));
#2957=DIRECTION('ref_axis',(0.649652331153467,0.760231444118741,-1.96427974587266E-15));
#2958=DIRECTION('center_axis',(1.,0.,0.));
#2959=DIRECTION('ref_axis',(0.,0.,-1.));
#2960=DIRECTION('center_axis',(1.,0.,0.));
#2961=DIRECTION('ref_axis',(0.,0.707106781186554,-0.707106781186541));
#2962=DIRECTION('',(0.,0.,-1.));
#2963=DIRECTION('center_axis',(-1.,0.,0.));
#2964=DIRECTION('ref_axis',(0.,1.,0.));
#2965=DIRECTION('center_axis',(-1.,0.,0.));
#2966=DIRECTION('ref_axis',(0.,0.,1.));
#2967=DIRECTION('center_axis',(-1.,0.,0.));
#2968=DIRECTION('ref_axis',(0.,1.,0.));
#2969=DIRECTION('',(0.,0.,-1.));
#2970=DIRECTION('center_axis',(1.,0.,0.));
#2971=DIRECTION('ref_axis',(0.,-0.707106781186554,0.707106781186541));
#2972=DIRECTION('center_axis',(1.,0.,0.));
#2973=DIRECTION('ref_axis',(0.,-1.,0.));
#2974=DIRECTION('center_axis',(-1.,0.,0.));
#2975=DIRECTION('ref_axis',(0.,-1.,0.));
#2976=DIRECTION('',(0.,0.,1.));
#2977=DIRECTION('center_axis',(1.,0.,0.));
#2978=DIRECTION('ref_axis',(0.,-0.707106781186541,0.707106781186554));
#2979=DIRECTION('',(0.,0.,1.));
#2980=DIRECTION('center_axis',(-1.,0.,0.));
#2981=DIRECTION('ref_axis',(0.,0.768706114785807,0.639602149066832));
#2982=DIRECTION('center_axis',(-1.,0.,0.));
#2983=DIRECTION('ref_axis',(0.,0.,-1.));
#2984=DIRECTION('center_axis',(1.,0.,0.));
#2985=DIRECTION('ref_axis',(-6.32490698832797E-17,-1.,1.49330722785795E-15));
#2986=DIRECTION('center_axis',(1.,0.,0.));
#2987=DIRECTION('ref_axis',(0.,0.,-1.));
#2988=DIRECTION('',(0.,-1.,0.));
#2989=DIRECTION('center_axis',(1.,0.,0.));
#2990=DIRECTION('ref_axis',(0.,0.707106781186541,-0.707106781186554));
#2991=DIRECTION('center_axis',(1.,0.,0.));
#2992=DIRECTION('ref_axis',(0.,-1.,0.));
#2993=DIRECTION('center_axis',(-0.585371029481648,0.797251832771472,-0.147411916024873));
#2994=DIRECTION('ref_axis',(0.,0.181818181816338,0.983332166035974));
#2995=DIRECTION('center_axis',(0.,0.,1.));
#2996=DIRECTION('ref_axis',(1.,0.,0.));
#2997=DIRECTION('center_axis',(-1.,0.,0.));
#2998=DIRECTION('ref_axis',(0.,0.181818181818147,0.98333216603564));
#2999=DIRECTION('center_axis',(4.44089209850063E-15,-6.21724893790088E-15,
-1.));
#3000=DIRECTION('ref_axis',(0.451753951452617,0.892142571199776,-4.44089209850061E-15));
#3001=DIRECTION('center_axis',(-1.,0.,0.));
#3002=DIRECTION('ref_axis',(0.,0.768706114785807,0.639602149066832));
#3003=DIRECTION('',(1.,0.,0.));
#3004=DIRECTION('',(-1.,0.,0.));
#3005=DIRECTION('center_axis',(1.,0.,0.));
#3006=DIRECTION('ref_axis',(0.,0.,-1.));
#3007=DIRECTION('',(1.,0.,0.));
#3008=DIRECTION('center_axis',(4.44089209850063E-15,-6.21724893790088E-15,
-1.));
#3009=DIRECTION('ref_axis',(0.451753951452616,0.892142571199776,-9.95556594172702E-15));
#3010=DIRECTION('',(4.44089209850063E-15,0.,-1.));
#3011=DIRECTION('center_axis',(4.44089209850061E-15,-6.09474158335805E-15,
-1.));
#3012=DIRECTION('ref_axis',(0.451753951452616,0.892142571199776,-9.95556594172702E-15));
#3013=DIRECTION('',(-4.44089209850063E-15,6.21724893790088E-15,1.));
#3014=DIRECTION('center_axis',(-4.44089209850063E-15,6.21724893790088E-15,
1.));
#3015=DIRECTION('ref_axis',(0.922291657903953,0.386494628372476,1.69286441834554E-15));
#3016=DIRECTION('center_axis',(4.44089209850061E-15,-6.09474158335805E-15,
-1.));
#3017=DIRECTION('ref_axis',(-1.,0.,-4.44089209850061E-15));
#3018=DIRECTION('',(4.44089209850063E-15,-6.21724893790088E-15,-1.));
#3019=DIRECTION('',(4.44089209850063E-15,-6.21724893790088E-15,-1.));
#3020=DIRECTION('center_axis',(0.,7.88860905221012E-31,-1.));
#3021=DIRECTION('ref_axis',(-0.974956628232411,0.222395083276788,0.));
#3022=DIRECTION('',(4.44089209850063E-15,-6.21724893790088E-15,-1.));
#3023=DIRECTION('center_axis',(-6.0068977583384E-46,2.58379176640036E-15,
1.));
#3024=DIRECTION('ref_axis',(0.649652331153467,0.760231444118741,-1.97372982155583E-15));
#3025=DIRECTION('',(-4.44089209850063E-15,6.21724893790088E-15,1.));
#3026=DIRECTION('center_axis',(-3.10862446895046E-14,2.9148401117378E-14,
1.));
#3027=DIRECTION('ref_axis',(-1.,-7.41131187798458E-44,-4.44089209850063E-15));
#3028=DIRECTION('center_axis',(-1.,0.,0.));
#3029=DIRECTION('ref_axis',(0.,1.,0.));
#3030=DIRECTION('',(1.,0.,0.));
#3031=DIRECTION('center_axis',(-0.707106781186551,3.14018491736755E-15,
0.707106781186544));
#3032=DIRECTION('ref_axis',(-0.707106781186544,0.,-0.707106781186551));
#3033=DIRECTION('',(-1.,0.,0.));
#3034=DIRECTION('center_axis',(0.,1.,0.));
#3035=DIRECTION('ref_axis',(-1.,0.,0.));
#3036=DIRECTION('',(-4.44089209850063E-15,0.,1.));
#3037=DIRECTION('',(-1.,0.,0.));
#3038=DIRECTION('',(0.,0.,1.));
#3039=DIRECTION('',(-1.,0.,0.));
#3040=DIRECTION('center_axis',(-4.44089209850063E-15,6.21724893790088E-15,
1.));
#3041=DIRECTION('ref_axis',(0.451753951452644,-0.892142571199762,9.9555659417272E-15));
#3042=DIRECTION('center_axis',(4.44089209850061E-15,-6.09474158335805E-15,
-1.));
#3043=DIRECTION('ref_axis',(0.451753951452644,-0.892142571199762,9.9555659417272E-15));
#3044=DIRECTION('center_axis',(1.,0.,0.));
#3045=DIRECTION('ref_axis',(0.,1.,0.));
#3046=DIRECTION('',(-1.,0.,0.));
#3047=DIRECTION('',(1.,0.,0.));
#3048=DIRECTION('center_axis',(-0.707106781186548,-3.14018491736756E-15,
-0.707106781186548));
#3049=DIRECTION('ref_axis',(-0.707106781186548,0.,0.707106781186548));
#3050=DIRECTION('center_axis',(1.,0.,0.));
#3051=DIRECTION('ref_axis',(0.,0.,1.));
#3052=DIRECTION('center_axis',(-0.649652331153471,-0.760231444118737,1.96427974587265E-15));
#3053=DIRECTION('ref_axis',(0.555836712474581,-0.474987740632563,-0.682225912227191));
#3054=DIRECTION('',(-0.649652331153471,-0.760231444118737,-7.88860905221012E-31));
#3055=DIRECTION('center_axis',(-1.,0.,0.));
#3056=DIRECTION('ref_axis',(3.07538476803994E-17,-1.,2.65964247417696E-15));
#3057=DIRECTION('',(0.649652331153471,0.760231444118737,-1.96427974587265E-15));
#3058=DIRECTION('center_axis',(0.,0.,1.));
#3059=DIRECTION('ref_axis',(0.,-1.,0.));
#3060=DIRECTION('center_axis',(0.428571428571408,0.903507902905261,0.));
#3061=DIRECTION('ref_axis',(0.903507902905261,-0.428571428571408,0.));
#3062=DIRECTION('center_axis',(-4.44089209850063E-15,6.21724893790088E-15,
1.));
#3063=DIRECTION('ref_axis',(0.451753951452644,-0.892142571199762,9.9555659417272E-15));
#3064=DIRECTION('',(-4.44089209850063E-15,0.,1.));
#3065=DIRECTION('center_axis',(-1.,0.,0.));
#3066=DIRECTION('ref_axis',(0.,0.707106781186544,0.707106781186551));
#3067=DIRECTION('center_axis',(1.,0.,0.));
#3068=DIRECTION('ref_axis',(0.,0.707106781186544,0.707106781186551));
#3069=DIRECTION('',(1.,0.,0.));
#3070=DIRECTION('',(-1.,0.,0.));
#3071=DIRECTION('center_axis',(0.,-7.88860905221012E-31,1.));
#3072=DIRECTION('ref_axis',(-0.987376958187736,0.158387949162599,0.));
#3073=DIRECTION('center_axis',(0.,-7.88860905221012E-31,1.));
#3074=DIRECTION('ref_axis',(-0.97495662823241,0.222395083276788,1.75438786710429E-31));
#3075=DIRECTION('center_axis',(-1.,0.,0.));
#3076=DIRECTION('ref_axis',(-6.32490698832797E-17,-1.,1.49330722785795E-15));
#3077=DIRECTION('center_axis',(0.,-1.,-3.80494942740276E-15));
#3078=DIRECTION('ref_axis',(1.,0.,-1.27609891594372E-15));
#3079=DIRECTION('center_axis',(-1.,0.,0.));
#3080=DIRECTION('ref_axis',(-6.32490698832797E-17,-1.,1.49330722785795E-15));
#3081=DIRECTION('center_axis',(-1.,0.,0.));
#3082=DIRECTION('ref_axis',(-6.32490698832797E-17,-1.,1.49330722785795E-15));
#3083=DIRECTION('',(-0.649652331153471,-0.760231444118737,1.96427974587265E-15));
#3084=DIRECTION('center_axis',(-1.,0.,0.));
#3085=DIRECTION('ref_axis',(-6.32490698832797E-17,-1.,1.49330722785795E-15));
#3086=DIRECTION('',(-0.649652331153471,-0.760231444118737,1.96427974587265E-15));
#3087=DIRECTION('',(-0.649652331153471,-0.760231444118737,1.96427974587265E-15));
#3088=DIRECTION('center_axis',(0.,7.88860905221012E-31,-1.));
#3089=DIRECTION('ref_axis',(1.,0.,0.));
#3090=DIRECTION('',(0.,-1.,0.));
#3091=DIRECTION('center_axis',(-1.,0.,0.));
#3092=DIRECTION('ref_axis',(0.,-1.,0.));
#3093=DIRECTION('',(0.,0.,1.));
#3094=DIRECTION('center_axis',(1.,0.,0.));
#3095=DIRECTION('ref_axis',(0.,-0.707106781186554,-0.707106781186541));
#3096=DIRECTION('center_axis',(1.,0.,0.));
#3097=DIRECTION('ref_axis',(0.,0.707106781186554,0.707106781186541));
#3098=DIRECTION('center_axis',(1.,0.,0.));
#3099=DIRECTION('ref_axis',(0.,-0.707106781186541,0.707106781186554));
#3100=DIRECTION('',(1.,0.,0.));
#3101=DIRECTION('',(-1.,0.,0.));
#3102=DIRECTION('center_axis',(0.,-1.,0.));
#3103=DIRECTION('ref_axis',(1.,0.,0.));
#3104=DIRECTION('',(0.,0.,1.));
#3105=DIRECTION('',(1.,0.,0.));
#3106=DIRECTION('',(0.,0.,1.));
#3107=DIRECTION('',(1.,0.,0.));
#3108=DIRECTION('',(0.,0.,1.));
#3109=DIRECTION('',(0.,0.,1.));
#3110=DIRECTION('',(1.,0.,0.));
#3111=DIRECTION('center_axis',(-1.,0.,0.));
#3112=DIRECTION('ref_axis',(0.,0.707106781186541,-0.707106781186554));
#3113=DIRECTION('center_axis',(1.,0.,0.));
#3114=DIRECTION('ref_axis',(0.,0.707106781186541,-0.707106781186554));
#3115=DIRECTION('',(-1.,0.,0.));
#3116=DIRECTION('center_axis',(-1.,0.,0.));
#3117=DIRECTION('ref_axis',(0.,-1.,0.));
#3118=DIRECTION('',(0.,-1.,0.));
#3119=DIRECTION('center_axis',(0.,0.,1.));
#3120=DIRECTION('ref_axis',(0.,-1.,0.));
#3121=DIRECTION('',(1.,0.,0.));
#3122=DIRECTION('',(0.,-1.,0.));
#3123=DIRECTION('center_axis',(-1.,0.,0.));
#3124=DIRECTION('ref_axis',(0.,-0.707106781186554,0.707106781186541));
#3125=DIRECTION('center_axis',(1.,0.,0.));
#3126=DIRECTION('ref_axis',(0.,0.707106781186554,0.707106781186541));
#3127=DIRECTION('center_axis',(1.,0.,0.));
#3128=DIRECTION('ref_axis',(0.,-0.707106781186554,-0.707106781186541));
#3129=DIRECTION('',(1.,0.,0.));
#3130=DIRECTION('center_axis',(1.,0.,0.));
#3131=DIRECTION('ref_axis',(0.,-1.,0.));
#3132=DIRECTION('',(1.,0.,0.));
#3133=DIRECTION('center_axis',(1.,0.,0.));
#3134=DIRECTION('ref_axis',(0.,-1.,0.));
#3135=DIRECTION('center_axis',(0.,-1.,0.));
#3136=DIRECTION('ref_axis',(1.,0.,0.));
#3137=DIRECTION('',(0.,0.,1.));
#3138=DIRECTION('',(1.,0.,0.));
#3139=DIRECTION('center_axis',(0.,1.,0.));
#3140=DIRECTION('ref_axis',(-1.,0.,0.));
#3141=DIRECTION('center_axis',(1.,0.,0.));
#3142=DIRECTION('ref_axis',(0.,-1.,0.));
#3143=DIRECTION('',(1.,0.,0.));
#3144=DIRECTION('center_axis',(1.,0.,0.));
#3145=DIRECTION('ref_axis',(0.,-1.,0.));
#3146=DIRECTION('center_axis',(-1.,0.,0.));
#3147=DIRECTION('ref_axis',(0.,-1.,0.));
#3148=DIRECTION('',(-4.44089209850063E-15,6.21724893790088E-15,1.));
#3149=DIRECTION('center_axis',(-1.,0.,0.));
#3150=DIRECTION('ref_axis',(0.,-1.,0.));
#3151=DIRECTION('center_axis',(-1.,0.,0.));
#3152=DIRECTION('ref_axis',(0.,0.,-1.));
#3153=DIRECTION('',(-1.,0.,0.));
#3154=DIRECTION('center_axis',(-1.,0.,0.));
#3155=DIRECTION('ref_axis',(0.,0.,-1.));
#3156=DIRECTION('center_axis',(0.,0.,1.));
#3157=DIRECTION('ref_axis',(0.,1.,0.));
#3158=DIRECTION('',(0.,1.,0.));
#3159=DIRECTION('center_axis',(-1.,0.,0.));
#3160=DIRECTION('ref_axis',(0.,-1.,0.));
#3161=DIRECTION('center_axis',(-1.,0.,0.));
#3162=DIRECTION('ref_axis',(0.,0.,-1.));
#3163=DIRECTION('center_axis',(1.,0.,0.));
#3164=DIRECTION('ref_axis',(0.,0.,-1.));
#3165=DIRECTION('center_axis',(-1.,0.,0.));
#3166=DIRECTION('ref_axis',(0.,-1.,0.));
#3167=DIRECTION('',(0.,-1.,0.));
#3168=DIRECTION('center_axis',(-1.,0.,0.));
#3169=DIRECTION('ref_axis',(0.,-1.,0.));
#3170=DIRECTION('',(0.,-1.,0.));
#3171=DIRECTION('center_axis',(-4.44089209850063E-15,6.21724893790088E-15,
1.));
#3172=DIRECTION('ref_axis',(-1.,-7.41131187798458E-44,-4.44089209850063E-15));
#3173=DIRECTION('center_axis',(0.,0.,1.));
#3174=DIRECTION('ref_axis',(1.,0.,0.));
#3175=DIRECTION('center_axis',(0.,0.,-1.));
#3176=DIRECTION('ref_axis',(1.,0.,0.));
#3177=DIRECTION('',(0.,0.,-1.));
#3178=DIRECTION('center_axis',(0.,0.,1.));
#3179=DIRECTION('ref_axis',(1.,0.,0.));
#3180=DIRECTION('center_axis',(-1.,0.,0.));
#3181=DIRECTION('ref_axis',(0.,-1.,0.));
#3182=DIRECTION('',(0.,-1.,0.));
#3183=DIRECTION('',(0.,-1.,0.));
#3184=DIRECTION('center_axis',(0.,0.,-1.));
#3185=DIRECTION('ref_axis',(1.,0.,0.));
#3186=DIRECTION('',(0.,-1.,0.));
#3187=DIRECTION('center_axis',(1.,0.,0.));
#3188=DIRECTION('ref_axis',(0.,1.,0.));
#3189=DIRECTION('center_axis',(-6.0068977583384E-46,2.58379176640036E-15,
1.));
#3190=DIRECTION('ref_axis',(0.702281395256456,0.711899460511557,-1.8947806286936E-15));
#3191=DIRECTION('center_axis',(4.44089209850061E-15,-6.09474158335805E-15,
-1.));
#3192=DIRECTION('ref_axis',(-1.,0.,-4.44089209850061E-15));
#3193=DIRECTION('',(-0.649652331153471,-0.760231444118737,1.96427974587265E-15));
#3194=DIRECTION('center_axis',(-0.760231444118737,0.649652331153471,-8.10265395172466E-15));
#3195=DIRECTION('ref_axis',(1.06581410364015E-14,2.47784532531458E-45,-1.));
#3196=DIRECTION('center_axis',(0.760231444118737,-0.649652331153471,8.10265395172466E-15));
#3197=DIRECTION('ref_axis',(0.,-1.24722925835396E-14,-1.));
#3198=DIRECTION('center_axis',(0.760231444118737,-0.649652331153471,8.10265395172466E-15));
#3199=DIRECTION('ref_axis',(0.,-1.24722925835396E-14,-1.));
#3200=DIRECTION('center_axis',(3.10862446895046E-14,-2.9148401117378E-14,
-1.));
#3201=DIRECTION('ref_axis',(1.,2.32483818411844E-31,3.10862446895046E-14));
#3202=DIRECTION('',(-0.649652331153471,-0.760231444118737,1.96427974587265E-15));
#3203=DIRECTION('',(0.,-1.,0.));
#3204=DIRECTION('',(1.,1.88249874974001E-27,3.10862446895046E-14));
#3205=DIRECTION('',(0.,-1.,0.));
#3206=DIRECTION('center_axis',(-0.875445886111266,-0.166048123645633,0.453897038021426));
#3207=DIRECTION('ref_axis',(-0.479900457301124,0.410096758321663,-0.775574754550608));
#3208=DIRECTION('center_axis',(0.875445913882605,0.166048136199147,0.45389697986552));
#3209=DIRECTION('ref_axis',(-0.479900413608224,0.410096720984099,0.775574801329147));
#3210=DIRECTION('center_axis',(0.,-1.,0.));
#3211=DIRECTION('ref_axis',(-1.1842378929335E-15,0.,1.));
#3212=DIRECTION('center_axis',(0.997603399492296,-0.062880262471299,-0.0288709181176247));
#3213=DIRECTION('ref_axis',(0.0289281646924984,0.,0.999581493069737));
#3214=DIRECTION('center_axis',(1.,6.82233816091472E-14,0.));
#3215=DIRECTION('ref_axis',(0.,0.,1.));
#3216=DIRECTION('center_axis',(1.,0.,-3.34970146858333E-14));
#3217=DIRECTION('ref_axis',(3.27268653888532E-14,-0.213200711590233,0.977008421958285));
#3218=DIRECTION('center_axis',(1.,1.37997294930369E-13,3.19744231092114E-14));
#3219=DIRECTION('ref_axis',(-3.19744231092153E-14,2.84217094304136E-14,
1.));
#3220=DIRECTION('',(-1.,0.,3.34970146858333E-14));
#3221=DIRECTION('',(-0.649652331153471,-0.760231444118737,1.96427974587265E-15));
#3222=DIRECTION('center_axis',(0.,-1.,0.));
#3223=DIRECTION('ref_axis',(2.29246744302006E-62,0.,-1.));
#3224=DIRECTION('center_axis',(0.,-1.,0.));
#3225=DIRECTION('ref_axis',(-0.846945385544993,0.,-0.531679897968734));
#3226=DIRECTION('center_axis',(-1.,6.12459877699701E-14,7.10542735760098E-15));
#3227=DIRECTION('ref_axis',(-7.10542735760098E-15,0.,-1.));
#3228=DIRECTION('center_axis',(-1.,0.,3.34970146858333E-14));
#3229=DIRECTION('ref_axis',(-3.27268654585198E-14,-0.213200721121021,-0.977008419878497));
#3230=DIRECTION('center_axis',(-1.,6.82233787045385E-14,-1.21189065368773E-28));
#3231=DIRECTION('ref_axis',(0.,-1.77635683939985E-15,-1.));
#3232=DIRECTION('',(1.,0.,-3.34970146858333E-14));
#3233=DIRECTION('center_axis',(-0.997603399694166,0.0628802592659423,-0.0288709181234491));
#3234=DIRECTION('ref_axis',(0.0289281646924806,0.,-0.999581493069737));
#3235=DIRECTION('center_axis',(0.,-1.,0.));
#3236=DIRECTION('ref_axis',(0.525800254209141,0.,0.850608072306866));
#3237=DIRECTION('',(-0.649652331153471,-0.760231444118737,1.96427974587265E-15));
#3238=DIRECTION('center_axis',(-1.,0.,3.34970146858333E-14));
#3239=DIRECTION('ref_axis',(0.,-1.,7.78751387956015E-45));
#3240=DIRECTION('center_axis',(-0.760231444118737,0.649652331153471,0.));
#3241=DIRECTION('ref_axis',(-0.649652331153471,-0.760231444118737,2.17614136773337E-14));
#3242=DIRECTION('',(1.,0.,-3.34970146858333E-14));
#3243=DIRECTION('center_axis',(-1.,-2.32483818411844E-31,3.35044492150161E-14));
#3244=DIRECTION('ref_axis',(2.32483818411844E-31,-1.,0.));
#3245=DIRECTION('center_axis',(-0.760231444118737,0.649652331153471,0.));
#3246=DIRECTION('ref_axis',(-0.649652331153471,-0.760231444118737,2.17614136773337E-14));
#3247=DIRECTION('center_axis',(-1.,-2.32483818411844E-31,3.35044492150161E-14));
#3248=DIRECTION('ref_axis',(2.32483818411844E-31,-1.,0.));
#3249=DIRECTION('center_axis',(1.,0.,0.));
#3250=DIRECTION('ref_axis',(0.,-1.,0.));
#3251=DIRECTION('center_axis',(0.,0.,1.));
#3252=DIRECTION('ref_axis',(0.,1.,0.));
#3253=DIRECTION('center_axis',(0.,0.,1.));
#3254=DIRECTION('ref_axis',(0.,1.,0.));
#3255=DIRECTION('center_axis',(-1.,-2.32483818411844E-31,3.35044492150161E-14));
#3256=DIRECTION('ref_axis',(2.32483818411844E-31,-1.,0.));
#3257=DIRECTION('center_axis',(0.760231444118737,-0.649652331153471,0.));
#3258=DIRECTION('ref_axis',(0.,0.,1.));
#3259=DIRECTION('center_axis',(-1.,0.,0.));
#3260=DIRECTION('ref_axis',(0.,-1.,0.));
#3261=DIRECTION('',(0.,-1.,0.));
#3262=DIRECTION('',(0.,0.,1.));
#3263=DIRECTION('',(0.,1.,0.));
#3264=DIRECTION('',(0.,0.,1.));
#3265=DIRECTION('center_axis',(0.,1.,0.));
#3266=DIRECTION('ref_axis',(-1.,0.,0.));
#3267=DIRECTION('',(-1.,0.,0.));
#3268=DIRECTION('',(0.,0.,1.));
#3269=DIRECTION('',(1.,0.,0.));
#3270=DIRECTION('center_axis',(1.,0.,0.));
#3271=DIRECTION('ref_axis',(0.,1.,0.));
#3272=DIRECTION('',(0.,1.,0.));
#3273=DIRECTION('',(0.,0.,-1.));
#3274=DIRECTION('',(0.,-1.,0.));
#3275=DIRECTION('center_axis',(0.,-1.,0.));
#3276=DIRECTION('ref_axis',(1.,0.,0.));
#3277=DIRECTION('',(-1.,0.,0.));
#3278=DIRECTION('',(0.,0.,1.));
#3279=DIRECTION('',(1.,0.,0.));
#3280=DIRECTION('',(0.,0.,1.));
#3281=DIRECTION('center_axis',(-1.,0.,0.));
#3282=DIRECTION('ref_axis',(0.,-1.,0.));
#3283=DIRECTION('',(0.,1.,0.));
#3284=DIRECTION('',(0.,-1.,0.));
#3285=DIRECTION('',(0.,0.,-1.));
#3286=DIRECTION('center_axis',(1.,0.,0.));
#3287=DIRECTION('ref_axis',(0.,1.,0.));
#3288=DIRECTION('',(0.,-1.,0.));
#3289=DIRECTION('',(0.,0.,1.));
#3290=DIRECTION('',(0.,1.,0.));
#3291=DIRECTION('center_axis',(0.,-1.,0.));
#3292=DIRECTION('ref_axis',(1.,0.,0.));
#3293=DIRECTION('',(1.,0.,0.));
#3294=DIRECTION('',(0.,0.,1.));
#3295=DIRECTION('',(-1.,0.,0.));
#3296=DIRECTION('',(1.,0.,0.));
#3297=DIRECTION('center_axis',(0.,0.,-1.));
#3298=DIRECTION('ref_axis',(1.,0.,0.));
#3299=DIRECTION('',(0.,1.,0.));
#3300=DIRECTION('',(-1.,0.,0.));
#3301=DIRECTION('',(-1.,0.,0.));
#3302=DIRECTION('center_axis',(0.,0.,1.));
#3303=DIRECTION('ref_axis',(0.707106781186541,0.707106781186554,0.));
#3304=DIRECTION('',(0.,1.,0.));
#3305=DIRECTION('center_axis',(0.,0.,1.));
#3306=DIRECTION('ref_axis',(0.707106781186541,-0.707106781186554,0.));
#3307=DIRECTION('',(1.,0.,0.));
#3308=DIRECTION('center_axis',(0.,1.,0.));
#3309=DIRECTION('ref_axis',(-1.,0.,0.));
#3310=DIRECTION('',(1.,0.,0.));
#3311=DIRECTION('',(0.,0.,1.));
#3312=DIRECTION('',(-1.,0.,0.));
#3313=DIRECTION('center_axis',(0.,0.,1.));
#3314=DIRECTION('ref_axis',(0.707106781186541,-0.707106781186554,0.));
#3315=DIRECTION('center_axis',(0.,0.,-1.));
#3316=DIRECTION('ref_axis',(0.707106781186541,-0.707106781186554,0.));
#3317=DIRECTION('',(0.,0.,-1.));
#3318=DIRECTION('',(0.,0.,1.));
#3319=DIRECTION('center_axis',(1.,0.,0.));
#3320=DIRECTION('ref_axis',(0.,1.,0.));
#3321=DIRECTION('',(0.,0.,-1.));
#3322=DIRECTION('',(0.,1.,0.));
#3323=DIRECTION('center_axis',(0.,0.,1.));
#3324=DIRECTION('ref_axis',(0.707106781186541,0.707106781186554,0.));
#3325=DIRECTION('center_axis',(0.,0.,-1.));
#3326=DIRECTION('ref_axis',(0.707106781186541,0.707106781186554,0.));
#3327=DIRECTION('',(0.,0.,1.));
#3328=DIRECTION('center_axis',(-1.,0.,0.));
#3329=DIRECTION('ref_axis',(0.,-0.707106781186541,-0.707106781186554));
#3330=DIRECTION('center_axis',(1.,0.,0.));
#3331=DIRECTION('ref_axis',(0.,-0.707106781186541,-0.707106781186554));
#3332=DIRECTION('',(1.,0.,0.));
#3333=DIRECTION('center_axis',(-1.,0.,0.));
#3334=DIRECTION('ref_axis',(0.,-0.707106781186541,-0.707106781186554));
#3335=DIRECTION('',(-1.,0.,0.));
#3336=DIRECTION('center_axis',(0.,-1.,0.));
#3337=DIRECTION('ref_axis',(1.,0.,0.));
#3338=DIRECTION('',(0.,0.,1.));
#3339=DIRECTION('',(1.,0.,0.));
#3340=DIRECTION('',(0.,0.,1.));
#3341=DIRECTION('center_axis',(1.,0.,0.));
#3342=DIRECTION('ref_axis',(0.,1.,0.));
#3343=DIRECTION('',(0.,-1.,0.));
#3344=DIRECTION('center_axis',(-1.,0.,0.));
#3345=DIRECTION('ref_axis',(0.,0.707106781186554,-0.707106781186541));
#3346=DIRECTION('',(0.,0.,1.));
#3347=DIRECTION('center_axis',(1.,0.,0.));
#3348=DIRECTION('ref_axis',(0.,-0.707106781186554,0.707106781186541));
#3349=DIRECTION('',(0.,1.,0.));
#3350=DIRECTION('center_axis',(1.,0.,0.));
#3351=DIRECTION('ref_axis',(0.,0.,1.));
#3352=DIRECTION('',(0.,-1.,0.));
#3353=DIRECTION('center_axis',(1.,0.,0.));
#3354=DIRECTION('ref_axis',(0.,-0.707106781186554,-0.707106781186541));
#3355=DIRECTION('center_axis',(1.,0.,0.));
#3356=DIRECTION('ref_axis',(0.,0.707106781186541,-0.707106781186554));
#3357=DIRECTION('',(0.,-1.,0.));
#3358=DIRECTION('center_axis',(1.,0.,0.));
#3359=DIRECTION('ref_axis',(0.,0.,-1.));
#3360=DIRECTION('',(0.,1.,0.));
#3361=DIRECTION('center_axis',(1.,0.,0.));
#3362=DIRECTION('ref_axis',(0.,0.707106781186541,0.707106781186554));
#3363=DIRECTION('center_axis',(-1.,0.,0.));
#3364=DIRECTION('ref_axis',(0.,-1.,0.));
#3365=DIRECTION('center_axis',(-1.,0.,0.));
#3366=DIRECTION('ref_axis',(0.,-1.,0.));
#3367=DIRECTION('center_axis',(-1.,0.,0.));
#3368=DIRECTION('ref_axis',(0.,0.707106781186554,-0.707106781186541));
#3369=DIRECTION('center_axis',(1.,0.,0.));
#3370=DIRECTION('ref_axis',(0.,0.707106781186554,-0.707106781186541));
#3371=DIRECTION('',(1.,0.,0.));
#3372=DIRECTION('',(-1.,0.,0.));
#3373=DIRECTION('center_axis',(0.,1.,0.));
#3374=DIRECTION('ref_axis',(-1.,0.,0.));
#3375=DIRECTION('',(0.,0.,1.));
#3376=DIRECTION('',(-1.,0.,0.));
#3377=DIRECTION('center_axis',(-1.,0.,0.));
#3378=DIRECTION('ref_axis',(0.,0.707106781186541,0.707106781186554));
#3379=DIRECTION('',(-1.,0.,0.));
#3380=DIRECTION('center_axis',(-1.,0.,0.));
#3381=DIRECTION('ref_axis',(0.,0.707106781186541,0.707106781186554));
#3382=DIRECTION('center_axis',(0.,0.,-1.));
#3383=DIRECTION('ref_axis',(0.,1.,0.));
#3384=DIRECTION('',(1.,0.,0.));
#3385=DIRECTION('',(0.,1.,0.));
#3386=DIRECTION('center_axis',(1.,0.,0.));
#3387=DIRECTION('ref_axis',(0.,0.707106781186541,-0.707106781186554));
#3388=DIRECTION('center_axis',(-1.,0.,0.));
#3389=DIRECTION('ref_axis',(0.,0.707106781186541,-0.707106781186554));
#3390=DIRECTION('',(1.,0.,0.));
#3391=DIRECTION('center_axis',(0.,-1.,0.));
#3392=DIRECTION('ref_axis',(1.,0.,0.));
#3393=DIRECTION('',(1.,0.,0.));
#3394=DIRECTION('center_axis',(1.,0.,0.));
#3395=DIRECTION('ref_axis',(0.,-0.707106781186554,0.707106781186541));
#3396=DIRECTION('center_axis',(-1.,0.,0.));
#3397=DIRECTION('ref_axis',(0.,-0.707106781186554,0.707106781186541));
#3398=DIRECTION('',(1.,0.,0.));
#3399=DIRECTION('center_axis',(0.,0.,-1.));
#3400=DIRECTION('ref_axis',(0.,1.,0.));
#3401=DIRECTION('',(0.,-1.,0.));
#3402=DIRECTION('',(1.,0.,0.));
#3403=DIRECTION('center_axis',(-1.,0.,0.));
#3404=DIRECTION('ref_axis',(0.,-0.707106781186554,-0.707106781186541));
#3405=DIRECTION('',(-1.,0.,0.));
#3406=DIRECTION('center_axis',(-1.,0.,0.));
#3407=DIRECTION('ref_axis',(0.,-0.707106781186554,-0.707106781186541));
#3408=DIRECTION('center_axis',(0.,0.,1.));
#3409=DIRECTION('ref_axis',(0.,-1.,0.));
#3410=DIRECTION('',(1.,0.,0.));
#3411=DIRECTION('',(0.,1.,0.));
#3412=DIRECTION('center_axis',(1.,0.,0.));
#3413=DIRECTION('ref_axis',(0.,-1.,0.));
#3414=DIRECTION('',(-1.,0.,0.));
#3415=DIRECTION('center_axis',(1.,0.,0.));
#3416=DIRECTION('ref_axis',(0.,-1.,0.));
#3417=DIRECTION('center_axis',(0.,0.,1.));
#3418=DIRECTION('ref_axis',(0.,-1.,0.));
#3419=DIRECTION('',(0.,-1.,0.));
#3420=DIRECTION('',(1.,0.,0.));
#3421=DIRECTION('center_axis',(1.,0.,0.));
#3422=DIRECTION('ref_axis',(0.,0.,-1.));
#3423=DIRECTION('center_axis',(-1.,0.,0.));
#3424=DIRECTION('ref_axis',(0.,0.,-1.));
#3425=DIRECTION('center_axis',(1.,0.,0.));
#3426=DIRECTION('ref_axis',(0.,-1.,0.));
#3427=DIRECTION('',(-1.,0.,0.));
#3428=DIRECTION('center_axis',(1.,0.,0.));
#3429=DIRECTION('ref_axis',(0.,-1.,0.));
#3430=DIRECTION('center_axis',(1.,0.,0.));
#3431=DIRECTION('ref_axis',(0.,0.,1.));
#3432=DIRECTION('center_axis',(-1.,0.,0.));
#3433=DIRECTION('ref_axis',(0.,0.,1.));
#3434=DIRECTION('center_axis',(0.,1.,0.));
#3435=DIRECTION('ref_axis',(-1.,0.,0.));
#3436=DIRECTION('',(-1.,0.,0.));
#3437=DIRECTION('center_axis',(0.,0.,-1.));
#3438=DIRECTION('ref_axis',(1.,0.,0.));
#3439=DIRECTION('',(0.,-1.,0.));
#3440=DIRECTION('center_axis',(-1.,0.,0.));
#3441=DIRECTION('ref_axis',(0.,-1.,0.));
#3442=DIRECTION('',(0.,-1.,0.));
#3443=DIRECTION('center_axis',(0.,0.,1.));
#3444=DIRECTION('ref_axis',(1.,0.,0.));
#3445=CARTESIAN_POINT('',(0.,0.,0.));
#3446=CARTESIAN_POINT('Origin',(-81.0000002235222,72.8719364402356,89.2173872939594));
#3447=CARTESIAN_POINT('',(-83.0000002235222,73.8719364402356,89.2173872939595));
#3448=CARTESIAN_POINT('Origin',(-83.0000002235222,72.8719364402356,89.2173872939595));
#3449=CARTESIAN_POINT('',(-81.0000002235222,73.8719364402356,89.2173872939594));
#3450=CARTESIAN_POINT('',(-81.0000002235222,73.8719364402356,89.2173872939594));
#3451=CARTESIAN_POINT('Origin',(-81.0000002235222,72.8719364402356,89.2173872939594));
#3452=CARTESIAN_POINT('Origin',(-83.0000002235222,72.8719363508286,89.2173874057182));
#3453=CARTESIAN_POINT('',(-83.0000002235222,72.8719363508286,86.2173874057182));
#3454=CARTESIAN_POINT('Origin',(-83.0000002235222,72.8719363508286,89.2173874057182));
#3455=CARTESIAN_POINT('Origin',(-81.0000002235219,66.8719363508286,95.2173874057182));
#3456=CARTESIAN_POINT('',(-83.0000002235219,67.8719363508286,95.2173874057182));
#3457=CARTESIAN_POINT('Origin',(-83.0000002235219,66.8719363508286,95.2173874057182));
#3458=CARTESIAN_POINT('',(-81.0000002235219,67.8719363508286,95.2173874057182));
#3459=CARTESIAN_POINT('',(-81.0000002235219,67.8719363508286,95.2173874057182));
#3460=CARTESIAN_POINT('Origin',(-81.0000002235219,66.8719363508286,95.2173874057182));
#3461=CARTESIAN_POINT('Origin',(-83.0000002235219,66.8719363508286,95.2173874057182));
#3462=CARTESIAN_POINT('',(-83.0000002235219,69.8719363508286,95.2173874057182));
#3463=CARTESIAN_POINT('Origin',(-83.0000002235219,66.8719363508286,95.2173874057182));
#3464=CARTESIAN_POINT('Origin',(-81.0000002235223,66.8719363508286,83.2173874057182));
#3465=CARTESIAN_POINT('',(-83.0000002235223,67.8719363508286,83.2173874057182));
#3466=CARTESIAN_POINT('Origin',(-83.0000002235223,66.8719363508286,83.2173874057182));
#3467=CARTESIAN_POINT('',(-81.0000002235223,67.8719363508286,83.2173874057182));
#3468=CARTESIAN_POINT('',(-81.0000002235223,67.8719363508286,83.2173874057182));
#3469=CARTESIAN_POINT('Origin',(-81.0000002235223,66.8719363508286,83.2173874057182));
#3470=CARTESIAN_POINT('Origin',(-83.0000002235223,66.8719363508286,83.2173874057182));
#3471=CARTESIAN_POINT('',(-83.0000002235223,63.8719363508286,83.2173874057182));
#3472=CARTESIAN_POINT('Origin',(-83.0000002235223,66.8719363508286,83.2173874057182));
#3473=CARTESIAN_POINT('Origin',(-81.0000002235222,60.8719362614217,89.2173872939594));
#3474=CARTESIAN_POINT('',(-83.0000002235222,61.8719362614217,89.2173872939595));
#3475=CARTESIAN_POINT('Origin',(-83.0000002235222,60.8719362614217,89.2173872939595));
#3476=CARTESIAN_POINT('',(-81.0000002235222,61.8719362614217,89.2173872939594));
#3477=CARTESIAN_POINT('',(-81.0000002235222,61.8719362614217,89.2173872939594));
#3478=CARTESIAN_POINT('Origin',(-81.0000002235222,60.8719362614217,89.2173872939594));
#3479=CARTESIAN_POINT('Origin',(-83.0000002235222,60.8719363508286,89.2173874057182));
#3480=CARTESIAN_POINT('',(-83.0000002235222,63.8719363508286,89.2173874057182));
#3481=CARTESIAN_POINT('Origin',(-83.0000002235222,60.8719363508286,89.2173874057182));
#3482=CARTESIAN_POINT('Origin',(-81.0000002235222,72.8719363508286,89.2173874057181));
#3483=CARTESIAN_POINT('',(-137.476731818437,72.8719363508286,86.21738740572));
#3484=CARTESIAN_POINT('',(-81.0000002235223,72.8719363508286,86.2173874057181));
#3485=CARTESIAN_POINT('',(-138.2991033445,69.8719363508286,89.2173874057177));
#3486=CARTESIAN_POINT('Ctrl Pts',(-138.2991033445,69.8719363508286,89.21738740572));
#3487=CARTESIAN_POINT('Ctrl Pts',(-138.2991033445,69.8719363508286,88.8414614717169));
#3488=CARTESIAN_POINT('Ctrl Pts',(-138.27893587049,69.9469937407363,88.441433444679));
#3489=CARTESIAN_POINT('Ctrl Pts',(-138.197387724863,70.2492405945586,87.7077979836541));
#3490=CARTESIAN_POINT('Ctrl Pts',(-138.135990335535,70.47634559519,87.3741576132295));
#3491=CARTESIAN_POINT('Ctrl Pts',(-137.99208788804,71.0055587840451,86.837364942283));
#3492=CARTESIAN_POINT('Ctrl Pts',(-137.898902967405,71.3468166458727,86.6026853524561));
#3493=CARTESIAN_POINT('Ctrl Pts',(-137.693909728918,72.091502730754,86.2927371624205));
#3494=CARTESIAN_POINT('Ctrl Pts',(-137.582068577488,72.4948881339616,86.21738740572));
#3495=CARTESIAN_POINT('Ctrl Pts',(-137.476731818437,72.8719363508286,86.21738740572));
#3496=CARTESIAN_POINT('',(-137.476731818436,72.8719363508286,92.21738740572));
#3497=CARTESIAN_POINT('Ctrl Pts',(-137.476731818436,72.8719363508286,92.21738740572));
#3498=CARTESIAN_POINT('Ctrl Pts',(-137.582068577486,72.4948881339616,92.21738740572));
#3499=CARTESIAN_POINT('Ctrl Pts',(-137.693909728916,72.091502730754,92.1420376490196));
#3500=CARTESIAN_POINT('Ctrl Pts',(-137.898902967404,71.3468166458727,91.832089458984));
#3501=CARTESIAN_POINT('Ctrl Pts',(-137.992087888038,71.0055587840451,91.5974098691571));
#3502=CARTESIAN_POINT('Ctrl Pts',(-138.135990335534,70.47634559519,91.0606171982106));
#3503=CARTESIAN_POINT('Ctrl Pts',(-138.197387724862,70.2492405945586,90.726976827786));
#3504=CARTESIAN_POINT('Ctrl Pts',(-138.278935870489,69.9469937407363,89.9933413667611));
#3505=CARTESIAN_POINT('Ctrl Pts',(-138.2991033445,69.8719363508286,89.5933133397232));
#3506=CARTESIAN_POINT('Ctrl Pts',(-138.2991033445,69.8719363508286,89.21738740572));
#3507=CARTESIAN_POINT('',(-136.621590850823,75.8719363508286,89.2173874057177));
#3508=CARTESIAN_POINT('Ctrl Pts',(-136.621590850823,75.8719363508286,89.21738740572));
#3509=CARTESIAN_POINT('Ctrl Pts',(-136.621590850823,75.8719363508286,89.5934077121138));
#3510=CARTESIAN_POINT('Ctrl Pts',(-136.643475959458,75.7968386468077,89.9933515967725));
#3511=CARTESIAN_POINT('Ctrl Pts',(-136.731058649962,75.4948641734476,90.7265011072518));
#3512=CARTESIAN_POINT('Ctrl Pts',(-136.796676006051,75.2680867266923,91.059757220131));
#3513=CARTESIAN_POINT('Ctrl Pts',(-136.948607714021,74.7395915950415,91.5964175846003));
#3514=CARTESIAN_POINT('Ctrl Pts',(-137.046200251219,74.3984885876222,91.8312829008382));
#3515=CARTESIAN_POINT('Ctrl Pts',(-137.257499034354,73.6535951381578,92.1417372887086));
#3516=CARTESIAN_POINT('Ctrl Pts',(-137.371162240742,73.2498179316165,92.21738740572));
#3517=CARTESIAN_POINT('Ctrl Pts',(-137.476731818436,72.8719363508286,92.21738740572));
#3518=CARTESIAN_POINT('Ctrl Pts',(-137.476731818437,72.8719363508286,86.21738740572));
#3519=CARTESIAN_POINT('Ctrl Pts',(-137.371162240743,73.2498179316165,86.21738740572));
#3520=CARTESIAN_POINT('Ctrl Pts',(-137.257499034355,73.6535951381579,86.2930375227315));
#3521=CARTESIAN_POINT('Ctrl Pts',(-137.04620025122,74.3984885876222,86.6034919106018));
#3522=CARTESIAN_POINT('Ctrl Pts',(-136.948607714022,74.7395915950415,86.8383572268397));
#3523=CARTESIAN_POINT('Ctrl Pts',(-136.796676006052,75.2680867266923,87.375017591309));
#3524=CARTESIAN_POINT('Ctrl Pts',(-136.731058649963,75.4948641734476,87.7082737041881));
#3525=CARTESIAN_POINT('Ctrl Pts',(-136.643475959458,75.7968386468077,88.4414232146675));
#3526=CARTESIAN_POINT('Ctrl Pts',(-136.621590850824,75.8719363508286,88.8413670993262));
#3527=CARTESIAN_POINT('Ctrl Pts',(-136.621590850823,75.8719363508286,89.21738740572));
#3528=CARTESIAN_POINT('Origin',(-81.0000002235223,66.8719363508286,83.2173874057181));
#3529=CARTESIAN_POINT('',(-137.476731818438,63.8719363508286,83.21738740572));
#3530=CARTESIAN_POINT('',(-81.0000002235223,63.8719363508286,83.2173874057181));
#3531=CARTESIAN_POINT('',(-137.476731818438,69.8719363508286,83.21738740572));
#3532=CARTESIAN_POINT('Ctrl Pts',(-137.476731818438,69.8719363508286,83.21738740572));
#3533=CARTESIAN_POINT('Ctrl Pts',(-137.582068577488,69.8719363508286,83.5944356225871));
#3534=CARTESIAN_POINT('Ctrl Pts',(-137.693909728918,69.7965865941281,83.9978210257947));
#3535=CARTESIAN_POINT('Ctrl Pts',(-137.898902967405,69.4866384040926,84.7425071106759));
#3536=CARTESIAN_POINT('Ctrl Pts',(-137.99208788804,69.2519588142657,85.0837649725036));
#3537=CARTESIAN_POINT('Ctrl Pts',(-138.135990335535,68.7151661433192,85.6129781613587));
#3538=CARTESIAN_POINT('Ctrl Pts',(-138.197387724863,68.3815257728945,85.8400831619901));
#3539=CARTESIAN_POINT('Ctrl Pts',(-138.27893587049,67.6478903118697,86.1423300158124));
#3540=CARTESIAN_POINT('Ctrl Pts',(-138.299103344501,67.2478622848318,86.2173874057201));
#3541=CARTESIAN_POINT('Ctrl Pts',(-138.299103344501,66.4960104168254,86.2173874057201));
#3542=CARTESIAN_POINT('Ctrl Pts',(-138.27893587049,66.0959823897875,86.1423300158124));
#3543=CARTESIAN_POINT('Ctrl Pts',(-138.197387724863,65.3623469287627,85.8400831619901));
#3544=CARTESIAN_POINT('Ctrl Pts',(-138.135990335535,65.028706558338,85.6129781613587));
#3545=CARTESIAN_POINT('Ctrl Pts',(-137.99208788804,64.4919138873915,85.0837649725035));
#3546=CARTESIAN_POINT('Ctrl Pts',(-137.898902967405,64.2572342975647,84.7425071106759));
#3547=CARTESIAN_POINT('Ctrl Pts',(-137.693909728918,63.9472861075291,83.9978210257947));
#3548=CARTESIAN_POINT('Ctrl Pts',(-137.582068577488,63.8719363508286,83.5944356225871));
#3549=CARTESIAN_POINT('Ctrl Pts',(-137.476731818438,63.8719363508286,83.21738740572));
#3550=CARTESIAN_POINT('Ctrl Pts',(-137.476731818438,63.8719363508286,83.21738740572));
#3551=CARTESIAN_POINT('Ctrl Pts',(-137.371162240744,63.8719363508286,82.8395058249322));
#3552=CARTESIAN_POINT('Ctrl Pts',(-137.257499034356,63.9475864678401,82.4357286183908));
#3553=CARTESIAN_POINT('Ctrl Pts',(-137.046200251221,64.2580408557104,81.6908351689265));
#3554=CARTESIAN_POINT('Ctrl Pts',(-136.948607714024,64.4929061719483,81.3497321615071));
#3555=CARTESIAN_POINT('Ctrl Pts',(-136.796676006054,65.0295665364176,80.8212370298563));
#3556=CARTESIAN_POINT('Ctrl Pts',(-136.731058649965,65.3628226492968,80.5944595831011));
#3557=CARTESIAN_POINT('Ctrl Pts',(-136.64347595946,66.0959721597761,80.2924851097409));
#3558=CARTESIAN_POINT('Ctrl Pts',(-136.621590850825,66.4959160444348,80.21738740572));
#3559=CARTESIAN_POINT('Ctrl Pts',(-136.621590850825,67.2479566572225,80.21738740572));
#3560=CARTESIAN_POINT('Ctrl Pts',(-136.64347595946,67.6479005418811,80.292485109741));
#3561=CARTESIAN_POINT('Ctrl Pts',(-136.731058649965,68.3810500523605,80.5944595831011));
#3562=CARTESIAN_POINT('Ctrl Pts',(-136.796676006054,68.7143061652396,80.8212370298564));
#3563=CARTESIAN_POINT('Ctrl Pts',(-136.948607714024,69.2509665297089,81.3497321615071));
#3564=CARTESIAN_POINT('Ctrl Pts',(-137.046200251221,69.4858318459468,81.6908351689265));
#3565=CARTESIAN_POINT('Ctrl Pts',(-137.257499034356,69.7962862338172,82.4357286183908));
#3566=CARTESIAN_POINT('Ctrl Pts',(-137.371162240744,69.8719363508286,82.8395058249322));
#3567=CARTESIAN_POINT('Ctrl Pts',(-137.476731818438,69.8719363508286,83.21738740572));
#3568=CARTESIAN_POINT('Origin',(-81.0000002235219,66.8719363508286,95.2173874057182));
#3569=CARTESIAN_POINT('',(-137.476731818435,69.8719363508286,95.21738740572));
#3570=CARTESIAN_POINT('',(-81.0000002235219,69.8719363508286,95.2173874057182));
#3571=CARTESIAN_POINT('',(-137.476731818435,63.8719363508286,95.2173874057201));
#3572=CARTESIAN_POINT('Ctrl Pts',(-137.476731818435,63.8719363508286,95.2173874057201));
#3573=CARTESIAN_POINT('Ctrl Pts',(-137.581091316005,63.8719363508286,94.8438372526057));
#3574=CARTESIAN_POINT('Ctrl Pts',(-137.691962990175,63.9459044699148,94.4439796670785));
#3575=CARTESIAN_POINT('Ctrl Pts',(-137.895483975341,64.2505436591163,93.7047328943287));
#3576=CARTESIAN_POINT('Ctrl Pts',(-137.988164751003,64.4812968536291,93.3653862158003));
#3577=CARTESIAN_POINT('Ctrl Pts',(-138.133091452122,65.0141781005439,92.8325049688855));
#3578=CARTESIAN_POINT('Ctrl Pts',(-138.19555082488,65.3496663085879,92.6014920657288));
#3579=CARTESIAN_POINT('Ctrl Pts',(-138.278547677535,66.0887474450754,92.2938911690925));
#3580=CARTESIAN_POINT('Ctrl Pts',(-138.299103344499,66.4923733843171,92.2173874057201));
#3581=CARTESIAN_POINT('Ctrl Pts',(-138.299103344499,67.2478622848318,92.2173874057201));
#3582=CARTESIAN_POINT('Ctrl Pts',(-138.278935870489,67.6478903118697,92.2924447956277));
#3583=CARTESIAN_POINT('Ctrl Pts',(-138.197387724862,68.3815257728945,92.59469164945));
#3584=CARTESIAN_POINT('Ctrl Pts',(-138.135990335533,68.7151661433192,92.8217966500814));
#3585=CARTESIAN_POINT('Ctrl Pts',(-137.992087888038,69.2519588142657,93.3510098389365));
#3586=CARTESIAN_POINT('Ctrl Pts',(-137.898902967404,69.4866384040926,93.6922677007641));
#3587=CARTESIAN_POINT('Ctrl Pts',(-137.693909728916,69.7965865941281,94.4369537856454));
#3588=CARTESIAN_POINT('Ctrl Pts',(-137.582068577486,69.8719363508286,94.840339188853));
#3589=CARTESIAN_POINT('Ctrl Pts',(-137.476731818435,69.8719363508286,95.21738740572));
#3590=CARTESIAN_POINT('Ctrl Pts',(-137.476731818435,69.8719363508286,95.21738740572));
#3591=CARTESIAN_POINT('Ctrl Pts',(-137.371162240741,69.8719363508286,95.5952689865079));
#3592=CARTESIAN_POINT('Ctrl Pts',(-137.257499034353,69.7962862338172,95.9990461930493));
#3593=CARTESIAN_POINT('Ctrl Pts',(-137.046200251218,69.4858318459468,96.7439396425136));
#3594=CARTESIAN_POINT('Ctrl Pts',(-136.94860771402,69.2509665297089,97.0850426499329));
#3595=CARTESIAN_POINT('Ctrl Pts',(-136.79667600605,68.7143061652396,97.6135377815837));
#3596=CARTESIAN_POINT('Ctrl Pts',(-136.731058649961,68.3810500523604,97.840315228339));
#3597=CARTESIAN_POINT('Ctrl Pts',(-136.643475959456,67.6479005418811,98.1422897016991));
#3598=CARTESIAN_POINT('Ctrl Pts',(-136.621590850821,67.2479566572225,98.21738740572));
#3599=CARTESIAN_POINT('Ctrl Pts',(-136.621590850821,66.4959160444348,98.21738740572));
#3600=CARTESIAN_POINT('Ctrl Pts',(-136.643475959456,66.0959721597762,98.1422897016991));
#3601=CARTESIAN_POINT('Ctrl Pts',(-136.731058649961,65.3628226492968,97.840315228339));
#3602=CARTESIAN_POINT('Ctrl Pts',(-136.79667600605,65.0295665364177,97.6135377815837));
#3603=CARTESIAN_POINT('Ctrl Pts',(-136.94860771402,64.4929061719483,97.0850426499329));
#3604=CARTESIAN_POINT('Ctrl Pts',(-137.046200251218,64.2580408557104,96.7439396425136));
#3605=CARTESIAN_POINT('Ctrl Pts',(-137.257499034353,63.9475864678401,95.9990461930493));
#3606=CARTESIAN_POINT('Ctrl Pts',(-137.371162240741,63.8719363508286,95.5952689865079));
#3607=CARTESIAN_POINT('Ctrl Pts',(-137.476731818435,63.8719363508286,95.2173874057201));
#3608=CARTESIAN_POINT('Origin',(-81.0000002235222,60.8719363508286,89.2173874057181));
#3609=CARTESIAN_POINT('',(-138.2991033445,63.8719363508286,89.2173874057201));
#3610=CARTESIAN_POINT('',(-81.0000002235222,63.8719363508286,89.2173874057181));
#3611=CARTESIAN_POINT('',(-136.621590850823,57.8719363508286,89.21738740572));
#3612=CARTESIAN_POINT('Ctrl Pts',(-136.621590850823,57.8719363508286,89.21738740572));
#3613=CARTESIAN_POINT('Ctrl Pts',(-136.621590850824,57.8719363508286,88.8413670993262));
#3614=CARTESIAN_POINT('Ctrl Pts',(-136.643475959458,57.9470340548496,88.4414232146675));
#3615=CARTESIAN_POINT('Ctrl Pts',(-136.731058649963,58.2490085282097,87.7082737041882));
#3616=CARTESIAN_POINT('Ctrl Pts',(-136.796676006052,58.475785974965,87.375017591309));
#3617=CARTESIAN_POINT('Ctrl Pts',(-136.948607714022,59.0042811066157,86.8383572268397));
#3618=CARTESIAN_POINT('Ctrl Pts',(-137.04620025122,59.345384114035,86.6034919106018));
#3619=CARTESIAN_POINT('Ctrl Pts',(-137.257499034355,60.0902775634994,86.2930375227315));
#3620=CARTESIAN_POINT('Ctrl Pts',(-137.371162240743,60.4940547700408,86.21738740572));
#3621=CARTESIAN_POINT('Ctrl Pts',(-137.582068577488,61.2489845676957,86.21738740572));
#3622=CARTESIAN_POINT('Ctrl Pts',(-137.693909728918,61.6523699709033,86.2927371624205));
#3623=CARTESIAN_POINT('Ctrl Pts',(-137.898902967405,62.3970560557845,86.6026853524561));
#3624=CARTESIAN_POINT('Ctrl Pts',(-137.99208788804,62.7383139176121,86.837364942283));
#3625=CARTESIAN_POINT('Ctrl Pts',(-138.135990335535,63.2675271064673,87.3741576132295));
#3626=CARTESIAN_POINT('Ctrl Pts',(-138.197387724863,63.4946321070987,87.7077979836541));
#3627=CARTESIAN_POINT('Ctrl Pts',(-138.27893587049,63.796878960921,88.441433444679));
#3628=CARTESIAN_POINT('Ctrl Pts',(-138.2991033445,63.8719363508286,88.8414614717169));
#3629=CARTESIAN_POINT('Ctrl Pts',(-138.2991033445,63.8719363508286,89.2173874057201));
#3630=CARTESIAN_POINT('Ctrl Pts',(-138.2991033445,63.8719363508286,89.2173874057201));
#3631=CARTESIAN_POINT('Ctrl Pts',(-138.2991033445,63.8719363508286,89.5933133397232));
#3632=CARTESIAN_POINT('Ctrl Pts',(-138.278935870489,63.796878960921,89.9933413667611));
#3633=CARTESIAN_POINT('Ctrl Pts',(-138.197387724862,63.4946321070987,90.726976827786));
#3634=CARTESIAN_POINT('Ctrl Pts',(-138.135990335534,63.2675271064673,91.0606171982106));
#3635=CARTESIAN_POINT('Ctrl Pts',(-137.992087888038,62.7383139176121,91.5974098691571));
#3636=CARTESIAN_POINT('Ctrl Pts',(-137.898902967404,62.3970560557845,91.832089458984));
#3637=CARTESIAN_POINT('Ctrl Pts',(-137.693909728916,61.6523699709033,92.1420376490195));
#3638=CARTESIAN_POINT('Ctrl Pts',(-137.582068577486,61.2489845676957,92.2173874057201));
#3639=CARTESIAN_POINT('Ctrl Pts',(-137.371162240742,60.4940547700408,92.2173874057201));
#3640=CARTESIAN_POINT('Ctrl Pts',(-137.257499034354,60.0902775634994,92.1417372887086));
#3641=CARTESIAN_POINT('Ctrl Pts',(-137.046200251219,59.3453841140351,91.8312829008382));
#3642=CARTESIAN_POINT('Ctrl Pts',(-136.948607714021,59.0042811066158,91.5964175846003));
#3643=CARTESIAN_POINT('Ctrl Pts',(-136.796676006051,58.475785974965,91.059757220131));
#3644=CARTESIAN_POINT('Ctrl Pts',(-136.731058649962,58.2490085282097,90.7265011072518));
#3645=CARTESIAN_POINT('Ctrl Pts',(-136.643475959458,57.9470340548496,89.9933515967725));
#3646=CARTESIAN_POINT('Ctrl Pts',(-136.621590850823,57.8719363508286,89.5934077121139));
#3647=CARTESIAN_POINT('Ctrl Pts',(-136.621590850823,57.8719363508286,89.21738740572));
#3648=CARTESIAN_POINT('Origin',(-78.7499999999976,132.371936350828,73.717387293959));
#3649=CARTESIAN_POINT('',(-81.9999999999975,127.371936350828,73.717387293959));
#3650=CARTESIAN_POINT('',(-81.9999999999975,132.371936350828,78.717387293959));
#3651=CARTESIAN_POINT('Origin',(-81.9999999999975,132.371936350828,73.717387293959));
#3652=CARTESIAN_POINT('',(-93.9999999999975,132.371936350828,78.717387293959));
#3653=CARTESIAN_POINT('',(-78.7499999999976,132.371936350828,78.717387293959));
#3654=CARTESIAN_POINT('',(-93.9999999999975,127.371936350828,73.717387293959));
#3655=CARTESIAN_POINT('Origin',(-93.9999999999975,132.371936350828,73.717387293959));
#3656=CARTESIAN_POINT('',(-78.7499999999976,127.371936350828,73.717387293959));
#3657=CARTESIAN_POINT('Origin',(-69.4999999999976,127.371936350828,49.217387293959));
#3658=CARTESIAN_POINT('',(-81.9999999999975,127.371936350828,78.717387293959));
#3659=CARTESIAN_POINT('',(-81.9999999999975,127.371936350828,50.467387293959));
#3660=CARTESIAN_POINT('',(-93.9999999999975,127.371936350828,78.717387293959));
#3661=CARTESIAN_POINT('',(-93.9999999999975,127.371936350828,50.467387293959));
#3662=CARTESIAN_POINT('',(-106.499999999998,127.371936350828,78.717387293959));
#3663=CARTESIAN_POINT('',(-69.4999999999976,127.371936350828,78.717387293959));
#3664=CARTESIAN_POINT('',(-106.499999999998,127.371936350828,75.717387293959));
#3665=CARTESIAN_POINT('',(-106.499999999998,127.371936350828,49.217387293959));
#3666=CARTESIAN_POINT('',(-104.499999999998,127.371936350828,75.717387293959));
#3667=CARTESIAN_POINT('',(-87.9999999999976,127.371936350828,75.717387293959));
#3668=CARTESIAN_POINT('',(-104.499999999998,127.371936350828,65.717387293959));
#3669=CARTESIAN_POINT('',(-104.499999999998,127.371936350828,59.967387293959));
#3670=CARTESIAN_POINT('',(-106.499999999998,127.371936350828,65.717387293959));
#3671=CARTESIAN_POINT('',(-87.9999999999976,127.371936350828,65.717387293959));
#3672=CARTESIAN_POINT('',(-106.499999999998,127.371936350828,49.217387293959));
#3673=CARTESIAN_POINT('',(-106.499999999998,127.371936350828,49.217387293959));
#3674=CARTESIAN_POINT('',(-104.499999999998,127.371936350828,49.217387293959));
#3675=CARTESIAN_POINT('',(-69.4999999999976,127.371936350828,49.217387293959));
#3676=CARTESIAN_POINT('',(-104.499999999998,127.371936350828,51.717387293959));
#3677=CARTESIAN_POINT('',(-104.499999999998,127.371936350828,49.217387293959));
#3678=CARTESIAN_POINT('',(-69.4999999999976,127.371936350828,51.717387293959));
#3679=CARTESIAN_POINT('',(-78.2499999999976,127.371936350828,51.717387293959));
#3680=CARTESIAN_POINT('',(-69.4999999999976,127.371936350828,78.717387293959));
#3681=CARTESIAN_POINT('',(-69.4999999999976,127.371936350828,49.217387293959));
#3682=CARTESIAN_POINT('',(-69.4999999999976,127.371936350828,78.717387293959));
#3683=CARTESIAN_POINT('Origin',(-84.9999999999976,131.871936350828,98.717387293959));
#3684=CARTESIAN_POINT('',(-93.9999999999975,126.871936350828,98.717387293959));
#3685=CARTESIAN_POINT('',(-93.9999999999975,131.871936350828,93.717387293959));
#3686=CARTESIAN_POINT('Origin',(-93.9999999999975,131.871936350828,98.717387293959));
#3687=CARTESIAN_POINT('',(-81.9999999999975,131.871936350828,93.717387293959));
#3688=CARTESIAN_POINT('',(-84.9999999999976,131.871936350828,93.717387293959));
#3689=CARTESIAN_POINT('',(-81.9999999999975,126.871936350828,98.717387293959));
#3690=CARTESIAN_POINT('Origin',(-81.9999999999975,131.871936350828,98.717387293959));
#3691=CARTESIAN_POINT('',(-84.9999999999976,126.871936350828,98.717387293959));
#3692=CARTESIAN_POINT('Origin',(-87.9999999999975,133.052276238327,93.717387293959));
#3693=CARTESIAN_POINT('',(-93.9999999999975,134.076586884914,93.717387293959));
#3694=CARTESIAN_POINT('',(-93.9999999999975,126.871936350828,93.717387293959));
#3695=CARTESIAN_POINT('',(-81.9999999999975,139.232616125826,93.717387293959));
#3696=CARTESIAN_POINT('Origin',(-79.499999999998,116.871936350829,93.7173872939592));
#3697=CARTESIAN_POINT('',(-81.9999999999975,126.871936350828,93.717387293959));
#3698=CARTESIAN_POINT('Origin',(-87.9999999999975,133.052276238327,78.717387293959));
#3699=CARTESIAN_POINT('',(-81.9999999999975,139.232616125826,78.717387293959));
#3700=CARTESIAN_POINT('',(-81.9999999999975,126.871936350828,78.717387293959));
#3701=CARTESIAN_POINT('',(-93.9999999999975,134.076586884914,78.717387293959));
#3702=CARTESIAN_POINT('Origin',(-79.4999999999979,116.871936350829,78.7173872939592));
#3703=CARTESIAN_POINT('',(-93.9999999999975,126.871936350828,78.717387293959));
#3704=CARTESIAN_POINT('Origin',(-86.9999999999976,116.871936350828,78.717387293959));
#3705=CARTESIAN_POINT('',(-93.9999999999975,119.371936350828,78.717387293959));
#3706=CARTESIAN_POINT('',(-93.9999999999975,121.871936350828,78.717387293959));
#3707=CARTESIAN_POINT('',(-81.9999999999975,119.371936350828,78.717387293959));
#3708=CARTESIAN_POINT('',(-90.4999999999976,119.371936350828,78.717387293959));
#3709=CARTESIAN_POINT('',(-81.9999999999975,121.871936350828,78.717387293959));
#3710=CARTESIAN_POINT('',(-69.4999999999976,106.371936350828,78.717387293959));
#3711=CARTESIAN_POINT('',(-69.4999999999976,106.371936350828,78.717387293959));
#3712=CARTESIAN_POINT('',(-107.428013095024,106.371936350828,78.717387293959));
#3713=CARTESIAN_POINT('',(-104.499999999998,106.371936350828,78.717387293959));
#3714=CARTESIAN_POINT('',(-106.499999999998,107.457909111274,78.7173872939592));
#3715=CARTESIAN_POINT('',(-92.5654831897859,123.764258414932,78.7173872939592));
#3716=CARTESIAN_POINT('',(-106.499999999998,129.371936350828,78.717387293959));
#3717=CARTESIAN_POINT('',(-81.9999999999975,114.371936350828,78.717387293959));
#3718=CARTESIAN_POINT('',(-93.9999999999975,114.371936350828,78.717387293959));
#3719=CARTESIAN_POINT('',(-84.4999999999975,114.371936350828,78.717387293959));
#3720=CARTESIAN_POINT('',(-93.9999999999975,106.871936350828,78.717387293959));
#3721=CARTESIAN_POINT('',(-93.9999999999975,115.621936350828,78.717387293959));
#3722=CARTESIAN_POINT('',(-81.9999999999975,106.871936350828,78.717387293959));
#3723=CARTESIAN_POINT('',(-90.4999999999976,106.871936350828,78.717387293959));
#3724=CARTESIAN_POINT('',(-81.9999999999975,111.871936350828,78.717387293959));
#3725=CARTESIAN_POINT('Origin',(-81.9999999999975,126.871936350828,51.717387293959));
#3726=CARTESIAN_POINT('',(-81.9999999999975,126.871936350828,109.217387293959));
#3727=CARTESIAN_POINT('',(-81.9999999999975,126.871936350828,51.717387293959));
#3728=CARTESIAN_POINT('',(-86.9999999999989,126.871936350828,109.217387293959));
#3729=CARTESIAN_POINT('',(-78.2499999999978,126.871936350828,109.217387293959));
#3730=CARTESIAN_POINT('',(-93.9999999999975,126.871936350828,107.810865858849));
#3731=CARTESIAN_POINT('Ctrl Pts',(-93.9999999999976,126.871936350828,107.810865858849));
#3732=CARTESIAN_POINT('Ctrl Pts',(-93.6628854911131,126.871936350828,107.976014138759));
#3733=CARTESIAN_POINT('Ctrl Pts',(-93.3247326113689,126.871936350828,108.12133732825));
#3734=CARTESIAN_POINT('Ctrl Pts',(-92.1007542596492,126.871936350828,108.589461151415));
#3735=CARTESIAN_POINT('Ctrl Pts',(-91.0842657130058,126.871936350828,108.851831590365));
#3736=CARTESIAN_POINT('Ctrl Pts',(-89.0134528712565,126.871936350828,109.164267338183));
#3737=CARTESIAN_POINT('Ctrl Pts',(-87.9595906009918,126.871936350828,109.217387293959));
#3738=CARTESIAN_POINT('Ctrl Pts',(-86.9999999999989,126.871936350828,109.217387293959));
#3739=CARTESIAN_POINT('',(-93.9999999999975,126.871936350828,51.717387293959));
#3740=CARTESIAN_POINT('Origin',(-81.9999999999975,106.871936350828,51.717387293959));
#3741=CARTESIAN_POINT('',(-81.9999999999975,106.871936350828,109.217387293959));
#3742=CARTESIAN_POINT('',(-81.9999999999975,106.871936350828,51.717387293959));
#3743=CARTESIAN_POINT('',(-81.9999999999975,114.371936350828,109.217387293959));
#3744=CARTESIAN_POINT('',(-81.9999999999975,111.871936350828,109.217387293959));
#3745=CARTESIAN_POINT('',(-81.9999999999975,114.371936350828,51.717387293959));
#3746=CARTESIAN_POINT('Origin',(-93.9999999999975,106.871936350828,51.717387293959));
#3747=CARTESIAN_POINT('',(-93.9999999999975,106.871936350828,109.186984587487));
#3748=CARTESIAN_POINT('',(-93.9999999999975,106.871936350828,51.717387293959));
#3749=CARTESIAN_POINT('',(-93.0454546267345,106.871936350828,109.217387293959));
#3750=CARTESIAN_POINT('Origin',(-93.0454546267345,106.871936350828,94.2173872939593));
#3751=CARTESIAN_POINT('',(-84.2499999999978,106.871936350828,109.217387293959));
#3752=CARTESIAN_POINT('Origin',(-81.9999999999975,114.371936350828,51.717387293959));
#3753=CARTESIAN_POINT('',(-91.7474487139138,114.371936350828,109.217387293959));
#3754=CARTESIAN_POINT('',(-78.2499999999978,114.371936350828,109.217387293959));
#3755=CARTESIAN_POINT('',(-93.9999999999975,114.371936350828,108.969231952231));
#3756=CARTESIAN_POINT('Ctrl Pts',(-93.9999999999975,114.371936350828,108.969231952231));
#3757=CARTESIAN_POINT('Ctrl Pts',(-93.9135004072605,114.371936350828,108.988584225356));
#3758=CARTESIAN_POINT('Ctrl Pts',(-93.8266322312473,114.371936350828,109.006837549429));
#3759=CARTESIAN_POINT('Ctrl Pts',(-93.0655293562625,114.371936350828,109.15646085306));
#3760=CARTESIAN_POINT('Ctrl Pts',(-92.3773649671417,114.371936350828,109.217387293959));
#3761=CARTESIAN_POINT('Ctrl Pts',(-91.7474487139138,114.371936350828,109.217387293959));
#3762=CARTESIAN_POINT('',(-93.9999999999975,114.371936350828,51.717387293959));
#3763=CARTESIAN_POINT('Origin',(-93.9999999999975,114.371936350828,51.717387293959));
#3764=CARTESIAN_POINT('',(-93.9999999999886,110.539706768101,108.649349569793));
#3765=CARTESIAN_POINT('Ctrl Pts',(-93.9999999999975,110.539706768102,108.649349569787));
#3766=CARTESIAN_POINT('Ctrl Pts',(-93.9999999999975,110.674186219803,108.668307291157));
#3767=CARTESIAN_POINT('Ctrl Pts',(-93.9999999999975,110.808944033703,108.686279143406));
#3768=CARTESIAN_POINT('Ctrl Pts',(-93.9999999999975,112.086250522934,108.84755381605));
#3769=CARTESIAN_POINT('Ctrl Pts',(-93.9999999999975,113.243108414548,108.925689019425));
#3770=CARTESIAN_POINT('Ctrl Pts',(-93.9999999999975,114.371936350828,108.969231952231));
#3771=CARTESIAN_POINT('Origin',(-93.9999999999975,105.754915179975,94.2173872939593));
#3772=CARTESIAN_POINT('Origin',(-81.9999999999975,119.371936350828,51.717387293959));
#3773=CARTESIAN_POINT('',(-81.9999999999975,119.371936350828,109.217387293959));
#3774=CARTESIAN_POINT('',(-81.9999999999975,119.371936350828,51.717387293959));
#3775=CARTESIAN_POINT('',(-81.9999999999975,118.121936350828,109.217387293959));
#3776=CARTESIAN_POINT('',(-81.9999999999975,139.232616125827,89.2173872939589));
#3777=CARTESIAN_POINT('Origin',(-93.9999999999975,126.871936350828,51.717387293959));
#3778=CARTESIAN_POINT('',(-93.9999999999975,134.076586884914,89.2173872939588));
#3779=CARTESIAN_POINT('',(-93.9999999999975,119.371936350828,108.969231952231));
#3780=CARTESIAN_POINT('Ctrl Pts',(-93.9999999999975,119.371936350828,108.969231952231));
#3781=CARTESIAN_POINT('Ctrl Pts',(-93.9999999999975,120.500764287108,108.925689019425));
#3782=CARTESIAN_POINT('Ctrl Pts',(-93.9999999999975,121.657622178723,108.84755381605));
#3783=CARTESIAN_POINT('Ctrl Pts',(-93.9999999999975,124.206382804976,108.525743397711));
#3784=CARTESIAN_POINT('Ctrl Pts',(-93.9999999999975,125.590719229123,108.243729732869));
#3785=CARTESIAN_POINT('Ctrl Pts',(-93.9999999999975,126.871936350828,107.810865858849));
#3786=CARTESIAN_POINT('',(-93.9999999999975,119.371936350828,51.717387293959));
#3787=CARTESIAN_POINT('Origin',(-93.9999999999975,119.371936350828,51.717387293959));
#3788=CARTESIAN_POINT('',(-91.747448713914,119.371936350828,109.217387293959));
#3789=CARTESIAN_POINT('Ctrl Pts',(-91.747448713914,119.371936350828,109.217387293959));
#3790=CARTESIAN_POINT('Ctrl Pts',(-92.3773649671419,119.371936350828,109.217387293959));
#3791=CARTESIAN_POINT('Ctrl Pts',(-93.0655293562628,119.371936350828,109.15646085306));
#3792=CARTESIAN_POINT('Ctrl Pts',(-93.8266322312475,119.371936350828,109.006837549429));
#3793=CARTESIAN_POINT('Ctrl Pts',(-93.9135004072605,119.371936350828,108.988584225356));
#3794=CARTESIAN_POINT('Ctrl Pts',(-93.9999999999975,119.371936350828,108.969231952231));
#3795=CARTESIAN_POINT('',(-84.2499999999978,119.371936350828,109.217387293959));
#3796=CARTESIAN_POINT('Origin',(-74.499999999998,116.871936350829,109.217387293959));
#3797=CARTESIAN_POINT('',(-115.421436929954,80.6872764578221,109.217387293959));
#3798=CARTESIAN_POINT('',(-84.499999999998,116.871936350829,109.217387293959));
#3799=CARTESIAN_POINT('',(-115.421436929954,78.3283758320958,109.217387293959));
#3800=CARTESIAN_POINT('',(-115.421436929954,80.6872764578221,109.217387293959));
#3801=CARTESIAN_POINT('',(-105.421436929954,78.3283758320976,109.217387293959));
#3802=CARTESIAN_POINT('',(-81.0000002235213,78.3283758320958,109.217387293959));
#3803=CARTESIAN_POINT('',(-105.421436929954,80.6872764578221,109.217387293959));
#3804=CARTESIAN_POINT('',(-105.421436929954,80.6872764578221,109.217387293959));
#3805=CARTESIAN_POINT('',(-84.3463208960337,105.34964605017,109.217387293959));
#3806=CARTESIAN_POINT('',(-74.499999999998,116.871936350829,109.217387293959));
#3807=CARTESIAN_POINT('Origin',(-79.499999999998,116.871936350829,109.217387293959));
#3808=CARTESIAN_POINT('Origin',(-79.499999999998,116.871936350829,109.217387293959));
#3809=CARTESIAN_POINT('Origin',(-104.499999999998,128.371936350828,70.717387293959));
#3810=CARTESIAN_POINT('',(-104.499999999998,129.371936350828,75.717387293959));
#3811=CARTESIAN_POINT('Origin',(-104.499999999998,128.371936350828,75.717387293959));
#3812=CARTESIAN_POINT('',(-104.499999999998,129.371936350828,76.125714207155));
#3813=CARTESIAN_POINT('',(-104.499999999998,129.371936350828,59.967387293959));
#3814=CARTESIAN_POINT('',(-104.499999999998,131.008299987192,74.1590498750837));
#3815=CARTESIAN_POINT('Origin',(-104.499999999998,131.371936350828,76.125714207155));
#3816=CARTESIAN_POINT('',(-104.499999999998,131.008299987192,67.2757247128343));
#3817=CARTESIAN_POINT('Origin',(-104.499999999998,130.371936350828,70.717387293959));
#3818=CARTESIAN_POINT('',(-104.499999999998,129.371936350828,65.309060380763));
#3819=CARTESIAN_POINT('Origin',(-104.499999999998,131.371936350828,65.309060380763));
#3820=CARTESIAN_POINT('',(-104.499999999998,129.371936350828,65.717387293959));
#3821=CARTESIAN_POINT('',(-104.499999999998,129.371936350828,59.967387293959));
#3822=CARTESIAN_POINT('Origin',(-104.499999999998,128.371936350828,65.717387293959));
#3823=CARTESIAN_POINT('',(-104.499999999998,131.871936350828,70.717387293959));
#3824=CARTESIAN_POINT('Origin',(-104.499999999998,130.371936350828,70.717387293959));
#3825=CARTESIAN_POINT('Origin',(-104.499999999998,102.871936350828,70.717387293959));
#3826=CARTESIAN_POINT('',(-104.499999999998,106.371936350828,65.717387293959));
#3827=CARTESIAN_POINT('',(-104.499999999998,106.371936350828,75.717387293959));
#3828=CARTESIAN_POINT('',(-104.499999999998,106.371936350828,59.967387293959));
#3829=CARTESIAN_POINT('',(-104.499999999998,104.371936350828,65.717387293959));
#3830=CARTESIAN_POINT('Origin',(-104.499999999998,105.371936350828,65.717387293959));
#3831=CARTESIAN_POINT('',(-104.499999999998,104.371936350828,65.309060380763));
#3832=CARTESIAN_POINT('',(-104.499999999998,104.371936350828,59.967387293959));
#3833=CARTESIAN_POINT('',(-104.499999999998,102.735572714464,67.2757247128343));
#3834=CARTESIAN_POINT('Origin',(-104.499999999998,102.371936350828,65.309060380763));
#3835=CARTESIAN_POINT('',(-104.499999999998,99.9017670036218,70.2613996826036));
#3836=CARTESIAN_POINT('Origin',(-104.499999999998,103.371936350828,70.717387293959));
#3837=CARTESIAN_POINT('',(-104.499999999998,99.4189641665023,70.1058229801322));
#3838=CARTESIAN_POINT('Origin',(-104.499999999998,93.4676812542936,84.2173872939593));
#3839=CARTESIAN_POINT('',(-104.499999999998,103.371936350828,74.717387293959));
#3840=CARTESIAN_POINT('Origin',(-104.499999999998,103.371936350828,70.717387293959));
#3841=CARTESIAN_POINT('',(-104.499999999998,105.371936350828,74.717387293959));
#3842=CARTESIAN_POINT('',(-104.499999999998,106.871936350828,74.717387293959));
#3843=CARTESIAN_POINT('Origin',(-104.499999999998,105.371936350828,75.717387293959));
#3844=CARTESIAN_POINT('',(-104.499999999998,104.871936350828,70.717387293959));
#3845=CARTESIAN_POINT('Origin',(-104.499999999998,103.371936350828,70.717387293959));
#3846=CARTESIAN_POINT('Ctrl Pts',(-93.9370568526774,99.6144339407895,69.2173873014909));
#3847=CARTESIAN_POINT('Ctrl Pts',(-94.2361002218236,99.8646037521099,68.2564252752943));
#3848=CARTESIAN_POINT('Ctrl Pts',(-95.4520159245143,100.919979756151,66.4390939839801));
#3849=CARTESIAN_POINT('Ctrl Pts',(-96.8833992654832,102.530186627576,65.5155146019637));
#3850=CARTESIAN_POINT('Ctrl Pts',(-97.6363019309416,103.555609820225,65.3090603807611));
#3851=CARTESIAN_POINT('Ctrl Pts',(-94.1350521004639,99.7800702293403,69.3314320874428));
#3852=CARTESIAN_POINT('Ctrl Pts',(-94.4287239015898,100.031751039959,68.4456683176388));
#3853=CARTESIAN_POINT('Ctrl Pts',(-95.6207808137451,101.090107951899,66.7861784411485));
#3854=CARTESIAN_POINT('Ctrl Pts',(-96.9860718669542,102.65929209665,66.0038789565542));
#3855=CARTESIAN_POINT('Ctrl Pts',(-97.6849251665033,103.621832714278,65.8602977522275));
#3856=CARTESIAN_POINT('Ctrl Pts',(-94.5495022429009,99.9883218477598,69.5309036050139));
#3857=CARTESIAN_POINT('Ctrl Pts',(-94.8488143987001,100.227317451894,68.7765425854525));
#3858=CARTESIAN_POINT('Ctrl Pts',(-96.0610906114983,101.230356736505,67.3943889986456));
#3859=CARTESIAN_POINT('Ctrl Pts',(-97.428664164903,102.657763022446,66.8569815392229));
#3860=CARTESIAN_POINT('Ctrl Pts',(-98.1176400165043,103.481039218459,66.8171462108633));
#3861=CARTESIAN_POINT('Ctrl Pts',(-95.0191154425279,100.022508573192,69.6997245389455));
#3862=CARTESIAN_POINT('Ctrl Pts',(-95.3368622251923,100.218864829786,69.0507851085416));
#3863=CARTESIAN_POINT('Ctrl Pts',(-96.6272976526665,101.044151332941,67.8465924526648));
#3864=CARTESIAN_POINT('Ctrl Pts',(-98.1286738488946,102.24821160481,67.3140747199307));
#3865=CARTESIAN_POINT('Ctrl Pts',(-98.9095220895844,102.976176291757,67.2312370956559));
#3866=CARTESIAN_POINT('Ctrl Pts',(-95.2203507951378,100.004616499024,69.7628418442065));
#3867=CARTESIAN_POINT('Ctrl Pts',(-95.545975797097,100.177966489494,69.1513205548087));
#3868=CARTESIAN_POINT('Ctrl Pts',(-96.8699728955825,100.909267437749,67.9948370057906));
#3869=CARTESIAN_POINT('Ctrl Pts',(-98.4285903113041,102.025026946635,67.4071046717801));
#3870=CARTESIAN_POINT('Ctrl Pts',(-99.2484176581366,102.735572714471,67.2757247128331));
#3871=CARTESIAN_POINT('',(-95.5976768158399,100.209658690658,69.2173872939634));
#3872=CARTESIAN_POINT('',(-93.9370568509521,99.6144339393462,69.2173873004971));
#3873=CARTESIAN_POINT('Ctrl Pts',(-95.597676815847,100.20965869066,69.2173872939594));
#3874=CARTESIAN_POINT('Ctrl Pts',(-95.4402730493173,100.20965869066,69.2173872939594));
#3875=CARTESIAN_POINT('Ctrl Pts',(-95.2822828220299,100.194766838369,69.2173872946224));
#3876=CARTESIAN_POINT('Ctrl Pts',(-94.9001337293053,100.124474283915,69.2173872946224));
#3877=CARTESIAN_POINT('Ctrl Pts',(-94.6774107329045,100.053012439339,69.2173872950943));
#3878=CARTESIAN_POINT('Ctrl Pts',(-94.2779088234347,99.8632908205872,69.2173872950943));
#3879=CARTESIAN_POINT('Ctrl Pts',(-94.0988198491014,99.7497595239005,69.2173872939595));
#3880=CARTESIAN_POINT('Ctrl Pts',(-93.9370568550211,99.6144339427502,69.2173872939595));
#3881=CARTESIAN_POINT('',(-99.2484176581366,102.735572714471,67.2757247128331));
#3882=CARTESIAN_POINT('Ctrl Pts',(-95.5963587297614,100.209358697329,69.2161236346604));
#3883=CARTESIAN_POINT('Ctrl Pts',(-95.9098635406689,100.383656693466,68.8477375025864));
#3884=CARTESIAN_POINT('Ctrl Pts',(-97.0816120742043,101.060772498335,67.9150308986826));
#3885=CARTESIAN_POINT('Ctrl Pts',(-98.4285903113041,102.025026946635,67.4071046717801));
#3886=CARTESIAN_POINT('Ctrl Pts',(-99.2484176581366,102.735572714471,67.2757247128331));
#3887=CARTESIAN_POINT('',(-97.6363019309414,103.555609820225,65.3090603807593));
#3888=CARTESIAN_POINT('Origin',(-99.2484176581366,102.371936350838,65.3090603807611));
#3889=CARTESIAN_POINT('Ctrl Pts',(-97.6363019309416,103.555609820225,65.3090603807611));
#3890=CARTESIAN_POINT('Ctrl Pts',(-96.8833992654832,102.530186627576,65.5155146019637));
#3891=CARTESIAN_POINT('Ctrl Pts',(-95.4520159245143,100.919979756151,66.4390939839801));
#3892=CARTESIAN_POINT('Ctrl Pts',(-94.2361002218236,99.8646037521099,68.2564252752943));
#3893=CARTESIAN_POINT('Ctrl Pts',(-93.9370568526774,99.6144339407895,69.2173873014909));
#3894=CARTESIAN_POINT('Origin',(-99.248417658129,102.371936350828,65.3090603807611));
#3895=CARTESIAN_POINT('',(-99.248417658129,104.371936350828,65.3090603807611));
#3896=CARTESIAN_POINT('Origin',(-99.248417658129,102.371936350828,65.3090603807611));
#3897=CARTESIAN_POINT('Origin',(-99.248417658129,102.371936350828,65.3090603807611));
#3898=CARTESIAN_POINT('Origin',(-104.499999999998,102.371936350828,65.309060380763));
#3899=CARTESIAN_POINT('',(-104.499999999998,104.371936350828,65.309060380763));
#3900=CARTESIAN_POINT('',(-104.499999999998,102.735572714464,67.2757247128343));
#3901=CARTESIAN_POINT('Origin',(-104.499999999998,103.371936350828,70.717387293959));
#3902=CARTESIAN_POINT('',(-98.7386737723032,100.20965869066,69.2173872939593));
#3903=CARTESIAN_POINT('',(-104.499999999998,100.20965869066,69.2173872939591));
#3904=CARTESIAN_POINT('Ctrl Pts',(-104.499999999998,99.9017670036218,70.2613996826036));
#3905=CARTESIAN_POINT('Ctrl Pts',(-104.341837129283,99.9096079541466,70.2017282672264));
#3906=CARTESIAN_POINT('Ctrl Pts',(-104.181047097772,99.9187186433507,70.1442946964068));
#3907=CARTESIAN_POINT('Ctrl Pts',(-102.370188726266,100.030362676153,69.5324599494783));
#3908=CARTESIAN_POINT('Ctrl Pts',(-100.519566458615,100.20965869066,69.2173872939593));
#3909=CARTESIAN_POINT('Ctrl Pts',(-98.7386737723031,100.20965869066,69.2173872939593));
#3910=CARTESIAN_POINT('Origin',(-99.2484176581291,102.371936350828,89.217387293959));
#3911=CARTESIAN_POINT('',(-99.2484176581289,104.371936350828,49.217387293959));
#3912=CARTESIAN_POINT('',(-99.2484176581291,104.371936350828,89.217387293959));
#3913=CARTESIAN_POINT('',(-97.6363019309345,103.555609820216,49.217387293959));
#3914=CARTESIAN_POINT('Origin',(-99.2484176581289,102.371936350828,49.217387293959));
#3915=CARTESIAN_POINT('',(-97.6363019309347,103.555609820216,89.217387293959));
#3916=CARTESIAN_POINT('Origin',(-79.499999999998,116.871936350829,89.217387293959));
#3917=CARTESIAN_POINT('',(-97.6363019309353,130.18826288144,49.2173872939588));
#3918=CARTESIAN_POINT('Origin',(-79.4999999999978,116.871936350828,49.217387293959));
#3919=CARTESIAN_POINT('',(-97.6363019309353,130.18826288144,66.9211761079574));
#3920=CARTESIAN_POINT('',(-97.6363019309354,130.18826288144,89.2173872939588));
#3921=CARTESIAN_POINT('',(-97.0046628966769,131.008299987442,67.2757247128805));
#3922=CARTESIAN_POINT('Ctrl Pts',(-97.6363019309353,130.18826288144,66.9211761079574));
#3923=CARTESIAN_POINT('Ctrl Pts',(-97.5423253829899,130.316255165502,67.0151526559028));
#3924=CARTESIAN_POINT('Ctrl Pts',(-97.4387690476738,130.454376529262,67.092826050837));
#3925=CARTESIAN_POINT('Ctrl Pts',(-97.2251564889021,130.73188096137,67.2095700558188));
#3926=CARTESIAN_POINT('Ctrl Pts',(-97.1154946306384,130.871060157766,67.2503490594219));
#3927=CARTESIAN_POINT('Ctrl Pts',(-97.0046628968007,131.008299987538,67.2757247128984));
#3928=CARTESIAN_POINT('',(-97.004662896677,131.008299987442,74.1590498750375));
#3929=CARTESIAN_POINT('Ctrl Pts',(-97.0046628968007,131.008299987538,67.2757247128984));
#3930=CARTESIAN_POINT('Ctrl Pts',(-96.7866764919287,131.278226443269,67.3256341322465));
#3931=CARTESIAN_POINT('Ctrl Pts',(-96.5605094530097,131.545176725512,67.4082023289913));
#3932=CARTESIAN_POINT('Ctrl Pts',(-95.9337142260482,132.252116558156,67.7238449628891));
#3933=CARTESIAN_POINT('Ctrl Pts',(-95.5350951572325,132.662611402431,68.0256299683474));
#3934=CARTESIAN_POINT('Ctrl Pts',(-94.9485058711027,133.233973850631,68.6694097408735));
#3935=CARTESIAN_POINT('Ctrl Pts',(-94.6999606757741,133.463150446646,69.0203081694717));
#3936=CARTESIAN_POINT('Ctrl Pts',(-94.4329023343607,133.702644163611,69.6206625092816));
#3937=CARTESIAN_POINT('Ctrl Pts',(-94.3611881591579,133.765699152055,69.8331320838288));
#3938=CARTESIAN_POINT('Ctrl Pts',(-94.2643819287278,133.850368591664,70.2701263367671));
#3939=CARTESIAN_POINT('Ctrl Pts',(-94.2394029729821,133.871936350828,70.4946851073378));
#3940=CARTESIAN_POINT('Ctrl Pts',(-94.2394029729821,133.871936350828,70.717387293959));
#3941=CARTESIAN_POINT('Ctrl Pts',(-94.2394029729821,133.871936350828,70.9400894805802));
#3942=CARTESIAN_POINT('Ctrl Pts',(-94.2643819287278,133.850368591664,71.1646482511508));
#3943=CARTESIAN_POINT('Ctrl Pts',(-94.3611881591579,133.765699152055,71.6016425040892));
#3944=CARTESIAN_POINT('Ctrl Pts',(-94.4329023343607,133.702644163611,71.8141120786363));
#3945=CARTESIAN_POINT('Ctrl Pts',(-94.6999606757741,133.463150446646,72.4144664184463));
#3946=CARTESIAN_POINT('Ctrl Pts',(-94.9485058711027,133.233973850631,72.7653648470445));
#3947=CARTESIAN_POINT('Ctrl Pts',(-95.5350951572325,132.662611402431,73.4091446195706));
#3948=CARTESIAN_POINT('Ctrl Pts',(-95.9337142260482,132.252116558156,73.7109296250288));
#3949=CARTESIAN_POINT('Ctrl Pts',(-96.5605094530098,131.545176725512,74.0265722589267));
#3950=CARTESIAN_POINT('Ctrl Pts',(-96.7866764919288,131.278226443269,74.1091404556715));
#3951=CARTESIAN_POINT('Ctrl Pts',(-97.0046628968008,131.008299987538,74.1590498750196));
#3952=CARTESIAN_POINT('',(-97.6363019309354,130.18826288144,74.5135984799606));
#3953=CARTESIAN_POINT('Ctrl Pts',(-97.0046628968008,131.008299987538,74.1590498750196));
#3954=CARTESIAN_POINT('Ctrl Pts',(-97.1154946306385,130.871060157766,74.1844255284961));
#3955=CARTESIAN_POINT('Ctrl Pts',(-97.2251564889022,130.73188096137,74.2252045320992));
#3956=CARTESIAN_POINT('Ctrl Pts',(-97.4387690476738,130.454376529262,74.341948537081));
#3957=CARTESIAN_POINT('Ctrl Pts',(-97.54232538299,130.316255165502,74.4196219320152));
#3958=CARTESIAN_POINT('Ctrl Pts',(-97.6363019309354,130.18826288144,74.5135984799606));
#3959=CARTESIAN_POINT('',(-97.6363019309354,130.18826288144,78.717387293959));
#3960=CARTESIAN_POINT('',(-97.6363019309354,130.18826288144,89.2173872939588));
#3961=CARTESIAN_POINT('',(-99.8289278153663,126.514793493685,82.7173872939591));
#3962=CARTESIAN_POINT('Ctrl Pts',(-99.8289278153663,126.514793493685,82.717387293959));
#3963=CARTESIAN_POINT('Ctrl Pts',(-99.3201566126565,127.587377365996,82.717387293959));
#3964=CARTESIAN_POINT('Ctrl Pts',(-98.5605410258148,128.86778234662,82.0797972274184));
#3965=CARTESIAN_POINT('Ctrl Pts',(-97.8035360068744,129.962140043326,80.3209472998275));
#3966=CARTESIAN_POINT('Ctrl Pts',(-97.6363019309354,130.18826288144,79.3637151551792));
#3967=CARTESIAN_POINT('Ctrl Pts',(-97.6363019309354,130.18826288144,78.717387293959));
#3968=CARTESIAN_POINT('',(-101.825020741112,114.071320541969,82.7173872939591));
#3969=CARTESIAN_POINT('Origin',(-79.4999999999979,116.871936350829,82.7173872939591));
#3970=CARTESIAN_POINT('',(-101.825825702311,114.077744748608,82.8556585127006));
#3971=CARTESIAN_POINT('Ctrl Pts',(-101.825020741112,114.071320541969,82.7173872939591));
#3972=CARTESIAN_POINT('Ctrl Pts',(-101.825020741112,114.071320541969,82.7633450816167));
#3973=CARTESIAN_POINT('Ctrl Pts',(-101.825288252438,114.073450478959,82.8095069595184));
#3974=CARTESIAN_POINT('Ctrl Pts',(-101.825825702311,114.077744748608,82.8556585127006));
#3975=CARTESIAN_POINT('',(-101.833658678859,114.141059199413,84.2173872939593));
#3976=CARTESIAN_POINT('Ctrl Pts',(-101.833658678859,114.141059199413,84.2173872939591));
#3977=CARTESIAN_POINT('Ctrl Pts',(-101.833658678859,114.141059199413,83.7686655377033));
#3978=CARTESIAN_POINT('Ctrl Pts',(-101.8311580697,114.120350812131,83.3135561686921));
#3979=CARTESIAN_POINT('Ctrl Pts',(-101.825825702311,114.077744748608,82.8556585127007));
#3980=CARTESIAN_POINT('',(-101.833658678859,114.141059199413,94.2173872939593));
#3981=CARTESIAN_POINT('',(-101.833658678859,114.141059199413,89.2173872939589));
#3982=CARTESIAN_POINT('',(-101.711465424447,113.280167469277,99.2173872939367));
#3983=CARTESIAN_POINT('Ctrl Pts',(-101.711465424446,113.28016746927,99.2173872939341));
#3984=CARTESIAN_POINT('Ctrl Pts',(-101.748678672616,113.510293850531,98.5559123672568));
#3985=CARTESIAN_POINT('Ctrl Pts',(-101.775289718192,113.696858283687,97.8813579114918));
#3986=CARTESIAN_POINT('Ctrl Pts',(-101.822172441338,114.04111188267,96.2027087004465));
#3987=CARTESIAN_POINT('Ctrl Pts',(-101.833658678859,114.141059199413,95.1949646005679));
#3988=CARTESIAN_POINT('Ctrl Pts',(-101.833658678859,114.141059199413,94.2173872939592));
#3989=CARTESIAN_POINT('',(-79.5850000836261,94.372096907273,99.2173872939367));
#3990=CARTESIAN_POINT('Origin',(-79.499999999998,116.871936350829,99.2173872939593));
#3991=CARTESIAN_POINT('',(-78.7155847337848,94.3856140038967,94.2173872939594));
#3992=CARTESIAN_POINT('Ctrl Pts',(-78.7155847337848,94.3856140038967,94.2173872939595));
#3993=CARTESIAN_POINT('Ctrl Pts',(-78.7155847337848,94.3856140038967,95.1949646005682));
#3994=CARTESIAN_POINT('Ctrl Pts',(-78.8161006675999,94.3813776344784,96.2027087004468));
#3995=CARTESIAN_POINT('Ctrl Pts',(-79.1634540128791,94.3740166789902,97.881357911492));
#3996=CARTESIAN_POINT('Ctrl Pts',(-79.351885945004,94.3712162467097,98.555912367257));
#3997=CARTESIAN_POINT('Ctrl Pts',(-79.5850000836332,94.372096907273,99.2173872939342));
#3998=CARTESIAN_POINT('',(-78.7155847337849,94.3856140038966,84.2173872939596));
#3999=CARTESIAN_POINT('',(-78.7155847337849,94.3856140038966,89.2173872939591));
#4000=CARTESIAN_POINT('',(-91.0173150226632,97.543163635814,69.2173872939596));
#4001=CARTESIAN_POINT('Ctrl Pts',(-91.0173150226631,97.543163635814,69.2173872939596));
#4002=CARTESIAN_POINT('Ctrl Pts',(-90.3224963773259,97.1291463911622,69.2173872939596));
#4003=CARTESIAN_POINT('Ctrl Pts',(-89.5987665689183,96.7496922879665,69.3286634467367));
#4004=CARTESIAN_POINT('Ctrl Pts',(-88.1443962334264,96.0833768507605,69.7573603136101));
#4005=CARTESIAN_POINT('Ctrl Pts',(-87.4137707425215,95.7963464240424,70.074569177936));
#4006=CARTESIAN_POINT('Ctrl Pts',(-85.290334886269,95.0784727915675,71.2710806740752));
#4007=CARTESIAN_POINT('Ctrl Pts',(-83.9661385720294,94.7932804002546,72.4052605508264));
#4008=CARTESIAN_POINT('Ctrl Pts',(-81.6736775076147,94.4428510479492,74.9971794282413));
#4009=CARTESIAN_POINT('Ctrl Pts',(-80.5834339847652,94.3857777813514,76.7009264084279));
#4010=CARTESIAN_POINT('Ctrl Pts',(-79.4699150280017,94.3688938927943,79.4592067034755));
#4011=CARTESIAN_POINT('Ctrl Pts',(-79.1839159926082,94.3733651726985,80.4126073837466));
#4012=CARTESIAN_POINT('Ctrl Pts',(-78.8065758682264,94.3818323615682,82.3265801096844));
#4013=CARTESIAN_POINT('Ctrl Pts',(-78.7155847337849,94.3856140038966,83.2872220742218));
#4014=CARTESIAN_POINT('Ctrl Pts',(-78.7155847337849,94.3856140038966,84.2173872939597));
#4015=CARTESIAN_POINT('Origin',(-79.4999999999979,116.871936350829,69.2173872939593));
#4016=CARTESIAN_POINT('Origin',(-104.499999999998,131.371936350828,65.309060380763));
#4017=CARTESIAN_POINT('',(-104.499999999998,131.008299987192,67.2757247128343));
#4018=CARTESIAN_POINT('',(-99.2484176581298,129.371936350828,65.309060380763));
#4019=CARTESIAN_POINT('Origin',(-99.2484176581298,131.371936350828,65.309060380763));
#4020=CARTESIAN_POINT('',(-104.499999999998,129.371936350828,65.309060380763));
#4021=CARTESIAN_POINT('Origin',(-98.2082869338673,129.371936350828,49.217387293959));
#4022=CARTESIAN_POINT('',(-99.2484176581297,129.371936350828,49.217387293959));
#4023=CARTESIAN_POINT('',(-99.2484176581299,129.371936350828,89.2173872939588));
#4024=CARTESIAN_POINT('',(-106.499999999998,129.371936350828,49.217387293959));
#4025=CARTESIAN_POINT('',(-67.4999999999976,129.371936350828,49.217387293959));
#4026=CARTESIAN_POINT('',(-106.499999999998,129.371936350828,65.717387293959));
#4027=CARTESIAN_POINT('',(-106.499999999998,129.371936350828,49.217387293959));
#4028=CARTESIAN_POINT('',(-102.354143466932,129.371936350828,65.717387293959));
#4029=CARTESIAN_POINT('Origin',(-99.2484176581299,131.371936350828,89.2173872939588));
#4030=CARTESIAN_POINT('Origin',(-99.2484176581297,131.371936350828,49.2173872939588));
#4031=CARTESIAN_POINT('Origin',(-104.499999999998,131.371936350828,76.125714207155));
#4032=CARTESIAN_POINT('',(-104.499999999998,131.008299987192,74.1590498750837));
#4033=CARTESIAN_POINT('',(-99.2484176581298,129.371936350828,76.125714207155));
#4034=CARTESIAN_POINT('',(-104.499999999998,129.371936350828,76.125714207155));
#4035=CARTESIAN_POINT('Origin',(-99.2484176581298,131.371936350828,76.125714207155));
#4036=CARTESIAN_POINT('Origin',(-104.499999999998,130.371936350828,70.717387293959));
#4037=CARTESIAN_POINT('Origin',(-94.6503053499202,125.545833732356,82.717387293959));
#4038=CARTESIAN_POINT('',(-103.90495100938,114.715929340254,80.717387293959));
#4039=CARTESIAN_POINT('',(-106.499999999998,111.679169912033,80.717387293959));
#4040=CARTESIAN_POINT('',(-94.6503053499202,125.545833732356,80.717387293959));
#4041=CARTESIAN_POINT('',(-106.499999999998,108.607966367172,82.8556585127022));
#4042=CARTESIAN_POINT('Origin',(-106.499999999998,111.679169912033,82.7173872939591));
#4043=CARTESIAN_POINT('',(-93.1334805170509,124.249637953757,82.8556585127021));
#4044=CARTESIAN_POINT('Ctrl Pts',(-101.825020741112,114.071320541969,82.7173872939591));
#4045=CARTESIAN_POINT('Ctrl Pts',(-101.825020741112,114.071320541969,82.4779235094812));
#4046=CARTESIAN_POINT('Ctrl Pts',(-101.870043431005,114.084785507984,82.2418673173519));
#4047=CARTESIAN_POINT('Ctrl Pts',(-102.046711328985,114.137966154283,81.7880409584151));
#4048=CARTESIAN_POINT('Ctrl Pts',(-102.179807134116,114.178145593637,81.5774479872003));
#4049=CARTESIAN_POINT('Ctrl Pts',(-102.526850897071,114.283968645081,81.1992662443658));
#4050=CARTESIAN_POINT('Ctrl Pts',(-102.743714884776,114.350604620059,81.0408992469871));
#4051=CARTESIAN_POINT('Ctrl Pts',(-103.12457936078,114.469103917616,80.8584272127754));
#4052=CARTESIAN_POINT('Ctrl Pts',(-103.274505969248,114.516049966519,80.8063249352183));
#4053=CARTESIAN_POINT('Ctrl Pts',(-103.582628306999,114.613221994746,80.735899878671));
#4054=CARTESIAN_POINT('Ctrl Pts',(-103.740435087656,114.663329553911,80.7178821039407));
#4055=CARTESIAN_POINT('Ctrl Pts',(-103.900583909568,114.714532879929,80.7173906445088));
#4056=CARTESIAN_POINT('Ctrl Pts',(-103.902767468409,114.715231080266,80.7173872939591));
#4057=CARTESIAN_POINT('Ctrl Pts',(-103.90495100938,114.715929340254,80.7173872939591));
#4058=CARTESIAN_POINT('Ctrl Pts',(-97.6363019309354,130.18826288144,78.717387293959));
#4059=CARTESIAN_POINT('Ctrl Pts',(-97.6363019309354,130.18826288144,79.3637151551792));
#4060=CARTESIAN_POINT('Ctrl Pts',(-97.8035360068744,129.962140043326,80.3209472998275));
#4061=CARTESIAN_POINT('Ctrl Pts',(-98.5605410258148,128.86778234662,82.0797972274184));
#4062=CARTESIAN_POINT('Ctrl Pts',(-99.3201566126565,127.587377365996,82.717387293959));
#4063=CARTESIAN_POINT('Ctrl Pts',(-99.8289278153663,126.514793493685,82.717387293959));
#4064=CARTESIAN_POINT('Ctrl Pts',(-97.8476633379793,129.900397133639,78.717387293959));
#4065=CARTESIAN_POINT('Ctrl Pts',(-97.8476633379793,129.900397133639,79.2920848734678));
#4066=CARTESIAN_POINT('Ctrl Pts',(-98.0054849894341,129.681205649867,80.1420665230334));
#4067=CARTESIAN_POINT('Ctrl Pts',(-98.7063148322395,128.632366674282,81.6735597966594));
#4068=CARTESIAN_POINT('Ctrl Pts',(-99.3900629331839,127.444656021876,82.1677212424316));
#4069=CARTESIAN_POINT('Ctrl Pts',(-99.8289278153663,126.514793493685,82.1189886932752));
#4070=CARTESIAN_POINT('Ctrl Pts',(-98.355395266749,129.49891100025,78.717387293959));
#4071=CARTESIAN_POINT('Ctrl Pts',(-98.355395266749,129.49891100025,79.167029759018));
#4072=CARTESIAN_POINT('Ctrl Pts',(-98.5115277367691,129.3019882596,79.827643116339));
#4073=CARTESIAN_POINT('Ctrl Pts',(-99.2094133661084,128.384501899109,80.96432989514));
#4074=CARTESIAN_POINT('Ctrl Pts',(-99.8701241080003,127.400737460888,81.2093483790802));
#4075=CARTESIAN_POINT('Ctrl Pts',(-100.282680973658,126.73002751504,81.0830663014914));
#4076=CARTESIAN_POINT('Ctrl Pts',(-98.9805717371344,129.371936350828,78.717387293959));
#4077=CARTESIAN_POINT('Ctrl Pts',(-98.9805717371344,129.371936350828,79.0722973188295));
#4078=CARTESIAN_POINT('Ctrl Pts',(-99.1547695857325,129.224040810855,79.5959224566805));
#4079=CARTESIAN_POINT('Ctrl Pts',(-99.9413446477254,128.526526299392,80.5178184383161));
#4080=CARTESIAN_POINT('Ctrl Pts',(-100.71853546142,127.756925338303,80.7740419169606));
#4081=CARTESIAN_POINT('Ctrl Pts',(-101.230450222573,127.179593943465,80.717387293959));
#4082=CARTESIAN_POINT('Ctrl Pts',(-99.2484176581297,129.371936350828,78.717387293959));
#4083=CARTESIAN_POINT('Ctrl Pts',(-99.2484176581297,129.371936350828,79.0405512245687));
#4084=CARTESIAN_POINT('Ctrl Pts',(-99.4305169852633,129.248825027855,79.5191672968933));
#4085=CARTESIAN_POINT('Ctrl Pts',(-100.254811339221,128.653008059648,80.3985922606886));
#4086=CARTESIAN_POINT('Ctrl Pts',(-101.081948311559,127.95589868131,80.717387293959));
#4087=CARTESIAN_POINT('Ctrl Pts',(-101.635943621177,127.371936350828,80.717387293959));
#4088=CARTESIAN_POINT('',(-99.2484176581298,129.371936350828,78.717387293959));
#4089=CARTESIAN_POINT('Origin',(-99.2484176581298,131.371936350828,78.717387293959));
#4090=CARTESIAN_POINT('',(-101.635943621177,127.371936350828,80.717387293959));
#4091=CARTESIAN_POINT('Ctrl Pts',(-99.2484176581297,129.371936350828,78.717387293959));
#4092=CARTESIAN_POINT('Ctrl Pts',(-99.2484176581297,129.371936350828,79.0405512245687));
#4093=CARTESIAN_POINT('Ctrl Pts',(-99.4305169852633,129.248825027855,79.5191672968933));
#4094=CARTESIAN_POINT('Ctrl Pts',(-100.254811339221,128.653008059648,80.3985922606886));
#4095=CARTESIAN_POINT('Ctrl Pts',(-101.081948311559,127.95589868131,80.717387293959));
#4096=CARTESIAN_POINT('Ctrl Pts',(-101.635943621177,127.371936350828,80.717387293959));
#4097=CARTESIAN_POINT('Origin',(-101.635943621177,127.371936350828,82.7173872939591));
#4098=CARTESIAN_POINT('Origin',(-99.2484176581299,131.371936350828,89.2173872939588));
#4099=CARTESIAN_POINT('',(-99.2484176581299,129.371936350828,89.2173872939588));
#4100=CARTESIAN_POINT('Origin',(-100.2812152004,127.371936350828,78.717387293959));
#4101=CARTESIAN_POINT('',(-106.499999999998,129.371936350828,78.717387293959));
#4102=CARTESIAN_POINT('',(-106.499999999998,127.371936350828,80.717387293959));
#4103=CARTESIAN_POINT('Origin',(-106.499999999998,127.371936350828,78.717387293959));
#4104=CARTESIAN_POINT('',(-100.2812152004,127.371936350828,80.717387293959));
#4105=CARTESIAN_POINT('',(-100.2812152004,129.371936350828,78.717387293959));
#4106=CARTESIAN_POINT('Origin',(-79.4999999999979,116.871936350829,82.7173872939591));
#4107=CARTESIAN_POINT('Origin',(-79.4999999999979,116.871936350829,80.717387293959));
#4108=CARTESIAN_POINT('Ctrl Pts',(-101.833658678859,114.141059199413,84.2173872939593));
#4109=CARTESIAN_POINT('Ctrl Pts',(-101.833658678859,114.141059199413,69.2173872939593));
#4110=CARTESIAN_POINT('Ctrl Pts',(-93.1643809494563,106.732767251094,69.2173872939593));
#4111=CARTESIAN_POINT('Ctrl Pts',(-129.686061080663,81.5478226562547,84.2173872939594));
#4112=CARTESIAN_POINT('Ctrl Pts',(-129.686061080663,81.5478226562547,69.2173872939594));
#4113=CARTESIAN_POINT('Ctrl Pts',(-121.01678335126,74.139530707936,69.2173872939594));
#4114=CARTESIAN_POINT('Origin',(-106.499999999998,91.1272557446401,84.2173872939593));
#4115=CARTESIAN_POINT('',(-106.499999999998,106.371936350828,76.7816514518977));
#4116=CARTESIAN_POINT('Origin',(-93.4727273580713,106.371936350828,84.2173872939593));
#4117=CARTESIAN_POINT('',(-106.499999999998,104.71130395891,74.717387293959));
#4118=CARTESIAN_POINT('Origin',(-106.499999999998,91.1272557446401,84.2173872939593));
#4119=CARTESIAN_POINT('',(-106.499999999998,104.21063208429,74.217387293959));
#4120=CARTESIAN_POINT('Origin',(-106.499999999998,91.1272557446401,84.2173872939593));
#4121=CARTESIAN_POINT('',(-107.216703633591,103.371936350828,74.217387293959));
#4122=CARTESIAN_POINT('',(-90.9616981062544,122.393751148697,74.217387293959));
#4123=CARTESIAN_POINT('',(-106.499999999998,99.9096599121013,71.2298732565346));
#4124=CARTESIAN_POINT('Ctrl Pts',(-107.216703633591,103.371936350828,74.217387293959));
#4125=CARTESIAN_POINT('Ctrl Pts',(-107.442712034568,103.107458437306,74.217387293959));
#4126=CARTESIAN_POINT('Ctrl Pts',(-107.673324641047,102.805184738594,74.1859269873215));
#4127=CARTESIAN_POINT('Ctrl Pts',(-108.055863825799,102.186836404782,74.0260901163808));
#4128=CARTESIAN_POINT('Ctrl Pts',(-108.207423858627,101.870675220589,73.8971718017691));
#4129=CARTESIAN_POINT('Ctrl Pts',(-108.348224676836,101.350820316334,73.587239842783));
#4130=CARTESIAN_POINT('Ctrl Pts',(-108.368629877523,101.11526715963,73.4078185125557));
#4131=CARTESIAN_POINT('Ctrl Pts',(-108.282567321848,100.710295653119,73.0079427082175));
#4132=CARTESIAN_POINT('Ctrl Pts',(-108.175773000878,100.5403255021,72.7881178562013));
#4133=CARTESIAN_POINT('Ctrl Pts',(-107.814893103333,100.208088893055,72.2628056528651));
#4134=CARTESIAN_POINT('Ctrl Pts',(-107.537730396693,100.104399802495,71.9969186756374));
#4135=CARTESIAN_POINT('Ctrl Pts',(-107.008207641684,99.9704325853537,71.5654928516588));
#4136=CARTESIAN_POINT('Ctrl Pts',(-106.760771394502,99.9337238531781,71.3924455459184));
#4137=CARTESIAN_POINT('Ctrl Pts',(-106.499999999998,99.9096599121013,71.2298732565346));
#4138=CARTESIAN_POINT('',(-106.499999999998,99.380491755173,70.9788639464831));
#4139=CARTESIAN_POINT('Origin',(-106.499999999998,91.1272557446401,84.2173872939593));
#4140=CARTESIAN_POINT('Ctrl Pts',(-106.499999999998,99.380491755173,70.9788639464831));
#4141=CARTESIAN_POINT('Ctrl Pts',(-106.177609655411,99.3688945335796,70.8018322038525));
#4142=CARTESIAN_POINT('Ctrl Pts',(-105.841896954863,99.3699066202386,70.6394352072298));
#4143=CARTESIAN_POINT('Ctrl Pts',(-105.172052928581,99.3863354099111,70.3505415331426));
#4144=CARTESIAN_POINT('Ctrl Pts',(-104.839213270534,99.4009112503318,70.222511730366));
#4145=CARTESIAN_POINT('Ctrl Pts',(-104.499999999998,99.4189641665023,70.1058229801322));
#4146=CARTESIAN_POINT('',(-115.421436929954,80.6872764578221,69.2173872939593));
#4147=CARTESIAN_POINT('',(-84.4999999999979,116.871936350829,69.2173872939593));
#4148=CARTESIAN_POINT('',(-122.423808233051,81.7291925359294,71.461811295061));
#4149=CARTESIAN_POINT('Ctrl Pts',(-122.423808233051,81.7291925359294,71.461811295061));
#4150=CARTESIAN_POINT('Ctrl Pts',(-121.642049151238,81.6540853993615,70.9383701545225));
#4151=CARTESIAN_POINT('Ctrl Pts',(-120.361616420675,81.5081598785469,70.2457623007398));
#4152=CARTESIAN_POINT('Ctrl Pts',(-118.010547963252,81.1580295586802,69.4430415956245));
#4153=CARTESIAN_POINT('Ctrl Pts',(-116.469705985491,80.8796039609997,69.2191113950357));
#4154=CARTESIAN_POINT('Ctrl Pts',(-115.435507106566,80.689856070136,69.2173949986178));
#4155=CARTESIAN_POINT('Ctrl Pts',(-115.428472402351,80.6885665800514,69.2173872939594));
#4156=CARTESIAN_POINT('Ctrl Pts',(-115.421436929954,80.6872764578221,69.2173872939594));
#4157=CARTESIAN_POINT('',(-128.282968529084,80.3488162825917,76.0358701596086));
#4158=CARTESIAN_POINT('Ctrl Pts',(-128.282990790171,80.3473218236759,76.0328454096633));
#4159=CARTESIAN_POINT('Ctrl Pts',(-127.809771857759,80.7473614800893,75.8317123539992));
#4160=CARTESIAN_POINT('Ctrl Pts',(-126.693684033812,81.3596424104984,74.9460544621815));
#4161=CARTESIAN_POINT('Ctrl Pts',(-124.816001056327,81.7947614059585,73.2472244801687));
#4162=CARTESIAN_POINT('Ctrl Pts',(-123.281324782611,81.8115780356254,72.0359772384757));
#4163=CARTESIAN_POINT('Ctrl Pts',(-122.423808233051,81.7291925359294,71.461811295061));
#4164=CARTESIAN_POINT('',(-128.125617713129,80.6872764578221,76.2421888244284));
#4165=CARTESIAN_POINT('Ctrl Pts',(-128.125617713129,80.6872764578221,76.2421888244284));
#4166=CARTESIAN_POINT('Ctrl Pts',(-128.176288287369,80.5747551541459,76.1697345901085));
#4167=CARTESIAN_POINT('Ctrl Pts',(-128.228633335323,80.4618489105061,76.1008042393469));
#4168=CARTESIAN_POINT('Ctrl Pts',(-128.282968529084,80.3488162825917,76.0358701596086));
#4169=CARTESIAN_POINT('',(-125.214781642221,86.7801708855142,84.2173872939593));
#4170=CARTESIAN_POINT('Ctrl Pts',(-128.125617713129,80.6872764578221,76.2421888244284));
#4171=CARTESIAN_POINT('Ctrl Pts',(-128.090856338595,80.7644690935655,76.2918943747127));
#4172=CARTESIAN_POINT('Ctrl Pts',(-128.056884027003,80.8414799098054,76.3432583629677));
#4173=CARTESIAN_POINT('Ctrl Pts',(-127.659732471737,81.7575550359953,76.9744182568245));
#4174=CARTESIAN_POINT('Ctrl Pts',(-127.370680353224,82.5605544475952,77.7319968882626));
#4175=CARTESIAN_POINT('Ctrl Pts',(-126.859283273081,83.8659440844113,79.1928120551194));
#4176=CARTESIAN_POINT('Ctrl Pts',(-126.596620185325,84.4961968958507,80.025012816261));
#4177=CARTESIAN_POINT('Ctrl Pts',(-126.039661092303,85.611976648591,81.7730093764422));
#4178=CARTESIAN_POINT('Ctrl Pts',(-125.744092373601,86.0978238878572,82.6881949025352));
#4179=CARTESIAN_POINT('Ctrl Pts',(-125.374813525747,86.5867641246466,83.7626730785644));
#4180=CARTESIAN_POINT('Ctrl Pts',(-125.296048710199,86.6850711260182,83.9885052894199));
#4181=CARTESIAN_POINT('Ctrl Pts',(-125.214781642221,86.7801708855142,84.2173872939593));
#4182=CARTESIAN_POINT('',(-99.4999999999979,116.871936350829,84.2173872939593));
#4183=CARTESIAN_POINT('Origin',(-102.354143466932,116.871936350828,80.717387293959));
#4184=CARTESIAN_POINT('',(-106.499999999998,129.371936350828,80.717387293959));
#4185=CARTESIAN_POINT('Origin',(-106.499999999998,129.371936350828,49.217387293959));
#4186=CARTESIAN_POINT('',(-106.499999999998,129.371936350828,75.717387293959));
#4187=CARTESIAN_POINT('',(-106.499999999998,129.371936350828,49.217387293959));
#4188=CARTESIAN_POINT('Origin',(-106.499999999998,128.371936350828,75.717387293959));
#4189=CARTESIAN_POINT('Origin',(-105.499999999998,105.371936350828,65.717387293959));
#4190=CARTESIAN_POINT('',(-106.499999999998,106.371936350828,65.717387293959));
#4191=CARTESIAN_POINT('',(-106.499999999998,104.371936350828,65.717387293959));
#4192=CARTESIAN_POINT('Origin',(-106.499999999998,105.371936350828,65.717387293959));
#4193=CARTESIAN_POINT('',(-106.499999999998,104.371936350828,65.717387293959));
#4194=CARTESIAN_POINT('',(-105.499999999998,106.371936350828,65.717387293959));
#4195=CARTESIAN_POINT('Origin',(-104.499999999998,106.371936350828,49.217387293959));
#4196=CARTESIAN_POINT('',(-104.499999999998,106.371936350828,49.217387293959));
#4197=CARTESIAN_POINT('',(-104.499999999998,106.371936350828,51.717387293959));
#4198=CARTESIAN_POINT('',(-104.499999999998,106.371936350828,49.217387293959));
#4199=CARTESIAN_POINT('',(-106.499999999998,106.371936350828,49.217387293959));
#4200=CARTESIAN_POINT('',(-104.499999999998,106.371936350828,49.217387293959));
#4201=CARTESIAN_POINT('',(-106.499999999998,106.371936350828,49.217387293959));
#4202=CARTESIAN_POINT('',(-106.499999999998,106.371936350828,75.717387293959));
#4203=CARTESIAN_POINT('',(-105.499999999998,106.371936350828,75.717387293959));
#4204=CARTESIAN_POINT('',(-106.499999999998,106.371936350828,49.217387293959));
#4205=CARTESIAN_POINT('',(-69.4999999999976,106.371936350828,51.717387293959));
#4206=CARTESIAN_POINT('',(-69.4999999999976,106.371936350828,49.217387293959));
#4207=CARTESIAN_POINT('',(-104.499999999998,106.371936350828,51.717387293959));
#4208=CARTESIAN_POINT('Origin',(-105.499999999998,105.371936350828,75.717387293959));
#4209=CARTESIAN_POINT('',(-106.499999999998,105.371936350828,74.717387293959));
#4210=CARTESIAN_POINT('Origin',(-106.499999999998,105.371936350828,75.717387293959));
#4211=CARTESIAN_POINT('',(-105.499999999998,105.371936350828,74.717387293959));
#4212=CARTESIAN_POINT('Origin',(-106.499999999998,106.371936350828,49.217387293959));
#4213=CARTESIAN_POINT('',(-106.499999999998,106.371936350828,74.717387293959));
#4214=CARTESIAN_POINT('Origin',(-106.499999999998,106.371936350828,74.717387293959));
#4215=CARTESIAN_POINT('',(-106.499999999998,103.371936350828,74.717387293959));
#4216=CARTESIAN_POINT('',(-106.499999999998,103.371936350828,74.717387293959));
#4217=CARTESIAN_POINT('',(-106.499999999998,106.871936350828,74.717387293959));
#4218=CARTESIAN_POINT('Origin',(-87.9999999999976,128.371936350828,65.717387293959));
#4219=CARTESIAN_POINT('Origin',(-106.499999999998,128.371936350828,65.717387293959));
#4220=CARTESIAN_POINT('Origin',(-87.9999999999976,128.371936350828,75.717387293959));
#4221=CARTESIAN_POINT('',(-102.354143466932,129.371936350828,75.717387293959));
#4222=CARTESIAN_POINT('Origin',(-104.499999999998,103.371936350828,70.717387293959));
#4223=CARTESIAN_POINT('',(-96.4999999999976,104.871936350828,70.717387293959));
#4224=CARTESIAN_POINT('',(-104.499999999998,104.871936350828,70.717387293959));
#4225=CARTESIAN_POINT('Origin',(-96.4999999999976,103.371936350828,70.717387293959));
#4226=CARTESIAN_POINT('Origin',(-106.499999999998,104.371936350828,49.217387293959));
#4227=CARTESIAN_POINT('',(-106.499999999998,104.371936350828,49.217387293959));
#4228=CARTESIAN_POINT('',(-106.499999999998,104.371936350828,49.217387293959));
#4229=CARTESIAN_POINT('',(-106.499999999998,104.371936350828,49.217387293959));
#4230=CARTESIAN_POINT('Origin',(-98.2082869338673,129.371936350828,49.217387293959));
#4231=CARTESIAN_POINT('Origin',(-104.499999999998,130.371936350828,70.717387293959));
#4232=CARTESIAN_POINT('',(-96.2705098312467,131.871936350828,70.717387293959));
#4233=CARTESIAN_POINT('',(-104.499999999998,131.871936350828,70.717387293959));
#4234=CARTESIAN_POINT('',(-96.4999999999976,131.611339323813,71.5623016508953));
#4235=CARTESIAN_POINT('Ctrl Pts',(-96.4999999999976,131.611339323813,71.5623016508953));
#4236=CARTESIAN_POINT('Ctrl Pts',(-96.4486543739996,131.670559880002,71.4754311499968));
#4237=CARTESIAN_POINT('Ctrl Pts',(-96.402455150712,131.723201869323,71.3781700505106));
#4238=CARTESIAN_POINT('Ctrl Pts',(-96.3042001225679,131.834472934854,71.0997968777926));
#4239=CARTESIAN_POINT('Ctrl Pts',(-96.2705098312467,131.871936350828,70.9051801716668));
#4240=CARTESIAN_POINT('Ctrl Pts',(-96.2705098312467,131.871936350828,70.717387293959));
#4241=CARTESIAN_POINT('',(-96.4999999999976,131.611339323813,69.8724729370226));
#4242=CARTESIAN_POINT('Origin',(-96.4999999999976,130.371936350828,70.717387293959));
#4243=CARTESIAN_POINT('Ctrl Pts',(-96.2705098312467,131.871936350828,70.717387293959));
#4244=CARTESIAN_POINT('Ctrl Pts',(-96.2705098312467,131.871936350828,70.5295944162512));
#4245=CARTESIAN_POINT('Ctrl Pts',(-96.3042001225679,131.834472934854,70.3349777101254));
#4246=CARTESIAN_POINT('Ctrl Pts',(-96.402455150712,131.723201869323,70.0566045374074));
#4247=CARTESIAN_POINT('Ctrl Pts',(-96.4486543739996,131.670559880002,69.9593434379211));
#4248=CARTESIAN_POINT('Ctrl Pts',(-96.4999999999975,131.611339323813,69.8724729370226));
#4249=CARTESIAN_POINT('Origin',(-96.4999999999976,130.371936350828,70.717387293959));
#4250=CARTESIAN_POINT('',(-96.4999999999976,131.611339323813,89.2173872939588));
#4251=CARTESIAN_POINT('Origin',(-96.4999999999976,103.371936350828,70.717387293959));
#4252=CARTESIAN_POINT('Origin',(-106.499999999998,103.371936350828,70.717387293959));
#4253=CARTESIAN_POINT('',(-106.499999999998,103.371936350828,74.217387293959));
#4254=CARTESIAN_POINT('',(-106.499999999998,103.371936350828,74.217387293959));
#4255=CARTESIAN_POINT('Origin',(-106.499999999998,103.371936350828,70.717387293959));
#4256=CARTESIAN_POINT('Origin',(-106.499999999998,103.371936350828,74.217387293959));
#4257=CARTESIAN_POINT('',(-106.499999999998,103.121936350828,74.217387293959));
#4258=CARTESIAN_POINT('Origin',(-106.499999999998,102.871936350828,70.717387293959));
#4259=CARTESIAN_POINT('Origin',(-106.499999999998,103.371936350828,70.717387293959));
#4260=CARTESIAN_POINT('Origin',(-106.499999999998,103.371936350828,70.717387293959));
#4261=CARTESIAN_POINT('Origin',(-106.499999999998,129.371936350828,49.217387293959));
#4262=CARTESIAN_POINT('',(-106.499999999998,129.371936350828,49.217387293959));
#4263=CARTESIAN_POINT('Origin',(-106.499999999998,106.371936350828,49.217387293959));
#4264=CARTESIAN_POINT('',(-106.499999999998,129.371936350828,49.217387293959));
#4265=CARTESIAN_POINT('Origin',(-79.499999999998,116.871936350829,89.217387293959));
#4266=CARTESIAN_POINT('Origin',(-79.4999999999976,116.871936350828,49.217387293959));
#4267=CARTESIAN_POINT('',(-88.4999999999976,116.871936350828,51.717387293959));
#4268=CARTESIAN_POINT('Origin',(-79.4999999999976,116.871936350828,51.717387293959));
#4269=CARTESIAN_POINT('',(-88.4999999999976,116.871936350828,49.217387293959));
#4270=CARTESIAN_POINT('',(-88.4999999999976,116.871936350828,49.217387293959));
#4271=CARTESIAN_POINT('Origin',(-79.4999999999976,116.871936350828,49.217387293959));
#4272=CARTESIAN_POINT('Origin',(-104.499999999998,127.371936350828,49.217387293959));
#4273=CARTESIAN_POINT('',(-104.499999999998,127.371936350828,49.217387293959));
#4274=CARTESIAN_POINT('',(-104.499999999998,127.371936350828,51.717387293959));
#4275=CARTESIAN_POINT('Origin',(-86.9999999999976,116.871936350828,51.717387293959));
#4276=CARTESIAN_POINT('',(-69.4999999999976,111.621936350828,51.717387293959));
#4277=CARTESIAN_POINT('Origin',(-69.4999999999976,106.371936350828,49.217387293959));
#4278=CARTESIAN_POINT('Origin',(-79.499999999998,116.871936350829,99.2173872939593));
#4279=CARTESIAN_POINT('Ctrl Pts',(-79.5850000836282,94.372096907273,99.21738729392));
#4280=CARTESIAN_POINT('Ctrl Pts',(-79.6183045493168,94.3722227251646,99.3118906523554));
#4281=CARTESIAN_POINT('Ctrl Pts',(-79.6515075321306,94.3737617348154,99.406508439323));
#4282=CARTESIAN_POINT('Ctrl Pts',(-80.1110257234721,94.4148486615565,100.720685318324));
#4283=CARTESIAN_POINT('Ctrl Pts',(-80.5143895122774,94.6878101279143,101.926021672738));
#4284=CARTESIAN_POINT('Ctrl Pts',(-81.3221661561069,95.6911825991587,104.210700552613));
#4285=CARTESIAN_POINT('Ctrl Pts',(-81.7169476222222,96.4222503266919,105.258956433022));
#4286=CARTESIAN_POINT('Ctrl Pts',(-82.4981151762489,98.2718619502486,107.059016433326));
#4287=CARTESIAN_POINT('Ctrl Pts',(-82.8746943920587,99.3774979461255,107.780991551982));
#4288=CARTESIAN_POINT('Ctrl Pts',(-83.6560666816043,102.081700053729,108.919380071008));
#4289=CARTESIAN_POINT('Ctrl Pts',(-84.0367639838386,103.688685453324,109.215564265328));
#4290=CARTESIAN_POINT('Ctrl Pts',(-84.3444263573529,105.339467794895,109.217384489373));
#4291=CARTESIAN_POINT('Ctrl Pts',(-84.3453740174854,105.344556853905,109.217387293959));
#4292=CARTESIAN_POINT('Ctrl Pts',(-84.3463208960337,105.34964605017,109.217387293959));
#4293=CARTESIAN_POINT('Ctrl Pts',(-93.9999999999796,110.539706768101,108.649349569793));
#4294=CARTESIAN_POINT('Ctrl Pts',(-94.3385724232879,110.574607803867,108.544976409487));
#4295=CARTESIAN_POINT('Ctrl Pts',(-94.6728403826242,110.612696019564,108.425818458697));
#4296=CARTESIAN_POINT('Ctrl Pts',(-96.2596771033484,110.811892539518,107.7780768143));
#4297=CARTESIAN_POINT('Ctrl Pts',(-97.4100066885241,111.011600410856,107.055562056728));
#4298=CARTESIAN_POINT('Ctrl Pts',(-99.3577268283924,111.495081163214,105.254569925816));
#4299=CARTESIAN_POINT('Ctrl Pts',(-100.140823268216,111.77118463089,104.20589368009));
#4300=CARTESIAN_POINT('Ctrl Pts',(-101.256422195289,112.412844836566,101.920947706959));
#4301=CARTESIAN_POINT('Ctrl Pts',(-101.588213338023,112.768760894412,100.7158065263));
#4302=CARTESIAN_POINT('Ctrl Pts',(-101.699666479297,113.215776372189,99.4034758906965));
#4303=CARTESIAN_POINT('Ctrl Pts',(-101.70623406297,113.247816778457,99.3103760712997));
#4304=CARTESIAN_POINT('Ctrl Pts',(-101.711465424446,113.28016746927,99.2173872939342));
#4305=CARTESIAN_POINT('Origin',(-79.4999999999978,116.871936350828,49.217387293959));
#4306=CARTESIAN_POINT('Ctrl Pts',(-91.6368578002099,108.520294323636,109.217387293959));
#4307=CARTESIAN_POINT('Ctrl Pts',(-100.306135529613,115.928586271954,109.217387293959));
#4308=CARTESIAN_POINT('Ctrl Pts',(-100.306135529613,115.928586271954,94.2173872939593));
#4309=CARTESIAN_POINT('Ctrl Pts',(-121.016783274933,74.1395307972547,109.217387293959));
#4310=CARTESIAN_POINT('Ctrl Pts',(-129.686061004336,81.5478227455734,109.21738729396));
#4311=CARTESIAN_POINT('Ctrl Pts',(-129.686061004336,81.5478227455733,94.2173872939594));
#4312=CARTESIAN_POINT('',(-125.21478156286,86.7801709783827,94.2173872939594));
#4313=CARTESIAN_POINT('',(-99.499999999998,116.871936350829,94.2173872939593));
#4314=CARTESIAN_POINT('',(-128.125617373672,80.6872764578221,102.192586304233));
#4315=CARTESIAN_POINT('Ctrl Pts',(-125.21478156286,86.7801709783827,94.2173872939594));
#4316=CARTESIAN_POINT('Ctrl Pts',(-125.29604872063,86.6850711138126,94.4462695646747));
#4317=CARTESIAN_POINT('Ctrl Pts',(-125.374813620257,86.5867639997688,94.6721020353464));
#4318=CARTESIAN_POINT('Ctrl Pts',(-125.74409252411,86.0978236177024,95.746580482896));
#4319=CARTESIAN_POINT('Ctrl Pts',(-126.039661216413,85.6119763478194,96.6617660280119));
#4320=CARTESIAN_POINT('Ctrl Pts',(-126.596620252567,84.4961965305862,98.4097626206031));
#4321=CARTESIAN_POINT('Ctrl Pts',(-126.859283309643,83.8659436853277,99.2419633952767));
#4322=CARTESIAN_POINT('Ctrl Pts',(-127.370680312408,82.5605540257621,100.702778535724));
#4323=CARTESIAN_POINT('Ctrl Pts',(-127.659732375375,81.7575546330613,101.460357131687));
#4324=CARTESIAN_POINT('Ctrl Pts',(-128.05688381141,80.8414796589403,102.091516921338));
#4325=CARTESIAN_POINT('Ctrl Pts',(-128.09085606241,80.7644689678726,102.142880828956));
#4326=CARTESIAN_POINT('Ctrl Pts',(-128.125617373672,80.6872764578221,102.192586304233));
#4327=CARTESIAN_POINT('',(-128.282968214486,80.3488161682969,102.398905061831));
#4328=CARTESIAN_POINT('Ctrl Pts',(-128.282968214486,80.3488161682969,102.398905061831));
#4329=CARTESIAN_POINT('Ctrl Pts',(-128.228633011314,80.4618488345481,102.333970953369));
#4330=CARTESIAN_POINT('Ctrl Pts',(-128.176287955198,80.5747551163712,102.265040571519));
#4331=CARTESIAN_POINT('Ctrl Pts',(-128.125617373672,80.6872764578221,102.192586304233));
#4332=CARTESIAN_POINT('',(-122.423807434707,81.7291924592288,106.972963827404));
#4333=CARTESIAN_POINT('Ctrl Pts',(-122.423807434707,81.7291924592288,106.972963827404));
#4334=CARTESIAN_POINT('Ctrl Pts',(-123.710047032494,81.8527673405682,106.111738620672));
#4335=CARTESIAN_POINT('Ctrl Pts',(-125.517431459462,81.7366898680701,104.561423542737));
#4336=CARTESIAN_POINT('Ctrl Pts',(-127.290612343567,81.0723237961999,102.971295531599));
#4337=CARTESIAN_POINT('Ctrl Pts',(-128.074567782535,80.5241885361285,102.490266295429));
#4338=CARTESIAN_POINT('Ctrl Pts',(-128.283232366046,80.3490338170737,102.399091485711));
#4339=CARTESIAN_POINT('Ctrl Pts',(-115.421436929954,80.6872764578222,109.217387293959));
#4340=CARTESIAN_POINT('Ctrl Pts',(-115.428472402344,80.6885665799343,109.217387293959));
#4341=CARTESIAN_POINT('Ctrl Pts',(-115.435507111093,80.6898560728836,109.217379592282));
#4342=CARTESIAN_POINT('Ctrl Pts',(-116.469704861578,80.8796033312248,109.215662555712));
#4343=CARTESIAN_POINT('Ctrl Pts',(-118.010544042559,81.1580272704589,108.991730659201));
#4344=CARTESIAN_POINT('Ctrl Pts',(-120.361612334342,81.5081578625741,108.1890111179));
#4345=CARTESIAN_POINT('Ctrl Pts',(-121.642048414582,81.6540853187596,107.496404852606));
#4346=CARTESIAN_POINT('Ctrl Pts',(-122.423807434707,81.7291924592288,106.972963827404));
#4347=CARTESIAN_POINT('Origin',(-99.499999999998,116.871936350829,94.2173872939593));
#4348=CARTESIAN_POINT('',(-124.385047840517,87.7511359633793,89.2173874057154));
#4349=CARTESIAN_POINT('Origin',(-131.158101086388,79.8252226659396,89.2173874057153));
#4350=CARTESIAN_POINT('Origin',(-131.158101086388,79.8252226659396,89.2173874057153));
#4351=CARTESIAN_POINT('Origin',(-84.4999999999979,116.871936350829,69.2173872939593));
#4352=CARTESIAN_POINT('',(-105.421436929954,80.6872764578221,69.2173872939596));
#4353=CARTESIAN_POINT('',(-74.499999999998,116.871936350829,69.2173872939596));
#4354=CARTESIAN_POINT('',(-105.421436929954,78.3283753443432,69.2173872939596));
#4355=CARTESIAN_POINT('',(-105.421436929954,80.6872764578221,69.2173872939596));
#4356=CARTESIAN_POINT('',(-115.421436929954,78.3283753443381,69.2173872939594));
#4357=CARTESIAN_POINT('',(-81.0000002235232,78.3283753443432,69.2173872939605));
#4358=CARTESIAN_POINT('',(-115.421436929954,80.6872764578221,69.2173872939594));
#4359=CARTESIAN_POINT('Ctrl Pts',(-129.131865165476,79.3817905862685,76.0705948664413));
#4360=CARTESIAN_POINT('Ctrl Pts',(-128.951105162507,79.6804974103504,76.1857686325966));
#4361=CARTESIAN_POINT('Ctrl Pts',(-128.230462033093,80.5094092707545,76.1630317628096));
#4362=CARTESIAN_POINT('Ctrl Pts',(-126.763991740241,81.3433498739195,75.009665221335));
#4363=CARTESIAN_POINT('Ctrl Pts',(-124.816001056327,81.7947614059585,73.2472244801687));
#4364=CARTESIAN_POINT('Ctrl Pts',(-123.281324782611,81.8115780356254,72.0359772384757));
#4365=CARTESIAN_POINT('Ctrl Pts',(-122.423808233051,81.7291925359294,71.461811295061));
#4366=CARTESIAN_POINT('Ctrl Pts',(-128.948114252496,79.3484963900087,75.7425329460799));
#4367=CARTESIAN_POINT('Ctrl Pts',(-128.800517881438,79.5978508562117,75.8371929527694));
#4368=CARTESIAN_POINT('Ctrl Pts',(-128.178808095833,80.2799241687427,75.7725418777435));
#4369=CARTESIAN_POINT('Ctrl Pts',(-126.808512228917,80.9227757568472,74.5979110056159));
#4370=CARTESIAN_POINT('Ctrl Pts',(-124.887258527929,81.2162750880911,72.843719489965));
#4371=CARTESIAN_POINT('Ctrl Pts',(-123.332817281012,81.1763501714968,71.6809136647034));
#4372=CARTESIAN_POINT('Ctrl Pts',(-122.464810266446,81.0881317411017,71.1482115319917));
#4373=CARTESIAN_POINT('Ctrl Pts',(-128.735083400808,79.2901757414565,75.4334299032499));
#4374=CARTESIAN_POINT('Ctrl Pts',(-128.619592616131,79.4892771875856,75.5078816841823));
#4375=CARTESIAN_POINT('Ctrl Pts',(-128.088535816694,80.0174348273802,75.406321949802));
#4376=CARTESIAN_POINT('Ctrl Pts',(-126.785268898821,80.4443562514258,74.2356024369236));
#4377=CARTESIAN_POINT('Ctrl Pts',(-124.867142110038,80.5600386226613,72.5339860699359));
#4378=CARTESIAN_POINT('Ctrl Pts',(-123.299381573963,80.4689599779589,71.4435862943019));
#4379=CARTESIAN_POINT('Ctrl Pts',(-122.431115697679,80.3836172881139,70.9554684117235));
#4380=CARTESIAN_POINT('Ctrl Pts',(-128.498195033735,79.2083131168855,75.1511535539743));
#4381=CARTESIAN_POINT('Ctrl Pts',(-128.413106507226,79.3575877203037,75.2064672063102));
#4382=CARTESIAN_POINT('Ctrl Pts',(-127.963354679198,79.7293047251879,75.0763729735739));
#4383=CARTESIAN_POINT('Ctrl Pts',(-126.696030923985,79.9339937898631,73.9446367693593));
#4384=CARTESIAN_POINT('Ctrl Pts',(-124.757205626915,79.8825577011963,72.3456227802664));
#4385=CARTESIAN_POINT('Ctrl Pts',(-123.184122240172,79.7550635897609,71.3458836785844));
#4386=CARTESIAN_POINT('Ctrl Pts',(-122.325740454841,79.6787087443212,70.9008339547414));
#4387=CARTESIAN_POINT('',(-128.498195033735,79.2083131168855,75.1511535539743));
#4388=CARTESIAN_POINT('Ctrl Pts',(-128.282968529084,80.3488162825917,76.0358701596086));
#4389=CARTESIAN_POINT('Ctrl Pts',(-128.304955039814,80.3030780986553,76.0095948536407));
#4390=CARTESIAN_POINT('Ctrl Pts',(-128.325699111175,80.2572392522431,75.9824307083238));
#4391=CARTESIAN_POINT('Ctrl Pts',(-128.420374475117,80.0333881507269,75.8454124606184));
#4392=CARTESIAN_POINT('Ctrl Pts',(-128.475490995577,79.8546614075469,75.7225715649524));
#4393=CARTESIAN_POINT('Ctrl Pts',(-128.529544406703,79.516698540873,75.4545402178886));
#4394=CARTESIAN_POINT('Ctrl Pts',(-128.530254213301,79.3585194504069,75.3114873576982));
#4395=CARTESIAN_POINT('Ctrl Pts',(-128.498916219544,79.2116305674321,75.1547044611704));
#4396=CARTESIAN_POINT('Ctrl Pts',(-128.498557643932,79.2099708113166,75.1529295742096));
#4397=CARTESIAN_POINT('Ctrl Pts',(-128.498195033735,79.2083131168855,75.1511535539743));
#4398=CARTESIAN_POINT('',(-122.325740454841,79.6787087443212,70.9008339547414));
#4399=CARTESIAN_POINT('Origin',(-120.024305946545,79.6787087443211,75.3396850678141));
#4400=CARTESIAN_POINT('Ctrl Pts',(-122.325740454841,79.6787087443212,70.9008339547414));
#4401=CARTESIAN_POINT('Ctrl Pts',(-123.184122240172,79.7550635897609,71.3458836785844));
#4402=CARTESIAN_POINT('Ctrl Pts',(-124.757205626915,79.8825577011963,72.3456227802664));
#4403=CARTESIAN_POINT('Ctrl Pts',(-126.696030923985,79.9339937898631,73.9446367693593));
#4404=CARTESIAN_POINT('Ctrl Pts',(-127.963354679198,79.7293047251879,75.0763729735739));
#4405=CARTESIAN_POINT('Ctrl Pts',(-128.413106507226,79.3575877203037,75.2064672063102));
#4406=CARTESIAN_POINT('Ctrl Pts',(-128.498195033735,79.2083131168855,75.1511535539743));
#4407=CARTESIAN_POINT('Ctrl Pts',(-122.423808233051,81.7291925359294,71.461811295061));
#4408=CARTESIAN_POINT('Ctrl Pts',(-121.642049151238,81.6540853993615,70.9383701545225));
#4409=CARTESIAN_POINT('Ctrl Pts',(-120.361616420675,81.5081598785469,70.2457623007398));
#4410=CARTESIAN_POINT('Ctrl Pts',(-118.010547963252,81.1580295586802,69.4430415956245));
#4411=CARTESIAN_POINT('Ctrl Pts',(-116.469705985491,80.8796039609997,69.2191113950357));
#4412=CARTESIAN_POINT('Ctrl Pts',(-115.435507106566,80.689856070136,69.2173949986178));
#4413=CARTESIAN_POINT('Ctrl Pts',(-115.428472402351,80.6885665800514,69.2173872939594));
#4414=CARTESIAN_POINT('Ctrl Pts',(-115.421436929954,80.6872764578221,69.2173872939594));
#4415=CARTESIAN_POINT('Ctrl Pts',(-122.464810266446,81.0881317411017,71.1482115319916));
#4416=CARTESIAN_POINT('Ctrl Pts',(-121.638320020641,81.0621453610239,70.6697864773578));
#4417=CARTESIAN_POINT('Ctrl Pts',(-120.308821442614,81.0097413143976,70.0616753144852));
#4418=CARTESIAN_POINT('Ctrl Pts',(-117.946151787741,80.8756123038198,69.3938841904865));
#4419=CARTESIAN_POINT('Ctrl Pts',(-116.442226803572,80.7644146694127,69.2188584013517));
#4420=CARTESIAN_POINT('Ctrl Pts',(-115.435140123491,80.6883110537707,69.2173929095454));
#4421=CARTESIAN_POINT('Ctrl Pts',(-115.42828865768,80.6877938867016,69.2173872939594));
#4422=CARTESIAN_POINT('Ctrl Pts',(-115.421436929954,80.6872764578221,69.2173872939594));
#4423=CARTESIAN_POINT('Ctrl Pts',(-122.431115697679,80.3836172881138,70.9554684117235));
#4424=CARTESIAN_POINT('Ctrl Pts',(-121.580764466242,80.4243706245667,70.5062343668362));
#4425=CARTESIAN_POINT('Ctrl Pts',(-120.229578546515,80.4887422797105,69.9513652216708));
#4426=CARTESIAN_POINT('Ctrl Pts',(-117.880584501854,80.5921612639201,69.365082732547));
#4427=CARTESIAN_POINT('Ctrl Pts',(-116.414801051213,80.6492668530945,69.2186861285999));
#4428=CARTESIAN_POINT('Ctrl Pts',(-115.434772886714,80.6867658401057,69.2173917951049));
#4429=CARTESIAN_POINT('Ctrl Pts',(-115.428104913008,80.6870211933517,69.2173872939594));
#4430=CARTESIAN_POINT('Ctrl Pts',(-115.421436929954,80.6872764578221,69.2173872939594));
#4431=CARTESIAN_POINT('Ctrl Pts',(-122.325740454841,79.6787087443211,70.9008339547414));
#4432=CARTESIAN_POINT('Ctrl Pts',(-121.473990886638,79.7864111314588,70.459222871433));
#4433=CARTESIAN_POINT('Ctrl Pts',(-120.127733288244,79.967714709275,69.9191282200632));
#4434=CARTESIAN_POINT('Ctrl Pts',(-117.81433871811,80.3087453832791,69.3563167608065));
#4435=CARTESIAN_POINT('Ctrl Pts',(-116.387411807423,80.5341233616646,69.2186002284354));
#4436=CARTESIAN_POINT('Ctrl Pts',(-115.434405476474,80.6852206062774,69.2173916287623));
#4437=CARTESIAN_POINT('Ctrl Pts',(-115.427921168336,80.6862485000019,69.2173872939594));
#4438=CARTESIAN_POINT('Ctrl Pts',(-115.421436929954,80.6872764578221,69.2173872939594));
#4439=CARTESIAN_POINT('Ctrl Pts',(-115.421436929954,80.6872764578221,69.2173872939594));
#4440=CARTESIAN_POINT('Ctrl Pts',(-115.427921168336,80.6862485000019,69.2173872939594));
#4441=CARTESIAN_POINT('Ctrl Pts',(-115.434405476474,80.6852206062774,69.2173916287623));
#4442=CARTESIAN_POINT('Ctrl Pts',(-116.387411807423,80.5341233616646,69.2186002284354));
#4443=CARTESIAN_POINT('Ctrl Pts',(-117.81433871811,80.3087453832791,69.3563167608065));
#4444=CARTESIAN_POINT('Ctrl Pts',(-120.127733288244,79.967714709275,69.9191282200632));
#4445=CARTESIAN_POINT('Ctrl Pts',(-121.473990886638,79.7864111314588,70.459222871433));
#4446=CARTESIAN_POINT('Ctrl Pts',(-122.325740454841,79.6787087443211,70.9008339547414));
#4447=CARTESIAN_POINT('Ctrl Pts',(-115.421436929954,80.6872764578222,109.217387293959));
#4448=CARTESIAN_POINT('Ctrl Pts',(-115.428472402344,80.6885665799343,109.217387293959));
#4449=CARTESIAN_POINT('Ctrl Pts',(-115.435507111093,80.6898560728836,109.217379592282));
#4450=CARTESIAN_POINT('Ctrl Pts',(-116.469704861578,80.8796033312248,109.215662555712));
#4451=CARTESIAN_POINT('Ctrl Pts',(-118.010544042559,81.1580272704589,108.991730659201));
#4452=CARTESIAN_POINT('Ctrl Pts',(-120.361612334342,81.5081578625741,108.1890111179));
#4453=CARTESIAN_POINT('Ctrl Pts',(-121.642048414582,81.6540853187596,107.496404852606));
#4454=CARTESIAN_POINT('Ctrl Pts',(-122.423807434707,81.7291924592288,106.972963827404));
#4455=CARTESIAN_POINT('Ctrl Pts',(-115.421436929954,80.6872764578222,109.217387293959));
#4456=CARTESIAN_POINT('Ctrl Pts',(-115.428282360207,80.6877885547068,109.217381767977));
#4457=CARTESIAN_POINT('Ctrl Pts',(-115.435147774034,80.6883174988504,109.217388508213));
#4458=CARTESIAN_POINT('Ctrl Pts',(-116.441199157968,80.7635754671822,109.214886699636));
#4459=CARTESIAN_POINT('Ctrl Pts',(-117.946120255058,80.8755456193277,109.041192478337));
#4460=CARTESIAN_POINT('Ctrl Pts',(-120.308559749297,81.0095037161059,108.372897170101));
#4461=CARTESIAN_POINT('Ctrl Pts',(-121.638108712602,81.0618794826093,107.765688389229));
#4462=CARTESIAN_POINT('Ctrl Pts',(-122.46480942254,81.0881317146216,107.286563544644));
#4463=CARTESIAN_POINT('Ctrl Pts',(-115.421436929954,80.6872764578222,109.217387293959));
#4464=CARTESIAN_POINT('Ctrl Pts',(-115.428107553868,80.6870245897829,109.217388257198));
#4465=CARTESIAN_POINT('Ctrl Pts',(-115.43476955943,80.6867617006172,109.217381408067));
#4466=CARTESIAN_POINT('Ctrl Pts',(-116.415254213327,80.6497958967765,109.216309329053));
#4467=CARTESIAN_POINT('Ctrl Pts',(-117.880755094885,80.5922967640392,109.069882305102));
#4468=CARTESIAN_POINT('Ctrl Pts',(-120.22983006896,80.4889570219776,108.4836014637));
#4469=CARTESIAN_POINT('Ctrl Pts',(-121.581006017,80.4246748652714,107.928583203996));
#4470=CARTESIAN_POINT('Ctrl Pts',(-122.431114829407,80.3836173297739,107.479306635106));
#4471=CARTESIAN_POINT('Ctrl Pts',(-115.421436929954,80.6872764578222,109.217387293959));
#4472=CARTESIAN_POINT('Ctrl Pts',(-115.427921168298,80.6862484999346,109.217387293959));
#4473=CARTESIAN_POINT('Ctrl Pts',(-115.434405477213,80.685220605577,109.217382960231));
#4474=CARTESIAN_POINT('Ctrl Pts',(-116.387411511608,80.5341235237963,109.216174129832));
#4475=CARTESIAN_POINT('Ctrl Pts',(-117.814337835839,80.3087459428407,109.078457001837));
#4476=CARTESIAN_POINT('Ctrl Pts',(-120.127731821902,79.9677153498875,108.515645678216));
#4477=CARTESIAN_POINT('Ctrl Pts',(-121.473990104936,79.7864112350295,107.975552051188));
#4478=CARTESIAN_POINT('Ctrl Pts',(-122.325739585022,79.6787088543083,107.533941084157));
#4479=CARTESIAN_POINT('',(-122.325739585022,79.6787088543083,107.533941084157));
#4480=CARTESIAN_POINT('Origin',(-120.024305366666,79.6787088543083,103.095089820758));
#4481=CARTESIAN_POINT('Ctrl Pts',(-122.325739585022,79.6787088543083,107.533941084157));
#4482=CARTESIAN_POINT('Ctrl Pts',(-121.473990104936,79.7864112350295,107.975552051188));
#4483=CARTESIAN_POINT('Ctrl Pts',(-120.127731821902,79.9677153498875,108.515645678216));
#4484=CARTESIAN_POINT('Ctrl Pts',(-117.814337835839,80.3087459428407,109.078457001837));
#4485=CARTESIAN_POINT('Ctrl Pts',(-116.387411511608,80.5341235237963,109.216174129832));
#4486=CARTESIAN_POINT('Ctrl Pts',(-115.434405477213,80.685220605577,109.217382960231));
#4487=CARTESIAN_POINT('Ctrl Pts',(-115.427921168298,80.6862484999346,109.217387293959));
#4488=CARTESIAN_POINT('Ctrl Pts',(-115.421436929954,80.6872764578222,109.217387293959));
#4489=CARTESIAN_POINT('Ctrl Pts',(-122.423807434707,81.7291924592288,106.972963827404));
#4490=CARTESIAN_POINT('Ctrl Pts',(-123.710047032494,81.8527673405682,106.111738620672));
#4491=CARTESIAN_POINT('Ctrl Pts',(-125.517431459462,81.7366898680701,104.561423542737));
#4492=CARTESIAN_POINT('Ctrl Pts',(-127.3578128014,81.0471454826965,102.911032457865));
#4493=CARTESIAN_POINT('Ctrl Pts',(-128.477612799054,80.2328227638157,102.251302891394));
#4494=CARTESIAN_POINT('Ctrl Pts',(-128.951109718873,79.6804891509891,102.249009838057));
#4495=CARTESIAN_POINT('Ctrl Pts',(-129.131864736301,79.3817905130686,102.364180481683));
#4496=CARTESIAN_POINT('Ctrl Pts',(-122.46480942254,81.0881317146216,107.286563544644));
#4497=CARTESIAN_POINT('Ctrl Pts',(-123.766784284769,81.2204557343966,106.487532355217));
#4498=CARTESIAN_POINT('Ctrl Pts',(-125.595866016329,81.1982490603488,104.976245437453));
#4499=CARTESIAN_POINT('Ctrl Pts',(-127.368748941333,80.6986491369279,103.316123140423));
#4500=CARTESIAN_POINT('Ctrl Pts',(-128.392623089801,80.0526223238509,102.62866848242));
#4501=CARTESIAN_POINT('Ctrl Pts',(-128.800521514975,79.5978439687939,102.597584907132));
#4502=CARTESIAN_POINT('Ctrl Pts',(-128.94811381309,79.3484963360237,102.692242349054));
#4503=CARTESIAN_POINT('Ctrl Pts',(-122.431114829407,80.3836173297739,107.479306635106));
#4504=CARTESIAN_POINT('Ctrl Pts',(-123.733477970384,80.5116278379708,106.747149985589));
#4505=CARTESIAN_POINT('Ctrl Pts',(-125.586083301375,80.584651590176,105.313951428784));
#4506=CARTESIAN_POINT('Ctrl Pts',(-127.324442688045,80.3029768638039,103.682739953048));
#4507=CARTESIAN_POINT('Ctrl Pts',(-128.271915932437,79.8418993434099,102.983463541745));
#4508=CARTESIAN_POINT('Ctrl Pts',(-128.619595363353,79.4892717032168,102.926895575676));
#4509=CARTESIAN_POINT('Ctrl Pts',(-128.735082958588,79.290175713025,103.001345341194));
#4510=CARTESIAN_POINT('Ctrl Pts',(-122.325739585022,79.6787088543083,107.533941084157));
#4511=CARTESIAN_POINT('Ctrl Pts',(-123.613276991867,79.7932379490012,106.86638489232));
#4512=CARTESIAN_POINT('Ctrl Pts',(-125.488902849869,79.9423000077243,105.546495240919));
#4513=CARTESIAN_POINT('Ctrl Pts',(-127.227586877669,79.8776215969761,103.993282782837));
#4514=CARTESIAN_POINT('Ctrl Pts',(-128.119497214459,79.6066498438946,103.304827529383));
#4515=CARTESIAN_POINT('Ctrl Pts',(-128.413108421442,79.3575836324216,103.228309488294));
#4516=CARTESIAN_POINT('Ctrl Pts',(-128.498194594968,79.2083131193616,103.28362164514));
#4517=CARTESIAN_POINT('',(-128.498194594968,79.2083131193616,103.28362164514));
#4518=CARTESIAN_POINT('Ctrl Pts',(-128.498194594968,79.2083131193616,103.28362164514));
#4519=CARTESIAN_POINT('Ctrl Pts',(-128.498557204894,79.2099708116062,103.281845627124));
#4520=CARTESIAN_POINT('Ctrl Pts',(-128.49891578108,79.2116305694576,103.28007073819));
#4521=CARTESIAN_POINT('Ctrl Pts',(-128.538905781918,79.3990734252328,103.080002255218));
#4522=CARTESIAN_POINT('Ctrl Pts',(-128.522953355112,79.5841847506998,102.92372490385));
#4523=CARTESIAN_POINT('Ctrl Pts',(-128.454504566364,79.9385604514822,102.651047520687));
#4524=CARTESIAN_POINT('Ctrl Pts',(-128.380962566044,80.1449600641949,102.516014697597));
#4525=CARTESIAN_POINT('Ctrl Pts',(-128.282968214486,80.3488161682969,102.398905061831));
#4526=CARTESIAN_POINT('Ctrl Pts',(-128.498194594968,79.2083131193616,103.28362164514));
#4527=CARTESIAN_POINT('Ctrl Pts',(-128.413108421442,79.3575836324216,103.228309488294));
#4528=CARTESIAN_POINT('Ctrl Pts',(-128.119497214459,79.6066498438946,103.304827529383));
#4529=CARTESIAN_POINT('Ctrl Pts',(-127.227586877669,79.8776215969761,103.993282782837));
#4530=CARTESIAN_POINT('Ctrl Pts',(-125.488902849869,79.9423000077243,105.546495240919));
#4531=CARTESIAN_POINT('Ctrl Pts',(-123.613276991867,79.7932379490012,106.86638489232));
#4532=CARTESIAN_POINT('Ctrl Pts',(-122.325739585022,79.6787088543083,107.533941084157));
#4533=CARTESIAN_POINT('Origin',(-115.421436929954,80.6872764578221,94.2173872939594));
#4534=CARTESIAN_POINT('',(-115.855359400342,78.3466233817313,109.211109690006));
#4535=CARTESIAN_POINT('Ctrl Pts',(-115.855359400344,78.346623381723,109.211109690005));
#4536=CARTESIAN_POINT('Ctrl Pts',(-117.795976225421,78.5097162356805,109.154947702703));
#4537=CARTESIAN_POINT('Ctrl Pts',(-120.034235407981,78.9592366053617,108.641877852456));
#4538=CARTESIAN_POINT('Ctrl Pts',(-122.040796220595,79.5849042411072,107.68107962936));
#4539=CARTESIAN_POINT('Ctrl Pts',(-122.325461368888,79.6785946384548,107.533332615258));
#4540=CARTESIAN_POINT('Ctrl Pts',(-115.421436929954,78.3283758320982,109.217387293959));
#4541=CARTESIAN_POINT('Ctrl Pts',(-115.566193716705,78.3283758320983,109.217387293959));
#4542=CARTESIAN_POINT('Ctrl Pts',(-115.710949537752,78.3344869226766,109.215288951344));
#4543=CARTESIAN_POINT('Ctrl Pts',(-115.855359400342,78.3466233817313,109.211109690006));
#4544=CARTESIAN_POINT('Ctrl Pts',(-128.507404680387,79.2126409189646,75.1631409117057));
#4545=CARTESIAN_POINT('Ctrl Pts',(-127.265981356745,78.6288604679282,73.5457474997172));
#4546=CARTESIAN_POINT('Ctrl Pts',(-123.653952841959,77.3104824283493,70.3011209322));
#4547=CARTESIAN_POINT('Ctrl Pts',(-118.820812331768,76.4381157708484,68.8513252370306));
#4548=CARTESIAN_POINT('Ctrl Pts',(-116.000000223753,76.2603162505384,68.7696901549557));
#4549=CARTESIAN_POINT('Ctrl Pts',(-127.910169441773,80.0115876695465,75.333175152274));
#4550=CARTESIAN_POINT('Ctrl Pts',(-126.746929124806,79.4035459078295,73.7633652564359));
#4551=CARTESIAN_POINT('Ctrl Pts',(-123.323260211294,78.0223135410436,70.5923000461854));
#4552=CARTESIAN_POINT('Ctrl Pts',(-118.670330469973,77.0999811692133,69.1552703447424));
#4553=CARTESIAN_POINT('Ctrl Pts',(-115.950258455396,76.9120775532118,69.0689406103188));
#4554=CARTESIAN_POINT('Ctrl Pts',(-127.490071028541,80.9822213973718,75.30528025257));
#4555=CARTESIAN_POINT('Ctrl Pts',(-126.366250779599,80.3217909814068,73.7833696638315));
#4556=CARTESIAN_POINT('Ctrl Pts',(-123.053018952977,78.8259442452869,70.7060999948413));
#4557=CARTESIAN_POINT('Ctrl Pts',(-118.539744215283,77.8317238539697,69.3092021920266));
#4558=CARTESIAN_POINT('Ctrl Pts',(-115.900545131661,77.629145080728,69.224972585467));
#4559=CARTESIAN_POINT('Ctrl Pts',(-127.320480152256,81.9550197118837,75.0843280916009));
#4560=CARTESIAN_POINT('Ctrl Pts',(-126.182508772251,81.2415102717282,73.6017174639447));
#4561=CARTESIAN_POINT('Ctrl Pts',(-122.871482633697,79.630159334465,70.6274764437206));
#4562=CARTESIAN_POINT('Ctrl Pts',(-118.441103832688,78.5639334197416,69.298497056482));
#4563=CARTESIAN_POINT('Ctrl Pts',(-115.855359400342,78.3466228949183,69.2236648979134));
#4564=CARTESIAN_POINT('',(-115.855359400342,78.3466228949183,69.2236648979134));
#4565=CARTESIAN_POINT('Ctrl Pts',(-122.325259159641,79.6790048505885,70.9016239010038));
#4566=CARTESIAN_POINT('Ctrl Pts',(-120.350411684184,79.0295343079332,69.8817912030472));
#4567=CARTESIAN_POINT('Ctrl Pts',(-118.12370208549,78.5372584168292,69.2893113621886));
#4568=CARTESIAN_POINT('Ctrl Pts',(-115.855359400342,78.3466228949183,69.2236648979134));
#4569=CARTESIAN_POINT('',(-116.000000223638,76.2603162505384,68.7696901549557));
#4570=CARTESIAN_POINT('Origin',(-116.000000223804,78.3466228949183,64.2257574325647));
#4571=CARTESIAN_POINT('Ctrl Pts',(-116.000000223753,76.2603162505384,68.7696901549557));
#4572=CARTESIAN_POINT('Ctrl Pts',(-118.820812331768,76.4381157708484,68.8513252370306));
#4573=CARTESIAN_POINT('Ctrl Pts',(-123.648833793456,77.3095584561985,70.2995853727707));
#4574=CARTESIAN_POINT('Ctrl Pts',(-127.258328585434,78.6260682329381,73.5388763834857));
#4575=CARTESIAN_POINT('Ctrl Pts',(-128.498195039574,79.2083130627789,75.1511535690231));
#4576=CARTESIAN_POINT('Ctrl Pts',(-116.000000223722,76.2603162505272,68.7696901549545));
#4577=CARTESIAN_POINT('Ctrl Pts',(-115.807453740322,76.2503864198856,68.7651309607694));
#4578=CARTESIAN_POINT('Ctrl Pts',(-115.614445978939,76.2453864364273,68.7628418597339));
#4579=CARTESIAN_POINT('Ctrl Pts',(-115.421436929954,76.2453864364273,68.7628418597339));
#4580=CARTESIAN_POINT('Ctrl Pts',(-115.950258455356,76.9120775531999,69.0689406103173));
#4581=CARTESIAN_POINT('Ctrl Pts',(-115.774276185682,76.901683349945,69.0637793479814));
#4582=CARTESIAN_POINT('Ctrl Pts',(-115.59785393982,76.8964465247866,69.0611950657361));
#4583=CARTESIAN_POINT('Ctrl Pts',(-115.421436929954,76.8964465247866,69.0611950657361));
#4584=CARTESIAN_POINT('Ctrl Pts',(-115.900545131611,77.6291450807152,69.2249725854654));
#4585=CARTESIAN_POINT('Ctrl Pts',(-115.741115924863,77.6178823954306,69.2199179721958));
#4586=CARTESIAN_POINT('Ctrl Pts',(-115.581272578973,77.6122092503444,69.2173872939594));
#4587=CARTESIAN_POINT('Ctrl Pts',(-115.421436929954,77.6122092503444,69.2173872939594));
#4588=CARTESIAN_POINT('Ctrl Pts',(-115.85535940028,78.3466228949046,69.2236648979116));
#4589=CARTESIAN_POINT('Ctrl Pts',(-115.710949537731,78.3344864352316,69.2194856365753));
#4590=CARTESIAN_POINT('Ctrl Pts',(-115.566193716693,78.3283753443381,69.2173872939594));
#4591=CARTESIAN_POINT('Ctrl Pts',(-115.421436929954,78.3283753443381,69.2173872939594));
#4592=CARTESIAN_POINT('',(-115.421436929954,76.2453864364273,68.7628418597339));
#4593=CARTESIAN_POINT('Origin',(-115.421436929954,78.3283753443381,64.2173872939594));
#4594=CARTESIAN_POINT('Ctrl Pts',(-115.421436929954,76.2453864364273,68.7628418597339));
#4595=CARTESIAN_POINT('Ctrl Pts',(-115.614445978939,76.2453864364273,68.7628418597339));
#4596=CARTESIAN_POINT('Ctrl Pts',(-115.807453740322,76.2503864198856,68.7651309607694));
#4597=CARTESIAN_POINT('Ctrl Pts',(-116.000000223722,76.2603162505272,68.7696901549545));
#4598=CARTESIAN_POINT('Ctrl Pts',(-115.85535940028,78.3466228949046,69.2236648979116));
#4599=CARTESIAN_POINT('Ctrl Pts',(-115.710949537731,78.3344864352316,69.2194856365753));
#4600=CARTESIAN_POINT('Ctrl Pts',(-115.566193716693,78.3283753443381,69.2173872939594));
#4601=CARTESIAN_POINT('Ctrl Pts',(-115.421436929954,78.3283753443381,69.2173872939594));
#4602=CARTESIAN_POINT('Origin',(-81.000000223523,78.328375344343,64.2173872939605));
#4603=CARTESIAN_POINT('',(-105.421436929954,76.2453864364313,68.7628418597354));
#4604=CARTESIAN_POINT('Origin',(-105.421436929954,78.328375344343,64.2173872939613));
#4605=CARTESIAN_POINT('',(-81.0000002235228,76.2453864364313,68.7628418597346));
#4606=CARTESIAN_POINT('Ctrl Pts',(-105.421436929954,76.2453864364283,68.7628418597341));
#4607=CARTESIAN_POINT('Ctrl Pts',(-104.288758470533,76.2453864364284,68.7628418597341));
#4608=CARTESIAN_POINT('Ctrl Pts',(-102.039970327392,76.6137134410399,68.9269724588717));
#4609=CARTESIAN_POINT('Ctrl Pts',(-99.0619480143403,77.8426075620313,69.5507683564708));
#4610=CARTESIAN_POINT('Ctrl Pts',(-95.534507554208,79.8428653380164,70.7594338413525));
#4611=CARTESIAN_POINT('Ctrl Pts',(-91.7428310795279,82.5853207029116,72.9062508772104));
#4612=CARTESIAN_POINT('Ctrl Pts',(-89.3033262400098,84.6335188550234,75.306105176322));
#4613=CARTESIAN_POINT('Ctrl Pts',(-88.2898148734193,85.556959077087,76.6826386759189));
#4614=CARTESIAN_POINT('Ctrl Pts',(-105.421436929954,76.6174207726337,68.933329406021));
#4615=CARTESIAN_POINT('Ctrl Pts',(-104.344393237824,76.6174207726337,68.933329406021));
#4616=CARTESIAN_POINT('Ctrl Pts',(-102.205975603396,76.9965448418269,69.1092901711298));
#4617=CARTESIAN_POINT('Ctrl Pts',(-99.3814477701076,78.2538484624889,69.7779915791032));
#4618=CARTESIAN_POINT('Ctrl Pts',(-96.0506489883366,80.2848491952103,71.0641238528854));
#4619=CARTESIAN_POINT('Ctrl Pts',(-92.5074967989911,83.024002370706,73.3231671035864));
#4620=CARTESIAN_POINT('Ctrl Pts',(-90.2847005710696,84.9948168406584,75.7691829920937));
#4621=CARTESIAN_POINT('Ctrl Pts',(-89.379375711558,85.860618928289,77.1352916443246));
#4622=CARTESIAN_POINT('Ctrl Pts',(-105.421436929954,77.3052732348228,69.1512880352509));
#4623=CARTESIAN_POINT('Ctrl Pts',(-104.441743834318,77.3052732348229,69.1512880352509));
#4624=CARTESIAN_POINT('Ctrl Pts',(-102.497116987456,77.7095846483949,69.3352650862731));
#4625=CARTESIAN_POINT('Ctrl Pts',(-99.9411904607921,79.0512924403812,70.0305693165814));
#4626=CARTESIAN_POINT('Ctrl Pts',(-96.9550272632186,81.2133227896151,71.3624989591087));
#4627=CARTESIAN_POINT('Ctrl Pts',(-93.8454006666548,84.1168860315742,73.6826762565564));
#4628=CARTESIAN_POINT('Ctrl Pts',(-91.9983432081612,86.1735015559285,76.1348430848023));
#4629=CARTESIAN_POINT('Ctrl Pts',(-91.2768051216491,87.0673877056894,77.4687662987735));
#4630=CARTESIAN_POINT('Ctrl Pts',(-105.421436929954,78.021447018342,69.2173872939596));
#4631=CARTESIAN_POINT('Ctrl Pts',(-104.533997426955,78.0214470183421,69.2173872939596));
#4632=CARTESIAN_POINT('Ctrl Pts',(-102.772139157689,78.4577737574779,69.381336628587));
#4633=CARTESIAN_POINT('Ctrl Pts',(-100.449517664116,79.9116738759225,70.0026332179745));
#4634=CARTESIAN_POINT('Ctrl Pts',(-97.7197987520677,82.2715214653302,71.1988414438475));
#4635=CARTESIAN_POINT('Ctrl Pts',(-94.8373928628808,85.4889942839979,73.3011895746072));
#4636=CARTESIAN_POINT('Ctrl Pts',(-93.0565558266412,87.8583713115889,75.5866660541743));
#4637=CARTESIAN_POINT('Ctrl Pts',(-92.3378079479546,88.9169488932219,76.8671559153689));
#4638=CARTESIAN_POINT('Ctrl Pts',(-105.421436929954,78.3283753443394,69.2173872939596));
#4639=CARTESIAN_POINT('Ctrl Pts',(-104.571928085387,78.3283753443395,69.2173872939596));
#4640=CARTESIAN_POINT('Ctrl Pts',(-102.885336978033,78.7785527944201,69.3678403431692));
#4641=CARTESIAN_POINT('Ctrl Pts',(-100.651820243244,80.280534497854,69.9396532493017));
#4642=CARTESIAN_POINT('Ctrl Pts',(-98.0062398981448,82.7252940018358,71.0475966104432));
#4643=CARTESIAN_POINT('Ctrl Pts',(-95.1624825421345,86.0771838922633,73.0155122266464));
#4644=CARTESIAN_POINT('Ctrl Pts',(-93.332853912496,88.5805371892888,75.2153786674987));
#4645=CARTESIAN_POINT('Ctrl Pts',(-92.5727203875531,89.7091863495888,76.4772010421292));
#4646=CARTESIAN_POINT('',(-88.2898148734193,85.5569590770869,76.6826386759188));
#4647=CARTESIAN_POINT('Ctrl Pts',(-88.2898148734193,85.556959077087,76.6826386759189));
#4648=CARTESIAN_POINT('Ctrl Pts',(-89.3033262400098,84.6335188550234,75.306105176322));
#4649=CARTESIAN_POINT('Ctrl Pts',(-91.7428310795279,82.5853207029116,72.9062508772104));
#4650=CARTESIAN_POINT('Ctrl Pts',(-95.534507554208,79.8428653380164,70.7594338413525));
#4651=CARTESIAN_POINT('Ctrl Pts',(-99.0619480143403,77.8426075620313,69.5507683564708));
#4652=CARTESIAN_POINT('Ctrl Pts',(-102.039970327392,76.6137134410399,68.9269724588717));
#4653=CARTESIAN_POINT('Ctrl Pts',(-104.288758470533,76.2453864364284,68.7628418597341));
#4654=CARTESIAN_POINT('Ctrl Pts',(-105.421436929954,76.2453864364283,68.7628418597341));
#4655=CARTESIAN_POINT('',(-101.007735003891,80.0907324677223,69.8814452144218));
#4656=CARTESIAN_POINT('Ctrl Pts',(-105.421436929954,78.3283753443394,69.2173872939596));
#4657=CARTESIAN_POINT('Ctrl Pts',(-104.571928085387,78.3283753443395,69.2173872939596));
#4658=CARTESIAN_POINT('Ctrl Pts',(-103.010362336576,78.7451815778527,69.35668740495));
#4659=CARTESIAN_POINT('Ctrl Pts',(-101.618169443484,79.6344486027615,69.6937997288659));
#4660=CARTESIAN_POINT('Ctrl Pts',(-101.008795393332,80.0924511202468,69.8817533147944));
#4661=CARTESIAN_POINT('',(-96.3217758879476,81.6721373197821,71.6952242920155));
#4662=CARTESIAN_POINT('Ctrl Pts',(-101.007735003891,80.0907324677184,69.8814452144217));
#4663=CARTESIAN_POINT('Ctrl Pts',(-101.003321111119,80.0919405893965,69.8828041489739));
#4664=CARTESIAN_POINT('Ctrl Pts',(-100.99890782407,80.0931497540703,69.8841641312612));
#4665=CARTESIAN_POINT('Ctrl Pts',(-100.358411828654,80.2688093353026,70.0817156481858));
#4666=CARTESIAN_POINT('Ctrl Pts',(-99.7236686670028,80.4678072729041,70.3031518034618));
#4667=CARTESIAN_POINT('Ctrl Pts',(-98.1681778370947,80.9882151509652,70.8902093269082));
#4668=CARTESIAN_POINT('Ctrl Pts',(-97.2450836707324,81.3276796486797,71.2804455234856));
#4669=CARTESIAN_POINT('Ctrl Pts',(-96.3217758879476,81.6721373197821,71.6952242920155));
#4670=CARTESIAN_POINT('Ctrl Pts',(-88.2898148734192,85.556959077087,76.6826386759189));
#4671=CARTESIAN_POINT('Ctrl Pts',(-90.5366847151123,84.2510237213041,74.7359357680405));
#4672=CARTESIAN_POINT('Ctrl Pts',(-93.0124504755049,83.0138032684433,73.2846332301114));
#4673=CARTESIAN_POINT('Ctrl Pts',(-95.581501821304,81.9558637503524,72.0340091477782));
#4674=CARTESIAN_POINT('Ctrl Pts',(-95.9589714136085,81.8074884850451,71.8582074227649));
#4675=CARTESIAN_POINT('Ctrl Pts',(-96.3217758879476,81.6721373197821,71.6952242920155));
#4676=CARTESIAN_POINT('Ctrl Pts',(-105.421436929954,80.6872764578221,69.2173872939596));
#4677=CARTESIAN_POINT('Ctrl Pts',(-105.413461457221,80.6861881472024,69.2173872939596));
#4678=CARTESIAN_POINT('Ctrl Pts',(-105.405495744257,80.6851013980142,69.2173925301005));
#4679=CARTESIAN_POINT('Ctrl Pts',(-103.556179175354,80.4326727652848,69.2207095923037));
#4680=CARTESIAN_POINT('Ctrl Pts',(-101.104929044557,80.099093715498,69.6786832430659));
#4681=CARTESIAN_POINT('Ctrl Pts',(-98.2868570904792,79.7364604399619,70.9797974862465));
#4682=CARTESIAN_POINT('Ctrl Pts',(-97.2310549292285,79.6050162553244,71.6357424934705));
#4683=CARTESIAN_POINT('Ctrl Pts',(-96.7285878513261,79.5436317246324,71.9930519379498));
#4684=CARTESIAN_POINT('Ctrl Pts',(-105.421436929954,80.6872764578221,69.2173872939596));
#4685=CARTESIAN_POINT('Ctrl Pts',(-105.413384906972,80.6868975660763,69.2173845063685));
#4686=CARTESIAN_POINT('Ctrl Pts',(-105.405358541814,80.6864808910676,69.2173955468746));
#4687=CARTESIAN_POINT('Ctrl Pts',(-103.539176417157,80.5961950584038,69.2205034133323));
#4688=CARTESIAN_POINT('Ctrl Pts',(-101.067286396706,80.4755809314991,69.6879713181701));
#4689=CARTESIAN_POINT('Ctrl Pts',(-98.2413898864775,80.3459381777827,71.0041183678947));
#4690=CARTESIAN_POINT('Ctrl Pts',(-97.1856244948321,80.2987496524623,71.6652275058889));
#4691=CARTESIAN_POINT('Ctrl Pts',(-96.6839804881212,80.2766688452694,72.0247726871638));
#4692=CARTESIAN_POINT('Ctrl Pts',(-105.421436929954,80.6872764578221,69.2173872939596));
#4693=CARTESIAN_POINT('Ctrl Pts',(-105.413305202475,80.6875590412714,69.2173692654897));
#4694=CARTESIAN_POINT('Ctrl Pts',(-105.405223752543,80.6879055318327,69.2174092902273));
#4695=CARTESIAN_POINT('Ctrl Pts',(-103.522220536783,80.7574263571782,69.2195607826724));
#4696=CARTESIAN_POINT('Ctrl Pts',(-101.027536773122,80.8521341813532,69.6617335466586));
#4697=CARTESIAN_POINT('Ctrl Pts',(-98.1444872109066,80.9547969123737,70.9285787915492));
#4698=CARTESIAN_POINT('Ctrl Pts',(-97.0605927728139,80.9918791884466,71.5710203633676));
#4699=CARTESIAN_POINT('Ctrl Pts',(-96.5439658499327,81.0092479422856,71.922267761444));
#4700=CARTESIAN_POINT('Ctrl Pts',(-105.421436929954,80.6872764578221,69.2173872939596));
#4701=CARTESIAN_POINT('Ctrl Pts',(-105.413247653091,80.6882772431857,69.2173872939596));
#4702=CARTESIAN_POINT('Ctrl Pts',(-105.405067385897,80.6892761689567,69.2173898117283));
#4703=CARTESIAN_POINT('Ctrl Pts',(-103.506509998055,80.921544045493,69.2208294895129));
#4704=CARTESIAN_POINT('Ctrl Pts',(-100.985563505822,81.2266411786589,69.5996122737265));
#4705=CARTESIAN_POINT('Ctrl Pts',(-98.0021249709125,81.525418175744,70.7581767016584));
#4706=CARTESIAN_POINT('Ctrl Pts',(-96.8667357533441,81.6267068820353,71.3614393018846));
#4707=CARTESIAN_POINT('Ctrl Pts',(-96.3217758879476,81.6721373197821,71.6952242920155));
#4708=CARTESIAN_POINT('Ctrl Pts',(-101.007823087942,80.0907988639913,69.8817600964171));
#4709=CARTESIAN_POINT('Ctrl Pts',(-102.43155708646,80.279656914927,69.4436631271177));
#4710=CARTESIAN_POINT('Ctrl Pts',(-103.913593367024,80.4814592073892,69.2200685094702));
#4711=CARTESIAN_POINT('Ctrl Pts',(-105.405495744257,80.6851013980142,69.2173925301005));
#4712=CARTESIAN_POINT('Ctrl Pts',(-105.413461457221,80.6861881472024,69.2173872939596));
#4713=CARTESIAN_POINT('Ctrl Pts',(-105.421436929954,80.6872764578221,69.2173872939596));
#4714=CARTESIAN_POINT('Ctrl Pts',(-105.421436929954,80.6872764578221,69.2173872939596));
#4715=CARTESIAN_POINT('Ctrl Pts',(-105.413247653091,80.6882772431857,69.2173872939596));
#4716=CARTESIAN_POINT('Ctrl Pts',(-105.405067385897,80.6892761689567,69.2173898117283));
#4717=CARTESIAN_POINT('Ctrl Pts',(-103.506509998055,80.921544045493,69.2208294895129));
#4718=CARTESIAN_POINT('Ctrl Pts',(-100.985563505822,81.2266411786589,69.5996122737265));
#4719=CARTESIAN_POINT('Ctrl Pts',(-98.0021249709125,81.525418175744,70.7581767016584));
#4720=CARTESIAN_POINT('Ctrl Pts',(-96.8667357533441,81.6267068820353,71.3614393018846));
#4721=CARTESIAN_POINT('Ctrl Pts',(-96.3217758879476,81.6721373197821,71.6952242920155));
#4722=CARTESIAN_POINT('Ctrl Pts',(-87.3848624631879,101.793905952215,69.2173872939596));
#4723=CARTESIAN_POINT('Ctrl Pts',(-78.7155847337849,94.3856140038965,69.2173872939595));
#4724=CARTESIAN_POINT('Ctrl Pts',(-78.7155847337849,94.3856140038966,84.2173872939596));
#4725=CARTESIAN_POINT('Ctrl Pts',(-105.421436929954,80.6872764578221,69.2173872939597));
#4726=CARTESIAN_POINT('Ctrl Pts',(-96.7521592005515,73.2789845095034,69.2173872939596));
#4727=CARTESIAN_POINT('Ctrl Pts',(-96.7521592005515,73.2789845095035,84.2173872939597));
#4728=CARTESIAN_POINT('',(-83.4807581495244,88.8093472938368,84.2173872939596));
#4729=CARTESIAN_POINT('',(-59.499999999998,116.871936350829,84.2173872939596));
#4730=CARTESIAN_POINT('Ctrl Pts',(-83.4807581495245,88.8093472938367,84.2173872939591));
#4731=CARTESIAN_POINT('Ctrl Pts',(-83.7176041865248,88.5321870404088,83.0013516458368));
#4732=CARTESIAN_POINT('Ctrl Pts',(-84.1723349802948,88.1699287357021,81.8744135572827));
#4733=CARTESIAN_POINT('Ctrl Pts',(-85.377541984105,87.3282243664695,79.7800135749425));
#4734=CARTESIAN_POINT('Ctrl Pts',(-86.1296867037098,86.8484149023794,78.813658351138));
#4735=CARTESIAN_POINT('Ctrl Pts',(-87.3939083782086,86.0825668172694,77.4932783905789));
#4736=CARTESIAN_POINT('Ctrl Pts',(-87.8335638914732,85.8221432356785,77.0779375476184));
#4737=CARTESIAN_POINT('Ctrl Pts',(-88.2898148734194,85.5569590770869,76.6826386759188));
#4738=CARTESIAN_POINT('Origin',(-105.421436929954,80.6872764578221,84.2173872939597));
#4739=CARTESIAN_POINT('Origin',(-115.421436929954,80.6872764578221,84.2173872939594));
#4740=CARTESIAN_POINT('Ctrl Pts',(-96.7285882288952,79.5436317707586,106.441722918462));
#4741=CARTESIAN_POINT('Ctrl Pts',(-97.7335223538488,79.6664008295348,107.156341738748));
#4742=CARTESIAN_POINT('Ctrl Pts',(-99.3929357510803,79.8766719641169,108.048789799162));
#4743=CARTESIAN_POINT('Ctrl Pts',(-102.325442933686,80.26505900204,108.98379250354));
#4744=CARTESIAN_POINT('Ctrl Pts',(-104.171828235025,80.5167567813354,109.215438424123));
#4745=CARTESIAN_POINT('Ctrl Pts',(-105.405487260593,80.6851000187805,109.217380821459));
#4746=CARTESIAN_POINT('Ctrl Pts',(-105.413461451056,80.6861881463488,109.217387293959));
#4747=CARTESIAN_POINT('Ctrl Pts',(-105.421436929954,80.6872764578222,109.217387293959));
#4748=CARTESIAN_POINT('Ctrl Pts',(-96.6839808651087,80.2766688618187,106.410002170909));
#4749=CARTESIAN_POINT('Ctrl Pts',(-97.6871969081479,80.3206611143992,107.129208521772));
#4750=CARTESIAN_POINT('Ctrl Pts',(-99.3488357257609,80.3958986480744,108.030835398866));
#4751=CARTESIAN_POINT('Ctrl Pts',(-102.297889983799,80.5352048138245,108.979551018211));
#4752=CARTESIAN_POINT('Ctrl Pts',(-104.160634664221,80.6258564162703,109.215448094119));
#4753=CARTESIAN_POINT('Ctrl Pts',(-105.405344857617,80.6864926724579,109.217380507933));
#4754=CARTESIAN_POINT('Ctrl Pts',(-105.413390182955,80.6868845122277,109.217387293959));
#4755=CARTESIAN_POINT('Ctrl Pts',(-105.421436929953,80.6872764578345,109.217387293959));
#4756=CARTESIAN_POINT('Ctrl Pts',(-96.5439662382654,81.0092479293498,106.512507090285));
#4757=CARTESIAN_POINT('Ctrl Pts',(-97.5773831732936,80.974742604996,107.214824442171));
#4758=CARTESIAN_POINT('Ctrl Pts',(-99.2775347191436,80.9151095837836,108.085209685784));
#4759=CARTESIAN_POINT('Ctrl Pts',(-102.269877333482,80.8053868650964,108.992189137163));
#4760=CARTESIAN_POINT('Ctrl Pts',(-104.149470265853,80.7349606981138,109.215529132763));
#4761=CARTESIAN_POINT('Ctrl Pts',(-105.405202322493,80.6878853055209,109.217380927279));
#4762=CARTESIAN_POINT('Ctrl Pts',(-105.413318914855,80.6875808781065,109.217387293959));
#4763=CARTESIAN_POINT('Ctrl Pts',(-105.421436929952,80.6872764578468,109.217387293959));
#4764=CARTESIAN_POINT('Ctrl Pts',(-96.3217762974471,81.6721372856443,106.73955054672));
#4765=CARTESIAN_POINT('Ctrl Pts',(-97.4116959902225,81.581276410207,107.407120457825));
#4766=CARTESIAN_POINT('Ctrl Pts',(-99.1817298195811,81.4133963367227,108.209975087591));
#4767=CARTESIAN_POINT('Ctrl Pts',(-102.241364860719,81.0750996736196,109.021864295344));
#4768=CARTESIAN_POINT('Ctrl Pts',(-104.138336834862,80.844086004112,109.215675804367));
#4769=CARTESIAN_POINT('Ctrl Pts',(-105.405059647336,80.6892778430473,109.217382105054));
#4770=CARTESIAN_POINT('Ctrl Pts',(-105.413247646754,80.6882772439854,109.217387293959));
#4771=CARTESIAN_POINT('Ctrl Pts',(-105.421436929951,80.6872764578591,109.217387293959));
#4772=CARTESIAN_POINT('',(-96.3217762974471,81.6721372856443,106.73955054672));
#4773=CARTESIAN_POINT('Ctrl Pts',(-96.3217762974471,81.6721372856443,106.73955054672));
#4774=CARTESIAN_POINT('Ctrl Pts',(-97.4116959902225,81.581276410207,107.407120457825));
#4775=CARTESIAN_POINT('Ctrl Pts',(-99.1817298195811,81.4133963367227,108.209975087591));
#4776=CARTESIAN_POINT('Ctrl Pts',(-102.241364860719,81.0750996736196,109.021864295344));
#4777=CARTESIAN_POINT('Ctrl Pts',(-104.138336834862,80.844086004112,109.215675804367));
#4778=CARTESIAN_POINT('Ctrl Pts',(-105.405059647336,80.6892778430473,109.217382105054));
#4779=CARTESIAN_POINT('Ctrl Pts',(-105.413247646754,80.6882772439854,109.217387293959));
#4780=CARTESIAN_POINT('Ctrl Pts',(-105.421436929951,80.6872764578591,109.217387293959));
#4781=CARTESIAN_POINT('',(-101.00773546649,80.0907325290514,108.553329515921));
#4782=CARTESIAN_POINT('Ctrl Pts',(-105.421436929954,80.6872764578222,109.217387293959));
#4783=CARTESIAN_POINT('Ctrl Pts',(-105.413461451056,80.6861881463488,109.217387293959));
#4784=CARTESIAN_POINT('Ctrl Pts',(-105.405487260593,80.6851000187805,109.217380821459));
#4785=CARTESIAN_POINT('Ctrl Pts',(-104.171828235025,80.5167567813354,109.215438424123));
#4786=CARTESIAN_POINT('Ctrl Pts',(-102.684226110629,80.3139680400505,109.028805134031));
#4787=CARTESIAN_POINT('Ctrl Pts',(-101.253020684797,80.1232955942208,108.628378540377));
#4788=CARTESIAN_POINT('Ctrl Pts',(-101.00785857633,80.0907897144813,108.552904986571));
#4789=CARTESIAN_POINT('Ctrl Pts',(-101.00773546649,80.0907325290514,108.553329515921));
#4790=CARTESIAN_POINT('Ctrl Pts',(-101.003321587927,80.0919406466845,108.551970585899));
#4791=CARTESIAN_POINT('Ctrl Pts',(-100.998908272736,80.0931498189336,108.550610595096));
#4792=CARTESIAN_POINT('Ctrl Pts',(-100.358412761777,80.2688092439464,108.353059250196));
#4793=CARTESIAN_POINT('Ctrl Pts',(-99.7236697081918,80.4678070987407,108.131623188244));
#4794=CARTESIAN_POINT('Ctrl Pts',(-98.1681782792578,80.9882151367275,107.544565483865));
#4795=CARTESIAN_POINT('Ctrl Pts',(-97.2450840887106,81.3276796253189,107.154329299504));
#4796=CARTESIAN_POINT('Ctrl Pts',(-96.3217762974471,81.6721372856443,106.73955054672));
#4797=CARTESIAN_POINT('Ctrl Pts',(-88.2898150165291,85.5569590693784,101.752136147009));
#4798=CARTESIAN_POINT('Ctrl Pts',(-89.8100820729354,84.1717987719568,103.816936340482));
#4799=CARTESIAN_POINT('Ctrl Pts',(-93.0867866950369,81.4821697252044,106.593520826902));
#4800=CARTESIAN_POINT('Ctrl Pts',(-98.0716843283496,78.2597280132604,108.673512800072));
#4801=CARTESIAN_POINT('Ctrl Pts',(-102.038147580077,76.610618926817,109.508807624499));
#4802=CARTESIAN_POINT('Ctrl Pts',(-104.288758493814,76.2453868355031,109.671932768825));
#4803=CARTESIAN_POINT('Ctrl Pts',(-105.421436929955,76.2453868355032,109.671932768825));
#4804=CARTESIAN_POINT('Ctrl Pts',(-89.3793758417965,85.8606189266729,101.299483170123));
#4805=CARTESIAN_POINT('Ctrl Pts',(-90.7373631397475,84.5619158283327,103.34864609547));
#4806=CARTESIAN_POINT('Ctrl Pts',(-93.7472320913045,81.9418068550702,106.220862771176));
#4807=CARTESIAN_POINT('Ctrl Pts',(-98.4424547500851,78.6805731214119,108.431260075821));
#4808=CARTESIAN_POINT('Ctrl Pts',(-102.204247253305,76.993215418831,109.326284169572));
#4809=CARTESIAN_POINT('Ctrl Pts',(-104.34439326012,76.6174211852743,109.501445207538));
#4810=CARTESIAN_POINT('Ctrl Pts',(-105.421436929955,76.6174211852744,109.501445207538));
#4811=CARTESIAN_POINT('Ctrl Pts',(-91.2767926011291,87.0674063147992,100.966028586732));
#4812=CARTESIAN_POINT('Ctrl Pts',(-92.3590997430226,85.7265771239551,102.966913358808));
#4813=CARTESIAN_POINT('Ctrl Pts',(-94.9033545896213,82.977107420903,105.884212574919));
#4814=CARTESIAN_POINT('Ctrl Pts',(-99.0922972514368,79.5060599156018,108.169170419005));
#4815=CARTESIAN_POINT('Ctrl Pts',(-102.495312544267,77.7063492391468,109.100537399216));
#4816=CARTESIAN_POINT('Ctrl Pts',(-104.441743854887,77.3052737808421,109.283486944971));
#4817=CARTESIAN_POINT('Ctrl Pts',(-105.421436929954,77.3052737808422,109.283486944971));
#4818=CARTESIAN_POINT('Ctrl Pts',(-92.3378080524392,88.9169488868681,101.567618858228));
#4819=CARTESIAN_POINT('Ctrl Pts',(-93.4159298785557,87.3290825550974,103.48835360039));
#4820=CARTESIAN_POINT('Ctrl Pts',(-95.8369444384305,84.2032620481904,106.167137001824));
#4821=CARTESIAN_POINT('Ctrl Pts',(-99.6775484763448,80.4049197123506,108.222421328157));
#4822=CARTESIAN_POINT('Ctrl Pts',(-102.770687818624,78.4541896283291,109.054365253294));
#4823=CARTESIAN_POINT('Ctrl Pts',(-104.533997445429,78.0214474921642,109.217387293959));
#4824=CARTESIAN_POINT('Ctrl Pts',(-105.421436929954,78.0214474921643,109.217387293959));
#4825=CARTESIAN_POINT('Ctrl Pts',(-92.5727204948853,89.7091863401672,101.957573723961));
#4826=CARTESIAN_POINT('Ctrl Pts',(-93.71292078719,88.0162126433186,103.850307234645));
#4827=CARTESIAN_POINT('Ctrl Pts',(-96.1704492537664,84.7288882528434,106.39550968053));
#4828=CARTESIAN_POINT('Ctrl Pts',(-99.9091224787514,80.7903483826896,108.30216898927));
#4829=CARTESIAN_POINT('Ctrl Pts',(-102.883969917547,78.7747706103698,109.067855911661));
#4830=CARTESIAN_POINT('Ctrl Pts',(-104.57192810285,78.3283758320975,109.217387293959));
#4831=CARTESIAN_POINT('Ctrl Pts',(-105.421436929954,78.3283758320976,109.217387293959));
#4832=CARTESIAN_POINT('Ctrl Pts',(-101.008041442998,80.0907321150658,108.552336462531));
#4833=CARTESIAN_POINT('Ctrl Pts',(-101.617506510339,79.6331347053212,108.740313698996));
#4834=CARTESIAN_POINT('Ctrl Pts',(-103.008600705326,78.7391062540099,109.078874352073));
#4835=CARTESIAN_POINT('Ctrl Pts',(-104.57163330854,78.3259906689933,109.217387864199));
#4836=CARTESIAN_POINT('Ctrl Pts',(-105.421436929954,78.3259906689933,109.217387864199));
#4837=CARTESIAN_POINT('',(-105.421436929954,76.2453868355032,109.671932768825));
#4838=CARTESIAN_POINT('Origin',(-105.421436929954,78.3283758320976,114.217387293959));
#4839=CARTESIAN_POINT('',(-88.2898150165291,85.5569590693784,101.752136147009));
#4840=CARTESIAN_POINT('Ctrl Pts',(-105.421436929955,76.2453868355032,109.671932768825));
#4841=CARTESIAN_POINT('Ctrl Pts',(-104.288758493814,76.2453868355031,109.671932768825));
#4842=CARTESIAN_POINT('Ctrl Pts',(-102.038147580077,76.610618926817,109.508807624499));
#4843=CARTESIAN_POINT('Ctrl Pts',(-98.0716843283496,78.2597280132604,108.673512800072));
#4844=CARTESIAN_POINT('Ctrl Pts',(-93.0867866950369,81.4821697252044,106.593520826902));
#4845=CARTESIAN_POINT('Ctrl Pts',(-89.8100820729354,84.1717987719568,103.816936340482));
#4846=CARTESIAN_POINT('Ctrl Pts',(-88.2898150165291,85.5569590693784,101.752136147009));
#4847=CARTESIAN_POINT('Ctrl Pts',(-96.3217762974471,81.6721372856443,106.73955054672));
#4848=CARTESIAN_POINT('Ctrl Pts',(-93.8600236236278,82.5905412830407,105.633654210339));
#4849=CARTESIAN_POINT('Ctrl Pts',(-90.9052772622894,84.0367888816609,104.01818990523));
#4850=CARTESIAN_POINT('Ctrl Pts',(-88.2898150165292,85.5569590693783,101.752136147009));
#4851=CARTESIAN_POINT('Origin',(-81.0000002235213,78.3283758320958,114.217387293959));
#4852=CARTESIAN_POINT('',(-115.421436929955,76.2453868355018,109.671932768826));
#4853=CARTESIAN_POINT('Origin',(-115.421436929954,78.3283758320958,114.217387293961));
#4854=CARTESIAN_POINT('',(-81.0000002235215,76.2453868355018,109.671932768825));
#4855=CARTESIAN_POINT('Ctrl Pts',(-115.421436929954,76.2453868355038,109.671932768825));
#4856=CARTESIAN_POINT('Ctrl Pts',(-115.614445978954,76.2453868355038,109.671932768825));
#4857=CARTESIAN_POINT('Ctrl Pts',(-115.807453740351,76.2503868187042,109.669643667789));
#4858=CARTESIAN_POINT('Ctrl Pts',(-116.000000223804,76.2603166488399,109.665084473602));
#4859=CARTESIAN_POINT('Ctrl Pts',(-115.421436929954,76.8964469476033,109.373579536574));
#4860=CARTESIAN_POINT('Ctrl Pts',(-115.597853939786,76.8964469476033,109.373579536574));
#4861=CARTESIAN_POINT('Ctrl Pts',(-115.774276185615,76.9016837724793,109.370995254332));
#4862=CARTESIAN_POINT('Ctrl Pts',(-115.95025845529,76.912077975179,109.365833992001));
#4863=CARTESIAN_POINT('Ctrl Pts',(-115.421436929954,77.6122097055872,109.217387293959));
#4864=CARTESIAN_POINT('Ctrl Pts',(-115.581272578892,77.6122097055872,109.217387293959));
#4865=CARTESIAN_POINT('Ctrl Pts',(-115.741115924703,77.6178828503744,109.214856615726));
#4866=CARTESIAN_POINT('Ctrl Pts',(-115.900545131402,77.629145535072,109.209802002459));
#4867=CARTESIAN_POINT('Ctrl Pts',(-115.421436929954,78.3283758320982,109.217387293959));
#4868=CARTESIAN_POINT('Ctrl Pts',(-115.566193716705,78.3283758320983,109.217387293959));
#4869=CARTESIAN_POINT('Ctrl Pts',(-115.710949537752,78.3344869226766,109.215288951344));
#4870=CARTESIAN_POINT('Ctrl Pts',(-115.855359400342,78.3466233817313,109.211109690006));
#4871=CARTESIAN_POINT('',(-116.000000223663,76.2603166488399,109.665084473602));
#4872=CARTESIAN_POINT('Origin',(-116.000000223804,78.3466233817313,114.209017155354));
#4873=CARTESIAN_POINT('Ctrl Pts',(-116.000000223804,76.2603166488399,109.665084473602));
#4874=CARTESIAN_POINT('Ctrl Pts',(-115.807453740351,76.2503868187042,109.669643667789));
#4875=CARTESIAN_POINT('Ctrl Pts',(-115.614445978954,76.2453868355038,109.671932768825));
#4876=CARTESIAN_POINT('Ctrl Pts',(-115.421436929954,76.2453868355038,109.671932768825));
#4877=CARTESIAN_POINT('Ctrl Pts',(-116.000000223755,76.2603166488331,109.665084473602));
#4878=CARTESIAN_POINT('Ctrl Pts',(-118.117036760203,76.3937562566166,109.60381685109));
#4879=CARTESIAN_POINT('Ctrl Pts',(-122.991222982946,77.1279359742115,108.48652086729));
#4880=CARTESIAN_POINT('Ctrl Pts',(-126.858204135405,78.4364068042269,105.422925963268));
#4881=CARTESIAN_POINT('Ctrl Pts',(-128.513265766208,79.2153985426782,103.263992923655));
#4882=CARTESIAN_POINT('Ctrl Pts',(-115.950258455257,76.912077975172,109.365833992001));
#4883=CARTESIAN_POINT('Ctrl Pts',(-117.991688941155,77.053100767244,109.301043004619));
#4884=CARTESIAN_POINT('Ctrl Pts',(-122.687130534369,77.8292787519811,108.191524414071));
#4885=CARTESIAN_POINT('Ctrl Pts',(-126.364902582436,79.2031082167735,105.189562538097));
#4886=CARTESIAN_POINT('Ctrl Pts',(-127.915663425063,80.0144607492236,103.094184114779));
#4887=CARTESIAN_POINT('Ctrl Pts',(-115.900545131387,77.6291455350644,109.20980200246));
#4888=CARTESIAN_POINT('Ctrl Pts',(-117.881279993629,77.7811821208788,109.146587173723));
#4889=CARTESIAN_POINT('Ctrl Pts',(-122.436287381273,78.6178588893679,108.067974084314));
#4890=CARTESIAN_POINT('Ctrl Pts',(-125.997180278506,80.1040760548586,105.153742603639));
#4891=CARTESIAN_POINT('Ctrl Pts',(-127.495378999338,80.9853417276746,103.122305243631));
#4892=CARTESIAN_POINT('Ctrl Pts',(-115.855359400344,78.346623381723,109.211109690005));
#4893=CARTESIAN_POINT('Ctrl Pts',(-117.795976225421,78.5097162356805,109.154947702703));
#4894=CARTESIAN_POINT('Ctrl Pts',(-122.263980262935,79.4070470016299,108.130759717553));
#4895=CARTESIAN_POINT('Ctrl Pts',(-125.808712986023,81.0062891272044,105.322464388866));
#4896=CARTESIAN_POINT('Ctrl Pts',(-127.325852814259,81.958390140867,103.343442435887));
#4897=CARTESIAN_POINT('Ctrl Pts',(-128.498194404484,79.2083129353604,103.283621432196));
#4898=CARTESIAN_POINT('Ctrl Pts',(-126.8448000205,78.4318739999617,105.433537061321));
#4899=CARTESIAN_POINT('Ctrl Pts',(-122.982777194142,77.1266638178853,108.488456871677));
#4900=CARTESIAN_POINT('Ctrl Pts',(-118.117036760203,76.3937562566166,109.60381685109));
#4901=CARTESIAN_POINT('Ctrl Pts',(-116.000000223755,76.2603166488331,109.665084473602));
#4902=CARTESIAN_POINT('Origin',(-105.421436929954,80.6872764578221,94.2173872939594));
#4903=CARTESIAN_POINT('Ctrl Pts',(-75.6770431666308,97.9413541018516,94.2173872939593));
#4904=CARTESIAN_POINT('Ctrl Pts',(-75.6770431666227,97.9413541018447,109.217387293973));
#4905=CARTESIAN_POINT('Ctrl Pts',(-84.3463208960337,105.34964605017,109.217387293959));
#4906=CARTESIAN_POINT('Ctrl Pts',(-96.7521592005515,73.2789845095035,94.2173872939594));
#4907=CARTESIAN_POINT('Ctrl Pts',(-96.7521592005433,73.2789845094965,109.217387293974));
#4908=CARTESIAN_POINT('Ctrl Pts',(-105.421436929954,80.6872764578221,109.217387293959));
#4909=CARTESIAN_POINT('',(-83.4807581059901,88.8093473447811,94.2173872939594));
#4910=CARTESIAN_POINT('Ctrl Pts',(-88.2898150165291,85.5569590693783,101.752136147009));
#4911=CARTESIAN_POINT('Ctrl Pts',(-87.8335639395459,85.8221432778173,101.356837201529));
#4912=CARTESIAN_POINT('Ctrl Pts',(-87.393908336952,86.0825669079185,100.941496276632));
#4913=CARTESIAN_POINT('Ctrl Pts',(-86.1296865949771,86.8484150244223,99.6211162253522));
#4914=CARTESIAN_POINT('Ctrl Pts',(-85.3775418882812,87.3282244745624,98.6547610014102));
#4915=CARTESIAN_POINT('Ctrl Pts',(-84.1723349108597,88.1699288154607,96.5603610218101));
#4916=CARTESIAN_POINT('Ctrl Pts',(-83.7176041306757,88.5321871057641,95.4334229360401));
#4917=CARTESIAN_POINT('Ctrl Pts',(-83.48075810599,88.8093473447813,94.2173872939589));
#4918=CARTESIAN_POINT('',(-59.499999999998,116.871936350829,94.2173872939593));
#4919=CARTESIAN_POINT('Origin',(-81.0000002235222,66.8719363508286,89.2173874057181));
#4920=CARTESIAN_POINT('',(-83.0000002235222,89.3719363508286,89.2173874057182));
#4921=CARTESIAN_POINT('Origin',(-102.227273133678,66.8719363508286,89.2173874057189));
#4922=CARTESIAN_POINT('',(-81.0000002235222,89.3719363508286,89.2173874057181));
#4923=CARTESIAN_POINT('',(-81.0000002235222,89.3719363508286,89.2173874057181));
#4924=CARTESIAN_POINT('Origin',(-81.0000002235222,66.8719363508286,89.2173874057181));
#4925=CARTESIAN_POINT('Origin',(-102.227273133678,66.8719363508286,89.2173874057189));
#4926=CARTESIAN_POINT('Origin',(-116.000000223522,66.8719363508286,89.2173874057193));
#4927=CARTESIAN_POINT('Origin',(-116.000000223522,66.8719363508286,89.2173874057154));
#4928=CARTESIAN_POINT('Origin',(-116.000000223522,66.8719363508286,89.2173874057154));
#4929=CARTESIAN_POINT('',(-138.500000223522,66.8719363508286,89.2173874057154));
#4930=CARTESIAN_POINT('Origin',(-116.000000223522,66.8719363508286,89.2173874057154));
#4931=CARTESIAN_POINT('Origin',(-81.0000002235222,66.8719363508286,89.2173874057181));
#4932=CARTESIAN_POINT('Origin',(-59.499999999998,116.871936350829,84.2173872939596));
#4933=CARTESIAN_POINT('Origin',(-93.9999999999975,114.371936350828,51.717387293959));
#4934=CARTESIAN_POINT('',(-93.9999999999975,114.371936350828,75.217387293959));
#4935=CARTESIAN_POINT('',(-93.9999999999975,106.871936350828,75.217387293959));
#4936=CARTESIAN_POINT('',(-93.9999999999975,115.621936350828,75.217387293959));
#4937=CARTESIAN_POINT('',(-93.9999999999975,114.371936350828,78.217387293959));
#4938=CARTESIAN_POINT('',(-93.9999999999975,114.371936350828,51.717387293959));
#4939=CARTESIAN_POINT('',(-93.9999999999975,106.871936350828,78.217387293959));
#4940=CARTESIAN_POINT('',(-93.9999999999975,115.621936350828,78.217387293959));
#4941=CARTESIAN_POINT('',(-93.9999999999975,106.871936350828,63.467387293959));
#4942=CARTESIAN_POINT('Origin',(-81.9999999999975,114.371936350828,51.717387293959));
#4943=CARTESIAN_POINT('',(-81.9999999999975,114.371936350828,75.217387293959));
#4944=CARTESIAN_POINT('',(-85.1249999999975,114.371936350828,75.217387293959));
#4945=CARTESIAN_POINT('',(-81.9999999999975,114.371936350828,78.217387293959));
#4946=CARTESIAN_POINT('',(-81.9999999999975,114.371936350828,51.717387293959));
#4947=CARTESIAN_POINT('',(-85.1249999999975,114.371936350828,78.217387293959));
#4948=CARTESIAN_POINT('Origin',(-81.9999999999975,106.871936350828,51.717387293959));
#4949=CARTESIAN_POINT('',(-81.9999999999975,106.871936350828,75.217387293959));
#4950=CARTESIAN_POINT('',(-81.9999999999975,111.871936350828,75.217387293959));
#4951=CARTESIAN_POINT('',(-81.9999999999975,106.871936350828,78.217387293959));
#4952=CARTESIAN_POINT('',(-81.9999999999975,106.871936350828,63.467387293959));
#4953=CARTESIAN_POINT('',(-81.9999999999975,111.871936350828,78.217387293959));
#4954=CARTESIAN_POINT('Origin',(-93.9999999999975,119.371936350828,51.717387293959));
#4955=CARTESIAN_POINT('',(-81.9999999999975,119.371936350828,78.217387293959));
#4956=CARTESIAN_POINT('',(-93.9999999999975,119.371936350828,78.217387293959));
#4957=CARTESIAN_POINT('',(-91.1249999999976,119.371936350828,78.217387293959));
#4958=CARTESIAN_POINT('',(-81.9999999999975,119.371936350828,75.217387293959));
#4959=CARTESIAN_POINT('',(-81.9999999999975,119.371936350828,51.717387293959));
#4960=CARTESIAN_POINT('',(-93.9999999999975,119.371936350828,75.217387293959));
#4961=CARTESIAN_POINT('',(-91.1249999999976,119.371936350828,75.217387293959));
#4962=CARTESIAN_POINT('',(-93.9999999999975,119.371936350828,51.717387293959));
#4963=CARTESIAN_POINT('Origin',(-93.9999999999975,126.871936350828,51.717387293959));
#4964=CARTESIAN_POINT('',(-93.9999999999975,126.871936350828,78.217387293959));
#4965=CARTESIAN_POINT('',(-93.9999999999975,121.871936350828,78.217387293959));
#4966=CARTESIAN_POINT('',(-93.9999999999975,126.871936350828,75.217387293959));
#4967=CARTESIAN_POINT('',(-93.9999999999975,121.871936350828,75.217387293959));
#4968=CARTESIAN_POINT('',(-93.9999999999975,126.871936350828,63.467387293959));
#4969=CARTESIAN_POINT('Origin',(-81.9999999999975,119.371936350828,51.717387293959));
#4970=CARTESIAN_POINT('',(-81.9999999999975,126.871936350828,78.217387293959));
#4971=CARTESIAN_POINT('',(-81.9999999999975,118.121936350828,78.217387293959));
#4972=CARTESIAN_POINT('',(-81.9999999999975,126.871936350828,75.217387293959));
#4973=CARTESIAN_POINT('',(-81.9999999999975,126.871936350828,63.467387293959));
#4974=CARTESIAN_POINT('',(-81.9999999999975,118.121936350828,75.217387293959));
#4975=CARTESIAN_POINT('Origin',(-106.499999999998,106.871936350828,75.217387293959));
#4976=CARTESIAN_POINT('',(-106.499999999998,106.871936350828,78.217387293959));
#4977=CARTESIAN_POINT('',(-104.499999999998,106.871936350828,78.217387293959));
#4978=CARTESIAN_POINT('',(-106.499999999998,106.871936350828,75.217387293959));
#4979=CARTESIAN_POINT('',(-106.499999999998,106.871936350828,49.217387293959));
#4980=CARTESIAN_POINT('',(-104.499999999998,106.871936350828,75.217387293959));
#4981=CARTESIAN_POINT('',(-106.499999999998,106.871936350828,75.217387293959));
#4982=CARTESIAN_POINT('',(-104.499999999998,106.871936350828,75.217387293959));
#4983=CARTESIAN_POINT('Origin',(-88.2499999999976,116.871936350828,75.217387293959));
#4984=CARTESIAN_POINT('',(-104.499999999998,126.871936350828,75.217387293959));
#4985=CARTESIAN_POINT('',(-104.499999999998,111.871936350828,75.217387293959));
#4986=CARTESIAN_POINT('',(-104.499999999998,126.871936350828,75.217387293959));
#4987=CARTESIAN_POINT('',(-70.9999999999976,126.871936350828,75.217387293959));
#4988=CARTESIAN_POINT('',(-104.499999999998,126.871936350828,75.217387293959));
#4989=CARTESIAN_POINT('',(-69.9999999999976,125.871936350828,75.217387293959));
#4990=CARTESIAN_POINT('Origin',(-70.9999999999976,125.871936350828,75.217387293959));
#4991=CARTESIAN_POINT('',(-69.9999999999976,107.871936350828,75.217387293959));
#4992=CARTESIAN_POINT('',(-69.9999999999976,106.871936350828,75.217387293959));
#4993=CARTESIAN_POINT('',(-70.9999999999976,106.871936350828,75.217387293959));
#4994=CARTESIAN_POINT('Origin',(-70.9999999999976,107.871936350828,75.217387293959));
#4995=CARTESIAN_POINT('',(-104.499999999998,106.871936350828,75.217387293959));
#4996=CARTESIAN_POINT('Origin',(-69.9999999999976,126.871936350828,75.217387293959));
#4997=CARTESIAN_POINT('',(-106.499999999998,126.871936350828,75.217387293959));
#4998=CARTESIAN_POINT('',(-88.2499999999976,126.871936350828,75.217387293959));
#4999=CARTESIAN_POINT('',(-106.499999999998,126.871936350828,78.217387293959));
#5000=CARTESIAN_POINT('',(-106.499999999998,126.871936350828,49.217387293959));
#5001=CARTESIAN_POINT('',(-104.499999999998,126.871936350828,78.217387293959));
#5002=CARTESIAN_POINT('Origin',(-70.9999999999976,107.871936350828,75.217387293959));
#5003=CARTESIAN_POINT('',(-69.9999999999976,107.871936350828,78.217387293959));
#5004=CARTESIAN_POINT('',(-70.9999999999976,106.871936350828,78.217387293959));
#5005=CARTESIAN_POINT('Origin',(-70.9999999999976,107.871936350828,78.217387293959));
#5006=CARTESIAN_POINT('',(-70.9999999999976,106.871936350828,75.217387293959));
#5007=CARTESIAN_POINT('',(-69.9999999999976,107.871936350828,75.217387293959));
#5008=CARTESIAN_POINT('Origin',(-69.9999999999976,106.871936350828,75.217387293959));
#5009=CARTESIAN_POINT('',(-69.9999999999976,125.871936350828,78.217387293959));
#5010=CARTESIAN_POINT('',(-69.9999999999976,125.871936350828,75.217387293959));
#5011=CARTESIAN_POINT('',(-69.9999999999976,106.871936350828,78.217387293959));
#5012=CARTESIAN_POINT('Origin',(-70.9999999999976,125.871936350828,75.217387293959));
#5013=CARTESIAN_POINT('',(-70.9999999999976,126.871936350828,78.217387293959));
#5014=CARTESIAN_POINT('Origin',(-70.9999999999976,125.871936350828,78.217387293959));
#5015=CARTESIAN_POINT('',(-70.9999999999976,126.871936350828,75.217387293959));
#5016=CARTESIAN_POINT('Origin',(-105.999999999998,107.871936350828,50.217387293959));
#5017=CARTESIAN_POINT('',(-106.499999999998,106.871936350828,50.217387293959));
#5018=CARTESIAN_POINT('',(-106.499999999998,107.871936350828,49.217387293959));
#5019=CARTESIAN_POINT('Origin',(-106.499999999998,107.871936350828,50.217387293959));
#5020=CARTESIAN_POINT('',(-104.499999999998,107.871936350828,49.217387293959));
#5021=CARTESIAN_POINT('',(-105.999999999998,107.871936350828,49.217387293959));
#5022=CARTESIAN_POINT('',(-104.499999999998,106.871936350828,50.217387293959));
#5023=CARTESIAN_POINT('Origin',(-104.499999999998,107.871936350828,50.217387293959));
#5024=CARTESIAN_POINT('',(-105.999999999998,106.871936350828,50.217387293959));
#5025=CARTESIAN_POINT('Origin',(-106.499999999998,106.871936350828,75.217387293959));
#5026=CARTESIAN_POINT('',(-104.499999999998,106.871936350828,66.217387293959));
#5027=CARTESIAN_POINT('',(-104.499999999998,106.871936350828,49.217387293959));
#5028=CARTESIAN_POINT('',(-106.499999999998,106.871936350828,66.217387293959));
#5029=CARTESIAN_POINT('',(-106.499999999998,106.871936350828,66.217387293959));
#5030=CARTESIAN_POINT('',(-106.499999999998,106.871936350828,49.217387293959));
#5031=CARTESIAN_POINT('Origin',(-104.499999999998,106.871936350828,49.217387293959));
#5032=CARTESIAN_POINT('',(-104.499999999998,125.871936350828,49.217387293959));
#5033=CARTESIAN_POINT('',(-104.499999999998,127.371936350828,49.217387293959));
#5034=CARTESIAN_POINT('',(-104.499999999998,126.871936350828,50.217387293959));
#5035=CARTESIAN_POINT('Origin',(-104.499999999998,125.871936350828,50.217387293959));
#5036=CARTESIAN_POINT('',(-104.499999999998,126.871936350828,66.217387293959));
#5037=CARTESIAN_POINT('',(-104.499999999998,126.871936350828,49.217387293959));
#5038=CARTESIAN_POINT('',(-104.499999999998,127.871936350828,67.217387293959));
#5039=CARTESIAN_POINT('Origin',(-104.499999999998,127.871936350828,66.217387293959));
#5040=CARTESIAN_POINT('',(-104.499999999998,130.371936350828,67.217387293959));
#5041=CARTESIAN_POINT('',(-104.499999999998,130.371936350828,67.217387293959));
#5042=CARTESIAN_POINT('',(-104.499999999998,130.371936350828,74.217387293959));
#5043=CARTESIAN_POINT('Origin',(-104.499999999998,130.371936350828,70.717387293959));
#5044=CARTESIAN_POINT('',(-104.499999999998,127.871936350828,74.217387293959));
#5045=CARTESIAN_POINT('',(-104.499999999998,126.871936350828,74.217387293959));
#5046=CARTESIAN_POINT('Origin',(-104.499999999998,127.871936350828,75.217387293959));
#5047=CARTESIAN_POINT('',(-104.499999999998,105.871936350828,74.217387293959));
#5048=CARTESIAN_POINT('Origin',(-104.499999999998,105.871936350828,75.217387293959));
#5049=CARTESIAN_POINT('',(-104.499999999998,103.371936350828,74.217387293959));
#5050=CARTESIAN_POINT('',(-104.499999999998,106.871936350828,74.217387293959));
#5051=CARTESIAN_POINT('',(-104.499999999998,103.371936350828,67.217387293959));
#5052=CARTESIAN_POINT('Origin',(-104.499999999998,103.371936350828,70.717387293959));
#5053=CARTESIAN_POINT('',(-104.499999999998,105.871936350828,67.217387293959));
#5054=CARTESIAN_POINT('',(-104.499999999998,103.371936350828,67.217387293959));
#5055=CARTESIAN_POINT('Origin',(-104.499999999998,105.871936350828,66.217387293959));
#5056=CARTESIAN_POINT('',(-104.499999999998,104.871936350828,70.717387293959));
#5057=CARTESIAN_POINT('Origin',(-104.499999999998,103.371936350828,70.717387293959));
#5058=CARTESIAN_POINT('',(-104.499999999998,131.871936350828,70.717387293959));
#5059=CARTESIAN_POINT('Origin',(-104.499999999998,130.371936350828,70.717387293959));
#5060=CARTESIAN_POINT('Origin',(-87.7499999999976,125.871936350828,50.217387293959));
#5061=CARTESIAN_POINT('',(-106.499999999998,125.871936350828,49.217387293959));
#5062=CARTESIAN_POINT('',(-106.499999999998,126.871936350828,50.217387293959));
#5063=CARTESIAN_POINT('Origin',(-106.499999999998,125.871936350828,50.217387293959));
#5064=CARTESIAN_POINT('',(-87.7499999999976,126.871936350828,50.217387293959));
#5065=CARTESIAN_POINT('',(-87.7499999999976,125.871936350828,49.217387293959));
#5066=CARTESIAN_POINT('Origin',(-69.9999999999976,126.871936350828,75.217387293959));
#5067=CARTESIAN_POINT('',(-106.499999999998,126.871936350828,66.217387293959));
#5068=CARTESIAN_POINT('',(-106.499999999998,126.871936350828,49.217387293959));
#5069=CARTESIAN_POINT('',(-88.2499999999976,126.871936350828,66.217387293959));
#5070=CARTESIAN_POINT('Origin',(-106.499999999998,105.871936350828,66.217387293959));
#5071=CARTESIAN_POINT('',(-106.499999999998,105.871936350828,67.217387293959));
#5072=CARTESIAN_POINT('',(-106.499999999998,105.871936350828,67.217387293959));
#5073=CARTESIAN_POINT('Origin',(-106.499999999998,105.871936350828,66.217387293959));
#5074=CARTESIAN_POINT('Origin',(-106.499999999998,103.371936350828,67.217387293959));
#5075=CARTESIAN_POINT('',(-106.499999999998,103.371936350828,67.217387293959));
#5076=CARTESIAN_POINT('',(-106.499999999998,103.371936350828,67.217387293959));
#5077=CARTESIAN_POINT('',(-106.499999999998,103.371936350828,67.217387293959));
#5078=CARTESIAN_POINT('Origin',(-106.499999999998,105.871936350828,75.217387293959));
#5079=CARTESIAN_POINT('',(-106.499999999998,105.871936350828,74.217387293959));
#5080=CARTESIAN_POINT('Origin',(-106.499999999998,105.871936350828,75.217387293959));
#5081=CARTESIAN_POINT('',(-106.499999999998,105.871936350828,74.217387293959));
#5082=CARTESIAN_POINT('Origin',(-106.499999999998,106.871936350828,75.217387293959));
#5083=CARTESIAN_POINT('',(-104.499999999998,106.871936350828,78.217387293959));
#5084=CARTESIAN_POINT('Origin',(-88.2499999999976,127.871936350828,66.217387293959));
#5085=CARTESIAN_POINT('',(-106.499999999998,127.871936350828,67.217387293959));
#5086=CARTESIAN_POINT('Origin',(-106.499999999998,127.871936350828,66.217387293959));
#5087=CARTESIAN_POINT('',(-88.2499999999976,127.871936350828,67.217387293959));
#5088=CARTESIAN_POINT('Origin',(-106.499999999998,126.871936350828,67.217387293959));
#5089=CARTESIAN_POINT('',(-106.499999999998,130.371936350828,67.217387293959));
#5090=CARTESIAN_POINT('',(-106.499999999998,130.371936350828,67.217387293959));
#5091=CARTESIAN_POINT('',(-106.499999999998,130.371936350828,67.217387293959));
#5092=CARTESIAN_POINT('Origin',(-88.2499999999976,127.871936350828,75.217387293959));
#5093=CARTESIAN_POINT('',(-106.499999999998,127.871936350828,74.217387293959));
#5094=CARTESIAN_POINT('',(-88.2499999999976,127.871936350828,74.217387293959));
#5095=CARTESIAN_POINT('Origin',(-106.499999999998,127.871936350828,75.217387293959));
#5096=CARTESIAN_POINT('Origin',(-106.499999999998,130.371936350828,74.217387293959));
#5097=CARTESIAN_POINT('',(-106.499999999998,130.371936350828,74.217387293959));
#5098=CARTESIAN_POINT('',(-106.499999999998,130.371936350828,74.217387293959));
#5099=CARTESIAN_POINT('',(-106.499999999998,126.871936350828,74.217387293959));
#5100=CARTESIAN_POINT('Origin',(-106.499999999998,103.371936350828,70.717387293959));
#5101=CARTESIAN_POINT('',(-106.499999999998,104.871936350828,70.717387293959));
#5102=CARTESIAN_POINT('',(-106.499999999998,104.871936350828,70.717387293959));
#5103=CARTESIAN_POINT('Origin',(-106.499999999998,103.371936350828,70.717387293959));
#5104=CARTESIAN_POINT('Origin',(-106.499999999998,106.871936350828,74.217387293959));
#5105=CARTESIAN_POINT('',(-106.499999999998,103.371936350828,74.217387293959));
#5106=CARTESIAN_POINT('',(-106.499999999998,106.871936350828,74.217387293959));
#5107=CARTESIAN_POINT('',(-106.499999999998,103.371936350828,74.217387293959));
#5108=CARTESIAN_POINT('Origin',(-106.499999999998,103.371936350828,70.717387293959));
#5109=CARTESIAN_POINT('Origin',(-106.499999999998,103.371936350828,70.717387293959));
#5110=CARTESIAN_POINT('Origin',(-106.499999999998,130.371936350828,70.717387293959));
#5111=CARTESIAN_POINT('',(-106.499999999998,131.871936350828,70.717387293959));
#5112=CARTESIAN_POINT('',(-106.499999999998,131.871936350828,70.717387293959));
#5113=CARTESIAN_POINT('Origin',(-106.499999999998,130.371936350828,70.717387293959));
#5114=CARTESIAN_POINT('Origin',(-106.499999999998,130.371936350828,70.717387293959));
#5115=CARTESIAN_POINT('Origin',(-106.499999999998,130.371936350828,70.717387293959));
#5116=CARTESIAN_POINT('Origin',(-69.9999999999976,126.871936350828,75.217387293959));
#5117=CARTESIAN_POINT('',(-104.499999999998,126.871936350828,78.217387293959));
#5118=CARTESIAN_POINT('Origin',(-105.499999999998,116.871936350828,49.217387293959));
#5119=CARTESIAN_POINT('',(-106.499999999998,129.371936350828,49.217387293959));
#5120=CARTESIAN_POINT('Origin',(-106.499999999998,126.871936350828,75.217387293959));
#5121=CARTESIAN_POINT('',(-106.499999999998,129.371936350828,78.217387293959));
#5122=CARTESIAN_POINT('Origin',(-88.2499999999976,116.871936350828,78.217387293959));
#5123=UNCERTAINTY_MEASURE_WITH_UNIT(LENGTH_MEASURE(0.01),#5127,
'DISTANCE_ACCURACY_VALUE',
'Maximum model space distance between geometric entities at asserted c
onnectivities');
#5124=UNCERTAINTY_MEASURE_WITH_UNIT(LENGTH_MEASURE(0.01),#5127,
'DISTANCE_ACCURACY_VALUE',
'Maximum model space distance between geometric entities at asserted c
onnectivities');
#5125=(
GEOMETRIC_REPRESENTATION_CONTEXT(3)
GLOBAL_UNCERTAINTY_ASSIGNED_CONTEXT((#5123))
GLOBAL_UNIT_ASSIGNED_CONTEXT((#5127,#5129,#5130))
REPRESENTATION_CONTEXT('','3D')
);
#5126=(
GEOMETRIC_REPRESENTATION_CONTEXT(3)
GLOBAL_UNCERTAINTY_ASSIGNED_CONTEXT((#5124))
GLOBAL_UNIT_ASSIGNED_CONTEXT((#5127,#5129,#5130))
REPRESENTATION_CONTEXT('','3D')
);
#5127=(
LENGTH_UNIT()
NAMED_UNIT(*)
SI_UNIT(.MILLI.,.METRE.)
);
#5128=(
LENGTH_UNIT()
NAMED_UNIT(*)
SI_UNIT($,.METRE.)
);
#5129=(
NAMED_UNIT(*)
PLANE_ANGLE_UNIT()
SI_UNIT($,.RADIAN.)
);
#5130=(
NAMED_UNIT(*)
SI_UNIT($,.STERADIAN.)
SOLID_ANGLE_UNIT()
);
#5131=SHAPE_DEFINITION_REPRESENTATION(#5132,#5133);
#5132=PRODUCT_DEFINITION_SHAPE('',$,#5135);
#5133=SHAPE_REPRESENTATION('',(#2573),#5125);
#5134=PRODUCT_DEFINITION_CONTEXT('part definition',#5139,'design');
#5135=PRODUCT_DEFINITION('L6','L6',#5136,#5134);
#5136=PRODUCT_DEFINITION_FORMATION('',$,#5141);
#5137=PRODUCT_RELATED_PRODUCT_CATEGORY('L6','L6',(#5141));
#5138=APPLICATION_PROTOCOL_DEFINITION('international standard',
'automotive_design',2009,#5139);
#5139=APPLICATION_CONTEXT(
'Core Data for Automotive Mechanical Design Process');
#5140=PRODUCT_CONTEXT('part definition',#5139,'mechanical');
#5141=PRODUCT('L6','L6',$,(#5140));
#5142=PRESENTATION_STYLE_ASSIGNMENT((#5143));
#5143=SURFACE_STYLE_USAGE(.BOTH.,#5144);
#5144=SURFACE_SIDE_STYLE('',(#5145));
#5145=SURFACE_STYLE_FILL_AREA(#5146);
#5146=FILL_AREA_STYLE('Steel - Satin',(#5147));
#5147=FILL_AREA_STYLE_COLOUR('Steel - Satin',#5148);
#5148=COLOUR_RGB('Steel - Satin',0.627450980392157,0.627450980392157,0.627450980392157);
ENDSEC;
END-ISO-10303-21;
