ISO-10303-21;
HEADER;
/* Generated by software containing ST-Developer
 * from STEP Tools, Inc. (www.steptools.com) 
 */

FILE_DESCRIPTION(
/* description */ (''),
/* implementation_level */ '2;1');

FILE_NAME(
/* name */ 'L7.step',
/* time_stamp */ '2025-11-07T15:06:06+08:00',
/* author */ (''),
/* organization */ (''),
/* preprocessor_version */ 'ST-DEVELOPER v20.1',
/* originating_system */ 'Autodesk Translation Framework v14.17.0.0',
/* authorisation */ '');

FILE_SCHEMA (('AUTOMOTIVE_DESIGN { 1 0 10303 214 3 1 1 }'));
ENDSEC;

DATA;
#10=MECHANICAL_DESIGN_GEOMETRIC_PRESENTATION_REPRESENTATION('',(#13,#14),
#13207);
#11=SHAPE_REPRESENTATION_RELATIONSHIP('SRR','None',#13214,#12);
#12=ADVANCED_BREP_SHAPE_REPRESENTATION('',(#15,#16),#13206);
#13=STYLED_ITEM('',(#13223),#15);
#14=STYLED_ITEM('',(#13223),#16);
#15=MANIFOLD_SOLID_BREP('Body1',#4133);
#16=MANIFOLD_SOLID_BREP('Body2',#4134);
#17=FACE_BOUND('',#1187,.T.);
#18=FACE_BOUND('',#1192,.T.);
#19=FACE_BOUND('',#1206,.T.);
#20=FACE_BOUND('',#1207,.T.);
#21=FACE_BOUND('',#1208,.T.);
#22=FACE_BOUND('',#1209,.T.);
#23=FACE_BOUND('',#1210,.T.);
#24=FACE_BOUND('',#1215,.T.);
#25=FACE_BOUND('',#1216,.T.);
#26=FACE_BOUND('',#1217,.T.);
#27=FACE_BOUND('',#1218,.T.);
#28=FACE_BOUND('',#1219,.T.);
#29=FACE_BOUND('',#1242,.T.);
#30=FACE_BOUND('',#1262,.T.);
#31=FACE_BOUND('',#1264,.T.);
#32=FACE_BOUND('',#1266,.T.);
#33=FACE_BOUND('',#1267,.T.);
#34=FACE_BOUND('',#1274,.T.);
#35=FACE_BOUND('',#1275,.T.);
#36=FACE_BOUND('',#1283,.T.);
#37=FACE_BOUND('',#1285,.T.);
#38=FACE_BOUND('',#1287,.T.);
#39=FACE_BOUND('',#1293,.T.);
#40=FACE_BOUND('',#1315,.T.);
#41=FACE_BOUND('',#1328,.T.);
#42=FACE_BOUND('',#1362,.T.);
#43=FACE_BOUND('',#1365,.T.);
#44=SPHERICAL_SURFACE('',#4270,5.);
#45=SPHERICAL_SURFACE('',#4274,4.99999999999998);
#46=SPHERICAL_SURFACE('',#4280,5.);
#47=SPHERICAL_SURFACE('',#4303,5.);
#48=SPHERICAL_SURFACE('',#4305,0.5);
#49=SPHERICAL_SURFACE('',#4385,0.500000000000007);
#50=SPHERICAL_SURFACE('',#4462,0.500000000000007);
#51=SPHERICAL_SURFACE('',#4468,0.499999999999998);
#52=SPHERICAL_SURFACE('',#4474,0.499999999999998);
#53=SPHERICAL_SURFACE('',#4486,0.500000000000007);
#54=SPHERICAL_SURFACE('',#4507,0.5);
#55=SPHERICAL_SURFACE('',#4509,0.5);
#56=SPHERICAL_SURFACE('',#4570,0.499999999999998);
#57=SPHERICAL_SURFACE('',#4573,0.499999999999992);
#58=ELLIPSE('',#4180,57.3685662283486,5.);
#59=ELLIPSE('',#4362,2.82842712474625,2.);
#60=ELLIPSE('',#4401,2.82842712474619,2.);
#61=ELLIPSE('',#4403,2.82842712474619,2.);
#62=ELLIPSE('',#4496,0.707106781186554,0.5);
#63=ELLIPSE('',#4498,0.707106781186551,0.5);
#64=ELLIPSE('',#4506,0.616913401413376,0.5);
#65=ELLIPSE('',#4539,0.616913401413376,0.5);
#66=ELLIPSE('',#4567,0.707106781186545,0.5);
#67=TOROIDAL_SURFACE('',#4169,1.,0.5);
#68=TOROIDAL_SURFACE('',#4198,10.,0.5);
#69=TOROIDAL_SURFACE('',#4204,6.,3.99999999999999);
#70=TOROIDAL_SURFACE('',#4209,5.99999999999998,4.);
#71=TOROIDAL_SURFACE('',#4216,23.9999999999998,4.);
#72=TOROIDAL_SURFACE('',#4221,23.9999999999998,4.00000000000001);
#73=TOROIDAL_SURFACE('',#4234,18.0000000000001,2.00000000000001);
#74=TOROIDAL_SURFACE('',#4239,18.,2.);
#75=TOROIDAL_SURFACE('',#4247,3.00000000000021,2.);
#76=TOROIDAL_SURFACE('',#4258,9.99999999999998,5.);
#77=TOROIDAL_SURFACE('',#4263,10.,5.);
#78=TOROIDAL_SURFACE('',#4293,3.00000000000021,2.);
#79=TOROIDAL_SURFACE('',#4369,3.99999999999999,1.99999999999999);
#80=TOROIDAL_SURFACE('',#4390,10.,0.5);
#81=TOROIDAL_SURFACE('',#4482,1.,0.5);
#82=PLANE('',#4164);
#83=PLANE('',#4175);
#84=PLANE('',#4179);
#85=PLANE('',#4308);
#86=PLANE('',#4313);
#87=PLANE('',#4315);
#88=PLANE('',#4322);
#89=PLANE('',#4325);
#90=PLANE('',#4326);
#91=PLANE('',#4327);
#92=PLANE('',#4328);
#93=PLANE('',#4329);
#94=PLANE('',#4330);
#95=PLANE('',#4331);
#96=PLANE('',#4332);
#97=PLANE('',#4333);
#98=PLANE('',#4337);
#99=PLANE('',#4351);
#100=PLANE('',#4352);
#101=PLANE('',#4378);
#102=PLANE('',#4379);
#103=PLANE('',#4383);
#104=PLANE('',#4384);
#105=PLANE('',#4398);
#106=PLANE('',#4405);
#107=PLANE('',#4406);
#108=PLANE('',#4407);
#109=PLANE('',#4408);
#110=PLANE('',#4409);
#111=PLANE('',#4411);
#112=PLANE('',#4414);
#113=PLANE('',#4418);
#114=PLANE('',#4419);
#115=PLANE('',#4422);
#116=PLANE('',#4426);
#117=PLANE('',#4428);
#118=PLANE('',#4430);
#119=PLANE('',#4435);
#120=PLANE('',#4436);
#121=PLANE('',#4437);
#122=PLANE('',#4438);
#123=PLANE('',#4443);
#124=PLANE('',#4450);
#125=PLANE('',#4452);
#126=PLANE('',#4454);
#127=PLANE('',#4461);
#128=PLANE('',#4511);
#129=PLANE('',#4516);
#130=PLANE('',#4517);
#131=PLANE('',#4518);
#132=PLANE('',#4521);
#133=PLANE('',#4524);
#134=PLANE('',#4530);
#135=PLANE('',#4531);
#136=PLANE('',#4547);
#137=PLANE('',#4550);
#138=PLANE('',#4552);
#139=PLANE('',#4555);
#140=PLANE('',#4560);
#141=PLANE('',#4562);
#142=PLANE('',#4569);
#143=PLANE('',#4579);
#144=PLANE('',#4580);
#145=PLANE('',#4581);
#146=PLANE('',#4582);
#147=PLANE('',#4587);
#148=PLANE('',#4590);
#149=PLANE('',#4593);
#150=PLANE('',#4594);
#151=PLANE('',#4595);
#152=PLANE('',#4596);
#153=CYLINDRICAL_SURFACE('',#4161,0.5);
#154=CYLINDRICAL_SURFACE('',#4166,0.5);
#155=CYLINDRICAL_SURFACE('',#4171,0.5);
#156=CYLINDRICAL_SURFACE('',#4176,1.99999999999999);
#157=CYLINDRICAL_SURFACE('',#4182,20.);
#158=CYLINDRICAL_SURFACE('',#4186,5.);
#159=CYLINDRICAL_SURFACE('',#4188,0.5);
#160=CYLINDRICAL_SURFACE('',#4196,0.5);
#161=CYLINDRICAL_SURFACE('',#4202,0.5);
#162=CYLINDRICAL_SURFACE('',#4214,10.);
#163=CYLINDRICAL_SURFACE('',#4215,4.);
#164=CYLINDRICAL_SURFACE('',#4226,20.);
#165=CYLINDRICAL_SURFACE('',#4227,4.);
#166=CYLINDRICAL_SURFACE('',#4232,20.);
#167=CYLINDRICAL_SURFACE('',#4233,4.);
#168=CYLINDRICAL_SURFACE('',#4244,20.);
#169=CYLINDRICAL_SURFACE('',#4245,2.);
#170=CYLINDRICAL_SURFACE('',#4251,2.);
#171=CYLINDRICAL_SURFACE('',#4256,5.);
#172=CYLINDRICAL_SURFACE('',#4257,2.);
#173=CYLINDRICAL_SURFACE('',#4268,5.);
#174=CYLINDRICAL_SURFACE('',#4269,5.);
#175=CYLINDRICAL_SURFACE('',#4278,5.);
#176=CYLINDRICAL_SURFACE('',#4279,5.);
#177=CYLINDRICAL_SURFACE('',#4283,5.);
#178=CYLINDRICAL_SURFACE('',#4285,5.);
#179=CYLINDRICAL_SURFACE('',#4286,5.);
#180=CYLINDRICAL_SURFACE('',#4288,5.);
#181=CYLINDRICAL_SURFACE('',#4289,5.);
#182=CYLINDRICAL_SURFACE('',#4290,2.);
#183=CYLINDRICAL_SURFACE('',#4291,2.);
#184=CYLINDRICAL_SURFACE('',#4297,2.);
#185=CYLINDRICAL_SURFACE('',#4298,4.);
#186=CYLINDRICAL_SURFACE('',#4299,4.);
#187=CYLINDRICAL_SURFACE('',#4300,4.);
#188=CYLINDRICAL_SURFACE('',#4307,5.00000000000021);
#189=CYLINDRICAL_SURFACE('',#4309,2.5);
#190=CYLINDRICAL_SURFACE('',#4312,5.);
#191=CYLINDRICAL_SURFACE('',#4314,2.);
#192=CYLINDRICAL_SURFACE('',#4320,0.5);
#193=CYLINDRICAL_SURFACE('',#4323,9.50000000000001);
#194=CYLINDRICAL_SURFACE('',#4334,0.5);
#195=CYLINDRICAL_SURFACE('',#4347,3.);
#196=CYLINDRICAL_SURFACE('',#4349,0.5);
#197=CYLINDRICAL_SURFACE('',#4359,2.);
#198=CYLINDRICAL_SURFACE('',#4360,2.);
#199=CYLINDRICAL_SURFACE('',#4363,2.);
#200=CYLINDRICAL_SURFACE('',#4367,2.);
#201=CYLINDRICAL_SURFACE('',#4374,2.);
#202=CYLINDRICAL_SURFACE('',#4375,2.);
#203=CYLINDRICAL_SURFACE('',#4376,2.);
#204=CYLINDRICAL_SURFACE('',#4381,0.5);
#205=CYLINDRICAL_SURFACE('',#4388,0.5);
#206=CYLINDRICAL_SURFACE('',#4393,0.5);
#207=CYLINDRICAL_SURFACE('',#4396,0.5);
#208=CYLINDRICAL_SURFACE('',#4400,2.);
#209=CYLINDRICAL_SURFACE('',#4402,2.);
#210=CYLINDRICAL_SURFACE('',#4404,2.);
#211=CYLINDRICAL_SURFACE('',#4412,0.550000000000005);
#212=CYLINDRICAL_SURFACE('',#4415,1.5);
#213=CYLINDRICAL_SURFACE('',#4420,3.50000000000646);
#214=CYLINDRICAL_SURFACE('',#4423,1.50000000000001);
#215=CYLINDRICAL_SURFACE('',#4424,2.5);
#216=CYLINDRICAL_SURFACE('',#4433,0.999999999999996);
#217=CYLINDRICAL_SURFACE('',#4434,0.999999999999996);
#218=CYLINDRICAL_SURFACE('',#4441,0.999999999999996);
#219=CYLINDRICAL_SURFACE('',#4442,0.999999999999996);
#220=CYLINDRICAL_SURFACE('',#4444,2.99999999999999);
#221=CYLINDRICAL_SURFACE('',#4446,3.);
#222=CYLINDRICAL_SURFACE('',#4448,2.99999999999999);
#223=CYLINDRICAL_SURFACE('',#4456,1.00000000000001);
#224=CYLINDRICAL_SURFACE('',#4457,0.999999999999996);
#225=CYLINDRICAL_SURFACE('',#4458,0.999999999999996);
#226=CYLINDRICAL_SURFACE('',#4460,0.999999999999996);
#227=CYLINDRICAL_SURFACE('',#4466,0.5);
#228=CYLINDRICAL_SURFACE('',#4472,0.5);
#229=CYLINDRICAL_SURFACE('',#4478,0.5);
#230=CYLINDRICAL_SURFACE('',#4480,0.5);
#231=CYLINDRICAL_SURFACE('',#4490,0.5);
#232=CYLINDRICAL_SURFACE('',#4492,0.5);
#233=CYLINDRICAL_SURFACE('',#4493,0.5);
#234=CYLINDRICAL_SURFACE('',#4494,0.5);
#235=CYLINDRICAL_SURFACE('',#4495,0.5);
#236=CYLINDRICAL_SURFACE('',#4497,0.5);
#237=CYLINDRICAL_SURFACE('',#4499,0.5);
#238=CYLINDRICAL_SURFACE('',#4501,0.5);
#239=CYLINDRICAL_SURFACE('',#4504,0.5);
#240=CYLINDRICAL_SURFACE('',#4519,0.5);
#241=CYLINDRICAL_SURFACE('',#4522,0.5);
#242=CYLINDRICAL_SURFACE('',#4525,2.);
#243=CYLINDRICAL_SURFACE('',#4527,2.);
#244=CYLINDRICAL_SURFACE('',#4529,0.5);
#245=CYLINDRICAL_SURFACE('',#4545,2.);
#246=CYLINDRICAL_SURFACE('',#4548,2.);
#247=CYLINDRICAL_SURFACE('',#4551,0.5);
#248=CYLINDRICAL_SURFACE('',#4553,0.5);
#249=CYLINDRICAL_SURFACE('',#4556,0.5);
#250=CYLINDRICAL_SURFACE('',#4558,0.5);
#251=CYLINDRICAL_SURFACE('',#4563,0.5);
#252=CYLINDRICAL_SURFACE('',#4564,0.5);
#253=CYLINDRICAL_SURFACE('',#4566,0.5);
#254=CYLINDRICAL_SURFACE('',#4568,0.5);
#255=CYLINDRICAL_SURFACE('',#4576,0.5);
#256=CYLINDRICAL_SURFACE('',#4577,0.5);
#257=CYLINDRICAL_SURFACE('',#4578,0.5);
#258=CYLINDRICAL_SURFACE('',#4583,1.5);
#259=CYLINDRICAL_SURFACE('',#4585,3.50000000000646);
#260=CYLINDRICAL_SURFACE('',#4588,1.50000000000001);
#261=CYLINDRICAL_SURFACE('',#4591,3.00000000000001);
#262=LINE('',#8571,#559);
#263=LINE('',#8573,#560);
#264=LINE('',#8582,#561);
#265=LINE('',#8588,#562);
#266=LINE('',#8591,#563);
#267=LINE('',#8594,#564);
#268=LINE('',#8596,#565);
#269=LINE('',#8599,#566);
#270=LINE('',#8604,#567);
#271=LINE('',#8621,#568);
#272=LINE('',#8623,#569);
#273=LINE('',#8627,#570);
#274=LINE('',#8631,#571);
#275=LINE('',#8635,#572);
#276=LINE('',#8637,#573);
#277=LINE('',#8639,#574);
#278=LINE('',#8640,#575);
#279=LINE('',#8646,#576);
#280=LINE('',#8648,#577);
#281=LINE('',#8650,#578);
#282=LINE('',#8651,#579);
#283=LINE('',#8653,#580);
#284=LINE('',#8659,#581);
#285=LINE('',#8661,#582);
#286=LINE('',#8663,#583);
#287=LINE('',#8665,#584);
#288=LINE('',#8667,#585);
#289=LINE('',#8669,#586);
#290=LINE('',#8670,#587);
#291=LINE('',#8677,#588);
#292=LINE('',#8687,#589);
#293=LINE('',#8696,#590);
#294=LINE('',#8709,#591);
#295=LINE('',#8713,#592);
#296=LINE('',#8743,#593);
#297=LINE('',#8756,#594);
#298=LINE('',#8759,#595);
#299=LINE('',#9118,#596);
#300=LINE('',#9119,#597);
#301=LINE('',#9127,#598);
#302=LINE('',#9129,#599);
#303=LINE('',#9149,#600);
#304=LINE('',#9150,#601);
#305=LINE('',#9152,#602);
#306=LINE('',#9153,#603);
#307=LINE('',#9173,#604);
#308=LINE('',#9174,#605);
#309=LINE('',#9176,#606);
#310=LINE('',#9177,#607);
#311=LINE('',#9308,#608);
#312=LINE('',#9309,#609);
#313=LINE('',#9311,#610);
#314=LINE('',#9312,#611);
#315=LINE('',#9332,#612);
#316=LINE('',#9333,#613);
#317=LINE('',#9338,#614);
#318=LINE('',#9339,#615);
#319=LINE('',#9347,#616);
#320=LINE('',#9348,#617);
#321=LINE('',#9506,#618);
#322=LINE('',#9507,#619);
#323=LINE('',#9509,#620);
#324=LINE('',#9510,#621);
#325=LINE('',#9530,#622);
#326=LINE('',#9531,#623);
#327=LINE('',#9533,#624);
#328=LINE('',#9534,#625);
#329=LINE('',#9550,#626);
#330=LINE('',#9551,#627);
#331=LINE('',#9553,#628);
#332=LINE('',#9554,#629);
#333=LINE('',#9563,#630);
#334=LINE('',#9564,#631);
#335=LINE('',#9566,#632);
#336=LINE('',#9567,#633);
#337=LINE('',#9571,#634);
#338=LINE('',#9572,#635);
#339=LINE('',#9574,#636);
#340=LINE('',#9575,#637);
#341=LINE('',#9577,#638);
#342=LINE('',#9578,#639);
#343=LINE('',#9580,#640);
#344=LINE('',#9581,#641);
#345=LINE('',#9586,#642);
#346=LINE('',#9587,#643);
#347=LINE('',#9595,#644);
#348=LINE('',#9596,#645);
#349=LINE('',#9598,#646);
#350=LINE('',#9599,#647);
#351=LINE('',#9601,#648);
#352=LINE('',#9602,#649);
#353=LINE('',#9604,#650);
#354=LINE('',#9605,#651);
#355=LINE('',#12236,#652);
#356=LINE('',#12237,#653);
#357=LINE('',#12242,#654);
#358=LINE('',#12245,#655);
#359=LINE('',#12246,#656);
#360=LINE('',#12248,#657);
#361=LINE('',#12252,#658);
#362=LINE('',#12254,#659);
#363=LINE('',#12256,#660);
#364=LINE('',#12257,#661);
#365=LINE('',#12261,#662);
#366=LINE('',#12265,#663);
#367=LINE('',#12271,#664);
#368=LINE('',#12275,#665);
#369=LINE('',#12276,#666);
#370=LINE('',#12279,#667);
#371=LINE('',#12283,#668);
#372=LINE('',#12284,#669);
#373=LINE('',#12287,#670);
#374=LINE('',#12289,#671);
#375=LINE('',#12291,#672);
#376=LINE('',#12292,#673);
#377=LINE('',#12307,#674);
#378=LINE('',#12338,#675);
#379=LINE('',#12359,#676);
#380=LINE('',#12373,#677);
#381=LINE('',#12376,#678);
#382=LINE('',#12383,#679);
#383=LINE('',#12385,#680);
#384=LINE('',#12387,#681);
#385=LINE('',#12389,#682);
#386=LINE('',#12391,#683);
#387=LINE('',#12393,#684);
#388=LINE('',#12395,#685);
#389=LINE('',#12396,#686);
#390=LINE('',#12399,#687);
#391=LINE('',#12401,#688);
#392=LINE('',#12402,#689);
#393=LINE('',#12416,#690);
#394=LINE('',#12420,#691);
#395=LINE('',#12424,#692);
#396=LINE('',#12426,#693);
#397=LINE('',#12439,#694);
#398=LINE('',#12444,#695);
#399=LINE('',#12448,#696);
#400=LINE('',#12560,#697);
#401=LINE('',#12571,#698);
#402=LINE('',#12572,#699);
#403=LINE('',#12574,#700);
#404=LINE('',#12575,#701);
#405=LINE('',#12580,#702);
#406=LINE('',#12581,#703);
#407=LINE('',#12585,#704);
#408=LINE('',#12588,#705);
#409=LINE('',#12589,#706);
#410=LINE('',#12594,#707);
#411=LINE('',#12595,#708);
#412=LINE('',#12597,#709);
#413=LINE('',#12599,#710);
#414=LINE('',#12601,#711);
#415=LINE('',#12642,#712);
#416=LINE('',#12651,#713);
#417=LINE('',#12659,#714);
#418=LINE('',#12689,#715);
#419=LINE('',#12719,#716);
#420=LINE('',#12723,#717);
#421=LINE('',#12727,#718);
#422=LINE('',#12728,#719);
#423=LINE('',#12730,#720);
#424=LINE('',#12732,#721);
#425=LINE('',#12733,#722);
#426=LINE('',#12736,#723);
#427=LINE('',#12737,#724);
#428=LINE('',#12738,#725);
#429=LINE('',#12740,#726);
#430=LINE('',#12743,#727);
#431=LINE('',#12745,#728);
#432=LINE('',#12746,#729);
#433=LINE('',#12750,#730);
#434=LINE('',#12753,#731);
#435=LINE('',#12754,#732);
#436=LINE('',#12762,#733);
#437=LINE('',#12765,#734);
#438=LINE('',#12766,#735);
#439=LINE('',#12769,#736);
#440=LINE('',#12770,#737);
#441=LINE('',#12775,#738);
#442=LINE('',#12778,#739);
#443=LINE('',#12787,#740);
#444=LINE('',#12793,#741);
#445=LINE('',#12795,#742);
#446=LINE('',#12800,#743);
#447=LINE('',#12806,#744);
#448=LINE('',#12808,#745);
#449=LINE('',#12812,#746);
#450=LINE('',#12816,#747);
#451=LINE('',#12830,#748);
#452=LINE('',#12832,#749);
#453=LINE('',#12836,#750);
#454=LINE('',#12838,#751);
#455=LINE('',#12851,#752);
#456=LINE('',#12852,#753);
#457=LINE('',#12864,#754);
#458=LINE('',#12865,#755);
#459=LINE('',#12877,#756);
#460=LINE('',#12878,#757);
#461=LINE('',#12883,#758);
#462=LINE('',#12884,#759);
#463=LINE('',#12902,#760);
#464=LINE('',#12903,#761);
#465=LINE('',#12905,#762);
#466=LINE('',#12906,#763);
#467=LINE('',#12908,#764);
#468=LINE('',#12909,#765);
#469=LINE('',#12911,#766);
#470=LINE('',#12912,#767);
#471=LINE('',#12915,#768);
#472=LINE('',#12917,#769);
#473=LINE('',#12921,#770);
#474=LINE('',#12923,#771);
#475=LINE('',#12927,#772);
#476=LINE('',#12930,#773);
#477=LINE('',#12936,#774);
#478=LINE('',#12938,#775);
#479=LINE('',#12943,#776);
#480=LINE('',#12946,#777);
#481=LINE('',#12953,#778);
#482=LINE('',#12955,#779);
#483=LINE('',#12957,#780);
#484=LINE('',#12959,#781);
#485=LINE('',#12963,#782);
#486=LINE('',#12967,#783);
#487=LINE('',#12971,#784);
#488=LINE('',#12972,#785);
#489=LINE('',#12976,#786);
#490=LINE('',#12979,#787);
#491=LINE('',#12980,#788);
#492=LINE('',#12983,#789);
#493=LINE('',#12985,#790);
#494=LINE('',#12987,#791);
#495=LINE('',#12989,#792);
#496=LINE('',#12990,#793);
#497=LINE('',#12993,#794);
#498=LINE('',#12997,#795);
#499=LINE('',#12998,#796);
#500=LINE('',#13001,#797);
#501=LINE('',#13005,#798);
#502=LINE('',#13007,#799);
#503=LINE('',#13009,#800);
#504=LINE('',#13010,#801);
#505=LINE('',#13013,#802);
#506=LINE('',#13015,#803);
#507=LINE('',#13030,#804);
#508=LINE('',#13032,#805);
#509=LINE('',#13046,#806);
#510=LINE('',#13047,#807);
#511=LINE('',#13050,#808);
#512=LINE('',#13051,#809);
#513=LINE('',#13056,#810);
#514=LINE('',#13060,#811);
#515=LINE('',#13064,#812);
#516=LINE('',#13068,#813);
#517=LINE('',#13072,#814);
#518=LINE('',#13077,#815);
#519=LINE('',#13080,#816);
#520=LINE('',#13084,#817);
#521=LINE('',#13088,#818);
#522=LINE('',#13092,#819);
#523=LINE('',#13098,#820);
#524=LINE('',#13101,#821);
#525=LINE('',#13104,#822);
#526=LINE('',#13105,#823);
#527=LINE('',#13110,#824);
#528=LINE('',#13111,#825);
#529=LINE('',#13114,#826);
#530=LINE('',#13115,#827);
#531=LINE('',#13117,#828);
#532=LINE('',#13118,#829);
#533=LINE('',#13121,#830);
#534=LINE('',#13122,#831);
#535=LINE('',#13125,#832);
#536=LINE('',#13128,#833);
#537=LINE('',#13130,#834);
#538=LINE('',#13134,#835);
#539=LINE('',#13137,#836);
#540=LINE('',#13141,#837);
#541=LINE('',#13143,#838);
#542=LINE('',#13145,#839);
#543=LINE('',#13150,#840);
#544=LINE('',#13153,#841);
#545=LINE('',#13155,#842);
#546=LINE('',#13158,#843);
#547=LINE('',#13159,#844);
#548=LINE('',#13170,#845);
#549=LINE('',#13172,#846);
#550=LINE('',#13174,#847);
#551=LINE('',#13176,#848);
#552=LINE('',#13179,#849);
#553=LINE('',#13184,#850);
#554=LINE('',#13188,#851);
#555=LINE('',#13192,#852);
#556=LINE('',#13195,#853);
#557=LINE('',#13196,#854);
#558=LINE('',#13201,#855);
#559=VECTOR('',#4625,10.);
#560=VECTOR('',#4626,10.);
#561=VECTOR('',#4627,10.);
#562=VECTOR('',#4632,10.);
#563=VECTOR('',#4635,10.);
#564=VECTOR('',#4638,10.);
#565=VECTOR('',#4639,10.);
#566=VECTOR('',#4642,10.);
#567=VECTOR('',#4647,10.);
#568=VECTOR('',#4656,10.);
#569=VECTOR('',#4657,10.);
#570=VECTOR('',#4660,10.);
#571=VECTOR('',#4663,1.99999999999999);
#572=VECTOR('',#4668,10.);
#573=VECTOR('',#4669,10.);
#574=VECTOR('',#4670,10.);
#575=VECTOR('',#4671,10.);
#576=VECTOR('',#4678,1.99999999999999);
#577=VECTOR('',#4681,10.);
#578=VECTOR('',#4682,10.);
#579=VECTOR('',#4683,10.);
#580=VECTOR('',#4684,10.);
#581=VECTOR('',#4689,10.);
#582=VECTOR('',#4690,10.);
#583=VECTOR('',#4691,10.);
#584=VECTOR('',#4692,10.);
#585=VECTOR('',#4693,10.);
#586=VECTOR('',#4694,10.);
#587=VECTOR('',#4695,10.);
#588=VECTOR('',#4702,10.);
#589=VECTOR('',#4705,10.);
#590=VECTOR('',#4708,10.);
#591=VECTOR('',#4709,10.);
#592=VECTOR('',#4712,10.);
#593=VECTOR('',#4713,10.);
#594=VECTOR('',#4716,10.);
#595=VECTOR('',#4719,10.);
#596=VECTOR('',#4736,10.);
#597=VECTOR('',#4737,10.);
#598=VECTOR('',#4748,10.);
#599=VECTOR('',#4751,10.);
#600=VECTOR('',#4774,10.);
#601=VECTOR('',#4775,10.);
#602=VECTOR('',#4778,10.);
#603=VECTOR('',#4779,10.);
#604=VECTOR('',#4802,10.);
#605=VECTOR('',#4803,10.);
#606=VECTOR('',#4806,10.);
#607=VECTOR('',#4807,10.);
#608=VECTOR('',#4818,10.);
#609=VECTOR('',#4819,10.);
#610=VECTOR('',#4822,10.);
#611=VECTOR('',#4823,10.);
#612=VECTOR('',#4846,10.);
#613=VECTOR('',#4847,10.);
#614=VECTOR('',#4852,10.);
#615=VECTOR('',#4853,10.);
#616=VECTOR('',#4864,10.);
#617=VECTOR('',#4865,10.);
#618=VECTOR('',#4876,10.);
#619=VECTOR('',#4877,10.);
#620=VECTOR('',#4880,10.);
#621=VECTOR('',#4881,10.);
#622=VECTOR('',#4904,10.);
#623=VECTOR('',#4905,10.);
#624=VECTOR('',#4908,10.);
#625=VECTOR('',#4909,10.);
#626=VECTOR('',#4928,10.);
#627=VECTOR('',#4929,10.);
#628=VECTOR('',#4932,10.);
#629=VECTOR('',#4933,10.);
#630=VECTOR('',#4944,10.);
#631=VECTOR('',#4945,10.);
#632=VECTOR('',#4948,10.);
#633=VECTOR('',#4949,10.);
#634=VECTOR('',#4954,10.);
#635=VECTOR('',#4955,10.);
#636=VECTOR('',#4958,10.);
#637=VECTOR('',#4959,10.);
#638=VECTOR('',#4962,10.);
#639=VECTOR('',#4963,10.);
#640=VECTOR('',#4966,10.);
#641=VECTOR('',#4967,10.);
#642=VECTOR('',#4972,10.);
#643=VECTOR('',#4973,10.);
#644=VECTOR('',#4984,10.);
#645=VECTOR('',#4985,10.);
#646=VECTOR('',#4988,10.);
#647=VECTOR('',#4989,10.);
#648=VECTOR('',#4992,10.);
#649=VECTOR('',#4993,10.);
#650=VECTOR('',#4996,10.);
#651=VECTOR('',#4997,10.);
#652=VECTOR('',#5012,10.);
#653=VECTOR('',#5013,10.);
#654=VECTOR('',#5020,2.5);
#655=VECTOR('',#5025,10.);
#656=VECTOR('',#5026,10.);
#657=VECTOR('',#5029,10.);
#658=VECTOR('',#5034,10.);
#659=VECTOR('',#5035,10.);
#660=VECTOR('',#5036,10.);
#661=VECTOR('',#5037,10.);
#662=VECTOR('',#5040,10.);
#663=VECTOR('',#5043,10.);
#664=VECTOR('',#5050,10.);
#665=VECTOR('',#5055,10.);
#666=VECTOR('',#5056,10.);
#667=VECTOR('',#5059,10.);
#668=VECTOR('',#5064,10.);
#669=VECTOR('',#5065,10.);
#670=VECTOR('',#5066,10.);
#671=VECTOR('',#5067,10.);
#672=VECTOR('',#5068,10.);
#673=VECTOR('',#5069,10.);
#674=VECTOR('',#5070,10.);
#675=VECTOR('',#5071,10.);
#676=VECTOR('',#5072,10.);
#677=VECTOR('',#5093,10.);
#678=VECTOR('',#5096,10.);
#679=VECTOR('',#5103,10.);
#680=VECTOR('',#5104,10.);
#681=VECTOR('',#5107,10.);
#682=VECTOR('',#5108,10.);
#683=VECTOR('',#5109,10.);
#684=VECTOR('',#5110,10.);
#685=VECTOR('',#5111,10.);
#686=VECTOR('',#5112,10.);
#687=VECTOR('',#5115,10.);
#688=VECTOR('',#5116,10.);
#689=VECTOR('',#5117,10.);
#690=VECTOR('',#5132,10.);
#691=VECTOR('',#5137,10.);
#692=VECTOR('',#5142,10.);
#693=VECTOR('',#5143,10.);
#694=VECTOR('',#5158,10.);
#695=VECTOR('',#5163,10.);
#696=VECTOR('',#5168,10.);
#697=VECTOR('',#5179,10.);
#698=VECTOR('',#5192,10.);
#699=VECTOR('',#5193,10.);
#700=VECTOR('',#5196,10.);
#701=VECTOR('',#5197,10.);
#702=VECTOR('',#5202,10.);
#703=VECTOR('',#5203,10.);
#704=VECTOR('',#5208,10.);
#705=VECTOR('',#5211,10.);
#706=VECTOR('',#5212,10.);
#707=VECTOR('',#5217,10.);
#708=VECTOR('',#5218,10.);
#709=VECTOR('',#5221,10.);
#710=VECTOR('',#5222,10.);
#711=VECTOR('',#5223,10.);
#712=VECTOR('',#5224,10.);
#713=VECTOR('',#5237,10.);
#714=VECTOR('',#5248,10.);
#715=VECTOR('',#5255,10.);
#716=VECTOR('',#5262,10.);
#717=VECTOR('',#5267,10.);
#718=VECTOR('',#5272,10.);
#719=VECTOR('',#5273,10.);
#720=VECTOR('',#5276,10.);
#721=VECTOR('',#5277,10.);
#722=VECTOR('',#5278,10.);
#723=VECTOR('',#5281,10.);
#724=VECTOR('',#5282,10.);
#725=VECTOR('',#5283,10.);
#726=VECTOR('',#5286,10.);
#727=VECTOR('',#5289,10.);
#728=VECTOR('',#5290,10.);
#729=VECTOR('',#5291,10.);
#730=VECTOR('',#5296,10.);
#731=VECTOR('',#5299,10.);
#732=VECTOR('',#5300,10.);
#733=VECTOR('',#5313,1.5);
#734=VECTOR('',#5316,10.);
#735=VECTOR('',#5317,10.);
#736=VECTOR('',#5320,10.);
#737=VECTOR('',#5321,10.);
#738=VECTOR('',#5330,1.50000000000001);
#739=VECTOR('',#5333,2.5);
#740=VECTOR('',#5346,10.);
#741=VECTOR('',#5353,0.999999999999996);
#742=VECTOR('',#5356,0.999999999999996);
#743=VECTOR('',#5365,10.);
#744=VECTOR('',#5372,0.999999999999996);
#745=VECTOR('',#5375,0.999999999999996);
#746=VECTOR('',#5380,2.99999999999999);
#747=VECTOR('',#5385,3.);
#748=VECTOR('',#5406,1.00000000000001);
#749=VECTOR('',#5409,0.999999999999996);
#750=VECTOR('',#5414,0.999999999999996);
#751=VECTOR('',#5417,0.999999999999996);
#752=VECTOR('',#5432,10.);
#753=VECTOR('',#5433,10.);
#754=VECTOR('',#5446,10.);
#755=VECTOR('',#5447,10.);
#756=VECTOR('',#5460,10.);
#757=VECTOR('',#5461,10.);
#758=VECTOR('',#5466,10.);
#759=VECTOR('',#5467,10.);
#760=VECTOR('',#5488,10.);
#761=VECTOR('',#5489,10.);
#762=VECTOR('',#5492,10.);
#763=VECTOR('',#5493,10.);
#764=VECTOR('',#5496,10.);
#765=VECTOR('',#5497,10.);
#766=VECTOR('',#5500,10.);
#767=VECTOR('',#5501,10.);
#768=VECTOR('',#5504,10.);
#769=VECTOR('',#5505,10.);
#770=VECTOR('',#5510,10.);
#771=VECTOR('',#5511,10.);
#772=VECTOR('',#5516,10.);
#773=VECTOR('',#5519,10.);
#774=VECTOR('',#5524,10.);
#775=VECTOR('',#5527,10.);
#776=VECTOR('',#5532,10.);
#777=VECTOR('',#5535,10.);
#778=VECTOR('',#5546,10.);
#779=VECTOR('',#5547,10.);
#780=VECTOR('',#5548,10.);
#781=VECTOR('',#5549,10.);
#782=VECTOR('',#5552,10.);
#783=VECTOR('',#5555,10.);
#784=VECTOR('',#5558,10.);
#785=VECTOR('',#5559,10.);
#786=VECTOR('',#5564,10.);
#787=VECTOR('',#5567,10.);
#788=VECTOR('',#5568,10.);
#789=VECTOR('',#5571,10.);
#790=VECTOR('',#5572,10.);
#791=VECTOR('',#5573,10.);
#792=VECTOR('',#5574,10.);
#793=VECTOR('',#5575,10.);
#794=VECTOR('',#5578,10.);
#795=VECTOR('',#5583,10.);
#796=VECTOR('',#5584,10.);
#797=VECTOR('',#5587,10.);
#798=VECTOR('',#5592,10.);
#799=VECTOR('',#5593,10.);
#800=VECTOR('',#5594,10.);
#801=VECTOR('',#5595,10.);
#802=VECTOR('',#5598,10.);
#803=VECTOR('',#5599,10.);
#804=VECTOR('',#5604,10.);
#805=VECTOR('',#5605,10.);
#806=VECTOR('',#5610,10.);
#807=VECTOR('',#5611,10.);
#808=VECTOR('',#5614,10.);
#809=VECTOR('',#5615,10.);
#810=VECTOR('',#5620,10.);
#811=VECTOR('',#5623,10.);
#812=VECTOR('',#5626,10.);
#813=VECTOR('',#5629,10.);
#814=VECTOR('',#5632,10.);
#815=VECTOR('',#5637,10.);
#816=VECTOR('',#5640,10.);
#817=VECTOR('',#5643,10.);
#818=VECTOR('',#5646,10.);
#819=VECTOR('',#5649,10.);
#820=VECTOR('',#5656,10.);
#821=VECTOR('',#5659,10.);
#822=VECTOR('',#5662,10.);
#823=VECTOR('',#5663,10.);
#824=VECTOR('',#5668,10.);
#825=VECTOR('',#5669,10.);
#826=VECTOR('',#5672,10.);
#827=VECTOR('',#5673,10.);
#828=VECTOR('',#5676,10.);
#829=VECTOR('',#5677,10.);
#830=VECTOR('',#5680,10.);
#831=VECTOR('',#5681,10.);
#832=VECTOR('',#5684,10.);
#833=VECTOR('',#5687,10.);
#834=VECTOR('',#5690,10.);
#835=VECTOR('',#5695,10.);
#836=VECTOR('',#5698,10.);
#837=VECTOR('',#5703,10.);
#838=VECTOR('',#5706,10.);
#839=VECTOR('',#5709,10.);
#840=VECTOR('',#5716,10.);
#841=VECTOR('',#5719,10.);
#842=VECTOR('',#5720,10.);
#843=VECTOR('',#5725,10.);
#844=VECTOR('',#5726,10.);
#845=VECTOR('',#5743,10.);
#846=VECTOR('',#5746,10.);
#847=VECTOR('',#5749,10.);
#848=VECTOR('',#5752,10.);
#849=VECTOR('',#5757,10.);
#850=VECTOR('',#5764,1.5);
#851=VECTOR('',#5771,10.);
#852=VECTOR('',#5776,1.50000000000001);
#853=VECTOR('',#5779,10.);
#854=VECTOR('',#5780,10.);
#855=VECTOR('',#5789,10.);
#856=FACE_OUTER_BOUND('',#1098,.T.);
#857=FACE_OUTER_BOUND('',#1099,.T.);
#858=FACE_OUTER_BOUND('',#1100,.T.);
#859=FACE_OUTER_BOUND('',#1101,.T.);
#860=FACE_OUTER_BOUND('',#1102,.T.);
#861=FACE_OUTER_BOUND('',#1103,.T.);
#862=FACE_OUTER_BOUND('',#1104,.T.);
#863=FACE_OUTER_BOUND('',#1105,.T.);
#864=FACE_OUTER_BOUND('',#1106,.T.);
#865=FACE_OUTER_BOUND('',#1107,.T.);
#866=FACE_OUTER_BOUND('',#1108,.T.);
#867=FACE_OUTER_BOUND('',#1109,.T.);
#868=FACE_OUTER_BOUND('',#1110,.T.);
#869=FACE_OUTER_BOUND('',#1111,.T.);
#870=FACE_OUTER_BOUND('',#1112,.T.);
#871=FACE_OUTER_BOUND('',#1113,.T.);
#872=FACE_OUTER_BOUND('',#1114,.T.);
#873=FACE_OUTER_BOUND('',#1115,.T.);
#874=FACE_OUTER_BOUND('',#1116,.T.);
#875=FACE_OUTER_BOUND('',#1117,.T.);
#876=FACE_OUTER_BOUND('',#1118,.T.);
#877=FACE_OUTER_BOUND('',#1119,.T.);
#878=FACE_OUTER_BOUND('',#1120,.T.);
#879=FACE_OUTER_BOUND('',#1121,.T.);
#880=FACE_OUTER_BOUND('',#1122,.T.);
#881=FACE_OUTER_BOUND('',#1123,.T.);
#882=FACE_OUTER_BOUND('',#1124,.T.);
#883=FACE_OUTER_BOUND('',#1125,.T.);
#884=FACE_OUTER_BOUND('',#1126,.T.);
#885=FACE_OUTER_BOUND('',#1127,.T.);
#886=FACE_OUTER_BOUND('',#1128,.T.);
#887=FACE_OUTER_BOUND('',#1129,.T.);
#888=FACE_OUTER_BOUND('',#1130,.T.);
#889=FACE_OUTER_BOUND('',#1131,.T.);
#890=FACE_OUTER_BOUND('',#1132,.T.);
#891=FACE_OUTER_BOUND('',#1133,.T.);
#892=FACE_OUTER_BOUND('',#1134,.T.);
#893=FACE_OUTER_BOUND('',#1135,.T.);
#894=FACE_OUTER_BOUND('',#1136,.T.);
#895=FACE_OUTER_BOUND('',#1137,.T.);
#896=FACE_OUTER_BOUND('',#1138,.T.);
#897=FACE_OUTER_BOUND('',#1139,.T.);
#898=FACE_OUTER_BOUND('',#1140,.T.);
#899=FACE_OUTER_BOUND('',#1141,.T.);
#900=FACE_OUTER_BOUND('',#1142,.T.);
#901=FACE_OUTER_BOUND('',#1143,.T.);
#902=FACE_OUTER_BOUND('',#1144,.T.);
#903=FACE_OUTER_BOUND('',#1145,.T.);
#904=FACE_OUTER_BOUND('',#1146,.T.);
#905=FACE_OUTER_BOUND('',#1147,.T.);
#906=FACE_OUTER_BOUND('',#1148,.T.);
#907=FACE_OUTER_BOUND('',#1149,.T.);
#908=FACE_OUTER_BOUND('',#1150,.T.);
#909=FACE_OUTER_BOUND('',#1151,.T.);
#910=FACE_OUTER_BOUND('',#1152,.T.);
#911=FACE_OUTER_BOUND('',#1153,.T.);
#912=FACE_OUTER_BOUND('',#1154,.T.);
#913=FACE_OUTER_BOUND('',#1155,.T.);
#914=FACE_OUTER_BOUND('',#1156,.T.);
#915=FACE_OUTER_BOUND('',#1157,.T.);
#916=FACE_OUTER_BOUND('',#1158,.T.);
#917=FACE_OUTER_BOUND('',#1159,.T.);
#918=FACE_OUTER_BOUND('',#1160,.T.);
#919=FACE_OUTER_BOUND('',#1161,.T.);
#920=FACE_OUTER_BOUND('',#1162,.T.);
#921=FACE_OUTER_BOUND('',#1163,.T.);
#922=FACE_OUTER_BOUND('',#1164,.T.);
#923=FACE_OUTER_BOUND('',#1165,.T.);
#924=FACE_OUTER_BOUND('',#1166,.T.);
#925=FACE_OUTER_BOUND('',#1167,.T.);
#926=FACE_OUTER_BOUND('',#1168,.T.);
#927=FACE_OUTER_BOUND('',#1169,.T.);
#928=FACE_OUTER_BOUND('',#1170,.T.);
#929=FACE_OUTER_BOUND('',#1171,.T.);
#930=FACE_OUTER_BOUND('',#1172,.T.);
#931=FACE_OUTER_BOUND('',#1173,.T.);
#932=FACE_OUTER_BOUND('',#1174,.T.);
#933=FACE_OUTER_BOUND('',#1175,.T.);
#934=FACE_OUTER_BOUND('',#1176,.T.);
#935=FACE_OUTER_BOUND('',#1177,.T.);
#936=FACE_OUTER_BOUND('',#1178,.T.);
#937=FACE_OUTER_BOUND('',#1179,.T.);
#938=FACE_OUTER_BOUND('',#1180,.T.);
#939=FACE_OUTER_BOUND('',#1181,.T.);
#940=FACE_OUTER_BOUND('',#1182,.T.);
#941=FACE_OUTER_BOUND('',#1183,.T.);
#942=FACE_OUTER_BOUND('',#1184,.T.);
#943=FACE_OUTER_BOUND('',#1185,.T.);
#944=FACE_OUTER_BOUND('',#1186,.T.);
#945=FACE_OUTER_BOUND('',#1188,.T.);
#946=FACE_OUTER_BOUND('',#1189,.T.);
#947=FACE_OUTER_BOUND('',#1190,.T.);
#948=FACE_OUTER_BOUND('',#1191,.T.);
#949=FACE_OUTER_BOUND('',#1193,.T.);
#950=FACE_OUTER_BOUND('',#1194,.T.);
#951=FACE_OUTER_BOUND('',#1195,.T.);
#952=FACE_OUTER_BOUND('',#1196,.T.);
#953=FACE_OUTER_BOUND('',#1197,.T.);
#954=FACE_OUTER_BOUND('',#1198,.T.);
#955=FACE_OUTER_BOUND('',#1199,.T.);
#956=FACE_OUTER_BOUND('',#1200,.T.);
#957=FACE_OUTER_BOUND('',#1201,.T.);
#958=FACE_OUTER_BOUND('',#1202,.T.);
#959=FACE_OUTER_BOUND('',#1203,.T.);
#960=FACE_OUTER_BOUND('',#1204,.T.);
#961=FACE_OUTER_BOUND('',#1205,.T.);
#962=FACE_OUTER_BOUND('',#1211,.T.);
#963=FACE_OUTER_BOUND('',#1212,.T.);
#964=FACE_OUTER_BOUND('',#1213,.T.);
#965=FACE_OUTER_BOUND('',#1214,.T.);
#966=FACE_OUTER_BOUND('',#1220,.T.);
#967=FACE_OUTER_BOUND('',#1221,.T.);
#968=FACE_OUTER_BOUND('',#1222,.T.);
#969=FACE_OUTER_BOUND('',#1223,.T.);
#970=FACE_OUTER_BOUND('',#1224,.T.);
#971=FACE_OUTER_BOUND('',#1225,.T.);
#972=FACE_OUTER_BOUND('',#1226,.T.);
#973=FACE_OUTER_BOUND('',#1227,.T.);
#974=FACE_OUTER_BOUND('',#1228,.T.);
#975=FACE_OUTER_BOUND('',#1229,.T.);
#976=FACE_OUTER_BOUND('',#1230,.T.);
#977=FACE_OUTER_BOUND('',#1231,.T.);
#978=FACE_OUTER_BOUND('',#1232,.T.);
#979=FACE_OUTER_BOUND('',#1233,.T.);
#980=FACE_OUTER_BOUND('',#1234,.T.);
#981=FACE_OUTER_BOUND('',#1235,.T.);
#982=FACE_OUTER_BOUND('',#1236,.T.);
#983=FACE_OUTER_BOUND('',#1237,.T.);
#984=FACE_OUTER_BOUND('',#1238,.T.);
#985=FACE_OUTER_BOUND('',#1239,.T.);
#986=FACE_OUTER_BOUND('',#1240,.T.);
#987=FACE_OUTER_BOUND('',#1241,.T.);
#988=FACE_OUTER_BOUND('',#1243,.T.);
#989=FACE_OUTER_BOUND('',#1244,.T.);
#990=FACE_OUTER_BOUND('',#1245,.T.);
#991=FACE_OUTER_BOUND('',#1246,.T.);
#992=FACE_OUTER_BOUND('',#1247,.T.);
#993=FACE_OUTER_BOUND('',#1248,.T.);
#994=FACE_OUTER_BOUND('',#1249,.T.);
#995=FACE_OUTER_BOUND('',#1250,.T.);
#996=FACE_OUTER_BOUND('',#1251,.T.);
#997=FACE_OUTER_BOUND('',#1252,.T.);
#998=FACE_OUTER_BOUND('',#1253,.T.);
#999=FACE_OUTER_BOUND('',#1254,.T.);
#1000=FACE_OUTER_BOUND('',#1255,.T.);
#1001=FACE_OUTER_BOUND('',#1256,.T.);
#1002=FACE_OUTER_BOUND('',#1257,.T.);
#1003=FACE_OUTER_BOUND('',#1258,.T.);
#1004=FACE_OUTER_BOUND('',#1259,.T.);
#1005=FACE_OUTER_BOUND('',#1260,.T.);
#1006=FACE_OUTER_BOUND('',#1261,.T.);
#1007=FACE_OUTER_BOUND('',#1263,.T.);
#1008=FACE_OUTER_BOUND('',#1265,.T.);
#1009=FACE_OUTER_BOUND('',#1268,.T.);
#1010=FACE_OUTER_BOUND('',#1269,.T.);
#1011=FACE_OUTER_BOUND('',#1270,.T.);
#1012=FACE_OUTER_BOUND('',#1271,.T.);
#1013=FACE_OUTER_BOUND('',#1272,.T.);
#1014=FACE_OUTER_BOUND('',#1273,.T.);
#1015=FACE_OUTER_BOUND('',#1276,.T.);
#1016=FACE_OUTER_BOUND('',#1277,.T.);
#1017=FACE_OUTER_BOUND('',#1278,.T.);
#1018=FACE_OUTER_BOUND('',#1279,.T.);
#1019=FACE_OUTER_BOUND('',#1280,.T.);
#1020=FACE_OUTER_BOUND('',#1281,.T.);
#1021=FACE_OUTER_BOUND('',#1282,.T.);
#1022=FACE_OUTER_BOUND('',#1284,.T.);
#1023=FACE_OUTER_BOUND('',#1286,.T.);
#1024=FACE_OUTER_BOUND('',#1288,.T.);
#1025=FACE_OUTER_BOUND('',#1289,.T.);
#1026=FACE_OUTER_BOUND('',#1290,.T.);
#1027=FACE_OUTER_BOUND('',#1291,.T.);
#1028=FACE_OUTER_BOUND('',#1292,.T.);
#1029=FACE_OUTER_BOUND('',#1294,.T.);
#1030=FACE_OUTER_BOUND('',#1295,.T.);
#1031=FACE_OUTER_BOUND('',#1296,.T.);
#1032=FACE_OUTER_BOUND('',#1297,.T.);
#1033=FACE_OUTER_BOUND('',#1298,.T.);
#1034=FACE_OUTER_BOUND('',#1299,.T.);
#1035=FACE_OUTER_BOUND('',#1300,.T.);
#1036=FACE_OUTER_BOUND('',#1301,.T.);
#1037=FACE_OUTER_BOUND('',#1302,.T.);
#1038=FACE_OUTER_BOUND('',#1303,.T.);
#1039=FACE_OUTER_BOUND('',#1304,.T.);
#1040=FACE_OUTER_BOUND('',#1305,.T.);
#1041=FACE_OUTER_BOUND('',#1306,.T.);
#1042=FACE_OUTER_BOUND('',#1307,.T.);
#1043=FACE_OUTER_BOUND('',#1308,.T.);
#1044=FACE_OUTER_BOUND('',#1309,.T.);
#1045=FACE_OUTER_BOUND('',#1310,.T.);
#1046=FACE_OUTER_BOUND('',#1311,.T.);
#1047=FACE_OUTER_BOUND('',#1312,.T.);
#1048=FACE_OUTER_BOUND('',#1313,.T.);
#1049=FACE_OUTER_BOUND('',#1314,.T.);
#1050=FACE_OUTER_BOUND('',#1316,.T.);
#1051=FACE_OUTER_BOUND('',#1317,.T.);
#1052=FACE_OUTER_BOUND('',#1318,.T.);
#1053=FACE_OUTER_BOUND('',#1319,.T.);
#1054=FACE_OUTER_BOUND('',#1320,.T.);
#1055=FACE_OUTER_BOUND('',#1321,.T.);
#1056=FACE_OUTER_BOUND('',#1322,.T.);
#1057=FACE_OUTER_BOUND('',#1323,.T.);
#1058=FACE_OUTER_BOUND('',#1324,.T.);
#1059=FACE_OUTER_BOUND('',#1325,.T.);
#1060=FACE_OUTER_BOUND('',#1326,.T.);
#1061=FACE_OUTER_BOUND('',#1327,.T.);
#1062=FACE_OUTER_BOUND('',#1329,.T.);
#1063=FACE_OUTER_BOUND('',#1330,.T.);
#1064=FACE_OUTER_BOUND('',#1331,.T.);
#1065=FACE_OUTER_BOUND('',#1332,.T.);
#1066=FACE_OUTER_BOUND('',#1333,.T.);
#1067=FACE_OUTER_BOUND('',#1334,.T.);
#1068=FACE_OUTER_BOUND('',#1335,.T.);
#1069=FACE_OUTER_BOUND('',#1336,.T.);
#1070=FACE_OUTER_BOUND('',#1337,.T.);
#1071=FACE_OUTER_BOUND('',#1338,.T.);
#1072=FACE_OUTER_BOUND('',#1339,.T.);
#1073=FACE_OUTER_BOUND('',#1340,.T.);
#1074=FACE_OUTER_BOUND('',#1341,.T.);
#1075=FACE_OUTER_BOUND('',#1342,.T.);
#1076=FACE_OUTER_BOUND('',#1343,.T.);
#1077=FACE_OUTER_BOUND('',#1344,.T.);
#1078=FACE_OUTER_BOUND('',#1345,.T.);
#1079=FACE_OUTER_BOUND('',#1346,.T.);
#1080=FACE_OUTER_BOUND('',#1347,.T.);
#1081=FACE_OUTER_BOUND('',#1348,.T.);
#1082=FACE_OUTER_BOUND('',#1349,.T.);
#1083=FACE_OUTER_BOUND('',#1350,.T.);
#1084=FACE_OUTER_BOUND('',#1351,.T.);
#1085=FACE_OUTER_BOUND('',#1352,.T.);
#1086=FACE_OUTER_BOUND('',#1353,.T.);
#1087=FACE_OUTER_BOUND('',#1354,.T.);
#1088=FACE_OUTER_BOUND('',#1355,.T.);
#1089=FACE_OUTER_BOUND('',#1356,.T.);
#1090=FACE_OUTER_BOUND('',#1357,.T.);
#1091=FACE_OUTER_BOUND('',#1358,.T.);
#1092=FACE_OUTER_BOUND('',#1359,.T.);
#1093=FACE_OUTER_BOUND('',#1360,.T.);
#1094=FACE_OUTER_BOUND('',#1361,.T.);
#1095=FACE_OUTER_BOUND('',#1363,.T.);
#1096=FACE_OUTER_BOUND('',#1364,.T.);
#1097=FACE_OUTER_BOUND('',#1366,.T.);
#1098=EDGE_LOOP('',(#2644,#2645,#2646,#2647));
#1099=EDGE_LOOP('',(#2648,#2649,#2650,#2651));
#1100=EDGE_LOOP('',(#2652,#2653,#2654,#2655));
#1101=EDGE_LOOP('',(#2656,#2657,#2658,#2659));
#1102=EDGE_LOOP('',(#2660,#2661,#2662,#2663));
#1103=EDGE_LOOP('',(#2664,#2665,#2666,#2667));
#1104=EDGE_LOOP('',(#2668,#2669,#2670,#2671));
#1105=EDGE_LOOP('',(#2672,#2673,#2674,#2675));
#1106=EDGE_LOOP('',(#2676,#2677,#2678,#2679));
#1107=EDGE_LOOP('',(#2680,#2681,#2682,#2683));
#1108=EDGE_LOOP('',(#2684,#2685,#2686,#2687));
#1109=EDGE_LOOP('',(#2688,#2689,#2690,#2691));
#1110=EDGE_LOOP('',(#2692,#2693,#2694,#2695));
#1111=EDGE_LOOP('',(#2696,#2697,#2698,#2699,#2700));
#1112=EDGE_LOOP('',(#2701,#2702,#2703,#2704));
#1113=EDGE_LOOP('',(#2705,#2706,#2707,#2708,#2709));
#1114=EDGE_LOOP('',(#2710,#2711,#2712,#2713));
#1115=EDGE_LOOP('',(#2714,#2715,#2716,#2717));
#1116=EDGE_LOOP('',(#2718,#2719,#2720,#2721,#2722,#2723,#2724,#2725));
#1117=EDGE_LOOP('',(#2726,#2727,#2728,#2729,#2730,#2731));
#1118=EDGE_LOOP('',(#2732,#2733,#2734,#2735));
#1119=EDGE_LOOP('',(#2736,#2737,#2738,#2739,#2740,#2741,#2742,#2743,#2744,
#2745,#2746,#2747,#2748,#2749,#2750,#2751,#2752,#2753,#2754,#2755));
#1120=EDGE_LOOP('',(#2756,#2757,#2758,#2759,#2760,#2761,#2762));
#1121=EDGE_LOOP('',(#2763,#2764,#2765,#2766,#2767,#2768,#2769,#2770,#2771,
#2772,#2773,#2774));
#1122=EDGE_LOOP('',(#2775,#2776,#2777,#2778,#2779));
#1123=EDGE_LOOP('',(#2780,#2781,#2782,#2783));
#1124=EDGE_LOOP('',(#2784,#2785,#2786,#2787));
#1125=EDGE_LOOP('',(#2788,#2789,#2790,#2791,#2792));
#1126=EDGE_LOOP('',(#2793,#2794,#2795,#2796,#2797));
#1127=EDGE_LOOP('',(#2798,#2799,#2800,#2801));
#1128=EDGE_LOOP('',(#2802,#2803,#2804,#2805));
#1129=EDGE_LOOP('',(#2806,#2807,#2808,#2809));
#1130=EDGE_LOOP('',(#2810,#2811,#2812,#2813,#2814));
#1131=EDGE_LOOP('',(#2815,#2816,#2817,#2818,#2819));
#1132=EDGE_LOOP('',(#2820,#2821,#2822,#2823));
#1133=EDGE_LOOP('',(#2824,#2825,#2826,#2827));
#1134=EDGE_LOOP('',(#2828,#2829,#2830,#2831));
#1135=EDGE_LOOP('',(#2832,#2833,#2834,#2835,#2836));
#1136=EDGE_LOOP('',(#2837,#2838,#2839,#2840));
#1137=EDGE_LOOP('',(#2841,#2842,#2843,#2844));
#1138=EDGE_LOOP('',(#2845,#2846,#2847,#2848));
#1139=EDGE_LOOP('',(#2849,#2850,#2851,#2852));
#1140=EDGE_LOOP('',(#2853,#2854,#2855,#2856));
#1141=EDGE_LOOP('',(#2857,#2858,#2859,#2860));
#1142=EDGE_LOOP('',(#2861,#2862,#2863,#2864));
#1143=EDGE_LOOP('',(#2865,#2866,#2867,#2868));
#1144=EDGE_LOOP('',(#2869,#2870,#2871,#2872));
#1145=EDGE_LOOP('',(#2873,#2874,#2875,#2876));
#1146=EDGE_LOOP('',(#2877,#2878,#2879,#2880));
#1147=EDGE_LOOP('',(#2881,#2882,#2883,#2884));
#1148=EDGE_LOOP('',(#2885,#2886,#2887,#2888));
#1149=EDGE_LOOP('',(#2889,#2890,#2891,#2892));
#1150=EDGE_LOOP('',(#2893,#2894,#2895,#2896));
#1151=EDGE_LOOP('',(#2897,#2898,#2899,#2900));
#1152=EDGE_LOOP('',(#2901,#2902,#2903,#2904));
#1153=EDGE_LOOP('',(#2905,#2906,#2907,#2908));
#1154=EDGE_LOOP('',(#2909,#2910,#2911,#2912));
#1155=EDGE_LOOP('',(#2913,#2914,#2915,#2916));
#1156=EDGE_LOOP('',(#2917,#2918,#2919,#2920));
#1157=EDGE_LOOP('',(#2921,#2922,#2923,#2924));
#1158=EDGE_LOOP('',(#2925,#2926,#2927));
#1159=EDGE_LOOP('',(#2928,#2929,#2930));
#1160=EDGE_LOOP('',(#2931,#2932,#2933,#2934));
#1161=EDGE_LOOP('',(#2935,#2936,#2937,#2938));
#1162=EDGE_LOOP('',(#2939,#2940,#2941));
#1163=EDGE_LOOP('',(#2942,#2943,#2944,#2945));
#1164=EDGE_LOOP('',(#2946,#2947,#2948,#2949));
#1165=EDGE_LOOP('',(#2950,#2951,#2952,#2953));
#1166=EDGE_LOOP('',(#2954,#2955,#2956,#2957));
#1167=EDGE_LOOP('',(#2958,#2959,#2960,#2961));
#1168=EDGE_LOOP('',(#2962,#2963,#2964,#2965));
#1169=EDGE_LOOP('',(#2966,#2967,#2968,#2969));
#1170=EDGE_LOOP('',(#2970,#2971,#2972,#2973));
#1171=EDGE_LOOP('',(#2974,#2975,#2976,#2977));
#1172=EDGE_LOOP('',(#2978,#2979,#2980,#2981));
#1173=EDGE_LOOP('',(#2982,#2983,#2984,#2985));
#1174=EDGE_LOOP('',(#2986,#2987,#2988,#2989));
#1175=EDGE_LOOP('',(#2990,#2991,#2992,#2993));
#1176=EDGE_LOOP('',(#2994,#2995,#2996,#2997));
#1177=EDGE_LOOP('',(#2998,#2999,#3000,#3001));
#1178=EDGE_LOOP('',(#3002,#3003,#3004));
#1179=EDGE_LOOP('',(#3005,#3006,#3007));
#1180=EDGE_LOOP('',(#3008,#3009,#3010,#3011));
#1181=EDGE_LOOP('',(#3012,#3013,#3014,#3015));
#1182=EDGE_LOOP('',(#3016,#3017,#3018,#3019,#3020,#3021));
#1183=EDGE_LOOP('',(#3022,#3023,#3024,#3025,#3026));
#1184=EDGE_LOOP('',(#3027,#3028,#3029,#3030,#3031,#3032));
#1185=EDGE_LOOP('',(#3033,#3034,#3035,#3036,#3037));
#1186=EDGE_LOOP('',(#3038,#3039,#3040,#3041,#3042,#3043,#3044,#3045,#3046,
#3047,#3048,#3049));
#1187=EDGE_LOOP('',(#3050));
#1188=EDGE_LOOP('',(#3051,#3052,#3053,#3054));
#1189=EDGE_LOOP('',(#3055,#3056,#3057,#3058));
#1190=EDGE_LOOP('',(#3059,#3060,#3061,#3062));
#1191=EDGE_LOOP('',(#3063,#3064,#3065,#3066));
#1192=EDGE_LOOP('',(#3067,#3068,#3069,#3070));
#1193=EDGE_LOOP('',(#3071,#3072,#3073,#3074,#3075,#3076));
#1194=EDGE_LOOP('',(#3077,#3078,#3079,#3080,#3081,#3082,#3083));
#1195=EDGE_LOOP('',(#3084,#3085,#3086,#3087,#3088,#3089));
#1196=EDGE_LOOP('',(#3090,#3091,#3092));
#1197=EDGE_LOOP('',(#3093,#3094,#3095,#3096,#3097,#3098));
#1198=EDGE_LOOP('',(#3099,#3100,#3101,#3102));
#1199=EDGE_LOOP('',(#3103,#3104,#3105,#3106));
#1200=EDGE_LOOP('',(#3107,#3108,#3109,#3110));
#1201=EDGE_LOOP('',(#3111,#3112,#3113,#3114));
#1202=EDGE_LOOP('',(#3115,#3116,#3117,#3118));
#1203=EDGE_LOOP('',(#3119,#3120,#3121,#3122));
#1204=EDGE_LOOP('',(#3123,#3124,#3125,#3126));
#1205=EDGE_LOOP('',(#3127,#3128,#3129,#3130,#3131,#3132,#3133,#3134,#3135,
#3136,#3137,#3138,#3139,#3140,#3141,#3142,#3143,#3144,#3145,#3146));
#1206=EDGE_LOOP('',(#3147));
#1207=EDGE_LOOP('',(#3148));
#1208=EDGE_LOOP('',(#3149));
#1209=EDGE_LOOP('',(#3150));
#1210=EDGE_LOOP('',(#3151));
#1211=EDGE_LOOP('',(#3152,#3153,#3154,#3155));
#1212=EDGE_LOOP('',(#3156,#3157,#3158,#3159));
#1213=EDGE_LOOP('',(#3160,#3161,#3162));
#1214=EDGE_LOOP('',(#3163,#3164,#3165,#3166,#3167,#3168));
#1215=EDGE_LOOP('',(#3169));
#1216=EDGE_LOOP('',(#3170));
#1217=EDGE_LOOP('',(#3171));
#1218=EDGE_LOOP('',(#3172));
#1219=EDGE_LOOP('',(#3173));
#1220=EDGE_LOOP('',(#3174,#3175,#3176,#3177));
#1221=EDGE_LOOP('',(#3178,#3179,#3180,#3181,#3182));
#1222=EDGE_LOOP('',(#3183,#3184,#3185,#3186));
#1223=EDGE_LOOP('',(#3187,#3188,#3189,#3190));
#1224=EDGE_LOOP('',(#3191,#3192,#3193,#3194,#3195));
#1225=EDGE_LOOP('',(#3196,#3197,#3198,#3199));
#1226=EDGE_LOOP('',(#3200,#3201,#3202,#3203,#3204));
#1227=EDGE_LOOP('',(#3205,#3206,#3207,#3208,#3209));
#1228=EDGE_LOOP('',(#3210,#3211,#3212,#3213));
#1229=EDGE_LOOP('',(#3214,#3215,#3216,#3217,#3218,#3219,#3220,#3221,#3222,
#3223,#3224,#3225,#3226,#3227,#3228,#3229,#3230,#3231,#3232,#3233,#3234,
#3235,#3236,#3237));
#1230=EDGE_LOOP('',(#3238,#3239,#3240,#3241,#3242,#3243,#3244,#3245,#3246,
#3247,#3248));
#1231=EDGE_LOOP('',(#3249,#3250,#3251,#3252));
#1232=EDGE_LOOP('',(#3253,#3254,#3255,#3256,#3257,#3258,#3259,#3260,#3261));
#1233=EDGE_LOOP('',(#3262,#3263,#3264,#3265,#3266));
#1234=EDGE_LOOP('',(#3267,#3268,#3269));
#1235=EDGE_LOOP('',(#3270,#3271,#3272,#3273));
#1236=EDGE_LOOP('',(#3274,#3275,#3276,#3277));
#1237=EDGE_LOOP('',(#3278,#3279,#3280,#3281));
#1238=EDGE_LOOP('',(#3282,#3283,#3284,#3285));
#1239=EDGE_LOOP('',(#3286,#3287,#3288,#3289));
#1240=EDGE_LOOP('',(#3290,#3291,#3292));
#1241=EDGE_LOOP('',(#3293,#3294,#3295,#3296,#3297,#3298,#3299,#3300,#3301,
#3302,#3303,#3304,#3305,#3306,#3307,#3308,#3309,#3310,#3311,#3312,#3313,
#3314,#3315,#3316,#3317,#3318));
#1242=EDGE_LOOP('',(#3319));
#1243=EDGE_LOOP('',(#3320,#3321,#3322,#3323));
#1244=EDGE_LOOP('',(#3324,#3325,#3326,#3327));
#1245=EDGE_LOOP('',(#3328,#3329,#3330,#3331,#3332));
#1246=EDGE_LOOP('',(#3333,#3334,#3335,#3336,#3337,#3338,#3339,#3340,#3341,
#3342,#3343));
#1247=EDGE_LOOP('',(#3344,#3345,#3346,#3347,#3348,#3349,#3350));
#1248=EDGE_LOOP('',(#3351,#3352,#3353,#3354,#3355,#3356,#3357,#3358,#3359,
#3360,#3361,#3362));
#1249=EDGE_LOOP('',(#3363,#3364,#3365,#3366));
#1250=EDGE_LOOP('',(#3367,#3368,#3369,#3370));
#1251=EDGE_LOOP('',(#3371,#3372,#3373,#3374));
#1252=EDGE_LOOP('',(#3375,#3376,#3377,#3378));
#1253=EDGE_LOOP('',(#3379,#3380,#3381,#3382));
#1254=EDGE_LOOP('',(#3383,#3384,#3385,#3386,#3387));
#1255=EDGE_LOOP('',(#3388,#3389,#3390,#3391));
#1256=EDGE_LOOP('',(#3392,#3393,#3394,#3395));
#1257=EDGE_LOOP('',(#3396,#3397,#3398,#3399));
#1258=EDGE_LOOP('',(#3400,#3401,#3402,#3403,#3404,#3405,#3406));
#1259=EDGE_LOOP('',(#3407,#3408,#3409,#3410));
#1260=EDGE_LOOP('',(#3411,#3412,#3413,#3414));
#1261=EDGE_LOOP('',(#3415));
#1262=EDGE_LOOP('',(#3416));
#1263=EDGE_LOOP('',(#3417));
#1264=EDGE_LOOP('',(#3418));
#1265=EDGE_LOOP('',(#3419,#3420,#3421,#3422,#3423,#3424,#3425,#3426,#3427));
#1266=EDGE_LOOP('',(#3428));
#1267=EDGE_LOOP('',(#3429));
#1268=EDGE_LOOP('',(#3430,#3431,#3432,#3433));
#1269=EDGE_LOOP('',(#3434,#3435,#3436,#3437));
#1270=EDGE_LOOP('',(#3438,#3439,#3440,#3441));
#1271=EDGE_LOOP('',(#3442,#3443,#3444,#3445));
#1272=EDGE_LOOP('',(#3446,#3447,#3448,#3449));
#1273=EDGE_LOOP('',(#3450,#3451,#3452,#3453,#3454,#3455,#3456,#3457,#3458));
#1274=EDGE_LOOP('',(#3459));
#1275=EDGE_LOOP('',(#3460));
#1276=EDGE_LOOP('',(#3461,#3462,#3463,#3464));
#1277=EDGE_LOOP('',(#3465,#3466,#3467,#3468));
#1278=EDGE_LOOP('',(#3469,#3470,#3471,#3472,#3473,#3474));
#1279=EDGE_LOOP('',(#3475,#3476,#3477,#3478));
#1280=EDGE_LOOP('',(#3479,#3480,#3481,#3482));
#1281=EDGE_LOOP('',(#3483,#3484,#3485,#3486));
#1282=EDGE_LOOP('',(#3487));
#1283=EDGE_LOOP('',(#3488));
#1284=EDGE_LOOP('',(#3489,#3490,#3491,#3492));
#1285=EDGE_LOOP('',(#3493));
#1286=EDGE_LOOP('',(#3494));
#1287=EDGE_LOOP('',(#3495));
#1288=EDGE_LOOP('',(#3496,#3497,#3498,#3499));
#1289=EDGE_LOOP('',(#3500,#3501,#3502,#3503));
#1290=EDGE_LOOP('',(#3504,#3505,#3506,#3507));
#1291=EDGE_LOOP('',(#3508,#3509,#3510,#3511));
#1292=EDGE_LOOP('',(#3512));
#1293=EDGE_LOOP('',(#3513));
#1294=EDGE_LOOP('',(#3514,#3515,#3516));
#1295=EDGE_LOOP('',(#3517,#3518,#3519,#3520));
#1296=EDGE_LOOP('',(#3521,#3522,#3523));
#1297=EDGE_LOOP('',(#3524,#3525,#3526,#3527));
#1298=EDGE_LOOP('',(#3528,#3529,#3530));
#1299=EDGE_LOOP('',(#3531,#3532,#3533,#3534));
#1300=EDGE_LOOP('',(#3535,#3536,#3537,#3538));
#1301=EDGE_LOOP('',(#3539,#3540,#3541,#3542));
#1302=EDGE_LOOP('',(#3543,#3544,#3545));
#1303=EDGE_LOOP('',(#3546,#3547,#3548,#3549));
#1304=EDGE_LOOP('',(#3550,#3551,#3552,#3553));
#1305=EDGE_LOOP('',(#3554,#3555,#3556,#3557));
#1306=EDGE_LOOP('',(#3558,#3559,#3560,#3561));
#1307=EDGE_LOOP('',(#3562,#3563,#3564,#3565));
#1308=EDGE_LOOP('',(#3566,#3567,#3568,#3569));
#1309=EDGE_LOOP('',(#3570,#3571,#3572,#3573));
#1310=EDGE_LOOP('',(#3574,#3575,#3576,#3577));
#1311=EDGE_LOOP('',(#3578,#3579,#3580,#3581));
#1312=EDGE_LOOP('',(#3582,#3583,#3584));
#1313=EDGE_LOOP('',(#3585,#3586,#3587));
#1314=EDGE_LOOP('',(#3588,#3589,#3590,#3591,#3592,#3593,#3594,#3595,#3596,
#3597,#3598,#3599,#3600,#3601));
#1315=EDGE_LOOP('',(#3602));
#1316=EDGE_LOOP('',(#3603,#3604,#3605,#3606));
#1317=EDGE_LOOP('',(#3607,#3608,#3609,#3610));
#1318=EDGE_LOOP('',(#3611,#3612,#3613,#3614,#3615,#3616,#3617,#3618));
#1319=EDGE_LOOP('',(#3619,#3620,#3621,#3622));
#1320=EDGE_LOOP('',(#3623,#3624,#3625,#3626));
#1321=EDGE_LOOP('',(#3627,#3628,#3629,#3630));
#1322=EDGE_LOOP('',(#3631,#3632,#3633,#3634,#3635,#3636));
#1323=EDGE_LOOP('',(#3637,#3638,#3639,#3640,#3641));
#1324=EDGE_LOOP('',(#3642,#3643,#3644,#3645,#3646));
#1325=EDGE_LOOP('',(#3647,#3648,#3649,#3650));
#1326=EDGE_LOOP('',(#3651,#3652,#3653,#3654));
#1327=EDGE_LOOP('',(#3655,#3656,#3657,#3658,#3659,#3660,#3661,#3662,#3663,
#3664,#3665,#3666,#3667,#3668,#3669,#3670,#3671,#3672,#3673,#3674,#3675,
#3676,#3677,#3678,#3679,#3680,#3681,#3682,#3683));
#1328=EDGE_LOOP('',(#3684));
#1329=EDGE_LOOP('',(#3685,#3686,#3687,#3688));
#1330=EDGE_LOOP('',(#3689,#3690,#3691,#3692));
#1331=EDGE_LOOP('',(#3693,#3694,#3695,#3696));
#1332=EDGE_LOOP('',(#3697,#3698,#3699,#3700));
#1333=EDGE_LOOP('',(#3701,#3702,#3703,#3704));
#1334=EDGE_LOOP('',(#3705,#3706,#3707,#3708,#3709,#3710));
#1335=EDGE_LOOP('',(#3711,#3712,#3713,#3714));
#1336=EDGE_LOOP('',(#3715,#3716,#3717,#3718));
#1337=EDGE_LOOP('',(#3719,#3720,#3721,#3722));
#1338=EDGE_LOOP('',(#3723,#3724,#3725,#3726));
#1339=EDGE_LOOP('',(#3727,#3728,#3729,#3730,#3731,#3732,#3733,#3734));
#1340=EDGE_LOOP('',(#3735,#3736,#3737,#3738));
#1341=EDGE_LOOP('',(#3739,#3740,#3741,#3742));
#1342=EDGE_LOOP('',(#3743,#3744,#3745,#3746));
#1343=EDGE_LOOP('',(#3747,#3748,#3749,#3750));
#1344=EDGE_LOOP('',(#3751,#3752,#3753,#3754));
#1345=EDGE_LOOP('',(#3755,#3756,#3757,#3758));
#1346=EDGE_LOOP('',(#3759,#3760,#3761));
#1347=EDGE_LOOP('',(#3762,#3763,#3764));
#1348=EDGE_LOOP('',(#3765,#3766,#3767,#3768));
#1349=EDGE_LOOP('',(#3769,#3770,#3771,#3772));
#1350=EDGE_LOOP('',(#3773,#3774,#3775,#3776));
#1351=EDGE_LOOP('',(#3777,#3778,#3779,#3780));
#1352=EDGE_LOOP('',(#3781,#3782,#3783,#3784));
#1353=EDGE_LOOP('',(#3785,#3786,#3787,#3788));
#1354=EDGE_LOOP('',(#3789,#3790,#3791,#3792,#3793,#3794,#3795,#3796,#3797,
#3798,#3799,#3800));
#1355=EDGE_LOOP('',(#3801,#3802,#3803,#3804));
#1356=EDGE_LOOP('',(#3805,#3806,#3807,#3808));
#1357=EDGE_LOOP('',(#3809,#3810,#3811,#3812));
#1358=EDGE_LOOP('',(#3813,#3814,#3815,#3816));
#1359=EDGE_LOOP('',(#3817,#3818,#3819,#3820));
#1360=EDGE_LOOP('',(#3821,#3822,#3823,#3824));
#1361=EDGE_LOOP('',(#3825,#3826,#3827,#3828,#3829,#3830));
#1362=EDGE_LOOP('',(#3831));
#1363=EDGE_LOOP('',(#3832,#3833,#3834,#3835));
#1364=EDGE_LOOP('',(#3836,#3837,#3838,#3839,#3840,#3841,#3842,#3843,#3844,
#3845,#3846,#3847,#3848,#3849,#3850,#3851,#3852));
#1365=EDGE_LOOP('',(#3853));
#1366=EDGE_LOOP('',(#3854,#3855,#3856,#3857));
#1367=CIRCLE('',#4148,2.);
#1368=CIRCLE('',#4149,1.99999999999999);
#1369=CIRCLE('',#4150,1.99999999999999);
#1370=CIRCLE('',#4151,1.99999999999999);
#1371=CIRCLE('',#4152,1.99999999999999);
#1372=CIRCLE('',#4153,5.);
#1373=CIRCLE('',#4154,2.08969244624948);
#1374=CIRCLE('',#4155,5.);
#1375=CIRCLE('',#4156,3.99999999999999);
#1376=CIRCLE('',#4157,0.5);
#1377=CIRCLE('',#4158,0.5);
#1378=CIRCLE('',#4159,10.);
#1379=CIRCLE('',#4160,10.);
#1380=CIRCLE('',#4162,0.5);
#1381=CIRCLE('',#4163,0.5);
#1382=CIRCLE('',#4165,1.);
#1383=CIRCLE('',#4167,0.5);
#1384=CIRCLE('',#4168,0.500000000000007);
#1385=CIRCLE('',#4170,0.5);
#1386=CIRCLE('',#4172,0.5);
#1387=CIRCLE('',#4173,0.5);
#1388=CIRCLE('',#4174,0.5);
#1389=CIRCLE('',#4177,1.99999999999999);
#1390=CIRCLE('',#4178,1.99999999999999);
#1391=CIRCLE('',#4181,0.5);
#1392=CIRCLE('',#4183,20.);
#1393=CIRCLE('',#4184,20.);
#1394=CIRCLE('',#4185,20.);
#1395=CIRCLE('',#4187,5.);
#1396=CIRCLE('',#4189,0.499999999999998);
#1397=CIRCLE('',#4190,4.00000000000001);
#1398=CIRCLE('',#4191,4.);
#1399=CIRCLE('',#4192,3.99999999999999);
#1400=CIRCLE('',#4193,0.499999999999964);
#1401=CIRCLE('',#4194,0.500000000000007);
#1402=CIRCLE('',#4195,0.499999999999994);
#1403=CIRCLE('',#4197,0.499999999999979);
#1404=CIRCLE('',#4199,10.);
#1405=CIRCLE('',#4200,9.50000000000001);
#1406=CIRCLE('',#4201,0.499999999999989);
#1407=CIRCLE('',#4203,0.500000000000007);
#1408=CIRCLE('',#4205,3.99999999999999);
#1409=CIRCLE('',#4206,10.);
#1410=CIRCLE('',#4207,4.);
#1411=CIRCLE('',#4208,5.99999999999998);
#1412=CIRCLE('',#4210,4.);
#1413=CIRCLE('',#4211,10.);
#1414=CIRCLE('',#4212,4.);
#1415=CIRCLE('',#4213,6.);
#1416=CIRCLE('',#4217,4.);
#1417=CIRCLE('',#4218,20.);
#1418=CIRCLE('',#4219,4.);
#1419=CIRCLE('',#4220,24.0000000000009);
#1420=CIRCLE('',#4222,4.00000000000001);
#1421=CIRCLE('',#4223,20.);
#1422=CIRCLE('',#4224,4.);
#1423=CIRCLE('',#4225,24.0000000000009);
#1424=CIRCLE('',#4228,4.00000000000001);
#1425=CIRCLE('',#4229,2.);
#1426=CIRCLE('',#4230,2.);
#1427=CIRCLE('',#4231,4.);
#1428=CIRCLE('',#4235,2.00000000000001);
#1429=CIRCLE('',#4236,20.);
#1430=CIRCLE('',#4237,2.);
#1431=CIRCLE('',#4238,18.);
#1432=CIRCLE('',#4240,2.);
#1433=CIRCLE('',#4241,20.);
#1434=CIRCLE('',#4242,2.);
#1435=CIRCLE('',#4243,18.);
#1436=CIRCLE('',#4246,2.00000000000001);
#1437=CIRCLE('',#4248,2.);
#1438=CIRCLE('',#4249,3.00000000000021);
#1439=CIRCLE('',#4250,5.00000000000021);
#1440=CIRCLE('',#4252,2.);
#1441=CIRCLE('',#4253,5.);
#1442=CIRCLE('',#4254,5.);
#1443=CIRCLE('',#4255,2.);
#1444=CIRCLE('',#4259,5.);
#1445=CIRCLE('',#4260,5.);
#1446=CIRCLE('',#4261,5.);
#1447=CIRCLE('',#4262,10.);
#1448=CIRCLE('',#4264,5.);
#1449=CIRCLE('',#4265,4.99999999999998);
#1450=CIRCLE('',#4266,5.);
#1451=CIRCLE('',#4267,9.99999999999998);
#1452=CIRCLE('',#4271,5.);
#1453=CIRCLE('',#4272,5.);
#1454=CIRCLE('',#4273,5.);
#1455=CIRCLE('',#4275,5.);
#1456=CIRCLE('',#4276,4.99999999999998);
#1457=CIRCLE('',#4277,5.);
#1458=CIRCLE('',#4281,5.);
#1459=CIRCLE('',#4282,5.);
#1460=CIRCLE('',#4284,5.);
#1461=CIRCLE('',#4287,5.);
#1462=CIRCLE('',#4292,2.);
#1463=CIRCLE('',#4294,1.99999999999997);
#1464=CIRCLE('',#4295,3.00000000000021);
#1465=CIRCLE('',#4296,5.00000000000021);
#1466=CIRCLE('',#4301,4.);
#1467=CIRCLE('',#4302,4.00000000000002);
#1468=CIRCLE('',#4304,5.);
#1469=CIRCLE('',#4306,0.499999999999999);
#1470=CIRCLE('',#4310,2.5);
#1471=CIRCLE('',#4311,2.5);
#1472=CIRCLE('',#4316,2.);
#1473=CIRCLE('',#4317,3.50000000000646);
#1474=CIRCLE('',#4318,2.);
#1475=CIRCLE('',#4319,1.5);
#1476=CIRCLE('',#4321,0.500000000000007);
#1477=CIRCLE('',#4324,9.50000000000001);
#1478=CIRCLE('',#4335,0.5);
#1479=CIRCLE('',#4336,0.5);
#1480=CIRCLE('',#4338,3.);
#1481=CIRCLE('',#4339,0.5);
#1482=CIRCLE('',#4340,2.99999999999999);
#1483=CIRCLE('',#4341,2.);
#1484=CIRCLE('',#4342,1.50000000000001);
#1485=CIRCLE('',#4343,3.);
#1486=CIRCLE('',#4344,2.99999999999999);
#1487=CIRCLE('',#4345,0.999999999999996);
#1488=CIRCLE('',#4346,0.999999999999996);
#1489=CIRCLE('',#4348,3.);
#1490=CIRCLE('',#4350,0.5);
#1491=CIRCLE('',#4353,2.);
#1492=CIRCLE('',#4354,1.50000000000001);
#1493=CIRCLE('',#4355,0.999999999999996);
#1494=CIRCLE('',#4356,0.999999999999996);
#1495=CIRCLE('',#4357,0.999999999999996);
#1496=CIRCLE('',#4358,1.00000000000001);
#1497=CIRCLE('',#4361,2.);
#1498=CIRCLE('',#4364,2.);
#1499=CIRCLE('',#4365,2.);
#1500=CIRCLE('',#4366,2.08969244624948);
#1501=CIRCLE('',#4368,2.);
#1502=CIRCLE('',#4370,1.99999999999999);
#1503=CIRCLE('',#4371,2.);
#1504=CIRCLE('',#4372,3.99999999999999);
#1505=CIRCLE('',#4373,1.99999999999999);
#1506=CIRCLE('',#4377,2.);
#1507=CIRCLE('',#4380,0.5);
#1508=CIRCLE('',#4382,0.5);
#1509=CIRCLE('',#4386,0.499999999999998);
#1510=CIRCLE('',#4387,0.500000000000003);
#1511=CIRCLE('',#4389,0.500000000000007);
#1512=CIRCLE('',#4391,0.500000000000005);
#1513=CIRCLE('',#4392,10.);
#1514=CIRCLE('',#4394,0.499999999999997);
#1515=CIRCLE('',#4395,0.499999976597713);
#1516=CIRCLE('',#4397,0.5);
#1517=CIRCLE('',#4399,2.5);
#1518=CIRCLE('',#4410,0.550000000000005);
#1519=CIRCLE('',#4413,0.550000000000005);
#1520=CIRCLE('',#4416,1.5);
#1521=CIRCLE('',#4417,1.5);
#1522=CIRCLE('',#4421,3.50000000000646);
#1523=CIRCLE('',#4425,2.5);
#1524=CIRCLE('',#4427,0.999999999999996);
#1525=CIRCLE('',#4429,0.999999999999996);
#1526=CIRCLE('',#4431,0.999999999999996);
#1527=CIRCLE('',#4432,0.999999999999996);
#1528=CIRCLE('',#4439,0.999999999999996);
#1529=CIRCLE('',#4440,0.999999999999996);
#1530=CIRCLE('',#4445,2.99999999999999);
#1531=CIRCLE('',#4447,3.);
#1532=CIRCLE('',#4449,2.99999999999999);
#1533=CIRCLE('',#4451,0.999999999999996);
#1534=CIRCLE('',#4453,0.999999999999996);
#1535=CIRCLE('',#4455,1.00000000000001);
#1536=CIRCLE('',#4459,0.999999999999996);
#1537=CIRCLE('',#4463,0.499999999999998);
#1538=CIRCLE('',#4464,0.500000000000007);
#1539=CIRCLE('',#4465,0.499999999999998);
#1540=CIRCLE('',#4467,0.5);
#1541=CIRCLE('',#4469,0.500000000000007);
#1542=CIRCLE('',#4470,0.499999999999998);
#1543=CIRCLE('',#4471,0.499999999999998);
#1544=CIRCLE('',#4473,0.5);
#1545=CIRCLE('',#4475,0.500000000000007);
#1546=CIRCLE('',#4476,0.499999999999998);
#1547=CIRCLE('',#4477,0.499999999999998);
#1548=CIRCLE('',#4479,0.5);
#1549=CIRCLE('',#4481,0.499999999999998);
#1550=CIRCLE('',#4483,0.499999999999998);
#1551=CIRCLE('',#4484,0.5);
#1552=CIRCLE('',#4485,1.);
#1553=CIRCLE('',#4487,0.499999999999998);
#1554=CIRCLE('',#4488,0.500000000000007);
#1555=CIRCLE('',#4489,0.499999999999998);
#1556=CIRCLE('',#4491,0.5);
#1557=CIRCLE('',#4500,0.500000000000003);
#1558=CIRCLE('',#4502,0.500000000000003);
#1559=CIRCLE('',#4503,0.499999999999998);
#1560=CIRCLE('',#4505,0.499999999999997);
#1561=CIRCLE('',#4508,0.500000000000005);
#1562=CIRCLE('',#4510,0.499999999999999);
#1563=CIRCLE('',#4512,2.);
#1564=CIRCLE('',#4513,3.00000000000001);
#1565=CIRCLE('',#4514,2.);
#1566=CIRCLE('',#4515,1.50000000000001);
#1567=CIRCLE('',#4520,0.499999999999998);
#1568=CIRCLE('',#4523,0.499999999999992);
#1569=CIRCLE('',#4526,2.);
#1570=CIRCLE('',#4528,2.);
#1571=CIRCLE('',#4532,0.5);
#1572=CIRCLE('',#4533,2.);
#1573=CIRCLE('',#4534,3.50000000000646);
#1574=CIRCLE('',#4535,2.);
#1575=CIRCLE('',#4536,0.5);
#1576=CIRCLE('',#4537,0.5);
#1577=CIRCLE('',#4538,0.5);
#1578=CIRCLE('',#4540,0.5);
#1579=CIRCLE('',#4541,0.5);
#1580=CIRCLE('',#4542,0.5);
#1581=CIRCLE('',#4543,0.5);
#1582=CIRCLE('',#4544,1.5);
#1583=CIRCLE('',#4546,2.);
#1584=CIRCLE('',#4549,2.);
#1585=CIRCLE('',#4554,0.5);
#1586=CIRCLE('',#4557,0.5);
#1587=CIRCLE('',#4559,0.5);
#1588=CIRCLE('',#4561,0.5);
#1589=CIRCLE('',#4565,0.5);
#1590=CIRCLE('',#4571,0.500000000000007);
#1591=CIRCLE('',#4572,0.499999999999999);
#1592=CIRCLE('',#4574,0.499999999999998);
#1593=CIRCLE('',#4575,0.499999999999999);
#1594=CIRCLE('',#4584,1.5);
#1595=CIRCLE('',#4586,3.50000000000646);
#1596=CIRCLE('',#4589,1.50000000000001);
#1597=CIRCLE('',#4592,3.00000000000001);
#1598=B_SPLINE_CURVE_WITH_KNOTS('',3,(#5901,#5902,#5903,#5904,#5905,#5906,
#5907,#5908,#5909,#5910,#5911,#5912,#5913),.UNSPECIFIED.,.F.,.F.,(4,1,1,
1,1,1,1,1,1,1,4),(0.,0.1,0.2,0.3,0.4,0.5,0.6,0.7,0.8,0.9,1.),
 .UNSPECIFIED.);
#1599=B_SPLINE_CURVE_WITH_KNOTS('',3,(#5915,#5916,#5917,#5918,#5919,#5920,
#5921,#5922),.UNSPECIFIED.,.F.,.F.,(4,1,1,1,1,4),(0.,0.2,0.4,0.6,0.8,1.),
 .UNSPECIFIED.);
#1600=B_SPLINE_CURVE_WITH_KNOTS('',3,(#5924,#5925,#5926,#5927,#5928,#5929,
#5930,#5931,#5932,#5933,#5934,#5935,#5936,#5937,#5938,#5939,#5940,#5941,
#5942,#5943,#5944,#5945,#5946,#5947,#5948,#5949,#5950,#5951,#5952,#5953,
#5954,#5955,#5956,#5957,#5958,#5959,#5960,#5961,#5962,#5963,#5964,#5965,
#5966,#5967,#5968,#5969,#5970,#5971,#5972,#5973,#5974,#5975,#5976,#5977,
#5978,#5979,#5980,#5981,#5982,#5983,#5984,#5985,#5986,#5987),
 .UNSPECIFIED.,.F.,.F.,(4,3,3,3,3,3,3,3,3,3,3,3,3,3,3,3,3,3,3,3,3,4),(0.500000000000002,
0.537903994945513,0.575635156198351,0.614651270326976,0.64956330738591,
0.685415127457719,0.722235098243431,0.759634982561759,0.792271965255471,
0.823294063907849,0.854297714968042,0.885282983407525,0.916694014505822,
0.937520510879367,0.949575014127137,0.960864372552178,0.969658995787781,
0.976418540851225,0.988209270425613,0.994104635212806,0.999685423633243,
1.),.UNSPECIFIED.);
#1601=B_SPLINE_CURVE_WITH_KNOTS('',3,(#6094,#6095,#6096,#6097,#6098,#6099,
#6100,#6101,#6102,#6103,#6104,#6105,#6106),.UNSPECIFIED.,.F.,.F.,(4,1,1,
1,1,1,1,1,1,1,4),(0.,0.1,0.2,0.3,0.4,0.5,0.6,0.7,0.8,0.9,1.),
 .UNSPECIFIED.);
#1602=B_SPLINE_CURVE_WITH_KNOTS('',3,(#6109,#6110,#6111,#6112,#6113,#6114,
#6115,#6116,#6117,#6118,#6119,#6120,#6121,#6122,#6123,#6124,#6125,#6126,
#6127,#6128,#6129,#6130,#6131,#6132,#6133,#6134,#6135,#6136,#6137,#6138,
#6139,#6140,#6141,#6142,#6143,#6144,#6145,#6146,#6147,#6148,#6149,#6150,
#6151,#6152,#6153,#6154,#6155,#6156,#6157,#6158,#6159,#6160,#6161,#6162,
#6163),.UNSPECIFIED.,.F.,.F.,(4,3,3,3,3,3,3,3,3,3,3,3,3,3,3,3,3,3,4),(0.,
0.0202304925639397,0.0424306376467257,0.0679546473346067,0.0949574818761939,
0.117222366641262,0.144451331795952,0.172395197925767,0.201366189840185,
0.228671186987655,0.254394178366057,0.286198932376969,0.318257200712557,
0.350397332670236,0.382432364607237,0.414314584529714,0.450496282370592,
0.488121614549402,0.500000000000002),.UNSPECIFIED.);
#1603=B_SPLINE_CURVE_WITH_KNOTS('',3,(#6269,#6270,#6271,#6272,#6273,#6274,
#6275,#6276),.UNSPECIFIED.,.F.,.F.,(4,1,1,1,1,4),(0.,0.2,0.4,0.6,0.8,1.),
 .UNSPECIFIED.);
#1604=B_SPLINE_CURVE_WITH_KNOTS('',3,(#6278,#6279,#6280,#6281,#6282,#6283,
#6284,#6285,#6286,#6287,#6288,#6289,#6290,#6291,#6292,#6293,#6294,#6295,
#6296,#6297,#6298,#6299,#6300,#6301,#6302,#6303,#6304,#6305,#6306,#6307,
#6308,#6309,#6310,#6311,#6312,#6313,#6314,#6315,#6316,#6317,#6318,#6319,
#6320,#6321,#6322,#6323,#6324,#6325,#6326,#6327,#6328,#6329,#6330,#6331,
#6332,#6333,#6334,#6335,#6336,#6337,#6338,#6339,#6340,#6341,#6342,#6343,
#6344,#6345,#6346,#6347,#6348,#6349,#6350,#6351,#6352,#6353,#6354,#6355,
#6356,#6357,#6358,#6359,#6360,#6361,#6362,#6363,#6364,#6365,#6366,#6367,
#6368,#6369,#6370,#6371,#6372,#6373,#6374,#6375,#6376,#6377,#6378,#6379,
#6380,#6381,#6382,#6383,#6384,#6385,#6386,#6387,#6388,#6389,#6390,#6391,
#6392,#6393,#6394,#6395,#6396,#6397,#6398,#6399,#6400,#6401,#6402,#6403,
#6404,#6405,#6406,#6407,#6408,#6409,#6410,#6411,#6412,#6413,#6414,#6415,
#6416,#6417,#6418,#6419,#6420,#6421,#6422,#6423,#6424,#6425),
 .UNSPECIFIED.,.F.,.F.,(4,3,3,3,3,3,3,3,3,3,3,3,3,3,3,3,3,3,3,3,3,3,3,3,
3,3,3,3,3,3,3,3,3,3,3,3,3,3,3,3,3,3,3,3,3,3,3,3,3,4),(0.5,0.510130898377016,
0.520596203891661,0.531474082098501,0.542883947546444,0.555027886598163,
0.568333997501495,0.584625616873241,0.602785137755644,0.616343107758026,
0.628564420769789,0.640171782620733,0.651416414413835,0.662309651463403,
0.672862474855172,0.683085522515947,0.692989099937324,0.702403618597877,
0.711703505516693,0.719970834985621,0.728734908058477,0.737940152387744,
0.747760587745479,0.758555453053379,0.7711712466496,0.785473043734,0.797008557337877,
0.807104233615148,0.816449889323671,0.825295675629221,0.833770666910321,
0.841953189639103,0.849916047381901,0.858802135529677,0.866653364935217,
0.874991105776554,0.883754288690459,0.893113746876045,0.903427040594661,
0.916066619154194,0.928676646014088,0.938880215139303,0.948158883926567,
0.956869424009555,0.96517518525187,0.973169348867091,0.980804199978954,
0.988271237444279,0.99551878713904,1.),.UNSPECIFIED.);
#1605=B_SPLINE_CURVE_WITH_KNOTS('',3,(#6532,#6533,#6534,#6535,#6536,#6537,
#6538,#6539,#6540,#6541,#6542,#6543,#6544),.UNSPECIFIED.,.F.,.F.,(4,1,1,
1,1,1,1,1,1,1,4),(0.,0.1,0.2,0.3,0.4,0.5,0.6,0.7,0.8,0.9,1.),
 .UNSPECIFIED.);
#1606=B_SPLINE_CURVE_WITH_KNOTS('',3,(#6547,#6548,#6549,#6550,#6551,#6552,
#6553,#6554,#6555,#6556,#6557,#6558,#6559,#6560,#6561,#6562,#6563,#6564,
#6565,#6566,#6567,#6568,#6569,#6570,#6571,#6572,#6573,#6574,#6575,#6576,
#6577,#6578,#6579,#6580,#6581,#6582,#6583,#6584,#6585,#6586,#6587,#6588,
#6589,#6590,#6591,#6592,#6593,#6594,#6595,#6596,#6597,#6598,#6599,#6600,
#6601,#6602,#6603,#6604,#6605,#6606,#6607,#6608,#6609,#6610,#6611,#6612,
#6613,#6614,#6615,#6616,#6617,#6618,#6619,#6620,#6621,#6622,#6623,#6624,
#6625,#6626,#6627,#6628,#6629,#6630,#6631,#6632,#6633,#6634,#6635,#6636,
#6637,#6638,#6639,#6640,#6641,#6642,#6643,#6644,#6645,#6646,#6647,#6648,
#6649,#6650,#6651,#6652,#6653,#6654,#6655,#6656,#6657,#6658,#6659,#6660,
#6661,#6662,#6663,#6664,#6665,#6666,#6667,#6668,#6669,#6670,#6671,#6672,
#6673,#6674,#6675,#6676,#6677,#6678,#6679,#6680,#6681,#6682,#6683,#6684,
#6685,#6686,#6687,#6688,#6689,#6690,#6691,#6692,#6693,#6694,#6695,#6696,
#6697,#6698,#6699,#6700),.UNSPECIFIED.,.F.,.F.,(4,3,3,3,3,3,3,3,3,3,3,3,
3,3,3,3,3,3,3,3,3,3,3,3,3,3,3,3,3,3,3,3,3,3,3,3,3,3,3,3,3,3,3,3,3,3,3,3,
3,3,3,4),(0.,0.0067263673070825,0.013631807447313,0.0207489321827652,0.0282801718464976,
0.0361804611693811,0.0445903444477993,0.0537924069865105,0.0646779617963368,
0.0782817754902013,0.0882137975538835,0.0969187645018882,0.104980690169937,
0.112613133316158,0.119926635671551,0.127312002376885,0.134762012833899,
0.142452622728392,0.150439052332585,0.158804382122986,0.167686990791691,
0.177356891796493,0.188873486643248,0.203510378124827,0.213592861590626,
0.222652428830798,0.231319540429835,0.239715804791403,0.247849685891672,
0.255501653510956,0.264896276440601,0.274498146074647,0.284337799311772,
0.294455125010313,0.304904184562602,0.315761908416511,0.327495092495166,
0.340085544226429,0.35410591084588,0.372495102315161,0.388433214525766,
0.402379062710045,0.414581679871289,0.425817127554229,0.436586457343747,
0.446987279971655,0.457085055933799,0.466926554936455,0.476991960156788,
0.487823636500994,0.497565003692646,0.5),.UNSPECIFIED.);
#1607=B_SPLINE_CURVE_WITH_KNOTS('',3,(#6806,#6807,#6808,#6809,#6810,#6811,
#6812,#6813),.UNSPECIFIED.,.F.,.F.,(4,1,1,1,1,4),(0.,0.2,0.4,0.6,0.8,1.),
 .UNSPECIFIED.);
#1608=B_SPLINE_CURVE_WITH_KNOTS('',3,(#6815,#6816,#6817,#6818,#6819,#6820,
#6821,#6822,#6823,#6824,#6825,#6826,#6827,#6828,#6829,#6830,#6831,#6832,
#6833,#6834,#6835,#6836,#6837,#6838,#6839,#6840,#6841,#6842,#6843,#6844,
#6845,#6846,#6847,#6848,#6849,#6850,#6851,#6852,#6853,#6854,#6855,#6856,
#6857,#6858,#6859,#6860,#6861,#6862,#6863,#6864,#6865,#6866,#6867,#6868,
#6869,#6870,#6871,#6872,#6873,#6874,#6875,#6876,#6877,#6878,#6879,#6880,
#6881),.UNSPECIFIED.,.F.,.F.,(4,3,3,3,3,3,3,3,3,3,3,3,3,3,3,3,3,3,3,3,3,
3,4),(0.5,0.517692928405277,0.535532602712301,0.554179241004474,0.574231493958246,
0.596675088183806,0.647090702160831,0.669147533275779,0.689825812446043,
0.708462766077875,0.727662761211002,0.748488565754337,0.772331766158011,
0.80079029538826,0.823067123977745,0.84258441885868,0.864528704616657,0.887712089161831,
0.913963002113006,0.942946046532628,0.967801791900765,0.989576045184124,
1.),.UNSPECIFIED.);
#1609=B_SPLINE_CURVE_WITH_KNOTS('',3,(#6972,#6973,#6974,#6975,#6976,#6977,
#6978,#6979,#6980,#6981,#6982),.UNSPECIFIED.,.F.,.F.,(4,1,1,1,1,1,1,1,4),
(0.,0.125,0.25,0.375,0.5,0.625,0.75,0.875,1.),.UNSPECIFIED.);
#1610=B_SPLINE_CURVE_WITH_KNOTS('',3,(#6985,#6986,#6987,#6988,#6989,#6990,
#6991,#6992,#6993,#6994,#6995,#6996,#6997,#6998,#6999,#7000,#7001,#7002,
#7003,#7004,#7005,#7006,#7007,#7008,#7009,#7010,#7011,#7012,#7013,#7014,
#7015,#7016,#7017,#7018,#7019,#7020,#7021,#7022,#7023,#7024,#7025,#7026,
#7027,#7028,#7029,#7030,#7031,#7032,#7033,#7034,#7035,#7036,#7037,#7038,
#7039,#7040,#7041,#7042,#7043,#7044,#7045,#7046,#7047,#7048,#7049,#7050,
#7051,#7052,#7053,#7054,#7055,#7056,#7057,#7058,#7059,#7060,#7061,#7062,
#7063,#7064,#7065,#7066),.UNSPECIFIED.,.F.,.F.,(4,3,3,3,3,3,3,3,3,3,3,3,
3,3,3,3,3,3,3,3,3,3,3,3,3,3,3,4),(0.,0.0131644505022889,0.0268129638752666,
0.0416000587541645,0.0572501373960795,0.0744480773981499,0.0941743082076717,
0.119538413944692,0.13758620601115,0.153532201518397,0.168338979770779,
0.189067793535105,0.205158216871186,0.222236301641614,0.24094597467135,
0.263916215290825,0.293426688379472,0.312931657699894,0.330449232187411,
0.346787893781694,0.365939407058982,0.383831668166512,0.40299949082966,
0.424262338378097,0.456168541286863,0.478084270643432,0.4981117284316,0.5),
 .UNSPECIFIED.);
#1611=B_SPLINE_CURVE_WITH_KNOTS('',3,(#7156,#7157,#7158,#7159,#7160,#7161,
#7162,#7163),.UNSPECIFIED.,.F.,.F.,(4,1,1,1,1,4),(0.,0.2,0.4,0.6,0.8,1.),
 .UNSPECIFIED.);
#1612=B_SPLINE_CURVE_WITH_KNOTS('',3,(#7289,#7290,#7291,#7292,#7293,#7294,
#7295,#7296,#7297,#7298,#7299,#7300,#7301,#7302,#7303),.UNSPECIFIED.,.F.,
 .F.,(4,1,1,1,1,1,1,1,1,1,1,1,4),(0.,0.0833333333333333,0.166666666666667,
0.25,0.333333333333333,0.416666666666667,0.5,0.583333333333333,0.666666666666667,
0.75,0.833333333333333,0.916666666666667,1.),.UNSPECIFIED.);
#1613=B_SPLINE_CURVE_WITH_KNOTS('',3,(#7305,#7306,#7307,#7308,#7309,#7310,
#7311,#7312),.UNSPECIFIED.,.F.,.F.,(4,1,1,1,1,4),(0.,0.2,0.4,0.6,0.8,1.),
 .UNSPECIFIED.);
#1614=B_SPLINE_CURVE_WITH_KNOTS('',3,(#7314,#7315,#7316,#7317,#7318,#7319,
#7320,#7321,#7322,#7323,#7324,#7325,#7326,#7327,#7328,#7329,#7330,#7331,
#7332,#7333,#7334,#7335,#7336,#7337,#7338,#7339,#7340,#7341,#7342,#7343,
#7344,#7345,#7346,#7347,#7348,#7349,#7350,#7351,#7352,#7353,#7354,#7355,
#7356,#7357,#7358,#7359,#7360,#7361,#7362,#7363,#7364,#7365,#7366,#7367,
#7368,#7369,#7370,#7371,#7372,#7373,#7374,#7375,#7376,#7377,#7378,#7379,
#7380,#7381,#7382,#7383,#7384,#7385,#7386,#7387,#7388,#7389,#7390,#7391,
#7392,#7393,#7394,#7395,#7396,#7397,#7398,#7399,#7400,#7401,#7402,#7403,
#7404,#7405,#7406,#7407,#7408,#7409,#7410,#7411,#7412,#7413,#7414,#7415,
#7416,#7417,#7418,#7419,#7420,#7421,#7422,#7423,#7424,#7425,#7426,#7427,
#7428,#7429,#7430,#7431,#7432,#7433,#7434,#7435,#7436,#7437,#7438,#7439,
#7440,#7441,#7442,#7443,#7444,#7445,#7446,#7447,#7448,#7449,#7450,#7451,
#7452,#7453,#7454,#7455,#7456,#7457,#7458,#7459,#7460,#7461,#7462,#7463,
#7464,#7465,#7466,#7467,#7468,#7469,#7470,#7471,#7472,#7473,#7474,#7475,
#7476),.UNSPECIFIED.,.F.,.F.,(4,3,3,3,3,3,3,3,3,3,3,3,3,3,3,3,3,3,3,3,3,
3,3,3,3,3,3,3,3,3,3,3,3,3,3,3,3,3,3,3,3,3,3,3,3,3,3,3,3,3,3,3,3,3,4),(0.499999999999999,
0.509235665872004,0.518789909656491,0.528741192003616,0.539212155965467,
0.550417991986242,0.562820340650311,0.57868439435326,0.59301293806233,0.605731283747882,
0.616993561920497,0.627457237042577,0.637379472678355,0.646896386867663,
0.656091759199224,0.6650220820912,0.673727872924162,0.68223951992751,0.690738918920443,
0.698267499277591,0.705805044624837,0.713580851514873,0.721647843850131,
0.730346348729814,0.739625487331353,0.749865291252944,0.76195666513755,
0.776834373566453,0.787242759589753,0.796528876252475,0.805181019845391,
0.813397525494886,0.821285507070766,0.828911650349515,0.836321257819307,
0.843929958948248,0.85140376194519,0.858575234076279,0.865976980796649,
0.873661103087673,0.88193669859721,0.890785954388228,0.900562596674476,
0.912590586857381,0.92405129399194,0.933551417771719,0.942227463961926,
0.950387474695128,0.95817647822135,0.965678353053514,0.972947483310328,
0.979928207734222,0.986775356530941,0.993431364491324,1.),.UNSPECIFIED.);
#1615=B_SPLINE_CURVE_WITH_KNOTS('',3,(#7599,#7600,#7601,#7602,#7603,#7604,
#7605,#7606,#7607,#7608,#7609,#7610,#7611,#7612,#7613),.UNSPECIFIED.,.F.,
 .F.,(4,1,1,1,1,1,1,1,1,1,1,1,4),(0.,0.0833333333333333,0.166666666666667,
0.25,0.333333333333333,0.416666666666667,0.5,0.583333333333333,0.666666666666667,
0.75,0.833333333333333,0.916666666666667,1.),.UNSPECIFIED.);
#1616=B_SPLINE_CURVE_WITH_KNOTS('',3,(#7616,#7617,#7618,#7619,#7620,#7621,
#7622,#7623,#7624,#7625,#7626,#7627,#7628,#7629,#7630,#7631,#7632,#7633,
#7634,#7635,#7636,#7637,#7638,#7639,#7640,#7641,#7642,#7643,#7644,#7645,
#7646,#7647,#7648,#7649,#7650,#7651,#7652,#7653,#7654,#7655,#7656,#7657,
#7658,#7659,#7660,#7661,#7662,#7663,#7664,#7665,#7666,#7667,#7668,#7669,
#7670,#7671,#7672,#7673,#7674,#7675,#7676,#7677,#7678,#7679,#7680,#7681,
#7682,#7683,#7684,#7685,#7686,#7687,#7688,#7689,#7690,#7691,#7692,#7693,
#7694,#7695,#7696,#7697,#7698,#7699,#7700,#7701,#7702,#7703,#7704,#7705,
#7706,#7707,#7708,#7709,#7710,#7711,#7712,#7713,#7714,#7715,#7716,#7717,
#7718,#7719,#7720,#7721,#7722,#7723,#7724,#7725,#7726,#7727,#7728,#7729,
#7730,#7731,#7732,#7733,#7734,#7735,#7736,#7737,#7738,#7739,#7740,#7741,
#7742,#7743,#7744,#7745,#7746,#7747,#7748,#7749,#7750,#7751,#7752,#7753,
#7754,#7755,#7756,#7757,#7758,#7759,#7760,#7761,#7762,#7763,#7764,#7765,
#7766,#7767,#7768,#7769,#7770,#7771,#7772,#7773,#7774,#7775,#7776,#7777,
#7778,#7779,#7780,#7781,#7782,#7783,#7784),.UNSPECIFIED.,.F.,.F.,(4,3,3,
3,3,3,3,3,3,3,3,3,3,3,3,3,3,3,3,3,3,3,3,3,3,3,3,3,3,3,3,3,3,3,3,3,3,3,3,
3,3,3,3,3,3,3,3,3,3,3,3,3,3,3,3,3,4),(0.,0.00603360359993462,0.0122120469674202,
0.0185587894386391,0.0251052947767616,0.0318957128123208,0.0392098422996283,
0.0470139572581048,0.0556242660620457,0.0657082908528548,0.0792799067637031,
0.0879075127863205,0.0956562169519039,0.102893914597534,0.109776271337237,
0.116388874635379,0.123081692238114,0.130561457179521,0.137346595985765,
0.144349410024119,0.151619096920125,0.159229764082636,0.167304127001323,
0.176079216943818,0.186352829760411,0.199898467000462,0.209276639906698,
0.218361744909613,0.226293500682781,0.233781413812771,0.240944321443655,
0.247845157410506,0.258935457701418,0.267381576196594,0.276009460327999,
0.284845164634677,0.293922477680677,0.303286767375205,0.313001788515008,
0.323162904952305,0.334357639769436,0.346699880559863,0.361201012791655,
0.378550886192698,0.391274772095571,0.402565230916111,0.413064509096797,
0.423025092823512,0.432646956220573,0.441746698080256,0.450618004104421,
0.459291747451631,0.467787750070227,0.47737813599608,0.485953009292482,
0.494764322899636,0.499999999999999),.UNSPECIFIED.);
#1617=B_SPLINE_CURVE_WITH_KNOTS('',3,(#7906,#7907,#7908,#7909,#7910,#7911,
#7912,#7913),.UNSPECIFIED.,.F.,.F.,(4,1,1,1,1,4),(0.,0.2,0.4,0.6,0.8,1.),
 .UNSPECIFIED.);
#1618=B_SPLINE_CURVE_WITH_KNOTS('',3,(#7915,#7916,#7917,#7918,#7919,#7920,
#7921,#7922,#7923,#7924,#7925,#7926,#7927,#7928,#7929,#7930,#7931,#7932,
#7933,#7934,#7935,#7936,#7937,#7938,#7939,#7940,#7941,#7942,#7943,#7944,
#7945,#7946,#7947,#7948,#7949,#7950,#7951,#7952,#7953,#7954,#7955,#7956,
#7957,#7958,#7959,#7960,#7961,#7962,#7963,#7964,#7965,#7966,#7967,#7968,
#7969,#7970,#7971,#7972,#7973,#7974,#7975,#7976,#7977,#7978,#7979,#7980,
#7981,#7982,#7983,#7984,#7985,#7986,#7987,#7988,#7989,#7990,#7991,#7992,
#7993,#7994,#7995,#7996,#7997,#7998,#7999,#8000,#8001,#8002),
 .UNSPECIFIED.,.F.,.F.,(4,3,3,3,3,3,3,3,3,3,3,3,3,3,3,3,3,3,3,3,3,3,3,3,
3,3,3,3,3,4),(0.5,0.530338281848881,0.572858144261433,0.599573239604005,
0.615378006673986,0.638417387028351,0.664917587181791,0.688375811689674,
0.709596833891966,0.729455305760641,0.749413257045418,0.76415091158157,
0.779840804155114,0.800352442286282,0.818257321378548,0.833353975811574,
0.847194562073828,0.860242297997825,0.872768505408956,0.88395771001586,
0.895028110167352,0.907271849379606,0.92316378412872,0.938203409718034,
0.950423124028747,0.961541914089238,0.971717342342895,0.981529075547365,
0.990878939981013,1.),.UNSPECIFIED.);
#1619=B_SPLINE_CURVE_WITH_KNOTS('',3,(#8109,#8110,#8111,#8112,#8113,#8114,
#8115,#8116,#8117,#8118,#8119,#8120,#8121),.UNSPECIFIED.,.F.,.F.,(4,1,1,
1,1,1,1,1,1,1,4),(0.,0.1,0.2,0.3,0.4,0.5,0.6,0.7,0.8,0.9,1.),
 .UNSPECIFIED.);
#1620=B_SPLINE_CURVE_WITH_KNOTS('',3,(#8124,#8125,#8126,#8127,#8128,#8129,
#8130,#8131,#8132,#8133,#8134,#8135,#8136,#8137,#8138,#8139,#8140,#8141,
#8142,#8143,#8144,#8145,#8146,#8147,#8148,#8149,#8150,#8151,#8152,#8153,
#8154,#8155,#8156,#8157,#8158,#8159,#8160,#8161,#8162,#8163,#8164,#8165,
#8166,#8167,#8168,#8169,#8170,#8171,#8172,#8173,#8174,#8175,#8176,#8177,
#8178,#8179,#8180,#8181,#8182,#8183,#8184,#8185,#8186,#8187,#8188,#8189,
#8190,#8191,#8192,#8193,#8194,#8195,#8196,#8197,#8198,#8199,#8200,#8201,
#8202,#8203,#8204,#8205,#8206,#8207,#8208,#8209,#8210,#8211),
 .UNSPECIFIED.,.F.,.F.,(4,3,3,3,3,3,3,3,3,3,3,3,3,3,3,3,3,3,3,3,3,3,3,3,
3,3,3,3,3,4),(0.,0.0102853493487303,0.0211501171416248,0.032857696486289,
0.0460278719118323,0.0645396808050274,0.0781478157798702,0.0903273059662664,
0.101835854997047,0.115132866912188,0.129696749848128,0.146696764596181,
0.16684948849077,0.182148632378691,0.195772595259529,0.213715704363597,
0.230897731396078,0.250328060291959,0.272674610391971,0.291704203838139,
0.308684210971891,0.325196983043884,0.343941549000834,0.364783628149395,
0.390531275338975,0.413460364714228,0.433350079704577,0.4512451561332,0.476675934930339,
0.5),.UNSPECIFIED.);
#1621=B_SPLINE_CURVE_WITH_KNOTS('',3,(#8317,#8318,#8319,#8320,#8321,#8322,
#8323,#8324),.UNSPECIFIED.,.F.,.F.,(4,1,1,1,1,4),(0.,0.2,0.4,0.6,0.8,1.),
 .UNSPECIFIED.);
#1622=B_SPLINE_CURVE_WITH_KNOTS('',3,(#8326,#8327,#8328,#8329,#8330,#8331,
#8332,#8333,#8334,#8335,#8336,#8337,#8338,#8339,#8340,#8341,#8342,#8343,
#8344,#8345,#8346,#8347,#8348,#8349,#8350,#8351,#8352,#8353,#8354,#8355,
#8356,#8357,#8358,#8359,#8360,#8361,#8362,#8363,#8364,#8365,#8366,#8367,
#8368,#8369,#8370,#8371,#8372,#8373,#8374,#8375,#8376,#8377,#8378,#8379,
#8380,#8381,#8382,#8383,#8384,#8385,#8386,#8387,#8388,#8389,#8390,#8391,
#8392,#8393,#8394,#8395,#8396,#8397,#8398,#8399,#8400,#8401,#8402,#8403,
#8404,#8405,#8406,#8407),.UNSPECIFIED.,.F.,.F.,(4,3,3,3,3,3,3,3,3,3,3,3,
3,3,3,3,3,3,3,3,3,3,3,3,3,3,3,4),(0.5,0.520068900016926,0.542691932642462,
0.577125782924161,0.601437328192345,0.621898598847557,0.640644204769934,
0.658682270391299,0.676998038230049,0.693770965300611,0.712133191074061,
0.734578994375609,0.760411447505795,0.779292081483635,0.796289724963439,
0.81218112802308,0.827689143676072,0.842686478599828,0.857405978240145,
0.873410102179337,0.892499742198714,0.919374806649035,0.936196149041753,
0.952147111781315,0.965930287438621,0.979200457447543,0.991862640061105,
1.),.UNSPECIFIED.);
#1623=B_SPLINE_CURVE_WITH_KNOTS('',3,(#8461,#8462,#8463,#8464,#8465,#8466,
#8467,#8468,#8469,#8470,#8471,#8472),.UNSPECIFIED.,.F.,.F.,(4,2,2,2,2,4),
(0.,0.0635355241769514,0.134628646647017,0.221370701065862,0.279209394174507,
0.336764397643636),.UNSPECIFIED.);
#1624=B_SPLINE_CURVE_WITH_KNOTS('',3,(#8474,#8475,#8476,#8477,#8478,#8479,
#8480,#8481,#8482),.UNSPECIFIED.,.F.,.F.,(4,1,1,1,2,4),(-0.17779332580277,
-0.103427697345187,-0.0500522791186889,-0.0233645700054399,0.00332313910780914,
0.0303569037589608),.UNSPECIFIED.);
#1625=B_SPLINE_CURVE_WITH_KNOTS('',3,(#8484,#8485,#8486,#8487,#8488,#8489,
#8490,#8491,#8492,#8493,#8494,#8495,#8496,#8497,#8498,#8499,#8500,#8501,
#8502,#8503,#8504,#8505,#8506,#8507,#8508,#8509,#8510,#8511,#8512,#8513,
#8514,#8515,#8516,#8517,#8518,#8519,#8520,#8521,#8522,#8523,#8524,#8525,
#8526,#8527,#8528,#8529,#8530,#8531,#8532,#8533,#8534,#8535,#8536,#8537,
#8538,#8539,#8540,#8541,#8542,#8543,#8544,#8545,#8546,#8547),
 .UNSPECIFIED.,.F.,.F.,(4,3,3,3,3,3,3,3,3,3,3,3,3,3,3,3,3,3,3,3,3,4),(0.,
0.0184026939076253,0.0378670829778005,0.0588124545580883,0.0797578261383761,
0.102535312636213,0.125066759751751,0.146614820362403,0.15906989054163,
0.181524379138437,0.198224088301275,0.220392469643689,0.227826476377802,
0.233370282011847,0.235968499308555,0.236636609502615,0.244905529014027,
0.246028801322369,0.268233111779478,0.290242480353588,0.311619339646214,
0.316576422314393),.UNSPECIFIED.);
#1626=B_SPLINE_CURVE_WITH_KNOTS('',3,(#8548,#8549,#8550,#8551,#8552,#8553,
#8554,#8555),.UNSPECIFIED.,.F.,.F.,(4,1,1,1,1,4),(0.000169037027229934,
0.0233645700054399,0.0500522791186889,0.103427697345187,0.210178533798183,
0.315928757658332),.UNSPECIFIED.);
#1627=B_SPLINE_CURVE_WITH_KNOTS('',3,(#8575,#8576,#8577,#8578,#8579,#8580,
#8581),.UNSPECIFIED.,.F.,.F.,(4,3,4),(0.00255653295304649,0.164601220449304,
0.246129205759344),.UNSPECIFIED.);
#1628=B_SPLINE_CURVE_WITH_KNOTS('',3,(#8608,#8609,#8610,#8611,#8612,#8613,
#8614,#8615,#8616,#8617),.UNSPECIFIED.,.F.,.F.,(4,2,2,2,4),(0.148169975949907,
0.166668694392391,0.185195426117821,0.203735032846344,0.222270861456588),
 .UNSPECIFIED.);
#1629=B_SPLINE_CURVE_WITH_KNOTS('',3,(#8681,#8682,#8683,#8684,#8685,#8686),
 .UNSPECIFIED.,.F.,.F.,(4,2,4),(0.929749248083216,1.01332565244596,1.1123561666308),
 .UNSPECIFIED.);
#1630=B_SPLINE_CURVE_WITH_KNOTS('',3,(#8691,#8692,#8693,#8694),
 .UNSPECIFIED.,.F.,.F.,(4,4),(0.,0.177292171156444),.UNSPECIFIED.);
#1631=B_SPLINE_CURVE_WITH_KNOTS('',3,(#8697,#8698,#8699,#8700,#8701,#8702),
 .UNSPECIFIED.,.F.,.F.,(4,2,4),(0.507724324164045,0.559021539168258,0.671593349541063),
 .UNSPECIFIED.);
#1632=B_SPLINE_CURVE_WITH_KNOTS('',3,(#8704,#8705,#8706,#8707),
 .UNSPECIFIED.,.F.,.F.,(4,4),(1.59811781942398,1.63049489036172),
 .UNSPECIFIED.);
#1633=B_SPLINE_CURVE_WITH_KNOTS('',3,(#8715,#8716,#8717,#8718,#8719,#8720),
 .UNSPECIFIED.,.F.,.F.,(4,2,4),(0.370796938258259,0.383209277289559,0.404802835549963),
 .UNSPECIFIED.);
#1634=B_SPLINE_CURVE_WITH_KNOTS('',3,(#8722,#8723,#8724,#8725,#8726,#8727,
#8728,#8729,#8730,#8731,#8732,#8733,#8734,#8735,#8736,#8737,#8738,#8739,
#8740,#8741),.UNSPECIFIED.,.F.,.F.,(4,2,2,2,2,2,2,2,2,4),(0.404802835549963,
0.479724502222139,0.576239727154718,0.672600019131724,0.768960311108729,
0.865320603085735,0.961680895062741,1.05819611999532,1.1547113449279,1.1671236839592),
 .UNSPECIFIED.);
#1635=B_SPLINE_CURVE_WITH_KNOTS('',3,(#8744,#8745,#8746,#8747,#8748,#8749,
#8750,#8751,#8752,#8753),.UNSPECIFIED.,.F.,.F.,(4,2,2,2,4),(0.105561100363973,
0.192414123730631,0.369333030581515,0.38482824745794,0.389318575673286),
 .UNSPECIFIED.);
#1636=B_SPLINE_CURVE_WITH_KNOTS('',3,(#8784,#8785,#8786,#8787),
 .UNSPECIFIED.,.F.,.F.,(4,4),(1.1564333150677E-15,0.276401791960267),
 .UNSPECIFIED.);
#1637=B_SPLINE_CURVE_WITH_KNOTS('',3,(#8790,#8791,#8792,#8793),
 .UNSPECIFIED.,.F.,.F.,(4,4),(-0.276401791960267,-1.1564333150677E-15),
 .UNSPECIFIED.);
#1638=B_SPLINE_CURVE_WITH_KNOTS('',3,(#8916,#8917,#8918,#8919,#8920,#8921,
#8922,#8923,#8924,#8925,#8926,#8927,#8928,#8929,#8930,#8931,#8932,#8933,
#8934,#8935,#8936,#8937,#8938,#8939,#8940,#8941,#8942,#8943,#8944,#8945,
#8946,#8947,#8948,#8949,#8950,#8951,#8952,#8953,#8954,#8955,#8956,#8957,
#8958,#8959,#8960,#8961,#8962,#8963,#8964,#8965,#8966,#8967,#8968,#8969,
#8970,#8971,#8972,#8973,#8974,#8975,#8976,#8977,#8978,#8979,#8980,#8981,
#8982),.UNSPECIFIED.,.F.,.F.,(4,3,3,3,3,3,3,3,3,3,3,3,3,3,3,3,3,3,3,3,3,
3,4),(0.,0.0216339140527946,0.0453202507797409,0.0725519894728476,0.0992674901307946,
0.12431327199762,0.146486906443566,0.165483598069643,0.186341119881729,
0.211891454970831,0.240113150836987,0.261441376231432,0.280839328707322,
0.30219374011757,0.32193609265995,0.343237325203301,0.367903516574018,0.400927637430514,
0.425695728072885,0.446433696755044,0.465931301921387,0.486975956299088,
0.5),.UNSPECIFIED.);
#1639=B_SPLINE_CURVE_WITH_KNOTS('',3,(#8999,#9000,#9001,#9002),
 .UNSPECIFIED.,.F.,.F.,(4,4),(-1.54319505524917,-0.461168946646248),
 .UNSPECIFIED.);
#1640=B_SPLINE_CURVE_WITH_KNOTS('',3,(#9003,#9004,#9005,#9006),
 .UNSPECIFIED.,.F.,.F.,(4,4),(0.461168946646248,1.54319505524917),
 .UNSPECIFIED.);
#1641=B_SPLINE_CURVE_WITH_KNOTS('',3,(#9028,#9029,#9030,#9031),
 .UNSPECIFIED.,.F.,.F.,(4,4),(-0.0707044364605711,0.),.UNSPECIFIED.);
#1642=B_SPLINE_CURVE_WITH_KNOTS('',3,(#9034,#9035,#9036,#9037),
 .UNSPECIFIED.,.F.,.F.,(4,4),(0.,0.0707044364605711),.UNSPECIFIED.);
#1643=B_SPLINE_CURVE_WITH_KNOTS('',3,(#9061,#9062,#9063,#9064),
 .UNSPECIFIED.,.F.,.F.,(4,4),(-0.0663092032862994,0.),.UNSPECIFIED.);
#1644=B_SPLINE_CURVE_WITH_KNOTS('',3,(#9065,#9066,#9067,#9068),
 .UNSPECIFIED.,.F.,.F.,(4,4),(0.,0.0663092032862994),.UNSPECIFIED.);
#1645=B_SPLINE_CURVE_WITH_KNOTS('',3,(#9102,#9103,#9104,#9105,#9106,#9107),
 .UNSPECIFIED.,.F.,.F.,(4,2,4),(-0.196462656079432,-0.065077046914069,0.),
 .UNSPECIFIED.);
#1646=B_SPLINE_CURVE_WITH_KNOTS('',3,(#9108,#9109,#9110,#9111,#9112,#9113),
 .UNSPECIFIED.,.F.,.F.,(4,2,4),(0.,0.065077046914069,0.196462656079432),
 .UNSPECIFIED.);
#1647=B_SPLINE_CURVE_WITH_KNOTS('',3,(#9224,#9225,#9226,#9227,#9228,#9229),
 .UNSPECIFIED.,.F.,.F.,(4,1,1,4),(0.,0.285714285714286,0.571428571428571,
1.),.UNSPECIFIED.);
#1648=B_SPLINE_CURVE_WITH_KNOTS('',3,(#9232,#9233,#9234,#9235,#9236,#9237),
 .UNSPECIFIED.,.F.,.F.,(4,1,1,4),(-1.,-0.571428571428571,-0.285714285714286,
0.),.UNSPECIFIED.);
#1649=B_SPLINE_CURVE_WITH_KNOTS('',3,(#9291,#9292,#9293,#9294,#9295,#9296,
#9297),.UNSPECIFIED.,.F.,.F.,(4,1,1,1,4),(0.,0.285714285714286,0.571428571428571,
0.857142857142857,1.),.UNSPECIFIED.);
#1650=B_SPLINE_CURVE_WITH_KNOTS('',3,(#9300,#9301,#9302,#9303,#9304,#9305,
#9306),.UNSPECIFIED.,.F.,.F.,(4,1,1,1,4),(-1.,-0.857142857142857,-0.571428571428571,
-0.285714285714286,0.),.UNSPECIFIED.);
#1651=B_SPLINE_CURVE_WITH_KNOTS('',3,(#9409,#9410,#9411,#9412,#9413,#9414,
#9415,#9416),.UNSPECIFIED.,.F.,.F.,(4,1,1,1,1,4),(0.,0.142857142857143,
0.285714285714286,0.571428571428571,0.857142857142857,1.),.UNSPECIFIED.);
#1652=B_SPLINE_CURVE_WITH_KNOTS('',3,(#9419,#9420,#9421,#9422,#9423,#9424,
#9425,#9426),.UNSPECIFIED.,.F.,.F.,(4,1,1,1,1,4),(-1.,-0.857142857142857,
-0.571428571428571,-0.285714285714286,-0.142857142857143,0.),
 .UNSPECIFIED.);
#1653=B_SPLINE_CURVE_WITH_KNOTS('',3,(#9487,#9488,#9489,#9490,#9491,#9492,
#9493,#9494),.UNSPECIFIED.,.F.,.F.,(4,1,1,1,1,4),(0.,0.142857142857143,
0.285714285714286,0.571428571428571,0.857142857142857,1.),.UNSPECIFIED.);
#1654=B_SPLINE_CURVE_WITH_KNOTS('',3,(#9497,#9498,#9499,#9500,#9501,#9502,
#9503,#9504),.UNSPECIFIED.,.F.,.F.,(4,1,1,1,1,4),(-1.,-0.857142857142857,
-0.571428571428571,-0.285714285714286,-0.142857142857143,0.),
 .UNSPECIFIED.);
#1655=B_SPLINE_CURVE_WITH_KNOTS('',3,(#11658,#11659,#11660,#11661,#11662,
#11663,#11664,#11665,#11666,#11667,#11668,#11669),.UNSPECIFIED.,.F.,.F.,
(4,2,2,2,2,4),(0.,0.0554254232038095,0.0880735048654096,0.117025580667026,
0.151093363008044,0.151369643344886),.UNSPECIFIED.);
#1656=B_SPLINE_CURVE_WITH_KNOTS('',3,(#11671,#11672,#11673,#11674,#11675,
#11676,#11677,#11678,#11679,#11680,#11681,#11682,#11683,#11684,#11685,#11686,
#11687,#11688,#11689,#11690,#11691,#11692,#11693,#11694,#11695,#11696,#11697,
#11698,#11699,#11700,#11701,#11702,#11703,#11704,#11705,#11706,#11707,#11708,
#11709,#11710,#11711,#11712,#11713,#11714,#11715,#11716,#11717,#11718,#11719,
#11720,#11721,#11722,#11723,#11724,#11725,#11726,#11727,#11728,#11729,#11730,
#11731,#11732,#11733,#11734,#11735,#11736,#11737,#11738,#11739),
 .UNSPECIFIED.,.F.,.F.,(4,1,1,1,1,1,1,1,1,1,1,1,1,1,1,1,1,1,1,1,1,1,1,1,
1,1,1,1,1,1,1,1,1,1,1,1,1,1,1,1,1,1,1,1,1,1,1,1,1,1,1,1,1,1,1,1,1,1,2,1,
1,1,1,1,1,4),(-0.0110097691383822,-0.0109296678924835,-0.0109239385010511,
-0.0109182091096186,-0.0109067503267538,-0.0109010209353214,-0.0108952915438889,
-0.0108895621524565,-0.0108838327610241,-0.0108723739781592,-0.0108666445867268,
-0.0108637798910106,-0.0108623475431525,-0.0108609151952944,-0.0108379976295647,
-0.0107921624981053,-0.0107463273666459,-0.0107434626709297,-0.0107405979752135,
-0.0107348685837811,-0.0107234098009162,-0.0107176804094838,-0.0107148157137676,
-0.0107119510180514,-0.0107105186701933,-0.0107090863223352,-0.0107076539744771,
-0.010706221626619,-0.0107004922351866,-0.0106546571037272,-0.0106489277122948,
-0.0106431983208623,-0.0106417659730042,-0.0106403336251461,-0.0106374689294299,
-0.0106317395379975,-0.0106202807551326,-0.0106088219722678,-0.0106073896244097,
-0.0106059572765516,-0.0106045249286935,-0.0106030925808354,-0.0106016602329773,
-0.0106002278851192,-0.010598795537261,-0.0105973631894029,-0.0105859044065381,
-0.0105801750151057,-0.0105773103193895,-0.0105758779715314,-0.0105744456236733,
-0.0105730132758151,-0.010571580927957,-0.0105701485800989,-0.0105687162322408,
-0.0105672838843827,-0.0105658515365246,-0.0105644191886665,-0.0105629868408084,
-0.00950668815672757,-0.00845038947264673,-0.00633779210448504,-0.0052814934204042,
-0.00422519473632336,-0.00211259736816168,0.),.UNSPECIFIED.);
#1657=B_SPLINE_CURVE_WITH_KNOTS('',3,(#11742,#11743,#11744,#11745,#11746,
#11747,#11748,#11749,#11750,#11751,#11752,#11753,#11754,#11755,#11756,#11757,
#11758,#11759,#11760,#11761,#11762,#11763,#11764,#11765,#11766,#11767,#11768,
#11769,#11770,#11771,#11772,#11773,#11774,#11775,#11776,#11777,#11778,#11779,
#11780,#11781,#11782,#11783,#11784,#11785,#11786,#11787,#11788,#11789,#11790,
#11791,#11792,#11793,#11794,#11795,#11796,#11797,#11798,#11799,#11800,#11801,
#11802,#11803,#11804,#11805,#11806,#11807,#11808,#11809,#11810,#11811,#11812,
#11813,#11814,#11815,#11816,#11817,#11818,#11819,#11820,#11821,#11822,#11823,
#11824,#11825,#11826,#11827,#11828,#11829,#11830,#11831,#11832,#11833,#11834,
#11835,#11836,#11837,#11838,#11839,#11840,#11841,#11842,#11843,#11844,#11845,
#11846,#11847,#11848,#11849,#11850,#11851,#11852,#11853,#11854,#11855,#11856,
#11857,#11858,#11859,#11860,#11861,#11862,#11863,#11864,#11865,#11866,#11867,
#11868,#11869,#11870,#11871,#11872,#11873,#11874,#11875,#11876,#11877,#11878,
#11879,#11880,#11881,#11882,#11883,#11884,#11885,#11886,#11887,#11888,#11889,
#11890,#11891,#11892,#11893,#11894,#11895,#11896,#11897,#11898,#11899,#11900,
#11901,#11902,#11903,#11904,#11905,#11906,#11907,#11908,#11909,#11910,#11911,
#11912,#11913,#11914,#11915,#11916,#11917,#11918,#11919,#11920,#11921,#11922,
#11923,#11924,#11925,#11926,#11927,#11928,#11929,#11930,#11931,#11932,#11933,
#11934,#11935,#11936,#11937,#11938,#11939,#11940,#11941,#11942,#11943,#11944,
#11945,#11946,#11947,#11948,#11949,#11950,#11951,#11952,#11953,#11954,#11955,
#11956,#11957,#11958,#11959,#11960,#11961,#11962,#11963,#11964,#11965,#11966,
#11967,#11968,#11969,#11970,#11971,#11972,#11973,#11974,#11975,#11976,#11977,
#11978,#11979,#11980,#11981,#11982,#11983,#11984,#11985,#11986,#11987,#11988,
#11989,#11990,#11991,#11992,#11993,#11994,#11995,#11996,#11997,#11998,#11999,
#12000,#12001,#12002,#12003,#12004,#12005,#12006,#12007,#12008,#12009,#12010,
#12011,#12012,#12013,#12014,#12015,#12016,#12017,#12018,#12019,#12020,#12021,
#12022,#12023,#12024,#12025,#12026,#12027,#12028,#12029,#12030,#12031,#12032,
#12033,#12034,#12035,#12036,#12037,#12038,#12039,#12040,#12041,#12042,#12043,
#12044,#12045,#12046,#12047,#12048,#12049,#12050,#12051,#12052,#12053,#12054,
#12055,#12056,#12057,#12058,#12059,#12060,#12061,#12062,#12063,#12064,#12065,
#12066,#12067,#12068,#12069,#12070,#12071,#12072,#12073,#12074,#12075,#12076,
#12077,#12078,#12079,#12080,#12081,#12082,#12083,#12084,#12085,#12086,#12087,
#12088,#12089,#12090,#12091,#12092,#12093,#12094,#12095,#12096,#12097,#12098,
#12099,#12100,#12101,#12102,#12103,#12104,#12105,#12106,#12107,#12108,#12109,
#12110,#12111,#12112,#12113,#12114,#12115,#12116,#12117,#12118,#12119,#12120,
#12121,#12122,#12123,#12124,#12125,#12126,#12127,#12128,#12129,#12130,#12131,
#12132,#12133,#12134,#12135,#12136,#12137,#12138,#12139,#12140,#12141,#12142,
#12143,#12144,#12145,#12146,#12147,#12148,#12149,#12150,#12151),
 .UNSPECIFIED.,.F.,.F.,(4,1,1,1,1,1,1,2,1,1,1,1,1,1,1,1,1,1,1,1,1,1,1,1,
1,1,1,1,1,1,1,1,1,1,1,1,1,1,1,1,1,1,1,1,1,1,1,1,1,1,1,1,1,1,1,1,1,1,1,1,
1,1,1,1,1,1,1,1,1,1,1,1,1,1,1,1,1,1,1,1,1,1,1,1,1,1,1,1,1,1,1,1,1,1,1,1,
1,1,1,1,1,1,1,1,1,1,1,1,1,1,1,1,1,1,1,1,1,1,1,1,1,1,1,1,1,1,1,1,1,1,1,1,
1,1,1,1,1,1,1,1,1,1,1,1,1,1,1,1,1,1,1,1,1,1,1,1,1,1,1,1,1,1,1,1,1,1,1,1,
1,1,1,1,1,1,1,1,1,1,1,1,1,1,1,1,1,1,1,1,1,1,1,1,1,1,1,1,1,1,1,1,1,1,1,1,
1,1,1,1,1,1,1,1,1,1,1,1,1,1,1,1,1,1,1,1,1,1,1,1,1,1,1,1,1,1,1,1,1,1,1,1,
1,1,1,1,1,1,1,1,1,1,1,1,1,1,1,1,1,1,1,1,1,1,1,1,1,1,1,1,1,1,1,1,1,1,1,1,
1,1,1,1,1,1,1,1,1,1,1,1,1,1,1,1,1,1,1,1,1,1,1,1,1,1,1,1,1,1,1,1,1,1,1,1,
1,1,1,1,1,1,1,1,1,1,1,1,1,1,1,1,1,1,1,1,1,1,1,1,1,1,1,1,1,1,1,1,1,1,1,1,
1,1,1,1,1,1,1,1,1,1,1,1,1,1,1,1,1,1,1,1,1,1,1,1,1,1,1,1,1,1,1,1,1,1,1,1,
1,1,1,1,1,1,1,1,1,1,1,1,1,1,1,1,1,1,1,1,1,1,4),(0.,0.00211259736816168,
0.00422519473632336,0.0052814934204042,0.00633779210448504,0.00845038947264673,
0.00950668815672757,0.0105629868408084,0.0105644191886665,0.0105658515365246,
0.0105672838843827,0.0105687162322408,0.0105701485800989,0.010571580927957,
0.0105730132758151,0.0105744456236733,0.0105758779715314,0.0105773103193895,
0.0105801750151057,0.0105859044065381,0.0105973631894029,0.010598795537261,
0.0106002278851192,0.0106016602329773,0.0106030925808354,0.0106045249286935,
0.0106059572765516,0.0106073896244097,0.0106088219722678,0.0106202807551326,
0.0106317395379975,0.0106374689294299,0.0106403336251461,0.0106417659730042,
0.0106431983208623,0.0106489277122948,0.0106546571037272,0.0107004922351866,
0.010706221626619,0.0107076539744771,0.0107090863223352,0.0107105186701933,
0.0107119510180514,0.0107148157137676,0.0107176804094838,0.0107234098009162,
0.0107348685837811,0.0107405979752135,0.0107434626709297,0.0107463273666459,
0.0107921624981053,0.0108379976295647,0.0108609151952944,0.0108623475431525,
0.0108637798910106,0.0108666445867268,0.0108723739781592,0.0108838327610241,
0.0108895621524565,0.0108952915438889,0.0109010209353214,0.0109067503267538,
0.0109182091096186,0.0109239385010511,0.0109296678924835,0.0110213381554022,
0.0110327969382671,0.0110442557211319,0.0110499851125644,0.0110557145039968,
0.0110614438954292,0.0110671732868616,0.0110900908525913,0.0111015496354562,
0.011113008418321,0.0112046786812398,0.0112505138126992,0.0112562432041316,
0.0112576755519897,0.0112591078998478,0.011261972595564,0.0112734313784289,
0.0112963489441586,0.0113880192070773,0.0114338543385367,0.0114796894699961,
0.0115026070357258,0.0115255246014555,0.0115484421671852,0.0115713597329149,
0.0116171948643742,0.0116401124301039,0.0116630299958336,0.0117547002587524,
0.0117661590416172,0.0117776178244821,0.0117833472159145,0.0117890766073469,
0.0118005353902118,0.0118463705216712,0.0118922056531306,0.0119151232188602,
0.0119380407845899,0.0120297110475087,0.0122130515733462,0.0123963920991838,
0.0124193096649135,0.0124422272306432,0.0124880623621025,0.0125109799278322,
0.0125338974935619,0.0125453562764268,0.0125568150592916,0.0125682738421565,
0.0125797326250213,0.0126255677564807,0.0126484853222104,0.0126714028879401,
0.0127172380193995,0.0127286968022643,0.0127401555851292,0.012751614367994,
0.0127630731508589,0.0131297542025339,0.013496435254209,0.0135881055171278,
0.0136339406485872,0.0136797757800465,0.0137256109115059,0.0137714460429653,
0.0138631163058841,0.0139089514373435,0.0139547865688028,0.0140464568317216,
0.0142297973575591,0.0143214676204779,0.0143673027519373,0.0144131378833967,
0.0144245966662615,0.0144360554491264,0.0144589730148561,0.0144818905805858,
0.0145048081463155,0.0145506432777748,0.0145735608435045,0.0145964784092342,
0.014688148672153,0.0147798189350718,0.0148714891979905,0.0149631594609093,
0.0150089945923687,0.0150319121580984,0.0150548297238281,0.0151464999867468,
0.0153298405125844,0.0156965215642594,0.0157423566957188,0.0157881918271782,
0.015879862090097,0.0159715323530157,0.0160632026159345,0.0161548728788533,
0.0162465431417721,0.0162923782732314,0.0163382134046908,0.0164298836676096,
0.0166132241934471,0.0167965647192847,0.0171632457709597,0.0175299268226348,
0.0178966078743099,0.0180799484001474,0.018263288925985,0.01862996997766,
0.0186758051091194,0.0186987226748491,0.018710181457714,0.0187216402405788,
0.0187674753720382,0.0188133105034976,0.0189966510293351,0.0190424861607945,
0.0190883212922539,0.0191799915551727,0.0193633320810102,0.0208300562877105,
0.021013396813548,0.0211967373393856,0.0213800778652231,0.0215634183910606,
0.0219300994427357,0.0221134399685732,0.0222967804944108,0.0237635047011111,
0.0244968668044612,0.0252302289078114,0.0266969531145117,0.0274303152178618,
0.0277969962695369,0.028163677321212,0.028530358372887,0.0288970394245621,
0.0292637204762372,0.0296304015279123,0.0303637636312624,0.0307304446829375,
0.030913785208775,0.0310971257346126,0.0314638067862876,0.0318304878379627,
0.0321971688896378,0.0323805094154753,0.0325638499413129,0.033297212044663,
0.0334805525705005,0.0336638930963381,0.0340305741480132,0.0343972551996882,
0.0347639362513633,0.0354972983547134,0.0358639794063885,0.0362306604580636,
0.0369640225614137,0.038430746768114,0.0391641088714642,0.0395307899231393,
0.0398974709748143,0.0406308330781645,0.0409975141298396,0.0413641951815146,
0.0415475357073522,0.0417308762331897,0.0420975572848648,0.0428309193882149,
0.0435642814915651,0.0442976435949152,0.044389313857834,0.0444809841207528,
0.0445726543836715,0.0446184895151309,0.0446643246465903,0.0450310056982654,
0.0453976867499404,0.0457643678016155,0.0464977299049657,0.0472310920083158,
0.0486978162150161,0.0516312646284167,0.0523646267317669,0.053097988835117,
0.0545647130418173,0.0574981614552179,0.0589648856619182,0.0596982477652683,
0.0604316098686185,0.0618983340753188,0.0626316961786689,0.0633650582820191,
0.0662985066954197,0.0692319551088203,0.0721654035222209,0.0750988519356215,
0.0765655761423218,0.0780323003490221,0.0794990245557224,0.0809657487624227,
0.0838991971758233,0.0868326455892239,0.0897660940026244,0.092699542416025,
0.0956329908294256,0.0985664392428262,0.101499887656227,0.104433336069627,
0.105900060276328,0.107366784483028,0.108833508689728,0.110300232896429,
0.113233681309829,0.11616712972323,0.11910057813663,0.122034026550031,0.124967474963432,
0.127900923376832,0.128634285480182,0.129367647583532,0.130834371790233,
0.132301095996933,0.133767820203633,0.136701268617034,0.139634717030435,
0.142568165443835,0.145501613857236,0.148435062270636,0.151368510684037,
0.154301959097437,0.157235407510838,0.160168855924239,0.163102304337639,
0.16603575275104,0.16896920116444,0.171902649577841,0.174836097991242,0.177769546404642,
0.180702994818043,0.183636443231443,0.186569891644844,0.189503340058245,
0.192436788471645,0.195370236885046,0.198303685298446,0.201237133711847,
0.204170582125248,0.207104030538648,0.210037478952049,0.212970927365449,
0.21590437577885,0.218837824192251,0.221771272605651,0.224704721019052,
0.227638169432452,0.230571617845853,0.233505066259254,0.236438514672654,
0.239371963086055,0.242305411499455,0.245238859912856,0.248172308326256,
0.251105756739657,0.254039205153058,0.256972653566458,0.259906101979859,
0.262839550393259,0.26577299880666,0.268706447220061,0.271639895633461,
0.274573344046862,0.277506792460262,0.280440240873663,0.283373689287064,
0.286307137700464,0.289240586113865,0.292174034527265,0.295107482940666,
0.298040931354067,0.300974379767467,0.303907828180868,0.306841276594268,
0.309774725007669,0.31270817342107,0.31564162183447,0.318575070247871,0.321508518661271,
0.324441967074672,0.327375415488073,0.330308863901473,0.333242312314874,
0.336175760728274,0.339109209141675,0.342042657555075,0.344976105968476,
0.347909554381877,0.350843002795277,0.353776451208678,0.356709899622078,
0.359643348035479,0.36257679644888,0.36551024486228,0.368443693275681,0.371377141689081,
0.374310590102482,0.377244038515883,0.380177486929283,0.383110935342684,
0.386044383756084,0.388977832169485,0.391911280582886,0.394844728996286,
0.397778177409687,0.400711625823087,0.403645074236488,0.406578522649889,
0.409511971063289,0.41244541947669,0.41537886789009,0.418312316303491,0.421245764716892,
0.424179213130292,0.427112661543693,0.430046109957093,0.432979558370494,
0.435913006783894,0.438846455197295,0.441779903610696,0.444713352024096,
0.447646800437497,0.450580248850897,0.453513697264298,0.456447145677699,
0.459380594091099,0.4623140425045,0.4652474909179,0.468180939331301,0.471114387744702,
0.474047836158102,0.476981284571503,0.479914732984903),.UNSPECIFIED.);
#1658=B_SPLINE_CURVE_WITH_KNOTS('',3,(#12173,#12174,#12175,#12176),
 .UNSPECIFIED.,.F.,.F.,(4,4),(-0.58736505059706,0.),.UNSPECIFIED.);
#1659=B_SPLINE_CURVE_WITH_KNOTS('',3,(#12179,#12180,#12181,#12182),
 .UNSPECIFIED.,.F.,.F.,(4,4),(0.,0.58736505059706),.UNSPECIFIED.);
#1660=B_SPLINE_CURVE_WITH_KNOTS('',3,(#12219,#12220,#12221,#12222,#12223,
#12224),.UNSPECIFIED.,.F.,.F.,(4,2,4),(0.241383402064393,0.959257386730467,
1.42119204750871),.UNSPECIFIED.);
#1661=B_SPLINE_CURVE_WITH_KNOTS('',3,(#12225,#12226,#12227,#12228,#12229,
#12230),.UNSPECIFIED.,.F.,.F.,(4,2,4),(-1.42119204750871,-0.959257386730467,
-0.241383402064393),.UNSPECIFIED.);
#1662=B_SPLINE_CURVE_WITH_KNOTS('',3,(#12308,#12309,#12310,#12311),
 .UNSPECIFIED.,.F.,.F.,(4,4),(2.27258220006443E-15,0.00204500441654823),
 .UNSPECIFIED.);
#1663=B_SPLINE_CURVE_WITH_KNOTS('',3,(#12602,#12603,#12604,#12605,#12606,
#12607,#12608,#12609,#12610,#12611,#12612,#12613,#12614,#12615,#12616,#12617,
#12618,#12619,#12620,#12621,#12622,#12623,#12624,#12625,#12626,#12627,#12628,
#12629,#12630,#12631,#12632,#12633,#12634,#12635,#12636,#12637,#12638,#12639,
#12640,#12641),.UNSPECIFIED.,.F.,.F.,(4,3,3,3,3,3,3,3,3,3,3,3,3,4),(0.,
0.00791355109674829,0.0159906032998785,0.0200771451172944,0.0281221775214677,
0.0359570533385279,0.0398305605676837,0.0399493319216912,0.0478270625714834,
0.0558163249327845,0.0595477859947097,0.067536270845945,0.0753400825201478,
0.0793391785831163),.UNSPECIFIED.);
#1664=B_SPLINE_CURVE_WITH_KNOTS('',3,(#12682,#12683,#12684,#12685),
 .UNSPECIFIED.,.F.,.F.,(4,4),(-0.00204500441654823,-2.27258220006443E-15),
 .UNSPECIFIED.);
#1665=B_SPLINE_CURVE_WITH_KNOTS('',3,(#12710,#12711,#12712,#12713),
 .UNSPECIFIED.,.F.,.F.,(4,4),(0.186338381638334,0.19394040252699),
 .UNSPECIFIED.);
#1666=B_SPLINE_CURVE_WITH_KNOTS('',3,(#13018,#13019,#13020,#13021,#13022,
#13023,#13024,#13025,#13026,#13027),.UNSPECIFIED.,.F.,.F.,(4,2,2,2,4),(0.,
0.035729229066887,0.0793620952438269,0.121232377767233,0.121732623339834),
 .UNSPECIFIED.);
#1667=B_SPLINE_CURVE_WITH_KNOTS('',3,(#13034,#13035,#13036,#13037,#13038,
#13039,#13040,#13041,#13042,#13043),.UNSPECIFIED.,.F.,.F.,(4,2,2,2,4),(-0.000694987487878042,
0.,0.0581700749927083,0.11878889446721,0.168427249141893),.UNSPECIFIED.);
#1668=VERTEX_POINT('',#5899);
#1669=VERTEX_POINT('',#5900);
#1670=VERTEX_POINT('',#5914);
#1671=VERTEX_POINT('',#5923);
#1672=VERTEX_POINT('',#6093);
#1673=VERTEX_POINT('',#6107);
#1674=VERTEX_POINT('',#6268);
#1675=VERTEX_POINT('',#6277);
#1676=VERTEX_POINT('',#6531);
#1677=VERTEX_POINT('',#6545);
#1678=VERTEX_POINT('',#6805);
#1679=VERTEX_POINT('',#6814);
#1680=VERTEX_POINT('',#6971);
#1681=VERTEX_POINT('',#6983);
#1682=VERTEX_POINT('',#7155);
#1683=VERTEX_POINT('',#7164);
#1684=VERTEX_POINT('',#7287);
#1685=VERTEX_POINT('',#7288);
#1686=VERTEX_POINT('',#7304);
#1687=VERTEX_POINT('',#7313);
#1688=VERTEX_POINT('',#7598);
#1689=VERTEX_POINT('',#7614);
#1690=VERTEX_POINT('',#7905);
#1691=VERTEX_POINT('',#7914);
#1692=VERTEX_POINT('',#8108);
#1693=VERTEX_POINT('',#8122);
#1694=VERTEX_POINT('',#8316);
#1695=VERTEX_POINT('',#8325);
#1696=VERTEX_POINT('',#8459);
#1697=VERTEX_POINT('',#8460);
#1698=VERTEX_POINT('',#8473);
#1699=VERTEX_POINT('',#8483);
#1700=VERTEX_POINT('',#8570);
#1701=VERTEX_POINT('',#8572);
#1702=VERTEX_POINT('',#8574);
#1703=VERTEX_POINT('',#8584);
#1704=VERTEX_POINT('',#8585);
#1705=VERTEX_POINT('',#8587);
#1706=VERTEX_POINT('',#8589);
#1707=VERTEX_POINT('',#8593);
#1708=VERTEX_POINT('',#8595);
#1709=VERTEX_POINT('',#8597);
#1710=VERTEX_POINT('',#8601);
#1711=VERTEX_POINT('',#8603);
#1712=VERTEX_POINT('',#8607);
#1713=VERTEX_POINT('',#8620);
#1714=VERTEX_POINT('',#8622);
#1715=VERTEX_POINT('',#8624);
#1716=VERTEX_POINT('',#8626);
#1717=VERTEX_POINT('',#8628);
#1718=VERTEX_POINT('',#8630);
#1719=VERTEX_POINT('',#8634);
#1720=VERTEX_POINT('',#8636);
#1721=VERTEX_POINT('',#8638);
#1722=VERTEX_POINT('',#8642);
#1723=VERTEX_POINT('',#8644);
#1724=VERTEX_POINT('',#8649);
#1725=VERTEX_POINT('',#8652);
#1726=VERTEX_POINT('',#8654);
#1727=VERTEX_POINT('',#8656);
#1728=VERTEX_POINT('',#8658);
#1729=VERTEX_POINT('',#8660);
#1730=VERTEX_POINT('',#8662);
#1731=VERTEX_POINT('',#8664);
#1732=VERTEX_POINT('',#8666);
#1733=VERTEX_POINT('',#8668);
#1734=VERTEX_POINT('',#8672);
#1735=VERTEX_POINT('',#8674);
#1736=VERTEX_POINT('',#8676);
#1737=VERTEX_POINT('',#8678);
#1738=VERTEX_POINT('',#8680);
#1739=VERTEX_POINT('',#8689);
#1740=VERTEX_POINT('',#8690);
#1741=VERTEX_POINT('',#8695);
#1742=VERTEX_POINT('',#8703);
#1743=VERTEX_POINT('',#8708);
#1744=VERTEX_POINT('',#8710);
#1745=VERTEX_POINT('',#8712);
#1746=VERTEX_POINT('',#8714);
#1747=VERTEX_POINT('',#8721);
#1748=VERTEX_POINT('',#8742);
#1749=VERTEX_POINT('',#8755);
#1750=VERTEX_POINT('',#8757);
#1751=VERTEX_POINT('',#8780);
#1752=VERTEX_POINT('',#8781);
#1753=VERTEX_POINT('',#8783);
#1754=VERTEX_POINT('',#8788);
#1755=VERTEX_POINT('',#8914);
#1756=VERTEX_POINT('',#9027);
#1757=VERTEX_POINT('',#9032);
#1758=VERTEX_POINT('',#9058);
#1759=VERTEX_POINT('',#9059);
#1760=VERTEX_POINT('',#9099);
#1761=VERTEX_POINT('',#9100);
#1762=VERTEX_POINT('',#9115);
#1763=VERTEX_POINT('',#9116);
#1764=VERTEX_POINT('',#9122);
#1765=VERTEX_POINT('',#9126);
#1766=VERTEX_POINT('',#9131);
#1767=VERTEX_POINT('',#9132);
#1768=VERTEX_POINT('',#9134);
#1769=VERTEX_POINT('',#9136);
#1770=VERTEX_POINT('',#9140);
#1771=VERTEX_POINT('',#9141);
#1772=VERTEX_POINT('',#9143);
#1773=VERTEX_POINT('',#9145);
#1774=VERTEX_POINT('',#9155);
#1775=VERTEX_POINT('',#9156);
#1776=VERTEX_POINT('',#9158);
#1777=VERTEX_POINT('',#9160);
#1778=VERTEX_POINT('',#9164);
#1779=VERTEX_POINT('',#9165);
#1780=VERTEX_POINT('',#9167);
#1781=VERTEX_POINT('',#9169);
#1782=VERTEX_POINT('',#9220);
#1783=VERTEX_POINT('',#9221);
#1784=VERTEX_POINT('',#9223);
#1785=VERTEX_POINT('',#9230);
#1786=VERTEX_POINT('',#9287);
#1787=VERTEX_POINT('',#9288);
#1788=VERTEX_POINT('',#9290);
#1789=VERTEX_POINT('',#9298);
#1790=VERTEX_POINT('',#9314);
#1791=VERTEX_POINT('',#9315);
#1792=VERTEX_POINT('',#9317);
#1793=VERTEX_POINT('',#9319);
#1794=VERTEX_POINT('',#9323);
#1795=VERTEX_POINT('',#9324);
#1796=VERTEX_POINT('',#9326);
#1797=VERTEX_POINT('',#9328);
#1798=VERTEX_POINT('',#9335);
#1799=VERTEX_POINT('',#9336);
#1800=VERTEX_POINT('',#9341);
#1801=VERTEX_POINT('',#9342);
#1802=VERTEX_POINT('',#9405);
#1803=VERTEX_POINT('',#9406);
#1804=VERTEX_POINT('',#9408);
#1805=VERTEX_POINT('',#9417);
#1806=VERTEX_POINT('',#9483);
#1807=VERTEX_POINT('',#9484);
#1808=VERTEX_POINT('',#9486);
#1809=VERTEX_POINT('',#9495);
#1810=VERTEX_POINT('',#9512);
#1811=VERTEX_POINT('',#9513);
#1812=VERTEX_POINT('',#9515);
#1813=VERTEX_POINT('',#9517);
#1814=VERTEX_POINT('',#9521);
#1815=VERTEX_POINT('',#9522);
#1816=VERTEX_POINT('',#9524);
#1817=VERTEX_POINT('',#9526);
#1818=VERTEX_POINT('',#9536);
#1819=VERTEX_POINT('',#9537);
#1820=VERTEX_POINT('',#9539);
#1821=VERTEX_POINT('',#9543);
#1822=VERTEX_POINT('',#9544);
#1823=VERTEX_POINT('',#9546);
#1824=VERTEX_POINT('',#9556);
#1825=VERTEX_POINT('',#9560);
#1826=VERTEX_POINT('',#9561);
#1827=VERTEX_POINT('',#9569);
#1828=VERTEX_POINT('',#9583);
#1829=VERTEX_POINT('',#9584);
#1830=VERTEX_POINT('',#9589);
#1831=VERTEX_POINT('',#9590);
#1832=VERTEX_POINT('',#11656);
#1833=VERTEX_POINT('',#11657);
#1834=VERTEX_POINT('',#11670);
#1835=VERTEX_POINT('',#11740);
#1836=VERTEX_POINT('',#12172);
#1837=VERTEX_POINT('',#12177);
#1838=VERTEX_POINT('',#12241);
#1839=VERTEX_POINT('',#12251);
#1840=VERTEX_POINT('',#12253);
#1841=VERTEX_POINT('',#12255);
#1842=VERTEX_POINT('',#12258);
#1843=VERTEX_POINT('',#12260);
#1844=VERTEX_POINT('',#12262);
#1845=VERTEX_POINT('',#12264);
#1846=VERTEX_POINT('',#12267);
#1847=VERTEX_POINT('',#12270);
#1848=VERTEX_POINT('',#12274);
#1849=VERTEX_POINT('',#12278);
#1850=VERTEX_POINT('',#12282);
#1851=VERTEX_POINT('',#12285);
#1852=VERTEX_POINT('',#12286);
#1853=VERTEX_POINT('',#12288);
#1854=VERTEX_POINT('',#12290);
#1855=VERTEX_POINT('',#12369);
#1856=VERTEX_POINT('',#12370);
#1857=VERTEX_POINT('',#12372);
#1858=VERTEX_POINT('',#12374);
#1859=VERTEX_POINT('',#12378);
#1860=VERTEX_POINT('',#12380);
#1861=VERTEX_POINT('',#12382);
#1862=VERTEX_POINT('',#12384);
#1863=VERTEX_POINT('',#12388);
#1864=VERTEX_POINT('',#12390);
#1865=VERTEX_POINT('',#12392);
#1866=VERTEX_POINT('',#12394);
#1867=VERTEX_POINT('',#12397);
#1868=VERTEX_POINT('',#12400);
#1869=VERTEX_POINT('',#12403);
#1870=VERTEX_POINT('',#12405);
#1871=VERTEX_POINT('',#12407);
#1872=VERTEX_POINT('',#12409);
#1873=VERTEX_POINT('',#12411);
#1874=VERTEX_POINT('',#12414);
#1875=VERTEX_POINT('',#12418);
#1876=VERTEX_POINT('',#12423);
#1877=VERTEX_POINT('',#12425);
#1878=VERTEX_POINT('',#12428);
#1879=VERTEX_POINT('',#12430);
#1880=VERTEX_POINT('',#12432);
#1881=VERTEX_POINT('',#12434);
#1882=VERTEX_POINT('',#12436);
#1883=VERTEX_POINT('',#12441);
#1884=VERTEX_POINT('',#12443);
#1885=VERTEX_POINT('',#12447);
#1886=VERTEX_POINT('',#12554);
#1887=VERTEX_POINT('',#12558);
#1888=VERTEX_POINT('',#12562);
#1889=VERTEX_POINT('',#12563);
#1890=VERTEX_POINT('',#12565);
#1891=VERTEX_POINT('',#12567);
#1892=VERTEX_POINT('',#12577);
#1893=VERTEX_POINT('',#12578);
#1894=VERTEX_POINT('',#12584);
#1895=VERTEX_POINT('',#12586);
#1896=VERTEX_POINT('',#12591);
#1897=VERTEX_POINT('',#12592);
#1898=VERTEX_POINT('',#12598);
#1899=VERTEX_POINT('',#12600);
#1900=VERTEX_POINT('',#12645);
#1901=VERTEX_POINT('',#12649);
#1902=VERTEX_POINT('',#12653);
#1903=VERTEX_POINT('',#12657);
#1904=VERTEX_POINT('',#12680);
#1905=VERTEX_POINT('',#12687);
#1906=VERTEX_POINT('',#12715);
#1907=VERTEX_POINT('',#12718);
#1908=VERTEX_POINT('',#12722);
#1909=VERTEX_POINT('',#12726);
#1910=VERTEX_POINT('',#12731);
#1911=VERTEX_POINT('',#12735);
#1912=VERTEX_POINT('',#12742);
#1913=VERTEX_POINT('',#12744);
#1914=VERTEX_POINT('',#12748);
#1915=VERTEX_POINT('',#12752);
#1916=VERTEX_POINT('',#12759);
#1917=VERTEX_POINT('',#12764);
#1918=VERTEX_POINT('',#12768);
#1919=VERTEX_POINT('',#12777);
#1920=VERTEX_POINT('',#12781);
#1921=VERTEX_POINT('',#12784);
#1922=VERTEX_POINT('',#12788);
#1923=VERTEX_POINT('',#12790);
#1924=VERTEX_POINT('',#12801);
#1925=VERTEX_POINT('',#12803);
#1926=VERTEX_POINT('',#12811);
#1927=VERTEX_POINT('',#12815);
#1928=VERTEX_POINT('',#12821);
#1929=VERTEX_POINT('',#12824);
#1930=VERTEX_POINT('',#12827);
#1931=VERTEX_POINT('',#12834);
#1932=VERTEX_POINT('',#12841);
#1933=VERTEX_POINT('',#12842);
#1934=VERTEX_POINT('',#12844);
#1935=VERTEX_POINT('',#12848);
#1936=VERTEX_POINT('',#12849);
#1937=VERTEX_POINT('',#12854);
#1938=VERTEX_POINT('',#12855);
#1939=VERTEX_POINT('',#12857);
#1940=VERTEX_POINT('',#12861);
#1941=VERTEX_POINT('',#12862);
#1942=VERTEX_POINT('',#12867);
#1943=VERTEX_POINT('',#12868);
#1944=VERTEX_POINT('',#12870);
#1945=VERTEX_POINT('',#12874);
#1946=VERTEX_POINT('',#12875);
#1947=VERTEX_POINT('',#12880);
#1948=VERTEX_POINT('',#12881);
#1949=VERTEX_POINT('',#12886);
#1950=VERTEX_POINT('',#12888);
#1951=VERTEX_POINT('',#12892);
#1952=VERTEX_POINT('',#12893);
#1953=VERTEX_POINT('',#12895);
#1954=VERTEX_POINT('',#12899);
#1955=VERTEX_POINT('',#12900);
#1956=VERTEX_POINT('',#12914);
#1957=VERTEX_POINT('',#12916);
#1958=VERTEX_POINT('',#12920);
#1959=VERTEX_POINT('',#12922);
#1960=VERTEX_POINT('',#12926);
#1961=VERTEX_POINT('',#12928);
#1962=VERTEX_POINT('',#12932);
#1963=VERTEX_POINT('',#12933);
#1964=VERTEX_POINT('',#12935);
#1965=VERTEX_POINT('',#12940);
#1966=VERTEX_POINT('',#12942);
#1967=VERTEX_POINT('',#12944);
#1968=VERTEX_POINT('',#12952);
#1969=VERTEX_POINT('',#12954);
#1970=VERTEX_POINT('',#12956);
#1971=VERTEX_POINT('',#12958);
#1972=VERTEX_POINT('',#12960);
#1973=VERTEX_POINT('',#12962);
#1974=VERTEX_POINT('',#12964);
#1975=VERTEX_POINT('',#12966);
#1976=VERTEX_POINT('',#12968);
#1977=VERTEX_POINT('',#12970);
#1978=VERTEX_POINT('',#12973);
#1979=VERTEX_POINT('',#12978);
#1980=VERTEX_POINT('',#12982);
#1981=VERTEX_POINT('',#12984);
#1982=VERTEX_POINT('',#12986);
#1983=VERTEX_POINT('',#12988);
#1984=VERTEX_POINT('',#12992);
#1985=VERTEX_POINT('',#12996);
#1986=VERTEX_POINT('',#13000);
#1987=VERTEX_POINT('',#13004);
#1988=VERTEX_POINT('',#13006);
#1989=VERTEX_POINT('',#13008);
#1990=VERTEX_POINT('',#13012);
#1991=VERTEX_POINT('',#13014);
#1992=VERTEX_POINT('',#13016);
#1993=VERTEX_POINT('',#13029);
#1994=VERTEX_POINT('',#13031);
#1995=VERTEX_POINT('',#13033);
#1996=VERTEX_POINT('',#13049);
#1997=VERTEX_POINT('',#13053);
#1998=VERTEX_POINT('',#13055);
#1999=VERTEX_POINT('',#13057);
#2000=VERTEX_POINT('',#13059);
#2001=VERTEX_POINT('',#13061);
#2002=VERTEX_POINT('',#13063);
#2003=VERTEX_POINT('',#13065);
#2004=VERTEX_POINT('',#13067);
#2005=VERTEX_POINT('',#13069);
#2006=VERTEX_POINT('',#13071);
#2007=VERTEX_POINT('',#13074);
#2008=VERTEX_POINT('',#13076);
#2009=VERTEX_POINT('',#13079);
#2010=VERTEX_POINT('',#13081);
#2011=VERTEX_POINT('',#13083);
#2012=VERTEX_POINT('',#13085);
#2013=VERTEX_POINT('',#13087);
#2014=VERTEX_POINT('',#13089);
#2015=VERTEX_POINT('',#13091);
#2016=VERTEX_POINT('',#13094);
#2017=VERTEX_POINT('',#13097);
#2018=VERTEX_POINT('',#13099);
#2019=VERTEX_POINT('',#13103);
#2020=VERTEX_POINT('',#13107);
#2021=VERTEX_POINT('',#13108);
#2022=VERTEX_POINT('',#13113);
#2023=VERTEX_POINT('',#13120);
#2024=VERTEX_POINT('',#13124);
#2025=VERTEX_POINT('',#13126);
#2026=VERTEX_POINT('',#13132);
#2027=VERTEX_POINT('',#13136);
#2028=VERTEX_POINT('',#13140);
#2029=VERTEX_POINT('',#13148);
#2030=VERTEX_POINT('',#13152);
#2031=VERTEX_POINT('',#13154);
#2032=VERTEX_POINT('',#13162);
#2033=VERTEX_POINT('',#13166);
#2034=VERTEX_POINT('',#13182);
#2035=VERTEX_POINT('',#13190);
#2036=VERTEX_POINT('',#13194);
#2037=EDGE_CURVE('',#1668,#1669,#1598,.T.);
#2038=EDGE_CURVE('',#1668,#1670,#1599,.T.);
#2039=EDGE_CURVE('',#1670,#1671,#1600,.T.);
#2040=EDGE_CURVE('',#1669,#1671,#1367,.T.);
#2041=EDGE_CURVE('',#1668,#1672,#1601,.T.);
#2042=EDGE_CURVE('',#1673,#1672,#1368,.T.);
#2043=EDGE_CURVE('',#1673,#1670,#1602,.T.);
#2044=EDGE_CURVE('',#1668,#1674,#1603,.T.);
#2045=EDGE_CURVE('',#1674,#1675,#1604,.T.);
#2046=EDGE_CURVE('',#1672,#1675,#1369,.T.);
#2047=EDGE_CURVE('',#1668,#1676,#1605,.T.);
#2048=EDGE_CURVE('',#1677,#1676,#1370,.T.);
#2049=EDGE_CURVE('',#1677,#1674,#1606,.T.);
#2050=EDGE_CURVE('',#1668,#1678,#1607,.T.);
#2051=EDGE_CURVE('',#1678,#1679,#1608,.T.);
#2052=EDGE_CURVE('',#1676,#1679,#1371,.T.);
#2053=EDGE_CURVE('',#1668,#1680,#1609,.T.);
#2054=EDGE_CURVE('',#1681,#1680,#1372,.T.);
#2055=EDGE_CURVE('',#1681,#1678,#1610,.T.);
#2056=EDGE_CURVE('',#1668,#1682,#1611,.T.);
#2057=EDGE_CURVE('',#1682,#1683,#1373,.T.);
#2058=EDGE_CURVE('',#1680,#1683,#1374,.T.);
#2059=EDGE_CURVE('',#1684,#1685,#1612,.T.);
#2060=EDGE_CURVE('',#1684,#1686,#1613,.T.);
#2061=EDGE_CURVE('',#1686,#1687,#1614,.T.);
#2062=EDGE_CURVE('',#1685,#1687,#1375,.T.);
#2063=EDGE_CURVE('',#1684,#1688,#1615,.T.);
#2064=EDGE_CURVE('',#1689,#1688,#1376,.T.);
#2065=EDGE_CURVE('',#1689,#1686,#1616,.T.);
#2066=EDGE_CURVE('',#1684,#1690,#1617,.T.);
#2067=EDGE_CURVE('',#1690,#1691,#1618,.T.);
#2068=EDGE_CURVE('',#1688,#1691,#1377,.T.);
#2069=EDGE_CURVE('',#1684,#1692,#1619,.T.);
#2070=EDGE_CURVE('',#1693,#1692,#1378,.T.);
#2071=EDGE_CURVE('',#1693,#1690,#1620,.T.);
#2072=EDGE_CURVE('',#1684,#1694,#1621,.T.);
#2073=EDGE_CURVE('',#1694,#1695,#1622,.T.);
#2074=EDGE_CURVE('',#1692,#1695,#1379,.T.);
#2075=EDGE_CURVE('',#1696,#1697,#1623,.T.);
#2076=EDGE_CURVE('',#1697,#1698,#1624,.T.);
#2077=EDGE_CURVE('',#1698,#1699,#1625,.T.);
#2078=EDGE_CURVE('',#1699,#1696,#1626,.T.);
#2079=EDGE_CURVE('',#1700,#1699,#262,.T.);
#2080=EDGE_CURVE('',#1701,#1700,#263,.T.);
#2081=EDGE_CURVE('',#1701,#1702,#1627,.T.);
#2082=EDGE_CURVE('',#1702,#1696,#264,.T.);
#2083=EDGE_CURVE('',#1703,#1704,#1380,.F.);
#2084=EDGE_CURVE('',#1703,#1705,#265,.T.);
#2085=EDGE_CURVE('',#1705,#1706,#1381,.T.);
#2086=EDGE_CURVE('',#1706,#1704,#266,.T.);
#2087=EDGE_CURVE('',#1707,#1706,#267,.T.);
#2088=EDGE_CURVE('',#1708,#1707,#268,.T.);
#2089=EDGE_CURVE('',#1709,#1708,#1382,.T.);
#2090=EDGE_CURVE('',#1709,#1704,#269,.T.);
#2091=EDGE_CURVE('',#1710,#1707,#1383,.F.);
#2092=EDGE_CURVE('',#1710,#1711,#270,.T.);
#2093=EDGE_CURVE('',#1711,#1708,#1384,.T.);
#2094=EDGE_CURVE('',#1712,#1709,#1628,.T.);
#2095=EDGE_CURVE('',#1711,#1712,#1385,.T.);
#2096=EDGE_CURVE('',#1713,#1712,#271,.T.);
#2097=EDGE_CURVE('',#1711,#1714,#272,.T.);
#2098=EDGE_CURVE('',#1714,#1715,#1386,.T.);
#2099=EDGE_CURVE('',#1715,#1716,#273,.T.);
#2100=EDGE_CURVE('',#1716,#1717,#1387,.T.);
#2101=EDGE_CURVE('',#1718,#1717,#274,.T.);
#2102=EDGE_CURVE('',#1718,#1713,#1388,.T.);
#2103=EDGE_CURVE('',#1710,#1719,#275,.T.);
#2104=EDGE_CURVE('',#1720,#1719,#276,.T.);
#2105=EDGE_CURVE('',#1720,#1721,#277,.T.);
#2106=EDGE_CURVE('',#1714,#1721,#278,.T.);
#2107=EDGE_CURVE('',#1722,#1718,#1389,.T.);
#2108=EDGE_CURVE('',#1717,#1723,#1390,.T.);
#2109=EDGE_CURVE('',#1723,#1722,#279,.T.);
#2110=EDGE_CURVE('',#1713,#1722,#280,.T.);
#2111=EDGE_CURVE('',#1724,#1723,#281,.T.);
#2112=EDGE_CURVE('',#1675,#1724,#282,.T.);
#2113=EDGE_CURVE('',#1725,#1677,#283,.T.);
#2114=EDGE_CURVE('',#1726,#1725,#58,.T.);
#2115=EDGE_CURVE('',#1727,#1726,#1391,.T.);
#2116=EDGE_CURVE('',#1728,#1727,#284,.T.);
#2117=EDGE_CURVE('',#1729,#1728,#285,.T.);
#2118=EDGE_CURVE('',#1730,#1729,#286,.T.);
#2119=EDGE_CURVE('',#1731,#1730,#287,.T.);
#2120=EDGE_CURVE('',#1732,#1731,#288,.T.);
#2121=EDGE_CURVE('',#1733,#1732,#289,.T.);
#2122=EDGE_CURVE('',#1703,#1733,#290,.T.);
#2123=EDGE_CURVE('',#1734,#1716,#1392,.T.);
#2124=EDGE_CURVE('',#1715,#1735,#1393,.T.);
#2125=EDGE_CURVE('',#1736,#1735,#291,.T.);
#2126=EDGE_CURVE('',#1737,#1736,#1394,.T.);
#2127=EDGE_CURVE('',#1738,#1737,#1629,.T.);
#2128=EDGE_CURVE('',#1734,#1738,#292,.T.);
#2129=EDGE_CURVE('',#1739,#1740,#1630,.T.);
#2130=EDGE_CURVE('',#1739,#1741,#293,.T.);
#2131=EDGE_CURVE('',#1726,#1741,#1631,.T.);
#2132=EDGE_CURVE('',#1725,#1742,#1632,.T.);
#2133=EDGE_CURVE('',#1742,#1743,#294,.T.);
#2134=EDGE_CURVE('',#1743,#1744,#1395,.F.);
#2135=EDGE_CURVE('',#1744,#1745,#295,.T.);
#2136=EDGE_CURVE('',#1745,#1746,#1633,.T.);
#2137=EDGE_CURVE('',#1746,#1747,#1634,.T.);
#2138=EDGE_CURVE('',#1747,#1748,#296,.T.);
#2139=EDGE_CURVE('',#1740,#1748,#1635,.T.);
#2140=EDGE_CURVE('',#1741,#1749,#297,.T.);
#2141=EDGE_CURVE('',#1749,#1750,#1396,.T.);
#2142=EDGE_CURVE('',#1750,#1727,#298,.T.);
#2143=EDGE_CURVE('',#1751,#1752,#1397,.T.);
#2144=EDGE_CURVE('',#1753,#1751,#1636,.F.);
#2145=EDGE_CURVE('',#1754,#1753,#1398,.T.);
#2146=EDGE_CURVE('',#1754,#1752,#1637,.T.);
#2147=EDGE_CURVE('',#1755,#1685,#1399,.T.);
#2148=EDGE_CURVE('',#1755,#1694,#1638,.T.);
#2149=EDGE_CURVE('',#1695,#1753,#1639,.T.);
#2150=EDGE_CURVE('',#1751,#1693,#1640,.T.);
#2151=EDGE_CURVE('',#1691,#1756,#1641,.T.);
#2152=EDGE_CURVE('',#1756,#1757,#1400,.T.);
#2153=EDGE_CURVE('',#1757,#1689,#1642,.T.);
#2154=EDGE_CURVE('',#1758,#1759,#1401,.T.);
#2155=EDGE_CURVE('',#1759,#1757,#1643,.T.);
#2156=EDGE_CURVE('',#1756,#1758,#1644,.T.);
#2157=EDGE_CURVE('',#1760,#1761,#1402,.T.);
#2158=EDGE_CURVE('',#1761,#1759,#1645,.T.);
#2159=EDGE_CURVE('',#1758,#1760,#1646,.T.);
#2160=EDGE_CURVE('',#1762,#1763,#1403,.T.);
#2161=EDGE_CURVE('',#1763,#1761,#299,.T.);
#2162=EDGE_CURVE('',#1760,#1762,#300,.T.);
#2163=EDGE_CURVE('',#1748,#1763,#1404,.T.);
#2164=EDGE_CURVE('',#1762,#1764,#1405,.T.);
#2165=EDGE_CURVE('',#1764,#1740,#1406,.T.);
#2166=EDGE_CURVE('',#1764,#1765,#301,.T.);
#2167=EDGE_CURVE('',#1765,#1749,#1407,.T.);
#2168=EDGE_CURVE('',#1749,#1739,#302,.T.);
#2169=EDGE_CURVE('',#1766,#1767,#1408,.T.);
#2170=EDGE_CURVE('',#1768,#1766,#1409,.F.);
#2171=EDGE_CURVE('',#1769,#1768,#1410,.T.);
#2172=EDGE_CURVE('',#1769,#1767,#1411,.T.);
#2173=EDGE_CURVE('',#1770,#1771,#1412,.T.);
#2174=EDGE_CURVE('',#1772,#1770,#1413,.F.);
#2175=EDGE_CURVE('',#1773,#1772,#1414,.T.);
#2176=EDGE_CURVE('',#1773,#1771,#1415,.T.);
#2177=EDGE_CURVE('',#1766,#1772,#303,.T.);
#2178=EDGE_CURVE('',#1770,#1768,#304,.T.);
#2179=EDGE_CURVE('',#1687,#1773,#305,.T.);
#2180=EDGE_CURVE('',#1772,#1755,#306,.T.);
#2181=EDGE_CURVE('',#1774,#1775,#1416,.T.);
#2182=EDGE_CURVE('',#1776,#1774,#1417,.F.);
#2183=EDGE_CURVE('',#1777,#1776,#1418,.T.);
#2184=EDGE_CURVE('',#1777,#1775,#1419,.T.);
#2185=EDGE_CURVE('',#1778,#1779,#1420,.T.);
#2186=EDGE_CURVE('',#1780,#1778,#1421,.F.);
#2187=EDGE_CURVE('',#1781,#1780,#1422,.T.);
#2188=EDGE_CURVE('',#1781,#1779,#1423,.T.);
#2189=EDGE_CURVE('',#1774,#1780,#307,.T.);
#2190=EDGE_CURVE('',#1778,#1776,#308,.T.);
#2191=EDGE_CURVE('',#1771,#1781,#309,.T.);
#2192=EDGE_CURVE('',#1780,#1770,#310,.T.);
#2193=EDGE_CURVE('',#1782,#1783,#1424,.T.);
#2194=EDGE_CURVE('',#1784,#1782,#1647,.F.);
#2195=EDGE_CURVE('',#1785,#1784,#1425,.T.);
#2196=EDGE_CURVE('',#1785,#1783,#1648,.T.);
#2197=EDGE_CURVE('',#1786,#1787,#1426,.T.);
#2198=EDGE_CURVE('',#1788,#1786,#1649,.F.);
#2199=EDGE_CURVE('',#1789,#1788,#1427,.T.);
#2200=EDGE_CURVE('',#1789,#1787,#1650,.T.);
#2201=EDGE_CURVE('',#1782,#1788,#311,.T.);
#2202=EDGE_CURVE('',#1786,#1784,#312,.T.);
#2203=EDGE_CURVE('',#1779,#1789,#313,.T.);
#2204=EDGE_CURVE('',#1788,#1778,#314,.T.);
#2205=EDGE_CURVE('',#1790,#1791,#1428,.T.);
#2206=EDGE_CURVE('',#1792,#1790,#1429,.F.);
#2207=EDGE_CURVE('',#1793,#1792,#1430,.T.);
#2208=EDGE_CURVE('',#1793,#1791,#1431,.T.);
#2209=EDGE_CURVE('',#1794,#1795,#1432,.T.);
#2210=EDGE_CURVE('',#1796,#1794,#1433,.F.);
#2211=EDGE_CURVE('',#1797,#1796,#1434,.T.);
#2212=EDGE_CURVE('',#1797,#1795,#1435,.T.);
#2213=EDGE_CURVE('',#1790,#1796,#315,.T.);
#2214=EDGE_CURVE('',#1794,#1792,#316,.T.);
#2215=EDGE_CURVE('',#1798,#1799,#1436,.T.);
#2216=EDGE_CURVE('',#1799,#1797,#317,.T.);
#2217=EDGE_CURVE('',#1796,#1798,#318,.T.);
#2218=EDGE_CURVE('',#1800,#1801,#1437,.T.);
#2219=EDGE_CURVE('',#1801,#1799,#1438,.T.);
#2220=EDGE_CURVE('',#1798,#1800,#1439,.T.);
#2221=EDGE_CURVE('',#1787,#1801,#319,.T.);
#2222=EDGE_CURVE('',#1800,#1786,#320,.T.);
#2223=EDGE_CURVE('',#1802,#1803,#1440,.T.);
#2224=EDGE_CURVE('',#1804,#1802,#1651,.F.);
#2225=EDGE_CURVE('',#1805,#1804,#1441,.T.);
#2226=EDGE_CURVE('',#1805,#1803,#1652,.T.);
#2227=EDGE_CURVE('',#1806,#1807,#1442,.T.);
#2228=EDGE_CURVE('',#1808,#1806,#1653,.F.);
#2229=EDGE_CURVE('',#1809,#1808,#1443,.T.);
#2230=EDGE_CURVE('',#1809,#1807,#1654,.T.);
#2231=EDGE_CURVE('',#1802,#1808,#321,.T.);
#2232=EDGE_CURVE('',#1806,#1804,#322,.T.);
#2233=EDGE_CURVE('',#1795,#1809,#323,.T.);
#2234=EDGE_CURVE('',#1808,#1794,#324,.T.);
#2235=EDGE_CURVE('',#1810,#1811,#1444,.T.);
#2236=EDGE_CURVE('',#1812,#1810,#1445,.F.);
#2237=EDGE_CURVE('',#1813,#1812,#1446,.T.);
#2238=EDGE_CURVE('',#1813,#1811,#1447,.T.);
#2239=EDGE_CURVE('',#1814,#1815,#1448,.T.);
#2240=EDGE_CURVE('',#1816,#1814,#1449,.F.);
#2241=EDGE_CURVE('',#1817,#1816,#1450,.T.);
#2242=EDGE_CURVE('',#1817,#1815,#1451,.T.);
#2243=EDGE_CURVE('',#1810,#1816,#325,.T.);
#2244=EDGE_CURVE('',#1814,#1812,#326,.T.);
#2245=EDGE_CURVE('',#1807,#1817,#327,.T.);
#2246=EDGE_CURVE('',#1816,#1806,#328,.T.);
#2247=EDGE_CURVE('',#1818,#1819,#1452,.F.);
#2248=EDGE_CURVE('',#1820,#1818,#1453,.F.);
#2249=EDGE_CURVE('',#1819,#1820,#1454,.F.);
#2250=EDGE_CURVE('',#1821,#1822,#1455,.F.);
#2251=EDGE_CURVE('',#1823,#1821,#1456,.F.);
#2252=EDGE_CURVE('',#1822,#1823,#1457,.F.);
#2253=EDGE_CURVE('',#1818,#1823,#329,.T.);
#2254=EDGE_CURVE('',#1821,#1820,#330,.T.);
#2255=EDGE_CURVE('',#1815,#1822,#331,.T.);
#2256=EDGE_CURVE('',#1823,#1814,#332,.T.);
#2257=EDGE_CURVE('',#1824,#1743,#1458,.F.);
#2258=EDGE_CURVE('',#1744,#1824,#1459,.F.);
#2259=EDGE_CURVE('',#1825,#1826,#1460,.T.);
#2260=EDGE_CURVE('',#1826,#1824,#333,.T.);
#2261=EDGE_CURVE('',#1743,#1825,#334,.T.);
#2262=EDGE_CURVE('',#1822,#1744,#335,.T.);
#2263=EDGE_CURVE('',#1824,#1821,#336,.T.);
#2264=EDGE_CURVE('',#1826,#1827,#1461,.T.);
#2265=EDGE_CURVE('',#1827,#1819,#337,.T.);
#2266=EDGE_CURVE('',#1820,#1826,#338,.T.);
#2267=EDGE_CURVE('',#1819,#1813,#339,.T.);
#2268=EDGE_CURVE('',#1812,#1818,#340,.T.);
#2269=EDGE_CURVE('',#1811,#1805,#341,.T.);
#2270=EDGE_CURVE('',#1804,#1810,#342,.T.);
#2271=EDGE_CURVE('',#1803,#1793,#343,.T.);
#2272=EDGE_CURVE('',#1792,#1802,#344,.T.);
#2273=EDGE_CURVE('',#1828,#1829,#1462,.T.);
#2274=EDGE_CURVE('',#1829,#1785,#345,.T.);
#2275=EDGE_CURVE('',#1784,#1828,#346,.T.);
#2276=EDGE_CURVE('',#1830,#1831,#1463,.T.);
#2277=EDGE_CURVE('',#1831,#1829,#1464,.T.);
#2278=EDGE_CURVE('',#1828,#1830,#1465,.T.);
#2279=EDGE_CURVE('',#1791,#1831,#347,.T.);
#2280=EDGE_CURVE('',#1830,#1790,#348,.T.);
#2281=EDGE_CURVE('',#1783,#1777,#349,.T.);
#2282=EDGE_CURVE('',#1776,#1782,#350,.T.);
#2283=EDGE_CURVE('',#1775,#1769,#351,.T.);
#2284=EDGE_CURVE('',#1768,#1774,#352,.T.);
#2285=EDGE_CURVE('',#1767,#1754,#353,.T.);
#2286=EDGE_CURVE('',#1753,#1766,#354,.T.);
#2287=EDGE_CURVE('',#1832,#1833,#1655,.F.);
#2288=EDGE_CURVE('',#1833,#1834,#1656,.T.);
#2289=EDGE_CURVE('',#1834,#1835,#1466,.T.);
#2290=EDGE_CURVE('',#1835,#1832,#1657,.T.);
#2291=EDGE_CURVE('',#1834,#1836,#1658,.T.);
#2292=EDGE_CURVE('',#1836,#1837,#1467,.T.);
#2293=EDGE_CURVE('',#1837,#1835,#1659,.T.);
#2294=EDGE_CURVE('',#1752,#1837,#1660,.T.);
#2295=EDGE_CURVE('',#1836,#1751,#1661,.T.);
#2296=EDGE_CURVE('',#1825,#1827,#1468,.T.);
#2297=EDGE_CURVE('',#1765,#1750,#1469,.T.);
#2298=EDGE_CURVE('',#1798,#1830,#355,.T.);
#2299=EDGE_CURVE('',#1800,#1828,#356,.T.);
#2300=EDGE_CURVE('',#1747,#1745,#1470,.T.);
#2301=EDGE_CURVE('',#1746,#1838,#357,.T.);
#2302=EDGE_CURVE('',#1838,#1838,#1471,.T.);
#2303=EDGE_CURVE('',#1825,#1681,#358,.T.);
#2304=EDGE_CURVE('',#1683,#1827,#359,.T.);
#2305=EDGE_CURVE('',#1679,#1742,#360,.T.);
#2306=EDGE_CURVE('',#1839,#1750,#361,.T.);
#2307=EDGE_CURVE('',#1840,#1839,#362,.T.);
#2308=EDGE_CURVE('',#1841,#1840,#363,.T.);
#2309=EDGE_CURVE('',#1732,#1841,#364,.T.);
#2310=EDGE_CURVE('',#1842,#1731,#1472,.T.);
#2311=EDGE_CURVE('',#1843,#1842,#365,.T.);
#2312=EDGE_CURVE('',#1843,#1844,#1473,.T.);
#2313=EDGE_CURVE('',#1845,#1844,#366,.T.);
#2314=EDGE_CURVE('',#1728,#1845,#1474,.T.);
#2315=EDGE_CURVE('',#1846,#1846,#1475,.T.);
#2316=EDGE_CURVE('',#1765,#1847,#367,.T.);
#2317=EDGE_CURVE('',#1847,#1839,#1476,.F.);
#2318=EDGE_CURVE('',#1848,#1764,#368,.T.);
#2319=EDGE_CURVE('',#1847,#1848,#369,.T.);
#2320=EDGE_CURVE('',#1849,#1762,#370,.T.);
#2321=EDGE_CURVE('',#1848,#1849,#1477,.T.);
#2322=EDGE_CURVE('',#1760,#1850,#371,.T.);
#2323=EDGE_CURVE('',#1849,#1850,#372,.T.);
#2324=EDGE_CURVE('',#1851,#1852,#373,.T.);
#2325=EDGE_CURVE('',#1852,#1853,#374,.T.);
#2326=EDGE_CURVE('',#1853,#1854,#375,.T.);
#2327=EDGE_CURVE('',#1854,#1851,#376,.T.);
#2328=EDGE_CURVE('',#1758,#1702,#377,.T.);
#2329=EDGE_CURVE('',#1850,#1700,#1662,.T.);
#2330=EDGE_CURVE('',#1756,#1834,#378,.T.);
#2331=EDGE_CURVE('',#1696,#1833,#379,.T.);
#2332=EDGE_CURVE('',#1855,#1856,#1478,.T.);
#2333=EDGE_CURVE('',#1856,#1857,#380,.T.);
#2334=EDGE_CURVE('',#1857,#1858,#1479,.F.);
#2335=EDGE_CURVE('',#1858,#1855,#381,.T.);
#2336=EDGE_CURVE('',#1855,#1859,#1480,.T.);
#2337=EDGE_CURVE('',#1860,#1859,#1481,.T.);
#2338=EDGE_CURVE('',#1860,#1861,#382,.T.);
#2339=EDGE_CURVE('',#1861,#1862,#383,.T.);
#2340=EDGE_CURVE('',#1862,#1862,#1482,.T.);
#2341=EDGE_CURVE('',#1862,#1720,#384,.T.);
#2342=EDGE_CURVE('',#1719,#1863,#385,.T.);
#2343=EDGE_CURVE('',#1863,#1864,#386,.T.);
#2344=EDGE_CURVE('',#1864,#1865,#387,.T.);
#2345=EDGE_CURVE('',#1865,#1866,#388,.T.);
#2346=EDGE_CURVE('',#1737,#1866,#389,.T.);
#2347=EDGE_CURVE('',#1867,#1736,#1483,.T.);
#2348=EDGE_CURVE('',#1867,#1733,#390,.T.);
#2349=EDGE_CURVE('',#1841,#1868,#391,.T.);
#2350=EDGE_CURVE('',#1868,#1856,#392,.T.);
#2351=EDGE_CURVE('',#1869,#1869,#1484,.T.);
#2352=EDGE_CURVE('',#1870,#1870,#1485,.T.);
#2353=EDGE_CURVE('',#1871,#1871,#1486,.T.);
#2354=EDGE_CURVE('',#1872,#1872,#1487,.T.);
#2355=EDGE_CURVE('',#1873,#1873,#1488,.T.);
#2356=EDGE_CURVE('',#1874,#1858,#1489,.T.);
#2357=EDGE_CURVE('',#1859,#1874,#393,.T.);
#2358=EDGE_CURVE('',#1874,#1875,#1490,.F.);
#2359=EDGE_CURVE('',#1875,#1860,#394,.T.);
#2360=EDGE_CURVE('',#1721,#1876,#395,.T.);
#2361=EDGE_CURVE('',#1876,#1877,#396,.T.);
#2362=EDGE_CURVE('',#1735,#1877,#1491,.T.);
#2363=EDGE_CURVE('',#1878,#1878,#1492,.T.);
#2364=EDGE_CURVE('',#1879,#1879,#1493,.T.);
#2365=EDGE_CURVE('',#1880,#1880,#1494,.T.);
#2366=EDGE_CURVE('',#1881,#1881,#1495,.T.);
#2367=EDGE_CURVE('',#1882,#1882,#1496,.T.);
#2368=EDGE_CURVE('',#1877,#1867,#397,.T.);
#2369=EDGE_CURVE('',#1866,#1883,#1497,.T.);
#2370=EDGE_CURVE('',#1883,#1884,#398,.T.);
#2371=EDGE_CURVE('',#1884,#1738,#59,.T.);
#2372=EDGE_CURVE('',#1884,#1885,#399,.T.);
#2373=EDGE_CURVE('',#1885,#1734,#1498,.T.);
#2374=EDGE_CURVE('',#1886,#1669,#1499,.T.);
#2375=EDGE_CURVE('',#1886,#1682,#1500,.T.);
#2376=EDGE_CURVE('',#1724,#1887,#1501,.T.);
#2377=EDGE_CURVE('',#1887,#1673,#400,.T.);
#2378=EDGE_CURVE('',#1888,#1889,#1502,.F.);
#2379=EDGE_CURVE('',#1890,#1888,#1503,.T.);
#2380=EDGE_CURVE('',#1890,#1891,#1504,.T.);
#2381=EDGE_CURVE('',#1889,#1891,#1505,.T.);
#2382=EDGE_CURVE('',#1837,#1890,#401,.T.);
#2383=EDGE_CURVE('',#1888,#1832,#402,.T.);
#2384=EDGE_CURVE('',#1671,#1889,#403,.T.);
#2385=EDGE_CURVE('',#1891,#1886,#404,.T.);
#2386=EDGE_CURVE('',#1892,#1893,#1506,.T.);
#2387=EDGE_CURVE('',#1893,#1888,#405,.T.);
#2388=EDGE_CURVE('',#1889,#1892,#406,.T.);
#2389=EDGE_CURVE('',#1883,#1894,#407,.T.);
#2390=EDGE_CURVE('',#1895,#1894,#1507,.T.);
#2391=EDGE_CURVE('',#1697,#1895,#408,.T.);
#2392=EDGE_CURVE('',#1885,#1893,#409,.T.);
#2393=EDGE_CURVE('',#1896,#1897,#1508,.T.);
#2394=EDGE_CURVE('',#1897,#1895,#410,.T.);
#2395=EDGE_CURVE('',#1894,#1896,#411,.T.);
#2396=EDGE_CURVE('',#1865,#1896,#412,.T.);
#2397=EDGE_CURVE('',#1864,#1898,#413,.T.);
#2398=EDGE_CURVE('',#1898,#1899,#414,.T.);
#2399=EDGE_CURVE('',#1700,#1899,#1663,.F.);
#2400=EDGE_CURVE('',#1897,#1698,#415,.T.);
#2401=EDGE_CURVE('',#1839,#1900,#1509,.F.);
#2402=EDGE_CURVE('',#1900,#1847,#1510,.F.);
#2403=EDGE_CURVE('',#1848,#1901,#1511,.T.);
#2404=EDGE_CURVE('',#1901,#1900,#416,.T.);
#2405=EDGE_CURVE('',#1849,#1902,#1512,.T.);
#2406=EDGE_CURVE('',#1902,#1901,#1513,.T.);
#2407=EDGE_CURVE('',#1850,#1903,#1514,.T.);
#2408=EDGE_CURVE('',#1903,#1902,#417,.T.);
#2409=EDGE_CURVE('',#1700,#1904,#1515,.T.);
#2410=EDGE_CURVE('',#1904,#1903,#1664,.T.);
#2411=EDGE_CURVE('',#1905,#1840,#1516,.F.);
#2412=EDGE_CURVE('',#1900,#1905,#418,.T.);
#2413=EDGE_CURVE('',#1899,#1904,#1665,.T.);
#2414=EDGE_CURVE('',#1906,#1906,#1517,.T.);
#2415=EDGE_CURVE('',#1845,#1907,#419,.T.);
#2416=EDGE_CURVE('',#1907,#1729,#60,.T.);
#2417=EDGE_CURVE('',#1908,#1842,#420,.T.);
#2418=EDGE_CURVE('',#1730,#1908,#61,.T.);
#2419=EDGE_CURVE('',#1907,#1909,#421,.T.);
#2420=EDGE_CURVE('',#1909,#1908,#422,.T.);
#2421=EDGE_CURVE('',#1868,#1705,#423,.T.);
#2422=EDGE_CURVE('',#1905,#1910,#424,.T.);
#2423=EDGE_CURVE('',#1863,#1910,#425,.T.);
#2424=EDGE_CURVE('',#1862,#1911,#426,.T.);
#2425=EDGE_CURVE('',#1862,#1911,#427,.T.);
#2426=EDGE_CURVE('',#1861,#1876,#428,.T.);
#2427=EDGE_CURVE('',#1857,#1875,#429,.T.);
#2428=EDGE_CURVE('',#1853,#1912,#430,.T.);
#2429=EDGE_CURVE('',#1913,#1912,#431,.T.);
#2430=EDGE_CURVE('',#1854,#1913,#432,.T.);
#2431=EDGE_CURVE('',#1914,#1913,#1518,.T.);
#2432=EDGE_CURVE('',#1914,#1851,#433,.T.);
#2433=EDGE_CURVE('',#1914,#1915,#434,.T.);
#2434=EDGE_CURVE('',#1915,#1852,#435,.T.);
#2435=EDGE_CURVE('',#1912,#1915,#1519,.T.);
#2436=EDGE_CURVE('',#1909,#1916,#1520,.T.);
#2437=EDGE_CURVE('',#1916,#1909,#1521,.T.);
#2438=EDGE_CURVE('',#1916,#1846,#436,.T.);
#2439=EDGE_CURVE('',#1844,#1917,#437,.T.);
#2440=EDGE_CURVE('',#1907,#1917,#438,.T.);
#2441=EDGE_CURVE('',#1918,#1908,#439,.T.);
#2442=EDGE_CURVE('',#1843,#1918,#440,.T.);
#2443=EDGE_CURVE('',#1917,#1918,#1522,.T.);
#2444=EDGE_CURVE('',#1869,#1878,#441,.T.);
#2445=EDGE_CURVE('',#1906,#1919,#442,.T.);
#2446=EDGE_CURVE('',#1919,#1919,#1523,.T.);
#2447=EDGE_CURVE('',#1920,#1920,#1524,.T.);
#2448=EDGE_CURVE('',#1921,#1921,#1525,.T.);
#2449=EDGE_CURVE('',#1910,#1898,#443,.T.);
#2450=EDGE_CURVE('',#1922,#1922,#1526,.T.);
#2451=EDGE_CURVE('',#1923,#1923,#1527,.T.);
#2452=EDGE_CURVE('',#1920,#1922,#444,.T.);
#2453=EDGE_CURVE('',#1921,#1923,#445,.T.);
#2454=EDGE_CURVE('',#1892,#1887,#446,.T.);
#2455=EDGE_CURVE('',#1924,#1924,#1528,.T.);
#2456=EDGE_CURVE('',#1925,#1925,#1529,.T.);
#2457=EDGE_CURVE('',#1924,#1873,#447,.T.);
#2458=EDGE_CURVE('',#1925,#1872,#448,.T.);
#2459=EDGE_CURVE('',#1871,#1926,#449,.T.);
#2460=EDGE_CURVE('',#1926,#1926,#1530,.T.);
#2461=EDGE_CURVE('',#1870,#1927,#450,.T.);
#2462=EDGE_CURVE('',#1927,#1927,#1531,.T.);
#2463=EDGE_CURVE('',#1911,#1911,#1532,.T.);
#2464=EDGE_CURVE('',#1928,#1928,#1533,.T.);
#2465=EDGE_CURVE('',#1929,#1929,#1534,.T.);
#2466=EDGE_CURVE('',#1930,#1930,#1535,.T.);
#2467=EDGE_CURVE('',#1930,#1882,#451,.T.);
#2468=EDGE_CURVE('',#1929,#1881,#452,.T.);
#2469=EDGE_CURVE('',#1931,#1931,#1536,.T.);
#2470=EDGE_CURVE('',#1931,#1880,#453,.T.);
#2471=EDGE_CURVE('',#1928,#1879,#454,.T.);
#2472=EDGE_CURVE('',#1932,#1933,#1537,.F.);
#2473=EDGE_CURVE('',#1934,#1932,#1538,.F.);
#2474=EDGE_CURVE('',#1933,#1934,#1539,.F.);
#2475=EDGE_CURVE('',#1935,#1936,#1540,.F.);
#2476=EDGE_CURVE('',#1936,#1934,#455,.T.);
#2477=EDGE_CURVE('',#1932,#1935,#456,.T.);
#2478=EDGE_CURVE('',#1937,#1938,#1541,.F.);
#2479=EDGE_CURVE('',#1939,#1937,#1542,.F.);
#2480=EDGE_CURVE('',#1938,#1939,#1543,.F.);
#2481=EDGE_CURVE('',#1940,#1941,#1544,.F.);
#2482=EDGE_CURVE('',#1941,#1939,#457,.T.);
#2483=EDGE_CURVE('',#1937,#1940,#458,.T.);
#2484=EDGE_CURVE('',#1942,#1943,#1545,.F.);
#2485=EDGE_CURVE('',#1944,#1942,#1546,.F.);
#2486=EDGE_CURVE('',#1943,#1944,#1547,.F.);
#2487=EDGE_CURVE('',#1945,#1946,#1548,.F.);
#2488=EDGE_CURVE('',#1946,#1944,#459,.T.);
#2489=EDGE_CURVE('',#1942,#1945,#460,.T.);
#2490=EDGE_CURVE('',#1947,#1948,#1549,.T.);
#2491=EDGE_CURVE('',#1948,#1943,#461,.T.);
#2492=EDGE_CURVE('',#1944,#1947,#462,.T.);
#2493=EDGE_CURVE('',#1947,#1949,#1550,.T.);
#2494=EDGE_CURVE('',#1949,#1950,#1551,.T.);
#2495=EDGE_CURVE('',#1950,#1948,#1552,.T.);
#2496=EDGE_CURVE('',#1951,#1952,#1553,.F.);
#2497=EDGE_CURVE('',#1953,#1951,#1554,.F.);
#2498=EDGE_CURVE('',#1952,#1953,#1555,.F.);
#2499=EDGE_CURVE('',#1954,#1955,#1556,.F.);
#2500=EDGE_CURVE('',#1955,#1953,#463,.T.);
#2501=EDGE_CURVE('',#1951,#1954,#464,.T.);
#2502=EDGE_CURVE('',#1943,#1952,#465,.T.);
#2503=EDGE_CURVE('',#1953,#1942,#466,.T.);
#2504=EDGE_CURVE('',#1952,#1938,#467,.T.);
#2505=EDGE_CURVE('',#1939,#1951,#468,.T.);
#2506=EDGE_CURVE('',#1938,#1933,#469,.T.);
#2507=EDGE_CURVE('',#1934,#1937,#470,.T.);
#2508=EDGE_CURVE('',#1956,#1932,#471,.T.);
#2509=EDGE_CURVE('',#1933,#1957,#472,.T.);
#2510=EDGE_CURVE('',#1957,#1956,#62,.T.);
#2511=EDGE_CURVE('',#1958,#1956,#473,.T.);
#2512=EDGE_CURVE('',#1957,#1959,#474,.T.);
#2513=EDGE_CURVE('',#1959,#1958,#63,.T.);
#2514=EDGE_CURVE('',#1959,#1960,#475,.T.);
#2515=EDGE_CURVE('',#1960,#1961,#1557,.T.);
#2516=EDGE_CURVE('',#1961,#1958,#476,.T.);
#2517=EDGE_CURVE('',#1962,#1963,#1558,.T.);
#2518=EDGE_CURVE('',#1963,#1964,#477,.T.);
#2519=EDGE_CURVE('',#1964,#1960,#1559,.T.);
#2520=EDGE_CURVE('',#1960,#1962,#478,.T.);
#2521=EDGE_CURVE('',#1965,#1962,#1560,.T.);
#2522=EDGE_CURVE('',#1962,#1966,#479,.T.);
#2523=EDGE_CURVE('',#1966,#1967,#64,.F.);
#2524=EDGE_CURVE('',#1967,#1965,#480,.T.);
#2525=EDGE_CURVE('',#1965,#1963,#1561,.T.);
#2526=EDGE_CURVE('',#1964,#1961,#1562,.T.);
#2527=EDGE_CURVE('',#1954,#1968,#481,.T.);
#2528=EDGE_CURVE('',#1969,#1941,#482,.T.);
#2529=EDGE_CURVE('',#1970,#1969,#483,.T.);
#2530=EDGE_CURVE('',#1971,#1970,#484,.T.);
#2531=EDGE_CURVE('',#1972,#1971,#1563,.T.);
#2532=EDGE_CURVE('',#1972,#1973,#485,.T.);
#2533=EDGE_CURVE('',#1974,#1973,#1564,.T.);
#2534=EDGE_CURVE('',#1974,#1975,#486,.T.);
#2535=EDGE_CURVE('',#1976,#1975,#1565,.T.);
#2536=EDGE_CURVE('',#1977,#1976,#487,.T.);
#2537=EDGE_CURVE('',#1968,#1977,#488,.T.);
#2538=EDGE_CURVE('',#1978,#1978,#1566,.T.);
#2539=EDGE_CURVE('',#1936,#1940,#489,.T.);
#2540=EDGE_CURVE('',#1979,#1956,#490,.T.);
#2541=EDGE_CURVE('',#1979,#1935,#491,.T.);
#2542=EDGE_CURVE('',#1980,#1961,#492,.T.);
#2543=EDGE_CURVE('',#1981,#1980,#493,.T.);
#2544=EDGE_CURVE('',#1982,#1981,#494,.T.);
#2545=EDGE_CURVE('',#1983,#1982,#495,.T.);
#2546=EDGE_CURVE('',#1983,#1979,#496,.T.);
#2547=EDGE_CURVE('',#1964,#1984,#497,.T.);
#2548=EDGE_CURVE('',#1984,#1980,#1567,.F.);
#2549=EDGE_CURVE('',#1985,#1963,#498,.T.);
#2550=EDGE_CURVE('',#1984,#1985,#499,.T.);
#2551=EDGE_CURVE('',#1965,#1986,#500,.T.);
#2552=EDGE_CURVE('',#1986,#1985,#1568,.F.);
#2553=EDGE_CURVE('',#1987,#1967,#501,.T.);
#2554=EDGE_CURVE('',#1988,#1987,#502,.T.);
#2555=EDGE_CURVE('',#1989,#1988,#503,.T.);
#2556=EDGE_CURVE('',#1986,#1989,#504,.T.);
#2557=EDGE_CURVE('',#1990,#1976,#505,.T.);
#2558=EDGE_CURVE('',#1975,#1991,#506,.T.);
#2559=EDGE_CURVE('',#1991,#1992,#1569,.T.);
#2560=EDGE_CURVE('',#1992,#1990,#1666,.T.);
#2561=EDGE_CURVE('',#1993,#1972,#507,.T.);
#2562=EDGE_CURVE('',#1971,#1994,#508,.T.);
#2563=EDGE_CURVE('',#1994,#1995,#1667,.T.);
#2564=EDGE_CURVE('',#1995,#1993,#1570,.T.);
#2565=EDGE_CURVE('',#1995,#1992,#509,.T.);
#2566=EDGE_CURVE('',#1994,#1990,#510,.T.);
#2567=EDGE_CURVE('',#1974,#1996,#511,.T.);
#2568=EDGE_CURVE('',#1991,#1996,#512,.T.);
#2569=EDGE_CURVE('',#1997,#1970,#1571,.T.);
#2570=EDGE_CURVE('',#1997,#1998,#513,.T.);
#2571=EDGE_CURVE('',#1999,#1998,#1572,.T.);
#2572=EDGE_CURVE('',#2000,#1999,#514,.T.);
#2573=EDGE_CURVE('',#2000,#2001,#1573,.T.);
#2574=EDGE_CURVE('',#2002,#2001,#515,.T.);
#2575=EDGE_CURVE('',#2003,#2002,#1574,.T.);
#2576=EDGE_CURVE('',#2003,#2004,#516,.T.);
#2577=EDGE_CURVE('',#2005,#2004,#1575,.T.);
#2578=EDGE_CURVE('',#2005,#2006,#517,.T.);
#2579=EDGE_CURVE('',#1982,#2006,#1576,.T.);
#2580=EDGE_CURVE('',#2007,#1981,#1577,.T.);
#2581=EDGE_CURVE('',#2008,#2007,#518,.T.);
#2582=EDGE_CURVE('',#1989,#2008,#65,.T.);
#2583=EDGE_CURVE('',#1988,#2009,#519,.T.);
#2584=EDGE_CURVE('',#2010,#2009,#1578,.T.);
#2585=EDGE_CURVE('',#2010,#2011,#520,.T.);
#2586=EDGE_CURVE('',#2012,#2011,#1579,.T.);
#2587=EDGE_CURVE('',#2012,#2013,#521,.T.);
#2588=EDGE_CURVE('',#2014,#2013,#1580,.T.);
#2589=EDGE_CURVE('',#2014,#2015,#522,.T.);
#2590=EDGE_CURVE('',#1977,#2015,#1581,.T.);
#2591=EDGE_CURVE('',#2016,#2016,#1582,.T.);
#2592=EDGE_CURVE('',#2002,#2017,#523,.T.);
#2593=EDGE_CURVE('',#2017,#2018,#1583,.T.);
#2594=EDGE_CURVE('',#2018,#2003,#524,.T.);
#2595=EDGE_CURVE('',#2001,#2019,#525,.T.);
#2596=EDGE_CURVE('',#2017,#2019,#526,.T.);
#2597=EDGE_CURVE('',#2020,#2021,#1584,.T.);
#2598=EDGE_CURVE('',#2021,#1999,#527,.T.);
#2599=EDGE_CURVE('',#1998,#2020,#528,.T.);
#2600=EDGE_CURVE('',#2022,#2021,#529,.T.);
#2601=EDGE_CURVE('',#2000,#2022,#530,.T.);
#2602=EDGE_CURVE('',#2011,#1949,#531,.T.);
#2603=EDGE_CURVE('',#1947,#2012,#532,.T.);
#2604=EDGE_CURVE('',#1946,#2023,#533,.T.);
#2605=EDGE_CURVE('',#2013,#2023,#534,.T.);
#2606=EDGE_CURVE('',#2004,#2024,#535,.T.);
#2607=EDGE_CURVE('',#2024,#2025,#1585,.T.);
#2608=EDGE_CURVE('',#2025,#2005,#536,.T.);
#2609=EDGE_CURVE('',#2018,#2024,#537,.T.);
#2610=EDGE_CURVE('',#1969,#2026,#1586,.T.);
#2611=EDGE_CURVE('',#2026,#1997,#538,.T.);
#2612=EDGE_CURVE('',#2015,#2027,#539,.T.);
#2613=EDGE_CURVE('',#2027,#1968,#1587,.T.);
#2614=EDGE_CURVE('',#2028,#2027,#540,.T.);
#2615=EDGE_CURVE('',#2023,#2028,#1588,.T.);
#2616=EDGE_CURVE('',#1955,#1945,#541,.T.);
#2617=EDGE_CURVE('',#2028,#2014,#542,.T.);
#2618=EDGE_CURVE('',#2029,#1983,#1589,.T.);
#2619=EDGE_CURVE('',#2006,#2029,#543,.T.);
#2620=EDGE_CURVE('',#2030,#2010,#544,.T.);
#2621=EDGE_CURVE('',#2009,#2031,#545,.T.);
#2622=EDGE_CURVE('',#2031,#2030,#66,.T.);
#2623=EDGE_CURVE('',#1949,#2030,#546,.T.);
#2624=EDGE_CURVE('',#2031,#1950,#547,.T.);
#2625=EDGE_CURVE('',#1980,#2032,#1590,.F.);
#2626=EDGE_CURVE('',#2032,#1984,#1591,.F.);
#2627=EDGE_CURVE('',#1985,#2033,#1592,.F.);
#2628=EDGE_CURVE('',#2033,#1986,#1593,.F.);
#2629=EDGE_CURVE('',#2008,#2033,#548,.T.);
#2630=EDGE_CURVE('',#2033,#2032,#549,.T.);
#2631=EDGE_CURVE('',#2032,#2007,#550,.T.);
#2632=EDGE_CURVE('',#1966,#1959,#551,.T.);
#2633=EDGE_CURVE('',#2031,#1987,#552,.T.);
#2634=EDGE_CURVE('',#2034,#2034,#1594,.T.);
#2635=EDGE_CURVE('',#2034,#2016,#553,.T.);
#2636=EDGE_CURVE('',#2019,#2022,#1595,.T.);
#2637=EDGE_CURVE('',#2026,#2020,#554,.T.);
#2638=EDGE_CURVE('',#2035,#2035,#1596,.T.);
#2639=EDGE_CURVE('',#2035,#1978,#555,.T.);
#2640=EDGE_CURVE('',#2036,#1993,#556,.T.);
#2641=EDGE_CURVE('',#1973,#2036,#557,.T.);
#2642=EDGE_CURVE('',#1996,#2036,#1597,.T.);
#2643=EDGE_CURVE('',#2025,#2029,#558,.T.);
#2644=ORIENTED_EDGE('',*,*,#2037,.F.);
#2645=ORIENTED_EDGE('',*,*,#2038,.T.);
#2646=ORIENTED_EDGE('',*,*,#2039,.T.);
#2647=ORIENTED_EDGE('',*,*,#2040,.F.);
#2648=ORIENTED_EDGE('',*,*,#2038,.F.);
#2649=ORIENTED_EDGE('',*,*,#2041,.T.);
#2650=ORIENTED_EDGE('',*,*,#2042,.F.);
#2651=ORIENTED_EDGE('',*,*,#2043,.T.);
#2652=ORIENTED_EDGE('',*,*,#2041,.F.);
#2653=ORIENTED_EDGE('',*,*,#2044,.T.);
#2654=ORIENTED_EDGE('',*,*,#2045,.T.);
#2655=ORIENTED_EDGE('',*,*,#2046,.F.);
#2656=ORIENTED_EDGE('',*,*,#2044,.F.);
#2657=ORIENTED_EDGE('',*,*,#2047,.T.);
#2658=ORIENTED_EDGE('',*,*,#2048,.F.);
#2659=ORIENTED_EDGE('',*,*,#2049,.T.);
#2660=ORIENTED_EDGE('',*,*,#2047,.F.);
#2661=ORIENTED_EDGE('',*,*,#2050,.T.);
#2662=ORIENTED_EDGE('',*,*,#2051,.T.);
#2663=ORIENTED_EDGE('',*,*,#2052,.F.);
#2664=ORIENTED_EDGE('',*,*,#2050,.F.);
#2665=ORIENTED_EDGE('',*,*,#2053,.T.);
#2666=ORIENTED_EDGE('',*,*,#2054,.F.);
#2667=ORIENTED_EDGE('',*,*,#2055,.T.);
#2668=ORIENTED_EDGE('',*,*,#2053,.F.);
#2669=ORIENTED_EDGE('',*,*,#2056,.T.);
#2670=ORIENTED_EDGE('',*,*,#2057,.T.);
#2671=ORIENTED_EDGE('',*,*,#2058,.F.);
#2672=ORIENTED_EDGE('',*,*,#2059,.F.);
#2673=ORIENTED_EDGE('',*,*,#2060,.T.);
#2674=ORIENTED_EDGE('',*,*,#2061,.T.);
#2675=ORIENTED_EDGE('',*,*,#2062,.F.);
#2676=ORIENTED_EDGE('',*,*,#2060,.F.);
#2677=ORIENTED_EDGE('',*,*,#2063,.T.);
#2678=ORIENTED_EDGE('',*,*,#2064,.F.);
#2679=ORIENTED_EDGE('',*,*,#2065,.T.);
#2680=ORIENTED_EDGE('',*,*,#2063,.F.);
#2681=ORIENTED_EDGE('',*,*,#2066,.T.);
#2682=ORIENTED_EDGE('',*,*,#2067,.T.);
#2683=ORIENTED_EDGE('',*,*,#2068,.F.);
#2684=ORIENTED_EDGE('',*,*,#2066,.F.);
#2685=ORIENTED_EDGE('',*,*,#2069,.T.);
#2686=ORIENTED_EDGE('',*,*,#2070,.F.);
#2687=ORIENTED_EDGE('',*,*,#2071,.T.);
#2688=ORIENTED_EDGE('',*,*,#2069,.F.);
#2689=ORIENTED_EDGE('',*,*,#2072,.T.);
#2690=ORIENTED_EDGE('',*,*,#2073,.T.);
#2691=ORIENTED_EDGE('',*,*,#2074,.F.);
#2692=ORIENTED_EDGE('',*,*,#2075,.T.);
#2693=ORIENTED_EDGE('',*,*,#2076,.T.);
#2694=ORIENTED_EDGE('',*,*,#2077,.T.);
#2695=ORIENTED_EDGE('',*,*,#2078,.T.);
#2696=ORIENTED_EDGE('',*,*,#2078,.F.);
#2697=ORIENTED_EDGE('',*,*,#2079,.F.);
#2698=ORIENTED_EDGE('',*,*,#2080,.F.);
#2699=ORIENTED_EDGE('',*,*,#2081,.T.);
#2700=ORIENTED_EDGE('',*,*,#2082,.T.);
#2701=ORIENTED_EDGE('',*,*,#2083,.F.);
#2702=ORIENTED_EDGE('',*,*,#2084,.T.);
#2703=ORIENTED_EDGE('',*,*,#2085,.T.);
#2704=ORIENTED_EDGE('',*,*,#2086,.T.);
#2705=ORIENTED_EDGE('',*,*,#2086,.F.);
#2706=ORIENTED_EDGE('',*,*,#2087,.F.);
#2707=ORIENTED_EDGE('',*,*,#2088,.F.);
#2708=ORIENTED_EDGE('',*,*,#2089,.F.);
#2709=ORIENTED_EDGE('',*,*,#2090,.T.);
#2710=ORIENTED_EDGE('',*,*,#2091,.F.);
#2711=ORIENTED_EDGE('',*,*,#2092,.T.);
#2712=ORIENTED_EDGE('',*,*,#2093,.T.);
#2713=ORIENTED_EDGE('',*,*,#2088,.T.);
#2714=ORIENTED_EDGE('',*,*,#2094,.T.);
#2715=ORIENTED_EDGE('',*,*,#2089,.T.);
#2716=ORIENTED_EDGE('',*,*,#2093,.F.);
#2717=ORIENTED_EDGE('',*,*,#2095,.T.);
#2718=ORIENTED_EDGE('',*,*,#2096,.T.);
#2719=ORIENTED_EDGE('',*,*,#2095,.F.);
#2720=ORIENTED_EDGE('',*,*,#2097,.T.);
#2721=ORIENTED_EDGE('',*,*,#2098,.T.);
#2722=ORIENTED_EDGE('',*,*,#2099,.T.);
#2723=ORIENTED_EDGE('',*,*,#2100,.T.);
#2724=ORIENTED_EDGE('',*,*,#2101,.F.);
#2725=ORIENTED_EDGE('',*,*,#2102,.T.);
#2726=ORIENTED_EDGE('',*,*,#2092,.F.);
#2727=ORIENTED_EDGE('',*,*,#2103,.T.);
#2728=ORIENTED_EDGE('',*,*,#2104,.F.);
#2729=ORIENTED_EDGE('',*,*,#2105,.T.);
#2730=ORIENTED_EDGE('',*,*,#2106,.F.);
#2731=ORIENTED_EDGE('',*,*,#2097,.F.);
#2732=ORIENTED_EDGE('',*,*,#2107,.T.);
#2733=ORIENTED_EDGE('',*,*,#2101,.T.);
#2734=ORIENTED_EDGE('',*,*,#2108,.T.);
#2735=ORIENTED_EDGE('',*,*,#2109,.T.);
#2736=ORIENTED_EDGE('',*,*,#2110,.T.);
#2737=ORIENTED_EDGE('',*,*,#2109,.F.);
#2738=ORIENTED_EDGE('',*,*,#2111,.F.);
#2739=ORIENTED_EDGE('',*,*,#2112,.F.);
#2740=ORIENTED_EDGE('',*,*,#2045,.F.);
#2741=ORIENTED_EDGE('',*,*,#2049,.F.);
#2742=ORIENTED_EDGE('',*,*,#2113,.F.);
#2743=ORIENTED_EDGE('',*,*,#2114,.F.);
#2744=ORIENTED_EDGE('',*,*,#2115,.F.);
#2745=ORIENTED_EDGE('',*,*,#2116,.F.);
#2746=ORIENTED_EDGE('',*,*,#2117,.F.);
#2747=ORIENTED_EDGE('',*,*,#2118,.F.);
#2748=ORIENTED_EDGE('',*,*,#2119,.F.);
#2749=ORIENTED_EDGE('',*,*,#2120,.F.);
#2750=ORIENTED_EDGE('',*,*,#2121,.F.);
#2751=ORIENTED_EDGE('',*,*,#2122,.F.);
#2752=ORIENTED_EDGE('',*,*,#2083,.T.);
#2753=ORIENTED_EDGE('',*,*,#2090,.F.);
#2754=ORIENTED_EDGE('',*,*,#2094,.F.);
#2755=ORIENTED_EDGE('',*,*,#2096,.F.);
#2756=ORIENTED_EDGE('',*,*,#2123,.T.);
#2757=ORIENTED_EDGE('',*,*,#2099,.F.);
#2758=ORIENTED_EDGE('',*,*,#2124,.T.);
#2759=ORIENTED_EDGE('',*,*,#2125,.F.);
#2760=ORIENTED_EDGE('',*,*,#2126,.F.);
#2761=ORIENTED_EDGE('',*,*,#2127,.F.);
#2762=ORIENTED_EDGE('',*,*,#2128,.F.);
#2763=ORIENTED_EDGE('',*,*,#2129,.F.);
#2764=ORIENTED_EDGE('',*,*,#2130,.T.);
#2765=ORIENTED_EDGE('',*,*,#2131,.F.);
#2766=ORIENTED_EDGE('',*,*,#2114,.T.);
#2767=ORIENTED_EDGE('',*,*,#2132,.T.);
#2768=ORIENTED_EDGE('',*,*,#2133,.T.);
#2769=ORIENTED_EDGE('',*,*,#2134,.T.);
#2770=ORIENTED_EDGE('',*,*,#2135,.T.);
#2771=ORIENTED_EDGE('',*,*,#2136,.T.);
#2772=ORIENTED_EDGE('',*,*,#2137,.T.);
#2773=ORIENTED_EDGE('',*,*,#2138,.T.);
#2774=ORIENTED_EDGE('',*,*,#2139,.F.);
#2775=ORIENTED_EDGE('',*,*,#2131,.T.);
#2776=ORIENTED_EDGE('',*,*,#2140,.T.);
#2777=ORIENTED_EDGE('',*,*,#2141,.T.);
#2778=ORIENTED_EDGE('',*,*,#2142,.T.);
#2779=ORIENTED_EDGE('',*,*,#2115,.T.);
#2780=ORIENTED_EDGE('',*,*,#2143,.F.);
#2781=ORIENTED_EDGE('',*,*,#2144,.F.);
#2782=ORIENTED_EDGE('',*,*,#2145,.F.);
#2783=ORIENTED_EDGE('',*,*,#2146,.T.);
#2784=ORIENTED_EDGE('',*,*,#2059,.T.);
#2785=ORIENTED_EDGE('',*,*,#2147,.F.);
#2786=ORIENTED_EDGE('',*,*,#2148,.T.);
#2787=ORIENTED_EDGE('',*,*,#2072,.F.);
#2788=ORIENTED_EDGE('',*,*,#2070,.T.);
#2789=ORIENTED_EDGE('',*,*,#2074,.T.);
#2790=ORIENTED_EDGE('',*,*,#2149,.T.);
#2791=ORIENTED_EDGE('',*,*,#2144,.T.);
#2792=ORIENTED_EDGE('',*,*,#2150,.T.);
#2793=ORIENTED_EDGE('',*,*,#2064,.T.);
#2794=ORIENTED_EDGE('',*,*,#2068,.T.);
#2795=ORIENTED_EDGE('',*,*,#2151,.T.);
#2796=ORIENTED_EDGE('',*,*,#2152,.T.);
#2797=ORIENTED_EDGE('',*,*,#2153,.T.);
#2798=ORIENTED_EDGE('',*,*,#2154,.T.);
#2799=ORIENTED_EDGE('',*,*,#2155,.T.);
#2800=ORIENTED_EDGE('',*,*,#2152,.F.);
#2801=ORIENTED_EDGE('',*,*,#2156,.T.);
#2802=ORIENTED_EDGE('',*,*,#2157,.T.);
#2803=ORIENTED_EDGE('',*,*,#2158,.T.);
#2804=ORIENTED_EDGE('',*,*,#2154,.F.);
#2805=ORIENTED_EDGE('',*,*,#2159,.T.);
#2806=ORIENTED_EDGE('',*,*,#2160,.T.);
#2807=ORIENTED_EDGE('',*,*,#2161,.T.);
#2808=ORIENTED_EDGE('',*,*,#2157,.F.);
#2809=ORIENTED_EDGE('',*,*,#2162,.T.);
#2810=ORIENTED_EDGE('',*,*,#2139,.T.);
#2811=ORIENTED_EDGE('',*,*,#2163,.T.);
#2812=ORIENTED_EDGE('',*,*,#2160,.F.);
#2813=ORIENTED_EDGE('',*,*,#2164,.T.);
#2814=ORIENTED_EDGE('',*,*,#2165,.T.);
#2815=ORIENTED_EDGE('',*,*,#2129,.T.);
#2816=ORIENTED_EDGE('',*,*,#2165,.F.);
#2817=ORIENTED_EDGE('',*,*,#2166,.T.);
#2818=ORIENTED_EDGE('',*,*,#2167,.T.);
#2819=ORIENTED_EDGE('',*,*,#2168,.T.);
#2820=ORIENTED_EDGE('',*,*,#2169,.F.);
#2821=ORIENTED_EDGE('',*,*,#2170,.F.);
#2822=ORIENTED_EDGE('',*,*,#2171,.F.);
#2823=ORIENTED_EDGE('',*,*,#2172,.T.);
#2824=ORIENTED_EDGE('',*,*,#2173,.F.);
#2825=ORIENTED_EDGE('',*,*,#2174,.F.);
#2826=ORIENTED_EDGE('',*,*,#2175,.F.);
#2827=ORIENTED_EDGE('',*,*,#2176,.T.);
#2828=ORIENTED_EDGE('',*,*,#2170,.T.);
#2829=ORIENTED_EDGE('',*,*,#2177,.T.);
#2830=ORIENTED_EDGE('',*,*,#2174,.T.);
#2831=ORIENTED_EDGE('',*,*,#2178,.T.);
#2832=ORIENTED_EDGE('',*,*,#2147,.T.);
#2833=ORIENTED_EDGE('',*,*,#2062,.T.);
#2834=ORIENTED_EDGE('',*,*,#2179,.T.);
#2835=ORIENTED_EDGE('',*,*,#2175,.T.);
#2836=ORIENTED_EDGE('',*,*,#2180,.T.);
#2837=ORIENTED_EDGE('',*,*,#2181,.F.);
#2838=ORIENTED_EDGE('',*,*,#2182,.F.);
#2839=ORIENTED_EDGE('',*,*,#2183,.F.);
#2840=ORIENTED_EDGE('',*,*,#2184,.T.);
#2841=ORIENTED_EDGE('',*,*,#2185,.F.);
#2842=ORIENTED_EDGE('',*,*,#2186,.F.);
#2843=ORIENTED_EDGE('',*,*,#2187,.F.);
#2844=ORIENTED_EDGE('',*,*,#2188,.T.);
#2845=ORIENTED_EDGE('',*,*,#2182,.T.);
#2846=ORIENTED_EDGE('',*,*,#2189,.T.);
#2847=ORIENTED_EDGE('',*,*,#2186,.T.);
#2848=ORIENTED_EDGE('',*,*,#2190,.T.);
#2849=ORIENTED_EDGE('',*,*,#2173,.T.);
#2850=ORIENTED_EDGE('',*,*,#2191,.T.);
#2851=ORIENTED_EDGE('',*,*,#2187,.T.);
#2852=ORIENTED_EDGE('',*,*,#2192,.T.);
#2853=ORIENTED_EDGE('',*,*,#2193,.F.);
#2854=ORIENTED_EDGE('',*,*,#2194,.F.);
#2855=ORIENTED_EDGE('',*,*,#2195,.F.);
#2856=ORIENTED_EDGE('',*,*,#2196,.T.);
#2857=ORIENTED_EDGE('',*,*,#2197,.F.);
#2858=ORIENTED_EDGE('',*,*,#2198,.F.);
#2859=ORIENTED_EDGE('',*,*,#2199,.F.);
#2860=ORIENTED_EDGE('',*,*,#2200,.T.);
#2861=ORIENTED_EDGE('',*,*,#2194,.T.);
#2862=ORIENTED_EDGE('',*,*,#2201,.T.);
#2863=ORIENTED_EDGE('',*,*,#2198,.T.);
#2864=ORIENTED_EDGE('',*,*,#2202,.T.);
#2865=ORIENTED_EDGE('',*,*,#2185,.T.);
#2866=ORIENTED_EDGE('',*,*,#2203,.T.);
#2867=ORIENTED_EDGE('',*,*,#2199,.T.);
#2868=ORIENTED_EDGE('',*,*,#2204,.T.);
#2869=ORIENTED_EDGE('',*,*,#2205,.F.);
#2870=ORIENTED_EDGE('',*,*,#2206,.F.);
#2871=ORIENTED_EDGE('',*,*,#2207,.F.);
#2872=ORIENTED_EDGE('',*,*,#2208,.T.);
#2873=ORIENTED_EDGE('',*,*,#2209,.F.);
#2874=ORIENTED_EDGE('',*,*,#2210,.F.);
#2875=ORIENTED_EDGE('',*,*,#2211,.F.);
#2876=ORIENTED_EDGE('',*,*,#2212,.T.);
#2877=ORIENTED_EDGE('',*,*,#2206,.T.);
#2878=ORIENTED_EDGE('',*,*,#2213,.T.);
#2879=ORIENTED_EDGE('',*,*,#2210,.T.);
#2880=ORIENTED_EDGE('',*,*,#2214,.T.);
#2881=ORIENTED_EDGE('',*,*,#2215,.T.);
#2882=ORIENTED_EDGE('',*,*,#2216,.T.);
#2883=ORIENTED_EDGE('',*,*,#2211,.T.);
#2884=ORIENTED_EDGE('',*,*,#2217,.T.);
#2885=ORIENTED_EDGE('',*,*,#2218,.T.);
#2886=ORIENTED_EDGE('',*,*,#2219,.T.);
#2887=ORIENTED_EDGE('',*,*,#2215,.F.);
#2888=ORIENTED_EDGE('',*,*,#2220,.T.);
#2889=ORIENTED_EDGE('',*,*,#2197,.T.);
#2890=ORIENTED_EDGE('',*,*,#2221,.T.);
#2891=ORIENTED_EDGE('',*,*,#2218,.F.);
#2892=ORIENTED_EDGE('',*,*,#2222,.T.);
#2893=ORIENTED_EDGE('',*,*,#2223,.F.);
#2894=ORIENTED_EDGE('',*,*,#2224,.F.);
#2895=ORIENTED_EDGE('',*,*,#2225,.F.);
#2896=ORIENTED_EDGE('',*,*,#2226,.T.);
#2897=ORIENTED_EDGE('',*,*,#2227,.F.);
#2898=ORIENTED_EDGE('',*,*,#2228,.F.);
#2899=ORIENTED_EDGE('',*,*,#2229,.F.);
#2900=ORIENTED_EDGE('',*,*,#2230,.T.);
#2901=ORIENTED_EDGE('',*,*,#2224,.T.);
#2902=ORIENTED_EDGE('',*,*,#2231,.T.);
#2903=ORIENTED_EDGE('',*,*,#2228,.T.);
#2904=ORIENTED_EDGE('',*,*,#2232,.T.);
#2905=ORIENTED_EDGE('',*,*,#2209,.T.);
#2906=ORIENTED_EDGE('',*,*,#2233,.T.);
#2907=ORIENTED_EDGE('',*,*,#2229,.T.);
#2908=ORIENTED_EDGE('',*,*,#2234,.T.);
#2909=ORIENTED_EDGE('',*,*,#2235,.F.);
#2910=ORIENTED_EDGE('',*,*,#2236,.F.);
#2911=ORIENTED_EDGE('',*,*,#2237,.F.);
#2912=ORIENTED_EDGE('',*,*,#2238,.T.);
#2913=ORIENTED_EDGE('',*,*,#2239,.F.);
#2914=ORIENTED_EDGE('',*,*,#2240,.F.);
#2915=ORIENTED_EDGE('',*,*,#2241,.F.);
#2916=ORIENTED_EDGE('',*,*,#2242,.T.);
#2917=ORIENTED_EDGE('',*,*,#2236,.T.);
#2918=ORIENTED_EDGE('',*,*,#2243,.T.);
#2919=ORIENTED_EDGE('',*,*,#2240,.T.);
#2920=ORIENTED_EDGE('',*,*,#2244,.T.);
#2921=ORIENTED_EDGE('',*,*,#2227,.T.);
#2922=ORIENTED_EDGE('',*,*,#2245,.T.);
#2923=ORIENTED_EDGE('',*,*,#2241,.T.);
#2924=ORIENTED_EDGE('',*,*,#2246,.T.);
#2925=ORIENTED_EDGE('',*,*,#2247,.F.);
#2926=ORIENTED_EDGE('',*,*,#2248,.F.);
#2927=ORIENTED_EDGE('',*,*,#2249,.F.);
#2928=ORIENTED_EDGE('',*,*,#2250,.F.);
#2929=ORIENTED_EDGE('',*,*,#2251,.F.);
#2930=ORIENTED_EDGE('',*,*,#2252,.F.);
#2931=ORIENTED_EDGE('',*,*,#2248,.T.);
#2932=ORIENTED_EDGE('',*,*,#2253,.T.);
#2933=ORIENTED_EDGE('',*,*,#2251,.T.);
#2934=ORIENTED_EDGE('',*,*,#2254,.T.);
#2935=ORIENTED_EDGE('',*,*,#2239,.T.);
#2936=ORIENTED_EDGE('',*,*,#2255,.T.);
#2937=ORIENTED_EDGE('',*,*,#2252,.T.);
#2938=ORIENTED_EDGE('',*,*,#2256,.T.);
#2939=ORIENTED_EDGE('',*,*,#2134,.F.);
#2940=ORIENTED_EDGE('',*,*,#2257,.F.);
#2941=ORIENTED_EDGE('',*,*,#2258,.F.);
#2942=ORIENTED_EDGE('',*,*,#2259,.T.);
#2943=ORIENTED_EDGE('',*,*,#2260,.T.);
#2944=ORIENTED_EDGE('',*,*,#2257,.T.);
#2945=ORIENTED_EDGE('',*,*,#2261,.T.);
#2946=ORIENTED_EDGE('',*,*,#2250,.T.);
#2947=ORIENTED_EDGE('',*,*,#2262,.T.);
#2948=ORIENTED_EDGE('',*,*,#2258,.T.);
#2949=ORIENTED_EDGE('',*,*,#2263,.T.);
#2950=ORIENTED_EDGE('',*,*,#2264,.T.);
#2951=ORIENTED_EDGE('',*,*,#2265,.T.);
#2952=ORIENTED_EDGE('',*,*,#2249,.T.);
#2953=ORIENTED_EDGE('',*,*,#2266,.T.);
#2954=ORIENTED_EDGE('',*,*,#2247,.T.);
#2955=ORIENTED_EDGE('',*,*,#2267,.T.);
#2956=ORIENTED_EDGE('',*,*,#2237,.T.);
#2957=ORIENTED_EDGE('',*,*,#2268,.T.);
#2958=ORIENTED_EDGE('',*,*,#2235,.T.);
#2959=ORIENTED_EDGE('',*,*,#2269,.T.);
#2960=ORIENTED_EDGE('',*,*,#2225,.T.);
#2961=ORIENTED_EDGE('',*,*,#2270,.T.);
#2962=ORIENTED_EDGE('',*,*,#2223,.T.);
#2963=ORIENTED_EDGE('',*,*,#2271,.T.);
#2964=ORIENTED_EDGE('',*,*,#2207,.T.);
#2965=ORIENTED_EDGE('',*,*,#2272,.T.);
#2966=ORIENTED_EDGE('',*,*,#2273,.T.);
#2967=ORIENTED_EDGE('',*,*,#2274,.T.);
#2968=ORIENTED_EDGE('',*,*,#2195,.T.);
#2969=ORIENTED_EDGE('',*,*,#2275,.T.);
#2970=ORIENTED_EDGE('',*,*,#2276,.T.);
#2971=ORIENTED_EDGE('',*,*,#2277,.T.);
#2972=ORIENTED_EDGE('',*,*,#2273,.F.);
#2973=ORIENTED_EDGE('',*,*,#2278,.T.);
#2974=ORIENTED_EDGE('',*,*,#2205,.T.);
#2975=ORIENTED_EDGE('',*,*,#2279,.T.);
#2976=ORIENTED_EDGE('',*,*,#2276,.F.);
#2977=ORIENTED_EDGE('',*,*,#2280,.T.);
#2978=ORIENTED_EDGE('',*,*,#2193,.T.);
#2979=ORIENTED_EDGE('',*,*,#2281,.T.);
#2980=ORIENTED_EDGE('',*,*,#2183,.T.);
#2981=ORIENTED_EDGE('',*,*,#2282,.T.);
#2982=ORIENTED_EDGE('',*,*,#2181,.T.);
#2983=ORIENTED_EDGE('',*,*,#2283,.T.);
#2984=ORIENTED_EDGE('',*,*,#2171,.T.);
#2985=ORIENTED_EDGE('',*,*,#2284,.T.);
#2986=ORIENTED_EDGE('',*,*,#2169,.T.);
#2987=ORIENTED_EDGE('',*,*,#2285,.T.);
#2988=ORIENTED_EDGE('',*,*,#2145,.T.);
#2989=ORIENTED_EDGE('',*,*,#2286,.T.);
#2990=ORIENTED_EDGE('',*,*,#2287,.T.);
#2991=ORIENTED_EDGE('',*,*,#2288,.T.);
#2992=ORIENTED_EDGE('',*,*,#2289,.T.);
#2993=ORIENTED_EDGE('',*,*,#2290,.T.);
#2994=ORIENTED_EDGE('',*,*,#2289,.F.);
#2995=ORIENTED_EDGE('',*,*,#2291,.T.);
#2996=ORIENTED_EDGE('',*,*,#2292,.T.);
#2997=ORIENTED_EDGE('',*,*,#2293,.T.);
#2998=ORIENTED_EDGE('',*,*,#2143,.T.);
#2999=ORIENTED_EDGE('',*,*,#2294,.T.);
#3000=ORIENTED_EDGE('',*,*,#2292,.F.);
#3001=ORIENTED_EDGE('',*,*,#2295,.T.);
#3002=ORIENTED_EDGE('',*,*,#2264,.F.);
#3003=ORIENTED_EDGE('',*,*,#2259,.F.);
#3004=ORIENTED_EDGE('',*,*,#2296,.T.);
#3005=ORIENTED_EDGE('',*,*,#2167,.F.);
#3006=ORIENTED_EDGE('',*,*,#2297,.T.);
#3007=ORIENTED_EDGE('',*,*,#2141,.F.);
#3008=ORIENTED_EDGE('',*,*,#2220,.F.);
#3009=ORIENTED_EDGE('',*,*,#2298,.T.);
#3010=ORIENTED_EDGE('',*,*,#2278,.F.);
#3011=ORIENTED_EDGE('',*,*,#2299,.F.);
#3012=ORIENTED_EDGE('',*,*,#2217,.F.);
#3013=ORIENTED_EDGE('',*,*,#2213,.F.);
#3014=ORIENTED_EDGE('',*,*,#2280,.F.);
#3015=ORIENTED_EDGE('',*,*,#2298,.F.);
#3016=ORIENTED_EDGE('',*,*,#2136,.F.);
#3017=ORIENTED_EDGE('',*,*,#2300,.F.);
#3018=ORIENTED_EDGE('',*,*,#2137,.F.);
#3019=ORIENTED_EDGE('',*,*,#2301,.T.);
#3020=ORIENTED_EDGE('',*,*,#2302,.T.);
#3021=ORIENTED_EDGE('',*,*,#2301,.F.);
#3022=ORIENTED_EDGE('',*,*,#2296,.F.);
#3023=ORIENTED_EDGE('',*,*,#2303,.T.);
#3024=ORIENTED_EDGE('',*,*,#2054,.T.);
#3025=ORIENTED_EDGE('',*,*,#2058,.T.);
#3026=ORIENTED_EDGE('',*,*,#2304,.T.);
#3027=ORIENTED_EDGE('',*,*,#2261,.F.);
#3028=ORIENTED_EDGE('',*,*,#2133,.F.);
#3029=ORIENTED_EDGE('',*,*,#2305,.F.);
#3030=ORIENTED_EDGE('',*,*,#2051,.F.);
#3031=ORIENTED_EDGE('',*,*,#2055,.F.);
#3032=ORIENTED_EDGE('',*,*,#2303,.F.);
#3033=ORIENTED_EDGE('',*,*,#2132,.F.);
#3034=ORIENTED_EDGE('',*,*,#2113,.T.);
#3035=ORIENTED_EDGE('',*,*,#2048,.T.);
#3036=ORIENTED_EDGE('',*,*,#2052,.T.);
#3037=ORIENTED_EDGE('',*,*,#2305,.T.);
#3038=ORIENTED_EDGE('',*,*,#2142,.F.);
#3039=ORIENTED_EDGE('',*,*,#2306,.F.);
#3040=ORIENTED_EDGE('',*,*,#2307,.F.);
#3041=ORIENTED_EDGE('',*,*,#2308,.F.);
#3042=ORIENTED_EDGE('',*,*,#2309,.F.);
#3043=ORIENTED_EDGE('',*,*,#2120,.T.);
#3044=ORIENTED_EDGE('',*,*,#2310,.F.);
#3045=ORIENTED_EDGE('',*,*,#2311,.F.);
#3046=ORIENTED_EDGE('',*,*,#2312,.T.);
#3047=ORIENTED_EDGE('',*,*,#2313,.F.);
#3048=ORIENTED_EDGE('',*,*,#2314,.F.);
#3049=ORIENTED_EDGE('',*,*,#2116,.T.);
#3050=ORIENTED_EDGE('',*,*,#2315,.T.);
#3051=ORIENTED_EDGE('',*,*,#2297,.F.);
#3052=ORIENTED_EDGE('',*,*,#2316,.T.);
#3053=ORIENTED_EDGE('',*,*,#2317,.T.);
#3054=ORIENTED_EDGE('',*,*,#2306,.T.);
#3055=ORIENTED_EDGE('',*,*,#2166,.F.);
#3056=ORIENTED_EDGE('',*,*,#2318,.F.);
#3057=ORIENTED_EDGE('',*,*,#2319,.F.);
#3058=ORIENTED_EDGE('',*,*,#2316,.F.);
#3059=ORIENTED_EDGE('',*,*,#2164,.F.);
#3060=ORIENTED_EDGE('',*,*,#2320,.F.);
#3061=ORIENTED_EDGE('',*,*,#2321,.F.);
#3062=ORIENTED_EDGE('',*,*,#2318,.T.);
#3063=ORIENTED_EDGE('',*,*,#2162,.F.);
#3064=ORIENTED_EDGE('',*,*,#2322,.T.);
#3065=ORIENTED_EDGE('',*,*,#2323,.F.);
#3066=ORIENTED_EDGE('',*,*,#2320,.T.);
#3067=ORIENTED_EDGE('',*,*,#2324,.T.);
#3068=ORIENTED_EDGE('',*,*,#2325,.T.);
#3069=ORIENTED_EDGE('',*,*,#2326,.T.);
#3070=ORIENTED_EDGE('',*,*,#2327,.T.);
#3071=ORIENTED_EDGE('',*,*,#2159,.F.);
#3072=ORIENTED_EDGE('',*,*,#2328,.T.);
#3073=ORIENTED_EDGE('',*,*,#2081,.F.);
#3074=ORIENTED_EDGE('',*,*,#2080,.T.);
#3075=ORIENTED_EDGE('',*,*,#2329,.F.);
#3076=ORIENTED_EDGE('',*,*,#2322,.F.);
#3077=ORIENTED_EDGE('',*,*,#2151,.F.);
#3078=ORIENTED_EDGE('',*,*,#2067,.F.);
#3079=ORIENTED_EDGE('',*,*,#2071,.F.);
#3080=ORIENTED_EDGE('',*,*,#2150,.F.);
#3081=ORIENTED_EDGE('',*,*,#2295,.F.);
#3082=ORIENTED_EDGE('',*,*,#2291,.F.);
#3083=ORIENTED_EDGE('',*,*,#2330,.F.);
#3084=ORIENTED_EDGE('',*,*,#2156,.F.);
#3085=ORIENTED_EDGE('',*,*,#2330,.T.);
#3086=ORIENTED_EDGE('',*,*,#2288,.F.);
#3087=ORIENTED_EDGE('',*,*,#2331,.F.);
#3088=ORIENTED_EDGE('',*,*,#2082,.F.);
#3089=ORIENTED_EDGE('',*,*,#2328,.F.);
#3090=ORIENTED_EDGE('',*,*,#2130,.F.);
#3091=ORIENTED_EDGE('',*,*,#2168,.F.);
#3092=ORIENTED_EDGE('',*,*,#2140,.F.);
#3093=ORIENTED_EDGE('',*,*,#2177,.F.);
#3094=ORIENTED_EDGE('',*,*,#2286,.F.);
#3095=ORIENTED_EDGE('',*,*,#2149,.F.);
#3096=ORIENTED_EDGE('',*,*,#2073,.F.);
#3097=ORIENTED_EDGE('',*,*,#2148,.F.);
#3098=ORIENTED_EDGE('',*,*,#2180,.F.);
#3099=ORIENTED_EDGE('',*,*,#2189,.F.);
#3100=ORIENTED_EDGE('',*,*,#2284,.F.);
#3101=ORIENTED_EDGE('',*,*,#2178,.F.);
#3102=ORIENTED_EDGE('',*,*,#2192,.F.);
#3103=ORIENTED_EDGE('',*,*,#2201,.F.);
#3104=ORIENTED_EDGE('',*,*,#2282,.F.);
#3105=ORIENTED_EDGE('',*,*,#2190,.F.);
#3106=ORIENTED_EDGE('',*,*,#2204,.F.);
#3107=ORIENTED_EDGE('',*,*,#2231,.F.);
#3108=ORIENTED_EDGE('',*,*,#2272,.F.);
#3109=ORIENTED_EDGE('',*,*,#2214,.F.);
#3110=ORIENTED_EDGE('',*,*,#2234,.F.);
#3111=ORIENTED_EDGE('',*,*,#2243,.F.);
#3112=ORIENTED_EDGE('',*,*,#2270,.F.);
#3113=ORIENTED_EDGE('',*,*,#2232,.F.);
#3114=ORIENTED_EDGE('',*,*,#2246,.F.);
#3115=ORIENTED_EDGE('',*,*,#2253,.F.);
#3116=ORIENTED_EDGE('',*,*,#2268,.F.);
#3117=ORIENTED_EDGE('',*,*,#2244,.F.);
#3118=ORIENTED_EDGE('',*,*,#2256,.F.);
#3119=ORIENTED_EDGE('',*,*,#2260,.F.);
#3120=ORIENTED_EDGE('',*,*,#2266,.F.);
#3121=ORIENTED_EDGE('',*,*,#2254,.F.);
#3122=ORIENTED_EDGE('',*,*,#2263,.F.);
#3123=ORIENTED_EDGE('',*,*,#2332,.T.);
#3124=ORIENTED_EDGE('',*,*,#2333,.T.);
#3125=ORIENTED_EDGE('',*,*,#2334,.T.);
#3126=ORIENTED_EDGE('',*,*,#2335,.T.);
#3127=ORIENTED_EDGE('',*,*,#2332,.F.);
#3128=ORIENTED_EDGE('',*,*,#2336,.T.);
#3129=ORIENTED_EDGE('',*,*,#2337,.F.);
#3130=ORIENTED_EDGE('',*,*,#2338,.T.);
#3131=ORIENTED_EDGE('',*,*,#2339,.T.);
#3132=ORIENTED_EDGE('',*,*,#2340,.T.);
#3133=ORIENTED_EDGE('',*,*,#2341,.T.);
#3134=ORIENTED_EDGE('',*,*,#2104,.T.);
#3135=ORIENTED_EDGE('',*,*,#2342,.T.);
#3136=ORIENTED_EDGE('',*,*,#2343,.T.);
#3137=ORIENTED_EDGE('',*,*,#2344,.T.);
#3138=ORIENTED_EDGE('',*,*,#2345,.T.);
#3139=ORIENTED_EDGE('',*,*,#2346,.F.);
#3140=ORIENTED_EDGE('',*,*,#2126,.T.);
#3141=ORIENTED_EDGE('',*,*,#2347,.F.);
#3142=ORIENTED_EDGE('',*,*,#2348,.T.);
#3143=ORIENTED_EDGE('',*,*,#2121,.T.);
#3144=ORIENTED_EDGE('',*,*,#2309,.T.);
#3145=ORIENTED_EDGE('',*,*,#2349,.T.);
#3146=ORIENTED_EDGE('',*,*,#2350,.T.);
#3147=ORIENTED_EDGE('',*,*,#2351,.T.);
#3148=ORIENTED_EDGE('',*,*,#2352,.T.);
#3149=ORIENTED_EDGE('',*,*,#2353,.T.);
#3150=ORIENTED_EDGE('',*,*,#2354,.T.);
#3151=ORIENTED_EDGE('',*,*,#2355,.T.);
#3152=ORIENTED_EDGE('',*,*,#2335,.F.);
#3153=ORIENTED_EDGE('',*,*,#2356,.F.);
#3154=ORIENTED_EDGE('',*,*,#2357,.F.);
#3155=ORIENTED_EDGE('',*,*,#2336,.F.);
#3156=ORIENTED_EDGE('',*,*,#2337,.T.);
#3157=ORIENTED_EDGE('',*,*,#2357,.T.);
#3158=ORIENTED_EDGE('',*,*,#2358,.T.);
#3159=ORIENTED_EDGE('',*,*,#2359,.T.);
#3160=ORIENTED_EDGE('',*,*,#2110,.F.);
#3161=ORIENTED_EDGE('',*,*,#2102,.F.);
#3162=ORIENTED_EDGE('',*,*,#2107,.F.);
#3163=ORIENTED_EDGE('',*,*,#2098,.F.);
#3164=ORIENTED_EDGE('',*,*,#2106,.T.);
#3165=ORIENTED_EDGE('',*,*,#2360,.T.);
#3166=ORIENTED_EDGE('',*,*,#2361,.T.);
#3167=ORIENTED_EDGE('',*,*,#2362,.F.);
#3168=ORIENTED_EDGE('',*,*,#2124,.F.);
#3169=ORIENTED_EDGE('',*,*,#2363,.T.);
#3170=ORIENTED_EDGE('',*,*,#2364,.F.);
#3171=ORIENTED_EDGE('',*,*,#2365,.F.);
#3172=ORIENTED_EDGE('',*,*,#2366,.F.);
#3173=ORIENTED_EDGE('',*,*,#2367,.F.);
#3174=ORIENTED_EDGE('',*,*,#2347,.T.);
#3175=ORIENTED_EDGE('',*,*,#2125,.T.);
#3176=ORIENTED_EDGE('',*,*,#2362,.T.);
#3177=ORIENTED_EDGE('',*,*,#2368,.T.);
#3178=ORIENTED_EDGE('',*,*,#2346,.T.);
#3179=ORIENTED_EDGE('',*,*,#2369,.T.);
#3180=ORIENTED_EDGE('',*,*,#2370,.T.);
#3181=ORIENTED_EDGE('',*,*,#2371,.T.);
#3182=ORIENTED_EDGE('',*,*,#2127,.T.);
#3183=ORIENTED_EDGE('',*,*,#2372,.T.);
#3184=ORIENTED_EDGE('',*,*,#2373,.T.);
#3185=ORIENTED_EDGE('',*,*,#2128,.T.);
#3186=ORIENTED_EDGE('',*,*,#2371,.F.);
#3187=ORIENTED_EDGE('',*,*,#2037,.T.);
#3188=ORIENTED_EDGE('',*,*,#2374,.F.);
#3189=ORIENTED_EDGE('',*,*,#2375,.T.);
#3190=ORIENTED_EDGE('',*,*,#2056,.F.);
#3191=ORIENTED_EDGE('',*,*,#2376,.T.);
#3192=ORIENTED_EDGE('',*,*,#2377,.T.);
#3193=ORIENTED_EDGE('',*,*,#2042,.T.);
#3194=ORIENTED_EDGE('',*,*,#2046,.T.);
#3195=ORIENTED_EDGE('',*,*,#2112,.T.);
#3196=ORIENTED_EDGE('',*,*,#2378,.F.);
#3197=ORIENTED_EDGE('',*,*,#2379,.F.);
#3198=ORIENTED_EDGE('',*,*,#2380,.T.);
#3199=ORIENTED_EDGE('',*,*,#2381,.F.);
#3200=ORIENTED_EDGE('',*,*,#2293,.F.);
#3201=ORIENTED_EDGE('',*,*,#2382,.T.);
#3202=ORIENTED_EDGE('',*,*,#2379,.T.);
#3203=ORIENTED_EDGE('',*,*,#2383,.T.);
#3204=ORIENTED_EDGE('',*,*,#2290,.F.);
#3205=ORIENTED_EDGE('',*,*,#2374,.T.);
#3206=ORIENTED_EDGE('',*,*,#2040,.T.);
#3207=ORIENTED_EDGE('',*,*,#2384,.T.);
#3208=ORIENTED_EDGE('',*,*,#2381,.T.);
#3209=ORIENTED_EDGE('',*,*,#2385,.T.);
#3210=ORIENTED_EDGE('',*,*,#2386,.T.);
#3211=ORIENTED_EDGE('',*,*,#2387,.T.);
#3212=ORIENTED_EDGE('',*,*,#2378,.T.);
#3213=ORIENTED_EDGE('',*,*,#2388,.T.);
#3214=ORIENTED_EDGE('',*,*,#2265,.F.);
#3215=ORIENTED_EDGE('',*,*,#2304,.F.);
#3216=ORIENTED_EDGE('',*,*,#2057,.F.);
#3217=ORIENTED_EDGE('',*,*,#2375,.F.);
#3218=ORIENTED_EDGE('',*,*,#2385,.F.);
#3219=ORIENTED_EDGE('',*,*,#2380,.F.);
#3220=ORIENTED_EDGE('',*,*,#2382,.F.);
#3221=ORIENTED_EDGE('',*,*,#2294,.F.);
#3222=ORIENTED_EDGE('',*,*,#2146,.F.);
#3223=ORIENTED_EDGE('',*,*,#2285,.F.);
#3224=ORIENTED_EDGE('',*,*,#2172,.F.);
#3225=ORIENTED_EDGE('',*,*,#2283,.F.);
#3226=ORIENTED_EDGE('',*,*,#2184,.F.);
#3227=ORIENTED_EDGE('',*,*,#2281,.F.);
#3228=ORIENTED_EDGE('',*,*,#2196,.F.);
#3229=ORIENTED_EDGE('',*,*,#2274,.F.);
#3230=ORIENTED_EDGE('',*,*,#2277,.F.);
#3231=ORIENTED_EDGE('',*,*,#2279,.F.);
#3232=ORIENTED_EDGE('',*,*,#2208,.F.);
#3233=ORIENTED_EDGE('',*,*,#2271,.F.);
#3234=ORIENTED_EDGE('',*,*,#2226,.F.);
#3235=ORIENTED_EDGE('',*,*,#2269,.F.);
#3236=ORIENTED_EDGE('',*,*,#2238,.F.);
#3237=ORIENTED_EDGE('',*,*,#2267,.F.);
#3238=ORIENTED_EDGE('',*,*,#2370,.F.);
#3239=ORIENTED_EDGE('',*,*,#2389,.T.);
#3240=ORIENTED_EDGE('',*,*,#2390,.F.);
#3241=ORIENTED_EDGE('',*,*,#2391,.F.);
#3242=ORIENTED_EDGE('',*,*,#2075,.F.);
#3243=ORIENTED_EDGE('',*,*,#2331,.T.);
#3244=ORIENTED_EDGE('',*,*,#2287,.F.);
#3245=ORIENTED_EDGE('',*,*,#2383,.F.);
#3246=ORIENTED_EDGE('',*,*,#2387,.F.);
#3247=ORIENTED_EDGE('',*,*,#2392,.F.);
#3248=ORIENTED_EDGE('',*,*,#2372,.F.);
#3249=ORIENTED_EDGE('',*,*,#2393,.T.);
#3250=ORIENTED_EDGE('',*,*,#2394,.T.);
#3251=ORIENTED_EDGE('',*,*,#2390,.T.);
#3252=ORIENTED_EDGE('',*,*,#2395,.T.);
#3253=ORIENTED_EDGE('',*,*,#2393,.F.);
#3254=ORIENTED_EDGE('',*,*,#2396,.F.);
#3255=ORIENTED_EDGE('',*,*,#2344,.F.);
#3256=ORIENTED_EDGE('',*,*,#2397,.T.);
#3257=ORIENTED_EDGE('',*,*,#2398,.T.);
#3258=ORIENTED_EDGE('',*,*,#2399,.F.);
#3259=ORIENTED_EDGE('',*,*,#2079,.T.);
#3260=ORIENTED_EDGE('',*,*,#2077,.F.);
#3261=ORIENTED_EDGE('',*,*,#2400,.F.);
#3262=ORIENTED_EDGE('',*,*,#2395,.F.);
#3263=ORIENTED_EDGE('',*,*,#2389,.F.);
#3264=ORIENTED_EDGE('',*,*,#2369,.F.);
#3265=ORIENTED_EDGE('',*,*,#2345,.F.);
#3266=ORIENTED_EDGE('',*,*,#2396,.T.);
#3267=ORIENTED_EDGE('',*,*,#2401,.F.);
#3268=ORIENTED_EDGE('',*,*,#2317,.F.);
#3269=ORIENTED_EDGE('',*,*,#2402,.F.);
#3270=ORIENTED_EDGE('',*,*,#2403,.T.);
#3271=ORIENTED_EDGE('',*,*,#2404,.T.);
#3272=ORIENTED_EDGE('',*,*,#2402,.T.);
#3273=ORIENTED_EDGE('',*,*,#2319,.T.);
#3274=ORIENTED_EDGE('',*,*,#2405,.T.);
#3275=ORIENTED_EDGE('',*,*,#2406,.T.);
#3276=ORIENTED_EDGE('',*,*,#2403,.F.);
#3277=ORIENTED_EDGE('',*,*,#2321,.T.);
#3278=ORIENTED_EDGE('',*,*,#2407,.T.);
#3279=ORIENTED_EDGE('',*,*,#2408,.T.);
#3280=ORIENTED_EDGE('',*,*,#2405,.F.);
#3281=ORIENTED_EDGE('',*,*,#2323,.T.);
#3282=ORIENTED_EDGE('',*,*,#2409,.T.);
#3283=ORIENTED_EDGE('',*,*,#2410,.T.);
#3284=ORIENTED_EDGE('',*,*,#2407,.F.);
#3285=ORIENTED_EDGE('',*,*,#2329,.T.);
#3286=ORIENTED_EDGE('',*,*,#2411,.T.);
#3287=ORIENTED_EDGE('',*,*,#2307,.T.);
#3288=ORIENTED_EDGE('',*,*,#2401,.T.);
#3289=ORIENTED_EDGE('',*,*,#2412,.T.);
#3290=ORIENTED_EDGE('',*,*,#2399,.T.);
#3291=ORIENTED_EDGE('',*,*,#2413,.T.);
#3292=ORIENTED_EDGE('',*,*,#2409,.F.);
#3293=ORIENTED_EDGE('',*,*,#2138,.F.);
#3294=ORIENTED_EDGE('',*,*,#2300,.T.);
#3295=ORIENTED_EDGE('',*,*,#2135,.F.);
#3296=ORIENTED_EDGE('',*,*,#2262,.F.);
#3297=ORIENTED_EDGE('',*,*,#2255,.F.);
#3298=ORIENTED_EDGE('',*,*,#2242,.F.);
#3299=ORIENTED_EDGE('',*,*,#2245,.F.);
#3300=ORIENTED_EDGE('',*,*,#2230,.F.);
#3301=ORIENTED_EDGE('',*,*,#2233,.F.);
#3302=ORIENTED_EDGE('',*,*,#2212,.F.);
#3303=ORIENTED_EDGE('',*,*,#2216,.F.);
#3304=ORIENTED_EDGE('',*,*,#2219,.F.);
#3305=ORIENTED_EDGE('',*,*,#2221,.F.);
#3306=ORIENTED_EDGE('',*,*,#2200,.F.);
#3307=ORIENTED_EDGE('',*,*,#2203,.F.);
#3308=ORIENTED_EDGE('',*,*,#2188,.F.);
#3309=ORIENTED_EDGE('',*,*,#2191,.F.);
#3310=ORIENTED_EDGE('',*,*,#2176,.F.);
#3311=ORIENTED_EDGE('',*,*,#2179,.F.);
#3312=ORIENTED_EDGE('',*,*,#2061,.F.);
#3313=ORIENTED_EDGE('',*,*,#2065,.F.);
#3314=ORIENTED_EDGE('',*,*,#2153,.F.);
#3315=ORIENTED_EDGE('',*,*,#2155,.F.);
#3316=ORIENTED_EDGE('',*,*,#2158,.F.);
#3317=ORIENTED_EDGE('',*,*,#2161,.F.);
#3318=ORIENTED_EDGE('',*,*,#2163,.F.);
#3319=ORIENTED_EDGE('',*,*,#2414,.T.);
#3320=ORIENTED_EDGE('',*,*,#2117,.T.);
#3321=ORIENTED_EDGE('',*,*,#2314,.T.);
#3322=ORIENTED_EDGE('',*,*,#2415,.T.);
#3323=ORIENTED_EDGE('',*,*,#2416,.T.);
#3324=ORIENTED_EDGE('',*,*,#2417,.T.);
#3325=ORIENTED_EDGE('',*,*,#2310,.T.);
#3326=ORIENTED_EDGE('',*,*,#2119,.T.);
#3327=ORIENTED_EDGE('',*,*,#2418,.T.);
#3328=ORIENTED_EDGE('',*,*,#2419,.T.);
#3329=ORIENTED_EDGE('',*,*,#2420,.T.);
#3330=ORIENTED_EDGE('',*,*,#2418,.F.);
#3331=ORIENTED_EDGE('',*,*,#2118,.T.);
#3332=ORIENTED_EDGE('',*,*,#2416,.F.);
#3333=ORIENTED_EDGE('',*,*,#2087,.T.);
#3334=ORIENTED_EDGE('',*,*,#2085,.F.);
#3335=ORIENTED_EDGE('',*,*,#2421,.F.);
#3336=ORIENTED_EDGE('',*,*,#2349,.F.);
#3337=ORIENTED_EDGE('',*,*,#2308,.T.);
#3338=ORIENTED_EDGE('',*,*,#2411,.F.);
#3339=ORIENTED_EDGE('',*,*,#2422,.T.);
#3340=ORIENTED_EDGE('',*,*,#2423,.F.);
#3341=ORIENTED_EDGE('',*,*,#2342,.F.);
#3342=ORIENTED_EDGE('',*,*,#2103,.F.);
#3343=ORIENTED_EDGE('',*,*,#2091,.T.);
#3344=ORIENTED_EDGE('',*,*,#2360,.F.);
#3345=ORIENTED_EDGE('',*,*,#2105,.F.);
#3346=ORIENTED_EDGE('',*,*,#2341,.F.);
#3347=ORIENTED_EDGE('',*,*,#2424,.T.);
#3348=ORIENTED_EDGE('',*,*,#2425,.F.);
#3349=ORIENTED_EDGE('',*,*,#2339,.F.);
#3350=ORIENTED_EDGE('',*,*,#2426,.T.);
#3351=ORIENTED_EDGE('',*,*,#2122,.T.);
#3352=ORIENTED_EDGE('',*,*,#2348,.F.);
#3353=ORIENTED_EDGE('',*,*,#2368,.F.);
#3354=ORIENTED_EDGE('',*,*,#2361,.F.);
#3355=ORIENTED_EDGE('',*,*,#2426,.F.);
#3356=ORIENTED_EDGE('',*,*,#2338,.F.);
#3357=ORIENTED_EDGE('',*,*,#2359,.F.);
#3358=ORIENTED_EDGE('',*,*,#2427,.F.);
#3359=ORIENTED_EDGE('',*,*,#2333,.F.);
#3360=ORIENTED_EDGE('',*,*,#2350,.F.);
#3361=ORIENTED_EDGE('',*,*,#2421,.T.);
#3362=ORIENTED_EDGE('',*,*,#2084,.F.);
#3363=ORIENTED_EDGE('',*,*,#2326,.F.);
#3364=ORIENTED_EDGE('',*,*,#2428,.T.);
#3365=ORIENTED_EDGE('',*,*,#2429,.F.);
#3366=ORIENTED_EDGE('',*,*,#2430,.F.);
#3367=ORIENTED_EDGE('',*,*,#2327,.F.);
#3368=ORIENTED_EDGE('',*,*,#2430,.T.);
#3369=ORIENTED_EDGE('',*,*,#2431,.F.);
#3370=ORIENTED_EDGE('',*,*,#2432,.T.);
#3371=ORIENTED_EDGE('',*,*,#2324,.F.);
#3372=ORIENTED_EDGE('',*,*,#2432,.F.);
#3373=ORIENTED_EDGE('',*,*,#2433,.T.);
#3374=ORIENTED_EDGE('',*,*,#2434,.T.);
#3375=ORIENTED_EDGE('',*,*,#2431,.T.);
#3376=ORIENTED_EDGE('',*,*,#2429,.T.);
#3377=ORIENTED_EDGE('',*,*,#2435,.T.);
#3378=ORIENTED_EDGE('',*,*,#2433,.F.);
#3379=ORIENTED_EDGE('',*,*,#2325,.F.);
#3380=ORIENTED_EDGE('',*,*,#2434,.F.);
#3381=ORIENTED_EDGE('',*,*,#2435,.F.);
#3382=ORIENTED_EDGE('',*,*,#2428,.F.);
#3383=ORIENTED_EDGE('',*,*,#2436,.F.);
#3384=ORIENTED_EDGE('',*,*,#2437,.F.);
#3385=ORIENTED_EDGE('',*,*,#2438,.T.);
#3386=ORIENTED_EDGE('',*,*,#2315,.F.);
#3387=ORIENTED_EDGE('',*,*,#2438,.F.);
#3388=ORIENTED_EDGE('',*,*,#2415,.F.);
#3389=ORIENTED_EDGE('',*,*,#2313,.T.);
#3390=ORIENTED_EDGE('',*,*,#2439,.T.);
#3391=ORIENTED_EDGE('',*,*,#2440,.F.);
#3392=ORIENTED_EDGE('',*,*,#2417,.F.);
#3393=ORIENTED_EDGE('',*,*,#2441,.F.);
#3394=ORIENTED_EDGE('',*,*,#2442,.F.);
#3395=ORIENTED_EDGE('',*,*,#2311,.T.);
#3396=ORIENTED_EDGE('',*,*,#2312,.F.);
#3397=ORIENTED_EDGE('',*,*,#2442,.T.);
#3398=ORIENTED_EDGE('',*,*,#2443,.F.);
#3399=ORIENTED_EDGE('',*,*,#2439,.F.);
#3400=ORIENTED_EDGE('',*,*,#2419,.F.);
#3401=ORIENTED_EDGE('',*,*,#2440,.T.);
#3402=ORIENTED_EDGE('',*,*,#2443,.T.);
#3403=ORIENTED_EDGE('',*,*,#2441,.T.);
#3404=ORIENTED_EDGE('',*,*,#2420,.F.);
#3405=ORIENTED_EDGE('',*,*,#2436,.T.);
#3406=ORIENTED_EDGE('',*,*,#2437,.T.);
#3407=ORIENTED_EDGE('',*,*,#2351,.F.);
#3408=ORIENTED_EDGE('',*,*,#2444,.T.);
#3409=ORIENTED_EDGE('',*,*,#2363,.F.);
#3410=ORIENTED_EDGE('',*,*,#2444,.F.);
#3411=ORIENTED_EDGE('',*,*,#2414,.F.);
#3412=ORIENTED_EDGE('',*,*,#2445,.T.);
#3413=ORIENTED_EDGE('',*,*,#2446,.T.);
#3414=ORIENTED_EDGE('',*,*,#2445,.F.);
#3415=ORIENTED_EDGE('',*,*,#2446,.F.);
#3416=ORIENTED_EDGE('',*,*,#2447,.F.);
#3417=ORIENTED_EDGE('',*,*,#2302,.F.);
#3418=ORIENTED_EDGE('',*,*,#2448,.F.);
#3419=ORIENTED_EDGE('',*,*,#2413,.F.);
#3420=ORIENTED_EDGE('',*,*,#2398,.F.);
#3421=ORIENTED_EDGE('',*,*,#2449,.F.);
#3422=ORIENTED_EDGE('',*,*,#2422,.F.);
#3423=ORIENTED_EDGE('',*,*,#2412,.F.);
#3424=ORIENTED_EDGE('',*,*,#2404,.F.);
#3425=ORIENTED_EDGE('',*,*,#2406,.F.);
#3426=ORIENTED_EDGE('',*,*,#2408,.F.);
#3427=ORIENTED_EDGE('',*,*,#2410,.F.);
#3428=ORIENTED_EDGE('',*,*,#2450,.T.);
#3429=ORIENTED_EDGE('',*,*,#2451,.T.);
#3430=ORIENTED_EDGE('',*,*,#2447,.T.);
#3431=ORIENTED_EDGE('',*,*,#2452,.T.);
#3432=ORIENTED_EDGE('',*,*,#2450,.F.);
#3433=ORIENTED_EDGE('',*,*,#2452,.F.);
#3434=ORIENTED_EDGE('',*,*,#2448,.T.);
#3435=ORIENTED_EDGE('',*,*,#2453,.T.);
#3436=ORIENTED_EDGE('',*,*,#2451,.F.);
#3437=ORIENTED_EDGE('',*,*,#2453,.F.);
#3438=ORIENTED_EDGE('',*,*,#2076,.F.);
#3439=ORIENTED_EDGE('',*,*,#2391,.T.);
#3440=ORIENTED_EDGE('',*,*,#2394,.F.);
#3441=ORIENTED_EDGE('',*,*,#2400,.T.);
#3442=ORIENTED_EDGE('',*,*,#2222,.F.);
#3443=ORIENTED_EDGE('',*,*,#2299,.T.);
#3444=ORIENTED_EDGE('',*,*,#2275,.F.);
#3445=ORIENTED_EDGE('',*,*,#2202,.F.);
#3446=ORIENTED_EDGE('',*,*,#2449,.T.);
#3447=ORIENTED_EDGE('',*,*,#2397,.F.);
#3448=ORIENTED_EDGE('',*,*,#2343,.F.);
#3449=ORIENTED_EDGE('',*,*,#2423,.T.);
#3450=ORIENTED_EDGE('',*,*,#2376,.F.);
#3451=ORIENTED_EDGE('',*,*,#2111,.T.);
#3452=ORIENTED_EDGE('',*,*,#2108,.F.);
#3453=ORIENTED_EDGE('',*,*,#2100,.F.);
#3454=ORIENTED_EDGE('',*,*,#2123,.F.);
#3455=ORIENTED_EDGE('',*,*,#2373,.F.);
#3456=ORIENTED_EDGE('',*,*,#2392,.T.);
#3457=ORIENTED_EDGE('',*,*,#2386,.F.);
#3458=ORIENTED_EDGE('',*,*,#2454,.T.);
#3459=ORIENTED_EDGE('',*,*,#2455,.T.);
#3460=ORIENTED_EDGE('',*,*,#2456,.T.);
#3461=ORIENTED_EDGE('',*,*,#2455,.F.);
#3462=ORIENTED_EDGE('',*,*,#2457,.T.);
#3463=ORIENTED_EDGE('',*,*,#2355,.F.);
#3464=ORIENTED_EDGE('',*,*,#2457,.F.);
#3465=ORIENTED_EDGE('',*,*,#2456,.F.);
#3466=ORIENTED_EDGE('',*,*,#2458,.T.);
#3467=ORIENTED_EDGE('',*,*,#2354,.F.);
#3468=ORIENTED_EDGE('',*,*,#2458,.F.);
#3469=ORIENTED_EDGE('',*,*,#2377,.F.);
#3470=ORIENTED_EDGE('',*,*,#2454,.F.);
#3471=ORIENTED_EDGE('',*,*,#2388,.F.);
#3472=ORIENTED_EDGE('',*,*,#2384,.F.);
#3473=ORIENTED_EDGE('',*,*,#2039,.F.);
#3474=ORIENTED_EDGE('',*,*,#2043,.F.);
#3475=ORIENTED_EDGE('',*,*,#2353,.F.);
#3476=ORIENTED_EDGE('',*,*,#2459,.T.);
#3477=ORIENTED_EDGE('',*,*,#2460,.F.);
#3478=ORIENTED_EDGE('',*,*,#2459,.F.);
#3479=ORIENTED_EDGE('',*,*,#2352,.F.);
#3480=ORIENTED_EDGE('',*,*,#2461,.T.);
#3481=ORIENTED_EDGE('',*,*,#2462,.F.);
#3482=ORIENTED_EDGE('',*,*,#2461,.F.);
#3483=ORIENTED_EDGE('',*,*,#2340,.F.);
#3484=ORIENTED_EDGE('',*,*,#2425,.T.);
#3485=ORIENTED_EDGE('',*,*,#2463,.F.);
#3486=ORIENTED_EDGE('',*,*,#2424,.F.);
#3487=ORIENTED_EDGE('',*,*,#2463,.T.);
#3488=ORIENTED_EDGE('',*,*,#2464,.T.);
#3489=ORIENTED_EDGE('',*,*,#2427,.T.);
#3490=ORIENTED_EDGE('',*,*,#2358,.F.);
#3491=ORIENTED_EDGE('',*,*,#2356,.T.);
#3492=ORIENTED_EDGE('',*,*,#2334,.F.);
#3493=ORIENTED_EDGE('',*,*,#2465,.T.);
#3494=ORIENTED_EDGE('',*,*,#2462,.T.);
#3495=ORIENTED_EDGE('',*,*,#2466,.T.);
#3496=ORIENTED_EDGE('',*,*,#2466,.F.);
#3497=ORIENTED_EDGE('',*,*,#2467,.T.);
#3498=ORIENTED_EDGE('',*,*,#2367,.T.);
#3499=ORIENTED_EDGE('',*,*,#2467,.F.);
#3500=ORIENTED_EDGE('',*,*,#2465,.F.);
#3501=ORIENTED_EDGE('',*,*,#2468,.T.);
#3502=ORIENTED_EDGE('',*,*,#2366,.T.);
#3503=ORIENTED_EDGE('',*,*,#2468,.F.);
#3504=ORIENTED_EDGE('',*,*,#2469,.F.);
#3505=ORIENTED_EDGE('',*,*,#2470,.T.);
#3506=ORIENTED_EDGE('',*,*,#2365,.T.);
#3507=ORIENTED_EDGE('',*,*,#2470,.F.);
#3508=ORIENTED_EDGE('',*,*,#2464,.F.);
#3509=ORIENTED_EDGE('',*,*,#2471,.T.);
#3510=ORIENTED_EDGE('',*,*,#2364,.T.);
#3511=ORIENTED_EDGE('',*,*,#2471,.F.);
#3512=ORIENTED_EDGE('',*,*,#2460,.T.);
#3513=ORIENTED_EDGE('',*,*,#2469,.T.);
#3514=ORIENTED_EDGE('',*,*,#2472,.F.);
#3515=ORIENTED_EDGE('',*,*,#2473,.F.);
#3516=ORIENTED_EDGE('',*,*,#2474,.F.);
#3517=ORIENTED_EDGE('',*,*,#2475,.T.);
#3518=ORIENTED_EDGE('',*,*,#2476,.T.);
#3519=ORIENTED_EDGE('',*,*,#2473,.T.);
#3520=ORIENTED_EDGE('',*,*,#2477,.T.);
#3521=ORIENTED_EDGE('',*,*,#2478,.F.);
#3522=ORIENTED_EDGE('',*,*,#2479,.F.);
#3523=ORIENTED_EDGE('',*,*,#2480,.F.);
#3524=ORIENTED_EDGE('',*,*,#2481,.T.);
#3525=ORIENTED_EDGE('',*,*,#2482,.T.);
#3526=ORIENTED_EDGE('',*,*,#2479,.T.);
#3527=ORIENTED_EDGE('',*,*,#2483,.T.);
#3528=ORIENTED_EDGE('',*,*,#2484,.F.);
#3529=ORIENTED_EDGE('',*,*,#2485,.F.);
#3530=ORIENTED_EDGE('',*,*,#2486,.F.);
#3531=ORIENTED_EDGE('',*,*,#2487,.T.);
#3532=ORIENTED_EDGE('',*,*,#2488,.T.);
#3533=ORIENTED_EDGE('',*,*,#2485,.T.);
#3534=ORIENTED_EDGE('',*,*,#2489,.T.);
#3535=ORIENTED_EDGE('',*,*,#2490,.T.);
#3536=ORIENTED_EDGE('',*,*,#2491,.T.);
#3537=ORIENTED_EDGE('',*,*,#2486,.T.);
#3538=ORIENTED_EDGE('',*,*,#2492,.T.);
#3539=ORIENTED_EDGE('',*,*,#2490,.F.);
#3540=ORIENTED_EDGE('',*,*,#2493,.T.);
#3541=ORIENTED_EDGE('',*,*,#2494,.T.);
#3542=ORIENTED_EDGE('',*,*,#2495,.T.);
#3543=ORIENTED_EDGE('',*,*,#2496,.F.);
#3544=ORIENTED_EDGE('',*,*,#2497,.F.);
#3545=ORIENTED_EDGE('',*,*,#2498,.F.);
#3546=ORIENTED_EDGE('',*,*,#2499,.T.);
#3547=ORIENTED_EDGE('',*,*,#2500,.T.);
#3548=ORIENTED_EDGE('',*,*,#2497,.T.);
#3549=ORIENTED_EDGE('',*,*,#2501,.T.);
#3550=ORIENTED_EDGE('',*,*,#2484,.T.);
#3551=ORIENTED_EDGE('',*,*,#2502,.T.);
#3552=ORIENTED_EDGE('',*,*,#2498,.T.);
#3553=ORIENTED_EDGE('',*,*,#2503,.T.);
#3554=ORIENTED_EDGE('',*,*,#2496,.T.);
#3555=ORIENTED_EDGE('',*,*,#2504,.T.);
#3556=ORIENTED_EDGE('',*,*,#2480,.T.);
#3557=ORIENTED_EDGE('',*,*,#2505,.T.);
#3558=ORIENTED_EDGE('',*,*,#2478,.T.);
#3559=ORIENTED_EDGE('',*,*,#2506,.T.);
#3560=ORIENTED_EDGE('',*,*,#2474,.T.);
#3561=ORIENTED_EDGE('',*,*,#2507,.T.);
#3562=ORIENTED_EDGE('',*,*,#2508,.T.);
#3563=ORIENTED_EDGE('',*,*,#2472,.T.);
#3564=ORIENTED_EDGE('',*,*,#2509,.T.);
#3565=ORIENTED_EDGE('',*,*,#2510,.T.);
#3566=ORIENTED_EDGE('',*,*,#2511,.T.);
#3567=ORIENTED_EDGE('',*,*,#2510,.F.);
#3568=ORIENTED_EDGE('',*,*,#2512,.T.);
#3569=ORIENTED_EDGE('',*,*,#2513,.T.);
#3570=ORIENTED_EDGE('',*,*,#2514,.T.);
#3571=ORIENTED_EDGE('',*,*,#2515,.T.);
#3572=ORIENTED_EDGE('',*,*,#2516,.T.);
#3573=ORIENTED_EDGE('',*,*,#2513,.F.);
#3574=ORIENTED_EDGE('',*,*,#2517,.T.);
#3575=ORIENTED_EDGE('',*,*,#2518,.T.);
#3576=ORIENTED_EDGE('',*,*,#2519,.T.);
#3577=ORIENTED_EDGE('',*,*,#2520,.T.);
#3578=ORIENTED_EDGE('',*,*,#2521,.T.);
#3579=ORIENTED_EDGE('',*,*,#2522,.T.);
#3580=ORIENTED_EDGE('',*,*,#2523,.T.);
#3581=ORIENTED_EDGE('',*,*,#2524,.T.);
#3582=ORIENTED_EDGE('',*,*,#2521,.F.);
#3583=ORIENTED_EDGE('',*,*,#2525,.T.);
#3584=ORIENTED_EDGE('',*,*,#2517,.F.);
#3585=ORIENTED_EDGE('',*,*,#2519,.F.);
#3586=ORIENTED_EDGE('',*,*,#2526,.T.);
#3587=ORIENTED_EDGE('',*,*,#2515,.F.);
#3588=ORIENTED_EDGE('',*,*,#2527,.F.);
#3589=ORIENTED_EDGE('',*,*,#2501,.F.);
#3590=ORIENTED_EDGE('',*,*,#2505,.F.);
#3591=ORIENTED_EDGE('',*,*,#2482,.F.);
#3592=ORIENTED_EDGE('',*,*,#2528,.F.);
#3593=ORIENTED_EDGE('',*,*,#2529,.F.);
#3594=ORIENTED_EDGE('',*,*,#2530,.F.);
#3595=ORIENTED_EDGE('',*,*,#2531,.F.);
#3596=ORIENTED_EDGE('',*,*,#2532,.T.);
#3597=ORIENTED_EDGE('',*,*,#2533,.F.);
#3598=ORIENTED_EDGE('',*,*,#2534,.T.);
#3599=ORIENTED_EDGE('',*,*,#2535,.F.);
#3600=ORIENTED_EDGE('',*,*,#2536,.F.);
#3601=ORIENTED_EDGE('',*,*,#2537,.F.);
#3602=ORIENTED_EDGE('',*,*,#2538,.F.);
#3603=ORIENTED_EDGE('',*,*,#2483,.F.);
#3604=ORIENTED_EDGE('',*,*,#2507,.F.);
#3605=ORIENTED_EDGE('',*,*,#2476,.F.);
#3606=ORIENTED_EDGE('',*,*,#2539,.T.);
#3607=ORIENTED_EDGE('',*,*,#2477,.F.);
#3608=ORIENTED_EDGE('',*,*,#2508,.F.);
#3609=ORIENTED_EDGE('',*,*,#2540,.F.);
#3610=ORIENTED_EDGE('',*,*,#2541,.T.);
#3611=ORIENTED_EDGE('',*,*,#2511,.F.);
#3612=ORIENTED_EDGE('',*,*,#2516,.F.);
#3613=ORIENTED_EDGE('',*,*,#2542,.F.);
#3614=ORIENTED_EDGE('',*,*,#2543,.F.);
#3615=ORIENTED_EDGE('',*,*,#2544,.F.);
#3616=ORIENTED_EDGE('',*,*,#2545,.F.);
#3617=ORIENTED_EDGE('',*,*,#2546,.T.);
#3618=ORIENTED_EDGE('',*,*,#2540,.T.);
#3619=ORIENTED_EDGE('',*,*,#2526,.F.);
#3620=ORIENTED_EDGE('',*,*,#2547,.T.);
#3621=ORIENTED_EDGE('',*,*,#2548,.T.);
#3622=ORIENTED_EDGE('',*,*,#2542,.T.);
#3623=ORIENTED_EDGE('',*,*,#2518,.F.);
#3624=ORIENTED_EDGE('',*,*,#2549,.F.);
#3625=ORIENTED_EDGE('',*,*,#2550,.F.);
#3626=ORIENTED_EDGE('',*,*,#2547,.F.);
#3627=ORIENTED_EDGE('',*,*,#2525,.F.);
#3628=ORIENTED_EDGE('',*,*,#2551,.T.);
#3629=ORIENTED_EDGE('',*,*,#2552,.T.);
#3630=ORIENTED_EDGE('',*,*,#2549,.T.);
#3631=ORIENTED_EDGE('',*,*,#2524,.F.);
#3632=ORIENTED_EDGE('',*,*,#2553,.F.);
#3633=ORIENTED_EDGE('',*,*,#2554,.F.);
#3634=ORIENTED_EDGE('',*,*,#2555,.F.);
#3635=ORIENTED_EDGE('',*,*,#2556,.F.);
#3636=ORIENTED_EDGE('',*,*,#2551,.F.);
#3637=ORIENTED_EDGE('',*,*,#2557,.T.);
#3638=ORIENTED_EDGE('',*,*,#2535,.T.);
#3639=ORIENTED_EDGE('',*,*,#2558,.T.);
#3640=ORIENTED_EDGE('',*,*,#2559,.T.);
#3641=ORIENTED_EDGE('',*,*,#2560,.T.);
#3642=ORIENTED_EDGE('',*,*,#2561,.T.);
#3643=ORIENTED_EDGE('',*,*,#2531,.T.);
#3644=ORIENTED_EDGE('',*,*,#2562,.T.);
#3645=ORIENTED_EDGE('',*,*,#2563,.T.);
#3646=ORIENTED_EDGE('',*,*,#2564,.T.);
#3647=ORIENTED_EDGE('',*,*,#2565,.F.);
#3648=ORIENTED_EDGE('',*,*,#2563,.F.);
#3649=ORIENTED_EDGE('',*,*,#2566,.T.);
#3650=ORIENTED_EDGE('',*,*,#2560,.F.);
#3651=ORIENTED_EDGE('',*,*,#2558,.F.);
#3652=ORIENTED_EDGE('',*,*,#2534,.F.);
#3653=ORIENTED_EDGE('',*,*,#2567,.T.);
#3654=ORIENTED_EDGE('',*,*,#2568,.F.);
#3655=ORIENTED_EDGE('',*,*,#2557,.F.);
#3656=ORIENTED_EDGE('',*,*,#2566,.F.);
#3657=ORIENTED_EDGE('',*,*,#2562,.F.);
#3658=ORIENTED_EDGE('',*,*,#2530,.T.);
#3659=ORIENTED_EDGE('',*,*,#2569,.F.);
#3660=ORIENTED_EDGE('',*,*,#2570,.T.);
#3661=ORIENTED_EDGE('',*,*,#2571,.F.);
#3662=ORIENTED_EDGE('',*,*,#2572,.F.);
#3663=ORIENTED_EDGE('',*,*,#2573,.T.);
#3664=ORIENTED_EDGE('',*,*,#2574,.F.);
#3665=ORIENTED_EDGE('',*,*,#2575,.F.);
#3666=ORIENTED_EDGE('',*,*,#2576,.T.);
#3667=ORIENTED_EDGE('',*,*,#2577,.F.);
#3668=ORIENTED_EDGE('',*,*,#2578,.T.);
#3669=ORIENTED_EDGE('',*,*,#2579,.F.);
#3670=ORIENTED_EDGE('',*,*,#2544,.T.);
#3671=ORIENTED_EDGE('',*,*,#2580,.F.);
#3672=ORIENTED_EDGE('',*,*,#2581,.F.);
#3673=ORIENTED_EDGE('',*,*,#2582,.F.);
#3674=ORIENTED_EDGE('',*,*,#2555,.T.);
#3675=ORIENTED_EDGE('',*,*,#2583,.T.);
#3676=ORIENTED_EDGE('',*,*,#2584,.F.);
#3677=ORIENTED_EDGE('',*,*,#2585,.T.);
#3678=ORIENTED_EDGE('',*,*,#2586,.F.);
#3679=ORIENTED_EDGE('',*,*,#2587,.T.);
#3680=ORIENTED_EDGE('',*,*,#2588,.F.);
#3681=ORIENTED_EDGE('',*,*,#2589,.T.);
#3682=ORIENTED_EDGE('',*,*,#2590,.F.);
#3683=ORIENTED_EDGE('',*,*,#2536,.T.);
#3684=ORIENTED_EDGE('',*,*,#2591,.T.);
#3685=ORIENTED_EDGE('',*,*,#2575,.T.);
#3686=ORIENTED_EDGE('',*,*,#2592,.T.);
#3687=ORIENTED_EDGE('',*,*,#2593,.T.);
#3688=ORIENTED_EDGE('',*,*,#2594,.T.);
#3689=ORIENTED_EDGE('',*,*,#2592,.F.);
#3690=ORIENTED_EDGE('',*,*,#2574,.T.);
#3691=ORIENTED_EDGE('',*,*,#2595,.T.);
#3692=ORIENTED_EDGE('',*,*,#2596,.F.);
#3693=ORIENTED_EDGE('',*,*,#2597,.T.);
#3694=ORIENTED_EDGE('',*,*,#2598,.T.);
#3695=ORIENTED_EDGE('',*,*,#2571,.T.);
#3696=ORIENTED_EDGE('',*,*,#2599,.T.);
#3697=ORIENTED_EDGE('',*,*,#2598,.F.);
#3698=ORIENTED_EDGE('',*,*,#2600,.F.);
#3699=ORIENTED_EDGE('',*,*,#2601,.F.);
#3700=ORIENTED_EDGE('',*,*,#2572,.T.);
#3701=ORIENTED_EDGE('',*,*,#2586,.T.);
#3702=ORIENTED_EDGE('',*,*,#2602,.T.);
#3703=ORIENTED_EDGE('',*,*,#2493,.F.);
#3704=ORIENTED_EDGE('',*,*,#2603,.T.);
#3705=ORIENTED_EDGE('',*,*,#2604,.T.);
#3706=ORIENTED_EDGE('',*,*,#2605,.F.);
#3707=ORIENTED_EDGE('',*,*,#2587,.F.);
#3708=ORIENTED_EDGE('',*,*,#2603,.F.);
#3709=ORIENTED_EDGE('',*,*,#2492,.F.);
#3710=ORIENTED_EDGE('',*,*,#2488,.F.);
#3711=ORIENTED_EDGE('',*,*,#2577,.T.);
#3712=ORIENTED_EDGE('',*,*,#2606,.T.);
#3713=ORIENTED_EDGE('',*,*,#2607,.T.);
#3714=ORIENTED_EDGE('',*,*,#2608,.T.);
#3715=ORIENTED_EDGE('',*,*,#2594,.F.);
#3716=ORIENTED_EDGE('',*,*,#2609,.T.);
#3717=ORIENTED_EDGE('',*,*,#2606,.F.);
#3718=ORIENTED_EDGE('',*,*,#2576,.F.);
#3719=ORIENTED_EDGE('',*,*,#2569,.T.);
#3720=ORIENTED_EDGE('',*,*,#2529,.T.);
#3721=ORIENTED_EDGE('',*,*,#2610,.T.);
#3722=ORIENTED_EDGE('',*,*,#2611,.T.);
#3723=ORIENTED_EDGE('',*,*,#2590,.T.);
#3724=ORIENTED_EDGE('',*,*,#2612,.T.);
#3725=ORIENTED_EDGE('',*,*,#2613,.T.);
#3726=ORIENTED_EDGE('',*,*,#2537,.T.);
#3727=ORIENTED_EDGE('',*,*,#2613,.F.);
#3728=ORIENTED_EDGE('',*,*,#2614,.F.);
#3729=ORIENTED_EDGE('',*,*,#2615,.F.);
#3730=ORIENTED_EDGE('',*,*,#2604,.F.);
#3731=ORIENTED_EDGE('',*,*,#2487,.F.);
#3732=ORIENTED_EDGE('',*,*,#2616,.F.);
#3733=ORIENTED_EDGE('',*,*,#2499,.F.);
#3734=ORIENTED_EDGE('',*,*,#2527,.T.);
#3735=ORIENTED_EDGE('',*,*,#2612,.F.);
#3736=ORIENTED_EDGE('',*,*,#2589,.F.);
#3737=ORIENTED_EDGE('',*,*,#2617,.F.);
#3738=ORIENTED_EDGE('',*,*,#2614,.T.);
#3739=ORIENTED_EDGE('',*,*,#2588,.T.);
#3740=ORIENTED_EDGE('',*,*,#2605,.T.);
#3741=ORIENTED_EDGE('',*,*,#2615,.T.);
#3742=ORIENTED_EDGE('',*,*,#2617,.T.);
#3743=ORIENTED_EDGE('',*,*,#2618,.T.);
#3744=ORIENTED_EDGE('',*,*,#2545,.T.);
#3745=ORIENTED_EDGE('',*,*,#2579,.T.);
#3746=ORIENTED_EDGE('',*,*,#2619,.T.);
#3747=ORIENTED_EDGE('',*,*,#2620,.T.);
#3748=ORIENTED_EDGE('',*,*,#2584,.T.);
#3749=ORIENTED_EDGE('',*,*,#2621,.T.);
#3750=ORIENTED_EDGE('',*,*,#2622,.T.);
#3751=ORIENTED_EDGE('',*,*,#2494,.F.);
#3752=ORIENTED_EDGE('',*,*,#2623,.T.);
#3753=ORIENTED_EDGE('',*,*,#2622,.F.);
#3754=ORIENTED_EDGE('',*,*,#2624,.T.);
#3755=ORIENTED_EDGE('',*,*,#2602,.F.);
#3756=ORIENTED_EDGE('',*,*,#2585,.F.);
#3757=ORIENTED_EDGE('',*,*,#2620,.F.);
#3758=ORIENTED_EDGE('',*,*,#2623,.F.);
#3759=ORIENTED_EDGE('',*,*,#2625,.F.);
#3760=ORIENTED_EDGE('',*,*,#2548,.F.);
#3761=ORIENTED_EDGE('',*,*,#2626,.F.);
#3762=ORIENTED_EDGE('',*,*,#2627,.F.);
#3763=ORIENTED_EDGE('',*,*,#2552,.F.);
#3764=ORIENTED_EDGE('',*,*,#2628,.F.);
#3765=ORIENTED_EDGE('',*,*,#2582,.T.);
#3766=ORIENTED_EDGE('',*,*,#2629,.T.);
#3767=ORIENTED_EDGE('',*,*,#2628,.T.);
#3768=ORIENTED_EDGE('',*,*,#2556,.T.);
#3769=ORIENTED_EDGE('',*,*,#2627,.T.);
#3770=ORIENTED_EDGE('',*,*,#2630,.T.);
#3771=ORIENTED_EDGE('',*,*,#2626,.T.);
#3772=ORIENTED_EDGE('',*,*,#2550,.T.);
#3773=ORIENTED_EDGE('',*,*,#2580,.T.);
#3774=ORIENTED_EDGE('',*,*,#2543,.T.);
#3775=ORIENTED_EDGE('',*,*,#2625,.T.);
#3776=ORIENTED_EDGE('',*,*,#2631,.T.);
#3777=ORIENTED_EDGE('',*,*,#2514,.F.);
#3778=ORIENTED_EDGE('',*,*,#2632,.F.);
#3779=ORIENTED_EDGE('',*,*,#2522,.F.);
#3780=ORIENTED_EDGE('',*,*,#2520,.F.);
#3781=ORIENTED_EDGE('',*,*,#2631,.F.);
#3782=ORIENTED_EDGE('',*,*,#2630,.F.);
#3783=ORIENTED_EDGE('',*,*,#2629,.F.);
#3784=ORIENTED_EDGE('',*,*,#2581,.T.);
#3785=ORIENTED_EDGE('',*,*,#2621,.F.);
#3786=ORIENTED_EDGE('',*,*,#2583,.F.);
#3787=ORIENTED_EDGE('',*,*,#2554,.T.);
#3788=ORIENTED_EDGE('',*,*,#2633,.F.);
#3789=ORIENTED_EDGE('',*,*,#2495,.F.);
#3790=ORIENTED_EDGE('',*,*,#2624,.F.);
#3791=ORIENTED_EDGE('',*,*,#2633,.T.);
#3792=ORIENTED_EDGE('',*,*,#2553,.T.);
#3793=ORIENTED_EDGE('',*,*,#2523,.F.);
#3794=ORIENTED_EDGE('',*,*,#2632,.T.);
#3795=ORIENTED_EDGE('',*,*,#2512,.F.);
#3796=ORIENTED_EDGE('',*,*,#2509,.F.);
#3797=ORIENTED_EDGE('',*,*,#2506,.F.);
#3798=ORIENTED_EDGE('',*,*,#2504,.F.);
#3799=ORIENTED_EDGE('',*,*,#2502,.F.);
#3800=ORIENTED_EDGE('',*,*,#2491,.F.);
#3801=ORIENTED_EDGE('',*,*,#2634,.F.);
#3802=ORIENTED_EDGE('',*,*,#2635,.T.);
#3803=ORIENTED_EDGE('',*,*,#2591,.F.);
#3804=ORIENTED_EDGE('',*,*,#2635,.F.);
#3805=ORIENTED_EDGE('',*,*,#2573,.F.);
#3806=ORIENTED_EDGE('',*,*,#2601,.T.);
#3807=ORIENTED_EDGE('',*,*,#2636,.F.);
#3808=ORIENTED_EDGE('',*,*,#2595,.F.);
#3809=ORIENTED_EDGE('',*,*,#2599,.F.);
#3810=ORIENTED_EDGE('',*,*,#2570,.F.);
#3811=ORIENTED_EDGE('',*,*,#2611,.F.);
#3812=ORIENTED_EDGE('',*,*,#2637,.T.);
#3813=ORIENTED_EDGE('',*,*,#2638,.F.);
#3814=ORIENTED_EDGE('',*,*,#2639,.T.);
#3815=ORIENTED_EDGE('',*,*,#2538,.T.);
#3816=ORIENTED_EDGE('',*,*,#2639,.F.);
#3817=ORIENTED_EDGE('',*,*,#2561,.F.);
#3818=ORIENTED_EDGE('',*,*,#2640,.F.);
#3819=ORIENTED_EDGE('',*,*,#2641,.F.);
#3820=ORIENTED_EDGE('',*,*,#2532,.F.);
#3821=ORIENTED_EDGE('',*,*,#2533,.T.);
#3822=ORIENTED_EDGE('',*,*,#2641,.T.);
#3823=ORIENTED_EDGE('',*,*,#2642,.F.);
#3824=ORIENTED_EDGE('',*,*,#2567,.F.);
#3825=ORIENTED_EDGE('',*,*,#2565,.T.);
#3826=ORIENTED_EDGE('',*,*,#2559,.F.);
#3827=ORIENTED_EDGE('',*,*,#2568,.T.);
#3828=ORIENTED_EDGE('',*,*,#2642,.T.);
#3829=ORIENTED_EDGE('',*,*,#2640,.T.);
#3830=ORIENTED_EDGE('',*,*,#2564,.F.);
#3831=ORIENTED_EDGE('',*,*,#2638,.T.);
#3832=ORIENTED_EDGE('',*,*,#2608,.F.);
#3833=ORIENTED_EDGE('',*,*,#2643,.T.);
#3834=ORIENTED_EDGE('',*,*,#2619,.F.);
#3835=ORIENTED_EDGE('',*,*,#2578,.F.);
#3836=ORIENTED_EDGE('',*,*,#2607,.F.);
#3837=ORIENTED_EDGE('',*,*,#2609,.F.);
#3838=ORIENTED_EDGE('',*,*,#2593,.F.);
#3839=ORIENTED_EDGE('',*,*,#2596,.T.);
#3840=ORIENTED_EDGE('',*,*,#2636,.T.);
#3841=ORIENTED_EDGE('',*,*,#2600,.T.);
#3842=ORIENTED_EDGE('',*,*,#2597,.F.);
#3843=ORIENTED_EDGE('',*,*,#2637,.F.);
#3844=ORIENTED_EDGE('',*,*,#2610,.F.);
#3845=ORIENTED_EDGE('',*,*,#2528,.T.);
#3846=ORIENTED_EDGE('',*,*,#2481,.F.);
#3847=ORIENTED_EDGE('',*,*,#2539,.F.);
#3848=ORIENTED_EDGE('',*,*,#2475,.F.);
#3849=ORIENTED_EDGE('',*,*,#2541,.F.);
#3850=ORIENTED_EDGE('',*,*,#2546,.F.);
#3851=ORIENTED_EDGE('',*,*,#2618,.F.);
#3852=ORIENTED_EDGE('',*,*,#2643,.F.);
#3853=ORIENTED_EDGE('',*,*,#2634,.T.);
#3854=ORIENTED_EDGE('',*,*,#2500,.F.);
#3855=ORIENTED_EDGE('',*,*,#2616,.T.);
#3856=ORIENTED_EDGE('',*,*,#2489,.F.);
#3857=ORIENTED_EDGE('',*,*,#2503,.F.);
#3858=B_SPLINE_SURFACE_WITH_KNOTS('',3,3,((#5795,#5796,#5797,#5798,#5799,
#5800,#5801,#5802,#5803,#5804,#5805,#5806,#5807),(#5808,#5809,#5810,#5811,
#5812,#5813,#5814,#5815,#5816,#5817,#5818,#5819,#5820),(#5821,#5822,#5823,
#5824,#5825,#5826,#5827,#5828,#5829,#5830,#5831,#5832,#5833),(#5834,#5835,
#5836,#5837,#5838,#5839,#5840,#5841,#5842,#5843,#5844,#5845,#5846),(#5847,
#5848,#5849,#5850,#5851,#5852,#5853,#5854,#5855,#5856,#5857,#5858,#5859),
(#5860,#5861,#5862,#5863,#5864,#5865,#5866,#5867,#5868,#5869,#5870,#5871,
#5872),(#5873,#5874,#5875,#5876,#5877,#5878,#5879,#5880,#5881,#5882,#5883,
#5884,#5885),(#5886,#5887,#5888,#5889,#5890,#5891,#5892,#5893,#5894,#5895,
#5896,#5897,#5898)),.UNSPECIFIED.,.F.,.F.,.F.,(4,1,1,1,1,4),(4,1,1,1,1,
1,1,1,1,1,4),(0.,0.2,0.4,0.6,0.8,1.),(0.,0.1,0.2,0.3,0.4,0.5,0.6,0.7,0.8,
0.9,1.),.UNSPECIFIED.);
#3859=B_SPLINE_SURFACE_WITH_KNOTS('',3,3,((#5989,#5990,#5991,#5992,#5993,
#5994,#5995,#5996),(#5997,#5998,#5999,#6000,#6001,#6002,#6003,#6004),(#6005,
#6006,#6007,#6008,#6009,#6010,#6011,#6012),(#6013,#6014,#6015,#6016,#6017,
#6018,#6019,#6020),(#6021,#6022,#6023,#6024,#6025,#6026,#6027,#6028),(#6029,
#6030,#6031,#6032,#6033,#6034,#6035,#6036),(#6037,#6038,#6039,#6040,#6041,
#6042,#6043,#6044),(#6045,#6046,#6047,#6048,#6049,#6050,#6051,#6052),(#6053,
#6054,#6055,#6056,#6057,#6058,#6059,#6060),(#6061,#6062,#6063,#6064,#6065,
#6066,#6067,#6068),(#6069,#6070,#6071,#6072,#6073,#6074,#6075,#6076),(#6077,
#6078,#6079,#6080,#6081,#6082,#6083,#6084),(#6085,#6086,#6087,#6088,#6089,
#6090,#6091,#6092)),.UNSPECIFIED.,.F.,.F.,.F.,(4,1,1,1,1,1,1,1,1,1,4),(4,
1,1,1,1,4),(0.,0.1,0.2,0.3,0.4,0.5,0.6,0.7,0.8,0.9,1.),(0.,0.2,0.4,0.6,
0.8,1.),.UNSPECIFIED.);
#3860=B_SPLINE_SURFACE_WITH_KNOTS('',3,3,((#6164,#6165,#6166,#6167,#6168,
#6169,#6170,#6171,#6172,#6173,#6174,#6175,#6176),(#6177,#6178,#6179,#6180,
#6181,#6182,#6183,#6184,#6185,#6186,#6187,#6188,#6189),(#6190,#6191,#6192,
#6193,#6194,#6195,#6196,#6197,#6198,#6199,#6200,#6201,#6202),(#6203,#6204,
#6205,#6206,#6207,#6208,#6209,#6210,#6211,#6212,#6213,#6214,#6215),(#6216,
#6217,#6218,#6219,#6220,#6221,#6222,#6223,#6224,#6225,#6226,#6227,#6228),
(#6229,#6230,#6231,#6232,#6233,#6234,#6235,#6236,#6237,#6238,#6239,#6240,
#6241),(#6242,#6243,#6244,#6245,#6246,#6247,#6248,#6249,#6250,#6251,#6252,
#6253,#6254),(#6255,#6256,#6257,#6258,#6259,#6260,#6261,#6262,#6263,#6264,
#6265,#6266,#6267)),.UNSPECIFIED.,.F.,.F.,.F.,(4,1,1,1,1,4),(4,1,1,1,1,
1,1,1,1,1,4),(0.,0.2,0.4,0.6,0.8,1.),(0.,0.1,0.2,0.3,0.4,0.5,0.6,0.7,0.8,
0.9,1.),.UNSPECIFIED.);
#3861=B_SPLINE_SURFACE_WITH_KNOTS('',3,3,((#6427,#6428,#6429,#6430,#6431,
#6432,#6433,#6434),(#6435,#6436,#6437,#6438,#6439,#6440,#6441,#6442),(#6443,
#6444,#6445,#6446,#6447,#6448,#6449,#6450),(#6451,#6452,#6453,#6454,#6455,
#6456,#6457,#6458),(#6459,#6460,#6461,#6462,#6463,#6464,#6465,#6466),(#6467,
#6468,#6469,#6470,#6471,#6472,#6473,#6474),(#6475,#6476,#6477,#6478,#6479,
#6480,#6481,#6482),(#6483,#6484,#6485,#6486,#6487,#6488,#6489,#6490),(#6491,
#6492,#6493,#6494,#6495,#6496,#6497,#6498),(#6499,#6500,#6501,#6502,#6503,
#6504,#6505,#6506),(#6507,#6508,#6509,#6510,#6511,#6512,#6513,#6514),(#6515,
#6516,#6517,#6518,#6519,#6520,#6521,#6522),(#6523,#6524,#6525,#6526,#6527,
#6528,#6529,#6530)),.UNSPECIFIED.,.F.,.F.,.F.,(4,1,1,1,1,1,1,1,1,1,4),(4,
1,1,1,1,4),(0.,0.1,0.2,0.3,0.4,0.5,0.6,0.7,0.8,0.9,1.),(0.,0.2,0.4,0.6,
0.8,1.),.UNSPECIFIED.);
#3862=B_SPLINE_SURFACE_WITH_KNOTS('',3,3,((#6701,#6702,#6703,#6704,#6705,
#6706,#6707,#6708,#6709,#6710,#6711,#6712,#6713),(#6714,#6715,#6716,#6717,
#6718,#6719,#6720,#6721,#6722,#6723,#6724,#6725,#6726),(#6727,#6728,#6729,
#6730,#6731,#6732,#6733,#6734,#6735,#6736,#6737,#6738,#6739),(#6740,#6741,
#6742,#6743,#6744,#6745,#6746,#6747,#6748,#6749,#6750,#6751,#6752),(#6753,
#6754,#6755,#6756,#6757,#6758,#6759,#6760,#6761,#6762,#6763,#6764,#6765),
(#6766,#6767,#6768,#6769,#6770,#6771,#6772,#6773,#6774,#6775,#6776,#6777,
#6778),(#6779,#6780,#6781,#6782,#6783,#6784,#6785,#6786,#6787,#6788,#6789,
#6790,#6791),(#6792,#6793,#6794,#6795,#6796,#6797,#6798,#6799,#6800,#6801,
#6802,#6803,#6804)),.UNSPECIFIED.,.F.,.F.,.F.,(4,1,1,1,1,4),(4,1,1,1,1,
1,1,1,1,1,4),(0.,0.2,0.4,0.6,0.8,1.),(0.,0.1,0.2,0.3,0.4,0.5,0.6,0.7,0.8,
0.9,1.),.UNSPECIFIED.);
#3863=B_SPLINE_SURFACE_WITH_KNOTS('',3,3,((#6883,#6884,#6885,#6886,#6887,
#6888,#6889,#6890),(#6891,#6892,#6893,#6894,#6895,#6896,#6897,#6898),(#6899,
#6900,#6901,#6902,#6903,#6904,#6905,#6906),(#6907,#6908,#6909,#6910,#6911,
#6912,#6913,#6914),(#6915,#6916,#6917,#6918,#6919,#6920,#6921,#6922),(#6923,
#6924,#6925,#6926,#6927,#6928,#6929,#6930),(#6931,#6932,#6933,#6934,#6935,
#6936,#6937,#6938),(#6939,#6940,#6941,#6942,#6943,#6944,#6945,#6946),(#6947,
#6948,#6949,#6950,#6951,#6952,#6953,#6954),(#6955,#6956,#6957,#6958,#6959,
#6960,#6961,#6962),(#6963,#6964,#6965,#6966,#6967,#6968,#6969,#6970)),
 .UNSPECIFIED.,.F.,.F.,.F.,(4,1,1,1,1,1,1,1,4),(4,1,1,1,1,4),(0.,0.125,
0.25,0.375,0.5,0.625,0.75,0.875,1.),(0.,0.2,0.4,0.6,0.8,1.),
 .UNSPECIFIED.);
#3864=B_SPLINE_SURFACE_WITH_KNOTS('',3,3,((#7067,#7068,#7069,#7070,#7071,
#7072,#7073,#7074,#7075,#7076,#7077),(#7078,#7079,#7080,#7081,#7082,#7083,
#7084,#7085,#7086,#7087,#7088),(#7089,#7090,#7091,#7092,#7093,#7094,#7095,
#7096,#7097,#7098,#7099),(#7100,#7101,#7102,#7103,#7104,#7105,#7106,#7107,
#7108,#7109,#7110),(#7111,#7112,#7113,#7114,#7115,#7116,#7117,#7118,#7119,
#7120,#7121),(#7122,#7123,#7124,#7125,#7126,#7127,#7128,#7129,#7130,#7131,
#7132),(#7133,#7134,#7135,#7136,#7137,#7138,#7139,#7140,#7141,#7142,#7143),
(#7144,#7145,#7146,#7147,#7148,#7149,#7150,#7151,#7152,#7153,#7154)),
 .UNSPECIFIED.,.F.,.F.,.F.,(4,1,1,1,1,4),(4,1,1,1,1,1,1,1,4),(0.,0.2,0.4,
0.6,0.8,1.),(0.,0.125,0.25,0.375,0.5,0.625,0.75,0.875,1.),.UNSPECIFIED.);
#3865=B_SPLINE_SURFACE_WITH_KNOTS('',3,3,((#7167,#7168,#7169,#7170,#7171,
#7172,#7173,#7174,#7175,#7176,#7177,#7178,#7179,#7180,#7181),(#7182,#7183,
#7184,#7185,#7186,#7187,#7188,#7189,#7190,#7191,#7192,#7193,#7194,#7195,
#7196),(#7197,#7198,#7199,#7200,#7201,#7202,#7203,#7204,#7205,#7206,#7207,
#7208,#7209,#7210,#7211),(#7212,#7213,#7214,#7215,#7216,#7217,#7218,#7219,
#7220,#7221,#7222,#7223,#7224,#7225,#7226),(#7227,#7228,#7229,#7230,#7231,
#7232,#7233,#7234,#7235,#7236,#7237,#7238,#7239,#7240,#7241),(#7242,#7243,
#7244,#7245,#7246,#7247,#7248,#7249,#7250,#7251,#7252,#7253,#7254,#7255,
#7256),(#7257,#7258,#7259,#7260,#7261,#7262,#7263,#7264,#7265,#7266,#7267,
#7268,#7269,#7270,#7271),(#7272,#7273,#7274,#7275,#7276,#7277,#7278,#7279,
#7280,#7281,#7282,#7283,#7284,#7285,#7286)),.UNSPECIFIED.,.F.,.F.,.F.,(4,
1,1,1,1,4),(4,1,1,1,1,1,1,1,1,1,1,1,4),(0.,0.2,0.4,0.6,0.8,1.),(0.,0.0833333333333333,
0.166666666666667,0.25,0.333333333333333,0.416666666666667,0.5,0.583333333333333,
0.666666666666667,0.75,0.833333333333333,0.916666666666667,1.),
 .UNSPECIFIED.);
#3866=B_SPLINE_SURFACE_WITH_KNOTS('',3,3,((#7478,#7479,#7480,#7481,#7482,
#7483,#7484,#7485),(#7486,#7487,#7488,#7489,#7490,#7491,#7492,#7493),(#7494,
#7495,#7496,#7497,#7498,#7499,#7500,#7501),(#7502,#7503,#7504,#7505,#7506,
#7507,#7508,#7509),(#7510,#7511,#7512,#7513,#7514,#7515,#7516,#7517),(#7518,
#7519,#7520,#7521,#7522,#7523,#7524,#7525),(#7526,#7527,#7528,#7529,#7530,
#7531,#7532,#7533),(#7534,#7535,#7536,#7537,#7538,#7539,#7540,#7541),(#7542,
#7543,#7544,#7545,#7546,#7547,#7548,#7549),(#7550,#7551,#7552,#7553,#7554,
#7555,#7556,#7557),(#7558,#7559,#7560,#7561,#7562,#7563,#7564,#7565),(#7566,
#7567,#7568,#7569,#7570,#7571,#7572,#7573),(#7574,#7575,#7576,#7577,#7578,
#7579,#7580,#7581),(#7582,#7583,#7584,#7585,#7586,#7587,#7588,#7589),(#7590,
#7591,#7592,#7593,#7594,#7595,#7596,#7597)),.UNSPECIFIED.,.F.,.F.,.F.,(4,
1,1,1,1,1,1,1,1,1,1,1,4),(4,1,1,1,1,4),(0.,0.0833333333333333,0.166666666666667,
0.25,0.333333333333333,0.416666666666667,0.5,0.583333333333333,0.666666666666667,
0.75,0.833333333333333,0.916666666666667,1.),(0.,0.2,0.4,0.6,0.8,1.),
 .UNSPECIFIED.);
#3867=B_SPLINE_SURFACE_WITH_KNOTS('',3,3,((#7785,#7786,#7787,#7788,#7789,
#7790,#7791,#7792,#7793,#7794,#7795,#7796,#7797,#7798,#7799),(#7800,#7801,
#7802,#7803,#7804,#7805,#7806,#7807,#7808,#7809,#7810,#7811,#7812,#7813,
#7814),(#7815,#7816,#7817,#7818,#7819,#7820,#7821,#7822,#7823,#7824,#7825,
#7826,#7827,#7828,#7829),(#7830,#7831,#7832,#7833,#7834,#7835,#7836,#7837,
#7838,#7839,#7840,#7841,#7842,#7843,#7844),(#7845,#7846,#7847,#7848,#7849,
#7850,#7851,#7852,#7853,#7854,#7855,#7856,#7857,#7858,#7859),(#7860,#7861,
#7862,#7863,#7864,#7865,#7866,#7867,#7868,#7869,#7870,#7871,#7872,#7873,
#7874),(#7875,#7876,#7877,#7878,#7879,#7880,#7881,#7882,#7883,#7884,#7885,
#7886,#7887,#7888,#7889),(#7890,#7891,#7892,#7893,#7894,#7895,#7896,#7897,
#7898,#7899,#7900,#7901,#7902,#7903,#7904)),.UNSPECIFIED.,.F.,.F.,.F.,(4,
1,1,1,1,4),(4,1,1,1,1,1,1,1,1,1,1,1,4),(0.,0.2,0.4,0.6,0.8,1.),(0.,0.0833333333333333,
0.166666666666667,0.25,0.333333333333333,0.416666666666667,0.5,0.583333333333333,
0.666666666666667,0.75,0.833333333333333,0.916666666666667,1.),
 .UNSPECIFIED.);
#3868=B_SPLINE_SURFACE_WITH_KNOTS('',3,3,((#8004,#8005,#8006,#8007,#8008,
#8009,#8010,#8011),(#8012,#8013,#8014,#8015,#8016,#8017,#8018,#8019),(#8020,
#8021,#8022,#8023,#8024,#8025,#8026,#8027),(#8028,#8029,#8030,#8031,#8032,
#8033,#8034,#8035),(#8036,#8037,#8038,#8039,#8040,#8041,#8042,#8043),(#8044,
#8045,#8046,#8047,#8048,#8049,#8050,#8051),(#8052,#8053,#8054,#8055,#8056,
#8057,#8058,#8059),(#8060,#8061,#8062,#8063,#8064,#8065,#8066,#8067),(#8068,
#8069,#8070,#8071,#8072,#8073,#8074,#8075),(#8076,#8077,#8078,#8079,#8080,
#8081,#8082,#8083),(#8084,#8085,#8086,#8087,#8088,#8089,#8090,#8091),(#8092,
#8093,#8094,#8095,#8096,#8097,#8098,#8099),(#8100,#8101,#8102,#8103,#8104,
#8105,#8106,#8107)),.UNSPECIFIED.,.F.,.F.,.F.,(4,1,1,1,1,1,1,1,1,1,4),(4,
1,1,1,1,4),(0.,0.1,0.2,0.3,0.4,0.5,0.6,0.7,0.8,0.9,1.),(0.,0.2,0.4,0.6,
0.8,1.),.UNSPECIFIED.);
#3869=B_SPLINE_SURFACE_WITH_KNOTS('',3,3,((#8212,#8213,#8214,#8215,#8216,
#8217,#8218,#8219,#8220,#8221,#8222,#8223,#8224),(#8225,#8226,#8227,#8228,
#8229,#8230,#8231,#8232,#8233,#8234,#8235,#8236,#8237),(#8238,#8239,#8240,
#8241,#8242,#8243,#8244,#8245,#8246,#8247,#8248,#8249,#8250),(#8251,#8252,
#8253,#8254,#8255,#8256,#8257,#8258,#8259,#8260,#8261,#8262,#8263),(#8264,
#8265,#8266,#8267,#8268,#8269,#8270,#8271,#8272,#8273,#8274,#8275,#8276),
(#8277,#8278,#8279,#8280,#8281,#8282,#8283,#8284,#8285,#8286,#8287,#8288,
#8289),(#8290,#8291,#8292,#8293,#8294,#8295,#8296,#8297,#8298,#8299,#8300,
#8301,#8302),(#8303,#8304,#8305,#8306,#8307,#8308,#8309,#8310,#8311,#8312,
#8313,#8314,#8315)),.UNSPECIFIED.,.F.,.F.,.F.,(4,1,1,1,1,4),(4,1,1,1,1,
1,1,1,1,1,4),(0.,0.2,0.4,0.6,0.8,1.),(0.,0.1,0.2,0.3,0.4,0.5,0.6,0.7,0.8,
0.9,1.),.UNSPECIFIED.);
#3870=B_SPLINE_SURFACE_WITH_KNOTS('',3,3,((#8409,#8410,#8411,#8412,#8413,
#8414,#8415,#8416,#8417,#8418),(#8419,#8420,#8421,#8422,#8423,#8424,#8425,
#8426,#8427,#8428),(#8429,#8430,#8431,#8432,#8433,#8434,#8435,#8436,#8437,
#8438),(#8439,#8440,#8441,#8442,#8443,#8444,#8445,#8446,#8447,#8448),(#8449,
#8450,#8451,#8452,#8453,#8454,#8455,#8456,#8457,#8458)),.UNSPECIFIED.,.F.,
 .F.,.F.,(4,1,4),(4,2,1,1,1,1,4),(0.,0.571428571428571,1.),(-0.0303569037589608,
-0.00332313910780914,0.0233645700054399,0.0500522791186889,0.103427697345187,
0.210178533798183,0.315928763683421),.UNSPECIFIED.);
#3871=B_SPLINE_SURFACE_WITH_KNOTS('',3,1,((#8556,#8557),(#8558,#8559),(#8560,
#8561),(#8562,#8563),(#8564,#8565),(#8566,#8567),(#8568,#8569)),
 .UNSPECIFIED.,.F.,.F.,.F.,(4,3,4),(2,2),(0.00255653295304649,0.164601220449304,
0.246129205759344),(0.,1.705),.UNSPECIFIED.);
#3872=B_SPLINE_SURFACE_WITH_KNOTS('',3,3,((#8760,#8761,#8762,#8763),(#8764,
#8765,#8766,#8767),(#8768,#8769,#8770,#8771),(#8772,#8773,#8774,#8775),
(#8776,#8777,#8778,#8779)),.UNSPECIFIED.,.F.,.F.,.F.,(4,1,4),(4,4),(0.,
0.571428571428571,1.),(1.1564333150677E-15,0.276401791960267),
 .UNSPECIFIED.);
#3873=B_SPLINE_SURFACE_WITH_KNOTS('',3,3,((#8794,#8795,#8796,#8797,#8798,
#8799,#8800,#8801),(#8802,#8803,#8804,#8805,#8806,#8807,#8808,#8809),(#8810,
#8811,#8812,#8813,#8814,#8815,#8816,#8817),(#8818,#8819,#8820,#8821,#8822,
#8823,#8824,#8825),(#8826,#8827,#8828,#8829,#8830,#8831,#8832,#8833),(#8834,
#8835,#8836,#8837,#8838,#8839,#8840,#8841),(#8842,#8843,#8844,#8845,#8846,
#8847,#8848,#8849),(#8850,#8851,#8852,#8853,#8854,#8855,#8856,#8857),(#8858,
#8859,#8860,#8861,#8862,#8863,#8864,#8865),(#8866,#8867,#8868,#8869,#8870,
#8871,#8872,#8873),(#8874,#8875,#8876,#8877,#8878,#8879,#8880,#8881),(#8882,
#8883,#8884,#8885,#8886,#8887,#8888,#8889),(#8890,#8891,#8892,#8893,#8894,
#8895,#8896,#8897),(#8898,#8899,#8900,#8901,#8902,#8903,#8904,#8905),(#8906,
#8907,#8908,#8909,#8910,#8911,#8912,#8913)),.UNSPECIFIED.,.F.,.F.,.F.,(4,
1,1,1,1,1,1,1,1,1,1,1,4),(4,1,1,1,1,4),(0.,0.0833333333333333,0.166666666666667,
0.25,0.333333333333333,0.416666666666667,0.5,0.583333333333333,0.666666666666667,
0.75,0.833333333333333,0.916666666666667,1.),(0.,0.2,0.4,0.6,0.8,1.),
 .UNSPECIFIED.);
#3874=B_SPLINE_SURFACE_WITH_KNOTS('',3,3,((#8983,#8984,#8985,#8986),(#8987,
#8988,#8989,#8990),(#8991,#8992,#8993,#8994),(#8995,#8996,#8997,#8998)),
 .UNSPECIFIED.,.F.,.F.,.F.,(4,4),(4,4),(0.,1.),(0.461168946646248,1.54319505524917),
 .UNSPECIFIED.);
#3875=B_SPLINE_SURFACE_WITH_KNOTS('',3,3,((#9007,#9008,#9009,#9010),(#9011,
#9012,#9013,#9014),(#9015,#9016,#9017,#9018),(#9019,#9020,#9021,#9022),
(#9023,#9024,#9025,#9026)),.UNSPECIFIED.,.F.,.F.,.F.,(4,1,4),(4,4),(0.,
0.5,1.),(-0.0707044364605711,0.),.UNSPECIFIED.);
#3876=B_SPLINE_SURFACE_WITH_KNOTS('',3,3,((#9038,#9039,#9040,#9041),(#9042,
#9043,#9044,#9045),(#9046,#9047,#9048,#9049),(#9050,#9051,#9052,#9053),
(#9054,#9055,#9056,#9057)),.UNSPECIFIED.,.F.,.F.,.F.,(4,1,4),(4,4),(0.,
0.5,1.),(0.,0.0663092032862994),.UNSPECIFIED.);
#3877=B_SPLINE_SURFACE_WITH_KNOTS('',3,3,((#9069,#9070,#9071,#9072,#9073,
#9074),(#9075,#9076,#9077,#9078,#9079,#9080),(#9081,#9082,#9083,#9084,#9085,
#9086),(#9087,#9088,#9089,#9090,#9091,#9092),(#9093,#9094,#9095,#9096,#9097,
#9098)),.UNSPECIFIED.,.F.,.F.,.F.,(4,1,4),(4,2,4),(0.,0.5,1.),(0.,0.065077046914069,
0.196462656079432),.UNSPECIFIED.);
#3878=B_SPLINE_SURFACE_WITH_KNOTS('',3,3,((#9178,#9179,#9180,#9181,#9182,
#9183),(#9184,#9185,#9186,#9187,#9188,#9189),(#9190,#9191,#9192,#9193,#9194,
#9195),(#9196,#9197,#9198,#9199,#9200,#9201),(#9202,#9203,#9204,#9205,#9206,
#9207),(#9208,#9209,#9210,#9211,#9212,#9213),(#9214,#9215,#9216,#9217,#9218,
#9219)),.UNSPECIFIED.,.F.,.F.,.F.,(4,1,1,1,4),(4,1,1,4),(0.,0.285714285714286,
0.571428571428571,0.714285714285714,1.),(0.,0.285714285714286,0.571428571428571,
1.),.UNSPECIFIED.);
#3879=B_SPLINE_SURFACE_WITH_KNOTS('',3,3,((#9238,#9239,#9240,#9241,#9242,
#9243,#9244),(#9245,#9246,#9247,#9248,#9249,#9250,#9251),(#9252,#9253,#9254,
#9255,#9256,#9257,#9258),(#9259,#9260,#9261,#9262,#9263,#9264,#9265),(#9266,
#9267,#9268,#9269,#9270,#9271,#9272),(#9273,#9274,#9275,#9276,#9277,#9278,
#9279),(#9280,#9281,#9282,#9283,#9284,#9285,#9286)),.UNSPECIFIED.,.F.,.F.,
 .F.,(4,1,1,1,4),(4,1,1,1,4),(0.,0.285714285714286,0.571428571428571,0.714285714285714,
1.),(0.,0.285714285714286,0.571428571428571,0.857142857142857,1.),
 .UNSPECIFIED.);
#3880=B_SPLINE_SURFACE_WITH_KNOTS('',3,3,((#9349,#9350,#9351,#9352,#9353,
#9354,#9355,#9356),(#9357,#9358,#9359,#9360,#9361,#9362,#9363,#9364),(#9365,
#9366,#9367,#9368,#9369,#9370,#9371,#9372),(#9373,#9374,#9375,#9376,#9377,
#9378,#9379,#9380),(#9381,#9382,#9383,#9384,#9385,#9386,#9387,#9388),(#9389,
#9390,#9391,#9392,#9393,#9394,#9395,#9396),(#9397,#9398,#9399,#9400,#9401,
#9402,#9403,#9404)),.UNSPECIFIED.,.F.,.F.,.F.,(4,1,1,1,4),(4,1,1,1,1,4),
(0.,0.285714285714286,0.571428571428571,0.857142857142857,1.),(0.,0.142857142857143,
0.285714285714286,0.571428571428571,0.857142857142857,1.),.UNSPECIFIED.);
#3881=B_SPLINE_SURFACE_WITH_KNOTS('',3,3,((#9427,#9428,#9429,#9430,#9431,
#9432,#9433,#9434),(#9435,#9436,#9437,#9438,#9439,#9440,#9441,#9442),(#9443,
#9444,#9445,#9446,#9447,#9448,#9449,#9450),(#9451,#9452,#9453,#9454,#9455,
#9456,#9457,#9458),(#9459,#9460,#9461,#9462,#9463,#9464,#9465,#9466),(#9467,
#9468,#9469,#9470,#9471,#9472,#9473,#9474),(#9475,#9476,#9477,#9478,#9479,
#9480,#9481,#9482)),.UNSPECIFIED.,.F.,.F.,.F.,(4,1,1,1,4),(4,1,1,1,1,4),
(0.,0.285714285714286,0.571428571428571,0.857142857142857,1.),(0.,0.142857142857143,
0.285714285714286,0.571428571428571,0.857142857142857,1.),.UNSPECIFIED.);
#3882=B_SPLINE_SURFACE_WITH_KNOTS('',3,3,((#9606,#9607,#9608,#9609,#9610,
#9611,#9612,#9613,#9614,#9615,#9616,#9617,#9618,#9619,#9620,#9621,#9622,
#9623,#9624,#9625,#9626,#9627,#9628,#9629,#9630,#9631,#9632,#9633,#9634,
#9635,#9636,#9637,#9638,#9639,#9640,#9641,#9642,#9643,#9644,#9645,#9646,
#9647,#9648,#9649,#9650,#9651,#9652,#9653,#9654,#9655,#9656,#9657,#9658,
#9659,#9660,#9661,#9662,#9663,#9664,#9665,#9666,#9667,#9668,#9669,#9670,
#9671,#9672,#9673,#9674,#9675,#9676,#9677,#9678,#9679,#9680,#9681,#9682,
#9683,#9684,#9685,#9686,#9687,#9688,#9689,#9690,#9691,#9692,#9693,#9694,
#9695,#9696,#9697,#9698,#9699,#9700,#9701,#9702,#9703,#9704,#9705,#9706,
#9707,#9708,#9709,#9710,#9711,#9712,#9713,#9714,#9715,#9716,#9717,#9718,
#9719,#9720,#9721,#9722,#9723,#9724,#9725,#9726,#9727,#9728,#9729,#9730,
#9731,#9732,#9733,#9734,#9735,#9736,#9737,#9738,#9739,#9740,#9741,#9742,
#9743,#9744,#9745,#9746,#9747,#9748,#9749,#9750,#9751,#9752,#9753,#9754,
#9755,#9756,#9757,#9758,#9759,#9760,#9761,#9762,#9763,#9764,#9765,#9766,
#9767,#9768,#9769,#9770,#9771,#9772,#9773,#9774,#9775,#9776,#9777,#9778,
#9779,#9780,#9781,#9782,#9783,#9784,#9785,#9786,#9787,#9788,#9789,#9790,
#9791,#9792,#9793,#9794,#9795,#9796,#9797,#9798,#9799,#9800,#9801,#9802,
#9803,#9804,#9805,#9806,#9807,#9808,#9809,#9810,#9811,#9812,#9813,#9814,
#9815,#9816,#9817,#9818,#9819,#9820,#9821,#9822,#9823,#9824,#9825,#9826,
#9827,#9828,#9829,#9830,#9831,#9832,#9833,#9834,#9835,#9836,#9837,#9838,
#9839,#9840,#9841,#9842,#9843,#9844,#9845,#9846,#9847,#9848,#9849,#9850,
#9851,#9852,#9853,#9854,#9855,#9856,#9857,#9858,#9859,#9860,#9861,#9862,
#9863,#9864,#9865,#9866,#9867,#9868,#9869,#9870,#9871,#9872,#9873,#9874,
#9875,#9876,#9877,#9878,#9879,#9880,#9881,#9882,#9883,#9884,#9885,#9886,
#9887,#9888,#9889,#9890,#9891,#9892,#9893,#9894,#9895,#9896,#9897,#9898,
#9899,#9900,#9901,#9902,#9903,#9904,#9905,#9906,#9907,#9908,#9909,#9910,
#9911,#9912,#9913,#9914,#9915,#9916,#9917,#9918,#9919,#9920,#9921,#9922,
#9923,#9924,#9925,#9926,#9927,#9928,#9929,#9930,#9931,#9932,#9933,#9934,
#9935,#9936,#9937,#9938,#9939,#9940,#9941,#9942,#9943,#9944,#9945,#9946,
#9947,#9948,#9949,#9950,#9951,#9952,#9953,#9954,#9955,#9956,#9957,#9958,
#9959,#9960,#9961,#9962,#9963,#9964,#9965,#9966,#9967,#9968,#9969,#9970,
#9971,#9972,#9973,#9974,#9975,#9976,#9977,#9978,#9979,#9980,#9981,#9982,
#9983,#9984,#9985,#9986,#9987,#9988,#9989,#9990,#9991,#9992,#9993,#9994,
#9995,#9996,#9997,#9998,#9999,#10000,#10001,#10002,#10003,#10004,#10005,
#10006,#10007,#10008,#10009,#10010,#10011,#10012,#10013,#10014,#10015),
(#10016,#10017,#10018,#10019,#10020,#10021,#10022,#10023,#10024,#10025,
#10026,#10027,#10028,#10029,#10030,#10031,#10032,#10033,#10034,#10035,#10036,
#10037,#10038,#10039,#10040,#10041,#10042,#10043,#10044,#10045,#10046,#10047,
#10048,#10049,#10050,#10051,#10052,#10053,#10054,#10055,#10056,#10057,#10058,
#10059,#10060,#10061,#10062,#10063,#10064,#10065,#10066,#10067,#10068,#10069,
#10070,#10071,#10072,#10073,#10074,#10075,#10076,#10077,#10078,#10079,#10080,
#10081,#10082,#10083,#10084,#10085,#10086,#10087,#10088,#10089,#10090,#10091,
#10092,#10093,#10094,#10095,#10096,#10097,#10098,#10099,#10100,#10101,#10102,
#10103,#10104,#10105,#10106,#10107,#10108,#10109,#10110,#10111,#10112,#10113,
#10114,#10115,#10116,#10117,#10118,#10119,#10120,#10121,#10122,#10123,#10124,
#10125,#10126,#10127,#10128,#10129,#10130,#10131,#10132,#10133,#10134,#10135,
#10136,#10137,#10138,#10139,#10140,#10141,#10142,#10143,#10144,#10145,#10146,
#10147,#10148,#10149,#10150,#10151,#10152,#10153,#10154,#10155,#10156,#10157,
#10158,#10159,#10160,#10161,#10162,#10163,#10164,#10165,#10166,#10167,#10168,
#10169,#10170,#10171,#10172,#10173,#10174,#10175,#10176,#10177,#10178,#10179,
#10180,#10181,#10182,#10183,#10184,#10185,#10186,#10187,#10188,#10189,#10190,
#10191,#10192,#10193,#10194,#10195,#10196,#10197,#10198,#10199,#10200,#10201,
#10202,#10203,#10204,#10205,#10206,#10207,#10208,#10209,#10210,#10211,#10212,
#10213,#10214,#10215,#10216,#10217,#10218,#10219,#10220,#10221,#10222,#10223,
#10224,#10225,#10226,#10227,#10228,#10229,#10230,#10231,#10232,#10233,#10234,
#10235,#10236,#10237,#10238,#10239,#10240,#10241,#10242,#10243,#10244,#10245,
#10246,#10247,#10248,#10249,#10250,#10251,#10252,#10253,#10254,#10255,#10256,
#10257,#10258,#10259,#10260,#10261,#10262,#10263,#10264,#10265,#10266,#10267,
#10268,#10269,#10270,#10271,#10272,#10273,#10274,#10275,#10276,#10277,#10278,
#10279,#10280,#10281,#10282,#10283,#10284,#10285,#10286,#10287,#10288,#10289,
#10290,#10291,#10292,#10293,#10294,#10295,#10296,#10297,#10298,#10299,#10300,
#10301,#10302,#10303,#10304,#10305,#10306,#10307,#10308,#10309,#10310,#10311,
#10312,#10313,#10314,#10315,#10316,#10317,#10318,#10319,#10320,#10321,#10322,
#10323,#10324,#10325,#10326,#10327,#10328,#10329,#10330,#10331,#10332,#10333,
#10334,#10335,#10336,#10337,#10338,#10339,#10340,#10341,#10342,#10343,#10344,
#10345,#10346,#10347,#10348,#10349,#10350,#10351,#10352,#10353,#10354,#10355,
#10356,#10357,#10358,#10359,#10360,#10361,#10362,#10363,#10364,#10365,#10366,
#10367,#10368,#10369,#10370,#10371,#10372,#10373,#10374,#10375,#10376,#10377,
#10378,#10379,#10380,#10381,#10382,#10383,#10384,#10385,#10386,#10387,#10388,
#10389,#10390,#10391,#10392,#10393,#10394,#10395,#10396,#10397,#10398,#10399,
#10400,#10401,#10402,#10403,#10404,#10405,#10406,#10407,#10408,#10409,#10410,
#10411,#10412,#10413,#10414,#10415,#10416,#10417,#10418,#10419,#10420,#10421,
#10422,#10423,#10424,#10425),(#10426,#10427,#10428,#10429,#10430,#10431,
#10432,#10433,#10434,#10435,#10436,#10437,#10438,#10439,#10440,#10441,#10442,
#10443,#10444,#10445,#10446,#10447,#10448,#10449,#10450,#10451,#10452,#10453,
#10454,#10455,#10456,#10457,#10458,#10459,#10460,#10461,#10462,#10463,#10464,
#10465,#10466,#10467,#10468,#10469,#10470,#10471,#10472,#10473,#10474,#10475,
#10476,#10477,#10478,#10479,#10480,#10481,#10482,#10483,#10484,#10485,#10486,
#10487,#10488,#10489,#10490,#10491,#10492,#10493,#10494,#10495,#10496,#10497,
#10498,#10499,#10500,#10501,#10502,#10503,#10504,#10505,#10506,#10507,#10508,
#10509,#10510,#10511,#10512,#10513,#10514,#10515,#10516,#10517,#10518,#10519,
#10520,#10521,#10522,#10523,#10524,#10525,#10526,#10527,#10528,#10529,#10530,
#10531,#10532,#10533,#10534,#10535,#10536,#10537,#10538,#10539,#10540,#10541,
#10542,#10543,#10544,#10545,#10546,#10547,#10548,#10549,#10550,#10551,#10552,
#10553,#10554,#10555,#10556,#10557,#10558,#10559,#10560,#10561,#10562,#10563,
#10564,#10565,#10566,#10567,#10568,#10569,#10570,#10571,#10572,#10573,#10574,
#10575,#10576,#10577,#10578,#10579,#10580,#10581,#10582,#10583,#10584,#10585,
#10586,#10587,#10588,#10589,#10590,#10591,#10592,#10593,#10594,#10595,#10596,
#10597,#10598,#10599,#10600,#10601,#10602,#10603,#10604,#10605,#10606,#10607,
#10608,#10609,#10610,#10611,#10612,#10613,#10614,#10615,#10616,#10617,#10618,
#10619,#10620,#10621,#10622,#10623,#10624,#10625,#10626,#10627,#10628,#10629,
#10630,#10631,#10632,#10633,#10634,#10635,#10636,#10637,#10638,#10639,#10640,
#10641,#10642,#10643,#10644,#10645,#10646,#10647,#10648,#10649,#10650,#10651,
#10652,#10653,#10654,#10655,#10656,#10657,#10658,#10659,#10660,#10661,#10662,
#10663,#10664,#10665,#10666,#10667,#10668,#10669,#10670,#10671,#10672,#10673,
#10674,#10675,#10676,#10677,#10678,#10679,#10680,#10681,#10682,#10683,#10684,
#10685,#10686,#10687,#10688,#10689,#10690,#10691,#10692,#10693,#10694,#10695,
#10696,#10697,#10698,#10699,#10700,#10701,#10702,#10703,#10704,#10705,#10706,
#10707,#10708,#10709,#10710,#10711,#10712,#10713,#10714,#10715,#10716,#10717,
#10718,#10719,#10720,#10721,#10722,#10723,#10724,#10725,#10726,#10727,#10728,
#10729,#10730,#10731,#10732,#10733,#10734,#10735,#10736,#10737,#10738,#10739,
#10740,#10741,#10742,#10743,#10744,#10745,#10746,#10747,#10748,#10749,#10750,
#10751,#10752,#10753,#10754,#10755,#10756,#10757,#10758,#10759,#10760,#10761,
#10762,#10763,#10764,#10765,#10766,#10767,#10768,#10769,#10770,#10771,#10772,
#10773,#10774,#10775,#10776,#10777,#10778,#10779,#10780,#10781,#10782,#10783,
#10784,#10785,#10786,#10787,#10788,#10789,#10790,#10791,#10792,#10793,#10794,
#10795,#10796,#10797,#10798,#10799,#10800,#10801,#10802,#10803,#10804,#10805,
#10806,#10807,#10808,#10809,#10810,#10811,#10812,#10813,#10814,#10815,#10816,
#10817,#10818,#10819,#10820,#10821,#10822,#10823,#10824,#10825,#10826,#10827,
#10828,#10829,#10830,#10831,#10832,#10833,#10834,#10835),(#10836,#10837,
#10838,#10839,#10840,#10841,#10842,#10843,#10844,#10845,#10846,#10847,#10848,
#10849,#10850,#10851,#10852,#10853,#10854,#10855,#10856,#10857,#10858,#10859,
#10860,#10861,#10862,#10863,#10864,#10865,#10866,#10867,#10868,#10869,#10870,
#10871,#10872,#10873,#10874,#10875,#10876,#10877,#10878,#10879,#10880,#10881,
#10882,#10883,#10884,#10885,#10886,#10887,#10888,#10889,#10890,#10891,#10892,
#10893,#10894,#10895,#10896,#10897,#10898,#10899,#10900,#10901,#10902,#10903,
#10904,#10905,#10906,#10907,#10908,#10909,#10910,#10911,#10912,#10913,#10914,
#10915,#10916,#10917,#10918,#10919,#10920,#10921,#10922,#10923,#10924,#10925,
#10926,#10927,#10928,#10929,#10930,#10931,#10932,#10933,#10934,#10935,#10936,
#10937,#10938,#10939,#10940,#10941,#10942,#10943,#10944,#10945,#10946,#10947,
#10948,#10949,#10950,#10951,#10952,#10953,#10954,#10955,#10956,#10957,#10958,
#10959,#10960,#10961,#10962,#10963,#10964,#10965,#10966,#10967,#10968,#10969,
#10970,#10971,#10972,#10973,#10974,#10975,#10976,#10977,#10978,#10979,#10980,
#10981,#10982,#10983,#10984,#10985,#10986,#10987,#10988,#10989,#10990,#10991,
#10992,#10993,#10994,#10995,#10996,#10997,#10998,#10999,#11000,#11001,#11002,
#11003,#11004,#11005,#11006,#11007,#11008,#11009,#11010,#11011,#11012,#11013,
#11014,#11015,#11016,#11017,#11018,#11019,#11020,#11021,#11022,#11023,#11024,
#11025,#11026,#11027,#11028,#11029,#11030,#11031,#11032,#11033,#11034,#11035,
#11036,#11037,#11038,#11039,#11040,#11041,#11042,#11043,#11044,#11045,#11046,
#11047,#11048,#11049,#11050,#11051,#11052,#11053,#11054,#11055,#11056,#11057,
#11058,#11059,#11060,#11061,#11062,#11063,#11064,#11065,#11066,#11067,#11068,
#11069,#11070,#11071,#11072,#11073,#11074,#11075,#11076,#11077,#11078,#11079,
#11080,#11081,#11082,#11083,#11084,#11085,#11086,#11087,#11088,#11089,#11090,
#11091,#11092,#11093,#11094,#11095,#11096,#11097,#11098,#11099,#11100,#11101,
#11102,#11103,#11104,#11105,#11106,#11107,#11108,#11109,#11110,#11111,#11112,
#11113,#11114,#11115,#11116,#11117,#11118,#11119,#11120,#11121,#11122,#11123,
#11124,#11125,#11126,#11127,#11128,#11129,#11130,#11131,#11132,#11133,#11134,
#11135,#11136,#11137,#11138,#11139,#11140,#11141,#11142,#11143,#11144,#11145,
#11146,#11147,#11148,#11149,#11150,#11151,#11152,#11153,#11154,#11155,#11156,
#11157,#11158,#11159,#11160,#11161,#11162,#11163,#11164,#11165,#11166,#11167,
#11168,#11169,#11170,#11171,#11172,#11173,#11174,#11175,#11176,#11177,#11178,
#11179,#11180,#11181,#11182,#11183,#11184,#11185,#11186,#11187,#11188,#11189,
#11190,#11191,#11192,#11193,#11194,#11195,#11196,#11197,#11198,#11199,#11200,
#11201,#11202,#11203,#11204,#11205,#11206,#11207,#11208,#11209,#11210,#11211,
#11212,#11213,#11214,#11215,#11216,#11217,#11218,#11219,#11220,#11221,#11222,
#11223,#11224,#11225,#11226,#11227,#11228,#11229,#11230,#11231,#11232,#11233,
#11234,#11235,#11236,#11237,#11238,#11239,#11240,#11241,#11242,#11243,#11244,
#11245),(#11246,#11247,#11248,#11249,#11250,#11251,#11252,#11253,#11254,
#11255,#11256,#11257,#11258,#11259,#11260,#11261,#11262,#11263,#11264,#11265,
#11266,#11267,#11268,#11269,#11270,#11271,#11272,#11273,#11274,#11275,#11276,
#11277,#11278,#11279,#11280,#11281,#11282,#11283,#11284,#11285,#11286,#11287,
#11288,#11289,#11290,#11291,#11292,#11293,#11294,#11295,#11296,#11297,#11298,
#11299,#11300,#11301,#11302,#11303,#11304,#11305,#11306,#11307,#11308,#11309,
#11310,#11311,#11312,#11313,#11314,#11315,#11316,#11317,#11318,#11319,#11320,
#11321,#11322,#11323,#11324,#11325,#11326,#11327,#11328,#11329,#11330,#11331,
#11332,#11333,#11334,#11335,#11336,#11337,#11338,#11339,#11340,#11341,#11342,
#11343,#11344,#11345,#11346,#11347,#11348,#11349,#11350,#11351,#11352,#11353,
#11354,#11355,#11356,#11357,#11358,#11359,#11360,#11361,#11362,#11363,#11364,
#11365,#11366,#11367,#11368,#11369,#11370,#11371,#11372,#11373,#11374,#11375,
#11376,#11377,#11378,#11379,#11380,#11381,#11382,#11383,#11384,#11385,#11386,
#11387,#11388,#11389,#11390,#11391,#11392,#11393,#11394,#11395,#11396,#11397,
#11398,#11399,#11400,#11401,#11402,#11403,#11404,#11405,#11406,#11407,#11408,
#11409,#11410,#11411,#11412,#11413,#11414,#11415,#11416,#11417,#11418,#11419,
#11420,#11421,#11422,#11423,#11424,#11425,#11426,#11427,#11428,#11429,#11430,
#11431,#11432,#11433,#11434,#11435,#11436,#11437,#11438,#11439,#11440,#11441,
#11442,#11443,#11444,#11445,#11446,#11447,#11448,#11449,#11450,#11451,#11452,
#11453,#11454,#11455,#11456,#11457,#11458,#11459,#11460,#11461,#11462,#11463,
#11464,#11465,#11466,#11467,#11468,#11469,#11470,#11471,#11472,#11473,#11474,
#11475,#11476,#11477,#11478,#11479,#11480,#11481,#11482,#11483,#11484,#11485,
#11486,#11487,#11488,#11489,#11490,#11491,#11492,#11493,#11494,#11495,#11496,
#11497,#11498,#11499,#11500,#11501,#11502,#11503,#11504,#11505,#11506,#11507,
#11508,#11509,#11510,#11511,#11512,#11513,#11514,#11515,#11516,#11517,#11518,
#11519,#11520,#11521,#11522,#11523,#11524,#11525,#11526,#11527,#11528,#11529,
#11530,#11531,#11532,#11533,#11534,#11535,#11536,#11537,#11538,#11539,#11540,
#11541,#11542,#11543,#11544,#11545,#11546,#11547,#11548,#11549,#11550,#11551,
#11552,#11553,#11554,#11555,#11556,#11557,#11558,#11559,#11560,#11561,#11562,
#11563,#11564,#11565,#11566,#11567,#11568,#11569,#11570,#11571,#11572,#11573,
#11574,#11575,#11576,#11577,#11578,#11579,#11580,#11581,#11582,#11583,#11584,
#11585,#11586,#11587,#11588,#11589,#11590,#11591,#11592,#11593,#11594,#11595,
#11596,#11597,#11598,#11599,#11600,#11601,#11602,#11603,#11604,#11605,#11606,
#11607,#11608,#11609,#11610,#11611,#11612,#11613,#11614,#11615,#11616,#11617,
#11618,#11619,#11620,#11621,#11622,#11623,#11624,#11625,#11626,#11627,#11628,
#11629,#11630,#11631,#11632,#11633,#11634,#11635,#11636,#11637,#11638,#11639,
#11640,#11641,#11642,#11643,#11644,#11645,#11646,#11647,#11648,#11649,#11650,
#11651,#11652,#11653,#11654,#11655)),.UNSPECIFIED.,.F.,.F.,.F.,(4,1,4),
(4,1,1,1,1,1,1,1,1,1,1,1,1,1,1,1,1,1,1,1,1,1,1,1,1,1,1,1,1,1,1,1,1,1,1,
1,1,1,1,1,1,1,1,1,1,1,1,1,1,1,1,1,1,1,1,1,1,1,1,1,1,1,1,1,1,1,1,1,1,1,1,
1,1,1,1,1,1,1,1,1,1,1,1,1,1,1,1,1,1,1,1,1,1,1,1,1,1,1,1,1,1,1,1,1,1,1,1,
1,1,1,1,1,1,1,1,1,1,1,1,1,1,1,1,1,1,1,1,1,1,1,1,1,1,1,1,1,1,1,1,1,1,1,1,
1,1,1,1,1,1,1,1,1,1,1,1,1,1,1,1,1,1,1,1,1,1,1,1,1,1,1,1,1,1,1,1,1,1,1,1,
1,1,1,1,1,1,1,1,1,1,1,1,1,1,1,1,1,1,1,1,1,1,1,1,1,1,1,1,1,1,1,1,1,1,1,1,
1,1,1,1,1,1,1,1,1,1,1,1,1,1,1,1,1,1,1,1,1,1,1,1,1,1,1,1,1,1,1,1,1,1,1,1,
1,1,1,1,1,1,1,1,1,1,1,1,1,1,1,1,1,1,1,1,1,1,1,1,1,1,1,1,1,1,1,1,1,1,1,1,
1,1,1,1,1,1,1,1,1,1,1,1,1,1,1,1,1,1,1,1,1,1,1,1,1,1,1,1,1,1,1,1,1,1,1,1,
1,1,1,1,1,1,1,1,1,1,1,1,1,1,1,1,1,1,1,1,1,1,1,1,1,1,1,1,1,1,1,1,1,1,1,1,
1,1,1,1,1,1,1,1,1,1,1,1,1,1,1,1,1,1,1,1,1,1,1,1,1,1,1,1,1,1,1,1,1,1,1,1,
1,1,1,1,2,1,1,1,1,1,1,4),(0.,0.571428571428571,1.),(-0.479914732984903,
-0.476981284571503,-0.474047836158102,-0.471114387744702,-0.468180939331301,
-0.4652474909179,-0.4623140425045,-0.459380594091099,-0.456447145677699,
-0.453513697264298,-0.450580248850897,-0.447646800437497,-0.444713352024096,
-0.441779903610696,-0.438846455197295,-0.435913006783894,-0.432979558370494,
-0.430046109957093,-0.427112661543693,-0.424179213130292,-0.421245764716892,
-0.418312316303491,-0.41537886789009,-0.41244541947669,-0.409511971063289,
-0.406578522649889,-0.403645074236488,-0.400711625823087,-0.397778177409687,
-0.394844728996286,-0.391911280582886,-0.388977832169485,-0.386044383756084,
-0.383110935342684,-0.380177486929283,-0.377244038515883,-0.374310590102482,
-0.371377141689081,-0.368443693275681,-0.36551024486228,-0.36257679644888,
-0.359643348035479,-0.356709899622078,-0.353776451208678,-0.350843002795277,
-0.347909554381877,-0.344976105968476,-0.342042657555075,-0.339109209141675,
-0.336175760728274,-0.333242312314874,-0.330308863901473,-0.327375415488073,
-0.324441967074672,-0.321508518661271,-0.318575070247871,-0.31564162183447,
-0.31270817342107,-0.309774725007669,-0.306841276594268,-0.303907828180868,
-0.300974379767467,-0.298040931354067,-0.295107482940666,-0.292174034527265,
-0.289240586113865,-0.286307137700464,-0.283373689287064,-0.280440240873663,
-0.277506792460262,-0.274573344046862,-0.271639895633461,-0.268706447220061,
-0.26577299880666,-0.262839550393259,-0.259906101979859,-0.256972653566458,
-0.254039205153058,-0.251105756739657,-0.248172308326256,-0.245238859912856,
-0.242305411499455,-0.239371963086055,-0.236438514672654,-0.233505066259254,
-0.230571617845853,-0.227638169432452,-0.224704721019052,-0.221771272605651,
-0.218837824192251,-0.21590437577885,-0.212970927365449,-0.210037478952049,
-0.207104030538648,-0.204170582125248,-0.201237133711847,-0.198303685298446,
-0.195370236885046,-0.192436788471645,-0.189503340058245,-0.186569891644844,
-0.183636443231443,-0.180702994818043,-0.177769546404642,-0.174836097991242,
-0.171902649577841,-0.16896920116444,-0.16603575275104,-0.163102304337639,
-0.160168855924239,-0.157235407510838,-0.154301959097437,-0.151368510684037,
-0.148435062270636,-0.145501613857236,-0.142568165443835,-0.139634717030435,
-0.136701268617034,-0.133767820203633,-0.132301095996933,-0.130834371790233,
-0.129367647583532,-0.128634285480182,-0.127900923376832,-0.124967474963432,
-0.122034026550031,-0.11910057813663,-0.11616712972323,-0.113233681309829,
-0.110300232896429,-0.108833508689728,-0.107366784483028,-0.105900060276328,
-0.104433336069627,-0.101499887656227,-0.0985664392428262,-0.0956329908294256,
-0.092699542416025,-0.0897660940026244,-0.0868326455892239,-0.0838991971758233,
-0.0809657487624227,-0.0794990245557224,-0.0780323003490221,-0.0765655761423218,
-0.0750988519356215,-0.0721654035222209,-0.0692319551088203,-0.0662985066954197,
-0.0633650582820191,-0.0626316961786689,-0.0618983340753188,-0.0604316098686185,
-0.0596982477652683,-0.0589648856619182,-0.0574981614552179,-0.0545647130418173,
-0.053097988835117,-0.0523646267317669,-0.0516312646284167,-0.0486978162150161,
-0.0472310920083158,-0.0464977299049657,-0.0457643678016155,-0.0453976867499404,
-0.0450310056982654,-0.0446643246465903,-0.0446184895151309,-0.0445726543836715,
-0.0444809841207528,-0.044389313857834,-0.0442976435949152,-0.0435642814915651,
-0.0428309193882149,-0.0420975572848648,-0.0417308762331897,-0.0415475357073522,
-0.0413641951815146,-0.0409975141298396,-0.0406308330781645,-0.0398974709748143,
-0.0395307899231393,-0.0391641088714642,-0.038430746768114,-0.0369640225614137,
-0.0362306604580636,-0.0358639794063885,-0.0354972983547134,-0.0347639362513633,
-0.0343972551996882,-0.0340305741480132,-0.0336638930963381,-0.0334805525705005,
-0.033297212044663,-0.0325638499413129,-0.0323805094154753,-0.0321971688896378,
-0.0318304878379627,-0.0314638067862876,-0.0310971257346126,-0.030913785208775,
-0.0307304446829375,-0.0303637636312624,-0.0296304015279123,-0.0292637204762372,
-0.0288970394245621,-0.028530358372887,-0.028163677321212,-0.0277969962695369,
-0.0274303152178618,-0.0266969531145117,-0.0252302289078114,-0.0244968668044612,
-0.0237635047011111,-0.0222967804944108,-0.0221134399685732,-0.0219300994427357,
-0.0215634183910606,-0.0213800778652231,-0.0211967373393856,-0.021013396813548,
-0.0208300562877105,-0.0193633320810102,-0.0191799915551727,-0.0190883212922539,
-0.0190424861607945,-0.0189966510293351,-0.0188133105034976,-0.0187674753720382,
-0.0187216402405788,-0.018710181457714,-0.0186987226748491,-0.0186758051091194,
-0.01862996997766,-0.018263288925985,-0.0180799484001474,-0.0178966078743099,
-0.0175299268226348,-0.0171632457709597,-0.0167965647192847,-0.0166132241934471,
-0.0164298836676096,-0.0163382134046908,-0.0162923782732314,-0.0162465431417721,
-0.0161548728788533,-0.0160632026159345,-0.0159715323530157,-0.015879862090097,
-0.0157881918271782,-0.0157423566957188,-0.0156965215642594,-0.0153298405125844,
-0.0151464999867468,-0.0150548297238281,-0.0150319121580984,-0.0150089945923687,
-0.0149631594609093,-0.0148714891979905,-0.0147798189350718,-0.014688148672153,
-0.0145964784092342,-0.0145735608435045,-0.0145506432777748,-0.0145048081463155,
-0.0144818905805858,-0.0144589730148561,-0.0144360554491264,-0.0144245966662615,
-0.0144131378833967,-0.0143673027519373,-0.0143214676204779,-0.0142297973575591,
-0.0140464568317216,-0.0139547865688028,-0.0139089514373435,-0.0138631163058841,
-0.0137714460429653,-0.0137256109115059,-0.0136797757800465,-0.0136339406485872,
-0.0135881055171278,-0.013496435254209,-0.0131297542025339,-0.0127630731508589,
-0.012751614367994,-0.0127401555851292,-0.0127286968022643,-0.0127172380193995,
-0.0126714028879401,-0.0126484853222104,-0.0126255677564807,-0.0125797326250213,
-0.0125682738421565,-0.0125568150592916,-0.0125453562764268,-0.0125338974935619,
-0.0125109799278322,-0.0124880623621025,-0.0124422272306432,-0.0124193096649135,
-0.0123963920991838,-0.0122130515733462,-0.0120297110475087,-0.0119380407845899,
-0.0119151232188602,-0.0118922056531306,-0.0118463705216712,-0.0118005353902118,
-0.0117890766073469,-0.0117833472159145,-0.0117776178244821,-0.0117661590416172,
-0.0117547002587524,-0.0116630299958336,-0.0116401124301039,-0.0116171948643742,
-0.0115713597329149,-0.0115484421671852,-0.0115255246014555,-0.0115026070357258,
-0.0114796894699961,-0.0114338543385367,-0.0113880192070773,-0.0112963489441586,
-0.0112734313784289,-0.011261972595564,-0.0112591078998478,-0.0112576755519897,
-0.0112562432041316,-0.0112505138126992,-0.0112046786812398,-0.011113008418321,
-0.0111015496354562,-0.0110900908525913,-0.0110671732868616,-0.0110614438954292,
-0.0110557145039968,-0.0110499851125644,-0.0110442557211319,-0.0110327969382671,
-0.0110213381554022,-0.0109296678924835,-0.0109239385010511,-0.0109182091096186,
-0.0109067503267538,-0.0109010209353214,-0.0108952915438889,-0.0108895621524565,
-0.0108838327610241,-0.0108723739781592,-0.0108666445867268,-0.0108637798910106,
-0.0108623475431525,-0.0108609151952944,-0.0108379976295647,-0.0107921624981053,
-0.0107463273666459,-0.0107434626709297,-0.0107405979752135,-0.0107348685837811,
-0.0107234098009162,-0.0107176804094838,-0.0107148157137676,-0.0107119510180514,
-0.0107105186701933,-0.0107090863223352,-0.0107076539744771,-0.010706221626619,
-0.0107004922351866,-0.0106546571037272,-0.0106489277122948,-0.0106431983208623,
-0.0106417659730042,-0.0106403336251461,-0.0106374689294299,-0.0106317395379975,
-0.0106202807551326,-0.0106088219722678,-0.0106073896244097,-0.0106059572765516,
-0.0106045249286935,-0.0106030925808354,-0.0106016602329773,-0.0106002278851192,
-0.010598795537261,-0.0105973631894029,-0.0105859044065381,-0.0105801750151057,
-0.0105773103193895,-0.0105758779715314,-0.0105744456236733,-0.0105730132758151,
-0.010571580927957,-0.0105701485800989,-0.0105687162322408,-0.0105672838843827,
-0.0105658515365246,-0.0105644191886665,-0.0105629868408084,-0.00950668815672757,
-0.00845038947264673,-0.00633779210448504,-0.0052814934204042,-0.00422519473632336,
-0.00211259736816168,0.),.UNSPECIFIED.);
#3883=B_SPLINE_SURFACE_WITH_KNOTS('',3,3,((#12152,#12153,#12154,#12155),
(#12156,#12157,#12158,#12159),(#12160,#12161,#12162,#12163),(#12164,#12165,
#12166,#12167),(#12168,#12169,#12170,#12171)),.UNSPECIFIED.,.F.,.F.,.F.,
(4,1,4),(4,4),(0.,0.571428571428571,1.),(0.,0.58736505059706),
 .UNSPECIFIED.);
#3884=B_SPLINE_SURFACE_WITH_KNOTS('',3,3,((#12183,#12184,#12185,#12186,
#12187,#12188),(#12189,#12190,#12191,#12192,#12193,#12194),(#12195,#12196,
#12197,#12198,#12199,#12200),(#12201,#12202,#12203,#12204,#12205,#12206),
(#12207,#12208,#12209,#12210,#12211,#12212),(#12213,#12214,#12215,#12216,
#12217,#12218)),.UNSPECIFIED.,.F.,.F.,.F.,(4,1,1,4),(4,2,4),(0.,0.285714285714286,
0.571428571428571,1.),(-1.42119204750871,-0.959257386730467,-0.241383402064393),
 .UNSPECIFIED.);
#3885=B_SPLINE_SURFACE_WITH_KNOTS('',3,1,((#12293,#12294),(#12295,#12296),
(#12297,#12298),(#12299,#12300),(#12301,#12302),(#12303,#12304),(#12305,
#12306)),.UNSPECIFIED.,.F.,.F.,.F.,(4,3,4),(2,2),(-0.246129205759344,-0.164601220081471,
0.),(-0.150010161105968,0.4),.UNSPECIFIED.);
#3886=B_SPLINE_SURFACE_WITH_KNOTS('',3,1,((#12312,#12313),(#12314,#12315),
(#12316,#12317),(#12318,#12319),(#12320,#12321),(#12322,#12323),(#12324,
#12325),(#12326,#12327),(#12328,#12329),(#12330,#12331),(#12332,#12333),
(#12334,#12335),(#12336,#12337)),.UNSPECIFIED.,.F.,.F.,.F.,(4,3,3,3,4),
(2,2),(-0.0981910159778693,0.0300418564076535,0.17240373540083,0.296869887014711,
0.308990261673939),(-0.6,2.52),.UNSPECIFIED.);
#3887=B_SPLINE_SURFACE_WITH_KNOTS('',3,1,((#12339,#12340),(#12341,#12342),
(#12343,#12344),(#12345,#12346),(#12347,#12348),(#12349,#12350),(#12351,
#12352),(#12353,#12354),(#12355,#12356),(#12357,#12358)),.UNSPECIFIED.,
 .F.,.F.,.F.,(4,3,3,4),(2,2),(-0.875054259428358,-0.0830732334101207,0.,
1.04377735549369),(-0.6,2.52),.UNSPECIFIED.);
#3888=B_SPLINE_SURFACE_WITH_KNOTS('',3,3,((#12450,#12451,#12452,#12453,
#12454,#12455,#12456,#12457),(#12458,#12459,#12460,#12461,#12462,#12463,
#12464,#12465),(#12466,#12467,#12468,#12469,#12470,#12471,#12472,#12473),
(#12474,#12475,#12476,#12477,#12478,#12479,#12480,#12481),(#12482,#12483,
#12484,#12485,#12486,#12487,#12488,#12489),(#12490,#12491,#12492,#12493,
#12494,#12495,#12496,#12497),(#12498,#12499,#12500,#12501,#12502,#12503,
#12504,#12505),(#12506,#12507,#12508,#12509,#12510,#12511,#12512,#12513),
(#12514,#12515,#12516,#12517,#12518,#12519,#12520,#12521),(#12522,#12523,
#12524,#12525,#12526,#12527,#12528,#12529),(#12530,#12531,#12532,#12533,
#12534,#12535,#12536,#12537),(#12538,#12539,#12540,#12541,#12542,#12543,
#12544,#12545),(#12546,#12547,#12548,#12549,#12550,#12551,#12552,#12553)),
 .UNSPECIFIED.,.F.,.F.,.F.,(4,1,1,1,1,1,1,1,1,1,4),(4,1,1,1,1,4),(0.,0.1,
0.2,0.3,0.4,0.5,0.6,0.7,0.8,0.9,1.),(0.,0.2,0.4,0.6,0.8,1.),
 .UNSPECIFIED.);
#3889=B_SPLINE_SURFACE_WITH_KNOTS('',3,3,((#12660,#12661,#12662,#12663),
(#12664,#12665,#12666,#12667),(#12668,#12669,#12670,#12671),(#12672,#12673,
#12674,#12675),(#12676,#12677,#12678,#12679)),.UNSPECIFIED.,.F.,.F.,.F.,
(4,1,4),(4,4),(0.,0.5,1.),(2.27258220006443E-15,0.00204500441654823),
 .UNSPECIFIED.);
#3890=B_SPLINE_SURFACE_WITH_KNOTS('',3,3,((#12690,#12691,#12692,#12693),
(#12694,#12695,#12696,#12697),(#12698,#12699,#12700,#12701),(#12702,#12703,
#12704,#12705),(#12706,#12707,#12708,#12709)),.UNSPECIFIED.,.F.,.F.,.F.,
(4,1,4),(4,4),(0.,0.5,1.),(0.186338381638334,0.19394040252699),
 .UNSPECIFIED.);
#3891=ADVANCED_FACE('',(#856),#3858,.T.);
#3892=ADVANCED_FACE('',(#857),#3859,.T.);
#3893=ADVANCED_FACE('',(#858),#3860,.T.);
#3894=ADVANCED_FACE('',(#859),#3861,.T.);
#3895=ADVANCED_FACE('',(#860),#3862,.T.);
#3896=ADVANCED_FACE('',(#861),#3863,.T.);
#3897=ADVANCED_FACE('',(#862),#3864,.T.);
#3898=ADVANCED_FACE('',(#863),#3865,.T.);
#3899=ADVANCED_FACE('',(#864),#3866,.T.);
#3900=ADVANCED_FACE('',(#865),#3867,.T.);
#3901=ADVANCED_FACE('',(#866),#3868,.T.);
#3902=ADVANCED_FACE('',(#867),#3869,.T.);
#3903=ADVANCED_FACE('',(#868),#3870,.T.);
#3904=ADVANCED_FACE('',(#869),#3871,.T.);
#3905=ADVANCED_FACE('',(#870),#153,.F.);
#3906=ADVANCED_FACE('',(#871),#82,.F.);
#3907=ADVANCED_FACE('',(#872),#154,.F.);
#3908=ADVANCED_FACE('',(#873),#67,.F.);
#3909=ADVANCED_FACE('',(#874),#155,.T.);
#3910=ADVANCED_FACE('',(#875),#83,.F.);
#3911=ADVANCED_FACE('',(#876),#156,.F.);
#3912=ADVANCED_FACE('',(#877),#84,.T.);
#3913=ADVANCED_FACE('',(#878),#157,.T.);
#3914=ADVANCED_FACE('',(#879),#158,.T.);
#3915=ADVANCED_FACE('',(#880),#159,.T.);
#3916=ADVANCED_FACE('',(#881),#3872,.F.);
#3917=ADVANCED_FACE('',(#882),#3873,.T.);
#3918=ADVANCED_FACE('',(#883),#3874,.F.);
#3919=ADVANCED_FACE('',(#884),#3875,.F.);
#3920=ADVANCED_FACE('',(#885),#3876,.F.);
#3921=ADVANCED_FACE('',(#886),#3877,.F.);
#3922=ADVANCED_FACE('',(#887),#160,.T.);
#3923=ADVANCED_FACE('',(#888),#68,.T.);
#3924=ADVANCED_FACE('',(#889),#161,.T.);
#3925=ADVANCED_FACE('',(#890),#69,.T.);
#3926=ADVANCED_FACE('',(#891),#70,.T.);
#3927=ADVANCED_FACE('',(#892),#162,.T.);
#3928=ADVANCED_FACE('',(#893),#163,.T.);
#3929=ADVANCED_FACE('',(#894),#71,.T.);
#3930=ADVANCED_FACE('',(#895),#72,.T.);
#3931=ADVANCED_FACE('',(#896),#164,.F.);
#3932=ADVANCED_FACE('',(#897),#165,.T.);
#3933=ADVANCED_FACE('',(#898),#3878,.T.);
#3934=ADVANCED_FACE('',(#899),#3879,.T.);
#3935=ADVANCED_FACE('',(#900),#166,.F.);
#3936=ADVANCED_FACE('',(#901),#167,.T.);
#3937=ADVANCED_FACE('',(#902),#73,.T.);
#3938=ADVANCED_FACE('',(#903),#74,.T.);
#3939=ADVANCED_FACE('',(#904),#168,.T.);
#3940=ADVANCED_FACE('',(#905),#169,.T.);
#3941=ADVANCED_FACE('',(#906),#75,.T.);
#3942=ADVANCED_FACE('',(#907),#170,.T.);
#3943=ADVANCED_FACE('',(#908),#3880,.T.);
#3944=ADVANCED_FACE('',(#909),#3881,.T.);
#3945=ADVANCED_FACE('',(#910),#171,.F.);
#3946=ADVANCED_FACE('',(#911),#172,.T.);
#3947=ADVANCED_FACE('',(#912),#76,.T.);
#3948=ADVANCED_FACE('',(#913),#77,.T.);
#3949=ADVANCED_FACE('',(#914),#173,.F.);
#3950=ADVANCED_FACE('',(#915),#174,.T.);
#3951=ADVANCED_FACE('',(#916),#44,.T.);
#3952=ADVANCED_FACE('',(#917),#45,.T.);
#3953=ADVANCED_FACE('',(#918),#175,.T.);
#3954=ADVANCED_FACE('',(#919),#176,.T.);
#3955=ADVANCED_FACE('',(#920),#46,.T.);
#3956=ADVANCED_FACE('',(#921),#177,.T.);
#3957=ADVANCED_FACE('',(#922),#178,.T.);
#3958=ADVANCED_FACE('',(#923),#179,.T.);
#3959=ADVANCED_FACE('',(#924),#180,.T.);
#3960=ADVANCED_FACE('',(#925),#181,.T.);
#3961=ADVANCED_FACE('',(#926),#182,.T.);
#3962=ADVANCED_FACE('',(#927),#183,.T.);
#3963=ADVANCED_FACE('',(#928),#78,.T.);
#3964=ADVANCED_FACE('',(#929),#184,.T.);
#3965=ADVANCED_FACE('',(#930),#185,.T.);
#3966=ADVANCED_FACE('',(#931),#186,.T.);
#3967=ADVANCED_FACE('',(#932),#187,.T.);
#3968=ADVANCED_FACE('',(#933),#3882,.F.);
#3969=ADVANCED_FACE('',(#934),#3883,.F.);
#3970=ADVANCED_FACE('',(#935),#3884,.F.);
#3971=ADVANCED_FACE('',(#936),#47,.T.);
#3972=ADVANCED_FACE('',(#937),#48,.T.);
#3973=ADVANCED_FACE('',(#938),#188,.T.);
#3974=ADVANCED_FACE('',(#939),#85,.T.);
#3975=ADVANCED_FACE('',(#940),#189,.F.);
#3976=ADVANCED_FACE('',(#941),#190,.T.);
#3977=ADVANCED_FACE('',(#942),#86,.T.);
#3978=ADVANCED_FACE('',(#943),#191,.T.);
#3979=ADVANCED_FACE('',(#944,#17),#87,.T.);
#3980=ADVANCED_FACE('',(#945),#192,.T.);
#3981=ADVANCED_FACE('',(#946),#88,.T.);
#3982=ADVANCED_FACE('',(#947),#193,.F.);
#3983=ADVANCED_FACE('',(#948,#18),#89,.T.);
#3984=ADVANCED_FACE('',(#949),#3885,.T.);
#3985=ADVANCED_FACE('',(#950),#3886,.T.);
#3986=ADVANCED_FACE('',(#951),#3887,.T.);
#3987=ADVANCED_FACE('',(#952),#90,.F.);
#3988=ADVANCED_FACE('',(#953),#91,.T.);
#3989=ADVANCED_FACE('',(#954),#92,.T.);
#3990=ADVANCED_FACE('',(#955),#93,.T.);
#3991=ADVANCED_FACE('',(#956),#94,.T.);
#3992=ADVANCED_FACE('',(#957),#95,.T.);
#3993=ADVANCED_FACE('',(#958),#96,.T.);
#3994=ADVANCED_FACE('',(#959),#97,.T.);
#3995=ADVANCED_FACE('',(#960),#194,.T.);
#3996=ADVANCED_FACE('',(#961,#19,#20,#21,#22,#23),#98,.T.);
#3997=ADVANCED_FACE('',(#962),#195,.F.);
#3998=ADVANCED_FACE('',(#963),#196,.T.);
#3999=ADVANCED_FACE('',(#964),#99,.T.);
#4000=ADVANCED_FACE('',(#965,#24,#25,#26,#27,#28),#100,.F.);
#4001=ADVANCED_FACE('',(#966),#197,.T.);
#4002=ADVANCED_FACE('',(#967),#198,.F.);
#4003=ADVANCED_FACE('',(#968),#199,.F.);
#4004=ADVANCED_FACE('',(#969),#3888,.T.);
#4005=ADVANCED_FACE('',(#970),#200,.T.);
#4006=ADVANCED_FACE('',(#971),#79,.F.);
#4007=ADVANCED_FACE('',(#972),#201,.F.);
#4008=ADVANCED_FACE('',(#973),#202,.F.);
#4009=ADVANCED_FACE('',(#974),#203,.T.);
#4010=ADVANCED_FACE('',(#975),#101,.T.);
#4011=ADVANCED_FACE('',(#976),#102,.T.);
#4012=ADVANCED_FACE('',(#977),#204,.T.);
#4013=ADVANCED_FACE('',(#978),#103,.T.);
#4014=ADVANCED_FACE('',(#979),#104,.T.);
#4015=ADVANCED_FACE('',(#980),#49,.T.);
#4016=ADVANCED_FACE('',(#981),#205,.T.);
#4017=ADVANCED_FACE('',(#982),#80,.T.);
#4018=ADVANCED_FACE('',(#983),#206,.T.);
#4019=ADVANCED_FACE('',(#984),#3889,.F.);
#4020=ADVANCED_FACE('',(#985),#207,.T.);
#4021=ADVANCED_FACE('',(#986),#3890,.F.);
#4022=ADVANCED_FACE('',(#987,#29),#105,.F.);
#4023=ADVANCED_FACE('',(#988),#208,.F.);
#4024=ADVANCED_FACE('',(#989),#209,.F.);
#4025=ADVANCED_FACE('',(#990),#210,.F.);
#4026=ADVANCED_FACE('',(#991),#106,.T.);
#4027=ADVANCED_FACE('',(#992),#107,.F.);
#4028=ADVANCED_FACE('',(#993),#108,.F.);
#4029=ADVANCED_FACE('',(#994),#109,.F.);
#4030=ADVANCED_FACE('',(#995),#110,.F.);
#4031=ADVANCED_FACE('',(#996),#111,.F.);
#4032=ADVANCED_FACE('',(#997),#211,.F.);
#4033=ADVANCED_FACE('',(#998),#112,.T.);
#4034=ADVANCED_FACE('',(#999),#212,.F.);
#4035=ADVANCED_FACE('',(#1000),#113,.T.);
#4036=ADVANCED_FACE('',(#1001),#114,.T.);
#4037=ADVANCED_FACE('',(#1002),#213,.T.);
#4038=ADVANCED_FACE('',(#1003),#115,.F.);
#4039=ADVANCED_FACE('',(#1004),#214,.F.);
#4040=ADVANCED_FACE('',(#1005),#215,.F.);
#4041=ADVANCED_FACE('',(#1006,#30),#116,.T.);
#4042=ADVANCED_FACE('',(#1007,#31),#117,.T.);
#4043=ADVANCED_FACE('',(#1008,#32,#33),#118,.F.);
#4044=ADVANCED_FACE('',(#1009),#216,.F.);
#4045=ADVANCED_FACE('',(#1010),#217,.F.);
#4046=ADVANCED_FACE('',(#1011),#119,.T.);
#4047=ADVANCED_FACE('',(#1012),#120,.T.);
#4048=ADVANCED_FACE('',(#1013),#121,.T.);
#4049=ADVANCED_FACE('',(#1014,#34,#35),#122,.F.);
#4050=ADVANCED_FACE('',(#1015),#218,.F.);
#4051=ADVANCED_FACE('',(#1016),#219,.F.);
#4052=ADVANCED_FACE('',(#1017),#123,.T.);
#4053=ADVANCED_FACE('',(#1018),#220,.F.);
#4054=ADVANCED_FACE('',(#1019),#221,.F.);
#4055=ADVANCED_FACE('',(#1020),#222,.F.);
#4056=ADVANCED_FACE('',(#1021,#36),#124,.T.);
#4057=ADVANCED_FACE('',(#1022,#37),#125,.T.);
#4058=ADVANCED_FACE('',(#1023,#38),#126,.T.);
#4059=ADVANCED_FACE('',(#1024),#223,.F.);
#4060=ADVANCED_FACE('',(#1025),#224,.F.);
#4061=ADVANCED_FACE('',(#1026),#225,.F.);
#4062=ADVANCED_FACE('',(#1027),#226,.F.);
#4063=ADVANCED_FACE('',(#1028,#39),#127,.T.);
#4064=ADVANCED_FACE('',(#1029),#50,.T.);
#4065=ADVANCED_FACE('',(#1030),#227,.T.);
#4066=ADVANCED_FACE('',(#1031),#51,.T.);
#4067=ADVANCED_FACE('',(#1032),#228,.T.);
#4068=ADVANCED_FACE('',(#1033),#52,.T.);
#4069=ADVANCED_FACE('',(#1034),#229,.T.);
#4070=ADVANCED_FACE('',(#1035),#230,.T.);
#4071=ADVANCED_FACE('',(#1036),#81,.T.);
#4072=ADVANCED_FACE('',(#1037),#53,.T.);
#4073=ADVANCED_FACE('',(#1038),#231,.T.);
#4074=ADVANCED_FACE('',(#1039),#232,.T.);
#4075=ADVANCED_FACE('',(#1040),#233,.T.);
#4076=ADVANCED_FACE('',(#1041),#234,.T.);
#4077=ADVANCED_FACE('',(#1042),#235,.T.);
#4078=ADVANCED_FACE('',(#1043),#236,.T.);
#4079=ADVANCED_FACE('',(#1044),#237,.T.);
#4080=ADVANCED_FACE('',(#1045),#238,.T.);
#4081=ADVANCED_FACE('',(#1046),#239,.T.);
#4082=ADVANCED_FACE('',(#1047),#54,.T.);
#4083=ADVANCED_FACE('',(#1048),#55,.T.);
#4084=ADVANCED_FACE('',(#1049,#40),#128,.T.);
#4085=ADVANCED_FACE('',(#1050),#129,.T.);
#4086=ADVANCED_FACE('',(#1051),#130,.T.);
#4087=ADVANCED_FACE('',(#1052),#131,.T.);
#4088=ADVANCED_FACE('',(#1053),#240,.T.);
#4089=ADVANCED_FACE('',(#1054),#132,.T.);
#4090=ADVANCED_FACE('',(#1055),#241,.T.);
#4091=ADVANCED_FACE('',(#1056),#133,.T.);
#4092=ADVANCED_FACE('',(#1057),#242,.F.);
#4093=ADVANCED_FACE('',(#1058),#243,.F.);
#4094=ADVANCED_FACE('',(#1059),#244,.F.);
#4095=ADVANCED_FACE('',(#1060),#134,.T.);
#4096=ADVANCED_FACE('',(#1061,#41),#135,.T.);
#4097=ADVANCED_FACE('',(#1062),#245,.F.);
#4098=ADVANCED_FACE('',(#1063),#136,.T.);
#4099=ADVANCED_FACE('',(#1064),#246,.F.);
#4100=ADVANCED_FACE('',(#1065),#137,.T.);
#4101=ADVANCED_FACE('',(#1066),#247,.F.);
#4102=ADVANCED_FACE('',(#1067),#138,.T.);
#4103=ADVANCED_FACE('',(#1068),#248,.T.);
#4104=ADVANCED_FACE('',(#1069),#139,.T.);
#4105=ADVANCED_FACE('',(#1070),#249,.T.);
#4106=ADVANCED_FACE('',(#1071),#250,.T.);
#4107=ADVANCED_FACE('',(#1072),#140,.F.);
#4108=ADVANCED_FACE('',(#1073),#141,.T.);
#4109=ADVANCED_FACE('',(#1074),#251,.T.);
#4110=ADVANCED_FACE('',(#1075),#252,.F.);
#4111=ADVANCED_FACE('',(#1076),#253,.T.);
#4112=ADVANCED_FACE('',(#1077),#254,.T.);
#4113=ADVANCED_FACE('',(#1078),#142,.T.);
#4114=ADVANCED_FACE('',(#1079),#56,.T.);
#4115=ADVANCED_FACE('',(#1080),#57,.T.);
#4116=ADVANCED_FACE('',(#1081),#255,.T.);
#4117=ADVANCED_FACE('',(#1082),#256,.T.);
#4118=ADVANCED_FACE('',(#1083),#257,.T.);
#4119=ADVANCED_FACE('',(#1084),#143,.T.);
#4120=ADVANCED_FACE('',(#1085),#144,.T.);
#4121=ADVANCED_FACE('',(#1086),#145,.T.);
#4122=ADVANCED_FACE('',(#1087),#146,.T.);
#4123=ADVANCED_FACE('',(#1088),#258,.F.);
#4124=ADVANCED_FACE('',(#1089),#259,.T.);
#4125=ADVANCED_FACE('',(#1090),#147,.T.);
#4126=ADVANCED_FACE('',(#1091),#260,.F.);
#4127=ADVANCED_FACE('',(#1092),#148,.T.);
#4128=ADVANCED_FACE('',(#1093),#261,.T.);
#4129=ADVANCED_FACE('',(#1094,#42),#149,.T.);
#4130=ADVANCED_FACE('',(#1095),#150,.T.);
#4131=ADVANCED_FACE('',(#1096,#43),#151,.F.);
#4132=ADVANCED_FACE('',(#1097),#152,.T.);
#4133=CLOSED_SHELL('',(#3891,#3892,#3893,#3894,#3895,#3896,#3897,#3898,
#3899,#3900,#3901,#3902,#3903,#3904,#3905,#3906,#3907,#3908,#3909,#3910,
#3911,#3912,#3913,#3914,#3915,#3916,#3917,#3918,#3919,#3920,#3921,#3922,
#3923,#3924,#3925,#3926,#3927,#3928,#3929,#3930,#3931,#3932,#3933,#3934,
#3935,#3936,#3937,#3938,#3939,#3940,#3941,#3942,#3943,#3944,#3945,#3946,
#3947,#3948,#3949,#3950,#3951,#3952,#3953,#3954,#3955,#3956,#3957,#3958,
#3959,#3960,#3961,#3962,#3963,#3964,#3965,#3966,#3967,#3968,#3969,#3970,
#3971,#3972,#3973,#3974,#3975,#3976,#3977,#3978,#3979,#3980,#3981,#3982,
#3983,#3984,#3985,#3986,#3987,#3988,#3989,#3990,#3991,#3992,#3993,#3994,
#3995,#3996,#3997,#3998,#3999,#4000,#4001,#4002,#4003,#4004,#4005,#4006,
#4007,#4008,#4009,#4010,#4011,#4012,#4013,#4014,#4015,#4016,#4017,#4018,
#4019,#4020,#4021,#4022,#4023,#4024,#4025,#4026,#4027,#4028,#4029,#4030,
#4031,#4032,#4033,#4034,#4035,#4036,#4037,#4038,#4039,#4040,#4041,#4042,
#4043,#4044,#4045,#4046,#4047,#4048,#4049,#4050,#4051,#4052,#4053,#4054,
#4055,#4056,#4057,#4058,#4059,#4060,#4061,#4062,#4063));
#4134=CLOSED_SHELL('',(#4064,#4065,#4066,#4067,#4068,#4069,#4070,#4071,
#4072,#4073,#4074,#4075,#4076,#4077,#4078,#4079,#4080,#4081,#4082,#4083,
#4084,#4085,#4086,#4087,#4088,#4089,#4090,#4091,#4092,#4093,#4094,#4095,
#4096,#4097,#4098,#4099,#4100,#4101,#4102,#4103,#4104,#4105,#4106,#4107,
#4108,#4109,#4110,#4111,#4112,#4113,#4114,#4115,#4116,#4117,#4118,#4119,
#4120,#4121,#4122,#4123,#4124,#4125,#4126,#4127,#4128,#4129,#4130,#4131,
#4132));
#4135=DERIVED_UNIT_ELEMENT(#4137,1.);
#4136=DERIVED_UNIT_ELEMENT(#13209,-3.);
#4137=(
MASS_UNIT()
NAMED_UNIT(*)
SI_UNIT(.KILO.,.GRAM.)
);
#4138=DERIVED_UNIT((#4135,#4136));
#4139=MEASURE_REPRESENTATION_ITEM('density measure',
POSITIVE_RATIO_MEASURE(7850.),#4138);
#4140=PROPERTY_DEFINITION_REPRESENTATION(#4145,#4142);
#4141=PROPERTY_DEFINITION_REPRESENTATION(#4146,#4143);
#4142=REPRESENTATION('material name',(#4144),#13206);
#4143=REPRESENTATION('density',(#4139),#13206);
#4144=DESCRIPTIVE_REPRESENTATION_ITEM('Steel','Steel');
#4145=PROPERTY_DEFINITION('material property','material name',#13216);
#4146=PROPERTY_DEFINITION('material property','density of part',#13216);
#4147=AXIS2_PLACEMENT_3D('',#5794,#4597,#4598);
#4148=AXIS2_PLACEMENT_3D('',#5988,#4599,#4600);
#4149=AXIS2_PLACEMENT_3D('',#6108,#4601,#4602);
#4150=AXIS2_PLACEMENT_3D('',#6426,#4603,#4604);
#4151=AXIS2_PLACEMENT_3D('',#6546,#4605,#4606);
#4152=AXIS2_PLACEMENT_3D('',#6882,#4607,#4608);
#4153=AXIS2_PLACEMENT_3D('',#6984,#4609,#4610);
#4154=AXIS2_PLACEMENT_3D('',#7165,#4611,#4612);
#4155=AXIS2_PLACEMENT_3D('',#7166,#4613,#4614);
#4156=AXIS2_PLACEMENT_3D('',#7477,#4615,#4616);
#4157=AXIS2_PLACEMENT_3D('',#7615,#4617,#4618);
#4158=AXIS2_PLACEMENT_3D('',#8003,#4619,#4620);
#4159=AXIS2_PLACEMENT_3D('',#8123,#4621,#4622);
#4160=AXIS2_PLACEMENT_3D('',#8408,#4623,#4624);
#4161=AXIS2_PLACEMENT_3D('',#8583,#4628,#4629);
#4162=AXIS2_PLACEMENT_3D('',#8586,#4630,#4631);
#4163=AXIS2_PLACEMENT_3D('',#8590,#4633,#4634);
#4164=AXIS2_PLACEMENT_3D('',#8592,#4636,#4637);
#4165=AXIS2_PLACEMENT_3D('',#8598,#4640,#4641);
#4166=AXIS2_PLACEMENT_3D('',#8600,#4643,#4644);
#4167=AXIS2_PLACEMENT_3D('',#8602,#4645,#4646);
#4168=AXIS2_PLACEMENT_3D('',#8605,#4648,#4649);
#4169=AXIS2_PLACEMENT_3D('',#8606,#4650,#4651);
#4170=AXIS2_PLACEMENT_3D('',#8618,#4652,#4653);
#4171=AXIS2_PLACEMENT_3D('',#8619,#4654,#4655);
#4172=AXIS2_PLACEMENT_3D('',#8625,#4658,#4659);
#4173=AXIS2_PLACEMENT_3D('',#8629,#4661,#4662);
#4174=AXIS2_PLACEMENT_3D('',#8632,#4664,#4665);
#4175=AXIS2_PLACEMENT_3D('',#8633,#4666,#4667);
#4176=AXIS2_PLACEMENT_3D('',#8641,#4672,#4673);
#4177=AXIS2_PLACEMENT_3D('',#8643,#4674,#4675);
#4178=AXIS2_PLACEMENT_3D('',#8645,#4676,#4677);
#4179=AXIS2_PLACEMENT_3D('',#8647,#4679,#4680);
#4180=AXIS2_PLACEMENT_3D('',#8655,#4685,#4686);
#4181=AXIS2_PLACEMENT_3D('',#8657,#4687,#4688);
#4182=AXIS2_PLACEMENT_3D('',#8671,#4696,#4697);
#4183=AXIS2_PLACEMENT_3D('',#8673,#4698,#4699);
#4184=AXIS2_PLACEMENT_3D('',#8675,#4700,#4701);
#4185=AXIS2_PLACEMENT_3D('',#8679,#4703,#4704);
#4186=AXIS2_PLACEMENT_3D('',#8688,#4706,#4707);
#4187=AXIS2_PLACEMENT_3D('',#8711,#4710,#4711);
#4188=AXIS2_PLACEMENT_3D('',#8754,#4714,#4715);
#4189=AXIS2_PLACEMENT_3D('',#8758,#4717,#4718);
#4190=AXIS2_PLACEMENT_3D('',#8782,#4720,#4721);
#4191=AXIS2_PLACEMENT_3D('',#8789,#4722,#4723);
#4192=AXIS2_PLACEMENT_3D('',#8915,#4724,#4725);
#4193=AXIS2_PLACEMENT_3D('',#9033,#4726,#4727);
#4194=AXIS2_PLACEMENT_3D('',#9060,#4728,#4729);
#4195=AXIS2_PLACEMENT_3D('',#9101,#4730,#4731);
#4196=AXIS2_PLACEMENT_3D('',#9114,#4732,#4733);
#4197=AXIS2_PLACEMENT_3D('',#9117,#4734,#4735);
#4198=AXIS2_PLACEMENT_3D('',#9120,#4738,#4739);
#4199=AXIS2_PLACEMENT_3D('',#9121,#4740,#4741);
#4200=AXIS2_PLACEMENT_3D('',#9123,#4742,#4743);
#4201=AXIS2_PLACEMENT_3D('',#9124,#4744,#4745);
#4202=AXIS2_PLACEMENT_3D('',#9125,#4746,#4747);
#4203=AXIS2_PLACEMENT_3D('',#9128,#4749,#4750);
#4204=AXIS2_PLACEMENT_3D('',#9130,#4752,#4753);
#4205=AXIS2_PLACEMENT_3D('',#9133,#4754,#4755);
#4206=AXIS2_PLACEMENT_3D('',#9135,#4756,#4757);
#4207=AXIS2_PLACEMENT_3D('',#9137,#4758,#4759);
#4208=AXIS2_PLACEMENT_3D('',#9138,#4760,#4761);
#4209=AXIS2_PLACEMENT_3D('',#9139,#4762,#4763);
#4210=AXIS2_PLACEMENT_3D('',#9142,#4764,#4765);
#4211=AXIS2_PLACEMENT_3D('',#9144,#4766,#4767);
#4212=AXIS2_PLACEMENT_3D('',#9146,#4768,#4769);
#4213=AXIS2_PLACEMENT_3D('',#9147,#4770,#4771);
#4214=AXIS2_PLACEMENT_3D('',#9148,#4772,#4773);
#4215=AXIS2_PLACEMENT_3D('',#9151,#4776,#4777);
#4216=AXIS2_PLACEMENT_3D('',#9154,#4780,#4781);
#4217=AXIS2_PLACEMENT_3D('',#9157,#4782,#4783);
#4218=AXIS2_PLACEMENT_3D('',#9159,#4784,#4785);
#4219=AXIS2_PLACEMENT_3D('',#9161,#4786,#4787);
#4220=AXIS2_PLACEMENT_3D('',#9162,#4788,#4789);
#4221=AXIS2_PLACEMENT_3D('',#9163,#4790,#4791);
#4222=AXIS2_PLACEMENT_3D('',#9166,#4792,#4793);
#4223=AXIS2_PLACEMENT_3D('',#9168,#4794,#4795);
#4224=AXIS2_PLACEMENT_3D('',#9170,#4796,#4797);
#4225=AXIS2_PLACEMENT_3D('',#9171,#4798,#4799);
#4226=AXIS2_PLACEMENT_3D('',#9172,#4800,#4801);
#4227=AXIS2_PLACEMENT_3D('',#9175,#4804,#4805);
#4228=AXIS2_PLACEMENT_3D('',#9222,#4808,#4809);
#4229=AXIS2_PLACEMENT_3D('',#9231,#4810,#4811);
#4230=AXIS2_PLACEMENT_3D('',#9289,#4812,#4813);
#4231=AXIS2_PLACEMENT_3D('',#9299,#4814,#4815);
#4232=AXIS2_PLACEMENT_3D('',#9307,#4816,#4817);
#4233=AXIS2_PLACEMENT_3D('',#9310,#4820,#4821);
#4234=AXIS2_PLACEMENT_3D('',#9313,#4824,#4825);
#4235=AXIS2_PLACEMENT_3D('',#9316,#4826,#4827);
#4236=AXIS2_PLACEMENT_3D('',#9318,#4828,#4829);
#4237=AXIS2_PLACEMENT_3D('',#9320,#4830,#4831);
#4238=AXIS2_PLACEMENT_3D('',#9321,#4832,#4833);
#4239=AXIS2_PLACEMENT_3D('',#9322,#4834,#4835);
#4240=AXIS2_PLACEMENT_3D('',#9325,#4836,#4837);
#4241=AXIS2_PLACEMENT_3D('',#9327,#4838,#4839);
#4242=AXIS2_PLACEMENT_3D('',#9329,#4840,#4841);
#4243=AXIS2_PLACEMENT_3D('',#9330,#4842,#4843);
#4244=AXIS2_PLACEMENT_3D('',#9331,#4844,#4845);
#4245=AXIS2_PLACEMENT_3D('',#9334,#4848,#4849);
#4246=AXIS2_PLACEMENT_3D('',#9337,#4850,#4851);
#4247=AXIS2_PLACEMENT_3D('',#9340,#4854,#4855);
#4248=AXIS2_PLACEMENT_3D('',#9343,#4856,#4857);
#4249=AXIS2_PLACEMENT_3D('',#9344,#4858,#4859);
#4250=AXIS2_PLACEMENT_3D('',#9345,#4860,#4861);
#4251=AXIS2_PLACEMENT_3D('',#9346,#4862,#4863);
#4252=AXIS2_PLACEMENT_3D('',#9407,#4866,#4867);
#4253=AXIS2_PLACEMENT_3D('',#9418,#4868,#4869);
#4254=AXIS2_PLACEMENT_3D('',#9485,#4870,#4871);
#4255=AXIS2_PLACEMENT_3D('',#9496,#4872,#4873);
#4256=AXIS2_PLACEMENT_3D('',#9505,#4874,#4875);
#4257=AXIS2_PLACEMENT_3D('',#9508,#4878,#4879);
#4258=AXIS2_PLACEMENT_3D('',#9511,#4882,#4883);
#4259=AXIS2_PLACEMENT_3D('',#9514,#4884,#4885);
#4260=AXIS2_PLACEMENT_3D('',#9516,#4886,#4887);
#4261=AXIS2_PLACEMENT_3D('',#9518,#4888,#4889);
#4262=AXIS2_PLACEMENT_3D('',#9519,#4890,#4891);
#4263=AXIS2_PLACEMENT_3D('',#9520,#4892,#4893);
#4264=AXIS2_PLACEMENT_3D('',#9523,#4894,#4895);
#4265=AXIS2_PLACEMENT_3D('',#9525,#4896,#4897);
#4266=AXIS2_PLACEMENT_3D('',#9527,#4898,#4899);
#4267=AXIS2_PLACEMENT_3D('',#9528,#4900,#4901);
#4268=AXIS2_PLACEMENT_3D('',#9529,#4902,#4903);
#4269=AXIS2_PLACEMENT_3D('',#9532,#4906,#4907);
#4270=AXIS2_PLACEMENT_3D('',#9535,#4910,#4911);
#4271=AXIS2_PLACEMENT_3D('',#9538,#4912,#4913);
#4272=AXIS2_PLACEMENT_3D('',#9540,#4914,#4915);
#4273=AXIS2_PLACEMENT_3D('',#9541,#4916,#4917);
#4274=AXIS2_PLACEMENT_3D('',#9542,#4918,#4919);
#4275=AXIS2_PLACEMENT_3D('',#9545,#4920,#4921);
#4276=AXIS2_PLACEMENT_3D('',#9547,#4922,#4923);
#4277=AXIS2_PLACEMENT_3D('',#9548,#4924,#4925);
#4278=AXIS2_PLACEMENT_3D('',#9549,#4926,#4927);
#4279=AXIS2_PLACEMENT_3D('',#9552,#4930,#4931);
#4280=AXIS2_PLACEMENT_3D('',#9555,#4934,#4935);
#4281=AXIS2_PLACEMENT_3D('',#9557,#4936,#4937);
#4282=AXIS2_PLACEMENT_3D('',#9558,#4938,#4939);
#4283=AXIS2_PLACEMENT_3D('',#9559,#4940,#4941);
#4284=AXIS2_PLACEMENT_3D('',#9562,#4942,#4943);
#4285=AXIS2_PLACEMENT_3D('',#9565,#4946,#4947);
#4286=AXIS2_PLACEMENT_3D('',#9568,#4950,#4951);
#4287=AXIS2_PLACEMENT_3D('',#9570,#4952,#4953);
#4288=AXIS2_PLACEMENT_3D('',#9573,#4956,#4957);
#4289=AXIS2_PLACEMENT_3D('',#9576,#4960,#4961);
#4290=AXIS2_PLACEMENT_3D('',#9579,#4964,#4965);
#4291=AXIS2_PLACEMENT_3D('',#9582,#4968,#4969);
#4292=AXIS2_PLACEMENT_3D('',#9585,#4970,#4971);
#4293=AXIS2_PLACEMENT_3D('',#9588,#4974,#4975);
#4294=AXIS2_PLACEMENT_3D('',#9591,#4976,#4977);
#4295=AXIS2_PLACEMENT_3D('',#9592,#4978,#4979);
#4296=AXIS2_PLACEMENT_3D('',#9593,#4980,#4981);
#4297=AXIS2_PLACEMENT_3D('',#9594,#4982,#4983);
#4298=AXIS2_PLACEMENT_3D('',#9597,#4986,#4987);
#4299=AXIS2_PLACEMENT_3D('',#9600,#4990,#4991);
#4300=AXIS2_PLACEMENT_3D('',#9603,#4994,#4995);
#4301=AXIS2_PLACEMENT_3D('',#11741,#4998,#4999);
#4302=AXIS2_PLACEMENT_3D('',#12178,#5000,#5001);
#4303=AXIS2_PLACEMENT_3D('',#12231,#5002,#5003);
#4304=AXIS2_PLACEMENT_3D('',#12232,#5004,#5005);
#4305=AXIS2_PLACEMENT_3D('',#12233,#5006,#5007);
#4306=AXIS2_PLACEMENT_3D('',#12234,#5008,#5009);
#4307=AXIS2_PLACEMENT_3D('',#12235,#5010,#5011);
#4308=AXIS2_PLACEMENT_3D('',#12238,#5014,#5015);
#4309=AXIS2_PLACEMENT_3D('',#12239,#5016,#5017);
#4310=AXIS2_PLACEMENT_3D('',#12240,#5018,#5019);
#4311=AXIS2_PLACEMENT_3D('',#12243,#5021,#5022);
#4312=AXIS2_PLACEMENT_3D('',#12244,#5023,#5024);
#4313=AXIS2_PLACEMENT_3D('',#12247,#5027,#5028);
#4314=AXIS2_PLACEMENT_3D('',#12249,#5030,#5031);
#4315=AXIS2_PLACEMENT_3D('',#12250,#5032,#5033);
#4316=AXIS2_PLACEMENT_3D('',#12259,#5038,#5039);
#4317=AXIS2_PLACEMENT_3D('',#12263,#5041,#5042);
#4318=AXIS2_PLACEMENT_3D('',#12266,#5044,#5045);
#4319=AXIS2_PLACEMENT_3D('',#12268,#5046,#5047);
#4320=AXIS2_PLACEMENT_3D('',#12269,#5048,#5049);
#4321=AXIS2_PLACEMENT_3D('',#12272,#5051,#5052);
#4322=AXIS2_PLACEMENT_3D('',#12273,#5053,#5054);
#4323=AXIS2_PLACEMENT_3D('',#12277,#5057,#5058);
#4324=AXIS2_PLACEMENT_3D('',#12280,#5060,#5061);
#4325=AXIS2_PLACEMENT_3D('',#12281,#5062,#5063);
#4326=AXIS2_PLACEMENT_3D('',#12360,#5073,#5074);
#4327=AXIS2_PLACEMENT_3D('',#12361,#5075,#5076);
#4328=AXIS2_PLACEMENT_3D('',#12362,#5077,#5078);
#4329=AXIS2_PLACEMENT_3D('',#12363,#5079,#5080);
#4330=AXIS2_PLACEMENT_3D('',#12364,#5081,#5082);
#4331=AXIS2_PLACEMENT_3D('',#12365,#5083,#5084);
#4332=AXIS2_PLACEMENT_3D('',#12366,#5085,#5086);
#4333=AXIS2_PLACEMENT_3D('',#12367,#5087,#5088);
#4334=AXIS2_PLACEMENT_3D('',#12368,#5089,#5090);
#4335=AXIS2_PLACEMENT_3D('',#12371,#5091,#5092);
#4336=AXIS2_PLACEMENT_3D('',#12375,#5094,#5095);
#4337=AXIS2_PLACEMENT_3D('',#12377,#5097,#5098);
#4338=AXIS2_PLACEMENT_3D('',#12379,#5099,#5100);
#4339=AXIS2_PLACEMENT_3D('',#12381,#5101,#5102);
#4340=AXIS2_PLACEMENT_3D('',#12386,#5105,#5106);
#4341=AXIS2_PLACEMENT_3D('',#12398,#5113,#5114);
#4342=AXIS2_PLACEMENT_3D('',#12404,#5118,#5119);
#4343=AXIS2_PLACEMENT_3D('',#12406,#5120,#5121);
#4344=AXIS2_PLACEMENT_3D('',#12408,#5122,#5123);
#4345=AXIS2_PLACEMENT_3D('',#12410,#5124,#5125);
#4346=AXIS2_PLACEMENT_3D('',#12412,#5126,#5127);
#4347=AXIS2_PLACEMENT_3D('',#12413,#5128,#5129);
#4348=AXIS2_PLACEMENT_3D('',#12415,#5130,#5131);
#4349=AXIS2_PLACEMENT_3D('',#12417,#5133,#5134);
#4350=AXIS2_PLACEMENT_3D('',#12419,#5135,#5136);
#4351=AXIS2_PLACEMENT_3D('',#12421,#5138,#5139);
#4352=AXIS2_PLACEMENT_3D('',#12422,#5140,#5141);
#4353=AXIS2_PLACEMENT_3D('',#12427,#5144,#5145);
#4354=AXIS2_PLACEMENT_3D('',#12429,#5146,#5147);
#4355=AXIS2_PLACEMENT_3D('',#12431,#5148,#5149);
#4356=AXIS2_PLACEMENT_3D('',#12433,#5150,#5151);
#4357=AXIS2_PLACEMENT_3D('',#12435,#5152,#5153);
#4358=AXIS2_PLACEMENT_3D('',#12437,#5154,#5155);
#4359=AXIS2_PLACEMENT_3D('',#12438,#5156,#5157);
#4360=AXIS2_PLACEMENT_3D('',#12440,#5159,#5160);
#4361=AXIS2_PLACEMENT_3D('',#12442,#5161,#5162);
#4362=AXIS2_PLACEMENT_3D('',#12445,#5164,#5165);
#4363=AXIS2_PLACEMENT_3D('',#12446,#5166,#5167);
#4364=AXIS2_PLACEMENT_3D('',#12449,#5169,#5170);
#4365=AXIS2_PLACEMENT_3D('',#12555,#5171,#5172);
#4366=AXIS2_PLACEMENT_3D('',#12556,#5173,#5174);
#4367=AXIS2_PLACEMENT_3D('',#12557,#5175,#5176);
#4368=AXIS2_PLACEMENT_3D('',#12559,#5177,#5178);
#4369=AXIS2_PLACEMENT_3D('',#12561,#5180,#5181);
#4370=AXIS2_PLACEMENT_3D('',#12564,#5182,#5183);
#4371=AXIS2_PLACEMENT_3D('',#12566,#5184,#5185);
#4372=AXIS2_PLACEMENT_3D('',#12568,#5186,#5187);
#4373=AXIS2_PLACEMENT_3D('',#12569,#5188,#5189);
#4374=AXIS2_PLACEMENT_3D('',#12570,#5190,#5191);
#4375=AXIS2_PLACEMENT_3D('',#12573,#5194,#5195);
#4376=AXIS2_PLACEMENT_3D('',#12576,#5198,#5199);
#4377=AXIS2_PLACEMENT_3D('',#12579,#5200,#5201);
#4378=AXIS2_PLACEMENT_3D('',#12582,#5204,#5205);
#4379=AXIS2_PLACEMENT_3D('',#12583,#5206,#5207);
#4380=AXIS2_PLACEMENT_3D('',#12587,#5209,#5210);
#4381=AXIS2_PLACEMENT_3D('',#12590,#5213,#5214);
#4382=AXIS2_PLACEMENT_3D('',#12593,#5215,#5216);
#4383=AXIS2_PLACEMENT_3D('',#12596,#5219,#5220);
#4384=AXIS2_PLACEMENT_3D('',#12643,#5225,#5226);
#4385=AXIS2_PLACEMENT_3D('',#12644,#5227,#5228);
#4386=AXIS2_PLACEMENT_3D('',#12646,#5229,#5230);
#4387=AXIS2_PLACEMENT_3D('',#12647,#5231,#5232);
#4388=AXIS2_PLACEMENT_3D('',#12648,#5233,#5234);
#4389=AXIS2_PLACEMENT_3D('',#12650,#5235,#5236);
#4390=AXIS2_PLACEMENT_3D('',#12652,#5238,#5239);
#4391=AXIS2_PLACEMENT_3D('',#12654,#5240,#5241);
#4392=AXIS2_PLACEMENT_3D('',#12655,#5242,#5243);
#4393=AXIS2_PLACEMENT_3D('',#12656,#5244,#5245);
#4394=AXIS2_PLACEMENT_3D('',#12658,#5246,#5247);
#4395=AXIS2_PLACEMENT_3D('',#12681,#5249,#5250);
#4396=AXIS2_PLACEMENT_3D('',#12686,#5251,#5252);
#4397=AXIS2_PLACEMENT_3D('',#12688,#5253,#5254);
#4398=AXIS2_PLACEMENT_3D('',#12714,#5256,#5257);
#4399=AXIS2_PLACEMENT_3D('',#12716,#5258,#5259);
#4400=AXIS2_PLACEMENT_3D('',#12717,#5260,#5261);
#4401=AXIS2_PLACEMENT_3D('',#12720,#5263,#5264);
#4402=AXIS2_PLACEMENT_3D('',#12721,#5265,#5266);
#4403=AXIS2_PLACEMENT_3D('',#12724,#5268,#5269);
#4404=AXIS2_PLACEMENT_3D('',#12725,#5270,#5271);
#4405=AXIS2_PLACEMENT_3D('',#12729,#5274,#5275);
#4406=AXIS2_PLACEMENT_3D('',#12734,#5279,#5280);
#4407=AXIS2_PLACEMENT_3D('',#12739,#5284,#5285);
#4408=AXIS2_PLACEMENT_3D('',#12741,#5287,#5288);
#4409=AXIS2_PLACEMENT_3D('',#12747,#5292,#5293);
#4410=AXIS2_PLACEMENT_3D('',#12749,#5294,#5295);
#4411=AXIS2_PLACEMENT_3D('',#12751,#5297,#5298);
#4412=AXIS2_PLACEMENT_3D('',#12755,#5301,#5302);
#4413=AXIS2_PLACEMENT_3D('',#12756,#5303,#5304);
#4414=AXIS2_PLACEMENT_3D('',#12757,#5305,#5306);
#4415=AXIS2_PLACEMENT_3D('',#12758,#5307,#5308);
#4416=AXIS2_PLACEMENT_3D('',#12760,#5309,#5310);
#4417=AXIS2_PLACEMENT_3D('',#12761,#5311,#5312);
#4418=AXIS2_PLACEMENT_3D('',#12763,#5314,#5315);
#4419=AXIS2_PLACEMENT_3D('',#12767,#5318,#5319);
#4420=AXIS2_PLACEMENT_3D('',#12771,#5322,#5323);
#4421=AXIS2_PLACEMENT_3D('',#12772,#5324,#5325);
#4422=AXIS2_PLACEMENT_3D('',#12773,#5326,#5327);
#4423=AXIS2_PLACEMENT_3D('',#12774,#5328,#5329);
#4424=AXIS2_PLACEMENT_3D('',#12776,#5331,#5332);
#4425=AXIS2_PLACEMENT_3D('',#12779,#5334,#5335);
#4426=AXIS2_PLACEMENT_3D('',#12780,#5336,#5337);
#4427=AXIS2_PLACEMENT_3D('',#12782,#5338,#5339);
#4428=AXIS2_PLACEMENT_3D('',#12783,#5340,#5341);
#4429=AXIS2_PLACEMENT_3D('',#12785,#5342,#5343);
#4430=AXIS2_PLACEMENT_3D('',#12786,#5344,#5345);
#4431=AXIS2_PLACEMENT_3D('',#12789,#5347,#5348);
#4432=AXIS2_PLACEMENT_3D('',#12791,#5349,#5350);
#4433=AXIS2_PLACEMENT_3D('',#12792,#5351,#5352);
#4434=AXIS2_PLACEMENT_3D('',#12794,#5354,#5355);
#4435=AXIS2_PLACEMENT_3D('',#12796,#5357,#5358);
#4436=AXIS2_PLACEMENT_3D('',#12797,#5359,#5360);
#4437=AXIS2_PLACEMENT_3D('',#12798,#5361,#5362);
#4438=AXIS2_PLACEMENT_3D('',#12799,#5363,#5364);
#4439=AXIS2_PLACEMENT_3D('',#12802,#5366,#5367);
#4440=AXIS2_PLACEMENT_3D('',#12804,#5368,#5369);
#4441=AXIS2_PLACEMENT_3D('',#12805,#5370,#5371);
#4442=AXIS2_PLACEMENT_3D('',#12807,#5373,#5374);
#4443=AXIS2_PLACEMENT_3D('',#12809,#5376,#5377);
#4444=AXIS2_PLACEMENT_3D('',#12810,#5378,#5379);
#4445=AXIS2_PLACEMENT_3D('',#12813,#5381,#5382);
#4446=AXIS2_PLACEMENT_3D('',#12814,#5383,#5384);
#4447=AXIS2_PLACEMENT_3D('',#12817,#5386,#5387);
#4448=AXIS2_PLACEMENT_3D('',#12818,#5388,#5389);
#4449=AXIS2_PLACEMENT_3D('',#12819,#5390,#5391);
#4450=AXIS2_PLACEMENT_3D('',#12820,#5392,#5393);
#4451=AXIS2_PLACEMENT_3D('',#12822,#5394,#5395);
#4452=AXIS2_PLACEMENT_3D('',#12823,#5396,#5397);
#4453=AXIS2_PLACEMENT_3D('',#12825,#5398,#5399);
#4454=AXIS2_PLACEMENT_3D('',#12826,#5400,#5401);
#4455=AXIS2_PLACEMENT_3D('',#12828,#5402,#5403);
#4456=AXIS2_PLACEMENT_3D('',#12829,#5404,#5405);
#4457=AXIS2_PLACEMENT_3D('',#12831,#5407,#5408);
#4458=AXIS2_PLACEMENT_3D('',#12833,#5410,#5411);
#4459=AXIS2_PLACEMENT_3D('',#12835,#5412,#5413);
#4460=AXIS2_PLACEMENT_3D('',#12837,#5415,#5416);
#4461=AXIS2_PLACEMENT_3D('',#12839,#5418,#5419);
#4462=AXIS2_PLACEMENT_3D('',#12840,#5420,#5421);
#4463=AXIS2_PLACEMENT_3D('',#12843,#5422,#5423);
#4464=AXIS2_PLACEMENT_3D('',#12845,#5424,#5425);
#4465=AXIS2_PLACEMENT_3D('',#12846,#5426,#5427);
#4466=AXIS2_PLACEMENT_3D('',#12847,#5428,#5429);
#4467=AXIS2_PLACEMENT_3D('',#12850,#5430,#5431);
#4468=AXIS2_PLACEMENT_3D('',#12853,#5434,#5435);
#4469=AXIS2_PLACEMENT_3D('',#12856,#5436,#5437);
#4470=AXIS2_PLACEMENT_3D('',#12858,#5438,#5439);
#4471=AXIS2_PLACEMENT_3D('',#12859,#5440,#5441);
#4472=AXIS2_PLACEMENT_3D('',#12860,#5442,#5443);
#4473=AXIS2_PLACEMENT_3D('',#12863,#5444,#5445);
#4474=AXIS2_PLACEMENT_3D('',#12866,#5448,#5449);
#4475=AXIS2_PLACEMENT_3D('',#12869,#5450,#5451);
#4476=AXIS2_PLACEMENT_3D('',#12871,#5452,#5453);
#4477=AXIS2_PLACEMENT_3D('',#12872,#5454,#5455);
#4478=AXIS2_PLACEMENT_3D('',#12873,#5456,#5457);
#4479=AXIS2_PLACEMENT_3D('',#12876,#5458,#5459);
#4480=AXIS2_PLACEMENT_3D('',#12879,#5462,#5463);
#4481=AXIS2_PLACEMENT_3D('',#12882,#5464,#5465);
#4482=AXIS2_PLACEMENT_3D('',#12885,#5468,#5469);
#4483=AXIS2_PLACEMENT_3D('',#12887,#5470,#5471);
#4484=AXIS2_PLACEMENT_3D('',#12889,#5472,#5473);
#4485=AXIS2_PLACEMENT_3D('',#12890,#5474,#5475);
#4486=AXIS2_PLACEMENT_3D('',#12891,#5476,#5477);
#4487=AXIS2_PLACEMENT_3D('',#12894,#5478,#5479);
#4488=AXIS2_PLACEMENT_3D('',#12896,#5480,#5481);
#4489=AXIS2_PLACEMENT_3D('',#12897,#5482,#5483);
#4490=AXIS2_PLACEMENT_3D('',#12898,#5484,#5485);
#4491=AXIS2_PLACEMENT_3D('',#12901,#5486,#5487);
#4492=AXIS2_PLACEMENT_3D('',#12904,#5490,#5491);
#4493=AXIS2_PLACEMENT_3D('',#12907,#5494,#5495);
#4494=AXIS2_PLACEMENT_3D('',#12910,#5498,#5499);
#4495=AXIS2_PLACEMENT_3D('',#12913,#5502,#5503);
#4496=AXIS2_PLACEMENT_3D('',#12918,#5506,#5507);
#4497=AXIS2_PLACEMENT_3D('',#12919,#5508,#5509);
#4498=AXIS2_PLACEMENT_3D('',#12924,#5512,#5513);
#4499=AXIS2_PLACEMENT_3D('',#12925,#5514,#5515);
#4500=AXIS2_PLACEMENT_3D('',#12929,#5517,#5518);
#4501=AXIS2_PLACEMENT_3D('',#12931,#5520,#5521);
#4502=AXIS2_PLACEMENT_3D('',#12934,#5522,#5523);
#4503=AXIS2_PLACEMENT_3D('',#12937,#5525,#5526);
#4504=AXIS2_PLACEMENT_3D('',#12939,#5528,#5529);
#4505=AXIS2_PLACEMENT_3D('',#12941,#5530,#5531);
#4506=AXIS2_PLACEMENT_3D('',#12945,#5533,#5534);
#4507=AXIS2_PLACEMENT_3D('',#12947,#5536,#5537);
#4508=AXIS2_PLACEMENT_3D('',#12948,#5538,#5539);
#4509=AXIS2_PLACEMENT_3D('',#12949,#5540,#5541);
#4510=AXIS2_PLACEMENT_3D('',#12950,#5542,#5543);
#4511=AXIS2_PLACEMENT_3D('',#12951,#5544,#5545);
#4512=AXIS2_PLACEMENT_3D('',#12961,#5550,#5551);
#4513=AXIS2_PLACEMENT_3D('',#12965,#5553,#5554);
#4514=AXIS2_PLACEMENT_3D('',#12969,#5556,#5557);
#4515=AXIS2_PLACEMENT_3D('',#12974,#5560,#5561);
#4516=AXIS2_PLACEMENT_3D('',#12975,#5562,#5563);
#4517=AXIS2_PLACEMENT_3D('',#12977,#5565,#5566);
#4518=AXIS2_PLACEMENT_3D('',#12981,#5569,#5570);
#4519=AXIS2_PLACEMENT_3D('',#12991,#5576,#5577);
#4520=AXIS2_PLACEMENT_3D('',#12994,#5579,#5580);
#4521=AXIS2_PLACEMENT_3D('',#12995,#5581,#5582);
#4522=AXIS2_PLACEMENT_3D('',#12999,#5585,#5586);
#4523=AXIS2_PLACEMENT_3D('',#13002,#5588,#5589);
#4524=AXIS2_PLACEMENT_3D('',#13003,#5590,#5591);
#4525=AXIS2_PLACEMENT_3D('',#13011,#5596,#5597);
#4526=AXIS2_PLACEMENT_3D('',#13017,#5600,#5601);
#4527=AXIS2_PLACEMENT_3D('',#13028,#5602,#5603);
#4528=AXIS2_PLACEMENT_3D('',#13044,#5606,#5607);
#4529=AXIS2_PLACEMENT_3D('',#13045,#5608,#5609);
#4530=AXIS2_PLACEMENT_3D('',#13048,#5612,#5613);
#4531=AXIS2_PLACEMENT_3D('',#13052,#5616,#5617);
#4532=AXIS2_PLACEMENT_3D('',#13054,#5618,#5619);
#4533=AXIS2_PLACEMENT_3D('',#13058,#5621,#5622);
#4534=AXIS2_PLACEMENT_3D('',#13062,#5624,#5625);
#4535=AXIS2_PLACEMENT_3D('',#13066,#5627,#5628);
#4536=AXIS2_PLACEMENT_3D('',#13070,#5630,#5631);
#4537=AXIS2_PLACEMENT_3D('',#13073,#5633,#5634);
#4538=AXIS2_PLACEMENT_3D('',#13075,#5635,#5636);
#4539=AXIS2_PLACEMENT_3D('',#13078,#5638,#5639);
#4540=AXIS2_PLACEMENT_3D('',#13082,#5641,#5642);
#4541=AXIS2_PLACEMENT_3D('',#13086,#5644,#5645);
#4542=AXIS2_PLACEMENT_3D('',#13090,#5647,#5648);
#4543=AXIS2_PLACEMENT_3D('',#13093,#5650,#5651);
#4544=AXIS2_PLACEMENT_3D('',#13095,#5652,#5653);
#4545=AXIS2_PLACEMENT_3D('',#13096,#5654,#5655);
#4546=AXIS2_PLACEMENT_3D('',#13100,#5657,#5658);
#4547=AXIS2_PLACEMENT_3D('',#13102,#5660,#5661);
#4548=AXIS2_PLACEMENT_3D('',#13106,#5664,#5665);
#4549=AXIS2_PLACEMENT_3D('',#13109,#5666,#5667);
#4550=AXIS2_PLACEMENT_3D('',#13112,#5670,#5671);
#4551=AXIS2_PLACEMENT_3D('',#13116,#5674,#5675);
#4552=AXIS2_PLACEMENT_3D('',#13119,#5678,#5679);
#4553=AXIS2_PLACEMENT_3D('',#13123,#5682,#5683);
#4554=AXIS2_PLACEMENT_3D('',#13127,#5685,#5686);
#4555=AXIS2_PLACEMENT_3D('',#13129,#5688,#5689);
#4556=AXIS2_PLACEMENT_3D('',#13131,#5691,#5692);
#4557=AXIS2_PLACEMENT_3D('',#13133,#5693,#5694);
#4558=AXIS2_PLACEMENT_3D('',#13135,#5696,#5697);
#4559=AXIS2_PLACEMENT_3D('',#13138,#5699,#5700);
#4560=AXIS2_PLACEMENT_3D('',#13139,#5701,#5702);
#4561=AXIS2_PLACEMENT_3D('',#13142,#5704,#5705);
#4562=AXIS2_PLACEMENT_3D('',#13144,#5707,#5708);
#4563=AXIS2_PLACEMENT_3D('',#13146,#5710,#5711);
#4564=AXIS2_PLACEMENT_3D('',#13147,#5712,#5713);
#4565=AXIS2_PLACEMENT_3D('',#13149,#5714,#5715);
#4566=AXIS2_PLACEMENT_3D('',#13151,#5717,#5718);
#4567=AXIS2_PLACEMENT_3D('',#13156,#5721,#5722);
#4568=AXIS2_PLACEMENT_3D('',#13157,#5723,#5724);
#4569=AXIS2_PLACEMENT_3D('',#13160,#5727,#5728);
#4570=AXIS2_PLACEMENT_3D('',#13161,#5729,#5730);
#4571=AXIS2_PLACEMENT_3D('',#13163,#5731,#5732);
#4572=AXIS2_PLACEMENT_3D('',#13164,#5733,#5734);
#4573=AXIS2_PLACEMENT_3D('',#13165,#5735,#5736);
#4574=AXIS2_PLACEMENT_3D('',#13167,#5737,#5738);
#4575=AXIS2_PLACEMENT_3D('',#13168,#5739,#5740);
#4576=AXIS2_PLACEMENT_3D('',#13169,#5741,#5742);
#4577=AXIS2_PLACEMENT_3D('',#13171,#5744,#5745);
#4578=AXIS2_PLACEMENT_3D('',#13173,#5747,#5748);
#4579=AXIS2_PLACEMENT_3D('',#13175,#5750,#5751);
#4580=AXIS2_PLACEMENT_3D('',#13177,#5753,#5754);
#4581=AXIS2_PLACEMENT_3D('',#13178,#5755,#5756);
#4582=AXIS2_PLACEMENT_3D('',#13180,#5758,#5759);
#4583=AXIS2_PLACEMENT_3D('',#13181,#5760,#5761);
#4584=AXIS2_PLACEMENT_3D('',#13183,#5762,#5763);
#4585=AXIS2_PLACEMENT_3D('',#13185,#5765,#5766);
#4586=AXIS2_PLACEMENT_3D('',#13186,#5767,#5768);
#4587=AXIS2_PLACEMENT_3D('',#13187,#5769,#5770);
#4588=AXIS2_PLACEMENT_3D('',#13189,#5772,#5773);
#4589=AXIS2_PLACEMENT_3D('',#13191,#5774,#5775);
#4590=AXIS2_PLACEMENT_3D('',#13193,#5777,#5778);
#4591=AXIS2_PLACEMENT_3D('',#13197,#5781,#5782);
#4592=AXIS2_PLACEMENT_3D('',#13198,#5783,#5784);
#4593=AXIS2_PLACEMENT_3D('',#13199,#5785,#5786);
#4594=AXIS2_PLACEMENT_3D('',#13200,#5787,#5788);
#4595=AXIS2_PLACEMENT_3D('',#13202,#5790,#5791);
#4596=AXIS2_PLACEMENT_3D('',#13203,#5792,#5793);
#4597=DIRECTION('axis',(0.,0.,1.));
#4598=DIRECTION('refdir',(1.,0.,0.));
#4599=DIRECTION('center_axis',(0.,-1.,0.));
#4600=DIRECTION('ref_axis',(0.,0.,-1.));
#4601=DIRECTION('center_axis',(0.,0.,1.));
#4602=DIRECTION('ref_axis',(-1.,0.,0.));
#4603=DIRECTION('center_axis',(0.,0.,1.));
#4604=DIRECTION('ref_axis',(-1.,0.,0.));
#4605=DIRECTION('center_axis',(0.,0.,-1.));
#4606=DIRECTION('ref_axis',(0.,-1.,0.));
#4607=DIRECTION('center_axis',(0.,0.,-1.));
#4608=DIRECTION('ref_axis',(0.,-1.,0.));
#4609=DIRECTION('center_axis',(-0.996194698091746,0.0871557427476582,-3.53919453065908E-15));
#4610=DIRECTION('ref_axis',(-0.0871557427476582,-0.996194698091746,0.));
#4611=DIRECTION('center_axis',(0.,0.,-1.));
#4612=DIRECTION('ref_axis',(0.675590207615659,-0.737277336810125,0.));
#4613=DIRECTION('center_axis',(-0.996194698091746,0.0871557427476582,-3.53919453065908E-15));
#4614=DIRECTION('ref_axis',(-0.0871557427476582,-0.996194698091746,0.));
#4615=DIRECTION('center_axis',(-0.607900410751944,0.794013281127978,0.));
#4616=DIRECTION('ref_axis',(0.794013281127978,0.607900410751944,0.));
#4617=DIRECTION('center_axis',(0.684904917355554,-0.728632454796094,0.));
#4618=DIRECTION('ref_axis',(0.,0.,-1.));
#4619=DIRECTION('center_axis',(0.684904917355554,-0.728632454796094,0.));
#4620=DIRECTION('ref_axis',(0.,0.,-1.));
#4621=DIRECTION('center_axis',(-4.15918281605314E-16,-1.87275034492403E-16,
1.));
#4622=DIRECTION('ref_axis',(0.981482830853382,0.191550131140733,4.44089209850062E-16));
#4623=DIRECTION('center_axis',(-4.15918281605314E-16,-1.87275034492403E-16,
1.));
#4624=DIRECTION('ref_axis',(0.981482830853382,0.191550131140733,4.44089209850062E-16));
#4625=DIRECTION('',(0.,0.,1.));
#4626=DIRECTION('',(0.,0.,1.));
#4627=DIRECTION('',(0.,0.,1.));
#4628=DIRECTION('center_axis',(0.,-1.,0.));
#4629=DIRECTION('ref_axis',(0.70710678118656,0.,-0.707106781186535));
#4630=DIRECTION('center_axis',(0.,-1.,0.));
#4631=DIRECTION('ref_axis',(0.70710678118656,0.,-0.707106781186535));
#4632=DIRECTION('',(0.,1.,0.));
#4633=DIRECTION('center_axis',(0.,1.,0.));
#4634=DIRECTION('ref_axis',(0.70710678118656,0.,-0.707106781186535));
#4635=DIRECTION('',(0.,-1.,0.));
#4636=DIRECTION('center_axis',(0.,0.,-1.));
#4637=DIRECTION('ref_axis',(1.,0.,0.));
#4638=DIRECTION('',(1.,0.,0.));
#4639=DIRECTION('',(0.,1.,0.));
#4640=DIRECTION('center_axis',(0.,0.,1.));
#4641=DIRECTION('ref_axis',(0.999195813965891,-0.0400964506289731,0.));
#4642=DIRECTION('',(1.,0.,8.32667268468847E-17));
#4643=DIRECTION('center_axis',(0.,-1.,0.));
#4644=DIRECTION('ref_axis',(-0.707106781186548,0.,-0.707106781186548));
#4645=DIRECTION('center_axis',(0.,1.,0.));
#4646=DIRECTION('ref_axis',(-0.707106781186548,0.,-0.707106781186548));
#4647=DIRECTION('',(0.,-1.,0.));
#4648=DIRECTION('center_axis',(0.,-1.,0.));
#4649=DIRECTION('ref_axis',(-1.,0.,0.));
#4650=DIRECTION('center_axis',(0.,0.,-1.));
#4651=DIRECTION('ref_axis',(-1.,0.,0.));
#4652=DIRECTION('center_axis',(0.,0.,-1.));
#4653=DIRECTION('ref_axis',(0.999195813965891,-0.0400964506289731,0.));
#4654=DIRECTION('center_axis',(0.,8.88178419700124E-15,1.));
#4655=DIRECTION('ref_axis',(0.339683110243445,-0.940539943125936,0.));
#4656=DIRECTION('',(0.,8.88178419700124E-15,1.));
#4657=DIRECTION('',(0.,8.88178419700124E-15,1.));
#4658=DIRECTION('center_axis',(8.32667268468847E-17,-1.08524300657109E-14,
-1.));
#4659=DIRECTION('ref_axis',(0.339683110243445,-0.940539943125936,0.));
#4660=DIRECTION('',(0.,-8.88178419700124E-15,-1.));
#4661=DIRECTION('center_axis',(1.23259516440783E-32,-1.57772181044202E-30,
1.));
#4662=DIRECTION('ref_axis',(0.339683110243445,-0.940539943125936,0.));
#4663=DIRECTION('',(1.53659927256935E-14,0.,1.));
#4664=DIRECTION('center_axis',(-8.32667268468847E-17,1.08524300657109E-14,
1.));
#4665=DIRECTION('ref_axis',(0.339683110243445,-0.940539943125936,0.));
#4666=DIRECTION('center_axis',(-1.,0.,0.));
#4667=DIRECTION('ref_axis',(0.,-1.,0.));
#4668=DIRECTION('',(0.,0.,-1.));
#4669=DIRECTION('',(0.,-1.,1.08524300657109E-14));
#4670=DIRECTION('',(0.,0.,1.));
#4671=DIRECTION('',(0.,1.,-1.08524300657109E-14));
#4672=DIRECTION('center_axis',(-1.53659927256935E-14,0.,-1.));
#4673=DIRECTION('ref_axis',(0.,-1.,0.));
#4674=DIRECTION('center_axis',(8.32667268468847E-17,-1.08524300657109E-14,
-1.));
#4675=DIRECTION('ref_axis',(0.,-1.,0.));
#4676=DIRECTION('center_axis',(1.23259516440783E-32,-1.57772181044202E-30,
1.));
#4677=DIRECTION('ref_axis',(0.,-1.,0.));
#4678=DIRECTION('',(-1.53659927256935E-14,0.,-1.));
#4679=DIRECTION('center_axis',(0.,-1.,0.));
#4680=DIRECTION('ref_axis',(1.,0.,0.));
#4681=DIRECTION('',(-1.,0.,-8.32667268468847E-17));
#4682=DIRECTION('',(1.,0.,0.));
#4683=DIRECTION('',(0.,0.,1.));
#4684=DIRECTION('',(0.,0.,1.));
#4685=DIRECTION('center_axis',(0.,1.,0.));
#4686=DIRECTION('ref_axis',(-1.,0.,-9.67623123267583E-18));
#4687=DIRECTION('center_axis',(0.,1.,0.));
#4688=DIRECTION('ref_axis',(0.707106781186554,0.,-0.707106781186541));
#4689=DIRECTION('',(0.,0.,-1.));
#4690=DIRECTION('',(1.,0.,0.));
#4691=DIRECTION('',(0.,0.,-1.));
#4692=DIRECTION('',(-1.,0.,0.));
#4693=DIRECTION('',(0.,0.,-1.));
#4694=DIRECTION('',(1.,0.,8.32667268468847E-17));
#4695=DIRECTION('',(0.,0.,-1.));
#4696=DIRECTION('center_axis',(0.,-8.88178419700124E-15,-1.));
#4697=DIRECTION('ref_axis',(0.437403143093437,0.899265528312957,-7.987082358278E-15));
#4698=DIRECTION('center_axis',(1.23259516440783E-32,-1.57772181044202E-30,
1.));
#4699=DIRECTION('ref_axis',(-1.,7.3955709864468E-31,0.));
#4700=DIRECTION('center_axis',(8.32667268468847E-17,-1.08524300657109E-14,
-1.));
#4701=DIRECTION('ref_axis',(-1.,0.,-8.32667268468847E-17));
#4702=DIRECTION('',(0.,8.88178419700124E-15,1.));
#4703=DIRECTION('center_axis',(8.32667268468847E-17,-1.08524300657109E-14,
-1.));
#4704=DIRECTION('ref_axis',(-1.,0.,-8.32667268468847E-17));
#4705=DIRECTION('',(0.,-8.88178419700124E-15,-1.));
#4706=DIRECTION('center_axis',(-0.996194698091745,0.0871557427476593,0.));
#4707=DIRECTION('ref_axis',(-0.0616284167162217,-0.70441602640276,-0.707106781186546));
#4708=DIRECTION('',(0.996194698091746,-0.0871557427476593,0.));
#4709=DIRECTION('',(-0.996194698091746,0.0871557427476593,0.));
#4710=DIRECTION('center_axis',(-0.996194698091746,0.0871557427476582,0.));
#4711=DIRECTION('ref_axis',(-0.0871557427476582,-0.996194698091746,0.));
#4712=DIRECTION('',(0.996194698091746,-0.0871557427476593,0.));
#4713=DIRECTION('',(0.996194698091746,-0.0871557427476593,0.));
#4714=DIRECTION('center_axis',(0.,-1.,0.));
#4715=DIRECTION('ref_axis',(0.707106781186554,0.,-0.707106781186541));
#4716=DIRECTION('',(0.,1.,0.));
#4717=DIRECTION('center_axis',(0.,-1.,0.));
#4718=DIRECTION('ref_axis',(0.,0.,-1.));
#4719=DIRECTION('',(0.,-1.,0.));
#4720=DIRECTION('center_axis',(0.191550131140729,-0.981482830853383,-8.50653463849624E-16));
#4721=DIRECTION('ref_axis',(0.981482830853383,0.191550131140729,0.));
#4722=DIRECTION('center_axis',(-0.607900410751944,0.794013281127978,0.));
#4723=DIRECTION('ref_axis',(0.,0.,1.));
#4724=DIRECTION('center_axis',(-0.607900410751944,0.794013281127978,0.));
#4725=DIRECTION('ref_axis',(0.794013281127978,0.607900410751944,0.));
#4726=DIRECTION('center_axis',(-0.719137985850134,0.694867294745848,0.));
#4727=DIRECTION('ref_axis',(0.694867294745848,0.719137985850134,0.));
#4728=DIRECTION('center_axis',(-0.594616031809663,0.804009810086252,0.));
#4729=DIRECTION('ref_axis',(0.804009810086252,0.594616031809663,0.));
#4730=DIRECTION('center_axis',(-0.145114958618466,0.989414801175504,0.));
#4731=DIRECTION('ref_axis',(0.989414801175503,0.145114958618466,0.));
#4732=DIRECTION('center_axis',(0.145114958618504,-0.989414801175498,0.));
#4733=DIRECTION('ref_axis',(0.699621915317545,0.10261177129072,-0.707106781186541));
#4734=DIRECTION('center_axis',(-0.145114958618506,0.989414801175498,0.));
#4735=DIRECTION('ref_axis',(0.989414801175498,0.145114958618506,0.));
#4736=DIRECTION('',(-0.145114958618504,0.989414801175498,0.));
#4737=DIRECTION('',(0.145114958618504,-0.989414801175498,0.));
#4738=DIRECTION('center_axis',(0.,0.,1.));
#4739=DIRECTION('ref_axis',(1.,0.,0.));
#4740=DIRECTION('center_axis',(0.,0.,-1.));
#4741=DIRECTION('ref_axis',(-0.653790884527081,-0.756675279964462,0.));
#4742=DIRECTION('center_axis',(0.,0.,1.));
#4743=DIRECTION('ref_axis',(-0.653790884527081,-0.756675279964462,0.));
#4744=DIRECTION('center_axis',(-1.,1.77635683940029E-14,0.));
#4745=DIRECTION('ref_axis',(1.77635683940029E-14,1.,0.));
#4746=DIRECTION('center_axis',(1.,0.,0.));
#4747=DIRECTION('ref_axis',(0.,0.707106781186551,-0.707106781186544));
#4748=DIRECTION('',(1.,0.,0.));
#4749=DIRECTION('center_axis',(-1.,0.,0.));
#4750=DIRECTION('ref_axis',(0.,1.,0.));
#4751=DIRECTION('',(-1.,0.,0.));
#4752=DIRECTION('center_axis',(0.,0.,1.));
#4753=DIRECTION('ref_axis',(1.,0.,0.));
#4754=DIRECTION('center_axis',(0.607900410751944,-0.794013281127978,0.));
#4755=DIRECTION('ref_axis',(0.794013281127978,0.607900410751944,0.));
#4756=DIRECTION('center_axis',(0.,0.,1.));
#4757=DIRECTION('ref_axis',(0.,1.,0.));
#4758=DIRECTION('center_axis',(-1.,0.,0.));
#4759=DIRECTION('ref_axis',(0.,0.,1.));
#4760=DIRECTION('center_axis',(0.,0.,-1.));
#4761=DIRECTION('ref_axis',(0.442775106147613,0.896632703717621,0.));
#4762=DIRECTION('center_axis',(0.,0.,-1.));
#4763=DIRECTION('ref_axis',(-1.,0.,0.));
#4764=DIRECTION('center_axis',(-1.,0.,0.));
#4765=DIRECTION('ref_axis',(0.,1.,0.));
#4766=DIRECTION('center_axis',(0.,0.,-1.));
#4767=DIRECTION('ref_axis',(0.794013281127977,0.607900410751945,0.));
#4768=DIRECTION('center_axis',(0.607900410751944,-0.794013281127978,0.));
#4769=DIRECTION('ref_axis',(0.,0.,-1.));
#4770=DIRECTION('center_axis',(0.,0.,1.));
#4771=DIRECTION('ref_axis',(0.442775106147613,0.89663270371762,0.));
#4772=DIRECTION('center_axis',(0.,0.,1.));
#4773=DIRECTION('ref_axis',(0.44277510614761,0.896632703717622,0.));
#4774=DIRECTION('',(0.,0.,-1.));
#4775=DIRECTION('',(0.,0.,1.));
#4776=DIRECTION('center_axis',(0.607900410751945,-0.794013281127978,0.));
#4777=DIRECTION('ref_axis',(0.561452175437772,0.429850502728785,-0.70710678118655));
#4778=DIRECTION('',(-0.607900410751945,0.794013281127978,0.));
#4779=DIRECTION('',(0.607900410751945,-0.794013281127978,0.));
#4780=DIRECTION('center_axis',(0.,0.,-1.));
#4781=DIRECTION('ref_axis',(-1.,0.,0.));
#4782=DIRECTION('center_axis',(1.,0.,0.));
#4783=DIRECTION('ref_axis',(0.,1.,0.));
#4784=DIRECTION('center_axis',(0.,0.,-1.));
#4785=DIRECTION('ref_axis',(-0.0828012575197068,-0.996566079973202,0.));
#4786=DIRECTION('center_axis',(-0.996566079973202,0.0828012575197066,0.));
#4787=DIRECTION('ref_axis',(0.,0.,1.));
#4788=DIRECTION('center_axis',(0.,0.,1.));
#4789=DIRECTION('ref_axis',(-0.0414362162051348,-0.999141151182655,0.));
#4790=DIRECTION('center_axis',(0.,0.,1.));
#4791=DIRECTION('ref_axis',(1.,0.,0.));
#4792=DIRECTION('center_axis',(-0.996566079973202,0.0828012575197066,0.));
#4793=DIRECTION('ref_axis',(0.0828012575197066,0.996566079973203,0.));
#4794=DIRECTION('center_axis',(0.,0.,1.));
#4795=DIRECTION('ref_axis',(-8.88178419700126E-16,-1.,0.));
#4796=DIRECTION('center_axis',(1.,0.,0.));
#4797=DIRECTION('ref_axis',(0.,0.,-1.));
#4798=DIRECTION('center_axis',(0.,0.,-1.));
#4799=DIRECTION('ref_axis',(-0.0414362162051378,-0.999141151182655,0.));
#4800=DIRECTION('center_axis',(0.,0.,1.));
#4801=DIRECTION('ref_axis',(-0.0414362162051373,-0.999141151182655,0.));
#4802=DIRECTION('',(0.,0.,-1.));
#4803=DIRECTION('',(0.,0.,1.));
#4804=DIRECTION('center_axis',(1.,-7.40148683083439E-16,0.));
#4805=DIRECTION('ref_axis',(0.,0.707106781186549,-0.707106781186546));
#4806=DIRECTION('',(-1.,7.40148683083439E-16,0.));
#4807=DIRECTION('',(1.,-7.40148683083439E-16,0.));
#4808=DIRECTION('center_axis',(0.996566079973202,-0.0828012575197066,0.));
#4809=DIRECTION('ref_axis',(0.0828012575197066,0.996566079973203,0.));
#4810=DIRECTION('center_axis',(-0.880878287536789,0.473342838275022,0.));
#4811=DIRECTION('ref_axis',(0.,0.,1.));
#4812=DIRECTION('center_axis',(-0.880878287536789,0.473342838275022,0.));
#4813=DIRECTION('ref_axis',(0.473342838275022,0.880878287536789,0.));
#4814=DIRECTION('center_axis',(0.996566079973202,-0.0828012575197066,0.));
#4815=DIRECTION('ref_axis',(0.,0.,-1.));
#4816=DIRECTION('center_axis',(0.,0.,1.));
#4817=DIRECTION('ref_axis',(-0.284024611876394,-0.958816989757933,0.));
#4818=DIRECTION('',(0.,0.,-1.));
#4819=DIRECTION('',(0.,0.,1.));
#4820=DIRECTION('center_axis',(0.996566079973202,-0.0828012575197064,0.));
#4821=DIRECTION('ref_axis',(0.0585493306829582,0.704678633049547,-0.707106781186547));
#4822=DIRECTION('',(-0.996566079973202,0.0828012575197064,0.));
#4823=DIRECTION('',(0.996566079973202,-0.0828012575197064,0.));
#4824=DIRECTION('center_axis',(0.,0.,1.));
#4825=DIRECTION('ref_axis',(1.,0.,0.));
#4826=DIRECTION('center_axis',(-0.842980117880408,0.537944719147176,0.));
#4827=DIRECTION('ref_axis',(-0.537944719147176,-0.842980117880408,0.));
#4828=DIRECTION('center_axis',(0.,0.,1.));
#4829=DIRECTION('ref_axis',(-0.10314086451627,-0.994666759305264,0.));
#4830=DIRECTION('center_axis',(0.994666759305264,-0.103140864516274,0.));
#4831=DIRECTION('ref_axis',(0.,0.,1.));
#4832=DIRECTION('center_axis',(0.,0.,-1.));
#4833=DIRECTION('ref_axis',(-0.329393215916726,-0.944192834810791,0.));
#4834=DIRECTION('center_axis',(0.,0.,-1.));
#4835=DIRECTION('ref_axis',(-1.,0.,0.));
#4836=DIRECTION('center_axis',(0.994666759305264,-0.103140864516274,0.));
#4837=DIRECTION('ref_axis',(-0.103140864516274,-0.994666759305264,0.));
#4838=DIRECTION('center_axis',(0.,0.,-1.));
#4839=DIRECTION('ref_axis',(-0.537944719147174,-0.842980117880409,0.));
#4840=DIRECTION('center_axis',(-0.842980117880408,0.537944719147176,0.));
#4841=DIRECTION('ref_axis',(0.,0.,-1.));
#4842=DIRECTION('center_axis',(0.,0.,1.));
#4843=DIRECTION('ref_axis',(-0.329393215916726,-0.944192834810791,0.));
#4844=DIRECTION('center_axis',(0.,0.,1.));
#4845=DIRECTION('ref_axis',(-0.329393215916726,-0.944192834810791,0.));
#4846=DIRECTION('',(0.,0.,-1.));
#4847=DIRECTION('',(0.,0.,1.));
#4848=DIRECTION('center_axis',(-0.842980117880408,0.537944719147175,0.));
#4849=DIRECTION('ref_axis',(-0.380384358812457,-0.596076957758675,-0.707106781186547));
#4850=DIRECTION('center_axis',(0.842980117880408,-0.537944719147176,0.));
#4851=DIRECTION('ref_axis',(-0.537944719147176,-0.842980117880408,0.));
#4852=DIRECTION('',(0.842980117880409,-0.537944719147175,0.));
#4853=DIRECTION('',(-0.842980117880409,0.537944719147175,0.));
#4854=DIRECTION('center_axis',(0.,0.,-1.));
#4855=DIRECTION('ref_axis',(-1.,0.,0.));
#4856=DIRECTION('center_axis',(-0.880878287536789,0.473342838275022,0.));
#4857=DIRECTION('ref_axis',(0.473342838275022,0.880878287536789,0.));
#4858=DIRECTION('center_axis',(0.,0.,1.));
#4859=DIRECTION('ref_axis',(-0.862534231920644,0.505998714193094,0.));
#4860=DIRECTION('center_axis',(0.,0.,-1.));
#4861=DIRECTION('ref_axis',(-0.862534231920644,0.505998714193094,0.));
#4862=DIRECTION('center_axis',(0.88087828753679,-0.473342838275021,0.));
#4863=DIRECTION('ref_axis',(0.33470393077035,0.622875010517258,-0.707106781186549));
#4864=DIRECTION('',(-0.88087828753679,0.473342838275021,0.));
#4865=DIRECTION('',(0.88087828753679,-0.473342838275021,0.));
#4866=DIRECTION('center_axis',(-0.994666759305264,0.103140864516274,0.));
#4867=DIRECTION('ref_axis',(-0.103140864516274,-0.994666759305264,0.));
#4868=DIRECTION('center_axis',(0.,-1.,0.));
#4869=DIRECTION('ref_axis',(0.,0.,1.));
#4870=DIRECTION('center_axis',(0.,-1.,0.));
#4871=DIRECTION('ref_axis',(-1.,0.,0.));
#4872=DIRECTION('center_axis',(-0.994666759305264,0.103140864516274,0.));
#4873=DIRECTION('ref_axis',(0.,0.,-1.));
#4874=DIRECTION('center_axis',(0.,0.,1.));
#4875=DIRECTION('ref_axis',(0.742677879203452,0.669648839125301,0.));
#4876=DIRECTION('',(0.,0.,-1.));
#4877=DIRECTION('',(0.,0.,1.));
#4878=DIRECTION('center_axis',(-0.994666759305264,0.10314086451627,0.));
#4879=DIRECTION('ref_axis',(-0.0729316047169003,-0.703335610525597,-0.707106781186551));
#4880=DIRECTION('',(0.994666759305264,-0.10314086451627,0.));
#4881=DIRECTION('',(-0.994666759305264,0.10314086451627,0.));
#4882=DIRECTION('center_axis',(0.,0.,-1.));
#4883=DIRECTION('ref_axis',(-1.,0.,0.));
#4884=DIRECTION('center_axis',(0.,1.,0.));
#4885=DIRECTION('ref_axis',(-1.,0.,0.));
#4886=DIRECTION('center_axis',(0.,0.,-1.));
#4887=DIRECTION('ref_axis',(0.139173100960132,-0.990268068741561,0.));
#4888=DIRECTION('center_axis',(-0.990268068741561,-0.139173100960132,0.));
#4889=DIRECTION('ref_axis',(0.,0.,1.));
#4890=DIRECTION('center_axis',(0.,0.,1.));
#4891=DIRECTION('ref_axis',(0.754709580222793,-0.656059028990483,0.));
#4892=DIRECTION('center_axis',(0.,0.,1.));
#4893=DIRECTION('ref_axis',(1.,0.,0.));
#4894=DIRECTION('center_axis',(-0.990268068741561,-0.139173100960132,0.));
#4895=DIRECTION('ref_axis',(-0.139173100960132,0.990268068741561,0.));
#4896=DIRECTION('center_axis',(0.,0.,1.));
#4897=DIRECTION('ref_axis',(1.,0.,0.));
#4898=DIRECTION('center_axis',(0.,1.,0.));
#4899=DIRECTION('ref_axis',(0.,0.,-1.));
#4900=DIRECTION('center_axis',(0.,0.,-1.));
#4901=DIRECTION('ref_axis',(0.754709580222793,-0.656059028990483,0.));
#4902=DIRECTION('center_axis',(0.,0.,1.));
#4903=DIRECTION('ref_axis',(0.754709580222792,-0.656059028990484,0.));
#4904=DIRECTION('',(0.,0.,-1.));
#4905=DIRECTION('',(0.,0.,1.));
#4906=DIRECTION('center_axis',(0.,1.,0.));
#4907=DIRECTION('ref_axis',(-0.707106781186547,0.,-0.707106781186547));
#4908=DIRECTION('',(0.,-1.,0.));
#4909=DIRECTION('',(0.,1.,0.));
#4910=DIRECTION('center_axis',(-0.416823749355904,0.362339357321895,-0.833647498711801));
#4911=DIRECTION('ref_axis',(-0.629161753806568,0.546921968525206,0.552296883832922));
#4912=DIRECTION('center_axis',(-0.990268068741561,-0.139173100960132,0.));
#4913=DIRECTION('ref_axis',(-0.139173100960132,0.990268068741561,0.));
#4914=DIRECTION('center_axis',(0.,0.,1.));
#4915=DIRECTION('ref_axis',(-1.,0.,0.));
#4916=DIRECTION('center_axis',(3.5527136788005E-15,1.,0.));
#4917=DIRECTION('ref_axis',(0.,0.,1.));
#4918=DIRECTION('center_axis',(0.416823749355906,-0.362339357321893,-0.833647498711801));
#4919=DIRECTION('ref_axis',(-0.62916175380657,0.546921968525205,-0.552296883832922));
#4920=DIRECTION('center_axis',(0.,1.,-3.5527136788005E-15));
#4921=DIRECTION('ref_axis',(-1.,0.,0.));
#4922=DIRECTION('center_axis',(0.,0.,-1.));
#4923=DIRECTION('ref_axis',(-0.139173100960133,0.990268068741561,0.));
#4924=DIRECTION('center_axis',(-0.990268068741561,-0.139173100960132,0.));
#4925=DIRECTION('ref_axis',(0.,0.,-1.));
#4926=DIRECTION('center_axis',(0.,0.,1.));
#4927=DIRECTION('ref_axis',(-0.754709580222797,0.656059028990479,0.));
#4928=DIRECTION('',(0.,0.,-1.));
#4929=DIRECTION('',(0.,0.,1.));
#4930=DIRECTION('center_axis',(0.990268068741561,0.139173100960133,0.));
#4931=DIRECTION('ref_axis',(-0.0984102434476672,0.700225266599663,-0.707106781186549));
#4932=DIRECTION('',(-0.990268068741561,-0.139173100960133,0.));
#4933=DIRECTION('',(0.990268068741561,0.139173100960133,0.));
#4934=DIRECTION('center_axis',(0.413814890527363,0.379191484462831,-0.827629781054731));
#4935=DIRECTION('ref_axis',(-0.610192680840776,-0.559138575611669,-0.561274394134723));
#4936=DIRECTION('center_axis',(0.,0.,-1.));
#4937=DIRECTION('ref_axis',(-1.,0.,0.));
#4938=DIRECTION('center_axis',(0.,-1.,0.));
#4939=DIRECTION('ref_axis',(0.,0.,-1.));
#4940=DIRECTION('center_axis',(0.,0.,1.));
#4941=DIRECTION('ref_axis',(-0.737277336810124,-0.67559020761566,0.));
#4942=DIRECTION('center_axis',(0.,0.,-1.));
#4943=DIRECTION('ref_axis',(-0.0871557427476582,-0.996194698091746,0.));
#4944=DIRECTION('',(0.,0.,-1.));
#4945=DIRECTION('',(0.,0.,1.));
#4946=DIRECTION('center_axis',(0.,1.,0.));
#4947=DIRECTION('ref_axis',(-0.707106781186547,0.,-0.707106781186547));
#4948=DIRECTION('',(0.,-1.,0.));
#4949=DIRECTION('',(0.,1.,0.));
#4950=DIRECTION('center_axis',(0.,-1.,0.));
#4951=DIRECTION('ref_axis',(-0.707106781186547,0.,0.707106781186547));
#4952=DIRECTION('center_axis',(0.,1.,0.));
#4953=DIRECTION('ref_axis',(-1.,0.,0.));
#4954=DIRECTION('',(0.,1.,0.));
#4955=DIRECTION('',(0.,-1.,0.));
#4956=DIRECTION('center_axis',(-0.990268068741561,-0.139173100960133,0.));
#4957=DIRECTION('ref_axis',(-0.0984102434476672,0.700225266599663,0.707106781186549));
#4958=DIRECTION('',(0.990268068741561,0.139173100960133,0.));
#4959=DIRECTION('',(-0.990268068741561,-0.139173100960133,0.));
#4960=DIRECTION('center_axis',(0.,-1.,0.));
#4961=DIRECTION('ref_axis',(-0.707106781186547,0.,0.707106781186547));
#4962=DIRECTION('',(0.,1.,0.));
#4963=DIRECTION('',(0.,-1.,0.));
#4964=DIRECTION('center_axis',(0.994666759305264,-0.10314086451627,0.));
#4965=DIRECTION('ref_axis',(-0.0729316047169003,-0.703335610525596,0.707106781186551));
#4966=DIRECTION('',(-0.994666759305264,0.10314086451627,0.));
#4967=DIRECTION('',(0.994666759305264,-0.10314086451627,0.));
#4968=DIRECTION('center_axis',(-0.88087828753679,0.473342838275021,0.));
#4969=DIRECTION('ref_axis',(0.334703930770349,0.622875010517258,0.70710678118655));
#4970=DIRECTION('center_axis',(0.880878287536789,-0.473342838275022,0.));
#4971=DIRECTION('ref_axis',(0.473342838275022,0.880878287536789,0.));
#4972=DIRECTION('',(0.88087828753679,-0.473342838275021,0.));
#4973=DIRECTION('',(-0.88087828753679,0.473342838275021,0.));
#4974=DIRECTION('center_axis',(0.,0.,1.));
#4975=DIRECTION('ref_axis',(-0.862534231920644,0.505998714193095,0.));
#4976=DIRECTION('center_axis',(-0.842980117880407,0.537944719147178,0.));
#4977=DIRECTION('ref_axis',(-0.537944719147178,-0.842980117880406,0.));
#4978=DIRECTION('center_axis',(0.,0.,-1.));
#4979=DIRECTION('ref_axis',(-0.862534231920644,0.505998714193094,0.));
#4980=DIRECTION('center_axis',(0.,0.,1.));
#4981=DIRECTION('ref_axis',(-0.862534231920644,0.505998714193094,0.));
#4982=DIRECTION('center_axis',(0.842980117880408,-0.537944719147175,0.));
#4983=DIRECTION('ref_axis',(-0.380384358812456,-0.596076957758674,0.707106781186548));
#4984=DIRECTION('',(-0.842980117880409,0.537944719147175,0.));
#4985=DIRECTION('',(0.842980117880409,-0.537944719147175,0.));
#4986=DIRECTION('center_axis',(-0.996566079973202,0.0828012575197064,0.));
#4987=DIRECTION('ref_axis',(0.0585493306829583,0.704678633049548,0.707106781186546));
#4988=DIRECTION('',(0.996566079973202,-0.0828012575197064,0.));
#4989=DIRECTION('',(-0.996566079973202,0.0828012575197064,0.));
#4990=DIRECTION('center_axis',(-1.,7.40148683083439E-16,0.));
#4991=DIRECTION('ref_axis',(0.,0.70710678118655,0.707106781186545));
#4992=DIRECTION('',(1.,-7.40148683083439E-16,0.));
#4993=DIRECTION('',(-1.,7.40148683083439E-16,0.));
#4994=DIRECTION('center_axis',(-0.607900410751945,0.794013281127978,0.));
#4995=DIRECTION('ref_axis',(0.561452175437772,0.429850502728785,0.70710678118655));
#4996=DIRECTION('',(0.607900410751945,-0.794013281127978,0.));
#4997=DIRECTION('',(-0.607900410751945,0.794013281127978,0.));
#4998=DIRECTION('center_axis',(0.583712345574666,-0.564012229168365,0.584097682731454));
#4999=DIRECTION('ref_axis',(0.694867294745634,0.71913798585034,3.33066907387547E-15));
#5000=DIRECTION('center_axis',(0.506429790699323,-0.862281199547015,-7.54371659853535E-13));
#5001=DIRECTION('ref_axis',(0.862281199547015,0.506429790699323,0.));
#5002=DIRECTION('center_axis',(-0.413814890527363,-0.379191484462831,-0.82762978105473));
#5003=DIRECTION('ref_axis',(-0.610192680840776,-0.559138575611669,0.561274394134723));
#5004=DIRECTION('center_axis',(-0.996194698091745,0.0871557427476593,0.));
#5005=DIRECTION('ref_axis',(-0.0616284167162213,-0.70441602640276,0.707106781186546));
#5006=DIRECTION('center_axis',(0.408248290463861,-0.816496580927722,-0.408248290463872));
#5007=DIRECTION('ref_axis',(0.577350269189623,0.577350269189623,-0.577350269189631));
#5008=DIRECTION('center_axis',(0.,0.,-1.));
#5009=DIRECTION('ref_axis',(0.707106781186548,0.707106781186548,0.));
#5010=DIRECTION('center_axis',(0.,0.,1.));
#5011=DIRECTION('ref_axis',(0.473342838275021,0.88087828753679,0.));
#5012=DIRECTION('',(0.,0.,1.));
#5013=DIRECTION('',(0.,0.,1.));
#5014=DIRECTION('center_axis',(-0.537944719147175,-0.842980117880408,0.));
#5015=DIRECTION('ref_axis',(0.842980117880409,-0.537944719147175,0.));
#5016=DIRECTION('center_axis',(0.,0.,1.));
#5017=DIRECTION('ref_axis',(1.,0.,0.));
#5018=DIRECTION('center_axis',(0.,0.,1.));
#5019=DIRECTION('ref_axis',(1.,0.,0.));
#5020=DIRECTION('',(0.,0.,1.));
#5021=DIRECTION('center_axis',(0.,0.,1.));
#5022=DIRECTION('ref_axis',(1.,0.,0.));
#5023=DIRECTION('center_axis',(0.996194698091745,-0.0871557427476593,0.));
#5024=DIRECTION('ref_axis',(-0.0616284167162217,-0.70441602640276,0.707106781186546));
#5025=DIRECTION('',(0.996194698091746,-0.0871557427476593,0.));
#5026=DIRECTION('',(-0.996194698091746,0.0871557427476593,0.));
#5027=DIRECTION('center_axis',(-0.0871557427476593,-0.996194698091745,0.));
#5028=DIRECTION('ref_axis',(0.996194698091746,-0.0871557427476593,0.));
#5029=DIRECTION('',(0.,0.,-1.));
#5030=DIRECTION('center_axis',(0.,0.,-1.));
#5031=DIRECTION('ref_axis',(-0.0436193873653416,-0.999048221581858,0.));
#5032=DIRECTION('center_axis',(1.,0.,0.));
#5033=DIRECTION('ref_axis',(0.,-1.,0.));
#5034=DIRECTION('',(0.,0.,-1.));
#5035=DIRECTION('',(0.,1.,0.));
#5036=DIRECTION('',(0.,0.,-1.));
#5037=DIRECTION('',(0.,1.,-1.08524300657109E-14));
#5038=DIRECTION('center_axis',(1.,0.,0.));
#5039=DIRECTION('ref_axis',(0.,0.707106781186552,-0.707106781186543));
#5040=DIRECTION('',(0.,1.,0.));
#5041=DIRECTION('center_axis',(1.,0.,0.));
#5042=DIRECTION('ref_axis',(0.,0.,1.));
#5043=DIRECTION('',(0.,-1.,0.));
#5044=DIRECTION('center_axis',(1.,0.,0.));
#5045=DIRECTION('ref_axis',(0.,0.707106781186546,0.707106781186549));
#5046=DIRECTION('center_axis',(-1.,0.,0.));
#5047=DIRECTION('ref_axis',(0.,1.,0.));
#5048=DIRECTION('center_axis',(0.,0.,-1.));
#5049=DIRECTION('ref_axis',(0.707106781186548,0.707106781186548,0.));
#5050=DIRECTION('',(0.,0.,1.));
#5051=DIRECTION('center_axis',(-8.88178419700128E-15,0.,1.));
#5052=DIRECTION('ref_axis',(0.,1.,0.));
#5053=DIRECTION('center_axis',(0.,1.,0.));
#5054=DIRECTION('ref_axis',(1.,0.,0.));
#5055=DIRECTION('',(0.,0.,-1.));
#5056=DIRECTION('',(-1.,0.,0.));
#5057=DIRECTION('center_axis',(0.,0.,-1.));
#5058=DIRECTION('ref_axis',(0.585757279085401,-0.810486526722356,0.));
#5059=DIRECTION('',(0.,0.,-1.));
#5060=DIRECTION('center_axis',(0.,0.,-1.));
#5061=DIRECTION('ref_axis',(-0.653790884527081,-0.756675279964462,0.));
#5062=DIRECTION('center_axis',(0.989414801175498,0.145114958618504,0.));
#5063=DIRECTION('ref_axis',(0.145114958618504,-0.989414801175498,0.));
#5064=DIRECTION('',(0.,0.,1.));
#5065=DIRECTION('',(-0.145114958618504,0.989414801175498,0.));
#5066=DIRECTION('',(0.,0.,-1.));
#5067=DIRECTION('',(0.145114958618504,-0.989414801175498,2.43602691351819E-32));
#5068=DIRECTION('',(0.,0.,1.));
#5069=DIRECTION('',(-0.145114958618504,0.989414801175498,-2.43602691351819E-32));
#5070=DIRECTION('',(0.,0.,1.));
#5071=DIRECTION('',(0.,0.,1.));
#5072=DIRECTION('',(0.,0.,1.));
#5073=DIRECTION('center_axis',(0.,0.,1.));
#5074=DIRECTION('ref_axis',(-1.,0.,0.));
#5075=DIRECTION('center_axis',(0.794013281127978,0.607900410751945,0.));
#5076=DIRECTION('ref_axis',(-0.607900410751945,0.794013281127978,0.));
#5077=DIRECTION('center_axis',(7.40148683083439E-16,1.,0.));
#5078=DIRECTION('ref_axis',(-1.,7.40148683083439E-16,0.));
#5079=DIRECTION('center_axis',(0.0828012575197064,0.996566079973202,0.));
#5080=DIRECTION('ref_axis',(-0.996566079973202,0.0828012575197064,0.));
#5081=DIRECTION('center_axis',(-0.10314086451627,-0.994666759305264,0.));
#5082=DIRECTION('ref_axis',(0.994666759305264,-0.10314086451627,0.));
#5083=DIRECTION('center_axis',(-1.,0.,0.));
#5084=DIRECTION('ref_axis',(0.,-1.,0.));
#5085=DIRECTION('center_axis',(-0.139173100960133,0.990268068741561,0.));
#5086=DIRECTION('ref_axis',(-0.990268068741561,-0.139173100960133,0.));
#5087=DIRECTION('center_axis',(-1.,0.,0.));
#5088=DIRECTION('ref_axis',(0.,-1.,0.));
#5089=DIRECTION('center_axis',(0.,1.1842378929335E-14,1.));
#5090=DIRECTION('ref_axis',(-0.462910067131052,0.886405251422128,-3.83736921171226E-14));
#5091=DIRECTION('center_axis',(-8.32667268468847E-17,1.08524300657109E-14,
1.));
#5092=DIRECTION('ref_axis',(-0.462910067131052,0.886405251422128,-3.83736921171226E-14));
#5093=DIRECTION('',(0.,1.1842378929335E-14,1.));
#5094=DIRECTION('center_axis',(-8.32667268468847E-17,1.08524300657109E-14,
1.));
#5095=DIRECTION('ref_axis',(-0.462910067131052,0.886405251422128,-3.83736921171226E-14));
#5096=DIRECTION('',(0.,-1.1842378929335E-14,-1.));
#5097=DIRECTION('center_axis',(8.32667268468847E-17,-1.08524300657109E-14,
-1.));
#5098=DIRECTION('ref_axis',(-1.,0.,-8.32667268468847E-17));
#5099=DIRECTION('center_axis',(-8.32667268468847E-17,1.08524300657109E-14,
1.));
#5100=DIRECTION('ref_axis',(-1.,0.,-8.32667268468847E-17));
#5101=DIRECTION('center_axis',(-8.32667268468847E-17,1.08524300657109E-14,
1.));
#5102=DIRECTION('ref_axis',(-0.462910067131052,-0.886405251422128,3.83736921171226E-14));
#5103=DIRECTION('',(0.,1.,-1.08524300657109E-14));
#5104=DIRECTION('',(-1.,0.,-8.32667268468847E-17));
#5105=DIRECTION('center_axis',(-8.32667268468847E-17,1.08524300657109E-14,
1.));
#5106=DIRECTION('ref_axis',(-1.,0.,-8.32667268468847E-17));
#5107=DIRECTION('',(-1.,0.,-8.32667268468847E-17));
#5108=DIRECTION('',(-1.,0.,-8.32667268468847E-17));
#5109=DIRECTION('',(0.,1.,-1.08524300657109E-14));
#5110=DIRECTION('',(1.,0.,8.32667268468847E-17));
#5111=DIRECTION('',(0.,1.,-1.08524300657109E-14));
#5112=DIRECTION('',(1.,0.,8.32667268468847E-17));
#5113=DIRECTION('center_axis',(-8.32667268468847E-17,1.08524300657109E-14,
1.));
#5114=DIRECTION('ref_axis',(-0.716860438920221,-0.697216688778395,6.19491864440134E-15));
#5115=DIRECTION('',(0.,1.,-1.08524300657109E-14));
#5116=DIRECTION('',(-1.,0.,-8.32667268468847E-17));
#5117=DIRECTION('',(0.,1.,-1.08524300657109E-14));
#5118=DIRECTION('center_axis',(-8.32667268468847E-17,1.08524300657109E-14,
1.));
#5119=DIRECTION('ref_axis',(1.,0.,0.));
#5120=DIRECTION('center_axis',(-8.32667268468847E-17,1.08524300657109E-14,
1.));
#5121=DIRECTION('ref_axis',(-1.,0.,-8.32667268468847E-17));
#5122=DIRECTION('center_axis',(-8.32667268468847E-17,1.08524300657109E-14,
1.));
#5123=DIRECTION('ref_axis',(-1.,0.,-8.32667268468847E-17));
#5124=DIRECTION('center_axis',(0.,0.,1.));
#5125=DIRECTION('ref_axis',(1.,0.,0.));
#5126=DIRECTION('center_axis',(0.,0.,1.));
#5127=DIRECTION('ref_axis',(1.,0.,0.));
#5128=DIRECTION('center_axis',(0.,-1.1842378929335E-14,-1.));
#5129=DIRECTION('ref_axis',(1.,-1.01064309961486E-15,1.19684185479569E-29));
#5130=DIRECTION('center_axis',(8.32667268468847E-17,-1.08524300657109E-14,
-1.));
#5131=DIRECTION('ref_axis',(-1.,9.86076131526241E-31,0.));
#5132=DIRECTION('',(0.,1.1842378929335E-14,1.));
#5133=DIRECTION('center_axis',(0.,-1.1842378929335E-14,-1.));
#5134=DIRECTION('ref_axis',(-0.462910067131052,-0.886405251422128,3.83736921171226E-14));
#5135=DIRECTION('center_axis',(-8.32667268468847E-17,1.08524300657109E-14,
1.));
#5136=DIRECTION('ref_axis',(-0.462910067131052,-0.886405251422128,3.83736921171226E-14));
#5137=DIRECTION('',(0.,-1.1842378929335E-14,-1.));
#5138=DIRECTION('center_axis',(8.32667268468847E-17,-1.08524300657109E-14,
-1.));
#5139=DIRECTION('ref_axis',(-1.,0.,-8.32667268468847E-17));
#5140=DIRECTION('center_axis',(8.32667268468847E-17,-1.08524300657109E-14,
-1.));
#5141=DIRECTION('ref_axis',(-1.,0.,-8.32667268468847E-17));
#5142=DIRECTION('',(1.,0.,8.32667268468847E-17));
#5143=DIRECTION('',(0.,-1.,1.08524300657109E-14));
#5144=DIRECTION('center_axis',(8.32667268468847E-17,-1.08524300657109E-14,
-1.));
#5145=DIRECTION('ref_axis',(-0.716860438920221,-0.697216688778395,6.19491864440134E-15));
#5146=DIRECTION('center_axis',(8.32667268468847E-17,-1.08524300657109E-14,
-1.));
#5147=DIRECTION('ref_axis',(1.,0.,0.));
#5148=DIRECTION('center_axis',(-8.32667268468847E-17,1.08524300657109E-14,
1.));
#5149=DIRECTION('ref_axis',(-1.,-1.29855410449504E-59,-8.32667268468847E-17));
#5150=DIRECTION('center_axis',(-8.32667268468847E-17,1.08524300657109E-14,
1.));
#5151=DIRECTION('ref_axis',(-1.,-1.29855410449504E-59,-8.32667268468847E-17));
#5152=DIRECTION('center_axis',(-8.32667268468847E-17,1.08524300657109E-14,
1.));
#5153=DIRECTION('ref_axis',(-1.,-1.29855410449504E-59,-8.32667268468847E-17));
#5154=DIRECTION('center_axis',(-8.32667268468847E-17,1.08524300657109E-14,
1.));
#5155=DIRECTION('ref_axis',(-1.,-1.29855410449502E-59,-8.32667268468847E-17));
#5156=DIRECTION('center_axis',(0.,-8.88178419700124E-15,-1.));
#5157=DIRECTION('ref_axis',(-0.716860438920221,-0.697216688778395,6.19491864440134E-15));
#5158=DIRECTION('',(0.,-8.88178419700124E-15,-1.));
#5159=DIRECTION('center_axis',(-1.,0.,-8.32667268468847E-17));
#5160=DIRECTION('ref_axis',(0.,-0.707106781186541,0.707106781186554));
#5161=DIRECTION('center_axis',(1.,0.,0.));
#5162=DIRECTION('ref_axis',(0.,-0.707106781186541,0.707106781186554));
#5163=DIRECTION('',(-1.,0.,-8.32667268468847E-17));
#5164=DIRECTION('center_axis',(-0.707106781186533,0.,0.707106781186562));
#5165=DIRECTION('ref_axis',(0.707106781186562,0.,0.707106781186533));
#5166=DIRECTION('center_axis',(0.,8.88178419700124E-15,1.));
#5167=DIRECTION('ref_axis',(0.412861411922401,-0.910793859523351,9.75169529760482E-15));
#5168=DIRECTION('',(0.,0.,1.));
#5169=DIRECTION('center_axis',(1.23259516440783E-32,-1.57772181044202E-30,
1.));
#5170=DIRECTION('ref_axis',(0.412861411922401,-0.910793859523351,9.75169529760482E-15));
#5171=DIRECTION('center_axis',(0.,-1.,0.));
#5172=DIRECTION('ref_axis',(0.,0.,-1.));
#5173=DIRECTION('center_axis',(0.,0.,-1.));
#5174=DIRECTION('ref_axis',(0.675590207615659,-0.737277336810125,0.));
#5175=DIRECTION('center_axis',(0.,0.,-1.));
#5176=DIRECTION('ref_axis',(-0.707106781186541,-0.707106781186554,0.));
#5177=DIRECTION('center_axis',(-1.23259516440783E-32,1.57772181044202E-30,
-1.));
#5178=DIRECTION('ref_axis',(-0.707106781186541,-0.707106781186554,0.));
#5179=DIRECTION('',(0.,0.,-1.));
#5180=DIRECTION('center_axis',(0.,0.,-1.));
#5181=DIRECTION('ref_axis',(-1.,0.,0.));
#5182=DIRECTION('center_axis',(0.,0.,-1.));
#5183=DIRECTION('ref_axis',(0.,1.,0.));
#5184=DIRECTION('center_axis',(-1.,0.,0.));
#5185=DIRECTION('ref_axis',(0.,0.,-1.));
#5186=DIRECTION('center_axis',(0.,0.,1.));
#5187=DIRECTION('ref_axis',(-0.707106781186548,0.707106781186548,0.));
#5188=DIRECTION('center_axis',(0.,1.,0.));
#5189=DIRECTION('ref_axis',(1.,0.,0.));
#5190=DIRECTION('center_axis',(-1.,0.,0.));
#5191=DIRECTION('ref_axis',(0.,-0.707106781186546,-0.707106781186549));
#5192=DIRECTION('',(-1.,0.,0.));
#5193=DIRECTION('',(1.,0.,0.));
#5194=DIRECTION('center_axis',(0.,-1.,0.));
#5195=DIRECTION('ref_axis',(0.707106781186546,0.,-0.707106781186549));
#5196=DIRECTION('',(0.,1.,0.));
#5197=DIRECTION('',(0.,-1.,0.));
#5198=DIRECTION('center_axis',(0.,0.,-1.));
#5199=DIRECTION('ref_axis',(-0.707106781186548,0.707106781186548,0.));
#5200=DIRECTION('center_axis',(-1.23259516440783E-32,1.57772181044202E-30,
-1.));
#5201=DIRECTION('ref_axis',(-0.707106781186548,0.707106781186548,0.));
#5202=DIRECTION('',(0.,0.,-1.));
#5203=DIRECTION('',(0.,0.,1.));
#5204=DIRECTION('center_axis',(0.,0.,1.));
#5205=DIRECTION('ref_axis',(-1.,0.,0.));
#5206=DIRECTION('center_axis',(0.,1.,0.));
#5207=DIRECTION('ref_axis',(-1.,0.,0.));
#5208=DIRECTION('',(0.,0.,-1.));
#5209=DIRECTION('center_axis',(0.,-1.,0.));
#5210=DIRECTION('ref_axis',(0.707106781186554,0.,-0.707106781186541));
#5211=DIRECTION('',(1.,0.,0.));
#5212=DIRECTION('',(-1.,0.,0.));
#5213=DIRECTION('center_axis',(0.,-1.,0.));
#5214=DIRECTION('ref_axis',(0.707106781186554,0.,-0.707106781186541));
#5215=DIRECTION('center_axis',(0.,1.,0.));
#5216=DIRECTION('ref_axis',(0.707106781186554,0.,-0.707106781186541));
#5217=DIRECTION('',(0.,1.,0.));
#5218=DIRECTION('',(0.,-1.,0.));
#5219=DIRECTION('center_axis',(0.,-1.,0.));
#5220=DIRECTION('ref_axis',(-1.,0.,0.));
#5221=DIRECTION('',(0.,0.,-1.));
#5222=DIRECTION('',(0.,0.,-1.));
#5223=DIRECTION('',(1.,0.,0.));
#5224=DIRECTION('',(-1.,0.,0.));
#5225=DIRECTION('center_axis',(1.,0.,0.));
#5226=DIRECTION('ref_axis',(0.,-1.,0.));
#5227=DIRECTION('center_axis',(0.408248290463851,-0.816496580927731,0.408248290463865));
#5228=DIRECTION('ref_axis',(0.577350269189612,0.57735026918964,0.577350269189626));
#5229=DIRECTION('center_axis',(0.,1.,0.));
#5230=DIRECTION('ref_axis',(1.,0.,0.));
#5231=DIRECTION('center_axis',(1.,0.,0.));
#5232=DIRECTION('ref_axis',(0.,0.,1.));
#5233=DIRECTION('center_axis',(-1.,0.,0.));
#5234=DIRECTION('ref_axis',(0.,0.707106781186551,0.707106781186544));
#5235=DIRECTION('center_axis',(1.,0.,0.));
#5236=DIRECTION('ref_axis',(0.,1.,0.));
#5237=DIRECTION('',(1.,0.,0.));
#5238=DIRECTION('center_axis',(0.,0.,-1.));
#5239=DIRECTION('ref_axis',(-1.,0.,0.));
#5240=DIRECTION('center_axis',(0.145114958618605,-0.989414801175483,0.));
#5241=DIRECTION('ref_axis',(0.989414801175483,0.145114958618605,0.));
#5242=DIRECTION('center_axis',(0.,0.,1.));
#5243=DIRECTION('ref_axis',(-0.653790884527081,-0.756675279964462,0.));
#5244=DIRECTION('center_axis',(-0.145114958618504,0.989414801175498,0.));
#5245=DIRECTION('ref_axis',(0.699621915317541,0.102611771290769,0.707106781186537));
#5246=DIRECTION('center_axis',(0.145114958618501,-0.989414801175498,0.));
#5247=DIRECTION('ref_axis',(0.989414801175498,0.145114958618501,0.));
#5248=DIRECTION('',(0.145114958618504,-0.989414801175498,0.));
#5249=DIRECTION('center_axis',(0.150171461370996,-0.988659967931189,7.55836778848139E-14));
#5250=DIRECTION('ref_axis',(0.988659967931189,0.150171461370996,4.4408923063547E-15));
#5251=DIRECTION('center_axis',(0.,1.,0.));
#5252=DIRECTION('ref_axis',(0.707106781186554,0.,0.707106781186541));
#5253=DIRECTION('center_axis',(0.,-1.,0.));
#5254=DIRECTION('ref_axis',(0.707106781186554,0.,0.707106781186541));
#5255=DIRECTION('',(0.,-1.,0.));
#5256=DIRECTION('center_axis',(0.,0.,1.));
#5257=DIRECTION('ref_axis',(-1.,0.,0.));
#5258=DIRECTION('center_axis',(0.,0.,1.));
#5259=DIRECTION('ref_axis',(1.,0.,0.));
#5260=DIRECTION('center_axis',(-1.,0.,0.));
#5261=DIRECTION('ref_axis',(0.,0.707106781186546,0.707106781186549));
#5262=DIRECTION('',(-1.,0.,0.));
#5263=DIRECTION('center_axis',(-0.707106781186548,0.,0.707106781186548));
#5264=DIRECTION('ref_axis',(0.707106781186548,0.,0.707106781186548));
#5265=DIRECTION('center_axis',(1.,0.,0.));
#5266=DIRECTION('ref_axis',(0.,0.707106781186552,-0.707106781186543));
#5267=DIRECTION('',(1.,0.,0.));
#5268=DIRECTION('center_axis',(-0.707106781186548,0.,-0.707106781186548));
#5269=DIRECTION('ref_axis',(-0.707106781186547,0.,0.707106781186547));
#5270=DIRECTION('center_axis',(0.,0.,1.));
#5271=DIRECTION('ref_axis',(0.707106781186557,0.707106781186538,0.));
#5272=DIRECTION('',(0.,0.,1.));
#5273=DIRECTION('',(0.,0.,1.));
#5274=DIRECTION('center_axis',(0.,1.,0.));
#5275=DIRECTION('ref_axis',(1.,0.,0.));
#5276=DIRECTION('',(0.,0.,1.));
#5277=DIRECTION('',(-1.,0.,0.));
#5278=DIRECTION('',(0.,0.,-1.));
#5279=DIRECTION('center_axis',(0.,1.,0.));
#5280=DIRECTION('ref_axis',(-1.,0.,0.));
#5281=DIRECTION('',(0.,1.1842378929335E-14,1.));
#5282=DIRECTION('',(0.,1.1842378929335E-14,1.));
#5283=DIRECTION('',(0.,0.,1.));
#5284=DIRECTION('center_axis',(1.,0.,0.));
#5285=DIRECTION('ref_axis',(0.,1.,0.));
#5286=DIRECTION('',(0.,1.,-1.08524300657109E-14));
#5287=DIRECTION('center_axis',(-0.650326233552228,-0.759655046684858,0.));
#5288=DIRECTION('ref_axis',(-0.759655046684858,0.650326233552228,0.));
#5289=DIRECTION('',(-0.759655046684858,0.650326233552228,0.));
#5290=DIRECTION('',(0.,0.,-1.));
#5291=DIRECTION('',(-0.759655046684858,0.650326233552228,0.));
#5292=DIRECTION('center_axis',(-1.49971063053417E-32,2.24212985776327E-32,
1.));
#5293=DIRECTION('ref_axis',(-1.,0.,-1.49971063053417E-32));
#5294=DIRECTION('center_axis',(0.,0.,1.));
#5295=DIRECTION('ref_axis',(0.650326233552266,0.759655046684825,0.));
#5296=DIRECTION('',(0.759655046684831,-0.650326233552259,-2.06497902879046E-33));
#5297=DIRECTION('center_axis',(0.650326233552259,0.759655046684831,0.));
#5298=DIRECTION('ref_axis',(0.759655046684831,-0.650326233552259,-2.06497902879046E-33));
#5299=DIRECTION('',(0.,0.,-1.));
#5300=DIRECTION('',(0.759655046684831,-0.650326233552259,-2.06497902879046E-33));
#5301=DIRECTION('center_axis',(0.,0.,-1.));
#5302=DIRECTION('ref_axis',(0.650326233552266,0.759655046684825,0.));
#5303=DIRECTION('center_axis',(0.,0.,-1.));
#5304=DIRECTION('ref_axis',(0.650326233552266,0.759655046684825,0.));
#5305=DIRECTION('center_axis',(-1.49971063053417E-32,2.24212985776327E-32,
1.));
#5306=DIRECTION('ref_axis',(-1.,0.,-1.49971063053417E-32));
#5307=DIRECTION('center_axis',(-1.,0.,0.));
#5308=DIRECTION('ref_axis',(0.,1.,0.));
#5309=DIRECTION('center_axis',(1.,0.,0.));
#5310=DIRECTION('ref_axis',(0.,1.,0.));
#5311=DIRECTION('center_axis',(1.,0.,0.));
#5312=DIRECTION('ref_axis',(0.,1.,0.));
#5313=DIRECTION('',(1.,0.,0.));
#5314=DIRECTION('center_axis',(0.,0.,-1.));
#5315=DIRECTION('ref_axis',(0.,-1.,0.));
#5316=DIRECTION('',(-1.,0.,0.));
#5317=DIRECTION('',(0.,-1.,0.));
#5318=DIRECTION('center_axis',(0.,0.,1.));
#5319=DIRECTION('ref_axis',(0.,1.,0.));
#5320=DIRECTION('',(0.,1.,0.));
#5321=DIRECTION('',(-1.,0.,0.));
#5322=DIRECTION('center_axis',(-1.,0.,0.));
#5323=DIRECTION('ref_axis',(0.,0.,1.));
#5324=DIRECTION('center_axis',(-1.,0.,0.));
#5325=DIRECTION('ref_axis',(0.,0.,1.));
#5326=DIRECTION('center_axis',(1.,0.,0.));
#5327=DIRECTION('ref_axis',(0.,1.,0.));
#5328=DIRECTION('center_axis',(0.,0.,1.));
#5329=DIRECTION('ref_axis',(1.,0.,0.));
#5330=DIRECTION('',(0.,0.,1.));
#5331=DIRECTION('center_axis',(0.,0.,1.));
#5332=DIRECTION('ref_axis',(1.,0.,0.));
#5333=DIRECTION('',(0.,0.,1.));
#5334=DIRECTION('center_axis',(0.,0.,1.));
#5335=DIRECTION('ref_axis',(1.,0.,0.));
#5336=DIRECTION('center_axis',(0.,0.,-1.));
#5337=DIRECTION('ref_axis',(1.,0.,0.));
#5338=DIRECTION('center_axis',(0.,0.,-1.));
#5339=DIRECTION('ref_axis',(1.,0.,0.));
#5340=DIRECTION('center_axis',(0.,0.,-1.));
#5341=DIRECTION('ref_axis',(1.,0.,0.));
#5342=DIRECTION('center_axis',(0.,0.,-1.));
#5343=DIRECTION('ref_axis',(1.,0.,0.));
#5344=DIRECTION('center_axis',(0.,0.,-1.));
#5345=DIRECTION('ref_axis',(1.,0.,0.));
#5346=DIRECTION('',(0.,1.,0.));
#5347=DIRECTION('center_axis',(0.,0.,-1.));
#5348=DIRECTION('ref_axis',(1.,0.,0.));
#5349=DIRECTION('center_axis',(0.,0.,-1.));
#5350=DIRECTION('ref_axis',(1.,0.,0.));
#5351=DIRECTION('center_axis',(0.,0.,-1.));
#5352=DIRECTION('ref_axis',(1.,0.,0.));
#5353=DIRECTION('',(0.,0.,1.));
#5354=DIRECTION('center_axis',(0.,0.,-1.));
#5355=DIRECTION('ref_axis',(1.,0.,0.));
#5356=DIRECTION('',(0.,0.,1.));
#5357=DIRECTION('center_axis',(0.,0.,-1.));
#5358=DIRECTION('ref_axis',(-1.,0.,0.));
#5359=DIRECTION('center_axis',(0.473342838275021,0.88087828753679,0.));
#5360=DIRECTION('ref_axis',(-0.88087828753679,0.473342838275021,0.));
#5361=DIRECTION('center_axis',(1.,0.,0.));
#5362=DIRECTION('ref_axis',(0.,-1.,0.));
#5363=DIRECTION('center_axis',(-1.23259516440783E-32,1.57772181044202E-30,
-1.));
#5364=DIRECTION('ref_axis',(1.,0.,-1.23259516440783E-32));
#5365=DIRECTION('',(0.,-1.,0.));
#5366=DIRECTION('center_axis',(0.,0.,-1.));
#5367=DIRECTION('ref_axis',(1.,0.,0.));
#5368=DIRECTION('center_axis',(0.,0.,-1.));
#5369=DIRECTION('ref_axis',(1.,0.,0.));
#5370=DIRECTION('center_axis',(0.,0.,1.));
#5371=DIRECTION('ref_axis',(1.,0.,0.));
#5372=DIRECTION('',(0.,0.,-1.));
#5373=DIRECTION('center_axis',(0.,0.,1.));
#5374=DIRECTION('ref_axis',(1.,0.,0.));
#5375=DIRECTION('',(0.,0.,-1.));
#5376=DIRECTION('center_axis',(-1.,0.,0.));
#5377=DIRECTION('ref_axis',(0.,-1.,0.));
#5378=DIRECTION('center_axis',(0.,-1.1842378929335E-14,-1.));
#5379=DIRECTION('ref_axis',(-1.,9.86076131526241E-31,0.));
#5380=DIRECTION('',(0.,1.1842378929335E-14,1.));
#5381=DIRECTION('center_axis',(8.32667268468847E-17,-1.08524300657109E-14,
-1.));
#5382=DIRECTION('ref_axis',(-1.,9.86076131526241E-31,0.));
#5383=DIRECTION('center_axis',(0.,-1.1842378929335E-14,-1.));
#5384=DIRECTION('ref_axis',(-1.,9.86076131526241E-31,0.));
#5385=DIRECTION('',(0.,1.1842378929335E-14,1.));
#5386=DIRECTION('center_axis',(8.32667268468847E-17,-1.08524300657109E-14,
-1.));
#5387=DIRECTION('ref_axis',(-1.,9.86076131526241E-31,0.));
#5388=DIRECTION('center_axis',(0.,-1.1842378929335E-14,-1.));
#5389=DIRECTION('ref_axis',(-6.12323399573667E-17,1.,-1.1842378929335E-14));
#5390=DIRECTION('center_axis',(8.32667268468847E-17,-1.08524300657109E-14,
-1.));
#5391=DIRECTION('ref_axis',(-1.,9.86076131526241E-31,0.));
#5392=DIRECTION('center_axis',(8.32667268468847E-17,-1.08524300657109E-14,
-1.));
#5393=DIRECTION('ref_axis',(-1.,0.,-8.32667268468847E-17));
#5394=DIRECTION('center_axis',(-8.32667268468847E-17,1.08524300657109E-14,
1.));
#5395=DIRECTION('ref_axis',(-1.,-1.29855410449504E-59,-8.32667268468847E-17));
#5396=DIRECTION('center_axis',(8.32667268468847E-17,-1.08524300657109E-14,
-1.));
#5397=DIRECTION('ref_axis',(-1.,0.,-8.32667268468847E-17));
#5398=DIRECTION('center_axis',(-8.32667268468847E-17,1.08524300657109E-14,
1.));
#5399=DIRECTION('ref_axis',(-1.,-1.29855410449504E-59,-8.32667268468847E-17));
#5400=DIRECTION('center_axis',(8.32667268468847E-17,-1.08524300657109E-14,
-1.));
#5401=DIRECTION('ref_axis',(-1.,0.,-8.32667268468847E-17));
#5402=DIRECTION('center_axis',(-8.32667268468847E-17,1.08524300657109E-14,
1.));
#5403=DIRECTION('ref_axis',(-1.,-1.29855410449502E-59,-8.32667268468847E-17));
#5404=DIRECTION('center_axis',(0.,-8.88178419700124E-15,-1.));
#5405=DIRECTION('ref_axis',(-1.,7.3955709864468E-31,0.));
#5406=DIRECTION('',(0.,8.88178419700124E-15,1.));
#5407=DIRECTION('center_axis',(0.,-8.88178419700124E-15,-1.));
#5408=DIRECTION('ref_axis',(-1.,7.3955709864468E-31,0.));
#5409=DIRECTION('',(0.,8.88178419700124E-15,1.));
#5410=DIRECTION('center_axis',(0.,-8.88178419700124E-15,-1.));
#5411=DIRECTION('ref_axis',(-1.,7.3955709864468E-31,0.));
#5412=DIRECTION('center_axis',(-8.32667268468847E-17,1.08524300657109E-14,
1.));
#5413=DIRECTION('ref_axis',(-1.,-1.29855410449504E-59,-8.32667268468847E-17));
#5414=DIRECTION('',(0.,8.88178419700124E-15,1.));
#5415=DIRECTION('center_axis',(0.,-8.88178419700124E-15,-1.));
#5416=DIRECTION('ref_axis',(-1.,7.3955709864468E-31,0.));
#5417=DIRECTION('',(0.,8.88178419700124E-15,1.));
#5418=DIRECTION('center_axis',(8.32667268468847E-17,-1.08524300657109E-14,
-1.));
#5419=DIRECTION('ref_axis',(-1.,0.,-8.32667268468847E-17));
#5420=DIRECTION('center_axis',(-0.816496580927736,0.408248290463854,0.408248290463854));
#5421=DIRECTION('ref_axis',(-0.577350269189614,-0.577350269189642,-0.577350269189621));
#5422=DIRECTION('center_axis',(0.,-1.,0.));
#5423=DIRECTION('ref_axis',(0.,0.,-1.));
#5424=DIRECTION('center_axis',(-1.,0.,0.));
#5425=DIRECTION('ref_axis',(0.,-1.,0.));
#5426=DIRECTION('center_axis',(0.,0.,-1.));
#5427=DIRECTION('ref_axis',(-1.,0.,0.));
#5428=DIRECTION('center_axis',(-1.,0.,0.));
#5429=DIRECTION('ref_axis',(0.,-0.707106781186554,-0.707106781186541));
#5430=DIRECTION('center_axis',(1.,0.,0.));
#5431=DIRECTION('ref_axis',(0.,-0.707106781186554,-0.707106781186541));
#5432=DIRECTION('',(-1.,0.,0.));
#5433=DIRECTION('',(1.,0.,0.));
#5434=DIRECTION('center_axis',(-0.816496580927726,0.408248290463863,-0.408248290463863));
#5435=DIRECTION('ref_axis',(-0.577350269189626,-0.577350269189626,0.577350269189626));
#5436=DIRECTION('center_axis',(0.,0.,1.));
#5437=DIRECTION('ref_axis',(0.,-1.,0.));
#5438=DIRECTION('center_axis',(-1.,0.,0.));
#5439=DIRECTION('ref_axis',(0.,0.,1.));
#5440=DIRECTION('center_axis',(0.,-1.,0.));
#5441=DIRECTION('ref_axis',(-1.,0.,0.));
#5442=DIRECTION('center_axis',(-1.,0.,0.));
#5443=DIRECTION('ref_axis',(0.,-0.707106781186548,0.707106781186548));
#5444=DIRECTION('center_axis',(1.,0.,0.));
#5445=DIRECTION('ref_axis',(0.,-0.707106781186548,0.707106781186548));
#5446=DIRECTION('',(-1.,0.,0.));
#5447=DIRECTION('',(1.,0.,0.));
#5448=DIRECTION('center_axis',(-0.816496580927726,-0.408248290463863,0.408248290463863));
#5449=DIRECTION('ref_axis',(-0.577350269189626,0.577350269189626,-0.577350269189626));
#5450=DIRECTION('center_axis',(0.,0.,-1.));
#5451=DIRECTION('ref_axis',(0.,1.,0.));
#5452=DIRECTION('center_axis',(-1.,0.,0.));
#5453=DIRECTION('ref_axis',(0.,0.,-1.));
#5454=DIRECTION('center_axis',(0.,1.,0.));
#5455=DIRECTION('ref_axis',(-1.,0.,0.));
#5456=DIRECTION('center_axis',(-1.,0.,0.));
#5457=DIRECTION('ref_axis',(0.,0.707106781186554,-0.707106781186541));
#5458=DIRECTION('center_axis',(1.,0.,0.));
#5459=DIRECTION('ref_axis',(0.,0.707106781186554,-0.707106781186541));
#5460=DIRECTION('',(-1.,0.,0.));
#5461=DIRECTION('',(1.,0.,0.));
#5462=DIRECTION('center_axis',(0.,-1.,0.));
#5463=DIRECTION('ref_axis',(-0.707106781186541,0.,-0.707106781186554));
#5464=DIRECTION('center_axis',(0.,1.,0.));
#5465=DIRECTION('ref_axis',(0.,0.,-1.));
#5466=DIRECTION('',(0.,1.,0.));
#5467=DIRECTION('',(0.,-1.,0.));
#5468=DIRECTION('center_axis',(-1.,0.,0.));
#5469=DIRECTION('ref_axis',(0.,0.,1.));
#5470=DIRECTION('center_axis',(1.,0.,0.));
#5471=DIRECTION('ref_axis',(0.,0.,1.));
#5472=DIRECTION('center_axis',(0.,0.,1.));
#5473=DIRECTION('ref_axis',(-0.707106781186548,0.707106781186548,0.));
#5474=DIRECTION('center_axis',(-1.,0.,0.));
#5475=DIRECTION('ref_axis',(0.,-0.873151649036875,0.487448661690835));
#5476=DIRECTION('center_axis',(-0.816496580927736,-0.408248290463854,-0.408248290463854));
#5477=DIRECTION('ref_axis',(-0.577350269189612,0.57735026918964,0.577350269189626));
#5478=DIRECTION('center_axis',(0.,1.,0.));
#5479=DIRECTION('ref_axis',(0.,0.,1.));
#5480=DIRECTION('center_axis',(-1.,0.,0.));
#5481=DIRECTION('ref_axis',(0.,1.,0.));
#5482=DIRECTION('center_axis',(0.,0.,1.));
#5483=DIRECTION('ref_axis',(-1.,0.,0.));
#5484=DIRECTION('center_axis',(-1.,0.,0.));
#5485=DIRECTION('ref_axis',(0.,0.707106781186548,0.707106781186548));
#5486=DIRECTION('center_axis',(1.,0.,0.));
#5487=DIRECTION('ref_axis',(0.,0.707106781186548,0.707106781186548));
#5488=DIRECTION('',(-1.,0.,0.));
#5489=DIRECTION('',(1.,0.,0.));
#5490=DIRECTION('center_axis',(0.,0.,-1.));
#5491=DIRECTION('ref_axis',(-0.707106781186535,0.70710678118656,0.));
#5492=DIRECTION('',(0.,0.,1.));
#5493=DIRECTION('',(0.,0.,-1.));
#5494=DIRECTION('center_axis',(0.,1.,0.));
#5495=DIRECTION('ref_axis',(-0.707106781186535,0.,0.70710678118656));
#5496=DIRECTION('',(0.,-1.,0.));
#5497=DIRECTION('',(0.,1.,0.));
#5498=DIRECTION('center_axis',(0.,0.,1.));
#5499=DIRECTION('ref_axis',(-0.707106781186535,-0.70710678118656,0.));
#5500=DIRECTION('',(0.,0.,-1.));
#5501=DIRECTION('',(0.,0.,1.));
#5502=DIRECTION('center_axis',(0.,-1.,0.));
#5503=DIRECTION('ref_axis',(-0.707106781186541,0.,-0.707106781186554));
#5504=DIRECTION('',(0.,-1.,0.));
#5505=DIRECTION('',(0.,1.,0.));
#5506=DIRECTION('center_axis',(0.,-0.707106781186541,0.707106781186554));
#5507=DIRECTION('ref_axis',(0.,0.707106781186554,0.707106781186541));
#5508=DIRECTION('center_axis',(0.,0.,1.));
#5509=DIRECTION('ref_axis',(-0.707106781186535,-0.70710678118656,0.));
#5510=DIRECTION('',(0.,0.,1.));
#5511=DIRECTION('',(0.,0.,-1.));
#5512=DIRECTION('center_axis',(0.707106781186551,0.,0.707106781186544));
#5513=DIRECTION('ref_axis',(0.707106781186544,0.,-0.707106781186551));
#5514=DIRECTION('center_axis',(1.,0.,0.));
#5515=DIRECTION('ref_axis',(0.,-0.707106781186551,0.707106781186544));
#5516=DIRECTION('',(-1.,0.,0.));
#5517=DIRECTION('center_axis',(1.,0.,0.));
#5518=DIRECTION('ref_axis',(0.,0.,1.));
#5519=DIRECTION('',(1.,0.,0.));
#5520=DIRECTION('center_axis',(0.,-1.,0.));
#5521=DIRECTION('ref_axis',(-0.707106781186551,0.,0.707106781186544));
#5522=DIRECTION('center_axis',(0.,-1.,0.));
#5523=DIRECTION('ref_axis',(0.,0.,1.));
#5524=DIRECTION('',(0.,-1.,0.));
#5525=DIRECTION('center_axis',(0.,1.,0.));
#5526=DIRECTION('ref_axis',(-1.,0.,0.));
#5527=DIRECTION('',(0.,1.,0.));
#5528=DIRECTION('center_axis',(-0.810486526722353,-0.585757279085405,0.));
#5529=DIRECTION('ref_axis',(-0.414192944170675,0.573100519105682,0.707106781186565));
#5530=DIRECTION('center_axis',(0.810486526722341,0.585757279085421,0.));
#5531=DIRECTION('ref_axis',(-0.585757279085421,0.810486526722341,0.));
#5532=DIRECTION('',(0.810486526722353,0.585757279085404,0.));
#5533=DIRECTION('center_axis',(1.,0.,0.));
#5534=DIRECTION('ref_axis',(0.,1.,-5.62388001947268E-16));
#5535=DIRECTION('',(-0.810486526722353,-0.585757279085404,0.));
#5536=DIRECTION('center_axis',(-0.435969871102314,0.222825845572714,-0.871939742204607));
#5537=DIRECTION('ref_axis',(-0.776407696402951,0.396824902195027,0.489613200357353));
#5538=DIRECTION('center_axis',(0.,0.,1.));
#5539=DIRECTION('ref_axis',(-0.890437330497056,0.455105878293476,0.));
#5540=DIRECTION('center_axis',(-0.816496580927726,0.408248290463863,-0.408248290463863));
#5541=DIRECTION('ref_axis',(-0.577350269189626,-0.577350269189626,0.577350269189626));
#5542=DIRECTION('center_axis',(0.,0.,1.));
#5543=DIRECTION('ref_axis',(-0.707106781186548,-0.707106781186548,0.));
#5544=DIRECTION('center_axis',(0.,0.,1.));
#5545=DIRECTION('ref_axis',(0.,1.,0.));
#5546=DIRECTION('',(0.,1.,0.));
#5547=DIRECTION('',(0.,1.,0.));
#5548=DIRECTION('',(-1.,0.,0.));
#5549=DIRECTION('',(0.,-1.,0.));
#5550=DIRECTION('center_axis',(0.,0.,1.));
#5551=DIRECTION('ref_axis',(-0.707106781186551,0.707106781186544,0.));
#5552=DIRECTION('',(1.,0.,0.));
#5553=DIRECTION('center_axis',(0.,0.,-1.));
#5554=DIRECTION('ref_axis',(0.,1.,0.));
#5555=DIRECTION('',(-1.,0.,0.));
#5556=DIRECTION('center_axis',(0.,0.,1.));
#5557=DIRECTION('ref_axis',(-0.707106781186548,-0.707106781186548,0.));
#5558=DIRECTION('',(0.,-1.,0.));
#5559=DIRECTION('',(1.,0.,0.));
#5560=DIRECTION('center_axis',(0.,0.,1.));
#5561=DIRECTION('ref_axis',(1.,0.,0.));
#5562=DIRECTION('center_axis',(0.,-1.,0.));
#5563=DIRECTION('ref_axis',(0.,0.,1.));
#5564=DIRECTION('',(0.,0.,1.));
#5565=DIRECTION('center_axis',(0.,0.,-1.));
#5566=DIRECTION('ref_axis',(0.,-1.,0.));
#5567=DIRECTION('',(-1.,0.,0.));
#5568=DIRECTION('',(0.,-1.,0.));
#5569=DIRECTION('center_axis',(0.,-1.,0.));
#5570=DIRECTION('ref_axis',(0.,0.,1.));
#5571=DIRECTION('',(0.,0.,1.));
#5572=DIRECTION('',(-1.,0.,0.));
#5573=DIRECTION('',(0.,0.,-1.));
#5574=DIRECTION('',(1.,0.,0.));
#5575=DIRECTION('',(0.,0.,1.));
#5576=DIRECTION('center_axis',(0.,0.,-1.));
#5577=DIRECTION('ref_axis',(-0.707106781186548,-0.707106781186548,0.));
#5578=DIRECTION('',(0.,0.,-1.));
#5579=DIRECTION('center_axis',(0.,0.,-1.));
#5580=DIRECTION('ref_axis',(-1.,0.,0.));
#5581=DIRECTION('center_axis',(-1.,0.,0.));
#5582=DIRECTION('ref_axis',(0.,1.,0.));
#5583=DIRECTION('',(0.,0.,1.));
#5584=DIRECTION('',(0.,1.,0.));
#5585=DIRECTION('center_axis',(0.,0.,-1.));
#5586=DIRECTION('ref_axis',(-0.890437330497057,0.455105878293474,0.));
#5587=DIRECTION('',(0.,0.,-1.));
#5588=DIRECTION('center_axis',(0.,0.,-1.));
#5589=DIRECTION('ref_axis',(-0.585757279085409,0.81048652672235,0.));
#5590=DIRECTION('center_axis',(-0.585757279085405,0.810486526722353,0.));
#5591=DIRECTION('ref_axis',(0.810486526722353,0.585757279085404,0.));
#5592=DIRECTION('',(0.,0.,1.));
#5593=DIRECTION('',(-0.810486526722353,-0.585757279085404,0.));
#5594=DIRECTION('',(0.,0.,1.));
#5595=DIRECTION('',(0.810486526722353,0.585757279085404,0.));
#5596=DIRECTION('center_axis',(0.,0.,-1.));
#5597=DIRECTION('ref_axis',(-0.707106781186548,-0.707106781186548,0.));
#5598=DIRECTION('',(0.,0.,1.));
#5599=DIRECTION('',(0.,0.,-1.));
#5600=DIRECTION('center_axis',(0.,0.,-1.));
#5601=DIRECTION('ref_axis',(-0.707106781186548,-0.707106781186548,0.));
#5602=DIRECTION('center_axis',(0.,0.,1.));
#5603=DIRECTION('ref_axis',(-0.707106781186551,0.707106781186544,0.));
#5604=DIRECTION('',(0.,0.,1.));
#5605=DIRECTION('',(0.,0.,-1.));
#5606=DIRECTION('center_axis',(0.,0.,-1.));
#5607=DIRECTION('ref_axis',(-0.707106781186551,0.707106781186544,0.));
#5608=DIRECTION('center_axis',(0.,-1.,0.));
#5609=DIRECTION('ref_axis',(-0.70710678118656,0.,0.707106781186535));
#5610=DIRECTION('',(0.,1.,0.));
#5611=DIRECTION('',(0.,1.,0.));
#5612=DIRECTION('center_axis',(0.,1.,0.));
#5613=DIRECTION('ref_axis',(1.,0.,0.));
#5614=DIRECTION('',(0.,0.,-1.));
#5615=DIRECTION('',(1.,0.,0.));
#5616=DIRECTION('center_axis',(1.,0.,0.));
#5617=DIRECTION('ref_axis',(0.,0.,-1.));
#5618=DIRECTION('center_axis',(-1.,0.,0.));
#5619=DIRECTION('ref_axis',(0.,-0.707106781186548,0.707106781186548));
#5620=DIRECTION('',(0.,0.,-1.));
#5621=DIRECTION('center_axis',(1.,0.,0.));
#5622=DIRECTION('ref_axis',(0.,0.707106781186552,-0.707106781186543));
#5623=DIRECTION('',(0.,1.,0.));
#5624=DIRECTION('center_axis',(1.,0.,0.));
#5625=DIRECTION('ref_axis',(0.,0.,1.));
#5626=DIRECTION('',(0.,-1.,0.));
#5627=DIRECTION('center_axis',(1.,0.,0.));
#5628=DIRECTION('ref_axis',(0.,0.707106781186546,0.707106781186549));
#5629=DIRECTION('',(0.,0.,-1.));
#5630=DIRECTION('center_axis',(-1.,0.,0.));
#5631=DIRECTION('ref_axis',(0.,-0.707106781186551,-0.707106781186544));
#5632=DIRECTION('',(0.,1.,0.));
#5633=DIRECTION('center_axis',(1.,0.,0.));
#5634=DIRECTION('ref_axis',(0.,0.707106781186551,0.707106781186544));
#5635=DIRECTION('center_axis',(-1.,0.,0.));
#5636=DIRECTION('ref_axis',(0.,-0.707106781186554,-0.707106781186541));
#5637=DIRECTION('',(0.,-1.,0.));
#5638=DIRECTION('center_axis',(-1.,0.,0.));
#5639=DIRECTION('ref_axis',(0.,1.,5.62388001947268E-16));
#5640=DIRECTION('',(0.,1.,0.));
#5641=DIRECTION('center_axis',(-1.,0.,0.));
#5642=DIRECTION('ref_axis',(0.,0.707106781186551,-0.707106781186544));
#5643=DIRECTION('',(0.,0.,1.));
#5644=DIRECTION('center_axis',(1.,0.,0.));
#5645=DIRECTION('ref_axis',(0.,-0.707106781186579,0.707106781186516));
#5646=DIRECTION('',(0.,1.,3.37507799486043E-13));
#5647=DIRECTION('center_axis',(-1.,0.,0.));
#5648=DIRECTION('ref_axis',(0.,0.707106781186554,-0.707106781186541));
#5649=DIRECTION('',(0.,0.,1.));
#5650=DIRECTION('center_axis',(-1.,0.,0.));
#5651=DIRECTION('ref_axis',(0.,0.707106781186548,0.707106781186548));
#5652=DIRECTION('center_axis',(-1.,0.,0.));
#5653=DIRECTION('ref_axis',(0.,1.,0.));
#5654=DIRECTION('center_axis',(-1.,0.,0.));
#5655=DIRECTION('ref_axis',(0.,0.707106781186546,0.707106781186549));
#5656=DIRECTION('',(-1.,0.,0.));
#5657=DIRECTION('center_axis',(-1.,0.,0.));
#5658=DIRECTION('ref_axis',(0.,0.707106781186546,0.707106781186549));
#5659=DIRECTION('',(1.,0.,0.));
#5660=DIRECTION('center_axis',(0.,0.,-1.));
#5661=DIRECTION('ref_axis',(0.,-1.,0.));
#5662=DIRECTION('',(-1.,0.,0.));
#5663=DIRECTION('',(0.,-1.,0.));
#5664=DIRECTION('center_axis',(1.,0.,0.));
#5665=DIRECTION('ref_axis',(0.,0.707106781186552,-0.707106781186543));
#5666=DIRECTION('center_axis',(-1.,0.,0.));
#5667=DIRECTION('ref_axis',(0.,0.707106781186552,-0.707106781186543));
#5668=DIRECTION('',(1.,0.,0.));
#5669=DIRECTION('',(-1.,0.,0.));
#5670=DIRECTION('center_axis',(0.,0.,1.));
#5671=DIRECTION('ref_axis',(0.,1.,0.));
#5672=DIRECTION('',(0.,1.,0.));
#5673=DIRECTION('',(-1.,0.,0.));
#5674=DIRECTION('center_axis',(1.,0.,0.));
#5675=DIRECTION('ref_axis',(0.,-0.707106781186579,0.707106781186516));
#5676=DIRECTION('',(-1.,0.,0.));
#5677=DIRECTION('',(1.,0.,0.));
#5678=DIRECTION('center_axis',(0.,0.,-1.));
#5679=DIRECTION('ref_axis',(0.,-1.,0.));
#5680=DIRECTION('',(0.,1.,3.37507799486043E-13));
#5681=DIRECTION('',(-1.,0.,0.));
#5682=DIRECTION('center_axis',(1.,0.,0.));
#5683=DIRECTION('ref_axis',(0.,-0.707106781186551,-0.707106781186544));
#5684=DIRECTION('',(-1.,0.,0.));
#5685=DIRECTION('center_axis',(1.,0.,0.));
#5686=DIRECTION('ref_axis',(0.,-0.707106781186551,-0.707106781186544));
#5687=DIRECTION('',(1.,0.,0.));
#5688=DIRECTION('center_axis',(0.,-1.,0.));
#5689=DIRECTION('ref_axis',(0.,0.,-1.));
#5690=DIRECTION('',(0.,0.,-1.));
#5691=DIRECTION('center_axis',(1.,0.,0.));
#5692=DIRECTION('ref_axis',(0.,-0.707106781186548,0.707106781186548));
#5693=DIRECTION('center_axis',(1.,0.,0.));
#5694=DIRECTION('ref_axis',(0.,-0.707106781186548,0.707106781186548));
#5695=DIRECTION('',(1.,0.,0.));
#5696=DIRECTION('center_axis',(1.,0.,0.));
#5697=DIRECTION('ref_axis',(0.,0.707106781186548,0.707106781186548));
#5698=DIRECTION('',(-1.,0.,0.));
#5699=DIRECTION('center_axis',(1.,0.,0.));
#5700=DIRECTION('ref_axis',(0.,0.707106781186548,0.707106781186548));
#5701=DIRECTION('center_axis',(1.,0.,0.));
#5702=DIRECTION('ref_axis',(0.,1.,0.));
#5703=DIRECTION('',(0.,0.,1.));
#5704=DIRECTION('center_axis',(1.,0.,0.));
#5705=DIRECTION('ref_axis',(0.,0.707106781186554,-0.707106781186541));
#5706=DIRECTION('',(0.,0.,-1.));
#5707=DIRECTION('center_axis',(0.,1.,0.));
#5708=DIRECTION('ref_axis',(0.,0.,1.));
#5709=DIRECTION('',(1.,0.,0.));
#5710=DIRECTION('center_axis',(1.,0.,0.));
#5711=DIRECTION('ref_axis',(0.,0.707106781186554,-0.707106781186541));
#5712=DIRECTION('center_axis',(-1.,0.,0.));
#5713=DIRECTION('ref_axis',(0.,0.707106781186551,0.707106781186544));
#5714=DIRECTION('center_axis',(-1.,0.,0.));
#5715=DIRECTION('ref_axis',(0.,0.707106781186551,0.707106781186544));
#5716=DIRECTION('',(-1.,0.,0.));
#5717=DIRECTION('center_axis',(1.,0.,0.));
#5718=DIRECTION('ref_axis',(0.,0.707106781186551,-0.707106781186544));
#5719=DIRECTION('',(1.,0.,0.));
#5720=DIRECTION('',(-1.,0.,0.));
#5721=DIRECTION('center_axis',(0.707106781186551,0.,-0.707106781186544));
#5722=DIRECTION('ref_axis',(-0.707106781186544,0.,-0.707106781186551));
#5723=DIRECTION('center_axis',(0.,0.,-1.));
#5724=DIRECTION('ref_axis',(-0.707106781186535,0.70710678118656,0.));
#5725=DIRECTION('',(0.,0.,-1.));
#5726=DIRECTION('',(0.,0.,1.));
#5727=DIRECTION('center_axis',(0.,1.,0.));
#5728=DIRECTION('ref_axis',(0.,0.,-1.));
#5729=DIRECTION('center_axis',(-0.816496580927727,0.408248290463864,0.40824829046386));
#5730=DIRECTION('ref_axis',(-0.577350269189626,-0.577350269189626,-0.577350269189626));
#5731=DIRECTION('center_axis',(-1.,0.,0.));
#5732=DIRECTION('ref_axis',(0.,-1.,0.));
#5733=DIRECTION('center_axis',(0.,-1.,0.));
#5734=DIRECTION('ref_axis',(0.,0.,-1.));
#5735=DIRECTION('center_axis',(0.435969871102322,-0.222825845572718,-0.871939742204602));
#5736=DIRECTION('ref_axis',(-0.776407696402953,0.396824902195027,-0.489613200357351));
#5737=DIRECTION('center_axis',(0.,1.,-3.55271367880051E-14));
#5738=DIRECTION('ref_axis',(-1.,0.,0.));
#5739=DIRECTION('center_axis',(-0.81048652672237,-0.585757279085381,0.));
#5740=DIRECTION('ref_axis',(0.,0.,-1.));
#5741=DIRECTION('center_axis',(0.810486526722353,0.585757279085405,0.));
#5742=DIRECTION('ref_axis',(-0.414192944170677,0.573100519105685,-0.707106781186562));
#5743=DIRECTION('',(-0.810486526722353,-0.585757279085404,0.));
#5744=DIRECTION('center_axis',(0.,1.,0.));
#5745=DIRECTION('ref_axis',(-0.707106781186554,0.,-0.707106781186541));
#5746=DIRECTION('',(0.,-1.,0.));
#5747=DIRECTION('center_axis',(-1.,0.,0.));
#5748=DIRECTION('ref_axis',(0.,-0.707106781186554,-0.707106781186541));
#5749=DIRECTION('',(1.,0.,0.));
#5750=DIRECTION('center_axis',(0.,0.,1.));
#5751=DIRECTION('ref_axis',(1.,0.,0.));
#5752=DIRECTION('',(0.,-1.,0.));
#5753=DIRECTION('center_axis',(0.,0.,-1.));
#5754=DIRECTION('ref_axis',(-1.,0.,0.));
#5755=DIRECTION('center_axis',(0.,0.,-1.));
#5756=DIRECTION('ref_axis',(0.,-1.,0.));
#5757=DIRECTION('',(0.,-1.,0.));
#5758=DIRECTION('center_axis',(-1.,0.,0.));
#5759=DIRECTION('ref_axis',(0.,0.,1.));
#5760=DIRECTION('center_axis',(-1.,0.,0.));
#5761=DIRECTION('ref_axis',(0.,1.,0.));
#5762=DIRECTION('center_axis',(1.,0.,0.));
#5763=DIRECTION('ref_axis',(0.,1.,0.));
#5764=DIRECTION('',(1.,0.,0.));
#5765=DIRECTION('center_axis',(-1.,0.,0.));
#5766=DIRECTION('ref_axis',(0.,0.,1.));
#5767=DIRECTION('center_axis',(-1.,0.,0.));
#5768=DIRECTION('ref_axis',(0.,0.,1.));
#5769=DIRECTION('center_axis',(0.,-1.,0.));
#5770=DIRECTION('ref_axis',(0.,0.,-1.));
#5771=DIRECTION('',(0.,0.,-1.));
#5772=DIRECTION('center_axis',(0.,0.,-1.));
#5773=DIRECTION('ref_axis',(1.,0.,0.));
#5774=DIRECTION('center_axis',(0.,0.,1.));
#5775=DIRECTION('ref_axis',(1.,0.,0.));
#5776=DIRECTION('',(0.,0.,1.));
#5777=DIRECTION('center_axis',(0.,-1.,0.));
#5778=DIRECTION('ref_axis',(-1.,0.,0.));
#5779=DIRECTION('',(-1.,0.,0.));
#5780=DIRECTION('',(0.,0.,-1.));
#5781=DIRECTION('center_axis',(0.,0.,-1.));
#5782=DIRECTION('ref_axis',(0.,1.,0.));
#5783=DIRECTION('center_axis',(0.,0.,-1.));
#5784=DIRECTION('ref_axis',(0.,1.,0.));
#5785=DIRECTION('center_axis',(0.,0.,-1.));
#5786=DIRECTION('ref_axis',(1.,0.,0.));
#5787=DIRECTION('center_axis',(0.,0.,-1.));
#5788=DIRECTION('ref_axis',(0.,1.,0.));
#5789=DIRECTION('',(0.,1.,0.));
#5790=DIRECTION('center_axis',(1.,0.,0.));
#5791=DIRECTION('ref_axis',(0.,1.,0.));
#5792=DIRECTION('center_axis',(0.,1.,0.));
#5793=DIRECTION('ref_axis',(0.,0.,-1.));
#5794=CARTESIAN_POINT('',(0.,0.,0.));
#5795=CARTESIAN_POINT('Ctrl Pts',(-106.797769916402,105.970470520211,37.3140345636058));
#5796=CARTESIAN_POINT('Ctrl Pts',(-106.815551755369,106.060117958399,37.4122541587759));
#5797=CARTESIAN_POINT('Ctrl Pts',(-106.850564030986,106.249874255349,37.5951281414952));
#5798=CARTESIAN_POINT('Ctrl Pts',(-106.90075331272,106.57486586969,37.83661201539));
#5799=CARTESIAN_POINT('Ctrl Pts',(-106.948171260122,106.952349931364,38.0499879983417));
#5800=CARTESIAN_POINT('Ctrl Pts',(-106.992126854137,107.398772839184,38.2390517320519));
#5801=CARTESIAN_POINT('Ctrl Pts',(-107.031356431544,107.93547536727,38.4069305186134));
#5802=CARTESIAN_POINT('Ctrl Pts',(-107.063671569687,108.586156443341,38.554720897003));
#5803=CARTESIAN_POINT('Ctrl Pts',(-107.085767337976,109.362898741525,38.6777950538533));
#5804=CARTESIAN_POINT('Ctrl Pts',(-107.094154512979,110.226692432966,38.7623052329154));
#5805=CARTESIAN_POINT('Ctrl Pts',(-107.090559703793,111.063194791114,38.7982283169582));
#5806=CARTESIAN_POINT('Ctrl Pts',(-107.085786437624,111.571410444699,38.8031737315859));
#5807=CARTESIAN_POINT('Ctrl Pts',(-107.085786437624,111.846511996808,38.8031737315859));
#5808=CARTESIAN_POINT('Ctrl Pts',(-106.754889073892,106.065843483954,37.549886354041));
#5809=CARTESIAN_POINT('Ctrl Pts',(-106.771484593186,106.154721616392,37.6350571226822));
#5810=CARTESIAN_POINT('Ctrl Pts',(-106.804252758929,106.343218286384,37.7948737448139));
#5811=CARTESIAN_POINT('Ctrl Pts',(-106.851599576425,106.66723938542,38.0067094272123));
#5812=CARTESIAN_POINT('Ctrl Pts',(-106.896472590052,107.044664008393,38.1941661827614));
#5813=CARTESIAN_POINT('Ctrl Pts',(-106.937961055718,107.491602052075,38.3607136688982));
#5814=CARTESIAN_POINT('Ctrl Pts',(-106.974736738497,108.028168177768,38.5093065727344));
#5815=CARTESIAN_POINT('Ctrl Pts',(-107.004754182663,108.674780624091,38.6406800773949));
#5816=CARTESIAN_POINT('Ctrl Pts',(-107.024968736843,109.436973834859,38.7499661594599));
#5817=CARTESIAN_POINT('Ctrl Pts',(-107.031948922004,110.270158671074,38.8251667107077));
#5818=CARTESIAN_POINT('Ctrl Pts',(-107.025674984717,111.074744155892,38.8613431896178));
#5819=CARTESIAN_POINT('Ctrl Pts',(-107.015951986206,111.575133719515,38.8730081830042));
#5820=CARTESIAN_POINT('Ctrl Pts',(-107.011738388655,111.846511996808,38.8772217805552));
#5821=CARTESIAN_POINT('Ctrl Pts',(-106.669359276732,106.253023505904,38.0256231829294));
#5822=CARTESIAN_POINT('Ctrl Pts',(-106.684555396916,106.341671183197,38.0878393593517));
#5823=CARTESIAN_POINT('Ctrl Pts',(-106.714718772293,106.530302366416,38.2036516113345));
#5824=CARTESIAN_POINT('Ctrl Pts',(-106.75824950834,106.856413133496,38.3560827921194));
#5825=CARTESIAN_POINT('Ctrl Pts',(-106.799086508922,107.237566019539,38.4913102460669));
#5826=CARTESIAN_POINT('Ctrl Pts',(-106.836240349977,107.688632196578,38.6128294231502));
#5827=CARTESIAN_POINT('Ctrl Pts',(-106.868539120615,108.226098323154,38.7230394517576));
#5828=CARTESIAN_POINT('Ctrl Pts',(-106.894265464763,108.862150859511,38.8217210936344));
#5829=CARTESIAN_POINT('Ctrl Pts',(-106.910650251621,109.589077110458,38.9040073050656));
#5830=CARTESIAN_POINT('Ctrl Pts',(-106.91399025257,110.358075266277,38.9625679147902));
#5831=CARTESIAN_POINT('Ctrl Pts',(-106.901957613137,111.10182049774,39.000531473707));
#5832=CARTESIAN_POINT('Ctrl Pts',(-106.884904885758,111.584679066432,39.0247101840535));
#5833=CARTESIAN_POINT('Ctrl Pts',(-106.875298537,111.846511996808,39.0369723810999));
#5834=CARTESIAN_POINT('Ctrl Pts',(-106.559688902441,106.548045381682,38.75413156374));
#5835=CARTESIAN_POINT('Ctrl Pts',(-106.574248766525,106.640048955181,38.7795006139618));
#5836=CARTESIAN_POINT('Ctrl Pts',(-106.602265270866,106.836229158158,38.8277040869645));
#5837=CARTESIAN_POINT('Ctrl Pts',(-106.640635631126,107.175478641142,38.8943549582925));
#5838=CARTESIAN_POINT('Ctrl Pts',(-106.675084420368,107.569536415242,38.9569091144249));
#5839=CARTESIAN_POINT('Ctrl Pts',(-106.70529996028,108.028631944313,39.0165018090071));
#5840=CARTESIAN_POINT('Ctrl Pts',(-106.730644855624,108.560443460606,39.0734398154628));
#5841=CARTESIAN_POINT('Ctrl Pts',(-106.74965786695,109.16408808318,39.1262863623337));
#5842=CARTESIAN_POINT('Ctrl Pts',(-106.759565636886,109.821364022972,39.1719483569682));
#5843=CARTESIAN_POINT('Ctrl Pts',(-106.756900612122,110.495768618114,39.2100087617586));
#5844=CARTESIAN_POINT('Ctrl Pts',(-106.739983567733,111.159709078431,39.2494057395375));
#5845=CARTESIAN_POINT('Ctrl Pts',(-106.72113798586,111.60866790013,39.2854822456044));
#5846=CARTESIAN_POINT('Ctrl Pts',(-106.710643605005,111.846511996808,39.305664731562));
#5847=CARTESIAN_POINT('Ctrl Pts',(-106.492359962629,106.877343281705,39.4745341043044));
#5848=CARTESIAN_POINT('Ctrl Pts',(-106.503975680419,106.97672802023,39.4730725402398));
#5849=CARTESIAN_POINT('Ctrl Pts',(-106.525853029899,107.188025312568,39.4706922086803));
#5850=CARTESIAN_POINT('Ctrl Pts',(-106.554907639228,107.54834427978,39.4685189648203));
#5851=CARTESIAN_POINT('Ctrl Pts',(-106.580332000997,107.957427225995,39.4678991672003));
#5852=CARTESIAN_POINT('Ctrl Pts',(-106.601897719863,108.418722592959,39.4691640474812));
#5853=CARTESIAN_POINT('Ctrl Pts',(-106.618760026493,108.931106837612,39.4724871440975));
#5854=CARTESIAN_POINT('Ctrl Pts',(-106.629315157741,109.48618494867,39.4777567068248));
#5855=CARTESIAN_POINT('Ctrl Pts',(-106.631604573779,110.067179570945,39.4860346135133));
#5856=CARTESIAN_POINT('Ctrl Pts',(-106.624672986946,110.655640528096,39.5027473071656));
#5857=CARTESIAN_POINT('Ctrl Pts',(-106.609711256551,111.241542450366,39.5361242701592));
#5858=CARTESIAN_POINT('Ctrl Pts',(-106.596899277521,111.643458394945,39.5751146389826));
#5859=CARTESIAN_POINT('Ctrl Pts',(-106.590048752707,111.846511996808,39.5968064595317));
#5860=CARTESIAN_POINT('Ctrl Pts',(-106.488446982478,107.313440406131,40.3375272059505));
#5861=CARTESIAN_POINT('Ctrl Pts',(-106.494144846229,107.422748658563,40.3009665283795));
#5862=CARTESIAN_POINT('Ctrl Pts',(-106.504505360016,107.652360408476,40.2307472245207));
#5863=CARTESIAN_POINT('Ctrl Pts',(-106.51709391482,108.031721578967,40.1346558580898));
#5864=CARTESIAN_POINT('Ctrl Pts',(-106.526702657995,108.446292984462,40.0486436982935));
#5865=CARTESIAN_POINT('Ctrl Pts',(-106.533139787069,108.893280391366,39.9739495559725));
#5866=CARTESIAN_POINT('Ctrl Pts',(-106.536178022414,109.366531265293,39.9122953174749));
#5867=CARTESIAN_POINT('Ctrl Pts',(-106.535820603259,109.85744149829,39.8661549848755));
#5868=CARTESIAN_POINT('Ctrl Pts',(-106.532608995117,110.357004058906,39.8393652114428));
#5869=CARTESIAN_POINT('Ctrl Pts',(-106.527579394413,110.857203794961,39.835997378158));
#5870=CARTESIAN_POINT('Ctrl Pts',(-106.522099194246,111.358859416322,39.8589535692668));
#5871=CARTESIAN_POINT('Ctrl Pts',(-106.518361156946,111.686663098349,39.8877658645324));
#5872=CARTESIAN_POINT('Ctrl Pts',(-106.516483188612,111.846511996808,39.9032292615659));
#5873=CARTESIAN_POINT('Ctrl Pts',(-106.499999999998,107.696799613802,40.8490213639353));
#5874=CARTESIAN_POINT('Ctrl Pts',(-106.499999999998,107.810376556249,40.789674757221));
#5875=CARTESIAN_POINT('Ctrl Pts',(-106.499999999998,108.047898569885,40.6767840058682));
#5876=CARTESIAN_POINT('Ctrl Pts',(-106.499999999998,108.432873384562,40.5261442994551));
#5877=CARTESIAN_POINT('Ctrl Pts',(-106.499999999998,108.842537448817,40.3956764217223));
#5878=CARTESIAN_POINT('Ctrl Pts',(-106.499999999998,109.27100501736,40.2871852623539));
#5879=CARTESIAN_POINT('Ctrl Pts',(-106.499999999998,109.711757236803,40.2021315368609));
#5880=CARTESIAN_POINT('Ctrl Pts',(-106.499999999998,110.157860222756,40.1413229017371));
#5881=CARTESIAN_POINT('Ctrl Pts',(-106.499999999998,110.601551775903,40.1047544813825));
#5882=CARTESIAN_POINT('Ctrl Pts',(-106.499999999998,111.035399858039,40.0908001252701));
#5883=CARTESIAN_POINT('Ctrl Pts',(-106.499999999998,111.453809543719,40.095513602351));
#5884=CARTESIAN_POINT('Ctrl Pts',(-106.499999999998,111.718358105875,40.1067086120364));
#5885=CARTESIAN_POINT('Ctrl Pts',(-106.499999999998,111.846511996808,40.1126675388393));
#5886=CARTESIAN_POINT('Ctrl Pts',(-106.499999999998,107.910053001457,41.1232362468441));
#5887=CARTESIAN_POINT('Ctrl Pts',(-106.499999999998,108.027159901907,41.0504746093609));
#5888=CARTESIAN_POINT('Ctrl Pts',(-106.499999999998,108.271754792872,40.9131891827574));
#5889=CARTESIAN_POINT('Ctrl Pts',(-106.499999999998,108.663521190872,40.7336948401768));
#5890=CARTESIAN_POINT('Ctrl Pts',(-106.499999999998,109.073015525317,40.58187946684));
#5891=CARTESIAN_POINT('Ctrl Pts',(-106.499999999998,109.492486849316,40.4584916287623));
#5892=CARTESIAN_POINT('Ctrl Pts',(-106.499999999998,109.914819957241,40.3631563573816));
#5893=CARTESIAN_POINT('Ctrl Pts',(-106.499999999998,110.333168290324,40.2944634181575));
#5894=CARTESIAN_POINT('Ctrl Pts',(-106.499999999998,110.740734543887,40.2500295661492));
#5895=CARTESIAN_POINT('Ctrl Pts',(-106.499999999998,111.13189485484,40.2260942399425));
#5896=CARTESIAN_POINT('Ctrl Pts',(-106.499999999998,111.50310846865,40.2174343227472));
#5897=CARTESIAN_POINT('Ctrl Pts',(-106.499999999998,111.734700803392,40.217387293959));
#5898=CARTESIAN_POINT('Ctrl Pts',(-106.499999999998,111.846511996808,40.217387293959));
#5899=CARTESIAN_POINT('',(-106.797769916402,105.970470520211,37.3140345636058));
#5900=CARTESIAN_POINT('',(-107.085786437624,111.846511996808,38.8031737315859));
#5901=CARTESIAN_POINT('Ctrl Pts',(-106.797769916402,105.970470520211,37.3140345636058));
#5902=CARTESIAN_POINT('Ctrl Pts',(-106.815551755369,106.060117958399,37.4122541587759));
#5903=CARTESIAN_POINT('Ctrl Pts',(-106.850564030986,106.249874255349,37.5951281414952));
#5904=CARTESIAN_POINT('Ctrl Pts',(-106.90075331272,106.57486586969,37.83661201539));
#5905=CARTESIAN_POINT('Ctrl Pts',(-106.948171260122,106.952349931364,38.0499879983417));
#5906=CARTESIAN_POINT('Ctrl Pts',(-106.992126854137,107.398772839184,38.2390517320519));
#5907=CARTESIAN_POINT('Ctrl Pts',(-107.031356431544,107.93547536727,38.4069305186134));
#5908=CARTESIAN_POINT('Ctrl Pts',(-107.063671569687,108.586156443341,38.554720897003));
#5909=CARTESIAN_POINT('Ctrl Pts',(-107.085767337976,109.362898741525,38.6777950538533));
#5910=CARTESIAN_POINT('Ctrl Pts',(-107.094154512979,110.226692432966,38.7623052329154));
#5911=CARTESIAN_POINT('Ctrl Pts',(-107.090559703793,111.063194791114,38.7982283169582));
#5912=CARTESIAN_POINT('Ctrl Pts',(-107.085786437624,111.571410444699,38.8031737315859));
#5913=CARTESIAN_POINT('Ctrl Pts',(-107.085786437624,111.846511996808,38.8031737315859));
#5914=CARTESIAN_POINT('',(-106.499999999998,107.910053001457,41.1232362468441));
#5915=CARTESIAN_POINT('Ctrl Pts',(-106.797769916402,105.970470520211,37.3140345636058));
#5916=CARTESIAN_POINT('Ctrl Pts',(-106.754889073892,106.065843483954,37.549886354041));
#5917=CARTESIAN_POINT('Ctrl Pts',(-106.669359276732,106.253023505904,38.0256231829294));
#5918=CARTESIAN_POINT('Ctrl Pts',(-106.559688902441,106.548045381682,38.75413156374));
#5919=CARTESIAN_POINT('Ctrl Pts',(-106.492359962629,106.877343281705,39.4745341043044));
#5920=CARTESIAN_POINT('Ctrl Pts',(-106.488446982478,107.313440406131,40.3375272059505));
#5921=CARTESIAN_POINT('Ctrl Pts',(-106.499999999998,107.696799613802,40.8490213639353));
#5922=CARTESIAN_POINT('Ctrl Pts',(-106.499999999998,107.910053001457,41.1232362468441));
#5923=CARTESIAN_POINT('',(-106.499999999998,111.846511996808,40.217387293959));
#5924=CARTESIAN_POINT('Ctrl Pts',(-106.499999999998,107.910053001457,41.1232362468441));
#5925=CARTESIAN_POINT('Ctrl Pts',(-106.499999999998,107.998829388712,41.0680771120563));
#5926=CARTESIAN_POINT('Ctrl Pts',(-106.499999999998,108.090586970287,41.0152825311532));
#5927=CARTESIAN_POINT('Ctrl Pts',(-106.499999999998,108.184875269924,40.964983797621));
#5928=CARTESIAN_POINT('Ctrl Pts',(-106.499999999998,108.27873363612,40.914914415002));
#5929=CARTESIAN_POINT('Ctrl Pts',(-106.499999999998,108.375100051743,40.8673176581846));
#5930=CARTESIAN_POINT('Ctrl Pts',(-106.499999999998,108.473488298116,40.8222932894313));
#5931=CARTESIAN_POINT('Ctrl Pts',(-106.499999999998,108.575227203625,40.7757355941068));
#5932=CARTESIAN_POINT('Ctrl Pts',(-106.499999999998,108.679128723117,40.7319280685682));
#5933=CARTESIAN_POINT('Ctrl Pts',(-106.499999999998,108.784601664106,40.6909559476124));
#5934=CARTESIAN_POINT('Ctrl Pts',(-106.499999999998,108.878979982059,40.654293654682));
#5935=CARTESIAN_POINT('Ctrl Pts',(-106.499999999998,108.974610259981,40.6199040160252));
#5936=CARTESIAN_POINT('Ctrl Pts',(-106.499999999998,109.071058733545,40.5878202552789));
#5937=CARTESIAN_POINT('Ctrl Pts',(-106.499999999998,109.170103464582,40.5548728447465));
#5938=CARTESIAN_POINT('Ctrl Pts',(-106.499999999998,109.270011556638,40.5243571804663));
#5939=CARTESIAN_POINT('Ctrl Pts',(-106.499999999998,109.370339821396,40.4962606243517));
#5940=CARTESIAN_POINT('Ctrl Pts',(-106.499999999998,109.473377373463,40.4674053424371));
#5941=CARTESIAN_POINT('Ctrl Pts',(-106.499999999998,109.576858752101,40.441101628125));
#5942=CARTESIAN_POINT('Ctrl Pts',(-106.499999999998,109.680322408621,40.417284430328));
#5943=CARTESIAN_POINT('Ctrl Pts',(-106.499999999998,109.7854156149,40.3930921123173));
#5944=CARTESIAN_POINT('Ctrl Pts',(-106.499999999998,109.890491325104,40.3714651870388));
#5945=CARTESIAN_POINT('Ctrl Pts',(-106.499999999998,109.995073570497,40.3522834992328));
#5946=CARTESIAN_POINT('Ctrl Pts',(-106.499999999998,110.086337193237,40.3355446128867));
#5947=CARTESIAN_POINT('Ctrl Pts',(-106.499999999998,110.177224680092,40.3206671846267));
#5948=CARTESIAN_POINT('Ctrl Pts',(-106.499999999998,110.267419964678,40.3075397585281));
#5949=CARTESIAN_POINT('Ctrl Pts',(-106.499999999998,110.35315236962,40.2950618799416));
#5950=CARTESIAN_POINT('Ctrl Pts',(-106.499999999998,110.438257876812,40.2841653523512));
#5951=CARTESIAN_POINT('Ctrl Pts',(-106.499999999998,110.522497241632,40.2747198765051));
#5952=CARTESIAN_POINT('Ctrl Pts',(-106.499999999998,110.606686512696,40.2652800175029));
#5953=CARTESIAN_POINT('Ctrl Pts',(-106.499999999998,110.690010667284,40.2572894870767));
#5954=CARTESIAN_POINT('Ctrl Pts',(-106.499999999998,110.772268769136,40.2505825328959));
#5955=CARTESIAN_POINT('Ctrl Pts',(-106.499999999998,110.854478098685,40.2438795553884));
#5956=CARTESIAN_POINT('Ctrl Pts',(-106.499999999998,110.935622635382,40.2384586345433));
#5957=CARTESIAN_POINT('Ctrl Pts',(-106.499999999998,111.015539706974,40.2341186278147));
#5958=CARTESIAN_POINT('Ctrl Pts',(-106.499999999998,111.096554903792,40.2297189858821));
#5959=CARTESIAN_POINT('Ctrl Pts',(-106.499999999998,111.176308572927,40.2264302580329));
#5960=CARTESIAN_POINT('Ctrl Pts',(-106.499999999998,111.254671115145,40.2240053866846));
#5961=CARTESIAN_POINT('Ctrl Pts',(-106.499999999998,111.306627932361,40.2223976211138));
#5962=CARTESIAN_POINT('Ctrl Pts',(-106.499999999998,111.357974019903,40.2211688404911));
#5963=CARTESIAN_POINT('Ctrl Pts',(-106.499999999998,111.408681358811,40.2202378611242));
#5964=CARTESIAN_POINT('Ctrl Pts',(-106.499999999998,111.438031076141,40.2196990045829));
#5965=CARTESIAN_POINT('Ctrl Pts',(-106.499999999998,111.467170510203,40.2192598176021));
#5966=CARTESIAN_POINT('Ctrl Pts',(-106.499999999998,111.496080764177,40.2189032869502));
#5967=CARTESIAN_POINT('Ctrl Pts',(-106.499999999998,111.523155975206,40.2185693866446));
#5968=CARTESIAN_POINT('Ctrl Pts',(-106.499999999998,111.550023524102,40.218307950612));
#5969=CARTESIAN_POINT('Ctrl Pts',(-106.499999999998,111.57666362769,40.2181039518996));
#5970=CARTESIAN_POINT('Ctrl Pts',(-106.499999999998,111.597416771065,40.2179450330533));
#5971=CARTESIAN_POINT('Ctrl Pts',(-106.499999999998,111.618030773681,40.2178209469685));
#5972=CARTESIAN_POINT('Ctrl Pts',(-106.499999999998,111.638534333368,40.2177243018419));
#5973=CARTESIAN_POINT('Ctrl Pts',(-106.499999999998,111.654293363852,40.2176500204235));
#5974=CARTESIAN_POINT('Ctrl Pts',(-106.499999999998,111.669994175558,40.2175919480845));
#5975=CARTESIAN_POINT('Ctrl Pts',(-106.499999999998,111.6856440662,40.2175466518525));
#5976=CARTESIAN_POINT('Ctrl Pts',(-106.499999999998,111.712942298063,40.2174676412656));
#5977=CARTESIAN_POINT('Ctrl Pts',(-106.499999999998,111.740074046957,40.2174275571969));
#5978=CARTESIAN_POINT('Ctrl Pts',(-106.499999999998,111.766887980212,40.2174074688604));
#5979=CARTESIAN_POINT('Ctrl Pts',(-106.499999999998,111.78029494684,40.2173974246921));
#5980=CARTESIAN_POINT('Ctrl Pts',(-106.499999999998,111.793621999016,40.2173923649246));
#5981=CARTESIAN_POINT('Ctrl Pts',(-106.499999999998,111.806880834718,40.2173898321941));
#5982=CARTESIAN_POINT('Ctrl Pts',(-106.499999999998,111.819432179617,40.21738743461));
#5983=CARTESIAN_POINT('Ctrl Pts',(-106.499999999998,111.831921436455,40.2173873012302));
#5984=CARTESIAN_POINT('Ctrl Pts',(-106.499999999998,111.844401592357,40.217387294347));
#5985=CARTESIAN_POINT('Ctrl Pts',(-106.499999999998,111.845105070397,40.2173872939591));
#5986=CARTESIAN_POINT('Ctrl Pts',(-106.499999999998,111.845808533629,40.217387293959));
#5987=CARTESIAN_POINT('Ctrl Pts',(-106.499999999998,111.846511996808,40.217387293959));
#5988=CARTESIAN_POINT('Origin',(-108.499999999998,111.846511996808,40.217387293959));
#5989=CARTESIAN_POINT('Ctrl Pts',(-106.797769916402,105.970470520211,37.3140345636058));
#5990=CARTESIAN_POINT('Ctrl Pts',(-106.754889073892,106.065843483954,37.549886354041));
#5991=CARTESIAN_POINT('Ctrl Pts',(-106.669359276732,106.253023505904,38.0256231829294));
#5992=CARTESIAN_POINT('Ctrl Pts',(-106.559688902441,106.548045381682,38.75413156374));
#5993=CARTESIAN_POINT('Ctrl Pts',(-106.492359962629,106.877343281705,39.4745341043044));
#5994=CARTESIAN_POINT('Ctrl Pts',(-106.488446982478,107.313440406131,40.3375272059505));
#5995=CARTESIAN_POINT('Ctrl Pts',(-106.499999999998,107.696799613802,40.8490213639353));
#5996=CARTESIAN_POINT('Ctrl Pts',(-106.499999999998,107.910053001457,41.1232362468441));
#5997=CARTESIAN_POINT('Ctrl Pts',(-106.749666742914,105.948261951427,37.3825873688074));
#5998=CARTESIAN_POINT('Ctrl Pts',(-106.710264323172,106.03910143067,37.6200497564838));
#5999=CARTESIAN_POINT('Ctrl Pts',(-106.63110058104,106.21811668894,38.101766383033));
#6000=CARTESIAN_POINT('Ctrl Pts',(-106.532886259667,106.500173940477,38.8291565051851));
#6001=CARTESIAN_POINT('Ctrl Pts',(-106.478089524731,106.813755352357,39.5517353762919));
#6002=CARTESIAN_POINT('Ctrl Pts',(-106.484357851263,107.231083724956,40.4141823722191));
#6003=CARTESIAN_POINT('Ctrl Pts',(-106.499999999998,107.593275532456,40.9212945841968));
#6004=CARTESIAN_POINT('Ctrl Pts',(-106.499999999998,107.792946101007,41.1959978843272));
#6005=CARTESIAN_POINT('Ctrl Pts',(-106.658920401011,105.899849568631,37.5352338088929));
#6006=CARTESIAN_POINT('Ctrl Pts',(-106.625299554305,105.98217792631,37.7770720263454));
#6007=CARTESIAN_POINT('Ctrl Pts',(-106.557831715262,106.145413358949,38.2696559877226));
#6008=CARTESIAN_POINT('Ctrl Pts',(-106.482539456644,106.402006460159,38.9906301249711));
#6009=CARTESIAN_POINT('Ctrl Pts',(-106.452054122623,106.686153635054,39.7193001175471));
#6010=CARTESIAN_POINT('Ctrl Pts',(-106.47734467687,107.068793258591,40.5764348545955));
#6011=CARTESIAN_POINT('Ctrl Pts',(-106.499999999998,107.392561363836,41.0746188988347));
#6012=CARTESIAN_POINT('Ctrl Pts',(-106.499999999998,107.569107270057,41.3497676639725));
#6013=CARTESIAN_POINT('Ctrl Pts',(-106.533186576774,105.813841239236,37.8254414690816));
#6014=CARTESIAN_POINT('Ctrl Pts',(-106.506791939606,105.884688719172,38.0743475377539));
#6015=CARTESIAN_POINT('Ctrl Pts',(-106.456830571813,106.025846071029,38.5734389592014));
#6016=CARTESIAN_POINT('Ctrl Pts',(-106.416949582111,106.247106117044,39.2745495577794));
#6017=CARTESIAN_POINT('Ctrl Pts',(-106.419932495794,106.494843545709,40.0172474315183));
#6018=CARTESIAN_POINT('Ctrl Pts',(-106.469938812023,106.835305925621,40.8489468268562));
#6019=CARTESIAN_POINT('Ctrl Pts',(-106.499999999998,107.116288408707,41.3312670658411));
#6020=CARTESIAN_POINT('Ctrl Pts',(-106.499999999998,107.270153345217,41.602681817084));
#6021=CARTESIAN_POINT('Ctrl Pts',(-106.413652965982,105.712746038936,38.1935567792886));
#6022=CARTESIAN_POINT('Ctrl Pts',(-106.394945934984,105.7733142079,38.4452421321753));
#6023=CARTESIAN_POINT('Ctrl Pts',(-106.365126501852,105.894368805516,38.9341471996678));
#6024=CARTESIAN_POINT('Ctrl Pts',(-106.361229267833,106.085178514279,39.6131363377631));
#6025=CARTESIAN_POINT('Ctrl Pts',(-106.394404515357,106.306244419648,40.3671014633111));
#6026=CARTESIAN_POINT('Ctrl Pts',(-106.465337253039,106.616452396351,41.1528217331744));
#6027=CARTESIAN_POINT('Ctrl Pts',(-106.499999999998,106.871062708756,41.6135205549875));
#6028=CARTESIAN_POINT('Ctrl Pts',(-106.499999999998,107.012850863778,41.8748657964779));
#6029=CARTESIAN_POINT('Ctrl Pts',(-106.29875127343,105.594964109742,38.6548427824225));
#6030=CARTESIAN_POINT('Ctrl Pts',(-106.289822923414,105.646662948775,38.9000129919205));
#6031=CARTESIAN_POINT('Ctrl Pts',(-106.284410479391,105.750510503923,39.3587605694882));
#6032=CARTESIAN_POINT('Ctrl Pts',(-106.314232307493,105.918554864802,40.0317546598983));
#6033=CARTESIAN_POINT('Ctrl Pts',(-106.375812858196,106.124956456088,40.7695768390124));
#6034=CARTESIAN_POINT('Ctrl Pts',(-106.463178727707,106.41884895642,41.4902973202976));
#6035=CARTESIAN_POINT('Ctrl Pts',(-106.499999999998,106.662485401487,41.9196952341883));
#6036=CARTESIAN_POINT('Ctrl Pts',(-106.499999999998,106.800150704876,42.1637092204564));
#6037=CARTESIAN_POINT('Ctrl Pts',(-106.189993675682,105.459636519678,39.2246680548344));
#6038=CARTESIAN_POINT('Ctrl Pts',(-106.193997246166,105.504462650992,39.4507703266146));
#6039=CARTESIAN_POINT('Ctrl Pts',(-106.216218954061,105.595779785555,39.8702203036147));
#6040=CARTESIAN_POINT('Ctrl Pts',(-106.275674359061,105.752533151117,40.5510898899821));
#6041=CARTESIAN_POINT('Ctrl Pts',(-106.364799260531,105.958464654962,41.2234192191897));
#6042=CARTESIAN_POINT('Ctrl Pts',(-106.463089900499,106.25071345682,41.8615000721595));
#6043=CARTESIAN_POINT('Ctrl Pts',(-106.499999999998,106.494956975528,42.2474944833307));
#6044=CARTESIAN_POINT('Ctrl Pts',(-106.499999999998,106.633150957415,42.466560207041));
#6045=CARTESIAN_POINT('Ctrl Pts',(-106.093512827065,105.308589520274,39.9125368490085));
#6046=CARTESIAN_POINT('Ctrl Pts',(-106.112164920308,105.349769529152,40.1178834126155));
#6047=CARTESIAN_POINT('Ctrl Pts',(-106.156861918877,105.436405356535,40.5433203660669));
#6048=CARTESIAN_POINT('Ctrl Pts',(-106.249070006361,105.597695336174,41.1607500606528));
#6049=CARTESIAN_POINT('Ctrl Pts',(-106.361420423662,105.818118114365,41.7284042037231));
#6050=CARTESIAN_POINT('Ctrl Pts',(-106.464816108921,106.120919984805,42.2620184810286));
#6051=CARTESIAN_POINT('Ctrl Pts',(-106.499999999998,106.371393436002,42.5932100150727));
#6052=CARTESIAN_POINT('Ctrl Pts',(-106.499999999998,106.511273992571,42.7798359686931));
#6053=CARTESIAN_POINT('Ctrl Pts',(-106.008950296245,105.151679701346,40.8132943931292));
#6054=CARTESIAN_POINT('Ctrl Pts',(-106.040523457507,105.194558181574,41.0082520455483));
#6055=CARTESIAN_POINT('Ctrl Pts',(-106.111927646373,105.288699723955,41.3716670018995));
#6056=CARTESIAN_POINT('Ctrl Pts',(-106.238284593514,105.472527984809,41.834242781421));
#6057=CARTESIAN_POINT('Ctrl Pts',(-106.365066388103,105.718898797347,42.279794125096));
#6058=CARTESIAN_POINT('Ctrl Pts',(-106.468134917412,106.037322281163,42.6835299888861));
#6059=CARTESIAN_POINT('Ctrl Pts',(-106.499999999998,106.292323907177,42.953139837171));
#6060=CARTESIAN_POINT('Ctrl Pts',(-106.499999999998,106.431502182352,43.1012516479189));
#6061=CARTESIAN_POINT('Ctrl Pts',(-105.943085982951,105.017770478584,41.9131200198665));
#6062=CARTESIAN_POINT('Ctrl Pts',(-105.992335507116,105.069232747241,42.0304397529404));
#6063=CARTESIAN_POINT('Ctrl Pts',(-106.094293437389,105.183788878951,42.2454663107883));
#6064=CARTESIAN_POINT('Ctrl Pts',(-106.24272604149,105.401467791152,42.5658720660391));
#6065=CARTESIAN_POINT('Ctrl Pts',(-106.375130449277,105.674591895611,42.8584100496595));
#6066=CARTESIAN_POINT('Ctrl Pts',(-106.472558828136,106.002817683851,43.1262866697447));
#6067=CARTESIAN_POINT('Ctrl Pts',(-106.499999999998,106.254304654642,43.325641612561));
#6068=CARTESIAN_POINT('Ctrl Pts',(-106.499999999998,106.387911770285,43.4290922439171));
#6069=CARTESIAN_POINT('Ctrl Pts',(-105.915942482317,104.951978816858,43.0316398270562));
#6070=CARTESIAN_POINT('Ctrl Pts',(-105.978433585403,105.014879684568,43.0853518357563));
#6071=CARTESIAN_POINT('Ctrl Pts',(-106.099038604632,105.153023692859,43.1866924425971));
#6072=CARTESIAN_POINT('Ctrl Pts',(-106.260219524352,105.40080469538,43.317485628399));
#6073=CARTESIAN_POINT('Ctrl Pts',(-106.390437730035,105.689309350337,43.4479610860347));
#6074=CARTESIAN_POINT('Ctrl Pts',(-106.477835195796,106.013493665293,43.5974093350609));
#6075=CARTESIAN_POINT('Ctrl Pts',(-106.499999999998,106.250053941813,43.7057286706811));
#6076=CARTESIAN_POINT('Ctrl Pts',(-106.499999999998,106.372030053613,43.7598284927329));
#6077=CARTESIAN_POINT('Ctrl Pts',(-105.914213562371,104.957722788455,43.7428535559312));
#6078=CARTESIAN_POINT('Ctrl Pts',(-105.984048013789,105.027557239873,43.7526468956203));
#6079=CARTESIAN_POINT('Ctrl Pts',(-106.115095114237,105.179259240922,43.7757932452679));
#6080=CARTESIAN_POINT('Ctrl Pts',(-106.278862014135,105.440031302473,43.8204385948051));
#6081=CARTESIAN_POINT('Ctrl Pts',(-106.403100722474,105.729663695851,43.872364482898));
#6082=CARTESIAN_POINT('Ctrl Pts',(-106.48163884305,106.042314921401,43.9276872040134));
#6083=CARTESIAN_POINT('Ctrl Pts',(-106.499999999998,106.261257668905,43.96473874178));
#6084=CARTESIAN_POINT('Ctrl Pts',(-106.499999999998,106.371936350828,43.9831134891392));
#6085=CARTESIAN_POINT('Ctrl Pts',(-105.914213562371,104.957722788455,44.0949246825556));
#6086=CARTESIAN_POINT('Ctrl Pts',(-105.98826161134,105.031770837424,44.0949246825556));
#6087=CARTESIAN_POINT('Ctrl Pts',(-106.124701462996,105.191521437968,44.0949246825556));
#6088=CARTESIAN_POINT('Ctrl Pts',(-106.28935639499,105.460213788431,44.0949246825556));
#6089=CARTESIAN_POINT('Ctrl Pts',(-106.409951247288,105.7513555164,44.0949246825556));
#6090=CARTESIAN_POINT('Ctrl Pts',(-106.483516811384,106.057778318434,44.0949246825556));
#6091=CARTESIAN_POINT('Ctrl Pts',(-106.499999999998,106.267216595708,44.0949246825556));
#6092=CARTESIAN_POINT('Ctrl Pts',(-106.499999999998,106.371936350828,44.0949246825556));
#6093=CARTESIAN_POINT('',(-105.914213562371,104.957722788455,44.0949246825556));
#6094=CARTESIAN_POINT('Ctrl Pts',(-106.797769916402,105.970470520211,37.3140345636058));
#6095=CARTESIAN_POINT('Ctrl Pts',(-106.749666742914,105.948261951427,37.3825873688074));
#6096=CARTESIAN_POINT('Ctrl Pts',(-106.658920401011,105.899849568631,37.5352338088929));
#6097=CARTESIAN_POINT('Ctrl Pts',(-106.533186576774,105.813841239236,37.8254414690816));
#6098=CARTESIAN_POINT('Ctrl Pts',(-106.413652965982,105.712746038936,38.1935567792886));
#6099=CARTESIAN_POINT('Ctrl Pts',(-106.29875127343,105.594964109742,38.6548427824225));
#6100=CARTESIAN_POINT('Ctrl Pts',(-106.189993675682,105.459636519678,39.2246680548344));
#6101=CARTESIAN_POINT('Ctrl Pts',(-106.093512827065,105.308589520274,39.9125368490085));
#6102=CARTESIAN_POINT('Ctrl Pts',(-106.008950296245,105.151679701346,40.8132943931292));
#6103=CARTESIAN_POINT('Ctrl Pts',(-105.943085982951,105.017770478584,41.9131200198665));
#6104=CARTESIAN_POINT('Ctrl Pts',(-105.915942482317,104.951978816858,43.0316398270562));
#6105=CARTESIAN_POINT('Ctrl Pts',(-105.914213562371,104.957722788455,43.7428535559312));
#6106=CARTESIAN_POINT('Ctrl Pts',(-105.914213562371,104.957722788455,44.0949246825556));
#6107=CARTESIAN_POINT('',(-106.499999999998,106.371936350828,44.0949246825556));
#6108=CARTESIAN_POINT('Origin',(-104.499999999998,106.371936350828,44.0949246825556));
#6109=CARTESIAN_POINT('Ctrl Pts',(-106.499999999998,106.371936350828,44.0949246825556));
#6110=CARTESIAN_POINT('Ctrl Pts',(-106.499999999998,106.371936350828,44.0496847722161));
#6111=CARTESIAN_POINT('Ctrl Pts',(-106.499999999998,106.371937611178,44.0044495737242));
#6112=CARTESIAN_POINT('Ctrl Pts',(-106.499999999998,106.372121920451,43.9592924288367));
#6113=CARTESIAN_POINT('Ctrl Pts',(-106.499999999998,106.372324174182,43.9097387580668));
#6114=CARTESIAN_POINT('Ctrl Pts',(-106.499999999998,106.372747185828,43.8602783463964));
#6115=CARTESIAN_POINT('Ctrl Pts',(-106.499999999998,106.373610050777,43.8109453941496));
#6116=CARTESIAN_POINT('Ctrl Pts',(-106.499999999998,106.374602106155,43.7542261814425));
#6117=CARTESIAN_POINT('Ctrl Pts',(-106.499999999998,106.376176415706,43.6976736258419));
#6118=CARTESIAN_POINT('Ctrl Pts',(-106.499999999998,106.37862932705,43.6412799709576));
#6119=CARTESIAN_POINT('Ctrl Pts',(-106.499999999998,106.381224356592,43.5816189478402));
#6120=CARTESIAN_POINT('Ctrl Pts',(-106.499999999998,106.38480323997,43.5221311979945));
#6121=CARTESIAN_POINT('Ctrl Pts',(-106.499999999998,106.389668403199,43.4627980293354));
#6122=CARTESIAN_POINT('Ctrl Pts',(-106.499999999998,106.393679919046,43.4138755297027));
#6123=CARTESIAN_POINT('Ctrl Pts',(-106.499999999998,106.398565041007,43.3650566152942));
#6124=CARTESIAN_POINT('Ctrl Pts',(-106.499999999998,106.404467423513,43.3163619813998));
#6125=CARTESIAN_POINT('Ctrl Pts',(-106.499999999998,106.41168577516,43.2568106069589));
#6126=CARTESIAN_POINT('Ctrl Pts',(-106.499999999998,106.420426043045,43.1974501744661));
#6127=CARTESIAN_POINT('Ctrl Pts',(-106.499999999998,106.4309069366,43.1383901895662));
#6128=CARTESIAN_POINT('Ctrl Pts',(-106.499999999998,106.441663007747,43.0777795750131));
#6129=CARTESIAN_POINT('Ctrl Pts',(-106.499999999998,106.454252526335,43.0174852321995));
#6130=CARTESIAN_POINT('Ctrl Pts',(-106.499999999998,106.468872192737,42.9575758959754));
#6131=CARTESIAN_POINT('Ctrl Pts',(-106.499999999998,106.484029230605,42.8954644870785));
#6132=CARTESIAN_POINT('Ctrl Pts',(-106.499999999998,106.501368927364,42.8337646313745));
#6133=CARTESIAN_POINT('Ctrl Pts',(-106.499999999998,106.521061850249,42.7725260365955));
#6134=CARTESIAN_POINT('Ctrl Pts',(-106.499999999998,106.539622319451,42.7148090049972));
#6135=CARTESIAN_POINT('Ctrl Pts',(-106.499999999998,106.560272913636,42.6574997014727));
#6136=CARTESIAN_POINT('Ctrl Pts',(-106.499999999998,106.583113204624,42.600647954358));
#6137=CARTESIAN_POINT('Ctrl Pts',(-106.499999999998,106.604630167435,42.5470901021824));
#6138=CARTESIAN_POINT('Ctrl Pts',(-106.499999999998,106.628090209191,42.4939371196892));
#6139=CARTESIAN_POINT('Ctrl Pts',(-106.499999999998,106.653540288761,42.4412602905837));
#6140=CARTESIAN_POINT('Ctrl Pts',(-106.499999999998,106.685007605621,42.3761289235849));
#6141=CARTESIAN_POINT('Ctrl Pts',(-106.499999999998,106.719516702374,42.3117322706299));
#6142=CARTESIAN_POINT('Ctrl Pts',(-106.499999999998,106.757102420648,42.2482179924197));
#6143=CARTESIAN_POINT('Ctrl Pts',(-106.499999999998,106.794987733064,42.184197444633));
#6144=CARTESIAN_POINT('Ctrl Pts',(-106.499999999998,106.835999047937,42.1210728309861));
#6145=CARTESIAN_POINT('Ctrl Pts',(-106.499999999998,106.880122879631,42.0589742685816));
#6146=CARTESIAN_POINT('Ctrl Pts',(-106.499999999998,106.924359385431,41.9967171320087));
#6147=CARTESIAN_POINT('Ctrl Pts',(-106.499999999998,106.971724421108,41.935490695173));
#6148=CARTESIAN_POINT('Ctrl Pts',(-106.499999999998,107.022153469876,41.8754137382679));
#6149=CARTESIAN_POINT('Ctrl Pts',(-106.499999999998,107.072417612847,41.8155332363563));
#6150=CARTESIAN_POINT('Ctrl Pts',(-106.499999999998,107.125725808908,41.7567941081028));
#6151=CARTESIAN_POINT('Ctrl Pts',(-106.499999999998,107.181962646778,41.6993107313196));
#6152=CARTESIAN_POINT('Ctrl Pts',(-106.499999999998,107.237931226308,41.6421015590579));
#6153=CARTESIAN_POINT('Ctrl Pts',(-106.499999999998,107.296800605667,41.5861356048274));
#6154=CARTESIAN_POINT('Ctrl Pts',(-106.499999999998,107.358405338358,41.5315312250961));
#6155=CARTESIAN_POINT('Ctrl Pts',(-106.499999999998,107.428317779501,41.4695631697653));
#6156=CARTESIAN_POINT('Ctrl Pts',(-106.499999999998,107.501753393129,41.4093489439693));
#6157=CARTESIAN_POINT('Ctrl Pts',(-106.499999999998,107.578393180736,41.3510787096053));
#6158=CARTESIAN_POINT('Ctrl Pts',(-106.499999999998,107.658090863236,41.2904835177013));
#6159=CARTESIAN_POINT('Ctrl Pts',(-106.499999999998,107.741251796954,41.2319928317799));
#6160=CARTESIAN_POINT('Ctrl Pts',(-106.499999999998,107.82748110291,41.175784814729));
#6161=CARTESIAN_POINT('Ctrl Pts',(-106.499999999998,107.85470385083,41.1580398420396));
#6162=CARTESIAN_POINT('Ctrl Pts',(-106.499999999998,107.882232183408,41.1405220623649));
#6163=CARTESIAN_POINT('Ctrl Pts',(-106.499999999998,107.910053001457,41.1232362468441));
#6164=CARTESIAN_POINT('Ctrl Pts',(-106.797769916402,105.970470520211,37.3140345636058));
#6165=CARTESIAN_POINT('Ctrl Pts',(-106.749666742914,105.948261951427,37.3825873688074));
#6166=CARTESIAN_POINT('Ctrl Pts',(-106.658920401011,105.899849568631,37.5352338088929));
#6167=CARTESIAN_POINT('Ctrl Pts',(-106.533186576774,105.813841239236,37.8254414690816));
#6168=CARTESIAN_POINT('Ctrl Pts',(-106.413652965982,105.712746038936,38.1935567792886));
#6169=CARTESIAN_POINT('Ctrl Pts',(-106.29875127343,105.594964109742,38.6548427824225));
#6170=CARTESIAN_POINT('Ctrl Pts',(-106.189993675682,105.459636519678,39.2246680548344));
#6171=CARTESIAN_POINT('Ctrl Pts',(-106.093512827065,105.308589520274,39.9125368490085));
#6172=CARTESIAN_POINT('Ctrl Pts',(-106.008950296245,105.151679701346,40.8132943931292));
#6173=CARTESIAN_POINT('Ctrl Pts',(-105.943085982951,105.017770478584,41.9131200198665));
#6174=CARTESIAN_POINT('Ctrl Pts',(-105.915942482317,104.951978816858,43.0316398270562));
#6175=CARTESIAN_POINT('Ctrl Pts',(-105.914213562371,104.957722788455,43.7428535559312));
#6176=CARTESIAN_POINT('Ctrl Pts',(-105.914213562371,104.957722788455,44.0949246825556));
#6177=CARTESIAN_POINT('Ctrl Pts',(-106.704594438231,105.812282238118,37.2720793868802));
#6178=CARTESIAN_POINT('Ctrl Pts',(-106.662737430077,105.792921206449,37.3472869365252));
#6179=CARTESIAN_POINT('Ctrl Pts',(-106.582502090279,105.750030346763,37.5133262500399));
#6180=CARTESIAN_POINT('Ctrl Pts',(-106.467658965885,105.672176012743,37.8251258874201));
#6181=CARTESIAN_POINT('Ctrl Pts',(-106.355143801613,105.579582421774,38.2169585644961));
#6182=CARTESIAN_POINT('Ctrl Pts',(-106.244276875967,105.471129202862,38.703347872844));
#6183=CARTESIAN_POINT('Ctrl Pts',(-106.137425995475,105.346463962345,39.2972378586663));
#6184=CARTESIAN_POINT('Ctrl Pts',(-106.041553239184,105.208052081171,40.0036227941871));
#6185=CARTESIAN_POINT('Ctrl Pts',(-105.955464386734,105.066375436381,40.9190307639038));
#6186=CARTESIAN_POINT('Ctrl Pts',(-105.886388134645,104.948409615655,42.0044535164792));
#6187=CARTESIAN_POINT('Ctrl Pts',(-105.853006188495,104.88954571124,43.0848459468952));
#6188=CARTESIAN_POINT('Ctrl Pts',(-105.844379110952,104.887888337036,43.7662538003883));
#6189=CARTESIAN_POINT('Ctrl Pts',(-105.840165513401,104.883674739485,44.0949246825556));
#6190=CARTESIAN_POINT('Ctrl Pts',(-106.537232528123,105.525105149976,37.1970418821743));
#6191=CARTESIAN_POINT('Ctrl Pts',(-106.504378103619,105.509652126727,37.2855750088397));
#6192=CARTESIAN_POINT('Ctrl Pts',(-106.438993984131,105.474769341935,37.4792105558771));
#6193=CARTESIAN_POINT('Ctrl Pts',(-106.338954594564,105.409876649016,37.8376928915066));
#6194=CARTESIAN_POINT('Ctrl Pts',(-106.23515207319,105.331648148626,38.2819723576976));
#6195=CARTESIAN_POINT('Ctrl Pts',(-106.128296032906,105.239563601479,38.8235339723287));
#6196=CARTESIAN_POINT('Ctrl Pts',(-106.022570793245,105.134227453737,39.4679399625311));
#6197=CARTESIAN_POINT('Ctrl Pts',(-105.926513202911,105.019491690144,40.2090092691607));
#6198=CARTESIAN_POINT('Ctrl Pts',(-105.836374390947,104.906719573356,41.1476361545281));
#6199=CARTESIAN_POINT('Ctrl Pts',(-105.760535283513,104.817141642415,42.1910825409429));
#6200=CARTESIAN_POINT('Ctrl Pts',(-105.714613143201,104.769109203772,43.1941174672884));
#6201=CARTESIAN_POINT('Ctrl Pts',(-105.692677109903,104.756841236588,43.8126978597866));
#6202=CARTESIAN_POINT('Ctrl Pts',(-105.680414912857,104.74723488783,44.0949246825556));
#6203=CARTESIAN_POINT('Ctrl Pts',(-106.312053983365,105.145946983706,37.0964509300206));
#6204=CARTESIAN_POINT('Ctrl Pts',(-106.284719054351,105.134183869099,37.2111322907612));
#6205=CARTESIAN_POINT('Ctrl Pts',(-106.227568790215,105.107273263837,37.4601851840149));
#6206=CARTESIAN_POINT('Ctrl Pts',(-106.132252598601,105.056460591106,37.9132937987931));
#6207=CARTESIAN_POINT('Ctrl Pts',(-106.027266075173,104.99531293888,38.4598371369978));
#6208=CARTESIAN_POINT('Ctrl Pts',(-105.916229022288,104.924722441799,39.0990388763139));
#6209=CARTESIAN_POINT('Ctrl Pts',(-105.807182751309,104.847110630186,39.8129307913663));
#6210=CARTESIAN_POINT('Ctrl Pts',(-105.708890935592,104.767748139208,40.5865022655976));
#6211=CARTESIAN_POINT('Ctrl Pts',(-105.611036124622,104.695772072377,41.5372234966554));
#6212=CARTESIAN_POINT('Ctrl Pts',(-105.527591639767,104.641792462628,42.4767036134951));
#6213=CARTESIAN_POINT('Ctrl Pts',(-105.467434660966,104.608842380621,43.3660026776717));
#6214=CARTESIAN_POINT('Ctrl Pts',(-105.431905048352,104.59307433669,43.8770970891759));
#6215=CARTESIAN_POINT('Ctrl Pts',(-105.411722562395,104.582579955835,44.0949246825556));
#6216=CARTESIAN_POINT('Ctrl Pts',(-106.085442718281,104.793985652714,37.0048444550533));
#6217=CARTESIAN_POINT('Ctrl Pts',(-106.055425619912,104.784095843314,37.1578613382141));
#6218=CARTESIAN_POINT('Ctrl Pts',(-105.99137982116,104.762086415019,37.4868225633441));
#6219=CARTESIAN_POINT('Ctrl Pts',(-105.882273489807,104.723508188972,38.070901738522));
#6220=CARTESIAN_POINT('Ctrl Pts',(-105.763105476234,104.680828173992,38.7466137231761));
#6221=CARTESIAN_POINT('Ctrl Pts',(-105.641859986598,104.635973248982,39.4873111034435));
#6222=CARTESIAN_POINT('Ctrl Pts',(-105.530443997829,104.591627784704,40.2427794882476));
#6223=CARTESIAN_POINT('Ctrl Pts',(-105.430536416831,104.551382249311,41.0332724437518));
#6224=CARTESIAN_POINT('Ctrl Pts',(-105.327182503387,104.519082934198,41.9679027971461));
#6225=CARTESIAN_POINT('Ctrl Pts',(-105.24541573466,104.496230235804,42.7617025072128));
#6226=CARTESIAN_POINT('Ctrl Pts',(-105.181996570635,104.480828470518,43.5368842673682));
#6227=CARTESIAN_POINT('Ctrl Pts',(-105.142272654974,104.468835628351,43.9333416879026));
#6228=CARTESIAN_POINT('Ctrl Pts',(-105.120580834425,104.461985103537,44.0949246825556));
#6229=CARTESIAN_POINT('Ctrl Pts',(-105.78231857005,104.445396778578,36.9179242690627));
#6230=CARTESIAN_POINT('Ctrl Pts',(-105.745674898321,104.442774653454,37.1291190282759));
#6231=CARTESIAN_POINT('Ctrl Pts',(-105.668631238284,104.437250812591,37.5766317564425));
#6232=CARTESIAN_POINT('Ctrl Pts',(-105.541366454886,104.428713291145,38.3415503036994));
#6233=CARTESIAN_POINT('Ctrl Pts',(-105.40960447041,104.420501755903,39.1676430229633));
#6234=CARTESIAN_POINT('Ctrl Pts',(-105.284926246182,104.413248939918,39.9940769826199));
#6235=CARTESIAN_POINT('Ctrl Pts',(-105.179910179284,104.407566660573,40.7495382787941));
#6236=CARTESIAN_POINT('Ctrl Pts',(-105.078380579816,104.403775291672,41.5720466910518));
#6237=CARTESIAN_POINT('Ctrl Pts',(-104.980590517912,104.401372827102,42.42277113436));
#6238=CARTESIAN_POINT('Ctrl Pts',(-104.914933241066,104.399229717616,43.0479522927137));
#6239=CARTESIAN_POINT('Ctrl Pts',(-104.859517477003,104.394311192374,43.7078548895853));
#6240=CARTESIAN_POINT('Ctrl Pts',(-104.829621429424,104.390297507776,43.981747088358));
#6241=CARTESIAN_POINT('Ctrl Pts',(-104.814158032391,104.388419539442,44.0949246825556));
#6242=CARTESIAN_POINT('Ctrl Pts',(-105.570794186039,104.371936350828,36.9053958032562));
#6243=CARTESIAN_POINT('Ctrl Pts',(-105.52547394716,104.371936350828,37.1739116947542));
#6244=CARTESIAN_POINT('Ctrl Pts',(-105.43059689101,104.371936350828,37.7364904787616));
#6245=CARTESIAN_POINT('Ctrl Pts',(-105.276886353428,104.371936350828,38.6619867032412));
#6246=CARTESIAN_POINT('Ctrl Pts',(-105.125108843077,104.371936350828,39.5973337200426));
#6247=CARTESIAN_POINT('Ctrl Pts',(-104.993074143751,104.371936350828,40.4437332584905));
#6248=CARTESIAN_POINT('Ctrl Pts',(-104.884071421486,104.371936350828,41.2109735689614));
#6249=CARTESIAN_POINT('Ctrl Pts',(-104.780114795059,104.371936350828,42.0438978515973));
#6250=CARTESIAN_POINT('Ctrl Pts',(-104.700969586762,104.371936350828,42.7478356605254));
#6251=CARTESIAN_POINT('Ctrl Pts',(-104.655314430025,104.371936350828,43.2844550100205));
#6252=CARTESIAN_POINT('Ctrl Pts',(-104.622734386294,104.371936350828,43.8163081411568));
#6253=CARTESIAN_POINT('Ctrl Pts',(-104.61067868192,104.371936350828,44.0105953207781));
#6254=CARTESIAN_POINT('Ctrl Pts',(-104.604719755117,104.371936350828,44.0949246825556));
#6255=CARTESIAN_POINT('Ctrl Pts',(-105.460256666746,104.371936350828,36.9046556068307));
#6256=CARTESIAN_POINT('Ctrl Pts',(-105.40339832955,104.371936350828,37.2223139616168));
#6257=CARTESIAN_POINT('Ctrl Pts',(-105.286124375051,104.371936350828,37.8802162396842));
#6258=CARTESIAN_POINT('Ctrl Pts',(-105.105587965802,104.371936350828,38.9191502381731));
#6259=CARTESIAN_POINT('Ctrl Pts',(-104.939976646878,104.371936350828,39.9054123676176));
#6260=CARTESIAN_POINT('Ctrl Pts',(-104.806951603826,104.371936350828,40.7467112375757));
#6261=CARTESIAN_POINT('Ctrl Pts',(-104.698872357737,104.371936350828,41.5290600999113));
#6262=CARTESIAN_POINT('Ctrl Pts',(-104.605471384928,104.371936350828,42.3175704026331));
#6263=CARTESIAN_POINT('Ctrl Pts',(-104.545696816613,104.371936350828,42.924954385472));
#6264=CARTESIAN_POINT('Ctrl Pts',(-104.516124464895,104.371936350828,43.4149140061308));
#6265=CARTESIAN_POINT('Ctrl Pts',(-104.500701401935,104.371936350828,43.8654436733912));
#6266=CARTESIAN_POINT('Ctrl Pts',(-104.499999999998,104.371936350828,44.0242924475549));
#6267=CARTESIAN_POINT('Ctrl Pts',(-104.499999999998,104.371936350828,44.0949246825556));
#6268=CARTESIAN_POINT('',(-105.460256666746,104.371936350828,36.9046556068307));
#6269=CARTESIAN_POINT('Ctrl Pts',(-106.797769916402,105.970470520211,37.3140345636058));
#6270=CARTESIAN_POINT('Ctrl Pts',(-106.704594438231,105.812282238118,37.2720793868802));
#6271=CARTESIAN_POINT('Ctrl Pts',(-106.537232528123,105.525105149976,37.1970418821743));
#6272=CARTESIAN_POINT('Ctrl Pts',(-106.312053983365,105.145946983706,37.0964509300206));
#6273=CARTESIAN_POINT('Ctrl Pts',(-106.085442718281,104.793985652714,37.0048444550533));
#6274=CARTESIAN_POINT('Ctrl Pts',(-105.78231857005,104.445396778578,36.9179242690627));
#6275=CARTESIAN_POINT('Ctrl Pts',(-105.570794186039,104.371936350828,36.9053958032562));
#6276=CARTESIAN_POINT('Ctrl Pts',(-105.460256666746,104.371936350828,36.9046556068307));
#6277=CARTESIAN_POINT('',(-104.499999999998,104.371936350828,44.0949246825556));
#6278=CARTESIAN_POINT('Ctrl Pts',(-105.460256666746,104.371936350828,36.9046556068307));
#6279=CARTESIAN_POINT('Ctrl Pts',(-105.448736146025,104.371936350828,36.9690188970497));
#6280=CARTESIAN_POINT('Ctrl Pts',(-105.437157115416,104.371936350828,37.0337485238105));
#6281=CARTESIAN_POINT('Ctrl Pts',(-105.425513546053,104.371936350828,37.0989192465561));
#6282=CARTESIAN_POINT('Ctrl Pts',(-105.413485638345,104.371936350828,37.1662411659715));
#6283=CARTESIAN_POINT('Ctrl Pts',(-105.401388886983,104.371936350828,37.2340336036871));
#6284=CARTESIAN_POINT('Ctrl Pts',(-105.389225032361,104.371936350828,37.302322907767));
#6285=CARTESIAN_POINT('Ctrl Pts',(-105.376581643315,104.371936350828,37.3733043742489));
#6286=CARTESIAN_POINT('Ctrl Pts',(-105.363865787365,104.371936350828,37.4448224398281));
#6287=CARTESIAN_POINT('Ctrl Pts',(-105.351087899812,104.371936350828,37.516850067957));
#6288=CARTESIAN_POINT('Ctrl Pts',(-105.337685104256,104.371936350828,37.5924002377474));
#6289=CARTESIAN_POINT('Ctrl Pts',(-105.32421410098,104.371936350828,37.6685107577139));
#6290=CARTESIAN_POINT('Ctrl Pts',(-105.310695549594,104.371936350828,37.7450929916309));
#6291=CARTESIAN_POINT('Ctrl Pts',(-105.296307258616,104.371936350828,37.8266022772028));
#6292=CARTESIAN_POINT('Ctrl Pts',(-105.281865158034,104.371936350828,37.9086455576507));
#6293=CARTESIAN_POINT('Ctrl Pts',(-105.267402990289,104.371936350828,37.9910572470593));
#6294=CARTESIAN_POINT('Ctrl Pts',(-105.251556796801,104.371936350828,38.0813557140008));
#6295=CARTESIAN_POINT('Ctrl Pts',(-105.235686592076,104.371936350828,38.1720959176321));
#6296=CARTESIAN_POINT('Ctrl Pts',(-105.219846053444,104.371936350828,38.2629985779157));
#6297=CARTESIAN_POINT('Ctrl Pts',(-105.200451353677,104.371936350828,38.3742971798872));
#6298=CARTESIAN_POINT('Ctrl Pts',(-105.181101269271,104.371936350828,38.4858382769841));
#6299=CARTESIAN_POINT('Ctrl Pts',(-105.161906287796,104.371936350828,38.5970310846928));
#6300=CARTESIAN_POINT('Ctrl Pts',(-105.140510522341,104.371936350828,38.7209726074773));
#6301=CARTESIAN_POINT('Ctrl Pts',(-105.119308381809,104.371936350828,38.8444751512825));
#6302=CARTESIAN_POINT('Ctrl Pts',(-105.09845756639,104.371936350828,38.9666929214664));
#6303=CARTESIAN_POINT('Ctrl Pts',(-105.08289026526,104.371936350828,39.0579411913211));
#6304=CARTESIAN_POINT('Ctrl Pts',(-105.067519012375,104.371936350828,39.14847195303));
#6305=CARTESIAN_POINT('Ctrl Pts',(-105.052405545366,104.371936350828,39.2379609611214));
#6306=CARTESIAN_POINT('Ctrl Pts',(-105.038782089127,104.371936350828,39.3186274015108));
#6307=CARTESIAN_POINT('Ctrl Pts',(-105.025368186659,104.371936350828,39.3984467710922));
#6308=CARTESIAN_POINT('Ctrl Pts',(-105.012203704699,104.371936350828,39.4772185522686));
#6309=CARTESIAN_POINT('Ctrl Pts',(-104.999700555033,104.371936350828,39.5520331459933));
#6310=CARTESIAN_POINT('Ctrl Pts',(-104.987422474794,104.371936350828,39.6259022330031));
#6311=CARTESIAN_POINT('Ctrl Pts',(-104.975397324542,104.371936350828,39.6986971581905));
#6312=CARTESIAN_POINT('Ctrl Pts',(-104.963747960236,104.371936350828,39.7692172419659));
#6313=CARTESIAN_POINT('Ctrl Pts',(-104.952336037803,104.371936350828,39.8387287613938));
#6314=CARTESIAN_POINT('Ctrl Pts',(-104.941179714415,104.371936350828,39.9071637073647));
#6315=CARTESIAN_POINT('Ctrl Pts',(-104.930372026133,104.371936350828,39.973460061274));
#6316=CARTESIAN_POINT('Ctrl Pts',(-104.919804265117,104.371936350828,40.0387457182813));
#6317=CARTESIAN_POINT('Ctrl Pts',(-104.909485194124,104.371936350828,40.1030115898016));
#6318=CARTESIAN_POINT('Ctrl Pts',(-104.8994885941,104.371936350828,40.1652691528369));
#6319=CARTESIAN_POINT('Ctrl Pts',(-104.889725421831,104.371936350828,40.226569417637));
#6320=CARTESIAN_POINT('Ctrl Pts',(-104.880195604458,104.371936350828,40.2869587835961));
#6321=CARTESIAN_POINT('Ctrl Pts',(-104.870963593878,104.371936350828,40.3454609818691));
#6322=CARTESIAN_POINT('Ctrl Pts',(-104.861950607038,104.371936350828,40.4031081524273));
#6323=CARTESIAN_POINT('Ctrl Pts',(-104.853148457474,104.371936350828,40.4599976277352));
#6324=CARTESIAN_POINT('Ctrl Pts',(-104.844621375084,104.371936350828,40.5151093069397));
#6325=CARTESIAN_POINT('Ctrl Pts',(-104.836292174442,104.371936350828,40.5695098017309));
#6326=CARTESIAN_POINT('Ctrl Pts',(-104.828145374103,104.371936350828,40.6233421502863));
#6327=CARTESIAN_POINT('Ctrl Pts',(-104.820400879306,104.371936350828,40.6745161481715));
#6328=CARTESIAN_POINT('Ctrl Pts',(-104.812821198776,104.371936350828,40.7251768389013));
#6329=CARTESIAN_POINT('Ctrl Pts',(-104.805385700336,104.371936350828,40.7754968250095));
#6330=CARTESIAN_POINT('Ctrl Pts',(-104.798040736969,104.371936350828,40.8252041119601));
#6331=CARTESIAN_POINT('Ctrl Pts',(-104.790835702132,104.371936350828,40.8745851400629));
#6332=CARTESIAN_POINT('Ctrl Pts',(-104.783746294339,104.371936350828,40.9238322268705));
#6333=CARTESIAN_POINT('Ctrl Pts',(-104.777444016636,104.371936350828,40.9676114572608));
#6334=CARTESIAN_POINT('Ctrl Pts',(-104.771233128287,104.371936350828,41.011284530146));
#6335=CARTESIAN_POINT('Ctrl Pts',(-104.765102601941,104.371936350828,41.0549316210068));
#6336=CARTESIAN_POINT('Ctrl Pts',(-104.758603722093,104.371936350828,41.1012012531969));
#6337=CARTESIAN_POINT('Ctrl Pts',(-104.752195150451,104.371936350828,41.1474416650194));
#6338=CARTESIAN_POINT('Ctrl Pts',(-104.745870398751,104.371936350828,41.1936889364445));
#6339=CARTESIAN_POINT('Ctrl Pts',(-104.739227267842,104.371936350828,41.2422642312294));
#6340=CARTESIAN_POINT('Ctrl Pts',(-104.732676632696,104.371936350828,41.2908468272843));
#6341=CARTESIAN_POINT('Ctrl Pts',(-104.726217906056,104.371936350828,41.339417187853));
#6342=CARTESIAN_POINT('Ctrl Pts',(-104.719327539523,104.371936350828,41.3912335296257));
#6343=CARTESIAN_POINT('Ctrl Pts',(-104.712541808656,104.371936350828,41.4430355867882));
#6344=CARTESIAN_POINT('Ctrl Pts',(-104.705867281608,104.371936350828,41.4947361720891));
#6345=CARTESIAN_POINT('Ctrl Pts',(-104.698530476481,104.371936350828,41.5515667334984));
#6346=CARTESIAN_POINT('Ctrl Pts',(-104.691328084725,104.371936350828,41.6082741330831));
#6347=CARTESIAN_POINT('Ctrl Pts',(-104.68427679453,104.371936350828,41.6646749952839));
#6348=CARTESIAN_POINT('Ctrl Pts',(-104.676036059777,104.371936350828,41.7305898182927));
#6349=CARTESIAN_POINT('Ctrl Pts',(-104.668001810238,104.371936350828,41.7960846173979));
#6350=CARTESIAN_POINT('Ctrl Pts',(-104.660210048637,104.371936350828,41.8607921320247));
#6351=CARTESIAN_POINT('Ctrl Pts',(-104.651376978208,104.371936350828,41.9341473067878));
#6352=CARTESIAN_POINT('Ctrl Pts',(-104.642856070988,104.371936350828,42.0064852284223));
#6353=CARTESIAN_POINT('Ctrl Pts',(-104.634705796076,104.371936350828,42.0772373438939));
#6354=CARTESIAN_POINT('Ctrl Pts',(-104.628131964371,104.371936350828,42.1343044373304));
#6355=CARTESIAN_POINT('Ctrl Pts',(-104.621799548138,104.371936350828,42.1903375482465));
#6356=CARTESIAN_POINT('Ctrl Pts',(-104.615737236608,104.371936350828,42.2450689314347));
#6357=CARTESIAN_POINT('Ctrl Pts',(-104.610431609413,104.371936350828,42.2929688642725));
#6358=CARTESIAN_POINT('Ctrl Pts',(-104.605332946951,104.371936350828,42.3398711506455));
#6359=CARTESIAN_POINT('Ctrl Pts',(-104.600456769156,104.371936350828,42.3856379953868));
#6360=CARTESIAN_POINT('Ctrl Pts',(-104.595942848781,104.371936350828,42.4280047633052));
#6361=CARTESIAN_POINT('Ctrl Pts',(-104.591619631383,104.371936350828,42.4693981417542));
#6362=CARTESIAN_POINT('Ctrl Pts',(-104.587495185584,104.371936350828,42.5097536317844));
#6363=CARTESIAN_POINT('Ctrl Pts',(-104.583591343274,104.371936350828,42.5479506349905));
#6364=CARTESIAN_POINT('Ctrl Pts',(-104.57986561195,104.371936350828,42.5852175205994));
#6365=CARTESIAN_POINT('Ctrl Pts',(-104.576320308545,104.371936350828,42.6215460987827));
#6366=CARTESIAN_POINT('Ctrl Pts',(-104.572923616107,104.371936350828,42.6563518664921));
#6367=CARTESIAN_POINT('Ctrl Pts',(-104.569692568821,104.371936350828,42.69029611431));
#6368=CARTESIAN_POINT('Ctrl Pts',(-104.56662450046,104.371936350828,42.7234192252953));
#6369=CARTESIAN_POINT('Ctrl Pts',(-104.563662309908,104.371936350828,42.7553992709963));
#6370=CARTESIAN_POINT('Ctrl Pts',(-104.560852065304,104.371936350828,42.7866136881294));
#6371=CARTESIAN_POINT('Ctrl Pts',(-104.558186538275,104.371936350828,42.8171471669309));
#6372=CARTESIAN_POINT('Ctrl Pts',(-104.555592569002,104.371936350828,42.8468609552267));
#6373=CARTESIAN_POINT('Ctrl Pts',(-104.553135672132,104.371936350828,42.8759296913119));
#6374=CARTESIAN_POINT('Ctrl Pts',(-104.550804219413,104.371936350828,42.9044807846467));
#6375=CARTESIAN_POINT('Ctrl Pts',(-104.548202453182,104.371936350828,42.9363421515433));
#6376=CARTESIAN_POINT('Ctrl Pts',(-104.54575642445,104.371936350828,42.9675660199605));
#6377=CARTESIAN_POINT('Ctrl Pts',(-104.543444531602,104.371936350828,42.9983738414475));
#6378=CARTESIAN_POINT('Ctrl Pts',(-104.541401877871,104.371936350828,43.0255938363381));
#6379=CARTESIAN_POINT('Ctrl Pts',(-104.539463924082,104.371936350828,43.052488581381));
#6380=CARTESIAN_POINT('Ctrl Pts',(-104.537618541682,104.371936350828,43.0791548778898));
#6381=CARTESIAN_POINT('Ctrl Pts',(-104.53565880781,104.371936350828,43.1074735854454));
#6382=CARTESIAN_POINT('Ctrl Pts',(-104.533803470797,104.371936350828,43.1355346278554));
#6383=CARTESIAN_POINT('Ctrl Pts',(-104.532041141328,104.371936350828,43.1633938447747));
#6384=CARTESIAN_POINT('Ctrl Pts',(-104.530188887127,104.371936350828,43.1926746077954));
#6385=CARTESIAN_POINT('Ctrl Pts',(-104.528439383857,104.371936350828,43.221732126719));
#6386=CARTESIAN_POINT('Ctrl Pts',(-104.526782711476,104.371936350828,43.2505694425767));
#6387=CARTESIAN_POINT('Ctrl Pts',(-104.525013313755,104.371936350828,43.2813689425537));
#6388=CARTESIAN_POINT('Ctrl Pts',(-104.523349821688,104.371936350828,43.3119168461816));
#6389=CARTESIAN_POINT('Ctrl Pts',(-104.521783670712,104.371936350828,43.3421533747545));
#6390=CARTESIAN_POINT('Ctrl Pts',(-104.52005791109,104.371936350828,43.3754713504343));
#6391=CARTESIAN_POINT('Ctrl Pts',(-104.518450359534,104.371936350828,43.4084106019605));
#6392=CARTESIAN_POINT('Ctrl Pts',(-104.516953511735,104.371936350828,43.4408243633105));
#6393=CARTESIAN_POINT('Ctrl Pts',(-104.515119032288,104.371936350828,43.4805494302166));
#6394=CARTESIAN_POINT('Ctrl Pts',(-104.513450838877,104.371936350828,43.5194837066979));
#6395=CARTESIAN_POINT('Ctrl Pts',(-104.511940789197,104.371936350828,43.5572754379618));
#6396=CARTESIAN_POINT('Ctrl Pts',(-104.510434270057,104.371936350828,43.5949788110667));
#6397=CARTESIAN_POINT('Ctrl Pts',(-104.509085399292,104.371936350828,43.6315396618692));
#6398=CARTESIAN_POINT('Ctrl Pts',(-104.507888857369,104.371936350828,43.6665947404397));
#6399=CARTESIAN_POINT('Ctrl Pts',(-104.506920659731,104.371936350828,43.6949600184331));
#6400=CARTESIAN_POINT('Ctrl Pts',(-104.506052303305,104.371936350828,43.7223379836306));
#6401=CARTESIAN_POINT('Ctrl Pts',(-104.505280656979,104.371936350828,43.7485653804035));
#6402=CARTESIAN_POINT('Ctrl Pts',(-104.504578956368,104.371936350828,43.7724154004134));
#6403=CARTESIAN_POINT('Ctrl Pts',(-104.503957269209,104.371936350828,43.7953133182681));
#6404=CARTESIAN_POINT('Ctrl Pts',(-104.503412099351,104.371936350828,43.8171757352212));
#6405=CARTESIAN_POINT('Ctrl Pts',(-104.502900309999,104.371936350828,43.8376995262464));
#6406=CARTESIAN_POINT('Ctrl Pts',(-104.50245598,104.371936350828,43.8573103026123));
#6407=CARTESIAN_POINT('Ctrl Pts',(-104.5020747113,104.371936350828,43.875983021334));
#6408=CARTESIAN_POINT('Ctrl Pts',(-104.501711160159,104.371936350828,43.8937880187244));
#6409=CARTESIAN_POINT('Ctrl Pts',(-104.501404963768,104.371936350828,43.9107397901182));
#6410=CARTESIAN_POINT('Ctrl Pts',(-104.501150589617,104.371936350828,43.9268632968673));
#6411=CARTESIAN_POINT('Ctrl Pts',(-104.500905758527,104.371936350828,43.9423819166836));
#6412=CARTESIAN_POINT('Ctrl Pts',(-104.500708948388,104.371936350828,43.9571329933664));
#6413=CARTESIAN_POINT('Ctrl Pts',(-104.500553363702,104.371936350828,43.9711872799159));
#6414=CARTESIAN_POINT('Ctrl Pts',(-104.500404772058,104.371936350828,43.9846098705024));
#6415=CARTESIAN_POINT('Ctrl Pts',(-104.500293789624,104.371936350828,43.9973968107791));
#6416=CARTESIAN_POINT('Ctrl Pts',(-104.500212625782,104.371936350828,44.0096571497328));
#6417=CARTESIAN_POINT('Ctrl Pts',(-104.500133245917,104.371936350828,44.021648007048));
#6418=CARTESIAN_POINT('Ctrl Pts',(-104.500082399034,104.371936350828,44.0331349428264));
#6419=CARTESIAN_POINT('Ctrl Pts',(-104.500050831301,104.371936350828,44.0442688495251));
#6420=CARTESIAN_POINT('Ctrl Pts',(-104.500020191477,104.371936350828,44.0550754836782));
#6421=CARTESIAN_POINT('Ctrl Pts',(-104.500007719867,104.371936350828,44.0655494367427));
#6422=CARTESIAN_POINT('Ctrl Pts',(-104.50000296663,104.371936350828,44.0758774221812));
#6423=CARTESIAN_POINT('Ctrl Pts',(-104.500000027669,104.371936350828,44.0822632909402));
#6424=CARTESIAN_POINT('Ctrl Pts',(-104.499999999998,104.371936350828,44.0885943209579));
#6425=CARTESIAN_POINT('Ctrl Pts',(-104.499999999998,104.371936350828,44.0949246825556));
#6426=CARTESIAN_POINT('Origin',(-104.499999999998,106.371936350828,44.0949246825556));
#6427=CARTESIAN_POINT('Ctrl Pts',(-106.797769916402,105.970470520211,37.3140345636058));
#6428=CARTESIAN_POINT('Ctrl Pts',(-106.704594438231,105.812282238118,37.2720793868802));
#6429=CARTESIAN_POINT('Ctrl Pts',(-106.537232528123,105.525105149976,37.1970418821743));
#6430=CARTESIAN_POINT('Ctrl Pts',(-106.312053983365,105.145946983706,37.0964509300206));
#6431=CARTESIAN_POINT('Ctrl Pts',(-106.085442718281,104.793985652714,37.0048444550533));
#6432=CARTESIAN_POINT('Ctrl Pts',(-105.78231857005,104.445396778578,36.9179242690627));
#6433=CARTESIAN_POINT('Ctrl Pts',(-105.570794186039,104.371936350828,36.9053958032562));
#6434=CARTESIAN_POINT('Ctrl Pts',(-105.460256666746,104.371936350828,36.9046556068307));
#6435=CARTESIAN_POINT('Ctrl Pts',(-106.779988077436,105.880823082022,37.2158149684357));
#6436=CARTESIAN_POINT('Ctrl Pts',(-106.689376086006,105.734197607092,37.171279630838));
#6437=CARTESIAN_POINT('Ctrl Pts',(-106.526482473213,105.465894389858,37.0888636604768));
#6438=CARTESIAN_POINT('Ctrl Pts',(-106.308372085843,105.107139905308,36.9683862589836));
#6439=CARTESIAN_POINT('Ctrl Pts',(-106.090492783559,104.770106405054,36.8432478149038));
#6440=CARTESIAN_POINT('Ctrl Pts',(-105.802535684761,104.438187662246,36.7046621222911));
#6441=CARTESIAN_POINT('Ctrl Pts',(-105.610903636286,104.371936350828,36.6368450185641));
#6442=CARTESIAN_POINT('Ctrl Pts',(-105.517115003942,104.371936350828,36.5869972520446));
#6443=CARTESIAN_POINT('Ctrl Pts',(-106.743850407375,105.712001169015,37.0060135472784));
#6444=CARTESIAN_POINT('Ctrl Pts',(-106.658645976164,105.586037644619,36.9559747520018));
#6445=CARTESIAN_POINT('Ctrl Pts',(-106.505174311963,105.351908145679,36.8577512359634));
#6446=CARTESIAN_POINT('Ctrl Pts',(-106.302611597619,105.031059552822,36.6968280716838));
#6447=CARTESIAN_POINT('Ctrl Pts',(-106.102786525069,104.722789179303,36.5065272203598));
#6448=CARTESIAN_POINT('Ctrl Pts',(-105.84503288208,104.424454768128,36.2749332981669));
#6449=CARTESIAN_POINT('Ctrl Pts',(-105.691819039692,104.371936350828,36.106140529336));
#6450=CARTESIAN_POINT('Ctrl Pts',(-105.627951433517,104.371936350828,35.9696219103498));
#6451=CARTESIAN_POINT('Ctrl Pts',(-106.689631440796,105.48342512467,36.6342399080063));
#6452=CARTESIAN_POINT('Ctrl Pts',(-106.613430653689,105.382782301951,36.5735357230406));
#6453=CARTESIAN_POINT('Ctrl Pts',(-106.476734971968,105.191557537017,36.44661405937));
#6454=CARTESIAN_POINT('Ctrl Pts',(-106.302115727922,104.920678456721,36.218036332446));
#6455=CARTESIAN_POINT('Ctrl Pts',(-106.131775535478,104.653646105814,35.9266367803535));
#6456=CARTESIAN_POINT('Ctrl Pts',(-105.923169843847,104.406236814361,35.5554392686862));
#6457=CARTESIAN_POINT('Ctrl Pts',(-105.826193304873,104.371936350828,35.2350180635334));
#6458=CARTESIAN_POINT('Ctrl Pts',(-105.799321485399,104.371936350828,34.981702705315));
#6459=CARTESIAN_POINT('Ctrl Pts',(-106.63768413498,105.274220899369,36.1810084546411));
#6460=CARTESIAN_POINT('Ctrl Pts',(-106.571863538626,105.194474726805,36.1063150176673));
#6461=CARTESIAN_POINT('Ctrl Pts',(-106.455762653738,105.03960050783,35.9443703001084));
#6462=CARTESIAN_POINT('Ctrl Pts',(-106.313040631726,104.813449072301,35.6389849198925));
#6463=CARTESIAN_POINT('Ctrl Pts',(-106.174319632911,104.587084536811,35.2422905552485));
#6464=CARTESIAN_POINT('Ctrl Pts',(-106.017518561242,104.390869505735,34.7392893354988));
#6465=CARTESIAN_POINT('Ctrl Pts',(-105.969167140011,104.371936350828,34.2977078985629));
#6466=CARTESIAN_POINT('Ctrl Pts',(-105.966494896038,104.371936350828,33.9760135953547));
#6467=CARTESIAN_POINT('Ctrl Pts',(-106.590899045809,105.080119143905,35.620151255249));
#6468=CARTESIAN_POINT('Ctrl Pts',(-106.537313824931,105.017825251361,35.5287956743266));
#6469=CARTESIAN_POINT('Ctrl Pts',(-106.445444296988,104.894240082929,35.327423074774));
#6470=CARTESIAN_POINT('Ctrl Pts',(-106.33565965768,104.709289200569,34.9445342224021));
#6471=CARTESIAN_POINT('Ctrl Pts',(-106.228254515799,104.524386839424,34.4596000982533));
#6472=CARTESIAN_POINT('Ctrl Pts',(-106.119680535396,104.379016067015,33.8732369974969));
#6473=CARTESIAN_POINT('Ctrl Pts',(-106.104092340786,104.371936350828,33.382325350754));
#6474=CARTESIAN_POINT('Ctrl Pts',(-106.110475097614,104.371936350828,33.0611418480224));
#6475=CARTESIAN_POINT('Ctrl Pts',(-106.552154028545,104.897816191704,34.9292786434532));
#6476=CARTESIAN_POINT('Ctrl Pts',(-106.512364254544,104.850404100175,34.8213231678028));
#6477=CARTESIAN_POINT('Ctrl Pts',(-106.446441496869,104.754591414028,34.5833165969001));
#6478=CARTESIAN_POINT('Ctrl Pts',(-106.365881283966,104.609313089231,34.1420881361412));
#6479=CARTESIAN_POINT('Ctrl Pts',(-106.28617164321,104.46786883664,33.6200753730165));
#6480=CARTESIAN_POINT('Ctrl Pts',(-106.21522152934,104.371381508182,33.0382141613313));
#6481=CARTESIAN_POINT('Ctrl Pts',(-106.211237188823,104.371936350828,32.5976024263521));
#6482=CARTESIAN_POINT('Ctrl Pts',(-106.217738205551,104.371936350828,32.3075113346127));
#6483=CARTESIAN_POINT('Ctrl Pts',(-106.523671486785,104.726034409091,34.0963813769731));
#6484=CARTESIAN_POINT('Ctrl Pts',(-106.497400290148,104.691915420139,33.9791037807588));
#6485=CARTESIAN_POINT('Ctrl Pts',(-106.452796459315,104.622087055339,33.7236466287481));
#6486=CARTESIAN_POINT('Ctrl Pts',(-106.394177553593,104.517270642556,33.2865821605374));
#6487=CARTESIAN_POINT('Ctrl Pts',(-106.334808433333,104.421209158352,32.8121665618606));
#6488=CARTESIAN_POINT('Ctrl Pts',(-106.290581864488,104.368295156456,32.299931146858));
#6489=CARTESIAN_POINT('Ctrl Pts',(-106.296050177179,104.371936350828,31.8533856815871));
#6490=CARTESIAN_POINT('Ctrl Pts',(-106.303594012404,104.371936350828,31.571841987384));
#6491=CARTESIAN_POINT('Ctrl Pts',(-106.503050195361,104.568859072873,33.1196152759954));
#6492=CARTESIAN_POINT('Ctrl Pts',(-106.486838071544,104.547531628787,33.0050237155348));
#6493=CARTESIAN_POINT('Ctrl Pts',(-106.458084209278,104.50399652601,32.7629360130803));
#6494=CARTESIAN_POINT('Ctrl Pts',(-106.419172408315,104.440955222036,32.3665658080095));
#6495=CARTESIAN_POINT('Ctrl Pts',(-106.383517874313,104.38884371657,31.9301961404942));
#6496=CARTESIAN_POINT('Ctrl Pts',(-106.365856945928,104.368974448153,31.450517579212));
#6497=CARTESIAN_POINT('Ctrl Pts',(-106.368110240699,104.371936350828,31.0910566971813));
#6498=CARTESIAN_POINT('Ctrl Pts',(-106.368062868544,104.371936350828,30.9045846850746));
#6499=CARTESIAN_POINT('Ctrl Pts',(-106.499742308634,104.4431227703,31.9197124282828));
#6500=CARTESIAN_POINT('Ctrl Pts',(-106.491123683283,104.434312992366,31.8284458365887));
#6501=CARTESIAN_POINT('Ctrl Pts',(-106.475325605928,104.416160213724,31.6412799833822));
#6502=CARTESIAN_POINT('Ctrl Pts',(-106.452243993403,104.390615228549,31.3490288097766));
#6503=CARTESIAN_POINT('Ctrl Pts',(-106.430181198798,104.372942359475,31.0549573240467));
#6504=CARTESIAN_POINT('Ctrl Pts',(-106.41355043794,104.371657174994,30.7777571068914));
#6505=CARTESIAN_POINT('Ctrl Pts',(-106.402935758549,104.371936350828,30.5621015299492));
#6506=CARTESIAN_POINT('Ctrl Pts',(-106.397791378627,104.371936350828,30.439802304921));
#6507=CARTESIAN_POINT('Ctrl Pts',(-106.496236160529,104.376219389353,30.7838114017069));
#6508=CARTESIAN_POINT('Ctrl Pts',(-106.491384327704,104.375629418345,30.7390125565964));
#6509=CARTESIAN_POINT('Ctrl Pts',(-106.481289954924,104.373780529176,30.6446723604692));
#6510=CARTESIAN_POINT('Ctrl Pts',(-106.464679058018,104.371094734237,30.4909637505452));
#6511=CARTESIAN_POINT('Ctrl Pts',(-106.447899395826,104.371585312047,30.3328570432024));
#6512=CARTESIAN_POINT('Ctrl Pts',(-106.430573322093,104.372263886543,30.1624142957406));
#6513=CARTESIAN_POINT('Ctrl Pts',(-106.418237972995,104.371936350828,30.0463155369532));
#6514=CARTESIAN_POINT('Ctrl Pts',(-106.411838423685,104.371936350828,29.9937268967065));
#6515=CARTESIAN_POINT('Ctrl Pts',(-106.499916888911,104.373839907664,30.0947020929283));
#6516=CARTESIAN_POINT('Ctrl Pts',(-106.494435398362,104.373600580618,30.0746450611519));
#6517=CARTESIAN_POINT('Ctrl Pts',(-106.483338155146,104.373161099276,30.0337043724157));
#6518=CARTESIAN_POINT('Ctrl Pts',(-106.466290242388,104.372629833181,29.973970549385));
#6519=CARTESIAN_POINT('Ctrl Pts',(-106.448841201872,104.372236957082,29.9194980713123));
#6520=CARTESIAN_POINT('Ctrl Pts',(-106.430992135529,104.371992898715,29.8712981451269));
#6521=CARTESIAN_POINT('Ctrl Pts',(-106.418826929843,104.371936350828,29.8423616442888));
#6522=CARTESIAN_POINT('Ctrl Pts',(-106.41267811418,104.371936350828,29.8286398442977));
#6523=CARTESIAN_POINT('Ctrl Pts',(-106.499916888911,104.373839907664,29.7580076092971));
#6524=CARTESIAN_POINT('Ctrl Pts',(-106.49410466196,104.373586140355,29.7580076092971));
#6525=CARTESIAN_POINT('Ctrl Pts',(-106.482477993507,104.373129327307,29.7580076092971));
#6526=CARTESIAN_POINT('Ctrl Pts',(-106.465032675297,104.372596324629,29.758007609297));
#6527=CARTESIAN_POINT('Ctrl Pts',(-106.447583370084,104.372215579435,29.7580076092971));
#6528=CARTESIAN_POINT('Ctrl Pts',(-106.4301314067,104.37198712072,29.758007609297));
#6529=CARTESIAN_POINT('Ctrl Pts',(-106.418495878354,104.371936350828,29.7580076092971));
#6530=CARTESIAN_POINT('Ctrl Pts',(-106.41267811418,104.371936350828,29.7580076092971));
#6531=CARTESIAN_POINT('',(-106.499916888911,104.373839907664,29.7580076092971));
#6532=CARTESIAN_POINT('Ctrl Pts',(-106.797769916402,105.970470520211,37.3140345636058));
#6533=CARTESIAN_POINT('Ctrl Pts',(-106.779988077436,105.880823082022,37.2158149684357));
#6534=CARTESIAN_POINT('Ctrl Pts',(-106.743850407375,105.712001169015,37.0060135472784));
#6535=CARTESIAN_POINT('Ctrl Pts',(-106.689631440796,105.48342512467,36.6342399080063));
#6536=CARTESIAN_POINT('Ctrl Pts',(-106.63768413498,105.274220899369,36.1810084546411));
#6537=CARTESIAN_POINT('Ctrl Pts',(-106.590899045809,105.080119143905,35.620151255249));
#6538=CARTESIAN_POINT('Ctrl Pts',(-106.552154028545,104.897816191704,34.9292786434532));
#6539=CARTESIAN_POINT('Ctrl Pts',(-106.523671486785,104.726034409091,34.0963813769731));
#6540=CARTESIAN_POINT('Ctrl Pts',(-106.503050195361,104.568859072873,33.1196152759954));
#6541=CARTESIAN_POINT('Ctrl Pts',(-106.499742308634,104.4431227703,31.9197124282828));
#6542=CARTESIAN_POINT('Ctrl Pts',(-106.496236160529,104.376219389353,30.7838114017069));
#6543=CARTESIAN_POINT('Ctrl Pts',(-106.499916888911,104.373839907664,30.0947020929283));
#6544=CARTESIAN_POINT('Ctrl Pts',(-106.499916888911,104.373839907664,29.7580076092971));
#6545=CARTESIAN_POINT('',(-106.41267811418,104.371936350828,29.7580076092971));
#6546=CARTESIAN_POINT('Origin',(-106.41267811418,106.371936350828,29.7580076092971));
#6547=CARTESIAN_POINT('Ctrl Pts',(-106.41267811418,104.371936350828,29.7580076092971));
#6548=CARTESIAN_POINT('Ctrl Pts',(-106.41267811418,104.371936350828,29.7675095764237));
#6549=CARTESIAN_POINT('Ctrl Pts',(-106.412677958741,104.371936350828,29.7770159637951));
#6550=CARTESIAN_POINT('Ctrl Pts',(-106.412668308641,104.371936350828,29.7867265062005));
#6551=CARTESIAN_POINT('Ctrl Pts',(-106.412658401631,104.371936350828,29.7966955676936));
#6552=CARTESIAN_POINT('Ctrl Pts',(-106.412638494551,104.371936350828,29.8068796525346));
#6553=CARTESIAN_POINT('Ctrl Pts',(-106.412600389622,104.371936350828,29.8174402104909));
#6554=CARTESIAN_POINT('Ctrl Pts',(-106.412561116597,104.371936350828,29.8283244997938));
#6555=CARTESIAN_POINT('Ctrl Pts',(-106.412502521039,104.371936350828,29.8396085268847));
#6556=CARTESIAN_POINT('Ctrl Pts',(-106.412417513688,104.371936350828,29.8514141331911));
#6557=CARTESIAN_POINT('Ctrl Pts',(-106.412327560125,104.371936350828,29.8639066570365));
#6558=CARTESIAN_POINT('Ctrl Pts',(-106.412208035766,104.371936350828,29.8769832024015));
#6559=CARTESIAN_POINT('Ctrl Pts',(-106.412052537636,104.371936350828,29.8907287084387));
#6560=CARTESIAN_POINT('Ctrl Pts',(-106.411889419707,104.371936350828,29.9051477787952));
#6561=CARTESIAN_POINT('Ctrl Pts',(-106.411686729132,104.371936350828,29.9203027286265));
#6562=CARTESIAN_POINT('Ctrl Pts',(-106.411439074187,104.371936350828,29.9362302130978));
#6563=CARTESIAN_POINT('Ctrl Pts',(-106.411175444704,104.371936350828,29.9531850713122));
#6564=CARTESIAN_POINT('Ctrl Pts',(-106.410860881549,104.371936350828,29.9710150100978));
#6565=CARTESIAN_POINT('Ctrl Pts',(-106.410490851867,104.371936350828,29.98970062752));
#6566=CARTESIAN_POINT('Ctrl Pts',(-106.410085966786,104.371936350828,30.0101463595712));
#6567=CARTESIAN_POINT('Ctrl Pts',(-106.40961470395,104.371936350828,30.0316160728253));
#6568=CARTESIAN_POINT('Ctrl Pts',(-106.409073038525,104.371936350828,30.0540165276931));
#6569=CARTESIAN_POINT('Ctrl Pts',(-106.408432276885,104.371936350828,30.0805150847507));
#6570=CARTESIAN_POINT('Ctrl Pts',(-106.407693070832,104.371936350828,30.1083151416602));
#6571=CARTESIAN_POINT('Ctrl Pts',(-106.406850529294,104.371936350828,30.1371809639631));
#6572=CARTESIAN_POINT('Ctrl Pts',(-106.405797594619,104.371936350828,30.1732549423306));
#6573=CARTESIAN_POINT('Ctrl Pts',(-106.404583644546,104.371936350828,30.2109868748598));
#6574=CARTESIAN_POINT('Ctrl Pts',(-106.403198168562,104.371936350828,30.2498542824802));
#6575=CARTESIAN_POINT('Ctrl Pts',(-106.402186645004,104.371936350828,30.2782310273203));
#6576=CARTESIAN_POINT('Ctrl Pts',(-106.401083706517,104.371936350828,30.307210661642));
#6577=CARTESIAN_POINT('Ctrl Pts',(-106.399882880052,104.371936350828,30.3366177796058));
#6578=CARTESIAN_POINT('Ctrl Pts',(-106.39883041011,104.371936350828,30.3623917849664));
#6579=CARTESIAN_POINT('Ctrl Pts',(-106.397702753677,104.371936350828,30.3884935523366));
#6580=CARTESIAN_POINT('Ctrl Pts',(-106.396493298489,104.371936350828,30.4148448101054));
#6581=CARTESIAN_POINT('Ctrl Pts',(-106.395373186501,104.371936350828,30.4392494842024));
#6582=CARTESIAN_POINT('Ctrl Pts',(-106.394182923559,104.371936350828,30.4638677545976));
#6583=CARTESIAN_POINT('Ctrl Pts',(-106.392915060831,104.371936350828,30.4886807436156));
#6584=CARTESIAN_POINT('Ctrl Pts',(-106.391714740884,104.371936350828,30.5121718716371));
#6585=CARTESIAN_POINT('Ctrl Pts',(-106.390444876674,104.371936350828,30.5358372342655));
#6586=CARTESIAN_POINT('Ctrl Pts',(-106.38909697758,104.371936350828,30.559705987303));
#6587=CARTESIAN_POINT('Ctrl Pts',(-106.387805403833,104.371936350828,30.582577324595));
#6588=CARTESIAN_POINT('Ctrl Pts',(-106.38644218738,104.371936350828,30.6056351801026));
#6589=CARTESIAN_POINT('Ctrl Pts',(-106.384997703762,104.371936350828,30.6289515781424));
#6590=CARTESIAN_POINT('Ctrl Pts',(-106.383539026277,104.371936350828,30.6524970890896));
#6591=CARTESIAN_POINT('Ctrl Pts',(-106.381997502414,104.371936350828,30.6763056097361));
#6592=CARTESIAN_POINT('Ctrl Pts',(-106.380360709211,104.371936350828,30.7005066404366));
#6593=CARTESIAN_POINT('Ctrl Pts',(-106.378709589238,104.371936350828,30.724919501569));
#6594=CARTESIAN_POINT('Ctrl Pts',(-106.376960887437,104.371936350828,30.7497414368007));
#6595=CARTESIAN_POINT('Ctrl Pts',(-106.375102850798,104.371936350828,30.7751103154626));
#6596=CARTESIAN_POINT('Ctrl Pts',(-106.373184808528,104.371936350828,30.8012984866571));
#6597=CARTESIAN_POINT('Ctrl Pts',(-106.371150273632,104.371936350828,30.8280693235436));
#6598=CARTESIAN_POINT('Ctrl Pts',(-106.368991367542,104.371936350828,30.8555180496845));
#6599=CARTESIAN_POINT('Ctrl Pts',(-106.366749419016,104.371936350828,30.8840225925044));
#6600=CARTESIAN_POINT('Ctrl Pts',(-106.364373369529,104.371936350828,30.9132579671255));
#6601=CARTESIAN_POINT('Ctrl Pts',(-106.361859450576,104.371936350828,30.9432738189796));
#6602=CARTESIAN_POINT('Ctrl Pts',(-106.359226263765,104.371936350828,30.9747137129176));
#6603=CARTESIAN_POINT('Ctrl Pts',(-106.356441843492,104.371936350828,31.0070096332765));
#6604=CARTESIAN_POINT('Ctrl Pts',(-106.353506919061,104.371936350828,31.0401608448319));
#6605=CARTESIAN_POINT('Ctrl Pts',(-106.350390510521,104.371936350828,31.0753619960738));
#6606=CARTESIAN_POINT('Ctrl Pts',(-106.347104447876,104.371936350828,31.1115271309484));
#6607=CARTESIAN_POINT('Ctrl Pts',(-106.343654670763,104.371936350828,31.1485963468595));
#6608=CARTESIAN_POINT('Ctrl Pts',(-106.339899129523,104.371936350828,31.1889511189265));
#6609=CARTESIAN_POINT('Ctrl Pts',(-106.335949627462,104.371936350828,31.2303768020631));
#6610=CARTESIAN_POINT('Ctrl Pts',(-106.331818900463,104.371936350828,31.2727348497742));
#6611=CARTESIAN_POINT('Ctrl Pts',(-106.326899314498,104.371936350828,31.32318215774));
#6612=CARTESIAN_POINT('Ctrl Pts',(-106.321722800616,104.371936350828,31.3749510341317));
#6613=CARTESIAN_POINT('Ctrl Pts',(-106.316316450278,104.371936350828,31.4277336279624));
#6614=CARTESIAN_POINT('Ctrl Pts',(-106.309445307872,104.371936350828,31.4948170938911));
#6615=CARTESIAN_POINT('Ctrl Pts',(-106.302203695019,104.371936350828,31.5635311185362));
#6616=CARTESIAN_POINT('Ctrl Pts',(-106.294648653012,104.371936350828,31.6331906512176));
#6617=CARTESIAN_POINT('Ctrl Pts',(-106.289444434192,104.371936350828,31.6811749576791));
#6618=CARTESIAN_POINT('Ctrl Pts',(-106.284091552867,104.371936350828,31.7296063915048));
#6619=CARTESIAN_POINT('Ctrl Pts',(-106.278605023531,104.371936350828,31.7782875578772));
#6620=CARTESIAN_POINT('Ctrl Pts',(-106.273675128867,104.371936350828,31.8220297868208));
#6621=CARTESIAN_POINT('Ctrl Pts',(-106.268637376718,104.371936350828,31.8659730184402));
#6622=CARTESIAN_POINT('Ctrl Pts',(-106.263498555188,104.371936350828,31.9100107204708));
#6623=CARTESIAN_POINT('Ctrl Pts',(-106.258582344678,104.371936350828,31.9521407326388));
#6624=CARTESIAN_POINT('Ctrl Pts',(-106.253573686882,104.371936350828,31.9943565851557));
#6625=CARTESIAN_POINT('Ctrl Pts',(-106.248473807196,104.371936350828,32.0366093905268));
#6626=CARTESIAN_POINT('Ctrl Pts',(-106.24353329875,104.371936350828,32.0775417957301));
#6627=CARTESIAN_POINT('Ctrl Pts',(-106.238507228365,104.371936350828,32.1185083525921));
#6628=CARTESIAN_POINT('Ctrl Pts',(-106.233391436251,104.371936350828,32.1595155328473));
#6629=CARTESIAN_POINT('Ctrl Pts',(-106.22843551264,104.371936350828,32.1992412387196));
#6630=CARTESIAN_POINT('Ctrl Pts',(-106.223395421947,104.371936350828,32.2390046811134));
#6631=CARTESIAN_POINT('Ctrl Pts',(-106.218261764436,104.371936350828,32.2788668470641));
#6632=CARTESIAN_POINT('Ctrl Pts',(-106.213432264158,104.371936350828,32.3163672726702));
#6633=CARTESIAN_POINT('Ctrl Pts',(-106.208519948285,104.371936350828,32.3539551106218));
#6634=CARTESIAN_POINT('Ctrl Pts',(-106.20351178978,104.371936350828,32.3917327059614));
#6635=CARTESIAN_POINT('Ctrl Pts',(-106.19736307574,104.371936350828,32.4381137521265));
#6636=CARTESIAN_POINT('Ctrl Pts',(-106.191068636583,104.371936350828,32.4847915918842));
#6637=CARTESIAN_POINT('Ctrl Pts',(-106.184604740604,104.371936350828,32.5319647886743));
#6638=CARTESIAN_POINT('Ctrl Pts',(-106.177998250171,104.371936350828,32.5801786328266));
#6639=CARTESIAN_POINT('Ctrl Pts',(-106.171214761876,104.371936350828,32.628909807017));
#6640=CARTESIAN_POINT('Ctrl Pts',(-106.164236689146,104.371936350828,32.6783155229767));
#6641=CARTESIAN_POINT('Ctrl Pts',(-106.157085809312,104.371936350828,32.728944737026));
#6642=CARTESIAN_POINT('Ctrl Pts',(-106.149730608495,104.371936350828,32.7802821761381));
#6643=CARTESIAN_POINT('Ctrl Pts',(-106.142159923317,104.371936350828,32.8324421006532));
#6644=CARTESIAN_POINT('Ctrl Pts',(-106.134375595367,104.371936350828,32.886073964705));
#6645=CARTESIAN_POINT('Ctrl Pts',(-106.126363473002,104.371936350828,32.9405752293166));
#6646=CARTESIAN_POINT('Ctrl Pts',(-106.118119197709,104.371936350828,32.9960150094322));
#6647=CARTESIAN_POINT('Ctrl Pts',(-106.10960460343,104.371936350828,33.0532725872995));
#6648=CARTESIAN_POINT('Ctrl Pts',(-106.100842410221,104.371936350828,33.111531046198));
#6649=CARTESIAN_POINT('Ctrl Pts',(-106.091835611848,104.371936350828,33.1708112112596));
#6650=CARTESIAN_POINT('Ctrl Pts',(-106.082476556226,104.371936350828,33.2324098325549));
#6651=CARTESIAN_POINT('Ctrl Pts',(-106.072853421768,104.371936350828,33.2951114116687));
#6652=CARTESIAN_POINT('Ctrl Pts',(-106.062977386791,104.371936350828,33.3588837069544));
#6653=CARTESIAN_POINT('Ctrl Pts',(-106.05230504534,104.371936350828,33.4277979738646));
#6654=CARTESIAN_POINT('Ctrl Pts',(-106.041337382966,104.371936350828,33.4979625506974));
#6655=CARTESIAN_POINT('Ctrl Pts',(-106.030097223346,104.371936350828,33.5692745583292));
#6656=CARTESIAN_POINT('Ctrl Pts',(-106.018035818173,104.371936350828,33.6457968717891));
#6657=CARTESIAN_POINT('Ctrl Pts',(-106.005660703632,104.371936350828,33.723639997836));
#6658=CARTESIAN_POINT('Ctrl Pts',(-105.993009203152,104.371936350828,33.8026113991797));
#6659=CARTESIAN_POINT('Ctrl Pts',(-105.978920854393,104.371936350828,33.8905516909916));
#6660=CARTESIAN_POINT('Ctrl Pts',(-105.964489878956,104.371936350828,33.9798904086432));
#6661=CARTESIAN_POINT('Ctrl Pts',(-105.949777528741,104.371936350828,34.0702913224481));
#6662=CARTESIAN_POINT('Ctrl Pts',(-105.930480727707,104.371936350828,34.1888616678661));
#6663=CARTESIAN_POINT('Ctrl Pts',(-105.910700169162,104.371936350828,34.3092575212141));
#6664=CARTESIAN_POINT('Ctrl Pts',(-105.89058769566,104.371936350828,34.4306182331012));
#6665=CARTESIAN_POINT('Ctrl Pts',(-105.873155996172,104.371936350828,34.5358028817709));
#6666=CARTESIAN_POINT('Ctrl Pts',(-105.85547569863,104.371936350828,34.6417070791292));
#6667=CARTESIAN_POINT('Ctrl Pts',(-105.837645191249,104.371936350828,34.7477692504367));
#6668=CARTESIAN_POINT('Ctrl Pts',(-105.822043497291,104.371936350828,34.8405736503308));
#6669=CARTESIAN_POINT('Ctrl Pts',(-105.806327033581,104.371936350828,34.9334972940521));
#6670=CARTESIAN_POINT('Ctrl Pts',(-105.790555773716,104.371936350828,35.0262028849963));
#6671=CARTESIAN_POINT('Ctrl Pts',(-105.776755921335,104.371936350828,35.1073202770724));
#6672=CARTESIAN_POINT('Ctrl Pts',(-105.762914156696,104.371936350828,35.188270398357));
#6673=CARTESIAN_POINT('Ctrl Pts',(-105.749064280394,104.371936350828,35.268870361415));
#6674=CARTESIAN_POINT('Ctrl Pts',(-105.736312133987,104.371936350828,35.3430820371743));
#6675=CARTESIAN_POINT('Ctrl Pts',(-105.723553138771,104.371936350828,35.4169966502792));
#6676=CARTESIAN_POINT('Ctrl Pts',(-105.710807419721,104.371936350828,35.4905141570004));
#6677=CARTESIAN_POINT('Ctrl Pts',(-105.698590474235,104.371936350828,35.5609816895391));
#6678=CARTESIAN_POINT('Ctrl Pts',(-105.686385768595,104.371936350828,35.6310840781278));
#6679=CARTESIAN_POINT('Ctrl Pts',(-105.674204490554,104.371936350828,35.7007780542408));
#6680=CARTESIAN_POINT('Ctrl Pts',(-105.662440034013,104.371936350828,35.7680872274162));
#6681=CARTESIAN_POINT('Ctrl Pts',(-105.650697463517,104.371936350828,35.8350152154759));
#6682=CARTESIAN_POINT('Ctrl Pts',(-105.638980075534,104.371936350828,35.9015697204785));
#6683=CARTESIAN_POINT('Ctrl Pts',(-105.627604094716,104.371936350828,35.9661850403268));
#6684=CARTESIAN_POINT('Ctrl Pts',(-105.616251879105,104.371936350828,36.0304481193257));
#6685=CARTESIAN_POINT('Ctrl Pts',(-105.604919480163,104.371936350828,36.0944140575205));
#6686=CARTESIAN_POINT('Ctrl Pts',(-105.59387469235,104.371936350828,36.156756569308));
#6687=CARTESIAN_POINT('Ctrl Pts',(-105.582848752875,104.371936350828,36.2188166553966));
#6688=CARTESIAN_POINT('Ctrl Pts',(-105.57183089856,104.371936350828,36.280694443825));
#6689=CARTESIAN_POINT('Ctrl Pts',(-105.560562374496,104.371936350828,36.3439800281147));
#6690=CARTESIAN_POINT('Ctrl Pts',(-105.549302396992,104.371936350828,36.4070743028213));
#6691=CARTESIAN_POINT('Ctrl Pts',(-105.538030978607,104.371936350828,36.470143014694));
#6692=CARTESIAN_POINT('Ctrl Pts',(-105.525901476295,104.371936350828,36.5380130963745));
#6693=CARTESIAN_POINT('Ctrl Pts',(-105.513757532637,104.371936350828,36.6058616700719));
#6694=CARTESIAN_POINT('Ctrl Pts',(-105.501567750118,104.371936350828,36.6739408863336));
#6695=CARTESIAN_POINT('Ctrl Pts',(-105.490604982792,104.371936350828,36.735167295123));
#6696=CARTESIAN_POINT('Ctrl Pts',(-105.479605204674,104.371936350828,36.7965798357764));
#6697=CARTESIAN_POINT('Ctrl Pts',(-105.468553780752,104.371936350828,36.8583070381108));
#6698=CARTESIAN_POINT('Ctrl Pts',(-105.465791316725,104.371936350828,36.8737366494569));
#6699=CARTESIAN_POINT('Ctrl Pts',(-105.463025663568,104.371936350828,36.8891856684126));
#6700=CARTESIAN_POINT('Ctrl Pts',(-105.460256666746,104.371936350828,36.9046556068307));
#6701=CARTESIAN_POINT('Ctrl Pts',(-106.797769916402,105.970470520211,37.3140345636058));
#6702=CARTESIAN_POINT('Ctrl Pts',(-106.779988077436,105.880823082022,37.2158149684357));
#6703=CARTESIAN_POINT('Ctrl Pts',(-106.743850407375,105.712001169015,37.0060135472784));
#6704=CARTESIAN_POINT('Ctrl Pts',(-106.689631440796,105.48342512467,36.6342399080063));
#6705=CARTESIAN_POINT('Ctrl Pts',(-106.63768413498,105.274220899369,36.1810084546411));
#6706=CARTESIAN_POINT('Ctrl Pts',(-106.590899045809,105.080119143905,35.620151255249));
#6707=CARTESIAN_POINT('Ctrl Pts',(-106.552154028545,104.897816191704,34.9292786434532));
#6708=CARTESIAN_POINT('Ctrl Pts',(-106.523671486785,104.726034409091,34.0963813769731));
#6709=CARTESIAN_POINT('Ctrl Pts',(-106.503050195361,104.568859072873,33.1196152759954));
#6710=CARTESIAN_POINT('Ctrl Pts',(-106.499742308634,104.4431227703,31.9197124282828));
#6711=CARTESIAN_POINT('Ctrl Pts',(-106.496236160529,104.376219389353,30.7838114017069));
#6712=CARTESIAN_POINT('Ctrl Pts',(-106.499916888911,104.373839907664,30.0947020929283));
#6713=CARTESIAN_POINT('Ctrl Pts',(-106.499916888911,104.373839907664,29.7580076092971));
#6714=CARTESIAN_POINT('Ctrl Pts',(-106.840650758912,105.875097556467,37.0781827731706));
#6715=CARTESIAN_POINT('Ctrl Pts',(-106.821480542353,105.792265555496,36.9788517372801));
#6716=CARTESIAN_POINT('Ctrl Pts',(-106.782744679635,105.63515414621,36.7662175174249));
#6717=CARTESIAN_POINT('Ctrl Pts',(-106.725547190727,105.420170732558,36.3845200442169));
#6718=CARTESIAN_POINT('Ctrl Pts',(-106.670743993261,105.221776538364,35.9204732887595));
#6719=CARTESIAN_POINT('Ctrl Pts',(-106.62028503859,105.036569281902,35.3552724795168));
#6720=CARTESIAN_POINT('Ctrl Pts',(-106.57640294036,104.862052641871,34.6731742974358));
#6721=CARTESIAN_POINT('Ctrl Pts',(-106.540945620984,104.698011414714,33.8714016467625));
#6722=CARTESIAN_POINT('Ctrl Pts',(-106.516090825047,104.549922300601,32.9170535382542));
#6723=CARTESIAN_POINT('Ctrl Pts',(-106.508569023767,104.434903229641,31.7824909321916));
#6724=CARTESIAN_POINT('Ctrl Pts',(-106.501035125445,104.375935265311,30.7298240833459));
#6725=CARTESIAN_POINT('Ctrl Pts',(-106.505398379461,104.37407923471,30.0830152643628));
#6726=CARTESIAN_POINT('Ctrl Pts',(-106.505729115862,104.374093674973,29.7580076092971));
#6727=CARTESIAN_POINT('Ctrl Pts',(-106.927713698994,105.681003899704,36.6029243543487));
#6728=CARTESIAN_POINT('Ctrl Pts',(-106.905746565367,105.609687748186,36.4963055140415));
#6729=CARTESIAN_POINT('Ctrl Pts',(-106.861929052414,105.473043926853,36.2657708125421));
#6730=CARTESIAN_POINT('Ctrl Pts',(-106.796818969508,105.283149252505,35.8596640265921));
#6731=CARTESIAN_POINT('Ctrl Pts',(-106.732641634365,105.105754188384,35.3828711451463));
#6732=CARTESIAN_POINT('Ctrl Pts',(-106.670570431607,104.938803469401,34.8264555705937));
#6733=CARTESIAN_POINT('Ctrl Pts',(-106.613067078751,104.781401942652,34.1825501632036));
#6734=CARTESIAN_POINT('Ctrl Pts',(-106.565745970706,104.635582029505,33.4343085464464));
#6735=CARTESIAN_POINT('Ctrl Pts',(-106.538832216708,104.509107663097,32.5034041027031));
#6736=CARTESIAN_POINT('Ctrl Pts',(-106.5211106892,104.417582088339,31.5414716734118));
#6737=CARTESIAN_POINT('Ctrl Pts',(-106.511148365126,104.3748036072,30.6208137813153));
#6738=CARTESIAN_POINT('Ctrl Pts',(-106.516491697638,104.374608614202,30.0564079935528));
#6739=CARTESIAN_POINT('Ctrl Pts',(-106.517351355212,104.374651931162,29.758007609297));
#6740=CARTESIAN_POINT('Ctrl Pts',(-107.062453570905,105.354970213663,35.7715074825846));
#6741=CARTESIAN_POINT('Ctrl Pts',(-107.032796742833,105.298702166616,35.657993419309));
#6742=CARTESIAN_POINT('Ctrl Pts',(-106.973111779953,105.190180520215,35.4185281600939));
#6743=CARTESIAN_POINT('Ctrl Pts',(-106.883815370573,105.038007459971,35.0152846997895));
#6744=CARTESIAN_POINT('Ctrl Pts',(-106.79630937126,104.895373335042,34.559046198887));
#6745=CARTESIAN_POINT('Ctrl Pts',(-106.71442383332,104.762074401914,34.0374008063572));
#6746=CARTESIAN_POINT('Ctrl Pts',(-106.645345140179,104.639550953363,33.4272311421753));
#6747=CARTESIAN_POINT('Ctrl Pts',(-106.596809977085,104.532091955572,32.7144285192539));
#6748=CARTESIAN_POINT('Ctrl Pts',(-106.562457703572,104.447139964517,31.9532260315327));
#6749=CARTESIAN_POINT('Ctrl Pts',(-106.537567269129,104.39349709091,31.2024425293608));
#6750=CARTESIAN_POINT('Ctrl Pts',(-106.52803167029,104.373637886985,30.4731961609821));
#6751=CARTESIAN_POINT('Ctrl Pts',(-106.533521040832,104.375565193233,30.0089144478381));
#6752=CARTESIAN_POINT('Ctrl Pts',(-106.534776742964,104.375641416386,29.7580076092971));
#6753=CARTESIAN_POINT('Ctrl Pts',(-107.17792673934,104.974576109499,34.8330964176827));
#6754=CARTESIAN_POINT('Ctrl Pts',(-107.136720260149,104.934088642275,34.718944380742));
#6755=CARTESIAN_POINT('Ctrl Pts',(-107.056333943489,104.85634670493,34.4800774547302));
#6756=CARTESIAN_POINT('Ctrl Pts',(-106.944418619133,104.749302800583,34.0825008177898));
#6757=CARTESIAN_POINT('Ctrl Pts',(-106.84304236765,104.652023787951,33.6356213052593));
#6758=CARTESIAN_POINT('Ctrl Pts',(-106.755507411559,104.565568254054,33.1353301920008));
#6759=CARTESIAN_POINT('Ctrl Pts',(-106.685058636853,104.492187701509,32.5919089800302));
#6760=CARTESIAN_POINT('Ctrl Pts',(-106.631626640477,104.435084712417,32.0271656889145));
#6761=CARTESIAN_POINT('Ctrl Pts',(-106.588607905821,104.396926297821,31.452068585582));
#6762=CARTESIAN_POINT('Ctrl Pts',(-106.558739707347,104.37824855955,30.8848127588901));
#6763=CARTESIAN_POINT('Ctrl Pts',(-106.546972526312,104.375769326805,30.3404005804275));
#6764=CARTESIAN_POINT('Ctrl Pts',(-106.550937923889,104.376694596233,29.9572675047145));
#6765=CARTESIAN_POINT('Ctrl Pts',(-106.552192832433,104.376782927198,29.7580076092971));
#6766=CARTESIAN_POINT('Ctrl Pts',(-107.365355738849,104.558861495857,33.6147184257662));
#6767=CARTESIAN_POINT('Ctrl Pts',(-107.315467421459,104.542054209041,33.5094602839145));
#6768=CARTESIAN_POINT('Ctrl Pts',(-107.219963302791,104.511037021668,33.2934975748646));
#6769=CARTESIAN_POINT('Ctrl Pts',(-107.088278731977,104.471749648797,32.949702020489));
#6770=CARTESIAN_POINT('Ctrl Pts',(-106.966385155883,104.439357601212,32.5855134780196));
#6771=CARTESIAN_POINT('Ctrl Pts',(-106.856295885933,104.414066977441,32.2058467483395));
#6772=CARTESIAN_POINT('Ctrl Pts',(-106.762556799364,104.396275403375,31.8183994260597));
#6773=CARTESIAN_POINT('Ctrl Pts',(-106.684416153809,104.385456774349,31.4226537099783));
#6774=CARTESIAN_POINT('Ctrl Pts',(-106.621526881787,104.380138352392,31.0203295731345));
#6775=CARTESIAN_POINT('Ctrl Pts',(-106.582293946323,104.378946117557,30.6198487929238));
#6776=CARTESIAN_POINT('Ctrl Pts',(-106.566796416648,104.378072481829,30.1975449652831));
#6777=CARTESIAN_POINT('Ctrl Pts',(-106.568740340235,104.378007115216,29.9049788896196));
#6778=CARTESIAN_POINT('Ctrl Pts',(-106.569598297316,104.378076376669,29.7580076092971));
#6779=CARTESIAN_POINT('Ctrl Pts',(-107.691306231072,104.476162140834,32.820132864343));
#6780=CARTESIAN_POINT('Ctrl Pts',(-107.615534521313,104.469532975215,32.7375093995436));
#6781=CARTESIAN_POINT('Ctrl Pts',(-107.470772389528,104.456867929775,32.5682236743287));
#6782=CARTESIAN_POINT('Ctrl Pts',(-107.27110855909,104.439399608096,32.2980365045858));
#6783=CARTESIAN_POINT('Ctrl Pts',(-107.089005331359,104.423467640078,32.0112684919791));
#6784=CARTESIAN_POINT('Ctrl Pts',(-106.931201412129,104.409661586086,31.7132010731658));
#6785=CARTESIAN_POINT('Ctrl Pts',(-106.803645076617,104.398501852767,31.4073879351357));
#6786=CARTESIAN_POINT('Ctrl Pts',(-106.703627815503,104.389751476263,31.0884132045658));
#6787=CARTESIAN_POINT('Ctrl Pts',(-106.63370056999,104.383633635009,30.7620385269823));
#6788=CARTESIAN_POINT('Ctrl Pts',(-106.594881630378,104.380237417863,30.4329435676878));
#6789=CARTESIAN_POINT('Ctrl Pts',(-106.580269128649,104.378958989616,30.0969112282785));
#6790=CARTESIAN_POINT('Ctrl Pts',(-106.580864182113,104.379011050048,29.8710454668372));
#6791=CARTESIAN_POINT('Ctrl Pts',(-106.581193973852,104.379039903086,29.7580076092971));
#6792=CARTESIAN_POINT('Ctrl Pts',(-107.874752935433,104.492211647827,32.3895846654805));
#6793=CARTESIAN_POINT('Ctrl Pts',(-107.776401878765,104.483607045323,32.3238873350207));
#6794=CARTESIAN_POINT('Ctrl Pts',(-107.590504958421,104.467343172208,32.1863458100964));
#6795=CARTESIAN_POINT('Ctrl Pts',(-107.341054955245,104.445519124814,31.9581974614515));
#6796=CARTESIAN_POINT('Ctrl Pts',(-107.123277842354,104.426466096261,31.7113146093775));
#6797=CARTESIAN_POINT('Ctrl Pts',(-106.944604393723,104.410834195032,31.453372773894));
#6798=CARTESIAN_POINT('Ctrl Pts',(-106.806398569194,104.398742752153,31.1858007326958));
#6799=CARTESIAN_POINT('Ctrl Pts',(-106.703790644625,104.389765721965,30.9062938152102));
#6800=CARTESIAN_POINT('Ctrl Pts',(-106.636576336465,104.383885231974,30.6225860417929));
#6801=CARTESIAN_POINT('Ctrl Pts',(-106.600638612307,104.380741088518,30.3370064201724));
#6802=CARTESIAN_POINT('Ctrl Pts',(-106.58713484886,104.379559662301,30.047519478437));
#6803=CARTESIAN_POINT('Ctrl Pts',(-106.586989599676,104.379546954644,29.8544452198703));
#6804=CARTESIAN_POINT('Ctrl Pts',(-106.586989599676,104.379546954644,29.7580076092971));
#6805=CARTESIAN_POINT('',(-107.874752935433,104.492211647827,32.3895846654805));
#6806=CARTESIAN_POINT('Ctrl Pts',(-106.797769916402,105.970470520211,37.3140345636058));
#6807=CARTESIAN_POINT('Ctrl Pts',(-106.840650758912,105.875097556467,37.0781827731706));
#6808=CARTESIAN_POINT('Ctrl Pts',(-106.927713698994,105.681003899704,36.6029243543487));
#6809=CARTESIAN_POINT('Ctrl Pts',(-107.062453570905,105.354970213663,35.7715074825846));
#6810=CARTESIAN_POINT('Ctrl Pts',(-107.17792673934,104.974576109499,34.8330964176827));
#6811=CARTESIAN_POINT('Ctrl Pts',(-107.365355738849,104.558861495857,33.6147184257662));
#6812=CARTESIAN_POINT('Ctrl Pts',(-107.691306231072,104.476162140834,32.820132864343));
#6813=CARTESIAN_POINT('Ctrl Pts',(-107.874752935433,104.492211647827,32.3895846654805));
#6814=CARTESIAN_POINT('',(-106.586989599676,104.379546954644,29.7580076092971));
#6815=CARTESIAN_POINT('Ctrl Pts',(-107.874752935433,104.492211647827,32.3895846654805));
#6816=CARTESIAN_POINT('Ctrl Pts',(-107.839950571349,104.489166835506,32.3663371021956));
#6817=CARTESIAN_POINT('Ctrl Pts',(-107.805795484792,104.48617865263,32.3426900110143));
#6818=CARTESIAN_POINT('Ctrl Pts',(-107.772309405037,104.483249000266,32.3186405302121));
#6819=CARTESIAN_POINT('Ctrl Pts',(-107.738545590312,104.48029504924,32.2943915819918));
#6820=CARTESIAN_POINT('Ctrl Pts',(-107.705462758939,104.477400676538,32.2697339382828));
#6821=CARTESIAN_POINT('Ctrl Pts',(-107.673034435457,104.474563565856,32.2446394069876));
#6822=CARTESIAN_POINT('Ctrl Pts',(-107.639139241634,104.471598120648,32.2184097438155));
#6823=CARTESIAN_POINT('Ctrl Pts',(-107.605951257193,104.468694548244,32.1916973842102));
#6824=CARTESIAN_POINT('Ctrl Pts',(-107.573443150262,104.465850457415,32.1644831518725));
#6825=CARTESIAN_POINT('Ctrl Pts',(-107.538484528068,104.462791974281,32.1352174653596));
#6826=CARTESIAN_POINT('Ctrl Pts',(-107.50431245773,104.459802305517,32.105371691626));
#6827=CARTESIAN_POINT('Ctrl Pts',(-107.470938769223,104.456882486113,32.0749650242872));
#6828=CARTESIAN_POINT('Ctrl Pts',(-107.433585085106,104.453614462211,32.0409321949051));
#6829=CARTESIAN_POINT('Ctrl Pts',(-107.397232088243,104.450433987101,32.0061972323224));
#6830=CARTESIAN_POINT('Ctrl Pts',(-107.361945628851,104.447346821928,31.9708330780917));
#6831=CARTESIAN_POINT('Ctrl Pts',(-107.282680761671,104.440412044634,31.8913936830285));
#6832=CARTESIAN_POINT('Ctrl Pts',(-107.208801387362,104.433948436913,31.8087844492084));
#6833=CARTESIAN_POINT('Ctrl Pts',(-107.141398976473,104.428051490066,31.7241444505561));
#6834=CARTESIAN_POINT('Ctrl Pts',(-107.111910421709,104.425471575821,31.6871144511457));
#6835=CARTESIAN_POINT('Ctrl Pts',(-107.083662315766,104.423000186785,31.6496961503259));
#6836=CARTESIAN_POINT('Ctrl Pts',(-107.056718043842,104.420642868444,31.611956976028));
#6837=CARTESIAN_POINT('Ctrl Pts',(-107.031457788913,104.4184328825,31.5765765001237));
#6838=CARTESIAN_POINT('Ctrl Pts',(-107.007344266107,104.416323222617,31.5409147451432));
#6839=CARTESIAN_POINT('Ctrl Pts',(-106.984391283592,104.414315096853,31.5049900957389));
#6840=CARTESIAN_POINT('Ctrl Pts',(-106.96370418157,104.412505209945,31.4726118683402));
#6841=CARTESIAN_POINT('Ctrl Pts',(-106.943959882887,104.410777807641,31.4400201638682));
#6842=CARTESIAN_POINT('Ctrl Pts',(-106.925131270749,104.409130517529,31.4071926120538));
#6843=CARTESIAN_POINT('Ctrl Pts',(-106.905733826909,104.407433461091,31.3733733061994));
#6844=CARTESIAN_POINT('Ctrl Pts',(-106.887303018442,104.405820974291,31.339296486157));
#6845=CARTESIAN_POINT('Ctrl Pts',(-106.869787710642,104.40428858342,31.3049274515236));
#6846=CARTESIAN_POINT('Ctrl Pts',(-106.850789248704,104.402626433376,31.267648129698));
#6847=CARTESIAN_POINT('Ctrl Pts',(-106.832868176625,104.401058542731,31.2300254437128));
#6848=CARTESIAN_POINT('Ctrl Pts',(-106.815989881937,104.399581883286,31.1920786055041));
#6849=CARTESIAN_POINT('Ctrl Pts',(-106.796666135674,104.397891274551,31.1486337500502));
#6850=CARTESIAN_POINT('Ctrl Pts',(-106.778710070802,104.396320322433,31.1047651891329));
#6851=CARTESIAN_POINT('Ctrl Pts',(-106.762099393926,104.394867076513,31.0605693128066));
#6852=CARTESIAN_POINT('Ctrl Pts',(-106.742273387962,104.393132525748,31.0078184397278));
#6853=CARTESIAN_POINT('Ctrl Pts',(-106.724367175033,104.391565935111,30.9546060443622));
#6854=CARTESIAN_POINT('Ctrl Pts',(-106.708350892583,104.390164691964,30.9011399988794));
#6855=CARTESIAN_POINT('Ctrl Pts',(-106.695813632631,104.389067823847,30.8592877330457));
#6856=CARTESIAN_POINT('Ctrl Pts',(-106.684435337394,104.388072352003,30.8172823051383));
#6857=CARTESIAN_POINT('Ctrl Pts',(-106.674180829626,104.387175198824,30.7752002048178));
#6858=CARTESIAN_POINT('Ctrl Pts',(-106.665196595125,104.386389180154,30.7383310087442));
#6859=CARTESIAN_POINT('Ctrl Pts',(-106.657075212023,104.385678651201,30.701403560419));
#6860=CARTESIAN_POINT('Ctrl Pts',(-106.649768879319,104.385039429917,30.6644340806529));
#6861=CARTESIAN_POINT('Ctrl Pts',(-106.64155399843,104.384320720967,30.6228674171753));
#6862=CARTESIAN_POINT('Ctrl Pts',(-106.634370322127,104.383692230728,30.5812483812002));
#6863=CARTESIAN_POINT('Ctrl Pts',(-106.628103478028,104.383143952913,30.5395302340979));
#6864=CARTESIAN_POINT('Ctrl Pts',(-106.621482772381,104.382564716225,30.4954564438888));
#6865=CARTESIAN_POINT('Ctrl Pts',(-106.615882780357,104.382074780407,30.4512657351416));
#6866=CARTESIAN_POINT('Ctrl Pts',(-106.611162586429,104.381661816949,30.4069414130418));
#6867=CARTESIAN_POINT('Ctrl Pts',(-106.605817836198,104.381194211894,30.3567522821668));
#6868=CARTESIAN_POINT('Ctrl Pts',(-106.601602126468,104.380825385084,30.306392974737));
#6869=CARTESIAN_POINT('Ctrl Pts',(-106.598306736776,104.380537075844,30.2559084682036));
#6870=CARTESIAN_POINT('Ctrl Pts',(-106.594668370903,104.380218760076,30.2001696564494));
#6871=CARTESIAN_POINT('Ctrl Pts',(-106.592153926167,104.379998774667,30.1442818026204));
#6872=CARTESIAN_POINT('Ctrl Pts',(-106.59045253676,104.379849922382,30.0883466065776));
#6873=CARTESIAN_POINT('Ctrl Pts',(-106.58899343187,104.379722267245,30.0403768015485));
#6874=CARTESIAN_POINT('Ctrl Pts',(-106.588132464548,104.379646942364,29.9923746508671));
#6875=CARTESIAN_POINT('Ctrl Pts',(-106.587640119806,104.379603867781,29.9443897830291));
#6876=CARTESIAN_POINT('Ctrl Pts',(-106.587208813524,104.379566133371,29.9023538412138));
#6877=CARTESIAN_POINT('Ctrl Pts',(-106.58706028403,104.379553138724,29.8603318853324));
#6878=CARTESIAN_POINT('Ctrl Pts',(-106.587012585692,104.37954896566,29.8183271490556));
#6879=CARTESIAN_POINT('Ctrl Pts',(-106.586989751139,104.379546967895,29.7982182862025));
#6880=CARTESIAN_POINT('Ctrl Pts',(-106.586989599676,104.379546954644,29.7781128352004));
#6881=CARTESIAN_POINT('Ctrl Pts',(-106.586989599676,104.379546954644,29.7580076092971));
#6882=CARTESIAN_POINT('Origin',(-106.41267811418,106.371936350828,29.7580076092971));
#6883=CARTESIAN_POINT('Ctrl Pts',(-106.797769916402,105.970470520211,37.3140345636058));
#6884=CARTESIAN_POINT('Ctrl Pts',(-106.840650758912,105.875097556467,37.0781827731706));
#6885=CARTESIAN_POINT('Ctrl Pts',(-106.927713698994,105.681003899704,36.6029243543487));
#6886=CARTESIAN_POINT('Ctrl Pts',(-107.062453570905,105.354970213663,35.7715074825846));
#6887=CARTESIAN_POINT('Ctrl Pts',(-107.17792673934,104.974576109499,34.8330964176827));
#6888=CARTESIAN_POINT('Ctrl Pts',(-107.365355738849,104.558861495857,33.6147184257662));
#6889=CARTESIAN_POINT('Ctrl Pts',(-107.691306231072,104.476162140834,32.820132864343));
#6890=CARTESIAN_POINT('Ctrl Pts',(-107.874752935433,104.492211647827,32.3895846654805));
#6891=CARTESIAN_POINT('Ctrl Pts',(-106.857898883263,105.99823123119,37.2283435571038));
#6892=CARTESIAN_POINT('Ctrl Pts',(-106.900326770881,105.898950294678,37.0073786810214));
#6893=CARTESIAN_POINT('Ctrl Pts',(-106.986993965069,105.697630878608,36.552616345113));
#6894=CARTESIAN_POINT('Ctrl Pts',(-107.121875887796,105.362395564525,35.7557731285545));
#6895=CARTESIAN_POINT('Ctrl Pts',(-107.243472456885,104.974751595838,34.8466152865705));
#6896=CARTESIAN_POINT('Ctrl Pts',(-107.453561334619,104.565630264215,33.6692532317523));
#6897=CARTESIAN_POINT('Ctrl Pts',(-107.79683056899,104.485394324128,32.898041899422));
#6898=CARTESIAN_POINT('Ctrl Pts',(-107.997691756269,104.502967400958,32.4717063285552));
#6899=CARTESIAN_POINT('Ctrl Pts',(-106.986658610195,106.047530509015,37.081069980703));
#6900=CARTESIAN_POINT('Ctrl Pts',(-107.028751094807,105.941232231277,36.8833240393844));
#6901=CARTESIAN_POINT('Ctrl Pts',(-107.115794450082,105.726319722044,36.4632963384557));
#6902=CARTESIAN_POINT('Ctrl Pts',(-107.253675319674,105.373171385019,35.7300728711459));
#6903=CARTESIAN_POINT('Ctrl Pts',(-107.392241118856,104.97296847204,34.8735710086011));
#6904=CARTESIAN_POINT('Ctrl Pts',(-107.650348594237,104.580517786744,33.7761618300286));
#6905=CARTESIAN_POINT('Ctrl Pts',(-108.028578593191,104.50566964904,33.0458301756081));
#6906=CARTESIAN_POINT('Ctrl Pts',(-108.260455846814,104.525956280062,32.62634661218));
#6907=CARTESIAN_POINT('Ctrl Pts',(-107.220503300619,106.104331516572,36.911813440668));
#6908=CARTESIAN_POINT('Ctrl Pts',(-107.263784112379,105.98854787251,36.7375438072006));
#6909=CARTESIAN_POINT('Ctrl Pts',(-107.35433231747,105.754239181885,36.363226513863));
#6910=CARTESIAN_POINT('Ctrl Pts',(-107.505629894032,105.376302432884,35.7065715830409));
#6911=CARTESIAN_POINT('Ctrl Pts',(-107.680687985139,104.966999474149,34.917584434472));
#6912=CARTESIAN_POINT('Ctrl Pts',(-108.009484859063,104.607760155388,33.9273810189302));
#6913=CARTESIAN_POINT('Ctrl Pts',(-108.426654370493,104.540496766779,33.2348685451272));
#6914=CARTESIAN_POINT('Ctrl Pts',(-108.680747912092,104.562727071144,32.8204472337079));
#6915=CARTESIAN_POINT('Ctrl Pts',(-107.515247594755,106.143700268409,36.7874708582059));
#6916=CARTESIAN_POINT('Ctrl Pts',(-107.561066210385,106.018436977142,36.6315435397306));
#6917=CARTESIAN_POINT('Ctrl Pts',(-107.658676650543,105.765047056702,36.2948532795401));
#6918=CARTESIAN_POINT('Ctrl Pts',(-107.829758754295,105.367008433642,35.6975630077706));
#6919=CARTESIAN_POINT('Ctrl Pts',(-108.043888110676,104.961425206733,34.9646952062582));
#6920=CARTESIAN_POINT('Ctrl Pts',(-108.427803605696,104.639561339556,34.0582554868191));
#6921=CARTESIAN_POINT('Ctrl Pts',(-108.858648594704,104.578291364106,33.3802487506459));
#6922=CARTESIAN_POINT('Ctrl Pts',(-109.114049368675,104.600636036484,32.9710413320608));
#6923=CARTESIAN_POINT('Ctrl Pts',(-107.901003550459,106.163334005887,36.7083025719612));
#6924=CARTESIAN_POINT('Ctrl Pts',(-107.950521822618,106.028452365833,36.5661340310906));
#6925=CARTESIAN_POINT('Ctrl Pts',(-108.05778659391,105.757557667554,36.258043608924));
#6926=CARTESIAN_POINT('Ctrl Pts',(-108.249997146381,105.348808079016,35.7024719314904));
#6927=CARTESIAN_POINT('Ctrl Pts',(-108.499591666892,104.960938380972,35.011253061884));
#6928=CARTESIAN_POINT('Ctrl Pts',(-108.919036766353,104.67667453252,34.1597353924653));
#6929=CARTESIAN_POINT('Ctrl Pts',(-109.335172614271,104.619981813716,33.4847579508942));
#6930=CARTESIAN_POINT('Ctrl Pts',(-109.568061080428,104.64035691437,33.0854051425963));
#6931=CARTESIAN_POINT('Ctrl Pts',(-108.433543703693,106.162143767876,36.6810233031134));
#6932=CARTESIAN_POINT('Ctrl Pts',(-108.487008301069,106.018896316396,36.5475014289839));
#6933=CARTESIAN_POINT('Ctrl Pts',(-108.602828435718,105.736076114317,36.2563794472413));
#6934=CARTESIAN_POINT('Ctrl Pts',(-108.806583557878,105.330463968367,35.7204067116188));
#6935=CARTESIAN_POINT('Ctrl Pts',(-109.071767888146,104.970142145117,35.0475639791217));
#6936=CARTESIAN_POINT('Ctrl Pts',(-109.474177204183,104.717362485533,34.217577862479));
#6937=CARTESIAN_POINT('Ctrl Pts',(-109.822496925454,104.662617166405,33.5440313841422));
#6938=CARTESIAN_POINT('Ctrl Pts',(-110.007130136602,104.678770479291,33.1610347418909));
#6939=CARTESIAN_POINT('Ctrl Pts',(-109.169840979624,106.147438608263,36.7096565307379));
#6940=CARTESIAN_POINT('Ctrl Pts',(-109.217674587839,106.000102934287,36.5753548751288));
#6941=CARTESIAN_POINT('Ctrl Pts',(-109.318136488594,105.714356733275,36.2789087943227));
#6942=CARTESIAN_POINT('Ctrl Pts',(-109.491380862609,105.320181673412,35.7254272095035));
#6943=CARTESIAN_POINT('Ctrl Pts',(-109.721478712224,104.985315688687,35.0378083607353));
#6944=CARTESIAN_POINT('Ctrl Pts',(-110.040419229289,104.75617137647,34.2102554960457));
#6945=CARTESIAN_POINT('Ctrl Pts',(-110.298121389782,104.704228915129,33.555854365502));
#6946=CARTESIAN_POINT('Ctrl Pts',(-110.429429207891,104.715716860646,33.2011886541078));
#6947=CARTESIAN_POINT('Ctrl Pts',(-110.089537500326,106.162835722606,36.7555897970089));
#6948=CARTESIAN_POINT('Ctrl Pts',(-110.11454914121,106.00927524277,36.6038162136769));
#6949=CARTESIAN_POINT('Ctrl Pts',(-110.170248842308,105.713225307272,36.2690526074265));
#6950=CARTESIAN_POINT('Ctrl Pts',(-110.284117250875,105.319137057393,35.6628196760358));
#6951=CARTESIAN_POINT('Ctrl Pts',(-110.442306301278,105.002468032882,34.9502147609148));
#6952=CARTESIAN_POINT('Ctrl Pts',(-110.640294024173,104.793661158216,34.137186481663));
#6953=CARTESIAN_POINT('Ctrl Pts',(-110.77884252082,104.746286564412,33.5316631292137));
#6954=CARTESIAN_POINT('Ctrl Pts',(-110.84335047403,104.751930279025,33.2171078915244));
#6955=CARTESIAN_POINT('Ctrl Pts',(-110.728616888516,106.211952507602,36.7529211998917));
#6956=CARTESIAN_POINT('Ctrl Pts',(-110.745990337678,106.040863026261,36.5809685698153));
#6957=CARTESIAN_POINT('Ctrl Pts',(-110.784112074147,105.718712392482,36.2067439418768));
#6958=CARTESIAN_POINT('Ctrl Pts',(-110.855123539937,105.314501073739,35.559763968569));
#6959=CARTESIAN_POINT('Ctrl Pts',(-110.93677236653,105.007575111041,34.8366263192432));
#6960=CARTESIAN_POINT('Ctrl Pts',(-111.018854943353,104.814541378119,34.0511054906715));
#6961=CARTESIAN_POINT('Ctrl Pts',(-111.066442530644,104.771448304902,33.4978083280174));
#6962=CARTESIAN_POINT('Ctrl Pts',(-111.087511561815,104.773291606281,33.217387293959));
#6963=CARTESIAN_POINT('Ctrl Pts',(-111.079963227095,106.242691329199,36.7529211998917));
#6964=CARTESIAN_POINT('Ctrl Pts',(-111.096097508863,106.05827564473,36.5678010774685));
#6965=CARTESIAN_POINT('Ctrl Pts',(-111.125826300391,105.718474002661,36.1684245761068));
#6966=CARTESIAN_POINT('Ctrl Pts',(-111.161702857629,105.308403076991,35.4966936999516));
#6967=CARTESIAN_POINT('Ctrl Pts',(-111.187979192438,105.0080631958,34.7688393800273));
#6968=CARTESIAN_POINT('Ctrl Pts',(-111.204008345886,104.824849133516,34.0027823749419));
#6969=CARTESIAN_POINT('Ctrl Pts',(-111.207599857252,104.783797970754,33.4791866817582));
#6970=CARTESIAN_POINT('Ctrl Pts',(-111.207599857252,104.783797970754,33.217387293959));
#6971=CARTESIAN_POINT('',(-111.079963227095,106.242691329199,36.7529211998917));
#6972=CARTESIAN_POINT('Ctrl Pts',(-106.797769916402,105.970470520211,37.3140345636058));
#6973=CARTESIAN_POINT('Ctrl Pts',(-106.857898883263,105.99823123119,37.2283435571038));
#6974=CARTESIAN_POINT('Ctrl Pts',(-106.986658610195,106.047530509015,37.081069980703));
#6975=CARTESIAN_POINT('Ctrl Pts',(-107.220503300619,106.104331516572,36.911813440668));
#6976=CARTESIAN_POINT('Ctrl Pts',(-107.515247594755,106.143700268409,36.7874708582059));
#6977=CARTESIAN_POINT('Ctrl Pts',(-107.901003550459,106.163334005887,36.7083025719612));
#6978=CARTESIAN_POINT('Ctrl Pts',(-108.433543703693,106.162143767876,36.6810233031134));
#6979=CARTESIAN_POINT('Ctrl Pts',(-109.169840979624,106.147438608263,36.7096565307379));
#6980=CARTESIAN_POINT('Ctrl Pts',(-110.089537500326,106.162835722606,36.7555897970089));
#6981=CARTESIAN_POINT('Ctrl Pts',(-110.728616888516,106.211952507602,36.7529211998917));
#6982=CARTESIAN_POINT('Ctrl Pts',(-111.079963227095,106.242691329199,36.7529211998917));
#6983=CARTESIAN_POINT('',(-111.207599857252,104.783797970754,33.217387293959));
#6984=CARTESIAN_POINT('Origin',(-110.771821143514,109.764771461212,33.217387293959));
#6985=CARTESIAN_POINT('Ctrl Pts',(-111.207599857252,104.783797970754,33.217387293959));
#6986=CARTESIAN_POINT('Ctrl Pts',(-111.182305514513,104.781585002513,33.217387293959));
#6987=CARTESIAN_POINT('Ctrl Pts',(-111.157006740713,104.779371646604,33.2173869828506));
#6988=CARTESIAN_POINT('Ctrl Pts',(-111.131560490257,104.77714538816,33.2173573631011));
#6989=CARTESIAN_POINT('Ctrl Pts',(-111.105178569524,104.774837269174,33.2173266542199));
#6990=CARTESIAN_POINT('Ctrl Pts',(-111.078638335405,104.772515299561,33.2172644528492));
#6991=CARTESIAN_POINT('Ctrl Pts',(-111.051835811106,104.770170382531,33.2171423658745));
#6992=CARTESIAN_POINT('Ctrl Pts',(-111.022797376006,104.767629848653,33.2170100942029));
#6993=CARTESIAN_POINT('Ctrl Pts',(-110.99345100118,104.76506237354,33.2168075182401));
#6994=CARTESIAN_POINT('Ctrl Pts',(-110.963727823695,104.762461932466,33.216503089131));
#6995=CARTESIAN_POINT('Ctrl Pts',(-110.932269983671,104.759709728085,33.2161808933557));
#6996=CARTESIAN_POINT('Ctrl Pts',(-110.900390509669,104.756920635511,33.2157446310414));
#6997=CARTESIAN_POINT('Ctrl Pts',(-110.868072811672,104.754093203305,33.2151617020334));
#6998=CARTESIAN_POINT('Ctrl Pts',(-110.832558751719,104.750986125663,33.214521118792));
#6999=CARTESIAN_POINT('Ctrl Pts',(-110.796516019457,104.747832795188,33.213703442134));
#7000=CARTESIAN_POINT('Ctrl Pts',(-110.7599920327,104.7446373604,33.2126707660035));
#7001=CARTESIAN_POINT('Ctrl Pts',(-110.718098608676,104.740972160721,33.2114862748553));
#7002=CARTESIAN_POINT('Ctrl Pts',(-110.675573385445,104.737251685775,33.2100189770176));
#7003=CARTESIAN_POINT('Ctrl Pts',(-110.63256130413,104.733488616265,33.2082179092543));
#7004=CARTESIAN_POINT('Ctrl Pts',(-110.577256112327,104.728650038948,33.2059020855356));
#7005=CARTESIAN_POINT('Ctrl Pts',(-110.521152786531,104.723741633955,33.2030347283012));
#7006=CARTESIAN_POINT('Ctrl Pts',(-110.464613837941,104.718795116906,33.1995149710846));
#7007=CARTESIAN_POINT('Ctrl Pts',(-110.424383632374,104.715275429987,33.1970104930231));
#7008=CARTESIAN_POINT('Ctrl Pts',(-110.383934806054,104.711736616231,33.1941759214673));
#7009=CARTESIAN_POINT('Ctrl Pts',(-110.343367740841,104.708187457913,33.190974364497));
#7010=CARTESIAN_POINT('Ctrl Pts',(-110.307525005219,104.705051624876,33.1881456521051));
#7011=CARTESIAN_POINT('Ctrl Pts',(-110.271590567134,104.701907768913,33.1850305082599));
#7012=CARTESIAN_POINT('Ctrl Pts',(-110.235593137871,104.698758401937,33.1816016366944));
#7013=CARTESIAN_POINT('Ctrl Pts',(-110.202167444723,104.695834032716,33.1784177313119));
#7014=CARTESIAN_POINT('Ctrl Pts',(-110.168687828492,104.692904945836,33.1749633556287));
#7015=CARTESIAN_POINT('Ctrl Pts',(-110.135133410685,104.689969314667,33.1712143851723));
#7016=CARTESIAN_POINT('Ctrl Pts',(-110.088158757197,104.685859565014,33.1659659976382));
#7017=CARTESIAN_POINT('Ctrl Pts',(-110.041034617513,104.681736737013,33.1601391456479));
#7018=CARTESIAN_POINT('Ctrl Pts',(-109.993571339686,104.677584238269,33.1536639720157));
#7019=CARTESIAN_POINT('Ctrl Pts',(-109.956728699203,104.674360924893,33.148637717928));
#7020=CARTESIAN_POINT('Ctrl Pts',(-109.919681299112,104.671119697372,33.1432211600955));
#7021=CARTESIAN_POINT('Ctrl Pts',(-109.882394496683,104.66785752486,33.1373943161664));
#7022=CARTESIAN_POINT('Ctrl Pts',(-109.842818957904,104.664395113864,33.1312098092403));
#7023=CARTESIAN_POINT('Ctrl Pts',(-109.802974088738,104.660909139512,33.1245631878413));
#7024=CARTESIAN_POINT('Ctrl Pts',(-109.762875404295,104.657400959201,33.1174426222693));
#7025=CARTESIAN_POINT('Ctrl Pts',(-109.71894581354,104.653557618017,33.1096417795266));
#7026=CARTESIAN_POINT('Ctrl Pts',(-109.674712098093,104.64968766937,33.1012722313207));
#7027=CARTESIAN_POINT('Ctrl Pts',(-109.630254604339,104.645798142657,33.0923309252481));
#7028=CARTESIAN_POINT('Ctrl Pts',(-109.575673248094,104.641022892746,33.0813535045517));
#7029=CARTESIAN_POINT('Ctrl Pts',(-109.520755440746,104.636218207177,33.0695145144503));
#7030=CARTESIAN_POINT('Ctrl Pts',(-109.465728381335,104.631403963292,33.0568240308083));
#7031=CARTESIAN_POINT('Ctrl Pts',(-109.395033668868,104.62521897738,33.0405202322454));
#7032=CARTESIAN_POINT('Ctrl Pts',(-109.324167749024,104.619019012763,33.0228132065719));
#7033=CARTESIAN_POINT('Ctrl Pts',(-109.253657863106,104.612850197079,33.0037299607291));
#7034=CARTESIAN_POINT('Ctrl Pts',(-109.207054301128,104.608772913726,32.9911168750771));
#7035=CARTESIAN_POINT('Ctrl Pts',(-109.160607237511,104.604709322205,32.9779026906548));
#7036=CARTESIAN_POINT('Ctrl Pts',(-109.11443523078,104.600669795044,32.9640865563573));
#7037=CARTESIAN_POINT('Ctrl Pts',(-109.072967769137,104.597041862245,32.9516781717191));
#7038=CARTESIAN_POINT('Ctrl Pts',(-109.03172273072,104.593433388957,32.9387843674606));
#7039=CARTESIAN_POINT('Ctrl Pts',(-108.990745136612,104.589848314014,32.9253948272948));
#7040=CARTESIAN_POINT('Ctrl Pts',(-108.952525288108,104.586504510548,32.9129063879947));
#7041=CARTESIAN_POINT('Ctrl Pts',(-108.914538459327,104.583181093666,32.8999867666676));
#7042=CARTESIAN_POINT('Ctrl Pts',(-108.876777364064,104.579877425908,32.8866174081646));
#7043=CARTESIAN_POINT('Ctrl Pts',(-108.83251534706,104.576005001196,32.870946390964));
#7044=CARTESIAN_POINT('Ctrl Pts',(-108.788559730573,104.572159383055,32.8546558395223));
#7045=CARTESIAN_POINT('Ctrl Pts',(-108.744830650859,104.568333584313,32.8377030133828));
#7046=CARTESIAN_POINT('Ctrl Pts',(-108.703976849861,104.564759339864,32.8218648711219));
#7047=CARTESIAN_POINT('Ctrl Pts',(-108.6633194917,104.561202281936,32.80544848929));
#7048=CARTESIAN_POINT('Ctrl Pts',(-108.622845536775,104.557661269712,32.7884444598994));
#7049=CARTESIAN_POINT('Ctrl Pts',(-108.579486143246,104.553867814321,32.7702281920974));
#7050=CARTESIAN_POINT('Ctrl Pts',(-108.536337675548,104.550092812549,32.7513377379726));
#7051=CARTESIAN_POINT('Ctrl Pts',(-108.493442858878,104.546340002366,32.7317884311457));
#7052=CARTESIAN_POINT('Ctrl Pts',(-108.445859679323,104.542177013581,32.7101024035752));
#7053=CARTESIAN_POINT('Ctrl Pts',(-108.398589370692,104.538041397454,32.6876060372043));
#7054=CARTESIAN_POINT('Ctrl Pts',(-108.351751318253,104.533943598844,32.6643473829606));
#7055=CARTESIAN_POINT('Ctrl Pts',(-108.281467956554,104.527794601461,32.6294463500677));
#7056=CARTESIAN_POINT('Ctrl Pts',(-108.212159765129,104.521730920422,32.5928304833811));
#7057=CARTESIAN_POINT('Ctrl Pts',(-108.144357272371,104.515798970947,32.5547120698283));
#7058=CARTESIAN_POINT('Ctrl Pts',(-108.097785103152,104.511724434104,32.5285292978665));
#7059=CARTESIAN_POINT('Ctrl Pts',(-108.051926992309,104.507712369275,32.5016391049281));
#7060=CARTESIAN_POINT('Ctrl Pts',(-108.006945535621,104.503777001746,32.4741016823876));
#7061=CARTESIAN_POINT('Ctrl Pts',(-107.965839706542,104.500180707696,32.4489368996623));
#7062=CARTESIAN_POINT('Ctrl Pts',(-107.92546716297,104.496648567816,32.4232321583324));
#7063=CARTESIAN_POINT('Ctrl Pts',(-107.885917697564,104.493188437945,32.3970142078509));
#7064=CARTESIAN_POINT('Ctrl Pts',(-107.88218881036,104.492862202587,32.394542271023));
#7065=CARTESIAN_POINT('Ctrl Pts',(-107.878467205514,104.492536604353,32.392065753505));
#7066=CARTESIAN_POINT('Ctrl Pts',(-107.874752935433,104.492211647827,32.3895846654805));
#7067=CARTESIAN_POINT('Ctrl Pts',(-106.797769916402,105.970470520211,37.3140345636058));
#7068=CARTESIAN_POINT('Ctrl Pts',(-106.857898883263,105.99823123119,37.2283435571038));
#7069=CARTESIAN_POINT('Ctrl Pts',(-106.986658610195,106.047530509015,37.081069980703));
#7070=CARTESIAN_POINT('Ctrl Pts',(-107.220503300619,106.104331516572,36.911813440668));
#7071=CARTESIAN_POINT('Ctrl Pts',(-107.515247594755,106.143700268409,36.7874708582059));
#7072=CARTESIAN_POINT('Ctrl Pts',(-107.901003550459,106.163334005887,36.7083025719612));
#7073=CARTESIAN_POINT('Ctrl Pts',(-108.433543703693,106.162143767876,36.6810233031134));
#7074=CARTESIAN_POINT('Ctrl Pts',(-109.169840979624,106.147438608263,36.7096565307379));
#7075=CARTESIAN_POINT('Ctrl Pts',(-110.089537500326,106.162835722606,36.7555897970089));
#7076=CARTESIAN_POINT('Ctrl Pts',(-110.728616888516,106.211952507602,36.7529211998917));
#7077=CARTESIAN_POINT('Ctrl Pts',(-111.079963227095,106.242691329199,36.7529211998917));
#7078=CARTESIAN_POINT('Ctrl Pts',(-106.890945394574,106.128658802303,37.3559897403313));
#7079=CARTESIAN_POINT('Ctrl Pts',(-106.952345024733,106.152985441957,37.2819015477248));
#7080=CARTESIAN_POINT('Ctrl Pts',(-107.084854696461,106.196362558096,37.1531112816393));
#7081=CARTESIAN_POINT('Ctrl Pts',(-107.32638741681,106.246901166977,37.0046058865324));
#7082=CARTESIAN_POINT('Ctrl Pts',(-107.629561272431,106.282475472393,36.8966109724251));
#7083=CARTESIAN_POINT('Ctrl Pts',(-108.024778174251,106.300960806878,36.8314062587272));
#7084=CARTESIAN_POINT('Ctrl Pts',(-108.564646436901,106.301774767884,36.8169334068146));
#7085=CARTESIAN_POINT('Ctrl Pts',(-109.286624716162,106.293754813096,36.8538861202929));
#7086=CARTESIAN_POINT('Ctrl Pts',(-110.156516172176,106.322917693543,36.9081060065501));
#7087=CARTESIAN_POINT('Ctrl Pts',(-110.744368689827,106.385940072835,36.9248738299682));
#7088=CARTESIAN_POINT('Ctrl Pts',(-111.063828945328,106.427107013667,36.938041322315));
#7089=CARTESIAN_POINT('Ctrl Pts',(-107.096014984938,106.473677460685,37.4488465745769));
#7090=CARTESIAN_POINT('Ctrl Pts',(-107.161209935438,106.49145245394,37.3939413906396));
#7091=CARTESIAN_POINT('Ctrl Pts',(-107.302328712277,106.523549309731,37.2973392224443));
#7092=CARTESIAN_POINT('Ctrl Pts',(-107.558088546107,106.562160760426,37.1870662271686));
#7093=CARTESIAN_POINT('Ctrl Pts',(-107.877933514641,106.590550488995,37.1116857005232));
#7094=CARTESIAN_POINT('Ctrl Pts',(-108.2936858594,106.606788373892,37.0765842921383));
#7095=CARTESIAN_POINT('Ctrl Pts',(-108.837887472044,106.610619516456,37.0861969590504));
#7096=CARTESIAN_POINT('Ctrl Pts',(-109.518426656788,106.616201569182,37.136305788194));
#7097=CARTESIAN_POINT('Ctrl Pts',(-110.280805518481,106.67339239472,37.2044502076155));
#7098=CARTESIAN_POINT('Ctrl Pts',(-110.770001537438,106.763836761637,37.2491211115828));
#7099=CARTESIAN_POINT('Ctrl Pts',(-111.029020989716,106.824963766866,37.2791409514539));
#7100=CARTESIAN_POINT('Ctrl Pts',(-107.48647399192,107.132587453387,37.6275100409123));
#7101=CARTESIAN_POINT('Ctrl Pts',(-107.558322109024,107.139717930021,37.594160334694));
#7102=CARTESIAN_POINT('Ctrl Pts',(-107.713945693354,107.153511778879,37.5366592691889));
#7103=CARTESIAN_POINT('Ctrl Pts',(-107.995805808832,107.171890137238,37.4785886132817));
#7104=CARTESIAN_POINT('Ctrl Pts',(-108.340961576446,107.185062269501,37.4496498181709));
#7105=CARTESIAN_POINT('Ctrl Pts',(-108.76444692595,107.189931284952,37.4506268476821));
#7106=CARTESIAN_POINT('Ctrl Pts',(-109.273929975513,107.190211524091,37.4809731550011));
#7107=CARTESIAN_POINT('Ctrl Pts',(-109.849997634728,107.210393703801,37.535792609707));
#7108=CARTESIAN_POINT('Ctrl Pts',(-110.424499126092,107.297447742048,37.6050477558108));
#7109=CARTESIAN_POINT('Ctrl Pts',(-110.783107470498,107.414434713904,37.6579833412679));
#7110=CARTESIAN_POINT('Ctrl Pts',(-110.970475786278,107.494138504236,37.6907782814413));
#7111=CARTESIAN_POINT('Ctrl Pts',(-108.015145090056,108.014798785935,37.859204115349));
#7112=CARTESIAN_POINT('Ctrl Pts',(-108.096221996053,108.010725331628,37.8445285349966));
#7113=CARTESIAN_POINT('Ctrl Pts',(-108.269202157659,108.002862757243,37.8217667461714));
#7114=CARTESIAN_POINT('Ctrl Pts',(-108.565903685227,107.986797628528,37.8056565012451));
#7115=CARTESIAN_POINT('Ctrl Pts',(-108.904466125718,107.962494659821,37.8056795022039));
#7116=CARTESIAN_POINT('Ctrl Pts',(-109.285721167033,107.931714394327,37.8204717066322));
#7117=CARTESIAN_POINT('Ctrl Pts',(-109.69852846628,107.909392090646,37.8486043700509));
#7118=CARTESIAN_POINT('Ctrl Pts',(-110.114089121984,107.927732006403,37.8876594364452));
#7119=CARTESIAN_POINT('Ctrl Pts',(-110.506392940891,108.01840227031,37.933388992422));
#7120=CARTESIAN_POINT('Ctrl Pts',(-110.770065030639,108.139193565939,37.9708575221404));
#7121=CARTESIAN_POINT('Ctrl Pts',(-110.907039102413,108.219223118728,37.9922654121858));
#7122=CARTESIAN_POINT('Ctrl Pts',(-108.715087640016,109.241363536755,38.1437807591699));
#7123=CARTESIAN_POINT('Ctrl Pts',(-108.787440920913,109.200865042807,38.1383005586054));
#7124=CARTESIAN_POINT('Ctrl Pts',(-108.937199635345,109.120370019506,38.1297014945437));
#7125=CARTESIAN_POINT('Ctrl Pts',(-109.178678044479,109.001960701776,38.1228925967535));
#7126=CARTESIAN_POINT('Ctrl Pts',(-109.436247474667,108.891903253848,38.1215822380036));
#7127=CARTESIAN_POINT('Ctrl Pts',(-109.705037237007,108.803156462117,38.1251958304834));
#7128=CARTESIAN_POINT('Ctrl Pts',(-109.977759397723,108.754242099289,38.1328831898628));
#7129=CARTESIAN_POINT('Ctrl Pts',(-110.251728199911,108.761055800037,38.1434519160695));
#7130=CARTESIAN_POINT('Ctrl Pts',(-110.536702459286,108.832743754241,38.1579716627751));
#7131=CARTESIAN_POINT('Ctrl Pts',(-110.738687125944,108.924969745517,38.1703106713802));
#7132=CARTESIAN_POINT('Ctrl Pts',(-110.840272835148,108.98236504563,38.1761793224239));
#7133=CARTESIAN_POINT('Ctrl Pts',(-109.018707684425,109.935710129124,38.217387293959));
#7134=CARTESIAN_POINT('Ctrl Pts',(-109.079741376433,109.881636191217,38.217387293959));
#7135=CARTESIAN_POINT('Ctrl Pts',(-109.205910588162,109.779069885395,38.217387293959));
#7136=CARTESIAN_POINT('Ctrl Pts',(-109.407051137929,109.646785291505,38.217387293959));
#7137=CARTESIAN_POINT('Ctrl Pts',(-109.619133520901,109.54076677845,38.217387293959));
#7138=CARTESIAN_POINT('Ctrl Pts',(-109.840811222663,109.465082512169,38.217387293959));
#7139=CARTESIAN_POINT('Ctrl Pts',(-110.070650309208,109.422394517821,38.217387293959));
#7140=CARTESIAN_POINT('Ctrl Pts',(-110.307326012112,109.413627785694,38.217387293959));
#7141=CARTESIAN_POINT('Ctrl Pts',(-110.549404617619,109.438665019274,38.217387293959));
#7142=CARTESIAN_POINT('Ctrl Pts',(-110.712947014749,109.478128445518,38.217387293959));
#7143=CARTESIAN_POINT('Ctrl Pts',(-110.794638463609,109.503968299123,38.217387293959));
#7144=CARTESIAN_POINT('Ctrl Pts',(-109.177916692633,110.305829115285,38.217387293959));
#7145=CARTESIAN_POINT('Ctrl Pts',(-109.231136462551,110.257062181035,38.217387293959));
#7146=CARTESIAN_POINT('Ctrl Pts',(-109.342634073275,110.165048465723,38.217387293959));
#7147=CARTESIAN_POINT('Ctrl Pts',(-109.523260706188,110.045068811435,38.217387293959));
#7148=CARTESIAN_POINT('Ctrl Pts',(-109.715329430009,109.944417489448,38.217387293959));
#7149=CARTESIAN_POINT('Ctrl Pts',(-109.916779504164,109.864174393101,38.217387293959));
#7150=CARTESIAN_POINT('Ctrl Pts',(-110.125449495396,109.805200486607,38.217387293959));
#7151=CARTESIAN_POINT('Ctrl Pts',(-110.33910050161,109.768128518328,38.217387293959));
#7152=CARTESIAN_POINT('Ctrl Pts',(-110.555440229972,109.753356250656,38.217387293959));
#7153=CARTESIAN_POINT('Ctrl Pts',(-110.699911632696,109.758480194216,38.217387293959));
#7154=CARTESIAN_POINT('Ctrl Pts',(-110.771821143514,109.764771461212,38.217387293959));
#7155=CARTESIAN_POINT('',(-109.177916692633,110.305829115285,38.217387293959));
#7156=CARTESIAN_POINT('Ctrl Pts',(-106.797769916402,105.970470520211,37.3140345636058));
#7157=CARTESIAN_POINT('Ctrl Pts',(-106.890945394574,106.128658802303,37.3559897403313));
#7158=CARTESIAN_POINT('Ctrl Pts',(-107.096014984938,106.473677460685,37.4488465745769));
#7159=CARTESIAN_POINT('Ctrl Pts',(-107.48647399192,107.132587453387,37.6275100409123));
#7160=CARTESIAN_POINT('Ctrl Pts',(-108.015145090056,108.014798785935,37.859204115349));
#7161=CARTESIAN_POINT('Ctrl Pts',(-108.715087640016,109.241363536755,38.1437807591699));
#7162=CARTESIAN_POINT('Ctrl Pts',(-109.018707684425,109.935710129124,38.217387293959));
#7163=CARTESIAN_POINT('Ctrl Pts',(-109.177916692633,110.305829115285,38.217387293959));
#7164=CARTESIAN_POINT('',(-110.771821143514,109.764771461212,38.217387293959));
#7165=CARTESIAN_POINT('Origin',(-110.589692446247,111.846511996808,38.217387293959));
#7166=CARTESIAN_POINT('Origin',(-110.771821143514,109.764771461212,33.217387293959));
#7167=CARTESIAN_POINT('Ctrl Pts',(-98.4466357560107,142.275320488667,15.7458204580361));
#7168=CARTESIAN_POINT('Ctrl Pts',(-98.5182843514036,142.397004027603,15.7253836568395));
#7169=CARTESIAN_POINT('Ctrl Pts',(-98.6701757846353,142.654864662758,15.6849386384193));
#7170=CARTESIAN_POINT('Ctrl Pts',(-98.9282778974292,143.093210088784,15.6262570718873));
#7171=CARTESIAN_POINT('Ctrl Pts',(-99.2144576689466,143.581226502632,15.5703631885775));
#7172=CARTESIAN_POINT('Ctrl Pts',(-99.5217163340163,144.109658035356,15.5187068791271));
#7173=CARTESIAN_POINT('Ctrl Pts',(-99.8440749873474,144.669857732003,15.4731877139856));
#7174=CARTESIAN_POINT('Ctrl Pts',(-100.193175891485,145.276806383297,15.4358501730453));
#7175=CARTESIAN_POINT('Ctrl Pts',(-100.612580197352,145.987851621299,15.4074597671847));
#7176=CARTESIAN_POINT('Ctrl Pts',(-101.103009464557,146.790810330682,15.3882939453609));
#7177=CARTESIAN_POINT('Ctrl Pts',(-101.617533013308,147.596207826172,15.379370935118));
#7178=CARTESIAN_POINT('Ctrl Pts',(-102.162751110276,148.389747334707,15.3800749803446));
#7179=CARTESIAN_POINT('Ctrl Pts',(-102.73085053722,149.160691998765,15.3860991753913));
#7180=CARTESIAN_POINT('Ctrl Pts',(-103.05014951214,149.576682705009,15.3889601692128));
#7181=CARTESIAN_POINT('Ctrl Pts',(-103.211237331682,149.787088662764,15.3889601692128));
#7182=CARTESIAN_POINT('Ctrl Pts',(-98.4542922699691,142.028760214601,15.524114858822));
#7183=CARTESIAN_POINT('Ctrl Pts',(-98.5301532981638,142.160572039291,15.5090833007835));
#7184=CARTESIAN_POINT('Ctrl Pts',(-98.6907325816984,142.438240062211,15.4788949584011));
#7185=CARTESIAN_POINT('Ctrl Pts',(-98.9633801944805,142.906197178878,15.4337146916281));
#7186=CARTESIAN_POINT('Ctrl Pts',(-99.2650845731268,143.423139135236,15.3900608524798));
#7187=CARTESIAN_POINT('Ctrl Pts',(-99.5879478861444,143.978575657699,15.3496078533165));
#7188=CARTESIAN_POINT('Ctrl Pts',(-99.9250800168193,144.562469148175,15.3141800353403));
#7189=CARTESIAN_POINT('Ctrl Pts',(-100.289479629027,145.19156316386,15.2853229242141));
#7190=CARTESIAN_POINT('Ctrl Pts',(-100.726476934395,145.925566895922,15.2631549186128));
#7191=CARTESIAN_POINT('Ctrl Pts',(-101.231178511274,146.744316032418,15.2484191369541));
#7192=CARTESIAN_POINT('Ctrl Pts',(-101.749833433283,147.549265251309,15.2418945086974));
#7193=CARTESIAN_POINT('Ctrl Pts',(-102.293918082063,148.334339942139,15.2420674664953));
#7194=CARTESIAN_POINT('Ctrl Pts',(-102.858264026118,149.093087102603,15.2442773908522));
#7195=CARTESIAN_POINT('Ctrl Pts',(-103.171355915145,149.494761862278,15.2429209615234));
#7196=CARTESIAN_POINT('Ctrl Pts',(-103.328827600328,149.697060983997,15.2408640712742));
#7197=CARTESIAN_POINT('Ctrl Pts',(-98.4834867734312,141.537766504507,15.151500527683));
#7198=CARTESIAN_POINT('Ctrl Pts',(-98.5688402581454,141.689174338516,15.1434485856556));
#7199=CARTESIAN_POINT('Ctrl Pts',(-98.7493528177972,142.006268242112,15.1265522233143));
#7200=CARTESIAN_POINT('Ctrl Pts',(-99.055284819436,142.535121723774,15.1004396806259));
#7201=CARTESIAN_POINT('Ctrl Pts',(-99.3926040082321,143.113195102922,15.0749165372891));
#7202=CARTESIAN_POINT('Ctrl Pts',(-99.7510305000334,143.72668632174,15.051328437052));
#7203=CARTESIAN_POINT('Ctrl Pts',(-100.121668990633,144.36179702372,15.0306940872226));
#7204=CARTESIAN_POINT('Ctrl Pts',(-100.520843839755,145.039523826662,15.0130839081789));
#7205=CARTESIAN_POINT('Ctrl Pts',(-100.995098187044,145.820980978241,14.9994034498965));
#7206=CARTESIAN_POINT('Ctrl Pts',(-101.526731109941,146.667639626027,14.9905552247821));
#7207=CARTESIAN_POINT('Ctrl Pts',(-102.049197132102,147.46406007378,14.9864223075779));
#7208=CARTESIAN_POINT('Ctrl Pts',(-102.586804853373,148.225240179826,14.9843882156302));
#7209=CARTESIAN_POINT('Ctrl Pts',(-103.137954911403,148.951319114267,14.9799860835549));
#7210=CARTESIAN_POINT('Ctrl Pts',(-103.43424551825,149.319018605912,14.9726737586447));
#7211=CARTESIAN_POINT('Ctrl Pts',(-103.582515797329,149.502836072619,14.9679843679631));
#7212=CARTESIAN_POINT('Ctrl Pts',(-98.5693733084214,140.764198263844,14.7403653203787));
#7213=CARTESIAN_POINT('Ctrl Pts',(-98.6745323671015,140.948784809286,14.737394784858));
#7214=CARTESIAN_POINT('Ctrl Pts',(-98.8969531852287,141.335215610871,14.7309212664701));
#7215=CARTESIAN_POINT('Ctrl Pts',(-99.2738423022325,141.978229493726,14.7202836925298));
#7216=CARTESIAN_POINT('Ctrl Pts',(-99.6856669574283,142.673571169183,14.7093648018865));
#7217=CARTESIAN_POINT('Ctrl Pts',(-100.116068484393,143.396286371367,14.6985725235155));
#7218=CARTESIAN_POINT('Ctrl Pts',(-100.548116214727,144.121561415011,14.6883555542873));
#7219=CARTESIAN_POINT('Ctrl Pts',(-101.004920342007,144.87867822015,14.6796454544026));
#7220=CARTESIAN_POINT('Ctrl Pts',(-101.532375353936,145.727167696719,14.6731295898337));
#7221=CARTESIAN_POINT('Ctrl Pts',(-102.088132841237,146.593188565707,14.6689592385353));
#7222=CARTESIAN_POINT('Ctrl Pts',(-102.594745461805,147.348285445896,14.6659745586688));
#7223=CARTESIAN_POINT('Ctrl Pts',(-103.107868748915,148.056766028642,14.6616910390922));
#7224=CARTESIAN_POINT('Ctrl Pts',(-103.619408653076,148.713840979482,14.653000159325));
#7225=CARTESIAN_POINT('Ctrl Pts',(-103.880201345745,149.023865787454,14.6437973922868));
#7226=CARTESIAN_POINT('Ctrl Pts',(-104.009206386938,149.176159692195,14.6386745039731));
#7227=CARTESIAN_POINT('Ctrl Pts',(-98.6939179319164,139.910974686677,14.446672110815));
#7228=CARTESIAN_POINT('Ctrl Pts',(-98.8308440698951,140.143230080697,14.4457946057981));
#7229=CARTESIAN_POINT('Ctrl Pts',(-99.1199123355641,140.630808040938,14.4436177757284));
#7230=CARTESIAN_POINT('Ctrl Pts',(-99.6040239813608,141.438697701855,14.4394403933419));
#7231=CARTESIAN_POINT('Ctrl Pts',(-100.118883431869,142.293499431257,14.4347622931416));
#7232=CARTESIAN_POINT('Ctrl Pts',(-100.633743083126,143.148568558897,14.430145804055));
#7233=CARTESIAN_POINT('Ctrl Pts',(-101.124684056317,143.964735726664,14.4261856160342));
#7234=CARTESIAN_POINT('Ctrl Pts',(-101.632531625749,144.795550673721,14.4232615956877));
#7235=CARTESIAN_POINT('Ctrl Pts',(-102.195778594097,145.689056035073,14.4214653920001));
#7236=CARTESIAN_POINT('Ctrl Pts',(-102.746080212545,146.535407979825,14.4202650621746));
#7237=CARTESIAN_POINT('Ctrl Pts',(-103.213660974439,147.22140029393,14.4184423050142));
#7238=CARTESIAN_POINT('Ctrl Pts',(-103.687905418483,147.866297904414,14.4144021102433));
#7239=CARTESIAN_POINT('Ctrl Pts',(-104.145974957364,148.447415085974,14.4071245963481));
#7240=CARTESIAN_POINT('Ctrl Pts',(-104.365989679541,148.701733619345,14.4008289198167));
#7241=CARTESIAN_POINT('Ctrl Pts',(-104.471547184335,148.822189340155,14.3974847993775));
#7242=CARTESIAN_POINT('Ctrl Pts',(-98.8978107603924,139.152086512344,14.2563268798414));
#7243=CARTESIAN_POINT('Ctrl Pts',(-99.0785731588211,139.450494610584,14.2564859500468));
#7244=CARTESIAN_POINT('Ctrl Pts',(-99.4560092166976,140.072718401108,14.2566361147838));
#7245=CARTESIAN_POINT('Ctrl Pts',(-100.067596271924,141.075577139228,14.2566111090397));
#7246=CARTESIAN_POINT('Ctrl Pts',(-100.687760002281,142.089990221677,14.2565904342496));
#7247=CARTESIAN_POINT('Ctrl Pts',(-101.273938403709,143.048694105821,14.2567568651097));
#7248=CARTESIAN_POINT('Ctrl Pts',(-101.805361611557,143.915686078196,14.2571858783969));
#7249=CARTESIAN_POINT('Ctrl Pts',(-102.351128451828,144.785720328762,14.2578178647638));
#7250=CARTESIAN_POINT('Ctrl Pts',(-102.925832020693,145.674695998103,14.2583728508328));
#7251=CARTESIAN_POINT('Ctrl Pts',(-103.445671155582,146.455246541205,14.2584118288553));
#7252=CARTESIAN_POINT('Ctrl Pts',(-103.871650261148,147.064678275341,14.2574936597484));
#7253=CARTESIAN_POINT('Ctrl Pts',(-104.311833257013,147.654937612681,14.2555207465653));
#7254=CARTESIAN_POINT('Ctrl Pts',(-104.708227887717,148.158972319753,14.253072288035));
#7255=CARTESIAN_POINT('Ctrl Pts',(-104.877675160016,148.356938696597,14.251270411504));
#7256=CARTESIAN_POINT('Ctrl Pts',(-104.958154733246,148.449640245715,14.2503536711871));
#7257=CARTESIAN_POINT('Ctrl Pts',(-99.1148332519383,138.980603551674,14.217387293959));
#7258=CARTESIAN_POINT('Ctrl Pts',(-99.3243080289098,139.307946284701,14.217387293959));
#7259=CARTESIAN_POINT('Ctrl Pts',(-99.7583702500574,139.987272759658,14.217387293959));
#7260=CARTESIAN_POINT('Ctrl Pts',(-100.446577359853,141.063093706784,14.217387293959));
#7261=CARTESIAN_POINT('Ctrl Pts',(-101.125681199376,142.122876957648,14.217387293959));
#7262=CARTESIAN_POINT('Ctrl Pts',(-101.749426341368,143.093839142114,14.217387293959));
#7263=CARTESIAN_POINT('Ctrl Pts',(-102.308311716626,143.957499061961,14.217387293959));
#7264=CARTESIAN_POINT('Ctrl Pts',(-102.881778413855,144.826633188258,14.217387293959));
#7265=CARTESIAN_POINT('Ctrl Pts',(-103.458121089266,145.682905608736,14.217387293959));
#7266=CARTESIAN_POINT('Ctrl Pts',(-103.952455417384,146.402012609564,14.217387293959));
#7267=CARTESIAN_POINT('Ctrl Pts',(-104.353556665214,146.965158551887,14.217387293959));
#7268=CARTESIAN_POINT('Ctrl Pts',(-104.754934570855,147.507644597833,14.217387293959));
#7269=CARTESIAN_POINT('Ctrl Pts',(-105.091616782696,147.948485490945,14.217387293959));
#7270=CARTESIAN_POINT('Ctrl Pts',(-105.227066603851,148.116611887506,14.217387293959));
#7271=CARTESIAN_POINT('Ctrl Pts',(-105.29074828071,148.195005016151,14.217387293959));
#7272=CARTESIAN_POINT('Ctrl Pts',(-99.2280374603869,138.898670803343,14.217387293959));
#7273=CARTESIAN_POINT('Ctrl Pts',(-99.4550294145832,139.241902929675,14.217387293959));
#7274=CARTESIAN_POINT('Ctrl Pts',(-99.923419400159,139.952195065803,14.217387293959));
#7275=CARTESIAN_POINT('Ctrl Pts',(-100.657188298195,141.066483759373,14.217387293959));
#7276=CARTESIAN_POINT('Ctrl Pts',(-101.370279462286,142.148798475906,14.217387293959));
#7277=CARTESIAN_POINT('Ctrl Pts',(-102.01449819726,143.124233898566,14.217387293959));
#7278=CARTESIAN_POINT('Ctrl Pts',(-102.58887398542,143.987930162613,14.217387293959));
#7279=CARTESIAN_POINT('Ctrl Pts',(-103.174018004034,144.855954413953,14.217387293959));
#7280=CARTESIAN_POINT('Ctrl Pts',(-103.744588298136,145.691585078578,14.217387293959));
#7281=CARTESIAN_POINT('Ctrl Pts',(-104.218495299127,146.375638287587,14.217387293959));
#7282=CARTESIAN_POINT('Ctrl Pts',(-104.601731215202,146.914512783867,14.217387293959));
#7283=CARTESIAN_POINT('Ctrl Pts',(-104.979036768869,147.431286755836,14.217387293959));
#7284=CARTESIAN_POINT('Ctrl Pts',(-105.284199539998,147.841501677302,14.217387293959));
#7285=CARTESIAN_POINT('Ctrl Pts',(-105.401970498652,147.995749365234,14.217387293959));
#7286=CARTESIAN_POINT('Ctrl Pts',(-105.457046033433,148.067686651849,14.217387293959));
#7287=CARTESIAN_POINT('',(-98.4466357560107,142.275320488667,15.7458204580361));
#7288=CARTESIAN_POINT('',(-103.211237331682,149.787088662764,15.3889601692128));
#7289=CARTESIAN_POINT('Ctrl Pts',(-98.4466357560107,142.275320488667,15.7458204580361));
#7290=CARTESIAN_POINT('Ctrl Pts',(-98.5182843514036,142.397004027603,15.7253836568395));
#7291=CARTESIAN_POINT('Ctrl Pts',(-98.6701757846353,142.654864662758,15.6849386384193));
#7292=CARTESIAN_POINT('Ctrl Pts',(-98.9282778974292,143.093210088784,15.6262570718873));
#7293=CARTESIAN_POINT('Ctrl Pts',(-99.2144576689466,143.581226502632,15.5703631885775));
#7294=CARTESIAN_POINT('Ctrl Pts',(-99.5217163340163,144.109658035356,15.5187068791271));
#7295=CARTESIAN_POINT('Ctrl Pts',(-99.8440749873474,144.669857732003,15.4731877139856));
#7296=CARTESIAN_POINT('Ctrl Pts',(-100.193175891485,145.276806383297,15.4358501730453));
#7297=CARTESIAN_POINT('Ctrl Pts',(-100.612580197352,145.987851621299,15.4074597671847));
#7298=CARTESIAN_POINT('Ctrl Pts',(-101.103009464557,146.790810330682,15.3882939453609));
#7299=CARTESIAN_POINT('Ctrl Pts',(-101.617533013308,147.596207826172,15.379370935118));
#7300=CARTESIAN_POINT('Ctrl Pts',(-102.162751110276,148.389747334707,15.3800749803446));
#7301=CARTESIAN_POINT('Ctrl Pts',(-102.73085053722,149.160691998765,15.3860991753913));
#7302=CARTESIAN_POINT('Ctrl Pts',(-103.05014951214,149.576682705009,15.3889601692128));
#7303=CARTESIAN_POINT('Ctrl Pts',(-103.211237331682,149.787088662764,15.3889601692128));
#7304=CARTESIAN_POINT('',(-99.2280374603869,138.898670803343,14.217387293959));
#7305=CARTESIAN_POINT('Ctrl Pts',(-98.4466357560107,142.275320488667,15.7458204580361));
#7306=CARTESIAN_POINT('Ctrl Pts',(-98.4542922699691,142.028760214601,15.524114858822));
#7307=CARTESIAN_POINT('Ctrl Pts',(-98.4834867734312,141.537766504507,15.151500527683));
#7308=CARTESIAN_POINT('Ctrl Pts',(-98.5693733084214,140.764198263844,14.7403653203787));
#7309=CARTESIAN_POINT('Ctrl Pts',(-98.6939179319164,139.910974686677,14.446672110815));
#7310=CARTESIAN_POINT('Ctrl Pts',(-98.8978107603924,139.152086512344,14.2563268798414));
#7311=CARTESIAN_POINT('Ctrl Pts',(-99.1148332519383,138.980603551674,14.217387293959));
#7312=CARTESIAN_POINT('Ctrl Pts',(-99.2280374603869,138.898670803343,14.217387293959));
#7313=CARTESIAN_POINT('',(-105.457046033433,148.067686651849,14.217387293959));
#7314=CARTESIAN_POINT('Ctrl Pts',(-99.2280374603869,138.898670803343,14.217387293959));
#7315=CARTESIAN_POINT('Ctrl Pts',(-99.2783515846571,138.974750256991,14.217387293959));
#7316=CARTESIAN_POINT('Ctrl Pts',(-99.3289735679298,139.051347547862,14.217387293959));
#7317=CARTESIAN_POINT('Ctrl Pts',(-99.379931068398,139.128494184626,14.217387293959));
#7318=CARTESIAN_POINT('Ctrl Pts',(-99.4326463126337,139.208301941317,14.217387293959));
#7319=CARTESIAN_POINT('Ctrl Pts',(-99.4857205167676,139.288697442546,14.217387293959));
#7320=CARTESIAN_POINT('Ctrl Pts',(-99.5391519291082,139.369668095285,14.217387293959));
#7321=CARTESIAN_POINT('Ctrl Pts',(-99.5948037506861,139.454003584876,14.217387293959));
#7322=CARTESIAN_POINT('Ctrl Pts',(-99.6508429601578,139.538962834561,14.217387293959));
#7323=CARTESIAN_POINT('Ctrl Pts',(-99.7072347748274,139.624483542623,14.217387293959));
#7324=CARTESIAN_POINT('Ctrl Pts',(-99.7665715154154,139.7144703625,14.217387293959));
#7325=CARTESIAN_POINT('Ctrl Pts',(-99.8262984904722,139.805078574716,14.217387293959));
#7326=CARTESIAN_POINT('Ctrl Pts',(-99.886341739503,139.896186647887,14.217387293959));
#7327=CARTESIAN_POINT('Ctrl Pts',(-99.9505989373355,139.993688857982,14.217387293959));
#7328=CARTESIAN_POINT('Ctrl Pts',(-100.015218138942,140.091763222552,14.217387293959));
#7329=CARTESIAN_POINT('Ctrl Pts',(-100.080074210231,140.190210393469,14.217387293959));
#7330=CARTESIAN_POINT('Ctrl Pts',(-100.151855343527,140.299169344542,14.217387293959));
#7331=CARTESIAN_POINT('Ctrl Pts',(-100.223926272314,140.408584427157,14.217387293959));
#7332=CARTESIAN_POINT('Ctrl Pts',(-100.296080770854,140.518132103146,14.217387293959));
#7333=CARTESIAN_POINT('Ctrl Pts',(-100.388374808922,140.658256386215,14.217387293959));
#7334=CARTESIAN_POINT('Ctrl Pts',(-100.480804746066,140.79859632643,14.217387293959));
#7335=CARTESIAN_POINT('Ctrl Pts',(-100.572888778344,140.938402393844,14.217387293959));
#7336=CARTESIAN_POINT('Ctrl Pts',(-100.656059833241,141.064676383157,14.217387293959));
#7337=CARTESIAN_POINT('Ctrl Pts',(-100.738945994496,141.190510876115,14.217387293959));
#7338=CARTESIAN_POINT('Ctrl Pts',(-100.821188550126,141.315349372287,14.217387293959));
#7339=CARTESIAN_POINT('Ctrl Pts',(-100.894188938289,141.426158899159,14.217387293959));
#7340=CARTESIAN_POINT('Ctrl Pts',(-100.966681171153,141.536182137969,14.217387293959));
#7341=CARTESIAN_POINT('Ctrl Pts',(-101.038434408917,141.645060183631,14.217387293959));
#7342=CARTESIAN_POINT('Ctrl Pts',(-101.101972933774,141.741473260257,14.217387293959));
#7343=CARTESIAN_POINT('Ctrl Pts',(-101.164931697945,141.836987935545,14.217387293959));
#7344=CARTESIAN_POINT('Ctrl Pts',(-101.227175013165,141.93139172371,14.217387293959));
#7345=CARTESIAN_POINT('Ctrl Pts',(-101.28500468306,142.019101381961,14.217387293959));
#7346=CARTESIAN_POINT('Ctrl Pts',(-101.342216574874,142.105851827858,14.217387293959));
#7347=CARTESIAN_POINT('Ctrl Pts',(-101.398727745645,142.19151112951,14.217387293959));
#7348=CARTESIAN_POINT('Ctrl Pts',(-101.452314764155,142.272738018292,14.217387293959));
#7349=CARTESIAN_POINT('Ctrl Pts',(-101.505271554308,142.352983547082,14.217387293959));
#7350=CARTESIAN_POINT('Ctrl Pts',(-101.55755399058,142.432174692839,14.217387293959));
#7351=CARTESIAN_POINT('Ctrl Pts',(-101.607700699232,142.50813089529,14.217387293959));
#7352=CARTESIAN_POINT('Ctrl Pts',(-101.657226904042,142.583116924063,14.217387293959));
#7353=CARTESIAN_POINT('Ctrl Pts',(-101.70612073339,142.657108459671,14.217387293959));
#7354=CARTESIAN_POINT('Ctrl Pts',(-101.753362618378,142.728600090862,14.217387293959));
#7355=CARTESIAN_POINT('Ctrl Pts',(-101.800014037863,142.799163148812,14.217387293959));
#7356=CARTESIAN_POINT('Ctrl Pts',(-101.846091679751,142.86881627074,14.217387293959));
#7357=CARTESIAN_POINT('Ctrl Pts',(-101.89084116953,142.936461695724,14.217387293959));
#7358=CARTESIAN_POINT('Ctrl Pts',(-101.935049396971,143.003248760099,14.217387293959));
#7359=CARTESIAN_POINT('Ctrl Pts',(-101.978759294354,143.06923545486,14.217387293959));
#7360=CARTESIAN_POINT('Ctrl Pts',(-102.021370208714,143.133563068686,14.217387293959));
#7361=CARTESIAN_POINT('Ctrl Pts',(-102.063507461877,143.197129944244,14.217387293959));
#7362=CARTESIAN_POINT('Ctrl Pts',(-102.105238670412,143.260030997402,14.217387293959));
#7363=CARTESIAN_POINT('Ctrl Pts',(-102.146039250496,143.321529323158,14.217387293959));
#7364=CARTESIAN_POINT('Ctrl Pts',(-102.186451627513,143.382391094301,14.217387293959));
#7365=CARTESIAN_POINT('Ctrl Pts',(-102.226566994247,143.442746425698,14.217387293959));
#7366=CARTESIAN_POINT('Ctrl Pts',(-102.266624636145,143.503014907543,14.217387293959));
#7367=CARTESIAN_POINT('Ctrl Pts',(-102.306385962789,143.562778171632,14.217387293959));
#7368=CARTESIAN_POINT('Ctrl Pts',(-102.345971829967,143.622210208318,14.217387293959));
#7369=CARTESIAN_POINT('Ctrl Pts',(-102.381036118901,143.674853796923,14.217387293959));
#7370=CARTESIAN_POINT('Ctrl Pts',(-102.415966854946,143.727243507515,14.217387293959));
#7371=CARTESIAN_POINT('Ctrl Pts',(-102.450852160753,143.779506711841,14.217387293959));
#7372=CARTESIAN_POINT('Ctrl Pts',(-102.485779007782,143.83183215089,14.217387293959));
#7373=CARTESIAN_POINT('Ctrl Pts',(-102.520660197271,143.884030612293,14.217387293959));
#7374=CARTESIAN_POINT('Ctrl Pts',(-102.555552676326,143.936184398723,14.217387293959));
#7375=CARTESIAN_POINT('Ctrl Pts',(-102.591548105413,143.989986764505,14.217387293959));
#7376=CARTESIAN_POINT('Ctrl Pts',(-102.627555447524,144.043741440609,14.217387293959));
#7377=CARTESIAN_POINT('Ctrl Pts',(-102.663605669871,144.097493150104,14.217387293959));
#7378=CARTESIAN_POINT('Ctrl Pts',(-102.701005887169,144.153257733077,14.217387293959));
#7379=CARTESIAN_POINT('Ctrl Pts',(-102.738452134267,144.209018948006,14.217387293959));
#7380=CARTESIAN_POINT('Ctrl Pts',(-102.775947243456,144.264780799308,14.217387293959));
#7381=CARTESIAN_POINT('Ctrl Pts',(-102.816377601721,144.324907884534,14.217387293959));
#7382=CARTESIAN_POINT('Ctrl Pts',(-102.856864770777,144.385035710875,14.217387293959));
#7383=CARTESIAN_POINT('Ctrl Pts',(-102.897376726786,144.445117792305,14.217387293959));
#7384=CARTESIAN_POINT('Ctrl Pts',(-102.940592895546,144.509210411527,14.217387293959));
#7385=CARTESIAN_POINT('Ctrl Pts',(-102.983837054063,144.573250665317,14.217387293959));
#7386=CARTESIAN_POINT('Ctrl Pts',(-103.027033074565,144.637128132758,14.217387293959));
#7387=CARTESIAN_POINT('Ctrl Pts',(-103.074701160918,144.70761880756,14.217387293959));
#7388=CARTESIAN_POINT('Ctrl Pts',(-103.122310308976,144.777910794134,14.217387293959));
#7389=CARTESIAN_POINT('Ctrl Pts',(-103.169718148539,144.847797531247,14.217387293959));
#7390=CARTESIAN_POINT('Ctrl Pts',(-103.225698313551,144.930321246982,14.217387293959));
#7391=CARTESIAN_POINT('Ctrl Pts',(-103.281396974442,145.012278756406,14.217387293959));
#7392=CARTESIAN_POINT('Ctrl Pts',(-103.33653436245,145.093263801991,14.217387293959));
#7393=CARTESIAN_POINT('Ctrl Pts',(-103.40437760261,145.192911030405,14.217387293959));
#7394=CARTESIAN_POINT('Ctrl Pts',(-103.471366528466,145.291079447924,14.217387293959));
#7395=CARTESIAN_POINT('Ctrl Pts',(-103.536957677215,145.386978410649,14.217387293959));
#7396=CARTESIAN_POINT('Ctrl Pts',(-103.582844985678,145.454068945998,14.217387293959));
#7397=CARTESIAN_POINT('Ctrl Pts',(-103.628047423706,145.520047611242,14.217387293959));
#7398=CARTESIAN_POINT('Ctrl Pts',(-103.672398037264,145.584670724638,14.217387293959));
#7399=CARTESIAN_POINT('Ctrl Pts',(-103.711966609244,145.64232594311,14.217387293959));
#7400=CARTESIAN_POINT('Ctrl Pts',(-103.750856826371,145.698901702652,14.217387293959));
#7401=CARTESIAN_POINT('Ctrl Pts',(-103.788973772408,145.754258746495,14.217387293959));
#7402=CARTESIAN_POINT('Ctrl Pts',(-103.824488433963,145.805836506027,14.217387293959));
#7403=CARTESIAN_POINT('Ctrl Pts',(-103.859331591466,145.856355965878,14.217387293959));
#7404=CARTESIAN_POINT('Ctrl Pts',(-103.893451848337,145.905740856312,14.217387293959));
#7405=CARTESIAN_POINT('Ctrl Pts',(-103.925854140362,145.952639203166,14.217387293959));
#7406=CARTESIAN_POINT('Ctrl Pts',(-103.957604336439,145.99851412501,14.217387293959));
#7407=CARTESIAN_POINT('Ctrl Pts',(-103.988684773721,146.043338124156,14.217387293959));
#7408=CARTESIAN_POINT('Ctrl Pts',(-104.018522508534,146.086369906096,14.217387293959));
#7409=CARTESIAN_POINT('Ctrl Pts',(-104.047742845299,146.12843294002,14.217387293959));
#7410=CARTESIAN_POINT('Ctrl Pts',(-104.076357150666,146.169541668633,14.217387293959));
#7411=CARTESIAN_POINT('Ctrl Pts',(-104.104021615962,146.209285809945,14.217387293959));
#7412=CARTESIAN_POINT('Ctrl Pts',(-104.131119510354,146.248137796857,14.217387293959));
#7413=CARTESIAN_POINT('Ctrl Pts',(-104.157688555849,146.286150129861,14.217387293959));
#7414=CARTESIAN_POINT('Ctrl Pts',(-104.183503203012,146.323083145184,14.217387293959));
#7415=CARTESIAN_POINT('Ctrl Pts',(-104.208818516645,146.359223380788,14.217387293959));
#7416=CARTESIAN_POINT('Ctrl Pts',(-104.233696889319,146.394658949296,14.217387293959));
#7417=CARTESIAN_POINT('Ctrl Pts',(-104.259243735493,146.431046659606,14.217387293959));
#7418=CARTESIAN_POINT('Ctrl Pts',(-104.284329460207,146.466690772409,14.217387293959));
#7419=CARTESIAN_POINT('Ctrl Pts',(-104.309055299492,146.501735129039,14.217387293959));
#7420=CARTESIAN_POINT('Ctrl Pts',(-104.333342763098,146.53615816829,14.217387293959));
#7421=CARTESIAN_POINT('Ctrl Pts',(-104.357287243881,146.570008494082,14.217387293959));
#7422=CARTESIAN_POINT('Ctrl Pts',(-104.38100202336,146.603448012319,14.217387293959));
#7423=CARTESIAN_POINT('Ctrl Pts',(-104.403757490718,146.635534832537,14.217387293959));
#7424=CARTESIAN_POINT('Ctrl Pts',(-104.426301414411,146.667243355358,14.217387293959));
#7425=CARTESIAN_POINT('Ctrl Pts',(-104.448701417382,146.6986721391,14.217387293959));
#7426=CARTESIAN_POINT('Ctrl Pts',(-104.471820680136,146.731110095035,14.217387293959));
#7427=CARTESIAN_POINT('Ctrl Pts',(-104.494786519977,146.763249907837,14.217387293959));
#7428=CARTESIAN_POINT('Ctrl Pts',(-104.517640515849,146.795154961767,14.217387293959));
#7429=CARTESIAN_POINT('Ctrl Pts',(-104.54136638837,146.828277188907,14.217387293959));
#7430=CARTESIAN_POINT('Ctrl Pts',(-104.564971585836,146.861146221047,14.217387293959));
#7431=CARTESIAN_POINT('Ctrl Pts',(-104.588469726478,146.893787784499,14.217387293959));
#7432=CARTESIAN_POINT('Ctrl Pts',(-104.613776599511,146.92894188092,14.217387293959));
#7433=CARTESIAN_POINT('Ctrl Pts',(-104.638959273278,146.963832109707,14.217387293959));
#7434=CARTESIAN_POINT('Ctrl Pts',(-104.663998276017,146.998440445389,14.217387293959));
#7435=CARTESIAN_POINT('Ctrl Pts',(-104.690772970326,147.035447814175,14.217387293959));
#7436=CARTESIAN_POINT('Ctrl Pts',(-104.717383144319,147.072132529974,14.217387293959));
#7437=CARTESIAN_POINT('Ctrl Pts',(-104.743766890081,147.108420081732,14.217387293959));
#7438=CARTESIAN_POINT('Ctrl Pts',(-104.772915606151,147.148510505307,14.217387293959));
#7439=CARTESIAN_POINT('Ctrl Pts',(-104.801787562703,147.188115641395,14.217387293959));
#7440=CARTESIAN_POINT('Ctrl Pts',(-104.830258905476,147.227079238541,14.217387293959));
#7441=CARTESIAN_POINT('Ctrl Pts',(-104.865286578713,147.275015303935,14.217387293959));
#7442=CARTESIAN_POINT('Ctrl Pts',(-104.899706949394,147.321979104668,14.217387293959));
#7443=CARTESIAN_POINT('Ctrl Pts',(-104.933239784813,147.367610563611,14.217387293959));
#7444=CARTESIAN_POINT('Ctrl Pts',(-104.965191091746,147.411089879701,14.217387293959));
#7445=CARTESIAN_POINT('Ctrl Pts',(-104.99633372846,147.453355622528,14.217387293959));
#7446=CARTESIAN_POINT('Ctrl Pts',(-105.026418390028,147.494085627871,14.217387293959));
#7447=CARTESIAN_POINT('Ctrl Pts',(-105.051356468056,147.527847950541,14.217387293959));
#7448=CARTESIAN_POINT('Ctrl Pts',(-105.07556676558,147.560553888184,14.217387293959));
#7449=CARTESIAN_POINT('Ctrl Pts',(-105.098923531854,147.592041493416,14.217387293959));
#7450=CARTESIAN_POINT('Ctrl Pts',(-105.120254241616,147.620797741624,14.217387293959));
#7451=CARTESIAN_POINT('Ctrl Pts',(-105.140872679285,147.648537308596,14.217387293959));
#7452=CARTESIAN_POINT('Ctrl Pts',(-105.160705416553,147.675166952066,14.217387293959));
#7453=CARTESIAN_POINT('Ctrl Pts',(-105.179358538657,147.700212712748,14.217387293959));
#7454=CARTESIAN_POINT('Ctrl Pts',(-105.197316383642,147.724276295538,14.217387293959));
#7455=CARTESIAN_POINT('Ctrl Pts',(-105.214543069326,147.747314232347,14.217387293959));
#7456=CARTESIAN_POINT('Ctrl Pts',(-105.230986517737,147.769304714579,14.217387293959));
#7457=CARTESIAN_POINT('Ctrl Pts',(-105.246763587475,147.790360427938,14.217387293959));
#7458=CARTESIAN_POINT('Ctrl Pts',(-105.261869991427,147.810480070945,14.217387293959));
#7459=CARTESIAN_POINT('Ctrl Pts',(-105.276419522856,147.829858036688,14.217387293959));
#7460=CARTESIAN_POINT('Ctrl Pts',(-105.290346768551,147.848367460825,14.217387293959));
#7461=CARTESIAN_POINT('Ctrl Pts',(-105.303675976148,147.866045304271,14.217387293959));
#7462=CARTESIAN_POINT('Ctrl Pts',(-105.316591647019,147.883174695195,14.217387293959));
#7463=CARTESIAN_POINT('Ctrl Pts',(-105.328945684185,147.899523128317,14.217387293959));
#7464=CARTESIAN_POINT('Ctrl Pts',(-105.340789068044,147.915163532577,14.217387293959));
#7465=CARTESIAN_POINT('Ctrl Pts',(-105.352162560614,147.93018339715,14.217387293959));
#7466=CARTESIAN_POINT('Ctrl Pts',(-105.363065077217,147.944550245732,14.217387293959));
#7467=CARTESIAN_POINT('Ctrl Pts',(-105.373569974778,147.958367024373,14.217387293959));
#7468=CARTESIAN_POINT('Ctrl Pts',(-105.38387386193,147.971919420013,14.217387293959));
#7469=CARTESIAN_POINT('Ctrl Pts',(-105.393795089789,147.984942442589,14.217387293959));
#7470=CARTESIAN_POINT('Ctrl Pts',(-105.403431818223,147.997572606326,14.217387293959));
#7471=CARTESIAN_POINT('Ctrl Pts',(-105.412799533615,148.009850194104,14.217387293959));
#7472=CARTESIAN_POINT('Ctrl Pts',(-105.421898367998,148.021756490124,14.217387293959));
#7473=CARTESIAN_POINT('Ctrl Pts',(-105.430847147565,148.033455899194,14.217387293959));
#7474=CARTESIAN_POINT('Ctrl Pts',(-105.4396784578,148.045001731816,14.217387293959));
#7475=CARTESIAN_POINT('Ctrl Pts',(-105.448363526711,148.056345936283,14.217387293959));
#7476=CARTESIAN_POINT('Ctrl Pts',(-105.457046033433,148.067686651849,14.217387293959));
#7477=CARTESIAN_POINT('Origin',(-105.457046033433,148.067686651849,18.217387293959));
#7478=CARTESIAN_POINT('Ctrl Pts',(-98.4466357560107,142.275320488667,15.7458204580361));
#7479=CARTESIAN_POINT('Ctrl Pts',(-98.4542922699691,142.028760214601,15.524114858822));
#7480=CARTESIAN_POINT('Ctrl Pts',(-98.4834867734312,141.537766504507,15.151500527683));
#7481=CARTESIAN_POINT('Ctrl Pts',(-98.5693733084214,140.764198263844,14.7403653203787));
#7482=CARTESIAN_POINT('Ctrl Pts',(-98.6939179319164,139.910974686677,14.446672110815));
#7483=CARTESIAN_POINT('Ctrl Pts',(-98.8978107603924,139.152086512344,14.2563268798414));
#7484=CARTESIAN_POINT('Ctrl Pts',(-99.1148332519383,138.980603551674,14.217387293959));
#7485=CARTESIAN_POINT('Ctrl Pts',(-99.2280374603869,138.898670803343,14.217387293959));
#7486=CARTESIAN_POINT('Ctrl Pts',(-98.3781773747672,142.050903502204,15.6738799262268));
#7487=CARTESIAN_POINT('Ctrl Pts',(-98.3833792310875,141.801331329441,15.46294408283));
#7488=CARTESIAN_POINT('Ctrl Pts',(-98.4056315712944,141.303047499433,15.107769035776));
#7489=CARTESIAN_POINT('Ctrl Pts',(-98.4734654055614,140.511198875452,14.7153672164959));
#7490=CARTESIAN_POINT('Ctrl Pts',(-98.5659938775119,139.63065745905,14.4350092429767));
#7491=CARTESIAN_POINT('Ctrl Pts',(-98.7258143580694,138.844025922317,14.2537561895402));
#7492=CARTESIAN_POINT('Ctrl Pts',(-98.9085030363125,138.650984908971,14.217387293959));
#7493=CARTESIAN_POINT('Ctrl Pts',(-99.0010455061906,138.55543867701,14.217387293959));
#7494=CARTESIAN_POINT('Ctrl Pts',(-98.2380479746974,141.591152089902,15.5356539453067));
#7495=CARTESIAN_POINT('Ctrl Pts',(-98.2379539203201,141.336068949685,15.3452917910056));
#7496=CARTESIAN_POINT('Ctrl Pts',(-98.2455584834573,140.824365953103,15.023620658008));
#7497=CARTESIAN_POINT('Ctrl Pts',(-98.2775029604401,139.999042722457,14.6674582127318));
#7498=CARTESIAN_POINT('Ctrl Pts',(-98.3086431086111,139.071457991684,14.4126936529021));
#7499=CARTESIAN_POINT('Ctrl Pts',(-98.3880902742424,138.243263701143,14.2488391684842));
#7500=CARTESIAN_POINT('Ctrl Pts',(-98.5074451845325,138.013383944478,14.217387293959));
#7501=CARTESIAN_POINT('Ctrl Pts',(-98.5622634398721,137.893977554983,14.217387293959));
#7502=CARTESIAN_POINT('Ctrl Pts',(-98.0030990561775,140.845431987029,15.343545684232));
#7503=CARTESIAN_POINT('Ctrl Pts',(-97.9928828596395,140.582224192862,15.1815455029834));
#7504=CARTESIAN_POINT('Ctrl Pts',(-97.9753368163614,140.04980155979,14.9065816332254));
#7505=CARTESIAN_POINT('Ctrl Pts',(-97.9435545308788,139.175756761114,14.6010832354622));
#7506=CARTESIAN_POINT('Ctrl Pts',(-97.8801280871955,138.185210236792,14.3816901939937));
#7507=CARTESIAN_POINT('Ctrl Pts',(-97.8442716449101,137.310504346822,14.2420318259685));
#7508=CARTESIAN_POINT('Ctrl Pts',(-97.8758435410403,137.031289701713,14.217387293959));
#7509=CARTESIAN_POINT('Ctrl Pts',(-97.8791883913886,136.878254350972,14.217387293959));
#7510=CARTESIAN_POINT('Ctrl Pts',(-97.7253824272519,140.01800092835,15.1653636464534));
#7511=CARTESIAN_POINT('Ctrl Pts',(-97.7011878536278,139.746038043486,15.0295328035959));
#7512=CARTESIAN_POINT('Ctrl Pts',(-97.6549888649968,139.191037115463,14.7981754383396));
#7513=CARTESIAN_POINT('Ctrl Pts',(-97.54620893134,138.26646414583,14.5394847403542));
#7514=CARTESIAN_POINT('Ctrl Pts',(-97.3841697119764,137.219371803957,14.3527730849823));
#7515=CARTESIAN_POINT('Ctrl Pts',(-97.2407234929922,136.316090202203,14.2358280838738));
#7516=CARTESIAN_POINT('Ctrl Pts',(-97.197543427302,136.000632837292,14.217387293959));
#7517=CARTESIAN_POINT('Ctrl Pts',(-97.1584293994414,135.821705135005,14.217387293959));
#7518=CARTESIAN_POINT('Ctrl Pts',(-97.3998085565383,139.098025212611,15.0004117511973));
#7519=CARTESIAN_POINT('Ctrl Pts',(-97.3612479914171,138.818105312591,14.8888385366147));
#7520=CARTESIAN_POINT('Ctrl Pts',(-97.2731395539014,138.243831808422,14.6978093452078));
#7521=CARTESIAN_POINT('Ctrl Pts',(-97.0877868946789,137.276763266279,14.4821777878076));
#7522=CARTESIAN_POINT('Ctrl Pts',(-96.8346028715541,136.199790222978,14.3258067732367));
#7523=CARTESIAN_POINT('Ctrl Pts',(-96.6102774188666,135.309769669964,14.2304069635087));
#7524=CARTESIAN_POINT('Ctrl Pts',(-96.5152379387637,134.983633104473,14.217387293959));
#7525=CARTESIAN_POINT('Ctrl Pts',(-96.4482977167178,134.794520456327,14.217387293959));
#7526=CARTESIAN_POINT('Ctrl Pts',(-97.023560876631,138.089498484078,14.8486621907197));
#7527=CARTESIAN_POINT('Ctrl Pts',(-96.9664795662288,137.806396401992,14.7593428188284));
#7528=CARTESIAN_POINT('Ctrl Pts',(-96.8396421720296,137.222080967679,14.605185122098));
#7529=CARTESIAN_POINT('Ctrl Pts',(-96.584610632108,136.240386271938,14.4290403879863));
#7530=CARTESIAN_POINT('Ctrl Pts',(-96.267265461128,135.185687426344,14.3010294725692));
#7531=CARTESIAN_POINT('Ctrl Pts',(-96.0022106674624,134.366560480384,14.2260576247014));
#7532=CARTESIAN_POINT('Ctrl Pts',(-95.8808420972419,134.056731865495,14.217387293959));
#7533=CARTESIAN_POINT('Ctrl Pts',(-95.8017743448615,133.874574906698,14.217387293959));
#7534=CARTESIAN_POINT('Ctrl Pts',(-96.5949954083206,137.003669955657,14.710747167877));
#7535=CARTESIAN_POINT('Ctrl Pts',(-96.5222415203424,136.726176245087,14.6415093502481));
#7536=CARTESIAN_POINT('Ctrl Pts',(-96.3620890166603,136.152632703757,14.5206454604304));
#7537=CARTESIAN_POINT('Ctrl Pts',(-96.0602793393757,135.205101804601,14.3806094978641));
#7538=CARTESIAN_POINT('Ctrl Pts',(-95.7197868663581,134.243072427609,14.2791378542695));
#7539=CARTESIAN_POINT('Ctrl Pts',(-95.4549339713549,133.546903646118,14.2230975019463));
#7540=CARTESIAN_POINT('Ctrl Pts',(-95.3248486805278,133.266794123554,14.217387293959));
#7541=CARTESIAN_POINT('Ctrl Pts',(-95.2423902117404,133.098869328154,14.217387293959));
#7542=CARTESIAN_POINT('Ctrl Pts',(-96.1053987337215,135.85114217036,14.5886185027204));
#7543=CARTESIAN_POINT('Ctrl Pts',(-96.0210397242858,135.591692349736,14.5370696565371));
#7544=CARTESIAN_POINT('Ctrl Pts',(-95.8382622549229,135.05546819922,14.4457396297111));
#7545=CARTESIAN_POINT('Ctrl Pts',(-95.5160750906275,134.196651878905,14.3383877335622));
#7546=CARTESIAN_POINT('Ctrl Pts',(-95.179033224718,133.369675493954,14.2612370696685));
#7547=CARTESIAN_POINT('Ctrl Pts',(-94.9205489581546,132.791834223659,14.2217278519689));
#7548=CARTESIAN_POINT('Ctrl Pts',(-94.776317683624,132.520397775299,14.217387293959));
#7549=CARTESIAN_POINT('Ctrl Pts',(-94.6899351853443,132.36053358239,14.217387293959));
#7550=CARTESIAN_POINT('Ctrl Pts',(-95.4963701953552,134.591359817198,14.4865022305274));
#7551=CARTESIAN_POINT('Ctrl Pts',(-95.4041488382356,134.36052984157,14.4498877516114));
#7552=CARTESIAN_POINT('Ctrl Pts',(-95.2092372787579,133.887214875351,14.383805413289));
#7553=CARTESIAN_POINT('Ctrl Pts',(-94.8876883294017,133.15319040121,14.3047780610549));
#7554=CARTESIAN_POINT('Ctrl Pts',(-94.5744863880552,132.479791842836,14.248552658827));
#7555=CARTESIAN_POINT('Ctrl Pts',(-94.344930527986,132.024590170597,14.2217842357185));
#7556=CARTESIAN_POINT('Ctrl Pts',(-94.2152870947386,131.784790364879,14.217387293959));
#7557=CARTESIAN_POINT('Ctrl Pts',(-94.1438211136785,131.652234114888,14.217387293959));
#7558=CARTESIAN_POINT('Ctrl Pts',(-94.778329806642,133.292682482669,14.4113084964769));
#7559=CARTESIAN_POINT('Ctrl Pts',(-94.6926703978574,133.11064176154,14.3860881608061));
#7560=CARTESIAN_POINT('Ctrl Pts',(-94.5171980412559,132.740952754114,14.3394493505901));
#7561=CARTESIAN_POINT('Ctrl Pts',(-94.248882250325,132.188618865581,14.282276252246));
#7562=CARTESIAN_POINT('Ctrl Pts',(-94.0124492608823,131.712595601558,14.2417303484923));
#7563=CARTESIAN_POINT('Ctrl Pts',(-93.8550920714354,131.402810130721,14.222608653935));
#7564=CARTESIAN_POINT('Ctrl Pts',(-93.7653005213231,131.21628531433,14.217387293959));
#7565=CARTESIAN_POINT('Ctrl Pts',(-93.7186278794735,131.119563437119,14.217387293959));
#7566=CARTESIAN_POINT('Ctrl Pts',(-94.0492955848866,132.14089226588,14.3696088757598));
#7567=CARTESIAN_POINT('Ctrl Pts',(-93.9870572913073,132.020818237997,14.3509827477433));
#7568=CARTESIAN_POINT('Ctrl Pts',(-93.8626549924627,131.777966664116,14.3157783010712));
#7569=CARTESIAN_POINT('Ctrl Pts',(-93.6841996700716,131.423034317655,14.2714933726847));
#7570=CARTESIAN_POINT('Ctrl Pts',(-93.5391833363552,131.127907642587,14.2403293279817));
#7571=CARTESIAN_POINT('Ctrl Pts',(-93.4359054362943,130.900834429394,14.2224868142496));
#7572=CARTESIAN_POINT('Ctrl Pts',(-93.377615317696,130.753982047945,14.217387293959));
#7573=CARTESIAN_POINT('Ctrl Pts',(-93.3484730008956,130.680183711829,14.217387293959));
#7574=CARTESIAN_POINT('Ctrl Pts',(-93.2689134099386,131.110272783617,14.3596702821568));
#7575=CARTESIAN_POINT('Ctrl Pts',(-93.237509130639,131.045973001894,14.3425006603302));
#7576=CARTESIAN_POINT('Ctrl Pts',(-93.1773275181315,130.915916672551,14.3101578842364));
#7577=CARTESIAN_POINT('Ctrl Pts',(-93.1001348640317,130.72804128381,14.2701686444125));
#7578=CARTESIAN_POINT('Ctrl Pts',(-93.0457423862628,130.56488646918,14.2411045422395));
#7579=CARTESIAN_POINT('Ctrl Pts',(-93.0130496950211,130.414385329026,14.2217883563025));
#7580=CARTESIAN_POINT('Ctrl Pts',(-93.0075996656903,130.330112212182,14.217387293959));
#7581=CARTESIAN_POINT('Ctrl Pts',(-93.0054287683537,130.288021745161,14.217387293959));
#7582=CARTESIAN_POINT('Ctrl Pts',(-92.7943111176691,130.578206155104,14.3638339033657));
#7583=CARTESIAN_POINT('Ctrl Pts',(-92.791193998454,130.548236834302,14.3455790024045));
#7584=CARTESIAN_POINT('Ctrl Pts',(-92.7878663533899,130.487102568232,14.3117981020447));
#7585=CARTESIAN_POINT('Ctrl Pts',(-92.7918349319214,130.393953636985,14.27068855625));
#7586=CARTESIAN_POINT('Ctrl Pts',(-92.8063889670955,130.303300483064,14.2403174971912));
#7587=CARTESIAN_POINT('Ctrl Pts',(-92.8334917087762,130.219730024377,14.2216226836521));
#7588=CARTESIAN_POINT('Ctrl Pts',(-92.8577277461244,130.168218694405,14.217387293959));
#7589=CARTESIAN_POINT('Ctrl Pts',(-92.8701068172918,130.142633017352,14.217387293959));
#7590=CARTESIAN_POINT('Ctrl Pts',(-92.5504442300326,130.318769663294,14.3638339033657));
#7591=CARTESIAN_POINT('Ctrl Pts',(-92.5639326829559,130.306090695079,14.3453218911234));
#7592=CARTESIAN_POINT('Ctrl Pts',(-92.5930325510135,130.278737202113,14.3112119282095));
#7593=CARTESIAN_POINT('Ctrl Pts',(-92.641977042739,130.232730024091,14.2700481952108));
#7594=CARTESIAN_POINT('Ctrl Pts',(-92.695010870725,130.182878923808,14.2398994821363));
#7595=CARTESIAN_POINT('Ctrl Pts',(-92.750828270338,130.130411302832,14.2215080911125));
#7596=CARTESIAN_POINT('Ctrl Pts',(-92.7889791518625,130.094549976335,14.217387293959));
#7597=CARTESIAN_POINT('Ctrl Pts',(-92.8080547049221,130.076619207529,14.217387293959));
#7598=CARTESIAN_POINT('',(-92.5504442300326,130.318769663294,14.3638339033657));
#7599=CARTESIAN_POINT('Ctrl Pts',(-98.4466357560107,142.275320488667,15.7458204580361));
#7600=CARTESIAN_POINT('Ctrl Pts',(-98.3781773747672,142.050903502204,15.6738799262268));
#7601=CARTESIAN_POINT('Ctrl Pts',(-98.2380479746974,141.591152089902,15.5356539453067));
#7602=CARTESIAN_POINT('Ctrl Pts',(-98.0030990561775,140.845431987029,15.343545684232));
#7603=CARTESIAN_POINT('Ctrl Pts',(-97.7253824272519,140.01800092835,15.1653636464534));
#7604=CARTESIAN_POINT('Ctrl Pts',(-97.3998085565383,139.098025212611,15.0004117511973));
#7605=CARTESIAN_POINT('Ctrl Pts',(-97.0235608766309,138.089498484078,14.8486621907197));
#7606=CARTESIAN_POINT('Ctrl Pts',(-96.5949954083206,137.003669955657,14.710747167877));
#7607=CARTESIAN_POINT('Ctrl Pts',(-96.1053987337215,135.85114217036,14.5886185027204));
#7608=CARTESIAN_POINT('Ctrl Pts',(-95.4963701953552,134.591359817198,14.4865022305275));
#7609=CARTESIAN_POINT('Ctrl Pts',(-94.7783298066421,133.292682482669,14.411308496477));
#7610=CARTESIAN_POINT('Ctrl Pts',(-94.0492955848866,132.14089226588,14.3696088757598));
#7611=CARTESIAN_POINT('Ctrl Pts',(-93.2689134099387,131.110272783617,14.3596702821568));
#7612=CARTESIAN_POINT('Ctrl Pts',(-92.7943111176691,130.578206155104,14.3638339033657));
#7613=CARTESIAN_POINT('Ctrl Pts',(-92.5504442300326,130.318769663294,14.3638339033657));
#7614=CARTESIAN_POINT('',(-92.8080547049221,130.076619207529,14.217387293959));
#7615=CARTESIAN_POINT('Origin',(-92.8080547049221,130.076619207529,14.717387293959));
#7616=CARTESIAN_POINT('Ctrl Pts',(-92.8080547049221,130.076619207529,14.217387293959));
#7617=CARTESIAN_POINT('Ctrl Pts',(-92.8170402532879,130.086178435383,14.217387293959));
#7618=CARTESIAN_POINT('Ctrl Pts',(-92.8260286551444,130.095741067615,14.217387293959));
#7619=CARTESIAN_POINT('Ctrl Pts',(-92.835161535207,130.105479505982,14.217387293959));
#7620=CARTESIAN_POINT('Ctrl Pts',(-92.8445136547679,130.115451720587,14.217387293959));
#7621=CARTESIAN_POINT('Ctrl Pts',(-92.8540171890832,130.125608182727,14.217387293959));
#7622=CARTESIAN_POINT('Ctrl Pts',(-92.8637890107359,130.136092027507,14.217387293959));
#7623=CARTESIAN_POINT('Ctrl Pts',(-92.8738270141318,130.146861449345,14.217387293959));
#7624=CARTESIAN_POINT('Ctrl Pts',(-92.8841480249912,130.157976217444,14.217387293959));
#7625=CARTESIAN_POINT('Ctrl Pts',(-92.8948433711144,130.16954933305,14.217387293959));
#7626=CARTESIAN_POINT('Ctrl Pts',(-92.9058753518204,130.181486710915,14.217387293959));
#7627=CARTESIAN_POINT('Ctrl Pts',(-92.9173054920903,130.193911609114,14.217387293959));
#7628=CARTESIAN_POINT('Ctrl Pts',(-92.9291984554843,130.206905670031,14.217387293959));
#7629=CARTESIAN_POINT('Ctrl Pts',(-92.9415345323614,130.220383869627,14.217387293959));
#7630=CARTESIAN_POINT('Ctrl Pts',(-92.9543684301505,130.23447427338,14.217387293959));
#7631=CARTESIAN_POINT('Ctrl Pts',(-92.967736479566,130.249225338537,14.217387293959));
#7632=CARTESIAN_POINT('Ctrl Pts',(-92.9821355406997,130.265114080595,14.217387293959));
#7633=CARTESIAN_POINT('Ctrl Pts',(-92.9971543258927,130.281769319073,14.217387293959));
#7634=CARTESIAN_POINT('Ctrl Pts',(-93.0127981082469,130.299203899722,14.217387293959));
#7635=CARTESIAN_POINT('Ctrl Pts',(-93.029489893112,130.317806451382,14.217387293959));
#7636=CARTESIAN_POINT('Ctrl Pts',(-93.0468929929817,130.337295985353,14.217387293959));
#7637=CARTESIAN_POINT('Ctrl Pts',(-93.064971564662,130.357637969425,14.217387293959));
#7638=CARTESIAN_POINT('Ctrl Pts',(-93.0849177194444,130.380081355443,14.217387293959));
#7639=CARTESIAN_POINT('Ctrl Pts',(-93.105685785921,130.403562009236,14.217387293959));
#7640=CARTESIAN_POINT('Ctrl Pts',(-93.1271817901711,130.427979344103,14.217387293959));
#7641=CARTESIAN_POINT('Ctrl Pts',(-93.1523569894231,130.456575880618,14.217387293959));
#7642=CARTESIAN_POINT('Ctrl Pts',(-93.1785297836063,130.486456125404,14.217387293959));
#7643=CARTESIAN_POINT('Ctrl Pts',(-93.2054975417335,130.51739788948,14.217387293959));
#7644=CARTESIAN_POINT('Ctrl Pts',(-93.2417921823031,130.559040958229,14.217387293959));
#7645=CARTESIAN_POINT('Ctrl Pts',(-93.2795206836906,130.602599326403,14.217387293959));
#7646=CARTESIAN_POINT('Ctrl Pts',(-93.318150103808,130.647488699381,14.217387293959));
#7647=CARTESIAN_POINT('Ctrl Pts',(-93.3427071955976,130.67602530307,14.217387293959));
#7648=CARTESIAN_POINT('Ctrl Pts',(-93.367627753984,130.705099153282,14.217387293959));
#7649=CARTESIAN_POINT('Ctrl Pts',(-93.3927954612437,130.734585803618,14.217387293959));
#7650=CARTESIAN_POINT('Ctrl Pts',(-93.4153993119028,130.761068622803,14.217387293959));
#7651=CARTESIAN_POINT('Ctrl Pts',(-93.4382021626561,130.787884000984,14.217387293959));
#7652=CARTESIAN_POINT('Ctrl Pts',(-93.4611450499969,130.814972627981,14.217387293959));
#7653=CARTESIAN_POINT('Ctrl Pts',(-93.4825749146738,130.840274831762,14.217387293959));
#7654=CARTESIAN_POINT('Ctrl Pts',(-93.5041267171345,130.865815152341,14.217387293959));
#7655=CARTESIAN_POINT('Ctrl Pts',(-93.5257797864219,130.891578457239,14.217387293959));
#7656=CARTESIAN_POINT('Ctrl Pts',(-93.5463697799035,130.916076890827,14.217387293959));
#7657=CARTESIAN_POINT('Ctrl Pts',(-93.5670511631198,130.940776740866,14.217387293959));
#7658=CARTESIAN_POINT('Ctrl Pts',(-93.5878347322963,130.965699548773,14.217387293959));
#7659=CARTESIAN_POINT('Ctrl Pts',(-93.6078036910821,130.989645509146,14.217387293959));
#7660=CARTESIAN_POINT('Ctrl Pts',(-93.6278668407791,131.013797124295,14.217387293959));
#7661=CARTESIAN_POINT('Ctrl Pts',(-93.6480631117665,131.03820894586,14.217387293959));
#7662=CARTESIAN_POINT('Ctrl Pts',(-93.6685043739864,131.062916895472,14.217387293959));
#7663=CARTESIAN_POINT('Ctrl Pts',(-93.6890816015293,131.087890916521,14.217387293959));
#7664=CARTESIAN_POINT('Ctrl Pts',(-93.709870272821,131.113229923238,14.217387293959));
#7665=CARTESIAN_POINT('Ctrl Pts',(-93.7331032942383,131.141548312494,14.217387293959));
#7666=CARTESIAN_POINT('Ctrl Pts',(-93.7566032846147,131.170326185185,14.217387293959));
#7667=CARTESIAN_POINT('Ctrl Pts',(-93.780518942045,131.199753284054,14.217387293959));
#7668=CARTESIAN_POINT('Ctrl Pts',(-93.8022136151502,131.226447565498,14.217387293959));
#7669=CARTESIAN_POINT('Ctrl Pts',(-93.8242511584304,131.253677066852,14.217387293959));
#7670=CARTESIAN_POINT('Ctrl Pts',(-93.8467107869364,131.281542502242,14.217387293959));
#7671=CARTESIAN_POINT('Ctrl Pts',(-93.869890946737,131.310301893569,14.217387293959));
#7672=CARTESIAN_POINT('Ctrl Pts',(-93.8935206039646,131.33973853939,14.217387293959));
#7673=CARTESIAN_POINT('Ctrl Pts',(-93.9176516677461,131.369918168041,14.217387293959));
#7674=CARTESIAN_POINT('Ctrl Pts',(-93.9427023512567,131.40124792344,14.217387293959));
#7675=CARTESIAN_POINT('Ctrl Pts',(-93.9682932614946,131.433378205591,14.217387293959));
#7676=CARTESIAN_POINT('Ctrl Pts',(-93.9944468789965,131.466337091501,14.217387293959));
#7677=CARTESIAN_POINT('Ctrl Pts',(-94.0218272161073,131.500841894019,14.217387293959));
#7678=CARTESIAN_POINT('Ctrl Pts',(-94.0498241302592,131.536254648311,14.217387293959));
#7679=CARTESIAN_POINT('Ctrl Pts',(-94.0784272326301,131.572561456836,14.217387293959));
#7680=CARTESIAN_POINT('Ctrl Pts',(-94.1087730386168,131.611080333328,14.217387293959));
#7681=CARTESIAN_POINT('Ctrl Pts',(-94.1398009441481,131.650605253777,14.217387293959));
#7682=CARTESIAN_POINT('Ctrl Pts',(-94.1714614409968,131.691072488637,14.217387293959));
#7683=CARTESIAN_POINT('Ctrl Pts',(-94.2058695683338,131.735051639586,14.217387293959));
#7684=CARTESIAN_POINT('Ctrl Pts',(-94.2410245442724,131.78014334895,14.217387293959));
#7685=CARTESIAN_POINT('Ctrl Pts',(-94.2768240585998,131.8262168444,14.217387293959));
#7686=CARTESIAN_POINT('Ctrl Pts',(-94.3187370591083,131.880158314682,14.217387293959));
#7687=CARTESIAN_POINT('Ctrl Pts',(-94.361533008813,131.935444798522,14.217387293959));
#7688=CARTESIAN_POINT('Ctrl Pts',(-94.4050022944012,131.991809765589,14.217387293959));
#7689=CARTESIAN_POINT('Ctrl Pts',(-94.4623160343847,132.066126309395,14.217387293959));
#7690=CARTESIAN_POINT('Ctrl Pts',(-94.5207965821866,132.142312648997,14.217387293959));
#7691=CARTESIAN_POINT('Ctrl Pts',(-94.579918813999,132.219705985237,14.217387293959));
#7692=CARTESIAN_POINT('Ctrl Pts',(-94.6208514406975,132.273288410056,14.217387293959));
#7693=CARTESIAN_POINT('Ctrl Pts',(-94.662090348527,132.327447847518,14.217387293959));
#7694=CARTESIAN_POINT('Ctrl Pts',(-94.7034756016112,132.381984728456,14.217387293959));
#7695=CARTESIAN_POINT('Ctrl Pts',(-94.7435675655366,132.434817331864,14.217387293959));
#7696=CARTESIAN_POINT('Ctrl Pts',(-94.783795874768,132.488002876941,14.217387293959));
#7697=CARTESIAN_POINT('Ctrl Pts',(-94.8240451298106,132.541400069748,14.217387293959));
#7698=CARTESIAN_POINT('Ctrl Pts',(-94.8591847634139,132.588018517435,14.217387293959));
#7699=CARTESIAN_POINT('Ctrl Pts',(-94.8943403603459,132.634798304485,14.217387293959));
#7700=CARTESIAN_POINT('Ctrl Pts',(-94.9294635523247,132.68168297857,14.217387293959));
#7701=CARTESIAN_POINT('Ctrl Pts',(-94.9626213320025,132.725944095115,14.217387293959));
#7702=CARTESIAN_POINT('Ctrl Pts',(-94.995750057537,132.770298469667,14.217387293959));
#7703=CARTESIAN_POINT('Ctrl Pts',(-95.0288377543435,132.814736360811,14.217387293959));
#7704=CARTESIAN_POINT('Ctrl Pts',(-95.0604893122381,132.857245469028,14.217387293959));
#7705=CARTESIAN_POINT('Ctrl Pts',(-95.0921031877928,132.899830827017,14.217387293959));
#7706=CARTESIAN_POINT('Ctrl Pts',(-95.123698201605,132.942522307685,14.217387293959));
#7707=CARTESIAN_POINT('Ctrl Pts',(-95.1541372382259,132.98365182107,14.217387293959));
#7708=CARTESIAN_POINT('Ctrl Pts',(-95.184558660172,133.024879697166,14.217387293959));
#7709=CARTESIAN_POINT('Ctrl Pts',(-95.2150088872882,133.0662713452,14.217387293959));
#7710=CARTESIAN_POINT('Ctrl Pts',(-95.2639453008283,133.13279166367,14.217387293959));
#7711=CARTESIAN_POINT('Ctrl Pts',(-95.3129556659918,133.199734750975,14.217387293959));
#7712=CARTESIAN_POINT('Ctrl Pts',(-95.3623688593043,133.267548604887,14.217387293959));
#7713=CARTESIAN_POINT('Ctrl Pts',(-95.4000008147063,133.319194081631,14.217387293959));
#7714=CARTESIAN_POINT('Ctrl Pts',(-95.4378675344181,133.371345950212,14.217387293959));
#7715=CARTESIAN_POINT('Ctrl Pts',(-95.4760852469306,133.42416078526,14.217387293959));
#7716=CARTESIAN_POINT('Ctrl Pts',(-95.5151254279928,133.478112227863,14.217387293959));
#7717=CARTESIAN_POINT('Ctrl Pts',(-95.5545318025479,133.532755380342,14.217387293959));
#7718=CARTESIAN_POINT('Ctrl Pts',(-95.5943959533474,133.588211870557,14.217387293959));
#7719=CARTESIAN_POINT('Ctrl Pts',(-95.6352203134728,133.645004143375,14.217387293959));
#7720=CARTESIAN_POINT('Ctrl Pts',(-95.6765246907032,133.702649296617,14.217387293959));
#7721=CARTESIAN_POINT('Ctrl Pts',(-95.7183750245835,133.761232563007,14.217387293959));
#7722=CARTESIAN_POINT('Ctrl Pts',(-95.7613697388162,133.821417764981,14.217387293959));
#7723=CARTESIAN_POINT('Ctrl Pts',(-95.8049405870289,133.88259295913,14.217387293959));
#7724=CARTESIAN_POINT('Ctrl Pts',(-95.8491265098768,133.944805013631,14.217387293959));
#7725=CARTESIAN_POINT('Ctrl Pts',(-95.8947093580028,134.008983884392,14.217387293959));
#7726=CARTESIAN_POINT('Ctrl Pts',(-95.940946682657,134.074266063357,14.217387293959));
#7727=CARTESIAN_POINT('Ctrl Pts',(-95.9878485051018,134.140657262951,14.217387293959));
#7728=CARTESIAN_POINT('Ctrl Pts',(-96.0365069951112,134.209535088028,14.217387293959));
#7729=CARTESIAN_POINT('Ctrl Pts',(-96.0858805669616,134.279606385555,14.217387293959));
#7730=CARTESIAN_POINT('Ctrl Pts',(-96.1359474496984,134.350831534991,14.217387293959));
#7731=CARTESIAN_POINT('Ctrl Pts',(-96.1883133084877,134.425327207853,14.217387293959));
#7732=CARTESIAN_POINT('Ctrl Pts',(-96.2414374552855,134.501084906644,14.217387293959));
#7733=CARTESIAN_POINT('Ctrl Pts',(-96.2952616959491,134.578012941066,14.217387293959));
#7734=CARTESIAN_POINT('Ctrl Pts',(-96.3545610952504,134.662766319365,14.217387293959));
#7735=CARTESIAN_POINT('Ctrl Pts',(-96.414710257801,134.748940221301,14.217387293959));
#7736=CARTESIAN_POINT('Ctrl Pts',(-96.4755926912192,134.836358339804,14.217387293959));
#7737=CARTESIAN_POINT('Ctrl Pts',(-96.5427158223545,134.932737171964,14.217387293959));
#7738=CARTESIAN_POINT('Ctrl Pts',(-96.6107299347134,135.030627895777,14.217387293959));
#7739=CARTESIAN_POINT('Ctrl Pts',(-96.6794364819532,135.129735656043,14.217387293959));
#7740=CARTESIAN_POINT('Ctrl Pts',(-96.7601611042995,135.246179238793,14.217387293959));
#7741=CARTESIAN_POINT('Ctrl Pts',(-96.8418407731044,135.364301651941,14.217387293959));
#7742=CARTESIAN_POINT('Ctrl Pts',(-96.9241055621397,135.483559465153,14.217387293959));
#7743=CARTESIAN_POINT('Ctrl Pts',(-97.0225312334812,135.626245424308,14.217387293959));
#7744=CARTESIAN_POINT('Ctrl Pts',(-97.1217903948276,135.770550774125,14.217387293959));
#7745=CARTESIAN_POINT('Ctrl Pts',(-97.2212244162719,135.915514282987,14.217387293959));
#7746=CARTESIAN_POINT('Ctrl Pts',(-97.2941463975727,136.021826248741,14.217387293959));
#7747=CARTESIAN_POINT('Ctrl Pts',(-97.3671613659771,136.128490810019,14.217387293959));
#7748=CARTESIAN_POINT('Ctrl Pts',(-97.4400278630774,136.235156495753,14.217387293959));
#7749=CARTESIAN_POINT('Ctrl Pts',(-97.5046854834922,136.329805610146,14.217387293959));
#7750=CARTESIAN_POINT('Ctrl Pts',(-97.5692258433377,136.424455126918,14.217387293959));
#7751=CARTESIAN_POINT('Ctrl Pts',(-97.6335044384753,136.518894635058,14.217387293959));
#7752=CARTESIAN_POINT('Ctrl Pts',(-97.6932787011639,136.606716280127,14.217387293959));
#7753=CARTESIAN_POINT('Ctrl Pts',(-97.7528263677012,136.694355999342,14.217387293959));
#7754=CARTESIAN_POINT('Ctrl Pts',(-97.8120574464689,136.781682313417,14.217387293959));
#7755=CARTESIAN_POINT('Ctrl Pts',(-97.8682495112123,136.864528109854,14.217387293959));
#7756=CARTESIAN_POINT('Ctrl Pts',(-97.9241564694902,136.947091598825,14.217387293959));
#7757=CARTESIAN_POINT('Ctrl Pts',(-97.9797288168786,137.029299678919,14.217387293959));
#7758=CARTESIAN_POINT('Ctrl Pts',(-98.0334113670078,137.108712185103,14.217387293959));
#7759=CARTESIAN_POINT('Ctrl Pts',(-98.0867815031825,137.187792801389,14.217387293959));
#7760=CARTESIAN_POINT('Ctrl Pts',(-98.1398233492552,137.266516707938,14.217387293959));
#7761=CARTESIAN_POINT('Ctrl Pts',(-98.1899869285023,137.340968734352,14.217387293959));
#7762=CARTESIAN_POINT('Ctrl Pts',(-98.2398568725425,137.415101707575,14.217387293959));
#7763=CARTESIAN_POINT('Ctrl Pts',(-98.289446988188,137.488933477182,14.217387293959));
#7764=CARTESIAN_POINT('Ctrl Pts',(-98.3377922158272,137.560911807182,14.217387293959));
#7765=CARTESIAN_POINT('Ctrl Pts',(-98.3858713817264,137.632603717785,14.217387293959));
#7766=CARTESIAN_POINT('Ctrl Pts',(-98.4337249095521,137.70406510325,14.217387293959));
#7767=CARTESIAN_POINT('Ctrl Pts',(-98.4805127463699,137.773935054198,14.217387293959));
#7768=CARTESIAN_POINT('Ctrl Pts',(-98.527084790069,137.843584503251,14.217387293959));
#7769=CARTESIAN_POINT('Ctrl Pts',(-98.5735070411805,137.913105844776,14.217387293959));
#7770=CARTESIAN_POINT('Ctrl Pts',(-98.6189780161928,137.981202567955,14.217387293959));
#7771=CARTESIAN_POINT('Ctrl Pts',(-98.6643051947251,138.04917626826,14.217387293959));
#7772=CARTESIAN_POINT('Ctrl Pts',(-98.7095792542989,138.117154513005,14.217387293959));
#7773=CARTESIAN_POINT('Ctrl Pts',(-98.7606851358806,138.193889141152,14.217387293959));
#7774=CARTESIAN_POINT('Ctrl Pts',(-98.8117251794757,138.270632256579,14.217387293959));
#7775=CARTESIAN_POINT('Ctrl Pts',(-98.8628663898876,138.347619064625,14.217387293959));
#7776=CARTESIAN_POINT('Ctrl Pts',(-98.9085923286451,138.416453846623,14.217387293959));
#7777=CARTESIAN_POINT('Ctrl Pts',(-98.9544001969013,138.485484945023,14.217387293959));
#7778=CARTESIAN_POINT('Ctrl Pts',(-99.0003824453405,138.554840792232,14.217387293959));
#7779=CARTESIAN_POINT('Ctrl Pts',(-99.0476325908943,138.626109031322,14.217387293959));
#7780=CARTESIAN_POINT('Ctrl Pts',(-99.0950668147996,138.697720099237,14.217387293959));
#7781=CARTESIAN_POINT('Ctrl Pts',(-99.1427541520336,138.769767424302,14.217387293959));
#7782=CARTESIAN_POINT('Ctrl Pts',(-99.1710899383494,138.812577900334,14.217387293959));
#7783=CARTESIAN_POINT('Ctrl Pts',(-99.1995145025496,138.855541541328,14.217387293959));
#7784=CARTESIAN_POINT('Ctrl Pts',(-99.2280374603869,138.898670803343,14.217387293959));
#7785=CARTESIAN_POINT('Ctrl Pts',(-98.4466357560107,142.275320488667,15.7458204580361));
#7786=CARTESIAN_POINT('Ctrl Pts',(-98.3781773747672,142.050903502204,15.6738799262268));
#7787=CARTESIAN_POINT('Ctrl Pts',(-98.2380479746974,141.591152089902,15.5356539453067));
#7788=CARTESIAN_POINT('Ctrl Pts',(-98.0030990561775,140.845431987029,15.343545684232));
#7789=CARTESIAN_POINT('Ctrl Pts',(-97.7253824272519,140.01800092835,15.1653636464534));
#7790=CARTESIAN_POINT('Ctrl Pts',(-97.3998085565383,139.098025212611,15.0004117511973));
#7791=CARTESIAN_POINT('Ctrl Pts',(-97.0235608766309,138.089498484078,14.8486621907197));
#7792=CARTESIAN_POINT('Ctrl Pts',(-96.5949954083206,137.003669955657,14.710747167877));
#7793=CARTESIAN_POINT('Ctrl Pts',(-96.1053987337215,135.85114217036,14.5886185027204));
#7794=CARTESIAN_POINT('Ctrl Pts',(-95.4963701953552,134.591359817198,14.4865022305275));
#7795=CARTESIAN_POINT('Ctrl Pts',(-94.7783298066421,133.292682482669,14.411308496477));
#7796=CARTESIAN_POINT('Ctrl Pts',(-94.0492955848866,132.14089226588,14.3696088757598));
#7797=CARTESIAN_POINT('Ctrl Pts',(-93.2689134099387,131.110272783617,14.3596702821568));
#7798=CARTESIAN_POINT('Ctrl Pts',(-92.7943111176691,130.578206155104,14.3638339033657));
#7799=CARTESIAN_POINT('Ctrl Pts',(-92.5504442300326,130.318769663294,14.3638339033657));
#7800=CARTESIAN_POINT('Ctrl Pts',(-98.274679127068,141.983279995221,15.7948687809079));
#7801=CARTESIAN_POINT('Ctrl Pts',(-98.2102064938767,141.767406434304,15.721488743889));
#7802=CARTESIAN_POINT('Ctrl Pts',(-98.0770446711928,141.322772518929,15.5800750368693));
#7803=CARTESIAN_POINT('Ctrl Pts',(-97.8429676117046,140.584283522218,15.3825439824771));
#7804=CARTESIAN_POINT('Ctrl Pts',(-97.5670934184281,139.764114501651,15.1985757363912));
#7805=CARTESIAN_POINT('Ctrl Pts',(-97.2506827958142,138.860774689078,15.0278046557985));
#7806=CARTESIAN_POINT('Ctrl Pts',(-96.8916450276362,137.881135363838,14.8706106047708));
#7807=CARTESIAN_POINT('Ctrl Pts',(-96.4846006516753,136.832395120617,14.7281309278144));
#7808=CARTESIAN_POINT('Ctrl Pts',(-96.0078246766635,135.708711534609,14.6029176876654));
#7809=CARTESIAN_POINT('Ctrl Pts',(-95.4047892046499,134.471557144674,14.4997225229199));
#7810=CARTESIAN_POINT('Ctrl Pts',(-94.7177154287706,133.229639785873,14.4254568426526));
#7811=CARTESIAN_POINT('Ctrl Pts',(-94.0102186436634,132.11895397568,14.3857088842898));
#7812=CARTESIAN_POINT('Ctrl Pts',(-93.2502408968014,131.117262708211,14.3773535009581));
#7813=CARTESIAN_POINT('Ctrl Pts',(-92.7811704443751,130.590879709785,14.3820888043269));
#7814=CARTESIAN_POINT('Ctrl Pts',(-92.5369557771093,130.331448631509,14.3823459156081));
#7815=CARTESIAN_POINT('Ctrl Pts',(-97.9740325733953,141.474110151628,15.8953757327696));
#7816=CARTESIAN_POINT('Ctrl Pts',(-97.9101744596859,141.261831704027,15.8177869892441));
#7817=CARTESIAN_POINT('Ctrl Pts',(-97.7724909391299,140.81504716459,15.6676405858653));
#7818=CARTESIAN_POINT('Ctrl Pts',(-97.5392316265825,140.081476705456,15.4565799042155));
#7819=CARTESIAN_POINT('Ctrl Pts',(-97.2778839803326,139.284353142534,15.259181210293));
#7820=CARTESIAN_POINT('Ctrl Pts',(-96.9901206313931,138.423811929116,15.0757680099104));
#7821=CARTESIAN_POINT('Ctrl Pts',(-96.6661708884419,137.500073428032,14.9075987613872));
#7822=CARTESIAN_POINT('Ctrl Pts',(-96.2879138691459,136.505132085223,14.7568790727219));
#7823=CARTESIAN_POINT('Ctrl Pts',(-95.8073376048158,135.399862079577,14.6273117434702));
#7824=CARTESIAN_POINT('Ctrl Pts',(-95.2312836168025,134.230004262839,14.5243706372317));
#7825=CARTESIAN_POINT('Ctrl Pts',(-94.6016576895548,133.099672774241,14.4542816888614));
#7826=CARTESIAN_POINT('Ctrl Pts',(-93.9261897600031,132.059618846498,14.4200353288106));
#7827=CARTESIAN_POINT('Ctrl Pts',(-93.2120992591062,131.12503583816,14.4155399236774));
#7828=CARTESIAN_POINT('Ctrl Pts',(-92.7543568754706,130.611676266308,14.4215353335853));
#7829=CARTESIAN_POINT('Ctrl Pts',(-92.5121021510983,130.354810712839,14.4222835657442));
#7830=CARTESIAN_POINT('Ctrl Pts',(-97.5827940019029,140.801114612604,16.0310917085535));
#7831=CARTESIAN_POINT('Ctrl Pts',(-97.5226620848859,140.589843999677,15.9440886736978));
#7832=CARTESIAN_POINT('Ctrl Pts',(-97.397634091763,140.151747676966,15.775480498972));
#7833=CARTESIAN_POINT('Ctrl Pts',(-97.1918195368035,139.442919314609,15.5387821634994));
#7834=CARTESIAN_POINT('Ctrl Pts',(-96.9608119403801,138.677570049492,15.3188665657884));
#7835=CARTESIAN_POINT('Ctrl Pts',(-96.6986275275374,137.848333764672,15.1174443180981));
#7836=CARTESIAN_POINT('Ctrl Pts',(-96.3820926303312,136.944727958776,14.9372733107511));
#7837=CARTESIAN_POINT('Ctrl Pts',(-95.9901298575111,135.957928522044,14.7818456053677));
#7838=CARTESIAN_POINT('Ctrl Pts',(-95.5277557437543,134.922268804266,14.655351134395));
#7839=CARTESIAN_POINT('Ctrl Pts',(-95.0010869073591,133.878757374135,14.5619987187949));
#7840=CARTESIAN_POINT('Ctrl Pts',(-94.4224251286311,132.879584794187,14.5044260465371));
#7841=CARTESIAN_POINT('Ctrl Pts',(-93.8002950590334,131.953306488318,14.4805622372639));
#7842=CARTESIAN_POINT('Ctrl Pts',(-93.1515261978473,131.119592712573,14.4817072234632));
#7843=CARTESIAN_POINT('Ctrl Pts',(-92.7139750634301,130.628738557237,14.4882251297606));
#7844=CARTESIAN_POINT('Ctrl Pts',(-92.482108919275,130.383003955987,14.4894566533598));
#7845=CARTESIAN_POINT('Ctrl Pts',(-97.3438279323896,140.303593530463,16.1369740108495));
#7846=CARTESIAN_POINT('Ctrl Pts',(-97.2890343748092,140.087582554708,16.0378865307444));
#7847=CARTESIAN_POINT('Ctrl Pts',(-97.1725389131392,139.63785817472,15.8473081335021));
#7848=CARTESIAN_POINT('Ctrl Pts',(-96.9708211124184,138.906318195727,15.5850493019274));
#7849=CARTESIAN_POINT('Ctrl Pts',(-96.7319972929618,138.113647464715,15.3476615416285));
#7850=CARTESIAN_POINT('Ctrl Pts',(-96.4503573038064,137.258061140255,15.1375426744691));
#7851=CARTESIAN_POINT('Ctrl Pts',(-96.1142071317356,136.351748755919,14.9574911566691));
#7852=CARTESIAN_POINT('Ctrl Pts',(-95.7251688154487,135.416079801033,14.8099524151541));
#7853=CARTESIAN_POINT('Ctrl Pts',(-95.2812851597062,134.471837099137,14.6966554361289));
#7854=CARTESIAN_POINT('Ctrl Pts',(-94.7844874875498,133.542496047546,14.6180600503056));
#7855=CARTESIAN_POINT('Ctrl Pts',(-94.2463482061696,132.661627067198,14.5725690034479));
#7856=CARTESIAN_POINT('Ctrl Pts',(-93.6827543210555,131.851793381053,14.5553254767793));
#7857=CARTESIAN_POINT('Ctrl Pts',(-93.0853112076246,131.095016835084,14.5562638099145));
#7858=CARTESIAN_POINT('Ctrl Pts',(-92.6737131549539,130.630249607639,14.5609184630308));
#7859=CARTESIAN_POINT('Ctrl Pts',(-92.4601415884585,130.403652957823,14.5622420853522));
#7860=CARTESIAN_POINT('Ctrl Pts',(-97.2524193146944,139.855447883575,16.2825279922207));
#7861=CARTESIAN_POINT('Ctrl Pts',(-97.1878232103807,139.61625368502,16.1728679019453));
#7862=CARTESIAN_POINT('Ctrl Pts',(-97.0492568544216,139.120738685465,15.9640021949423));
#7863=CARTESIAN_POINT('Ctrl Pts',(-96.8095863367205,138.330891996241,15.6826790932324));
#7864=CARTESIAN_POINT('Ctrl Pts',(-96.5343473760231,137.501338973492,15.4340246183644));
#7865=CARTESIAN_POINT('Ctrl Pts',(-96.2232239249347,136.643954552373,15.2196269790645));
#7866=CARTESIAN_POINT('Ctrl Pts',(-95.8692314575603,135.773418550998,15.0405772011642));
#7867=CARTESIAN_POINT('Ctrl Pts',(-95.4737808948781,134.904085895647,14.8969483650673));
#7868=CARTESIAN_POINT('Ctrl Pts',(-95.0387753377162,134.05052522143,14.7878091887649));
#7869=CARTESIAN_POINT('Ctrl Pts',(-94.5670406659917,133.224879453325,14.7112313724043));
#7870=CARTESIAN_POINT('Ctrl Pts',(-94.0716141939083,132.45018210554,14.6640885551544));
#7871=CARTESIAN_POINT('Ctrl Pts',(-93.5498615746837,131.716978841183,14.6406566650011));
#7872=CARTESIAN_POINT('Ctrl Pts',(-92.9995572705985,131.025223527472,14.6350096449541));
#7873=CARTESIAN_POINT('Ctrl Pts',(-92.6340571155573,130.615357228368,14.6379042183334));
#7874=CARTESIAN_POINT('Ctrl Pts',(-92.4467410240697,130.416249311973,14.6388477858607));
#7875=CARTESIAN_POINT('Ctrl Pts',(-97.1284812714048,139.402321652622,16.4961560989315));
#7876=CARTESIAN_POINT('Ctrl Pts',(-97.0574446047495,139.156060042347,16.3742772430058));
#7877=CARTESIAN_POINT('Ctrl Pts',(-96.9055973498499,138.648113606494,16.1426361234765));
#7878=CARTESIAN_POINT('Ctrl Pts',(-96.6466176683873,137.84980591403,15.8325348202786));
#7879=CARTESIAN_POINT('Ctrl Pts',(-96.3552254171071,137.024715043266,15.5604957086143));
#7880=CARTESIAN_POINT('Ctrl Pts',(-96.029226814265,136.18669676097,15.3277531490885));
#7881=CARTESIAN_POINT('Ctrl Pts',(-95.6678204974296,135.34987377822,15.1344986042946));
#7882=CARTESIAN_POINT('Ctrl Pts',(-95.2737185370115,134.527590734302,14.9798133149692));
#7883=CARTESIAN_POINT('Ctrl Pts',(-94.8482190514162,133.72831936241,14.861908608971));
#7884=CARTESIAN_POINT('Ctrl Pts',(-94.3949004991319,132.962494649063,14.7783359177511));
#7885=CARTESIAN_POINT('Ctrl Pts',(-93.9258554348626,132.249107585888,14.7256796671049));
#7886=CARTESIAN_POINT('Ctrl Pts',(-93.4398676069637,131.582291716739,14.6985762545821));
#7887=CARTESIAN_POINT('Ctrl Pts',(-92.9388355226641,130.963083644292,14.6898965674165));
#7888=CARTESIAN_POINT('Ctrl Pts',(-92.6106292590115,130.59661753676,14.6908437449183));
#7889=CARTESIAN_POINT('Ctrl Pts',(-92.443738477524,130.419071666206,14.6912073551791));
#7890=CARTESIAN_POINT('Ctrl Pts',(-97.0559790151872,139.157380354721,16.6077701666235));
#7891=CARTESIAN_POINT('Ctrl Pts',(-96.98201309067,138.907494206388,16.4783636958014));
#7892=CARTESIAN_POINT('Ctrl Pts',(-96.8241143526937,138.393185516644,16.2329021067031));
#7893=CARTESIAN_POINT('Ctrl Pts',(-96.5562464825918,137.590171565929,15.9057544889413));
#7894=CARTESIAN_POINT('Ctrl Pts',(-96.2568596686427,136.766827214012,15.6202503905172));
#7895=CARTESIAN_POINT('Ctrl Pts',(-95.9241446070056,135.938515114365,15.3773896022633));
#7896=CARTESIAN_POINT('Ctrl Pts',(-95.5596510164072,135.119305991183,15.1768845051272));
#7897=CARTESIAN_POINT('Ctrl Pts',(-95.1666526471081,134.321808718654,15.0172696531764));
#7898=CARTESIAN_POINT('Ctrl Pts',(-94.7467920684909,133.552593536915,14.8961775626644));
#7899=CARTESIAN_POINT('Ctrl Pts',(-94.3047086074332,132.821676930303,14.8105641807381));
#7900=CARTESIAN_POINT('Ctrl Pts',(-93.851992791286,132.144985954934,14.7563854029658));
#7901=CARTESIAN_POINT('Ctrl Pts',(-93.3857588805137,131.513590391361,14.7277644365607));
#7902=CARTESIAN_POINT('Ctrl Pts',(-92.909853474303,130.930267853451,14.71745483747));
#7903=CARTESIAN_POINT('Ctrl Pts',(-92.6004977015916,130.585839133266,14.717387293959));
#7904=CARTESIAN_POINT('Ctrl Pts',(-92.443738477524,130.419071666206,14.717387293959));
#7905=CARTESIAN_POINT('',(-97.0559790151872,139.157380354721,16.6077701666235));
#7906=CARTESIAN_POINT('Ctrl Pts',(-98.4466357560107,142.275320488667,15.7458204580361));
#7907=CARTESIAN_POINT('Ctrl Pts',(-98.274679127068,141.983279995221,15.7948687809079));
#7908=CARTESIAN_POINT('Ctrl Pts',(-97.9740325733953,141.474110151628,15.8953757327696));
#7909=CARTESIAN_POINT('Ctrl Pts',(-97.5827940019029,140.801114612604,16.0310917085535));
#7910=CARTESIAN_POINT('Ctrl Pts',(-97.3438279323896,140.303593530463,16.1369740108495));
#7911=CARTESIAN_POINT('Ctrl Pts',(-97.2524193146944,139.855447883575,16.2825279922207));
#7912=CARTESIAN_POINT('Ctrl Pts',(-97.1284812714048,139.402321652622,16.4961560989315));
#7913=CARTESIAN_POINT('Ctrl Pts',(-97.0559790151872,139.157380354721,16.6077701666235));
#7914=CARTESIAN_POINT('',(-92.443738477524,130.419071666206,14.717387293959));
#7915=CARTESIAN_POINT('Ctrl Pts',(-97.0559790151872,139.157380354721,16.6077701666235));
#7916=CARTESIAN_POINT('Ctrl Pts',(-97.002123037622,138.975433561163,16.5135468869866));
#7917=CARTESIAN_POINT('Ctrl Pts',(-96.9456219880701,138.789639967114,16.4228575082061));
#7918=CARTESIAN_POINT('Ctrl Pts',(-96.8864104455831,138.600761227001,16.3357784388812));
#7919=CARTESIAN_POINT('Ctrl Pts',(-96.8034239847043,138.336042938659,16.2137349406649));
#7920=CARTESIAN_POINT('Ctrl Pts',(-96.7151107449707,138.065262132224,16.0987789969853));
#7921=CARTESIAN_POINT('Ctrl Pts',(-96.6213151434236,137.790524398088,15.9910228070596));
#7922=CARTESIAN_POINT('Ctrl Pts',(-96.5623836630314,137.617907546923,15.9233199330548));
#7923=CARTESIAN_POINT('Ctrl Pts',(-96.5012885731743,137.443729037496,15.8584573021361));
#7924=CARTESIAN_POINT('Ctrl Pts',(-96.4380031959589,137.268520116723,15.7964734836324));
#7925=CARTESIAN_POINT('Ctrl Pts',(-96.4005632904299,137.164865754053,15.7598035859211));
#7926=CARTESIAN_POINT('Ctrl Pts',(-96.3623565146369,137.060849653439,15.7241423658945));
#7927=CARTESIAN_POINT('Ctrl Pts',(-96.323382127151,136.956590134903,15.6894987506235));
#7928=CARTESIAN_POINT('Ctrl Pts',(-96.2665672602572,136.804605946051,15.6389970617631));
#7929=CARTESIAN_POINT('Ctrl Pts',(-96.2080390086066,136.652244641232,15.5906587264536));
#7930=CARTESIAN_POINT('Ctrl Pts',(-96.1478259332357,136.499870022834,15.5444924929471));
#7931=CARTESIAN_POINT('Ctrl Pts',(-96.0785680571713,136.324606720447,15.4913914802708));
#7932=CARTESIAN_POINT('Ctrl Pts',(-96.0070810771964,136.149328923236,15.4411646358606));
#7933=CARTESIAN_POINT('Ctrl Pts',(-95.933454655615,135.974618648259,15.3937918075411));
#7934=CARTESIAN_POINT('Ctrl Pts',(-95.8682798600599,135.81996348224,15.3518569377718));
#7935=CARTESIAN_POINT('Ctrl Pts',(-95.8014300458505,135.665755330645,15.3121578268155));
#7936=CARTESIAN_POINT('Ctrl Pts',(-95.7329877892851,135.51237800963,15.2746596477558));
#7937=CARTESIAN_POINT('Ctrl Pts',(-95.6710728457367,135.373628227714,15.2407376563407));
#7938=CARTESIAN_POINT('Ctrl Pts',(-95.6078555270451,135.235559151947,15.2086164889239));
#7939=CARTESIAN_POINT('Ctrl Pts',(-95.5434004205513,135.098418820175,15.1782581959712));
#7940=CARTESIAN_POINT('Ctrl Pts',(-95.4830838200172,134.970083936276,15.1498491353316));
#7941=CARTESIAN_POINT('Ctrl Pts',(-95.4216838273726,134.842562740769,15.1229836712866));
#7942=CARTESIAN_POINT('Ctrl Pts',(-95.3592474543415,134.716017466985,15.0976226555013));
#7943=CARTESIAN_POINT('Ctrl Pts',(-95.2964983113262,134.58883827484,15.0721345957492));
#7944=CARTESIAN_POINT('Ctrl Pts',(-95.2327030505362,134.462645518586,15.0481660327806));
#7945=CARTESIAN_POINT('Ctrl Pts',(-95.1678941837742,134.337552382761,15.0256703462005));
#7946=CARTESIAN_POINT('Ctrl Pts',(-95.1200370327275,134.245179203053,15.0090587384938));
#7947=CARTESIAN_POINT('Ctrl Pts',(-95.0716247523441,134.153400592803,14.9932501125427));
#7948=CARTESIAN_POINT('Ctrl Pts',(-95.0226705511128,134.062257385628,14.9782236575895));
#7949=CARTESIAN_POINT('Ctrl Pts',(-94.9705532921244,133.965225179731,14.9622263044559));
#7950=CARTESIAN_POINT('Ctrl Pts',(-94.9178217353375,133.86891379191,14.9471155294817));
#7951=CARTESIAN_POINT('Ctrl Pts',(-94.8645261636396,133.773426399461,14.9328640706467));
#7952=CARTESIAN_POINT('Ctrl Pts',(-94.7948520421925,133.648594261137,14.9142329190887));
#7953=CARTESIAN_POINT('Ctrl Pts',(-94.7242138354351,133.525173051344,14.8970708474221));
#7954=CARTESIAN_POINT('Ctrl Pts',(-94.6527857068101,133.403457920391,14.881309085523));
#7955=CARTESIAN_POINT('Ctrl Pts',(-94.5904351525228,133.29721117942,14.8675504359563));
#7956=CARTESIAN_POINT('Ctrl Pts',(-94.5274854912339,133.1922683598,14.8548587409788));
#7957=CARTESIAN_POINT('Ctrl Pts',(-94.4640659114615,133.088811503099,14.8431810453932));
#7958=CARTESIAN_POINT('Ctrl Pts',(-94.4105931415435,133.001580955141,14.8333348948595));
#7959=CARTESIAN_POINT('Ctrl Pts',(-94.3567872504676,132.915407450969,14.8242095286172));
#7960=CARTESIAN_POINT('Ctrl Pts',(-94.3027147408901,132.830365682451,14.815768652584));
#7961=CARTESIAN_POINT('Ctrl Pts',(-94.2531411591045,132.752399538476,14.8080300722657));
#7962=CARTESIAN_POINT('Ctrl Pts',(-94.2033440038486,132.675384939514,14.800866796979));
#7963=CARTESIAN_POINT('Ctrl Pts',(-94.1533552006878,132.599341972518,14.7942472897982));
#7964=CARTESIAN_POINT('Ctrl Pts',(-94.1062299785014,132.527655084878,14.7880069774296));
#7965=CARTESIAN_POINT('Ctrl Pts',(-94.0589348255871,132.456831864508,14.7822499098));
#7966=CARTESIAN_POINT('Ctrl Pts',(-94.0114722411714,132.386851120165,14.7769465414784));
#7967=CARTESIAN_POINT('Ctrl Pts',(-93.9659067744788,132.319667562533,14.7718551530597));
#7968=CARTESIAN_POINT('Ctrl Pts',(-93.9201873386134,132.253260599819,14.7671819173011));
#7969=CARTESIAN_POINT('Ctrl Pts',(-93.8742878599022,132.187573267479,14.7628977903379));
#7970=CARTESIAN_POINT('Ctrl Pts',(-93.8332875282141,132.128897167242,14.7590709358415));
#7971=CARTESIAN_POINT('Ctrl Pts',(-93.792140582478,132.070790985189,14.7555544508595));
#7972=CARTESIAN_POINT('Ctrl Pts',(-93.7508155529503,132.013200738188,14.7523258500979));
#7973=CARTESIAN_POINT('Ctrl Pts',(-93.7099293032823,131.956221971463,14.7491315298922));
#7974=CARTESIAN_POINT('Ctrl Pts',(-93.6688684591378,131.899748293058,14.746219001382));
#7975=CARTESIAN_POINT('Ctrl Pts',(-93.6276361391275,131.843776787949,14.7435661112845));
#7976=CARTESIAN_POINT('Ctrl Pts',(-93.5820336526397,131.781872926977,14.7406320443973));
#7977=CARTESIAN_POINT('Ctrl Pts',(-93.5362216005379,131.720584088851,14.7380155986084));
#7978=CARTESIAN_POINT('Ctrl Pts',(-93.4902438735862,131.659957068266,14.7356861121954));
#7979=CARTESIAN_POINT('Ctrl Pts',(-93.4305664315923,131.581265368087,14.7326625223073));
#7980=CARTESIAN_POINT('Ctrl Pts',(-93.3706101302831,131.503690481634,14.7301225282008));
#7981=CARTESIAN_POINT('Ctrl Pts',(-93.3105353229105,131.427398799532,14.7279964514027));
#7982=CARTESIAN_POINT('Ctrl Pts',(-93.2536824208254,131.355198758914,14.7259843994076));
#7983=CARTESIAN_POINT('Ctrl Pts',(-93.1967271229053,131.284152540657,14.7243430874491));
#7984=CARTESIAN_POINT('Ctrl Pts',(-93.1398182861502,131.214394106783,14.7230101652749));
#7985=CARTESIAN_POINT('Ctrl Pts',(-93.0935797862107,131.157715293361,14.721927164367));
#7986=CARTESIAN_POINT('Ctrl Pts',(-93.0473730545192,131.101887281881,14.7210477021786));
#7987=CARTESIAN_POINT('Ctrl Pts',(-93.0012595746842,131.046950224404,14.7203363841435));
#7988=CARTESIAN_POINT('Ctrl Pts',(-92.9593006476417,130.996962672069,14.7196891516716));
#7989=CARTESIAN_POINT('Ctrl Pts',(-92.9174194905856,130.947713070507,14.7191811204971));
#7990=CARTESIAN_POINT('Ctrl Pts',(-92.8756354108235,130.899196711685,14.7187841435729));
#7991=CARTESIAN_POINT('Ctrl Pts',(-92.8373964564543,130.854796671245,14.7184208477296));
#7992=CARTESIAN_POINT('Ctrl Pts',(-92.7992390402848,130.811010737222,14.7181505520075));
#7993=CARTESIAN_POINT('Ctrl Pts',(-92.7611491309171,130.767802803412,14.717950508261));
#7994=CARTESIAN_POINT('Ctrl Pts',(-92.7244206494045,130.726139228348,14.7177576145743));
#7995=CARTESIAN_POINT('Ctrl Pts',(-92.6877552839858,130.685013226194,14.7176300409219));
#7996=CARTESIAN_POINT('Ctrl Pts',(-92.6511080189276,130.644359363227,14.717546296268));
#7997=CARTESIAN_POINT('Ctrl Pts',(-92.6161858545131,130.605619203918,14.7174664937352));
#7998=CARTESIAN_POINT('Ctrl Pts',(-92.5812803090547,130.567307778739,14.717426488441));
#7999=CARTESIAN_POINT('Ctrl Pts',(-92.5463188068719,130.529336971791,14.7174066902803));
#8000=CARTESIAN_POINT('Ctrl Pts',(-92.5122128621253,130.492295364225,14.7173873766086));
#8001=CARTESIAN_POINT('Ctrl Pts',(-92.478053924514,130.455577972037,14.717387293959));
#8002=CARTESIAN_POINT('Ctrl Pts',(-92.443738477524,130.419071666206,14.717387293959));
#8003=CARTESIAN_POINT('Origin',(-92.8080547049221,130.076619207529,14.717387293959));
#8004=CARTESIAN_POINT('Ctrl Pts',(-98.4466357560107,142.275320488667,15.7458204580361));
#8005=CARTESIAN_POINT('Ctrl Pts',(-98.274679127068,141.983279995221,15.7948687809079));
#8006=CARTESIAN_POINT('Ctrl Pts',(-97.9740325733953,141.474110151628,15.8953757327696));
#8007=CARTESIAN_POINT('Ctrl Pts',(-97.5827940019029,140.801114612604,16.0310917085535));
#8008=CARTESIAN_POINT('Ctrl Pts',(-97.3438279323896,140.303593530463,16.1369740108495));
#8009=CARTESIAN_POINT('Ctrl Pts',(-97.2524193146944,139.855447883575,16.2825279922207));
#8010=CARTESIAN_POINT('Ctrl Pts',(-97.1284812714048,139.402321652622,16.4961560989315));
#8011=CARTESIAN_POINT('Ctrl Pts',(-97.0559790151872,139.157380354721,16.6077701666235));
#8012=CARTESIAN_POINT('Ctrl Pts',(-98.4428074990316,142.3986006257,15.8566732576431));
#8013=CARTESIAN_POINT('Ctrl Pts',(-98.2798971926267,142.1197247467,15.9061911184805));
#8014=CARTESIAN_POINT('Ctrl Pts',(-97.9937483395284,141.632870491553,16.0079006143084));
#8015=CARTESIAN_POINT('Ctrl Pts',(-97.6237276381281,140.997310046059,16.1472044197213));
#8016=CARTESIAN_POINT('Ctrl Pts',(-97.40186560699,140.535522655122,16.2628520923202));
#8017=CARTESIAN_POINT('Ctrl Pts',(-97.3256065587169,140.121520845394,16.4238915011582));
#8018=CARTESIAN_POINT('Ctrl Pts',(-97.2113085295174,139.689670875022,16.6461311949653));
#8019=CARTESIAN_POINT('Ctrl Pts',(-97.1447381246078,139.45724373272,16.7630579316099));
#8020=CARTESIAN_POINT('Ctrl Pts',(-98.4386816657526,142.645655391098,16.0963852432197));
#8021=CARTESIAN_POINT('Ctrl Pts',(-98.2920606142653,142.391832017926,16.1469776766632));
#8022=CARTESIAN_POINT('Ctrl Pts',(-98.0328454211521,141.94883805054,16.2508923501386));
#8023=CARTESIAN_POINT('Ctrl Pts',(-97.7034198228418,141.38719659679,16.3984228669988));
#8024=CARTESIAN_POINT('Ctrl Pts',(-97.5145056947344,140.994556011253,16.5355498024778));
#8025=CARTESIAN_POINT('Ctrl Pts',(-97.4630844751474,140.639630516861,16.727521553814));
#8026=CARTESIAN_POINT('Ctrl Pts',(-97.3644299880169,140.246039683303,16.9661728429222));
#8027=CARTESIAN_POINT('Ctrl Pts',(-97.3079166393926,140.03619425198,17.0930416268117));
#8028=CARTESIAN_POINT('Ctrl Pts',(-98.4438339550104,143.022570041438,16.5209685637206));
#8029=CARTESIAN_POINT('Ctrl Pts',(-98.3178080792389,142.803622649947,16.5727328862699));
#8030=CARTESIAN_POINT('Ctrl Pts',(-98.0942155555232,142.423943594591,16.6793926284819));
#8031=CARTESIAN_POINT('Ctrl Pts',(-97.8194563489146,141.965273707244,16.843684696926));
#8032=CARTESIAN_POINT('Ctrl Pts',(-97.67379660671,141.660072399319,17.0142102431462));
#8033=CARTESIAN_POINT('Ctrl Pts',(-97.6429586718835,141.359909575951,17.2462349797124));
#8034=CARTESIAN_POINT('Ctrl Pts',(-97.5573775337971,141.005833325058,17.50263186713));
#8035=CARTESIAN_POINT('Ctrl Pts',(-97.511190058146,140.820527018977,17.6402845416461));
#8036=CARTESIAN_POINT('Ctrl Pts',(-98.4617107833154,143.410380606957,17.0237270914795));
#8037=CARTESIAN_POINT('Ctrl Pts',(-98.3534364380913,143.223826344406,17.0759210632139));
#8038=CARTESIAN_POINT('Ctrl Pts',(-98.1612924228277,142.903283384823,17.1856343216653));
#8039=CARTESIAN_POINT('Ctrl Pts',(-97.9340544439859,142.53317210569,17.3699172325307));
#8040=CARTESIAN_POINT('Ctrl Pts',(-97.8228629522946,142.289413382375,17.5684784630371));
#8041=CARTESIAN_POINT('Ctrl Pts',(-97.7960989192102,142.007113469347,17.8282838747888));
#8042=CARTESIAN_POINT('Ctrl Pts',(-97.7154488846581,141.674640167443,18.0928029140101));
#8043=CARTESIAN_POINT('Ctrl Pts',(-97.6758441120227,141.504675476812,18.2360951895964));
#8044=CARTESIAN_POINT('Ctrl Pts',(-98.4943316937129,143.814169564566,17.6232919312816));
#8045=CARTESIAN_POINT('Ctrl Pts',(-98.4013637795859,143.656708174368,17.6757467696578));
#8046=CARTESIAN_POINT('Ctrl Pts',(-98.2359758986103,143.387255636075,17.7919119543537));
#8047=CARTESIAN_POINT('Ctrl Pts',(-98.0486768128743,143.084504810223,17.9908212020556));
#8048=CARTESIAN_POINT('Ctrl Pts',(-97.9600721228232,142.867412205845,18.2065443304443));
#8049=CARTESIAN_POINT('Ctrl Pts',(-97.9221502549379,142.567830753114,18.4755364741915));
#8050=CARTESIAN_POINT('Ctrl Pts',(-97.8414746779322,142.24224229467,18.7361449055004));
#8051=CARTESIAN_POINT('Ctrl Pts',(-97.8056032080541,142.079281322582,18.8783551719591));
#8052=CARTESIAN_POINT('Ctrl Pts',(-98.5422459738349,144.233610301671,18.3444822395944));
#8053=CARTESIAN_POINT('Ctrl Pts',(-98.4618779105299,144.099466576825,18.3971080193674));
#8054=CARTESIAN_POINT('Ctrl Pts',(-98.3188326750296,143.86846570877,18.5143522931158));
#8055=CARTESIAN_POINT('Ctrl Pts',(-98.161516111949,143.60087373294,18.7130288288012));
#8056=CARTESIAN_POINT('Ctrl Pts',(-98.0805507692808,143.368663740456,18.9245323692674));
#8057=CARTESIAN_POINT('Ctrl Pts',(-98.0189367496202,143.022729044732,19.1777116433661));
#8058=CARTESIAN_POINT('Ctrl Pts',(-97.9369763479206,142.695311740248,19.4220654961719));
#8059=CARTESIAN_POINT('Ctrl Pts',(-97.9028893819731,142.533218125578,19.5561969708211));
#8060=CARTESIAN_POINT('Ctrl Pts',(-98.6028469279533,144.655434001228,19.2080344049467));
#8061=CARTESIAN_POINT('Ctrl Pts',(-98.5325215115727,144.536127684137,19.2549390024618));
#8062=CARTESIAN_POINT('Ctrl Pts',(-98.406622470217,144.323937716803,19.3594099081393));
#8063=CARTESIAN_POINT('Ctrl Pts',(-98.2661955321011,144.050255952462,19.5347426471735));
#8064=CARTESIAN_POINT('Ctrl Pts',(-98.1773462625024,143.765440323962,19.7169973299221));
#8065=CARTESIAN_POINT('Ctrl Pts',(-98.0861242055723,143.36156122341,19.9335801189188));
#8066=CARTESIAN_POINT('Ctrl Pts',(-98.0052061049219,143.032318439652,20.1528990440962));
#8067=CARTESIAN_POINT('Ctrl Pts',(-97.9719211870796,142.86851070452,20.2725607884867));
#8068=CARTESIAN_POINT('Ctrl Pts',(-98.6685404889863,145.045312181564,20.2081364519146));
#8069=CARTESIAN_POINT('Ctrl Pts',(-98.6051546659029,144.929271075299,20.2402367622251));
#8070=CARTESIAN_POINT('Ctrl Pts',(-98.4893886444083,144.71055808529,20.3146780822401));
#8071=CARTESIAN_POINT('Ctrl Pts',(-98.3512236978166,144.39187653719,20.4405071960367));
#8072=CARTESIAN_POINT('Ctrl Pts',(-98.2431696867733,144.035589503853,20.5685228073447));
#8073=CARTESIAN_POINT('Ctrl Pts',(-98.1253296671969,143.582165153968,20.732837850967));
#8074=CARTESIAN_POINT('Ctrl Pts',(-98.0491400797283,143.255655928499,20.9169935465574));
#8075=CARTESIAN_POINT('Ctrl Pts',(-98.0162680622426,143.090116602918,21.0150122905746));
#8076=CARTESIAN_POINT('Ctrl Pts',(-98.7220114187431,145.3319977252,21.2851289213496));
#8077=CARTESIAN_POINT('Ctrl Pts',(-98.6617871470051,145.208421251527,21.2977970764059));
#8078=CARTESIAN_POINT('Ctrl Pts',(-98.548621961802,144.963559025014,21.3306921969242));
#8079=CARTESIAN_POINT('Ctrl Pts',(-98.4027800757798,144.585431606907,21.3902698686189));
#8080=CARTESIAN_POINT('Ctrl Pts',(-98.272883168504,144.167057953192,21.4587304942005));
#8081=CARTESIAN_POINT('Ctrl Pts',(-98.1432704718648,143.695640679053,21.5760921096961));
#8082=CARTESIAN_POINT('Ctrl Pts',(-98.0723331700966,143.375655045405,21.7156409010137));
#8083=CARTESIAN_POINT('Ctrl Pts',(-98.0401649574132,143.211590815197,21.7873976678481));
#8084=CARTESIAN_POINT('Ctrl Pts',(-98.7457712566641,145.452955296751,22.3568242754979));
#8085=CARTESIAN_POINT('Ctrl Pts',(-98.685713726791,145.31998498634,22.3532423520758));
#8086=CARTESIAN_POINT('Ctrl Pts',(-98.5708063312279,145.050509592819,22.3513222953697));
#8087=CARTESIAN_POINT('Ctrl Pts',(-98.4152342522976,144.629773179191,22.3610063702725));
#8088=CARTESIAN_POINT('Ctrl Pts',(-98.2718876676565,144.183636435658,22.3867284733245));
#8089=CARTESIAN_POINT('Ctrl Pts',(-98.1490984734325,143.728837548161,22.4634972258064));
#8090=CARTESIAN_POINT('Ctrl Pts',(-98.079927006979,143.415314051398,22.5390594394394));
#8091=CARTESIAN_POINT('Ctrl Pts',(-98.0489557292342,143.256618331057,22.5781681310556));
#8092=CARTESIAN_POINT('Ctrl Pts',(-98.7455152598812,145.446948868459,23.0391944915748));
#8093=CARTESIAN_POINT('Ctrl Pts',(-98.6835201708079,145.309264254035,23.0371060922063));
#8094=CARTESIAN_POINT('Ctrl Pts',(-98.5653455735645,145.030152566798,23.0348475269585));
#8095=CARTESIAN_POINT('Ctrl Pts',(-98.4062872361001,144.60095666761,23.0383835526618));
#8096=CARTESIAN_POINT('Ctrl Pts',(-98.2661635913429,144.161983724961,23.0524894876726));
#8097=CARTESIAN_POINT('Ctrl Pts',(-98.1456764319103,143.714036517487,23.0815362043413));
#8098=CARTESIAN_POINT('Ctrl Pts',(-98.078888670644,143.409990994788,23.1086102523083));
#8099=CARTESIAN_POINT('Ctrl Pts',(-98.0489844884336,143.256765093895,23.1224733851593));
#8100=CARTESIAN_POINT('Ctrl Pts',(-98.7455152598812,145.446948868459,23.3971262079298));
#8101=CARTESIAN_POINT('Ctrl Pts',(-98.6824694065863,145.306930616502,23.3971262079298));
#8102=CARTESIAN_POINT('Ctrl Pts',(-98.5628290999959,145.023989262954,23.3971262079298));
#8103=CARTESIAN_POINT('Ctrl Pts',(-98.4031036011323,144.591763160995,23.3971262079298));
#8104=CARTESIAN_POINT('Ctrl Pts',(-98.2634519769883,144.152640104513,23.3971262079298));
#8105=CARTESIAN_POINT('Ctrl Pts',(-98.1441705402641,143.707551824445,23.3971262079298));
#8106=CARTESIAN_POINT('Ctrl Pts',(-98.0783984381488,143.407479094774,23.3971262079298));
#8107=CARTESIAN_POINT('Ctrl Pts',(-98.0489844884336,143.256765093895,23.3971262079298));
#8108=CARTESIAN_POINT('',(-98.7455152598812,145.446948868459,23.3971262079298));
#8109=CARTESIAN_POINT('Ctrl Pts',(-98.4466357560107,142.275320488667,15.7458204580361));
#8110=CARTESIAN_POINT('Ctrl Pts',(-98.4428074990316,142.3986006257,15.8566732576431));
#8111=CARTESIAN_POINT('Ctrl Pts',(-98.4386816657526,142.645655391098,16.0963852432197));
#8112=CARTESIAN_POINT('Ctrl Pts',(-98.4438339550104,143.022570041438,16.5209685637206));
#8113=CARTESIAN_POINT('Ctrl Pts',(-98.4617107833154,143.410380606957,17.0237270914795));
#8114=CARTESIAN_POINT('Ctrl Pts',(-98.4943316937129,143.814169564566,17.6232919312816));
#8115=CARTESIAN_POINT('Ctrl Pts',(-98.5422459738349,144.233610301671,18.3444822395944));
#8116=CARTESIAN_POINT('Ctrl Pts',(-98.6028469279533,144.655434001228,19.2080344049467));
#8117=CARTESIAN_POINT('Ctrl Pts',(-98.6685404889863,145.045312181564,20.2081364519146));
#8118=CARTESIAN_POINT('Ctrl Pts',(-98.7220114187431,145.3319977252,21.2851289213496));
#8119=CARTESIAN_POINT('Ctrl Pts',(-98.7457712566641,145.452955296751,22.3568242754979));
#8120=CARTESIAN_POINT('Ctrl Pts',(-98.7455152598812,145.446948868459,23.0391944915748));
#8121=CARTESIAN_POINT('Ctrl Pts',(-98.7455152598812,145.446948868459,23.3971262079298));
#8122=CARTESIAN_POINT('',(-98.0489844884336,143.256765093895,23.3971262079298));
#8123=CARTESIAN_POINT('Origin',(-107.863812796967,141.341263782488,23.3971262079298));
#8124=CARTESIAN_POINT('Ctrl Pts',(-98.0489844884336,143.256765093895,23.3971262079298));
#8125=CARTESIAN_POINT('Ctrl Pts',(-98.0489844884336,143.256765093895,23.3406282032936));
#8126=CARTESIAN_POINT('Ctrl Pts',(-98.0489844601142,143.256764948547,23.2841348529658));
#8127=CARTESIAN_POINT('Ctrl Pts',(-98.0489711692309,143.256696847937,23.2277591092865));
#8128=CARTESIAN_POINT('Ctrl Pts',(-98.0489571296143,143.256624910923,23.1682074748734));
#8129=CARTESIAN_POINT('Ctrl Pts',(-98.0489282814716,143.256477094895,23.1087867579639));
#8130=CARTESIAN_POINT('Ctrl Pts',(-98.0488694889959,143.25617586693,23.0495702234501));
#8131=CARTESIAN_POINT('Ctrl Pts',(-98.0488061358173,143.255851271839,22.9857600905921));
#8132=CARTESIAN_POINT('Ctrl Pts',(-98.0487079964846,143.255348451541,22.9221865972606));
#8133=CARTESIAN_POINT('Ctrl Pts',(-98.0485568632733,143.254574237865,22.8588794618628));
#8134=CARTESIAN_POINT('Ctrl Pts',(-98.0483868494006,143.253703303777,22.78766353803));
#8135=CARTESIAN_POINT('Ctrl Pts',(-98.0481497381887,143.252488727583,22.7167838899699));
#8136=CARTESIAN_POINT('Ctrl Pts',(-98.0478209325042,143.250805009485,22.6462163114656));
#8137=CARTESIAN_POINT('Ctrl Pts',(-98.0473587679697,143.248438399575,22.5470275394776));
#8138=CARTESIAN_POINT('Ctrl Pts',(-98.0467151446191,143.245143187599,22.448452089127));
#8139=CARTESIAN_POINT('Ctrl Pts',(-98.0458271282067,143.240600754076,22.350318324461));
#8140=CARTESIAN_POINT('Ctrl Pts',(-98.0451743423407,143.23726158561,22.2781796413712));
#8141=CARTESIAN_POINT('Ctrl Pts',(-98.0443896152947,143.233249121966,22.20627587478));
#8142=CARTESIAN_POINT('Ctrl Pts',(-98.0434503964095,143.228450860152,22.1345535299881));
#8143=CARTESIAN_POINT('Ctrl Pts',(-98.0426097810557,143.224156341999,22.0703609278311));
#8144=CARTESIAN_POINT('Ctrl Pts',(-98.0416454304949,143.219232469235,22.0063125001899));
#8145=CARTESIAN_POINT('Ctrl Pts',(-98.0405427412762,143.213607786194,21.9424093389378));
#8146=CARTESIAN_POINT('Ctrl Pts',(-98.0395007967658,143.208292954491,21.8820264613922));
#8147=CARTESIAN_POINT('Ctrl Pts',(-98.0383353418895,143.202352430758,21.8217724972414));
#8148=CARTESIAN_POINT('Ctrl Pts',(-98.037035370861,143.195733778761,21.7616991265914));
#8149=CARTESIAN_POINT('Ctrl Pts',(-98.035533380453,143.188086568481,21.6922901747609));
#8150=CARTESIAN_POINT('Ctrl Pts',(-98.0338520011596,143.179534954438,21.6231333621805));
#8151=CARTESIAN_POINT('Ctrl Pts',(-98.0319746692592,143.170002318786,21.5543069118747));
#8152=CARTESIAN_POINT('Ctrl Pts',(-98.0299184748146,143.159561462555,21.4789230307782));
#8153=CARTESIAN_POINT('Ctrl Pts',(-98.0276271773708,143.147943480126,21.4039349457687));
#8154=CARTESIAN_POINT('Ctrl Pts',(-98.0250785780269,143.135049295652,21.3293758119818));
#8155=CARTESIAN_POINT('Ctrl Pts',(-98.0221036690261,143.119998273394,21.2423450126027));
#8156=CARTESIAN_POINT('Ctrl Pts',(-98.0187780906043,143.103207667261,21.1558975431054));
#8157=CARTESIAN_POINT('Ctrl Pts',(-98.0150669512362,143.084530140471,21.0700068149553));
#8158=CARTESIAN_POINT('Ctrl Pts',(-98.0106675687575,143.062388804359,20.9681873662567));
#8159=CARTESIAN_POINT('Ctrl Pts',(-98.0057260707338,143.037593706476,20.8671447156662));
#8160=CARTESIAN_POINT('Ctrl Pts',(-98.0001879617455,143.009936211519,20.7667834387146));
#8161=CARTESIAN_POINT('Ctrl Pts',(-97.9959836503719,142.988939744881,20.6905931616637));
#8162=CARTESIAN_POINT('Ctrl Pts',(-97.9914355416368,142.966294245004,20.6147933576152));
#8163=CARTESIAN_POINT('Ctrl Pts',(-97.9865226097268,142.941931047679,20.5393658757424));
#8164=CARTESIAN_POINT('Ctrl Pts',(-97.9821476196968,142.920235500631,20.4721973321456));
#8165=CARTESIAN_POINT('Ctrl Pts',(-97.9774833236177,142.897177924113,20.4053233112921));
#8166=CARTESIAN_POINT('Ctrl Pts',(-97.9725172527759,142.872726707341,20.3387683007046));
#8167=CARTESIAN_POINT('Ctrl Pts',(-97.9659768099023,142.840523826719,20.2511136420096));
#8168=CARTESIAN_POINT('Ctrl Pts',(-97.9589133511893,142.805905243999,20.1640188978443));
#8169=CARTESIAN_POINT('Ctrl Pts',(-97.9513027244265,142.768832433048,20.077623608713));
#8170=CARTESIAN_POINT('Ctrl Pts',(-97.9440149130436,142.733332117232,19.9948928966204));
#8171=CARTESIAN_POINT('Ctrl Pts',(-97.9362253310944,142.695581182114,19.9128033488675));
#8172=CARTESIAN_POINT('Ctrl Pts',(-97.9279089953968,142.655539964321,19.8314188340552));
#8173=CARTESIAN_POINT('Ctrl Pts',(-97.9185044508977,142.610259274817,19.7393849962057));
#8174=CARTESIAN_POINT('Ctrl Pts',(-97.9084262009593,142.562048826106,19.6482520277365));
#8175=CARTESIAN_POINT('Ctrl Pts',(-97.8976343018228,142.51085350542,19.5580474960707));
#8176=CARTESIAN_POINT('Ctrl Pts',(-97.8852226892342,142.451974481564,19.4543045230661));
#8177=CARTESIAN_POINT('Ctrl Pts',(-97.8718668409246,142.389145077536,19.3517868320197));
#8178=CARTESIAN_POINT('Ctrl Pts',(-97.8575041426952,142.32231041017,19.250483001193));
#8179=CARTESIAN_POINT('Ctrl Pts',(-97.845273337185,142.265396186615,19.1642159619166));
#8180=CARTESIAN_POINT('Ctrl Pts',(-97.8323121939639,142.205577281141,19.0788265600046));
#8181=CARTESIAN_POINT('Ctrl Pts',(-97.8185843561705,142.142853577329,18.9943128224213));
#8182=CARTESIAN_POINT('Ctrl Pts',(-97.8063350779963,142.086885543056,18.9189016544885));
#8183=CARTESIAN_POINT('Ctrl Pts',(-97.7934752754822,142.028604730156,18.8441867401999));
#8184=CARTESIAN_POINT('Ctrl Pts',(-97.7799828803421,141.968041363111,18.7701919223596));
#8185=CARTESIAN_POINT('Ctrl Pts',(-97.7668617524239,141.909144504703,18.698233203386));
#8186=CARTESIAN_POINT('Ctrl Pts',(-97.7531422462263,141.848088673455,18.6269545777367));
#8187=CARTESIAN_POINT('Ctrl Pts',(-97.7388093704602,141.7849347958,18.5564165654146));
#8188=CARTESIAN_POINT('Ctrl Pts',(-97.7225393260376,141.713245316895,18.47634494457));
#8189=CARTESIAN_POINT('Ctrl Pts',(-97.7054802218118,141.638857997408,18.3972369178606));
#8190=CARTESIAN_POINT('Ctrl Pts',(-97.6876104782587,141.56187478463,18.3191856507395));
#8191=CARTESIAN_POINT('Ctrl Pts',(-97.6677411139665,141.476277165699,18.2324004623963));
#8192=CARTESIAN_POINT('Ctrl Pts',(-97.6468694662439,141.387469411696,18.1469213248627));
#8193=CARTESIAN_POINT('Ctrl Pts',(-97.6249570361084,141.295571417895,18.0628164421143));
#8194=CARTESIAN_POINT('Ctrl Pts',(-97.5978871110701,141.182043534955,17.9589159227617));
#8195=CARTESIAN_POINT('Ctrl Pts',(-97.569228513106,141.063796829289,17.8571115539365));
#8196=CARTESIAN_POINT('Ctrl Pts',(-97.5388981629292,140.941055221778,17.7574546662213));
#8197=CARTESIAN_POINT('Ctrl Pts',(-97.5118880324553,140.83174996107,17.6687070743167));
#8198=CARTESIAN_POINT('Ctrl Pts',(-97.4835514607566,140.718878231775,17.5816590169188));
#8199=CARTESIAN_POINT('Ctrl Pts',(-97.4538305177828,140.602630414384,17.4963340529026));
#8200=CARTESIAN_POINT('Ctrl Pts',(-97.4280492459967,140.501791871767,17.4223193727699));
#8201=CARTESIAN_POINT('Ctrl Pts',(-97.4012260270554,140.398412677146,17.3496000301205));
#8202=CARTESIAN_POINT('Ctrl Pts',(-97.3733291501153,140.292654129306,17.2782089414615));
#8203=CARTESIAN_POINT('Ctrl Pts',(-97.3482299093667,140.197501569428,17.2139773027229));
#8204=CARTESIAN_POINT('Ctrl Pts',(-97.3222614459939,140.100423007872,17.1508205003742));
#8205=CARTESIAN_POINT('Ctrl Pts',(-97.2954083605317,140.001569611193,17.0887876004296));
#8206=CARTESIAN_POINT('Ctrl Pts',(-97.2572473122046,139.861088575847,17.000632349295));
#8207=CARTESIAN_POINT('Ctrl Pts',(-97.2173013065906,139.717029315627,16.9147558669519));
#8208=CARTESIAN_POINT('Ctrl Pts',(-97.1755329561526,139.569852589639,16.8312887830792));
#8209=CARTESIAN_POINT('Ctrl Pts',(-97.1372247418726,139.434868145746,16.7547362043732));
#8210=CARTESIAN_POINT('Ctrl Pts',(-97.0973834800602,139.29726101353,16.6802090053248));
#8211=CARTESIAN_POINT('Ctrl Pts',(-97.0559790151872,139.157380354721,16.6077701666235));
#8212=CARTESIAN_POINT('Ctrl Pts',(-98.4466357560107,142.275320488667,15.7458204580361));
#8213=CARTESIAN_POINT('Ctrl Pts',(-98.4428074990316,142.3986006257,15.8566732576431));
#8214=CARTESIAN_POINT('Ctrl Pts',(-98.4386816657526,142.645655391098,16.0963852432197));
#8215=CARTESIAN_POINT('Ctrl Pts',(-98.4438339550104,143.022570041438,16.5209685637206));
#8216=CARTESIAN_POINT('Ctrl Pts',(-98.4617107833154,143.410380606957,17.0237270914795));
#8217=CARTESIAN_POINT('Ctrl Pts',(-98.4943316937129,143.814169564566,17.6232919312816));
#8218=CARTESIAN_POINT('Ctrl Pts',(-98.5422459738349,144.233610301671,18.3444822395944));
#8219=CARTESIAN_POINT('Ctrl Pts',(-98.6028469279533,144.655434001228,19.2080344049467));
#8220=CARTESIAN_POINT('Ctrl Pts',(-98.6685404889863,145.045312181564,20.2081364519146));
#8221=CARTESIAN_POINT('Ctrl Pts',(-98.7220114187431,145.3319977252,21.2851289213496));
#8222=CARTESIAN_POINT('Ctrl Pts',(-98.7457712566641,145.452955296751,22.3568242754979));
#8223=CARTESIAN_POINT('Ctrl Pts',(-98.7455152598812,145.446948868459,23.0391944915748));
#8224=CARTESIAN_POINT('Ctrl Pts',(-98.7455152598812,145.446948868459,23.3971262079298));
#8225=CARTESIAN_POINT('Ctrl Pts',(-98.6109358709952,142.813921256179,15.9184777343783));
#8226=CARTESIAN_POINT('Ctrl Pts',(-98.6006810559387,142.916139091629,16.0334906215092));
#8227=CARTESIAN_POINT('Ctrl Pts',(-98.5851400592284,143.123420783747,16.2813355150409));
#8228=CARTESIAN_POINT('Ctrl Pts',(-98.5761231323188,143.445244968646,16.7168509550623));
#8229=CARTESIAN_POINT('Ctrl Pts',(-98.581939230397,143.781641729519,17.2291643879886));
#8230=CARTESIAN_POINT('Ctrl Pts',(-98.6038357397533,144.137091450695,17.8359556265303));
#8231=CARTESIAN_POINT('Ctrl Pts',(-98.641213431285,144.509164916434,18.5583761669623));
#8232=CARTESIAN_POINT('Ctrl Pts',(-98.6906762658718,144.884643367502,19.4142515649483));
#8233=CARTESIAN_POINT('Ctrl Pts',(-98.7443018917783,145.22954597656,20.3879338982246));
#8234=CARTESIAN_POINT('Ctrl Pts',(-98.786896589135,145.479522979893,21.4177565341026));
#8235=CARTESIAN_POINT('Ctrl Pts',(-98.8058084797323,145.585419674808,22.4282443351266));
#8236=CARTESIAN_POINT('Ctrl Pts',(-98.8075103489546,145.584633482883,23.0651450053669));
#8237=CARTESIAN_POINT('Ctrl Pts',(-98.8085611131762,145.586967120416,23.3971262079298));
#8238=CARTESIAN_POINT('Ctrl Pts',(-98.9230173849229,143.830728375713,16.2960527691777));
#8239=CARTESIAN_POINT('Ctrl Pts',(-98.9027307527855,143.895019475844,16.4183414697735));
#8240=CARTESIAN_POINT('Ctrl Pts',(-98.8690292009047,144.029997136607,16.6801232051491));
#8241=CARTESIAN_POINT('Ctrl Pts',(-98.8369491183274,144.252250932492,17.1355019663263));
#8242=CARTESIAN_POINT('Ctrl Pts',(-98.8225778670448,144.496786442774,17.6660567244157));
#8243=CARTESIAN_POINT('Ctrl Pts',(-98.8253536479086,144.763979714638,18.2832217062547));
#8244=CARTESIAN_POINT('Ctrl Pts',(-98.8429645044579,145.04929466712,19.0046134162334));
#8245=CARTESIAN_POINT('Ctrl Pts',(-98.8705717555376,145.338320536991,19.8388401137652));
#8246=CARTESIAN_POINT('Ctrl Pts',(-98.9003202203691,145.596562603391,20.7489718764319));
#8247=CARTESIAN_POINT('Ctrl Pts',(-98.9225718878713,145.776371656641,21.6778843664667));
#8248=CARTESIAN_POINT('Ctrl Pts',(-98.9330939751091,145.852073306877,22.5643213226728));
#8249=CARTESIAN_POINT('Ctrl Pts',(-98.9381576014456,145.858129122341,23.1134085365808));
#8250=CARTESIAN_POINT('Ctrl Pts',(-98.9411042088044,145.864098750351,23.3971262079298));
#8251=CARTESIAN_POINT('Ctrl Pts',(-99.3229197188765,145.16897996777,16.9939621574241));
#8252=CARTESIAN_POINT('Ctrl Pts',(-99.298188289028,145.195363837764,17.1253950089737));
#8253=CARTESIAN_POINT('Ctrl Pts',(-99.2546479091561,145.255529376981,17.4057844735653));
#8254=CARTESIAN_POINT('Ctrl Pts',(-99.2052119304922,145.36775941972,17.886748476411));
#8255=CARTESIAN_POINT('Ctrl Pts',(-99.1706156977946,145.501958614276,18.433680200427));
#8256=CARTESIAN_POINT('Ctrl Pts',(-99.150004448195,145.657343580214,19.051870158374));
#8257=CARTESIAN_POINT('Ctrl Pts',(-99.1400764263279,145.825969756478,19.7483579659774));
#8258=CARTESIAN_POINT('Ctrl Pts',(-99.136427898572,145.990427183891,20.5086479452777));
#8259=CARTESIAN_POINT('Ctrl Pts',(-99.136197166319,146.12713478747,21.2867792944796));
#8260=CARTESIAN_POINT('Ctrl Pts',(-99.1380807398973,146.214735148064,22.0413575380564));
#8261=CARTESIAN_POINT('Ctrl Pts',(-99.1442257906808,146.250537518629,22.7435259603922));
#8262=CARTESIAN_POINT('Ctrl Pts',(-99.1540779989685,146.261721808759,23.1753040025759));
#8263=CARTESIAN_POINT('Ctrl Pts',(-99.1588511924811,146.270199586721,23.3971262079298));
#8264=CARTESIAN_POINT('Ctrl Pts',(-99.6745818022459,146.378727091084,17.884443214078));
#8265=CARTESIAN_POINT('Ctrl Pts',(-99.6482003327185,146.375904658036,18.0222582983812));
#8266=CARTESIAN_POINT('Ctrl Pts',(-99.5997266475796,146.376814278908,18.3139365668358));
#8267=CARTESIAN_POINT('Ctrl Pts',(-99.5374261629604,146.394991726638,18.801651688871));
#8268=CARTESIAN_POINT('Ctrl Pts',(-99.485218110065,146.428995031391,19.3365910428259));
#8269=CARTESIAN_POINT('Ctrl Pts',(-99.4433151793273,146.476252412124,19.9123722412755));
#8270=CARTESIAN_POINT('Ctrl Pts',(-99.409867900912,146.528170106191,20.526258234041));
#8271=CARTESIAN_POINT('Ctrl Pts',(-99.3846643498402,146.575042541757,21.1570445649578));
#8272=CARTESIAN_POINT('Ctrl Pts',(-99.3703165188429,146.609999434292,21.7659716699542));
#8273=CARTESIAN_POINT('Ctrl Pts',(-99.3687606741154,146.629656325578,22.340523941751));
#8274=CARTESIAN_POINT('Ctrl Pts',(-99.3795475631057,146.641057389051,22.8812907528372));
#8275=CARTESIAN_POINT('Ctrl Pts',(-99.389870015227,146.657618266519,23.2251655387946));
#8276=CARTESIAN_POINT('Ctrl Pts',(-99.3950684914328,146.665842130612,23.3971262079298));
#8277=CARTESIAN_POINT('Ctrl Pts',(-100.048122085424,147.490060684548,18.9093186292199));
#8278=CARTESIAN_POINT('Ctrl Pts',(-100.011624004089,147.448415202511,19.037311905031));
#8279=CARTESIAN_POINT('Ctrl Pts',(-99.9429617334138,147.371367500462,19.3054624167982));
#8280=CARTESIAN_POINT('Ctrl Pts',(-99.8529593371686,147.273894064809,19.7397220040228));
#8281=CARTESIAN_POINT('Ctrl Pts',(-99.7777604183896,147.195201101318,20.1955072824612));
#8282=CARTESIAN_POINT('Ctrl Pts',(-99.718794033564,147.134604752317,20.6647032329061));
#8283=CARTESIAN_POINT('Ctrl Pts',(-99.6746976579462,147.087376056187,21.1487179685327));
#8284=CARTESIAN_POINT('Ctrl Pts',(-99.6459387294234,147.052128127768,21.6307179694861));
#8285=CARTESIAN_POINT('Ctrl Pts',(-99.6333353063721,147.030406011082,22.0896212228374));
#8286=CARTESIAN_POINT('Ctrl Pts',(-99.6325462824637,147.024551863324,22.5424120125961));
#8287=CARTESIAN_POINT('Ctrl Pts',(-99.6378231657954,147.034371477909,22.9897974109639));
#8288=CARTESIAN_POINT('Ctrl Pts',(-99.6453977751886,147.04476090194,23.2615756690595));
#8289=CARTESIAN_POINT('Ctrl Pts',(-99.6492548999903,147.050186908,23.3971262079298));
#8290=CARTESIAN_POINT('Ctrl Pts',(-100.32218485043,147.940777745903,19.4090011219198));
#8291=CARTESIAN_POINT('Ctrl Pts',(-100.281011261683,147.886998581227,19.5248842534813));
#8292=CARTESIAN_POINT('Ctrl Pts',(-100.203259476369,147.785442554814,19.7679159308778));
#8293=CARTESIAN_POINT('Ctrl Pts',(-100.101301294359,147.652269177721,20.1592467767348));
#8294=CARTESIAN_POINT('Ctrl Pts',(-100.016318215842,147.541267948211,20.5655104713538));
#8295=CARTESIAN_POINT('Ctrl Pts',(-99.9489285316414,147.45324645107,20.9819500525951));
#8296=CARTESIAN_POINT('Ctrl Pts',(-99.8967060218381,147.385035662553,21.4122497409826));
#8297=CARTESIAN_POINT('Ctrl Pts',(-99.8594853933508,147.336419683968,21.8403502380897));
#8298=CARTESIAN_POINT('Ctrl Pts',(-99.837247584607,147.307373617913,22.2505400905856));
#8299=CARTESIAN_POINT('Ctrl Pts',(-99.827068855144,147.294078600775,22.6553391340066));
#8300=CARTESIAN_POINT('Ctrl Pts',(-99.8257879028045,147.292405476112,23.0441994399203));
#8301=CARTESIAN_POINT('Ctrl Pts',(-99.8287765547128,147.296309124252,23.2801047970625));
#8302=CARTESIAN_POINT('Ctrl Pts',(-99.8303323486632,147.298341235166,23.3971262079298));
#8303=CARTESIAN_POINT('Ctrl Pts',(-100.488443198303,148.157937224618,19.6603381267163));
#8304=CARTESIAN_POINT('Ctrl Pts',(-100.443705617846,148.099502927783,19.7702028703519));
#8305=CARTESIAN_POINT('Ctrl Pts',(-100.35871523962,147.988492163706,20.0014146114982));
#8306=CARTESIAN_POINT('Ctrl Pts',(-100.246218748303,147.841554101803,20.3737356490671));
#8307=CARTESIAN_POINT('Ctrl Pts',(-100.151582708568,147.717944590946,20.7581746397782));
#8308=CARTESIAN_POINT('Ctrl Pts',(-100.075422066839,147.618466847615,21.1509329586504));
#8309=CARTESIAN_POINT('Ctrl Pts',(-100.015506968216,147.540208331573,21.5550197251207));
#8310=CARTESIAN_POINT('Ctrl Pts',(-99.9719278517906,147.483287170459,21.9538287515397));
#8311=CARTESIAN_POINT('Ctrl Pts',(-99.9443703014486,147.447292687514,22.3348399549052));
#8312=CARTESIAN_POINT('Ctrl Pts',(-99.9294732867237,147.427834849797,22.7114540091941));
#8313=CARTESIAN_POINT('Ctrl Pts',(-99.9237546325486,147.420365390515,23.0715499977104));
#8314=CARTESIAN_POINT('Ctrl Pts',(-99.9236799856876,147.420267890007,23.2892850360245));
#8315=CARTESIAN_POINT('Ctrl Pts',(-99.9236799856876,147.420267890007,23.3971262079298));
#8316=CARTESIAN_POINT('',(-100.488443198303,148.157937224618,19.6603381267163));
#8317=CARTESIAN_POINT('Ctrl Pts',(-98.4466357560107,142.275320488667,15.7458204580361));
#8318=CARTESIAN_POINT('Ctrl Pts',(-98.6109358709952,142.813921256179,15.9184777343783));
#8319=CARTESIAN_POINT('Ctrl Pts',(-98.9230173849229,143.830728375713,16.2960527691777));
#8320=CARTESIAN_POINT('Ctrl Pts',(-99.3229197188765,145.16897996777,16.9939621574241));
#8321=CARTESIAN_POINT('Ctrl Pts',(-99.6745818022459,146.378727091084,17.884443214078));
#8322=CARTESIAN_POINT('Ctrl Pts',(-100.048122085424,147.490060684548,18.9093186292199));
#8323=CARTESIAN_POINT('Ctrl Pts',(-100.32218485043,147.940777745903,19.4090011219198));
#8324=CARTESIAN_POINT('Ctrl Pts',(-100.488443198303,148.157937224618,19.6603381267163));
#8325=CARTESIAN_POINT('',(-99.9236799856876,147.420267890007,23.3971262079298));
#8326=CARTESIAN_POINT('Ctrl Pts',(-100.488443198303,148.157937224618,19.6603381267163));
#8327=CARTESIAN_POINT('Ctrl Pts',(-100.470486517719,148.134482983403,19.7044354178245));
#8328=CARTESIAN_POINT('Ctrl Pts',(-100.452897198325,148.11150857352,19.7494373069768));
#8329=CARTESIAN_POINT('Ctrl Pts',(-100.435681499623,148.08902217086,19.7952818628547));
#8330=CARTESIAN_POINT('Ctrl Pts',(-100.416274790084,148.063673964403,19.8469609724449));
#8331=CARTESIAN_POINT('Ctrl Pts',(-100.397343023901,148.038946108461,19.8997101936627));
#8332=CARTESIAN_POINT('Ctrl Pts',(-100.378914085106,148.014875023951,19.9533766408721));
#8333=CARTESIAN_POINT('Ctrl Pts',(-100.350863941262,147.978237136634,20.035060756302));
#8334=CARTESIAN_POINT('Ctrl Pts',(-100.323979200255,147.943121448204,20.1188668973409));
#8335=CARTESIAN_POINT('Ctrl Pts',(-100.298400360528,147.909711471669,20.2041229918929));
#8336=CARTESIAN_POINT('Ctrl Pts',(-100.280340773382,147.886122818344,20.264316882066));
#8337=CARTESIAN_POINT('Ctrl Pts',(-100.262933511898,147.863386204646,20.3252291651373));
#8338=CARTESIAN_POINT('Ctrl Pts',(-100.246224639341,147.841561796424,20.3866424562643));
#8339=CARTESIAN_POINT('Ctrl Pts',(-100.232161988862,147.823193769275,20.4383295850632));
#8340=CARTESIAN_POINT('Ctrl Pts',(-100.218594232098,147.805472150939,20.490370978229));
#8341=CARTESIAN_POINT('Ctrl Pts',(-100.20553931573,147.788420382595,20.5426745119166));
#8342=CARTESIAN_POINT('Ctrl Pts',(-100.193579045924,147.772798394349,20.5905924270537));
#8343=CARTESIAN_POINT('Ctrl Pts',(-100.18204933597,147.757738784799,20.6387299772402));
#8344=CARTESIAN_POINT('Ctrl Pts',(-100.170953252698,147.743245559707,20.6870571622515));
#8345=CARTESIAN_POINT('Ctrl Pts',(-100.160275983635,147.729299371659,20.733560270134));
#8346=CARTESIAN_POINT('Ctrl Pts',(-100.1500003594,147.715877794753,20.7802384949676));
#8347=CARTESIAN_POINT('Ctrl Pts',(-100.140116875402,147.702968414501,20.8271110213905));
#8348=CARTESIAN_POINT('Ctrl Pts',(-100.130081231773,147.689860289904,20.8747051664613));
#8349=CARTESIAN_POINT('Ctrl Pts',(-100.120448969029,147.677279044011,20.9225052938611));
#8350=CARTESIAN_POINT('Ctrl Pts',(-100.111198742814,147.665196797745,20.9705655321546));
#8351=CARTESIAN_POINT('Ctrl Pts',(-100.102727715498,147.654132307452,21.0145773846189));
#8352=CARTESIAN_POINT('Ctrl Pts',(-100.094576974579,147.643486161429,21.0588072139084));
#8353=CARTESIAN_POINT('Ctrl Pts',(-100.086736563853,147.63324535531,21.1032390236406));
#8354=CARTESIAN_POINT('Ctrl Pts',(-100.078153244359,147.62203419382,21.151880916519));
#8355=CARTESIAN_POINT('Ctrl Pts',(-100.069941915106,147.611308909931,21.2007643119145));
#8356=CARTESIAN_POINT('Ctrl Pts',(-100.062096764192,147.601061912382,21.2498071623994));
#8357=CARTESIAN_POINT('Ctrl Pts',(-100.052506929252,147.588536083856,21.3097566581148));
#8358=CARTESIAN_POINT('Ctrl Pts',(-100.043464364604,147.576725076166,21.3699433632619));
#8359=CARTESIAN_POINT('Ctrl Pts',(-100.034967741334,147.565627153543,21.4301403087525));
#8360=CARTESIAN_POINT('Ctrl Pts',(-100.025189137314,147.552854762991,21.4994198418606));
#8361=CARTESIAN_POINT('Ctrl Pts',(-100.016134426351,147.541027890309,21.5687061329293));
#8362=CARTESIAN_POINT('Ctrl Pts',(-100.00780553836,147.530149056268,21.6376241594698));
#8363=CARTESIAN_POINT('Ctrl Pts',(-100.001718052792,147.52219784534,21.6879955286552));
#8364=CARTESIAN_POINT('Ctrl Pts',(-99.9960184647655,147.514753289439,21.738168865716));
#8365=CARTESIAN_POINT('Ctrl Pts',(-99.9907042296169,147.507812064836,21.7880279148788));
#8366=CARTESIAN_POINT('Ctrl Pts',(-99.98591999014,147.501563097707,21.8329144553894));
#8367=CARTESIAN_POINT('Ctrl Pts',(-99.981448145087,147.495722166692,21.8775456692401));
#8368=CARTESIAN_POINT('Ctrl Pts',(-99.9772824219563,147.49028107892,21.9218757623331));
#8369=CARTESIAN_POINT('Ctrl Pts',(-99.9733878123662,147.485194107955,21.9633207648623));
#8370=CARTESIAN_POINT('Ctrl Pts',(-99.9697608221685,147.48045668989,22.0045021721922));
#8371=CARTESIAN_POINT('Ctrl Pts',(-99.9663914456418,147.476055755684,22.045425321428));
#8372=CARTESIAN_POINT('Ctrl Pts',(-99.9631033568733,147.47176099604,22.0853611808696));
#8373=CARTESIAN_POINT('Ctrl Pts',(-99.9600606641812,147.46778676216,22.1250505579345));
#8374=CARTESIAN_POINT('Ctrl Pts',(-99.957248434945,147.4641135497,22.1645475660887));
#8375=CARTESIAN_POINT('Ctrl Pts',(-99.9545288127392,147.460561296547,22.2027439332467));
#8376=CARTESIAN_POINT('Ctrl Pts',(-99.9520243703551,147.45729010199,22.2407662300021));
#8377=CARTESIAN_POINT('Ctrl Pts',(-99.9497171069606,147.45427645412,22.2786916702676));
#8378=CARTESIAN_POINT('Ctrl Pts',(-99.9474525871057,147.451318636016,22.3159145173391));
#8379=CARTESIAN_POINT('Ctrl Pts',(-99.9453779623494,147.448608850695,22.3530441631755));
#8380=CARTESIAN_POINT('Ctrl Pts',(-99.9434774943895,147.446126541465,22.39009484079));
#8381=CARTESIAN_POINT('Ctrl Pts',(-99.9414111656749,147.443427592075,22.4303790658699));
#8382=CARTESIAN_POINT('Ctrl Pts',(-99.9395507455761,147.440997591633,22.470569355682));
#8383=CARTESIAN_POINT('Ctrl Pts',(-99.9378773827268,147.438811917297,22.5106217195419));
#8384=CARTESIAN_POINT('Ctrl Pts',(-99.9358814037817,147.43620485574,22.5583959814081));
#8385=CARTESIAN_POINT('Ctrl Pts',(-99.9341516259146,147.433945494543,22.6059730159676));
#8386=CARTESIAN_POINT('Ctrl Pts',(-99.9326572544707,147.431993611056,22.6532036000895));
#8387=CARTESIAN_POINT('Ctrl Pts',(-99.9305534259632,147.429245681055,22.7196964721926));
#8388=CARTESIAN_POINT('Ctrl Pts',(-99.9289167101139,147.427107873449,22.7854923809355));
#8389=CARTESIAN_POINT('Ctrl Pts',(-99.9276588840611,147.425464955344,22.8501114885142));
#8390=CARTESIAN_POINT('Ctrl Pts',(-99.9268715995229,147.424436638257,22.8905571639358));
#8391=CARTESIAN_POINT('Ctrl Pts',(-99.9262326771604,147.423602105441,22.9305409394565));
#8392=CARTESIAN_POINT('Ctrl Pts',(-99.9257183161669,147.42293026931,22.9699815319261));
#8393=CARTESIAN_POINT('Ctrl Pts',(-99.9252305695382,147.422293195714,23.0073813663877));
#8394=CARTESIAN_POINT('Ctrl Pts',(-99.9248548607097,147.421802461056,23.0442915510253));
#8395=CARTESIAN_POINT('Ctrl Pts',(-99.9245685594616,147.421428506722,23.0806958035841));
#8396=CARTESIAN_POINT('Ctrl Pts',(-99.924321167473,147.421105373983,23.1121526012636));
#8397=CARTESIAN_POINT('Ctrl Pts',(-99.9241405157696,147.420869414525,23.1432318632839));
#8398=CARTESIAN_POINT('Ctrl Pts',(-99.9240101941528,147.420699194053,23.1739679734911));
#8399=CARTESIAN_POINT('Ctrl Pts',(-99.9238847230673,147.420535309137,23.2035600949299));
#8400=CARTESIAN_POINT('Ctrl Pts',(-99.9238059148579,147.420432373255,23.23283377028));
#8401=CARTESIAN_POINT('Ctrl Pts',(-99.9237573258249,147.420368908357,23.2618664532677));
#8402=CARTESIAN_POINT('Ctrl Pts',(-99.9237109629516,147.420308351173,23.2895689720375));
#8403=CARTESIAN_POINT('Ctrl Pts',(-99.9236921166158,147.420283734902,23.3170519180061));
#8404=CARTESIAN_POINT('Ctrl Pts',(-99.9236847493255,147.420274112065,23.3444294941438));
#8405=CARTESIAN_POINT('Ctrl Pts',(-99.9236800147316,147.420267927943,23.3620237113563));
#8406=CARTESIAN_POINT('Ctrl Pts',(-99.9236799856876,147.420267890007,23.3795753592893));
#8407=CARTESIAN_POINT('Ctrl Pts',(-99.9236799856876,147.420267890007,23.3971262079298));
#8408=CARTESIAN_POINT('Origin',(-107.863812796967,141.341263782488,23.3971262079298));
#8409=CARTESIAN_POINT('Ctrl Pts',(-88.6202466900345,127.371936350828,33.717387293959));
#8410=CARTESIAN_POINT('Ctrl Pts',(-88.6333232567521,127.461094276255,33.717387293959));
#8411=CARTESIAN_POINT('Ctrl Pts',(-88.6463999822896,127.550252427213,33.717387293959));
#8412=CARTESIAN_POINT('Ctrl Pts',(-88.6723865634169,127.727430001497,33.717387293959));
#8413=CARTESIAN_POINT('Ctrl Pts',(-88.7018194423887,127.902934529868,33.717387293959));
#8414=CARTESIAN_POINT('Ctrl Pts',(-88.7750475760659,128.251233338675,33.717387293959));
#8415=CARTESIAN_POINT('Ctrl Pts',(-88.9405539454113,128.852103904363,33.717387293959));
#8416=CARTESIAN_POINT('Ctrl Pts',(-89.2802255624272,129.673916631179,33.717387293959));
#8417=CARTESIAN_POINT('Ctrl Pts',(-89.6550070343465,130.277754374471,33.717387293959));
#8418=CARTESIAN_POINT('Ctrl Pts',(-89.8646096463455,130.561168444499,33.717387293959));
#8419=CARTESIAN_POINT('Ctrl Pts',(-89.2123111225537,127.285099762652,33.717387293959));
#8420=CARTESIAN_POINT('Ctrl Pts',(-89.2250329924968,127.371840024779,33.717387293959));
#8421=CARTESIAN_POINT('Ctrl Pts',(-89.2389811878391,127.466938252189,33.717387293959));
#8422=CARTESIAN_POINT('Ctrl Pts',(-89.2635391140217,127.63437781573,33.717387293959));
#8423=CARTESIAN_POINT('Ctrl Pts',(-89.2898861357614,127.791154833792,33.717387293959));
#8424=CARTESIAN_POINT('Ctrl Pts',(-89.3565150408349,128.10836620655,33.717387293959));
#8425=CARTESIAN_POINT('Ctrl Pts',(-89.5067114496922,128.653404892996,33.717387293959));
#8426=CARTESIAN_POINT('Ctrl Pts',(-89.8151690115057,129.399968684834,33.717387293959));
#8427=CARTESIAN_POINT('Ctrl Pts',(-90.1554092671198,129.947940828422,33.717387293959));
#8428=CARTESIAN_POINT('Ctrl Pts',(-90.3457279849872,130.205351034129,33.717387293959));
#8429=CARTESIAN_POINT('Ctrl Pts',(-90.2369061325307,127.134825012065,33.2147583269299));
#8430=CARTESIAN_POINT('Ctrl Pts',(-90.2498023642649,127.222753748782,33.2147583269299));
#8431=CARTESIAN_POINT('Ctrl Pts',(-90.264644652931,127.323949070928,33.2147583269299));
#8432=CARTESIAN_POINT('Ctrl Pts',(-90.2864472807475,127.472601850866,33.2147583269299));
#8433=CARTESIAN_POINT('Ctrl Pts',(-90.3077608848456,127.599073311193,33.2147583269299));
#8434=CARTESIAN_POINT('Ctrl Pts',(-90.3629437626097,127.8622953511,33.2147583269299));
#8435=CARTESIAN_POINT('Ctrl Pts',(-90.4866067064299,128.310480909897,33.2147583269299));
#8436=CARTESIAN_POINT('Ctrl Pts',(-90.7410151138306,128.92655422318,33.2147583269299));
#8437=CARTESIAN_POINT('Ctrl Pts',(-91.0214050096594,129.377376321281,33.2147583269299));
#8438=CARTESIAN_POINT('Ctrl Pts',(-91.1783256245435,129.58959247289,33.2147583269299));
#8439=CARTESIAN_POINT('Ctrl Pts',(-90.5990762923855,127.081706433591,32.1661862444718));
#8440=CARTESIAN_POINT('Ctrl Pts',(-90.6121528591031,127.170864359018,32.1661862444718));
#8441=CARTESIAN_POINT('Ctrl Pts',(-90.6272187147301,127.273584966908,32.1661862444718));
#8442=CARTESIAN_POINT('Ctrl Pts',(-90.6480047973625,127.415305690526,32.1661862444718));
#8443=CARTESIAN_POINT('Ctrl Pts',(-90.6675854122575,127.5313816093,32.1661862444718));
#8444=CARTESIAN_POINT('Ctrl Pts',(-90.7187185105851,127.775490916752,32.1661862444718));
#8445=CARTESIAN_POINT('Ctrl Pts',(-90.8329966471099,128.189406019571,32.1661862444718));
#8446=CARTESIAN_POINT('Ctrl Pts',(-91.0682951673706,128.759313560732,32.1661862444718));
#8447=CARTESIAN_POINT('Ctrl Pts',(-91.3275180509137,129.175724321169,32.1661862444718));
#8448=CARTESIAN_POINT('Ctrl Pts',(-91.4726292442924,129.371936350828,32.1661862444718));
#8449=CARTESIAN_POINT('Ctrl Pts',(-90.5990762923855,127.081706433591,31.717387293959));
#8450=CARTESIAN_POINT('Ctrl Pts',(-90.6121528591031,127.170864359018,31.717387293959));
#8451=CARTESIAN_POINT('Ctrl Pts',(-90.6272187147301,127.273584966908,31.717387293959));
#8452=CARTESIAN_POINT('Ctrl Pts',(-90.6480047973625,127.415305690526,31.717387293959));
#8453=CARTESIAN_POINT('Ctrl Pts',(-90.6675854122575,127.5313816093,31.717387293959));
#8454=CARTESIAN_POINT('Ctrl Pts',(-90.7187185105851,127.775490916752,31.717387293959));
#8455=CARTESIAN_POINT('Ctrl Pts',(-90.8329966471099,128.189406019571,31.717387293959));
#8456=CARTESIAN_POINT('Ctrl Pts',(-91.0682951673706,128.759313560732,31.717387293959));
#8457=CARTESIAN_POINT('Ctrl Pts',(-91.3275180509137,129.175724321169,31.717387293959));
#8458=CARTESIAN_POINT('Ctrl Pts',(-91.4726292442924,129.371936350828,31.717387293959));
#8459=CARTESIAN_POINT('',(-91.4726292126135,129.371936322375,31.717387293959));
#8460=CARTESIAN_POINT('',(-89.1669708856335,129.371936350828,33.717387293959));
#8461=CARTESIAN_POINT('Ctrl Pts',(-91.4726292442924,129.371936350828,31.717387293959));
#8462=CARTESIAN_POINT('Ctrl Pts',(-91.4726292442924,129.371936350828,31.9291723745488));
#8463=CARTESIAN_POINT('Ctrl Pts',(-91.4307858063385,129.371936350716,32.1364046857615));
#8464=CARTESIAN_POINT('Ctrl Pts',(-91.2648606413672,129.371936350716,32.5533340437083));
#8465=CARTESIAN_POINT('Ctrl Pts',(-91.134024085796,129.371936350828,32.7544376787664));
#8466=CARTESIAN_POINT('Ctrl Pts',(-90.7797414384915,129.371936350828,33.1440654098644));
#8467=CARTESIAN_POINT('Ctrl Pts',(-90.5425212955275,129.371936350828,33.3200770421983));
#8468=CARTESIAN_POINT('Ctrl Pts',(-90.1104119239062,129.371936350828,33.537514394453));
#8469=CARTESIAN_POINT('Ctrl Pts',(-89.9274598138315,129.371936350597,33.6044037715576));
#8470=CARTESIAN_POINT('Ctrl Pts',(-89.5518461860574,129.371936350597,33.6942762690385));
#8471=CARTESIAN_POINT('Ctrl Pts',(-89.3595954509671,129.371936350828,33.717387293959));
#8472=CARTESIAN_POINT('Ctrl Pts',(-89.1669708856336,129.371936350828,33.717387293959));
#8473=CARTESIAN_POINT('',(-88.6202466900345,127.371936350828,33.717387293959));
#8474=CARTESIAN_POINT('Ctrl Pts',(-89.1669734475992,129.371935193727,33.717387293959));
#8475=CARTESIAN_POINT('Ctrl Pts',(-89.0649411936176,129.146022974021,33.717387293959));
#8476=CARTESIAN_POINT('Ctrl Pts',(-88.911862523812,128.747939751678,33.717387293959));
#8477=CARTESIAN_POINT('Ctrl Pts',(-88.7750475760659,128.251233338675,33.717387293959));
#8478=CARTESIAN_POINT('Ctrl Pts',(-88.7018194423887,127.902934529868,33.717387293959));
#8479=CARTESIAN_POINT('Ctrl Pts',(-88.6723865634169,127.727430001497,33.717387293959));
#8480=CARTESIAN_POINT('Ctrl Pts',(-88.6463999822896,127.550252427213,33.717387293959));
#8481=CARTESIAN_POINT('Ctrl Pts',(-88.6333232567521,127.461094276255,33.717387293959));
#8482=CARTESIAN_POINT('Ctrl Pts',(-88.6202466900345,127.371936350828,33.717387293959));
#8483=CARTESIAN_POINT('',(-90.6417030176581,127.371936350828,31.717387293959));
#8484=CARTESIAN_POINT('Ctrl Pts',(-88.6202466900345,127.371936350828,33.717387293959));
#8485=CARTESIAN_POINT('Ctrl Pts',(-88.6815890030599,127.371936350828,33.717387293959));
#8486=CARTESIAN_POINT('Ctrl Pts',(-88.7427270647027,127.371877267655,33.7144348340262));
#8487=CARTESIAN_POINT('Ctrl Pts',(-88.8035142580818,127.371835473758,33.7086668082609));
#8488=CARTESIAN_POINT('Ctrl Pts',(-88.8678084091639,127.371791268672,33.7025660113763));
#8489=CARTESIAN_POINT('Ctrl Pts',(-88.9317103736816,127.371766173247,33.6933154782988));
#8490=CARTESIAN_POINT('Ctrl Pts',(-88.9950396415995,127.371800475482,33.6810471238799));
#8491=CARTESIAN_POINT('Ctrl Pts',(-89.063187429011,127.371837387662,33.6678453099901));
#8492=CARTESIAN_POINT('Ctrl Pts',(-89.1306725931091,127.371942593944,33.6511491301834));
#8493=CARTESIAN_POINT('Ctrl Pts',(-89.1972552855845,127.372115276402,33.6310870756891));
#8494=CARTESIAN_POINT('Ctrl Pts',(-89.2638379780599,127.37228795886,33.6110250211947));
#8495=CARTESIAN_POINT('Ctrl Pts',(-89.3295186038546,127.37252685392,33.5875968110393));
#8496=CARTESIAN_POINT('Ctrl Pts',(-89.3940359346254,127.372796508052,33.5608979545648));
#8497=CARTESIAN_POINT('Ctrl Pts',(-89.4641966679825,127.373089749131,33.5318637194583));
#8498=CARTESIAN_POINT('Ctrl Pts',(-89.5326141119623,127.373415760811,33.4991145124852));
#8499=CARTESIAN_POINT('Ctrl Pts',(-89.5989792830129,127.373706430368,33.4628457975746));
#8500=CARTESIAN_POINT('Ctrl Pts',(-89.6646275863049,127.373993960152,33.4269688525028));
#8501=CARTESIAN_POINT('Ctrl Pts',(-89.7282683082412,127.374245352908,33.3876474902937));
#8502=CARTESIAN_POINT('Ctrl Pts',(-89.7895816849556,127.374399411028,33.3450255606267));
#8503=CARTESIAN_POINT('Ctrl Pts',(-89.8482190352736,127.374546745271,33.3042638679091));
#8504=CARTESIAN_POINT('Ctrl Pts',(-89.9047281637019,127.374604273119,33.2604828144313));
#8505=CARTESIAN_POINT('Ctrl Pts',(-89.9588033887112,127.374539287735,33.2137751265531));
#8506=CARTESIAN_POINT('Ctrl Pts',(-89.9900595994031,127.374501725305,33.1867774518694));
#8507=CARTESIAN_POINT('Ctrl Pts',(-90.020502129893,127.37442369607,33.1588014180124));
#8508=CARTESIAN_POINT('Ctrl Pts',(-90.0500668781827,127.374303472267,33.1298606767096));
#8509=CARTESIAN_POINT('Ctrl Pts',(-90.1033673649553,127.374086728084,33.0776851741861));
#8510=CARTESIAN_POINT('Ctrl Pts',(-90.1536021484382,127.373730782368,33.0225861235149));
#8511=CARTESIAN_POINT('Ctrl Pts',(-90.2004411204614,127.37325817967,32.964687049051));
#8512=CARTESIAN_POINT('Ctrl Pts',(-90.2352759022423,127.372906698603,32.9216267183658));
#8513=CARTESIAN_POINT('Ctrl Pts',(-90.2682318212305,127.372491631381,32.8770167081073));
#8514=CARTESIAN_POINT('Ctrl Pts',(-90.2992624669407,127.372021087804,32.8309996052268));
#8515=CARTESIAN_POINT('Ctrl Pts',(-90.340454752429,127.371396454804,32.7699132309086));
#8516=CARTESIAN_POINT('Ctrl Pts',(-90.3781557474737,127.370674939558,32.7064967605671));
#8517=CARTESIAN_POINT('Ctrl Pts',(-90.4122732514067,127.369901675788,32.6410957465547));
#8518=CARTESIAN_POINT('Ctrl Pts',(-90.4237143101864,127.369642367362,32.6191639883863));
#8519=CARTESIAN_POINT('Ctrl Pts',(-90.434752052884,127.369377439403,32.5970088555061));
#8520=CARTESIAN_POINT('Ctrl Pts',(-90.4453819447287,127.369109128876,32.5746428552403));
#8521=CARTESIAN_POINT('Ctrl Pts',(-90.4533090365925,127.368909040086,32.5579637261085));
#8522=CARTESIAN_POINT('Ctrl Pts',(-90.4610067934911,127.368707137089,32.5411726031993));
#8523=CARTESIAN_POINT('Ctrl Pts',(-90.4684735687837,127.368504417456,32.5242748045951));
#8524=CARTESIAN_POINT('Ctrl Pts',(-90.4719730249328,127.368409408776,32.5163553075009));
#8525=CARTESIAN_POINT('Ctrl Pts',(-90.4754216214135,127.368314224742,32.5084126531705));
#8526=CARTESIAN_POINT('Ctrl Pts',(-90.4788191862031,127.368218971488,32.5004473884753));
#8527=CARTESIAN_POINT('Ctrl Pts',(-90.4796928420262,127.368194477897,32.4983991862145));
#8528=CARTESIAN_POINT('Ctrl Pts',(-90.4805631719624,127.36816997838,32.4963493752257));
#8529=CARTESIAN_POINT('Ctrl Pts',(-90.4814301662811,127.36814547492,32.4942979776281));
#8530=CARTESIAN_POINT('Ctrl Pts',(-90.4921605911453,127.367842205866,32.468908690396));
#8531=CARTESIAN_POINT('Ctrl Pts',(-90.5025081527621,127.368409488729,32.4432765342018));
#8532=CARTESIAN_POINT('Ctrl Pts',(-90.5122843392681,127.368678828677,32.4174441526249));
#8533=CARTESIAN_POINT('Ctrl Pts',(-90.5136123627865,127.368715416541,32.4139350123021));
#8534=CARTESIAN_POINT('Ctrl Pts',(-90.5149298532434,127.368746587248,32.4104221792762));
#8535=CARTESIAN_POINT('Ctrl Pts',(-90.5162363480288,127.368769486385,32.406905762351));
#8536=CARTESIAN_POINT('Ctrl Pts',(-90.5420625128952,127.369222145586,32.3373949122001));
#8537=CARTESIAN_POINT('Ctrl Pts',(-90.5640035485372,127.369566844483,32.2666300872715));
#8538=CARTESIAN_POINT('Ctrl Pts',(-90.5819770015464,127.369833855057,32.1949602295851));
#8539=CARTESIAN_POINT('Ctrl Pts',(-90.5997926573216,127.370098521422,32.1239195946363));
#8540=CARTESIAN_POINT('Ctrl Pts',(-90.6137103621043,127.370287177848,32.0519888148492));
#8541=CARTESIAN_POINT('Ctrl Pts',(-90.6236026074591,127.370418759575,31.9794922663188));
#8542=CARTESIAN_POINT('Ctrl Pts',(-90.6332105676478,127.370546559883,31.9090791369317));
#8543=CARTESIAN_POINT('Ctrl Pts',(-90.6390211989277,127.370620729482,31.8381314725696));
#8544=CARTESIAN_POINT('Ctrl Pts',(-90.6408706027562,127.370644871198,31.7669446433158));
#8545=CARTESIAN_POINT('Ctrl Pts',(-90.6412994612494,127.370650469424,31.7504371202664));
#8546=CARTESIAN_POINT('Ctrl Pts',(-90.6415151044585,127.370653310183,31.7339167575423));
#8547=CARTESIAN_POINT('Ctrl Pts',(-90.6415151044585,127.370653310183,31.717387293959));
#8548=CARTESIAN_POINT('Ctrl Pts',(-90.6417093473044,127.371935391057,31.717387293959));
#8549=CARTESIAN_POINT('Ctrl Pts',(-90.6505926101002,127.430520206196,31.717387293959));
#8550=CARTESIAN_POINT('Ctrl Pts',(-90.6692581465575,127.539367239447,31.717387293959));
#8551=CARTESIAN_POINT('Ctrl Pts',(-90.7187185105851,127.775490916752,31.717387293959));
#8552=CARTESIAN_POINT('Ctrl Pts',(-90.8329966471099,128.189406019571,31.717387293959));
#8553=CARTESIAN_POINT('Ctrl Pts',(-91.0682951620385,128.759313547817,31.717387293959));
#8554=CARTESIAN_POINT('Ctrl Pts',(-91.3275180362141,129.175724297556,31.717387293959));
#8555=CARTESIAN_POINT('Ctrl Pts',(-91.4726292194894,129.37193631729,31.717387293959));
#8556=CARTESIAN_POINT('Ctrl Pts',(-90.6417030176581,127.371936350828,18.217387293959));
#8557=CARTESIAN_POINT('Ctrl Pts',(-90.6417030176581,127.371936350828,35.267387293959));
#8558=CARTESIAN_POINT('Ctrl Pts',(-90.7146913518211,127.852457991119,18.217387293959));
#8559=CARTESIAN_POINT('Ctrl Pts',(-90.7146913518211,127.852457991119,35.267387293959));
#8560=CARTESIAN_POINT('Ctrl Pts',(-90.8650584107729,128.31804911293,18.217387293959));
#8561=CARTESIAN_POINT('Ctrl Pts',(-90.8650584107729,128.31804911293,35.267387293959));
#8562=CARTESIAN_POINT('Ctrl Pts',(-91.0869948993388,128.750565607685,18.217387293959));
#8563=CARTESIAN_POINT('Ctrl Pts',(-91.0869948993388,128.750565607685,35.267387293959));
#8564=CARTESIAN_POINT('Ctrl Pts',(-91.1986556705688,128.968173472376,18.217387293959));
#8565=CARTESIAN_POINT('Ctrl Pts',(-91.1986556705688,128.968173472376,35.267387293959));
#8566=CARTESIAN_POINT('Ctrl Pts',(-91.327682385751,129.175946521183,18.217387293959));
#8567=CARTESIAN_POINT('Ctrl Pts',(-91.327682385751,129.175946521183,35.267387293959));
#8568=CARTESIAN_POINT('Ctrl Pts',(-91.4726292099822,129.371936304435,18.217387293959));
#8569=CARTESIAN_POINT('Ctrl Pts',(-91.4726292099822,129.371936304435,35.267387293959));
#8570=CARTESIAN_POINT('',(-90.6417030308261,127.371936281682,19.217387293959));
#8571=CARTESIAN_POINT('',(-90.6417030176581,127.371936350828,18.217387293959));
#8572=CARTESIAN_POINT('',(-90.6417030176581,127.371936350828,18.217387293959));
#8573=CARTESIAN_POINT('',(-90.6417030176581,127.371936350828,18.217387293959));
#8574=CARTESIAN_POINT('',(-91.4726291481627,129.371936350154,18.217387293959));
#8575=CARTESIAN_POINT('Ctrl Pts',(-90.6417030176581,127.371936350828,18.217387293959));
#8576=CARTESIAN_POINT('Ctrl Pts',(-90.7146913518211,127.852457991119,18.217387293959));
#8577=CARTESIAN_POINT('Ctrl Pts',(-90.8650584107729,128.31804911293,18.217387293959));
#8578=CARTESIAN_POINT('Ctrl Pts',(-91.0869948993388,128.750565607685,18.217387293959));
#8579=CARTESIAN_POINT('Ctrl Pts',(-91.1986556705688,128.968173472376,18.217387293959));
#8580=CARTESIAN_POINT('Ctrl Pts',(-91.327682385751,129.175946521183,18.217387293959));
#8581=CARTESIAN_POINT('Ctrl Pts',(-91.4726292099822,129.371936304435,18.217387293959));
#8582=CARTESIAN_POINT('',(-91.4726291481627,129.371936350154,20.217387293959));
#8583=CARTESIAN_POINT('Origin',(-82.4999999999976,110.121936350828,44.217387293959));
#8584=CARTESIAN_POINT('',(-81.9999999999975,104.371936350828,44.217387293959));
#8585=CARTESIAN_POINT('',(-82.4999999999976,104.371936350828,43.7173872939591));
#8586=CARTESIAN_POINT('Origin',(-82.4999999999976,104.371936350828,44.217387293959));
#8587=CARTESIAN_POINT('',(-81.9999999999975,106.371936350828,44.217387293959));
#8588=CARTESIAN_POINT('',(-81.9999999999975,110.121936350828,44.217387293959));
#8589=CARTESIAN_POINT('',(-82.4999999999976,106.371936350828,43.717387293959));
#8590=CARTESIAN_POINT('Origin',(-82.4999999999976,106.371936350828,44.217387293959));
#8591=CARTESIAN_POINT('',(-82.4999999999976,110.121936350828,43.717387293959));
#8592=CARTESIAN_POINT('Origin',(-93.9999999999975,113.871936350828,43.717387293959));
#8593=CARTESIAN_POINT('',(-93.4999999999975,106.371936350828,43.717387293959));
#8594=CARTESIAN_POINT('',(-99.2499999999976,106.371936350828,43.717387293959));
#8595=CARTESIAN_POINT('',(-93.4999999999975,104.412000556451,43.717387293959));
#8596=CARTESIAN_POINT('',(-93.4999999999975,113.871936350828,43.717387293959));
#8597=CARTESIAN_POINT('',(-93.5008028926019,104.371936350828,43.7173872939591));
#8598=CARTESIAN_POINT('Origin',(-94.4999999999975,104.412000556451,43.717387293959));
#8599=CARTESIAN_POINT('',(-73.4999999999976,104.371936350828,43.7173872939591));
#8600=CARTESIAN_POINT('Origin',(-93.4999999999975,113.871936350828,44.217387293959));
#8601=CARTESIAN_POINT('',(-93.9999999999975,106.371936350828,44.217387293959));
#8602=CARTESIAN_POINT('Origin',(-93.4999999999975,106.371936350828,44.217387293959));
#8603=CARTESIAN_POINT('',(-93.9999999999975,104.412000556451,44.217387293959));
#8604=CARTESIAN_POINT('',(-93.9999999999975,113.871936350828,44.217387293959));
#8605=CARTESIAN_POINT('Origin',(-93.4999999999975,104.412000556451,44.217387293959));
#8606=CARTESIAN_POINT('Origin',(-94.4999999999975,104.412000556451,44.2173872939591));
#8607=CARTESIAN_POINT('',(-94.0016077253506,104.371936350828,44.2173872939591));
#8608=CARTESIAN_POINT('Ctrl Pts',(-94.0016077253506,104.371936350828,44.2173872939591));
#8609=CARTESIAN_POINT('Ctrl Pts',(-94.0016077253506,104.371936350828,44.1557248991508));
#8610=CARTESIAN_POINT('Ctrl Pts',(-93.9871334246033,104.371936350828,44.083159508212));
#8611=CARTESIAN_POINT('Ctrl Pts',(-93.9398307923454,104.371936350828,43.9691660654927));
#8612=CARTESIAN_POINT('Ctrl Pts',(-93.8986040998144,104.371936350828,43.9075852532394));
#8613=CARTESIAN_POINT('Ctrl Pts',(-93.811181426335,104.371936350828,43.8202755680863));
#8614=CARTESIAN_POINT('Ctrl Pts',(-93.7495002301643,104.371936350828,43.7791063766768));
#8615=CARTESIAN_POINT('Ctrl Pts',(-93.6353087679899,104.371936350828,43.7318463627417));
#8616=CARTESIAN_POINT('Ctrl Pts',(-93.5625889879694,104.371936350828,43.7173872939591));
#8617=CARTESIAN_POINT('Ctrl Pts',(-93.5008028926019,104.371936350828,43.7173872939591));
#8618=CARTESIAN_POINT('Origin',(-94.4999999999975,104.412000556451,44.2173872939591));
#8619=CARTESIAN_POINT('Origin',(-94.4999999999975,104.412000556451,48.7173872939591));
#8620=CARTESIAN_POINT('',(-94.0016077253506,104.371936350828,43.717387293959));
#8621=CARTESIAN_POINT('',(-94.0016077253506,104.371936350828,48.7173872939591));
#8622=CARTESIAN_POINT('',(-93.9999999999975,104.412000556451,48.7173872939591));
#8623=CARTESIAN_POINT('',(-93.9999999999975,104.412000556451,48.7173872939591));
#8624=CARTESIAN_POINT('',(-94.8846153846129,104.092515023262,48.7173872939591));
#8625=CARTESIAN_POINT('Origin',(-94.4999999999975,104.412000556451,48.7173872939591));
#8626=CARTESIAN_POINT('',(-94.8846153846129,104.092515023262,45.717387293959));
#8627=CARTESIAN_POINT('',(-94.8846153846129,104.092515023262,48.7173872939591));
#8628=CARTESIAN_POINT('',(-94.7890078225169,104.003987715326,45.717387293959));
#8629=CARTESIAN_POINT('Origin',(-94.4999999999975,104.412000556451,45.7173872939591));
#8630=CARTESIAN_POINT('',(-94.789007822517,104.003987715326,43.7173872939591));
#8631=CARTESIAN_POINT('',(-94.7890078225169,104.003987715326,48.7173872939591));
#8632=CARTESIAN_POINT('Origin',(-94.4999999999975,104.412000556451,43.7173872939591));
#8633=CARTESIAN_POINT('Origin',(-93.9999999999975,113.871936350828,43.717387293959));
#8634=CARTESIAN_POINT('',(-93.9999999999975,106.371936350828,43.717387293959));
#8635=CARTESIAN_POINT('',(-93.9999999999975,106.371936350828,43.717387293959));
#8636=CARTESIAN_POINT('',(-93.9999999999975,113.871936350828,43.717387293959));
#8637=CARTESIAN_POINT('',(-93.9999999999975,115.371936350828,43.717387293959));
#8638=CARTESIAN_POINT('',(-93.9999999999975,113.871936350828,48.717387293959));
#8639=CARTESIAN_POINT('',(-93.9999999999975,113.871936350828,43.717387293959));
#8640=CARTESIAN_POINT('',(-93.9999999999975,115.371936350828,48.717387293959));
#8641=CARTESIAN_POINT('Origin',(-95.9450391125942,102.371936350828,48.7173872939591));
#8642=CARTESIAN_POINT('',(-95.9450391125943,104.371936350828,43.7173872939591));
#8643=CARTESIAN_POINT('Origin',(-95.9450391125943,102.371936350828,43.7173872939593));
#8644=CARTESIAN_POINT('',(-95.9450391125943,104.371936350828,45.717387293959));
#8645=CARTESIAN_POINT('Origin',(-95.9450391125943,102.371936350828,45.7173872939592));
#8646=CARTESIAN_POINT('',(-95.9450391125942,104.371936350828,48.7173872939591));
#8647=CARTESIAN_POINT('Origin',(-106.499999999998,104.371936350828,43.717387293959));
#8648=CARTESIAN_POINT('',(-92.9999999999976,104.371936350828,43.7173872939591));
#8649=CARTESIAN_POINT('',(-104.499999999998,104.371936350828,45.717387293959));
#8650=CARTESIAN_POINT('',(-106.499999999998,104.371936350828,45.717387293959));
#8651=CARTESIAN_POINT('',(-104.499999999998,104.371936350828,43.717387293959));
#8652=CARTESIAN_POINT('',(-106.41267811418,104.371936350828,18.9416190636013));
#8653=CARTESIAN_POINT('',(-106.41267811418,104.371936350828,31.967387293959));
#8654=CARTESIAN_POINT('',(-67.5586896656034,104.371936350828,14.482344343082));
#8655=CARTESIAN_POINT('Origin',(-49.131433771649,104.371936350828,19.217387293959));
#8656=CARTESIAN_POINT('',(-67.4999999999976,104.371936350828,14.717387293959));
#8657=CARTESIAN_POINT('Origin',(-67.9999999999976,104.371936350828,14.717387293959));
#8658=CARTESIAN_POINT('',(-67.4999999999976,104.371936350828,24.2173872939461));
#8659=CARTESIAN_POINT('',(-67.4999999999976,104.371936350828,43.717387293959));
#8660=CARTESIAN_POINT('',(-71.4999999999976,104.371936350828,24.2173872939461));
#8661=CARTESIAN_POINT('',(-86.9999999999976,104.371936350828,24.2173872939461));
#8662=CARTESIAN_POINT('',(-71.4999999999976,104.371936350828,35.217387293959));
#8663=CARTESIAN_POINT('',(-71.4999999999976,104.371936350828,36.7173872939558));
#8664=CARTESIAN_POINT('',(-67.4999999999976,104.371936350828,35.217387293959));
#8665=CARTESIAN_POINT('',(-86.9999999999976,104.371936350828,35.217387293959));
#8666=CARTESIAN_POINT('',(-67.4999999999976,104.371936350828,43.717387293959));
#8667=CARTESIAN_POINT('',(-67.4999999999976,104.371936350828,43.717387293959));
#8668=CARTESIAN_POINT('',(-81.9999999999975,104.371936350828,43.717387293959));
#8669=CARTESIAN_POINT('',(-73.4999999999976,104.371936350828,43.7173872939591));
#8670=CARTESIAN_POINT('',(-81.9999999999975,104.371936350828,43.717387293959));
#8671=CARTESIAN_POINT('Origin',(-79.4999999999976,116.871936350828,48.717387293959));
#8672=CARTESIAN_POINT('',(-94.5412655525201,130.053754532646,45.717387293959));
#8673=CARTESIAN_POINT('Origin',(-79.4999999999976,116.871936350828,45.717387293959));
#8674=CARTESIAN_POINT('',(-80.0555555555531,96.8796538892208,48.7173872939592));
#8675=CARTESIAN_POINT('Origin',(-79.4999999999976,116.871936350828,48.717387293959));
#8676=CARTESIAN_POINT('',(-80.0555555555531,96.8796538892207,43.7173872939592));
#8677=CARTESIAN_POINT('',(-80.0555555555531,96.8796538892208,48.7173872939592));
#8678=CARTESIAN_POINT('',(-93.274977313954,131.371936350828,43.7173872939589));
#8679=CARTESIAN_POINT('Origin',(-79.4999999999976,116.871936350828,43.717387293959));
#8680=CARTESIAN_POINT('',(-94.5412655525201,130.053754532646,43.2215138492111));
#8681=CARTESIAN_POINT('Ctrl Pts',(-94.5412655525201,130.053754532646,43.221513849211));
#8682=CARTESIAN_POINT('Ctrl Pts',(-94.3852825391622,130.231740747691,43.3774968625689));
#8683=CARTESIAN_POINT('Ctrl Pts',(-94.2009222026195,130.435325517844,43.4986384582384));
#8684=CARTESIAN_POINT('Ctrl Pts',(-93.7684185978314,130.890790008912,43.6766811955018));
#8685=CARTESIAN_POINT('Ctrl Pts',(-93.5143010565673,131.14457916978,43.7173872939589));
#8686=CARTESIAN_POINT('Ctrl Pts',(-93.274977313954,131.371936350828,43.7173872939589));
#8687=CARTESIAN_POINT('',(-94.5412655525201,130.053754532646,48.7173872939589));
#8688=CARTESIAN_POINT('Origin',(-137.982667178028,112.145412014182,19.217387293959));
#8689=CARTESIAN_POINT('',(-77.7065645285516,106.871936350828,14.217387293959));
#8690=CARTESIAN_POINT('',(-79.4999999999977,106.909506048519,14.2188007740697));
#8691=CARTESIAN_POINT('Ctrl Pts',(-77.7065645285516,106.871936350828,14.217387293959));
#8692=CARTESIAN_POINT('Ctrl Pts',(-78.29740867874,106.884319614758,14.217387293959));
#8693=CARTESIAN_POINT('Ctrl Pts',(-78.8955191851231,106.896855387247,14.2178475162084));
#8694=CARTESIAN_POINT('Ctrl Pts',(-79.4999999999977,106.909506048519,14.2188007740697));
#8695=CARTESIAN_POINT('',(-67.9999999999976,106.022721992796,14.217387293959));
#8696=CARTESIAN_POINT('',(-137.982667178028,112.145412014182,14.217387293959));
#8697=CARTESIAN_POINT('Ctrl Pts',(-67.5586896656035,104.371936350828,14.482344343082));
#8698=CARTESIAN_POINT('Ctrl Pts',(-67.5886074145807,104.540798895109,14.4261715808009));
#8699=CARTESIAN_POINT('Ctrl Pts',(-67.627747290508,104.714269461939,14.3784830471457));
#8700=CARTESIAN_POINT('Ctrl Pts',(-67.7690007884742,105.272945700768,14.2556679898924));
#8701=CARTESIAN_POINT('Ctrl Pts',(-67.8900136805129,105.663963588358,14.217387293959));
#8702=CARTESIAN_POINT('Ctrl Pts',(-67.9999999999976,106.022721992796,14.217387293959));
#8703=CARTESIAN_POINT('',(-106.586989599676,104.379546954644,19.217387293959));
#8704=CARTESIAN_POINT('Ctrl Pts',(-106.41267811418,104.371936350828,18.9416190636013));
#8705=CARTESIAN_POINT('Ctrl Pts',(-106.47133546889,104.371936350828,19.0341704016252));
#8706=CARTESIAN_POINT('Ctrl Pts',(-106.529521543725,104.374519151233,19.1261752297634));
#8707=CARTESIAN_POINT('Ctrl Pts',(-106.586989599676,104.379546954644,19.217387293959));
#8708=CARTESIAN_POINT('',(-147.935778713736,107.997097252649,19.217387293959));
#8709=CARTESIAN_POINT('',(-138.418445891766,107.164438523723,19.217387293959));
#8710=CARTESIAN_POINT('',(-147.499999999998,112.978070743107,14.217387293959));
#8711=CARTESIAN_POINT('Origin',(-147.499999999998,112.978070743107,19.217387293959));
#8712=CARTESIAN_POINT('',(-104.47648776856,109.214001157788,14.217387293959));
#8713=CARTESIAN_POINT('',(-137.982667178028,112.145412014182,14.217387293959));
#8714=CARTESIAN_POINT('',(-104.499999999998,108.871936350822,14.2291531698578));
#8715=CARTESIAN_POINT('Ctrl Pts',(-104.47648776856,109.214001157788,14.217387293959));
#8716=CARTESIAN_POINT('Ctrl Pts',(-104.482225803646,109.172458814302,14.217387293959));
#8717=CARTESIAN_POINT('Ctrl Pts',(-104.486881848805,109.131029862343,14.2179143890196));
#8718=CARTESIAN_POINT('Ctrl Pts',(-104.496758128945,109.018143463788,14.2207464685256));
#8719=CARTESIAN_POINT('Ctrl Pts',(-104.499999999998,108.945332358072,14.2241282826186));
#8720=CARTESIAN_POINT('Ctrl Pts',(-104.499999999998,108.871936350816,14.2291531698578));
#8721=CARTESIAN_POINT('',(-99.5017367149048,108.778766836729,14.217387293959));
#8722=CARTESIAN_POINT('Ctrl Pts',(-104.499999999998,108.871936350816,14.2291531698578));
#8723=CARTESIAN_POINT('Ctrl Pts',(-104.499999999996,108.617279331144,14.246587671493));
#8724=CARTESIAN_POINT('Ctrl Pts',(-104.459764707191,108.35564027024,14.2847277662237));
#8725=CARTESIAN_POINT('Ctrl Pts',(-104.279039044726,107.791578176329,14.4069988096208));
#8726=CARTESIAN_POINT('Ctrl Pts',(-104.111891090723,107.498827249145,14.5010623733078));
#8727=CARTESIAN_POINT('Ctrl Pts',(-103.714255455652,107.026256417524,14.6796870262396));
#8728=CARTESIAN_POINT('Ctrl Pts',(-103.455573854954,106.812451891415,14.7771545081497));
#8729=CARTESIAN_POINT('Ctrl Pts',(-102.867754634004,106.503989869797,14.9196567904954));
#8730=CARTESIAN_POINT('Ctrl Pts',(-102.537868063447,106.409444114994,14.9618286750578));
#8731=CARTESIAN_POINT('Ctrl Pts',(-101.897910650287,106.353455096203,14.9618286750578));
#8732=CARTESIAN_POINT('Ctrl Pts',(-101.556618099959,106.389280286733,14.9196567904954));
#8733=CARTESIAN_POINT('Ctrl Pts',(-100.924165305865,106.590982340617,14.7771545081497));
#8734=CARTESIAN_POINT('Ctrl Pts',(-100.6322868936,106.756619107001,14.6796870262396));
#8735=CARTESIAN_POINT('Ctrl Pts',(-100.158631173578,107.152961822424,14.5010623733078));
#8736=CARTESIAN_POINT('Ctrl Pts',(-99.9431869075607,107.412240267603,14.4069988096208));
#8737=CARTESIAN_POINT('Ctrl Pts',(-99.6325035976948,108.002365275747,14.2693269567804));
#8738=CARTESIAN_POINT('Ctrl Pts',(-99.5375440222264,108.333653855825,14.2269860955797));
#8739=CARTESIAN_POINT('Ctrl Pts',(-99.5059083583465,108.695251148604,14.2179143890196));
#8740=CARTESIAN_POINT('Ctrl Pts',(-99.5032996057077,108.73685921545,14.217387293959));
#8741=CARTESIAN_POINT('Ctrl Pts',(-99.5017367149048,108.778766836729,14.217387293959));
#8742=CARTESIAN_POINT('',(-82.3091527719865,107.274610645006,14.217387293959));
#8743=CARTESIAN_POINT('',(-137.982667178028,112.145412014182,14.217387293959));
#8744=CARTESIAN_POINT('Ctrl Pts',(-79.4999999999977,106.909506048519,14.2188007740697));
#8745=CARTESIAN_POINT('Ctrl Pts',(-79.7894669329428,106.915564054047,14.2192572594082));
#8746=CARTESIAN_POINT('Ctrl Pts',(-80.0788030975403,106.931215934637,14.2195693052017));
#8747=CARTESIAN_POINT('Ctrl Pts',(-80.9555448688022,107.007920900463,14.2195693052017));
#8748=CARTESIAN_POINT('Ctrl Pts',(-81.5393244563139,107.099109963433,14.217918498823));
#8749=CARTESIAN_POINT('Ctrl Pts',(-82.1649345163095,107.240466710748,14.2174284516676));
#8750=CARTESIAN_POINT('Ctrl Pts',(-82.2152482282873,107.252147283431,14.2174017362052));
#8751=CARTESIAN_POINT('Ctrl Pts',(-82.2800510115979,107.267594660965,14.2173887978288));
#8752=CARTESIAN_POINT('Ctrl Pts',(-82.2946049014275,107.271090229799,14.217387293959));
#8753=CARTESIAN_POINT('Ctrl Pts',(-82.3091527719865,107.274610645006,14.217387293959));
#8754=CARTESIAN_POINT('Origin',(-67.9999999999976,119.585809488098,14.717387293959));
#8755=CARTESIAN_POINT('',(-67.9999999999976,106.871936350828,14.217387293959));
#8756=CARTESIAN_POINT('',(-67.9999999999976,119.585809488098,14.217387293959));
#8757=CARTESIAN_POINT('',(-67.4999999999976,106.871936350828,14.717387293959));
#8758=CARTESIAN_POINT('Origin',(-67.9999999999976,106.871936350828,14.717387293959));
#8759=CARTESIAN_POINT('',(-67.4999999999976,119.585809488098,14.717387293959));
#8760=CARTESIAN_POINT('Ctrl Pts',(-98.0489844884336,143.256765093895,34.217387293959));
#8761=CARTESIAN_POINT('Ctrl Pts',(-98.3431222634198,144.763896278485,34.217387293959));
#8762=CARTESIAN_POINT('Ctrl Pts',(-98.990209080881,146.201008480318,34.217387293959));
#8763=CARTESIAN_POINT('Ctrl Pts',(-99.9236799856876,147.420267890007,34.217387293959));
#8764=CARTESIAN_POINT('Ctrl Pts',(-98.0489844884336,143.256765093895,35.4141844953265));
#8765=CARTESIAN_POINT('Ctrl Pts',(-98.3434669186028,144.765662255582,35.4141844953265));
#8766=CARTESIAN_POINT('Ctrl Pts',(-98.9891152887441,146.199579816234,35.4141844953265));
#8767=CARTESIAN_POINT('Ctrl Pts',(-99.9236799856876,147.420267890007,35.4141844953265));
#8768=CARTESIAN_POINT('Ctrl Pts',(-99.0350743473003,143.064315836664,37.4859684568062));
#8769=CARTESIAN_POINT('Ctrl Pts',(-99.2996187180812,144.419813514344,37.4859684568062));
#8770=CARTESIAN_POINT('Ctrl Pts',(-99.8818665688671,145.712925146781,37.4859684568062));
#8771=CARTESIAN_POINT('Ctrl Pts',(-100.72142032277,146.809514027179,37.4859684568062));
#8772=CARTESIAN_POINT('Ctrl Pts',(-101.09393888298,142.662499564985,38.217387293959));
#8773=CARTESIAN_POINT('Ctrl Pts',(-101.296735247102,143.701606916982,38.217387293959));
#8774=CARTESIAN_POINT('Ctrl Pts',(-101.743437181085,144.693685232578,38.217387293959));
#8775=CARTESIAN_POINT('Ctrl Pts',(-102.387028455673,145.534316379723,38.217387293959));
#8776=CARTESIAN_POINT('Ctrl Pts',(-101.974915811847,142.490564569332,38.217387293959));
#8777=CARTESIAN_POINT('Ctrl Pts',(-102.151398476839,143.394843280086,38.217387293959));
#8778=CARTESIAN_POINT('Ctrl Pts',(-102.539650567315,144.257110601186,38.217387293959));
#8779=CARTESIAN_POINT('Ctrl Pts',(-103.0997331102,144.988666246999,38.217387293959));
#8780=CARTESIAN_POINT('',(-98.0489844884336,143.256765093895,34.217387293959));
#8781=CARTESIAN_POINT('',(-101.974915811847,142.490564569332,38.217387293959));
#8782=CARTESIAN_POINT('Origin',(-101.974915811847,142.490564569332,34.217387293959));
#8783=CARTESIAN_POINT('',(-99.9236799856876,147.420267890007,34.217387293959));
#8784=CARTESIAN_POINT('Ctrl Pts',(-98.0489844884336,143.256765093895,34.217387293959));
#8785=CARTESIAN_POINT('Ctrl Pts',(-98.3431222634198,144.763896278485,34.217387293959));
#8786=CARTESIAN_POINT('Ctrl Pts',(-98.990209080881,146.201008480318,34.217387293959));
#8787=CARTESIAN_POINT('Ctrl Pts',(-99.9236799856876,147.420267890007,34.217387293959));
#8788=CARTESIAN_POINT('',(-103.0997331102,144.988666246999,38.217387293959));
#8789=CARTESIAN_POINT('Origin',(-103.0997331102,144.988666246999,34.217387293959));
#8790=CARTESIAN_POINT('Ctrl Pts',(-103.0997331102,144.988666246999,38.217387293959));
#8791=CARTESIAN_POINT('Ctrl Pts',(-102.539650567315,144.257110601186,38.217387293959));
#8792=CARTESIAN_POINT('Ctrl Pts',(-102.151398476839,143.394843280086,38.217387293959));
#8793=CARTESIAN_POINT('Ctrl Pts',(-101.974915811847,142.490564569332,38.217387293959));
#8794=CARTESIAN_POINT('Ctrl Pts',(-98.4466357560107,142.275320488667,15.7458204580361));
#8795=CARTESIAN_POINT('Ctrl Pts',(-98.6109358709952,142.813921256179,15.9184777343783));
#8796=CARTESIAN_POINT('Ctrl Pts',(-98.9230173849229,143.830728375713,16.2960527691777));
#8797=CARTESIAN_POINT('Ctrl Pts',(-99.3229197188766,145.16897996777,16.9939621574241));
#8798=CARTESIAN_POINT('Ctrl Pts',(-99.6745818022459,146.378727091084,17.884443214078));
#8799=CARTESIAN_POINT('Ctrl Pts',(-100.048122085424,147.490060684548,18.9093186292199));
#8800=CARTESIAN_POINT('Ctrl Pts',(-100.32218485043,147.940777745903,19.4090011219198));
#8801=CARTESIAN_POINT('Ctrl Pts',(-100.488443198303,148.157937224618,19.6603381267163));
#8802=CARTESIAN_POINT('Ctrl Pts',(-98.5182843514036,142.397004027603,15.7253836568395));
#8803=CARTESIAN_POINT('Ctrl Pts',(-98.6803432377007,142.928765975088,15.8943123732781));
#8804=CARTESIAN_POINT('Ctrl Pts',(-98.9884618866148,143.935367123648,16.2647085505179));
#8805=CARTESIAN_POINT('Ctrl Pts',(-99.3730457406095,145.249692002683,16.9515083647133));
#8806=CARTESIAN_POINT('Ctrl Pts',(-99.7168564475588,146.446919430247,17.8267848583693));
#8807=CARTESIAN_POINT('Ctrl Pts',(-100.089348456511,147.546224179151,18.8260201126232));
#8808=CARTESIAN_POINT('Ctrl Pts',(-100.361114461827,147.991625924209,19.3194134290852));
#8809=CARTESIAN_POINT('Ctrl Pts',(-100.52572451535,148.206632471981,19.5687841736866));
#8810=CARTESIAN_POINT('Ctrl Pts',(-98.6701757846352,142.654864662758,15.6849386384193));
#8811=CARTESIAN_POINT('Ctrl Pts',(-98.828320359368,143.174796135166,15.8472136800595));
#8812=CARTESIAN_POINT('Ctrl Pts',(-99.1240555780025,144.155639521268,16.2046758277801));
#8813=CARTESIAN_POINT('Ctrl Pts',(-99.4753193682074,145.418263676112,16.8708783234528));
#8814=CARTESIAN_POINT('Ctrl Pts',(-99.8064151973876,146.592965572891,17.7165916456903));
#8815=CARTESIAN_POINT('Ctrl Pts',(-100.175769242085,147.664325608321,18.6663382467555));
#8816=CARTESIAN_POINT('Ctrl Pts',(-100.442504750511,148.097934406696,19.1477591135912));
#8817=CARTESIAN_POINT('Ctrl Pts',(-100.603428848408,148.308126518305,19.3935961607897));
#8818=CARTESIAN_POINT('Ctrl Pts',(-98.9282778974292,143.093210088784,15.6262570718873));
#8819=CARTESIAN_POINT('Ctrl Pts',(-99.0758566155594,143.590900768383,15.7805368414398));
#8820=CARTESIAN_POINT('Ctrl Pts',(-99.3371783966573,144.512634336648,16.1221242981152));
#8821=CARTESIAN_POINT('Ctrl Pts',(-99.6385685790967,145.696994906819,16.7612800048521));
#8822=CARTESIAN_POINT('Ctrl Pts',(-99.9599583245813,146.844680261334,17.564403979513));
#8823=CARTESIAN_POINT('Ctrl Pts',(-100.319009855385,147.859723113256,18.4454207485324));
#8824=CARTESIAN_POINT('Ctrl Pts',(-100.576320907025,148.272719295178,18.911511698879));
#8825=CARTESIAN_POINT('Ctrl Pts',(-100.730329287502,148.473878395157,19.1531973649995));
#8826=CARTESIAN_POINT('Ctrl Pts',(-99.2144576689466,143.581226502632,15.5703631885775));
#8827=CARTESIAN_POINT('Ctrl Pts',(-99.3430849317832,144.046181458365,15.7183227483347));
#8828=CARTESIAN_POINT('Ctrl Pts',(-99.5572644040013,144.891993778293,16.0470336445299));
#8829=CARTESIAN_POINT('Ctrl Pts',(-99.8209538468896,146.013514710448,16.6622865956537));
#8830=CARTESIAN_POINT('Ctrl Pts',(-100.133823628788,147.127733306515,17.4244485218877));
#8831=CARTESIAN_POINT('Ctrl Pts',(-100.476748727147,148.073281911681,18.2433300517199));
#8832=CARTESIAN_POINT('Ctrl Pts',(-100.721138733618,148.461874090314,18.6979573613036));
#8833=CARTESIAN_POINT('Ctrl Pts',(-100.866446002148,148.651668173386,18.9368899567461));
#8834=CARTESIAN_POINT('Ctrl Pts',(-99.5217163340162,144.109658035356,15.5187068791271));
#8835=CARTESIAN_POINT('Ctrl Pts',(-99.6240626345985,144.532310172371,15.6618446438788));
#8836=CARTESIAN_POINT('Ctrl Pts',(-99.7864424798719,145.296095663029,15.9804015346394));
#8837=CARTESIAN_POINT('Ctrl Pts',(-100.034843994905,146.383243549898,16.5746112141585));
#8838=CARTESIAN_POINT('Ctrl Pts',(-100.326562383098,147.436484840599,17.2980614600089));
#8839=CARTESIAN_POINT('Ctrl Pts',(-100.648753537753,148.303652781404,18.0630405858183));
#8840=CARTESIAN_POINT('Ctrl Pts',(-100.874886522758,148.662692817135,18.5109477234159));
#8841=CARTESIAN_POINT('Ctrl Pts',(-101.009419151004,148.838413530072,18.7485874099609));
#8842=CARTESIAN_POINT('Ctrl Pts',(-99.8440749873474,144.669857732003,15.4731877139856));
#8843=CARTESIAN_POINT('Ctrl Pts',(-99.9175366806868,145.046820079781,15.6129026738113));
#8844=CARTESIAN_POINT('Ctrl Pts',(-100.049784264794,145.759443326067,15.9238727505823));
#8845=CARTESIAN_POINT('Ctrl Pts',(-100.280103707155,146.801707022985,16.4997836708155));
#8846=CARTESIAN_POINT('Ctrl Pts',(-100.539129284402,147.768189593598,17.1877018851631));
#8847=CARTESIAN_POINT('Ctrl Pts',(-100.833130201929,148.547544594699,17.9083185781649));
#8848=CARTESIAN_POINT('Ctrl Pts',(-101.035451509023,148.872415872628,18.3541778127851));
#8849=CARTESIAN_POINT('Ctrl Pts',(-101.157144237506,149.031365662632,18.5915576141205));
#8850=CARTESIAN_POINT('Ctrl Pts',(-100.193175891485,145.276806383297,15.4358501730453));
#8851=CARTESIAN_POINT('Ctrl Pts',(-100.249972563868,145.625427141889,15.573448396566));
#8852=CARTESIAN_POINT('Ctrl Pts',(-100.367948680985,146.307557792236,15.8791969343325));
#8853=CARTESIAN_POINT('Ctrl Pts',(-100.552857958599,147.256607006685,16.4392889451269));
#8854=CARTESIAN_POINT('Ctrl Pts',(-100.773345553265,148.121109564174,17.095444915465));
#8855=CARTESIAN_POINT('Ctrl Pts',(-101.028313547328,148.802696251092,17.7811097001851));
#8856=CARTESIAN_POINT('Ctrl Pts',(-101.20267853064,149.090840591183,18.2279391431788));
#8857=CARTESIAN_POINT('Ctrl Pts',(-101.309880725382,149.230863471387,18.465047033867));
#8858=CARTESIAN_POINT('Ctrl Pts',(-100.612580197352,145.987851621299,15.4074597671847));
#8859=CARTESIAN_POINT('Ctrl Pts',(-100.653562634541,146.307926075975,15.543990753743));
#8860=CARTESIAN_POINT('Ctrl Pts',(-100.730331968238,146.915844069417,15.8463002470407));
#8861=CARTESIAN_POINT('Ctrl Pts',(-100.855494312386,147.742389564363,16.3923652610476));
#8862=CARTESIAN_POINT('Ctrl Pts',(-101.030044478304,148.492746714049,17.0208811532761));
#8863=CARTESIAN_POINT('Ctrl Pts',(-101.233501842922,149.068772330651,17.6806513244363));
#8864=CARTESIAN_POINT('Ctrl Pts',(-101.376802223614,149.318273444221,18.1301677315415));
#8865=CARTESIAN_POINT('Ctrl Pts',(-101.46782087976,149.437158084751,18.3665680322528));
#8866=CARTESIAN_POINT('Ctrl Pts',(-101.103009464557,146.790810330682,15.3882939453609));
#8867=CARTESIAN_POINT('Ctrl Pts',(-101.111779730624,147.056405891869,15.5246130986809));
#8868=CARTESIAN_POINT('Ctrl Pts',(-101.125668608793,147.553990411184,15.8249657815833));
#8869=CARTESIAN_POINT('Ctrl Pts',(-101.186830531542,148.248320372094,16.3593825039645));
#8870=CARTESIAN_POINT('Ctrl Pts',(-101.30668806926,148.878631033368,16.9660567132932));
#8871=CARTESIAN_POINT('Ctrl Pts',(-101.443554858207,149.340602776349,17.6089655214894));
#8872=CARTESIAN_POINT('Ctrl Pts',(-101.554982202785,149.551004443231,18.0609771752354));
#8873=CARTESIAN_POINT('Ctrl Pts',(-101.628429404221,149.646938007956,18.2956617871264));
#8874=CARTESIAN_POINT('Ctrl Pts',(-101.617533013308,147.596207826172,15.379370935118));
#8875=CARTESIAN_POINT('Ctrl Pts',(-101.589538387334,147.799995059124,15.516334048432));
#8876=CARTESIAN_POINT('Ctrl Pts',(-101.550551128788,148.201461582159,15.8164798684299));
#8877=CARTESIAN_POINT('Ctrl Pts',(-101.548971793411,148.772855600079,16.3431036007368));
#8878=CARTESIAN_POINT('Ctrl Pts',(-101.589753534669,149.262849091101,16.9348621722268));
#8879=CARTESIAN_POINT('Ctrl Pts',(-101.655098687952,149.615941420655,17.5679890715373));
#8880=CARTESIAN_POINT('Ctrl Pts',(-101.734606684454,149.785622189063,18.019399380996));
#8881=CARTESIAN_POINT('Ctrl Pts',(-101.789852658448,149.857782096021,18.250585098239));
#8882=CARTESIAN_POINT('Ctrl Pts',(-102.162751110276,148.389747334707,15.3800749803446));
#8883=CARTESIAN_POINT('Ctrl Pts',(-102.108842672758,148.552019295006,15.5187805051344));
#8884=CARTESIAN_POINT('Ctrl Pts',(-102.014692397557,148.865490405575,15.8211891425615));
#8885=CARTESIAN_POINT('Ctrl Pts',(-101.918813114982,149.28780773169,16.345321099127));
#8886=CARTESIAN_POINT('Ctrl Pts',(-101.869830152976,149.638119601423,16.9280591337073));
#8887=CARTESIAN_POINT('Ctrl Pts',(-101.870398036762,149.899973478282,17.5562923335191));
#8888=CARTESIAN_POINT('Ctrl Pts',(-101.916030061204,150.022589574014,18.000804846369));
#8889=CARTESIAN_POINT('Ctrl Pts',(-101.952907307794,150.070757041984,18.2263760980874));
#8890=CARTESIAN_POINT('Ctrl Pts',(-102.73085053722,149.160691998765,15.3860991753913));
#8891=CARTESIAN_POINT('Ctrl Pts',(-102.636875699335,149.271804144905,15.5283180111622));
#8892=CARTESIAN_POINT('Ctrl Pts',(-102.466917987927,149.48604817732,15.8368821440714));
#8893=CARTESIAN_POINT('Ctrl Pts',(-102.273550918939,149.772942274241,16.3640849468321));
#8894=CARTESIAN_POINT('Ctrl Pts',(-102.145160679126,150.009236180048,16.9439705536807));
#8895=CARTESIAN_POINT('Ctrl Pts',(-102.088968074179,150.189876405011,17.5666227887082));
#8896=CARTESIAN_POINT('Ctrl Pts',(-102.098603230034,150.261058767758,17.9993439418821));
#8897=CARTESIAN_POINT('Ctrl Pts',(-102.117038359463,150.285137938205,18.2174629626278));
#8898=CARTESIAN_POINT('Ctrl Pts',(-103.05014951214,149.576682705009,15.3889601692128));
#8899=CARTESIAN_POINT('Ctrl Pts',(-102.939682297104,149.672630611591,15.5349993769023));
#8900=CARTESIAN_POINT('Ctrl Pts',(-102.737856264116,149.853572506453,15.8505716109697));
#8901=CARTESIAN_POINT('Ctrl Pts',(-102.49948177213,150.083221724268,16.384089980372));
#8902=CARTESIAN_POINT('Ctrl Pts',(-102.330684465158,150.262430632485,16.9656366465335));
#8903=CARTESIAN_POINT('Ctrl Pts',(-102.234309066846,150.38257393357,17.5815226889545));
#8904=CARTESIAN_POINT('Ctrl Pts',(-102.220206871188,150.419892195737,18.005038901633));
#8905=CARTESIAN_POINT('Ctrl Pts',(-102.226362331673,150.427932192569,18.217387293959));
#8906=CARTESIAN_POINT('Ctrl Pts',(-103.211237331682,149.787088662764,15.3889601692128));
#8907=CARTESIAN_POINT('Ctrl Pts',(-103.093647063035,149.877116341532,15.5370562671514));
#8908=CARTESIAN_POINT('Ctrl Pts',(-102.876976954456,150.043000025261,15.8565574682407));
#8909=CARTESIAN_POINT('Ctrl Pts',(-102.615500548841,150.243187626845,16.3939421691649));
#8910=CARTESIAN_POINT('Ctrl Pts',(-102.423992720121,150.389806947338,16.9762256251044));
#8911=CARTESIAN_POINT('Ctrl Pts',(-102.307168650271,150.479248020599,17.5890712291727));
#8912=CARTESIAN_POINT('Ctrl Pts',(-102.280992908921,150.499288294857,18.0079477837197));
#8913=CARTESIAN_POINT('Ctrl Pts',(-102.280992908921,150.499288294857,18.217387293959));
#8914=CARTESIAN_POINT('',(-102.280992908921,150.499288294857,18.217387293959));
#8915=CARTESIAN_POINT('Origin',(-105.457046033433,148.067686651849,18.217387293959));
#8916=CARTESIAN_POINT('Ctrl Pts',(-102.280992908921,150.499288294857,18.217387293959));
#8917=CARTESIAN_POINT('Ctrl Pts',(-102.252627951813,150.46223921204,18.217387293959));
#8918=CARTESIAN_POINT('Ctrl Pts',(-102.224260630769,150.425187041552,18.2173900993807));
#8919=CARTESIAN_POINT('Ctrl Pts',(-102.195879720783,150.388117121774,18.2176107008801));
#8920=CARTESIAN_POINT('Ctrl Pts',(-102.164806296487,150.347530356007,18.2178522309788));
#8921=CARTESIAN_POINT('Ctrl Pts',(-102.133717059803,150.30692293678,18.2183548766923));
#8922=CARTESIAN_POINT('Ctrl Pts',(-102.102627658243,150.2663153022,18.2193597768224));
#8923=CARTESIAN_POINT('Ctrl Pts',(-102.066884754257,150.219629463584,18.2205150917227));
#8924=CARTESIAN_POINT('Ctrl Pts',(-102.031142790578,150.172944853156,18.2223343984306));
#8925=CARTESIAN_POINT('Ctrl Pts',(-101.995451297937,150.12632616582,18.2251299976549));
#8926=CARTESIAN_POINT('Ctrl Pts',(-101.960436416739,150.080591239151,18.2278726000923));
#8927=CARTESIAN_POINT('Ctrl Pts',(-101.925472068803,150.034922316847,18.231553513565));
#8928=CARTESIAN_POINT('Ctrl Pts',(-101.8906026241,149.989377353051,18.2364306143808));
#8929=CARTESIAN_POINT('Ctrl Pts',(-101.857912519691,149.946678949491,18.2410028963957));
#8930=CARTESIAN_POINT('Ctrl Pts',(-101.825307080327,149.90409113176,18.2466254129916));
#8931=CARTESIAN_POINT('Ctrl Pts',(-101.792798403711,149.861629701353,18.2534951487719));
#8932=CARTESIAN_POINT('Ctrl Pts',(-101.764017688641,149.824037573429,18.2595770914616));
#8933=CARTESIAN_POINT('Ctrl Pts',(-101.735313079525,149.786544851818,18.2666360290944));
#8934=CARTESIAN_POINT('Ctrl Pts',(-101.706664179003,149.749124894368,18.2748069432853));
#8935=CARTESIAN_POINT('Ctrl Pts',(-101.682119969528,149.717066307216,18.281807164091));
#8936=CARTESIAN_POINT('Ctrl Pts',(-101.657612480245,149.685055682394,18.2896260898054));
#8937=CARTESIAN_POINT('Ctrl Pts',(-101.633137514003,149.653087537765,18.2983302129245));
#8938=CARTESIAN_POINT('Ctrl Pts',(-101.606265090516,149.617987937949,18.3078869526657));
#8939=CARTESIAN_POINT('Ctrl Pts',(-101.579432207743,149.582939984509,18.3185105869765));
#8940=CARTESIAN_POINT('Ctrl Pts',(-101.552664477563,149.547977130573,18.3302537221217));
#8941=CARTESIAN_POINT('Ctrl Pts',(-101.519874173814,149.50514785096,18.3446389899719));
#8942=CARTESIAN_POINT('Ctrl Pts',(-101.487182379438,149.462447240038,18.3607039190089));
#8943=CARTESIAN_POINT('Ctrl Pts',(-101.454673696318,149.419985801137,18.3784966269521));
#8944=CARTESIAN_POINT('Ctrl Pts',(-101.418766137188,149.373084897078,18.398149613516));
#8945=CARTESIAN_POINT('Ctrl Pts',(-101.383085468366,149.326480347347,18.4199076410197));
#8946=CARTESIAN_POINT('Ctrl Pts',(-101.3477519063,149.280329173481,18.4438084851398));
#8947=CARTESIAN_POINT('Ctrl Pts',(-101.321048968982,149.245450949185,18.4618712760128));
#8948=CARTESIAN_POINT('Ctrl Pts',(-101.294544873303,149.210832443257,18.4811569068748));
#8949=CARTESIAN_POINT('Ctrl Pts',(-101.268272802973,149.176516998826,18.5016906426144));
#8950=CARTESIAN_POINT('Ctrl Pts',(-101.244378439411,149.14530721236,18.5203660093017));
#8951=CARTESIAN_POINT('Ctrl Pts',(-101.220676352323,149.114348569126,18.5400733772014));
#8952=CARTESIAN_POINT('Ctrl Pts',(-101.197168155792,149.08364317737,18.5608482714705));
#8953=CARTESIAN_POINT('Ctrl Pts',(-101.171288945042,149.049840869167,18.5837185017064));
#8954=CARTESIAN_POINT('Ctrl Pts',(-101.145642343986,149.016342385708,18.6078858571541));
#8955=CARTESIAN_POINT('Ctrl Pts',(-101.12020039592,148.983111211152,18.6334145669152));
#8956=CARTESIAN_POINT('Ctrl Pts',(-101.096679077611,148.952388680295,18.6570160972208));
#8957=CARTESIAN_POINT('Ctrl Pts',(-101.073332434894,148.921894303159,18.6817810583812));
#8958=CARTESIAN_POINT('Ctrl Pts',(-101.050161279647,148.891629140182,18.707716932534));
#8959=CARTESIAN_POINT('Ctrl Pts',(-101.025160501997,148.858974203384,18.7357007346344));
#8960=CARTESIAN_POINT('Ctrl Pts',(-101.000364238516,148.826586394167,18.7650472875326));
#8961=CARTESIAN_POINT('Ctrl Pts',(-100.975798214777,148.794499314165,18.795721085977));
#8962=CARTESIAN_POINT('Ctrl Pts',(-100.947351492667,148.757343433432,18.831240428858));
#8963=CARTESIAN_POINT('Ctrl Pts',(-100.919213842499,148.720591249129,18.8685388984636));
#8964=CARTESIAN_POINT('Ctrl Pts',(-100.891453171974,148.684331459367,18.9075099010749));
#8965=CARTESIAN_POINT('Ctrl Pts',(-100.854286033979,148.635785347756,18.9596858969875));
#8966=CARTESIAN_POINT('Ctrl Pts',(-100.817796834848,148.588124730629,19.0148562236058));
#8967=CARTESIAN_POINT('Ctrl Pts',(-100.782178650972,148.541601796039,19.072706111451));
#8968=CARTESIAN_POINT('Ctrl Pts',(-100.755465013065,148.506709595096,19.1160935273349));
#8969=CARTESIAN_POINT('Ctrl Pts',(-100.729242630988,148.472459051316,19.1609857421229));
#8970=CARTESIAN_POINT('Ctrl Pts',(-100.703581172611,148.438941161866,19.2072685466325));
#8971=CARTESIAN_POINT('Ctrl Pts',(-100.682095199879,148.410877111562,19.2460204780713));
#8972=CARTESIAN_POINT('Ctrl Pts',(-100.661002616478,148.383326889424,19.2857469683222));
#8973=CARTESIAN_POINT('Ctrl Pts',(-100.640328349734,148.35632305445,19.3264082375216));
#8974=CARTESIAN_POINT('Ctrl Pts',(-100.620890636413,148.330934352192,19.3646375059983));
#8975=CARTESIAN_POINT('Ctrl Pts',(-100.601822914681,148.306028916978,19.4036926806696));
#8976=CARTESIAN_POINT('Ctrl Pts',(-100.583127763856,148.281610117804,19.4435720991991));
#8977=CARTESIAN_POINT('Ctrl Pts',(-100.562949235042,148.25525379432,19.4866157741826));
#8978=CARTESIAN_POINT('Ctrl Pts',(-100.543204294257,148.229463804807,19.530621441598));
#8979=CARTESIAN_POINT('Ctrl Pts',(-100.523870181662,148.204210421345,19.5756288373738));
#8980=CARTESIAN_POINT('Ctrl Pts',(-100.511904752207,148.188581693788,19.6034828604871));
#8981=CARTESIAN_POINT('Ctrl Pts',(-100.500096482362,148.17315824133,19.6317204622703));
#8982=CARTESIAN_POINT('Ctrl Pts',(-100.488443198303,148.157937224618,19.6603381267163));
#8983=CARTESIAN_POINT('Ctrl Pts',(-98.0489844884336,143.256765093895,34.217387293959));
#8984=CARTESIAN_POINT('Ctrl Pts',(-98.0489844884336,143.256765093895,30.6106335986159));
#8985=CARTESIAN_POINT('Ctrl Pts',(-98.0489844884336,143.256765093895,27.0038799032729));
#8986=CARTESIAN_POINT('Ctrl Pts',(-98.0489844884336,143.256765093895,23.3971262079298));
#8987=CARTESIAN_POINT('Ctrl Pts',(-98.3431239855856,144.763905102682,34.217387293959));
#8988=CARTESIAN_POINT('Ctrl Pts',(-98.3431239855856,144.763905102682,30.6106335986159));
#8989=CARTESIAN_POINT('Ctrl Pts',(-98.3431239855856,144.763905102682,27.0038799032728));
#8990=CARTESIAN_POINT('Ctrl Pts',(-98.3431239855856,144.763905102682,23.3971262079298));
#8991=CARTESIAN_POINT('Ctrl Pts',(-98.9902036154434,146.2010013416,34.217387293959));
#8992=CARTESIAN_POINT('Ctrl Pts',(-98.9902036154434,146.2010013416,30.6106335986159));
#8993=CARTESIAN_POINT('Ctrl Pts',(-98.9902036154434,146.2010013416,27.0038799032729));
#8994=CARTESIAN_POINT('Ctrl Pts',(-98.9902036154434,146.2010013416,23.3971262079298));
#8995=CARTESIAN_POINT('Ctrl Pts',(-99.9236799856876,147.420267890007,34.217387293959));
#8996=CARTESIAN_POINT('Ctrl Pts',(-99.9236799856876,147.420267890007,30.6106335986159));
#8997=CARTESIAN_POINT('Ctrl Pts',(-99.9236799856876,147.420267890007,27.0038799032729));
#8998=CARTESIAN_POINT('Ctrl Pts',(-99.9236799856876,147.420267890007,23.3971262079298));
#8999=CARTESIAN_POINT('Ctrl Pts',(-99.9236799856876,147.420267890007,23.3971262079298));
#9000=CARTESIAN_POINT('Ctrl Pts',(-99.9236799856876,147.420267890007,27.0038799032729));
#9001=CARTESIAN_POINT('Ctrl Pts',(-99.9236799856876,147.420267890007,30.6106335986159));
#9002=CARTESIAN_POINT('Ctrl Pts',(-99.9236799856876,147.420267890007,34.217387293959));
#9003=CARTESIAN_POINT('Ctrl Pts',(-98.0489844884336,143.256765093895,34.217387293959));
#9004=CARTESIAN_POINT('Ctrl Pts',(-98.0489844884336,143.256765093895,30.6106335986159));
#9005=CARTESIAN_POINT('Ctrl Pts',(-98.0489844884336,143.256765093895,27.0038799032729));
#9006=CARTESIAN_POINT('Ctrl Pts',(-98.0489844884336,143.256765093895,23.3971262079298));
#9007=CARTESIAN_POINT('Ctrl Pts',(-92.443738477524,130.419071666206,14.717387293959));
#9008=CARTESIAN_POINT('Ctrl Pts',(-92.2873811317087,130.252731735188,14.717387293959));
#9009=CARTESIAN_POINT('Ctrl Pts',(-92.1273824944937,130.090376317437,14.717387293959));
#9010=CARTESIAN_POINT('Ctrl Pts',(-91.9637700521131,129.932285745862,14.717387293959));
#9011=CARTESIAN_POINT('Ctrl Pts',(-92.443738477524,130.419071666206,14.5864876000594));
#9012=CARTESIAN_POINT('Ctrl Pts',(-92.2873924489771,130.252743775004,14.5864876000594));
#9013=CARTESIAN_POINT('Ctrl Pts',(-92.1273701367023,130.090364376717,14.5864876000594));
#9014=CARTESIAN_POINT('Ctrl Pts',(-91.9637700521131,129.932285745862,14.5864876000594));
#9015=CARTESIAN_POINT('Ctrl Pts',(-92.522808398473,130.344746981221,14.325905546788));
#9016=CARTESIAN_POINT('Ctrl Pts',(-92.3652794597702,130.177160657339,14.325905546788));
#9017=CARTESIAN_POINT('Ctrl Pts',(-92.2040675897897,130.013572853845,14.325905546788));
#9018=CARTESIAN_POINT('Ctrl Pts',(-92.0391758368869,129.854246148095,14.325905546788));
#9019=CARTESIAN_POINT('Ctrl Pts',(-92.712676939624,130.166273051561,14.217387293959));
#9020=CARTESIAN_POINT('Ctrl Pts',(-92.5523504008347,129.995710515701,14.217387293959));
#9021=CARTESIAN_POINT('Ctrl Pts',(-92.3881923509508,129.829130116572,14.217387293959));
#9022=CARTESIAN_POINT('Ctrl Pts',(-92.2202457833029,129.666851695157,14.217387293959));
#9023=CARTESIAN_POINT('Ctrl Pts',(-92.8080547049221,130.076619207529,14.217387293959));
#9024=CARTESIAN_POINT('Ctrl Pts',(-92.6463169920383,129.904555401612,14.217387293959));
#9025=CARTESIAN_POINT('Ctrl Pts',(-92.4806911862424,129.736484087904,14.217387293959));
#9026=CARTESIAN_POINT('Ctrl Pts',(-92.311203699486,129.572716752937,14.217387293959));
#9027=CARTESIAN_POINT('',(-91.9637700521131,129.932285745862,14.717387293959));
#9028=CARTESIAN_POINT('Ctrl Pts',(-92.443738477524,130.419071666206,14.717387293959));
#9029=CARTESIAN_POINT('Ctrl Pts',(-92.2873811317087,130.252731735188,14.717387293959));
#9030=CARTESIAN_POINT('Ctrl Pts',(-92.1273824944937,130.090376317437,14.717387293959));
#9031=CARTESIAN_POINT('Ctrl Pts',(-91.9637700521131,129.932285745862,14.717387293959));
#9032=CARTESIAN_POINT('',(-92.311203699486,129.572716752937,14.217387293959));
#9033=CARTESIAN_POINT('Origin',(-92.311203699486,129.572716752937,14.717387293959));
#9034=CARTESIAN_POINT('Ctrl Pts',(-92.311203699486,129.572716752937,14.217387293959));
#9035=CARTESIAN_POINT('Ctrl Pts',(-92.4806911862424,129.736484087904,14.217387293959));
#9036=CARTESIAN_POINT('Ctrl Pts',(-92.6463169920383,129.904555401612,14.217387293959));
#9037=CARTESIAN_POINT('Ctrl Pts',(-92.8080547049221,130.076619207529,14.217387293959));
#9038=CARTESIAN_POINT('Ctrl Pts',(-91.963770052113,129.932285745862,14.717387293959));
#9039=CARTESIAN_POINT('Ctrl Pts',(-91.7849495512582,129.759500383221,14.717387293959));
#9040=CARTESIAN_POINT('Ctrl Pts',(-91.6204854500244,129.571860184731,14.717387293959));
#9041=CARTESIAN_POINT('Ctrl Pts',(-91.4726291481627,129.371936350155,14.717387293959));
#9042=CARTESIAN_POINT('Ctrl Pts',(-91.963770052113,129.932285745862,14.5864876000594));
#9043=CARTESIAN_POINT('Ctrl Pts',(-91.7849077581659,129.759460000633,14.5864876000594));
#9044=CARTESIAN_POINT('Ctrl Pts',(-91.6205200051296,129.571906908401,14.5864876000594));
#9045=CARTESIAN_POINT('Ctrl Pts',(-91.4726291481627,129.371936350155,14.5864876000594));
#9046=CARTESIAN_POINT('Ctrl Pts',(-92.0391757395227,129.85424624886,14.3259054066689));
#9047=CARTESIAN_POINT('Ctrl Pts',(-91.8646817676588,129.685641396156,14.3259054066689));
#9048=CARTESIAN_POINT('Ctrl Pts',(-91.7041578433633,129.502496619967,14.3259054066689));
#9049=CARTESIAN_POINT('Ctrl Pts',(-91.5598787753535,129.307409740596,14.3259054066689));
#9050=CARTESIAN_POINT('Ctrl Pts',(-92.2202457833028,129.666851695157,14.217387293959));
#9051=CARTESIAN_POINT('Ctrl Pts',(-92.056082958042,129.508229315959,14.217387293959));
#9052=CARTESIAN_POINT('Ctrl Pts',(-91.9051265486591,129.336000297103,14.217387293959));
#9053=CARTESIAN_POINT('Ctrl Pts',(-91.7693894151733,129.152463390801,14.217387293959));
#9054=CARTESIAN_POINT('Ctrl Pts',(-92.3112036994858,129.572716752937,14.217387293959));
#9055=CARTESIAN_POINT('Ctrl Pts',(-92.1522521431704,129.419129763923,14.217387293959));
#9056=CARTESIAN_POINT('Ctrl Pts',(-92.006062437641,129.252339167387,14.217387293959));
#9057=CARTESIAN_POINT('Ctrl Pts',(-91.8746340532058,129.07462833425,14.217387293959));
#9058=CARTESIAN_POINT('',(-91.4726291481627,129.371936350155,14.717387293959));
#9059=CARTESIAN_POINT('',(-91.8746340532058,129.07462833425,14.217387293959));
#9060=CARTESIAN_POINT('Origin',(-91.8746340532058,129.07462833425,14.717387293959));
#9061=CARTESIAN_POINT('Ctrl Pts',(-91.8746340532058,129.07462833425,14.217387293959));
#9062=CARTESIAN_POINT('Ctrl Pts',(-92.006062437641,129.252339167387,14.217387293959));
#9063=CARTESIAN_POINT('Ctrl Pts',(-92.1522521431704,129.419129763923,14.217387293959));
#9064=CARTESIAN_POINT('Ctrl Pts',(-92.3112036994858,129.572716752937,14.217387293959));
#9065=CARTESIAN_POINT('Ctrl Pts',(-91.963770052113,129.932285745862,14.717387293959));
#9066=CARTESIAN_POINT('Ctrl Pts',(-91.7849495512582,129.759500383221,14.717387293959));
#9067=CARTESIAN_POINT('Ctrl Pts',(-91.6204854500244,129.571860184731,14.717387293959));
#9068=CARTESIAN_POINT('Ctrl Pts',(-91.4726291481627,129.371936350155,14.717387293959));
#9069=CARTESIAN_POINT('Ctrl Pts',(-91.4726292099822,129.371936304435,14.717387293959));
#9070=CARTESIAN_POINT('Ctrl Pts',(-91.3275204387632,129.175727544636,14.717387293959));
#9071=CARTESIAN_POINT('Ctrl Pts',(-91.1984291343447,128.967681452777,14.717387293959));
#9072=CARTESIAN_POINT('Ctrl Pts',(-90.8620076493636,128.312227620086,14.717387293959));
#9073=CARTESIAN_POINT('Ctrl Pts',(-90.7098038378176,127.836662872205,14.717387293959));
#9074=CARTESIAN_POINT('Ctrl Pts',(-90.6383062731785,127.349182123319,14.717387293959));
#9075=CARTESIAN_POINT('Ctrl Pts',(-91.4726292099822,129.371936304435,14.5864876000594));
#9076=CARTESIAN_POINT('Ctrl Pts',(-91.3275204387632,129.175727544636,14.5864876000594));
#9077=CARTESIAN_POINT('Ctrl Pts',(-91.1984291343447,128.967681452777,14.5864876000594));
#9078=CARTESIAN_POINT('Ctrl Pts',(-90.8620076493636,128.312227620086,14.5864876000594));
#9079=CARTESIAN_POINT('Ctrl Pts',(-90.7098038378176,127.836662872205,14.5864876000594));
#9080=CARTESIAN_POINT('Ctrl Pts',(-90.6383062731785,127.349182123319,14.5864876000594));
#9081=CARTESIAN_POINT('Ctrl Pts',(-91.5598787132825,129.307409785709,14.325905253049));
#9082=CARTESIAN_POINT('Ctrl Pts',(-91.4182680604361,129.115932977965,14.325905253049));
#9083=CARTESIAN_POINT('Ctrl Pts',(-91.292291521573,128.912903602457,14.325905253049));
#9084=CARTESIAN_POINT('Ctrl Pts',(-90.9639806055908,128.273256665348,14.325905253049));
#9085=CARTESIAN_POINT('Ctrl Pts',(-90.8154444165165,127.809161876394,14.325905253049));
#9086=CARTESIAN_POINT('Ctrl Pts',(-90.7456755480955,127.333434544176,14.325905253049));
#9087=CARTESIAN_POINT('Ctrl Pts',(-91.7693894757051,129.152463343341,14.217387293959));
#9088=CARTESIAN_POINT('Ctrl Pts',(-91.6361813055267,128.972348022507,14.217387293959));
#9089=CARTESIAN_POINT('Ctrl Pts',(-91.5176803789904,128.78136637266,14.217387293959));
#9090=CARTESIAN_POINT('Ctrl Pts',(-91.2088509062191,128.179675612699,14.217387293959));
#9091=CARTESIAN_POINT('Ctrl Pts',(-91.0691280554892,127.743118923817,14.217387293959));
#9092=CARTESIAN_POINT('Ctrl Pts',(-91.0034995791526,127.295620147673,14.217387293959));
#9093=CARTESIAN_POINT('Ctrl Pts',(-91.874634113281,129.074628286172,14.217387293959));
#9094=CARTESIAN_POINT('Ctrl Pts',(-91.745647927598,128.900219673161,14.217387293959));
#9095=CARTESIAN_POINT('Ctrl Pts',(-91.630900557026,128.715290542769,14.217387293959));
#9096=CARTESIAN_POINT('Ctrl Pts',(-91.331859833063,128.132666215272,14.217387293959));
#9097=CARTESIAN_POINT('Ctrl Pts',(-91.1965670645566,127.709940865242,14.217387293959));
#9098=CARTESIAN_POINT('Ctrl Pts',(-91.1330136737662,127.27662464401,14.217387293959));
#9099=CARTESIAN_POINT('',(-90.6383062731785,127.349182123319,14.717387293959));
#9100=CARTESIAN_POINT('',(-91.1330136737662,127.27662464401,14.217387293959));
#9101=CARTESIAN_POINT('Origin',(-91.1330136737662,127.27662464401,14.717387293959));
#9102=CARTESIAN_POINT('Ctrl Pts',(-91.1330136737662,127.27662464401,14.217387293959));
#9103=CARTESIAN_POINT('Ctrl Pts',(-91.1965670645566,127.709940865242,14.217387293959));
#9104=CARTESIAN_POINT('Ctrl Pts',(-91.331859833063,128.132666215272,14.217387293959));
#9105=CARTESIAN_POINT('Ctrl Pts',(-91.630900557026,128.715290542769,14.217387293959));
#9106=CARTESIAN_POINT('Ctrl Pts',(-91.745647927598,128.900219673161,14.217387293959));
#9107=CARTESIAN_POINT('Ctrl Pts',(-91.874634113281,129.074628286172,14.217387293959));
#9108=CARTESIAN_POINT('Ctrl Pts',(-91.4726292099822,129.371936304435,14.717387293959));
#9109=CARTESIAN_POINT('Ctrl Pts',(-91.3275204387632,129.175727544636,14.717387293959));
#9110=CARTESIAN_POINT('Ctrl Pts',(-91.1984291343447,128.967681452777,14.717387293959));
#9111=CARTESIAN_POINT('Ctrl Pts',(-90.8620076493636,128.312227620086,14.717387293959));
#9112=CARTESIAN_POINT('Ctrl Pts',(-90.7098038378176,127.836662872205,14.717387293959));
#9113=CARTESIAN_POINT('Ctrl Pts',(-90.6383062731785,127.349182123319,14.717387293959));
#9114=CARTESIAN_POINT('Origin',(-91.8543707584754,132.194941703386,14.717387293959));
#9115=CARTESIAN_POINT('',(-88.8994406111648,115.493344243951,14.717387293959));
#9116=CARTESIAN_POINT('',(-89.3941480117525,115.420786764642,14.217387293959));
#9117=CARTESIAN_POINT('Origin',(-89.3941480117525,115.420786764642,14.717387293959));
#9118=CARTESIAN_POINT('',(-91.8543707584754,132.194941703386,14.217387293959));
#9119=CARTESIAN_POINT('',(-91.3596633578876,132.267499182695,14.717387293959));
#9120=CARTESIAN_POINT('Origin',(-79.4999999999977,116.871936350828,14.717387293959));
#9121=CARTESIAN_POINT('Origin',(-79.4999999999977,116.871936350828,14.217387293959));
#9122=CARTESIAN_POINT('',(-79.4999999999977,107.371936350828,14.717387293959));
#9123=CARTESIAN_POINT('Origin',(-79.4999999999977,116.871936350828,14.717387293959));
#9124=CARTESIAN_POINT('Origin',(-79.4999999999977,106.871936350828,14.717387293959));
#9125=CARTESIAN_POINT('Origin',(-100.743157286811,106.871936350828,14.717387293959));
#9126=CARTESIAN_POINT('',(-67.9999999999976,107.371936350828,14.717387293959));
#9127=CARTESIAN_POINT('',(-100.743157286811,107.371936350828,14.717387293959));
#9128=CARTESIAN_POINT('Origin',(-67.9999999999976,106.871936350828,14.717387293959));
#9129=CARTESIAN_POINT('',(-100.743157286811,106.871936350828,14.217387293959));
#9130=CARTESIAN_POINT('Origin',(-111.932808535956,146.656010409512,34.217387293959));
#9131=CARTESIAN_POINT('',(-103.992675724677,152.735014517031,34.217387293959));
#9132=CARTESIAN_POINT('',(-107.168728849189,150.303412874023,38.217387293959));
#9133=CARTESIAN_POINT('Origin',(-107.168728849189,150.303412874023,34.217387293959));
#9134=CARTESIAN_POINT('',(-111.932808535956,156.656010409512,34.217387293959));
#9135=CARTESIAN_POINT('Origin',(-111.932808535956,146.656010409512,34.217387293959));
#9136=CARTESIAN_POINT('',(-111.932808535956,152.656010409512,38.217387293959));
#9137=CARTESIAN_POINT('Origin',(-111.932808535956,152.656010409512,34.217387293959));
#9138=CARTESIAN_POINT('Origin',(-111.932808535956,146.656010409512,38.217387293959));
#9139=CARTESIAN_POINT('Origin',(-111.932808535956,146.656010409512,18.217387293959));
#9140=CARTESIAN_POINT('',(-111.932808535956,156.656010409512,18.217387293959));
#9141=CARTESIAN_POINT('',(-111.932808535956,152.656010409512,14.217387293959));
#9142=CARTESIAN_POINT('Origin',(-111.932808535956,152.656010409512,18.217387293959));
#9143=CARTESIAN_POINT('',(-103.992675724677,152.735014517031,18.217387293959));
#9144=CARTESIAN_POINT('Origin',(-111.932808535956,146.656010409512,18.217387293959));
#9145=CARTESIAN_POINT('',(-107.168728849189,150.303412874023,14.217387293959));
#9146=CARTESIAN_POINT('Origin',(-107.168728849189,150.303412874023,18.217387293959));
#9147=CARTESIAN_POINT('Origin',(-111.932808535956,146.656010409512,14.217387293959));
#9148=CARTESIAN_POINT('Origin',(-111.932808535956,146.656010409512,20.217387293959));
#9149=CARTESIAN_POINT('',(-103.992675724677,152.735014517031,20.217387293959));
#9150=CARTESIAN_POINT('',(-111.932808535956,156.656010409512,20.217387293959));
#9151=CARTESIAN_POINT('Origin',(-102.903097880633,144.731829796403,18.217387293959));
#9152=CARTESIAN_POINT('',(-102.903097880633,144.731829796403,14.217387293959));
#9153=CARTESIAN_POINT('',(-99.7270447561213,147.163431439411,18.217387293959));
#9154=CARTESIAN_POINT('Origin',(-130.165172471261,176.656010409512,34.217387293959));
#9155=CARTESIAN_POINT('',(-130.165172471261,156.656010409512,34.217387293959));
#9156=CARTESIAN_POINT('',(-130.165172471261,152.656010409512,38.217387293959));
#9157=CARTESIAN_POINT('Origin',(-130.165172471261,152.656010409512,34.217387293959));
#9158=CARTESIAN_POINT('',(-131.821197621655,156.724688810048,34.217387293959));
#9159=CARTESIAN_POINT('Origin',(-130.165172471261,176.656010409512,34.217387293959));
#9160=CARTESIAN_POINT('',(-132.152402651734,152.738424490155,38.217387293959));
#9161=CARTESIAN_POINT('Origin',(-132.152402651734,152.738424490155,34.217387293959));
#9162=CARTESIAN_POINT('Origin',(-130.165172471261,176.656010409513,38.217387293959));
#9163=CARTESIAN_POINT('Origin',(-130.165172471261,176.656010409512,18.217387293959));
#9164=CARTESIAN_POINT('',(-131.821197621655,156.724688810048,18.217387293959));
#9165=CARTESIAN_POINT('',(-132.152402651734,152.738424490155,14.217387293959));
#9166=CARTESIAN_POINT('Origin',(-132.152402651734,152.738424490155,18.217387293959));
#9167=CARTESIAN_POINT('',(-130.165172471261,156.656010409512,18.217387293959));
#9168=CARTESIAN_POINT('Origin',(-130.165172471261,176.656010409512,18.217387293959));
#9169=CARTESIAN_POINT('',(-130.165172471261,152.656010409512,14.217387293959));
#9170=CARTESIAN_POINT('Origin',(-130.165172471261,152.656010409512,18.217387293959));
#9171=CARTESIAN_POINT('Origin',(-130.16517247126,176.656010409513,14.217387293959));
#9172=CARTESIAN_POINT('Origin',(-130.165172471261,176.656010409512,20.217387293959));
#9173=CARTESIAN_POINT('',(-130.165172471261,156.656010409512,20.217387293959));
#9174=CARTESIAN_POINT('',(-131.821197621655,156.724688810048,20.217387293959));
#9175=CARTESIAN_POINT('Origin',(-114.490461864852,152.656010409512,18.217387293959));
#9176=CARTESIAN_POINT('',(-114.490461864852,152.656010409512,14.217387293959));
#9177=CARTESIAN_POINT('',(-114.490461864852,156.656010409512,18.217387293959));
#9178=CARTESIAN_POINT('Ctrl Pts',(-135.152275981725,152.987673676049,38.217387293959));
#9179=CARTESIAN_POINT('Ctrl Pts',(-136.080264303321,153.064777042836,38.217387293959));
#9180=CARTESIAN_POINT('Ctrl Pts',(-137.773743238802,153.637703738268,38.217387293959));
#9181=CARTESIAN_POINT('Ctrl Pts',(-140.457139885868,155.414389276248,38.217387293959));
#9182=CARTESIAN_POINT('Ctrl Pts',(-142.348196029468,156.864781976149,38.217387293959));
#9183=CARTESIAN_POINT('Ctrl Pts',(-143.578588243303,157.525937269597,38.217387293959));
#9184=CARTESIAN_POINT('Ctrl Pts',(-135.107666967872,153.524571682182,38.217387293959));
#9185=CARTESIAN_POINT('Ctrl Pts',(-135.952683577757,153.594781214023,38.217387293959));
#9186=CARTESIAN_POINT('Ctrl Pts',(-137.52778045808,154.070254118988,38.2172976868282));
#9187=CARTESIAN_POINT('Ctrl Pts',(-140.241056129454,155.688282281005,38.2172606080514));
#9188=CARTESIAN_POINT('Ctrl Pts',(-142.194339131058,157.087908092072,38.217387293959));
#9189=CARTESIAN_POINT('Ctrl Pts',(-143.451081983962,157.763222987889,38.217387293959));
#9190=CARTESIAN_POINT('Ctrl Pts',(-135.00980512658,154.702401518057,37.9919005548376));
#9191=CARTESIAN_POINT('Ctrl Pts',(-135.696989748422,154.75949733135,37.9919005548376));
#9192=CARTESIAN_POINT('Ctrl Pts',(-137.034499939334,155.064492941547,38.0100099986591));
#9193=CARTESIAN_POINT('Ctrl Pts',(-139.789052194664,156.326782906021,38.0698085694072));
#9194=CARTESIAN_POINT('Ctrl Pts',(-141.873575393243,157.586402561861,38.1046439243983));
#9195=CARTESIAN_POINT('Ctrl Pts',(-143.171362791867,158.283772879002,38.1046439243983));
#9196=CARTESIAN_POINT('Ctrl Pts',(-134.902983363159,155.988069746018,36.9851097379874));
#9197=CARTESIAN_POINT('Ctrl Pts',(-135.507240651085,156.038275411564,36.9851097379874));
#9198=CARTESIAN_POINT('Ctrl Pts',(-136.70913201403,156.236620312183,37.0608227415836));
#9199=CARTESIAN_POINT('Ctrl Pts',(-139.434075690111,157.119540558427,37.3911516847843));
#9200=CARTESIAN_POINT('Ctrl Pts',(-141.582426281458,158.162232187199,37.6012485159732));
#9201=CARTESIAN_POINT('Ctrl Pts',(-142.866033391072,158.85198267951,37.6012485159732));
#9202=CARTESIAN_POINT('Ctrl Pts',(-134.835372310435,156.801811998188,35.6386031578227));
#9203=CARTESIAN_POINT('Ctrl Pts',(-135.47014042813,156.854552703932,35.6386031578227));
#9204=CARTESIAN_POINT('Ctrl Pts',(-136.712895152501,157.020335155786,35.810466194295));
#9205=CARTESIAN_POINT('Ctrl Pts',(-139.356099954132,157.679217639484,36.5003799712423));
#9206=CARTESIAN_POINT('Ctrl Pts',(-141.4531003004,158.556222572981,36.9279952258908));
#9207=CARTESIAN_POINT('Ctrl Pts',(-142.672780241578,159.211621591566,36.9279952258908));
#9208=CARTESIAN_POINT('Ctrl Pts',(-134.821070951647,156.973937995942,34.7561353177202));
#9209=CARTESIAN_POINT('Ctrl Pts',(-135.53109118041,157.032931141492,34.7561353177202));
#9210=CARTESIAN_POINT('Ctrl Pts',(-136.884715238784,157.217057339299,35.0149612454605));
#9211=CARTESIAN_POINT('Ctrl Pts',(-139.458748659017,157.840289581468,35.9369317618624));
#9212=CARTESIAN_POINT('Ctrl Pts',(-141.471614573437,158.664209284155,36.4867613058396));
#9213=CARTESIAN_POINT('Ctrl Pts',(-142.631902566753,159.28769384467,36.4867613058396));
#9214=CARTESIAN_POINT('Ctrl Pts',(-134.821070951647,156.973937995942,34.217387293959));
#9215=CARTESIAN_POINT('Ctrl Pts',(-135.594394552976,157.038190801598,34.217387293959));
#9216=CARTESIAN_POINT('Ctrl Pts',(-137.038252103442,157.245883986704,34.5439179062039));
#9217=CARTESIAN_POINT('Ctrl Pts',(-139.564789796848,157.881132693363,35.6051423959998));
#9218=CARTESIAN_POINT('Ctrl Pts',(-141.513364190539,158.686643577899,36.217387293959));
#9219=CARTESIAN_POINT('Ctrl Pts',(-142.631902566753,159.28769384467,36.217387293959));
#9220=CARTESIAN_POINT('',(-134.821070951647,156.973937995942,34.217387293959));
#9221=CARTESIAN_POINT('',(-135.152275981725,152.987673676049,38.217387293959));
#9222=CARTESIAN_POINT('Origin',(-135.152275981725,152.987673676049,34.217387293959));
#9223=CARTESIAN_POINT('',(-142.631902566753,159.28769384467,36.217387293959));
#9224=CARTESIAN_POINT('Ctrl Pts',(-134.821070951647,156.973937995942,34.217387293959));
#9225=CARTESIAN_POINT('Ctrl Pts',(-135.594394552976,157.038190801598,34.217387293959));
#9226=CARTESIAN_POINT('Ctrl Pts',(-137.038252103442,157.245883986704,34.5439179062039));
#9227=CARTESIAN_POINT('Ctrl Pts',(-139.564789796848,157.881132693363,35.6051423959998));
#9228=CARTESIAN_POINT('Ctrl Pts',(-141.513364190539,158.686643577899,36.217387293959));
#9229=CARTESIAN_POINT('Ctrl Pts',(-142.631902566753,159.28769384467,36.217387293959));
#9230=CARTESIAN_POINT('',(-143.578588243303,157.525937269597,38.217387293959));
#9231=CARTESIAN_POINT('Origin',(-143.578588243303,157.525937269597,36.217387293959));
#9232=CARTESIAN_POINT('Ctrl Pts',(-143.578588243303,157.525937269597,38.217387293959));
#9233=CARTESIAN_POINT('Ctrl Pts',(-142.348196029468,156.864781976149,38.217387293959));
#9234=CARTESIAN_POINT('Ctrl Pts',(-140.457139885868,155.414389276248,38.217387293959));
#9235=CARTESIAN_POINT('Ctrl Pts',(-137.773743238802,153.637703738268,38.217387293959));
#9236=CARTESIAN_POINT('Ctrl Pts',(-136.080264303321,153.064777042836,38.217387293959));
#9237=CARTESIAN_POINT('Ctrl Pts',(-135.152275981725,152.987673676049,38.217387293959));
#9238=CARTESIAN_POINT('Ctrl Pts',(-143.578588243303,157.525937269597,14.217387293959));
#9239=CARTESIAN_POINT('Ctrl Pts',(-142.758326767413,157.085167073965,14.217387293959));
#9240=CARTESIAN_POINT('Ctrl Pts',(-141.204715238439,156.016752249938,14.217387293959));
#9241=CARTESIAN_POINT('Ctrl Pts',(-138.938712270457,154.348394774735,14.217387293959));
#9242=CARTESIAN_POINT('Ctrl Pts',(-136.949089371087,153.301054541585,14.217387293959));
#9243=CARTESIAN_POINT('Ctrl Pts',(-135.616270142523,153.026225359443,14.217387293959));
#9244=CARTESIAN_POINT('Ctrl Pts',(-135.152275981725,152.987673676049,14.217387293959));
#9245=CARTESIAN_POINT('Ctrl Pts',(-143.451081983962,157.763222987889,14.217387293959));
#9246=CARTESIAN_POINT('Ctrl Pts',(-142.613253415359,157.313013057344,14.217387293959));
#9247=CARTESIAN_POINT('Ctrl Pts',(-141.01880927556,156.268397134806,14.2174393853088));
#9248=CARTESIAN_POINT('Ctrl Pts',(-138.689353687072,154.70487855449,14.2175172715573));
#9249=CARTESIAN_POINT('Ctrl Pts',(-136.748863861321,153.790340408377,14.2174129803433));
#9250=CARTESIAN_POINT('Ctrl Pts',(-135.530175272814,153.559676448103,14.217387293959));
#9251=CARTESIAN_POINT('Ctrl Pts',(-135.107666967872,153.524571682182,14.217387293959));
#9252=CARTESIAN_POINT('Ctrl Pts',(-143.171363043173,158.283772411329,14.3301303601801));
#9253=CARTESIAN_POINT('Ctrl Pts',(-142.306171444091,157.818858866568,14.3301303601801));
#9254=CARTESIAN_POINT('Ctrl Pts',(-140.632285102847,156.842971465927,14.348723430768));
#9255=CARTESIAN_POINT('Ctrl Pts',(-138.179225716247,155.538221257813,14.4001784957111));
#9256=CARTESIAN_POINT('Ctrl Pts',(-136.353193145957,154.886395663696,14.4361293131878));
#9257=CARTESIAN_POINT('Ctrl Pts',(-135.353397525422,154.730948366515,14.4428734264011));
#9258=CARTESIAN_POINT('Ctrl Pts',(-135.009805214502,154.702400459868,14.4428734264011));
#9259=CARTESIAN_POINT('Ctrl Pts',(-142.866033277799,158.851982890307,14.8335260415111));
#9260=CARTESIAN_POINT('Ctrl Pts',(-142.010295204723,158.392149228766,14.8335260415111));
#9261=CARTESIAN_POINT('Ctrl Pts',(-140.308925329573,157.53273753526,14.9438234362178));
#9262=CARTESIAN_POINT('Ctrl Pts',(-137.821426692942,156.555864239069,15.2437442984838));
#9263=CARTESIAN_POINT('Ctrl Pts',(-136.088589387397,156.124888627745,15.4227777522194));
#9264=CARTESIAN_POINT('Ctrl Pts',(-135.205111967493,156.013173055755,15.4496647890633));
#9265=CARTESIAN_POINT('Ctrl Pts',(-134.90298332353,155.988070222982,15.4496647890633));
#9266=CARTESIAN_POINT('Ctrl Pts',(-142.6727800252,159.21162199424,15.5067796562863));
#9267=CARTESIAN_POINT('Ctrl Pts',(-141.859660064414,158.774689315183,15.5067796562863));
#9268=CARTESIAN_POINT('Ctrl Pts',(-140.204219224805,158.013917681707,15.7322092823788));
#9269=CARTESIAN_POINT('Ctrl Pts',(-137.798313004566,157.25576444326,16.3491529055462));
#9270=CARTESIAN_POINT('Ctrl Pts',(-136.07890274747,156.930489319635,16.734199724951));
#9271=CARTESIAN_POINT('Ctrl Pts',(-135.152756293581,156.828183262177,16.7961720186136));
#9272=CARTESIAN_POINT('Ctrl Pts',(-134.835372234733,156.801812909305,16.7961720186136));
#9273=CARTESIAN_POINT('Ctrl Pts',(-142.631902566753,159.28769384467,15.9480132820784));
#9274=CARTESIAN_POINT('Ctrl Pts',(-141.858377237876,158.872037470993,15.9480132820784));
#9275=CARTESIAN_POINT('Ctrl Pts',(-140.265054195706,158.150417124297,16.2397897842852));
#9276=CARTESIAN_POINT('Ctrl Pts',(-137.958354926774,157.444590519317,17.045432204003));
#9277=CARTESIAN_POINT('Ctrl Pts',(-136.207497684135,157.117762434315,17.5832658646644));
#9278=CARTESIAN_POINT('Ctrl Pts',(-135.176081066029,157.003434568717,17.6786392701978));
#9279=CARTESIAN_POINT('Ctrl Pts',(-134.821070951647,156.973937995942,17.6786392701978));
#9280=CARTESIAN_POINT('Ctrl Pts',(-142.631902566753,159.28769384467,16.217387293959));
#9281=CARTESIAN_POINT('Ctrl Pts',(-141.886210315944,158.886993666823,16.217387293959));
#9282=CARTESIAN_POINT('Ctrl Pts',(-140.340174781632,158.183149347278,16.5439179062039));
#9283=CARTESIAN_POINT('Ctrl Pts',(-138.105241016341,157.48292641202,17.4535388974575));
#9284=CARTESIAN_POINT('Ctrl Pts',(-136.32682536206,157.133506068524,18.0949383143672));
#9285=CARTESIAN_POINT('Ctrl Pts',(-135.207732752311,157.00606439877,18.217387293959));
#9286=CARTESIAN_POINT('Ctrl Pts',(-134.821070951647,156.973937995942,18.217387293959));
#9287=CARTESIAN_POINT('',(-142.631902566753,159.28769384467,16.217387293959));
#9288=CARTESIAN_POINT('',(-143.578588243303,157.525937269597,14.217387293959));
#9289=CARTESIAN_POINT('Origin',(-143.578588243303,157.525937269597,16.217387293959));
#9290=CARTESIAN_POINT('',(-134.821070951647,156.973937995942,18.217387293959));
#9291=CARTESIAN_POINT('Ctrl Pts',(-142.631902566753,159.28769384467,16.217387293959));
#9292=CARTESIAN_POINT('Ctrl Pts',(-141.886210315944,158.886993666823,16.217387293959));
#9293=CARTESIAN_POINT('Ctrl Pts',(-140.340174781632,158.183149347278,16.5439179062039));
#9294=CARTESIAN_POINT('Ctrl Pts',(-138.105241016341,157.48292641202,17.4535388974575));
#9295=CARTESIAN_POINT('Ctrl Pts',(-136.32682536206,157.133506068524,18.0949383143672));
#9296=CARTESIAN_POINT('Ctrl Pts',(-135.207732752311,157.00606439877,18.217387293959));
#9297=CARTESIAN_POINT('Ctrl Pts',(-134.821070951647,156.973937995942,18.217387293959));
#9298=CARTESIAN_POINT('',(-135.152275981725,152.987673676049,14.217387293959));
#9299=CARTESIAN_POINT('Origin',(-135.152275981725,152.987673676049,18.217387293959));
#9300=CARTESIAN_POINT('Ctrl Pts',(-135.152275981725,152.987673676049,14.217387293959));
#9301=CARTESIAN_POINT('Ctrl Pts',(-135.616270142523,153.026225359443,14.217387293959));
#9302=CARTESIAN_POINT('Ctrl Pts',(-136.949089371087,153.301054541585,14.217387293959));
#9303=CARTESIAN_POINT('Ctrl Pts',(-138.938712270457,154.348394774735,14.217387293959));
#9304=CARTESIAN_POINT('Ctrl Pts',(-141.204715238439,156.016752249938,14.217387293959));
#9305=CARTESIAN_POINT('Ctrl Pts',(-142.758326767413,157.085167073965,14.217387293959));
#9306=CARTESIAN_POINT('Ctrl Pts',(-143.578588243303,157.525937269597,14.217387293959));
#9307=CARTESIAN_POINT('Origin',(-133.165045801252,176.905259595406,20.217387293959));
#9308=CARTESIAN_POINT('',(-134.821070951647,156.973937995942,20.217387293959));
#9309=CARTESIAN_POINT('',(-142.631902566753,159.28769384467,20.217387293959));
#9310=CARTESIAN_POINT('Origin',(-125.868272145294,152.216297639956,18.217387293959));
#9311=CARTESIAN_POINT('',(-125.868272145294,152.216297639956,14.217387293959));
#9312=CARTESIAN_POINT('',(-125.537067115216,156.202561959849,18.217387293959));
#9313=CARTESIAN_POINT('Origin',(-131.618241809986,163.886556219716,36.217387293959));
#9314=CARTESIAN_POINT('',(-142.377136192929,147.026953862108,36.217387293959));
#9315=CARTESIAN_POINT('',(-141.301246754635,148.712914097869,38.217387293959));
#9316=CARTESIAN_POINT('Origin',(-141.301246754635,148.712914097869,36.217387293959));
#9317=CARTESIAN_POINT('',(-133.681059100311,143.993221033611,36.217387293959));
#9318=CARTESIAN_POINT('Origin',(-131.618241809986,163.886556219716,36.217387293959));
#9319=CARTESIAN_POINT('',(-133.474777371279,145.982554552221,38.217387293959));
#9320=CARTESIAN_POINT('Origin',(-133.474777371279,145.982554552221,36.217387293959));
#9321=CARTESIAN_POINT('Origin',(-131.618241809986,163.886556219716,38.217387293959));
#9322=CARTESIAN_POINT('Origin',(-131.618241809986,163.886556219716,16.217387293959));
#9323=CARTESIAN_POINT('',(-133.681059100311,143.993221033611,16.217387293959));
#9324=CARTESIAN_POINT('',(-133.474777371279,145.982554552221,14.217387293959));
#9325=CARTESIAN_POINT('Origin',(-133.474777371279,145.982554552221,16.217387293959));
#9326=CARTESIAN_POINT('',(-142.377136192929,147.026953862108,16.217387293959));
#9327=CARTESIAN_POINT('Origin',(-131.618241809986,163.886556219716,16.217387293959));
#9328=CARTESIAN_POINT('',(-141.301246754635,148.712914097869,14.217387293959));
#9329=CARTESIAN_POINT('Origin',(-141.301246754635,148.712914097869,16.217387293959));
#9330=CARTESIAN_POINT('Origin',(-131.618241809986,163.886556219716,14.217387293959));
#9331=CARTESIAN_POINT('Origin',(-131.618241809986,163.886556219716,20.217387293959));
#9332=CARTESIAN_POINT('',(-142.377136192929,147.026953862108,20.217387293959));
#9333=CARTESIAN_POINT('',(-133.681059100311,143.993221033611,20.217387293959));
#9334=CARTESIAN_POINT('Origin',(-134.736655693637,144.523744009843,16.217387293959));
#9335=CARTESIAN_POINT('',(-150.189723595734,152.012528310508,16.217387293959));
#9336=CARTESIAN_POINT('',(-149.113834157439,153.698488546269,14.217387293959));
#9337=CARTESIAN_POINT('Origin',(-149.113834157439,153.698488546269,16.217387293959));
#9338=CARTESIAN_POINT('',(-134.736655693637,144.523744009843,14.217387293959));
#9339=CARTESIAN_POINT('',(-135.812545131931,142.837783774083,16.217387293959));
#9340=CARTESIAN_POINT('Origin',(-147.499999999998,156.227428899911,16.217387293959));
#9341=CARTESIAN_POINT('',(-145.133285808622,160.631820337595,16.217387293959));
#9342=CARTESIAN_POINT('',(-146.079971485172,158.870063762521,14.217387293959));
#9343=CARTESIAN_POINT('Origin',(-146.079971485172,158.870063762521,16.217387293959));
#9344=CARTESIAN_POINT('Origin',(-147.499999999998,156.227428899911,14.217387293959));
#9345=CARTESIAN_POINT('Origin',(-147.499999999998,156.227428899911,16.217387293959));
#9346=CARTESIAN_POINT('Origin',(-128.214082866941,149.269769889339,16.217387293959));
#9347=CARTESIAN_POINT('',(-128.214082866941,149.269769889339,14.217387293959));
#9348=CARTESIAN_POINT('',(-127.267397190391,151.031526464412,16.217387293959));
#9349=CARTESIAN_POINT('Ctrl Pts',(-121.778013948384,144.769671664366,38.217387293959));
#9350=CARTESIAN_POINT('Ctrl Pts',(-121.210501415883,144.710824082823,38.217387293959));
#9351=CARTESIAN_POINT('Ctrl Pts',(-120.012500835813,144.563487422061,38.217387293959));
#9352=CARTESIAN_POINT('Ctrl Pts',(-117.512919067559,143.933602617996,38.217387293959));
#9353=CARTESIAN_POINT('Ctrl Pts',(-114.61562108541,142.31420244215,38.217387293959));
#9354=CARTESIAN_POINT('Ctrl Pts',(-112.829153790978,139.98711464429,38.217387293959));
#9355=CARTESIAN_POINT('Ctrl Pts',(-112.499999999998,138.377559791232,38.217387293959));
#9356=CARTESIAN_POINT('Ctrl Pts',(-112.499999999998,137.807004349229,38.217387293959));
#9357=CARTESIAN_POINT('Ctrl Pts',(-121.805797416847,144.501734288928,38.217387293959));
#9358=CARTESIAN_POINT('Ctrl Pts',(-121.240965292444,144.443164649325,38.217387293959));
#9359=CARTESIAN_POINT('Ctrl Pts',(-120.06116488747,144.281171399953,38.2173973215657));
#9360=CARTESIAN_POINT('Ctrl Pts',(-117.643179392846,143.589693489219,38.2171734709275));
#9361=CARTESIAN_POINT('Ctrl Pts',(-114.928762349024,141.889175401527,38.2166879598367));
#9362=CARTESIAN_POINT('Ctrl Pts',(-113.41552101162,139.657462482642,38.2169920227832));
#9363=CARTESIAN_POINT('Ctrl Pts',(-113.173435029699,138.291560237978,38.217387293959));
#9364=CARTESIAN_POINT('Ctrl Pts',(-113.173435029699,137.807004349229,38.217387293959));
#9365=CARTESIAN_POINT('Ctrl Pts',(-121.866692459583,143.914476511906,38.1051147928667));
#9366=CARTESIAN_POINT('Ctrl Pts',(-121.315663242342,143.857338149426,38.1051147928667));
#9367=CARTESIAN_POINT('Ctrl Pts',(-120.187652497345,143.661990610678,38.0981677217495));
#9368=CARTESIAN_POINT('Ctrl Pts',(-117.971790436649,142.837951421089,38.0648878470984));
#9369=CARTESIAN_POINT('Ctrl Pts',(-115.69945056576,140.976820243856,38.0013178394288));
#9370=CARTESIAN_POINT('Ctrl Pts',(-114.747205843431,138.999273906757,37.9471433440264));
#9371=CARTESIAN_POINT('Ctrl Pts',(-114.649451422949,138.121117357817,37.9367060412282));
#9372=CARTESIAN_POINT('Ctrl Pts',(-114.649451422949,137.807004349229,37.9367060412282));
#9373=CARTESIAN_POINT('Ctrl Pts',(-121.946812578962,143.141816520435,37.4995537586897));
#9374=CARTESIAN_POINT('Ctrl Pts',(-121.446580840562,143.089945546086,37.4995537586897));
#9375=CARTESIAN_POINT('Ctrl Pts',(-120.440074219898,142.864852374406,37.4503084759239));
#9376=CARTESIAN_POINT('Ctrl Pts',(-118.580304144129,141.926033909643,37.2227849626763));
#9377=CARTESIAN_POINT('Ctrl Pts',(-116.988914962241,140.033084857531,36.7798545899472));
#9378=CARTESIAN_POINT('Ctrl Pts',(-116.601090369781,138.454282531725,36.4605540797369));
#9379=CARTESIAN_POINT('Ctrl Pts',(-116.591458593297,137.98007319803,36.4228034557856));
#9380=CARTESIAN_POINT('Ctrl Pts',(-116.591458593297,137.807004349229,36.4228034557856));
#9381=CARTESIAN_POINT('Ctrl Pts',(-121.980256216518,142.819293776965,36.7724605254957));
#9382=CARTESIAN_POINT('Ctrl Pts',(-121.535037375545,142.773127303896,36.7724605254957));
#9383=CARTESIAN_POINT('Ctrl Pts',(-120.62997469996,142.557858900619,36.6773730171126));
#9384=CARTESIAN_POINT('Ctrl Pts',(-119.000721872409,141.656660331138,36.229756436786));
#9385=CARTESIAN_POINT('Ctrl Pts',(-117.727927135845,139.962457478843,35.3648328986129));
#9386=CARTESIAN_POINT('Ctrl Pts',(-117.427786670843,138.560784251039,34.7016758016307));
#9387=CARTESIAN_POINT('Ctrl Pts',(-117.402088737644,138.00553986391,34.6050703728007));
#9388=CARTESIAN_POINT('Ctrl Pts',(-117.402088737644,137.807004349229,34.6050703728007));
#9389=CARTESIAN_POINT('Ctrl Pts',(-121.984295677416,142.780338145756,36.3520742998993));
#9390=CARTESIAN_POINT('Ctrl Pts',(-121.569291860603,142.737304786047,36.3520742998993));
#9391=CARTESIAN_POINT('Ctrl Pts',(-120.712266649489,142.539387397812,36.2357940408461));
#9392=CARTESIAN_POINT('Ctrl Pts',(-119.163340814714,141.703902168149,35.6759997648873));
#9393=CARTESIAN_POINT('Ctrl Pts',(-117.944713868031,140.172255457613,34.6032017335173));
#9394=CARTESIAN_POINT('Ctrl Pts',(-117.560882567389,138.80554165242,33.7149976547556));
#9395=CARTESIAN_POINT('Ctrl Pts',(-117.499999999998,138.068354115385,33.5541048088097));
#9396=CARTESIAN_POINT('Ctrl Pts',(-117.499999999998,137.807004349229,33.5541048088097));
#9397=CARTESIAN_POINT('Ctrl Pts',(-121.984295677416,142.780338145756,36.217387293959));
#9398=CARTESIAN_POINT('Ctrl Pts',(-121.578929582773,142.738304158939,36.217387293959));
#9399=CARTESIAN_POINT('Ctrl Pts',(-120.736150441964,142.546487536196,36.0949383143672));
#9400=CARTESIAN_POINT('Ctrl Pts',(-119.208987707487,141.734746465867,35.5001861277782));
#9401=CARTESIAN_POINT('Ctrl Pts',(-117.998428904614,140.257574900305,34.3631598887112));
#9402=CARTESIAN_POINT('Ctrl Pts',(-117.576243474145,138.898477793387,33.4010607633468));
#9403=CARTESIAN_POINT('Ctrl Pts',(-117.499999999998,138.09228207023,33.217387293959));
#9404=CARTESIAN_POINT('Ctrl Pts',(-117.499999999998,137.807004349229,33.217387293959));
#9405=CARTESIAN_POINT('',(-121.984295677416,142.780338145756,36.217387293959));
#9406=CARTESIAN_POINT('',(-121.778013948384,144.769671664366,38.217387293959));
#9407=CARTESIAN_POINT('Origin',(-121.778013948384,144.769671664366,36.217387293959));
#9408=CARTESIAN_POINT('',(-117.499999999998,137.807004349229,33.217387293959));
#9409=CARTESIAN_POINT('Ctrl Pts',(-121.984295677416,142.780338145756,36.217387293959));
#9410=CARTESIAN_POINT('Ctrl Pts',(-121.578929582773,142.738304158939,36.217387293959));
#9411=CARTESIAN_POINT('Ctrl Pts',(-120.736150441964,142.546487536196,36.0949383143672));
#9412=CARTESIAN_POINT('Ctrl Pts',(-119.208987707487,141.734746465867,35.5001861277782));
#9413=CARTESIAN_POINT('Ctrl Pts',(-117.998428904614,140.257574900305,34.3631598887112));
#9414=CARTESIAN_POINT('Ctrl Pts',(-117.576243474145,138.898477793387,33.4010607633468));
#9415=CARTESIAN_POINT('Ctrl Pts',(-117.499999999998,138.09228207023,33.217387293959));
#9416=CARTESIAN_POINT('Ctrl Pts',(-117.499999999998,137.807004349229,33.217387293959));
#9417=CARTESIAN_POINT('',(-112.499999999998,137.807004349229,38.217387293959));
#9418=CARTESIAN_POINT('Origin',(-112.499999999998,137.807004349229,33.217387293959));
#9419=CARTESIAN_POINT('Ctrl Pts',(-112.499999999998,137.807004349229,38.217387293959));
#9420=CARTESIAN_POINT('Ctrl Pts',(-112.499999999998,138.377559791232,38.217387293959));
#9421=CARTESIAN_POINT('Ctrl Pts',(-112.829153790978,139.98711464429,38.217387293959));
#9422=CARTESIAN_POINT('Ctrl Pts',(-114.61562108541,142.31420244215,38.217387293959));
#9423=CARTESIAN_POINT('Ctrl Pts',(-117.512919067559,143.933602617996,38.217387293959));
#9424=CARTESIAN_POINT('Ctrl Pts',(-120.012500835813,144.563487422061,38.217387293959));
#9425=CARTESIAN_POINT('Ctrl Pts',(-121.210501415883,144.710824082823,38.217387293959));
#9426=CARTESIAN_POINT('Ctrl Pts',(-121.778013948384,144.769671664366,38.217387293959));
#9427=CARTESIAN_POINT('Ctrl Pts',(-112.499999999998,137.807004349229,14.217387293959));
#9428=CARTESIAN_POINT('Ctrl Pts',(-112.499999999998,138.377559791232,14.217387293959));
#9429=CARTESIAN_POINT('Ctrl Pts',(-112.718490413597,139.459653959223,14.217387293959));
#9430=CARTESIAN_POINT('Ctrl Pts',(-113.81872144193,141.394443018363,14.217387293959));
#9431=CARTESIAN_POINT('Ctrl Pts',(-116.235155954228,143.442955599139,14.217387293959));
#9432=CARTESIAN_POINT('Ctrl Pts',(-119.410623697619,144.506659843559,14.217387293959));
#9433=CARTESIAN_POINT('Ctrl Pts',(-121.210501415883,144.710824082823,14.217387293959));
#9434=CARTESIAN_POINT('Ctrl Pts',(-121.778013948384,144.769671664366,14.217387293959));
#9435=CARTESIAN_POINT('Ctrl Pts',(-113.173435029699,137.807004349229,14.217387293959));
#9436=CARTESIAN_POINT('Ctrl Pts',(-113.173435029699,138.291560237978,14.217387293959));
#9437=CARTESIAN_POINT('Ctrl Pts',(-113.338483924986,139.211762615121,14.2175950778212));
#9438=CARTESIAN_POINT('Ctrl Pts',(-114.242886405894,140.986176081919,14.2180132208774));
#9439=CARTESIAN_POINT('Ctrl Pts',(-116.423194294455,143.056261828277,14.2177623584525));
#9440=CARTESIAN_POINT('Ctrl Pts',(-119.468685949645,144.216690047238,14.2173510825851));
#9441=CARTESIAN_POINT('Ctrl Pts',(-121.240965292444,144.443164649325,14.217387293959));
#9442=CARTESIAN_POINT('Ctrl Pts',(-121.805797416847,144.501734288928,14.217387293959));
#9443=CARTESIAN_POINT('Ctrl Pts',(-114.649443244715,137.807004349229,14.4980658680515));
#9444=CARTESIAN_POINT('Ctrl Pts',(-114.649443244715,138.121117357817,14.4980658680515));
#9445=CARTESIAN_POINT('Ctrl Pts',(-114.723749954291,138.719783974242,14.4911359499244));
#9446=CARTESIAN_POINT('Ctrl Pts',(-115.249986177139,140.132552538616,14.457604115196));
#9447=CARTESIAN_POINT('Ctrl Pts',(-116.894565041164,142.211745866006,14.3938672670844));
#9448=CARTESIAN_POINT('Ctrl Pts',(-119.619596723282,143.580941100219,14.3400999481356));
#9449=CARTESIAN_POINT('Ctrl Pts',(-121.315662904938,143.857341403272,14.329658723596));
#9450=CARTESIAN_POINT('Ctrl Pts',(-121.866692122179,143.914479765752,14.329658723596));
#9451=CARTESIAN_POINT('Ctrl Pts',(-116.591453309411,137.807004349229,16.0119692693036));
#9452=CARTESIAN_POINT('Ctrl Pts',(-116.591453309411,137.98007319803,16.0119692693036));
#9453=CARTESIAN_POINT('Ctrl Pts',(-116.602987349147,138.311428323156,15.9832631571744));
#9454=CARTESIAN_POINT('Ctrl Pts',(-116.798686304538,139.325914862686,15.8049826246874));
#9455=CARTESIAN_POINT('Ctrl Pts',(-117.748338312957,141.232760434689,15.3795789821658));
#9456=CARTESIAN_POINT('Ctrl Pts',(-119.924842755545,142.765793071846,15.0073591106817));
#9457=CARTESIAN_POINT('Ctrl Pts',(-121.446580622568,143.089947648369,14.9352200840968));
#9458=CARTESIAN_POINT('Ctrl Pts',(-121.946812360968,143.141818622717,14.9352200840968));
#9459=CARTESIAN_POINT('Ctrl Pts',(-117.402084924375,137.807004349229,17.8297032826785));
#9460=CARTESIAN_POINT('Ctrl Pts',(-117.402084924375,138.00553986391,17.8297032826785));
#9461=CARTESIAN_POINT('Ctrl Pts',(-117.41831189206,138.386103445543,17.7609006325753));
#9462=CARTESIAN_POINT('Ctrl Pts',(-117.589534474078,139.352777868239,17.3751071420131));
#9463=CARTESIAN_POINT('Ctrl Pts',(-118.308794532116,141.011002064959,16.5317558982568));
#9464=CARTESIAN_POINT('Ctrl Pts',(-120.159999266384,142.457143733561,15.8028740266143));
#9465=CARTESIAN_POINT('Ctrl Pts',(-121.535037218223,142.773128821069,15.6623136894468));
#9466=CARTESIAN_POINT('Ctrl Pts',(-121.980256059197,142.819295294138,15.6623136894468));
#9467=CARTESIAN_POINT('Ctrl Pts',(-117.499999999998,137.807004349229,18.8806697791083));
#9468=CARTESIAN_POINT('Ctrl Pts',(-117.499999999998,138.068354115385,18.8806697791083));
#9469=CARTESIAN_POINT('Ctrl Pts',(-117.536499544634,138.567240761417,18.7721701235132));
#9470=CARTESIAN_POINT('Ctrl Pts',(-117.776740377159,139.603091347255,18.2301167994879));
#9471=CARTESIAN_POINT('Ctrl Pts',(-118.510282070767,141.1147005672,17.1633957761201));
#9472=CARTESIAN_POINT('Ctrl Pts',(-120.26462733446,142.443996783117,16.2565440784303));
#9473=CARTESIAN_POINT('Ctrl Pts',(-121.569291860603,142.737304786047,16.0827002880187));
#9474=CARTESIAN_POINT('Ctrl Pts',(-121.984295677416,142.780338145756,16.0827002880187));
#9475=CARTESIAN_POINT('Ctrl Pts',(-117.499999999998,137.807004349229,19.217387293959));
#9476=CARTESIAN_POINT('Ctrl Pts',(-117.499999999998,138.09228207023,19.217387293959));
#9477=CARTESIAN_POINT('Ctrl Pts',(-117.545558595661,138.6363608491,19.0949383143672));
#9478=CARTESIAN_POINT('Ctrl Pts',(-117.816002157709,139.700606484288,18.5001861277782));
#9479=CARTESIAN_POINT('Ctrl Pts',(-118.565130098408,141.165126088848,17.3631598887112));
#9480=CARTESIAN_POINT('Ctrl Pts',(-120.295128673661,142.453177750048,16.4010607633468));
#9481=CARTESIAN_POINT('Ctrl Pts',(-121.578929582773,142.738304158939,16.217387293959));
#9482=CARTESIAN_POINT('Ctrl Pts',(-121.984295677416,142.780338145756,16.217387293959));
#9483=CARTESIAN_POINT('',(-117.499999999998,137.807004349229,19.217387293959));
#9484=CARTESIAN_POINT('',(-112.499999999998,137.807004349229,14.217387293959));
#9485=CARTESIAN_POINT('Origin',(-112.499999999998,137.807004349229,19.217387293959));
#9486=CARTESIAN_POINT('',(-121.984295677416,142.780338145756,16.217387293959));
#9487=CARTESIAN_POINT('Ctrl Pts',(-117.499999999998,137.807004349229,19.217387293959));
#9488=CARTESIAN_POINT('Ctrl Pts',(-117.499999999998,138.09228207023,19.217387293959));
#9489=CARTESIAN_POINT('Ctrl Pts',(-117.545558595661,138.6363608491,19.0949383143672));
#9490=CARTESIAN_POINT('Ctrl Pts',(-117.816002157709,139.700606484288,18.5001861277782));
#9491=CARTESIAN_POINT('Ctrl Pts',(-118.565130098408,141.165126088848,17.3631598887112));
#9492=CARTESIAN_POINT('Ctrl Pts',(-120.295128673661,142.453177750048,16.4010607633468));
#9493=CARTESIAN_POINT('Ctrl Pts',(-121.578929582773,142.738304158939,16.217387293959));
#9494=CARTESIAN_POINT('Ctrl Pts',(-121.984295677416,142.780338145756,16.217387293959));
#9495=CARTESIAN_POINT('',(-121.778013948384,144.769671664366,14.217387293959));
#9496=CARTESIAN_POINT('Origin',(-121.778013948384,144.769671664366,16.217387293959));
#9497=CARTESIAN_POINT('Ctrl Pts',(-121.778013948384,144.769671664366,14.217387293959));
#9498=CARTESIAN_POINT('Ctrl Pts',(-121.210501415883,144.710824082823,14.217387293959));
#9499=CARTESIAN_POINT('Ctrl Pts',(-119.410623697619,144.506659843559,14.217387293959));
#9500=CARTESIAN_POINT('Ctrl Pts',(-116.235155954228,143.442955599139,14.217387293959));
#9501=CARTESIAN_POINT('Ctrl Pts',(-113.81872144193,141.394443018363,14.217387293959));
#9502=CARTESIAN_POINT('Ctrl Pts',(-112.718490413597,139.459653959223,14.217387293959));
#9503=CARTESIAN_POINT('Ctrl Pts',(-112.499999999998,138.377559791232,14.217387293959));
#9504=CARTESIAN_POINT('Ctrl Pts',(-112.499999999998,137.807004349229,14.217387293959));
#9505=CARTESIAN_POINT('Origin',(-122.499999999998,137.807004349229,20.217387293959));
#9506=CARTESIAN_POINT('',(-121.984295677416,142.780338145756,20.217387293959));
#9507=CARTESIAN_POINT('',(-117.499999999998,137.807004349229,20.217387293959));
#9508=CARTESIAN_POINT('Origin',(-129.468904127353,145.567169976778,16.217387293959));
#9509=CARTESIAN_POINT('',(-129.468904127353,145.567169976778,14.217387293959));
#9510=CARTESIAN_POINT('',(-129.675185856385,143.577836458168,16.217387293959));
#9511=CARTESIAN_POINT('Origin',(-122.499999999998,129.661777776687,33.217387293959));
#9512=CARTESIAN_POINT('',(-117.499999999998,129.661777776687,33.217387293959));
#9513=CARTESIAN_POINT('',(-112.499999999998,129.661777776687,38.217387293959));
#9514=CARTESIAN_POINT('Origin',(-112.499999999998,129.661777776687,33.217387293959));
#9515=CARTESIAN_POINT('',(-121.804134495197,124.710437432979,33.217387293959));
#9516=CARTESIAN_POINT('Origin',(-122.499999999998,129.661777776687,33.217387293959));
#9517=CARTESIAN_POINT('',(-121.108268990396,119.759097089271,38.217387293959));
#9518=CARTESIAN_POINT('Origin',(-121.108268990396,119.759097089271,33.217387293959));
#9519=CARTESIAN_POINT('Origin',(-122.499999999998,129.661777776687,38.217387293959));
#9520=CARTESIAN_POINT('Origin',(-122.499999999998,129.661777776687,19.217387293959));
#9521=CARTESIAN_POINT('',(-121.804134495197,124.710437432979,19.217387293959));
#9522=CARTESIAN_POINT('',(-121.108268990396,119.759097089271,14.217387293959));
#9523=CARTESIAN_POINT('Origin',(-121.108268990396,119.759097089271,19.217387293959));
#9524=CARTESIAN_POINT('',(-117.499999999998,129.661777776687,19.217387293959));
#9525=CARTESIAN_POINT('Origin',(-122.499999999998,129.661777776687,19.217387293959));
#9526=CARTESIAN_POINT('',(-112.499999999998,129.661777776687,14.217387293959));
#9527=CARTESIAN_POINT('Origin',(-112.499999999998,129.661777776687,19.217387293959));
#9528=CARTESIAN_POINT('Origin',(-122.499999999998,129.661777776687,14.217387293959));
#9529=CARTESIAN_POINT('Origin',(-122.499999999998,129.661777776687,20.217387293959));
#9530=CARTESIAN_POINT('',(-117.499999999998,129.661777776687,20.217387293959));
#9531=CARTESIAN_POINT('',(-121.804134495197,124.710437432979,20.217387293959));
#9532=CARTESIAN_POINT('Origin',(-112.499999999998,137.557513356488,19.217387293959));
#9533=CARTESIAN_POINT('',(-112.499999999998,137.557513356488,14.217387293959));
#9534=CARTESIAN_POINT('',(-117.499999999998,137.557513356488,19.217387293959));
#9535=CARTESIAN_POINT('Origin',(-147.499999999998,116.049981183939,33.217387293959));
#9536=CARTESIAN_POINT('',(-148.195865504798,121.001321527647,33.217387293959));
#9537=CARTESIAN_POINT('',(-147.499999999998,116.049981183939,38.217387293959));
#9538=CARTESIAN_POINT('Origin',(-147.499999999998,116.049981183939,33.217387293959));
#9539=CARTESIAN_POINT('',(-152.499999999998,116.049981183939,33.217387293959));
#9540=CARTESIAN_POINT('Origin',(-147.499999999998,116.049981183939,33.217387293959));
#9541=CARTESIAN_POINT('Origin',(-147.499999999998,116.049981183939,33.217387293959));
#9542=CARTESIAN_POINT('Origin',(-147.499999999998,116.049981183939,19.217387293959));
#9543=CARTESIAN_POINT('',(-152.499999999998,116.049981183939,19.217387293959));
#9544=CARTESIAN_POINT('',(-147.499999999998,116.049981183939,14.217387293959));
#9545=CARTESIAN_POINT('Origin',(-147.499999999998,116.049981183939,19.217387293959));
#9546=CARTESIAN_POINT('',(-148.195865504798,121.001321527647,19.217387293959));
#9547=CARTESIAN_POINT('Origin',(-147.499999999998,116.049981183939,19.217387293959));
#9548=CARTESIAN_POINT('Origin',(-147.499999999998,116.049981183939,19.217387293959));
#9549=CARTESIAN_POINT('Origin',(-147.499999999998,116.049981183939,20.217387293959));
#9550=CARTESIAN_POINT('',(-148.195865504798,121.001321527647,20.217387293959));
#9551=CARTESIAN_POINT('',(-152.499999999998,116.049981183939,20.217387293959));
#9552=CARTESIAN_POINT('Origin',(-118.488102906346,120.127337417783,19.217387293959));
#9553=CARTESIAN_POINT('',(-118.488102906346,120.127337417783,14.217387293959));
#9554=CARTESIAN_POINT('',(-119.183968411147,125.078677761491,19.217387293959));
#9555=CARTESIAN_POINT('Origin',(-147.499999999998,112.978070743107,19.217387293959));
#9556=CARTESIAN_POINT('',(-152.499999999998,112.978070743107,19.217387293959));
#9557=CARTESIAN_POINT('Origin',(-147.499999999998,112.978070743107,19.217387293959));
#9558=CARTESIAN_POINT('Origin',(-147.499999999998,112.978070743107,19.217387293959));
#9559=CARTESIAN_POINT('Origin',(-147.499999999998,112.978070743107,20.217387293959));
#9560=CARTESIAN_POINT('',(-147.935778713736,107.997097252649,33.217387293959));
#9561=CARTESIAN_POINT('',(-152.499999999998,112.978070743107,33.217387293959));
#9562=CARTESIAN_POINT('Origin',(-147.499999999998,112.978070743107,33.217387293959));
#9563=CARTESIAN_POINT('',(-152.499999999998,112.978070743107,20.217387293959));
#9564=CARTESIAN_POINT('',(-147.935778713736,107.997097252649,20.217387293959));
#9565=CARTESIAN_POINT('Origin',(-147.499999999998,126.598048749195,19.217387293959));
#9566=CARTESIAN_POINT('',(-147.499999999998,126.598048749195,14.217387293959));
#9567=CARTESIAN_POINT('',(-152.499999999998,126.598048749195,19.217387293959));
#9568=CARTESIAN_POINT('Origin',(-147.499999999998,126.598048749195,33.217387293959));
#9569=CARTESIAN_POINT('',(-147.499999999998,112.978070743107,38.217387293959));
#9570=CARTESIAN_POINT('Origin',(-147.499999999998,112.978070743107,33.217387293959));
#9571=CARTESIAN_POINT('',(-147.499999999998,126.598048749195,38.217387293959));
#9572=CARTESIAN_POINT('',(-152.499999999998,126.598048749195,33.217387293959));
#9573=CARTESIAN_POINT('Origin',(-118.488102906346,120.127337417783,33.217387293959));
#9574=CARTESIAN_POINT('',(-118.488102906346,120.127337417783,38.217387293959));
#9575=CARTESIAN_POINT('',(-119.183968411147,125.078677761491,33.217387293959));
#9576=CARTESIAN_POINT('Origin',(-112.499999999998,137.557513356488,33.217387293959));
#9577=CARTESIAN_POINT('',(-112.499999999998,137.557513356488,38.217387293959));
#9578=CARTESIAN_POINT('',(-117.499999999998,137.557513356488,33.217387293959));
#9579=CARTESIAN_POINT('Origin',(-129.468904127353,145.567169976778,36.217387293959));
#9580=CARTESIAN_POINT('',(-129.468904127353,145.567169976778,38.217387293959));
#9581=CARTESIAN_POINT('',(-129.675185856385,143.577836458168,36.217387293959));
#9582=CARTESIAN_POINT('Origin',(-128.214082866941,149.269769889339,36.217387293959));
#9583=CARTESIAN_POINT('',(-145.133285808622,160.631820337595,36.217387293959));
#9584=CARTESIAN_POINT('',(-146.079971485172,158.870063762521,38.217387293959));
#9585=CARTESIAN_POINT('Origin',(-146.079971485172,158.870063762521,36.217387293959));
#9586=CARTESIAN_POINT('',(-128.214082866941,149.269769889339,38.217387293959));
#9587=CARTESIAN_POINT('',(-127.267397190391,151.031526464412,36.217387293959));
#9588=CARTESIAN_POINT('Origin',(-147.499999999998,156.227428899911,36.217387293959));
#9589=CARTESIAN_POINT('',(-150.189723595734,152.012528310508,36.217387293959));
#9590=CARTESIAN_POINT('',(-149.113834157439,153.698488546269,38.217387293959));
#9591=CARTESIAN_POINT('Origin',(-149.113834157439,153.698488546269,36.217387293959));
#9592=CARTESIAN_POINT('Origin',(-147.499999999998,156.227428899911,38.217387293959));
#9593=CARTESIAN_POINT('Origin',(-147.499999999998,156.227428899911,36.217387293959));
#9594=CARTESIAN_POINT('Origin',(-134.736655693637,144.523744009843,36.217387293959));
#9595=CARTESIAN_POINT('',(-134.736655693637,144.523744009843,38.217387293959));
#9596=CARTESIAN_POINT('',(-135.812545131931,142.837783774083,36.217387293959));
#9597=CARTESIAN_POINT('Origin',(-125.868272145294,152.216297639956,34.217387293959));
#9598=CARTESIAN_POINT('',(-125.868272145294,152.216297639956,38.217387293959));
#9599=CARTESIAN_POINT('',(-125.537067115216,156.202561959849,34.217387293959));
#9600=CARTESIAN_POINT('Origin',(-114.490461864852,152.656010409512,34.217387293959));
#9601=CARTESIAN_POINT('',(-114.490461864852,152.656010409512,38.217387293959));
#9602=CARTESIAN_POINT('',(-114.490461864852,156.656010409512,34.217387293959));
#9603=CARTESIAN_POINT('Origin',(-102.903097880633,144.731829796403,34.217387293959));
#9604=CARTESIAN_POINT('',(-102.903097880633,144.731829796403,38.217387293959));
#9605=CARTESIAN_POINT('',(-99.7270447561213,147.163431439411,34.217387293959));
#9606=CARTESIAN_POINT('Ctrl Pts',(-90.2734009626325,127.750400478066,40.217387293959));
#9607=CARTESIAN_POINT('Ctrl Pts',(-90.2734009626325,127.750400478066,40.2075488738786));
#9608=CARTESIAN_POINT('Ctrl Pts',(-90.2734368451481,127.750448996598,40.1878721466532));
#9609=CARTESIAN_POINT('Ctrl Pts',(-90.2735979757191,127.750666869233,40.158359082812));
#9610=CARTESIAN_POINT('Ctrl Pts',(-90.2738664708605,127.751029914826,40.1288497172696));
#9611=CARTESIAN_POINT('Ctrl Pts',(-90.2742422495164,127.751538023777,40.099345723951));
#9612=CARTESIAN_POINT('Ctrl Pts',(-90.2747252662276,127.752191134618,40.0698487720027));
#9613=CARTESIAN_POINT('Ctrl Pts',(-90.2753154359273,127.752989132326,40.0403605278243));
#9614=CARTESIAN_POINT('Ctrl Pts',(-90.276012667519,127.753931893725,40.010882652999));
#9615=CARTESIAN_POINT('Ctrl Pts',(-90.2768168490133,127.755019267389,39.981416804035));
#9616=CARTESIAN_POINT('Ctrl Pts',(-90.2777278543086,127.756251082809,39.9519646313367));
#9617=CARTESIAN_POINT('Ctrl Pts',(-90.2787455403368,127.757627146536,39.9225277784391));
#9618=CARTESIAN_POINT('Ctrl Pts',(-90.2798697485165,127.759147244144,39.893107881308));
#9619=CARTESIAN_POINT('Ctrl Pts',(-90.2811003043419,127.760811139676,39.8637065672047));
#9620=CARTESIAN_POINT('Ctrl Pts',(-90.2824370177431,127.762618576128,39.8343254546619));
#9621=CARTESIAN_POINT('Ctrl Pts',(-90.2838796833097,127.764569275754,39.8049661509153));
#9622=CARTESIAN_POINT('Ctrl Pts',(-90.2854280801808,127.766662939918,39.7756302550643));
#9623=CARTESIAN_POINT('Ctrl Pts',(-90.2870819730383,127.768899250435,39.7463193483975));
#9624=CARTESIAN_POINT('Ctrl Pts',(-90.2888411105421,127.771277867455,39.7170350134727));
#9625=CARTESIAN_POINT('Ctrl Pts',(-90.2907052296033,127.773798435243,39.6877787888025));
#9626=CARTESIAN_POINT('Ctrl Pts',(-90.2926740466049,127.776460570305,39.6585522677706));
#9627=CARTESIAN_POINT('Ctrl Pts',(-90.2947472779161,127.779263889132,39.6293568745219));
#9628=CARTESIAN_POINT('Ctrl Pts',(-90.2969245948428,127.782207947279,39.6001943633407));
#9629=CARTESIAN_POINT('Ctrl Pts',(-90.2992057254699,127.785292377076,39.5710656976441));
#9630=CARTESIAN_POINT('Ctrl Pts',(-90.3015902275524,127.788516580542,39.5419735582468));
#9631=CARTESIAN_POINT('Ctrl Pts',(-90.3040779984374,127.791880418875,39.5129167205955));
#9632=CARTESIAN_POINT('Ctrl Pts',(-90.3066681283692,127.795382661949,39.4839027086177));
#9633=CARTESIAN_POINT('Ctrl Pts',(-90.3093616144299,127.799024657968,39.4549178565071));
#9634=CARTESIAN_POINT('Ctrl Pts',(-90.3121601076537,127.802808639378,39.4259442258681));
#9635=CARTESIAN_POINT('Ctrl Pts',(-90.3150628819293,127.806733624368,39.3969899615056));
#9636=CARTESIAN_POINT('Ctrl Pts',(-90.3180700917823,127.810799821879,39.3680533707821));
#9637=CARTESIAN_POINT('Ctrl Pts',(-90.3211814867644,127.815006893267,39.3391370979449));
#9638=CARTESIAN_POINT('Ctrl Pts',(-90.3243969786818,127.819354719282,39.3102418679749));
#9639=CARTESIAN_POINT('Ctrl Pts',(-90.3277163881432,127.82384305736,39.281369275838));
#9640=CARTESIAN_POINT('Ctrl Pts',(-90.331139558146,127.828471695209,39.2525205400731));
#9641=CARTESIAN_POINT('Ctrl Pts',(-90.3346663018704,127.833240380222,39.2236970582041));
#9642=CARTESIAN_POINT('Ctrl Pts',(-90.3382964288825,127.838148854903,39.1949001575654));
#9643=CARTESIAN_POINT('Ctrl Pts',(-90.342029726295,127.843196831397,39.1661312056195));
#9644=CARTESIAN_POINT('Ctrl Pts',(-90.3458659895153,127.848384033065,39.1373915591564));
#9645=CARTESIAN_POINT('Ctrl Pts',(-90.3498047894332,127.853709879677,39.1086825889783));
#9646=CARTESIAN_POINT('Ctrl Pts',(-90.3538463188928,127.859174632006,39.0800056582982));
#9647=CARTESIAN_POINT('Ctrl Pts',(-90.3579899432532,127.864777431907,39.0513621443942));
#9648=CARTESIAN_POINT('Ctrl Pts',(-90.3622355537854,127.87051813237,39.0227534196402));
#9649=CARTESIAN_POINT('Ctrl Pts',(-90.3665827886776,127.876396244166,38.9941808609154));
#9650=CARTESIAN_POINT('Ctrl Pts',(-90.3710313796955,127.882411404606,38.9656458444128));
#9651=CARTESIAN_POINT('Ctrl Pts',(-90.3755809974821,127.888563168348,38.9371497469639));
#9652=CARTESIAN_POINT('Ctrl Pts',(-90.3802313206789,127.894851100868,38.9086939444688));
#9653=CARTESIAN_POINT('Ctrl Pts',(-90.3849820051306,127.901274736816,38.8802798116339));
#9654=CARTESIAN_POINT('Ctrl Pts',(-90.3898326977178,127.907833598723,38.8519087211411));
#9655=CARTESIAN_POINT('Ctrl Pts',(-90.3947830302789,127.914527188779,38.8235820430854));
#9656=CARTESIAN_POINT('Ctrl Pts',(-90.3998326224376,127.921354992658,38.7953011443085));
#9657=CARTESIAN_POINT('Ctrl Pts',(-90.4049810804689,127.928316477985,38.7670673877941));
#9658=CARTESIAN_POINT('Ctrl Pts',(-90.410227997949,127.935411095215,38.7388821320509));
#9659=CARTESIAN_POINT('Ctrl Pts',(-90.4155729556231,127.942638277453,38.7107467305162));
#9660=CARTESIAN_POINT('Ctrl Pts',(-90.421015521636,127.949997440765,38.6826625309664));
#9661=CARTESIAN_POINT('Ctrl Pts',(-90.4265552516156,127.957487984295,38.6546308749391));
#9662=CARTESIAN_POINT('Ctrl Pts',(-90.4321916888354,127.965109290479,38.6266530971658));
#9663=CARTESIAN_POINT('Ctrl Pts',(-90.4379243643548,127.972860725241,38.5987305250153));
#9664=CARTESIAN_POINT('Ctrl Pts',(-90.4437527971834,127.980741638209,38.570864477947));
#9665=CARTESIAN_POINT('Ctrl Pts',(-90.4496764944463,127.988751362943,38.5430562669754));
#9666=CARTESIAN_POINT('Ctrl Pts',(-90.4556949515634,127.996889217176,38.5153071941448));
#9667=CARTESIAN_POINT('Ctrl Pts',(-90.4618076524336,128.00515450306,38.4876185520137));
#9668=CARTESIAN_POINT('Ctrl Pts',(-90.4680140696298,128.013546507437,38.459991623151));
#9669=CARTESIAN_POINT('Ctrl Pts',(-90.474313664601,128.022064502105,38.4324276796402));
#9670=CARTESIAN_POINT('Ctrl Pts',(-90.4807058878835,128.030707744107,38.404927982596));
#9671=CARTESIAN_POINT('Ctrl Pts',(-90.4871901793199,128.039475476027,38.3774937816879));
#9672=CARTESIAN_POINT('Ctrl Pts',(-90.493765968285,128.048366926294,38.3501263146796));
#9673=CARTESIAN_POINT('Ctrl Pts',(-90.5004326739237,128.057381309505,38.3228268069647));
#9674=CARTESIAN_POINT('Ctrl Pts',(-90.5071897053867,128.066517826744,38.2955964711418));
#9675=CARTESIAN_POINT('Ctrl Pts',(-90.5140364620959,128.07577566594,38.2684365065329));
#9676=CARTESIAN_POINT('Ctrl Pts',(-90.5209723339696,128.085154002171,38.2413480988596));
#9677=CARTESIAN_POINT('Ctrl Pts',(-90.5279967017614,128.094651998123,38.2143324195955));
#9678=CARTESIAN_POINT('Ctrl Pts',(-90.5351089371683,128.104268804238,38.187390626074));
#9679=CARTESIAN_POINT('Ctrl Pts',(-90.5423084034813,128.11400355959,38.160523859933));
#9680=CARTESIAN_POINT('Ctrl Pts',(-90.5495944550446,128.123855391156,38.1337332493143));
#9681=CARTESIAN_POINT('Ctrl Pts',(-90.5569664394061,128.133823416723,38.1070199026813));
#9682=CARTESIAN_POINT('Ctrl Pts',(-90.5644236934648,128.143906739679,38.0803849214368));
#9683=CARTESIAN_POINT('Ctrl Pts',(-90.5719655530867,128.154104462018,38.0538293704623));
#9684=CARTESIAN_POINT('Ctrl Pts',(-90.5795913325793,128.16441565658,38.0273543429271));
#9685=CARTESIAN_POINT('Ctrl Pts',(-90.5873003716967,128.174839430614,38.0009608139882));
#9686=CARTESIAN_POINT('Ctrl Pts',(-90.5950919314197,128.185374784856,37.9746499673375));
#9687=CARTESIAN_POINT('Ctrl Pts',(-90.6029654284727,128.196020930631,37.9484224626939));
#9688=CARTESIAN_POINT('Ctrl Pts',(-90.6109199108064,128.206776580626,37.9222800765168));
#9689=CARTESIAN_POINT('Ctrl Pts',(-90.6189552430065,128.217641551741,37.8962219960924));
#9690=CARTESIAN_POINT('Ctrl Pts',(-90.627069211839,128.228612851354,37.8702538811971));
#9691=CARTESIAN_POINT('Ctrl Pts',(-90.6352700916294,128.23970166759,37.8443482968933));
#9692=CARTESIAN_POINT('Ctrl Pts',(-90.6435564484652,128.250906061585,37.8185094416431));
#9693=CARTESIAN_POINT('Ctrl Pts',(-90.6519283081074,128.262226068174,37.7927366725816));
#9694=CARTESIAN_POINT('Ctrl Pts',(-90.660385125028,128.273660949721,37.7670312260772));
#9695=CARTESIAN_POINT('Ctrl Pts',(-90.6689265971754,128.285210297807,37.7413935153092));
#9696=CARTESIAN_POINT('Ctrl Pts',(-90.6775523058676,128.296873546314,37.7158243245121));
#9697=CARTESIAN_POINT('Ctrl Pts',(-90.6862618764783,128.308650188689,37.6903242756945));
#9698=CARTESIAN_POINT('Ctrl Pts',(-90.6950549067542,128.320539681029,37.6648940662026));
#9699=CARTESIAN_POINT('Ctrl Pts',(-90.7039309988878,128.332541485438,37.639534362136));
#9700=CARTESIAN_POINT('Ctrl Pts',(-90.7128897452749,128.344655050775,37.6142458454294));
#9701=CARTESIAN_POINT('Ctrl Pts',(-90.7219307349628,128.356879821371,37.5890291923322));
#9702=CARTESIAN_POINT('Ctrl Pts',(-90.7310535508698,128.369215233271,37.5638850825264));
#9703=CARTESIAN_POINT('Ctrl Pts',(-90.7402577711388,128.381660716062,37.538814194573));
#9704=CARTESIAN_POINT('Ctrl Pts',(-90.7495429686487,128.394215692212,37.5138172074719));
#9705=CARTESIAN_POINT('Ctrl Pts',(-90.7589087113757,128.406879577563,37.4888947994998));
#9706=CARTESIAN_POINT('Ctrl Pts',(-90.7683545623492,128.419651781265,37.4640476482728));
#9707=CARTESIAN_POINT('Ctrl Pts',(-90.7778800798827,128.432531706094,37.4392764302705));
#9708=CARTESIAN_POINT('Ctrl Pts',(-90.7874848175052,128.445518748355,37.4145818206101));
#9709=CARTESIAN_POINT('Ctrl Pts',(-90.7971683244612,128.458612298561,37.3899644927168));
#9710=CARTESIAN_POINT('Ctrl Pts',(-90.8069301450178,128.471811740494,37.3654251180499));
#9711=CARTESIAN_POINT('Ctrl Pts',(-90.8167698204447,128.485116453883,37.3409643658131));
#9712=CARTESIAN_POINT('Ctrl Pts',(-90.8266868850457,128.498525809039,37.3165829026805));
#9713=CARTESIAN_POINT('Ctrl Pts',(-90.8366808755351,128.512039179533,37.2922813925245));
#9714=CARTESIAN_POINT('Ctrl Pts',(-90.8467513105536,128.525655914495,37.2680604961522));
#9715=CARTESIAN_POINT('Ctrl Pts',(-90.8568977370918,128.539375401392,37.2439208710453));
#9716=CARTESIAN_POINT('Ctrl Pts',(-90.8671196270881,128.553196926206,37.2198631711115));
#9717=CARTESIAN_POINT('Ctrl Pts',(-90.8774166096207,128.567119987401,37.1958880464303));
#9718=CARTESIAN_POINT('Ctrl Pts',(-90.8877879515022,128.58114359359,37.1719961430298));
#9719=CARTESIAN_POINT('Ctrl Pts',(-90.8982337212497,128.595267837445,37.1481881026158));
#9720=CARTESIAN_POINT('Ctrl Pts',(-90.9087521828494,128.609490371563,37.124464562424));
#9721=CARTESIAN_POINT('Ctrl Pts',(-90.9193456336602,128.623814302441,37.1008261548193));
#9722=CARTESIAN_POINT('Ctrl Pts',(-90.9300073296594,128.638230510882,37.0772735074781));
#9723=CARTESIAN_POINT('Ctrl Pts',(-90.9407507803621,128.652757264384,37.0538072422842));
#9724=CARTESIAN_POINT('Ctrl Pts',(-90.9515438670973,128.667351132327,37.03042797713));
#9725=CARTESIAN_POINT('Ctrl Pts',(-90.9606163731204,128.679618518617,37.0110182646735));
#9726=CARTESIAN_POINT('Ctrl Pts',(-90.967894852098,128.689460111161,36.9955346031208));
#9727=CARTESIAN_POINT('Ctrl Pts',(-90.9733719707195,128.696865995038,36.9839439860309));
#9728=CARTESIAN_POINT('Ctrl Pts',(-90.9779522767609,128.703059254199,36.9743036416983));
#9729=CARTESIAN_POINT('Ctrl Pts',(-90.9816212185437,128.708020212339,36.9666025053906));
#9730=CARTESIAN_POINT('Ctrl Pts',(-90.9871342021617,128.715474590943,36.9550619585465));
#9731=CARTESIAN_POINT('Ctrl Pts',(-90.9954636023852,128.726737187355,36.9377930488805));
#9732=CARTESIAN_POINT('Ctrl Pts',(-91.0066224482568,128.741825617351,36.9148578325939));
#9733=CARTESIAN_POINT('Ctrl Pts',(-91.0178556041961,128.757014525999,36.8920131934984));
#9734=CARTESIAN_POINT('Ctrl Pts',(-91.0291562417878,128.772294679989,36.8692597056828));
#9735=CARTESIAN_POINT('Ctrl Pts',(-91.0405199357164,128.787660095466,36.8465979361769));
#9736=CARTESIAN_POINT('Ctrl Pts',(-91.0500564404395,128.800554878123,36.8277900273028));
#9737=CARTESIAN_POINT('Ctrl Pts',(-91.057695580711,128.810884138905,36.8127901156533));
#9738=CARTESIAN_POINT('Ctrl Pts',(-91.0634434295878,128.818656090811,36.8015634581667));
#9739=CARTESIAN_POINT('Ctrl Pts',(-91.069207943863,128.826450576859,36.7903601449776));
#9740=CARTESIAN_POINT('Ctrl Pts',(-91.0769126203538,128.836868452488,36.7754536096533));
#9741=CARTESIAN_POINT('Ctrl Pts',(-91.0866195918261,128.849993732165,36.7568791385777));
#9742=CARTESIAN_POINT('Ctrl Pts',(-91.0983165093883,128.865809716458,36.7346842197013));
#9743=CARTESIAN_POINT('Ctrl Pts',(-91.110084617409,128.881721961303,36.7125842708008));
#9744=CARTESIAN_POINT('Ctrl Pts',(-91.1219145441293,128.897717794298,36.6905798070575));
#9745=CARTESIAN_POINT('Ctrl Pts',(-91.1338074636947,128.913798803144,36.668671335858));
#9746=CARTESIAN_POINT('Ctrl Pts',(-91.1457674471023,128.929970492643,36.6468593566966));
#9747=CARTESIAN_POINT('Ctrl Pts',(-91.1577802473878,128.946213598175,36.6251443603074));
#9748=CARTESIAN_POINT('Ctrl Pts',(-91.1678626537743,128.959846522952,36.6071297522103));
#9749=CARTESIAN_POINT('Ctrl Pts',(-91.1759186657689,128.970739457067,36.5927670347295));
#9750=CARTESIAN_POINT('Ctrl Pts',(-91.1819796439987,128.978934807092,36.5820195401651));
#9751=CARTESIAN_POINT('Ctrl Pts',(-91.1880558520456,128.987150750145,36.5712966471107));
#9752=CARTESIAN_POINT('Ctrl Pts',(-91.1961732763019,128.998126722996,36.5570323347295));
#9753=CARTESIAN_POINT('Ctrl Pts',(-91.2064153820581,129.011975585909,36.5392637357976));
#9754=CARTESIAN_POINT('Ctrl Pts',(-91.2187481893661,129.028651390229,36.5180407291602));
#9755=CARTESIAN_POINT('Ctrl Pts',(-91.231130934223,129.045394717344,36.4969174746628));
#9756=CARTESIAN_POINT('Ctrl Pts',(-91.240497814493,129.058060145143,36.481150172634));
#9757=CARTESIAN_POINT('Ctrl Pts',(-91.2467033560221,129.066450966133,36.4706700753745));
#9758=CARTESIAN_POINT('Ctrl Pts',(-91.2508402645307,129.072044685446,36.4636917361092));
#9759=CARTESIAN_POINT('Ctrl Pts',(-91.2550106890779,129.077683724622,36.4567259993059));
#9760=CARTESIAN_POINT('Ctrl Pts',(-91.2591615386,129.083296294294,36.4497728888971));
#9761=CARTESIAN_POINT('Ctrl Pts',(-91.2633240142585,129.088924584553,36.4428282053798));
#9762=CARTESIAN_POINT('Ctrl Pts',(-91.2706260651871,129.09879805087,36.4306971514962));
#9763=CARTESIAN_POINT('Ctrl Pts',(-91.2791101479121,129.110269806049,36.4168838049514));
#9764=CARTESIAN_POINT('Ctrl Pts',(-91.2864619478932,129.120210540693,36.4048416686677));
#9765=CARTESIAN_POINT('Ctrl Pts',(-91.2906653595397,129.1258941826,36.3979731991174));
#9766=CARTESIAN_POINT('Ctrl Pts',(-91.2969678906469,129.13441614792,36.3876832578096));
#9767=CARTESIAN_POINT('Ctrl Pts',(-91.304496647155,129.144596160315,36.3757155931125));
#9768=CARTESIAN_POINT('Ctrl Pts',(-91.311907139757,129.154616256111,36.3637928020387));
#9769=CARTESIAN_POINT('Ctrl Pts',(-91.3161465740274,129.160348606081,36.3569926238894));
#9770=CARTESIAN_POINT('Ctrl Pts',(-91.318798683164,129.163934654768,36.3527478695574));
#9771=CARTESIAN_POINT('Ctrl Pts',(-91.3209174053733,129.166799484262,36.3493552829777));
#9772=CARTESIAN_POINT('Ctrl Pts',(-91.3225069533444,129.168948790983,36.3468124522616));
#9773=CARTESIAN_POINT('Ctrl Pts',(-91.3236347121939,129.170473689763,36.3450124209167));
#9774=CARTESIAN_POINT('Ctrl Pts',(-91.3242967043674,129.171368802208,36.3439539563866));
#9775=CARTESIAN_POINT('Ctrl Pts',(-91.3245614195654,129.17172673675,36.3435306041279));
#9776=CARTESIAN_POINT('Ctrl Pts',(-91.3248925934697,129.172174533414,36.3430014767353));
#9777=CARTESIAN_POINT('Ctrl Pts',(-91.3252898144499,129.172711635595,36.3423666245424));
#9778=CARTESIAN_POINT('Ctrl Pts',(-91.326615079315,129.174503591969,36.34025078626));
#9779=CARTESIAN_POINT('Ctrl Pts',(-91.3288830452911,129.177570221884,36.3366564297229));
#9780=CARTESIAN_POINT('Ctrl Pts',(-91.3320772398521,129.181889251201,36.3315884945466));
#9781=CARTESIAN_POINT('Ctrl Pts',(-91.3347493186482,129.185502302159,36.3273705958584));
#9782=CARTESIAN_POINT('Ctrl Pts',(-91.3366132189105,129.188022574288,36.3244208935893));
#9783=CARTESIAN_POINT('Ctrl Pts',(-91.3376777098695,129.189461925347,36.3227361574822));
#9784=CARTESIAN_POINT('Ctrl Pts',(-91.3387419446602,129.190900930005,36.3210519601914));
#9785=CARTESIAN_POINT('Ctrl Pts',(-91.3400767333452,129.192705764182,36.3189477242466));
#9786=CARTESIAN_POINT('Ctrl Pts',(-91.3422082271734,129.195587862787,36.3155831032467));
#9787=CARTESIAN_POINT('Ctrl Pts',(-91.3443584062364,129.19849522737,36.3122217192494));
#9788=CARTESIAN_POINT('Ctrl Pts',(-91.3464934468156,129.201382121734,36.3088635737493));
#9789=CARTESIAN_POINT('Ctrl Pts',(-91.3486338195415,129.204276226146,36.3055075886848));
#9790=CARTESIAN_POINT('Ctrl Pts',(-91.3523854592781,129.209349004962,36.2996402880123));
#9791=CARTESIAN_POINT('Ctrl Pts',(-91.3567435174234,129.215241755078,36.2929477814774));
#9792=CARTESIAN_POINT('Ctrl Pts',(-91.360506851464,129.220330346392,36.2871032101265));
#9793=CARTESIAN_POINT('Ctrl Pts',(-91.3626569077351,129.223237544433,36.2837667072559));
#9794=CARTESIAN_POINT('Ctrl Pts',(-91.3648036624734,129.226140278121,36.2804323732646));
#9795=CARTESIAN_POINT('Ctrl Pts',(-91.3669712265041,129.229071149925,36.2771012947968));
#9796=CARTESIAN_POINT('Ctrl Pts',(-91.3691215721829,129.231978739129,36.2737734730575));
#9797=CARTESIAN_POINT('Ctrl Pts',(-91.3707376457474,129.23416391258,36.2712792361775));
#9798=CARTESIAN_POINT('Ctrl Pts',(-91.3720851561233,129.235985948393,36.2692020637562));
#9799=CARTESIAN_POINT('Ctrl Pts',(-91.373161298435,129.237441053849,36.2675411410386));
#9800=CARTESIAN_POINT('Ctrl Pts',(-91.3747741943858,129.239621930481,36.2650505723584));
#9801=CARTESIAN_POINT('Ctrl Pts',(-91.376412728179,129.241837474385,36.262562043598));
#9802=CARTESIAN_POINT('Ctrl Pts',(-91.3780276583067,129.244021101537,36.2600755545594));
#9803=CARTESIAN_POINT('Ctrl Pts',(-91.379105481086,129.245478479235,36.258418439498));
#9804=CARTESIAN_POINT('Ctrl Pts',(-91.3804574973261,129.247306607712,36.2563480665129));
#9805=CARTESIAN_POINT('Ctrl Pts',(-91.382077936243,129.249497683739,36.2538652525545));
#9806=CARTESIAN_POINT('Ctrl Pts',(-91.3834316715068,129.251328136615,36.2517976029702));
#9807=CARTESIAN_POINT('Ctrl Pts',(-91.3845108850605,129.252787394835,36.2501443006308));
#9808=CARTESIAN_POINT('Ctrl Pts',(-91.3855913484264,129.254248343031,36.2484915434141));
#9809=CARTESIAN_POINT('Ctrl Pts',(-91.387484135696,129.256807674793,36.245600649453));
#9810=CARTESIAN_POINT('Ctrl Pts',(-91.3896723580818,129.259766480085,36.2423000438417));
#9811=CARTESIAN_POINT('Ctrl Pts',(-91.3918379435049,129.26269467577,36.2390027121448));
#9812=CARTESIAN_POINT('Ctrl Pts',(-91.3934666960335,129.264896993183,36.2365313515028));
#9813=CARTESIAN_POINT('Ctrl Pts',(-91.3950945984249,129.267098161015,36.2340616293981));
#9814=CARTESIAN_POINT('Ctrl Pts',(-91.3967243370207,129.269301811719,36.2315935465256));
#9815=CARTESIAN_POINT('Ctrl Pts',(-91.3983539538704,129.271505297767,36.2291271034107));
#9816=CARTESIAN_POINT('Ctrl Pts',(-91.4005297505061,129.274447300774,36.2258406998398));
#9817=CARTESIAN_POINT('Ctrl Pts',(-91.4043496169963,129.279612332941,36.2200952373437));
#9818=CARTESIAN_POINT('Ctrl Pts',(-91.4088186113882,129.285655087562,36.2135421352238));
#9819=CARTESIAN_POINT('Ctrl Pts',(-91.4131999026694,129.291579250399,36.207002185522));
#9820=CARTESIAN_POINT('Ctrl Pts',(-91.4175730925351,129.297492458395,36.2004710120124));
#9821=CARTESIAN_POINT('Ctrl Pts',(-91.4212486041823,129.302462305981,36.1951751417073));
#9822=CARTESIAN_POINT('Ctrl Pts',(-91.4239812178636,129.306157208851,36.1911075755664));
#9823=CARTESIAN_POINT('Ctrl Pts',(-91.4250717283291,129.30763174217,36.1894810987689));
#9824=CARTESIAN_POINT('Ctrl Pts',(-91.4261711599783,129.309118338636,36.1878554470592));
#9825=CARTESIAN_POINT('Ctrl Pts',(-91.4272628129324,129.31059441679,36.18623062011));
#9826=CARTESIAN_POINT('Ctrl Pts',(-91.4280830709769,129.311703528472,36.1850124125426));
#9827=CARTESIAN_POINT('Ctrl Pts',(-91.4289029752518,129.312812161781,36.1837946176211));
#9828=CARTESIAN_POINT('Ctrl Pts',(-91.4316363333387,129.316508071055,36.1797366769842));
#9829=CARTESIAN_POINT('Ctrl Pts',(-91.4345203708966,129.32040772795,36.1756849337457));
#9830=CARTESIAN_POINT('Ctrl Pts',(-91.4371228422134,129.323926658756,36.1718416627713));
#9831=CARTESIAN_POINT('Ctrl Pts',(-91.4376016052687,129.324574018045,36.1711338726435));
#9832=CARTESIAN_POINT('Ctrl Pts',(-91.4378750370051,129.32494373866,36.1707294728165));
#9833=CARTESIAN_POINT('Ctrl Pts',(-91.4382849882425,129.325498054055,36.1701229247507));
#9834=CARTESIAN_POINT('Ctrl Pts',(-91.4386976595026,129.326056047444,36.1695165059936));
#9835=CARTESIAN_POINT('Ctrl Pts',(-91.4391076894191,129.326610469224,36.1689102163714));
#9836=CARTESIAN_POINT('Ctrl Pts',(-91.4392616186939,129.326818604635,36.1686828771546));
#9837=CARTESIAN_POINT('Ctrl Pts',(-91.4393641197793,129.326957201434,36.16853132575));
#9838=CARTESIAN_POINT('Ctrl Pts',(-91.4394324621127,129.327049610491,36.1684302936346));
#9839=CARTESIAN_POINT('Ctrl Pts',(-91.4395520627171,129.327211328398,36.1682534930871));
#9840=CARTESIAN_POINT('Ctrl Pts',(-91.4402020321797,129.328090184363,36.1672937801045));
#9841=CARTESIAN_POINT('Ctrl Pts',(-91.4411022528636,129.329307417882,36.1659809931284));
#9842=CARTESIAN_POINT('Ctrl Pts',(-91.4421983615843,129.330789520913,36.1643660823568));
#9843=CARTESIAN_POINT('Ctrl Pts',(-91.4432964126552,129.332274250367,36.1627517233949));
#9844=CARTESIAN_POINT('Ctrl Pts',(-91.4446770996488,129.334141146239,36.1607348096642));
#9845=CARTESIAN_POINT('Ctrl Pts',(-91.4463296265742,129.336375610251,36.1583161690392));
#9846=CARTESIAN_POINT('Ctrl Pts',(-91.4477122737185,129.338245156576,36.1563020158304));
#9847=CARTESIAN_POINT('Ctrl Pts',(-91.4488111485725,129.339730999874,36.1546915215268));
#9848=CARTESIAN_POINT('Ctrl Pts',(-91.4494994903328,129.340661741036,36.153685307917));
#9849=CARTESIAN_POINT('Ctrl Pts',(-91.4499798935141,129.341311318028,36.152981139635));
#9850=CARTESIAN_POINT('Ctrl Pts',(-91.4502542177449,129.341682245431,36.1525788095558));
#9851=CARTESIAN_POINT('Ctrl Pts',(-91.4505284979512,129.342053113303,36.1521765140118));
#9852=CARTESIAN_POINT('Ctrl Pts',(-91.4508719560876,129.342517520112,36.151673709363));
#9853=CARTESIAN_POINT('Ctrl Pts',(-91.4512838603613,129.34307447633,36.1510704473981));
#9854=CARTESIAN_POINT('Ctrl Pts',(-91.4516959949034,129.343631743914,36.1504672890722));
#9855=CARTESIAN_POINT('Ctrl Pts',(-91.4521079869241,129.34418881878,36.1498642343799));
#9856=CARTESIAN_POINT('Ctrl Pts',(-91.4524516546674,129.344653509011,36.1493617751876));
#9857=CARTESIAN_POINT('Ctrl Pts',(-91.4527260632921,129.345024550524,36.148959859642));
#9858=CARTESIAN_POINT('Ctrl Pts',(-91.4534126009526,129.345952852167,36.1479551571792));
#9859=CARTESIAN_POINT('Ctrl Pts',(-91.4543188033579,129.347178174001,36.1466495498331));
#9860=CARTESIAN_POINT('Ctrl Pts',(-91.4552812136517,129.348479496756,36.1452442365244));
#9861=CARTESIAN_POINT('Ctrl Pts',(-91.4557286854736,129.349084545655,36.1445919381843));
#9862=CARTESIAN_POINT('Ctrl Pts',(-91.4559345996377,129.349362972407,36.1442909098018));
#9863=CARTESIAN_POINT('Ctrl Pts',(-91.4560718941395,129.349548615111,36.1440902328575));
#9864=CARTESIAN_POINT('Ctrl Pts',(-91.4563123103445,129.349873693791,36.1437390708998));
#9865=CARTESIAN_POINT('Ctrl Pts',(-91.4566563229121,129.350338850276,36.14323747581));
#9866=CARTESIAN_POINT('Ctrl Pts',(-91.4570690294684,129.35089689131,36.1426356654329));
#9867=CARTESIAN_POINT('Ctrl Pts',(-91.4574816928013,129.351454873896,36.1420339587967));
#9868=CARTESIAN_POINT('Ctrl Pts',(-91.457791549195,129.351873846128,36.1415827566455));
#9869=CARTESIAN_POINT('Ctrl Pts',(-91.45799761262,129.352152474705,36.1412819876173));
#9870=CARTESIAN_POINT('Ctrl Pts',(-91.4581349510277,129.352338176776,36.1410814835771));
#9871=CARTESIAN_POINT('Ctrl Pts',(-91.4582725094753,129.352524176383,36.1408809925153));
#9872=CARTESIAN_POINT('Ctrl Pts',(-91.4584098630236,129.352709898926,36.1406805144168));
#9873=CARTESIAN_POINT('Ctrl Pts',(-91.4585129067046,129.352849229398,36.1405301623295));
#9874=CARTESIAN_POINT('Ctrl Pts',(-91.4585987843576,129.352965348832,36.1404048743283));
#9875=CARTESIAN_POINT('Ctrl Pts',(-91.4586674553837,129.353058202331,36.1403046471692));
#9876=CARTESIAN_POINT('Ctrl Pts',(-91.4587704732467,129.353197497892,36.1401543096738));
#9877=CARTESIAN_POINT('Ctrl Pts',(-91.4589252009236,129.353406712864,36.1399288155991));
#9878=CARTESIAN_POINT('Ctrl Pts',(-91.4592002112364,129.353778567956,36.1395279718345));
#9879=CARTESIAN_POINT('Ctrl Pts',(-91.4596818781239,129.354429853674,36.1388265860704));
#9880=CARTESIAN_POINT('Ctrl Pts',(-91.4602357555576,129.355178779001,36.1380252100446));
#9881=CARTESIAN_POINT('Ctrl Pts',(-91.4607175512784,129.35583023892,36.1373241875774));
#9882=CARTESIAN_POINT('Ctrl Pts',(-91.4609927712765,129.356202377541,36.1369236552138));
#9883=CARTESIAN_POINT('Ctrl Pts',(-91.4612677807915,129.356574231548,36.1365231574483));
#9884=CARTESIAN_POINT('Ctrl Pts',(-91.4615437894785,129.356947436628,36.1361227116301));
#9885=CARTESIAN_POINT('Ctrl Pts',(-91.4618188621465,129.357319376028,36.135722317692));
#9886=CARTESIAN_POINT('Ctrl Pts',(-91.4620253077444,129.357598521368,36.135422048202));
#9887=CARTESIAN_POINT('Ctrl Pts',(-91.462231757025,129.357877671687,36.1351218046713));
#9888=CARTESIAN_POINT('Ctrl Pts',(-91.4625069037927,129.358249711282,36.1347215145729));
#9889=CARTESIAN_POINT('Ctrl Pts',(-91.4632657696582,129.359275811562,36.1336208596702));
#9890=CARTESIAN_POINT('Ctrl Pts',(-91.4645195247935,129.360971076744,36.1318205673449));
#9891=CARTESIAN_POINT('Ctrl Pts',(-91.4656536654875,129.36250460532,36.1301964289301));
#9892=CARTESIAN_POINT('Ctrl Pts',(-91.466239904211,129.363297287826,36.1293471829739));
#9893=CARTESIAN_POINT('Ctrl Pts',(-91.4662914458639,129.363366979848,36.129272251124));
#9894=CARTESIAN_POINT('Ctrl Pts',(-91.466343078748,129.363436795232,36.1291973209012));
#9895=CARTESIAN_POINT('Ctrl Pts',(-91.4664462650501,129.363576318546,36.1290474637001));
#9896=CARTESIAN_POINT('Ctrl Pts',(-91.4665669676361,129.36373952651,36.1288726397821));
#9897=CARTESIAN_POINT('Ctrl Pts',(-91.4667046117305,129.363925641916,36.128672853998));
#9898=CARTESIAN_POINT('Ctrl Pts',(-91.4668422642627,129.364111768731,36.1284730768746));
#9899=CARTESIAN_POINT('Ctrl Pts',(-91.4669629735411,129.364274985744,36.1282982832681));
#9900=CARTESIAN_POINT('Ctrl Pts',(-91.4670661937683,129.364414554931,36.1281484682875));
#9901=CARTESIAN_POINT('Ctrl Pts',(-91.4671178103467,129.364484348266,36.1280735624213));
#9902=CARTESIAN_POINT('Ctrl Pts',(-91.4671694288051,129.364554144143,36.1279986581792));
#9903=CARTESIAN_POINT('Ctrl Pts',(-91.4672382442648,129.364647192938,36.1278987880212));
#9904=CARTESIAN_POINT('Ctrl Pts',(-91.4673243412356,129.364763608924,36.1277739543864));
#9905=CARTESIAN_POINT('Ctrl Pts',(-91.4674619925549,129.364949734098,36.1275742292285));
#9906=CARTESIAN_POINT('Ctrl Pts',(-91.4675999867197,129.365136322866,36.1273745170749));
#9907=CARTESIAN_POINT('Ctrl Pts',(-91.4677376262024,129.365322432034,36.1271748179014));
#9908=CARTESIAN_POINT('Ctrl Pts',(-91.468082205499,129.365788354805,36.1266755916396));
#9909=CARTESIAN_POINT('Ctrl Pts',(-91.4686723753216,129.366586352903,36.125827072814));
#9910=CARTESIAN_POINT('Ctrl Pts',(-91.4693652511337,129.367523224832,36.1248291618566));
#9911=CARTESIAN_POINT('Ctrl Pts',(-91.4698145477797,129.368130741178,36.1241806886573));
#9912=CARTESIAN_POINT('Ctrl Pts',(-91.470021269315,129.368410259621,36.1238814258064));
#9913=CARTESIAN_POINT('Ctrl Pts',(-91.4701590620746,129.368596576046,36.1236819259038));
#9914=CARTESIAN_POINT('Ctrl Pts',(-91.4703315042541,129.368829743679,36.1234325672809));
#9915=CARTESIAN_POINT('Ctrl Pts',(-91.4704867487932,129.36903965753,36.1232081640202));
#9916=CARTESIAN_POINT('Ctrl Pts',(-91.4705814719068,129.369167737349,36.1230710361366));
#9917=CARTESIAN_POINT('Ctrl Pts',(-91.4706159038631,129.369214294504,36.1230211722636));
#9918=CARTESIAN_POINT('Ctrl Pts',(-91.4706503377282,129.36926085424,36.1229713089323));
#9919=CARTESIAN_POINT('Ctrl Pts',(-91.4706933921496,129.369319070258,36.1229089807843));
#9920=CARTESIAN_POINT('Ctrl Pts',(-91.4708656032201,129.369551925386,36.1226596736086));
#9921=CARTESIAN_POINT('Ctrl Pts',(-91.4710564790136,129.369810018074,36.1223854625799));
#9922=CARTESIAN_POINT('Ctrl Pts',(-91.471263160648,129.37008948256,36.1220863557218));
#9923=CARTESIAN_POINT('Ctrl Pts',(-91.4714009987945,129.370275860355,36.1218869598189));
#9924=CARTESIAN_POINT('Ctrl Pts',(-91.4715391167195,129.370462616465,36.1216875769275));
#9925=CARTESIAN_POINT('Ctrl Pts',(-91.4716769463609,129.370648982759,36.1214882070274));
#9926=CARTESIAN_POINT('Ctrl Pts',(-91.4717803576955,129.370788810354,36.1213386861047));
#9927=CARTESIAN_POINT('Ctrl Pts',(-91.471883772396,129.370928642502,36.1211891716833));
#9928=CARTESIAN_POINT('Ctrl Pts',(-91.4720216144457,129.371115025574,36.1209898277881));
#9929=CARTESIAN_POINT('Ctrl Pts',(-91.4721942939078,129.371348514055,36.1207406641862));
#9930=CARTESIAN_POINT('Ctrl Pts',(-91.4724700435126,129.371721368773,36.1203420370788));
#9931=CARTESIAN_POINT('Ctrl Pts',(-91.4727128546432,129.372049685813,36.1199932839283));
#9932=CARTESIAN_POINT('Ctrl Pts',(-91.4729024340626,129.372306025549,36.1197192933543));
#9933=CARTESIAN_POINT('Ctrl Pts',(-91.4729584446221,129.372381760204,36.1196383442354));
#9934=CARTESIAN_POINT('Ctrl Pts',(-91.4729821289891,129.372413785011,36.1196040969964));
#9935=CARTESIAN_POINT('Ctrl Pts',(-91.4729907411545,129.372425429947,36.1195916435058));
#9936=CARTESIAN_POINT('Ctrl Pts',(-91.4730036577746,129.372442895149,36.1195729633206));
#9937=CARTESIAN_POINT('Ctrl Pts',(-91.4730833739624,129.37255068336,36.1194577696309));
#9938=CARTESIAN_POINT('Ctrl Pts',(-91.4732989270266,129.372842143355,36.119146450579));
#9939=CARTESIAN_POINT('Ctrl Pts',(-91.4735245328267,129.373147196214,36.1188227210933));
#9940=CARTESIAN_POINT('Ctrl Pts',(-91.4736969167234,129.373380285031,36.1185737227503));
#9941=CARTESIAN_POINT('Ctrl Pts',(-91.4737658334907,129.373473470809,36.1184741255793));
#9942=CARTESIAN_POINT('Ctrl Pts',(-91.4738262410885,129.373555150921,36.1183869809044));
#9943=CARTESIAN_POINT('Ctrl Pts',(-91.4738779292613,129.373625041062,36.1183122874972));
#9944=CARTESIAN_POINT('Ctrl Pts',(-91.4739037766539,129.373659990603,36.1182749412003));
#9945=CARTESIAN_POINT('Ctrl Pts',(-91.4739296234997,129.373694939405,36.1182375953098));
#9946=CARTESIAN_POINT('Ctrl Pts',(-91.4739640850965,129.373741536638,36.118187801331));
#9947=CARTESIAN_POINT('Ctrl Pts',(-91.4740071803234,129.373799807832,36.1181255598745));
#9948=CARTESIAN_POINT('Ctrl Pts',(-91.4741795254967,129.374032844287,36.1178765994668));
#9949=CARTESIAN_POINT('Ctrl Pts',(-91.4743448907149,129.37425644287,36.1176401103166));
#9950=CARTESIAN_POINT('Ctrl Pts',(-91.474500047275,129.37446623775,36.1174160886336));
#9951=CARTESIAN_POINT('Ctrl Pts',(-91.4745345066735,129.374512832011,36.1173663065785));
#9952=CARTESIAN_POINT('Ctrl Pts',(-91.4745689982675,129.374559469806,36.1173165253379));
#9953=CARTESIAN_POINT('Ctrl Pts',(-91.4746034624856,129.374606070584,36.1172667449091));
#9954=CARTESIAN_POINT('Ctrl Pts',(-91.4746293149701,129.37464102701,36.1172294099943));
#9955=CARTESIAN_POINT('Ctrl Pts',(-91.4746551671755,129.374675983059,36.1171920754859));
#9956=CARTESIAN_POINT('Ctrl Pts',(-91.4746896332434,129.374722586338,36.1171422966833));
#9957=CARTESIAN_POINT('Ctrl Pts',(-91.4747241233875,129.374769222173,36.1170925186947));
#9958=CARTESIAN_POINT('Ctrl Pts',(-91.4747542818987,129.374810000991,36.1170489636653));
#9959=CARTESIAN_POINT('Ctrl Pts',(-91.474769361479,129.374830390839,36.1170271863285));
#9960=CARTESIAN_POINT('Ctrl Pts',(-91.4747779764525,129.374842039571,36.1170147421867));
#9961=CARTESIAN_POINT('Ctrl Pts',(-91.4748167543821,129.374894473133,36.1169587437018));
#9962=CARTESIAN_POINT('Ctrl Pts',(-91.4749224454212,129.375037383232,36.1168063069133));
#9963=CARTESIAN_POINT('Ctrl Pts',(-91.4750951420978,129.375270894985,36.1165574467904));
#9964=CARTESIAN_POINT('Ctrl Pts',(-91.4752377589751,129.375463734354,36.1163521550822));
#9965=CARTESIAN_POINT('Ctrl Pts',(-91.4753153445497,129.375568641656,36.1162401829638));
#9966=CARTESIAN_POINT('Ctrl Pts',(-91.4753325772697,129.375591942871,36.116215300406));
#9967=CARTESIAN_POINT('Ctrl Pts',(-91.475362743109,129.375632731598,36.116171756286));
#9968=CARTESIAN_POINT('Ctrl Pts',(-91.4753972379867,129.375679373834,36.1161219923913));
#9969=CARTESIAN_POINT('Ctrl Pts',(-91.4754274030968,129.375720161574,36.1160784496942));
#9970=CARTESIAN_POINT('Ctrl Pts',(-91.4754446386572,129.37574346663,36.1160535683563));
#9971=CARTESIAN_POINT('Ctrl Pts',(-91.4754554111614,129.375758032667,36.1160380176048));
#9972=CARTESIAN_POINT('Ctrl Pts',(-91.4754640282466,129.375769684255,36.1160255770544));
#9973=CARTESIAN_POINT('Ctrl Pts',(-91.4754704911602,129.375778423081,36.116016246667));
#9974=CARTESIAN_POINT('Ctrl Pts',(-91.4754769540293,129.375787161847,36.1160069163051));
#9975=CARTESIAN_POINT('Ctrl Pts',(-91.4754898798919,129.375804639546,36.115988255632));
#9976=CARTESIAN_POINT('Ctrl Pts',(-91.4755696087087,129.375912444833,36.1158731822656));
#9977=CARTESIAN_POINT('Ctrl Pts',(-91.4756562802147,129.376029637695,36.1157487847489));
#9978=CARTESIAN_POINT('Ctrl Pts',(-91.4757424729637,129.376146183184,36.1156243933073));
#9979=CARTESIAN_POINT('Ctrl Pts',(-91.4757618694092,129.37617241008,36.115596405538));
#9980=CARTESIAN_POINT('Ctrl Pts',(-91.4757747962329,129.376189889079,36.115577747152));
#9981=CARTESIAN_POINT('Ctrl Pts',(-91.4757834140118,129.376201541605,36.1155653082619));
#9982=CARTESIAN_POINT('Ctrl Pts',(-91.4757984965779,129.37622193549,36.1155435402932));
#9983=CARTESIAN_POINT('Ctrl Pts',(-91.4758286674861,129.376262731071,36.115500004712));
#9984=CARTESIAN_POINT('Ctrl Pts',(-91.4758717820243,129.376321028377,36.1154378120417));
#9985=CARTESIAN_POINT('Ctrl Pts',(-91.4759084373341,129.376370591839,36.1153849494244));
#9986=CARTESIAN_POINT('Ctrl Pts',(-91.4759299842636,129.376399726511,36.1153538541476));
#9987=CARTESIAN_POINT('Ctrl Pts',(-91.4759364476579,129.376408465987,36.1153445255899));
#9988=CARTESIAN_POINT('Ctrl Pts',(-91.4759429114158,129.376417205954,36.1153351970577));
#9989=CARTESIAN_POINT('Ctrl Pts',(-91.4759493750398,129.376425945741,36.1153258685509));
#9990=CARTESIAN_POINT('Ctrl Pts',(-91.4759558387141,129.376434685595,36.1153165400695));
#9991=CARTESIAN_POINT('Ctrl Pts',(-91.4759623024455,129.376443425527,36.1153072116134));
#9992=CARTESIAN_POINT('Ctrl Pts',(-91.475968766035,129.376452165266,36.1152978831829));
#9993=CARTESIAN_POINT('Ctrl Pts',(-91.4759903123109,129.376481299054,36.1152667884989));
#9994=CARTESIAN_POINT('Ctrl Pts',(-91.4760183549015,129.376519216832,36.1152263659066));
#9995=CARTESIAN_POINT('Ctrl Pts',(-91.4760485222089,129.376560007544,36.1151828345945));
#9996=CARTESIAN_POINT('Ctrl Pts',(-91.4760636068585,129.376580404247,36.1151610691164));
#9997=CARTESIAN_POINT('Ctrl Pts',(-91.4760722252969,129.376592057665,36.1151486317511));
#9998=CARTESIAN_POINT('Ctrl Pts',(-91.4760786888597,129.376600797368,36.1151393037525));
#9999=CARTESIAN_POINT('Ctrl Pts',(-91.4760851536581,129.376609538743,36.1151299757793));
#10000=CARTESIAN_POINT('Ctrl Pts',(-91.47609161547,129.376618276079,36.1151206478316));
#10001=CARTESIAN_POINT('Ctrl Pts',(-91.4760980841269,129.376627022671,36.1151113199092));
#10002=CARTESIAN_POINT('Ctrl Pts',(-91.4761045374407,129.376635748516,36.1151019920125));
#10003=CARTESIAN_POINT('Ctrl Pts',(-91.4761110251882,129.376644520921,36.1150926641407));
#10004=CARTESIAN_POINT('Ctrl Pts',(-91.476117435722,129.376653188922,36.1150833362953));
#10005=CARTESIAN_POINT('Ctrl Pts',(-91.4761240222317,129.376662094867,36.115074008473));
#10006=CARTESIAN_POINT('Ctrl Pts',(-91.4761281001881,129.376667608877,36.115067789946));
#10007=CARTESIAN_POINT('Ctrl Pts',(-91.4779979782517,129.379195959403,36.1127717225636));
#10008=CARTESIAN_POINT('Ctrl Pts',(-91.5146034118586,129.428044092055,36.1082052107285));
#10009=CARTESIAN_POINT('Ctrl Pts',(-91.5702464191937,129.499342095884,36.0991528730154));
#10010=CARTESIAN_POINT('Ctrl Pts',(-91.6358283643591,129.580038805615,36.0902290838739));
#10011=CARTESIAN_POINT('Ctrl Pts',(-91.699972529055,129.654591962517,36.0814412367745));
#10012=CARTESIAN_POINT('Ctrl Pts',(-91.7669032552528,129.730054534096,36.072745102745));
#10013=CARTESIAN_POINT('Ctrl Pts',(-91.8532533883645,129.822557231539,36.0620575492018));
#10014=CARTESIAN_POINT('Ctrl Pts',(-91.9267755771626,129.896539823334,36.0537198529218));
#10015=CARTESIAN_POINT('Ctrl Pts',(-91.963770052113,129.932285745862,36.0496066421642));
#10016=CARTESIAN_POINT('Ctrl Pts',(-90.6965448302771,128.322554275583,40.217387293959));
#10017=CARTESIAN_POINT('Ctrl Pts',(-90.6965448302771,128.322554275583,40.2090009816142));
#10018=CARTESIAN_POINT('Ctrl Pts',(-90.6965797720233,128.322597573342,40.1922259233753));
#10019=CARTESIAN_POINT('Ctrl Pts',(-90.6967305331848,128.322798461026,40.1670668770836));
#10020=CARTESIAN_POINT('Ctrl Pts',(-90.6969813163334,128.32313365862,40.1419104299535));
#10021=CARTESIAN_POINT('Ctrl Pts',(-90.6973313735431,128.323603769996,40.1167591092672));
#10022=CARTESIAN_POINT('Ctrl Pts',(-90.6977809660515,128.324208417007,40.0916139609024));
#10023=CARTESIAN_POINT('Ctrl Pts',(-90.698329883686,128.324947628084,40.0664766850496));
#10024=CARTESIAN_POINT('Ctrl Pts',(-90.6989781040185,128.32582122025,40.0413486845118));
#10025=CARTESIAN_POINT('Ctrl Pts',(-90.6997254982729,128.32682907511,40.0162314884656));
#10026=CARTESIAN_POINT('Ctrl Pts',(-90.7005719627813,128.327971015793,39.9911265622425));
#10027=CARTESIAN_POINT('Ctrl Pts',(-90.7015173604676,128.329246862103,39.9660353911752));
#10028=CARTESIAN_POINT('Ctrl Pts',(-90.7025615471558,128.330656406109,39.9409594422326));
#10029=CARTESIAN_POINT('Ctrl Pts',(-90.7037043600593,128.332199423328,39.9159001798754));
#10030=CARTESIAN_POINT('Ctrl Pts',(-90.7049456230989,128.333875667946,39.8908590584841));
#10031=CARTESIAN_POINT('Ctrl Pts',(-90.7062851448996,128.335684875425,39.8658375235043));
#10032=CARTESIAN_POINT('Ctrl Pts',(-90.7077227196899,128.337626761318,39.8408370126108));
#10033=CARTESIAN_POINT('Ctrl Pts',(-90.7092581277888,128.339701022978,39.8158589481133));
#10034=CARTESIAN_POINT('Ctrl Pts',(-90.7108911343634,128.34190733738,39.7909047528793));
#10035=CARTESIAN_POINT('Ctrl Pts',(-90.7126214933098,128.344245366573,39.7659758118538));
#10036=CARTESIAN_POINT('Ctrl Pts',(-90.7144489391647,128.346714746617,39.741073556211));
#10037=CARTESIAN_POINT('Ctrl Pts',(-90.7163732061105,128.349315113351,39.7161992725081));
#10038=CARTESIAN_POINT('Ctrl Pts',(-90.7183939862367,128.352046045828,39.6913545279153));
#10039=CARTESIAN_POINT('Ctrl Pts',(-90.7205110239414,128.354907194163,39.6665402155617));
#10040=CARTESIAN_POINT('Ctrl Pts',(-90.7227239054353,128.357897994435,39.6417586905224));
#10041=CARTESIAN_POINT('Ctrl Pts',(-90.7250325313947,128.361018308809,39.6170089815147));
#10042=CARTESIAN_POINT('Ctrl Pts',(-90.7274360541008,128.364266986037,39.5922975667534));
#10043=CARTESIAN_POINT('Ctrl Pts',(-90.729935392996,128.367645268394,39.5676128788833));
#10044=CARTESIAN_POINT('Ctrl Pts',(-90.7325320732975,128.371155218598,39.5429397165951));
#10045=CARTESIAN_POINT('Ctrl Pts',(-90.7352254163711,128.374795915144,39.5182850906272));
#10046=CARTESIAN_POINT('Ctrl Pts',(-90.7380155598455,128.378567541442,39.493647633742));
#10047=CARTESIAN_POINT('Ctrl Pts',(-90.7409022650062,128.382469772961,39.4690296722743));
#10048=CARTESIAN_POINT('Ctrl Pts',(-90.7438854447249,128.386502487026,39.4444318964862));
#10049=CARTESIAN_POINT('Ctrl Pts',(-90.7469649237138,128.39066544971,39.4198557402063));
#10050=CARTESIAN_POINT('Ctrl Pts',(-90.7501405546176,128.394958447088,39.3953023095925));
#10051=CARTESIAN_POINT('Ctrl Pts',(-90.7534121454292,128.399381245099,39.3707728780005));
#10052=CARTESIAN_POINT('Ctrl Pts',(-90.7567795380939,128.403933565431,39.346268624601));
#10053=CARTESIAN_POINT('Ctrl Pts',(-90.7602424665129,128.408615192591,39.3217908407229));
#10054=CARTESIAN_POINT('Ctrl Pts',(-90.7638009372518,128.413425642858,39.2973405763485));
#10055=CARTESIAN_POINT('Ctrl Pts',(-90.7674523733074,128.418366642729,39.2729208323685));
#10056=CARTESIAN_POINT('Ctrl Pts',(-90.7712017147157,128.423433416421,39.2485290265682));
#10057=CARTESIAN_POINT('Ctrl Pts',(-90.7750443788305,128.428629335731,39.2241695628079));
#10058=CARTESIAN_POINT('Ctrl Pts',(-90.7789820226927,128.433952396696,39.199842278458));
#10059=CARTESIAN_POINT('Ctrl Pts',(-90.7830135132908,128.439402958428,39.175549039963));
#10060=CARTESIAN_POINT('Ctrl Pts',(-90.787138944462,128.444980300756,39.1512908085317));
#10061=CARTESIAN_POINT('Ctrl Pts',(-90.7913578440107,128.45068416074,39.1270689489456));
#10062=CARTESIAN_POINT('Ctrl Pts',(-90.7956699742455,128.456514046721,39.1028846443389));
#10063=CARTESIAN_POINT('Ctrl Pts',(-90.8000749746179,128.462469544677,39.0787391566382));
#10064=CARTESIAN_POINT('Ctrl Pts',(-90.8045725213658,128.468550181542,39.0546337094383));
#10065=CARTESIAN_POINT('Ctrl Pts',(-90.8091622563347,128.474755486364,39.030569539469));
#10066=CARTESIAN_POINT('Ctrl Pts',(-90.8138438188715,128.481084963144,39.0065478728016));
#10067=CARTESIAN_POINT('Ctrl Pts',(-90.8186168317131,128.487538103129,38.982569934672));
#10068=CARTESIAN_POINT('Ctrl Pts',(-90.8234809074284,128.494114379507,38.9586369443079));
#10069=CARTESIAN_POINT('Ctrl Pts',(-90.8284356456976,128.500813249978,38.9347501164655));
#10070=CARTESIAN_POINT('Ctrl Pts',(-90.8334806346955,128.50763415583,38.9109106599834));
#10071=CARTESIAN_POINT('Ctrl Pts',(-90.8386154506559,128.514576522586,38.8871197776831));
#10072=CARTESIAN_POINT('Ctrl Pts',(-90.8438396582604,128.521639759975,38.8633786656812));
#10073=CARTESIAN_POINT('Ctrl Pts',(-90.849152810672,128.528823262214,38.8396885129786));
#10074=CARTESIAN_POINT('Ctrl Pts',(-90.8545544497393,128.536126408176,38.8160505009392));
#10075=CARTESIAN_POINT('Ctrl Pts',(-90.8600441061375,128.543548561617,38.7924658028319));
#10076=CARTESIAN_POINT('Ctrl Pts',(-90.8656212995486,128.551089071398,38.7689355833582));
#10077=CARTESIAN_POINT('Ctrl Pts',(-90.8712855388366,128.558747271727,38.7454609981992));
#10078=CARTESIAN_POINT('Ctrl Pts',(-90.8770363222359,128.566522482398,38.722043193568));
#10079=CARTESIAN_POINT('Ctrl Pts',(-90.8828731375455,128.574414009059,38.6986833057725));
#10080=CARTESIAN_POINT('Ctrl Pts',(-90.8887954623316,128.582421143473,38.6753824607878));
#10081=CARTESIAN_POINT('Ctrl Pts',(-90.8948027641382,128.5905431638,38.6521417738356));
#10082=CARTESIAN_POINT('Ctrl Pts',(-90.9008945007034,128.598779334883,38.6289623489776));
#10083=CARTESIAN_POINT('Ctrl Pts',(-90.907070120187,128.607128908552,38.605845278707));
#10084=CARTESIAN_POINT('Ctrl Pts',(-90.9133290613968,128.615591123921,38.5827916435729));
#10085=CARTESIAN_POINT('Ctrl Pts',(-90.9196707540414,128.624165207727,38.5598025117586));
#10086=CARTESIAN_POINT('Ctrl Pts',(-90.9260946189468,128.632850374613,38.5368789387933));
#10087=CARTESIAN_POINT('Ctrl Pts',(-90.9326000683779,128.641645827558,38.5140219669915));
#10088=CARTESIAN_POINT('Ctrl Pts',(-90.9391865061464,128.650550758017,38.4912326255303));
#10089=CARTESIAN_POINT('Ctrl Pts',(-90.9458533282206,128.659564346736,38.4685119291252));
#10090=CARTESIAN_POINT('Ctrl Pts',(-90.952599922234,128.668685763082,38.4458608798714));
#10091=CARTESIAN_POINT('Ctrl Pts',(-90.9594256694814,128.677914167736,38.4232804620222));
#10092=CARTESIAN_POINT('Ctrl Pts',(-90.9663299413666,128.687248707872,38.4007716526123));
#10093=CARTESIAN_POINT('Ctrl Pts',(-90.9733121082986,128.696688529201,38.3783353966187));
#10094=CARTESIAN_POINT('Ctrl Pts',(-90.9803715207297,128.706232750274,38.3559726615716));
#10095=CARTESIAN_POINT('Ctrl Pts',(-90.9875075526081,128.715880521334,38.3336843142478));
#10096=CARTESIAN_POINT('Ctrl Pts',(-90.9947195050631,128.725630893836,38.3114713958684));
#10097=CARTESIAN_POINT('Ctrl Pts',(-91.0020068231624,128.735483114059,38.2893345047555));
#10098=CARTESIAN_POINT('Ctrl Pts',(-91.0093686111448,128.745435966421,38.267275179072));
#10099=CARTESIAN_POINT('Ctrl Pts',(-91.0168047280231,128.755489257588,38.2452927735728));
#10100=CARTESIAN_POINT('Ctrl Pts',(-91.0243131124268,128.765640192659,38.2233920967066));
#10101=CARTESIAN_POINT('Ctrl Pts',(-91.0319013963947,128.775899107301,38.2015500594859));
#10102=CARTESIAN_POINT('Ctrl Pts',(-91.0395682371064,128.78626417977,38.1797702551172));
#10103=CARTESIAN_POINT('Ctrl Pts',(-91.0473136411366,128.796735416021,38.1580521912946));
#10104=CARTESIAN_POINT('Ctrl Pts',(-91.0551370867844,128.807312106234,38.1363969607092));
#10105=CARTESIAN_POINT('Ctrl Pts',(-91.06303827736,128.817993845189,38.1148049607419));
#10106=CARTESIAN_POINT('Ctrl Pts',(-91.0710168082586,128.828780081283,38.0932769011482));
#10107=CARTESIAN_POINT('Ctrl Pts',(-91.0790723155267,128.839670317755,38.0718133540589));
#10108=CARTESIAN_POINT('Ctrl Pts',(-91.087204409596,128.850664022915,38.050414954419));
#10109=CARTESIAN_POINT('Ctrl Pts',(-91.0954127049424,128.8617606703,38.0290823100351));
#10110=CARTESIAN_POINT('Ctrl Pts',(-91.1036968069253,128.872959720834,38.0078160412858));
#10111=CARTESIAN_POINT('Ctrl Pts',(-91.1120563177566,128.884260630894,37.9866167629459));
#10112=CARTESIAN_POINT('Ctrl Pts',(-91.1204908339369,128.895662848826,37.9654850918636));
#10113=CARTESIAN_POINT('Ctrl Pts',(-91.1289999475164,128.907165816624,37.9444216431002));
#10114=CARTESIAN_POINT('Ctrl Pts',(-91.1375832456473,128.91876896932,37.9234270312314));
#10115=CARTESIAN_POINT('Ctrl Pts',(-91.1462403109341,128.930471735413,37.9025018693454));
#10116=CARTESIAN_POINT('Ctrl Pts',(-91.1549707213834,128.942273536829,37.8816467690893));
#10117=CARTESIAN_POINT('Ctrl Pts',(-91.1637740506665,128.954173789147,37.8608623402271));
#10118=CARTESIAN_POINT('Ctrl Pts',(-91.172649867975,128.966171901617,37.8401491904843));
#10119=CARTESIAN_POINT('Ctrl Pts',(-91.181597738692,128.978267277518,37.8195079251362));
#10120=CARTESIAN_POINT('Ctrl Pts',(-91.190617223316,128.990459313845,37.7989391470213));
#10121=CARTESIAN_POINT('Ctrl Pts',(-91.1997078802982,129.002747402511,37.7784434556931));
#10122=CARTESIAN_POINT('Ctrl Pts',(-91.2088692601505,129.015130928178,37.7580214484865));
#10123=CARTESIAN_POINT('Ctrl Pts',(-91.2181009191273,129.027609273686,37.7376737173256));
#10124=CARTESIAN_POINT('Ctrl Pts',(-91.2274023890939,129.040181808483,37.7174008550804));
#10125=CARTESIAN_POINT('Ctrl Pts',(-91.236773245553,129.052847915159,37.6972034405564));
#10126=CARTESIAN_POINT('Ctrl Pts',(-91.2462129558529,129.065606930676,37.6770820713543));
#10127=CARTESIAN_POINT('Ctrl Pts',(-91.2557212197496,129.078458278681,37.6570372895322));
#10128=CARTESIAN_POINT('Ctrl Pts',(-91.2652972072784,129.091401173887,37.6370697473733));
#10129=CARTESIAN_POINT('Ctrl Pts',(-91.2749412663406,129.104435284922,37.6171798354076));
#10130=CARTESIAN_POINT('Ctrl Pts',(-91.2846510989239,129.117559250539,37.5973685148324));
#10131=CARTESIAN_POINT('Ctrl Pts',(-91.2944303259264,129.13077400369,37.5776354524649));
#10132=CARTESIAN_POINT('Ctrl Pts',(-91.3042693047543,129.144075327222,37.557983197331));
#10133=CARTESIAN_POINT('Ctrl Pts',(-91.3141881079615,129.157470534334,37.5384078225889));
#10134=CARTESIAN_POINT('Ctrl Pts',(-91.324139880694,129.170940943206,37.5189199639954));
#10135=CARTESIAN_POINT('Ctrl Pts',(-91.3325144249188,129.182250069835,37.5027417551372));
#10136=CARTESIAN_POINT('Ctrl Pts',(-91.3392248645654,129.191331682494,37.4898444835281));
#10137=CARTESIAN_POINT('Ctrl Pts',(-91.3442746831875,129.198164780043,37.4801917699549));
#10138=CARTESIAN_POINT('Ctrl Pts',(-91.3484981115843,129.203877842693,37.4721645579953));
#10139=CARTESIAN_POINT('Ctrl Pts',(-91.3518792143529,129.208456331709,37.4657541980242));
#10140=CARTESIAN_POINT('Ctrl Pts',(-91.3569599494345,129.215335299773,37.456148744541));
#10141=CARTESIAN_POINT('Ctrl Pts',(-91.364647766102,129.225712117921,37.4417720905623));
#10142=CARTESIAN_POINT('Ctrl Pts',(-91.3749390472704,129.239621369421,37.4226906141248));
#10143=CARTESIAN_POINT('Ctrl Pts',(-91.385300460456,129.253618123773,37.4036912216827));
#10144=CARTESIAN_POINT('Ctrl Pts',(-91.395722644144,129.267697707511,37.3847762268377));
#10145=CARTESIAN_POINT('Ctrl Pts',(-91.4062004516101,129.281856139629,37.3659468203773));
#10146=CARTESIAN_POINT('Ctrl Pts',(-91.414996482675,129.293731158491,37.3503241693564));
#10147=CARTESIAN_POINT('Ctrl Pts',(-91.4220336484619,129.303254021809,37.3378740538835));
#10148=CARTESIAN_POINT('Ctrl Pts',(-91.4273289937249,129.310417782662,37.3285574949846));
#10149=CARTESIAN_POINT('Ctrl Pts',(-91.4326394512844,129.317601779296,37.3192624380163));
#10150=CARTESIAN_POINT('Ctrl Pts',(-91.4397358837725,129.327204485525,37.3068984518934));
#10151=CARTESIAN_POINT('Ctrl Pts',(-91.4486868812423,129.339285748247,37.2914904821912));
#10152=CARTESIAN_POINT('Ctrl Pts',(-91.4594665705351,129.353849080204,37.2730912272884));
#10153=CARTESIAN_POINT('Ctrl Pts',(-91.4703128388443,129.368496021645,37.2547780643064));
#10154=CARTESIAN_POINT('Ctrl Pts',(-91.4812141681521,129.383218899529,37.2365532631254));
#10155=CARTESIAN_POINT('Ctrl Pts',(-91.4921723452989,129.398018180746,37.2184168167424));
#10156=CARTESIAN_POINT('Ctrl Pts',(-91.503192047434,129.412897309162,37.2003684719791));
#10157=CARTESIAN_POINT('Ctrl Pts',(-91.5142568920754,129.427843599956,37.182410876061));
#10158=CARTESIAN_POINT('Ctrl Pts',(-91.523547459871,129.440378742941,37.1675175612691));
#10159=CARTESIAN_POINT('Ctrl Pts',(-91.5309604202682,129.450408612345,37.1556545769603));
#10160=CARTESIAN_POINT('Ctrl Pts',(-91.5365381724785,129.457952675643,37.1467792816211));
#10161=CARTESIAN_POINT('Ctrl Pts',(-91.5421296007374,129.465515144545,37.1379265961883));
#10162=CARTESIAN_POINT('Ctrl Pts',(-91.5495980228611,129.475618886442,37.1261538763123));
#10163=CARTESIAN_POINT('Ctrl Pts',(-91.559032728024,129.488345691184,37.1114860492199));
#10164=CARTESIAN_POINT('Ctrl Pts',(-91.5703880003607,129.503674438951,37.0939785728689));
#10165=CARTESIAN_POINT('Ctrl Pts',(-91.5817864341744,129.519065661983,37.0765637619347));
#10166=CARTESIAN_POINT('Ctrl Pts',(-91.5904142376395,129.530695145205,37.0635667283136));
#10167=CARTESIAN_POINT('Ctrl Pts',(-91.5961190891289,129.538417218712,37.0549387046538));
#10168=CARTESIAN_POINT('Ctrl Pts',(-91.5999212154788,129.543566470032,37.0491950415362));
#10169=CARTESIAN_POINT('Ctrl Pts',(-91.6037585701359,129.548748957097,37.043459497491));
#10170=CARTESIAN_POINT('Ctrl Pts',(-91.6075731518102,129.553915018172,37.0377389925653));
#10171=CARTESIAN_POINT('Ctrl Pts',(-91.6113994414306,129.559093268746,37.0320253470349));
#10172=CARTESIAN_POINT('Ctrl Pts',(-91.6181123427318,129.568175087367,37.0220460803309));
#10173=CARTESIAN_POINT('Ctrl Pts',(-91.6259284335233,129.578693527843,37.0106742748823));
#10174=CARTESIAN_POINT('Ctrl Pts',(-91.6326859496702,129.587834869995,37.0007764054892));
#10175=CARTESIAN_POINT('Ctrl Pts',(-91.6365487499187,129.593062418375,36.9951326826791));
#10176=CARTESIAN_POINT('Ctrl Pts',(-91.6423389735618,129.60090292737,36.9866799104158));
#10177=CARTESIAN_POINT('Ctrl Pts',(-91.6492772920234,129.610224651899,36.9768347525283));
#10178=CARTESIAN_POINT('Ctrl Pts',(-91.6560862110423,129.619437662261,36.9670468503328));
#10179=CARTESIAN_POINT('Ctrl Pts',(-91.659981147048,129.624708403962,36.9614656865058));
#10180=CARTESIAN_POINT('Ctrl Pts',(-91.6624175665567,129.628005694314,36.9579824291852));
#10181=CARTESIAN_POINT('Ctrl Pts',(-91.6643633416965,129.630640986148,36.9551992625551));
#10182=CARTESIAN_POINT('Ctrl Pts',(-91.6658230689234,129.632618136486,36.9531133979682));
#10183=CARTESIAN_POINT('Ctrl Pts',(-91.666858854164,129.634020546902,36.9516368274865));
#10184=CARTESIAN_POINT('Ctrl Pts',(-91.6674666595224,129.634844160636,36.9507687666654));
#10185=CARTESIAN_POINT('Ctrl Pts',(-91.667709694293,129.635173529196,36.9504215832247));
#10186=CARTESIAN_POINT('Ctrl Pts',(-91.668013772302,129.635585524115,36.9499876367777));
#10187=CARTESIAN_POINT('Ctrl Pts',(-91.6683784650014,129.636079742147,36.9494670169737));
#10188=CARTESIAN_POINT('Ctrl Pts',(-91.6695953115211,129.637728361301,36.9477318255357));
#10189=CARTESIAN_POINT('Ctrl Pts',(-91.671679194548,129.640546250725,36.9447830219769));
#10190=CARTESIAN_POINT('Ctrl Pts',(-91.6746128377535,129.644517496431,36.9406269768049));
#10191=CARTESIAN_POINT('Ctrl Pts',(-91.6770676640682,129.647837662488,36.9371678167491));
#10192=CARTESIAN_POINT('Ctrl Pts',(-91.6787791382006,129.650155502876,36.9347497543116));
#10193=CARTESIAN_POINT('Ctrl Pts',(-91.679756462564,129.651479465031,36.9333688380643));
#10194=CARTESIAN_POINT('Ctrl Pts',(-91.6807334902331,129.652803222164,36.9319884642732));
#10195=CARTESIAN_POINT('Ctrl Pts',(-91.6819592767657,129.654462545299,36.930263558098));
#10196=CARTESIAN_POINT('Ctrl Pts',(-91.6839161649992,129.657113464156,36.9275061610321));
#10197=CARTESIAN_POINT('Ctrl Pts',(-91.6858917856035,129.659783562189,36.9247501902268));
#10198=CARTESIAN_POINT('Ctrl Pts',(-91.6878518636079,129.66243866687,36.9219986925574));
#10199=CARTESIAN_POINT('Ctrl Pts',(-91.6898171972847,129.665099370704,36.9192487955195));
#10200=CARTESIAN_POINT('Ctrl Pts',(-91.6932622372402,129.669762182817,36.9144413868077));
#10201=CARTESIAN_POINT('Ctrl Pts',(-91.6972696664536,129.67516383853,36.9089535000791));
#10202=CARTESIAN_POINT('Ctrl Pts',(-91.7007251241967,129.679840562451,36.9041668585701));
#10203=CARTESIAN_POINT('Ctrl Pts',(-91.7026990611559,129.682512829716,36.901434783217));
#10204=CARTESIAN_POINT('Ctrl Pts',(-91.7046695522156,129.685181925349,36.8987050679247));
#10205=CARTESIAN_POINT('Ctrl Pts',(-91.7066607256584,129.687872528325,36.895976703038));
#10206=CARTESIAN_POINT('Ctrl Pts',(-91.7086344470497,129.690545842217,36.8932529109954));
#10207=CARTESIAN_POINT('Ctrl Pts',(-91.7101179673306,129.692554348571,36.8912113448554));
#10208=CARTESIAN_POINT('Ctrl Pts',(-91.7113549348995,129.694229023225,36.8895112753443));
#10209=CARTESIAN_POINT('Ctrl Pts',(-91.7123426002437,129.695566919761,36.8881521525845));
#10210=CARTESIAN_POINT('Ctrl Pts',(-91.7138227415497,129.697572478987,36.8861143539422));
#10211=CARTESIAN_POINT('Ctrl Pts',(-91.7153283038229,129.699604527446,36.884076420449));
#10212=CARTESIAN_POINT('Ctrl Pts',(-91.7168102563046,129.701612501569,36.8820423466832));
#10213=CARTESIAN_POINT('Ctrl Pts',(-91.7177993937015,129.702952429196,36.8806867187764));
#10214=CARTESIAN_POINT('Ctrl Pts',(-91.7190404628858,129.704632300235,36.878992781011));
#10215=CARTESIAN_POINT('Ctrl Pts',(-91.7205276960004,129.706646233948,36.8769617695289));
#10216=CARTESIAN_POINT('Ctrl Pts',(-91.7217703234461,129.70832809575,36.8752702934162));
#10217=CARTESIAN_POINT('Ctrl Pts',(-91.7227606455014,129.709669753655,36.8739181868005));
#10218=CARTESIAN_POINT('Ctrl Pts',(-91.723752174882,129.711012745883,36.872566502593));
#10219=CARTESIAN_POINT('Ctrl Pts',(-91.725489236505,129.713365131552,36.8702022625251));
#10220=CARTESIAN_POINT('Ctrl Pts',(-91.7274989991926,129.716079733538,36.8675014671444));
#10221=CARTESIAN_POINT('Ctrl Pts',(-91.7294862593616,129.718771151208,36.8648055210666));
#10222=CARTESIAN_POINT('Ctrl Pts',(-91.7309811247681,129.720794563448,36.8627847707819));
#10223=CARTESIAN_POINT('Ctrl Pts',(-91.7324750695834,129.722817219136,36.8607656440851));
#10224=CARTESIAN_POINT('Ctrl Pts',(-91.7339707417212,129.724841901611,36.8587479371793));
#10225=CARTESIAN_POINT('Ctrl Pts',(-91.7354662155175,129.72686657773,36.8567317971278));
#10226=CARTESIAN_POINT('Ctrl Pts',(-91.7374629934011,129.729569400519,36.8540454689337));
#10227=CARTESIAN_POINT('Ctrl Pts',(-91.7409690919406,129.734312456425,36.849348938239));
#10228=CARTESIAN_POINT('Ctrl Pts',(-91.7450768787912,129.739841694962,36.8439863443001));
#10229=CARTESIAN_POINT('Ctrl Pts',(-91.7490980465163,129.745280568298,36.8386426714507));
#10230=CARTESIAN_POINT('Ctrl Pts',(-91.7531109302897,129.750711559134,36.8333078817775));
#10231=CARTESIAN_POINT('Ctrl Pts',(-91.7564905063194,129.755252585051,36.8289746952078));
#10232=CARTESIAN_POINT('Ctrl Pts',(-91.7589973019513,129.758647268908,36.8256541496081));
#10233=CARTESIAN_POINT('Ctrl Pts',(-91.759997518344,129.760002532547,36.8243266336883));
#10234=CARTESIAN_POINT('Ctrl Pts',(-91.7610064049472,129.761367176369,36.8229992644587));
#10235=CARTESIAN_POINT('Ctrl Pts',(-91.7620076654348,129.762723742103,36.8216732278604));
#10236=CARTESIAN_POINT('Ctrl Pts',(-91.7627600737373,129.763742781466,36.8206789833166));
#10237=CARTESIAN_POINT('Ctrl Pts',(-91.7635121180479,129.76476147882,36.8196851546851));
#10238=CARTESIAN_POINT('Ctrl Pts',(-91.7660192115205,129.768157583036,36.8163736678291));
#10239=CARTESIAN_POINT('Ctrl Pts',(-91.7686725112334,129.771712135774,36.813057625552));
#10240=CARTESIAN_POINT('Ctrl Pts',(-91.7710593957777,129.774945228764,36.8099224277413));
#10241=CARTESIAN_POINT('Ctrl Pts',(-91.7714984568512,129.775540138098,36.8093451057959));
#10242=CARTESIAN_POINT('Ctrl Pts',(-91.7717492038415,129.775879935054,36.8090152664487));
#10243=CARTESIAN_POINT('Ctrl Pts',(-91.7721251320019,129.776389427105,36.8085205694479));
#10244=CARTESIAN_POINT('Ctrl Pts',(-91.7725036895273,129.776901788932,36.8080258113082));
#10245=CARTESIAN_POINT('Ctrl Pts',(-91.7728796838387,129.777411379318,36.8075313527474));
#10246=CARTESIAN_POINT('Ctrl Pts',(-91.773020843579,129.777602653834,36.8073459378324));
#10247=CARTESIAN_POINT('Ctrl Pts',(-91.7731148351858,129.77773004593,36.8072223434082));
#10248=CARTESIAN_POINT('Ctrl Pts',(-91.7731775041647,129.777814982854,36.8071399486124));
#10249=CARTESIAN_POINT('Ctrl Pts',(-91.7732871761558,129.777963624388,36.806995762937));
#10250=CARTESIAN_POINT('Ctrl Pts',(-91.7738832200629,129.778771287775,36.806213052246));
#10251=CARTESIAN_POINT('Ctrl Pts',(-91.7747092460912,129.779887932959,36.8051417456331));
#10252=CARTESIAN_POINT('Ctrl Pts',(-91.7757144273582,129.781249796535,36.803824767821));
#10253=CARTESIAN_POINT('Ctrl Pts',(-91.7767214615384,129.782613743146,36.8025081830391));
#10254=CARTESIAN_POINT('Ctrl Pts',(-91.7779880343594,129.784327328939,36.8008629050758));
#10255=CARTESIAN_POINT('Ctrl Pts',(-91.7795037227175,129.786379183093,36.7988904078222));
#10256=CARTESIAN_POINT('Ctrl Pts',(-91.7807720730174,129.788095007919,36.7972476072225));
#10257=CARTESIAN_POINT('Ctrl Pts',(-91.7817797571331,129.789460048656,36.7959346090287));
#10258=CARTESIAN_POINT('Ctrl Pts',(-91.7824110314852,129.790314855432,36.7951142123162));
#10259=CARTESIAN_POINT('Ctrl Pts',(-91.7828515369899,129.790911709338,36.7945401963197));
#10260=CARTESIAN_POINT('Ctrl Pts',(-91.7831030683542,129.791252568228,36.7942122480035));
#10261=CARTESIAN_POINT('Ctrl Pts',(-91.7833545561703,129.791593382427,36.7938843349777));
#10262=CARTESIAN_POINT('Ctrl Pts',(-91.7836694965622,129.792020048783,36.7934744666842));
#10263=CARTESIAN_POINT('Ctrl Pts',(-91.7840471857942,129.792531793837,36.7929827376031));
#10264=CARTESIAN_POINT('Ctrl Pts',(-91.7844250918827,129.793043789243,36.7924910917778));
#10265=CARTESIAN_POINT('Ctrl Pts',(-91.7848028577593,129.793555639058,36.7919995522632));
#10266=CARTESIAN_POINT('Ctrl Pts',(-91.7851179859115,129.793982547934,36.7915899963381));
#10267=CARTESIAN_POINT('Ctrl Pts',(-91.7853695836942,129.794323519236,36.791262432585));
#10268=CARTESIAN_POINT('Ctrl Pts',(-91.7859990685753,129.79517650121,36.7904435729718));
#10269=CARTESIAN_POINT('Ctrl Pts',(-91.7868304817,129.796299983146,36.7893786961713));
#10270=CARTESIAN_POINT('Ctrl Pts',(-91.7877129194726,129.797495564334,36.7882334097752));
#10271=CARTESIAN_POINT('Ctrl Pts',(-91.7881232276238,129.798051343632,36.7877017890172));
#10272=CARTESIAN_POINT('Ctrl Pts',(-91.7883120155304,129.798307208231,36.7874564930638));
#10273=CARTESIAN_POINT('Ctrl Pts',(-91.7884378914277,129.798477804656,36.7872929694279));
#10274=CARTESIAN_POINT('Ctrl Pts',(-91.7886583173399,129.798776510371,36.7870068153671));
#10275=CARTESIAN_POINT('Ctrl Pts',(-91.7889737442069,129.799203834086,36.7865980512548));
#10276=CARTESIAN_POINT('Ctrl Pts',(-91.7893521492226,129.799716512615,36.7861076383728));
#10277=CARTESIAN_POINT('Ctrl Pts',(-91.7897305097096,129.800229150429,36.7856173254355));
#10278=CARTESIAN_POINT('Ctrl Pts',(-91.790014619166,129.800614016008,36.7852496426839));
#10279=CARTESIAN_POINT('Ctrl Pts',(-91.7902035410786,129.800870053177,36.7850045812583));
#10280=CARTESIAN_POINT('Ctrl Pts',(-91.7903294533118,129.801040705358,36.7848412172844));
#10281=CARTESIAN_POINT('Ctrl Pts',(-91.7904555744967,129.801211593202,36.7846778525889));
#10282=CARTESIAN_POINT('Ctrl Pts',(-91.7905815002993,129.801382262898,36.784514512077));
#10283=CARTESIAN_POINT('Ctrl Pts',(-91.790675971579,129.801510295964,36.7843920111091));
#10284=CARTESIAN_POINT('Ctrl Pts',(-91.7907547049766,129.80161699895,36.784289931593));
#10285=CARTESIAN_POINT('Ctrl Pts',(-91.7908176620445,129.801702328258,36.7842082728246));
#10286=CARTESIAN_POINT('Ctrl Pts',(-91.7909121082882,129.801830334507,36.7840857870665));
#10287=CARTESIAN_POINT('Ctrl Pts',(-91.7910539680667,129.802022559353,36.7839020582424));
#10288=CARTESIAN_POINT('Ctrl Pts',(-91.7913061039541,129.802364228946,36.7835754652769));
#10289=CARTESIAN_POINT('Ctrl Pts',(-91.7917477176707,129.802962581982,36.7830039897805));
#10290=CARTESIAN_POINT('Ctrl Pts',(-91.7922556389085,129.803650065613,36.7823508752971));
#10291=CARTESIAN_POINT('Ctrl Pts',(-91.7926973634428,129.804248575059,36.781779733242));
#10292=CARTESIAN_POINT('Ctrl Pts',(-91.7929496887984,129.804590484684,36.7814534202469));
#10293=CARTESIAN_POINT('Ctrl Pts',(-91.7932018135218,129.804932170608,36.7811271516765));
#10294=CARTESIAN_POINT('Ctrl Pts',(-91.7934548834805,129.805274929784,36.7808008752099));
#10295=CARTESIAN_POINT('Ctrl Pts',(-91.7937070648837,129.805616688559,36.7804747004065));
#10296=CARTESIAN_POINT('Ctrl Pts',(-91.7938963338467,129.805873160128,36.780230085654));
#10297=CARTESIAN_POINT('Ctrl Pts',(-91.7940856053843,129.806129637052,36.7799854950937));
#10298=CARTESIAN_POINT('Ctrl Pts',(-91.7943378539223,129.806471480326,36.7796594134031));
#10299=CARTESIAN_POINT('Ctrl Pts',(-91.795033625881,129.807413930209,36.7787626991643));
#10300=CARTESIAN_POINT('Ctrl Pts',(-91.7961834691449,129.808969005916,36.7772954090947));
#10301=CARTESIAN_POINT('Ctrl Pts',(-91.7972236379874,129.810375399067,36.7759717026992));
#10302=CARTESIAN_POINT('Ctrl Pts',(-91.7977610948032,129.81110354693,36.7752799759619));
#10303=CARTESIAN_POINT('Ctrl Pts',(-91.797808342185,129.811167596472,36.7752189530803));
#10304=CARTESIAN_POINT('Ctrl Pts',(-91.7978556757901,129.811231744017,36.7751579266466));
#10305=CARTESIAN_POINT('Ctrl Pts',(-91.7979502677639,129.811359953965,36.7750358812376));
#10306=CARTESIAN_POINT('Ctrl Pts',(-91.7980609257245,129.81150987492,36.7748934862437));
#10307=CARTESIAN_POINT('Ctrl Pts',(-91.7981871065722,129.811680889649,36.7747307778992));
#10308=CARTESIAN_POINT('Ctrl Pts',(-91.7983132951808,129.81185191382,36.7745680771792));
#10309=CARTESIAN_POINT('Ctrl Pts',(-91.7984239583638,129.812001843622,36.7744257103162));
#10310=CARTESIAN_POINT('Ctrl Pts',(-91.7985185812049,129.812130091998,36.7743037025544));
#10311=CARTESIAN_POINT('Ctrl Pts',(-91.7985658986781,129.812194223216,36.7742426998417));
#10312=CARTESIAN_POINT('Ctrl Pts',(-91.798613217873,129.812258356537,36.7741816985499));
#10313=CARTESIAN_POINT('Ctrl Pts',(-91.7986763014454,129.812343857887,36.7741003660159));
#10314=CARTESIAN_POINT('Ctrl Pts',(-91.7987552289799,129.81245081833,36.7739986999542));
#10315=CARTESIAN_POINT('Ctrl Pts',(-91.7988814149366,129.812621843687,36.7738360479664));
#10316=CARTESIAN_POINT('Ctrl Pts',(-91.7990079235495,129.812793238746,36.7736733896793));
#10317=CARTESIAN_POINT('Ctrl Pts',(-91.7991340976452,129.812964252563,36.7735107626402));
#10318=CARTESIAN_POINT('Ctrl Pts',(-91.7994499848557,129.813392305708,36.7731041895477));
#10319=CARTESIAN_POINT('Ctrl Pts',(-91.7999911178989,129.814124726399,36.7724129352768));
#10320=CARTESIAN_POINT('Ctrl Pts',(-91.8006263769263,129.814984862148,36.7716000969637));
#10321=CARTESIAN_POINT('Ctrl Pts',(-91.8010382809859,129.815542802588,36.7710719674123));
#10322=CARTESIAN_POINT('Ctrl Pts',(-91.8012277814729,129.8157996189,36.7708282801982));
#10323=CARTESIAN_POINT('Ctrl Pts',(-91.8013540945578,129.815970806911,36.7706658313186));
#10324=CARTESIAN_POINT('Ctrl Pts',(-91.8015121747779,129.816185009572,36.7704627747301));
#10325=CARTESIAN_POINT('Ctrl Pts',(-91.8016544901798,129.816377843143,36.7702800396082));
#10326=CARTESIAN_POINT('Ctrl Pts',(-91.8017413208176,129.816495526048,36.7701683829684));
#10327=CARTESIAN_POINT('Ctrl Pts',(-91.8017728835246,129.816538306054,36.7701277819919));
#10328=CARTESIAN_POINT('Ctrl Pts',(-91.8018044480116,129.816581088143,36.7700871814213));
#10329=CARTESIAN_POINT('Ctrl Pts',(-91.8018439149533,129.816634578845,36.7700364310224));
#10330=CARTESIAN_POINT('Ctrl Pts',(-91.8020017763523,129.816848534768,36.7698334348437));
#10331=CARTESIAN_POINT('Ctrl Pts',(-91.8021767792162,129.817085445407,36.769610088486));
#10332=CARTESIAN_POINT('Ctrl Pts',(-91.8023662379006,129.817342225889,36.769366549319));
#10333=CARTESIAN_POINT('Ctrl Pts',(-91.8024925908078,129.817513467636,36.7692041953312));
#10334=CARTESIAN_POINT('Ctrl Pts',(-91.8026192059991,129.817685012061,36.769041838932));
#10335=CARTESIAN_POINT('Ctrl Pts',(-91.8027455502143,129.817856245815,36.7688795097094));
#10336=CARTESIAN_POINT('Ctrl Pts',(-91.8028403449081,129.817984713648,36.7687577668356));
#10337=CARTESIAN_POINT('Ctrl Pts',(-91.8029351425662,129.81811318543,36.7686360298767));
#10338=CARTESIAN_POINT('Ctrl Pts',(-91.8030614977469,129.81828443375,36.768473724318));
#10339=CARTESIAN_POINT('Ctrl Pts',(-91.8032197947734,129.818498902131,36.7682708381027));
#10340=CARTESIAN_POINT('Ctrl Pts',(-91.8034725650116,129.818841472239,36.7679462803108));
#10341=CARTESIAN_POINT('Ctrl Pts',(-91.8036951725569,129.819142876906,36.7676622559537));
#10342=CARTESIAN_POINT('Ctrl Pts',(-91.8038689518686,129.819378398461,36.7674391836658));
#10343=CARTESIAN_POINT('Ctrl Pts',(-91.8039202942448,129.819447982824,36.7673732784913));
#10344=CARTESIAN_POINT('Ctrl Pts',(-91.8039420043767,129.819477408969,36.7673453966055));
#10345=CARTESIAN_POINT('Ctrl Pts',(-91.8039498986578,129.819488109029,36.7673352578025));
#10346=CARTESIAN_POINT('Ctrl Pts',(-91.8039617385535,129.819504157361,36.7673200497284));
#10347=CARTESIAN_POINT('Ctrl Pts',(-91.8040348108789,129.819603191011,36.7672262640907));
#10348=CARTESIAN_POINT('Ctrl Pts',(-91.8042324006451,129.819870962535,36.7669727983046));
#10349=CARTESIAN_POINT('Ctrl Pts',(-91.8044392324535,129.820150994621,36.7667091606353));
#10350=CARTESIAN_POINT('Ctrl Pts',(-91.8045972479713,129.820365151008,36.7665064441596));
#10351=CARTESIAN_POINT('Ctrl Pts',(-91.8046604196783,129.820450773848,36.7664253614635));
#10352=CARTESIAN_POINT('Ctrl Pts',(-91.8047157935262,129.820525808057,36.766354411421));
#10353=CARTESIAN_POINT('Ctrl Pts',(-91.8047631727544,129.820590026028,36.7662936035447));
#10354=CARTESIAN_POINT('Ctrl Pts',(-91.8047868654525,129.820622138609,36.7662631998189));
#10355=CARTESIAN_POINT('Ctrl Pts',(-91.8048105576277,129.820654250618,36.7662327965011));
#10356=CARTESIAN_POINT('Ctrl Pts',(-91.8048421463726,129.820697065716,36.7661922592936));
#10357=CARTESIAN_POINT('Ctrl Pts',(-91.8048816493281,129.820750604378,36.766141587817));
#10358=CARTESIAN_POINT('Ctrl Pts',(-91.8050396275964,129.820964720558,36.765938908769));
#10359=CARTESIAN_POINT('Ctrl Pts',(-91.8051912372275,129.821169905433,36.7657463031847));
#10360=CARTESIAN_POINT('Ctrl Pts',(-91.8053334595578,129.82136266154,36.7655639295885));
#10361=CARTESIAN_POINT('Ctrl Pts',(-91.8053650459616,129.821405474764,36.7655234036228));
#10362=CARTESIAN_POINT('Ctrl Pts',(-91.8053966624372,129.821448322907,36.7654828768067));
#10363=CARTESIAN_POINT('Ctrl Pts',(-91.805428253306,129.821491141423,36.7654423521183));
#10364=CARTESIAN_POINT('Ctrl Pts',(-91.805451950486,129.82152326001,36.7654119587657));
#10365=CARTESIAN_POINT('Ctrl Pts',(-91.8054756473937,129.821555378313,36.7653815658075));
#10366=CARTESIAN_POINT('Ctrl Pts',(-91.805507239952,129.821598198903,36.7653410425449));
#10367=CARTESIAN_POINT('Ctrl Pts',(-91.8055388549757,129.82164104563,36.7653005188469));
#10368=CARTESIAN_POINT('Ctrl Pts',(-91.8055664990844,129.821678514468,36.765265062286));
#10369=CARTESIAN_POINT('Ctrl Pts',(-91.8055803214377,129.821697249247,36.7652473341557));
#10370=CARTESIAN_POINT('Ctrl Pts',(-91.8055882181225,129.821707952745,36.7652372039383));
#10371=CARTESIAN_POINT('Ctrl Pts',(-91.8056237630472,129.821756129932,36.7651916175819));
#10372=CARTESIAN_POINT('Ctrl Pts',(-91.8057206444492,129.821887418908,36.7650675183249));
#10373=CARTESIAN_POINT('Ctrl Pts',(-91.8058789483235,129.822101920678,36.7648649155771));
#10374=CARTESIAN_POINT('Ctrl Pts',(-91.806009681159,129.822279039623,36.7646977780378));
#10375=CARTESIAN_POINT('Ctrl Pts',(-91.80608079816,129.822375427273,36.7646066270506));
#10376=CARTESIAN_POINT('Ctrl Pts',(-91.8060965939856,129.822396837514,36.7645863718214));
#10377=CARTESIAN_POINT('Ctrl Pts',(-91.8061242446769,129.82243431476,36.7645509250807));
#10378=CARTESIAN_POINT('Ctrl Pts',(-91.806155863756,129.822477167243,36.7645104143182));
#10379=CARTESIAN_POINT('Ctrl Pts',(-91.8061835137319,129.822514643759,36.7644749689421));
#10380=CARTESIAN_POINT('Ctrl Pts',(-91.8061993121791,129.822536057133,36.7644547147116));
#10381=CARTESIAN_POINT('Ctrl Pts',(-91.8062091864664,129.822549440799,36.7644420558831));
#10382=CARTESIAN_POINT('Ctrl Pts',(-91.8062170850391,129.822560146737,36.7644319289125));
#10383=CARTESIAN_POINT('Ctrl Pts',(-91.8062230090608,129.8225681763,36.7644243337035));
#10384=CARTESIAN_POINT('Ctrl Pts',(-91.8062289330406,129.822576205815,36.7644167385203));
#10385=CARTESIAN_POINT('Ctrl Pts',(-91.8062407811147,129.822592264983,36.7644015481954));
#10386=CARTESIAN_POINT('Ctrl Pts',(-91.8063138622338,129.822691317549,36.7643078743177));
#10387=CARTESIAN_POINT('Ctrl Pts',(-91.8063933142313,129.82279892108,36.7642065877759));
#10388=CARTESIAN_POINT('Ctrl Pts',(-91.8064723200397,129.822906004823,36.7641053301258));
#10389=CARTESIAN_POINT('Ctrl Pts',(-91.8064900992056,129.822930102021,36.7640825472903));
#10390=CARTESIAN_POINT('Ctrl Pts',(-91.8065019481237,129.822946162327,36.7640673590521));
#10391=CARTESIAN_POINT('Ctrl Pts',(-91.8065098473051,129.822956869087,36.7640572335966));
#10392=CARTESIAN_POINT('Ctrl Pts',(-91.8065236722235,129.822975607499,36.7640395140623));
#10393=CARTESIAN_POINT('Ctrl Pts',(-91.8065513274297,129.823013090616,36.7640040750479));
#10394=CARTESIAN_POINT('Ctrl Pts',(-91.8065908471717,129.823066652358,36.7639534481955));
#10395=CARTESIAN_POINT('Ctrl Pts',(-91.8066244463257,129.823112188532,36.763910416065));
#10396=CARTESIAN_POINT('Ctrl Pts',(-91.8066441965464,129.823138958209,36.763885104124));
#10397=CARTESIAN_POINT('Ctrl Pts',(-91.8066501209747,129.823146988369,36.7638775105983));
#10398=CARTESIAN_POINT('Ctrl Pts',(-91.8066560457409,129.823155018926,36.7638699170789));
#10399=CARTESIAN_POINT('Ctrl Pts',(-91.8066619703819,129.823163049338,36.7638623235897));
#10400=CARTESIAN_POINT('Ctrl Pts',(-91.806667895069,129.823171079806,36.7638547301217));
#10401=CARTESIAN_POINT('Ctrl Pts',(-91.8066738198087,129.823179110336,36.7638471366747));
#10402=CARTESIAN_POINT('Ctrl Pts',(-91.8066797444156,129.823187140714,36.7638395432582));
#10403=CARTESIAN_POINT('Ctrl Pts',(-91.8066994940139,129.823213909706,36.7638142319022));
#10404=CARTESIAN_POINT('Ctrl Pts',(-91.8067251986359,129.823248744696,36.7637813260578));
#10405=CARTESIAN_POINT('Ctrl Pts',(-91.8067528503999,129.823286224072,36.7637458911988));
#10406=CARTESIAN_POINT('Ctrl Pts',(-91.8067666771861,129.823304964861,36.7637281738915));
#10407=CARTESIAN_POINT('Ctrl Pts',(-91.8067745769656,129.82331567239,36.7637180498226));
#10408=CARTESIAN_POINT('Ctrl Pts',(-91.8067805014967,129.823323702778,36.7637104568191));
#10409=CARTESIAN_POINT('Ctrl Pts',(-91.8067864273153,129.823331734437,36.7637028637509));
#10410=CARTESIAN_POINT('Ctrl Pts',(-91.8067923500383,129.82333976302,36.7636952709163));
#10411=CARTESIAN_POINT('Ctrl Pts',(-91.8067982798404,129.823347798663,36.7636876776271));
#10412=CARTESIAN_POINT('Ctrl Pts',(-91.8068041937726,129.823355818484,36.763680085434));
#10413=CARTESIAN_POINT('Ctrl Pts',(-91.806810143313,129.823363873819,36.7636724908592));
#10414=CARTESIAN_POINT('Ctrl Pts',(-91.8068160130005,129.823371849526,36.7636649017028));
#10415=CARTESIAN_POINT('Ctrl Pts',(-91.8068220646722,129.823380006716,36.7636573002761));
#10416=CARTESIAN_POINT('Ctrl Pts',(-91.8068257753796,129.823385121998,36.7636522545444));
#10417=CARTESIAN_POINT('Ctrl Pts',(-91.8085724788421,129.825649414178,36.7617637833759));
#10418=CARTESIAN_POINT('Ctrl Pts',(-91.8464577053461,129.863260742755,36.7556397639658));
#10419=CARTESIAN_POINT('Ctrl Pts',(-91.9032891293935,129.918382068962,36.7449121474291));
#10420=CARTESIAN_POINT('Ctrl Pts',(-91.9696996765104,129.980473073136,36.7338378502052));
#10421=CARTESIAN_POINT('Ctrl Pts',(-92.0338421362068,130.037726435619,36.7232364784314));
#10422=CARTESIAN_POINT('Ctrl Pts',(-92.1003683752307,130.095560509747,36.7126854376952));
#10423=CARTESIAN_POINT('Ctrl Pts',(-92.1853158310946,130.166281209045,36.6997895919058));
#10424=CARTESIAN_POINT('Ctrl Pts',(-92.2567270610018,130.222706571806,36.6897101078175));
#10425=CARTESIAN_POINT('Ctrl Pts',(-92.2924707130137,130.249892858149,36.6847759642398));
#10426=CARTESIAN_POINT('Ctrl Pts',(-91.7100452745068,129.119754859059,40.217387293959));
#10427=CARTESIAN_POINT('Ctrl Pts',(-91.7100452745068,129.119754859059,40.2115362578235));
#10428=CARTESIAN_POINT('Ctrl Pts',(-91.7100772365041,129.119791439302,40.1998348754633));
#10429=CARTESIAN_POINT('Ctrl Pts',(-91.7102222186005,129.119954368963,40.1822837902335));
#10430=CARTESIAN_POINT('Ctrl Pts',(-91.7104639070628,129.120225766129,40.1647354988903));
#10431=CARTESIAN_POINT('Ctrl Pts',(-91.7108023870082,129.120605400263,40.1471909549453));
#10432=CARTESIAN_POINT('Ctrl Pts',(-91.7112375437008,129.121093287506,40.1296514724567));
#10433=CARTESIAN_POINT('Ctrl Pts',(-91.711769329232,129.121689308609,40.1121182018443));
#10434=CARTESIAN_POINT('Ctrl Pts',(-91.7123976439033,129.122393379106,40.0945923624119));
#10435=CARTESIAN_POINT('Ctrl Pts',(-91.7131223892854,129.123205373496,40.0770751377409));
#10436=CARTESIAN_POINT('Ctrl Pts',(-91.7139434446572,129.124125159246,40.0595677216032));
#10437=CARTESIAN_POINT('Ctrl Pts',(-91.714860677682,129.125152581795,40.0420712966227));
#10438=CARTESIAN_POINT('Ctrl Pts',(-91.7158739398018,129.126287471445,40.0245870430741));
#10439=CARTESIAN_POINT('Ctrl Pts',(-91.7169830685091,129.127529640533,40.0071161339868));
#10440=CARTESIAN_POINT('Ctrl Pts',(-91.7181878864933,129.128878884888,39.9896597369071));
#10441=CARTESIAN_POINT('Ctrl Pts',(-91.7194882023699,129.130334983581,39.9722190114774));
#10442=CARTESIAN_POINT('Ctrl Pts',(-91.7208838103492,129.131897699043,39.9547951116053));
#10443=CARTESIAN_POINT('Ctrl Pts',(-91.7223744912371,129.13356677798,39.9373891794959));
#10444=CARTESIAN_POINT('Ctrl Pts',(-91.723960010982,129.13534194985,39.9200023569624));
#10445=CARTESIAN_POINT('Ctrl Pts',(-91.7256401245484,129.137222931167,39.9026357584756));
#10446=CARTESIAN_POINT('Ctrl Pts',(-91.7274145679993,129.139209416665,39.8852905297236));
#10447=CARTESIAN_POINT('Ctrl Pts',(-91.7292830769923,129.141301099999,39.8679677147519));
#10448=CARTESIAN_POINT('Ctrl Pts',(-91.7312453461774,129.143497628333,39.850668551796));
#10449=CARTESIAN_POINT('Ctrl Pts',(-91.7333011209973,129.145798705035,39.8333938090028));
#10450=CARTESIAN_POINT('Ctrl Pts',(-91.7354499929839,129.148203860719,39.8161452705697));
#10451=CARTESIAN_POINT('Ctrl Pts',(-91.737691859388,129.150712967373,39.7989224050902));
#10452=CARTESIAN_POINT('Ctrl Pts',(-91.7400258895941,129.153325082237,39.7817298631573));
#10453=CARTESIAN_POINT('Ctrl Pts',(-91.7424529713725,129.156041184124,39.7645597383277));
#10454=CARTESIAN_POINT('Ctrl Pts',(-91.7449745812889,129.158862909549,39.7474016049329));
#10455=CARTESIAN_POINT('Ctrl Pts',(-91.7475900528584,129.161789497152,39.7302604913489));
#10456=CARTESIAN_POINT('Ctrl Pts',(-91.7502995128775,129.164821072428,39.7131355964669));
#10457=CARTESIAN_POINT('Ctrl Pts',(-91.7531027228564,129.167957351323,39.6960286879552));
#10458=CARTESIAN_POINT('Ctrl Pts',(-91.7559995897855,129.171198212597,39.6789403957767));
#10459=CARTESIAN_POINT('Ctrl Pts',(-91.7589899388351,129.174543441291,39.6618718637673));
#10460=CARTESIAN_POINT('Ctrl Pts',(-91.7620736131678,129.177992845488,39.6448240133675));
#10461=CARTESIAN_POINT('Ctrl Pts',(-91.7652504326465,129.181546198694,39.6277978674531));
#10462=CARTESIAN_POINT('Ctrl Pts',(-91.7685202045249,129.185203277476,39.6107944142809));
#10463=CARTESIAN_POINT('Ctrl Pts',(-91.771882736127,129.188963816807,39.5938146461598));
#10464=CARTESIAN_POINT('Ctrl Pts',(-91.7753377785876,129.192827612616,39.5768596022626));
#10465=CARTESIAN_POINT('Ctrl Pts',(-91.7788854487429,129.19679377217,39.5599298825871));
#10466=CARTESIAN_POINT('Ctrl Pts',(-91.7825247612008,129.200863364094,39.5430273576084));
#10467=CARTESIAN_POINT('Ctrl Pts',(-91.7862560822344,129.20503494555,39.5261523125736));
#10468=CARTESIAN_POINT('Ctrl Pts',(-91.7900788731221,129.209308701371,39.509306068165));
#10469=CARTESIAN_POINT('Ctrl Pts',(-91.7939929790499,129.213684072416,39.4924894844423));
#10470=CARTESIAN_POINT('Ctrl Pts',(-91.7979980558797,129.218160810648,39.4757036254947));
#10471=CARTESIAN_POINT('Ctrl Pts',(-91.8020938260421,129.222738508261,39.4589494621024));
#10472=CARTESIAN_POINT('Ctrl Pts',(-91.8062799643402,129.227416807986,39.4422280038201));
#10473=CARTESIAN_POINT('Ctrl Pts',(-91.8105561490054,129.232195309281,39.4255402393409));
#10474=CARTESIAN_POINT('Ctrl Pts',(-91.8149220389843,129.237073610325,39.408887162472));
#10475=CARTESIAN_POINT('Ctrl Pts',(-91.8193772841783,129.242051289388,39.3922697598951));
#10476=CARTESIAN_POINT('Ctrl Pts',(-91.8239215209829,129.247127913285,39.3756890160005));
#10477=CARTESIAN_POINT('Ctrl Pts',(-91.8285543744049,129.25230303376,39.3591459101082));
#10478=CARTESIAN_POINT('Ctrl Pts',(-91.8332754572562,129.257576189268,39.3426414170985));
#10479=CARTESIAN_POINT('Ctrl Pts',(-91.8380843706664,129.262946904363,39.3261765065319));
#10480=CARTESIAN_POINT('Ctrl Pts',(-91.8429807040191,129.26841469017,39.3097521424533));
#10481=CARTESIAN_POINT('Ctrl Pts',(-91.8479640351587,129.273979044389,39.2933692829022));
#10482=CARTESIAN_POINT('Ctrl Pts',(-91.8530339304889,129.279639451519,39.2770288795651));
#10483=CARTESIAN_POINT('Ctrl Pts',(-91.858189945132,129.285395383001,39.2607318773751));
#10484=CARTESIAN_POINT('Ctrl Pts',(-91.8634316230727,129.291246297407,39.2444792141462));
#10485=CARTESIAN_POINT('Ctrl Pts',(-91.8687584973214,129.297191640626,39.2282718202032));
#10486=CARTESIAN_POINT('Ctrl Pts',(-91.87417009008,129.303230846062,39.2121106180251));
#10487=CARTESIAN_POINT('Ctrl Pts',(-91.8796659129179,129.309363334836,39.1959965218926));
#10488=CARTESIAN_POINT('Ctrl Pts',(-91.8852454669552,129.315588516006,39.1799304375457));
#10489=CARTESIAN_POINT('Ctrl Pts',(-91.8909082430535,129.321905786787,39.1639132618473));
#10490=CARTESIAN_POINT('Ctrl Pts',(-91.896653722014,129.328314532779,39.1479458824556));
#10491=CARTESIAN_POINT('Ctrl Pts',(-91.9024813747832,129.334814128212,39.1320291775028));
#10492=CARTESIAN_POINT('Ctrl Pts',(-91.9083906626655,129.341403936188,39.1161640152843));
#10493=CARTESIAN_POINT('Ctrl Pts',(-91.9143810375449,129.34808330894,39.100351253948));
#10494=CARTESIAN_POINT('Ctrl Pts',(-91.9204519421066,129.354851588088,39.0845917412082));
#10495=CARTESIAN_POINT('Ctrl Pts',(-91.9266028100844,129.361708104921,39.0688863140289));
#10496=CARTESIAN_POINT('Ctrl Pts',(-91.9328330664713,129.368652180645,39.0532357983998));
#10497=CARTESIAN_POINT('Ctrl Pts',(-91.9391421278339,129.375683126737,39.0376410089287));
#10498=CARTESIAN_POINT('Ctrl Pts',(-91.945529402418,129.382800245073,39.0221027488676));
#10499=CARTESIAN_POINT('Ctrl Pts',(-91.9519942907417,129.390002828599,39.0066218091934));
#10500=CARTESIAN_POINT('Ctrl Pts',(-91.9585361851196,129.397290160802,38.9911989698272));
#10501=CARTESIAN_POINT('Ctrl Pts',(-91.9651544716007,129.40466151788,38.9758349960885));
#10502=CARTESIAN_POINT('Ctrl Pts',(-91.9718485265223,129.412116164912,38.9605306458445));
#10503=CARTESIAN_POINT('Ctrl Pts',(-91.9786177251428,129.419653365465,38.9452866527276));
#10504=CARTESIAN_POINT('Ctrl Pts',(-91.9854614232428,129.427272361143,38.9301037629769));
#10505=CARTESIAN_POINT('Ctrl Pts',(-91.9923789992892,129.434972418467,38.914982652199));
#10506=CARTESIAN_POINT('Ctrl Pts',(-91.9993697609768,129.442752724986,38.8999241110974));
#10507=CARTESIAN_POINT('Ctrl Pts',(-92.0064331555568,129.450612623085,38.8849286287884));
#10508=CARTESIAN_POINT('Ctrl Pts',(-92.0135682994458,129.458551087096,38.8699973260648));
#10509=CARTESIAN_POINT('Ctrl Pts',(-92.0207750413365,129.466567905072,38.8551298473529));
#10510=CARTESIAN_POINT('Ctrl Pts',(-92.0280513663626,129.474660793172,38.8403295157234));
#10511=CARTESIAN_POINT('Ctrl Pts',(-92.0354046657885,129.482837924288,38.8255808126323));
#10512=CARTESIAN_POINT('Ctrl Pts',(-92.0428336204824,129.491097783248,38.8108862735983));
#10513=CARTESIAN_POINT('Ctrl Pts',(-92.0503382208033,129.499440310909,38.7962456657904));
#10514=CARTESIAN_POINT('Ctrl Pts',(-92.0579179441799,129.507864876921,38.781659828584));
#10515=CARTESIAN_POINT('Ctrl Pts',(-92.0655724862348,129.516371093031,38.7671291288952));
#10516=CARTESIAN_POINT('Ctrl Pts',(-92.0733014376488,129.524958453612,38.7526541437389));
#10517=CARTESIAN_POINT('Ctrl Pts',(-92.0811044283542,129.533626496051,38.7382353553713));
#10518=CARTESIAN_POINT('Ctrl Pts',(-92.0889810632141,129.542374729192,38.7238732870307));
#10519=CARTESIAN_POINT('Ctrl Pts',(-92.0969309508052,129.551202665336,38.7095684419707));
#10520=CARTESIAN_POINT('Ctrl Pts',(-92.1049536906404,129.560109806014,38.6953213303262));
#10521=CARTESIAN_POINT('Ctrl Pts',(-92.1130488789576,129.569095648412,38.6811324567673));
#10522=CARTESIAN_POINT('Ctrl Pts',(-92.1212161062271,129.578159682584,38.6670023256659));
#10523=CARTESIAN_POINT('Ctrl Pts',(-92.1294549583688,129.587301392782,38.652931438448));
#10524=CARTESIAN_POINT('Ctrl Pts',(-92.1377650163168,129.596520256956,38.6389202944405));
#10525=CARTESIAN_POINT('Ctrl Pts',(-92.1461458563434,129.60581574709,38.6249693901604));
#10526=CARTESIAN_POINT('Ctrl Pts',(-92.1545970500266,129.615187329154,38.6110792193101));
#10527=CARTESIAN_POINT('Ctrl Pts',(-92.1631181644471,129.624634463272,38.5972502724503));
#10528=CARTESIAN_POINT('Ctrl Pts',(-92.1717087621574,129.634156603712,38.5834830368481));
#10529=CARTESIAN_POINT('Ctrl Pts',(-92.1803684015636,129.643753199183,38.5697779961937));
#10530=CARTESIAN_POINT('Ctrl Pts',(-92.1890966364589,129.653423692495,38.55613563051));
#10531=CARTESIAN_POINT('Ctrl Pts',(-92.1978930174561,129.663167521659,38.542556415693));
#10532=CARTESIAN_POINT('Ctrl Pts',(-92.2067570891986,129.672984117775,38.5290408238648));
#10533=CARTESIAN_POINT('Ctrl Pts',(-92.2156883970473,129.682872910139,38.5155893219307));
#10534=CARTESIAN_POINT('Ctrl Pts',(-92.2246864725663,129.692833315195,38.5022023741614));
#10535=CARTESIAN_POINT('Ctrl Pts',(-92.2337508665188,129.702864761686,38.4888804357751));
#10536=CARTESIAN_POINT('Ctrl Pts',(-92.2428810754786,129.712966634755,38.4756239666856));
#10537=CARTESIAN_POINT('Ctrl Pts',(-92.252076706734,129.723138401579,38.4624334000943));
#10538=CARTESIAN_POINT('Ctrl Pts',(-92.2613371095178,129.733379330457,38.4493092122283));
#10539=CARTESIAN_POINT('Ctrl Pts',(-92.2706622015258,129.743689120442,38.436251765552));
#10540=CARTESIAN_POINT('Ctrl Pts',(-92.2800506183874,129.754066491667,38.4232616593373));
#10541=CARTESIAN_POINT('Ctrl Pts',(-92.2895038589348,129.764512343095,38.4103389439127));
#10542=CARTESIAN_POINT('Ctrl Pts',(-92.2990170014506,129.775022680458,38.3974848799918));
#10543=CARTESIAN_POINT('Ctrl Pts',(-92.3085995048343,129.785604461719,38.3846979962504));
#10544=CARTESIAN_POINT('Ctrl Pts',(-92.3182284256803,129.796239965192,38.3719829567232));
#10545=CARTESIAN_POINT('Ctrl Pts',(-92.3263173990363,129.805167218219,38.3614422173962));
#10546=CARTESIAN_POINT('Ctrl Pts',(-92.3328084649897,129.812333278877,38.3530465184905));
#10547=CARTESIAN_POINT('Ctrl Pts',(-92.3376924375757,129.817724197321,38.3467671235415));
#10548=CARTESIAN_POINT('Ctrl Pts',(-92.3417760812435,129.822230647362,38.3415486805006));
#10549=CARTESIAN_POINT('Ctrl Pts',(-92.3450475896384,129.825841630031,38.337383294794));
#10550=CARTESIAN_POINT('Ctrl Pts',(-92.3499630044151,129.831266449081,38.3311438827967));
#10551=CARTESIAN_POINT('Ctrl Pts',(-92.3573843602752,129.839447313023,38.3218137307513));
#10552=CARTESIAN_POINT('Ctrl Pts',(-92.3673272163873,129.850409262479,38.3094467375514));
#10553=CARTESIAN_POINT('Ctrl Pts',(-92.3773333289343,129.861435979432,38.2971500899207));
#10554=CARTESIAN_POINT('Ctrl Pts',(-92.3873976192083,129.872523494622,38.2849250485584));
#10555=CARTESIAN_POINT('Ctrl Pts',(-92.3975165538468,129.883669296186,38.2727726306585));
#10556=CARTESIAN_POINT('Ctrl Pts',(-92.4060051891471,129.89301273591,38.2627040832284));
#10557=CARTESIAN_POINT('Ctrl Pts',(-92.4128070293379,129.90050549884,38.2546892377806));
#10558=CARTESIAN_POINT('Ctrl Pts',(-92.4179240628797,129.90614074376,38.2486959840891));
#10559=CARTESIAN_POINT('Ctrl Pts',(-92.4230553664055,129.911790693292,38.2427209263733));
#10560=CARTESIAN_POINT('Ctrl Pts',(-92.4299133781209,129.919341774572,38.2347790749499));
#10561=CARTESIAN_POINT('Ctrl Pts',(-92.438547828779,129.928833914819,38.224891746188));
#10562=CARTESIAN_POINT('Ctrl Pts',(-92.4489521585756,129.940273697617,38.2131031915002));
#10563=CARTESIAN_POINT('Ctrl Pts',(-92.4594166701649,129.951773300224,38.2013873808473));
#10564=CARTESIAN_POINT('Ctrl Pts',(-92.4699341102239,129.96332772756,38.1897460554383));
#10565=CARTESIAN_POINT('Ctrl Pts',(-92.4805052191864,129.974937180777,38.1781792529484));
#10566=CARTESIAN_POINT('Ctrl Pts',(-92.4911331115364,129.986603111787,38.1666864406675));
#10567=CARTESIAN_POINT('Ctrl Pts',(-92.5018065383072,129.998318412789,38.1552702818577));
#10568=CARTESIAN_POINT('Ctrl Pts',(-92.5107605941708,130.00813496653,38.1458160274502));
#10569=CARTESIAN_POINT('Ctrl Pts',(-92.5179181189599,130.015995401475,38.1382974244342));
#10570=CARTESIAN_POINT('Ctrl Pts',(-92.5233020899099,130.021905507354,38.1326767402515));
#10571=CARTESIAN_POINT('Ctrl Pts',(-92.5286989595095,130.027828575945,38.1270749892708));
#10572=CARTESIAN_POINT('Ctrl Pts',(-92.5359084209732,130.035741135435,38.1196320560064));
#10573=CARTESIAN_POINT('Ctrl Pts',(-92.5449975307417,130.045690515615,38.1103656900996));
#10574=CARTESIAN_POINT('Ctrl Pts',(-92.5559412032875,130.057672080954,38.0993253579852));
#10575=CARTESIAN_POINT('Ctrl Pts',(-92.5669273715551,130.069699240411,38.0883632079835));
#10576=CARTESIAN_POINT('Ctrl Pts',(-92.5752325228691,130.078772779134,38.080192641026));
#10577=CARTESIAN_POINT('Ctrl Pts',(-92.5807391266352,130.084810759817,38.0747799496621));
#10578=CARTESIAN_POINT('Ctrl Pts',(-92.5844103154152,130.088837842667,38.0711788003091));
#10579=CARTESIAN_POINT('Ctrl Pts',(-92.5881085326265,130.092882878584,38.0675824943413));
#10580=CARTESIAN_POINT('Ctrl Pts',(-92.5917914359026,130.09692172191,38.0640007075182));
#10581=CARTESIAN_POINT('Ctrl Pts',(-92.5954838222196,130.100967621051,38.0604240989552));
#10582=CARTESIAN_POINT('Ctrl Pts',(-92.6019601457402,130.108060658964,38.0541809814501));
#10583=CARTESIAN_POINT('Ctrl Pts',(-92.6094740151284,130.116240198028,38.0470643051888));
#10584=CARTESIAN_POINT('Ctrl Pts',(-92.615991986995,130.123374119379,38.0408889135064));
#10585=CARTESIAN_POINT('Ctrl Pts',(-92.6197186803608,130.127454316363,38.0373706822468));
#10586=CARTESIAN_POINT('Ctrl Pts',(-92.6253068721455,130.133576030713,38.0321048180202));
#10587=CARTESIAN_POINT('Ctrl Pts',(-92.6319685584488,130.140804142727,38.0259606995077));
#10588=CARTESIAN_POINT('Ctrl Pts',(-92.6385357491022,130.147988219186,38.0198771814975));
#10589=CARTESIAN_POINT('Ctrl Pts',(-92.6422925174874,130.152098099623,38.0164110191064));
#10590=CARTESIAN_POINT('Ctrl Pts',(-92.6446425722445,130.154668897676,38.014248797659));
#10591=CARTESIAN_POINT('Ctrl Pts',(-92.6465202607684,130.156724842441,38.0125223387618));
#10592=CARTESIAN_POINT('Ctrl Pts',(-92.647928957936,130.158267335009,38.0112287793503));
#10593=CARTESIAN_POINT('Ctrl Pts',(-92.6489282801791,130.159360962619,38.010313140912));
#10594=CARTESIAN_POINT('Ctrl Pts',(-92.6495149913658,130.160003728166,38.0097751172585));
#10595=CARTESIAN_POINT('Ctrl Pts',(-92.6497496100721,130.160260804728,38.0095599520121));
#10596=CARTESIAN_POINT('Ctrl Pts',(-92.6500431112302,130.160582285989,38.0092909963596));
#10597=CARTESIAN_POINT('Ctrl Pts',(-92.6503951613394,130.160968000228,38.0089683716086));
#10598=CARTESIAN_POINT('Ctrl Pts',(-92.6515696361118,130.162254304622,38.0078930163958));
#10599=CARTESIAN_POINT('Ctrl Pts',(-92.6535784719695,130.164448119254,38.006064257594));
#10600=CARTESIAN_POINT('Ctrl Pts',(-92.6564083329357,130.167543146081,38.003489465927));
#10601=CARTESIAN_POINT('Ctrl Pts',(-92.6587749390466,130.170127860095,38.0013464617817));
#10602=CARTESIAN_POINT('Ctrl Pts',(-92.6604262569648,130.171934819252,37.9998500311453));
#10603=CARTESIAN_POINT('Ctrl Pts',(-92.6613693897627,130.172967259735,37.9989957337646));
#10604=CARTESIAN_POINT('Ctrl Pts',(-92.6623123184575,130.17399968998,37.9981419468378));
#10605=CARTESIAN_POINT('Ctrl Pts',(-92.6634946523063,130.175292383933,37.9970747163508));
#10606=CARTESIAN_POINT('Ctrl Pts',(-92.6653830046055,130.177359279721,37.9953697937647));
#10607=CARTESIAN_POINT('Ctrl Pts',(-92.6672866261362,130.179434941823,37.993664051243));
#10608=CARTESIAN_POINT('Ctrl Pts',(-92.6691779194331,130.181504601401,37.9919639881478));
#10609=CARTESIAN_POINT('Ctrl Pts',(-92.6710735815672,130.18357698854,37.9902647460482));
#10610=CARTESIAN_POINT('Ctrl Pts',(-92.6743959169681,130.187207332134,37.9872947699973));
#10611=CARTESIAN_POINT('Ctrl Pts',(-92.6782505407315,130.191389373348,37.9838980099857));
#10612=CARTESIAN_POINT('Ctrl Pts',(-92.6815825720524,130.195028983433,37.9809451841402));
#10613=CARTESIAN_POINT('Ctrl Pts',(-92.6834862631553,130.197109168886,37.979260709849));
#10614=CARTESIAN_POINT('Ctrl Pts',(-92.6853872658243,130.199188311412,37.9775787221922));
#10615=CARTESIAN_POINT('Ctrl Pts',(-92.6873053137158,130.201277077169,37.9758954823983));
#10616=CARTESIAN_POINT('Ctrl Pts',(-92.6892092860015,130.203358951048,37.9742183482368));
#10617=CARTESIAN_POINT('Ctrl Pts',(-92.6906399853367,130.204922086372,37.9729612432901));
#10618=CARTESIAN_POINT('Ctrl Pts',(-92.6918328827053,130.206225279311,37.9719146595863));
#10619=CARTESIAN_POINT('Ctrl Pts',(-92.6927856750572,130.207267170125,37.9710784483843));
#10620=CARTESIAN_POINT('Ctrl Pts',(-92.6942137863876,130.208829581163,37.9698250814838));
#10621=CARTESIAN_POINT('Ctrl Pts',(-92.6956629277188,130.210403446429,37.9685684662674));
#10622=CARTESIAN_POINT('Ctrl Pts',(-92.6970927201339,130.211967460362,37.9673181743448));
#10623=CARTESIAN_POINT('Ctrl Pts',(-92.698046902939,130.213010752587,37.9664848753605));
#10624=CARTESIAN_POINT('Ctrl Pts',(-92.6992435233755,130.214317093501,37.9654431962423));
#10625=CARTESIAN_POINT('Ctrl Pts',(-92.7006778467347,130.215884133912,37.9641949555119));
#10626=CARTESIAN_POINT('Ctrl Pts',(-92.7018758870659,130.217191692808,37.9631552546398));
#10627=CARTESIAN_POINT('Ctrl Pts',(-92.7028312213052,130.218236253941,37.9623249245136));
#10628=CARTESIAN_POINT('Ctrl Pts',(-92.7037875838642,130.219281448606,37.9614948131201));
#10629=CARTESIAN_POINT('Ctrl Pts',(-92.7054628445701,130.221111640841,37.9600429477811));
#10630=CARTESIAN_POINT('Ctrl Pts',(-92.7073980158187,130.223214640271,37.9583815565165));
#10631=CARTESIAN_POINT('Ctrl Pts',(-92.7093145835535,130.225308454391,37.956727368572));
#10632=CARTESIAN_POINT('Ctrl Pts',(-92.710755764004,130.226881060966,37.9554872240816));
#10633=CARTESIAN_POINT('Ctrl Pts',(-92.712196248197,130.22845358148,37.9542486346473));
#10634=CARTESIAN_POINT('Ctrl Pts',(-92.7136382450885,130.230027171271,37.9530110746854));
#10635=CARTESIAN_POINT('Ctrl Pts',(-92.7150801434179,130.231600987641,37.9517749278177));
#10636=CARTESIAN_POINT('Ctrl Pts',(-92.7170051255438,130.233701057207,37.9501280006356));
#10637=CARTESIAN_POINT('Ctrl Pts',(-92.7203839081203,130.237382401794,37.9472483446003));
#10638=CARTESIAN_POINT('Ctrl Pts',(-92.7243305578744,130.241636262622,37.9439481217588));
#10639=CARTESIAN_POINT('Ctrl Pts',(-92.7282049818712,130.245854648832,37.9406762298777));
#10640=CARTESIAN_POINT('Ctrl Pts',(-92.7320727162492,130.250071013854,37.9374133471933));
#10641=CARTESIAN_POINT('Ctrl Pts',(-92.7353160341563,130.253550986765,37.9347472392604));
#10642=CARTESIAN_POINT('Ctrl Pts',(-92.7377328343042,130.256188287023,37.9327202217356));
#10643=CARTESIAN_POINT('Ctrl Pts',(-92.7386974640514,130.257242209083,37.9319103766309));
#10644=CARTESIAN_POINT('Ctrl Pts',(-92.7396694492465,130.258300084262,37.9310994698789));
#10645=CARTESIAN_POINT('Ctrl Pts',(-92.7406350183432,130.259354760379,37.9302907897523));
#10646=CARTESIAN_POINT('Ctrl Pts',(-92.741360446746,130.260146483441,37.929684328039));
#10647=CARTESIAN_POINT('Ctrl Pts',(-92.74208558291,130.260938120622,37.9290782833194));
#10648=CARTESIAN_POINT('Ctrl Pts',(-92.7445029838255,130.263577278182,37.9270592250988));
#10649=CARTESIAN_POINT('Ctrl Pts',(-92.7470447619994,130.266281824748,37.9250156371635));
#10650=CARTESIAN_POINT('Ctrl Pts',(-92.7493460335721,130.268793359674,37.9231062966798));
#10651=CARTESIAN_POINT('Ctrl Pts',(-92.7497694233418,130.269255766023,37.9227548544543));
#10652=CARTESIAN_POINT('Ctrl Pts',(-92.7500112387074,130.269519943439,37.922554102823));
#10653=CARTESIAN_POINT('Ctrl Pts',(-92.7503737993495,130.269916133865,37.9222530576596));
#10654=CARTESIAN_POINT('Ctrl Pts',(-92.7507386072609,130.270313505057,37.9219515830056));
#10655=CARTESIAN_POINT('Ctrl Pts',(-92.7511012320687,130.27070976955,37.921650739532));
#10656=CARTESIAN_POINT('Ctrl Pts',(-92.7512373552127,130.270858443439,37.9215379062581));
#10657=CARTESIAN_POINT('Ctrl Pts',(-92.7513280060524,130.270957510128,37.9214627143111));
#10658=CARTESIAN_POINT('Ctrl Pts',(-92.7513884467833,130.27102355845,37.9214125865164));
#10659=CARTESIAN_POINT('Ctrl Pts',(-92.7514942192945,130.271139144552,37.9213248673303));
#10660=CARTESIAN_POINT('Ctrl Pts',(-92.752068999256,130.271766923491,37.9208485884475));
#10661=CARTESIAN_POINT('Ctrl Pts',(-92.752864463795,130.272630661923,37.9201951222027));
#10662=CARTESIAN_POINT('Ctrl Pts',(-92.7538336864934,130.273688805864,37.9193939027254));
#10663=CARTESIAN_POINT('Ctrl Pts',(-92.7548045139238,130.27474786273,37.9185927615475));
#10664=CARTESIAN_POINT('Ctrl Pts',(-92.7560247681096,130.276075299708,37.917590590949));
#10665=CARTESIAN_POINT('Ctrl Pts',(-92.7574855095209,130.277666652357,37.9163902301557));
#10666=CARTESIAN_POINT('Ctrl Pts',(-92.7587073765674,130.278995348203,37.9153899870196));
#10667=CARTESIAN_POINT('Ctrl Pts',(-92.7596788700616,130.280055352812,37.9145919269475));
#10668=CARTESIAN_POINT('Ctrl Pts',(-92.7602873314618,130.280718565241,37.9140931219291));
#10669=CARTESIAN_POINT('Ctrl Pts',(-92.7607120644153,130.281182231405,37.9137443959995));
#10670=CARTESIAN_POINT('Ctrl Pts',(-92.76095460979,130.281447109926,37.9135452056638));
#10671=CARTESIAN_POINT('Ctrl Pts',(-92.7611971185495,130.281711975023,37.9133460530514));
#10672=CARTESIAN_POINT('Ctrl Pts',(-92.7615007578719,130.282043324391,37.9130970456088));
#10673=CARTESIAN_POINT('Ctrl Pts',(-92.7618649211961,130.282440855224,37.9127983724436));
#10674=CARTESIAN_POINT('Ctrl Pts',(-92.7622292748907,130.282838499595,37.9124997403239));
#10675=CARTESIAN_POINT('Ctrl Pts',(-92.7625935099693,130.283236099309,37.912201223508));
#10676=CARTESIAN_POINT('Ctrl Pts',(-92.7628973215557,130.283567590217,37.9119524639405));
#10677=CARTESIAN_POINT('Ctrl Pts',(-92.7631399348437,130.283832567941,37.9117536045007));
#10678=CARTESIAN_POINT('Ctrl Pts',(-92.7637468956087,130.284495244214,37.9112564254159));
#10679=CARTESIAN_POINT('Ctrl Pts',(-92.7645473059375,130.2853626095,37.9106077834426));
#10680=CARTESIAN_POINT('Ctrl Pts',(-92.765398087267,130.286291082676,37.9099125468091));
#10681=CARTESIAN_POINT('Ctrl Pts',(-92.7657936213964,130.286722455781,37.9095897723283));
#10682=CARTESIAN_POINT('Ctrl Pts',(-92.7659756684171,130.286921296921,37.9094409486182));
#10683=CARTESIAN_POINT('Ctrl Pts',(-92.7660970483028,130.287053866788,37.9093417363877));
#10684=CARTESIAN_POINT('Ctrl Pts',(-92.7663095881341,130.287285931359,37.9091681038778));
#10685=CARTESIAN_POINT('Ctrl Pts',(-92.7666136815031,130.287617699467,37.9089199997521));
#10686=CARTESIAN_POINT('Ctrl Pts',(-92.7669785029814,130.288015790886,37.9086223833739));
#10687=CARTESIAN_POINT('Ctrl Pts',(-92.7673432879832,130.288413879724,37.9083248625782));
#10688=CARTESIAN_POINT('Ctrl Pts',(-92.7676171742516,130.28871260994,37.9081017154231));
#10689=CARTESIAN_POINT('Ctrl Pts',(-92.7677993436254,130.288911553575,37.9079530792676));
#10690=CARTESIAN_POINT('Ctrl Pts',(-92.7679207589348,130.289044168229,37.9078540031812));
#10691=CARTESIAN_POINT('Ctrl Pts',(-92.7680423568707,130.289176877906,37.9077548939537));
#10692=CARTESIAN_POINT('Ctrl Pts',(-92.7681637846,130.289309502881,37.9076558365745));
#10693=CARTESIAN_POINT('Ctrl Pts',(-92.7682548790393,130.289408984654,37.9075815432698));
#10694=CARTESIAN_POINT('Ctrl Pts',(-92.7683307976225,130.28949189029,37.9075196351232));
#10695=CARTESIAN_POINT('Ctrl Pts',(-92.7683915066402,130.289558202145,37.9074701175476));
#10696=CARTESIAN_POINT('Ctrl Pts',(-92.7684825795567,130.2896576752,37.9073958416327));
#10697=CARTESIAN_POINT('Ctrl Pts',(-92.7686193557339,130.289806971506,37.9072843977286));
#10698=CARTESIAN_POINT('Ctrl Pts',(-92.7688624624381,130.290072366528,37.9070863164337));
#10699=CARTESIAN_POINT('Ctrl Pts',(-92.7692882299512,130.290536990044,37.906739670386));
#10700=CARTESIAN_POINT('Ctrl Pts',(-92.7697776462789,130.291069455949,37.9063429959241));
#10701=CARTESIAN_POINT('Ctrl Pts',(-92.7702035186195,130.291534188584,37.9059966283799));
#10702=CARTESIAN_POINT('Ctrl Pts',(-92.7704467975815,130.291799719123,37.9057987659555));
#10703=CARTESIAN_POINT('Ctrl Pts',(-92.7706899013919,130.292065165998,37.9056009747033));
#10704=CARTESIAN_POINT('Ctrl Pts',(-92.7709338354059,130.292331042421,37.9054030265934));
#10705=CARTESIAN_POINT('Ctrl Pts',(-92.7711769910438,130.292596531554,37.9052053096344));
#10706=CARTESIAN_POINT('Ctrl Pts',(-92.7713594748887,130.292795711857,37.9050570153633));
#10707=CARTESIAN_POINT('Ctrl Pts',(-92.771541961656,130.292994897582,37.9049087420764));
#10708=CARTESIAN_POINT('Ctrl Pts',(-92.771785178198,130.293260433591,37.9047110972244));
#10709=CARTESIAN_POINT('Ctrl Pts',(-92.7724558624612,130.293991612034,37.904167249433));
#10710=CARTESIAN_POINT('Ctrl Pts',(-92.7735632981014,130.295193253392,37.9032755658277));
#10711=CARTESIAN_POINT('Ctrl Pts',(-92.7745649549208,130.296279196162,37.9024710576434));
#10712=CARTESIAN_POINT('Ctrl Pts',(-92.7750830710226,130.296844319727,37.9020518982367));
#10713=CARTESIAN_POINT('Ctrl Pts',(-92.7751286330354,130.296894105679,37.9020149521386));
#10714=CARTESIAN_POINT('Ctrl Pts',(-92.7751742709123,130.296943930341,37.9019779890841));
#10715=CARTESIAN_POINT('Ctrl Pts',(-92.7752654805519,130.297043546641,37.9019040816463));
#10716=CARTESIAN_POINT('Ctrl Pts',(-92.7753721567518,130.297159901327,37.9018178002345));
#10717=CARTESIAN_POINT('Ctrl Pts',(-92.7754938213141,130.297292752884,37.9017192643857));
#10718=CARTESIAN_POINT('Ctrl Pts',(-92.7756154928253,130.297425609295,37.9016207340937));
#10719=CARTESIAN_POINT('Ctrl Pts',(-92.7757221744309,130.297541971261,37.9015344766723));
#10720=CARTESIAN_POINT('Ctrl Pts',(-92.775813411986,130.297641608147,37.9014605977522));
#10721=CARTESIAN_POINT('Ctrl Pts',(-92.7758590361319,130.297691429555,37.9014236583513));
#10722=CARTESIAN_POINT('Ctrl Pts',(-92.775904661832,130.297741251994,37.9013867199305));
#10723=CARTESIAN_POINT('Ctrl Pts',(-92.7759654884656,130.297807678382,37.9013374723553));
#10724=CARTESIAN_POINT('Ctrl Pts',(-92.7760415863614,130.29789074466,37.9012759006648));
#10725=CARTESIAN_POINT('Ctrl Pts',(-92.776163256497,130.298023608281,37.9011774140953));
#10726=CARTESIAN_POINT('Ctrl Pts',(-92.7762852119528,130.29815661814,37.9010788694176));
#10727=CARTESIAN_POINT('Ctrl Pts',(-92.7764068720401,130.298289480645,37.9009804069742));
#10728=CARTESIAN_POINT('Ctrl Pts',(-92.7767114222377,130.298621842363,37.900734172263));
#10729=CARTESIAN_POINT('Ctrl Pts',(-92.7772328073115,130.299188727148,37.9003148293523));
#10730=CARTESIAN_POINT('Ctrl Pts',(-92.777844998853,130.299855094973,37.8998220646708));
#10731=CARTESIAN_POINT('Ctrl Pts',(-92.7782420289097,130.300287807797,37.8995021248825));
#10732=CARTESIAN_POINT('Ctrl Pts',(-92.7784247352562,130.300487254373,37.899354617621));
#10733=CARTESIAN_POINT('Ctrl Pts',(-92.7785465214391,130.300620210951,37.8992562910409));
#10734=CARTESIAN_POINT('Ctrl Pts',(-92.7786989216327,130.300786493714,37.8991333558816));
#10735=CARTESIAN_POINT('Ctrl Pts',(-92.7788361204681,130.300936170656,37.8990227211549));
#10736=CARTESIAN_POINT('Ctrl Pts',(-92.7789198404141,130.301027578532,37.8989551471952));
#10737=CARTESIAN_POINT('Ctrl Pts',(-92.7789502733532,130.301060812492,37.8989305781063));
#10738=CARTESIAN_POINT('Ctrl Pts',(-92.778980707878,130.301094047335,37.898906009086));
#10739=CARTESIAN_POINT('Ctrl Pts',(-92.7790187610981,130.30113559612,37.8988752962235));
#10740=CARTESIAN_POINT('Ctrl Pts',(-92.7791709684274,130.301301789281,37.8987524506358));
#10741=CARTESIAN_POINT('Ctrl Pts',(-92.7793395990305,130.301485212466,37.8986170519413));
#10742=CARTESIAN_POINT('Ctrl Pts',(-92.7795222709589,130.3016846653,37.8984696831663));
#10743=CARTESIAN_POINT('Ctrl Pts',(-92.7796440941559,130.301817656318,37.8983714344096));
#10744=CARTESIAN_POINT('Ctrl Pts',(-92.7797661503897,130.301950766806,37.8982731401108));
#10745=CARTESIAN_POINT('Ctrl Pts',(-92.7798879662998,130.302083758083,37.8981749148105));
#10746=CARTESIAN_POINT('Ctrl Pts',(-92.7799793607663,130.302183518929,37.8981012433863));
#10747=CARTESIAN_POINT('Ctrl Pts',(-92.780070757992,130.302283282143,37.8980275767163));
#10748=CARTESIAN_POINT('Ctrl Pts',(-92.7801925840355,130.30241628247,37.8979293706586));
#10749=CARTESIAN_POINT('Ctrl Pts',(-92.7803451806052,130.302582693564,37.8978065506384));
#10750=CARTESIAN_POINT('Ctrl Pts',(-92.7805888868002,130.30284873068,37.8976101760484));
#10751=CARTESIAN_POINT('Ctrl Pts',(-92.7808034048769,130.303082162441,37.8974380775718));
#10752=CARTESIAN_POINT('Ctrl Pts',(-92.7809709536628,130.303265073274,37.897303124541));
#10753=CARTESIAN_POINT('Ctrl Pts',(-92.7810204554063,130.303319114853,37.8972632545744));
#10754=CARTESIAN_POINT('Ctrl Pts',(-92.7810413881042,130.303341973457,37.8972463894051));
#10755=CARTESIAN_POINT('Ctrl Pts',(-92.7810489997174,130.303350285545,37.8972402567256));
#10756=CARTESIAN_POINT('Ctrl Pts',(-92.7810604157794,130.303362753,37.8972310580776));
#10757=CARTESIAN_POINT('Ctrl Pts',(-92.781130867933,130.303439662494,37.8971743208757));
#10758=CARTESIAN_POINT('Ctrl Pts',(-92.7813213656575,130.30364757186,37.8970209688577));
#10759=CARTESIAN_POINT('Ctrl Pts',(-92.7815206758668,130.303864404191,37.8968612292092));
#10760=CARTESIAN_POINT('Ctrl Pts',(-92.7816730247585,130.304030715477,37.8967386069848));
#10761=CARTESIAN_POINT('Ctrl Pts',(-92.7817339336179,130.304097224871,37.896689567337));
#10762=CARTESIAN_POINT('Ctrl Pts',(-92.7817873167652,130.304155465244,37.8966466387298));
#10763=CARTESIAN_POINT('Ctrl Pts',(-92.7818329988705,130.304205348198,37.8966098626111));
#10764=CARTESIAN_POINT('Ctrl Pts',(-92.781855842677,130.304230291122,37.8965914742238));
#10765=CARTESIAN_POINT('Ctrl Pts',(-92.7818786860243,130.304255233876,37.8965730862865));
#10766=CARTESIAN_POINT('Ctrl Pts',(-92.7819091430954,130.304288490598,37.8965485696645));
#10767=CARTESIAN_POINT('Ctrl Pts',(-92.7819472296325,130.304330069297,37.8965179210525));
#10768=CARTESIAN_POINT('Ctrl Pts',(-92.7820995459288,130.304496369901,37.8963953383559));
#10769=CARTESIAN_POINT('Ctrl Pts',(-92.7822456120011,130.30465504551,37.896278573255));
#10770=CARTESIAN_POINT('Ctrl Pts',(-92.7823827345948,130.304804741582,37.8961682752329));
#10771=CARTESIAN_POINT('Ctrl Pts',(-92.7824131897298,130.304837999137,37.8961437690238));
#10772=CARTESIAN_POINT('Ctrl Pts',(-92.7824436717167,130.304871270311,37.8961192569862));
#10773=CARTESIAN_POINT('Ctrl Pts',(-92.7824741308586,130.304904530125,37.8960947511621));
#10774=CARTESIAN_POINT('Ctrl Pts',(-92.7824969788163,130.304929476858,37.8960763712604));
#10775=CARTESIAN_POINT('Ctrl Pts',(-92.782519826538,130.304954423533,37.8960579917547));
#10776=CARTESIAN_POINT('Ctrl Pts',(-92.7825502872092,130.304987684362,37.896033486916));
#10777=CARTESIAN_POINT('Ctrl Pts',(-92.7825807679629,130.305020955402,37.8960089778877));
#10778=CARTESIAN_POINT('Ctrl Pts',(-92.7826074216237,130.30505005913,37.8959875372012));
#10779=CARTESIAN_POINT('Ctrl Pts',(-92.7826207487236,130.305064611157,37.8959768169409));
#10780=CARTESIAN_POINT('Ctrl Pts',(-92.7826283625986,130.305072925799,37.8959706915107));
#10781=CARTESIAN_POINT('Ctrl Pts',(-92.7826626338383,130.305110346133,37.8959431250679));
#10782=CARTESIAN_POINT('Ctrl Pts',(-92.7827560353096,130.305212267123,37.8958680599537));
#10783=CARTESIAN_POINT('Ctrl Pts',(-92.7829086441037,130.305378729733,37.8957454899565));
#10784=CARTESIAN_POINT('Ctrl Pts',(-92.7830346648276,130.305516123543,37.8956443558969));
#10785=CARTESIAN_POINT('Ctrl Pts',(-92.7831032318886,130.305590980313,37.8955892377729));
#10786=CARTESIAN_POINT('Ctrl Pts',(-92.7831184619023,130.305607611602,37.895576991138));
#10787=CARTESIAN_POINT('Ctrl Pts',(-92.7831451215837,130.305636720004,37.8955555580881));
#10788=CARTESIAN_POINT('Ctrl Pts',(-92.783175606172,130.305669995091,37.8955310598795));
#10789=CARTESIAN_POINT('Ctrl Pts',(-92.7832022652326,130.305699103396,37.8955096281664));
#10790=CARTESIAN_POINT('Ctrl Pts',(-92.7832174976063,130.305715736054,37.8954973819763));
#10791=CARTESIAN_POINT('Ctrl Pts',(-92.7832270180721,130.305726131595,37.8954897281217));
#10792=CARTESIAN_POINT('Ctrl Pts',(-92.7832346336778,130.30573444765,37.8954836052665));
#10793=CARTESIAN_POINT('Ctrl Pts',(-92.783240345465,130.305740684737,37.8954790131261));
#10794=CARTESIAN_POINT('Ctrl Pts',(-92.7832460572149,130.305746921809,37.8954744210159));
#10795=CARTESIAN_POINT('Ctrl Pts',(-92.7832574808181,130.305759396013,37.8954652368129));
#10796=CARTESIAN_POINT('Ctrl Pts',(-92.7833279425038,130.305836328478,37.8954085976351));
#10797=CARTESIAN_POINT('Ctrl Pts',(-92.7834045165055,130.305919699811,37.8953472743493));
#10798=CARTESIAN_POINT('Ctrl Pts',(-92.7834806907191,130.306002871598,37.8952860531167));
#10799=CARTESIAN_POINT('Ctrl Pts',(-92.7834978324837,130.306021586582,37.895272277971));
#10800=CARTESIAN_POINT('Ctrl Pts',(-92.7835092568689,130.306034061525,37.8952630954853));
#10801=CARTESIAN_POINT('Ctrl Pts',(-92.7835168730389,130.306042378114,37.8952569738774));
#10802=CARTESIAN_POINT('Ctrl Pts',(-92.7835302025489,130.306056932768,37.8952462608437));
#10803=CARTESIAN_POINT('Ctrl Pts',(-92.7835568663894,130.306086044544,37.8952248339034));
#10804=CARTESIAN_POINT('Ctrl Pts',(-92.7835949686382,130.306127638486,37.8951942221559));
#10805=CARTESIAN_POINT('Ctrl Pts',(-92.7836273621813,130.306162996834,37.8951682015219));
#10806=CARTESIAN_POINT('Ctrl Pts',(-92.7836464046617,130.306183789633,37.895152898628));
#10807=CARTESIAN_POINT('Ctrl Pts',(-92.7836521168338,130.30619002719,37.8951483079198));
#10808=CARTESIAN_POINT('Ctrl Pts',(-92.7836578293095,130.306196264903,37.8951437171591));
#10809=CARTESIAN_POINT('Ctrl Pts',(-92.7836635416731,130.306202502564,37.8951391264468));
#10810=CARTESIAN_POINT('Ctrl Pts',(-92.7836692540785,130.306208740249,37.8951345357455));
#10811=CARTESIAN_POINT('Ctrl Pts',(-92.7836749665313,130.306214977962,37.8951299450539));
#10812=CARTESIAN_POINT('Ctrl Pts',(-92.7836806788654,130.30622121562,37.8951253544124));
#10813=CARTESIAN_POINT('Ctrl Pts',(-92.7836997207947,130.306242008232,37.8951100521464));
#10814=CARTESIAN_POINT('Ctrl Pts',(-92.783724502391,130.306269052266,37.8950901530391));
#10815=CARTESIAN_POINT('Ctrl Pts',(-92.7837511631844,130.306298163162,37.895068730397));
#10816=CARTESIAN_POINT('Ctrl Pts',(-92.7837644944156,130.306312719051,37.8950580190218));
#10817=CARTESIAN_POINT('Ctrl Pts',(-92.7837721111184,130.306321036143,37.8950518985558));
#10818=CARTESIAN_POINT('Ctrl Pts',(-92.7837778234359,130.306327273847,37.8950473082786));
#10819=CARTESIAN_POINT('Ctrl Pts',(-92.783783536753,130.30633351209,37.8950427177794));
#10820=CARTESIAN_POINT('Ctrl Pts',(-92.7837892476492,130.306339749046,37.8950381278902));
#10821=CARTESIAN_POINT('Ctrl Pts',(-92.7837949640963,130.306345988961,37.8950335366721));
#10822=CARTESIAN_POINT('Ctrl Pts',(-92.7838006681004,130.306352222255,37.8950289485016));
#10823=CARTESIAN_POINT('Ctrl Pts',(-92.7838064000303,130.306358470422,37.8950243535602));
#10824=CARTESIAN_POINT('Ctrl Pts',(-92.7838120693399,130.306364685248,37.8950197738703));
#10825=CARTESIAN_POINT('Ctrl Pts',(-92.7838178813664,130.306370976072,37.8950151594906));
#10826=CARTESIAN_POINT('Ctrl Pts',(-92.7838215021658,130.30637503477,37.8950121450003));
#10827=CARTESIAN_POINT('Ctrl Pts',(-92.7854537591458,130.308030890567,37.8938272743768));
#10828=CARTESIAN_POINT('Ctrl Pts',(-92.8150737235206,130.325371793128,37.8851295902759));
#10829=CARTESIAN_POINT('Ctrl Pts',(-92.8594211512523,130.351494255754,37.8716871400564));
#10830=CARTESIAN_POINT('Ctrl Pts',(-92.9107459485992,130.380487771948,37.8570497558097));
#10831=CARTESIAN_POINT('Ctrl Pts',(-92.9598216458057,130.407384601129,37.8434744733977));
#10832=CARTESIAN_POINT('Ctrl Pts',(-93.0104227973987,130.434487891163,37.829875976891));
#10833=CARTESIAN_POINT('Ctrl Pts',(-93.0744790599143,130.467621189551,37.8133444493952));
#10834=CARTESIAN_POINT('Ctrl Pts',(-93.127865948712,130.493942472448,37.8003241838658));
#10835=CARTESIAN_POINT('Ctrl Pts',(-93.1543608232658,130.506673594726,37.7940482532471));
#10836=CARTESIAN_POINT('Ctrl Pts',(-92.9557211578191,129.371936350828,40.217387293959));
#10837=CARTESIAN_POINT('Ctrl Pts',(-92.9557211578191,129.371936350828,40.2134612307984));
#10838=CARTESIAN_POINT('Ctrl Pts',(-92.955755671563,129.371958677722,40.2056070772454));
#10839=CARTESIAN_POINT('Ctrl Pts',(-92.9559118181749,129.372059793715,40.1938281841565));
#10840=CARTESIAN_POINT('Ctrl Pts',(-92.9561720900878,129.372228344542,40.1820503997213));
#10841=CARTESIAN_POINT('Ctrl Pts',(-92.956536535425,129.372464371236,40.1702753363151));
#10842=CARTESIAN_POINT('Ctrl Pts',(-92.9570050519789,129.372767800262,40.1585033941932));
#10843=CARTESIAN_POINT('Ctrl Pts',(-92.957577581145,129.373138593086,40.1467355103388));
#10844=CARTESIAN_POINT('Ctrl Pts',(-92.9582540216929,129.373576679664,40.1349723794793));
#10845=CARTESIAN_POINT('Ctrl Pts',(-92.959034268376,129.37408198821,40.1232148012694));
#10846=CARTESIAN_POINT('Ctrl Pts',(-92.9599181948301,129.374654432001,40.1114635247648));
#10847=CARTESIAN_POINT('Ctrl Pts',(-92.9609056613753,129.375293915375,40.0997193173162));
#10848=CARTESIAN_POINT('Ctrl Pts',(-92.9619965117044,129.376000331172,40.0879829333351));
#10849=CARTESIAN_POINT('Ctrl Pts',(-92.9631905745907,129.376773562033,40.076255127605));
#10850=CARTESIAN_POINT('Ctrl Pts',(-92.9644876632953,129.377613479933,40.0645366490695));
#10851=CARTESIAN_POINT('Ctrl Pts',(-92.9658875762034,129.378519946634,40.052828242523));
#10852=CARTESIAN_POINT('Ctrl Pts',(-92.9673900965298,129.379492813491,40.0411306486014));
#10853=CARTESIAN_POINT('Ctrl Pts',(-92.9689949933651,129.380531922133,40.0294446004438));
#10854=CARTESIAN_POINT('Ctrl Pts',(-92.9707020201202,129.381637103464,40.0177708310036));
#10855=CARTESIAN_POINT('Ctrl Pts',(-92.972510918689,129.382808180362,40.0061100550893));
#10856=CARTESIAN_POINT('Ctrl Pts',(-92.9744214109202,129.384044962169,39.9944630086442));
#10857=CARTESIAN_POINT('Ctrl Pts',(-92.9764332185305,129.385347257582,39.9828303595524));
#10858=CARTESIAN_POINT('Ctrl Pts',(-92.9785460193801,129.386714846366,39.9712129063173));
#10859=CARTESIAN_POINT('Ctrl Pts',(-92.9807595463159,129.388147543325,39.9596111319441));
#10860=CARTESIAN_POINT('Ctrl Pts',(-92.9830733667517,129.389645055672,39.9480262020402));
#10861=CARTESIAN_POINT('Ctrl Pts',(-92.985487377571,129.391207303296,39.9364577272763));
#10862=CARTESIAN_POINT('Ctrl Pts',(-92.9880006922051,129.392833698585,39.9249087988023));
#10863=CARTESIAN_POINT('Ctrl Pts',(-92.990614274643,129.394524850932,39.9133740746716));
#10864=CARTESIAN_POINT('Ctrl Pts',(-92.9933297233512,129.396281779432,39.9018465189086));
#10865=CARTESIAN_POINT('Ctrl Pts',(-92.9961463295573,129.398104009561,39.8903294747474));
#10866=CARTESIAN_POINT('Ctrl Pts',(-92.9990642389886,129.39999161917,39.8788223701262));
#10867=CARTESIAN_POINT('Ctrl Pts',(-93.0020832043199,129.401944431199,39.8673263588613));
#10868=CARTESIAN_POINT('Ctrl Pts',(-93.0052031352621,129.40396236962,39.8558418294635));
#10869=CARTESIAN_POINT('Ctrl Pts',(-93.0084238535409,129.406045300951,39.8443695186123));
#10870=CARTESIAN_POINT('Ctrl Pts',(-93.0117452009722,129.40819310405,39.8329100071514));
#10871=CARTESIAN_POINT('Ctrl Pts',(-93.0151669936431,129.41040564081,39.8214639589369));
#10872=CARTESIAN_POINT('Ctrl Pts',(-93.0186890364528,129.412682764805,39.8100319815606));
#10873=CARTESIAN_POINT('Ctrl Pts',(-93.022311129847,129.415024327421,39.7986147618762));
#10874=CARTESIAN_POINT('Ctrl Pts',(-93.0260330277204,129.41743014579,39.7872127929115));
#10875=CARTESIAN_POINT('Ctrl Pts',(-93.0298547744562,129.419900253691,39.7758281513039));
#10876=CARTESIAN_POINT('Ctrl Pts',(-93.0337755178718,129.422434020922,39.7644583721436));
#10877=CARTESIAN_POINT('Ctrl Pts',(-93.0377955038592,129.425031631097,39.7531066703453));
#10878=CARTESIAN_POINT('Ctrl Pts',(-93.0419142362039,129.427692719395,39.7417725466093));
#10879=CARTESIAN_POINT('Ctrl Pts',(-93.0461315292945,129.430417151562,39.7304571507753));
#10880=CARTESIAN_POINT('Ctrl Pts',(-93.050447039884,129.433204677436,39.7191608959956));
#10881=CARTESIAN_POINT('Ctrl Pts',(-93.0548604761154,129.436055085626,39.7078845231719));
#10882=CARTESIAN_POINT('Ctrl Pts',(-93.0593715042441,129.438968134498,39.696628625271));
#10883=CARTESIAN_POINT('Ctrl Pts',(-93.0639797903483,129.441943583038,39.685393859282));
#10884=CARTESIAN_POINT('Ctrl Pts',(-93.0686849817843,129.444981177144,39.6741808511553));
#10885=CARTESIAN_POINT('Ctrl Pts',(-93.0734867155598,129.448080655818,39.6629902378287));
#10886=CARTESIAN_POINT('Ctrl Pts',(-93.0783846147034,129.451241748487,39.6518226480526));
#10887=CARTESIAN_POINT('Ctrl Pts',(-93.0833782900081,129.454464176295,39.6406787105475));
#10888=CARTESIAN_POINT('Ctrl Pts',(-93.0884673393898,129.457747651629,39.629559049965));
#10889=CARTESIAN_POINT('Ctrl Pts',(-93.0936513483238,129.461091878446,39.6184642883012));
#10890=CARTESIAN_POINT('Ctrl Pts',(-93.0989298898145,129.46449655225,39.6073950438833));
#10891=CARTESIAN_POINT('Ctrl Pts',(-93.1043025245859,129.467961360233,39.5963519314462));
#10892=CARTESIAN_POINT('Ctrl Pts',(-93.1097688011875,129.471485981351,39.5853355617296));
#10893=CARTESIAN_POINT('Ctrl Pts',(-93.1153282561498,129.475070086444,39.5743465412969));
#10894=CARTESIAN_POINT('Ctrl Pts',(-93.1209804141309,129.478713338336,39.5633854722618));
#10895=CARTESIAN_POINT('Ctrl Pts',(-93.1267247880789,129.482415391955,39.5524529520632));
#10896=CARTESIAN_POINT('Ctrl Pts',(-93.1325608793998,129.486175894457,39.5415495732257));
#10897=CARTESIAN_POINT('Ctrl Pts',(-93.1384881781341,129.489994485349,39.5306759231342));
#10898=CARTESIAN_POINT('Ctrl Pts',(-93.1445061631412,129.493870796624,39.5198325838087));
#10899=CARTESIAN_POINT('Ctrl Pts',(-93.1506143022924,129.497804452897,39.5090201316863));
#10900=CARTESIAN_POINT('Ctrl Pts',(-93.1568120526702,129.501795071549,39.4982391374075));
#10901=CARTESIAN_POINT('Ctrl Pts',(-93.1630988607765,129.505842262873,39.4874901656066));
#10902=CARTESIAN_POINT('Ctrl Pts',(-93.1694741627463,129.509945630225,39.4767737747094));
#10903=CARTESIAN_POINT('Ctrl Pts',(-93.1759373845728,129.514104770187,39.4660905167302));
#10904=CARTESIAN_POINT('Ctrl Pts',(-93.1824879423301,129.518319272718,39.4554409370853));
#10905=CARTESIAN_POINT('Ctrl Pts',(-93.1891252424239,129.522588721335,39.444825574386));
#10906=CARTESIAN_POINT('Ctrl Pts',(-93.1958486818029,129.526912693258,39.4342449602927));
#10907=CARTESIAN_POINT('Ctrl Pts',(-93.2026576482797,129.531290759638,39.4236996192462));
#10908=CARTESIAN_POINT('Ctrl Pts',(-93.2095515206281,129.535722485623,39.4131900684909));
#10909=CARTESIAN_POINT('Ctrl Pts',(-93.2165296692044,129.540207430782,39.4027168174576));
#10910=CARTESIAN_POINT('Ctrl Pts',(-93.2235914554144,129.544745148769,39.3922803685965));
#10911=CARTESIAN_POINT('Ctrl Pts',(-93.2307362337878,129.549335188673,39.3818812149762));
#10912=CARTESIAN_POINT('Ctrl Pts',(-93.2379633482336,129.55397709263,39.3715198451406));
#10913=CARTESIAN_POINT('Ctrl Pts',(-93.2452721413483,129.558670401801,39.3611967317251));
#10914=CARTESIAN_POINT('Ctrl Pts',(-93.2526619345101,129.563414643633,39.3509123564602));
#10915=CARTESIAN_POINT('Ctrl Pts',(-93.2601320734239,129.568209361057,39.340667153693));
#10916=CARTESIAN_POINT('Ctrl Pts',(-93.2676818270967,129.573054047764,39.3304616364186));
#10917=CARTESIAN_POINT('Ctrl Pts',(-93.275310615117,129.577948293863,39.3202961135392));
#10918=CARTESIAN_POINT('Ctrl Pts',(-93.2830174992752,129.582891460118,39.3101713231401));
#10919=CARTESIAN_POINT('Ctrl Pts',(-93.2908023324484,129.587883414176,39.3000870020667));
#10920=CARTESIAN_POINT('Ctrl Pts',(-93.2986629532599,129.592922732867,39.2900453838052));
#10921=CARTESIAN_POINT('Ctrl Pts',(-93.3066073646848,129.598014507333,39.2800359195742));
#10922=CARTESIAN_POINT('Ctrl Pts',(-93.3146341588834,129.603157793224,39.2700603005829));
#10923=CARTESIAN_POINT('Ctrl Pts',(-93.3227433424046,129.608352553191,39.260118342041));
#10924=CARTESIAN_POINT('Ctrl Pts',(-93.3309343674482,129.613598393975,39.2502105860591));
#10925=CARTESIAN_POINT('Ctrl Pts',(-93.3392069216361,129.618895073061,39.240337254824));
#10926=CARTESIAN_POINT('Ctrl Pts',(-93.3475605789139,129.624242274735,39.2304987131798));
#10927=CARTESIAN_POINT('Ctrl Pts',(-93.3559949552833,129.629639709993,39.2206952620327));
#10928=CARTESIAN_POINT('Ctrl Pts',(-93.3645096392861,129.635087071959,39.2109272303511));
#10929=CARTESIAN_POINT('Ctrl Pts',(-93.3731042230614,129.640584055807,39.2011949338562));
#10930=CARTESIAN_POINT('Ctrl Pts',(-93.381778288506,129.646130349898,39.1914986932374));
#10931=CARTESIAN_POINT('Ctrl Pts',(-93.3905314134879,129.651725639769,39.1818388257932));
#10932=CARTESIAN_POINT('Ctrl Pts',(-93.3993631691139,129.657369606386,39.1722156489413));
#10933=CARTESIAN_POINT('Ctrl Pts',(-93.4082731209993,129.663061926972,39.1626294784314));
#10934=CARTESIAN_POINT('Ctrl Pts',(-93.4172608287564,129.668802274679,39.1530806289291));
#10935=CARTESIAN_POINT('Ctrl Pts',(-93.4263258462883,129.674590318784,39.1435694135394));
#10936=CARTESIAN_POINT('Ctrl Pts',(-93.4354677217232,129.680425724661,39.1340961438179));
#10937=CARTESIAN_POINT('Ctrl Pts',(-93.4446859975316,129.686308153853,39.1246611295438));
#10938=CARTESIAN_POINT('Ctrl Pts',(-93.453980210534,129.692237264091,39.1152646786566));
#10939=CARTESIAN_POINT('Ctrl Pts',(-93.4633498920405,129.698212709383,39.105907097002));
#10940=CARTESIAN_POINT('Ctrl Pts',(-93.4727945677674,129.704234139983,39.0965886884377));
#10941=CARTESIAN_POINT('Ctrl Pts',(-93.4823137582417,129.710301202611,39.0873097541746));
#10942=CARTESIAN_POINT('Ctrl Pts',(-93.4919069781389,129.716413540148,39.0780705938227));
#10943=CARTESIAN_POINT('Ctrl Pts',(-93.501573738019,129.722570792489,39.0688715026338));
#10944=CARTESIAN_POINT('Ctrl Pts',(-93.5113135407065,129.728772594828,39.0597127772662));
#10945=CARTESIAN_POINT('Ctrl Pts',(-93.5211258896802,129.735018581699,39.050594702471));
#10946=CARTESIAN_POINT('Ctrl Pts',(-93.5310102705783,129.741308378124,39.0415175805162));
#10947=CARTESIAN_POINT('Ctrl Pts',(-93.540966192931,129.747641619656,39.032481664897));
#10948=CARTESIAN_POINT('Ctrl Pts',(-93.5509930970155,129.754017907715,39.0234873084232));
#10949=CARTESIAN_POINT('Ctrl Pts',(-93.561090562808,129.760436909839,39.0145346311754));
#10950=CARTESIAN_POINT('Ctrl Pts',(-93.5712578423478,129.766898135396,39.0056242638116));
#10951=CARTESIAN_POINT('Ctrl Pts',(-93.5814949074627,129.773401438166,38.9967556824265));
#10952=CARTESIAN_POINT('Ctrl Pts',(-93.5918001034885,129.77994589092,38.987930937707));
#10953=CARTESIAN_POINT('Ctrl Pts',(-93.6021754066043,129.786532307234,38.9791462995769));
#10954=CARTESIAN_POINT('Ctrl Pts',(-93.6126145988359,129.793157569495,38.9704110423941));
#10955=CARTESIAN_POINT('Ctrl Pts',(-93.6213734738997,129.798713902028,38.9631625513466));
#10956=CARTESIAN_POINT('Ctrl Pts',(-93.6284112157014,129.803177633179,38.9573896275201));
#10957=CARTESIAN_POINT('Ctrl Pts',(-93.6337062570679,129.806535423728,38.9530706792939));
#10958=CARTESIAN_POINT('Ctrl Pts',(-93.6381328591544,129.809341952013,38.9494803433815));
#10959=CARTESIAN_POINT('Ctrl Pts',(-93.6416816041801,129.811591722799,38.9466145915541));
#10960=CARTESIAN_POINT('Ctrl Pts',(-93.6470131108915,129.814971362939,38.94232126606));
#10961=CARTESIAN_POINT('Ctrl Pts',(-93.6550464836037,129.820061704532,38.9358953530614));
#10962=CARTESIAN_POINT('Ctrl Pts',(-93.665819566197,129.826886056652,38.9273757548674));
#10963=CARTESIAN_POINT('Ctrl Pts',(-93.6766582650719,129.833749252371,38.918899348604));
#10964=CARTESIAN_POINT('Ctrl Pts',(-93.687560818687,129.84065030901,38.9104680122329));
#10965=CARTESIAN_POINT('Ctrl Pts',(-93.698525790287,129.847588410156,38.9020826662174));
#10966=CARTESIAN_POINT('Ctrl Pts',(-93.7077178647691,129.853402119804,38.895130350096));
#10967=CARTESIAN_POINT('Ctrl Pts',(-93.7150977820467,129.858069138085,38.8895961803035));
#10968=CARTESIAN_POINT('Ctrl Pts',(-93.7206486016082,129.86157870052,38.8854565549609));
#10969=CARTESIAN_POINT('Ctrl Pts',(-93.7262148698414,129.865097339188,38.8813283473451));
#10970=CARTESIAN_POINT('Ctrl Pts',(-93.7336563092647,129.869800538874,38.8758399865775));
#10971=CARTESIAN_POINT('Ctrl Pts',(-93.743003815167,129.875705436129,38.8690014378563));
#10972=CARTESIAN_POINT('Ctrl Pts',(-93.7542777677319,129.882825058753,38.8608445416962));
#10973=CARTESIAN_POINT('Ctrl Pts',(-93.7656130400572,129.88998031349,38.8527327130107));
#10974=CARTESIAN_POINT('Ctrl Pts',(-93.7770071551973,129.897169892241,38.8446679044649));
#10975=CARTESIAN_POINT('Ctrl Pts',(-93.78845985152,129.904393524964,38.8366499053986));
#10976=CARTESIAN_POINT('Ctrl Pts',(-93.799971588664,129.911651261875,38.8286782012369));
#10977=CARTESIAN_POINT('Ctrl Pts',(-93.8115386645394,129.918941248748,38.8207552338348));
#10978=CARTESIAN_POINT('Ctrl Pts',(-93.8212298586035,129.925045662419,38.8141888612437));
#10979=CARTESIAN_POINT('Ctrl Pts',(-93.8290018109372,129.929941183323,38.8089662515898));
#10980=CARTESIAN_POINT('Ctrl Pts',(-93.8348456064732,129.933621244309,38.8050605815825));
#10981=CARTESIAN_POINT('Ctrl Pts',(-93.8407033333932,129.937309292382,38.8011668403434));
#10982=CARTESIAN_POINT('Ctrl Pts',(-93.8485310944424,129.942236804575,38.795991792564));
#10983=CARTESIAN_POINT('Ctrl Pts',(-93.8583634507692,129.94842190357,38.789543940019));
#10984=CARTESIAN_POINT('Ctrl Pts',(-93.8702127651121,129.955873258815,38.7818573422194));
#10985=CARTESIAN_POINT('Ctrl Pts',(-93.8821137154745,129.96335423571,38.7742201604912));
#10986=CARTESIAN_POINT('Ctrl Pts',(-93.8910877287542,129.968991378141,38.7685233652398));
#10987=CARTESIAN_POINT('Ctrl Pts',(-93.8970734820572,129.972752724352,38.7647489560031));
#10988=CARTESIAN_POINT('Ctrl Pts',(-93.9010671923743,129.975262232191,38.7622374293634));
#10989=CARTESIAN_POINT('Ctrl Pts',(-93.905073626828,129.977778212743,38.7597282815157));
#10990=CARTESIAN_POINT('Ctrl Pts',(-93.9090802461436,129.980295013728,38.7572289447076));
#10991=CARTESIAN_POINT('Ctrl Pts',(-93.9130928028176,129.982814971861,38.7547327246972));
#10992=CARTESIAN_POINT('Ctrl Pts',(-93.9201272984356,129.987231803271,38.7503742614926));
#10993=CARTESIAN_POINT('Ctrl Pts',(-93.9282186837211,129.992305789209,38.7454028185882));
#10994=CARTESIAN_POINT('Ctrl Pts',(-93.9352978440708,129.996747657366,38.7410870279535));
#10995=CARTESIAN_POINT('Ctrl Pts',(-93.939348262784,129.999288890326,38.7386275719237));
#10996=CARTESIAN_POINT('Ctrl Pts',(-93.9454278754953,130.003103220444,38.7349457613167));
#10997=CARTESIAN_POINT('Ctrl Pts',(-93.952576376674,130.007580092285,38.7306483265647));
#10998=CARTESIAN_POINT('Ctrl Pts',(-93.9597122521334,130.012053733109,38.7263905608677));
#10999=CARTESIAN_POINT('Ctrl Pts',(-93.9637955348054,130.014613287047,38.723963914104));
#11000=CARTESIAN_POINT('Ctrl Pts',(-93.9663500486349,130.016214380696,38.7224498922919));
#11001=CARTESIAN_POINT('Ctrl Pts',(-93.9683940501872,130.017495597609,38.7212407842571));
#11002=CARTESIAN_POINT('Ctrl Pts',(-93.9699277286742,130.018456894376,38.7203347665593));
#11003=CARTESIAN_POINT('Ctrl Pts',(-93.9710149210011,130.019138242617,38.7196934029997));
#11004=CARTESIAN_POINT('Ctrl Pts',(-93.9716542353401,130.019538962373,38.71931650197));
#11005=CARTESIAN_POINT('Ctrl Pts',(-93.9719099526502,130.019699248312,38.719165769462));
#11006=CARTESIAN_POINT('Ctrl Pts',(-93.9722296892058,130.019899648704,38.7189773549517));
#11007=CARTESIAN_POINT('Ctrl Pts',(-93.9726133614861,130.020140129389,38.7187513337707));
#11008=CARTESIAN_POINT('Ctrl Pts',(-93.973892676557,130.020941928801,38.717997972935));
#11009=CARTESIAN_POINT('Ctrl Pts',(-93.9760720706442,130.022307129819,38.7167169139226));
#11010=CARTESIAN_POINT('Ctrl Pts',(-93.9791491757121,130.024234949133,38.7149127151031));
#11011=CARTESIAN_POINT('Ctrl Pts',(-93.9817177647138,130.025843651882,38.7134109409578));
#11012=CARTESIAN_POINT('Ctrl Pts',(-93.9835151145656,130.026969599402,38.7123619633349));
#11013=CARTESIAN_POINT('Ctrl Pts',(-93.9845422955506,130.027613094337,38.711763047766));
#11014=CARTESIAN_POINT('Ctrl Pts',(-93.9855695935063,130.028256668553,38.7111644496703));
#11015=CARTESIAN_POINT('Ctrl Pts',(-93.9868551635967,130.029061823247,38.7104162444852));
#11016=CARTESIAN_POINT('Ctrl Pts',(-93.9889117636589,130.030350045841,38.7092207309623));
#11017=CARTESIAN_POINT('Ctrl Pts',(-93.990974061154,130.031640930142,38.7080248932016));
#11018=CARTESIAN_POINT('Ctrl Pts',(-93.9930336833878,130.032930809555,38.7068324479411));
#11019=CARTESIAN_POINT('Ctrl Pts',(-93.9950953391415,130.034221689004,38.7056405746193));
#11020=CARTESIAN_POINT('Ctrl Pts',(-93.9987065856899,130.036482482339,38.7035571681365));
#11021=CARTESIAN_POINT('Ctrl Pts',(-94.0028554650063,130.039076402384,38.7011754460189));
#11022=CARTESIAN_POINT('Ctrl Pts',(-94.0064770191259,130.041342842475,38.6991028742752));
#11023=CARTESIAN_POINT('Ctrl Pts',(-94.0085474230267,130.042638524738,38.6979203182388));
#11024=CARTESIAN_POINT('Ctrl Pts',(-94.0106177043206,130.043934260642,38.696739266189));
#11025=CARTESIAN_POINT('Ctrl Pts',(-94.0126942117026,130.045232871613,38.6955577358751));
#11026=CARTESIAN_POINT('Ctrl Pts',(-94.0147674726011,130.046530226577,38.6943797544033));
#11027=CARTESIAN_POINT('Ctrl Pts',(-94.0163237632078,130.047503908404,38.6934967808764));
#11028=CARTESIAN_POINT('Ctrl Pts',(-94.0176212999153,130.048315649189,38.6927616084336));
#11029=CARTESIAN_POINT('Ctrl Pts',(-94.0186591220876,130.048964991204,38.6921740962526));
#11030=CARTESIAN_POINT('Ctrl Pts',(-94.0202157841809,130.049939012927,38.6912933949473));
#11031=CARTESIAN_POINT('Ctrl Pts',(-94.0217795014149,130.050916200653,38.6904111231596));
#11032=CARTESIAN_POINT('Ctrl Pts',(-94.0233379584618,130.051891199987,38.6895323634057));
#11033=CARTESIAN_POINT('Ctrl Pts',(-94.0243774015694,130.052541430759,38.6889466863073));
#11034=CARTESIAN_POINT('Ctrl Pts',(-94.0256782129579,130.053354922706,38.6882146451426));
#11035=CARTESIAN_POINT('Ctrl Pts',(-94.0272392018162,130.054331197917,38.6873372580236));
#11036=CARTESIAN_POINT('Ctrl Pts',(-94.0285412965015,130.05514537681,38.6866064782259));
#11037=CARTESIAN_POINT('Ctrl Pts',(-94.0295822800323,130.055796458605,38.6860226663741));
#11038=CARTESIAN_POINT('Ctrl Pts',(-94.030623747086,130.056447775885,38.6854390157753));
#11039=CARTESIAN_POINT('Ctrl Pts',(-94.0324472548917,130.05758805688,38.6844181795985));
#11040=CARTESIAN_POINT('Ctrl Pts',(-94.0345385709247,130.058894555145,38.6832507267855));
#11041=CARTESIAN_POINT('Ctrl Pts',(-94.0366252070113,130.060199180311,38.6820872540589));
#11042=CARTESIAN_POINT('Ctrl Pts',(-94.0381918356499,130.061178440923,38.6812150542084));
#11043=CARTESIAN_POINT('Ctrl Pts',(-94.0397587538317,130.06215790312,38.6803437991566));
#11044=CARTESIAN_POINT('Ctrl Pts',(-94.0413266363208,130.063137858646,38.6794732218791));
#11045=CARTESIAN_POINT('Ctrl Pts',(-94.0428949889971,130.064118093471,38.6786035155015));
#11046=CARTESIAN_POINT('Ctrl Pts',(-94.0449875426269,130.065425786386,38.6774447618529));
#11047=CARTESIAN_POINT('Ctrl Pts',(-94.0486543373736,130.067716599078,38.6754187476154));
#11048=CARTESIAN_POINT('Ctrl Pts',(-94.0528750291289,130.070348257922,38.6731000834836));
#11049=CARTESIAN_POINT('Ctrl Pts',(-94.0570775360459,130.07297265089,38.6707968415982));
#11050=CARTESIAN_POINT('Ctrl Pts',(-94.0612806065026,130.075597679479,38.6684989436773));
#11051=CARTESIAN_POINT('Ctrl Pts',(-94.0647296815558,130.077745688747,38.666625679378));
#11052=CARTESIAN_POINT('Ctrl Pts',(-94.0673607002098,130.079388730628,38.6651970585846));
#11053=CARTESIAN_POINT('Ctrl Pts',(-94.0684126281721,130.080045764309,38.6646261402173));
#11054=CARTESIAN_POINT('Ctrl Pts',(-94.0694670548866,130.08070391051,38.6640547964889));
#11055=CARTESIAN_POINT('Ctrl Pts',(-94.0705197545904,130.081361347873,38.6634846257145));
#11056=CARTESIAN_POINT('Ctrl Pts',(-94.0713097841001,130.081854661056,38.6630570669437));
#11057=CARTESIAN_POINT('Ctrl Pts',(-94.0720998445661,130.082348005166,38.6626297566873));
#11058=CARTESIAN_POINT('Ctrl Pts',(-94.0747338666767,130.083992754314,38.6612060694802));
#11059=CARTESIAN_POINT('Ctrl Pts',(-94.0774078977877,130.085654980584,38.6597713887467));
#11060=CARTESIAN_POINT('Ctrl Pts',(-94.0799150880837,130.087220086752,38.6584244363916));
#11061=CARTESIAN_POINT('Ctrl Pts',(-94.0803768286156,130.087508355943,38.6581764671793));
#11062=CARTESIAN_POINT('Ctrl Pts',(-94.0806406578675,130.087673073689,38.6580348110734));
#11063=CARTESIAN_POINT('Ctrl Pts',(-94.0810363666967,130.087920137423,38.6578223719284));
#11064=CARTESIAN_POINT('Ctrl Pts',(-94.0814328037508,130.088167519352,38.6576097467426));
#11065=CARTESIAN_POINT('Ctrl Pts',(-94.0818286066623,130.088414634348,38.6573974338501));
#11066=CARTESIAN_POINT('Ctrl Pts',(-94.0819770810304,130.088507324011,38.6573178109645));
#11067=CARTESIAN_POINT('Ctrl Pts',(-94.0820760361425,130.088569105525,38.6572647441737));
#11068=CARTESIAN_POINT('Ctrl Pts',(-94.0821420089407,130.08861029446,38.6572293666662));
#11069=CARTESIAN_POINT('Ctrl Pts',(-94.0822574633391,130.088682376194,38.6571674587992));
#11070=CARTESIAN_POINT('Ctrl Pts',(-94.082884413925,130.089073764561,38.6568313543417));
#11071=CARTESIAN_POINT('Ctrl Pts',(-94.0837452383288,130.089610609586,38.6563706956122));
#11072=CARTESIAN_POINT('Ctrl Pts',(-94.0848019311971,130.090270183476,38.655805242308));
#11073=CARTESIAN_POINT('Ctrl Pts',(-94.0858592759653,130.09093005989,38.6552398960108));
#11074=CARTESIAN_POINT('Ctrl Pts',(-94.0871833227232,130.091755961842,38.6545330101804));
#11075=CARTESIAN_POINT('Ctrl Pts',(-94.0887715532792,130.092746845145,38.6536859912238));
#11076=CARTESIAN_POINT('Ctrl Pts',(-94.0900968835543,130.09357341098,38.6529803533203));
#11077=CARTESIAN_POINT('Ctrl Pts',(-94.0911555340756,130.094234007013,38.652416924545));
#11078=CARTESIAN_POINT('Ctrl Pts',(-94.0918176824098,130.094647104176,38.6520648202902));
#11079=CARTESIAN_POINT('Ctrl Pts',(-94.0922808707997,130.094936144653,38.6518185700398));
#11080=CARTESIAN_POINT('Ctrl Pts',(-94.0925455154654,130.09510129805,38.6516778994964));
#11081=CARTESIAN_POINT('Ctrl Pts',(-94.0928101586146,130.095266452214,38.6515372506964));
#11082=CARTESIAN_POINT('Ctrl Pts',(-94.0931411360944,130.095472971774,38.6513614187078));
#11083=CARTESIAN_POINT('Ctrl Pts',(-94.093538275492,130.09572078514,38.6511504956222));
#11084=CARTESIAN_POINT('Ctrl Pts',(-94.0939355028841,130.095968640361,38.6509396053821));
#11085=CARTESIAN_POINT('Ctrl Pts',(-94.0943327229362,130.096216496698,38.6507287811367));
#11086=CARTESIAN_POINT('Ctrl Pts',(-94.0946638511409,130.096423094805,38.6505531085001));
#11087=CARTESIAN_POINT('Ctrl Pts',(-94.0949286337799,130.096588324198,38.6504126435916));
#11088=CARTESIAN_POINT('Ctrl Pts',(-94.0955907466814,130.097001467953,38.6500614801746));
#11089=CARTESIAN_POINT('Ctrl Pts',(-94.0964551426248,130.097540133341,38.6496040184683));
#11090=CARTESIAN_POINT('Ctrl Pts',(-94.0973827777839,130.098118875626,38.6491129311731));
#11091=CARTESIAN_POINT('Ctrl Pts',(-94.0978136759491,130.098387674101,38.6488849564753));
#11092=CARTESIAN_POINT('Ctrl Pts',(-94.0980124045348,130.098511673314,38.6487798078087));
#11093=CARTESIAN_POINT('Ctrl Pts',(-94.0981448973758,130.098594342846,38.6487097115118));
#11094=CARTESIAN_POINT('Ctrl Pts',(-94.0983768048277,130.098739034633,38.6485870414582));
#11095=CARTESIAN_POINT('Ctrl Pts',(-94.0987082629981,130.098945808827,38.6484117828012));
#11096=CARTESIAN_POINT('Ctrl Pts',(-94.0991060139097,130.099193942542,38.6482015352293));
#11097=CARTESIAN_POINT('Ctrl Pts',(-94.0995037825881,130.099442088062,38.6479913446117));
#11098=CARTESIAN_POINT('Ctrl Pts',(-94.0998022228106,130.099628248818,38.647833710443));
#11099=CARTESIAN_POINT('Ctrl Pts',(-94.1000010617913,130.099752305676,38.64772868171));
#11100=CARTESIAN_POINT('Ctrl Pts',(-94.1001336139679,130.099835007556,38.6476586702171));
#11101=CARTESIAN_POINT('Ctrl Pts',(-94.1002662262151,130.099917735551,38.6475886463308));
#11102=CARTESIAN_POINT('Ctrl Pts',(-94.1003987894796,130.10000044321,38.6475186468262));
#11103=CARTESIAN_POINT('Ctrl Pts',(-94.1004982210472,130.100062478102,38.6474661480542));
#11104=CARTESIAN_POINT('Ctrl Pts',(-94.1005810842232,130.10011417557,38.6474224011739));
#11105=CARTESIAN_POINT('Ctrl Pts',(-94.1006473676773,130.10015553066,38.6473874080069));
#11106=CARTESIAN_POINT('Ctrl Pts',(-94.1007467966683,130.100217565048,38.6473349189494));
#11107=CARTESIAN_POINT('Ctrl Pts',(-94.1008959951315,130.100310640524,38.6472561743391));
#11108=CARTESIAN_POINT('Ctrl Pts',(-94.1011612307557,130.100476106846,38.6471162069445));
#11109=CARTESIAN_POINT('Ctrl Pts',(-94.1016255207289,130.100765730924,38.6468712762813));
#11110=CARTESIAN_POINT('Ctrl Pts',(-94.102157069577,130.10109713463,38.6465911711793));
#11111=CARTESIAN_POINT('Ctrl Pts',(-94.1026214932269,130.10138683035,38.6463464155715));
#11112=CARTESIAN_POINT('Ctrl Pts',(-94.1028868688979,130.101552368929,38.6462065896204));
#11113=CARTESIAN_POINT('Ctrl Pts',(-94.1031522000084,130.101717889965,38.6460667993306));
#11114=CARTESIAN_POINT('Ctrl Pts',(-94.1034178024535,130.101883528459,38.6459269506056));
#11115=CARTESIAN_POINT('Ctrl Pts',(-94.1036831784718,130.102049072802,38.6457872080711));
#11116=CARTESIAN_POINT('Ctrl Pts',(-94.1038822539399,130.102173250586,38.6456824024501));
#11117=CARTESIAN_POINT('Ctrl Pts',(-94.1040813375339,130.102297432869,38.6455776098445));
#11118=CARTESIAN_POINT('Ctrl Pts',(-94.1043467612407,130.102463001699,38.6454379141039));
#11119=CARTESIAN_POINT('Ctrl Pts',(-94.1050772853341,130.102918580418,38.645053636994));
#11120=CARTESIAN_POINT('Ctrl Pts',(-94.1062759853872,130.103665505058,38.6444242057659));
#11121=CARTESIAN_POINT('Ctrl Pts',(-94.1073590418019,130.104340237951,38.6438563543271));
#11122=CARTESIAN_POINT('Ctrl Pts',(-94.1079238431182,130.104692456704,38.6435600698315));
#11123=CARTESIAN_POINT('Ctrl Pts',(-94.1079736312612,130.10472351482,38.6435339435411));
#11124=CARTESIAN_POINT('Ctrl Pts',(-94.1080234433414,130.104754583167,38.6435078103869));
#11125=CARTESIAN_POINT('Ctrl Pts',(-94.1081230479279,130.104816711678,38.6434555524369));
#11126=CARTESIAN_POINT('Ctrl Pts',(-94.1082393379516,130.104889231264,38.6433945629205));
#11127=CARTESIAN_POINT('Ctrl Pts',(-94.1083721666545,130.104972079825,38.6433248925814));
#11128=CARTESIAN_POINT('Ctrl Pts',(-94.1085049998959,130.105054930662,38.6432552259412));
#11129=CARTESIAN_POINT('Ctrl Pts',(-94.1086212999741,130.10512745572,38.643194251426));
#11130=CARTESIAN_POINT('Ctrl Pts',(-94.1087209248517,130.105189594543,38.6431420121727));
#11131=CARTESIAN_POINT('Ctrl Pts',(-94.1087707394015,130.105220664915,38.6431158928353));
#11132=CARTESIAN_POINT('Ctrl Pts',(-94.108820554881,130.105251735747,38.643089774172));
#11133=CARTESIAN_POINT('Ctrl Pts',(-94.1088869737518,130.10529316286,38.643054951154));
#11134=CARTESIAN_POINT('Ctrl Pts',(-94.1089700184803,130.105344955877,38.6430114179966));
#11135=CARTESIAN_POINT('Ctrl Pts',(-94.1091028656262,130.105427814701,38.6429417779954));
#11136=CARTESIAN_POINT('Ctrl Pts',(-94.1092358047827,130.105510713055,38.6428721161582));
#11137=CARTESIAN_POINT('Ctrl Pts',(-94.1093686559723,130.10559357464,38.6428024903917));
#11138=CARTESIAN_POINT('Ctrl Pts',(-94.1097009138949,130.105800784551,38.6426283972062));
#11139=CARTESIAN_POINT('Ctrl Pts',(-94.1102669293179,130.106153546907,38.6423321600049));
#11140=CARTESIAN_POINT('Ctrl Pts',(-94.1109325524043,130.106568457728,38.6419839421785));
#11141=CARTESIAN_POINT('Ctrl Pts',(-94.1113649765373,130.106838058701,38.6417577754479));
#11142=CARTESIAN_POINT('Ctrl Pts',(-94.1115643989468,130.106962424287,38.6416534607939));
#11143=CARTESIAN_POINT('Ctrl Pts',(-94.111697344004,130.107045333661,38.6415839238975));
#11144=CARTESIAN_POINT('Ctrl Pts',(-94.11186358171,130.107148994915,38.6414969944601));
#11145=CARTESIAN_POINT('Ctrl Pts',(-94.1120132129893,130.107242298166,38.6414187640944));
#11146=CARTESIAN_POINT('Ctrl Pts',(-94.1121046179826,130.107299301725,38.6413709726744));
#11147=CARTESIAN_POINT('Ctrl Pts',(-94.1121378530738,130.107320029016,38.6413535954455));
#11148=CARTESIAN_POINT('Ctrl Pts',(-94.1121710888052,130.107340756601,38.6413362183355));
#11149=CARTESIAN_POINT('Ctrl Pts',(-94.1122126368696,130.107366667561,38.6413144964732));
#11150=CARTESIAN_POINT('Ctrl Pts',(-94.1123788288912,130.107470311519,38.6412276123298));
#11151=CARTESIAN_POINT('Ctrl Pts',(-94.1125620204887,130.107584481972,38.6411319351171));
#11152=CARTESIAN_POINT('Ctrl Pts',(-94.1127614750148,130.107708867398,38.6410277032737));
#11153=CARTESIAN_POINT('Ctrl Pts',(-94.1128944600732,130.107791797871,38.640958215658));
#11154=CARTESIAN_POINT('Ctrl Pts',(-94.1130275209933,130.107874760969,38.6408887118016));
#11155=CARTESIAN_POINT('Ctrl Pts',(-94.1131605109143,130.10795769454,38.6408192381332));
#11156=CARTESIAN_POINT('Ctrl Pts',(-94.113260265229,130.108019900003,38.6407671329984));
#11157=CARTESIAN_POINT('Ctrl Pts',(-94.1133600221813,130.108082106841,38.6407150309084));
#11158=CARTESIAN_POINT('Ctrl Pts',(-94.113493022365,130.108165045795,38.6406455694686));
#11159=CARTESIAN_POINT('Ctrl Pts',(-94.1136593744913,130.108268763241,38.6405587202657));
#11160=CARTESIAN_POINT('Ctrl Pts',(-94.1139254082513,130.108434657703,38.6404198229401));
#11161=CARTESIAN_POINT('Ctrl Pts',(-94.1141585959864,130.108579989827,38.6402981865254));
#11162=CARTESIAN_POINT('Ctrl Pts',(-94.114341512363,130.108694052574,38.6402027278599));
#11163=CARTESIAN_POINT('Ctrl Pts',(-94.114395556154,130.10872775317,38.6401745256323));
#11164=CARTESIAN_POINT('Ctrl Pts',(-94.1144184177505,130.108742009829,38.6401625951653));
#11165=CARTESIAN_POINT('Ctrl Pts',(-94.1144267309862,130.10874719404,38.6401582568664));
#11166=CARTESIAN_POINT('Ctrl Pts',(-94.1144392004321,130.108754970186,38.6401517495757));
#11167=CARTESIAN_POINT('Ctrl Pts',(-94.1145161120498,130.108802930181,38.6401116165286));
#11168=CARTESIAN_POINT('Ctrl Pts',(-94.1147240123,130.108932565514,38.6400031481568));
#11169=CARTESIAN_POINT('Ctrl Pts',(-94.1149406103794,130.109067549357,38.6398902469363));
#11170=CARTESIAN_POINT('Ctrl Pts',(-94.1151069308157,130.109171259994,38.6398035059304));
#11171=CARTESIAN_POINT('Ctrl Pts',(-94.1151734500506,130.109212740557,38.6397688136029));
#11172=CARTESIAN_POINT('Ctrl Pts',(-94.1152316824505,130.109249048027,38.6397384507574));
#11173=CARTESIAN_POINT('Ctrl Pts',(-94.1152815732397,130.109280159203,38.6397124337374));
#11174=CARTESIAN_POINT('Ctrl Pts',(-94.1153065196004,130.109295715216,38.6396994251674));
#11175=CARTESIAN_POINT('Ctrl Pts',(-94.1153314659295,130.109311271232,38.6396864168487));
#11176=CARTESIAN_POINT('Ctrl Pts',(-94.1153647276242,130.109332012575,38.639669072769));
#11177=CARTESIAN_POINT('Ctrl Pts',(-94.1154063097402,130.109357941406,38.6396473917203));
#11178=CARTESIAN_POINT('Ctrl Pts',(-94.1155726304108,130.109461653654,38.6395606731548));
#11179=CARTESIAN_POINT('Ctrl Pts',(-94.1157310655262,130.109560363063,38.6394781708034));
#11180=CARTESIAN_POINT('Ctrl Pts',(-94.1158807775468,130.109653715685,38.6394001421007));
#11181=CARTESIAN_POINT('Ctrl Pts',(-94.115914041891,130.109674458624,38.6393828042569));
#11182=CARTESIAN_POINT('Ctrl Pts',(-94.115947314798,130.109695205212,38.6393654642447));
#11183=CARTESIAN_POINT('Ctrl Pts',(-94.11598058083,130.109715948929,38.639348126841));
#11184=CARTESIAN_POINT('Ctrl Pts',(-94.1160055315836,130.109731507253,38.6393351236484));
#11185=CARTESIAN_POINT('Ctrl Pts',(-94.1160304823747,130.109747065608,38.6393221206854));
#11186=CARTESIAN_POINT('Ctrl Pts',(-94.116063749325,130.109767809778,38.6393047839598));
#11187=CARTESIAN_POINT('Ctrl Pts',(-94.1160970227364,130.109788556708,38.6392874457235));
#11188=CARTESIAN_POINT('Ctrl Pts',(-94.1161261318837,130.109806708153,38.6392722767558));
#11189=CARTESIAN_POINT('Ctrl Pts',(-94.1161406865896,130.109815783938,38.6392646923365));
#11190=CARTESIAN_POINT('Ctrl Pts',(-94.1161490030778,130.109820969897,38.6392603585624));
#11191=CARTESIAN_POINT('Ctrl Pts',(-94.1161864300512,130.109844307893,38.6392408558154));
#11192=CARTESIAN_POINT('Ctrl Pts',(-94.1162883489681,130.109907853753,38.6391877565238));
#11193=CARTESIAN_POINT('Ctrl Pts',(-94.1164547878607,130.110011619904,38.6391010609196));
#11194=CARTESIAN_POINT('Ctrl Pts',(-94.1165921416368,130.110097245283,38.6390295348369));
#11195=CARTESIAN_POINT('Ctrl Pts',(-94.1166670099886,130.110143928349,38.6389905395966));
#11196=CARTESIAN_POINT('Ctrl Pts',(-94.1166836452272,130.110154301452,38.6389818747348));
#11197=CARTESIAN_POINT('Ctrl Pts',(-94.1167127592159,130.110172455376,38.6389667107246));
#11198=CARTESIAN_POINT('Ctrl Pts',(-94.1167460376587,130.110193204992,38.6389493792813));
#11199=CARTESIAN_POINT('Ctrl Pts',(-94.1167751518419,130.110211359055,38.6389342160524));
#11200=CARTESIAN_POINT('Ctrl Pts',(-94.1167917881459,130.110221732656,38.6389255515841));
#11201=CARTESIAN_POINT('Ctrl Pts',(-94.1168021859311,130.110228216201,38.6389201363123));
#11202=CARTESIAN_POINT('Ctrl Pts',(-94.1168105039348,130.110233402943,38.6389158041935));
#11203=CARTESIAN_POINT('Ctrl Pts',(-94.1168167424702,130.110237293015,38.6389125551095));
#11204=CARTESIAN_POINT('Ctrl Pts',(-94.116822981001,130.110241183086,38.6389093060419));
#11205=CARTESIAN_POINT('Ctrl Pts',(-94.1168354581085,130.11024896325,38.6389028079227));
#11206=CARTESIAN_POINT('Ctrl Pts',(-94.1169124055004,130.110296943162,38.6388627350557));
#11207=CARTESIAN_POINT('Ctrl Pts',(-94.1169957176521,130.110348866636,38.6388193783283));
#11208=CARTESIAN_POINT('Ctrl Pts',(-94.117078907159,130.110400738622,38.638776062547));
#11209=CARTESIAN_POINT('Ctrl Pts',(-94.117097625679,130.110412410203,38.638766316408));
#11210=CARTESIAN_POINT('Ctrl Pts',(-94.1171101036517,130.110420190823,38.6387598193735));
#11211=CARTESIAN_POINT('Ctrl Pts',(-94.1171184222824,130.110425377897,38.6387554880426));
#11212=CARTESIAN_POINT('Ctrl Pts',(-94.1171329802874,130.110434455449,38.6387479081441));
#11213=CARTESIAN_POINT('Ctrl Pts',(-94.1171620978933,130.110452611241,38.6387327480724));
#11214=CARTESIAN_POINT('Ctrl Pts',(-94.1172036981854,130.110478549692,38.6387110902997));
#11215=CARTESIAN_POINT('Ctrl Pts',(-94.1172390608095,130.110500598423,38.6386926811525));
#11216=CARTESIAN_POINT('Ctrl Pts',(-94.1172598585553,130.110513566678,38.6386818536184));
#11217=CARTESIAN_POINT('Ctrl Pts',(-94.117266097708,130.110517457084,38.6386786054249));
#11218=CARTESIAN_POINT('Ctrl Pts',(-94.1172723369621,130.110521347534,38.6386753572158));
#11219=CARTESIAN_POINT('Ctrl Pts',(-94.1172785761882,130.110525237972,38.6386721090301));
#11220=CARTESIAN_POINT('Ctrl Pts',(-94.1172848154342,130.11052912842,38.6386688608534));
#11221=CARTESIAN_POINT('Ctrl Pts',(-94.1172910547019,130.110533018878,38.6386656126851));
#11222=CARTESIAN_POINT('Ctrl Pts',(-94.1172972939395,130.110536909325,38.6386623645408));
#11223=CARTESIAN_POINT('Ctrl Pts',(-94.1173180916751,130.1105498776,38.6386515373594));
#11224=CARTESIAN_POINT('Ctrl Pts',(-94.1173451372921,130.110566739985,38.6386374597314));
#11225=CARTESIAN_POINT('Ctrl Pts',(-94.1173742551105,130.110584896035,38.6386223021102));
#11226=CARTESIAN_POINT('Ctrl Pts',(-94.1173888143289,130.1105939742,38.6386147233144));
#11227=CARTESIAN_POINT('Ctrl Pts',(-94.1173971335384,130.110599161577,38.6386103927026));
#11228=CARTESIAN_POINT('Ctrl Pts',(-94.1174033728915,130.110603052093,38.6386071447859));
#11229=CARTESIAN_POINT('Ctrl Pts',(-94.1174096125518,130.110606942726,38.6386038967641));
#11230=CARTESIAN_POINT('Ctrl Pts',(-94.1174158514905,130.110610833088,38.6386006490377));
#11231=CARTESIAN_POINT('Ctrl Pts',(-94.1174220921073,130.110614724087,38.6385974006788));
#11232=CARTESIAN_POINT('Ctrl Pts',(-94.1174283289848,130.11061861367,38.6385941537795));
#11233=CARTESIAN_POINT('Ctrl Pts',(-94.1174345742774,130.110622506444,38.6385909036474));
#11234=CARTESIAN_POINT('Ctrl Pts',(-94.1174408007228,130.110626392077,38.6385876608067));
#11235=CARTESIAN_POINT('Ctrl Pts',(-94.1174470701454,130.110630293999,38.6385844013915));
#11236=CARTESIAN_POINT('Ctrl Pts',(-94.1174511733237,130.110632866312,38.6385822579646));
#11237=CARTESIAN_POINT('Ctrl Pts',(-94.1190551167211,130.111616345477,38.6377565172895));
#11238=CARTESIAN_POINT('Ctrl Pts',(-94.1301844380022,130.116489323575,38.6329881980756));
#11239=CARTESIAN_POINT('Ctrl Pts',(-94.1481078675961,130.124453944143,38.6253933236878));
#11240=CARTESIAN_POINT('Ctrl Pts',(-94.1683179640641,130.133022652873,38.6172247832933));
#11241=CARTESIAN_POINT('Ctrl Pts',(-94.1880465818661,130.141139932329,38.609575000329));
#11242=CARTESIAN_POINT('Ctrl Pts',(-94.2083651067226,130.149293811131,38.601917006592));
#11243=CARTESIAN_POINT('Ctrl Pts',(-94.234253998447,130.159316951676,38.59258330724));
#11244=CARTESIAN_POINT('Ctrl Pts',(-94.2558823046218,130.167291972148,38.5852478482881));
#11245=CARTESIAN_POINT('Ctrl Pts',(-94.2666995774175,130.17116909956,38.5816857300705));
#11246=CARTESIAN_POINT('Ctrl Pts',(-93.4894402029777,129.371936350828,40.217387293959));
#11247=CARTESIAN_POINT('Ctrl Pts',(-93.4894402029777,129.371936350828,40.2141078205989));
#11248=CARTESIAN_POINT('Ctrl Pts',(-93.4894759966152,129.371952483613,40.2075489115243));
#11249=CARTESIAN_POINT('Ctrl Pts',(-93.4896370545902,129.372025075105,40.1977112235777));
#11250=CARTESIAN_POINT('Ctrl Pts',(-93.4899054517379,129.372146046136,40.1878747683975));
#11251=CARTESIAN_POINT('Ctrl Pts',(-93.4902811426821,129.372315376254,40.1780401039585));
#11252=CARTESIAN_POINT('Ctrl Pts',(-93.490764065744,129.372533037659,40.168207786643));
#11253=CARTESIAN_POINT('Ctrl Pts',(-93.491354142708,129.372798995098,40.1583783719174));
#11254=CARTESIAN_POINT('Ctrl Pts',(-93.4920512790261,129.373113205957,40.1485524136429));
#11255=CARTESIAN_POINT('Ctrl Pts',(-93.4928553638517,129.373475620276,40.1387304639889));
#11256=CARTESIAN_POINT('Ctrl Pts',(-93.4937662701667,129.373886180805,40.1289130730901));
#11257=CARTESIAN_POINT('Ctrl Pts',(-93.4947838548979,129.374344823058,40.1191007887915));
#11258=CARTESIAN_POINT('Ctrl Pts',(-93.4959079590418,129.374851475371,40.1092941564151));
#11259=CARTESIAN_POINT('Ctrl Pts',(-93.4971384078459,129.37540605898,40.0994937183814));
#11260=CARTESIAN_POINT('Ctrl Pts',(-93.4984750109029,129.376008488064,40.0897000142012));
#11261=CARTESIAN_POINT('Ctrl Pts',(-93.4999175624919,129.376658669902,40.0799135796197));
#11262=CARTESIAN_POINT('Ctrl Pts',(-93.5014658414147,129.377356504796,40.0701349476701));
#11263=CARTESIAN_POINT('Ctrl Pts',(-93.5031196120113,129.378101886531,40.0603646454487));
#11264=CARTESIAN_POINT('Ctrl Pts',(-93.5048786225842,129.378894701663,40.0506032004746));
#11265=CARTESIAN_POINT('Ctrl Pts',(-93.5067426096748,129.379734831445,40.0408511255854));
#11266=CARTESIAN_POINT('Ctrl Pts',(-93.5087112892812,129.380622147874,40.0311089519089));
#11267=CARTESIAN_POINT('Ctrl Pts',(-93.5107843773718,129.381556522932,40.0213771541603));
#11268=CARTESIAN_POINT('Ctrl Pts',(-93.512961544835,129.382537808283,40.0116563171009));
#11269=CARTESIAN_POINT('Ctrl Pts',(-93.5152425193197,129.383565881174,40.0019467618697));
#11270=CARTESIAN_POINT('Ctrl Pts',(-93.5176268581257,129.384640542073,39.9922493820717));
#11271=CARTESIAN_POINT('Ctrl Pts',(-93.520114458124,129.385761744497,39.9825637695224));
#11272=CARTESIAN_POINT('Ctrl Pts',(-93.5227044090603,129.38692907818,39.9728924321976));
#11273=CARTESIAN_POINT('Ctrl Pts',(-93.5253977074957,129.388142992289,39.9632308148286));
#11274=CARTESIAN_POINT('Ctrl Pts',(-93.5281960039148,129.389404230725,39.9535729379503));
#11275=CARTESIAN_POINT('Ctrl Pts',(-93.5310985716383,129.39071246596,39.9439215164975));
#11276=CARTESIAN_POINT('Ctrl Pts',(-93.5341055645756,129.392067767364,39.9342759862577));
#11277=CARTESIAN_POINT('Ctrl Pts',(-93.5372167316777,129.393470021787,39.9246372286468));
#11278=CARTESIAN_POINT('Ctrl Pts',(-93.5404319840149,129.394919189144,39.9150054853251));
#11279=CARTESIAN_POINT('Ctrl Pts',(-93.5437511416567,129.39641518834,39.9053812879478));
#11280=CARTESIAN_POINT('Ctrl Pts',(-93.5471740465092,129.397957948118,39.8957650426947));
#11281=CARTESIAN_POINT('Ctrl Pts',(-93.5507005117797,129.399547384287,39.8861572154068));
#11282=CARTESIAN_POINT('Ctrl Pts',(-93.5543303444196,129.401183409839,39.8765582485292));
#11283=CARTESIAN_POINT('Ctrl Pts',(-93.5580633349695,129.402865930365,39.8669685978827));
#11284=CARTESIAN_POINT('Ctrl Pts',(-93.5618992620621,129.404594846092,39.8573887157306));
#11285=CARTESIAN_POINT('Ctrl Pts',(-93.5658378898729,129.406370050726,39.8478190590057));
#11286=CARTESIAN_POINT('Ctrl Pts',(-93.5698789706778,129.408191432623,39.8382600821153));
#11287=CARTESIAN_POINT('Ctrl Pts',(-93.5740222416127,129.410058873299,39.8287122441497));
#11288=CARTESIAN_POINT('Ctrl Pts',(-93.5782674274201,129.411972248693,39.8191760025679));
#11289=CARTESIAN_POINT('Ctrl Pts',(-93.5826142389002,129.413931428457,39.8096518163291));
#11290=CARTESIAN_POINT('Ctrl Pts',(-93.587062373612,129.415936276276,39.8001401441647));
#11291=CARTESIAN_POINT('Ctrl Pts',(-93.5916115155897,129.417986649739,39.7906414450182));
#11292=CARTESIAN_POINT('Ctrl Pts',(-93.596261335514,129.420082400417,39.7811561775233));
#11293=CARTESIAN_POINT('Ctrl Pts',(-93.6010114906971,129.422223373855,39.7716847999152));
#11294=CARTESIAN_POINT('Ctrl Pts',(-93.6058616251656,129.424409409609,39.7622277697547));
#11295=CARTESIAN_POINT('Ctrl Pts',(-93.6108113697156,129.426640341273,39.75278554374));
#11296=CARTESIAN_POINT('Ctrl Pts',(-93.6158603419949,129.428915996515,39.7433585774853));
#11297=CARTESIAN_POINT('Ctrl Pts',(-93.6210081465875,129.431236197114,39.7339473253182));
#11298=CARTESIAN_POINT('Ctrl Pts',(-93.626254375112,129.433600759006,39.7245522400751));
#11299=CARTESIAN_POINT('Ctrl Pts',(-93.6315986063278,129.436009492332,39.7151737729017));
#11300=CARTESIAN_POINT('Ctrl Pts',(-93.6370404062511,129.438462201487,39.7058123730569));
#11301=CARTESIAN_POINT('Ctrl Pts',(-93.6425793282804,129.440958685181,39.6964684877199));
#11302=CARTESIAN_POINT('Ctrl Pts',(-93.6482149133311,129.443498736497,39.6871425618013));
#11303=CARTESIAN_POINT('Ctrl Pts',(-93.6539466899785,129.446082142956,39.6778350377571));
#11304=CARTESIAN_POINT('Ctrl Pts',(-93.6597741746105,129.448708686586,39.6685463554074));
#11305=CARTESIAN_POINT('Ctrl Pts',(-93.6656968715877,129.451378143994,39.6592769517569));
#11306=CARTESIAN_POINT('Ctrl Pts',(-93.6717142734128,129.454090286443,39.6500272608205));
#11307=CARTESIAN_POINT('Ctrl Pts',(-93.6778258609076,129.456844879931,39.640797713451));
#11308=CARTESIAN_POINT('Ctrl Pts',(-93.684031103398,129.459641685275,39.6315887371713));
#11309=CARTESIAN_POINT('Ctrl Pts',(-93.6903294589078,129.462480458196,39.6224007560094));
#11310=CARTESIAN_POINT('Ctrl Pts',(-93.6967203743588,129.465360949414,39.6132341903368));
#11311=CARTESIAN_POINT('Ctrl Pts',(-93.70320328578,129.468282904737,39.60408945671));
#11312=CARTESIAN_POINT('Ctrl Pts',(-93.709777618522,129.471246065162,39.5949669677171));
#11313=CARTESIAN_POINT('Ctrl Pts',(-93.7164427874832,129.474250166973,39.5858671318225));
#11314=CARTESIAN_POINT('Ctrl Pts',(-93.7231981973332,129.477294941847,39.5767903532258));
#11315=CARTESIAN_POINT('Ctrl Pts',(-93.7300432427653,129.48038011696,39.567737031701));
#11316=CARTESIAN_POINT('Ctrl Pts',(-93.7369773087076,129.48350541509,39.5587075624887));
#11317=CARTESIAN_POINT('Ctrl Pts',(-93.7439997706473,129.486670554759,39.5497023360802));
#11318=CARTESIAN_POINT('Ctrl Pts',(-93.7511099947241,129.489875250275,39.5407217382532));
#11319=CARTESIAN_POINT('Ctrl Pts',(-93.7583073383637,129.493119212021,39.5317661495538));
#11320=CARTESIAN_POINT('Ctrl Pts',(-93.7655911497205,129.496402146198,39.5228359460294));
#11321=CARTESIAN_POINT('Ctrl Pts',(-93.7729607698097,129.499723755792,39.5139314971676));
#11322=CARTESIAN_POINT('Ctrl Pts',(-93.7804155286361,129.503083738824,39.5050531701029));
#11323=CARTESIAN_POINT('Ctrl Pts',(-93.7879547547894,129.506481792679,39.4962013197959));
#11324=CARTESIAN_POINT('Ctrl Pts',(-93.7955777548978,129.509917604843,39.4873763106362));
#11325=CARTESIAN_POINT('Ctrl Pts',(-93.8032838606104,129.51339087408,39.4785784676763));
#11326=CARTESIAN_POINT('Ctrl Pts',(-93.8110723243542,129.516901263446,39.4698081854803));
#11327=CARTESIAN_POINT('Ctrl Pts',(-93.8189425538255,129.520448505981,39.4610656839544));
#11328=CARTESIAN_POINT('Ctrl Pts',(-93.8268935874465,129.524032168285,39.4523515552519));
#11329=CARTESIAN_POINT('Ctrl Pts',(-93.8349252797462,129.527652184793,39.4436655284683));
#11330=CARTESIAN_POINT('Ctrl Pts',(-93.8430354068764,129.531307553179,39.4350094901958));
#11331=CARTESIAN_POINT('Ctrl Pts',(-93.8512322319601,129.535001997771,39.4263742954551));
#11332=CARTESIAN_POINT('Ctrl Pts',(-93.859514309261,129.538734866951,39.4177613437339));
#11333=CARTESIAN_POINT('Ctrl Pts',(-93.8678816520607,129.542506166705,39.4091704207438));
#11334=CARTESIAN_POINT('Ctrl Pts',(-93.8763337016599,129.54631564522,39.4006019386078));
#11335=CARTESIAN_POINT('Ctrl Pts',(-93.884870142105,129.550163160089,39.3920560350524));
#11336=CARTESIAN_POINT('Ctrl Pts',(-93.8934905400415,129.554048515993,39.3835329714891));
#11337=CARTESIAN_POINT('Ctrl Pts',(-93.9021945053565,129.557971537103,39.3750329552543));
#11338=CARTESIAN_POINT('Ctrl Pts',(-93.9109816194513,129.561932034748,39.3665562187969));
#11339=CARTESIAN_POINT('Ctrl Pts',(-93.9198514672664,129.565929821856,39.3581029841501));
#11340=CARTESIAN_POINT('Ctrl Pts',(-93.9288036229891,129.569964706506,39.3496734786256));
#11341=CARTESIAN_POINT('Ctrl Pts',(-93.9378376564475,129.574036494813,39.3412679276401));
#11342=CARTESIAN_POINT('Ctrl Pts',(-93.9469531302758,129.578144989649,39.3328865577543));
#11343=CARTESIAN_POINT('Ctrl Pts',(-93.9561496012055,129.582289991227,39.3245295951554));
#11344=CARTESIAN_POINT('Ctrl Pts',(-93.9654266195211,129.586471296852,39.3161972661768));
#11345=CARTESIAN_POINT('Ctrl Pts',(-93.974783729341,129.590688701052,39.3078897969109));
#11346=CARTESIAN_POINT('Ctrl Pts',(-93.9842204685358,129.594941995539,39.2996074132299));
#11347=CARTESIAN_POINT('Ctrl Pts',(-93.9937363688139,129.599230969245,39.2913503406273));
#11348=CARTESIAN_POINT('Ctrl Pts',(-94.0033309557379,129.603555408336,39.2831188041422));
#11349=CARTESIAN_POINT('Ctrl Pts',(-94.013003748777,129.607915096228,39.2749130282499));
#11350=CARTESIAN_POINT('Ctrl Pts',(-94.0227542613483,129.612309813611,39.2667332367705));
#11351=CARTESIAN_POINT('Ctrl Pts',(-94.0325820008679,129.61673933847,39.2585796527719));
#11352=CARTESIAN_POINT('Ctrl Pts',(-94.0424864688024,129.621203446109,39.2504524984793));
#11353=CARTESIAN_POINT('Ctrl Pts',(-94.0524671607243,129.625701909175,39.2423519951835));
#11354=CARTESIAN_POINT('Ctrl Pts',(-94.0625235663701,129.630234497685,39.2342783631539));
#11355=CARTESIAN_POINT('Ctrl Pts',(-94.0726551697022,129.634800979053,39.2262318215515));
#11356=CARTESIAN_POINT('Ctrl Pts',(-94.0828614489708,129.639401118118,39.2182125883454));
#11357=CARTESIAN_POINT('Ctrl Pts',(-94.0931418767846,129.644034677179,39.2102208802299));
#11358=CARTESIAN_POINT('Ctrl Pts',(-94.1034959201695,129.648701416012,39.2022569125462));
#11359=CARTESIAN_POINT('Ctrl Pts',(-94.1139230406638,129.653401091937,39.1943208992005));
#11360=CARTESIAN_POINT('Ctrl Pts',(-94.1244226943384,129.658133459769,39.1864130525966));
#11361=CARTESIAN_POINT('Ctrl Pts',(-94.1349943319921,129.66289827204,39.178533583542));
#11362=CARTESIAN_POINT('Ctrl Pts',(-94.1456373989628,129.66769527861,39.1706827012205));
#11363=CARTESIAN_POINT('Ctrl Pts',(-94.1563513358052,129.672524227657,39.1628606130214));
#11364=CARTESIAN_POINT('Ctrl Pts',(-94.1671355770305,129.677384863566,39.1550675246962));
#11365=CARTESIAN_POINT('Ctrl Pts',(-94.1761805575501,129.681461586377,39.1485976207295));
#11366=CARTESIAN_POINT('Ctrl Pts',(-94.183451121718,129.68473854996,39.1434364002653));
#11367=CARTESIAN_POINT('Ctrl Pts',(-94.1889212624841,129.687204032947,39.1395728612823));
#11368=CARTESIAN_POINT('Ctrl Pts',(-94.1934940006833,129.689265041783,39.1363594132224));
#11369=CARTESIAN_POINT('Ctrl Pts',(-94.1971607272498,129.690917696082,39.1337923678014));
#11370=CARTESIAN_POINT('Ctrl Pts',(-94.2026693348677,129.693400516653,39.1299455188828));
#11371=CARTESIAN_POINT('Ctrl Pts',(-94.2109641197412,129.697139114057,39.124189215894));
#11372=CARTESIAN_POINT('Ctrl Pts',(-94.2220912396118,129.702154291574,39.1165441440121));
#11373=CARTESIAN_POINT('Ctrl Pts',(-94.2332851727383,129.707199583104,39.1089292645778));
#11374=CARTESIAN_POINT('Ctrl Pts',(-94.2445453208449,129.712274718849,39.1013447689119));
#11375=CARTESIAN_POINT('Ctrl Pts',(-94.2558710813142,129.717379427111,39.0937908459987));
#11376=CARTESIAN_POINT('Ctrl Pts',(-94.2653633864012,129.721657766886,39.0875215433384));
#11377=CARTESIAN_POINT('Ctrl Pts',(-94.2729894274703,129.725094949903,39.0825215728768));
#11378=CARTESIAN_POINT('Ctrl Pts',(-94.2787249800352,129.727680058498,39.0787793537974));
#11379=CARTESIAN_POINT('Ctrl Pts',(-94.2844764773631,129.730272353677,39.0750449161553));
#11380=CARTESIAN_POINT('Ctrl Pts',(-94.2921662970483,129.733738282812,39.0700760711473));
#11381=CARTESIAN_POINT('Ctrl Pts',(-94.3018180468483,129.738088487211,39.0638845811606));
#11382=CARTESIAN_POINT('Ctrl Pts',(-94.3134626834942,129.743336918571,39.0564862752206));
#11383=CARTESIAN_POINT('Ctrl Pts',(-94.3251692302464,129.748613254055,39.0491196260016));
#11384=CARTESIAN_POINT('Ctrl Pts',(-94.3369370564905,129.753917209232,39.0417848051721));
#11385=CARTESIAN_POINT('Ctrl Pts',(-94.3487655280735,129.75924849832,39.034481981873));
#11386=CARTESIAN_POINT('Ctrl Pts',(-94.3606540073725,129.764606834043,39.027211322634));
#11387=CARTESIAN_POINT('Ctrl Pts',(-94.372601853315,129.769991927139,39.0199729909417));
#11388=CARTESIAN_POINT('Ctrl Pts',(-94.3826073270219,129.774501561257,39.0139681220942));
#11389=CARTESIAN_POINT('Ctrl Pts',(-94.3906407433041,129.778122355236,39.0091805497527));
#11390=CARTESIAN_POINT('Ctrl Pts',(-94.3966802429902,129.780844458035,39.0055980517093));
#11391=CARTESIAN_POINT('Ctrl Pts',(-94.4027340987636,129.783573031381,39.002023754175));
#11392=CARTESIAN_POINT('Ctrl Pts',(-94.4108249390799,129.787219707415,38.9972689835603));
#11393=CARTESIAN_POINT('Ctrl Pts',(-94.4209739715311,129.791794046209,38.9913461178765));
#11394=CARTESIAN_POINT('Ctrl Pts',(-94.4332089252635,129.797308544301,38.9842717829897));
#11395=CARTESIAN_POINT('Ctrl Pts',(-94.4454993348471,129.802848037132,38.9772306987791));
#11396=CARTESIAN_POINT('Ctrl Pts',(-94.4547582378752,129.807021180237,38.9719749321633));
#11397=CARTESIAN_POINT('Ctrl Pts',(-94.4609477554663,129.809810898457,38.9684815665181));
#11398=CARTESIAN_POINT('Ctrl Pts',(-94.4650785974871,129.811672737349,38.9661554534705));
#11399=CARTESIAN_POINT('Ctrl Pts',(-94.4692161642246,129.813537607811,38.963833541424));
#11400=CARTESIAN_POINT('Ctrl Pts',(-94.4733604138708,129.815405489754,38.9615158379989));
#11401=CARTESIAN_POINT('Ctrl Pts',(-94.4775091049306,129.817275373684,38.959200943586));
#11402=CARTESIAN_POINT('Ctrl Pts',(-94.4847809364066,129.820552908987,38.9551572591616));
#11403=CARTESIAN_POINT('Ctrl Pts',(-94.4931179987872,129.824310564197,38.9505528113036));
#11404=CARTESIAN_POINT('Ctrl Pts',(-94.5004357326304,129.827608788545,38.9465387661051));
#11405=CARTESIAN_POINT('Ctrl Pts',(-94.504623768336,129.829496405795,38.9442492763585));
#11406=CARTESIAN_POINT('Ctrl Pts',(-94.51091227436,129.83233073969,38.9408192960171));
#11407=CARTESIAN_POINT('Ctrl Pts',(-94.5182676234204,129.835645921105,38.9368300756193));
#11408=CARTESIAN_POINT('Ctrl Pts',(-94.5256451871479,129.838971111744,38.9328558121498));
#11409=CARTESIAN_POINT('Ctrl Pts',(-94.5298672426962,129.840874062346,38.9305890862171));
#11410=CARTESIAN_POINT('Ctrl Pts',(-94.5325086456251,129.842064586539,38.9291741681785));
#11411=CARTESIAN_POINT('Ctrl Pts',(-94.534623333597,129.843017711442,38.9280433060125));
#11412=CARTESIAN_POINT('Ctrl Pts',(-94.5362101310707,129.843732907346,38.9271956957923));
#11413=CARTESIAN_POINT('Ctrl Pts',(-94.5373346652381,129.844239753551,38.9265956853657));
#11414=CARTESIAN_POINT('Ctrl Pts',(-94.5379963384649,129.844537980614,38.9262428638578));
#11415=CARTESIAN_POINT('Ctrl Pts',(-94.5382610239779,129.844657278749,38.9261017464384));
#11416=CARTESIAN_POINT('Ctrl Pts',(-94.5385919112804,129.844806415129,38.9259253706428));
#11417=CARTESIAN_POINT('Ctrl Pts',(-94.5389890246797,129.844985400702,38.9257137532459));
#11418=CARTESIAN_POINT('Ctrl Pts',(-94.540312898065,129.845582092343,38.9250084738278));
#11419=CARTESIAN_POINT('Ctrl Pts',(-94.5425647220165,129.84659702698,38.9238103550901));
#11420=CARTESIAN_POINT('Ctrl Pts',(-94.5457468670769,129.848031272616,38.9221210434453));
#11421=CARTESIAN_POINT('Ctrl Pts',(-94.548401228713,129.849227637675,38.9207150773345));
#11422=CARTESIAN_POINT('Ctrl Pts',(-94.5502606285956,129.850065700029,38.919731843275));
#11423=CARTESIAN_POINT('Ctrl Pts',(-94.5513235269344,129.850544765909,38.9191702645832));
#11424=CARTESIAN_POINT('Ctrl Pts',(-94.5523866811324,129.851023947097,38.9186088654935));
#11425=CARTESIAN_POINT('Ctrl Pts',(-94.5537161032073,129.851623139716,38.9179074535479));
#11426=CARTESIAN_POINT('Ctrl Pts',(-94.5558441993048,129.852582307868,38.9167859132374));
#11427=CARTESIAN_POINT('Ctrl Pts',(-94.5579738239437,129.853542165359,38.9156654520427));
#11428=CARTESIAN_POINT('Ctrl Pts',(-94.5601049717684,129.854502708986,38.9145460702354));
#11429=CARTESIAN_POINT('Ctrl Pts',(-94.5622371332971,129.855463709607,38.9134274086023));
#11430=CARTESIAN_POINT('Ctrl Pts',(-94.5659710722822,129.857146658015,38.9114716418302));
#11431=CARTESIAN_POINT('Ctrl Pts',(-94.5702444814809,129.859072756124,38.9092408068861));
#11432=CARTESIAN_POINT('Ctrl Pts',(-94.573988971196,129.860760459947,38.9072926165622));
#11433=CARTESIAN_POINT('Ctrl Pts',(-94.5761301761976,129.861725536625,38.906180448998));
#11434=CARTESIAN_POINT('Ctrl Pts',(-94.5782723771481,129.862691062094,38.9050690043648));
#11435=CARTESIAN_POINT('Ctrl Pts',(-94.580416069387,129.863657260163,38.9039586450356));
#11436=CARTESIAN_POINT('Ctrl Pts',(-94.5825612475377,129.86462412752,38.9028493711572));
#11437=CARTESIAN_POINT('Ctrl Pts',(-94.584170872787,129.865349612365,38.9020179589072));
#11438=CARTESIAN_POINT('Ctrl Pts',(-94.585512844078,129.865954461128,38.9013255681372));
#11439=CARTESIAN_POINT('Ctrl Pts',(-94.5865867905908,129.866438506617,38.9007719272461));
#11440=CARTESIAN_POINT('Ctrl Pts',(-94.5881980795074,129.867164741191,38.8999417376968));
#11441=CARTESIAN_POINT('Ctrl Pts',(-94.5898102904911,129.867891391934,38.8991122282867));
#11442=CARTESIAN_POINT('Ctrl Pts',(-94.591423420149,129.868618456166,38.8982833986192));
#11443=CARTESIAN_POINT('Ctrl Pts',(-94.5924990846868,129.869103275996,38.8977310269466));
#11444=CARTESIAN_POINT('Ctrl Pts',(-94.5938441238803,129.869709507547,38.897040902665));
#11445=CARTESIAN_POINT('Ctrl Pts',(-94.5954589032006,129.870437315399,38.8962132980502));
#11446=CARTESIAN_POINT('Ctrl Pts',(-94.5968051617668,129.871044096553,38.8955240815723));
#11447=CARTESIAN_POINT('Ctrl Pts',(-94.5978825334248,129.871529685803,38.8949729808048));
#11448=CARTESIAN_POINT('Ctrl Pts',(-94.5989601480678,129.872015384594,38.8944220617518));
#11449=CARTESIAN_POINT('Ctrl Pts',(-94.6008466109423,129.872865644728,38.8934584304738));
#11450=CARTESIAN_POINT('Ctrl Pts',(-94.6030040224323,129.873838026452,38.8923582288101));
#11451=CARTESIAN_POINT('Ctrl Pts',(-94.6051628824429,129.874811060486,38.8912591182896));
#11452=CARTESIAN_POINT('Ctrl Pts',(-94.6067827503911,129.875541161942,38.8904353314686));
#11453=CARTESIAN_POINT('Ctrl Pts',(-94.6084033399362,129.876271588597,38.8896120908161));
#11454=CARTESIAN_POINT('Ctrl Pts',(-94.6100246497436,129.877002339912,38.8887893965818));
#11455=CARTESIAN_POINT('Ctrl Pts',(-94.6116466784732,129.877733415237,38.8879672489278));
#11456=CARTESIAN_POINT('Ctrl Pts',(-94.6138103402282,129.878708613623,38.8868717811523));
#11457=CARTESIAN_POINT('Ctrl Pts',(-94.6175992551734,129.880416340914,38.8849566271947));
#11458=CARTESIAN_POINT('Ctrl Pts',(-94.6219351523427,129.882370604518,38.8827722607149));
#11459=CARTESIAN_POINT('Ctrl Pts',(-94.6262767151159,129.884327419522,38.8805922777477));
#11460=CARTESIAN_POINT('Ctrl Pts',(-94.6306220407187,129.886285930218,38.8784152200982));
#11461=CARTESIAN_POINT('Ctrl Pts',(-94.6341571864359,129.887879282082,38.8766499309389));
#11462=CARTESIAN_POINT('Ctrl Pts',(-94.6368791447808,129.889106113931,38.8752940756302));
#11463=CARTESIAN_POINT('Ctrl Pts',(-94.6379681603889,129.889596951293,38.8747519167077));
#11464=CARTESIAN_POINT('Ctrl Pts',(-94.6390575240802,129.890087945743,38.8742100328721));
#11465=CARTESIAN_POINT('Ctrl Pts',(-94.6401472351666,129.89057909658,38.873668423902));
#11466=CARTESIAN_POINT('Ctrl Pts',(-94.6409646920169,129.890947537954,38.8732623547317));
#11467=CARTESIAN_POINT('Ctrl Pts',(-94.6417823222331,129.891316057455,38.8728564231065));
#11468=CARTESIAN_POINT('Ctrl Pts',(-94.6445083336161,129.892544715998,38.8715037762769));
#11469=CARTESIAN_POINT('Ctrl Pts',(-94.6472369406185,129.893774547892,38.8701531962417));
#11470=CARTESIAN_POINT('Ctrl Pts',(-94.6498315636965,129.894943987567,38.8688721059697));
#11471=CARTESIAN_POINT('Ctrl Pts',(-94.650309595619,129.89515944447,38.868636175932));
#11472=CARTESIAN_POINT('Ctrl Pts',(-94.6505827781472,129.895282572355,38.8685013759913));
#11473=CARTESIAN_POINT('Ctrl Pts',(-94.6509925733636,129.895467273833,38.8682991933038));
#11474=CARTESIAN_POINT('Ctrl Pts',(-94.6514024221312,129.895651999511,38.8680970537372));
#11475=CARTESIAN_POINT('Ctrl Pts',(-94.6518123243911,129.895836749235,38.8678949571973));
#11476=CARTESIAN_POINT('Ctrl Pts',(-94.6519660457611,129.895906034001,38.8678191774598));
#11477=CARTESIAN_POINT('Ctrl Pts',(-94.6520685300161,129.895952225348,38.867768660325));
#11478=CARTESIAN_POINT('Ctrl Pts',(-94.6521368537439,129.895983019982,38.8677349829534));
#11479=CARTESIAN_POINT('Ctrl Pts',(-94.6522564226065,129.896036911645,38.8676760494377));
#11480=CARTESIAN_POINT('Ctrl Pts',(-94.6529055361106,129.896329477846,38.867356145116));
#11481=CARTESIAN_POINT('Ctrl Pts',(-94.6537940051361,129.896729925793,38.866918549537));
#11482=CARTESIAN_POINT('Ctrl Pts',(-94.6548878468249,129.897222938368,38.8663802459618));
#11483=CARTESIAN_POINT('Ctrl Pts',(-94.6559819158684,129.897716053457,38.8658421263349));
#11484=CARTESIAN_POINT('Ctrl Pts',(-94.6573499280486,129.898332639448,38.8651698218439));
#11485=CARTESIAN_POINT('Ctrl Pts',(-94.6589922227027,129.899072849025,38.8643636083716));
#11486=CARTESIAN_POINT('Ctrl Pts',(-94.660361367171,129.899689945377,38.8636922240602));
#11487=CARTESIAN_POINT('Ctrl Pts',(-94.6614570214155,129.900183774924,38.8631553926475));
#11488=CARTESIAN_POINT('Ctrl Pts',(-94.6621419462964,129.900492481965,38.8628199881341));
#11489=CARTESIAN_POINT('Ctrl Pts',(-94.6626214676503,129.900708610182,38.8625852653794));
#11490=CARTESIAN_POINT('Ctrl Pts',(-94.6628955009672,129.900832121533,38.8624511553549));
#11491=CARTESIAN_POINT('Ctrl Pts',(-94.6631695483573,129.900955639225,38.8623170568419));
#11492=CARTESIAN_POINT('Ctrl Pts',(-94.6635121339761,129.901110048244,38.8621494552982));
#11493=CARTESIAN_POINT('Ctrl Pts',(-94.6639232789064,129.901295358076,38.8619483679817));
#11494=CARTESIAN_POINT('Ctrl Pts',(-94.6643344660039,129.901480686917,38.8617473152129));
#11495=CARTESIAN_POINT('Ctrl Pts',(-94.6647456952471,129.901666034749,38.8615462969873));
#11496=CARTESIAN_POINT('Ctrl Pts',(-94.6650884213876,129.901820507105,38.8613788105963));
#11497=CARTESIAN_POINT('Ctrl Pts',(-94.6653626233514,129.901944094466,38.8612448387491));
#11498=CARTESIAN_POINT('Ctrl Pts',(-94.6660481633393,129.902253078689,38.8609099379349));
#11499=CARTESIAN_POINT('Ctrl Pts',(-94.6669395704938,129.90265485097,38.8604747355864));
#11500=CARTESIAN_POINT('Ctrl Pts',(-94.6678998414071,129.903087660987,38.8600062978313));
#11501=CARTESIAN_POINT('Ctrl Pts',(-94.6683457496548,129.903288639238,38.8597888650618));
#11502=CARTESIAN_POINT('Ctrl Pts',(-94.6685515665658,129.903381404323,38.8596885222683));
#11503=CARTESIAN_POINT('Ctrl Pts',(-94.6686887813341,129.903443249288,38.8596216299541));
#11504=CARTESIAN_POINT('Ctrl Pts',(-94.66892891635,129.903551482114,38.8595045759702));
#11505=CARTESIAN_POINT('Ctrl Pts',(-94.6692719925705,129.903706112258,38.8593373776133));
#11506=CARTESIAN_POINT('Ctrl Pts',(-94.6696837259289,129.903891687308,38.859136774161));
#11507=CARTESIAN_POINT('Ctrl Pts',(-94.6700955011604,129.90407728123,38.8589362052884));
#11508=CARTESIAN_POINT('Ctrl Pts',(-94.6704043639735,129.904216490827,38.8587858045781));
#11509=CARTESIAN_POINT('Ctrl Pts',(-94.6706102855871,129.904309303104,38.8586855482364));
#11510=CARTESIAN_POINT('Ctrl Pts',(-94.6707475701482,129.904371179525,38.8586187135567));
#11511=CARTESIAN_POINT('Ctrl Pts',(-94.6708848599372,129.904433058308,38.8585518832046));
#11512=CARTESIAN_POINT('Ctrl Pts',(-94.6710221549522,129.904494939441,38.8584850571722));
#11513=CARTESIAN_POINT('Ctrl Pts',(-94.6711251288263,129.904541351469,38.8584349398102));
#11514=CARTESIAN_POINT('Ctrl Pts',(-94.6712109425651,129.90458002914,38.8583931771436));
#11515=CARTESIAN_POINT('Ctrl Pts',(-94.6712795948622,129.904610971865,38.8583597680907));
#11516=CARTESIAN_POINT('Ctrl Pts',(-94.6713825746138,129.904657386542,38.8583096555925));
#11517=CARTESIAN_POINT('Ctrl Pts',(-94.6715370491388,129.904727010769,38.8582344909027));
#11518=CARTESIAN_POINT('Ctrl Pts',(-94.6718116844425,129.904850793447,38.8581008763171));
#11519=CARTESIAN_POINT('Ctrl Pts',(-94.6722923327717,129.905067429615,38.8578670810694));
#11520=CARTESIAN_POINT('Ctrl Pts',(-94.6728417286475,129.905315051521,38.8575999557584));
#11521=CARTESIAN_POINT('Ctrl Pts',(-94.6733225230182,129.905531753511,38.8573662816096));
#11522=CARTESIAN_POINT('Ctrl Pts',(-94.6735972835005,129.905655592611,38.8572327708249));
#11523=CARTESIAN_POINT('Ctrl Pts',(-94.6738720578737,129.905779437967,38.8570992715713));
#11524=CARTESIAN_POINT('Ctrl Pts',(-94.67414685308,129.905903292736,38.8569657896403));
#11525=CARTESIAN_POINT('Ctrl Pts',(-94.6744216691059,129.906027156866,38.856832324996));
#11526=CARTESIAN_POINT('Ctrl Pts',(-94.6746277915334,129.906120059657,38.8567322351683));
#11527=CARTESIAN_POINT('Ctrl Pts',(-94.6748339243662,129.906212967138,38.8566321539935));
#11528=CARTESIAN_POINT('Ctrl Pts',(-94.6751087820133,129.906336850028,38.8564987239627));
#11529=CARTESIAN_POINT('Ctrl Pts',(-94.6758646977464,129.906677553809,38.8561318390155));
#11530=CARTESIAN_POINT('Ctrl Pts',(-94.6771019626256,129.907235209927,38.8555317416871));
#11531=CARTESIAN_POINT('Ctrl Pts',(-94.6782193873978,129.907738852134,38.8549903623305));
#11532=CARTESIAN_POINT('Ctrl Pts',(-94.6788040074971,129.908002350111,38.8547072803562));
#11533=CARTESIAN_POINT('Ctrl Pts',(-94.6788555922702,129.908025600219,38.8546823030726));
#11534=CARTESIAN_POINT('Ctrl Pts',(-94.6789071776904,129.908048850621,38.854657326332));
#11535=CARTESIAN_POINT('Ctrl Pts',(-94.6790103498246,129.908095352007,38.8546073739317));
#11536=CARTESIAN_POINT('Ctrl Pts',(-94.6791307210881,129.908149605332,38.8545490992945));
#11537=CARTESIAN_POINT('Ctrl Pts',(-94.6792682934201,129.908211611457,38.8544825040337));
#11538=CARTESIAN_POINT('Ctrl Pts',(-94.6794058692008,129.908273619136,38.8544159116597));
#11539=CARTESIAN_POINT('Ctrl Pts',(-94.679526252535,129.908327877901,38.8543576471263));
#11540=CARTESIAN_POINT('Ctrl Pts',(-94.6796294414819,129.908374386865,38.8543077087997));
#11541=CARTESIAN_POINT('Ctrl Pts',(-94.6796810366016,129.908397641639,38.8542827401778));
#11542=CARTESIAN_POINT('Ctrl Pts',(-94.6797326323677,129.908420896703,38.8542577720972));
#11543=CARTESIAN_POINT('Ctrl Pts',(-94.6798014275842,129.908451903845,38.8542244820446));
#11544=CARTESIAN_POINT('Ctrl Pts',(-94.6798874232202,129.908490663501,38.8541828708337));
#11545=CARTESIAN_POINT('Ctrl Pts',(-94.6800250196841,129.908552680502,38.8541162957813));
#11546=CARTESIAN_POINT('Ctrl Pts',(-94.680162621316,129.908614699839,38.8540497250658));
#11547=CARTESIAN_POINT('Ctrl Pts',(-94.6803002281157,129.908676721498,38.8539831586749));
#11548=CARTESIAN_POINT('Ctrl Pts',(-94.6806442537252,129.908831779536,38.8538167499243));
#11549=CARTESIAN_POINT('Ctrl Pts',(-94.6812291631203,129.909095407976,38.8535339103476));
#11550=CARTESIAN_POINT('Ctrl Pts',(-94.6819174294403,129.909405621076,38.8532012733898));
#11551=CARTESIAN_POINT('Ctrl Pts',(-94.6823648695701,129.909607289775,38.8529851156679));
#11552=CARTESIAN_POINT('Ctrl Pts',(-94.6825713932821,129.909700373428,38.8528853613855));
#11553=CARTESIAN_POINT('Ctrl Pts',(-94.6827090791915,129.909762430745,38.8528188614186));
#11554=CARTESIAN_POINT('Ctrl Pts',(-94.6828811930175,129.909840005297,38.8527357418796));
#11555=CARTESIAN_POINT('Ctrl Pts',(-94.6830361031859,129.909909825877,38.8526609407948));
#11556=CARTESIAN_POINT('Ctrl Pts',(-94.6831307734612,129.909952495335,38.8526152315005));
#11557=CARTESIAN_POINT('Ctrl Pts',(-94.6831651993376,129.909968011646,38.8525986102096));
#11558=CARTESIAN_POINT('Ctrl Pts',(-94.6831996254285,129.909983528055,38.8525819890992));
#11559=CARTESIAN_POINT('Ctrl Pts',(-94.6832426584444,129.910002923746,38.85256121305));
#11560=CARTESIAN_POINT('Ctrl Pts',(-94.6834147926529,129.91008050748,38.8524781106586));
#11561=CARTESIAN_POINT('Ctrl Pts',(-94.6836041508994,129.910165854405,38.8523867069923));
#11562=CARTESIAN_POINT('Ctrl Pts',(-94.6838107363939,129.910258965903,38.8522870047069));
#11563=CARTESIAN_POINT('Ctrl Pts',(-94.6839484634863,129.910321041781,38.8522205394066));
#11564=CARTESIAN_POINT('Ctrl Pts',(-94.6840861957224,129.910383119984,38.8521540784453));
#11565=CARTESIAN_POINT('Ctrl Pts',(-94.6842239331007,129.910445200499,38.8520876218126));
#11566=CARTESIAN_POINT('Ctrl Pts',(-94.6843272387052,129.910491762044,38.8520377815057));
#11567=CARTESIAN_POINT('Ctrl Pts',(-94.6844305468803,129.910538324748,38.8519879433659));
#11568=CARTESIAN_POINT('Ctrl Pts',(-94.6845682945405,129.910600409896,38.8519214954015));
#11569=CARTESIAN_POINT('Ctrl Pts',(-94.6847404855405,129.910678019236,38.8518384408707));
#11570=CARTESIAN_POINT('Ctrl Pts',(-94.6850160048425,129.910802200343,38.8517055651697));
#11571=CARTESIAN_POINT('Ctrl Pts',(-94.6852571022117,129.91091086695,38.8515893141307));
#11572=CARTESIAN_POINT('Ctrl Pts',(-94.685446547625,129.910996253131,38.8514979839403));
#11573=CARTESIAN_POINT('Ctrl Pts',(-94.6855025211763,129.911021481336,38.8514710009009));
#11574=CARTESIAN_POINT('Ctrl Pts',(-94.6855262024779,129.91103215489,38.8514595851546));
#11575=CARTESIAN_POINT('Ctrl Pts',(-94.6855348138804,129.911036036191,38.851455433991));
#11576=CARTESIAN_POINT('Ctrl Pts',(-94.6855477310041,129.911041858152,38.8514492072626));
#11577=CARTESIAN_POINT('Ctrl Pts',(-94.6856273869108,129.911077760388,38.8514108093667));
#11578=CARTESIAN_POINT('Ctrl Pts',(-94.6858426791616,129.911174796172,38.8513070363522));
#11579=CARTESIAN_POINT('Ctrl Pts',(-94.6860665998027,129.911275720967,38.8511991265419));
#11580=CARTESIAN_POINT('Ctrl Pts',(-94.6862388560487,129.911353359708,38.8511161270957));
#11581=CARTESIAN_POINT('Ctrl Pts',(-94.6863077594013,129.911384415588,38.8510829280388));
#11582=CARTESIAN_POINT('Ctrl Pts',(-94.6863680509583,129.911411589993,38.8510538798151));
#11583=CARTESIAN_POINT('Ctrl Pts',(-94.6864197302355,129.911434882697,38.8510289820128));
#11584=CARTESIAN_POINT('Ctrl Pts',(-94.6864455700345,129.911446529122,38.8510165332472));
#11585=CARTESIAN_POINT('Ctrl Pts',(-94.6864714099936,129.911458175618,38.8510040846171));
#11586=CARTESIAN_POINT('Ctrl Pts',(-94.6865058634861,129.911473704377,38.8509874866243));
#11587=CARTESIAN_POINT('Ctrl Pts',(-94.6865489307525,129.911493115507,38.8509667394724));
#11588=CARTESIAN_POINT('Ctrl Pts',(-94.6867212019537,129.911570760986,38.8508837526706));
#11589=CARTESIAN_POINT('Ctrl Pts',(-94.6868848687485,129.911644528374,38.8508049229713));
#11590=CARTESIAN_POINT('Ctrl Pts',(-94.6870399296472,129.911714416886,38.8507302490779));
#11591=CARTESIAN_POINT('Ctrl Pts',(-94.6870743878379,129.911729947762,38.8507136550596));
#11592=CARTESIAN_POINT('Ctrl Pts',(-94.6871088463492,129.911745478784,38.8506970613131));
#11593=CARTESIAN_POINT('Ctrl Pts',(-94.6871433051804,129.911761009948,38.8506804678369));
#11594=CARTESIAN_POINT('Ctrl Pts',(-94.687169149464,129.911772658394,38.8506680228653));
#11595=CARTESIAN_POINT('Ctrl Pts',(-94.6871949939076,129.911784306912,38.8506555780293));
#11596=CARTESIAN_POINT('Ctrl Pts',(-94.6872294533792,129.911799838366,38.8506389850951));
#11597=CARTESIAN_POINT('Ctrl Pts',(-94.6872639131712,129.911815369964,38.8506223924326));
#11598=CARTESIAN_POINT('Ctrl Pts',(-94.687294065769,129.911828960238,38.8506078740895));
#11599=CARTESIAN_POINT('Ctrl Pts',(-94.687309142138,129.911835755407,38.8506006149772));
#11600=CARTESIAN_POINT('Ctrl Pts',(-94.687317757226,129.91183963837,38.85059646693));
#11601=CARTESIAN_POINT('Ctrl Pts',(-94.6873565251818,129.911857111728,38.8505778007684));
#11602=CARTESIAN_POINT('Ctrl Pts',(-94.6874620615606,129.91190467872,38.8505269885062));
#11603=CARTESIAN_POINT('Ctrl Pts',(-94.6876343722532,129.911982342002,38.8504440351336));
#11604=CARTESIAN_POINT('Ctrl Pts',(-94.6877765356135,129.912046417385,38.8503756045663));
#11605=CARTESIAN_POINT('Ctrl Pts',(-94.6878540813055,129.91208136851,38.8503382805269));
#11606=CARTESIAN_POINT('Ctrl Pts',(-94.6878713137349,129.912089135451,38.850329986341));
#11607=CARTESIAN_POINT('Ctrl Pts',(-94.6879014706263,129.91210272766,38.8503154716344));
#11608=CARTESIAN_POINT('Ctrl Pts',(-94.6879359359648,129.912118261758,38.8502988836696));
#11609=CARTESIAN_POINT('Ctrl Pts',(-94.6879660934159,129.91213185422,38.8502843694373));
#11610=CARTESIAN_POINT('Ctrl Pts',(-94.6879833263252,129.912139621377,38.850276075658));
#11611=CARTESIAN_POINT('Ctrl Pts',(-94.6879940969268,129.912144475865,38.8502708920742));
#11612=CARTESIAN_POINT('Ctrl Pts',(-94.688002713428,129.912148359465,38.8502667452241));
#11613=CARTESIAN_POINT('Ctrl Pts',(-94.688009175814,129.912151272169,38.850263635095));
#11614=CARTESIAN_POINT('Ctrl Pts',(-94.6880156382099,129.912154184877,38.8502605249743));
#11615=CARTESIAN_POINT('Ctrl Pts',(-94.6880285630218,129.912160010304,38.85025430475));
#11616=CARTESIAN_POINT('Ctrl Pts',(-94.6881082663373,129.912195933906,38.8502159469616));
#11617=CARTESIAN_POINT('Ctrl Pts',(-94.6881944344994,129.912234771348,38.850174481131));
#11618=CARTESIAN_POINT('Ctrl Pts',(-94.6882806050426,129.912273609837,38.8501330173175));
#11619=CARTESIAN_POINT('Ctrl Pts',(-94.6882999935348,129.912282348552,38.8501236880612));
#11620=CARTESIAN_POINT('Ctrl Pts',(-94.6883129192461,129.912288174383,38.8501174685992));
#11621=CARTESIAN_POINT('Ctrl Pts',(-94.6883215364003,129.912292058277,38.8501133223025));
#11622=CARTESIAN_POINT('Ctrl Pts',(-94.6883366164552,129.912298855107,38.850106066313));
#11623=CARTESIAN_POINT('Ctrl Pts',(-94.688366776705,129.912312448831,38.8500915544528));
#11624=CARTESIAN_POINT('Ctrl Pts',(-94.6884098631764,129.912331868617,38.8500708235632));
#11625=CARTESIAN_POINT('Ctrl Pts',(-94.6884464871302,129.91234837564,38.8500532026914));
#11626=CARTESIAN_POINT('Ctrl Pts',(-94.6884680307818,129.91235808572,38.8500428375992));
#11627=CARTESIAN_POINT('Ctrl Pts',(-94.6884744938872,129.912360998748,38.8500397280799));
#11628=CARTESIAN_POINT('Ctrl Pts',(-94.6884809570026,129.912363911781,38.8500366185692));
#11629=CARTESIAN_POINT('Ctrl Pts',(-94.688487420128,129.912366824819,38.8500335090669));
#11630=CARTESIAN_POINT('Ctrl Pts',(-94.6884938832633,129.912369737861,38.8500303995732));
#11631=CARTESIAN_POINT('Ctrl Pts',(-94.6885003464087,129.912372650907,38.8500272900878));
#11632=CARTESIAN_POINT('Ctrl Pts',(-94.688506809564,129.912375563958,38.850024180611));
#11633=CARTESIAN_POINT('Ctrl Pts',(-94.6885283534485,129.912385274143,38.8500138157163));
#11634=CARTESIAN_POINT('Ctrl Pts',(-94.6885563606929,129.912397897471,38.8500003415191));
#11635=CARTESIAN_POINT('Ctrl Pts',(-94.6885865226206,129.91241149195,38.8499858310818));
#11636=CARTESIAN_POINT('Ctrl Pts',(-94.6886016036543,129.912418289222,38.8499785759224));
#11637=CARTESIAN_POINT('Ctrl Pts',(-94.6886102214078,129.912422173386,38.849974430134));
#11638=CARTESIAN_POINT('Ctrl Pts',(-94.6886166847329,129.912425086513,38.8499713208011));
#11639=CARTESIAN_POINT('Ctrl Pts',(-94.688623148068,129.912427999645,38.8499682114767));
#11640=CARTESIAN_POINT('Ctrl Pts',(-94.6886296114131,129.912430912781,38.8499651021608));
#11641=CARTESIAN_POINT('Ctrl Pts',(-94.6886360747682,129.912433825922,38.8499619928534));
#11642=CARTESIAN_POINT('Ctrl Pts',(-94.6886425381332,129.912436739068,38.8499588835544));
#11643=CARTESIAN_POINT('Ctrl Pts',(-94.6886490015084,129.912439652217,38.8499557742638));
#11644=CARTESIAN_POINT('Ctrl Pts',(-94.688655464893,129.912442565372,38.8499526649821));
#11645=CARTESIAN_POINT('Ctrl Pts',(-94.6886619282889,129.912445478531,38.8499495557078));
#11646=CARTESIAN_POINT('Ctrl Pts',(-94.688666237224,129.91244742064,38.8499474828657));
#11647=CARTESIAN_POINT('Ctrl Pts',(-94.6902572281867,129.913164505592,38.8491821268226));
#11648=CARTESIAN_POINT('Ctrl Pts',(-94.6934797055099,129.914592919795,38.8476599541079));
#11649=CARTESIAN_POINT('Ctrl Pts',(-94.700105654822,129.917433390231,38.84464250688));
#11650=CARTESIAN_POINT('Ctrl Pts',(-94.707003222243,129.920246615407,38.8416679054521));
#11651=CARTESIAN_POINT('Ctrl Pts',(-94.7141787527501,129.923029644391,38.8387386207901));
#11652=CARTESIAN_POINT('Ctrl Pts',(-94.7215430934848,129.925791958393,38.8358399072149));
#11653=CARTESIAN_POINT('Ctrl Pts',(-94.7311021259611,129.929202198357,38.8322773864399));
#11654=CARTESIAN_POINT('Ctrl Pts',(-94.7391287338788,129.931878244982,38.8294981469466));
#11655=CARTESIAN_POINT('Ctrl Pts',(-94.7432392310956,129.933202168039,38.828127076694));
#11656=CARTESIAN_POINT('',(-93.4894402029777,129.371936350828,40.217387293959));
#11657=CARTESIAN_POINT('',(-91.4726291481655,129.37193635016,36.1150645518287));
#11658=CARTESIAN_POINT('Ctrl Pts',(-91.4726291486551,129.37193635082,36.1150645517499));
#11659=CARTESIAN_POINT('Ctrl Pts',(-91.472629148676,129.37193635082,36.2998159624293));
#11660=CARTESIAN_POINT('Ctrl Pts',(-91.4752313147294,129.371936350828,36.8050270842009));
#11661=CARTESIAN_POINT('Ctrl Pts',(-91.7294804213512,129.371936350828,37.8191015072411));
#11662=CARTESIAN_POINT('Ctrl Pts',(-91.8646956066544,129.371936350828,38.1841711826984));
#11663=CARTESIAN_POINT('Ctrl Pts',(-92.1964764974928,129.371936350828,38.8353715223584));
#11664=CARTESIAN_POINT('Ctrl Pts',(-92.3838638059797,129.371936350828,39.1247270171789));
#11665=CARTESIAN_POINT('Ctrl Pts',(-92.8577510362106,129.371936350828,39.7031497517545));
#11666=CARTESIAN_POINT('Ctrl Pts',(-93.1485950571533,129.371936350828,39.9752997230638));
#11667=CARTESIAN_POINT('Ctrl Pts',(-93.4840371994892,129.371936350828,40.2135624967078));
#11668=CARTESIAN_POINT('Ctrl Pts',(-93.4867376819866,129.371936350828,40.2154763230399));
#11669=CARTESIAN_POINT('Ctrl Pts',(-93.4894402029777,129.371936350828,40.217387293959));
#11670=CARTESIAN_POINT('',(-91.963770052113,129.932285745862,36.0496066421642));
#11671=CARTESIAN_POINT('Ctrl Pts',(-91.4741112155355,129.373940479007,36.1179754670517));
#11672=CARTESIAN_POINT('Ctrl Pts',(-91.4742320609455,129.374103880094,36.1178014400023));
#11673=CARTESIAN_POINT('Ctrl Pts',(-91.4743622961788,129.374279977661,36.1176149795627));
#11674=CARTESIAN_POINT('Ctrl Pts',(-91.474500047275,129.37446623775,36.1174160886336));
#11675=CARTESIAN_POINT('Ctrl Pts',(-91.4745345066735,129.374512832011,36.1173663065785));
#11676=CARTESIAN_POINT('Ctrl Pts',(-91.4745689982675,129.374559469806,36.1173165253379));
#11677=CARTESIAN_POINT('Ctrl Pts',(-91.4746034624856,129.374606070584,36.1172667449091));
#11678=CARTESIAN_POINT('Ctrl Pts',(-91.4746293149701,129.37464102701,36.1172294099943));
#11679=CARTESIAN_POINT('Ctrl Pts',(-91.4746551671755,129.374675983059,36.1171920754859));
#11680=CARTESIAN_POINT('Ctrl Pts',(-91.4746896332434,129.374722586338,36.1171422966833));
#11681=CARTESIAN_POINT('Ctrl Pts',(-91.4747241233875,129.374769222173,36.1170925186947));
#11682=CARTESIAN_POINT('Ctrl Pts',(-91.4747542818987,129.374810000991,36.1170489636653));
#11683=CARTESIAN_POINT('Ctrl Pts',(-91.474769361479,129.374830390839,36.1170271863285));
#11684=CARTESIAN_POINT('Ctrl Pts',(-91.4747779764525,129.374842039571,36.1170147421867));
#11685=CARTESIAN_POINT('Ctrl Pts',(-91.4748167543821,129.374894473133,36.1169587437018));
#11686=CARTESIAN_POINT('Ctrl Pts',(-91.4749224454212,129.375037383232,36.1168063069133));
#11687=CARTESIAN_POINT('Ctrl Pts',(-91.4750951420978,129.375270894985,36.1165574467904));
#11688=CARTESIAN_POINT('Ctrl Pts',(-91.4752377589751,129.375463734354,36.1163521550822));
#11689=CARTESIAN_POINT('Ctrl Pts',(-91.4753153445497,129.375568641656,36.1162401829638));
#11690=CARTESIAN_POINT('Ctrl Pts',(-91.4753325772697,129.375591942871,36.116215300406));
#11691=CARTESIAN_POINT('Ctrl Pts',(-91.475362743109,129.375632731598,36.116171756286));
#11692=CARTESIAN_POINT('Ctrl Pts',(-91.4753972379867,129.375679373834,36.1161219923913));
#11693=CARTESIAN_POINT('Ctrl Pts',(-91.4754274030968,129.375720161574,36.1160784496942));
#11694=CARTESIAN_POINT('Ctrl Pts',(-91.4754446386572,129.37574346663,36.1160535683563));
#11695=CARTESIAN_POINT('Ctrl Pts',(-91.4754554111614,129.375758032667,36.1160380176048));
#11696=CARTESIAN_POINT('Ctrl Pts',(-91.4754640282466,129.375769684255,36.1160255770544));
#11697=CARTESIAN_POINT('Ctrl Pts',(-91.4754704911602,129.375778423081,36.116016246667));
#11698=CARTESIAN_POINT('Ctrl Pts',(-91.4754769540293,129.375787161847,36.1160069163051));
#11699=CARTESIAN_POINT('Ctrl Pts',(-91.4754898798919,129.375804639546,36.115988255632));
#11700=CARTESIAN_POINT('Ctrl Pts',(-91.4755696087087,129.375912444833,36.1158731822656));
#11701=CARTESIAN_POINT('Ctrl Pts',(-91.4756562802147,129.376029637695,36.1157487847489));
#11702=CARTESIAN_POINT('Ctrl Pts',(-91.4757424729637,129.376146183184,36.1156243933073));
#11703=CARTESIAN_POINT('Ctrl Pts',(-91.4757618694092,129.37617241008,36.115596405538));
#11704=CARTESIAN_POINT('Ctrl Pts',(-91.4757747962329,129.376189889079,36.115577747152));
#11705=CARTESIAN_POINT('Ctrl Pts',(-91.4757834140118,129.376201541605,36.1155653082619));
#11706=CARTESIAN_POINT('Ctrl Pts',(-91.4757984965779,129.37622193549,36.1155435402932));
#11707=CARTESIAN_POINT('Ctrl Pts',(-91.4758286674861,129.376262731071,36.115500004712));
#11708=CARTESIAN_POINT('Ctrl Pts',(-91.4758717820243,129.376321028377,36.1154378120417));
#11709=CARTESIAN_POINT('Ctrl Pts',(-91.4759084373341,129.376370591839,36.1153849494244));
#11710=CARTESIAN_POINT('Ctrl Pts',(-91.4759299842636,129.376399726511,36.1153538541476));
#11711=CARTESIAN_POINT('Ctrl Pts',(-91.4759364476579,129.376408465987,36.1153445255899));
#11712=CARTESIAN_POINT('Ctrl Pts',(-91.4759429114158,129.376417205954,36.1153351970577));
#11713=CARTESIAN_POINT('Ctrl Pts',(-91.4759493750398,129.376425945741,36.1153258685509));
#11714=CARTESIAN_POINT('Ctrl Pts',(-91.4759558387141,129.376434685595,36.1153165400695));
#11715=CARTESIAN_POINT('Ctrl Pts',(-91.4759623024455,129.376443425527,36.1153072116134));
#11716=CARTESIAN_POINT('Ctrl Pts',(-91.475968766035,129.376452165266,36.1152978831829));
#11717=CARTESIAN_POINT('Ctrl Pts',(-91.4759903123109,129.376481299054,36.1152667884989));
#11718=CARTESIAN_POINT('Ctrl Pts',(-91.4760183549015,129.376519216832,36.1152263659066));
#11719=CARTESIAN_POINT('Ctrl Pts',(-91.4760485222089,129.376560007544,36.1151828345945));
#11720=CARTESIAN_POINT('Ctrl Pts',(-91.4760636068585,129.376580404247,36.1151610691164));
#11721=CARTESIAN_POINT('Ctrl Pts',(-91.4760722252969,129.376592057665,36.1151486317511));
#11722=CARTESIAN_POINT('Ctrl Pts',(-91.4760786888597,129.376600797368,36.1151393037525));
#11723=CARTESIAN_POINT('Ctrl Pts',(-91.4760851536581,129.376609538743,36.1151299757793));
#11724=CARTESIAN_POINT('Ctrl Pts',(-91.47609161547,129.376618276079,36.1151206478316));
#11725=CARTESIAN_POINT('Ctrl Pts',(-91.4760980841269,129.376627022671,36.1151113199092));
#11726=CARTESIAN_POINT('Ctrl Pts',(-91.4761045374407,129.376635748516,36.1151019920125));
#11727=CARTESIAN_POINT('Ctrl Pts',(-91.4761110251882,129.376644520921,36.1150926641407));
#11728=CARTESIAN_POINT('Ctrl Pts',(-91.476117435722,129.376653188922,36.1150833362953));
#11729=CARTESIAN_POINT('Ctrl Pts',(-91.4761240222317,129.376662094867,36.115074008473));
#11730=CARTESIAN_POINT('Ctrl Pts',(-91.4761281001881,129.376667608877,36.115067789946));
#11731=CARTESIAN_POINT('Ctrl Pts',(-91.4779979782517,129.379195959403,36.1127717225636));
#11732=CARTESIAN_POINT('Ctrl Pts',(-91.5146034118586,129.428044092055,36.1082052107285));
#11733=CARTESIAN_POINT('Ctrl Pts',(-91.5702464191937,129.499342095884,36.0991528730154));
#11734=CARTESIAN_POINT('Ctrl Pts',(-91.6358283643591,129.580038805615,36.0902290838739));
#11735=CARTESIAN_POINT('Ctrl Pts',(-91.699972529055,129.654591962517,36.0814412367745));
#11736=CARTESIAN_POINT('Ctrl Pts',(-91.7669032552528,129.730054534096,36.072745102745));
#11737=CARTESIAN_POINT('Ctrl Pts',(-91.8532533883645,129.822557231539,36.0620575492018));
#11738=CARTESIAN_POINT('Ctrl Pts',(-91.9267755771626,129.896539823334,36.0537198529218));
#11739=CARTESIAN_POINT('Ctrl Pts',(-91.963770052113,129.932285745862,36.0496066421642));
#11740=CARTESIAN_POINT('',(-94.7432392310955,129.933202168039,38.8281270766941));
#11741=CARTESIAN_POINT('Origin',(-94.7432392310955,127.055733802461,36.0496066421642));
#11742=CARTESIAN_POINT('Ctrl Pts',(-94.7432392310956,129.933202168039,38.828127076694));
#11743=CARTESIAN_POINT('Ctrl Pts',(-94.7391287338788,129.931878244982,38.8294981469466));
#11744=CARTESIAN_POINT('Ctrl Pts',(-94.7311021259611,129.929202198357,38.8322773864399));
#11745=CARTESIAN_POINT('Ctrl Pts',(-94.7215430934848,129.925791958393,38.8358399072149));
#11746=CARTESIAN_POINT('Ctrl Pts',(-94.7141787527501,129.923029644391,38.8387386207901));
#11747=CARTESIAN_POINT('Ctrl Pts',(-94.707003222243,129.920246615407,38.8416679054521));
#11748=CARTESIAN_POINT('Ctrl Pts',(-94.700105654822,129.917433390231,38.84464250688));
#11749=CARTESIAN_POINT('Ctrl Pts',(-94.6934797055099,129.914592919795,38.8476599541079));
#11750=CARTESIAN_POINT('Ctrl Pts',(-94.6902572281867,129.913164505592,38.8491821268226));
#11751=CARTESIAN_POINT('Ctrl Pts',(-94.688666237224,129.91244742064,38.8499474828657));
#11752=CARTESIAN_POINT('Ctrl Pts',(-94.6886619282889,129.912445478531,38.8499495557078));
#11753=CARTESIAN_POINT('Ctrl Pts',(-94.688655464893,129.912442565372,38.8499526649821));
#11754=CARTESIAN_POINT('Ctrl Pts',(-94.6886490015084,129.912439652217,38.8499557742638));
#11755=CARTESIAN_POINT('Ctrl Pts',(-94.6886425381332,129.912436739068,38.8499588835544));
#11756=CARTESIAN_POINT('Ctrl Pts',(-94.6886360747682,129.912433825922,38.8499619928534));
#11757=CARTESIAN_POINT('Ctrl Pts',(-94.6886296114131,129.912430912781,38.8499651021608));
#11758=CARTESIAN_POINT('Ctrl Pts',(-94.688623148068,129.912427999645,38.8499682114767));
#11759=CARTESIAN_POINT('Ctrl Pts',(-94.6886166847329,129.912425086513,38.8499713208011));
#11760=CARTESIAN_POINT('Ctrl Pts',(-94.6886102214078,129.912422173386,38.849974430134));
#11761=CARTESIAN_POINT('Ctrl Pts',(-94.6886016036543,129.912418289222,38.8499785759224));
#11762=CARTESIAN_POINT('Ctrl Pts',(-94.6885865226206,129.91241149195,38.8499858310818));
#11763=CARTESIAN_POINT('Ctrl Pts',(-94.6885563606929,129.912397897471,38.8500003415191));
#11764=CARTESIAN_POINT('Ctrl Pts',(-94.6885283534485,129.912385274143,38.8500138157163));
#11765=CARTESIAN_POINT('Ctrl Pts',(-94.688506809564,129.912375563958,38.850024180611));
#11766=CARTESIAN_POINT('Ctrl Pts',(-94.6885003464087,129.912372650907,38.8500272900878));
#11767=CARTESIAN_POINT('Ctrl Pts',(-94.6884938832633,129.912369737861,38.8500303995732));
#11768=CARTESIAN_POINT('Ctrl Pts',(-94.688487420128,129.912366824819,38.8500335090669));
#11769=CARTESIAN_POINT('Ctrl Pts',(-94.6884809570026,129.912363911781,38.8500366185692));
#11770=CARTESIAN_POINT('Ctrl Pts',(-94.6884744938872,129.912360998748,38.8500397280799));
#11771=CARTESIAN_POINT('Ctrl Pts',(-94.6884680307818,129.91235808572,38.8500428375992));
#11772=CARTESIAN_POINT('Ctrl Pts',(-94.6884464871302,129.91234837564,38.8500532026914));
#11773=CARTESIAN_POINT('Ctrl Pts',(-94.6884098631764,129.912331868617,38.8500708235632));
#11774=CARTESIAN_POINT('Ctrl Pts',(-94.688366776705,129.912312448831,38.8500915544528));
#11775=CARTESIAN_POINT('Ctrl Pts',(-94.6883366164552,129.912298855107,38.850106066313));
#11776=CARTESIAN_POINT('Ctrl Pts',(-94.6883215364003,129.912292058277,38.8501133223025));
#11777=CARTESIAN_POINT('Ctrl Pts',(-94.6883129192461,129.912288174383,38.8501174685992));
#11778=CARTESIAN_POINT('Ctrl Pts',(-94.6882999935348,129.912282348552,38.8501236880612));
#11779=CARTESIAN_POINT('Ctrl Pts',(-94.6882806050426,129.912273609837,38.8501330173175));
#11780=CARTESIAN_POINT('Ctrl Pts',(-94.6881944344994,129.912234771348,38.850174481131));
#11781=CARTESIAN_POINT('Ctrl Pts',(-94.6881082663373,129.912195933906,38.8502159469616));
#11782=CARTESIAN_POINT('Ctrl Pts',(-94.6880285630218,129.912160010304,38.85025430475));
#11783=CARTESIAN_POINT('Ctrl Pts',(-94.6880156382099,129.912154184877,38.8502605249743));
#11784=CARTESIAN_POINT('Ctrl Pts',(-94.688009175814,129.912151272169,38.850263635095));
#11785=CARTESIAN_POINT('Ctrl Pts',(-94.688002713428,129.912148359465,38.8502667452241));
#11786=CARTESIAN_POINT('Ctrl Pts',(-94.6879940969268,129.912144475865,38.8502708920742));
#11787=CARTESIAN_POINT('Ctrl Pts',(-94.6879833263252,129.912139621377,38.850276075658));
#11788=CARTESIAN_POINT('Ctrl Pts',(-94.6879660934159,129.91213185422,38.8502843694373));
#11789=CARTESIAN_POINT('Ctrl Pts',(-94.6879359359648,129.912118261758,38.8502988836696));
#11790=CARTESIAN_POINT('Ctrl Pts',(-94.6879014706263,129.91210272766,38.8503154716344));
#11791=CARTESIAN_POINT('Ctrl Pts',(-94.6878713137349,129.912089135451,38.850329986341));
#11792=CARTESIAN_POINT('Ctrl Pts',(-94.6878540813055,129.91208136851,38.8503382805269));
#11793=CARTESIAN_POINT('Ctrl Pts',(-94.6877765356135,129.912046417385,38.8503756045663));
#11794=CARTESIAN_POINT('Ctrl Pts',(-94.6876343722532,129.911982342002,38.8504440351336));
#11795=CARTESIAN_POINT('Ctrl Pts',(-94.6874620615606,129.91190467872,38.8505269885062));
#11796=CARTESIAN_POINT('Ctrl Pts',(-94.6873565251818,129.911857111728,38.8505778007684));
#11797=CARTESIAN_POINT('Ctrl Pts',(-94.687317757226,129.91183963837,38.85059646693));
#11798=CARTESIAN_POINT('Ctrl Pts',(-94.687309142138,129.911835755407,38.8506006149772));
#11799=CARTESIAN_POINT('Ctrl Pts',(-94.687294065769,129.911828960238,38.8506078740895));
#11800=CARTESIAN_POINT('Ctrl Pts',(-94.6872639131712,129.911815369964,38.8506223924326));
#11801=CARTESIAN_POINT('Ctrl Pts',(-94.6872294533792,129.911799838366,38.8506389850951));
#11802=CARTESIAN_POINT('Ctrl Pts',(-94.6871949939076,129.911784306912,38.8506555780293));
#11803=CARTESIAN_POINT('Ctrl Pts',(-94.687169149464,129.911772658394,38.8506680228653));
#11804=CARTESIAN_POINT('Ctrl Pts',(-94.6871433051804,129.911761009948,38.8506804678369));
#11805=CARTESIAN_POINT('Ctrl Pts',(-94.6871088463492,129.911745478784,38.8506970613131));
#11806=CARTESIAN_POINT('Ctrl Pts',(-94.6870743878379,129.911729947762,38.8507136550596));
#11807=CARTESIAN_POINT('Ctrl Pts',(-94.6870399296472,129.911714416886,38.8507302490779));
#11808=CARTESIAN_POINT('Ctrl Pts',(-94.6868848687485,129.911644528374,38.8508049229713));
#11809=CARTESIAN_POINT('Ctrl Pts',(-94.6867212019537,129.911570760986,38.8508837526706));
#11810=CARTESIAN_POINT('Ctrl Pts',(-94.6865489307525,129.911493115507,38.8509667394724));
#11811=CARTESIAN_POINT('Ctrl Pts',(-94.6865058634861,129.911473704377,38.8509874866243));
#11812=CARTESIAN_POINT('Ctrl Pts',(-94.6864714099936,129.911458175618,38.8510040846171));
#11813=CARTESIAN_POINT('Ctrl Pts',(-94.6864455700345,129.911446529122,38.8510165332472));
#11814=CARTESIAN_POINT('Ctrl Pts',(-94.6864197302355,129.911434882697,38.8510289820128));
#11815=CARTESIAN_POINT('Ctrl Pts',(-94.6863680509583,129.911411589993,38.8510538798151));
#11816=CARTESIAN_POINT('Ctrl Pts',(-94.6863077594013,129.911384415588,38.8510829280388));
#11817=CARTESIAN_POINT('Ctrl Pts',(-94.6862388560487,129.911353359708,38.8511161270957));
#11818=CARTESIAN_POINT('Ctrl Pts',(-94.6860665998027,129.911275720967,38.8511991265419));
#11819=CARTESIAN_POINT('Ctrl Pts',(-94.6858426791616,129.911174796172,38.8513070363522));
#11820=CARTESIAN_POINT('Ctrl Pts',(-94.6856273869108,129.911077760388,38.8514108093667));
#11821=CARTESIAN_POINT('Ctrl Pts',(-94.6855477310041,129.911041858152,38.8514492072626));
#11822=CARTESIAN_POINT('Ctrl Pts',(-94.6855348138804,129.911036036191,38.851455433991));
#11823=CARTESIAN_POINT('Ctrl Pts',(-94.6855262024779,129.91103215489,38.8514595851546));
#11824=CARTESIAN_POINT('Ctrl Pts',(-94.6855025211763,129.911021481336,38.8514710009009));
#11825=CARTESIAN_POINT('Ctrl Pts',(-94.685446547625,129.910996253131,38.8514979839403));
#11826=CARTESIAN_POINT('Ctrl Pts',(-94.6852571022117,129.91091086695,38.8515893141307));
#11827=CARTESIAN_POINT('Ctrl Pts',(-94.6850160048425,129.910802200343,38.8517055651697));
#11828=CARTESIAN_POINT('Ctrl Pts',(-94.6847404855405,129.910678019236,38.8518384408707));
#11829=CARTESIAN_POINT('Ctrl Pts',(-94.6845682945405,129.910600409896,38.8519214954015));
#11830=CARTESIAN_POINT('Ctrl Pts',(-94.6844305468803,129.910538324748,38.8519879433659));
#11831=CARTESIAN_POINT('Ctrl Pts',(-94.6843272387052,129.910491762044,38.8520377815057));
#11832=CARTESIAN_POINT('Ctrl Pts',(-94.6842239331007,129.910445200499,38.8520876218126));
#11833=CARTESIAN_POINT('Ctrl Pts',(-94.6840861957224,129.910383119984,38.8521540784453));
#11834=CARTESIAN_POINT('Ctrl Pts',(-94.6839484634863,129.910321041781,38.8522205394066));
#11835=CARTESIAN_POINT('Ctrl Pts',(-94.6838107363939,129.910258965903,38.8522870047069));
#11836=CARTESIAN_POINT('Ctrl Pts',(-94.6836041508994,129.910165854405,38.8523867069923));
#11837=CARTESIAN_POINT('Ctrl Pts',(-94.6834147926529,129.91008050748,38.8524781106586));
#11838=CARTESIAN_POINT('Ctrl Pts',(-94.6832426584444,129.910002923746,38.85256121305));
#11839=CARTESIAN_POINT('Ctrl Pts',(-94.6831996254285,129.909983528055,38.8525819890992));
#11840=CARTESIAN_POINT('Ctrl Pts',(-94.6831651993376,129.909968011646,38.8525986102096));
#11841=CARTESIAN_POINT('Ctrl Pts',(-94.6831307734612,129.909952495335,38.8526152315005));
#11842=CARTESIAN_POINT('Ctrl Pts',(-94.6830361031859,129.909909825877,38.8526609407948));
#11843=CARTESIAN_POINT('Ctrl Pts',(-94.6828811930175,129.909840005297,38.8527357418796));
#11844=CARTESIAN_POINT('Ctrl Pts',(-94.6827090791915,129.909762430745,38.8528188614186));
#11845=CARTESIAN_POINT('Ctrl Pts',(-94.6825713932821,129.909700373428,38.8528853613855));
#11846=CARTESIAN_POINT('Ctrl Pts',(-94.6823648695701,129.909607289775,38.8529851156679));
#11847=CARTESIAN_POINT('Ctrl Pts',(-94.6819174294403,129.909405621076,38.8532012733898));
#11848=CARTESIAN_POINT('Ctrl Pts',(-94.6812291631203,129.909095407976,38.8535339103476));
#11849=CARTESIAN_POINT('Ctrl Pts',(-94.6806442537252,129.908831779536,38.8538167499243));
#11850=CARTESIAN_POINT('Ctrl Pts',(-94.6803002281157,129.908676721498,38.8539831586749));
#11851=CARTESIAN_POINT('Ctrl Pts',(-94.680162621316,129.908614699839,38.8540497250658));
#11852=CARTESIAN_POINT('Ctrl Pts',(-94.6800250196841,129.908552680502,38.8541162957813));
#11853=CARTESIAN_POINT('Ctrl Pts',(-94.6798874232202,129.908490663501,38.8541828708337));
#11854=CARTESIAN_POINT('Ctrl Pts',(-94.6798014275842,129.908451903845,38.8542244820446));
#11855=CARTESIAN_POINT('Ctrl Pts',(-94.6797326323677,129.908420896703,38.8542577720972));
#11856=CARTESIAN_POINT('Ctrl Pts',(-94.6796810366016,129.908397641639,38.8542827401778));
#11857=CARTESIAN_POINT('Ctrl Pts',(-94.6796294414819,129.908374386865,38.8543077087997));
#11858=CARTESIAN_POINT('Ctrl Pts',(-94.679526252535,129.908327877901,38.8543576471263));
#11859=CARTESIAN_POINT('Ctrl Pts',(-94.6794058692008,129.908273619136,38.8544159116597));
#11860=CARTESIAN_POINT('Ctrl Pts',(-94.6792682934201,129.908211611457,38.8544825040337));
#11861=CARTESIAN_POINT('Ctrl Pts',(-94.6791307210881,129.908149605332,38.8545490992945));
#11862=CARTESIAN_POINT('Ctrl Pts',(-94.6790103498246,129.908095352007,38.8546073739317));
#11863=CARTESIAN_POINT('Ctrl Pts',(-94.6789071776904,129.908048850621,38.854657326332));
#11864=CARTESIAN_POINT('Ctrl Pts',(-94.6788555922702,129.908025600219,38.8546823030726));
#11865=CARTESIAN_POINT('Ctrl Pts',(-94.6788040074971,129.908002350111,38.8547072803562));
#11866=CARTESIAN_POINT('Ctrl Pts',(-94.6782193873978,129.907738852134,38.8549903623305));
#11867=CARTESIAN_POINT('Ctrl Pts',(-94.6771019626256,129.907235209927,38.8555317416871));
#11868=CARTESIAN_POINT('Ctrl Pts',(-94.6758646977464,129.906677553809,38.8561318390155));
#11869=CARTESIAN_POINT('Ctrl Pts',(-94.6751087820133,129.906336850028,38.8564987239627));
#11870=CARTESIAN_POINT('Ctrl Pts',(-94.6748339243662,129.906212967138,38.8566321539935));
#11871=CARTESIAN_POINT('Ctrl Pts',(-94.6746277915334,129.906120059657,38.8567322351683));
#11872=CARTESIAN_POINT('Ctrl Pts',(-94.6744216691059,129.906027156866,38.856832324996));
#11873=CARTESIAN_POINT('Ctrl Pts',(-94.67414685308,129.905903292736,38.8569657896403));
#11874=CARTESIAN_POINT('Ctrl Pts',(-94.6738720578737,129.905779437967,38.8570992715713));
#11875=CARTESIAN_POINT('Ctrl Pts',(-94.6735972835005,129.905655592611,38.8572327708249));
#11876=CARTESIAN_POINT('Ctrl Pts',(-94.6733225230182,129.905531753511,38.8573662816096));
#11877=CARTESIAN_POINT('Ctrl Pts',(-94.6728417286475,129.905315051521,38.8575999557584));
#11878=CARTESIAN_POINT('Ctrl Pts',(-94.6722923327717,129.905067429615,38.8578670810694));
#11879=CARTESIAN_POINT('Ctrl Pts',(-94.6718116844425,129.904850793447,38.8581008763171));
#11880=CARTESIAN_POINT('Ctrl Pts',(-94.6715370491388,129.904727010769,38.8582344909027));
#11881=CARTESIAN_POINT('Ctrl Pts',(-94.6713825746138,129.904657386542,38.8583096555925));
#11882=CARTESIAN_POINT('Ctrl Pts',(-94.6712795948622,129.904610971865,38.8583597680907));
#11883=CARTESIAN_POINT('Ctrl Pts',(-94.6712109425651,129.90458002914,38.8583931771436));
#11884=CARTESIAN_POINT('Ctrl Pts',(-94.6711251288263,129.904541351469,38.8584349398102));
#11885=CARTESIAN_POINT('Ctrl Pts',(-94.6710221549522,129.904494939441,38.8584850571722));
#11886=CARTESIAN_POINT('Ctrl Pts',(-94.6708848599372,129.904433058308,38.8585518832046));
#11887=CARTESIAN_POINT('Ctrl Pts',(-94.6707475701482,129.904371179525,38.8586187135567));
#11888=CARTESIAN_POINT('Ctrl Pts',(-94.6706102855871,129.904309303104,38.8586855482364));
#11889=CARTESIAN_POINT('Ctrl Pts',(-94.6704043639735,129.904216490827,38.8587858045781));
#11890=CARTESIAN_POINT('Ctrl Pts',(-94.6700955011604,129.90407728123,38.8589362052884));
#11891=CARTESIAN_POINT('Ctrl Pts',(-94.6696837259289,129.903891687308,38.859136774161));
#11892=CARTESIAN_POINT('Ctrl Pts',(-94.6692719925705,129.903706112258,38.8593373776133));
#11893=CARTESIAN_POINT('Ctrl Pts',(-94.66892891635,129.903551482114,38.8595045759702));
#11894=CARTESIAN_POINT('Ctrl Pts',(-94.6686887813341,129.903443249288,38.8596216299541));
#11895=CARTESIAN_POINT('Ctrl Pts',(-94.6685515665658,129.903381404323,38.8596885222683));
#11896=CARTESIAN_POINT('Ctrl Pts',(-94.6683457496548,129.903288639238,38.8597888650618));
#11897=CARTESIAN_POINT('Ctrl Pts',(-94.6678998414071,129.903087660987,38.8600062978313));
#11898=CARTESIAN_POINT('Ctrl Pts',(-94.6669395704938,129.90265485097,38.8604747355864));
#11899=CARTESIAN_POINT('Ctrl Pts',(-94.6660481633393,129.902253078689,38.8609099379349));
#11900=CARTESIAN_POINT('Ctrl Pts',(-94.6653626233514,129.901944094466,38.8612448387491));
#11901=CARTESIAN_POINT('Ctrl Pts',(-94.6650884213876,129.901820507105,38.8613788105963));
#11902=CARTESIAN_POINT('Ctrl Pts',(-94.6647456952471,129.901666034749,38.8615462969873));
#11903=CARTESIAN_POINT('Ctrl Pts',(-94.6643344660039,129.901480686917,38.8617473152129));
#11904=CARTESIAN_POINT('Ctrl Pts',(-94.6639232789064,129.901295358076,38.8619483679817));
#11905=CARTESIAN_POINT('Ctrl Pts',(-94.6635121339761,129.901110048244,38.8621494552982));
#11906=CARTESIAN_POINT('Ctrl Pts',(-94.6631695483573,129.900955639225,38.8623170568419));
#11907=CARTESIAN_POINT('Ctrl Pts',(-94.6628955009672,129.900832121533,38.8624511553549));
#11908=CARTESIAN_POINT('Ctrl Pts',(-94.6626214676503,129.900708610182,38.8625852653794));
#11909=CARTESIAN_POINT('Ctrl Pts',(-94.6621419462964,129.900492481965,38.8628199881341));
#11910=CARTESIAN_POINT('Ctrl Pts',(-94.6614570214155,129.900183774924,38.8631553926475));
#11911=CARTESIAN_POINT('Ctrl Pts',(-94.660361367171,129.899689945377,38.8636922240602));
#11912=CARTESIAN_POINT('Ctrl Pts',(-94.6589922227027,129.899072849025,38.8643636083716));
#11913=CARTESIAN_POINT('Ctrl Pts',(-94.6573499280486,129.898332639448,38.8651698218439));
#11914=CARTESIAN_POINT('Ctrl Pts',(-94.6559819158684,129.897716053457,38.8658421263349));
#11915=CARTESIAN_POINT('Ctrl Pts',(-94.6548878468249,129.897222938368,38.8663802459618));
#11916=CARTESIAN_POINT('Ctrl Pts',(-94.6537940051361,129.896729925793,38.866918549537));
#11917=CARTESIAN_POINT('Ctrl Pts',(-94.6529055361106,129.896329477846,38.867356145116));
#11918=CARTESIAN_POINT('Ctrl Pts',(-94.6522564226065,129.896036911645,38.8676760494377));
#11919=CARTESIAN_POINT('Ctrl Pts',(-94.6521368537439,129.895983019982,38.8677349829534));
#11920=CARTESIAN_POINT('Ctrl Pts',(-94.6520685300161,129.895952225348,38.867768660325));
#11921=CARTESIAN_POINT('Ctrl Pts',(-94.6519660457611,129.895906034001,38.8678191774598));
#11922=CARTESIAN_POINT('Ctrl Pts',(-94.6518123243911,129.895836749235,38.8678949571973));
#11923=CARTESIAN_POINT('Ctrl Pts',(-94.6514024221312,129.895651999511,38.8680970537372));
#11924=CARTESIAN_POINT('Ctrl Pts',(-94.6509925733636,129.895467273833,38.8682991933038));
#11925=CARTESIAN_POINT('Ctrl Pts',(-94.6505827781472,129.895282572355,38.8685013759913));
#11926=CARTESIAN_POINT('Ctrl Pts',(-94.650309595619,129.89515944447,38.868636175932));
#11927=CARTESIAN_POINT('Ctrl Pts',(-94.6498315636965,129.894943987567,38.8688721059697));
#11928=CARTESIAN_POINT('Ctrl Pts',(-94.6472369406185,129.893774547892,38.8701531962417));
#11929=CARTESIAN_POINT('Ctrl Pts',(-94.6445083336161,129.892544715998,38.8715037762769));
#11930=CARTESIAN_POINT('Ctrl Pts',(-94.6417823222331,129.891316057455,38.8728564231065));
#11931=CARTESIAN_POINT('Ctrl Pts',(-94.6409646920169,129.890947537954,38.8732623547317));
#11932=CARTESIAN_POINT('Ctrl Pts',(-94.6401472351666,129.89057909658,38.873668423902));
#11933=CARTESIAN_POINT('Ctrl Pts',(-94.6390575240802,129.890087945743,38.8742100328721));
#11934=CARTESIAN_POINT('Ctrl Pts',(-94.6379681603889,129.889596951293,38.8747519167077));
#11935=CARTESIAN_POINT('Ctrl Pts',(-94.6368791447808,129.889106113931,38.8752940756302));
#11936=CARTESIAN_POINT('Ctrl Pts',(-94.6341571864359,129.887879282082,38.8766499309389));
#11937=CARTESIAN_POINT('Ctrl Pts',(-94.6306220407187,129.886285930218,38.8784152200982));
#11938=CARTESIAN_POINT('Ctrl Pts',(-94.6262767151159,129.884327419522,38.8805922777477));
#11939=CARTESIAN_POINT('Ctrl Pts',(-94.6219351523427,129.882370604518,38.8827722607149));
#11940=CARTESIAN_POINT('Ctrl Pts',(-94.6175992551734,129.880416340914,38.8849566271947));
#11941=CARTESIAN_POINT('Ctrl Pts',(-94.6138103402282,129.878708613623,38.8868717811523));
#11942=CARTESIAN_POINT('Ctrl Pts',(-94.6116466784732,129.877733415237,38.8879672489278));
#11943=CARTESIAN_POINT('Ctrl Pts',(-94.6100246497436,129.877002339912,38.8887893965818));
#11944=CARTESIAN_POINT('Ctrl Pts',(-94.6084033399362,129.876271588597,38.8896120908161));
#11945=CARTESIAN_POINT('Ctrl Pts',(-94.6067827503911,129.875541161942,38.8904353314686));
#11946=CARTESIAN_POINT('Ctrl Pts',(-94.6051628824429,129.874811060486,38.8912591182896));
#11947=CARTESIAN_POINT('Ctrl Pts',(-94.6030040224323,129.873838026452,38.8923582288101));
#11948=CARTESIAN_POINT('Ctrl Pts',(-94.6008466109423,129.872865644728,38.8934584304738));
#11949=CARTESIAN_POINT('Ctrl Pts',(-94.5989601480678,129.872015384594,38.8944220617518));
#11950=CARTESIAN_POINT('Ctrl Pts',(-94.5978825334248,129.871529685803,38.8949729808048));
#11951=CARTESIAN_POINT('Ctrl Pts',(-94.5968051617668,129.871044096553,38.8955240815723));
#11952=CARTESIAN_POINT('Ctrl Pts',(-94.5954589032006,129.870437315399,38.8962132980502));
#11953=CARTESIAN_POINT('Ctrl Pts',(-94.5938441238803,129.869709507547,38.897040902665));
#11954=CARTESIAN_POINT('Ctrl Pts',(-94.5924990846868,129.869103275996,38.8977310269466));
#11955=CARTESIAN_POINT('Ctrl Pts',(-94.591423420149,129.868618456166,38.8982833986192));
#11956=CARTESIAN_POINT('Ctrl Pts',(-94.5898102904911,129.867891391934,38.8991122282867));
#11957=CARTESIAN_POINT('Ctrl Pts',(-94.5881980795074,129.867164741191,38.8999417376968));
#11958=CARTESIAN_POINT('Ctrl Pts',(-94.5865867905908,129.866438506617,38.9007719272461));
#11959=CARTESIAN_POINT('Ctrl Pts',(-94.585512844078,129.865954461128,38.9013255681372));
#11960=CARTESIAN_POINT('Ctrl Pts',(-94.584170872787,129.865349612365,38.9020179589072));
#11961=CARTESIAN_POINT('Ctrl Pts',(-94.5825612475377,129.86462412752,38.9028493711572));
#11962=CARTESIAN_POINT('Ctrl Pts',(-94.580416069387,129.863657260163,38.9039586450356));
#11963=CARTESIAN_POINT('Ctrl Pts',(-94.5782723771481,129.862691062094,38.9050690043648));
#11964=CARTESIAN_POINT('Ctrl Pts',(-94.5761301761976,129.861725536625,38.906180448998));
#11965=CARTESIAN_POINT('Ctrl Pts',(-94.573988971196,129.860760459947,38.9072926165622));
#11966=CARTESIAN_POINT('Ctrl Pts',(-94.5702444814809,129.859072756124,38.9092408068861));
#11967=CARTESIAN_POINT('Ctrl Pts',(-94.5659710722822,129.857146658015,38.9114716418302));
#11968=CARTESIAN_POINT('Ctrl Pts',(-94.5622371332971,129.855463709607,38.9134274086023));
#11969=CARTESIAN_POINT('Ctrl Pts',(-94.5601049717684,129.854502708986,38.9145460702354));
#11970=CARTESIAN_POINT('Ctrl Pts',(-94.5579738239437,129.853542165359,38.9156654520427));
#11971=CARTESIAN_POINT('Ctrl Pts',(-94.5558441993048,129.852582307868,38.9167859132374));
#11972=CARTESIAN_POINT('Ctrl Pts',(-94.5537161032073,129.851623139716,38.9179074535479));
#11973=CARTESIAN_POINT('Ctrl Pts',(-94.5523866811324,129.851023947097,38.9186088654935));
#11974=CARTESIAN_POINT('Ctrl Pts',(-94.5513235269344,129.850544765909,38.9191702645832));
#11975=CARTESIAN_POINT('Ctrl Pts',(-94.5502606285956,129.850065700029,38.919731843275));
#11976=CARTESIAN_POINT('Ctrl Pts',(-94.548401228713,129.849227637675,38.9207150773345));
#11977=CARTESIAN_POINT('Ctrl Pts',(-94.5457468670769,129.848031272616,38.9221210434453));
#11978=CARTESIAN_POINT('Ctrl Pts',(-94.5425647220165,129.84659702698,38.9238103550901));
#11979=CARTESIAN_POINT('Ctrl Pts',(-94.540312898065,129.845582092343,38.9250084738278));
#11980=CARTESIAN_POINT('Ctrl Pts',(-94.5389890246797,129.844985400702,38.9257137532459));
#11981=CARTESIAN_POINT('Ctrl Pts',(-94.5385919112804,129.844806415129,38.9259253706428));
#11982=CARTESIAN_POINT('Ctrl Pts',(-94.5382610239779,129.844657278749,38.9261017464384));
#11983=CARTESIAN_POINT('Ctrl Pts',(-94.5379963384649,129.844537980614,38.9262428638578));
#11984=CARTESIAN_POINT('Ctrl Pts',(-94.5373346652381,129.844239753551,38.9265956853657));
#11985=CARTESIAN_POINT('Ctrl Pts',(-94.5362101310707,129.843732907346,38.9271956957923));
#11986=CARTESIAN_POINT('Ctrl Pts',(-94.534623333597,129.843017711442,38.9280433060125));
#11987=CARTESIAN_POINT('Ctrl Pts',(-94.5325086456251,129.842064586539,38.9291741681785));
#11988=CARTESIAN_POINT('Ctrl Pts',(-94.5298672426962,129.840874062346,38.9305890862171));
#11989=CARTESIAN_POINT('Ctrl Pts',(-94.5256451871479,129.838971111744,38.9328558121498));
#11990=CARTESIAN_POINT('Ctrl Pts',(-94.5182676234204,129.835645921105,38.9368300756193));
#11991=CARTESIAN_POINT('Ctrl Pts',(-94.51091227436,129.83233073969,38.9408192960171));
#11992=CARTESIAN_POINT('Ctrl Pts',(-94.504623768336,129.829496405795,38.9442492763585));
#11993=CARTESIAN_POINT('Ctrl Pts',(-94.5004357326304,129.827608788545,38.9465387661051));
#11994=CARTESIAN_POINT('Ctrl Pts',(-94.4931179987872,129.824310564197,38.9505528113036));
#11995=CARTESIAN_POINT('Ctrl Pts',(-94.4847809364066,129.820552908987,38.9551572591616));
#11996=CARTESIAN_POINT('Ctrl Pts',(-94.4775091049306,129.817275373684,38.959200943586));
#11997=CARTESIAN_POINT('Ctrl Pts',(-94.4733604138708,129.815405489754,38.9615158379989));
#11998=CARTESIAN_POINT('Ctrl Pts',(-94.4692161642246,129.813537607811,38.963833541424));
#11999=CARTESIAN_POINT('Ctrl Pts',(-94.4650785974871,129.811672737349,38.9661554534705));
#12000=CARTESIAN_POINT('Ctrl Pts',(-94.4609477554663,129.809810898457,38.9684815665181));
#12001=CARTESIAN_POINT('Ctrl Pts',(-94.4547582378752,129.807021180237,38.9719749321633));
#12002=CARTESIAN_POINT('Ctrl Pts',(-94.4454993348471,129.802848037132,38.9772306987791));
#12003=CARTESIAN_POINT('Ctrl Pts',(-94.4332089252635,129.797308544301,38.9842717829897));
#12004=CARTESIAN_POINT('Ctrl Pts',(-94.4209739715311,129.791794046209,38.9913461178765));
#12005=CARTESIAN_POINT('Ctrl Pts',(-94.4108249390799,129.787219707415,38.9972689835603));
#12006=CARTESIAN_POINT('Ctrl Pts',(-94.4027340987636,129.783573031381,39.002023754175));
#12007=CARTESIAN_POINT('Ctrl Pts',(-94.3966802429902,129.780844458035,39.0055980517093));
#12008=CARTESIAN_POINT('Ctrl Pts',(-94.3906407433041,129.778122355236,39.0091805497527));
#12009=CARTESIAN_POINT('Ctrl Pts',(-94.3826073270219,129.774501561257,39.0139681220942));
#12010=CARTESIAN_POINT('Ctrl Pts',(-94.372601853315,129.769991927139,39.0199729909417));
#12011=CARTESIAN_POINT('Ctrl Pts',(-94.3606540073725,129.764606834043,39.027211322634));
#12012=CARTESIAN_POINT('Ctrl Pts',(-94.3487655280735,129.75924849832,39.034481981873));
#12013=CARTESIAN_POINT('Ctrl Pts',(-94.3369370564905,129.753917209232,39.0417848051721));
#12014=CARTESIAN_POINT('Ctrl Pts',(-94.3251692302464,129.748613254055,39.0491196260016));
#12015=CARTESIAN_POINT('Ctrl Pts',(-94.3134626834942,129.743336918571,39.0564862752206));
#12016=CARTESIAN_POINT('Ctrl Pts',(-94.3018180468483,129.738088487211,39.0638845811606));
#12017=CARTESIAN_POINT('Ctrl Pts',(-94.2921662970483,129.733738282812,39.0700760711473));
#12018=CARTESIAN_POINT('Ctrl Pts',(-94.2844764773631,129.730272353677,39.0750449161553));
#12019=CARTESIAN_POINT('Ctrl Pts',(-94.2787249800352,129.727680058498,39.0787793537974));
#12020=CARTESIAN_POINT('Ctrl Pts',(-94.2729894274703,129.725094949903,39.0825215728768));
#12021=CARTESIAN_POINT('Ctrl Pts',(-94.2653633864012,129.721657766886,39.0875215433384));
#12022=CARTESIAN_POINT('Ctrl Pts',(-94.2558710813142,129.717379427111,39.0937908459987));
#12023=CARTESIAN_POINT('Ctrl Pts',(-94.2445453208449,129.712274718849,39.1013447689119));
#12024=CARTESIAN_POINT('Ctrl Pts',(-94.2332851727383,129.707199583104,39.1089292645778));
#12025=CARTESIAN_POINT('Ctrl Pts',(-94.2220912396118,129.702154291574,39.1165441440121));
#12026=CARTESIAN_POINT('Ctrl Pts',(-94.2109641197412,129.697139114057,39.124189215894));
#12027=CARTESIAN_POINT('Ctrl Pts',(-94.2026693348677,129.693400516653,39.1299455188828));
#12028=CARTESIAN_POINT('Ctrl Pts',(-94.1971607272498,129.690917696082,39.1337923678014));
#12029=CARTESIAN_POINT('Ctrl Pts',(-94.1934940006833,129.689265041783,39.1363594132224));
#12030=CARTESIAN_POINT('Ctrl Pts',(-94.1889212624841,129.687204032947,39.1395728612823));
#12031=CARTESIAN_POINT('Ctrl Pts',(-94.183451121718,129.68473854996,39.1434364002653));
#12032=CARTESIAN_POINT('Ctrl Pts',(-94.1761805575501,129.681461586377,39.1485976207295));
#12033=CARTESIAN_POINT('Ctrl Pts',(-94.1671355770305,129.677384863566,39.1550675246962));
#12034=CARTESIAN_POINT('Ctrl Pts',(-94.1563513358052,129.672524227657,39.1628606130214));
#12035=CARTESIAN_POINT('Ctrl Pts',(-94.1456373989628,129.66769527861,39.1706827012205));
#12036=CARTESIAN_POINT('Ctrl Pts',(-94.1349943319921,129.66289827204,39.178533583542));
#12037=CARTESIAN_POINT('Ctrl Pts',(-94.1244226943384,129.658133459769,39.1864130525966));
#12038=CARTESIAN_POINT('Ctrl Pts',(-94.1139230406638,129.653401091937,39.1943208992005));
#12039=CARTESIAN_POINT('Ctrl Pts',(-94.1034959201695,129.648701416012,39.2022569125462));
#12040=CARTESIAN_POINT('Ctrl Pts',(-94.0931418767846,129.644034677179,39.2102208802299));
#12041=CARTESIAN_POINT('Ctrl Pts',(-94.0828614489708,129.639401118118,39.2182125883454));
#12042=CARTESIAN_POINT('Ctrl Pts',(-94.0726551697022,129.634800979053,39.2262318215515));
#12043=CARTESIAN_POINT('Ctrl Pts',(-94.0625235663701,129.630234497685,39.2342783631539));
#12044=CARTESIAN_POINT('Ctrl Pts',(-94.0524671607243,129.625701909175,39.2423519951835));
#12045=CARTESIAN_POINT('Ctrl Pts',(-94.0424864688024,129.621203446109,39.2504524984793));
#12046=CARTESIAN_POINT('Ctrl Pts',(-94.0325820008679,129.61673933847,39.2585796527719));
#12047=CARTESIAN_POINT('Ctrl Pts',(-94.0227542613483,129.612309813611,39.2667332367705));
#12048=CARTESIAN_POINT('Ctrl Pts',(-94.013003748777,129.607915096228,39.2749130282499));
#12049=CARTESIAN_POINT('Ctrl Pts',(-94.0033309557379,129.603555408336,39.2831188041422));
#12050=CARTESIAN_POINT('Ctrl Pts',(-93.9937363688139,129.599230969245,39.2913503406273));
#12051=CARTESIAN_POINT('Ctrl Pts',(-93.9842204685358,129.594941995539,39.2996074132299));
#12052=CARTESIAN_POINT('Ctrl Pts',(-93.974783729341,129.590688701052,39.3078897969109));
#12053=CARTESIAN_POINT('Ctrl Pts',(-93.9654266195211,129.586471296852,39.3161972661768));
#12054=CARTESIAN_POINT('Ctrl Pts',(-93.9561496012055,129.582289991227,39.3245295951554));
#12055=CARTESIAN_POINT('Ctrl Pts',(-93.9469531302758,129.578144989649,39.3328865577543));
#12056=CARTESIAN_POINT('Ctrl Pts',(-93.9378376564475,129.574036494813,39.3412679276401));
#12057=CARTESIAN_POINT('Ctrl Pts',(-93.9288036229891,129.569964706506,39.3496734786256));
#12058=CARTESIAN_POINT('Ctrl Pts',(-93.9198514672664,129.565929821856,39.3581029841501));
#12059=CARTESIAN_POINT('Ctrl Pts',(-93.9109816194513,129.561932034748,39.3665562187969));
#12060=CARTESIAN_POINT('Ctrl Pts',(-93.9021945053565,129.557971537103,39.3750329552543));
#12061=CARTESIAN_POINT('Ctrl Pts',(-93.8934905400415,129.554048515993,39.3835329714891));
#12062=CARTESIAN_POINT('Ctrl Pts',(-93.884870142105,129.550163160089,39.3920560350524));
#12063=CARTESIAN_POINT('Ctrl Pts',(-93.8763337016599,129.54631564522,39.4006019386078));
#12064=CARTESIAN_POINT('Ctrl Pts',(-93.8678816520607,129.542506166705,39.4091704207438));
#12065=CARTESIAN_POINT('Ctrl Pts',(-93.859514309261,129.538734866951,39.4177613437339));
#12066=CARTESIAN_POINT('Ctrl Pts',(-93.8512322319601,129.535001997771,39.4263742954551));
#12067=CARTESIAN_POINT('Ctrl Pts',(-93.8430354068764,129.531307553179,39.4350094901958));
#12068=CARTESIAN_POINT('Ctrl Pts',(-93.8349252797462,129.527652184793,39.4436655284683));
#12069=CARTESIAN_POINT('Ctrl Pts',(-93.8268935874465,129.524032168285,39.4523515552519));
#12070=CARTESIAN_POINT('Ctrl Pts',(-93.8189425538255,129.520448505981,39.4610656839544));
#12071=CARTESIAN_POINT('Ctrl Pts',(-93.8110723243542,129.516901263446,39.4698081854803));
#12072=CARTESIAN_POINT('Ctrl Pts',(-93.8032838606104,129.51339087408,39.4785784676763));
#12073=CARTESIAN_POINT('Ctrl Pts',(-93.7955777548978,129.509917604843,39.4873763106362));
#12074=CARTESIAN_POINT('Ctrl Pts',(-93.7879547547894,129.506481792679,39.4962013197959));
#12075=CARTESIAN_POINT('Ctrl Pts',(-93.7804155286361,129.503083738824,39.5050531701029));
#12076=CARTESIAN_POINT('Ctrl Pts',(-93.7729607698097,129.499723755792,39.5139314971676));
#12077=CARTESIAN_POINT('Ctrl Pts',(-93.7655911497205,129.496402146198,39.5228359460294));
#12078=CARTESIAN_POINT('Ctrl Pts',(-93.7583073383637,129.493119212021,39.5317661495538));
#12079=CARTESIAN_POINT('Ctrl Pts',(-93.7511099947241,129.489875250275,39.5407217382532));
#12080=CARTESIAN_POINT('Ctrl Pts',(-93.7439997706473,129.486670554759,39.5497023360802));
#12081=CARTESIAN_POINT('Ctrl Pts',(-93.7369773087076,129.48350541509,39.5587075624887));
#12082=CARTESIAN_POINT('Ctrl Pts',(-93.7300432427653,129.48038011696,39.567737031701));
#12083=CARTESIAN_POINT('Ctrl Pts',(-93.7231981973332,129.477294941847,39.5767903532258));
#12084=CARTESIAN_POINT('Ctrl Pts',(-93.7164427874832,129.474250166973,39.5858671318225));
#12085=CARTESIAN_POINT('Ctrl Pts',(-93.709777618522,129.471246065162,39.5949669677171));
#12086=CARTESIAN_POINT('Ctrl Pts',(-93.70320328578,129.468282904737,39.60408945671));
#12087=CARTESIAN_POINT('Ctrl Pts',(-93.6967203743588,129.465360949414,39.6132341903368));
#12088=CARTESIAN_POINT('Ctrl Pts',(-93.6903294589078,129.462480458196,39.6224007560094));
#12089=CARTESIAN_POINT('Ctrl Pts',(-93.684031103398,129.459641685275,39.6315887371713));
#12090=CARTESIAN_POINT('Ctrl Pts',(-93.6778258609076,129.456844879931,39.640797713451));
#12091=CARTESIAN_POINT('Ctrl Pts',(-93.6717142734128,129.454090286443,39.6500272608205));
#12092=CARTESIAN_POINT('Ctrl Pts',(-93.6656968715877,129.451378143994,39.6592769517569));
#12093=CARTESIAN_POINT('Ctrl Pts',(-93.6597741746105,129.448708686586,39.6685463554074));
#12094=CARTESIAN_POINT('Ctrl Pts',(-93.6539466899785,129.446082142956,39.6778350377571));
#12095=CARTESIAN_POINT('Ctrl Pts',(-93.6482149133311,129.443498736497,39.6871425618013));
#12096=CARTESIAN_POINT('Ctrl Pts',(-93.6425793282804,129.440958685181,39.6964684877199));
#12097=CARTESIAN_POINT('Ctrl Pts',(-93.6370404062511,129.438462201487,39.7058123730569));
#12098=CARTESIAN_POINT('Ctrl Pts',(-93.6315986063278,129.436009492332,39.7151737729017));
#12099=CARTESIAN_POINT('Ctrl Pts',(-93.626254375112,129.433600759006,39.7245522400751));
#12100=CARTESIAN_POINT('Ctrl Pts',(-93.6210081465875,129.431236197114,39.7339473253182));
#12101=CARTESIAN_POINT('Ctrl Pts',(-93.6158603419949,129.428915996515,39.7433585774853));
#12102=CARTESIAN_POINT('Ctrl Pts',(-93.6108113697156,129.426640341273,39.75278554374));
#12103=CARTESIAN_POINT('Ctrl Pts',(-93.6058616251656,129.424409409609,39.7622277697547));
#12104=CARTESIAN_POINT('Ctrl Pts',(-93.6010114906971,129.422223373855,39.7716847999152));
#12105=CARTESIAN_POINT('Ctrl Pts',(-93.596261335514,129.420082400417,39.7811561775233));
#12106=CARTESIAN_POINT('Ctrl Pts',(-93.5916115155897,129.417986649739,39.7906414450182));
#12107=CARTESIAN_POINT('Ctrl Pts',(-93.587062373612,129.415936276276,39.8001401441647));
#12108=CARTESIAN_POINT('Ctrl Pts',(-93.5826142389002,129.413931428457,39.8096518163291));
#12109=CARTESIAN_POINT('Ctrl Pts',(-93.5782674274201,129.411972248693,39.8191760025679));
#12110=CARTESIAN_POINT('Ctrl Pts',(-93.5740222416127,129.410058873299,39.8287122441497));
#12111=CARTESIAN_POINT('Ctrl Pts',(-93.5698789706778,129.408191432623,39.8382600821153));
#12112=CARTESIAN_POINT('Ctrl Pts',(-93.5658378898729,129.406370050726,39.8478190590057));
#12113=CARTESIAN_POINT('Ctrl Pts',(-93.5618992620621,129.404594846092,39.8573887157306));
#12114=CARTESIAN_POINT('Ctrl Pts',(-93.5580633349695,129.402865930365,39.8669685978827));
#12115=CARTESIAN_POINT('Ctrl Pts',(-93.5543303444196,129.401183409839,39.8765582485292));
#12116=CARTESIAN_POINT('Ctrl Pts',(-93.5507005117797,129.399547384287,39.8861572154068));
#12117=CARTESIAN_POINT('Ctrl Pts',(-93.5471740465092,129.397957948118,39.8957650426947));
#12118=CARTESIAN_POINT('Ctrl Pts',(-93.5437511416567,129.39641518834,39.9053812879478));
#12119=CARTESIAN_POINT('Ctrl Pts',(-93.5404319840149,129.394919189144,39.9150054853251));
#12120=CARTESIAN_POINT('Ctrl Pts',(-93.5372167316777,129.393470021787,39.9246372286468));
#12121=CARTESIAN_POINT('Ctrl Pts',(-93.5341055645756,129.392067767364,39.9342759862577));
#12122=CARTESIAN_POINT('Ctrl Pts',(-93.5310985716383,129.39071246596,39.9439215164975));
#12123=CARTESIAN_POINT('Ctrl Pts',(-93.5281960039148,129.389404230725,39.9535729379503));
#12124=CARTESIAN_POINT('Ctrl Pts',(-93.5253977074957,129.388142992289,39.9632308148286));
#12125=CARTESIAN_POINT('Ctrl Pts',(-93.5227044090603,129.38692907818,39.9728924321976));
#12126=CARTESIAN_POINT('Ctrl Pts',(-93.520114458124,129.385761744497,39.9825637695224));
#12127=CARTESIAN_POINT('Ctrl Pts',(-93.5176268581257,129.384640542073,39.9922493820717));
#12128=CARTESIAN_POINT('Ctrl Pts',(-93.5152425193197,129.383565881174,40.0019467618697));
#12129=CARTESIAN_POINT('Ctrl Pts',(-93.512961544835,129.382537808283,40.0116563171009));
#12130=CARTESIAN_POINT('Ctrl Pts',(-93.5107843773718,129.381556522932,40.0213771541603));
#12131=CARTESIAN_POINT('Ctrl Pts',(-93.5087112892812,129.380622147874,40.0311089519089));
#12132=CARTESIAN_POINT('Ctrl Pts',(-93.5067426096748,129.379734831445,40.0408511255854));
#12133=CARTESIAN_POINT('Ctrl Pts',(-93.5048786225842,129.378894701663,40.0506032004746));
#12134=CARTESIAN_POINT('Ctrl Pts',(-93.5031196120113,129.378101886531,40.0603646454487));
#12135=CARTESIAN_POINT('Ctrl Pts',(-93.5014658414147,129.377356504796,40.0701349476701));
#12136=CARTESIAN_POINT('Ctrl Pts',(-93.4999175624919,129.376658669902,40.0799135796197));
#12137=CARTESIAN_POINT('Ctrl Pts',(-93.4984750109029,129.376008488064,40.0897000142012));
#12138=CARTESIAN_POINT('Ctrl Pts',(-93.4971384078459,129.37540605898,40.0994937183814));
#12139=CARTESIAN_POINT('Ctrl Pts',(-93.4959079590418,129.374851475371,40.1092941564151));
#12140=CARTESIAN_POINT('Ctrl Pts',(-93.4947838548979,129.374344823058,40.1191007887915));
#12141=CARTESIAN_POINT('Ctrl Pts',(-93.4937662701667,129.373886180805,40.1289130730901));
#12142=CARTESIAN_POINT('Ctrl Pts',(-93.4928553638517,129.373475620276,40.1387304639889));
#12143=CARTESIAN_POINT('Ctrl Pts',(-93.4920512790261,129.373113205957,40.1485524136429));
#12144=CARTESIAN_POINT('Ctrl Pts',(-93.491354142708,129.372798995098,40.1583783719174));
#12145=CARTESIAN_POINT('Ctrl Pts',(-93.490764065744,129.372533037659,40.168207786643));
#12146=CARTESIAN_POINT('Ctrl Pts',(-93.4902811426821,129.372315376254,40.1780401039585));
#12147=CARTESIAN_POINT('Ctrl Pts',(-93.4899054517379,129.372146046136,40.1878747683975));
#12148=CARTESIAN_POINT('Ctrl Pts',(-93.4896370545902,129.372025075105,40.1977112235777));
#12149=CARTESIAN_POINT('Ctrl Pts',(-93.4894759966152,129.371952483613,40.2075489115243));
#12150=CARTESIAN_POINT('Ctrl Pts',(-93.4894402029777,129.371936350828,40.2141078205989));
#12151=CARTESIAN_POINT('Ctrl Pts',(-93.4894402029777,129.371936350828,40.217387293959));
#12152=CARTESIAN_POINT('Ctrl Pts',(-98.0985040262355,131.371936350829,38.217387293959));
#12153=CARTESIAN_POINT('Ctrl Pts',(-97.1069734941089,130.809187639272,38.2173872939586));
#12154=CARTESIAN_POINT('Ctrl Pts',(-95.8860800024042,130.301292247509,38.4469286711704));
#12155=CARTESIAN_POINT('Ctrl Pts',(-94.7432392310959,129.933202168039,38.828127076694));
#12156=CARTESIAN_POINT('Ctrl Pts',(-97.0665282998255,131.978030107027,38.2173872939594));
#12157=CARTESIAN_POINT('Ctrl Pts',(-96.2214951620421,131.449338563588,38.042073258478));
#12158=CARTESIAN_POINT('Ctrl Pts',(-95.1435174510029,130.79087616567,38.1168127503933));
#12159=CARTESIAN_POINT('Ctrl Pts',(-94.1078530261916,130.250491410067,38.4995386145294));
#12160=CARTESIAN_POINT('Ctrl Pts',(-95.2800575151883,133.027249347839,37.2127094030867));
#12161=CARTESIAN_POINT('Ctrl Pts',(-94.675451379282,132.271769980886,36.9408295980842));
#12162=CARTESIAN_POINT('Ctrl Pts',(-93.8497368053221,131.296771263554,37.0514494607952));
#12163=CARTESIAN_POINT('Ctrl Pts',(-92.9981271846554,130.506763354481,37.6380043572584));
#12164=CARTESIAN_POINT('Ctrl Pts',(-94.6493792280472,133.397655513629,35.1149851949849));
#12165=CARTESIAN_POINT('Ctrl Pts',(-93.938901587954,132.185146160344,35.0347414737947));
#12166=CARTESIAN_POINT('Ctrl Pts',(-93.0549957436983,131.029316043383,35.5490220727716));
#12167=CARTESIAN_POINT('Ctrl Pts',(-92.2102955477882,130.170491080077,36.5259836337208));
#12168=CARTESIAN_POINT('Ctrl Pts',(-94.6493792280474,133.397655513629,34.217387293959));
#12169=CARTESIAN_POINT('Ctrl Pts',(-93.8276376237099,131.998503352127,34.2173872939578));
#12170=CARTESIAN_POINT('Ctrl Pts',(-92.8515744598481,130.790127021396,34.9060114255933));
#12171=CARTESIAN_POINT('Ctrl Pts',(-91.9637700521127,129.932285745862,36.049606642164));
#12172=CARTESIAN_POINT('',(-94.6493792280474,133.397655513629,34.217387293959));
#12173=CARTESIAN_POINT('Ctrl Pts',(-91.9637700521127,129.932285745862,36.049606642164));
#12174=CARTESIAN_POINT('Ctrl Pts',(-92.8515744598481,130.790127021396,34.9060114255933));
#12175=CARTESIAN_POINT('Ctrl Pts',(-93.8276376237099,131.998503352127,34.2173872939578));
#12176=CARTESIAN_POINT('Ctrl Pts',(-94.6493792280474,133.397655513629,34.217387293959));
#12177=CARTESIAN_POINT('',(-98.0985040262355,131.371936350828,38.217387293959));
#12178=CARTESIAN_POINT('Origin',(-98.0985040262355,131.371936350832,34.217387293959));
#12179=CARTESIAN_POINT('Ctrl Pts',(-98.0985040262355,131.371936350829,38.217387293959));
#12180=CARTESIAN_POINT('Ctrl Pts',(-97.1069734941089,130.809187639272,38.2173872939586));
#12181=CARTESIAN_POINT('Ctrl Pts',(-95.8860800024042,130.301292247509,38.4469286711704));
#12182=CARTESIAN_POINT('Ctrl Pts',(-94.7432392310959,129.933202168039,38.828127076694));
#12183=CARTESIAN_POINT('Ctrl Pts',(-94.6493792280475,133.397655513629,34.217387293959));
#12184=CARTESIAN_POINT('Ctrl Pts',(-95.2956398948383,134.498022105829,34.217387293959));
#12185=CARTESIAN_POINT('Ctrl Pts',(-95.8516560371741,135.694686146295,34.217387293959));
#12186=CARTESIAN_POINT('Ctrl Pts',(-97.0646356747033,138.939501040408,34.217387293959));
#12187=CARTESIAN_POINT('Ctrl Pts',(-97.6231872759069,141.07502472634,34.217387293959));
#12188=CARTESIAN_POINT('Ctrl Pts',(-98.0489844884336,143.256765093895,34.217387293959));
#12189=CARTESIAN_POINT('Ctrl Pts',(-94.6493792280475,133.397655513629,34.8157858946428));
#12190=CARTESIAN_POINT('Ctrl Pts',(-95.2956398948383,134.498022105829,34.8157858946428));
#12191=CARTESIAN_POINT('Ctrl Pts',(-95.8516560371741,135.694686146295,34.8157858946428));
#12192=CARTESIAN_POINT('Ctrl Pts',(-97.0646356747033,138.939501040408,34.8157858946428));
#12193=CARTESIAN_POINT('Ctrl Pts',(-97.6231872759069,141.07502472634,34.8157858946428));
#12194=CARTESIAN_POINT('Ctrl Pts',(-98.0489844884336,143.256765093895,34.8157858946428));
#12195=CARTESIAN_POINT('Ctrl Pts',(-94.885507553897,133.258974050203,36.01024429991));
#12196=CARTESIAN_POINT('Ctrl Pts',(-95.540932928672,134.374848980874,36.01024429991));
#12197=CARTESIAN_POINT('Ctrl Pts',(-96.1033739785643,135.585873674869,36.01024429991));
#12198=CARTESIAN_POINT('Ctrl Pts',(-97.3283774671793,138.86213072911,36.01024429991));
#12199=CARTESIAN_POINT('Ctrl Pts',(-97.8900193253526,141.011121976507,36.01024429991));
#12200=CARTESIAN_POINT('Ctrl Pts',(-98.3177551607169,143.204310730044,36.01024429991));
#12201=CARTESIAN_POINT('Ctrl Pts',(-96.0394169890725,132.581266923979,37.6924414625519));
#12202=CARTESIAN_POINT('Ctrl Pts',(-96.7394921536438,133.773261785236,37.6924414625519));
#12203=CARTESIAN_POINT('Ctrl Pts',(-97.3333127122502,135.054423208951,37.6924414625519));
#12204=CARTESIAN_POINT('Ctrl Pts',(-98.6153699663194,138.484026923997,37.6924414625519));
#12205=CARTESIAN_POINT('Ctrl Pts',(-99.1921611665342,140.698487973411,37.6924414625519));
#12206=CARTESIAN_POINT('Ctrl Pts',(-99.631180873326,142.947977292938,37.6924414625519));
#12207=CARTESIAN_POINT('Ctrl Pts',(-97.3245222314282,131.82650666798,38.217387293959));
#12208=CARTESIAN_POINT('Ctrl Pts',(-98.0743673628646,133.103169062611,38.217387293959));
#12209=CARTESIAN_POINT('Ctrl Pts',(-98.7031408385303,134.46245459694,38.217387293959));
#12210=CARTESIAN_POINT('Ctrl Pts',(-100.04928470316,138.062937571975,38.217387293959));
#12211=CARTESIAN_POINT('Ctrl Pts',(-100.642932328709,140.350422128897,38.217387293959));
#12212=CARTESIAN_POINT('Ctrl Pts',(-101.09393888298,142.662499564985,38.217387293959));
#12213=CARTESIAN_POINT('Ctrl Pts',(-98.0985040262355,131.371936350832,38.217387293959));
#12214=CARTESIAN_POINT('Ctrl Pts',(-98.8782956048178,132.699661595526,38.217387293959));
#12215=CARTESIAN_POINT('Ctrl Pts',(-99.5281165092096,134.105990477703,38.217387293959));
#12216=CARTESIAN_POINT('Ctrl Pts',(-100.912500452226,137.809325223388,38.217387293959));
#12217=CARTESIAN_POINT('Ctrl Pts',(-101.516310263722,140.140717722774,38.217387293959));
#12218=CARTESIAN_POINT('Ctrl Pts',(-101.974915811847,142.490564569332,38.217387293959));
#12219=CARTESIAN_POINT('Ctrl Pts',(-101.974915811847,142.490564569332,38.217387293959));
#12220=CARTESIAN_POINT('Ctrl Pts',(-101.516310263722,140.140717722774,38.217387293959));
#12221=CARTESIAN_POINT('Ctrl Pts',(-100.912500452226,137.809325223388,38.217387293959));
#12222=CARTESIAN_POINT('Ctrl Pts',(-99.5281165092096,134.105990477703,38.217387293959));
#12223=CARTESIAN_POINT('Ctrl Pts',(-98.8782956048178,132.699661595526,38.217387293959));
#12224=CARTESIAN_POINT('Ctrl Pts',(-98.0985040262355,131.371936350832,38.217387293959));
#12225=CARTESIAN_POINT('Ctrl Pts',(-94.6493792280475,133.397655513629,34.217387293959));
#12226=CARTESIAN_POINT('Ctrl Pts',(-95.2956398948383,134.498022105829,34.217387293959));
#12227=CARTESIAN_POINT('Ctrl Pts',(-95.8516560371741,135.694686146295,34.217387293959));
#12228=CARTESIAN_POINT('Ctrl Pts',(-97.0646356747033,138.939501040408,34.217387293959));
#12229=CARTESIAN_POINT('Ctrl Pts',(-97.6231872759069,141.07502472634,34.217387293959));
#12230=CARTESIAN_POINT('Ctrl Pts',(-98.0489844884336,143.256765093895,34.217387293959));
#12231=CARTESIAN_POINT('Origin',(-147.499999999998,112.978070743107,33.217387293959));
#12232=CARTESIAN_POINT('Origin',(-147.499999999998,112.978070743107,33.217387293959));
#12233=CARTESIAN_POINT('Origin',(-67.9999999999976,106.871936350828,14.717387293959));
#12234=CARTESIAN_POINT('Origin',(-67.9999999999976,106.871936350828,14.717387293959));
#12235=CARTESIAN_POINT('Origin',(-147.499999999998,156.227428899911,20.217387293959));
#12236=CARTESIAN_POINT('',(-150.189723595734,152.012528310508,20.217387293959));
#12237=CARTESIAN_POINT('',(-145.133285808622,160.631820337595,20.217387293959));
#12238=CARTESIAN_POINT('Origin',(-150.189723595734,152.012528310508,20.217387293959));
#12239=CARTESIAN_POINT('Origin',(-101.999999999998,108.871936350828,14.217387293959));
#12240=CARTESIAN_POINT('Origin',(-101.999999999998,108.871936350828,14.217387293959));
#12241=CARTESIAN_POINT('',(-104.499999999998,108.871936350828,16.217387293959));
#12242=CARTESIAN_POINT('',(-104.499999999998,108.871936350828,14.217387293959));
#12243=CARTESIAN_POINT('Origin',(-101.999999999998,108.871936350828,16.217387293959));
#12244=CARTESIAN_POINT('Origin',(-137.982667178028,112.145412014182,33.217387293959));
#12245=CARTESIAN_POINT('',(-138.418445891766,107.164438523723,33.217387293959));
#12246=CARTESIAN_POINT('',(-137.982667178028,112.145412014182,38.217387293959));
#12247=CARTESIAN_POINT('Origin',(-152.499999999998,108.39641487302,20.217387293959));
#12248=CARTESIAN_POINT('',(-106.586989599676,104.379546954644,31.967387293959));
#12249=CARTESIAN_POINT('Origin',(-106.41267811418,106.371936350828,31.967387293959));
#12250=CARTESIAN_POINT('Origin',(-67.4999999999976,106.371936350828,43.717387293959));
#12251=CARTESIAN_POINT('',(-67.4999999999976,106.871936350828,19.217387293959));
#12252=CARTESIAN_POINT('',(-67.4999999999976,106.871936350828,30.967387293959));
#12253=CARTESIAN_POINT('',(-67.4999999999976,106.371936350828,19.217387293959));
#12254=CARTESIAN_POINT('',(-67.4999999999976,111.621949052042,19.217387293959));
#12255=CARTESIAN_POINT('',(-67.4999999999976,106.371936350828,43.717387293959));
#12256=CARTESIAN_POINT('',(-67.4999999999976,106.371936350828,43.717387293959));
#12257=CARTESIAN_POINT('',(-67.4999999999976,111.621936350828,43.7173872939591));
#12258=CARTESIAN_POINT('',(-67.4999999999976,102.371936350828,33.217387293959));
#12259=CARTESIAN_POINT('Origin',(-67.4999999999976,102.371936350828,35.217387293959));
#12260=CARTESIAN_POINT('',(-67.4999999999976,100.871936350828,33.217387293959));
#12261=CARTESIAN_POINT('',(-67.4999999999976,100.871936350828,33.217387293959));
#12262=CARTESIAN_POINT('',(-67.4999999999976,100.871936350828,26.2173872939461));
#12263=CARTESIAN_POINT('Origin',(-67.4999999999976,100.871936350828,29.7173872939525));
#12264=CARTESIAN_POINT('',(-67.4999999999976,102.371936350828,26.2173872939461));
#12265=CARTESIAN_POINT('',(-67.4999999999976,104.371936350828,26.2173872939461));
#12266=CARTESIAN_POINT('Origin',(-67.4999999999976,102.371936350828,24.2173872939461));
#12267=CARTESIAN_POINT('',(-67.4999999999976,99.3719363508276,29.7173872939525));
#12268=CARTESIAN_POINT('Origin',(-67.4999999999976,100.871936350828,29.7173872939525));
#12269=CARTESIAN_POINT('Origin',(-67.9999999999976,106.871936350828,30.967387293959));
#12270=CARTESIAN_POINT('',(-67.9999999999976,107.371936350828,19.217387293959));
#12271=CARTESIAN_POINT('',(-67.9999999999976,107.371936350828,30.967387293959));
#12272=CARTESIAN_POINT('Origin',(-67.9999999999976,106.871936350828,19.217387293959));
#12273=CARTESIAN_POINT('Origin',(-79.4999999999977,107.371936350828,18.217387293959));
#12274=CARTESIAN_POINT('',(-79.4999999999977,107.371936350828,19.217387293959));
#12275=CARTESIAN_POINT('',(-79.4999999999977,107.371936350828,18.217387293959));
#12276=CARTESIAN_POINT('',(-83.2499999999976,107.371936350828,19.217387293959));
#12277=CARTESIAN_POINT('Origin',(-79.4999999999977,116.871936350828,18.217387293959));
#12278=CARTESIAN_POINT('',(-88.8994406111648,115.493344243951,19.217387293959));
#12279=CARTESIAN_POINT('',(-88.8994406111648,115.493344243951,18.217387293959));
#12280=CARTESIAN_POINT('Origin',(-79.4999999999977,116.871936350828,19.217387293959));
#12281=CARTESIAN_POINT('Origin',(-90.6383062731785,127.349182123319,18.217387293959));
#12282=CARTESIAN_POINT('',(-90.6383062731785,127.349182123319,19.217387293959));
#12283=CARTESIAN_POINT('',(-90.6383062731785,127.349182123319,18.217387293959));
#12284=CARTESIAN_POINT('',(-89.8478440828536,121.959696447117,19.217387293959));
#12285=CARTESIAN_POINT('',(-89.7848144705419,121.529951423398,17.7173872939589));
#12286=CARTESIAN_POINT('',(-89.7848144705419,121.529951423398,15.5173872939589));
#12287=CARTESIAN_POINT('',(-89.7848144705419,121.529951423398,17.9673872939589));
#12288=CARTESIAN_POINT('',(-89.5419412472602,119.874006617902,15.5173872939589));
#12289=CARTESIAN_POINT('',(-90.4222287440504,125.875934240702,15.5173872939589));
#12290=CARTESIAN_POINT('',(-89.5419412472602,119.874006617902,17.7173872939589));
#12291=CARTESIAN_POINT('',(-89.5419412472602,119.874006617902,17.9673872939589));
#12292=CARTESIAN_POINT('',(-90.4222287440504,125.875934240702,17.7173872939589));
#12293=CARTESIAN_POINT('Ctrl Pts',(-91.4726292099822,129.371936304435,19.7174889050187));
#12294=CARTESIAN_POINT('Ctrl Pts',(-91.4726292099822,129.371936304435,14.217387293959));
#12295=CARTESIAN_POINT('Ctrl Pts',(-91.327682385751,129.175946521183,19.7174889050187));
#12296=CARTESIAN_POINT('Ctrl Pts',(-91.327682385751,129.175946521183,14.217387293959));
#12297=CARTESIAN_POINT('Ctrl Pts',(-91.1986556705688,128.968173472376,19.7174889050187));
#12298=CARTESIAN_POINT('Ctrl Pts',(-91.1986556705688,128.968173472376,14.217387293959));
#12299=CARTESIAN_POINT('Ctrl Pts',(-91.0869948993388,128.750565607685,19.7174889050187));
#12300=CARTESIAN_POINT('Ctrl Pts',(-91.0869948993388,128.750565607685,14.217387293959));
#12301=CARTESIAN_POINT('Ctrl Pts',(-90.8615569834271,128.311225426153,19.7174889050187));
#12302=CARTESIAN_POINT('Ctrl Pts',(-90.8615569834271,128.311225426153,14.217387293959));
#12303=CARTESIAN_POINT('Ctrl Pts',(-90.7099645700436,127.837758767797,19.7174889050187));
#12304=CARTESIAN_POINT('Ctrl Pts',(-90.7099645700436,127.837758767797,14.217387293959));
#12305=CARTESIAN_POINT('Ctrl Pts',(-90.6383062731785,127.349182123319,19.7174889050187));
#12306=CARTESIAN_POINT('Ctrl Pts',(-90.6383062731785,127.349182123319,14.217387293959));
#12307=CARTESIAN_POINT('',(-91.4726291481627,129.371936350154,20.217387293959));
#12308=CARTESIAN_POINT('Ctrl Pts',(-90.6383062731785,127.349182123319,19.217387293959));
#12309=CARTESIAN_POINT('Ctrl Pts',(-90.6394191259208,127.356769714462,19.217387293959));
#12310=CARTESIAN_POINT('Ctrl Pts',(-90.6405513756368,127.364354468402,19.217387293959));
#12311=CARTESIAN_POINT('Ctrl Pts',(-90.6417030076892,127.371936285197,19.217387293959));
#12312=CARTESIAN_POINT('Ctrl Pts',(-86.8851694881217,125.025086426083,14.217387293959));
#12313=CARTESIAN_POINT('Ctrl Pts',(-86.8851694881217,125.025086426083,45.417387293959));
#12314=CARTESIAN_POINT('Ctrl Pts',(-88.5780363427838,126.660819532674,14.217387293959));
#12315=CARTESIAN_POINT('Ctrl Pts',(-88.5780363427838,126.660819532674,45.417387293959));
#12316=CARTESIAN_POINT('Ctrl Pts',(-90.2709031974459,128.296552639266,14.217387293959));
#12317=CARTESIAN_POINT('Ctrl Pts',(-90.2709031974459,128.296552639266,45.417387293959));
#12318=CARTESIAN_POINT('Ctrl Pts',(-91.9637700521081,129.932285745858,14.217387293959));
#12319=CARTESIAN_POINT('Ctrl Pts',(-91.9637700521081,129.932285745858,45.417387293959));
#12320=CARTESIAN_POINT('Ctrl Pts',(-93.8431610524938,131.748247864258,14.217387293959));
#12321=CARTESIAN_POINT('Ctrl Pts',(-93.8431610524938,131.748247864258,45.417387293959));
#12322=CARTESIAN_POINT('Ctrl Pts',(-95.2766185982032,134.156416262024,14.217387293959));
#12323=CARTESIAN_POINT('Ctrl Pts',(-95.2766185982032,134.156416262024,45.417387293959));
#12324=CARTESIAN_POINT('Ctrl Pts',(-96.323382127151,136.956590134903,14.217387293959));
#12325=CARTESIAN_POINT('Ctrl Pts',(-96.323382127151,136.956590134903,45.417387293959));
#12326=CARTESIAN_POINT('Ctrl Pts',(-97.2385613100848,139.404765645594,14.217387293959));
#12327=CARTESIAN_POINT('Ctrl Pts',(-97.2385613100848,139.404765645594,45.417387293959));
#12328=CARTESIAN_POINT('Ctrl Pts',(-97.8791221464971,142.116100547495,14.217387293959));
#12329=CARTESIAN_POINT('Ctrl Pts',(-97.8791221464971,142.116100547495,45.417387293959));
#12330=CARTESIAN_POINT('Ctrl Pts',(-98.3132375960848,144.718670293685,14.217387293959));
#12331=CARTESIAN_POINT('Ctrl Pts',(-98.3132375960848,144.718670293685,45.417387293959));
#12332=CARTESIAN_POINT('Ctrl Pts',(-98.3555112731137,144.972105625231,14.217387293959));
#12333=CARTESIAN_POINT('Ctrl Pts',(-98.3555112731137,144.972105625231,45.417387293959));
#12334=CARTESIAN_POINT('Ctrl Pts',(-98.395980604563,145.224183416764,14.217387293959));
#12335=CARTESIAN_POINT('Ctrl Pts',(-98.395980604563,145.224183416764,45.417387293959));
#12336=CARTESIAN_POINT('Ctrl Pts',(-98.4343979960232,145.475032170273,14.217387293959));
#12337=CARTESIAN_POINT('Ctrl Pts',(-98.4343979960232,145.475032170273,45.417387293959));
#12338=CARTESIAN_POINT('',(-91.963770052113,129.932285745862,20.217387293959));
#12339=CARTESIAN_POINT('Ctrl Pts',(-87.248491850507,123.66027093116,14.217387293959));
#12340=CARTESIAN_POINT('Ctrl Pts',(-87.248491850507,123.66027093116,45.417387293959));
#12341=CARTESIAN_POINT('Ctrl Pts',(-88.6565376163922,125.564159404158,14.217387293959));
#12342=CARTESIAN_POINT('Ctrl Pts',(-88.6565376163922,125.564159404158,45.417387293959));
#12343=CARTESIAN_POINT('Ctrl Pts',(-90.0645833822774,127.468047877156,14.217387293959));
#12344=CARTESIAN_POINT('Ctrl Pts',(-90.0645833822774,127.468047877156,45.417387293959));
#12345=CARTESIAN_POINT('Ctrl Pts',(-91.4726291481627,129.371936350154,14.217387293959));
#12346=CARTESIAN_POINT('Ctrl Pts',(-91.4726291481627,129.371936350154,45.417387293959));
#12347=CARTESIAN_POINT('Ctrl Pts',(-91.6203232351657,129.57164084598,14.217387293959));
#12348=CARTESIAN_POINT('Ctrl Pts',(-91.6203232351657,129.57164084598,45.417387293959));
#12349=CARTESIAN_POINT('Ctrl Pts',(-91.7845466988551,129.759111126966,14.217387293959));
#12350=CARTESIAN_POINT('Ctrl Pts',(-91.7845466988551,129.759111126966,45.417387293959));
#12351=CARTESIAN_POINT('Ctrl Pts',(-91.963770052113,129.932285745862,14.217387293959));
#12352=CARTESIAN_POINT('Ctrl Pts',(-91.963770052113,129.932285745862,45.417387293959));
#12353=CARTESIAN_POINT('Ctrl Pts',(-94.2156298874308,132.108145987849,14.217387293959));
#12354=CARTESIAN_POINT('Ctrl Pts',(-94.2156298874308,132.108145987849,45.417387293959));
#12355=CARTESIAN_POINT('Ctrl Pts',(-96.4674897227486,134.284006229835,14.217387293959));
#12356=CARTESIAN_POINT('Ctrl Pts',(-96.4674897227486,134.284006229835,45.417387293959));
#12357=CARTESIAN_POINT('Ctrl Pts',(-98.7193495580664,136.459866471821,14.217387293959));
#12358=CARTESIAN_POINT('Ctrl Pts',(-98.7193495580664,136.459866471821,45.417387293959));
#12359=CARTESIAN_POINT('',(-91.4726291481627,129.371936350154,20.217387293959));
#12360=CARTESIAN_POINT('Origin',(-121.986314573625,132.799682625369,14.217387293959));
#12361=CARTESIAN_POINT('Origin',(-98.4343980643897,145.475032117931,20.217387293959));
#12362=CARTESIAN_POINT('Origin',(-106.994609156079,156.656010409512,20.217387293959));
#12363=CARTESIAN_POINT('Origin',(-130.994609156079,156.656010409512,20.217387293959));
#12364=CARTESIAN_POINT('Origin',(-138.388001945408,144.481302242448,20.217387293959));
#12365=CARTESIAN_POINT('Origin',(-117.499999999998,142.315344087606,20.217387293959));
#12366=CARTESIAN_POINT('Origin',(-117.499999999998,125.315344087606,20.217387293959));
#12367=CARTESIAN_POINT('Origin',(-152.499999999998,120.39641487302,20.217387293959));
#12368=CARTESIAN_POINT('Origin',(-81.4999999999975,107.999654860333,46.7173872939591));
#12369=CARTESIAN_POINT('',(-81.2142857302488,108.409980774774,43.7173872939591));
#12370=CARTESIAN_POINT('',(-81.9999999999975,107.999654860333,43.7173872939591));
#12371=CARTESIAN_POINT('Origin',(-81.4999999999975,107.999654860333,43.7173872939591));
#12372=CARTESIAN_POINT('',(-81.9999999999975,107.999654860333,46.7173872939591));
#12373=CARTESIAN_POINT('',(-81.9999999999975,107.999654860333,46.7173872939591));
#12374=CARTESIAN_POINT('',(-81.2142857302488,108.409980774774,46.7173872939591));
#12375=CARTESIAN_POINT('Origin',(-81.4999999999975,107.999654860333,46.7173872939591));
#12376=CARTESIAN_POINT('',(-81.2142857302488,108.409980774774,46.7173872939591));
#12377=CARTESIAN_POINT('Origin',(-79.4999999999976,116.871936350828,43.717387293959));
#12378=CARTESIAN_POINT('',(-81.2142857302488,113.333891748068,43.717387293959));
#12379=CARTESIAN_POINT('Origin',(-79.5000001117563,110.871936261421,43.7173872939591));
#12380=CARTESIAN_POINT('',(-81.9999999999975,113.744217662509,43.717387293959));
#12381=CARTESIAN_POINT('Origin',(-81.4999999999975,113.744217662509,43.717387293959));
#12382=CARTESIAN_POINT('',(-81.9999999999975,113.871936350828,43.717387293959));
#12383=CARTESIAN_POINT('',(-81.9999999999975,111.621936350828,43.7173872939591));
#12384=CARTESIAN_POINT('',(-85.5000000894045,113.871936350828,43.717387293959));
#12385=CARTESIAN_POINT('',(-80.7499999999975,113.871936350828,43.717387293959));
#12386=CARTESIAN_POINT('Origin',(-85.5000000894045,116.871936462587,43.717387293959));
#12387=CARTESIAN_POINT('',(-80.7499999999975,113.871936350828,43.717387293959));
#12388=CARTESIAN_POINT('',(-104.499999999998,106.371936350828,43.717387293959));
#12389=CARTESIAN_POINT('',(-91.9999999999976,106.371936350828,43.7173872939591));
#12390=CARTESIAN_POINT('',(-104.499999999998,127.371936350828,43.717387293959));
#12391=CARTESIAN_POINT('',(-104.499999999998,122.121936350828,43.7173872939589));
#12392=CARTESIAN_POINT('',(-67.4999999999976,127.371936350828,43.717387293959));
#12393=CARTESIAN_POINT('',(-88.9999999999976,127.371936350828,43.7173872939589));
#12394=CARTESIAN_POINT('',(-67.4999999999976,131.371936350828,43.7173872939589));
#12395=CARTESIAN_POINT('',(-67.4999999999976,123.121936350828,43.7173872939589));
#12396=CARTESIAN_POINT('',(-73.4999999999976,131.371936350828,43.7173872939589));
#12397=CARTESIAN_POINT('',(-81.9999999999975,98.8788821353815,43.7173872939592));
#12398=CARTESIAN_POINT('Origin',(-79.9999999999975,98.8788821353815,43.7173872939592));
#12399=CARTESIAN_POINT('',(-81.9999999999975,115.371936350828,43.717387293959));
#12400=CARTESIAN_POINT('',(-81.9999999999975,106.371936350828,43.717387293959));
#12401=CARTESIAN_POINT('',(-91.9999999999976,106.371936350828,43.7173872939591));
#12402=CARTESIAN_POINT('',(-81.9999999999975,111.621936350828,43.7173872939591));
#12403=CARTESIAN_POINT('',(-63.9999999999976,116.871918589235,43.717387293959));
#12404=CARTESIAN_POINT('Origin',(-62.4999999999976,116.871918589235,43.717387293959));
#12405=CARTESIAN_POINT('',(-76.4999998882388,122.871936440235,43.7173872939589));
#12406=CARTESIAN_POINT('Origin',(-79.4999998882388,122.871936440235,43.7173872939589));
#12407=CARTESIAN_POINT('',(-70.4999999105906,116.871936239069,43.717387293959));
#12408=CARTESIAN_POINT('Origin',(-73.4999999105906,116.871936239069,43.717387293959));
#12409=CARTESIAN_POINT('',(-102.999999999998,108.871936350828,43.717387293959));
#12410=CARTESIAN_POINT('Origin',(-101.999999999998,108.871936350828,43.717387293959));
#12411=CARTESIAN_POINT('',(-102.999999999998,124.871936350828,43.717387293959));
#12412=CARTESIAN_POINT('Origin',(-101.999999999998,124.871936350828,43.717387293959));
#12413=CARTESIAN_POINT('Origin',(-79.5000001117563,110.871936261421,46.7173872939591));
#12414=CARTESIAN_POINT('',(-81.2142857302488,113.333891748068,46.7173872939591));
#12415=CARTESIAN_POINT('Origin',(-79.5000001117563,110.871936261421,46.7173872939591));
#12416=CARTESIAN_POINT('',(-81.2142857302488,113.333891748068,46.717387293959));
#12417=CARTESIAN_POINT('Origin',(-81.4999999999975,113.744217662509,46.717387293959));
#12418=CARTESIAN_POINT('',(-81.9999999999975,113.744217662509,46.717387293959));
#12419=CARTESIAN_POINT('Origin',(-81.4999999999975,113.744217662509,46.717387293959));
#12420=CARTESIAN_POINT('',(-81.9999999999975,113.744217662509,46.717387293959));
#12421=CARTESIAN_POINT('Origin',(-79.4999999999976,116.871936350828,43.717387293959));
#12422=CARTESIAN_POINT('Origin',(-79.4999999999976,116.871936350828,48.717387293959));
#12423=CARTESIAN_POINT('',(-81.9999999999975,113.871936350828,48.717387293959));
#12424=CARTESIAN_POINT('',(-80.7499999999975,113.871936350828,48.717387293959));
#12425=CARTESIAN_POINT('',(-81.9999999999975,98.8788821353815,48.7173872939592));
#12426=CARTESIAN_POINT('',(-81.9999999999975,111.621936350828,48.7173872939591));
#12427=CARTESIAN_POINT('Origin',(-79.9999999999975,98.8788821353815,48.7173872939592));
#12428=CARTESIAN_POINT('',(-63.9999999999976,116.871918589235,48.717387293959));
#12429=CARTESIAN_POINT('Origin',(-62.4999999999976,116.871918589235,48.717387293959));
#12430=CARTESIAN_POINT('',(-84.4999999999976,116.871936350828,48.717387293959));
#12431=CARTESIAN_POINT('Origin',(-85.4999999999976,116.871936350828,48.717387293959));
#12432=CARTESIAN_POINT('',(-72.4999999999976,116.871936350828,48.717387293959));
#12433=CARTESIAN_POINT('Origin',(-73.4999999999976,116.871936350828,48.717387293959));
#12434=CARTESIAN_POINT('',(-78.4999998882388,110.871936261421,48.7173872939591));
#12435=CARTESIAN_POINT('Origin',(-79.4999998882388,110.871936261421,48.7173872939591));
#12436=CARTESIAN_POINT('',(-78.4999998882388,122.871936440235,48.7173872939589));
#12437=CARTESIAN_POINT('Origin',(-79.4999998882388,122.871936440235,48.7173872939589));
#12438=CARTESIAN_POINT('Origin',(-79.9999999999975,98.8788821353815,48.7173872939592));
#12439=CARTESIAN_POINT('',(-81.9999999999975,98.8788821353815,48.7173872939592));
#12440=CARTESIAN_POINT('Origin',(-73.4999999999976,131.371936350828,41.7173872939589));
#12441=CARTESIAN_POINT('',(-67.4999999999976,129.371936350828,41.7173872939589));
#12442=CARTESIAN_POINT('Origin',(-67.4999999999976,131.371936350828,41.7173872939589));
#12443=CARTESIAN_POINT('',(-96.0453921077723,129.371936350828,41.7173872939589));
#12444=CARTESIAN_POINT('',(-73.4999999999976,129.371936350828,41.7173872939589));
#12445=CARTESIAN_POINT('Origin',(-96.0453921077723,131.371936350828,41.7173872939589));
#12446=CARTESIAN_POINT('Origin',(-96.0453921077723,131.371936350828,48.7173872939589));
#12447=CARTESIAN_POINT('',(-96.0453921077723,129.371936350828,45.717387293959));
#12448=CARTESIAN_POINT('',(-96.0453921077723,129.371936350828,48.7173872939589));
#12449=CARTESIAN_POINT('Origin',(-96.0453921077723,131.371936350828,45.7173872939589));
#12450=CARTESIAN_POINT('Ctrl Pts',(-106.797769916402,105.970470520211,37.3140345636058));
#12451=CARTESIAN_POINT('Ctrl Pts',(-106.890945394574,106.128658802303,37.3559897403313));
#12452=CARTESIAN_POINT('Ctrl Pts',(-107.096014984938,106.473677460685,37.4488465745769));
#12453=CARTESIAN_POINT('Ctrl Pts',(-107.48647399192,107.132587453387,37.6275100409123));
#12454=CARTESIAN_POINT('Ctrl Pts',(-108.015145090056,108.014798785935,37.859204115349));
#12455=CARTESIAN_POINT('Ctrl Pts',(-108.715087640016,109.241363536755,38.1437807591699));
#12456=CARTESIAN_POINT('Ctrl Pts',(-109.018707684425,109.935710129124,38.217387293959));
#12457=CARTESIAN_POINT('Ctrl Pts',(-109.177916692632,110.305829115285,38.217387293959));
#12458=CARTESIAN_POINT('Ctrl Pts',(-106.815551755369,106.060117958399,37.4122541587759));
#12459=CARTESIAN_POINT('Ctrl Pts',(-106.907735686651,106.220549707567,37.4450460959606));
#12460=CARTESIAN_POINT('Ctrl Pts',(-107.109954746188,106.570511945069,37.5230044946326));
#12461=CARTESIAN_POINT('Ctrl Pts',(-107.494029246608,107.236381579066,37.6835561095131));
#12462=CARTESIAN_POINT('Ctrl Pts',(-108.013453471559,108.123999633532,37.8973856569738));
#12463=CARTESIAN_POINT('Ctrl Pts',(-108.683994340901,109.330147363719,38.1572292797258));
#12464=CARTESIAN_POINT('Ctrl Pts',(-108.977385915441,109.99641685578,38.217387293959));
#12465=CARTESIAN_POINT('Ctrl Pts',(-109.135340876697,110.344842662686,38.217387293959));
#12466=CARTESIAN_POINT('Ctrl Pts',(-106.850564030986,106.249874255349,37.5951281414952));
#12467=CARTESIAN_POINT('Ctrl Pts',(-106.940437505772,106.414972857377,37.6124115957036));
#12468=CARTESIAN_POINT('Ctrl Pts',(-107.136784406299,106.774951633648,37.6641449923334));
#12469=CARTESIAN_POINT('Ctrl Pts',(-107.50876865187,107.454218562936,37.7910800702388));
#12470=CARTESIAN_POINT('Ctrl Pts',(-108.008574489445,108.349772497793,37.9701172113245));
#12471=CARTESIAN_POINT('Ctrl Pts',(-108.621660861294,109.508801169824,38.1815161149814));
#12472=CARTESIAN_POINT('Ctrl Pts',(-108.897496714908,110.118250034297,38.217387293959));
#12473=CARTESIAN_POINT('Ctrl Pts',(-109.053425482002,110.426401412859,38.217387293959));
#12474=CARTESIAN_POINT('Ctrl Pts',(-106.90075331272,106.57486586969,37.83661201539));
#12475=CARTESIAN_POINT('Ctrl Pts',(-106.98669347129,106.747281813076,37.8366551235272));
#12476=CARTESIAN_POINT('Ctrl Pts',(-107.17433409613,107.122132564759,37.8571537246986));
#12477=CARTESIAN_POINT('Ctrl Pts',(-107.528845068821,107.818195302635,37.9395392339501));
#12478=CARTESIAN_POINT('Ctrl Pts',(-107.99497737968,108.712502850575,38.0681596027135));
#12479=CARTESIAN_POINT('Ctrl Pts',(-108.528657474009,109.780305835577,38.2104422061879));
#12480=CARTESIAN_POINT('Ctrl Pts',(-108.787130403661,110.302238064173,38.217387293959));
#12481=CARTESIAN_POINT('Ctrl Pts',(-108.941104968958,110.558494299124,38.217387293959));
#12482=CARTESIAN_POINT('Ctrl Pts',(-106.948171260122,106.952349931364,38.0499879983417));
#12483=CARTESIAN_POINT('Ctrl Pts',(-107.03001472318,107.131985004169,38.037459006154));
#12484=CARTESIAN_POINT('Ctrl Pts',(-107.209090193572,107.520440106993,38.0332102655551));
#12485=CARTESIAN_POINT('Ctrl Pts',(-107.545340116543,108.226628757908,38.0752955079502));
#12486=CARTESIAN_POINT('Ctrl Pts',(-107.973823196532,109.100447489008,38.1544647461714));
#12487=CARTESIAN_POINT('Ctrl Pts',(-108.437918848437,110.05400046963,38.2319911681357));
#12488=CARTESIAN_POINT('Ctrl Pts',(-108.687505144956,110.487528899128,38.217387293959));
#12489=CARTESIAN_POINT('Ctrl Pts',(-108.840108603395,110.699434564888,38.217387293959));
#12490=CARTESIAN_POINT('Ctrl Pts',(-106.992126854138,107.398772839184,38.2390517320519));
#12491=CARTESIAN_POINT('Ctrl Pts',(-107.069830542074,107.584613825867,38.2174408856208));
#12492=CARTESIAN_POINT('Ctrl Pts',(-107.240184588182,107.983073254973,38.193255259276));
#12493=CARTESIAN_POINT('Ctrl Pts',(-107.556270569707,108.68641021869,38.1974445037535));
#12494=CARTESIAN_POINT('Ctrl Pts',(-107.944805112702,109.512205803518,38.2275730087611));
#12495=CARTESIAN_POINT('Ctrl Pts',(-108.352251166939,110.326376157508,38.2461877438201));
#12496=CARTESIAN_POINT('Ctrl Pts',(-108.599944803282,110.674256851828,38.217387293959));
#12497=CARTESIAN_POINT('Ctrl Pts',(-108.751130118275,110.848254101832,38.217387293959));
#12498=CARTESIAN_POINT('Ctrl Pts',(-107.031356431544,107.93547536727,38.4069305186134));
#12499=CARTESIAN_POINT('Ctrl Pts',(-107.104841507052,108.124482614683,38.3784040607418));
#12500=CARTESIAN_POINT('Ctrl Pts',(-107.265872399703,108.524446778903,38.3367503908335));
#12501=CARTESIAN_POINT('Ctrl Pts',(-107.559696647439,109.200814375818,38.3033768334598));
#12502=CARTESIAN_POINT('Ctrl Pts',(-107.909320615269,109.940802066476,38.2850428364633));
#12503=CARTESIAN_POINT('Ctrl Pts',(-108.275616261068,110.592246821286,38.2532684085253));
#12504=CARTESIAN_POINT('Ctrl Pts',(-108.52574710628,110.862697933059,38.217387293959));
#12505=CARTESIAN_POINT('Ctrl Pts',(-108.6747807092,111.003930666779,38.217387293959));
#12506=CARTESIAN_POINT('Ctrl Pts',(-107.063671569687,108.586156443341,38.554720897003));
#12507=CARTESIAN_POINT('Ctrl Pts',(-107.132770143693,108.770938091569,38.519657759127));
#12508=CARTESIAN_POINT('Ctrl Pts',(-107.283705944033,109.153657663324,38.4599867160616));
#12509=CARTESIAN_POINT('Ctrl Pts',(-107.554842400136,109.762212380143,38.3879251845252));
#12510=CARTESIAN_POINT('Ctrl Pts',(-107.87155841259,110.370723174492,38.3238204027539));
#12511=CARTESIAN_POINT('Ctrl Pts',(-108.212792227077,110.847100015402,38.2541411843861));
#12512=CARTESIAN_POINT('Ctrl Pts',(-108.466092083513,111.053326803743,38.217387293959));
#12513=CARTESIAN_POINT('Ctrl Pts',(-108.61158481912,111.165394918603,38.217387293959));
#12514=CARTESIAN_POINT('Ctrl Pts',(-107.085767337976,109.362898741525,38.6777950538533));
#12515=CARTESIAN_POINT('Ctrl Pts',(-107.150549385919,109.527662651764,38.6345918765708));
#12516=CARTESIAN_POINT('Ctrl Pts',(-107.291794333271,109.857416156817,38.55398714816));
#12517=CARTESIAN_POINT('Ctrl Pts',(-107.544343662853,110.341976635635,38.4437092295401));
#12518=CARTESIAN_POINT('Ctrl Pts',(-107.839186997415,110.779524240156,38.3419094843448));
#12519=CARTESIAN_POINT('Ctrl Pts',(-108.168496883238,111.091413054885,38.2506522210953));
#12520=CARTESIAN_POINT('Ctrl Pts',(-108.421992557398,111.246752475919,38.217387293959));
#12521=CARTESIAN_POINT('Ctrl Pts',(-108.561976540492,111.331537761007,38.217387293959));
#12522=CARTESIAN_POINT('Ctrl Pts',(-107.094154512979,110.226692432966,38.7623052329154));
#12523=CARTESIAN_POINT('Ctrl Pts',(-107.156221099848,110.346554105553,38.7091114749814));
#12524=CARTESIAN_POINT('Ctrl Pts',(-107.292267173533,110.577520405432,38.6067168657939));
#12525=CARTESIAN_POINT('Ctrl Pts',(-107.536561249235,110.892236544652,38.4654157612075));
#12526=CARTESIAN_POINT('Ctrl Pts',(-107.822304510796,111.151679890045,38.3410523050737));
#12527=CARTESIAN_POINT('Ctrl Pts',(-108.146268770402,111.331744528522,38.2450393691022));
#12528=CARTESIAN_POINT('Ctrl Pts',(-108.394330970528,111.443485953681,38.217387293959));
#12529=CARTESIAN_POINT('Ctrl Pts',(-108.52629663228,111.501217955846,38.217387293959));
#12530=CARTESIAN_POINT('Ctrl Pts',(-107.090559703793,111.063194791114,38.7982283169582));
#12531=CARTESIAN_POINT('Ctrl Pts',(-107.154642372697,111.123152608305,38.7357619347516));
#12532=CARTESIAN_POINT('Ctrl Pts',(-107.295294781945,111.236263534739,38.6157986718471));
#12533=CARTESIAN_POINT('Ctrl Pts',(-107.544472076669,111.381108251584,38.4566492636316));
#12534=CARTESIAN_POINT('Ctrl Pts',(-107.829783728883,111.491576853998,38.3270680308072));
#12535=CARTESIAN_POINT('Ctrl Pts',(-108.149804161653,111.583390238887,38.2394705308973));
#12536=CARTESIAN_POINT('Ctrl Pts',(-108.383983547793,111.643595371188,38.217387293959));
#12537=CARTESIAN_POINT('Ctrl Pts',(-108.504790179609,111.673269985028,38.217387293959));
#12538=CARTESIAN_POINT('Ctrl Pts',(-107.085786437624,111.571410444699,38.8031737315859));
#12539=CARTESIAN_POINT('Ctrl Pts',(-107.155620889043,111.593623992951,38.7333392801676));
#12540=CARTESIAN_POINT('Ctrl Pts',(-107.307322890092,111.634820453354,38.6022921797198));
#12541=CARTESIAN_POINT('Ctrl Pts',(-107.568094951643,111.685298123482,38.4385252798216));
#12542=CARTESIAN_POINT('Ctrl Pts',(-107.857727345021,111.725282985761,38.3142865714828));
#12543=CARTESIAN_POINT('Ctrl Pts',(-108.170378570571,111.758423312734,38.235748450907));
#12544=CARTESIAN_POINT('Ctrl Pts',(-108.389321318075,111.778774169463,38.217387293959));
#12545=CARTESIAN_POINT('Ctrl Pts',(-108.499999999998,111.788764642035,38.217387293959));
#12546=CARTESIAN_POINT('Ctrl Pts',(-107.085786437624,111.846511996808,38.8031737315859));
#12547=CARTESIAN_POINT('Ctrl Pts',(-107.159834486594,111.846511996808,38.7291256826166));
#12548=CARTESIAN_POINT('Ctrl Pts',(-107.319585087138,111.846511996808,38.592685830961));
#12549=CARTESIAN_POINT('Ctrl Pts',(-107.588277437601,111.846511996808,38.4280308989661));
#12550=CARTESIAN_POINT('Ctrl Pts',(-107.87941916557,111.846511996808,38.3074360466683));
#12551=CARTESIAN_POINT('Ctrl Pts',(-108.185841967604,111.846511996808,38.233870482573));
#12552=CARTESIAN_POINT('Ctrl Pts',(-108.395280244878,111.846511996808,38.217387293959));
#12553=CARTESIAN_POINT('Ctrl Pts',(-108.499999999998,111.846511996808,38.217387293959));
#12554=CARTESIAN_POINT('',(-108.499999999998,111.846511996808,38.217387293959));
#12555=CARTESIAN_POINT('Origin',(-108.499999999998,111.846511996808,40.217387293959));
#12556=CARTESIAN_POINT('Origin',(-110.589692446247,111.846511996808,38.217387293959));
#12557=CARTESIAN_POINT('Origin',(-104.499999999998,106.371936350828,43.717387293959));
#12558=CARTESIAN_POINT('',(-106.499999999998,106.371936350828,45.717387293959));
#12559=CARTESIAN_POINT('Origin',(-104.499999999998,106.371936350828,45.717387293959));
#12560=CARTESIAN_POINT('',(-106.499999999998,106.371936350828,43.717387293959));
#12561=CARTESIAN_POINT('Origin',(-104.499999999998,127.371936350828,40.217387293959));
#12562=CARTESIAN_POINT('',(-104.499999999998,129.371936350828,40.217387293959));
#12563=CARTESIAN_POINT('',(-106.499999999998,127.371936350828,40.217387293959));
#12564=CARTESIAN_POINT('Origin',(-104.499999999998,127.371936350828,40.217387293959));
#12565=CARTESIAN_POINT('',(-104.499999999998,131.371936350828,38.217387293959));
#12566=CARTESIAN_POINT('Origin',(-104.499999999998,131.371936350828,40.217387293959));
#12567=CARTESIAN_POINT('',(-108.499999999998,127.371936350828,38.217387293959));
#12568=CARTESIAN_POINT('Origin',(-104.499999999998,127.371936350828,38.217387293959));
#12569=CARTESIAN_POINT('Origin',(-108.499999999998,127.371936350828,40.217387293959));
#12570=CARTESIAN_POINT('Origin',(-94.7431572868114,131.371936350828,40.217387293959));
#12571=CARTESIAN_POINT('',(-94.7431572868114,131.371936350828,38.217387293959));
#12572=CARTESIAN_POINT('',(-94.7431572868114,129.371936350828,40.217387293959));
#12573=CARTESIAN_POINT('Origin',(-108.499999999998,131.085809488098,40.217387293959));
#12574=CARTESIAN_POINT('',(-106.499999999998,131.085809488098,40.217387293959));
#12575=CARTESIAN_POINT('',(-108.499999999998,131.085809488098,38.217387293959));
#12576=CARTESIAN_POINT('Origin',(-104.499999999998,127.371936350828,43.717387293959));
#12577=CARTESIAN_POINT('',(-106.499999999998,127.371936350828,45.717387293959));
#12578=CARTESIAN_POINT('',(-104.499999999998,129.371936350828,45.717387293959));
#12579=CARTESIAN_POINT('Origin',(-104.499999999998,127.371936350828,45.717387293959));
#12580=CARTESIAN_POINT('',(-104.499999999998,129.371936350828,43.717387293959));
#12581=CARTESIAN_POINT('',(-106.499999999998,127.371936350828,43.717387293959));
#12582=CARTESIAN_POINT('Origin',(-121.986314573625,132.799682625369,38.217387293959));
#12583=CARTESIAN_POINT('Origin',(-67.4999999999976,129.371936350828,43.717387293959));
#12584=CARTESIAN_POINT('',(-67.4999999999976,129.371936350828,34.217387293959));
#12585=CARTESIAN_POINT('',(-67.4999999999976,129.371936350828,43.717387293959));
#12586=CARTESIAN_POINT('',(-67.9999999999976,129.371936350828,33.717387293959));
#12587=CARTESIAN_POINT('Origin',(-67.9999999999976,129.371936350828,34.217387293959));
#12588=CARTESIAN_POINT('',(-67.4999999999976,129.371936350828,33.717387293959));
#12589=CARTESIAN_POINT('',(-67.4999999999976,129.371936350828,45.717387293959));
#12590=CARTESIAN_POINT('Origin',(-67.9999999999976,128.871936350828,34.217387293959));
#12591=CARTESIAN_POINT('',(-67.4999999999976,127.371936350828,34.217387293959));
#12592=CARTESIAN_POINT('',(-67.9999999999976,127.371936350828,33.717387293959));
#12593=CARTESIAN_POINT('Origin',(-67.9999999999976,127.371936350828,34.217387293959));
#12594=CARTESIAN_POINT('',(-67.9999999999976,128.871936350828,33.717387293959));
#12595=CARTESIAN_POINT('',(-67.4999999999976,128.871936350828,34.217387293959));
#12596=CARTESIAN_POINT('Origin',(-98.4999999999976,127.371936350828,43.717387293959));
#12597=CARTESIAN_POINT('',(-67.4999999999976,127.371936350828,43.717387293959));
#12598=CARTESIAN_POINT('',(-104.499999999998,127.371936350828,19.717387293959));
#12599=CARTESIAN_POINT('',(-104.499999999998,127.371936350828,43.717387293959));
#12600=CARTESIAN_POINT('',(-91.1481695239436,127.371936350828,19.717387293959));
#12601=CARTESIAN_POINT('',(-92.7499999999976,127.371936350828,19.717387293959));
#12602=CARTESIAN_POINT('Ctrl Pts',(-91.1481695239436,127.371936350828,19.717387293959));
#12603=CARTESIAN_POINT('Ctrl Pts',(-91.1217910202878,127.371936350828,19.717387293959));
#12604=CARTESIAN_POINT('Ctrl Pts',(-91.0955297333438,127.371934244581,19.7152512566772));
#12605=CARTESIAN_POINT('Ctrl Pts',(-91.0695989649593,127.371930537265,19.711120652794));
#12606=CARTESIAN_POINT('Ctrl Pts',(-91.0431324435017,127.371926753352,19.7069047069073));
#12607=CARTESIAN_POINT('Ctrl Pts',(-91.0170089617838,127.37192150605,19.7006105475604));
#12608=CARTESIAN_POINT('Ctrl Pts',(-90.9914631559786,127.371918484675,19.6923358998006));
#12609=CARTESIAN_POINT('Ctrl Pts',(-90.978538390723,127.371916956026,19.6881493855571));
#12610=CARTESIAN_POINT('Ctrl Pts',(-90.9657617425503,127.371916027558,19.6834551138136));
#12611=CARTESIAN_POINT('Ctrl Pts',(-90.9531659781946,127.371916205758,19.6782612321562));
#12612=CARTESIAN_POINT('Ctrl Pts',(-90.9283691360418,127.371916556572,19.668036218415));
#12613=CARTESIAN_POINT('Ctrl Pts',(-90.9044573969499,127.371919769098,19.6559544083613));
#12614=CARTESIAN_POINT('Ctrl Pts',(-90.8816583708375,127.371923273354,19.6421263662612));
#12615=CARTESIAN_POINT('Ctrl Pts',(-90.8594549129312,127.37192668607,19.628659547583));
#12616=CARTESIAN_POINT('Ctrl Pts',(-90.8383057283265,127.371930595303,19.6135358395439));
#12617=CARTESIAN_POINT('Ctrl Pts',(-90.8184471784771,127.371929557887,19.5968170021763));
#12618=CARTESIAN_POINT('Ctrl Pts',(-90.8086292517864,127.371929044996,19.588551327146));
#12619=CARTESIAN_POINT('Ctrl Pts',(-90.7991272923874,127.371927255089,19.5798951982772));
#12620=CARTESIAN_POINT('Ctrl Pts',(-90.7899735271324,127.371922993887,19.5708530436894));
#12621=CARTESIAN_POINT('Ctrl Pts',(-90.7896928499504,127.371922863228,19.5705757887677));
#12622=CARTESIAN_POINT('Ctrl Pts',(-90.7894125003635,127.371922730211,19.5702981707667));
#12623=CARTESIAN_POINT('Ctrl Pts',(-90.7891324787774,127.371922594882,19.5700201903618));
#12624=CARTESIAN_POINT('Ctrl Pts',(-90.7705595269893,127.371913618968,19.5515826237101));
#12625=CARTESIAN_POINT('Ctrl Pts',(-90.7535706806352,127.37189410633,19.5316972799574));
#12626=CARTESIAN_POINT('Ctrl Pts',(-90.7382304275815,127.371878097321,19.5106097084015));
#12627=CARTESIAN_POINT('Ctrl Pts',(-90.7226729895599,127.371861861659,19.4892235822171));
#12628=CARTESIAN_POINT('Ctrl Pts',(-90.7088105106834,127.371849338402,19.4665997520165));
#12629=CARTESIAN_POINT('Ctrl Pts',(-90.6967518216862,127.371845604121,19.4429636975745));
#12630=CARTESIAN_POINT('Ctrl Pts',(-90.6911196961637,127.37184385999,19.4319242532781));
#12631=CARTESIAN_POINT('Ctrl Pts',(-90.6858817039422,127.371843888168,19.4206636776368));
#12632=CARTESIAN_POINT('Ctrl Pts',(-90.6810526042241,127.371845392329,19.4092038421381));
#12633=CARTESIAN_POINT('Ctrl Pts',(-90.6707142436454,127.371848612507,19.3846700949653));
#12634=CARTESIAN_POINT('Ctrl Pts',(-90.6623323346123,127.371858634971,19.3594273970772));
#12635=CARTESIAN_POINT('Ctrl Pts',(-90.6559924954619,127.371874333782,19.3337149235076));
#12636=CARTESIAN_POINT('Ctrl Pts',(-90.6497992170499,127.371889669678,19.3085968560453));
#12637=CARTESIAN_POINT('Ctrl Pts',(-90.6455543592763,127.371910484003,19.2830292325575));
#12638=CARTESIAN_POINT('Ctrl Pts',(-90.6433830758978,127.371924265363,19.2572222690517));
#12639=CARTESIAN_POINT('Ctrl Pts',(-90.6422703926126,127.371931327679,19.2439973822321));
#12640=CARTESIAN_POINT('Ctrl Pts',(-90.6417030176581,127.371936350827,19.2307095483573));
#12641=CARTESIAN_POINT('Ctrl Pts',(-90.6417030176581,127.371936350827,19.217387293959));
#12642=CARTESIAN_POINT('',(-69.4999999999976,127.371936350828,33.717387293959));
#12643=CARTESIAN_POINT('Origin',(-67.4999999999976,129.371936350828,43.717387293959));
#12644=CARTESIAN_POINT('Origin',(-67.9999999999976,106.871936350828,19.217387293959));
#12645=CARTESIAN_POINT('',(-67.9999999999976,106.871936350828,19.717387293959));
#12646=CARTESIAN_POINT('Origin',(-67.9999999999976,106.871936350828,19.217387293959));
#12647=CARTESIAN_POINT('Origin',(-67.9999999999976,106.871936350828,19.217387293959));
#12648=CARTESIAN_POINT('Origin',(-83.2499999999976,106.871936350828,19.217387293959));
#12649=CARTESIAN_POINT('',(-79.4999999999977,106.871936350828,19.717387293959));
#12650=CARTESIAN_POINT('Origin',(-79.4999999999977,106.871936350828,19.217387293959));
#12651=CARTESIAN_POINT('',(-83.2499999999976,106.871936350828,19.717387293959));
#12652=CARTESIAN_POINT('Origin',(-79.4999999999977,116.871936350828,19.217387293959));
#12653=CARTESIAN_POINT('',(-89.3941480117525,115.420786764642,19.717387293959));
#12654=CARTESIAN_POINT('Origin',(-89.3941480117525,115.420786764642,19.217387293959));
#12655=CARTESIAN_POINT('Origin',(-79.4999999999977,116.871936350828,19.717387293959));
#12656=CARTESIAN_POINT('Origin',(-90.3425514834413,121.887138967808,19.217387293959));
#12657=CARTESIAN_POINT('',(-91.1330136737662,127.27662464401,19.717387293959));
#12658=CARTESIAN_POINT('Origin',(-91.1330136737662,127.27662464401,19.217387293959));
#12659=CARTESIAN_POINT('',(-90.3425514834413,121.887138967808,19.717387293959));
#12660=CARTESIAN_POINT('Ctrl Pts',(-90.6383062731785,127.349182123319,19.217387293959));
#12661=CARTESIAN_POINT('Ctrl Pts',(-90.6394191259208,127.356769714462,19.217387293959));
#12662=CARTESIAN_POINT('Ctrl Pts',(-90.6405513756368,127.364354468402,19.217387293959));
#12663=CARTESIAN_POINT('Ctrl Pts',(-90.6417030076892,127.371936285197,19.217387293959));
#12664=CARTESIAN_POINT('Ctrl Pts',(-90.6383062731785,127.349182123319,19.3482869878586));
#12665=CARTESIAN_POINT('Ctrl Pts',(-90.6394193860115,127.356771487799,19.3482869878586));
#12666=CARTESIAN_POINT('Ctrl Pts',(-90.6405511064805,127.3643526964,19.3482869878586));
#12667=CARTESIAN_POINT('Ctrl Pts',(-90.6417030076892,127.371936285197,19.3482869878586));
#12668=CARTESIAN_POINT('Ctrl Pts',(-90.7456759199827,127.333434489633,19.6088689590031));
#12669=CARTESIAN_POINT('Ctrl Pts',(-90.7467618474585,127.340838500409,19.6088689590031));
#12670=CARTESIAN_POINT('Ctrl Pts',(-90.7478669729575,127.348241553682,19.6088689590031));
#12671=CARTESIAN_POINT('Ctrl Pts',(-90.7489907412466,127.355639928251,19.6088689590031));
#12672=CARTESIAN_POINT('Ctrl Pts',(-91.0034995791526,127.295620147673,19.717387293959));
#12673=CARTESIAN_POINT('Ctrl Pts',(-91.0045212128546,127.30258579419,19.717387293959));
#12674=CARTESIAN_POINT('Ctrl Pts',(-91.0055604709653,127.30954761267,19.717387293959));
#12675=CARTESIAN_POINT('Ctrl Pts',(-91.0066177044819,127.316507952837,19.717387293959));
#12676=CARTESIAN_POINT('Ctrl Pts',(-91.1330136737662,127.27662464401,19.717387293959));
#12677=CARTESIAN_POINT('Ctrl Pts',(-91.1340028762038,127.28336916947,19.717387293959));
#12678=CARTESIAN_POINT('Ctrl Pts',(-91.1350093198142,127.290111169012,19.717387293959));
#12679=CARTESIAN_POINT('Ctrl Pts',(-91.1360329916548,127.296850554511,19.717387293959));
#12680=CARTESIAN_POINT('',(-91.1360329916548,127.296850554511,19.717387293959));
#12681=CARTESIAN_POINT('Origin',(-91.1360329916548,127.296850554511,19.217387293959));
#12682=CARTESIAN_POINT('Ctrl Pts',(-91.1360329916548,127.296850554511,19.717387293959));
#12683=CARTESIAN_POINT('Ctrl Pts',(-91.1350093198142,127.290111169012,19.717387293959));
#12684=CARTESIAN_POINT('Ctrl Pts',(-91.1340028762038,127.28336916947,19.717387293959));
#12685=CARTESIAN_POINT('Ctrl Pts',(-91.1330136737662,127.27662464401,19.717387293959));
#12686=CARTESIAN_POINT('Origin',(-67.9999999999976,111.621949052042,19.217387293959));
#12687=CARTESIAN_POINT('',(-67.9999999999976,106.371936350828,19.717387293959));
#12688=CARTESIAN_POINT('Origin',(-67.9999999999976,106.371936350828,19.217387293959));
#12689=CARTESIAN_POINT('',(-67.9999999999976,111.621949052042,19.717387293959));
#12690=CARTESIAN_POINT('Ctrl Pts',(-91.1481695239436,127.371936350828,19.717387293959));
#12691=CARTESIAN_POINT('Ctrl Pts',(-91.1438839668301,127.346934146102,19.717387293959));
#12692=CARTESIAN_POINT('Ctrl Pts',(-91.139838356173,127.32190332522,19.717387293959));
#12693=CARTESIAN_POINT('Ctrl Pts',(-91.1360330005161,127.29685061285,19.717387293959));
#12694=CARTESIAN_POINT('Ctrl Pts',(-91.0191514126492,127.394050979946,19.717387293959));
#12695=CARTESIAN_POINT('Ctrl Pts',(-91.0147253481036,127.368229046189,19.717387293959));
#12696=CARTESIAN_POINT('Ctrl Pts',(-91.0105478300858,127.342382093183,19.717387293959));
#12697=CARTESIAN_POINT('Ctrl Pts',(-91.0066177136331,127.316508013085,19.717387293959));
#12698=CARTESIAN_POINT('Ctrl Pts',(-90.7623151196382,127.43807456165,19.60886894647));
#12699=CARTESIAN_POINT('Ctrl Pts',(-90.7576105043414,127.410627545618,19.60886894647));
#12700=CARTESIAN_POINT('Ctrl Pts',(-90.75316821345,127.383142401446,19.60886894647));
#12701=CARTESIAN_POINT('Ctrl Pts',(-90.7489907633662,127.355639990417,19.60886894647));
#12702=CARTESIAN_POINT('Ctrl Pts',(-90.6553566400823,127.456408011758,19.3482869878586));
#12703=CARTESIAN_POINT('Ctrl Pts',(-90.6505342450807,127.428273861657,19.3482869878586));
#12704=CARTESIAN_POINT('Ctrl Pts',(-90.6459850479017,127.400127269555,19.3482869878586));
#12705=CARTESIAN_POINT('Ctrl Pts',(-90.6417030176581,127.371936350827,19.3482869878586));
#12706=CARTESIAN_POINT('Ctrl Pts',(-90.6553566400823,127.456408011758,19.217387293959));
#12707=CARTESIAN_POINT('Ctrl Pts',(-90.6505353719156,127.428280435682,19.217387293959));
#12708=CARTESIAN_POINT('Ctrl Pts',(-90.6459840473509,127.400120682388,19.217387293959));
#12709=CARTESIAN_POINT('Ctrl Pts',(-90.6417030176581,127.371936350827,19.217387293959));
#12710=CARTESIAN_POINT('Ctrl Pts',(-91.1481695239436,127.371936350828,19.717387293959));
#12711=CARTESIAN_POINT('Ctrl Pts',(-91.1438839668301,127.346934146102,19.717387293959));
#12712=CARTESIAN_POINT('Ctrl Pts',(-91.139838356173,127.32190332522,19.717387293959));
#12713=CARTESIAN_POINT('Ctrl Pts',(-91.1360330005161,127.29685061285,19.717387293959));
#12714=CARTESIAN_POINT('Origin',(-121.986314573625,132.799682625369,14.217387293959));
#12715=CARTESIAN_POINT('',(-104.499999999998,124.871936350828,14.217387293959));
#12716=CARTESIAN_POINT('Origin',(-101.999999999998,124.871936350828,14.217387293959));
#12717=CARTESIAN_POINT('Origin',(-86.9999999999976,102.371936350828,24.2173872939461));
#12718=CARTESIAN_POINT('',(-69.4999999999976,102.371936350828,26.2173872939461));
#12719=CARTESIAN_POINT('',(-86.9999999999976,102.371936350828,26.2173872939461));
#12720=CARTESIAN_POINT('Origin',(-71.4999999999976,102.371936350828,24.2173872939461));
#12721=CARTESIAN_POINT('Origin',(-86.9999999999976,102.371936350828,35.217387293959));
#12722=CARTESIAN_POINT('',(-69.4999999999976,102.371936350828,33.217387293959));
#12723=CARTESIAN_POINT('',(-86.9999999999976,102.371936350828,33.217387293959));
#12724=CARTESIAN_POINT('Origin',(-71.4999999999976,102.371936350828,35.217387293959));
#12725=CARTESIAN_POINT('Origin',(-71.4999999999976,102.371936350828,36.7173872939558));
#12726=CARTESIAN_POINT('',(-69.4999999999976,102.371936350828,29.7173872939525));
#12727=CARTESIAN_POINT('',(-69.4999999999976,102.371936350828,36.7173872939558));
#12728=CARTESIAN_POINT('',(-69.4999999999976,102.371936350828,36.7173872939558));
#12729=CARTESIAN_POINT('Origin',(-104.499999999998,106.371936350828,43.717387293959));
#12730=CARTESIAN_POINT('',(-81.9999999999975,106.371936350828,43.717387293959));
#12731=CARTESIAN_POINT('',(-104.499999999998,106.371936350828,19.717387293959));
#12732=CARTESIAN_POINT('',(-95.7499999999976,106.371936350828,19.717387293959));
#12733=CARTESIAN_POINT('',(-104.499999999998,106.371936350828,43.717387293959));
#12734=CARTESIAN_POINT('Origin',(-81.9999999999975,113.871936350828,43.717387293959));
#12735=CARTESIAN_POINT('',(-85.5000000894045,113.871936350828,46.717387293959));
#12736=CARTESIAN_POINT('',(-85.5000000894045,113.871936350828,46.717387293959));
#12737=CARTESIAN_POINT('',(-85.5000000894045,113.871936350828,46.717387293959));
#12738=CARTESIAN_POINT('',(-81.9999999999975,113.871936350828,43.717387293959));
#12739=CARTESIAN_POINT('Origin',(-81.9999999999975,106.371936350828,43.717387293959));
#12740=CARTESIAN_POINT('',(-81.9999999999975,111.621936350828,46.7173872939591));
#12741=CARTESIAN_POINT('Origin',(-82.2638898537055,113.643405279801,17.7173872939589));
#12742=CARTESIAN_POINT('',(-105.053541254251,133.153192286367,15.5173872939589));
#12743=CARTESIAN_POINT('',(-82.2638898537055,113.643405279801,15.5173872939589));
#12744=CARTESIAN_POINT('',(-105.053541254251,133.153192286367,17.7173872939589));
#12745=CARTESIAN_POINT('',(-105.053541254251,133.153192286367,17.7173872939589));
#12746=CARTESIAN_POINT('',(-82.2638898537055,113.643405279801,17.7173872939589));
#12747=CARTESIAN_POINT('Origin',(-93.754875839751,123.882203920922,17.7173872939589));
#12748=CARTESIAN_POINT('',(-104.338182397344,133.988812837721,17.7173872939589));
#12749=CARTESIAN_POINT('Origin',(-104.695861825798,133.571002562044,17.7173872939589));
#12750=CARTESIAN_POINT('',(-104.338182397344,133.988812837721,17.7173872939589));
#12751=CARTESIAN_POINT('Origin',(-104.338182397344,133.988812837721,17.7173872939589));
#12752=CARTESIAN_POINT('',(-104.338182397344,133.988812837721,15.5173872939589));
#12753=CARTESIAN_POINT('',(-104.338182397344,133.988812837721,17.7173872939589));
#12754=CARTESIAN_POINT('',(-104.338182397344,133.988812837721,15.5173872939589));
#12755=CARTESIAN_POINT('Origin',(-104.695861825798,133.571002562044,17.7173872939589));
#12756=CARTESIAN_POINT('Origin',(-104.695861825798,133.571002562044,15.5173872939589));
#12757=CARTESIAN_POINT('Origin',(-93.754875839751,123.882203920922,15.5173872939589));
#12758=CARTESIAN_POINT('Origin',(-67.4999999999976,100.871936350828,29.7173872939525));
#12759=CARTESIAN_POINT('',(-69.4999999999976,99.3719363508276,29.7173872939525));
#12760=CARTESIAN_POINT('Origin',(-69.4999999999976,100.871936350828,29.7173872939525));
#12761=CARTESIAN_POINT('Origin',(-69.4999999999976,100.871936350828,29.7173872939525));
#12762=CARTESIAN_POINT('',(-67.4999999999976,99.3719363508276,29.7173872939525));
#12763=CARTESIAN_POINT('Origin',(-67.4999999999976,104.371936350828,26.2173872939461));
#12764=CARTESIAN_POINT('',(-69.4999999999976,100.871936350828,26.2173872939461));
#12765=CARTESIAN_POINT('',(-67.4999999999976,100.871936350828,26.2173872939461));
#12766=CARTESIAN_POINT('',(-69.4999999999976,104.371936350828,26.2173872939461));
#12767=CARTESIAN_POINT('Origin',(-67.4999999999976,100.871936350828,33.217387293959));
#12768=CARTESIAN_POINT('',(-69.4999999999976,100.871936350828,33.217387293959));
#12769=CARTESIAN_POINT('',(-69.4999999999976,100.871936350828,33.217387293959));
#12770=CARTESIAN_POINT('',(-67.4999999999976,100.871936350828,33.217387293959));
#12771=CARTESIAN_POINT('Origin',(-67.4999999999976,100.871936350828,29.7173872939525));
#12772=CARTESIAN_POINT('Origin',(-69.4999999999976,100.871936350828,29.7173872939525));
#12773=CARTESIAN_POINT('Origin',(-69.4999999999976,100.871936350824,29.7173872939525));
#12774=CARTESIAN_POINT('Origin',(-62.4999999999976,116.871918589235,43.717387293959));
#12775=CARTESIAN_POINT('',(-63.9999999999976,116.871918589235,43.717387293959));
#12776=CARTESIAN_POINT('Origin',(-101.999999999998,124.871936350828,14.217387293959));
#12777=CARTESIAN_POINT('',(-104.499999999998,124.871936350828,16.217387293959));
#12778=CARTESIAN_POINT('',(-104.499999999998,124.871936350828,14.217387293959));
#12779=CARTESIAN_POINT('Origin',(-101.999999999998,124.871936350828,16.217387293959));
#12780=CARTESIAN_POINT('Origin',(-101.999999999998,124.871936350828,16.217387293959));
#12781=CARTESIAN_POINT('',(-102.999999999998,124.871936350828,16.217387293959));
#12782=CARTESIAN_POINT('Origin',(-101.999999999998,124.871936350828,16.217387293959));
#12783=CARTESIAN_POINT('Origin',(-101.999999999998,108.871936350828,16.217387293959));
#12784=CARTESIAN_POINT('',(-102.999999999998,108.871936350828,16.217387293959));
#12785=CARTESIAN_POINT('Origin',(-101.999999999998,108.871936350828,16.217387293959));
#12786=CARTESIAN_POINT('Origin',(-86.9999999999976,116.871961753256,19.717387293959));
#12787=CARTESIAN_POINT('',(-104.499999999998,122.121949052042,19.717387293959));
#12788=CARTESIAN_POINT('',(-102.999999999998,124.871936350828,19.717387293959));
#12789=CARTESIAN_POINT('Origin',(-101.999999999998,124.871936350828,19.717387293959));
#12790=CARTESIAN_POINT('',(-102.999999999998,108.871936350828,19.717387293959));
#12791=CARTESIAN_POINT('Origin',(-101.999999999998,108.871936350828,19.717387293959));
#12792=CARTESIAN_POINT('Origin',(-101.999999999998,124.871936350828,18.217387293959));
#12793=CARTESIAN_POINT('',(-102.999999999998,124.871936350828,18.217387293959));
#12794=CARTESIAN_POINT('Origin',(-101.999999999998,108.871936350828,18.217387293959));
#12795=CARTESIAN_POINT('',(-102.999999999998,108.871936350828,18.217387293959));
#12796=CARTESIAN_POINT('Origin',(-82.9999999999976,128.371936350828,33.717387293959));
#12797=CARTESIAN_POINT('Origin',(-138.967137795865,157.318420469669,20.217387293959));
#12798=CARTESIAN_POINT('Origin',(-104.499999999998,127.371936350828,43.717387293959));
#12799=CARTESIAN_POINT('Origin',(-82.9999999999976,116.871936350828,45.717387293959));
#12800=CARTESIAN_POINT('',(-106.499999999998,129.371936350828,45.717387293959));
#12801=CARTESIAN_POINT('',(-102.999999999998,124.871936350828,45.717387293959));
#12802=CARTESIAN_POINT('Origin',(-101.999999999998,124.871936350828,45.717387293959));
#12803=CARTESIAN_POINT('',(-102.999999999998,108.871936350828,45.717387293959));
#12804=CARTESIAN_POINT('Origin',(-101.999999999998,108.871936350828,45.717387293959));
#12805=CARTESIAN_POINT('Origin',(-101.999999999998,124.871936350828,43.717387293959));
#12806=CARTESIAN_POINT('',(-102.999999999998,124.871936350828,43.717387293959));
#12807=CARTESIAN_POINT('Origin',(-101.999999999998,108.871936350828,43.717387293959));
#12808=CARTESIAN_POINT('',(-102.999999999998,108.871936350828,43.717387293959));
#12809=CARTESIAN_POINT('Origin',(-106.499999999998,129.371936350828,43.717387293959));
#12810=CARTESIAN_POINT('Origin',(-73.4999999105906,116.871936239069,46.717387293959));
#12811=CARTESIAN_POINT('',(-70.4999999105906,116.871936239069,46.717387293959));
#12812=CARTESIAN_POINT('',(-70.4999999105906,116.871936239069,46.717387293959));
#12813=CARTESIAN_POINT('Origin',(-73.4999999105906,116.871936239069,46.717387293959));
#12814=CARTESIAN_POINT('Origin',(-79.4999998882388,122.871936440235,46.7173872939589));
#12815=CARTESIAN_POINT('',(-76.4999998882388,122.871936440235,46.7173872939589));
#12816=CARTESIAN_POINT('',(-76.4999998882388,122.871936440235,46.7173872939589));
#12817=CARTESIAN_POINT('Origin',(-79.4999998882388,122.871936440235,46.7173872939589));
#12818=CARTESIAN_POINT('Origin',(-85.5000000894045,116.871936462587,46.717387293959));
#12819=CARTESIAN_POINT('Origin',(-85.5000000894045,116.871936462587,46.717387293959));
#12820=CARTESIAN_POINT('Origin',(-79.4999999999976,116.871936350828,46.717387293959));
#12821=CARTESIAN_POINT('',(-84.4999999999976,116.871936350828,46.717387293959));
#12822=CARTESIAN_POINT('Origin',(-85.4999999999976,116.871936350828,46.717387293959));
#12823=CARTESIAN_POINT('Origin',(-79.4999999999976,116.871936350828,46.717387293959));
#12824=CARTESIAN_POINT('',(-78.4999998882388,110.871936261421,46.7173872939591));
#12825=CARTESIAN_POINT('Origin',(-79.4999998882388,110.871936261421,46.7173872939591));
#12826=CARTESIAN_POINT('Origin',(-79.4999999999976,116.871936350828,46.717387293959));
#12827=CARTESIAN_POINT('',(-78.4999998882388,122.871936440235,46.7173872939589));
#12828=CARTESIAN_POINT('Origin',(-79.4999998882388,122.871936440235,46.7173872939589));
#12829=CARTESIAN_POINT('Origin',(-79.4999998882388,122.871936440235,48.7173872939589));
#12830=CARTESIAN_POINT('',(-78.4999998882388,122.871936440235,48.7173872939589));
#12831=CARTESIAN_POINT('Origin',(-79.4999998882388,110.871936261421,48.7173872939591));
#12832=CARTESIAN_POINT('',(-78.4999998882388,110.871936261421,48.7173872939591));
#12833=CARTESIAN_POINT('Origin',(-73.4999999999976,116.871936350828,48.717387293959));
#12834=CARTESIAN_POINT('',(-72.4999999999976,116.871936350828,46.717387293959));
#12835=CARTESIAN_POINT('Origin',(-73.4999999999976,116.871936350828,46.717387293959));
#12836=CARTESIAN_POINT('',(-72.4999999999976,116.871936350828,48.717387293959));
#12837=CARTESIAN_POINT('Origin',(-85.4999999999976,116.871936350828,48.717387293959));
#12838=CARTESIAN_POINT('',(-84.4999999999976,116.871936350828,48.717387293959));
#12839=CARTESIAN_POINT('Origin',(-79.4999999999976,116.871936350828,46.717387293959));
#12840=CARTESIAN_POINT('Origin',(-68.9999999999976,107.371936350828,20.717387293959));
#12841=CARTESIAN_POINT('',(-68.9999999999976,107.371936350828,20.217387293959));
#12842=CARTESIAN_POINT('',(-69.4999999999976,107.371936350828,20.717387293959));
#12843=CARTESIAN_POINT('Origin',(-68.9999999999976,107.371936350828,20.717387293959));
#12844=CARTESIAN_POINT('',(-68.9999999999976,106.871936350828,20.717387293959));
#12845=CARTESIAN_POINT('Origin',(-68.9999999999976,107.371936350828,20.717387293959));
#12846=CARTESIAN_POINT('Origin',(-68.9999999999976,107.371936350828,20.717387293959));
#12847=CARTESIAN_POINT('Origin',(-67.4999999999976,107.371936350828,20.717387293959));
#12848=CARTESIAN_POINT('',(-67.4999999999976,107.371936350828,20.217387293959));
#12849=CARTESIAN_POINT('',(-67.4999999999976,106.871936350828,20.717387293959));
#12850=CARTESIAN_POINT('Origin',(-67.4999999999976,107.371936350828,20.717387293959));
#12851=CARTESIAN_POINT('',(-67.4999999999976,106.871936350828,20.717387293959));
#12852=CARTESIAN_POINT('',(-67.4999999999976,107.371936350828,20.217387293959));
#12853=CARTESIAN_POINT('Origin',(-68.9999999999976,107.371936350828,42.717387293959));
#12854=CARTESIAN_POINT('',(-68.9999999999976,106.871936350828,42.717387293959));
#12855=CARTESIAN_POINT('',(-69.4999999999976,107.371936350828,42.717387293959));
#12856=CARTESIAN_POINT('Origin',(-68.9999999999976,107.371936350828,42.717387293959));
#12857=CARTESIAN_POINT('',(-68.9999999999976,107.371936350828,43.217387293959));
#12858=CARTESIAN_POINT('Origin',(-68.9999999999976,107.371936350828,42.717387293959));
#12859=CARTESIAN_POINT('Origin',(-68.9999999999976,107.371936350828,42.717387293959));
#12860=CARTESIAN_POINT('Origin',(-67.4999999999976,107.371936350828,42.717387293959));
#12861=CARTESIAN_POINT('',(-67.4999999999976,106.871936350828,42.717387293959));
#12862=CARTESIAN_POINT('',(-67.4999999999976,107.371936350828,43.217387293959));
#12863=CARTESIAN_POINT('Origin',(-67.4999999999976,107.371936350828,42.717387293959));
#12864=CARTESIAN_POINT('',(-67.4999999999976,107.371936350828,43.217387293959));
#12865=CARTESIAN_POINT('',(-67.4999999999976,106.871936350828,42.717387293959));
#12866=CARTESIAN_POINT('Origin',(-68.9999999999976,126.371936350828,34.2173872939588));
#12867=CARTESIAN_POINT('',(-68.9999999999976,126.871936350828,34.2173872939588));
#12868=CARTESIAN_POINT('',(-69.4999999999976,126.371936350828,34.2173872939588));
#12869=CARTESIAN_POINT('Origin',(-68.9999999999976,126.371936350828,34.2173872939588));
#12870=CARTESIAN_POINT('',(-68.9999999999976,126.371936350828,33.7173872939588));
#12871=CARTESIAN_POINT('Origin',(-68.9999999999976,126.371936350828,34.2173872939588));
#12872=CARTESIAN_POINT('Origin',(-68.9999999999976,126.371936350828,34.2173872939588));
#12873=CARTESIAN_POINT('Origin',(-67.4999999999976,126.371936350828,34.2173872939588));
#12874=CARTESIAN_POINT('',(-67.4999999999976,126.871936350828,34.2173872939588));
#12875=CARTESIAN_POINT('',(-67.4999999999976,126.371936350828,33.7173872939588));
#12876=CARTESIAN_POINT('Origin',(-67.4999999999976,126.371936350828,34.2173872939588));
#12877=CARTESIAN_POINT('',(-67.4999999999976,126.371936350828,33.7173872939588));
#12878=CARTESIAN_POINT('',(-67.4999999999976,126.871936350828,34.2173872939588));
#12879=CARTESIAN_POINT('Origin',(-68.9999999999976,121.871936350828,34.2173872939588));
#12880=CARTESIAN_POINT('',(-68.9999999999976,117.963729539907,33.7173872939588));
#12881=CARTESIAN_POINT('',(-69.4999999999976,117.963729539907,34.2173872939588));
#12882=CARTESIAN_POINT('Origin',(-68.9999999999976,117.963729539907,34.2173872939588));
#12883=CARTESIAN_POINT('',(-69.4999999999976,121.871936350828,34.2173872939588));
#12884=CARTESIAN_POINT('',(-68.9999999999976,121.871936350828,33.7173872939588));
#12885=CARTESIAN_POINT('Origin',(-68.9999999999976,117.963729539907,33.2173872939588));
#12886=CARTESIAN_POINT('',(-68.9999999999976,117.463729539907,33.2173872939588));
#12887=CARTESIAN_POINT('Origin',(-68.9999999999976,117.963729539907,33.2173872939588));
#12888=CARTESIAN_POINT('',(-69.4999999999976,116.963729539907,33.2173872939588));
#12889=CARTESIAN_POINT('Origin',(-68.9999999999976,116.963729539907,33.2173872939588));
#12890=CARTESIAN_POINT('Origin',(-69.4999999999976,117.963729539907,33.2173872939588));
#12891=CARTESIAN_POINT('Origin',(-68.9999999999976,126.371936350828,42.717387293959));
#12892=CARTESIAN_POINT('',(-68.9999999999976,126.371936350828,43.217387293959));
#12893=CARTESIAN_POINT('',(-69.4999999999976,126.371936350828,42.717387293959));
#12894=CARTESIAN_POINT('Origin',(-68.9999999999976,126.371936350828,42.717387293959));
#12895=CARTESIAN_POINT('',(-68.9999999999976,126.871936350828,42.717387293959));
#12896=CARTESIAN_POINT('Origin',(-68.9999999999976,126.371936350828,42.717387293959));
#12897=CARTESIAN_POINT('Origin',(-68.9999999999976,126.371936350828,42.717387293959));
#12898=CARTESIAN_POINT('Origin',(-67.4999999999976,126.371936350828,42.717387293959));
#12899=CARTESIAN_POINT('',(-67.4999999999976,126.371936350828,43.217387293959));
#12900=CARTESIAN_POINT('',(-67.4999999999976,126.871936350828,42.717387293959));
#12901=CARTESIAN_POINT('Origin',(-67.4999999999976,126.371936350828,42.717387293959));
#12902=CARTESIAN_POINT('',(-67.4999999999976,126.871936350828,42.717387293959));
#12903=CARTESIAN_POINT('',(-67.4999999999976,126.371936350828,43.217387293959));
#12904=CARTESIAN_POINT('Origin',(-68.9999999999976,126.371936350828,37.092387293959));
#12905=CARTESIAN_POINT('',(-69.4999999999976,126.371936350828,37.092387293959));
#12906=CARTESIAN_POINT('',(-68.9999999999976,126.871936350828,37.092387293959));
#12907=CARTESIAN_POINT('Origin',(-68.9999999999976,111.871936350828,42.717387293959));
#12908=CARTESIAN_POINT('',(-69.4999999999976,111.871936350828,42.717387293959));
#12909=CARTESIAN_POINT('',(-68.9999999999976,111.871936350828,43.217387293959));
#12910=CARTESIAN_POINT('Origin',(-68.9999999999976,107.371936350828,25.592387293959));
#12911=CARTESIAN_POINT('',(-69.4999999999976,107.371936350828,25.592387293959));
#12912=CARTESIAN_POINT('',(-68.9999999999976,106.871936350828,25.592387293959));
#12913=CARTESIAN_POINT('Origin',(-68.9999999999976,112.371936350828,20.717387293959));
#12914=CARTESIAN_POINT('',(-68.9999999999976,107.871936350828,20.217387293959));
#12915=CARTESIAN_POINT('',(-68.9999999999976,112.371936350828,20.217387293959));
#12916=CARTESIAN_POINT('',(-69.4999999999976,108.371936350828,20.717387293959));
#12917=CARTESIAN_POINT('',(-69.4999999999976,112.371936350828,20.717387293959));
#12918=CARTESIAN_POINT('Origin',(-68.9999999999976,108.371936350828,20.717387293959));
#12919=CARTESIAN_POINT('Origin',(-68.9999999999976,108.371936350828,24.8423872939589));
#12920=CARTESIAN_POINT('',(-68.9999999999976,107.871936350828,19.2173872939589));
#12921=CARTESIAN_POINT('',(-68.9999999999976,107.871936350828,24.8423872939589));
#12922=CARTESIAN_POINT('',(-69.4999999999976,108.371936350828,19.7173872939589));
#12923=CARTESIAN_POINT('',(-69.4999999999976,108.371936350828,24.8423872939589));
#12924=CARTESIAN_POINT('Origin',(-68.9999999999976,108.371936350828,19.2173872939589));
#12925=CARTESIAN_POINT('Origin',(-68.6820461220554,108.371936350828,19.2173872939589));
#12926=CARTESIAN_POINT('',(-73.728184488229,108.371936350828,19.7173872939589));
#12927=CARTESIAN_POINT('',(-68.6820461220554,108.371936350828,19.7173872939589));
#12928=CARTESIAN_POINT('',(-73.728184488229,107.871936350828,19.2173872939589));
#12929=CARTESIAN_POINT('Origin',(-73.728184488229,108.371936350828,19.2173872939589));
#12930=CARTESIAN_POINT('',(-68.6820461220554,107.871936350828,19.2173872939589));
#12931=CARTESIAN_POINT('Origin',(-73.728184488229,109.721128302217,19.2173872939589));
#12932=CARTESIAN_POINT('',(-73.728184488229,108.705092322943,19.7173872939589));
#12933=CARTESIAN_POINT('',(-74.228184488229,108.705092322943,19.2173872939589));
#12934=CARTESIAN_POINT('Origin',(-73.728184488229,108.705092322943,19.2173872939589));
#12935=CARTESIAN_POINT('',(-74.228184488229,108.371936350828,19.2173872939589));
#12936=CARTESIAN_POINT('',(-74.228184488229,109.721128302217,19.2173872939589));
#12937=CARTESIAN_POINT('Origin',(-73.728184488229,108.371936350828,19.2173872939589));
#12938=CARTESIAN_POINT('',(-73.728184488229,109.721128302217,19.7173872939589));
#12939=CARTESIAN_POINT('Origin',(-71.8824753003236,110.039028861361,19.2173872939589));
#12940=CARTESIAN_POINT('',(-74.0210631277718,109.110335586304,19.2173872939589));
#12941=CARTESIAN_POINT('Origin',(-73.728184488229,108.705092322943,19.2173872939589));
#12942=CARTESIAN_POINT('',(-69.4999999999976,111.760898631424,19.7173872939589));
#12943=CARTESIAN_POINT('',(-71.8824753003236,110.039028861361,19.7173872939589));
#12944=CARTESIAN_POINT('',(-69.4999999999976,112.377812032838,19.2173872939589));
#12945=CARTESIAN_POINT('Origin',(-69.4999999999976,111.760898631424,19.2173872939589));
#12946=CARTESIAN_POINT('',(-72.1753539398664,110.444272124722,19.2173872939589));
#12947=CARTESIAN_POINT('Origin',(-73.728184488229,108.705092322943,19.2173872939589));
#12948=CARTESIAN_POINT('Origin',(-73.728184488229,108.705092322943,19.2173872939589));
#12949=CARTESIAN_POINT('Origin',(-73.728184488229,108.371936350828,19.2173872939589));
#12950=CARTESIAN_POINT('Origin',(-73.728184488229,108.371936350828,19.2173872939589));
#12951=CARTESIAN_POINT('Origin',(-67.4999999999976,106.871936350828,43.217387293959));
#12952=CARTESIAN_POINT('',(-67.4999999999976,128.871936350828,43.217387293959));
#12953=CARTESIAN_POINT('',(-67.4999999999976,126.871936350828,43.217387293959));
#12954=CARTESIAN_POINT('',(-67.4999999999976,104.871936350828,43.217387293959));
#12955=CARTESIAN_POINT('',(-67.4999999999976,126.871936350828,43.217387293959));
#12956=CARTESIAN_POINT('',(-65.4999999999976,104.871936350828,43.217387293959));
#12957=CARTESIAN_POINT('',(-67.4999999999976,104.871936350828,43.217387293959));
#12958=CARTESIAN_POINT('',(-65.4999999999976,111.871918589235,43.217387293959));
#12959=CARTESIAN_POINT('',(-65.4999999999976,126.871936350828,43.217387293959));
#12960=CARTESIAN_POINT('',(-63.4999999999976,113.871918589235,43.217387293959));
#12961=CARTESIAN_POINT('Origin',(-63.4999999999976,111.871918589235,43.217387293959));
#12962=CARTESIAN_POINT('',(-62.4999999999976,113.871918589235,43.217387293959));
#12963=CARTESIAN_POINT('',(-65.4999999999976,113.871918589235,43.217387293959));
#12964=CARTESIAN_POINT('',(-62.4999999999976,119.871918589235,43.217387293959));
#12965=CARTESIAN_POINT('Origin',(-62.4999999999976,116.871918589235,43.217387293959));
#12966=CARTESIAN_POINT('',(-63.4999999999976,119.871918589235,43.217387293959));
#12967=CARTESIAN_POINT('',(-62.4999999999976,119.871918589235,43.217387293959));
#12968=CARTESIAN_POINT('',(-65.4999999999976,121.871918589235,43.217387293959));
#12969=CARTESIAN_POINT('Origin',(-63.4999999999976,121.871918589235,43.217387293959));
#12970=CARTESIAN_POINT('',(-65.4999999999976,128.871936350828,43.217387293959));
#12971=CARTESIAN_POINT('',(-65.4999999999976,126.871936350828,43.217387293959));
#12972=CARTESIAN_POINT('',(-67.4999999999976,128.871936350828,43.217387293959));
#12973=CARTESIAN_POINT('',(-63.9999999999976,116.871918589235,43.217387293959));
#12974=CARTESIAN_POINT('Origin',(-62.4999999999976,116.871918589235,43.217387293959));
#12975=CARTESIAN_POINT('Origin',(-67.4999999999976,106.871936350828,20.217387293959));
#12976=CARTESIAN_POINT('',(-67.4999999999976,106.871936350828,20.217387293959));
#12977=CARTESIAN_POINT('Origin',(-67.4999999999976,107.871936350828,20.217387293959));
#12978=CARTESIAN_POINT('',(-67.4999999999976,107.871936350828,20.217387293959));
#12979=CARTESIAN_POINT('',(-67.4999999999976,107.871936350828,20.217387293959));
#12980=CARTESIAN_POINT('',(-67.4999999999976,107.871936350828,20.217387293959));
#12981=CARTESIAN_POINT('Origin',(-67.4999999999976,107.871936350828,18.7173872939589));
#12982=CARTESIAN_POINT('',(-73.728184488229,107.871936350828,10.2173872939589));
#12983=CARTESIAN_POINT('',(-73.728184488229,107.871936350828,18.7173872939589));
#12984=CARTESIAN_POINT('',(-65.4999999999976,107.871936350828,10.2173872939589));
#12985=CARTESIAN_POINT('',(-68.6820461220554,107.871936350828,10.2173872939589));
#12986=CARTESIAN_POINT('',(-65.4999999999976,107.871936350828,13.717387293959));
#12987=CARTESIAN_POINT('',(-65.4999999999976,107.871936350828,18.7173872939589));
#12988=CARTESIAN_POINT('',(-67.4999999999976,107.871936350828,13.717387293959));
#12989=CARTESIAN_POINT('',(-67.4999999999976,107.871936350828,13.717387293959));
#12990=CARTESIAN_POINT('',(-67.4999999999976,107.871936350828,18.7173872939589));
#12991=CARTESIAN_POINT('Origin',(-73.728184488229,108.371936350828,18.7173872939589));
#12992=CARTESIAN_POINT('',(-74.228184488229,108.371936350828,10.2173872939589));
#12993=CARTESIAN_POINT('',(-74.228184488229,108.371936350828,18.7173872939589));
#12994=CARTESIAN_POINT('Origin',(-73.728184488229,108.371936350828,10.2173872939589));
#12995=CARTESIAN_POINT('Origin',(-74.228184488229,107.871936350828,18.7173872939589));
#12996=CARTESIAN_POINT('',(-74.228184488229,108.705092322943,10.2173872939589));
#12997=CARTESIAN_POINT('',(-74.228184488229,108.705092322943,18.7173872939589));
#12998=CARTESIAN_POINT('',(-74.228184488229,109.721128302217,10.2173872939589));
#12999=CARTESIAN_POINT('Origin',(-73.728184488229,108.705092322943,18.7173872939589));
#13000=CARTESIAN_POINT('',(-74.0210631277717,109.110335586304,10.2173872939589));
#13001=CARTESIAN_POINT('',(-74.0210631277718,109.110335586304,18.7173872939589));
#13002=CARTESIAN_POINT('Origin',(-73.728184488229,108.705092322943,10.2173872939589));
#13003=CARTESIAN_POINT('Origin',(-74.228184488229,108.960644208913,18.7173872939589));
#13004=CARTESIAN_POINT('',(-69.4999999999976,112.377812032838,18.7173872939589));
#13005=CARTESIAN_POINT('',(-69.4999999999976,112.377812032838,24.8423872939589));
#13006=CARTESIAN_POINT('',(-65.4999999999976,115.268704156384,18.7173872939589));
#13007=CARTESIAN_POINT('',(-69.9999382787839,112.016495124737,18.7173872939589));
#13008=CARTESIAN_POINT('',(-65.4999999999976,115.268704156384,10.2173872939589));
#13009=CARTESIAN_POINT('',(-65.4999999999976,115.268704156384,18.7173872939589));
#13010=CARTESIAN_POINT('',(-72.1753539398664,110.444272124722,10.2173872939589));
#13011=CARTESIAN_POINT('Origin',(-63.4999999999976,121.871918589235,35.967387293959));
#13012=CARTESIAN_POINT('',(-65.4999999999976,121.871918589235,40.717387293959));
#13013=CARTESIAN_POINT('',(-65.4999999999976,121.871918589235,35.967387293959));
#13014=CARTESIAN_POINT('',(-63.4999999999976,119.871918589235,41.217387293959));
#13015=CARTESIAN_POINT('',(-63.4999999999976,119.871918589235,35.967387293959));
#13016=CARTESIAN_POINT('',(-64.9999999999976,120.549042933703,41.217387293959));
#13017=CARTESIAN_POINT('Origin',(-63.4999999999976,121.871918589235,41.217387293959));
#13018=CARTESIAN_POINT('Ctrl Pts',(-64.9999999999976,120.549042933703,41.217387293959));
#13019=CARTESIAN_POINT('Ctrl Pts',(-65.0787755455368,120.63836600637,41.217387293959));
#13020=CARTESIAN_POINT('Ctrl Pts',(-65.1561357370943,120.742191778252,41.1987797171829));
#13021=CARTESIAN_POINT('Ctrl Pts',(-65.3111167138329,121.006878867899,41.1202880773373));
#13022=CARTESIAN_POINT('Ctrl Pts',(-65.3815750646155,121.169310947751,41.0541009103039));
#13023=CARTESIAN_POINT('Ctrl Pts',(-65.4763501046572,121.517895339116,40.8944625938604));
#13024=CARTESIAN_POINT('Ctrl Pts',(-65.4994513052743,121.692273071054,40.8072090994281));
#13025=CARTESIAN_POINT('Ctrl Pts',(-65.4999967799468,121.867774482521,40.7194593473146));
#13026=CARTESIAN_POINT('Ctrl Pts',(-65.4999999999976,121.869846536881,40.7184233201362));
#13027=CARTESIAN_POINT('Ctrl Pts',(-65.4999999999976,121.871918589235,40.717387293959));
#13028=CARTESIAN_POINT('Origin',(-63.4999999999976,111.871918589235,35.967387293959));
#13029=CARTESIAN_POINT('',(-63.4999999999976,113.871918589235,41.217387293959));
#13030=CARTESIAN_POINT('',(-63.4999999999976,113.871918589235,35.967387293959));
#13031=CARTESIAN_POINT('',(-65.4999999999976,111.871918589235,40.717387293959));
#13032=CARTESIAN_POINT('',(-65.4999999999976,111.871918589235,35.967387293959));
#13033=CARTESIAN_POINT('',(-64.9999999999976,113.194794244767,41.217387293959));
#13034=CARTESIAN_POINT('Ctrl Pts',(-65.4999999999976,111.871918589235,40.717387293959));
#13035=CARTESIAN_POINT('Ctrl Pts',(-65.4999999999976,111.87399064159,40.7184233201366));
#13036=CARTESIAN_POINT('Ctrl Pts',(-65.4999967799468,111.876062695946,40.7194593473145));
#13037=CARTESIAN_POINT('Ctrl Pts',(-65.4994513052742,112.051564107529,40.8072090994457));
#13038=CARTESIAN_POINT('Ctrl Pts',(-65.4763501046581,112.225941839351,40.8944625938587));
#13039=CARTESIAN_POINT('Ctrl Pts',(-65.3815750646158,112.574526230718,41.0541009103036));
#13040=CARTESIAN_POINT('Ctrl Pts',(-65.3111167138331,112.736958310571,41.1202880773372));
#13041=CARTESIAN_POINT('Ctrl Pts',(-65.1561357370942,113.001645400219,41.198779717183));
#13042=CARTESIAN_POINT('Ctrl Pts',(-65.0787755455367,113.1054711721,41.217387293959));
#13043=CARTESIAN_POINT('Ctrl Pts',(-64.9999999999975,113.194794244767,41.217387293959));
#13044=CARTESIAN_POINT('Origin',(-63.4999999999976,111.871918589235,41.217387293959));
#13045=CARTESIAN_POINT('Origin',(-64.9999999999976,116.871927470031,40.717387293959));
#13046=CARTESIAN_POINT('',(-64.9999999999976,116.871927470031,41.217387293959));
#13047=CARTESIAN_POINT('',(-65.4999999999976,116.871927470031,40.717387293959));
#13048=CARTESIAN_POINT('Origin',(-65.4999999999976,119.871918589235,43.217387293959));
#13049=CARTESIAN_POINT('',(-62.4999999999976,119.871918589235,41.217387293959));
#13050=CARTESIAN_POINT('',(-62.4999999999976,119.871918589235,43.217387293959));
#13051=CARTESIAN_POINT('',(-62.4999999999976,119.871918589235,41.217387293959));
#13052=CARTESIAN_POINT('Origin',(-65.4999999999976,116.871936350828,28.717387293959));
#13053=CARTESIAN_POINT('',(-65.4999999999976,104.371936350828,42.717387293959));
#13054=CARTESIAN_POINT('Origin',(-65.4999999999976,104.871936350828,42.717387293959));
#13055=CARTESIAN_POINT('',(-65.4999999999976,104.371936350828,35.217387293959));
#13056=CARTESIAN_POINT('',(-65.4999999999976,104.371936350828,43.717387293959));
#13057=CARTESIAN_POINT('',(-65.4999999999976,102.371936350828,33.217387293959));
#13058=CARTESIAN_POINT('Origin',(-65.4999999999976,102.371936350828,35.217387293959));
#13059=CARTESIAN_POINT('',(-65.4999999999976,100.871936350828,33.217387293959));
#13060=CARTESIAN_POINT('',(-65.4999999999976,100.871936350828,33.217387293959));
#13061=CARTESIAN_POINT('',(-65.4999999999976,100.871936350828,26.2173872939461));
#13062=CARTESIAN_POINT('Origin',(-65.4999999999976,100.871936350828,29.7173872939525));
#13063=CARTESIAN_POINT('',(-65.4999999999976,102.371936350828,26.2173872939461));
#13064=CARTESIAN_POINT('',(-65.4999999999976,104.371936350828,26.2173872939461));
#13065=CARTESIAN_POINT('',(-65.4999999999976,104.371936350828,24.2173872939461));
#13066=CARTESIAN_POINT('Origin',(-65.4999999999976,102.371936350828,24.2173872939461));
#13067=CARTESIAN_POINT('',(-65.4999999999976,104.371936350828,14.717387293959));
#13068=CARTESIAN_POINT('',(-65.4999999999976,104.371936350828,43.717387293959));
#13069=CARTESIAN_POINT('',(-65.4999999999976,104.871936350828,14.217387293959));
#13070=CARTESIAN_POINT('Origin',(-65.4999999999976,104.871936350828,14.717387293959));
#13071=CARTESIAN_POINT('',(-65.4999999999976,107.371936350828,14.217387293959));
#13072=CARTESIAN_POINT('',(-65.4999999999976,104.371936350828,14.217387293959));
#13073=CARTESIAN_POINT('Origin',(-65.4999999999976,107.371936350828,13.717387293959));
#13074=CARTESIAN_POINT('',(-65.4999999999976,108.371936350828,9.7173872939589));
#13075=CARTESIAN_POINT('Origin',(-65.4999999999976,108.371936350828,10.2173872939589));
#13076=CARTESIAN_POINT('',(-65.4999999999976,114.65179075497,9.7173872939589));
#13077=CARTESIAN_POINT('',(-65.4999999999976,117.463729539907,9.7173872939589));
#13078=CARTESIAN_POINT('Origin',(-65.4999999999976,114.65179075497,10.2173872939589));
#13079=CARTESIAN_POINT('',(-65.4999999999976,116.963729539907,18.7173872939589));
#13080=CARTESIAN_POINT('',(-65.4999999999976,107.871936350828,18.7173872939589));
#13081=CARTESIAN_POINT('',(-65.4999999999976,117.463729539907,19.2173872939589));
#13082=CARTESIAN_POINT('Origin',(-65.4999999999976,116.963729539907,19.2173872939589));
#13083=CARTESIAN_POINT('',(-65.4999999999976,117.463729539907,33.2173872939588));
#13084=CARTESIAN_POINT('',(-65.4999999999976,117.463729539907,21.717387293959));
#13085=CARTESIAN_POINT('',(-65.4999999999976,117.963729539907,33.7173872939558));
#13086=CARTESIAN_POINT('Origin',(-65.4999999999976,117.963729539907,33.2173872939588));
#13087=CARTESIAN_POINT('',(-65.4999999999976,128.871936350828,33.7173872939595));
#13088=CARTESIAN_POINT('',(-65.4999999999976,126.871936350828,33.7173872939588));
#13089=CARTESIAN_POINT('',(-65.4999999999976,129.371936350828,34.2173872939588));
#13090=CARTESIAN_POINT('Origin',(-65.4999999999976,128.871936350828,34.2173872939588));
#13091=CARTESIAN_POINT('',(-65.4999999999976,129.371936350828,42.717387293959));
#13092=CARTESIAN_POINT('',(-65.4999999999976,129.371936350828,33.717387293959));
#13093=CARTESIAN_POINT('Origin',(-65.4999999999976,128.871936350828,42.717387293959));
#13094=CARTESIAN_POINT('',(-65.4999999999976,99.3719363508276,29.7173872939525));
#13095=CARTESIAN_POINT('Origin',(-65.4999999999976,100.871936350828,29.7173872939525));
#13096=CARTESIAN_POINT('Origin',(-66.4999999999976,102.371936350828,24.2173872939461));
#13097=CARTESIAN_POINT('',(-67.4999999999976,102.371936350828,26.2173872939461));
#13098=CARTESIAN_POINT('',(-66.4999999999976,102.371936350828,26.2173872939461));
#13099=CARTESIAN_POINT('',(-67.4999999999976,104.371936350828,24.2173872939461));
#13100=CARTESIAN_POINT('Origin',(-67.4999999999976,102.371936350828,24.2173872939461));
#13101=CARTESIAN_POINT('',(-66.4999999999976,104.371936350828,24.2173872939461));
#13102=CARTESIAN_POINT('Origin',(-65.4999999999976,104.371936350828,26.2173872939461));
#13103=CARTESIAN_POINT('',(-67.4999999999976,100.871936350828,26.2173872939461));
#13104=CARTESIAN_POINT('',(-65.4999999999976,100.871936350828,26.2173872939461));
#13105=CARTESIAN_POINT('',(-67.4999999999976,104.371936350828,26.2173872939461));
#13106=CARTESIAN_POINT('Origin',(-66.4999999999976,102.371936350828,35.217387293959));
#13107=CARTESIAN_POINT('',(-67.4999999999976,104.371936350828,35.217387293959));
#13108=CARTESIAN_POINT('',(-67.4999999999976,102.371936350828,33.217387293959));
#13109=CARTESIAN_POINT('Origin',(-67.4999999999976,102.371936350828,35.217387293959));
#13110=CARTESIAN_POINT('',(-66.4999999999976,102.371936350828,33.217387293959));
#13111=CARTESIAN_POINT('',(-66.4999999999976,104.371936350828,35.217387293959));
#13112=CARTESIAN_POINT('Origin',(-65.4999999999976,100.871936350828,33.217387293959));
#13113=CARTESIAN_POINT('',(-67.4999999999976,100.871936350828,33.217387293959));
#13114=CARTESIAN_POINT('',(-67.4999999999976,100.871936350828,33.217387293959));
#13115=CARTESIAN_POINT('',(-65.4999999999976,100.871936350828,33.217387293959));
#13116=CARTESIAN_POINT('Origin',(-67.4999999999976,117.963729539907,33.2173872939588));
#13117=CARTESIAN_POINT('',(-67.4999999999976,117.463729539907,33.2173872939588));
#13118=CARTESIAN_POINT('',(-67.4999999999976,117.963729539907,33.7173872939588));
#13119=CARTESIAN_POINT('Origin',(-67.4999999999976,126.871936350828,33.7173872939588));
#13120=CARTESIAN_POINT('',(-67.4999999999976,128.871936350828,33.7173872939595));
#13121=CARTESIAN_POINT('',(-67.4999999999976,126.871936350828,33.7173872939588));
#13122=CARTESIAN_POINT('',(-67.4999999999976,128.871936350828,33.7173872939588));
#13123=CARTESIAN_POINT('Origin',(-67.4999999999976,104.871936350828,14.717387293959));
#13124=CARTESIAN_POINT('',(-67.4999999999976,104.371936350828,14.717387293959));
#13125=CARTESIAN_POINT('',(-67.4999999999976,104.371936350828,14.717387293959));
#13126=CARTESIAN_POINT('',(-67.4999999999976,104.871936350828,14.217387293959));
#13127=CARTESIAN_POINT('Origin',(-67.4999999999976,104.871936350828,14.717387293959));
#13128=CARTESIAN_POINT('',(-67.4999999999976,104.871936350828,14.217387293959));
#13129=CARTESIAN_POINT('Origin',(-67.4999999999976,104.371936350828,43.217387293959));
#13130=CARTESIAN_POINT('',(-67.4999999999976,104.371936350828,43.717387293959));
#13131=CARTESIAN_POINT('Origin',(-67.4999999999976,104.871936350828,42.717387293959));
#13132=CARTESIAN_POINT('',(-67.4999999999976,104.371936350828,42.717387293959));
#13133=CARTESIAN_POINT('Origin',(-67.4999999999976,104.871936350828,42.717387293959));
#13134=CARTESIAN_POINT('',(-67.4999999999976,104.371936350828,42.717387293959));
#13135=CARTESIAN_POINT('Origin',(-67.4999999999976,128.871936350828,42.717387293959));
#13136=CARTESIAN_POINT('',(-67.4999999999976,129.371936350828,42.717387293959));
#13137=CARTESIAN_POINT('',(-67.4999999999976,129.371936350828,42.717387293959));
#13138=CARTESIAN_POINT('Origin',(-67.4999999999976,128.871936350828,42.717387293959));
#13139=CARTESIAN_POINT('Origin',(-67.4999999999976,116.871936350828,28.717387293959));
#13140=CARTESIAN_POINT('',(-67.4999999999976,129.371936350828,34.2173872939588));
#13141=CARTESIAN_POINT('',(-67.4999999999976,129.371936350828,33.717387293959));
#13142=CARTESIAN_POINT('Origin',(-67.4999999999976,128.871936350828,34.2173872939588));
#13143=CARTESIAN_POINT('',(-67.4999999999976,126.871936350828,43.217387293959));
#13144=CARTESIAN_POINT('Origin',(-67.4999999999976,129.371936350828,33.717387293959));
#13145=CARTESIAN_POINT('',(-67.4999999999976,129.371936350828,34.2173872939588));
#13146=CARTESIAN_POINT('Origin',(-67.4999999999976,128.871936350828,34.2173872939588));
#13147=CARTESIAN_POINT('Origin',(-67.4999999999976,107.371936350828,13.717387293959));
#13148=CARTESIAN_POINT('',(-67.4999999999976,107.371936350828,14.217387293959));
#13149=CARTESIAN_POINT('Origin',(-67.4999999999976,107.371936350828,13.717387293959));
#13150=CARTESIAN_POINT('',(-67.4999999999976,107.371936350828,14.217387293959));
#13151=CARTESIAN_POINT('Origin',(-67.4999999999976,116.963729539907,19.2173872939589));
#13152=CARTESIAN_POINT('',(-68.9999999999976,117.463729539907,19.2173872939589));
#13153=CARTESIAN_POINT('',(-67.4999999999976,117.463729539907,19.2173872939589));
#13154=CARTESIAN_POINT('',(-69.4999999999976,116.963729539907,18.7173872939589));
#13155=CARTESIAN_POINT('',(-67.4999999999976,116.963729539907,18.7173872939589));
#13156=CARTESIAN_POINT('Origin',(-68.9999999999976,116.963729539907,19.2173872939589));
#13157=CARTESIAN_POINT('Origin',(-68.9999999999976,116.963729539907,32.3423872939589));
#13158=CARTESIAN_POINT('',(-68.9999999999976,117.463729539907,32.3423872939589));
#13159=CARTESIAN_POINT('',(-69.4999999999976,116.963729539907,32.3423872939589));
#13160=CARTESIAN_POINT('Origin',(-67.4999999999976,117.463729539907,33.7173872939588));
#13161=CARTESIAN_POINT('Origin',(-73.728184488229,108.371936350828,10.2173872939589));
#13162=CARTESIAN_POINT('',(-73.728184488229,108.371936350828,9.7173872939589));
#13163=CARTESIAN_POINT('Origin',(-73.728184488229,108.371936350828,10.2173872939589));
#13164=CARTESIAN_POINT('Origin',(-73.728184488229,108.371936350828,10.2173872939589));
#13165=CARTESIAN_POINT('Origin',(-73.728184488229,108.705092322943,10.2173872939589));
#13166=CARTESIAN_POINT('',(-73.728184488229,108.705092322943,9.7173872939589));
#13167=CARTESIAN_POINT('Origin',(-73.728184488229,108.705092322943,10.2173872939589));
#13168=CARTESIAN_POINT('Origin',(-73.728184488229,108.705092322943,10.2173872939589));
#13169=CARTESIAN_POINT('Origin',(-71.8824753003236,110.039028861361,10.2173872939589));
#13170=CARTESIAN_POINT('',(-71.8824753003236,110.039028861361,9.7173872939589));
#13171=CARTESIAN_POINT('Origin',(-73.728184488229,109.721128302217,10.2173872939589));
#13172=CARTESIAN_POINT('',(-73.728184488229,109.721128302217,9.7173872939589));
#13173=CARTESIAN_POINT('Origin',(-68.6820461220554,108.371936350828,10.2173872939589));
#13174=CARTESIAN_POINT('',(-68.6820461220554,108.371936350828,9.7173872939589));
#13175=CARTESIAN_POINT('Origin',(-69.8640922441133,111.570320253606,19.7173872939589));
#13176=CARTESIAN_POINT('',(-69.4999999999976,114.221128302217,19.7173872939589));
#13177=CARTESIAN_POINT('Origin',(-69.8640922441133,111.570320253606,9.7173872939589));
#13178=CARTESIAN_POINT('Origin',(-67.4999999999976,117.463729539907,18.7173872939589));
#13179=CARTESIAN_POINT('',(-69.4999999999976,117.463729539907,18.7173872939589));
#13180=CARTESIAN_POINT('Origin',(-69.4999999999976,116.871936350828,30.967387293959));
#13181=CARTESIAN_POINT('Origin',(-65.4999999999976,100.871936350828,29.7173872939525));
#13182=CARTESIAN_POINT('',(-67.4999999999976,99.3719363508276,29.7173872939525));
#13183=CARTESIAN_POINT('Origin',(-67.4999999999976,100.871936350828,29.7173872939525));
#13184=CARTESIAN_POINT('',(-65.4999999999976,99.3719363508276,29.7173872939525));
#13185=CARTESIAN_POINT('Origin',(-65.4999999999976,100.871936350828,29.7173872939525));
#13186=CARTESIAN_POINT('Origin',(-67.4999999999976,100.871936350828,29.7173872939525));
#13187=CARTESIAN_POINT('Origin',(-67.4999999999976,104.371936350828,43.217387293959));
#13188=CARTESIAN_POINT('',(-67.4999999999976,104.371936350828,43.717387293959));
#13189=CARTESIAN_POINT('Origin',(-62.4999999999976,116.871918589235,43.217387293959));
#13190=CARTESIAN_POINT('',(-63.9999999999976,116.871918589235,41.217387293959));
#13191=CARTESIAN_POINT('Origin',(-62.4999999999976,116.871918589235,41.217387293959));
#13192=CARTESIAN_POINT('',(-63.9999999999976,116.871918589235,43.217387293959));
#13193=CARTESIAN_POINT('Origin',(-62.4999999999976,113.871918589235,43.217387293959));
#13194=CARTESIAN_POINT('',(-62.4999999999976,113.871918589235,41.217387293959));
#13195=CARTESIAN_POINT('',(-65.4999999999976,113.871918589235,41.217387293959));
#13196=CARTESIAN_POINT('',(-62.4999999999976,113.871918589235,43.217387293959));
#13197=CARTESIAN_POINT('Origin',(-62.4999999999976,116.871918589235,43.217387293959));
#13198=CARTESIAN_POINT('Origin',(-62.4999999999976,116.871918589235,41.217387293959));
#13199=CARTESIAN_POINT('Origin',(-62.4999999999975,116.871918589235,41.217387293959));
#13200=CARTESIAN_POINT('Origin',(-67.4999999999976,104.371936350828,14.217387293959));
#13201=CARTESIAN_POINT('',(-67.4999999999976,104.371936350828,14.217387293959));
#13202=CARTESIAN_POINT('Origin',(-67.4999999999976,116.871936350828,28.717387293959));
#13203=CARTESIAN_POINT('Origin',(-67.4999999999976,126.871936350828,43.217387293959));
#13204=UNCERTAINTY_MEASURE_WITH_UNIT(LENGTH_MEASURE(0.01),#13208,
'DISTANCE_ACCURACY_VALUE',
'Maximum model space distance between geometric entities at asserted c
onnectivities');
#13205=UNCERTAINTY_MEASURE_WITH_UNIT(LENGTH_MEASURE(0.01),#13208,
'DISTANCE_ACCURACY_VALUE',
'Maximum model space distance between geometric entities at asserted c
onnectivities');
#13206=(
GEOMETRIC_REPRESENTATION_CONTEXT(3)
GLOBAL_UNCERTAINTY_ASSIGNED_CONTEXT((#13204))
GLOBAL_UNIT_ASSIGNED_CONTEXT((#13208,#13210,#13211))
REPRESENTATION_CONTEXT('','3D')
);
#13207=(
GEOMETRIC_REPRESENTATION_CONTEXT(3)
GLOBAL_UNCERTAINTY_ASSIGNED_CONTEXT((#13205))
GLOBAL_UNIT_ASSIGNED_CONTEXT((#13208,#13210,#13211))
REPRESENTATION_CONTEXT('','3D')
);
#13208=(
LENGTH_UNIT()
NAMED_UNIT(*)
SI_UNIT(.MILLI.,.METRE.)
);
#13209=(
LENGTH_UNIT()
NAMED_UNIT(*)
SI_UNIT($,.METRE.)
);
#13210=(
NAMED_UNIT(*)
PLANE_ANGLE_UNIT()
SI_UNIT($,.RADIAN.)
);
#13211=(
NAMED_UNIT(*)
SI_UNIT($,.STERADIAN.)
SOLID_ANGLE_UNIT()
);
#13212=SHAPE_DEFINITION_REPRESENTATION(#13213,#13214);
#13213=PRODUCT_DEFINITION_SHAPE('',$,#13216);
#13214=SHAPE_REPRESENTATION('',(#4147),#13206);
#13215=PRODUCT_DEFINITION_CONTEXT('part definition',#13220,'design');
#13216=PRODUCT_DEFINITION('L7','L7',#13217,#13215);
#13217=PRODUCT_DEFINITION_FORMATION('',$,#13222);
#13218=PRODUCT_RELATED_PRODUCT_CATEGORY('L7','L7',(#13222));
#13219=APPLICATION_PROTOCOL_DEFINITION('international standard',
'automotive_design',2009,#13220);
#13220=APPLICATION_CONTEXT(
'Core Data for Automotive Mechanical Design Process');
#13221=PRODUCT_CONTEXT('part definition',#13220,'mechanical');
#13222=PRODUCT('L7','L7',$,(#13221));
#13223=PRESENTATION_STYLE_ASSIGNMENT((#13224));
#13224=SURFACE_STYLE_USAGE(.BOTH.,#13225);
#13225=SURFACE_SIDE_STYLE('',(#13226));
#13226=SURFACE_STYLE_FILL_AREA(#13227);
#13227=FILL_AREA_STYLE('Steel - Satin',(#13228));
#13228=FILL_AREA_STYLE_COLOUR('Steel - Satin',#13229);
#13229=COLOUR_RGB('Steel - Satin',0.627450980392157,0.627450980392157,0.627450980392157);
ENDSEC;
END-ISO-10303-21;
